target_id,target_class,label,model,attempted_memberships,represented_memberships,rejected_memberships,coverage_fraction,represented_identity_sha256
Q9NWZ3,Kinase,active,gmolai,17,17,0,1.0,426efc06eb3e50e5dcfcf18b600111bb193aaa1531175abd0b0551321730a1f5
Q9NWZ3,Kinase,active,morgan,17,17,0,1.0,426efc06eb3e50e5dcfcf18b600111bb193aaa1531175abd0b0551321730a1f5
Q9NWZ3,Kinase,active,molai,17,17,0,1.0,426efc06eb3e50e5dcfcf18b600111bb193aaa1531175abd0b0551321730a1f5
Q9NWZ3,Kinase,active,molformer,17,17,0,1.0,426efc06eb3e50e5dcfcf18b600111bb193aaa1531175abd0b0551321730a1f5
Q9NWZ3,Kinase,active,smi_ted,17,17,0,1.0,426efc06eb3e50e5dcfcf18b600111bb193aaa1531175abd0b0551321730a1f5
Q9NWZ3,Kinase,active,molclr_gin,17,17,0,1.0,426efc06eb3e50e5dcfcf18b600111bb193aaa1531175abd0b0551321730a1f5
Q9NWZ3,Kinase,active,kermt_v2,17,17,0,1.0,426efc06eb3e50e5dcfcf18b600111bb193aaa1531175abd0b0551321730a1f5
Q9NWZ3,Kinase,inactive_or_lower_affinity,gmolai,819,819,0,1.0,4e7c5333799690e01421e931e660467b95f5bf2c19b7ee3140ec3d4ff57089c4
Q9NWZ3,Kinase,inactive_or_lower_affinity,morgan,819,819,0,1.0,4e7c5333799690e01421e931e660467b95f5bf2c19b7ee3140ec3d4ff57089c4
Q9NWZ3,Kinase,inactive_or_lower_affinity,molai,819,817,2,0.9975579975579976,c709cc0cffd456724365ba20cb90956bd0aeb9519445373abb124e8bc647afc8
Q9NWZ3,Kinase,inactive_or_lower_affinity,molformer,819,819,0,1.0,4e7c5333799690e01421e931e660467b95f5bf2c19b7ee3140ec3d4ff57089c4
Q9NWZ3,Kinase,inactive_or_lower_affinity,smi_ted,819,819,0,1.0,4e7c5333799690e01421e931e660467b95f5bf2c19b7ee3140ec3d4ff57089c4
Q9NWZ3,Kinase,inactive_or_lower_affinity,molclr_gin,819,819,0,1.0,4e7c5333799690e01421e931e660467b95f5bf2c19b7ee3140ec3d4ff57089c4
Q9NWZ3,Kinase,inactive_or_lower_affinity,kermt_v2,819,819,0,1.0,4e7c5333799690e01421e931e660467b95f5bf2c19b7ee3140ec3d4ff57089c4
P42336,Kinase,active,gmolai,59,59,0,1.0,6cca4c05616bd845d81b9cb75aef0eebcf57d8a7f1f71e5cf53fa04f9b946af6
P42336,Kinase,active,morgan,59,59,0,1.0,6cca4c05616bd845d81b9cb75aef0eebcf57d8a7f1f71e5cf53fa04f9b946af6
P42336,Kinase,active,molai,59,59,0,1.0,6cca4c05616bd845d81b9cb75aef0eebcf57d8a7f1f71e5cf53fa04f9b946af6
P42336,Kinase,active,molformer,59,59,0,1.0,6cca4c05616bd845d81b9cb75aef0eebcf57d8a7f1f71e5cf53fa04f9b946af6
P42336,Kinase,active,smi_ted,59,59,0,1.0,6cca4c05616bd845d81b9cb75aef0eebcf57d8a7f1f71e5cf53fa04f9b946af6
P42336,Kinase,active,molclr_gin,59,59,0,1.0,6cca4c05616bd845d81b9cb75aef0eebcf57d8a7f1f71e5cf53fa04f9b946af6
P42336,Kinase,active,kermt_v2,59,59,0,1.0,6cca4c05616bd845d81b9cb75aef0eebcf57d8a7f1f71e5cf53fa04f9b946af6
P42336,Kinase,inactive_or_lower_affinity,gmolai,2347,2347,0,1.0,15aa852b1a583235d047fde72b6490760b69da869693f75398227d1bee8e869c
P42336,Kinase,inactive_or_lower_affinity,morgan,2347,2347,0,1.0,15aa852b1a583235d047fde72b6490760b69da869693f75398227d1bee8e869c
P42336,Kinase,inactive_or_lower_affinity,molai,2347,2345,2,0.9991478483170004,6e096a9c92e8dbc637b81b73f99d9d56179aa72459b0dab3655d6ef80dbfb35c
P42336,Kinase,inactive_or_lower_affinity,molformer,2347,2347,0,1.0,15aa852b1a583235d047fde72b6490760b69da869693f75398227d1bee8e869c
P42336,Kinase,inactive_or_lower_affinity,smi_ted,2347,2347,0,1.0,15aa852b1a583235d047fde72b6490760b69da869693f75398227d1bee8e869c
P42336,Kinase,inactive_or_lower_affinity,molclr_gin,2347,2347,0,1.0,15aa852b1a583235d047fde72b6490760b69da869693f75398227d1bee8e869c
P42336,Kinase,inactive_or_lower_affinity,kermt_v2,2347,2347,0,1.0,15aa852b1a583235d047fde72b6490760b69da869693f75398227d1bee8e869c
P27986,Kinase,active,gmolai,22,22,0,1.0,26192c5c0d9ac57902d1a3dd8b8798041cc54147b9daa828af6fa231d9eea3f4
P27986,Kinase,active,morgan,22,22,0,1.0,26192c5c0d9ac57902d1a3dd8b8798041cc54147b9daa828af6fa231d9eea3f4
P27986,Kinase,active,molai,22,22,0,1.0,26192c5c0d9ac57902d1a3dd8b8798041cc54147b9daa828af6fa231d9eea3f4
P27986,Kinase,active,molformer,22,22,0,1.0,26192c5c0d9ac57902d1a3dd8b8798041cc54147b9daa828af6fa231d9eea3f4
P27986,Kinase,active,smi_ted,22,22,0,1.0,26192c5c0d9ac57902d1a3dd8b8798041cc54147b9daa828af6fa231d9eea3f4
P27986,Kinase,active,molclr_gin,22,22,0,1.0,26192c5c0d9ac57902d1a3dd8b8798041cc54147b9daa828af6fa231d9eea3f4
P27986,Kinase,active,kermt_v2,22,22,0,1.0,26192c5c0d9ac57902d1a3dd8b8798041cc54147b9daa828af6fa231d9eea3f4
P27986,Kinase,inactive_or_lower_affinity,gmolai,900,900,0,1.0,fd5588d64e36c9976f1562ed2141108ada76a4e76a5c974095139ebaf40e302e
P27986,Kinase,inactive_or_lower_affinity,morgan,900,900,0,1.0,fd5588d64e36c9976f1562ed2141108ada76a4e76a5c974095139ebaf40e302e
P27986,Kinase,inactive_or_lower_affinity,molai,900,900,0,1.0,fd5588d64e36c9976f1562ed2141108ada76a4e76a5c974095139ebaf40e302e
P27986,Kinase,inactive_or_lower_affinity,molformer,900,900,0,1.0,fd5588d64e36c9976f1562ed2141108ada76a4e76a5c974095139ebaf40e302e
P27986,Kinase,inactive_or_lower_affinity,smi_ted,900,900,0,1.0,fd5588d64e36c9976f1562ed2141108ada76a4e76a5c974095139ebaf40e302e
P27986,Kinase,inactive_or_lower_affinity,molclr_gin,900,900,0,1.0,fd5588d64e36c9976f1562ed2141108ada76a4e76a5c974095139ebaf40e302e
P27986,Kinase,inactive_or_lower_affinity,kermt_v2,900,900,0,1.0,fd5588d64e36c9976f1562ed2141108ada76a4e76a5c974095139ebaf40e302e
O60674,Kinase,active,gmolai,56,56,0,1.0,3541675c0e045cc42f79a200931a9c7c17e2d00ec71c3c0255a06cbe8778f0d9
O60674,Kinase,active,morgan,56,56,0,1.0,3541675c0e045cc42f79a200931a9c7c17e2d00ec71c3c0255a06cbe8778f0d9
O60674,Kinase,active,molai,56,56,0,1.0,3541675c0e045cc42f79a200931a9c7c17e2d00ec71c3c0255a06cbe8778f0d9
O60674,Kinase,active,molformer,56,56,0,1.0,3541675c0e045cc42f79a200931a9c7c17e2d00ec71c3c0255a06cbe8778f0d9
O60674,Kinase,active,smi_ted,56,56,0,1.0,3541675c0e045cc42f79a200931a9c7c17e2d00ec71c3c0255a06cbe8778f0d9
O60674,Kinase,active,molclr_gin,56,56,0,1.0,3541675c0e045cc42f79a200931a9c7c17e2d00ec71c3c0255a06cbe8778f0d9
O60674,Kinase,active,kermt_v2,56,56,0,1.0,3541675c0e045cc42f79a200931a9c7c17e2d00ec71c3c0255a06cbe8778f0d9
O60674,Kinase,inactive_or_lower_affinity,gmolai,2265,2265,0,1.0,8617184ee6ba7b8c99883f9a30b2b87955ecf186b4a64c3faf0585b23fa51e90
O60674,Kinase,inactive_or_lower_affinity,morgan,2265,2265,0,1.0,8617184ee6ba7b8c99883f9a30b2b87955ecf186b4a64c3faf0585b23fa51e90
O60674,Kinase,inactive_or_lower_affinity,molai,2265,2257,8,0.996467991169978,608838a0748d41c4a99f3d4d8c10f7d3201fffad97ddec2ac2ca58552122ea84
O60674,Kinase,inactive_or_lower_affinity,molformer,2265,2265,0,1.0,8617184ee6ba7b8c99883f9a30b2b87955ecf186b4a64c3faf0585b23fa51e90
O60674,Kinase,inactive_or_lower_affinity,smi_ted,2265,2265,0,1.0,8617184ee6ba7b8c99883f9a30b2b87955ecf186b4a64c3faf0585b23fa51e90
O60674,Kinase,inactive_or_lower_affinity,molclr_gin,2265,2265,0,1.0,8617184ee6ba7b8c99883f9a30b2b87955ecf186b4a64c3faf0585b23fa51e90
O60674,Kinase,inactive_or_lower_affinity,kermt_v2,2265,2265,0,1.0,8617184ee6ba7b8c99883f9a30b2b87955ecf186b4a64c3faf0585b23fa51e90
P43405,Kinase,active,gmolai,19,19,0,1.0,1f0e08a9013faf3221919e1612190dcf803fa0f9239c81b2187eec65b546270d
P43405,Kinase,active,morgan,19,19,0,1.0,1f0e08a9013faf3221919e1612190dcf803fa0f9239c81b2187eec65b546270d
P43405,Kinase,active,molai,19,19,0,1.0,1f0e08a9013faf3221919e1612190dcf803fa0f9239c81b2187eec65b546270d
P43405,Kinase,active,molformer,19,19,0,1.0,1f0e08a9013faf3221919e1612190dcf803fa0f9239c81b2187eec65b546270d
P43405,Kinase,active,smi_ted,19,19,0,1.0,1f0e08a9013faf3221919e1612190dcf803fa0f9239c81b2187eec65b546270d
P43405,Kinase,active,molclr_gin,19,19,0,1.0,1f0e08a9013faf3221919e1612190dcf803fa0f9239c81b2187eec65b546270d
P43405,Kinase,active,kermt_v2,19,19,0,1.0,1f0e08a9013faf3221919e1612190dcf803fa0f9239c81b2187eec65b546270d
P43405,Kinase,inactive_or_lower_affinity,gmolai,794,794,0,1.0,40572e978a2a9f207ff8ce132044b650645b279d2350b0c250981b9d0c928e86
P43405,Kinase,inactive_or_lower_affinity,morgan,794,794,0,1.0,40572e978a2a9f207ff8ce132044b650645b279d2350b0c250981b9d0c928e86
P43405,Kinase,inactive_or_lower_affinity,molai,794,794,0,1.0,40572e978a2a9f207ff8ce132044b650645b279d2350b0c250981b9d0c928e86
P43405,Kinase,inactive_or_lower_affinity,molformer,794,794,0,1.0,40572e978a2a9f207ff8ce132044b650645b279d2350b0c250981b9d0c928e86
P43405,Kinase,inactive_or_lower_affinity,smi_ted,794,794,0,1.0,40572e978a2a9f207ff8ce132044b650645b279d2350b0c250981b9d0c928e86
P43405,Kinase,inactive_or_lower_affinity,molclr_gin,794,794,0,1.0,40572e978a2a9f207ff8ce132044b650645b279d2350b0c250981b9d0c928e86
P43405,Kinase,inactive_or_lower_affinity,kermt_v2,794,794,0,1.0,40572e978a2a9f207ff8ce132044b650645b279d2350b0c250981b9d0c928e86
P10721,Kinase,active,gmolai,25,25,0,1.0,e6b6b376d6a30e00b03a161f433b043c627effb3085421d1e08f0cec407c5f79
P10721,Kinase,active,morgan,25,25,0,1.0,e6b6b376d6a30e00b03a161f433b043c627effb3085421d1e08f0cec407c5f79
P10721,Kinase,active,molai,25,25,0,1.0,e6b6b376d6a30e00b03a161f433b043c627effb3085421d1e08f0cec407c5f79
P10721,Kinase,active,molformer,25,25,0,1.0,e6b6b376d6a30e00b03a161f433b043c627effb3085421d1e08f0cec407c5f79
P10721,Kinase,active,smi_ted,25,25,0,1.0,e6b6b376d6a30e00b03a161f433b043c627effb3085421d1e08f0cec407c5f79
P10721,Kinase,active,molclr_gin,25,25,0,1.0,e6b6b376d6a30e00b03a161f433b043c627effb3085421d1e08f0cec407c5f79
P10721,Kinase,active,kermt_v2,25,25,0,1.0,e6b6b376d6a30e00b03a161f433b043c627effb3085421d1e08f0cec407c5f79
P10721,Kinase,inactive_or_lower_affinity,gmolai,997,997,0,1.0,93969b9030e6e6ba2fa96cb91034b6bdbcde8f5bded21a092fb8136f1f385cea
P10721,Kinase,inactive_or_lower_affinity,morgan,997,997,0,1.0,93969b9030e6e6ba2fa96cb91034b6bdbcde8f5bded21a092fb8136f1f385cea
P10721,Kinase,inactive_or_lower_affinity,molai,997,997,0,1.0,93969b9030e6e6ba2fa96cb91034b6bdbcde8f5bded21a092fb8136f1f385cea
P10721,Kinase,inactive_or_lower_affinity,molformer,997,997,0,1.0,93969b9030e6e6ba2fa96cb91034b6bdbcde8f5bded21a092fb8136f1f385cea
P10721,Kinase,inactive_or_lower_affinity,smi_ted,997,997,0,1.0,93969b9030e6e6ba2fa96cb91034b6bdbcde8f5bded21a092fb8136f1f385cea
P10721,Kinase,inactive_or_lower_affinity,molclr_gin,997,997,0,1.0,93969b9030e6e6ba2fa96cb91034b6bdbcde8f5bded21a092fb8136f1f385cea
P10721,Kinase,inactive_or_lower_affinity,kermt_v2,997,997,0,1.0,93969b9030e6e6ba2fa96cb91034b6bdbcde8f5bded21a092fb8136f1f385cea
O14965,Kinase,active,gmolai,28,28,0,1.0,b498e85cef40fbc8de29530babe40597306d28c881bfb751b0c6a7e0abe743f1
O14965,Kinase,active,morgan,28,28,0,1.0,b498e85cef40fbc8de29530babe40597306d28c881bfb751b0c6a7e0abe743f1
O14965,Kinase,active,molai,28,28,0,1.0,b498e85cef40fbc8de29530babe40597306d28c881bfb751b0c6a7e0abe743f1
O14965,Kinase,active,molformer,28,28,0,1.0,b498e85cef40fbc8de29530babe40597306d28c881bfb751b0c6a7e0abe743f1
O14965,Kinase,active,smi_ted,28,28,0,1.0,b498e85cef40fbc8de29530babe40597306d28c881bfb751b0c6a7e0abe743f1
O14965,Kinase,active,molclr_gin,28,28,0,1.0,b498e85cef40fbc8de29530babe40597306d28c881bfb751b0c6a7e0abe743f1
O14965,Kinase,active,kermt_v2,28,28,0,1.0,b498e85cef40fbc8de29530babe40597306d28c881bfb751b0c6a7e0abe743f1
O14965,Kinase,inactive_or_lower_affinity,gmolai,1141,1141,0,1.0,9e1210073c6fd01ac2e71c4b6a104fca8aadacfbf51210f11edf534e9e1fb819
O14965,Kinase,inactive_or_lower_affinity,morgan,1141,1141,0,1.0,9e1210073c6fd01ac2e71c4b6a104fca8aadacfbf51210f11edf534e9e1fb819
O14965,Kinase,inactive_or_lower_affinity,molai,1141,1137,4,0.9964943032427696,d781f8507906408ea7a72b654b83224fc7877c31d01075126b4115d5f4f6561d
O14965,Kinase,inactive_or_lower_affinity,molformer,1141,1141,0,1.0,9e1210073c6fd01ac2e71c4b6a104fca8aadacfbf51210f11edf534e9e1fb819
O14965,Kinase,inactive_or_lower_affinity,smi_ted,1141,1141,0,1.0,9e1210073c6fd01ac2e71c4b6a104fca8aadacfbf51210f11edf534e9e1fb819
O14965,Kinase,inactive_or_lower_affinity,molclr_gin,1141,1141,0,1.0,9e1210073c6fd01ac2e71c4b6a104fca8aadacfbf51210f11edf534e9e1fb819
O14965,Kinase,inactive_or_lower_affinity,kermt_v2,1141,1141,0,1.0,9e1210073c6fd01ac2e71c4b6a104fca8aadacfbf51210f11edf534e9e1fb819
P15056,Kinase,active,gmolai,22,22,0,1.0,d5594de2dc6634d74f993aaf4af37d0ab706a8f2b69037325f5643a21d7f684f
P15056,Kinase,active,morgan,22,22,0,1.0,d5594de2dc6634d74f993aaf4af37d0ab706a8f2b69037325f5643a21d7f684f
P15056,Kinase,active,molai,22,22,0,1.0,d5594de2dc6634d74f993aaf4af37d0ab706a8f2b69037325f5643a21d7f684f
P15056,Kinase,active,molformer,22,22,0,1.0,d5594de2dc6634d74f993aaf4af37d0ab706a8f2b69037325f5643a21d7f684f
P15056,Kinase,active,smi_ted,22,22,0,1.0,d5594de2dc6634d74f993aaf4af37d0ab706a8f2b69037325f5643a21d7f684f
P15056,Kinase,active,molclr_gin,22,22,0,1.0,d5594de2dc6634d74f993aaf4af37d0ab706a8f2b69037325f5643a21d7f684f
P15056,Kinase,active,kermt_v2,22,22,0,1.0,d5594de2dc6634d74f993aaf4af37d0ab706a8f2b69037325f5643a21d7f684f
P15056,Kinase,inactive_or_lower_affinity,gmolai,912,912,0,1.0,bac135945a38f807b97158a32105e9ff9915b7c2c34f867df75519bee1343e6a
P15056,Kinase,inactive_or_lower_affinity,morgan,912,912,0,1.0,bac135945a38f807b97158a32105e9ff9915b7c2c34f867df75519bee1343e6a
P15056,Kinase,inactive_or_lower_affinity,molai,912,911,1,0.9989035087719298,33122633046deed14f810d5034400f75c8f882ef50e9afa04491776391ae4c58
P15056,Kinase,inactive_or_lower_affinity,molformer,912,912,0,1.0,bac135945a38f807b97158a32105e9ff9915b7c2c34f867df75519bee1343e6a
P15056,Kinase,inactive_or_lower_affinity,smi_ted,912,912,0,1.0,bac135945a38f807b97158a32105e9ff9915b7c2c34f867df75519bee1343e6a
P15056,Kinase,inactive_or_lower_affinity,molclr_gin,912,912,0,1.0,bac135945a38f807b97158a32105e9ff9915b7c2c34f867df75519bee1343e6a
P15056,Kinase,inactive_or_lower_affinity,kermt_v2,912,912,0,1.0,bac135945a38f807b97158a32105e9ff9915b7c2c34f867df75519bee1343e6a
P23458,Kinase,active,gmolai,28,28,0,1.0,9bff821187f7e65c740281c8488c14751d5ad7f7a62dc54817401284b38d859e
P23458,Kinase,active,morgan,28,28,0,1.0,9bff821187f7e65c740281c8488c14751d5ad7f7a62dc54817401284b38d859e
P23458,Kinase,active,molai,28,28,0,1.0,9bff821187f7e65c740281c8488c14751d5ad7f7a62dc54817401284b38d859e
P23458,Kinase,active,molformer,28,28,0,1.0,9bff821187f7e65c740281c8488c14751d5ad7f7a62dc54817401284b38d859e
P23458,Kinase,active,smi_ted,28,28,0,1.0,9bff821187f7e65c740281c8488c14751d5ad7f7a62dc54817401284b38d859e
P23458,Kinase,active,molclr_gin,28,28,0,1.0,9bff821187f7e65c740281c8488c14751d5ad7f7a62dc54817401284b38d859e
P23458,Kinase,active,kermt_v2,28,28,0,1.0,9bff821187f7e65c740281c8488c14751d5ad7f7a62dc54817401284b38d859e
P23458,Kinase,inactive_or_lower_affinity,gmolai,1112,1112,0,1.0,d99ae3a934b9bf6b048e97a8f7e2d69f57a798f92e0180c5b047bd061b2b7238
P23458,Kinase,inactive_or_lower_affinity,morgan,1112,1112,0,1.0,d99ae3a934b9bf6b048e97a8f7e2d69f57a798f92e0180c5b047bd061b2b7238
P23458,Kinase,inactive_or_lower_affinity,molai,1112,1109,3,0.9973021582733813,bee61cc1840bd62b47c8b987f5cc66ce6e83a4d8a581d1edad14025ecf7aee34
P23458,Kinase,inactive_or_lower_affinity,molformer,1112,1112,0,1.0,d99ae3a934b9bf6b048e97a8f7e2d69f57a798f92e0180c5b047bd061b2b7238
P23458,Kinase,inactive_or_lower_affinity,smi_ted,1112,1112,0,1.0,d99ae3a934b9bf6b048e97a8f7e2d69f57a798f92e0180c5b047bd061b2b7238
P23458,Kinase,inactive_or_lower_affinity,molclr_gin,1112,1112,0,1.0,d99ae3a934b9bf6b048e97a8f7e2d69f57a798f92e0180c5b047bd061b2b7238
P23458,Kinase,inactive_or_lower_affinity,kermt_v2,1112,1112,0,1.0,d99ae3a934b9bf6b048e97a8f7e2d69f57a798f92e0180c5b047bd061b2b7238
P11362,Kinase,active,gmolai,30,30,0,1.0,26de64eb6c13aa4535e9719145fe08b6a8092c64177f558464cdebc6aac2d05a
P11362,Kinase,active,morgan,30,30,0,1.0,26de64eb6c13aa4535e9719145fe08b6a8092c64177f558464cdebc6aac2d05a
P11362,Kinase,active,molai,30,30,0,1.0,26de64eb6c13aa4535e9719145fe08b6a8092c64177f558464cdebc6aac2d05a
P11362,Kinase,active,molformer,30,30,0,1.0,26de64eb6c13aa4535e9719145fe08b6a8092c64177f558464cdebc6aac2d05a
P11362,Kinase,active,smi_ted,30,30,0,1.0,26de64eb6c13aa4535e9719145fe08b6a8092c64177f558464cdebc6aac2d05a
P11362,Kinase,active,molclr_gin,30,30,0,1.0,26de64eb6c13aa4535e9719145fe08b6a8092c64177f558464cdebc6aac2d05a
P11362,Kinase,active,kermt_v2,30,30,0,1.0,26de64eb6c13aa4535e9719145fe08b6a8092c64177f558464cdebc6aac2d05a
P11362,Kinase,inactive_or_lower_affinity,gmolai,1221,1221,0,1.0,8f6d35468149d541c46635c1c90f94f51ac99abf90cb78c90d462621cad64495
P11362,Kinase,inactive_or_lower_affinity,morgan,1221,1221,0,1.0,8f6d35468149d541c46635c1c90f94f51ac99abf90cb78c90d462621cad64495
P11362,Kinase,inactive_or_lower_affinity,molai,1221,1220,1,0.9991809991809992,fbf943e94edf6c0d7747bf9c70e33c79cd753ed1ecfb25a56a20f5802b38f3e9
P11362,Kinase,inactive_or_lower_affinity,molformer,1221,1221,0,1.0,8f6d35468149d541c46635c1c90f94f51ac99abf90cb78c90d462621cad64495
P11362,Kinase,inactive_or_lower_affinity,smi_ted,1221,1221,0,1.0,8f6d35468149d541c46635c1c90f94f51ac99abf90cb78c90d462621cad64495
P11362,Kinase,inactive_or_lower_affinity,molclr_gin,1221,1221,0,1.0,8f6d35468149d541c46635c1c90f94f51ac99abf90cb78c90d462621cad64495
P11362,Kinase,inactive_or_lower_affinity,kermt_v2,1221,1221,0,1.0,8f6d35468149d541c46635c1c90f94f51ac99abf90cb78c90d462621cad64495
P29597,Kinase,active,gmolai,17,17,0,1.0,b7d4ebf6b181274256678477181865dce2ec6d8add15b85f9df6fa3915a92055
P29597,Kinase,active,morgan,17,17,0,1.0,b7d4ebf6b181274256678477181865dce2ec6d8add15b85f9df6fa3915a92055
P29597,Kinase,active,molai,17,17,0,1.0,b7d4ebf6b181274256678477181865dce2ec6d8add15b85f9df6fa3915a92055
P29597,Kinase,active,molformer,17,17,0,1.0,b7d4ebf6b181274256678477181865dce2ec6d8add15b85f9df6fa3915a92055
P29597,Kinase,active,smi_ted,17,17,0,1.0,b7d4ebf6b181274256678477181865dce2ec6d8add15b85f9df6fa3915a92055
P29597,Kinase,active,molclr_gin,17,17,0,1.0,b7d4ebf6b181274256678477181865dce2ec6d8add15b85f9df6fa3915a92055
P29597,Kinase,active,kermt_v2,17,17,0,1.0,b7d4ebf6b181274256678477181865dce2ec6d8add15b85f9df6fa3915a92055
P29597,Kinase,inactive_or_lower_affinity,gmolai,669,669,0,1.0,abf4a9fec969c4d3d728b2895f1e746ef8cbf66e8c3fac342cb1207f9f6b08c3
P29597,Kinase,inactive_or_lower_affinity,morgan,669,669,0,1.0,abf4a9fec969c4d3d728b2895f1e746ef8cbf66e8c3fac342cb1207f9f6b08c3
P29597,Kinase,inactive_or_lower_affinity,molai,669,665,4,0.9940209267563528,f1e58b7a7bfb35dd7c95a289e0640b14b3e66c3dbe751b22e2e9ea4d86bb7f4e
P29597,Kinase,inactive_or_lower_affinity,molformer,669,669,0,1.0,abf4a9fec969c4d3d728b2895f1e746ef8cbf66e8c3fac342cb1207f9f6b08c3
P29597,Kinase,inactive_or_lower_affinity,smi_ted,669,669,0,1.0,abf4a9fec969c4d3d728b2895f1e746ef8cbf66e8c3fac342cb1207f9f6b08c3
P29597,Kinase,inactive_or_lower_affinity,molclr_gin,669,669,0,1.0,abf4a9fec969c4d3d728b2895f1e746ef8cbf66e8c3fac342cb1207f9f6b08c3
P29597,Kinase,inactive_or_lower_affinity,kermt_v2,669,669,0,1.0,abf4a9fec969c4d3d728b2895f1e746ef8cbf66e8c3fac342cb1207f9f6b08c3
O00329,Kinase,active,gmolai,46,46,0,1.0,ec28af27157100c52733fe691974fdb9b77f2bba27f63b755d2e93209b51a547
O00329,Kinase,active,morgan,46,46,0,1.0,ec28af27157100c52733fe691974fdb9b77f2bba27f63b755d2e93209b51a547
O00329,Kinase,active,molai,46,46,0,1.0,ec28af27157100c52733fe691974fdb9b77f2bba27f63b755d2e93209b51a547
O00329,Kinase,active,molformer,46,46,0,1.0,ec28af27157100c52733fe691974fdb9b77f2bba27f63b755d2e93209b51a547
O00329,Kinase,active,smi_ted,46,46,0,1.0,ec28af27157100c52733fe691974fdb9b77f2bba27f63b755d2e93209b51a547
O00329,Kinase,active,molclr_gin,46,46,0,1.0,ec28af27157100c52733fe691974fdb9b77f2bba27f63b755d2e93209b51a547
O00329,Kinase,active,kermt_v2,46,46,0,1.0,ec28af27157100c52733fe691974fdb9b77f2bba27f63b755d2e93209b51a547
O00329,Kinase,inactive_or_lower_affinity,gmolai,1853,1853,0,1.0,137840d36f18969f26d233c4d411d6c6a529ac67c566b41f0d4d8a0af966bdea
O00329,Kinase,inactive_or_lower_affinity,morgan,1853,1853,0,1.0,137840d36f18969f26d233c4d411d6c6a529ac67c566b41f0d4d8a0af966bdea
O00329,Kinase,inactive_or_lower_affinity,molai,1853,1852,1,0.9994603345925526,594eb37fab048f74bb74db4840d6b04d663408e96fd95e9cb22d41f87b9bd757
O00329,Kinase,inactive_or_lower_affinity,molformer,1853,1853,0,1.0,137840d36f18969f26d233c4d411d6c6a529ac67c566b41f0d4d8a0af966bdea
O00329,Kinase,inactive_or_lower_affinity,smi_ted,1853,1853,0,1.0,137840d36f18969f26d233c4d411d6c6a529ac67c566b41f0d4d8a0af966bdea
O00329,Kinase,inactive_or_lower_affinity,molclr_gin,1853,1853,0,1.0,137840d36f18969f26d233c4d411d6c6a529ac67c566b41f0d4d8a0af966bdea
O00329,Kinase,inactive_or_lower_affinity,kermt_v2,1853,1853,0,1.0,137840d36f18969f26d233c4d411d6c6a529ac67c566b41f0d4d8a0af966bdea
P28482,Kinase,active,gmolai,18,18,0,1.0,57f14a90ebeb8cfee5a069341f8ab823c14ae0a71ab1241e6a4a686d9aeea249
P28482,Kinase,active,morgan,18,18,0,1.0,57f14a90ebeb8cfee5a069341f8ab823c14ae0a71ab1241e6a4a686d9aeea249
P28482,Kinase,active,molai,18,18,0,1.0,57f14a90ebeb8cfee5a069341f8ab823c14ae0a71ab1241e6a4a686d9aeea249
P28482,Kinase,active,molformer,18,18,0,1.0,57f14a90ebeb8cfee5a069341f8ab823c14ae0a71ab1241e6a4a686d9aeea249
P28482,Kinase,active,smi_ted,18,18,0,1.0,57f14a90ebeb8cfee5a069341f8ab823c14ae0a71ab1241e6a4a686d9aeea249
P28482,Kinase,active,molclr_gin,18,18,0,1.0,57f14a90ebeb8cfee5a069341f8ab823c14ae0a71ab1241e6a4a686d9aeea249
P28482,Kinase,active,kermt_v2,18,18,0,1.0,57f14a90ebeb8cfee5a069341f8ab823c14ae0a71ab1241e6a4a686d9aeea249
P28482,Kinase,inactive_or_lower_affinity,gmolai,737,737,0,1.0,eda22c1e5f79a0116bc2a9c3118f100411c3e1db442480097fe53e0d57ae1c0d
P28482,Kinase,inactive_or_lower_affinity,morgan,737,737,0,1.0,eda22c1e5f79a0116bc2a9c3118f100411c3e1db442480097fe53e0d57ae1c0d
P28482,Kinase,inactive_or_lower_affinity,molai,737,737,0,1.0,eda22c1e5f79a0116bc2a9c3118f100411c3e1db442480097fe53e0d57ae1c0d
P28482,Kinase,inactive_or_lower_affinity,molformer,737,737,0,1.0,eda22c1e5f79a0116bc2a9c3118f100411c3e1db442480097fe53e0d57ae1c0d
P28482,Kinase,inactive_or_lower_affinity,smi_ted,737,737,0,1.0,eda22c1e5f79a0116bc2a9c3118f100411c3e1db442480097fe53e0d57ae1c0d
P28482,Kinase,inactive_or_lower_affinity,molclr_gin,737,737,0,1.0,eda22c1e5f79a0116bc2a9c3118f100411c3e1db442480097fe53e0d57ae1c0d
P28482,Kinase,inactive_or_lower_affinity,kermt_v2,737,737,0,1.0,eda22c1e5f79a0116bc2a9c3118f100411c3e1db442480097fe53e0d57ae1c0d
Q96GD4,Kinase,active,gmolai,21,21,0,1.0,ab1d09f6efacbcafd498f2be5c6cdc3fff0e4189d250da4f7aeafe66ec1cd076
Q96GD4,Kinase,active,morgan,21,21,0,1.0,ab1d09f6efacbcafd498f2be5c6cdc3fff0e4189d250da4f7aeafe66ec1cd076
Q96GD4,Kinase,active,molai,21,21,0,1.0,ab1d09f6efacbcafd498f2be5c6cdc3fff0e4189d250da4f7aeafe66ec1cd076
Q96GD4,Kinase,active,molformer,21,21,0,1.0,ab1d09f6efacbcafd498f2be5c6cdc3fff0e4189d250da4f7aeafe66ec1cd076
Q96GD4,Kinase,active,smi_ted,21,21,0,1.0,ab1d09f6efacbcafd498f2be5c6cdc3fff0e4189d250da4f7aeafe66ec1cd076
Q96GD4,Kinase,active,molclr_gin,21,21,0,1.0,ab1d09f6efacbcafd498f2be5c6cdc3fff0e4189d250da4f7aeafe66ec1cd076
Q96GD4,Kinase,active,kermt_v2,21,21,0,1.0,ab1d09f6efacbcafd498f2be5c6cdc3fff0e4189d250da4f7aeafe66ec1cd076
Q96GD4,Kinase,inactive_or_lower_affinity,gmolai,856,856,0,1.0,204e31bfe67b780b752e59bfaa1a4e253ef44380fb42460d98483102e562c60f
Q96GD4,Kinase,inactive_or_lower_affinity,morgan,856,856,0,1.0,204e31bfe67b780b752e59bfaa1a4e253ef44380fb42460d98483102e562c60f
Q96GD4,Kinase,inactive_or_lower_affinity,molai,856,854,2,0.9976635514018691,058f1044a154c1013f4133c6059e561f880350cb581b8cfceba5862917d4b8e7
Q96GD4,Kinase,inactive_or_lower_affinity,molformer,856,856,0,1.0,204e31bfe67b780b752e59bfaa1a4e253ef44380fb42460d98483102e562c60f
Q96GD4,Kinase,inactive_or_lower_affinity,smi_ted,856,856,0,1.0,204e31bfe67b780b752e59bfaa1a4e253ef44380fb42460d98483102e562c60f
Q96GD4,Kinase,inactive_or_lower_affinity,molclr_gin,856,856,0,1.0,204e31bfe67b780b752e59bfaa1a4e253ef44380fb42460d98483102e562c60f
Q96GD4,Kinase,inactive_or_lower_affinity,kermt_v2,856,856,0,1.0,204e31bfe67b780b752e59bfaa1a4e253ef44380fb42460d98483102e562c60f
P00533,Kinase,active,gmolai,91,91,0,1.0,b9a7eaefa95aa5bc9f61ba7ebbecf97c891ba60052c86a61aadc9a5a717e86af
P00533,Kinase,active,morgan,91,91,0,1.0,b9a7eaefa95aa5bc9f61ba7ebbecf97c891ba60052c86a61aadc9a5a717e86af
P00533,Kinase,active,molai,91,91,0,1.0,b9a7eaefa95aa5bc9f61ba7ebbecf97c891ba60052c86a61aadc9a5a717e86af
P00533,Kinase,active,molformer,91,91,0,1.0,b9a7eaefa95aa5bc9f61ba7ebbecf97c891ba60052c86a61aadc9a5a717e86af
P00533,Kinase,active,smi_ted,91,91,0,1.0,b9a7eaefa95aa5bc9f61ba7ebbecf97c891ba60052c86a61aadc9a5a717e86af
P00533,Kinase,active,molclr_gin,91,91,0,1.0,b9a7eaefa95aa5bc9f61ba7ebbecf97c891ba60052c86a61aadc9a5a717e86af
P00533,Kinase,active,kermt_v2,91,91,0,1.0,b9a7eaefa95aa5bc9f61ba7ebbecf97c891ba60052c86a61aadc9a5a717e86af
P00533,Kinase,inactive_or_lower_affinity,gmolai,3714,3714,0,1.0,3ef18a7eec26e29eb19e64dbb07326c0d13a3fbefd73fa6b3efee5afe063324a
P00533,Kinase,inactive_or_lower_affinity,morgan,3714,3714,0,1.0,3ef18a7eec26e29eb19e64dbb07326c0d13a3fbefd73fa6b3efee5afe063324a
P00533,Kinase,inactive_or_lower_affinity,molai,3714,3707,7,0.998115239633818,1516e056092667cc1b73c0227c8f467dc331617a518b45469ca26f4f07b19ebd
P00533,Kinase,inactive_or_lower_affinity,molformer,3714,3713,1,0.9997307485191168,ce9b536cc92a2422a18ef2c40a874ae5d0c50765310133fc7d7465a4cf4c5536
P00533,Kinase,inactive_or_lower_affinity,smi_ted,3714,3714,0,1.0,3ef18a7eec26e29eb19e64dbb07326c0d13a3fbefd73fa6b3efee5afe063324a
P00533,Kinase,inactive_or_lower_affinity,molclr_gin,3714,3713,1,0.9997307485191168,ce9b536cc92a2422a18ef2c40a874ae5d0c50765310133fc7d7465a4cf4c5536
P00533,Kinase,inactive_or_lower_affinity,kermt_v2,3714,3714,0,1.0,3ef18a7eec26e29eb19e64dbb07326c0d13a3fbefd73fa6b3efee5afe063324a
Q06187,Kinase,active,gmolai,28,28,0,1.0,8667fb770fdcf33b353cd83aa6a823614d9577e9715edcf17965a9b617c8173d
Q06187,Kinase,active,morgan,28,28,0,1.0,8667fb770fdcf33b353cd83aa6a823614d9577e9715edcf17965a9b617c8173d
Q06187,Kinase,active,molai,28,28,0,1.0,8667fb770fdcf33b353cd83aa6a823614d9577e9715edcf17965a9b617c8173d
Q06187,Kinase,active,molformer,28,28,0,1.0,8667fb770fdcf33b353cd83aa6a823614d9577e9715edcf17965a9b617c8173d
Q06187,Kinase,active,smi_ted,28,28,0,1.0,8667fb770fdcf33b353cd83aa6a823614d9577e9715edcf17965a9b617c8173d
Q06187,Kinase,active,molclr_gin,28,28,0,1.0,8667fb770fdcf33b353cd83aa6a823614d9577e9715edcf17965a9b617c8173d
Q06187,Kinase,active,kermt_v2,28,28,0,1.0,8667fb770fdcf33b353cd83aa6a823614d9577e9715edcf17965a9b617c8173d
Q06187,Kinase,inactive_or_lower_affinity,gmolai,1116,1116,0,1.0,53f3bcdf8f0ca881d5e755b23b8fb924ce25e963d5f7b7c5c79151b5f38814c3
Q06187,Kinase,inactive_or_lower_affinity,morgan,1116,1116,0,1.0,53f3bcdf8f0ca881d5e755b23b8fb924ce25e963d5f7b7c5c79151b5f38814c3
Q06187,Kinase,inactive_or_lower_affinity,molai,1116,1116,0,1.0,53f3bcdf8f0ca881d5e755b23b8fb924ce25e963d5f7b7c5c79151b5f38814c3
Q06187,Kinase,inactive_or_lower_affinity,molformer,1116,1116,0,1.0,53f3bcdf8f0ca881d5e755b23b8fb924ce25e963d5f7b7c5c79151b5f38814c3
Q06187,Kinase,inactive_or_lower_affinity,smi_ted,1116,1116,0,1.0,53f3bcdf8f0ca881d5e755b23b8fb924ce25e963d5f7b7c5c79151b5f38814c3
Q06187,Kinase,inactive_or_lower_affinity,molclr_gin,1116,1116,0,1.0,53f3bcdf8f0ca881d5e755b23b8fb924ce25e963d5f7b7c5c79151b5f38814c3
Q06187,Kinase,inactive_or_lower_affinity,kermt_v2,1116,1116,0,1.0,53f3bcdf8f0ca881d5e755b23b8fb924ce25e963d5f7b7c5c79151b5f38814c3
O14757,Kinase,active,gmolai,19,19,0,1.0,561c89bb4a4f26126cddd7723c1c3898b6778dc1896d6c3ddd625326fccf0f67
O14757,Kinase,active,morgan,19,19,0,1.0,561c89bb4a4f26126cddd7723c1c3898b6778dc1896d6c3ddd625326fccf0f67
O14757,Kinase,active,molai,19,19,0,1.0,561c89bb4a4f26126cddd7723c1c3898b6778dc1896d6c3ddd625326fccf0f67
O14757,Kinase,active,molformer,19,19,0,1.0,561c89bb4a4f26126cddd7723c1c3898b6778dc1896d6c3ddd625326fccf0f67
O14757,Kinase,active,smi_ted,19,19,0,1.0,561c89bb4a4f26126cddd7723c1c3898b6778dc1896d6c3ddd625326fccf0f67
O14757,Kinase,active,molclr_gin,19,19,0,1.0,561c89bb4a4f26126cddd7723c1c3898b6778dc1896d6c3ddd625326fccf0f67
O14757,Kinase,active,kermt_v2,19,19,0,1.0,561c89bb4a4f26126cddd7723c1c3898b6778dc1896d6c3ddd625326fccf0f67
O14757,Kinase,inactive_or_lower_affinity,gmolai,764,764,0,1.0,783ff13cd39ceefb13e0698204b813dcee588d4d599361946d81a46cf8b8f32e
O14757,Kinase,inactive_or_lower_affinity,morgan,764,764,0,1.0,783ff13cd39ceefb13e0698204b813dcee588d4d599361946d81a46cf8b8f32e
O14757,Kinase,inactive_or_lower_affinity,molai,764,763,1,0.9986910994764397,a6f78508f6962100d72f888c1c4a14303a7f568c9d165fa0e8671f7979a5bc3e
O14757,Kinase,inactive_or_lower_affinity,molformer,764,764,0,1.0,783ff13cd39ceefb13e0698204b813dcee588d4d599361946d81a46cf8b8f32e
O14757,Kinase,inactive_or_lower_affinity,smi_ted,764,764,0,1.0,783ff13cd39ceefb13e0698204b813dcee588d4d599361946d81a46cf8b8f32e
O14757,Kinase,inactive_or_lower_affinity,molclr_gin,764,764,0,1.0,783ff13cd39ceefb13e0698204b813dcee588d4d599361946d81a46cf8b8f32e
O14757,Kinase,inactive_or_lower_affinity,kermt_v2,764,764,0,1.0,783ff13cd39ceefb13e0698204b813dcee588d4d599361946d81a46cf8b8f32e
P36888,Kinase,active,gmolai,21,21,0,1.0,0756c96b874ab70a30d1f83ecfc3508233c0bf28ced7ce833a741615772042e2
P36888,Kinase,active,morgan,21,21,0,1.0,0756c96b874ab70a30d1f83ecfc3508233c0bf28ced7ce833a741615772042e2
P36888,Kinase,active,molai,21,21,0,1.0,0756c96b874ab70a30d1f83ecfc3508233c0bf28ced7ce833a741615772042e2
P36888,Kinase,active,molformer,21,21,0,1.0,0756c96b874ab70a30d1f83ecfc3508233c0bf28ced7ce833a741615772042e2
P36888,Kinase,active,smi_ted,21,21,0,1.0,0756c96b874ab70a30d1f83ecfc3508233c0bf28ced7ce833a741615772042e2
P36888,Kinase,active,molclr_gin,21,21,0,1.0,0756c96b874ab70a30d1f83ecfc3508233c0bf28ced7ce833a741615772042e2
P36888,Kinase,active,kermt_v2,21,21,0,1.0,0756c96b874ab70a30d1f83ecfc3508233c0bf28ced7ce833a741615772042e2
P36888,Kinase,inactive_or_lower_affinity,gmolai,968,968,0,1.0,148df8bb3f486f564992a4ea73bc24662450102bab9a3378fc0ed7cc005627f0
P36888,Kinase,inactive_or_lower_affinity,morgan,968,968,0,1.0,148df8bb3f486f564992a4ea73bc24662450102bab9a3378fc0ed7cc005627f0
P36888,Kinase,inactive_or_lower_affinity,molai,968,967,1,0.9989669421487604,ed6cdef9a323c4cbad20655bdad49612c1e2a90fbd6fc8ce7ea820ccdddee14e
P36888,Kinase,inactive_or_lower_affinity,molformer,968,968,0,1.0,148df8bb3f486f564992a4ea73bc24662450102bab9a3378fc0ed7cc005627f0
P36888,Kinase,inactive_or_lower_affinity,smi_ted,968,968,0,1.0,148df8bb3f486f564992a4ea73bc24662450102bab9a3378fc0ed7cc005627f0
P36888,Kinase,inactive_or_lower_affinity,molclr_gin,968,968,0,1.0,148df8bb3f486f564992a4ea73bc24662450102bab9a3378fc0ed7cc005627f0
P36888,Kinase,inactive_or_lower_affinity,kermt_v2,968,968,0,1.0,148df8bb3f486f564992a4ea73bc24662450102bab9a3378fc0ed7cc005627f0
P00519,Kinase,active,gmolai,31,31,0,1.0,2d1959dab389f3937a34a81f86c538b0cb15f14657e58ee5904cd43df6150dca
P00519,Kinase,active,morgan,31,31,0,1.0,2d1959dab389f3937a34a81f86c538b0cb15f14657e58ee5904cd43df6150dca
P00519,Kinase,active,molai,31,30,1,0.967741935483871,2ceb6b85341772e8838f5698f7a0ed3646661256f18a37eb1bc479efe6152e87
P00519,Kinase,active,molformer,31,31,0,1.0,2d1959dab389f3937a34a81f86c538b0cb15f14657e58ee5904cd43df6150dca
P00519,Kinase,active,smi_ted,31,31,0,1.0,2d1959dab389f3937a34a81f86c538b0cb15f14657e58ee5904cd43df6150dca
P00519,Kinase,active,molclr_gin,31,31,0,1.0,2d1959dab389f3937a34a81f86c538b0cb15f14657e58ee5904cd43df6150dca
P00519,Kinase,active,kermt_v2,31,31,0,1.0,2d1959dab389f3937a34a81f86c538b0cb15f14657e58ee5904cd43df6150dca
P00519,Kinase,inactive_or_lower_affinity,gmolai,1253,1253,0,1.0,b800dd4f0da7b1ce34588299e0b43e8d659adbaf19cf3be58601d49a75025f23
P00519,Kinase,inactive_or_lower_affinity,morgan,1253,1253,0,1.0,b800dd4f0da7b1ce34588299e0b43e8d659adbaf19cf3be58601d49a75025f23
P00519,Kinase,inactive_or_lower_affinity,molai,1253,1246,7,0.994413407821229,036f77c6e3632ce4cfb7afb9055f9c2e6ce5400c05e0b53a81eb5b04f4d8d692
P00519,Kinase,inactive_or_lower_affinity,molformer,1253,1253,0,1.0,b800dd4f0da7b1ce34588299e0b43e8d659adbaf19cf3be58601d49a75025f23
P00519,Kinase,inactive_or_lower_affinity,smi_ted,1253,1253,0,1.0,b800dd4f0da7b1ce34588299e0b43e8d659adbaf19cf3be58601d49a75025f23
P00519,Kinase,inactive_or_lower_affinity,molclr_gin,1253,1253,0,1.0,b800dd4f0da7b1ce34588299e0b43e8d659adbaf19cf3be58601d49a75025f23
P00519,Kinase,inactive_or_lower_affinity,kermt_v2,1253,1253,0,1.0,b800dd4f0da7b1ce34588299e0b43e8d659adbaf19cf3be58601d49a75025f23
Q05397,Kinase,active,gmolai,22,22,0,1.0,02482c2fc0d6b5dd8c62deaf161c16f7235e722db439396bf7fe4c0ca9668ccf
Q05397,Kinase,active,morgan,22,22,0,1.0,02482c2fc0d6b5dd8c62deaf161c16f7235e722db439396bf7fe4c0ca9668ccf
Q05397,Kinase,active,molai,22,22,0,1.0,02482c2fc0d6b5dd8c62deaf161c16f7235e722db439396bf7fe4c0ca9668ccf
Q05397,Kinase,active,molformer,22,22,0,1.0,02482c2fc0d6b5dd8c62deaf161c16f7235e722db439396bf7fe4c0ca9668ccf
Q05397,Kinase,active,smi_ted,22,22,0,1.0,02482c2fc0d6b5dd8c62deaf161c16f7235e722db439396bf7fe4c0ca9668ccf
Q05397,Kinase,active,molclr_gin,22,22,0,1.0,02482c2fc0d6b5dd8c62deaf161c16f7235e722db439396bf7fe4c0ca9668ccf
Q05397,Kinase,active,kermt_v2,22,22,0,1.0,02482c2fc0d6b5dd8c62deaf161c16f7235e722db439396bf7fe4c0ca9668ccf
Q05397,Kinase,inactive_or_lower_affinity,gmolai,918,918,0,1.0,6a3cd0638a55c3828779e5e8e47afcfd7f30f3431d0538b5246540803ae69630
Q05397,Kinase,inactive_or_lower_affinity,morgan,918,918,0,1.0,6a3cd0638a55c3828779e5e8e47afcfd7f30f3431d0538b5246540803ae69630
Q05397,Kinase,inactive_or_lower_affinity,molai,918,918,0,1.0,6a3cd0638a55c3828779e5e8e47afcfd7f30f3431d0538b5246540803ae69630
Q05397,Kinase,inactive_or_lower_affinity,molformer,918,918,0,1.0,6a3cd0638a55c3828779e5e8e47afcfd7f30f3431d0538b5246540803ae69630
Q05397,Kinase,inactive_or_lower_affinity,smi_ted,918,918,0,1.0,6a3cd0638a55c3828779e5e8e47afcfd7f30f3431d0538b5246540803ae69630
Q05397,Kinase,inactive_or_lower_affinity,molclr_gin,918,918,0,1.0,6a3cd0638a55c3828779e5e8e47afcfd7f30f3431d0538b5246540803ae69630
Q05397,Kinase,inactive_or_lower_affinity,kermt_v2,918,918,0,1.0,6a3cd0638a55c3828779e5e8e47afcfd7f30f3431d0538b5246540803ae69630
Q16539,Kinase,active,gmolai,36,36,0,1.0,8a456d63896facdf8ee2e6681e32e6e332359d63d3ee00af9d7e41188f5488bd
Q16539,Kinase,active,morgan,36,36,0,1.0,8a456d63896facdf8ee2e6681e32e6e332359d63d3ee00af9d7e41188f5488bd
Q16539,Kinase,active,molai,36,36,0,1.0,8a456d63896facdf8ee2e6681e32e6e332359d63d3ee00af9d7e41188f5488bd
Q16539,Kinase,active,molformer,36,36,0,1.0,8a456d63896facdf8ee2e6681e32e6e332359d63d3ee00af9d7e41188f5488bd
Q16539,Kinase,active,smi_ted,36,36,0,1.0,8a456d63896facdf8ee2e6681e32e6e332359d63d3ee00af9d7e41188f5488bd
Q16539,Kinase,active,molclr_gin,36,36,0,1.0,8a456d63896facdf8ee2e6681e32e6e332359d63d3ee00af9d7e41188f5488bd
Q16539,Kinase,active,kermt_v2,36,36,0,1.0,8a456d63896facdf8ee2e6681e32e6e332359d63d3ee00af9d7e41188f5488bd
Q16539,Kinase,inactive_or_lower_affinity,gmolai,1479,1479,0,1.0,091c1de7c130d5e3c658aab39cbb6b10864d7bfe5fa8745ca394a284ad64568a
Q16539,Kinase,inactive_or_lower_affinity,morgan,1479,1479,0,1.0,091c1de7c130d5e3c658aab39cbb6b10864d7bfe5fa8745ca394a284ad64568a
Q16539,Kinase,inactive_or_lower_affinity,molai,1479,1478,1,0.9993238674780257,09773eb1b3cc642e096606efbc0ad776fea48e8b4dc7f70974473a0861865e6d
Q16539,Kinase,inactive_or_lower_affinity,molformer,1479,1479,0,1.0,091c1de7c130d5e3c658aab39cbb6b10864d7bfe5fa8745ca394a284ad64568a
Q16539,Kinase,inactive_or_lower_affinity,smi_ted,1479,1479,0,1.0,091c1de7c130d5e3c658aab39cbb6b10864d7bfe5fa8745ca394a284ad64568a
Q16539,Kinase,inactive_or_lower_affinity,molclr_gin,1479,1479,0,1.0,091c1de7c130d5e3c658aab39cbb6b10864d7bfe5fa8745ca394a284ad64568a
Q16539,Kinase,inactive_or_lower_affinity,kermt_v2,1479,1479,0,1.0,091c1de7c130d5e3c658aab39cbb6b10864d7bfe5fa8745ca394a284ad64568a
P08581,Kinase,active,gmolai,24,24,0,1.0,04cf9f38bc0ca5220e300a61847e2788a90f8230b301448427a0ea993d3e38a3
P08581,Kinase,active,morgan,24,24,0,1.0,04cf9f38bc0ca5220e300a61847e2788a90f8230b301448427a0ea993d3e38a3
P08581,Kinase,active,molai,24,24,0,1.0,04cf9f38bc0ca5220e300a61847e2788a90f8230b301448427a0ea993d3e38a3
P08581,Kinase,active,molformer,24,24,0,1.0,04cf9f38bc0ca5220e300a61847e2788a90f8230b301448427a0ea993d3e38a3
P08581,Kinase,active,smi_ted,24,24,0,1.0,04cf9f38bc0ca5220e300a61847e2788a90f8230b301448427a0ea993d3e38a3
P08581,Kinase,active,molclr_gin,24,24,0,1.0,04cf9f38bc0ca5220e300a61847e2788a90f8230b301448427a0ea993d3e38a3
P08581,Kinase,active,kermt_v2,24,24,0,1.0,04cf9f38bc0ca5220e300a61847e2788a90f8230b301448427a0ea993d3e38a3
P08581,Kinase,inactive_or_lower_affinity,gmolai,995,995,0,1.0,37fa60a4df4b83d44f7b11d491a8decf184b78102c0d5cbca009ce03d66e62ed
P08581,Kinase,inactive_or_lower_affinity,morgan,995,995,0,1.0,37fa60a4df4b83d44f7b11d491a8decf184b78102c0d5cbca009ce03d66e62ed
P08581,Kinase,inactive_or_lower_affinity,molai,995,989,6,0.9939698492462311,812d0e9bbd236a4a748d5ca9a02968f6de643f2dfe50d9b2f97cccdd8d843b19
P08581,Kinase,inactive_or_lower_affinity,molformer,995,995,0,1.0,37fa60a4df4b83d44f7b11d491a8decf184b78102c0d5cbca009ce03d66e62ed
P08581,Kinase,inactive_or_lower_affinity,smi_ted,995,995,0,1.0,37fa60a4df4b83d44f7b11d491a8decf184b78102c0d5cbca009ce03d66e62ed
P08581,Kinase,inactive_or_lower_affinity,molclr_gin,995,995,0,1.0,37fa60a4df4b83d44f7b11d491a8decf184b78102c0d5cbca009ce03d66e62ed
P08581,Kinase,inactive_or_lower_affinity,kermt_v2,995,995,0,1.0,37fa60a4df4b83d44f7b11d491a8decf184b78102c0d5cbca009ce03d66e62ed
P11802,Kinase,active,gmolai,25,25,0,1.0,840951f748781aa1371de813aa6348fabde4b8ad0a018f2a10c5e85749f8e87f
P11802,Kinase,active,morgan,25,25,0,1.0,840951f748781aa1371de813aa6348fabde4b8ad0a018f2a10c5e85749f8e87f
P11802,Kinase,active,molai,25,25,0,1.0,840951f748781aa1371de813aa6348fabde4b8ad0a018f2a10c5e85749f8e87f
P11802,Kinase,active,molformer,25,25,0,1.0,840951f748781aa1371de813aa6348fabde4b8ad0a018f2a10c5e85749f8e87f
P11802,Kinase,active,smi_ted,25,25,0,1.0,840951f748781aa1371de813aa6348fabde4b8ad0a018f2a10c5e85749f8e87f
P11802,Kinase,active,molclr_gin,25,25,0,1.0,840951f748781aa1371de813aa6348fabde4b8ad0a018f2a10c5e85749f8e87f
P11802,Kinase,active,kermt_v2,25,25,0,1.0,840951f748781aa1371de813aa6348fabde4b8ad0a018f2a10c5e85749f8e87f
P11802,Kinase,inactive_or_lower_affinity,gmolai,1024,1024,0,1.0,5a571611de7052760268f139f8f6dafe24913d590fab0e3e4e3674c52d3466d5
P11802,Kinase,inactive_or_lower_affinity,morgan,1024,1024,0,1.0,5a571611de7052760268f139f8f6dafe24913d590fab0e3e4e3674c52d3466d5
P11802,Kinase,inactive_or_lower_affinity,molai,1024,1024,0,1.0,5a571611de7052760268f139f8f6dafe24913d590fab0e3e4e3674c52d3466d5
P11802,Kinase,inactive_or_lower_affinity,molformer,1024,1024,0,1.0,5a571611de7052760268f139f8f6dafe24913d590fab0e3e4e3674c52d3466d5
P11802,Kinase,inactive_or_lower_affinity,smi_ted,1024,1024,0,1.0,5a571611de7052760268f139f8f6dafe24913d590fab0e3e4e3674c52d3466d5
P11802,Kinase,inactive_or_lower_affinity,molclr_gin,1024,1024,0,1.0,5a571611de7052760268f139f8f6dafe24913d590fab0e3e4e3674c52d3466d5
P11802,Kinase,inactive_or_lower_affinity,kermt_v2,1024,1024,0,1.0,5a571611de7052760268f139f8f6dafe24913d590fab0e3e4e3674c52d3466d5
P06239,Kinase,active,gmolai,28,28,0,1.0,a3337c386f4042f8a50a57ced73c89349e1531a6503bd5f9537399d58f97d3e1
P06239,Kinase,active,morgan,28,28,0,1.0,a3337c386f4042f8a50a57ced73c89349e1531a6503bd5f9537399d58f97d3e1
P06239,Kinase,active,molai,28,28,0,1.0,a3337c386f4042f8a50a57ced73c89349e1531a6503bd5f9537399d58f97d3e1
P06239,Kinase,active,molformer,28,28,0,1.0,a3337c386f4042f8a50a57ced73c89349e1531a6503bd5f9537399d58f97d3e1
P06239,Kinase,active,smi_ted,28,28,0,1.0,a3337c386f4042f8a50a57ced73c89349e1531a6503bd5f9537399d58f97d3e1
P06239,Kinase,active,molclr_gin,28,28,0,1.0,a3337c386f4042f8a50a57ced73c89349e1531a6503bd5f9537399d58f97d3e1
P06239,Kinase,active,kermt_v2,28,28,0,1.0,a3337c386f4042f8a50a57ced73c89349e1531a6503bd5f9537399d58f97d3e1
P06239,Kinase,inactive_or_lower_affinity,gmolai,1114,1114,0,1.0,596cdb2904a0e9797bcfb11d78beb9f84d9b9ed2b52f007cdf25ba26d22cc665
P06239,Kinase,inactive_or_lower_affinity,morgan,1114,1114,0,1.0,596cdb2904a0e9797bcfb11d78beb9f84d9b9ed2b52f007cdf25ba26d22cc665
P06239,Kinase,inactive_or_lower_affinity,molai,1114,1107,7,0.9937163375224417,64ad34e9a3d5db928838de5b30c4892da133d9f015b6a82951cee19f9c2616a0
P06239,Kinase,inactive_or_lower_affinity,molformer,1114,1114,0,1.0,596cdb2904a0e9797bcfb11d78beb9f84d9b9ed2b52f007cdf25ba26d22cc665
P06239,Kinase,inactive_or_lower_affinity,smi_ted,1114,1114,0,1.0,596cdb2904a0e9797bcfb11d78beb9f84d9b9ed2b52f007cdf25ba26d22cc665
P06239,Kinase,inactive_or_lower_affinity,molclr_gin,1114,1114,0,1.0,596cdb2904a0e9797bcfb11d78beb9f84d9b9ed2b52f007cdf25ba26d22cc665
P06239,Kinase,inactive_or_lower_affinity,kermt_v2,1114,1114,0,1.0,596cdb2904a0e9797bcfb11d78beb9f84d9b9ed2b52f007cdf25ba26d22cc665
O75116,Kinase,active,gmolai,29,29,0,1.0,58e61f5edb93ff1b64f5c628f7b7c1cef4b7d591d17007fc24ebfdf9037b1bc8
O75116,Kinase,active,morgan,29,29,0,1.0,58e61f5edb93ff1b64f5c628f7b7c1cef4b7d591d17007fc24ebfdf9037b1bc8
O75116,Kinase,active,molai,29,29,0,1.0,58e61f5edb93ff1b64f5c628f7b7c1cef4b7d591d17007fc24ebfdf9037b1bc8
O75116,Kinase,active,molformer,29,29,0,1.0,58e61f5edb93ff1b64f5c628f7b7c1cef4b7d591d17007fc24ebfdf9037b1bc8
O75116,Kinase,active,smi_ted,29,29,0,1.0,58e61f5edb93ff1b64f5c628f7b7c1cef4b7d591d17007fc24ebfdf9037b1bc8
O75116,Kinase,active,molclr_gin,29,29,0,1.0,58e61f5edb93ff1b64f5c628f7b7c1cef4b7d591d17007fc24ebfdf9037b1bc8
O75116,Kinase,active,kermt_v2,29,29,0,1.0,58e61f5edb93ff1b64f5c628f7b7c1cef4b7d591d17007fc24ebfdf9037b1bc8
O75116,Kinase,inactive_or_lower_affinity,gmolai,1166,1166,0,1.0,788e08657711233d47975fe85e9b2fc19ef17699a3706bc400a725a4c97dbde4
O75116,Kinase,inactive_or_lower_affinity,morgan,1166,1166,0,1.0,788e08657711233d47975fe85e9b2fc19ef17699a3706bc400a725a4c97dbde4
O75116,Kinase,inactive_or_lower_affinity,molai,1166,1166,0,1.0,788e08657711233d47975fe85e9b2fc19ef17699a3706bc400a725a4c97dbde4
O75116,Kinase,inactive_or_lower_affinity,molformer,1166,1166,0,1.0,788e08657711233d47975fe85e9b2fc19ef17699a3706bc400a725a4c97dbde4
O75116,Kinase,inactive_or_lower_affinity,smi_ted,1166,1166,0,1.0,788e08657711233d47975fe85e9b2fc19ef17699a3706bc400a725a4c97dbde4
O75116,Kinase,inactive_or_lower_affinity,molclr_gin,1166,1166,0,1.0,788e08657711233d47975fe85e9b2fc19ef17699a3706bc400a725a4c97dbde4
O75116,Kinase,inactive_or_lower_affinity,kermt_v2,1166,1166,0,1.0,788e08657711233d47975fe85e9b2fc19ef17699a3706bc400a725a4c97dbde4
Q9Y233,Other Enzymes,active,gmolai,19,19,0,1.0,a15dc32d0ab81801499d8bce6986e27cd4745be15ac74bd371c4cc25ce783803
Q9Y233,Other Enzymes,active,morgan,19,19,0,1.0,a15dc32d0ab81801499d8bce6986e27cd4745be15ac74bd371c4cc25ce783803
Q9Y233,Other Enzymes,active,molai,19,19,0,1.0,a15dc32d0ab81801499d8bce6986e27cd4745be15ac74bd371c4cc25ce783803
Q9Y233,Other Enzymes,active,molformer,19,19,0,1.0,a15dc32d0ab81801499d8bce6986e27cd4745be15ac74bd371c4cc25ce783803
Q9Y233,Other Enzymes,active,smi_ted,19,19,0,1.0,a15dc32d0ab81801499d8bce6986e27cd4745be15ac74bd371c4cc25ce783803
Q9Y233,Other Enzymes,active,molclr_gin,19,19,0,1.0,a15dc32d0ab81801499d8bce6986e27cd4745be15ac74bd371c4cc25ce783803
Q9Y233,Other Enzymes,active,kermt_v2,19,19,0,1.0,a15dc32d0ab81801499d8bce6986e27cd4745be15ac74bd371c4cc25ce783803
Q9Y233,Other Enzymes,inactive_or_lower_affinity,gmolai,764,764,0,1.0,86a57eb446fa4b1d0a575637fe63f7d5975a3637319f48e74cf42d317a4ce3b8
Q9Y233,Other Enzymes,inactive_or_lower_affinity,morgan,764,764,0,1.0,86a57eb446fa4b1d0a575637fe63f7d5975a3637319f48e74cf42d317a4ce3b8
Q9Y233,Other Enzymes,inactive_or_lower_affinity,molai,764,761,3,0.9960732984293194,143125e7ed2788715745927af3553e78ee5c9b8de9469e86324ab78d1dd5f7cd
Q9Y233,Other Enzymes,inactive_or_lower_affinity,molformer,764,764,0,1.0,86a57eb446fa4b1d0a575637fe63f7d5975a3637319f48e74cf42d317a4ce3b8
Q9Y233,Other Enzymes,inactive_or_lower_affinity,smi_ted,764,764,0,1.0,86a57eb446fa4b1d0a575637fe63f7d5975a3637319f48e74cf42d317a4ce3b8
Q9Y233,Other Enzymes,inactive_or_lower_affinity,molclr_gin,764,764,0,1.0,86a57eb446fa4b1d0a575637fe63f7d5975a3637319f48e74cf42d317a4ce3b8
Q9Y233,Other Enzymes,inactive_or_lower_affinity,kermt_v2,764,764,0,1.0,86a57eb446fa4b1d0a575637fe63f7d5975a3637319f48e74cf42d317a4ce3b8
Q14432,Other Enzymes,active,gmolai,20,20,0,1.0,d64d5fec35c545f9f0859a0322751a256862bc52413293db7b8e0c8348ace164
Q14432,Other Enzymes,active,morgan,20,20,0,1.0,d64d5fec35c545f9f0859a0322751a256862bc52413293db7b8e0c8348ace164
Q14432,Other Enzymes,active,molai,20,20,0,1.0,d64d5fec35c545f9f0859a0322751a256862bc52413293db7b8e0c8348ace164
Q14432,Other Enzymes,active,molformer,20,20,0,1.0,d64d5fec35c545f9f0859a0322751a256862bc52413293db7b8e0c8348ace164
Q14432,Other Enzymes,active,smi_ted,20,20,0,1.0,d64d5fec35c545f9f0859a0322751a256862bc52413293db7b8e0c8348ace164
Q14432,Other Enzymes,active,molclr_gin,20,20,0,1.0,d64d5fec35c545f9f0859a0322751a256862bc52413293db7b8e0c8348ace164
Q14432,Other Enzymes,active,kermt_v2,20,20,0,1.0,d64d5fec35c545f9f0859a0322751a256862bc52413293db7b8e0c8348ace164
Q14432,Other Enzymes,inactive_or_lower_affinity,gmolai,947,947,0,1.0,84ce93d5ad6108fe1dd287f400507144bf4afec786eedd0c3d624f41d124d6f4
Q14432,Other Enzymes,inactive_or_lower_affinity,morgan,947,947,0,1.0,84ce93d5ad6108fe1dd287f400507144bf4afec786eedd0c3d624f41d124d6f4
Q14432,Other Enzymes,inactive_or_lower_affinity,molai,947,945,2,0.9978880675818373,9f2a40dd250fcd649447bb384b920a1eb1661d625505174c4980e06ab5c760d5
Q14432,Other Enzymes,inactive_or_lower_affinity,molformer,947,947,0,1.0,84ce93d5ad6108fe1dd287f400507144bf4afec786eedd0c3d624f41d124d6f4
Q14432,Other Enzymes,inactive_or_lower_affinity,smi_ted,947,947,0,1.0,84ce93d5ad6108fe1dd287f400507144bf4afec786eedd0c3d624f41d124d6f4
Q14432,Other Enzymes,inactive_or_lower_affinity,molclr_gin,947,947,0,1.0,84ce93d5ad6108fe1dd287f400507144bf4afec786eedd0c3d624f41d124d6f4
Q14432,Other Enzymes,inactive_or_lower_affinity,kermt_v2,947,947,0,1.0,84ce93d5ad6108fe1dd287f400507144bf4afec786eedd0c3d624f41d124d6f4
Q08499,Other Enzymes,active,gmolai,20,20,0,1.0,a597fca1f97071581ae7d9a7f75be0622aa322001d07be81b9ad83ed98521417
Q08499,Other Enzymes,active,morgan,20,20,0,1.0,a597fca1f97071581ae7d9a7f75be0622aa322001d07be81b9ad83ed98521417
Q08499,Other Enzymes,active,molai,20,20,0,1.0,a597fca1f97071581ae7d9a7f75be0622aa322001d07be81b9ad83ed98521417
Q08499,Other Enzymes,active,molformer,20,20,0,1.0,a597fca1f97071581ae7d9a7f75be0622aa322001d07be81b9ad83ed98521417
Q08499,Other Enzymes,active,smi_ted,20,20,0,1.0,a597fca1f97071581ae7d9a7f75be0622aa322001d07be81b9ad83ed98521417
Q08499,Other Enzymes,active,molclr_gin,20,20,0,1.0,a597fca1f97071581ae7d9a7f75be0622aa322001d07be81b9ad83ed98521417
Q08499,Other Enzymes,active,kermt_v2,20,20,0,1.0,a597fca1f97071581ae7d9a7f75be0622aa322001d07be81b9ad83ed98521417
Q08499,Other Enzymes,inactive_or_lower_affinity,gmolai,790,790,0,1.0,a44f41f35cc9b7b3ab19dc2f746da946974875c185483e1b01f05b25044f0f38
Q08499,Other Enzymes,inactive_or_lower_affinity,morgan,790,790,0,1.0,a44f41f35cc9b7b3ab19dc2f746da946974875c185483e1b01f05b25044f0f38
Q08499,Other Enzymes,inactive_or_lower_affinity,molai,790,788,2,0.9974683544303797,8dc167c2a5daf489b9c043cf8e790e0beaa0a3af1e2bcd6fba5414a1a8ab786c
Q08499,Other Enzymes,inactive_or_lower_affinity,molformer,790,790,0,1.0,a44f41f35cc9b7b3ab19dc2f746da946974875c185483e1b01f05b25044f0f38
Q08499,Other Enzymes,inactive_or_lower_affinity,smi_ted,790,790,0,1.0,a44f41f35cc9b7b3ab19dc2f746da946974875c185483e1b01f05b25044f0f38
Q08499,Other Enzymes,inactive_or_lower_affinity,molclr_gin,790,790,0,1.0,a44f41f35cc9b7b3ab19dc2f746da946974875c185483e1b01f05b25044f0f38
Q08499,Other Enzymes,inactive_or_lower_affinity,kermt_v2,790,790,0,1.0,a44f41f35cc9b7b3ab19dc2f746da946974875c185483e1b01f05b25044f0f38
P00918,Other Enzymes,active,gmolai,54,54,0,1.0,b2e5e065dc24921533245c81de49d4c2b9e66fee01bcf80c8f677fa753c5fc33
P00918,Other Enzymes,active,morgan,54,54,0,1.0,b2e5e065dc24921533245c81de49d4c2b9e66fee01bcf80c8f677fa753c5fc33
P00918,Other Enzymes,active,molai,54,54,0,1.0,b2e5e065dc24921533245c81de49d4c2b9e66fee01bcf80c8f677fa753c5fc33
P00918,Other Enzymes,active,molformer,54,54,0,1.0,b2e5e065dc24921533245c81de49d4c2b9e66fee01bcf80c8f677fa753c5fc33
P00918,Other Enzymes,active,smi_ted,54,54,0,1.0,b2e5e065dc24921533245c81de49d4c2b9e66fee01bcf80c8f677fa753c5fc33
P00918,Other Enzymes,active,molclr_gin,54,54,0,1.0,b2e5e065dc24921533245c81de49d4c2b9e66fee01bcf80c8f677fa753c5fc33
P00918,Other Enzymes,active,kermt_v2,54,54,0,1.0,b2e5e065dc24921533245c81de49d4c2b9e66fee01bcf80c8f677fa753c5fc33
P00918,Other Enzymes,inactive_or_lower_affinity,gmolai,2205,2205,0,1.0,3e0d6a4456dc74d8abb7fa96a5a14ca5c17d88805c5f0ec800151ae2042dad29
P00918,Other Enzymes,inactive_or_lower_affinity,morgan,2205,2205,0,1.0,3e0d6a4456dc74d8abb7fa96a5a14ca5c17d88805c5f0ec800151ae2042dad29
P00918,Other Enzymes,inactive_or_lower_affinity,molai,2205,2163,42,0.9809523809523809,85c43e715eff5ae323cd2f34bf2397f1393995bfb1684dcbc0e6ddc00d427089
P00918,Other Enzymes,inactive_or_lower_affinity,molformer,2205,2205,0,1.0,3e0d6a4456dc74d8abb7fa96a5a14ca5c17d88805c5f0ec800151ae2042dad29
P00918,Other Enzymes,inactive_or_lower_affinity,smi_ted,2205,2205,0,1.0,3e0d6a4456dc74d8abb7fa96a5a14ca5c17d88805c5f0ec800151ae2042dad29
P00918,Other Enzymes,inactive_or_lower_affinity,molclr_gin,2205,2205,0,1.0,3e0d6a4456dc74d8abb7fa96a5a14ca5c17d88805c5f0ec800151ae2042dad29
P00918,Other Enzymes,inactive_or_lower_affinity,kermt_v2,2205,2205,0,1.0,3e0d6a4456dc74d8abb7fa96a5a14ca5c17d88805c5f0ec800151ae2042dad29
Q16790,Other Enzymes,active,gmolai,29,29,0,1.0,4666921356d5804964ef273da8f52e88a09593b9a1dc825d431069b93902ab64
Q16790,Other Enzymes,active,morgan,29,29,0,1.0,4666921356d5804964ef273da8f52e88a09593b9a1dc825d431069b93902ab64
Q16790,Other Enzymes,active,molai,29,29,0,1.0,4666921356d5804964ef273da8f52e88a09593b9a1dc825d431069b93902ab64
Q16790,Other Enzymes,active,molformer,29,29,0,1.0,4666921356d5804964ef273da8f52e88a09593b9a1dc825d431069b93902ab64
Q16790,Other Enzymes,active,smi_ted,29,29,0,1.0,4666921356d5804964ef273da8f52e88a09593b9a1dc825d431069b93902ab64
Q16790,Other Enzymes,active,molclr_gin,29,29,0,1.0,4666921356d5804964ef273da8f52e88a09593b9a1dc825d431069b93902ab64
Q16790,Other Enzymes,active,kermt_v2,29,29,0,1.0,4666921356d5804964ef273da8f52e88a09593b9a1dc825d431069b93902ab64
Q16790,Other Enzymes,inactive_or_lower_affinity,gmolai,1098,1098,0,1.0,0b7a5d75ac55b95cfe84310d686a907fce647979021cb14399de7f290a3dd52e
Q16790,Other Enzymes,inactive_or_lower_affinity,morgan,1098,1098,0,1.0,0b7a5d75ac55b95cfe84310d686a907fce647979021cb14399de7f290a3dd52e
Q16790,Other Enzymes,inactive_or_lower_affinity,molai,1098,1090,8,0.9927140255009107,5c195d4d697d89247df5fdfc32212c291176ebc28cf8b389d18191d17f308ebe
Q16790,Other Enzymes,inactive_or_lower_affinity,molformer,1098,1098,0,1.0,0b7a5d75ac55b95cfe84310d686a907fce647979021cb14399de7f290a3dd52e
Q16790,Other Enzymes,inactive_or_lower_affinity,smi_ted,1098,1098,0,1.0,0b7a5d75ac55b95cfe84310d686a907fce647979021cb14399de7f290a3dd52e
Q16790,Other Enzymes,inactive_or_lower_affinity,molclr_gin,1098,1098,0,1.0,0b7a5d75ac55b95cfe84310d686a907fce647979021cb14399de7f290a3dd52e
Q16790,Other Enzymes,inactive_or_lower_affinity,kermt_v2,1098,1098,0,1.0,0b7a5d75ac55b95cfe84310d686a907fce647979021cb14399de7f290a3dd52e
Q00987,Other Enzymes,active,gmolai,22,22,0,1.0,3e2a370886abdd995379953b15398f1438ea6dc1e8b22801a7c4d60a913d075f
Q00987,Other Enzymes,active,morgan,22,22,0,1.0,3e2a370886abdd995379953b15398f1438ea6dc1e8b22801a7c4d60a913d075f
Q00987,Other Enzymes,active,molai,22,22,0,1.0,3e2a370886abdd995379953b15398f1438ea6dc1e8b22801a7c4d60a913d075f
Q00987,Other Enzymes,active,molformer,22,22,0,1.0,3e2a370886abdd995379953b15398f1438ea6dc1e8b22801a7c4d60a913d075f
Q00987,Other Enzymes,active,smi_ted,22,22,0,1.0,3e2a370886abdd995379953b15398f1438ea6dc1e8b22801a7c4d60a913d075f
Q00987,Other Enzymes,active,molclr_gin,22,22,0,1.0,3e2a370886abdd995379953b15398f1438ea6dc1e8b22801a7c4d60a913d075f
Q00987,Other Enzymes,active,kermt_v2,22,22,0,1.0,3e2a370886abdd995379953b15398f1438ea6dc1e8b22801a7c4d60a913d075f
Q00987,Other Enzymes,inactive_or_lower_affinity,gmolai,887,887,0,1.0,846db74a37e2b7f91b7c779b047738ed41f1719d1c434f45d94f15dbf301d3d5
Q00987,Other Enzymes,inactive_or_lower_affinity,morgan,887,887,0,1.0,846db74a37e2b7f91b7c779b047738ed41f1719d1c434f45d94f15dbf301d3d5
Q00987,Other Enzymes,inactive_or_lower_affinity,molai,887,885,2,0.9977452085682075,13f2ee3a8a510fafcf05408c8b784bc4f177aadafbf075a87192f5e1c0874e95
Q00987,Other Enzymes,inactive_or_lower_affinity,molformer,887,887,0,1.0,846db74a37e2b7f91b7c779b047738ed41f1719d1c434f45d94f15dbf301d3d5
Q00987,Other Enzymes,inactive_or_lower_affinity,smi_ted,887,887,0,1.0,846db74a37e2b7f91b7c779b047738ed41f1719d1c434f45d94f15dbf301d3d5
Q00987,Other Enzymes,inactive_or_lower_affinity,molclr_gin,887,887,0,1.0,846db74a37e2b7f91b7c779b047738ed41f1719d1c434f45d94f15dbf301d3d5
Q00987,Other Enzymes,inactive_or_lower_affinity,kermt_v2,887,887,0,1.0,846db74a37e2b7f91b7c779b047738ed41f1719d1c434f45d94f15dbf301d3d5
P78536,Other Enzymes,active,gmolai,30,30,0,1.0,ef8fc52529a525f9721fb2a546d4444268d4438f68e0b4d28eca7435e108d7a0
P78536,Other Enzymes,active,morgan,30,30,0,1.0,ef8fc52529a525f9721fb2a546d4444268d4438f68e0b4d28eca7435e108d7a0
P78536,Other Enzymes,active,molai,30,30,0,1.0,ef8fc52529a525f9721fb2a546d4444268d4438f68e0b4d28eca7435e108d7a0
P78536,Other Enzymes,active,molformer,30,30,0,1.0,ef8fc52529a525f9721fb2a546d4444268d4438f68e0b4d28eca7435e108d7a0
P78536,Other Enzymes,active,smi_ted,30,30,0,1.0,ef8fc52529a525f9721fb2a546d4444268d4438f68e0b4d28eca7435e108d7a0
P78536,Other Enzymes,active,molclr_gin,30,30,0,1.0,ef8fc52529a525f9721fb2a546d4444268d4438f68e0b4d28eca7435e108d7a0
P78536,Other Enzymes,active,kermt_v2,30,30,0,1.0,ef8fc52529a525f9721fb2a546d4444268d4438f68e0b4d28eca7435e108d7a0
P78536,Other Enzymes,inactive_or_lower_affinity,gmolai,1228,1228,0,1.0,329d8c54879131b46d065579672828c95d3233d888a82683c7e4c3c67de22d93
P78536,Other Enzymes,inactive_or_lower_affinity,morgan,1228,1228,0,1.0,329d8c54879131b46d065579672828c95d3233d888a82683c7e4c3c67de22d93
P78536,Other Enzymes,inactive_or_lower_affinity,molai,1228,1224,4,0.996742671009772,b9f5042f641ad7c519102a75872a8f2d68a4b2f6ee081bcaa0969708a2706c39
P78536,Other Enzymes,inactive_or_lower_affinity,molformer,1228,1228,0,1.0,329d8c54879131b46d065579672828c95d3233d888a82683c7e4c3c67de22d93
P78536,Other Enzymes,inactive_or_lower_affinity,smi_ted,1228,1228,0,1.0,329d8c54879131b46d065579672828c95d3233d888a82683c7e4c3c67de22d93
P78536,Other Enzymes,inactive_or_lower_affinity,molclr_gin,1228,1228,0,1.0,329d8c54879131b46d065579672828c95d3233d888a82683c7e4c3c67de22d93
P78536,Other Enzymes,inactive_or_lower_affinity,kermt_v2,1228,1228,0,1.0,329d8c54879131b46d065579672828c95d3233d888a82683c7e4c3c67de22d93
P09874,Other Enzymes,active,gmolai,23,23,0,1.0,596a7b02d352f5f326a974cd5f4de6c455c7a230a16eacd29543790b6ce68cb0
P09874,Other Enzymes,active,morgan,23,23,0,1.0,596a7b02d352f5f326a974cd5f4de6c455c7a230a16eacd29543790b6ce68cb0
P09874,Other Enzymes,active,molai,23,23,0,1.0,596a7b02d352f5f326a974cd5f4de6c455c7a230a16eacd29543790b6ce68cb0
P09874,Other Enzymes,active,molformer,23,23,0,1.0,596a7b02d352f5f326a974cd5f4de6c455c7a230a16eacd29543790b6ce68cb0
P09874,Other Enzymes,active,smi_ted,23,23,0,1.0,596a7b02d352f5f326a974cd5f4de6c455c7a230a16eacd29543790b6ce68cb0
P09874,Other Enzymes,active,molclr_gin,23,23,0,1.0,596a7b02d352f5f326a974cd5f4de6c455c7a230a16eacd29543790b6ce68cb0
P09874,Other Enzymes,active,kermt_v2,23,23,0,1.0,596a7b02d352f5f326a974cd5f4de6c455c7a230a16eacd29543790b6ce68cb0
P09874,Other Enzymes,inactive_or_lower_affinity,gmolai,926,926,0,1.0,15266141ed991f37291819a6408a3c30837ffca3de50c1b95245854e331998ae
P09874,Other Enzymes,inactive_or_lower_affinity,morgan,926,926,0,1.0,15266141ed991f37291819a6408a3c30837ffca3de50c1b95245854e331998ae
P09874,Other Enzymes,inactive_or_lower_affinity,molai,926,926,0,1.0,15266141ed991f37291819a6408a3c30837ffca3de50c1b95245854e331998ae
P09874,Other Enzymes,inactive_or_lower_affinity,molformer,926,926,0,1.0,15266141ed991f37291819a6408a3c30837ffca3de50c1b95245854e331998ae
P09874,Other Enzymes,inactive_or_lower_affinity,smi_ted,926,926,0,1.0,15266141ed991f37291819a6408a3c30837ffca3de50c1b95245854e331998ae
P09874,Other Enzymes,inactive_or_lower_affinity,molclr_gin,926,926,0,1.0,15266141ed991f37291819a6408a3c30837ffca3de50c1b95245854e331998ae
P09874,Other Enzymes,inactive_or_lower_affinity,kermt_v2,926,926,0,1.0,15266141ed991f37291819a6408a3c30837ffca3de50c1b95245854e331998ae
P35372,GPCR,active,gmolai,61,61,0,1.0,0506878d252bb104638a7df43c0dd703d56a84e289ff2a006458c4151b77a882
P35372,GPCR,active,morgan,61,61,0,1.0,0506878d252bb104638a7df43c0dd703d56a84e289ff2a006458c4151b77a882
P35372,GPCR,active,molai,61,61,0,1.0,0506878d252bb104638a7df43c0dd703d56a84e289ff2a006458c4151b77a882
P35372,GPCR,active,molformer,61,61,0,1.0,0506878d252bb104638a7df43c0dd703d56a84e289ff2a006458c4151b77a882
P35372,GPCR,active,smi_ted,61,61,0,1.0,0506878d252bb104638a7df43c0dd703d56a84e289ff2a006458c4151b77a882
P35372,GPCR,active,molclr_gin,61,61,0,1.0,0506878d252bb104638a7df43c0dd703d56a84e289ff2a006458c4151b77a882
P35372,GPCR,active,kermt_v2,61,61,0,1.0,0506878d252bb104638a7df43c0dd703d56a84e289ff2a006458c4151b77a882
P35372,GPCR,inactive_or_lower_affinity,gmolai,2426,2426,0,1.0,8a7e0e5a305b8e1603be0d5d2f26c2cf67924b9c4c79fae4b29d3fa2945b9ba6
P35372,GPCR,inactive_or_lower_affinity,morgan,2426,2426,0,1.0,8a7e0e5a305b8e1603be0d5d2f26c2cf67924b9c4c79fae4b29d3fa2945b9ba6
P35372,GPCR,inactive_or_lower_affinity,molai,2426,2413,13,0.994641384995878,e81a54d7f785e25341f23dcbd81288582a5d1b4cb7ce40ffb5f08ba4fff9f9f6
P35372,GPCR,inactive_or_lower_affinity,molformer,2426,2426,0,1.0,8a7e0e5a305b8e1603be0d5d2f26c2cf67924b9c4c79fae4b29d3fa2945b9ba6
P35372,GPCR,inactive_or_lower_affinity,smi_ted,2426,2426,0,1.0,8a7e0e5a305b8e1603be0d5d2f26c2cf67924b9c4c79fae4b29d3fa2945b9ba6
P35372,GPCR,inactive_or_lower_affinity,molclr_gin,2426,2426,0,1.0,8a7e0e5a305b8e1603be0d5d2f26c2cf67924b9c4c79fae4b29d3fa2945b9ba6
P35372,GPCR,inactive_or_lower_affinity,kermt_v2,2426,2426,0,1.0,8a7e0e5a305b8e1603be0d5d2f26c2cf67924b9c4c79fae4b29d3fa2945b9ba6
P20309,GPCR,active,gmolai,19,19,0,1.0,4a98417c3ffec6a4e47ba7f9503ebc20b64cd0edadec23e3e4683b49704f031a
P20309,GPCR,active,morgan,19,19,0,1.0,4a98417c3ffec6a4e47ba7f9503ebc20b64cd0edadec23e3e4683b49704f031a
P20309,GPCR,active,molai,19,19,0,1.0,4a98417c3ffec6a4e47ba7f9503ebc20b64cd0edadec23e3e4683b49704f031a
P20309,GPCR,active,molformer,19,19,0,1.0,4a98417c3ffec6a4e47ba7f9503ebc20b64cd0edadec23e3e4683b49704f031a
P20309,GPCR,active,smi_ted,19,19,0,1.0,4a98417c3ffec6a4e47ba7f9503ebc20b64cd0edadec23e3e4683b49704f031a
P20309,GPCR,active,molclr_gin,19,19,0,1.0,4a98417c3ffec6a4e47ba7f9503ebc20b64cd0edadec23e3e4683b49704f031a
P20309,GPCR,active,kermt_v2,19,19,0,1.0,4a98417c3ffec6a4e47ba7f9503ebc20b64cd0edadec23e3e4683b49704f031a
P20309,GPCR,inactive_or_lower_affinity,gmolai,803,803,0,1.0,208dc11547edb331228d79abab838481bb6b5bbf7200c92706f45b22ce24634f
P20309,GPCR,inactive_or_lower_affinity,morgan,803,803,0,1.0,208dc11547edb331228d79abab838481bb6b5bbf7200c92706f45b22ce24634f
P20309,GPCR,inactive_or_lower_affinity,molai,803,803,0,1.0,208dc11547edb331228d79abab838481bb6b5bbf7200c92706f45b22ce24634f
P20309,GPCR,inactive_or_lower_affinity,molformer,803,801,2,0.9975093399750934,5f8e54f3f32840a10befd8bd097020ea17821371c0254b533b92a43318d1d0aa
P20309,GPCR,inactive_or_lower_affinity,smi_ted,803,803,0,1.0,208dc11547edb331228d79abab838481bb6b5bbf7200c92706f45b22ce24634f
P20309,GPCR,inactive_or_lower_affinity,molclr_gin,803,803,0,1.0,208dc11547edb331228d79abab838481bb6b5bbf7200c92706f45b22ce24634f
P20309,GPCR,inactive_or_lower_affinity,kermt_v2,803,803,0,1.0,208dc11547edb331228d79abab838481bb6b5bbf7200c92706f45b22ce24634f
P41143,GPCR,active,gmolai,58,58,0,1.0,7083498a9836a26ddc2ae9d5ba425ad530411a80c9507aaeff013b56b8e5227f
P41143,GPCR,active,morgan,58,58,0,1.0,7083498a9836a26ddc2ae9d5ba425ad530411a80c9507aaeff013b56b8e5227f
P41143,GPCR,active,molai,58,58,0,1.0,7083498a9836a26ddc2ae9d5ba425ad530411a80c9507aaeff013b56b8e5227f
P41143,GPCR,active,molformer,58,58,0,1.0,7083498a9836a26ddc2ae9d5ba425ad530411a80c9507aaeff013b56b8e5227f
P41143,GPCR,active,smi_ted,58,58,0,1.0,7083498a9836a26ddc2ae9d5ba425ad530411a80c9507aaeff013b56b8e5227f
P41143,GPCR,active,molclr_gin,58,58,0,1.0,7083498a9836a26ddc2ae9d5ba425ad530411a80c9507aaeff013b56b8e5227f
P41143,GPCR,active,kermt_v2,58,58,0,1.0,7083498a9836a26ddc2ae9d5ba425ad530411a80c9507aaeff013b56b8e5227f
P41143,GPCR,inactive_or_lower_affinity,gmolai,2351,2351,0,1.0,4dcc1573d6942febb681c56de106d3f69f9c0b99ab02c0955572ffdc8d71e873
P41143,GPCR,inactive_or_lower_affinity,morgan,2351,2351,0,1.0,4dcc1573d6942febb681c56de106d3f69f9c0b99ab02c0955572ffdc8d71e873
P41143,GPCR,inactive_or_lower_affinity,molai,2351,2340,11,0.9953211399404509,79dfa568f2b8f34a95df8dd37e8d4eddb51df6bfb768779d8adb9dbf0b4d5490
P41143,GPCR,inactive_or_lower_affinity,molformer,2351,2351,0,1.0,4dcc1573d6942febb681c56de106d3f69f9c0b99ab02c0955572ffdc8d71e873
P41143,GPCR,inactive_or_lower_affinity,smi_ted,2351,2351,0,1.0,4dcc1573d6942febb681c56de106d3f69f9c0b99ab02c0955572ffdc8d71e873
P41143,GPCR,inactive_or_lower_affinity,molclr_gin,2351,2351,0,1.0,4dcc1573d6942febb681c56de106d3f69f9c0b99ab02c0955572ffdc8d71e873
P41143,GPCR,inactive_or_lower_affinity,kermt_v2,2351,2351,0,1.0,4dcc1573d6942febb681c56de106d3f69f9c0b99ab02c0955572ffdc8d71e873
P35462,GPCR,active,gmolai,22,22,0,1.0,414171fa556a9dd577b392125aa4022cacb816463faa2fade4cebdd1cfc9ab91
P35462,GPCR,active,morgan,22,22,0,1.0,414171fa556a9dd577b392125aa4022cacb816463faa2fade4cebdd1cfc9ab91
P35462,GPCR,active,molai,22,22,0,1.0,414171fa556a9dd577b392125aa4022cacb816463faa2fade4cebdd1cfc9ab91
P35462,GPCR,active,molformer,22,22,0,1.0,414171fa556a9dd577b392125aa4022cacb816463faa2fade4cebdd1cfc9ab91
P35462,GPCR,active,smi_ted,22,22,0,1.0,414171fa556a9dd577b392125aa4022cacb816463faa2fade4cebdd1cfc9ab91
P35462,GPCR,active,molclr_gin,22,22,0,1.0,414171fa556a9dd577b392125aa4022cacb816463faa2fade4cebdd1cfc9ab91
P35462,GPCR,active,kermt_v2,22,22,0,1.0,414171fa556a9dd577b392125aa4022cacb816463faa2fade4cebdd1cfc9ab91
P35462,GPCR,inactive_or_lower_affinity,gmolai,920,920,0,1.0,5619550ee2c854dfbc9c97df53a7cd4ed2f5539ab4fcb93b2d30e8a4001e884a
P35462,GPCR,inactive_or_lower_affinity,morgan,920,920,0,1.0,5619550ee2c854dfbc9c97df53a7cd4ed2f5539ab4fcb93b2d30e8a4001e884a
P35462,GPCR,inactive_or_lower_affinity,molai,920,916,4,0.9956521739130435,606564ad6b79e56a74d22a684caebaca3f0c98d50d90e5c53018798afd999fdd
P35462,GPCR,inactive_or_lower_affinity,molformer,920,920,0,1.0,5619550ee2c854dfbc9c97df53a7cd4ed2f5539ab4fcb93b2d30e8a4001e884a
P35462,GPCR,inactive_or_lower_affinity,smi_ted,920,920,0,1.0,5619550ee2c854dfbc9c97df53a7cd4ed2f5539ab4fcb93b2d30e8a4001e884a
P35462,GPCR,inactive_or_lower_affinity,molclr_gin,920,920,0,1.0,5619550ee2c854dfbc9c97df53a7cd4ed2f5539ab4fcb93b2d30e8a4001e884a
P35462,GPCR,inactive_or_lower_affinity,kermt_v2,920,920,0,1.0,5619550ee2c854dfbc9c97df53a7cd4ed2f5539ab4fcb93b2d30e8a4001e884a
P07550,GPCR,active,gmolai,16,16,0,1.0,c9979a569aa045d23ea6179a2401ebe8dab27386c548262df616ce78e55c64a9
P07550,GPCR,active,morgan,16,16,0,1.0,c9979a569aa045d23ea6179a2401ebe8dab27386c548262df616ce78e55c64a9
P07550,GPCR,active,molai,16,16,0,1.0,c9979a569aa045d23ea6179a2401ebe8dab27386c548262df616ce78e55c64a9
P07550,GPCR,active,molformer,16,16,0,1.0,c9979a569aa045d23ea6179a2401ebe8dab27386c548262df616ce78e55c64a9
P07550,GPCR,active,smi_ted,16,16,0,1.0,c9979a569aa045d23ea6179a2401ebe8dab27386c548262df616ce78e55c64a9
P07550,GPCR,active,molclr_gin,16,16,0,1.0,c9979a569aa045d23ea6179a2401ebe8dab27386c548262df616ce78e55c64a9
P07550,GPCR,active,kermt_v2,16,16,0,1.0,c9979a569aa045d23ea6179a2401ebe8dab27386c548262df616ce78e55c64a9
P07550,GPCR,inactive_or_lower_affinity,gmolai,735,735,0,1.0,254c89d1b3a28e0e4637a20bf0218cef16c54aee5fb860a5b9ceae7905704600
P07550,GPCR,inactive_or_lower_affinity,morgan,735,735,0,1.0,254c89d1b3a28e0e4637a20bf0218cef16c54aee5fb860a5b9ceae7905704600
P07550,GPCR,inactive_or_lower_affinity,molai,735,735,0,1.0,254c89d1b3a28e0e4637a20bf0218cef16c54aee5fb860a5b9ceae7905704600
P07550,GPCR,inactive_or_lower_affinity,molformer,735,735,0,1.0,254c89d1b3a28e0e4637a20bf0218cef16c54aee5fb860a5b9ceae7905704600
P07550,GPCR,inactive_or_lower_affinity,smi_ted,735,735,0,1.0,254c89d1b3a28e0e4637a20bf0218cef16c54aee5fb860a5b9ceae7905704600
P07550,GPCR,inactive_or_lower_affinity,molclr_gin,735,735,0,1.0,254c89d1b3a28e0e4637a20bf0218cef16c54aee5fb860a5b9ceae7905704600
P07550,GPCR,inactive_or_lower_affinity,kermt_v2,735,735,0,1.0,254c89d1b3a28e0e4637a20bf0218cef16c54aee5fb860a5b9ceae7905704600
P14416,GPCR,active,gmolai,70,70,0,1.0,bf75a14e7a09f6ba82ca065accb1ab5e7e23cb0da2dc60862957ae09c577e80f
P14416,GPCR,active,morgan,70,70,0,1.0,bf75a14e7a09f6ba82ca065accb1ab5e7e23cb0da2dc60862957ae09c577e80f
P14416,GPCR,active,molai,70,70,0,1.0,bf75a14e7a09f6ba82ca065accb1ab5e7e23cb0da2dc60862957ae09c577e80f
P14416,GPCR,active,molformer,70,70,0,1.0,bf75a14e7a09f6ba82ca065accb1ab5e7e23cb0da2dc60862957ae09c577e80f
P14416,GPCR,active,smi_ted,70,70,0,1.0,bf75a14e7a09f6ba82ca065accb1ab5e7e23cb0da2dc60862957ae09c577e80f
P14416,GPCR,active,molclr_gin,70,70,0,1.0,bf75a14e7a09f6ba82ca065accb1ab5e7e23cb0da2dc60862957ae09c577e80f
P14416,GPCR,active,kermt_v2,70,70,0,1.0,bf75a14e7a09f6ba82ca065accb1ab5e7e23cb0da2dc60862957ae09c577e80f
P14416,GPCR,inactive_or_lower_affinity,gmolai,2796,2796,0,1.0,10d63931e1866bcac87f503cf3f2ce6ced849ec2f20a7fd74445bf8c99708749
P14416,GPCR,inactive_or_lower_affinity,morgan,2796,2796,0,1.0,10d63931e1866bcac87f503cf3f2ce6ced849ec2f20a7fd74445bf8c99708749
P14416,GPCR,inactive_or_lower_affinity,molai,2796,2791,5,0.998211731044349,0f57fca799fb4dfee30070cf331adc1c08e2419b6e516013c02edfd459b19376
P14416,GPCR,inactive_or_lower_affinity,molformer,2796,2796,0,1.0,10d63931e1866bcac87f503cf3f2ce6ced849ec2f20a7fd74445bf8c99708749
P14416,GPCR,inactive_or_lower_affinity,smi_ted,2796,2796,0,1.0,10d63931e1866bcac87f503cf3f2ce6ced849ec2f20a7fd74445bf8c99708749
P14416,GPCR,inactive_or_lower_affinity,molclr_gin,2796,2796,0,1.0,10d63931e1866bcac87f503cf3f2ce6ced849ec2f20a7fd74445bf8c99708749
P14416,GPCR,inactive_or_lower_affinity,kermt_v2,2796,2796,0,1.0,10d63931e1866bcac87f503cf3f2ce6ced849ec2f20a7fd74445bf8c99708749
P08172,GPCR,active,gmolai,16,16,0,1.0,4ce6c6474f9d5293b7ad6488185606bc2419d834a32e91bc6944af999ef5d8af
P08172,GPCR,active,morgan,16,16,0,1.0,4ce6c6474f9d5293b7ad6488185606bc2419d834a32e91bc6944af999ef5d8af
P08172,GPCR,active,molai,16,16,0,1.0,4ce6c6474f9d5293b7ad6488185606bc2419d834a32e91bc6944af999ef5d8af
P08172,GPCR,active,molformer,16,16,0,1.0,4ce6c6474f9d5293b7ad6488185606bc2419d834a32e91bc6944af999ef5d8af
P08172,GPCR,active,smi_ted,16,16,0,1.0,4ce6c6474f9d5293b7ad6488185606bc2419d834a32e91bc6944af999ef5d8af
P08172,GPCR,active,molclr_gin,16,16,0,1.0,4ce6c6474f9d5293b7ad6488185606bc2419d834a32e91bc6944af999ef5d8af
P08172,GPCR,active,kermt_v2,16,16,0,1.0,4ce6c6474f9d5293b7ad6488185606bc2419d834a32e91bc6944af999ef5d8af
P08172,GPCR,inactive_or_lower_affinity,gmolai,713,713,0,1.0,06cb84de094a1b1597327d89bdefd935fbfebbdf5d74ed2ebe9852b52acda2de
P08172,GPCR,inactive_or_lower_affinity,morgan,713,713,0,1.0,06cb84de094a1b1597327d89bdefd935fbfebbdf5d74ed2ebe9852b52acda2de
P08172,GPCR,inactive_or_lower_affinity,molai,713,713,0,1.0,06cb84de094a1b1597327d89bdefd935fbfebbdf5d74ed2ebe9852b52acda2de
P08172,GPCR,inactive_or_lower_affinity,molformer,713,713,0,1.0,06cb84de094a1b1597327d89bdefd935fbfebbdf5d74ed2ebe9852b52acda2de
P08172,GPCR,inactive_or_lower_affinity,smi_ted,713,713,0,1.0,06cb84de094a1b1597327d89bdefd935fbfebbdf5d74ed2ebe9852b52acda2de
P08172,GPCR,inactive_or_lower_affinity,molclr_gin,713,713,0,1.0,06cb84de094a1b1597327d89bdefd935fbfebbdf5d74ed2ebe9852b52acda2de
P08172,GPCR,inactive_or_lower_affinity,kermt_v2,713,713,0,1.0,06cb84de094a1b1597327d89bdefd935fbfebbdf5d74ed2ebe9852b52acda2de
P34969,GPCR,active,gmolai,20,20,0,1.0,a967f0048e36ce74591a621d2dfbe182cecf65aaae9e02d525f24667cc0f3816
P34969,GPCR,active,morgan,20,20,0,1.0,a967f0048e36ce74591a621d2dfbe182cecf65aaae9e02d525f24667cc0f3816
P34969,GPCR,active,molai,20,20,0,1.0,a967f0048e36ce74591a621d2dfbe182cecf65aaae9e02d525f24667cc0f3816
P34969,GPCR,active,molformer,20,20,0,1.0,a967f0048e36ce74591a621d2dfbe182cecf65aaae9e02d525f24667cc0f3816
P34969,GPCR,active,smi_ted,20,20,0,1.0,a967f0048e36ce74591a621d2dfbe182cecf65aaae9e02d525f24667cc0f3816
P34969,GPCR,active,molclr_gin,20,20,0,1.0,a967f0048e36ce74591a621d2dfbe182cecf65aaae9e02d525f24667cc0f3816
P34969,GPCR,active,kermt_v2,20,20,0,1.0,a967f0048e36ce74591a621d2dfbe182cecf65aaae9e02d525f24667cc0f3816
P34969,GPCR,inactive_or_lower_affinity,gmolai,791,791,0,1.0,f71b84ad92110f4474b981da30821525d7cccc4b7cf331d23bf676dddc89fb14
P34969,GPCR,inactive_or_lower_affinity,morgan,791,791,0,1.0,f71b84ad92110f4474b981da30821525d7cccc4b7cf331d23bf676dddc89fb14
P34969,GPCR,inactive_or_lower_affinity,molai,791,791,0,1.0,f71b84ad92110f4474b981da30821525d7cccc4b7cf331d23bf676dddc89fb14
P34969,GPCR,inactive_or_lower_affinity,molformer,791,791,0,1.0,f71b84ad92110f4474b981da30821525d7cccc4b7cf331d23bf676dddc89fb14
P34969,GPCR,inactive_or_lower_affinity,smi_ted,791,791,0,1.0,f71b84ad92110f4474b981da30821525d7cccc4b7cf331d23bf676dddc89fb14
P34969,GPCR,inactive_or_lower_affinity,molclr_gin,791,791,0,1.0,f71b84ad92110f4474b981da30821525d7cccc4b7cf331d23bf676dddc89fb14
P34969,GPCR,inactive_or_lower_affinity,kermt_v2,791,791,0,1.0,f71b84ad92110f4474b981da30821525d7cccc4b7cf331d23bf676dddc89fb14
P08908,GPCR,active,gmolai,33,33,0,1.0,bc484043380a38f1e8caaf71ab142b6953354ffd8af062c4524204011f7ad41b
P08908,GPCR,active,morgan,33,33,0,1.0,bc484043380a38f1e8caaf71ab142b6953354ffd8af062c4524204011f7ad41b
P08908,GPCR,active,molai,33,33,0,1.0,bc484043380a38f1e8caaf71ab142b6953354ffd8af062c4524204011f7ad41b
P08908,GPCR,active,molformer,33,33,0,1.0,bc484043380a38f1e8caaf71ab142b6953354ffd8af062c4524204011f7ad41b
P08908,GPCR,active,smi_ted,33,33,0,1.0,bc484043380a38f1e8caaf71ab142b6953354ffd8af062c4524204011f7ad41b
P08908,GPCR,active,molclr_gin,33,33,0,1.0,bc484043380a38f1e8caaf71ab142b6953354ffd8af062c4524204011f7ad41b
P08908,GPCR,active,kermt_v2,33,33,0,1.0,bc484043380a38f1e8caaf71ab142b6953354ffd8af062c4524204011f7ad41b
P08908,GPCR,inactive_or_lower_affinity,gmolai,1308,1308,0,1.0,46d2f6464759dfd81a3920deb22859dfe0afe3c56526458a2882f753cd4493f6
P08908,GPCR,inactive_or_lower_affinity,morgan,1308,1308,0,1.0,46d2f6464759dfd81a3920deb22859dfe0afe3c56526458a2882f753cd4493f6
P08908,GPCR,inactive_or_lower_affinity,molai,1308,1307,1,0.9992354740061162,652ca22a01ff4a79b5c4b0b9be2a8e9a4ac977d67048d200b3c5da246a91f71f
P08908,GPCR,inactive_or_lower_affinity,molformer,1308,1308,0,1.0,46d2f6464759dfd81a3920deb22859dfe0afe3c56526458a2882f753cd4493f6
P08908,GPCR,inactive_or_lower_affinity,smi_ted,1308,1308,0,1.0,46d2f6464759dfd81a3920deb22859dfe0afe3c56526458a2882f753cd4493f6
P08908,GPCR,inactive_or_lower_affinity,molclr_gin,1308,1308,0,1.0,46d2f6464759dfd81a3920deb22859dfe0afe3c56526458a2882f753cd4493f6
P08908,GPCR,inactive_or_lower_affinity,kermt_v2,1308,1308,0,1.0,46d2f6464759dfd81a3920deb22859dfe0afe3c56526458a2882f753cd4493f6
P28335,GPCR,active,gmolai,25,25,0,1.0,9d3766dc981b2360ff52ea012ea0fbaa09e07c4c8c67d55fb06cf0f2289a68a7
P28335,GPCR,active,morgan,25,25,0,1.0,9d3766dc981b2360ff52ea012ea0fbaa09e07c4c8c67d55fb06cf0f2289a68a7
P28335,GPCR,active,molai,25,25,0,1.0,9d3766dc981b2360ff52ea012ea0fbaa09e07c4c8c67d55fb06cf0f2289a68a7
P28335,GPCR,active,molformer,25,25,0,1.0,9d3766dc981b2360ff52ea012ea0fbaa09e07c4c8c67d55fb06cf0f2289a68a7
P28335,GPCR,active,smi_ted,25,25,0,1.0,9d3766dc981b2360ff52ea012ea0fbaa09e07c4c8c67d55fb06cf0f2289a68a7
P28335,GPCR,active,molclr_gin,25,25,0,1.0,9d3766dc981b2360ff52ea012ea0fbaa09e07c4c8c67d55fb06cf0f2289a68a7
P28335,GPCR,active,kermt_v2,25,25,0,1.0,9d3766dc981b2360ff52ea012ea0fbaa09e07c4c8c67d55fb06cf0f2289a68a7
P28335,GPCR,inactive_or_lower_affinity,gmolai,1048,1048,0,1.0,02013a80b9441a4d13db693578d2300c6aaf9383f0b8cd6ea0914f59963d933e
P28335,GPCR,inactive_or_lower_affinity,morgan,1048,1048,0,1.0,02013a80b9441a4d13db693578d2300c6aaf9383f0b8cd6ea0914f59963d933e
P28335,GPCR,inactive_or_lower_affinity,molai,1048,1048,0,1.0,02013a80b9441a4d13db693578d2300c6aaf9383f0b8cd6ea0914f59963d933e
P28335,GPCR,inactive_or_lower_affinity,molformer,1048,1048,0,1.0,02013a80b9441a4d13db693578d2300c6aaf9383f0b8cd6ea0914f59963d933e
P28335,GPCR,inactive_or_lower_affinity,smi_ted,1048,1048,0,1.0,02013a80b9441a4d13db693578d2300c6aaf9383f0b8cd6ea0914f59963d933e
P28335,GPCR,inactive_or_lower_affinity,molclr_gin,1048,1048,0,1.0,02013a80b9441a4d13db693578d2300c6aaf9383f0b8cd6ea0914f59963d933e
P28335,GPCR,inactive_or_lower_affinity,kermt_v2,1048,1048,0,1.0,02013a80b9441a4d13db693578d2300c6aaf9383f0b8cd6ea0914f59963d933e
P30542,GPCR,active,gmolai,44,44,0,1.0,93b485138f59bfc68e397218465f52b0f217ed90b8dcdbbec3794dd62f8b41b1
P30542,GPCR,active,morgan,44,44,0,1.0,93b485138f59bfc68e397218465f52b0f217ed90b8dcdbbec3794dd62f8b41b1
P30542,GPCR,active,molai,44,44,0,1.0,93b485138f59bfc68e397218465f52b0f217ed90b8dcdbbec3794dd62f8b41b1
P30542,GPCR,active,molformer,44,44,0,1.0,93b485138f59bfc68e397218465f52b0f217ed90b8dcdbbec3794dd62f8b41b1
P30542,GPCR,active,smi_ted,44,44,0,1.0,93b485138f59bfc68e397218465f52b0f217ed90b8dcdbbec3794dd62f8b41b1
P30542,GPCR,active,molclr_gin,44,44,0,1.0,93b485138f59bfc68e397218465f52b0f217ed90b8dcdbbec3794dd62f8b41b1
P30542,GPCR,active,kermt_v2,44,44,0,1.0,93b485138f59bfc68e397218465f52b0f217ed90b8dcdbbec3794dd62f8b41b1
P30542,GPCR,inactive_or_lower_affinity,gmolai,1765,1765,0,1.0,1baee9a03d199513cbbc9a488c2fb6bf460ec3328b223699f22ae49e9b818455
P30542,GPCR,inactive_or_lower_affinity,morgan,1765,1765,0,1.0,1baee9a03d199513cbbc9a488c2fb6bf460ec3328b223699f22ae49e9b818455
P30542,GPCR,inactive_or_lower_affinity,molai,1765,1764,1,0.9994334277620397,3d3016e5de9a4461b4747a2eccd39ea206f87d7317eeb1eb10c6d0e6127ea235
P30542,GPCR,inactive_or_lower_affinity,molformer,1765,1765,0,1.0,1baee9a03d199513cbbc9a488c2fb6bf460ec3328b223699f22ae49e9b818455
P30542,GPCR,inactive_or_lower_affinity,smi_ted,1765,1765,0,1.0,1baee9a03d199513cbbc9a488c2fb6bf460ec3328b223699f22ae49e9b818455
P30542,GPCR,inactive_or_lower_affinity,molclr_gin,1765,1765,0,1.0,1baee9a03d199513cbbc9a488c2fb6bf460ec3328b223699f22ae49e9b818455
P30542,GPCR,inactive_or_lower_affinity,kermt_v2,1765,1765,0,1.0,1baee9a03d199513cbbc9a488c2fb6bf460ec3328b223699f22ae49e9b818455
P29274,GPCR,active,gmolai,53,53,0,1.0,e1bfcabd84750a7583ffb09db126364740309a65409790fae3e300550f50bf26
P29274,GPCR,active,morgan,53,53,0,1.0,e1bfcabd84750a7583ffb09db126364740309a65409790fae3e300550f50bf26
P29274,GPCR,active,molai,53,53,0,1.0,e1bfcabd84750a7583ffb09db126364740309a65409790fae3e300550f50bf26
P29274,GPCR,active,molformer,53,53,0,1.0,e1bfcabd84750a7583ffb09db126364740309a65409790fae3e300550f50bf26
P29274,GPCR,active,smi_ted,53,53,0,1.0,e1bfcabd84750a7583ffb09db126364740309a65409790fae3e300550f50bf26
P29274,GPCR,active,molclr_gin,53,53,0,1.0,e1bfcabd84750a7583ffb09db126364740309a65409790fae3e300550f50bf26
P29274,GPCR,active,kermt_v2,53,53,0,1.0,e1bfcabd84750a7583ffb09db126364740309a65409790fae3e300550f50bf26
P29274,GPCR,inactive_or_lower_affinity,gmolai,2102,2102,0,1.0,433ae45c0cbafcfe1794779ce2d524f6e9e45ecbdba1047e4a8147044e39669a
P29274,GPCR,inactive_or_lower_affinity,morgan,2102,2102,0,1.0,433ae45c0cbafcfe1794779ce2d524f6e9e45ecbdba1047e4a8147044e39669a
P29274,GPCR,inactive_or_lower_affinity,molai,2102,2098,4,0.9980970504281637,8c1015fa73be463e151d929167dee48da88ed2ef57d55df8b13c349a52a182d2
P29274,GPCR,inactive_or_lower_affinity,molformer,2102,2102,0,1.0,433ae45c0cbafcfe1794779ce2d524f6e9e45ecbdba1047e4a8147044e39669a
P29274,GPCR,inactive_or_lower_affinity,smi_ted,2102,2102,0,1.0,433ae45c0cbafcfe1794779ce2d524f6e9e45ecbdba1047e4a8147044e39669a
P29274,GPCR,inactive_or_lower_affinity,molclr_gin,2102,2102,0,1.0,433ae45c0cbafcfe1794779ce2d524f6e9e45ecbdba1047e4a8147044e39669a
P29274,GPCR,inactive_or_lower_affinity,kermt_v2,2102,2102,0,1.0,433ae45c0cbafcfe1794779ce2d524f6e9e45ecbdba1047e4a8147044e39669a
P34972,GPCR,active,gmolai,70,70,0,1.0,ef075b25eb96b10647a1c56b9a702024de1f29c6afb1af26aae8c9e0d40bbfc1
P34972,GPCR,active,morgan,70,70,0,1.0,ef075b25eb96b10647a1c56b9a702024de1f29c6afb1af26aae8c9e0d40bbfc1
P34972,GPCR,active,molai,70,70,0,1.0,ef075b25eb96b10647a1c56b9a702024de1f29c6afb1af26aae8c9e0d40bbfc1
P34972,GPCR,active,molformer,70,70,0,1.0,ef075b25eb96b10647a1c56b9a702024de1f29c6afb1af26aae8c9e0d40bbfc1
P34972,GPCR,active,smi_ted,70,70,0,1.0,ef075b25eb96b10647a1c56b9a702024de1f29c6afb1af26aae8c9e0d40bbfc1
P34972,GPCR,active,molclr_gin,70,70,0,1.0,ef075b25eb96b10647a1c56b9a702024de1f29c6afb1af26aae8c9e0d40bbfc1
P34972,GPCR,active,kermt_v2,70,70,0,1.0,ef075b25eb96b10647a1c56b9a702024de1f29c6afb1af26aae8c9e0d40bbfc1
P34972,GPCR,inactive_or_lower_affinity,gmolai,2798,2798,0,1.0,925c7a970f47cd1e8f625fac8af7e78cb72eeba4cc79c22951592064325bd664
P34972,GPCR,inactive_or_lower_affinity,morgan,2798,2798,0,1.0,925c7a970f47cd1e8f625fac8af7e78cb72eeba4cc79c22951592064325bd664
P34972,GPCR,inactive_or_lower_affinity,molai,2798,2797,1,0.9996426018584703,b3b0095dc5d075503594457b19bfa89fb3a08fb1980b3d4fbecc6128578aed65
P34972,GPCR,inactive_or_lower_affinity,molformer,2798,2798,0,1.0,925c7a970f47cd1e8f625fac8af7e78cb72eeba4cc79c22951592064325bd664
P34972,GPCR,inactive_or_lower_affinity,smi_ted,2798,2798,0,1.0,925c7a970f47cd1e8f625fac8af7e78cb72eeba4cc79c22951592064325bd664
P34972,GPCR,inactive_or_lower_affinity,molclr_gin,2798,2798,0,1.0,925c7a970f47cd1e8f625fac8af7e78cb72eeba4cc79c22951592064325bd664
P34972,GPCR,inactive_or_lower_affinity,kermt_v2,2798,2798,0,1.0,925c7a970f47cd1e8f625fac8af7e78cb72eeba4cc79c22951592064325bd664
P21453,GPCR,active,gmolai,31,31,0,1.0,713604c5aae6e6977307e35b3f332b430e382cc68250a72b2ed3b66dbe8c26b7
P21453,GPCR,active,morgan,31,31,0,1.0,713604c5aae6e6977307e35b3f332b430e382cc68250a72b2ed3b66dbe8c26b7
P21453,GPCR,active,molai,31,31,0,1.0,713604c5aae6e6977307e35b3f332b430e382cc68250a72b2ed3b66dbe8c26b7
P21453,GPCR,active,molformer,31,31,0,1.0,713604c5aae6e6977307e35b3f332b430e382cc68250a72b2ed3b66dbe8c26b7
P21453,GPCR,active,smi_ted,31,31,0,1.0,713604c5aae6e6977307e35b3f332b430e382cc68250a72b2ed3b66dbe8c26b7
P21453,GPCR,active,molclr_gin,31,31,0,1.0,713604c5aae6e6977307e35b3f332b430e382cc68250a72b2ed3b66dbe8c26b7
P21453,GPCR,active,kermt_v2,31,31,0,1.0,713604c5aae6e6977307e35b3f332b430e382cc68250a72b2ed3b66dbe8c26b7
P21453,GPCR,inactive_or_lower_affinity,gmolai,1234,1234,0,1.0,1b2471ffd91a99404b98b22bac325e3f13d70fdb285fd51edd6d0cc2d5f6b8cf
P21453,GPCR,inactive_or_lower_affinity,morgan,1234,1234,0,1.0,1b2471ffd91a99404b98b22bac325e3f13d70fdb285fd51edd6d0cc2d5f6b8cf
P21453,GPCR,inactive_or_lower_affinity,molai,1234,1233,1,0.9991896272285251,1cdb1276b7fc50e8437234a8d441145e1f4614df6d8fd3c30d7e819fdd2b394b
P21453,GPCR,inactive_or_lower_affinity,molformer,1234,1234,0,1.0,1b2471ffd91a99404b98b22bac325e3f13d70fdb285fd51edd6d0cc2d5f6b8cf
P21453,GPCR,inactive_or_lower_affinity,smi_ted,1234,1234,0,1.0,1b2471ffd91a99404b98b22bac325e3f13d70fdb285fd51edd6d0cc2d5f6b8cf
P21453,GPCR,inactive_or_lower_affinity,molclr_gin,1234,1234,0,1.0,1b2471ffd91a99404b98b22bac325e3f13d70fdb285fd51edd6d0cc2d5f6b8cf
P21453,GPCR,inactive_or_lower_affinity,kermt_v2,1234,1234,0,1.0,1b2471ffd91a99404b98b22bac325e3f13d70fdb285fd51edd6d0cc2d5f6b8cf
O43614,GPCR,active,gmolai,53,53,0,1.0,729cfec3cc00649e7e7b8726c682ffdec6a098c145748a310fb32e79ebf988a2
O43614,GPCR,active,morgan,53,53,0,1.0,729cfec3cc00649e7e7b8726c682ffdec6a098c145748a310fb32e79ebf988a2
O43614,GPCR,active,molai,53,53,0,1.0,729cfec3cc00649e7e7b8726c682ffdec6a098c145748a310fb32e79ebf988a2
O43614,GPCR,active,molformer,53,53,0,1.0,729cfec3cc00649e7e7b8726c682ffdec6a098c145748a310fb32e79ebf988a2
O43614,GPCR,active,smi_ted,53,53,0,1.0,729cfec3cc00649e7e7b8726c682ffdec6a098c145748a310fb32e79ebf988a2
O43614,GPCR,active,molclr_gin,53,53,0,1.0,729cfec3cc00649e7e7b8726c682ffdec6a098c145748a310fb32e79ebf988a2
O43614,GPCR,active,kermt_v2,53,53,0,1.0,729cfec3cc00649e7e7b8726c682ffdec6a098c145748a310fb32e79ebf988a2
O43614,GPCR,inactive_or_lower_affinity,gmolai,2161,2161,0,1.0,f587892cfe12d148acfd888b9d0f17ea7091291549e6660f3c9297f5beda6a3d
O43614,GPCR,inactive_or_lower_affinity,morgan,2161,2161,0,1.0,f587892cfe12d148acfd888b9d0f17ea7091291549e6660f3c9297f5beda6a3d
O43614,GPCR,inactive_or_lower_affinity,molai,2161,2161,0,1.0,f587892cfe12d148acfd888b9d0f17ea7091291549e6660f3c9297f5beda6a3d
O43614,GPCR,inactive_or_lower_affinity,molformer,2161,2161,0,1.0,f587892cfe12d148acfd888b9d0f17ea7091291549e6660f3c9297f5beda6a3d
O43614,GPCR,inactive_or_lower_affinity,smi_ted,2161,2161,0,1.0,f587892cfe12d148acfd888b9d0f17ea7091291549e6660f3c9297f5beda6a3d
O43614,GPCR,inactive_or_lower_affinity,molclr_gin,2161,2161,0,1.0,f587892cfe12d148acfd888b9d0f17ea7091291549e6660f3c9297f5beda6a3d
O43614,GPCR,inactive_or_lower_affinity,kermt_v2,2161,2161,0,1.0,f587892cfe12d148acfd888b9d0f17ea7091291549e6660f3c9297f5beda6a3d
P28223,GPCR,active,gmolai,33,33,0,1.0,1847236cc3e193b5e5658d1f4fc893471a8d37ab44e7f58602a87244eb1b85c5
P28223,GPCR,active,morgan,33,33,0,1.0,1847236cc3e193b5e5658d1f4fc893471a8d37ab44e7f58602a87244eb1b85c5
P28223,GPCR,active,molai,33,33,0,1.0,1847236cc3e193b5e5658d1f4fc893471a8d37ab44e7f58602a87244eb1b85c5
P28223,GPCR,active,molformer,33,33,0,1.0,1847236cc3e193b5e5658d1f4fc893471a8d37ab44e7f58602a87244eb1b85c5
P28223,GPCR,active,smi_ted,33,33,0,1.0,1847236cc3e193b5e5658d1f4fc893471a8d37ab44e7f58602a87244eb1b85c5
P28223,GPCR,active,molclr_gin,33,33,0,1.0,1847236cc3e193b5e5658d1f4fc893471a8d37ab44e7f58602a87244eb1b85c5
P28223,GPCR,active,kermt_v2,33,33,0,1.0,1847236cc3e193b5e5658d1f4fc893471a8d37ab44e7f58602a87244eb1b85c5
P28223,GPCR,inactive_or_lower_affinity,gmolai,1239,1239,0,1.0,70ac63659f1eb4b60f430764bd5a1c417bd8b3c54f8c3f900ad12637f978b95e
P28223,GPCR,inactive_or_lower_affinity,morgan,1239,1239,0,1.0,70ac63659f1eb4b60f430764bd5a1c417bd8b3c54f8c3f900ad12637f978b95e
P28223,GPCR,inactive_or_lower_affinity,molai,1239,1239,0,1.0,70ac63659f1eb4b60f430764bd5a1c417bd8b3c54f8c3f900ad12637f978b95e
P28223,GPCR,inactive_or_lower_affinity,molformer,1239,1239,0,1.0,70ac63659f1eb4b60f430764bd5a1c417bd8b3c54f8c3f900ad12637f978b95e
P28223,GPCR,inactive_or_lower_affinity,smi_ted,1239,1239,0,1.0,70ac63659f1eb4b60f430764bd5a1c417bd8b3c54f8c3f900ad12637f978b95e
P28223,GPCR,inactive_or_lower_affinity,molclr_gin,1239,1239,0,1.0,70ac63659f1eb4b60f430764bd5a1c417bd8b3c54f8c3f900ad12637f978b95e
P28223,GPCR,inactive_or_lower_affinity,kermt_v2,1239,1239,0,1.0,70ac63659f1eb4b60f430764bd5a1c417bd8b3c54f8c3f900ad12637f978b95e
P08253,Peptidase,active,gmolai,55,55,0,1.0,bb121a909662eff1fc865876b8afff0f628cd760f5dcb5a3764014c88cfc5856
P08253,Peptidase,active,morgan,55,55,0,1.0,bb121a909662eff1fc865876b8afff0f628cd760f5dcb5a3764014c88cfc5856
P08253,Peptidase,active,molai,55,55,0,1.0,bb121a909662eff1fc865876b8afff0f628cd760f5dcb5a3764014c88cfc5856
P08253,Peptidase,active,molformer,55,55,0,1.0,bb121a909662eff1fc865876b8afff0f628cd760f5dcb5a3764014c88cfc5856
P08253,Peptidase,active,smi_ted,55,55,0,1.0,bb121a909662eff1fc865876b8afff0f628cd760f5dcb5a3764014c88cfc5856
P08253,Peptidase,active,molclr_gin,55,55,0,1.0,bb121a909662eff1fc865876b8afff0f628cd760f5dcb5a3764014c88cfc5856
P08253,Peptidase,active,kermt_v2,55,55,0,1.0,bb121a909662eff1fc865876b8afff0f628cd760f5dcb5a3764014c88cfc5856
P08253,Peptidase,inactive_or_lower_affinity,gmolai,2193,2193,0,1.0,44f43ee5038f7f3408e40fafa3dbf8422613ca290714359164d3328189735fe3
P08253,Peptidase,inactive_or_lower_affinity,morgan,2193,2193,0,1.0,44f43ee5038f7f3408e40fafa3dbf8422613ca290714359164d3328189735fe3
P08253,Peptidase,inactive_or_lower_affinity,molai,2193,2189,4,0.9981760145918832,5a317a388ffd5ac3b3ebe3977ca6756ab91509113f735dd42183492a4549b566
P08253,Peptidase,inactive_or_lower_affinity,molformer,2193,2193,0,1.0,44f43ee5038f7f3408e40fafa3dbf8422613ca290714359164d3328189735fe3
P08253,Peptidase,inactive_or_lower_affinity,smi_ted,2193,2193,0,1.0,44f43ee5038f7f3408e40fafa3dbf8422613ca290714359164d3328189735fe3
P08253,Peptidase,inactive_or_lower_affinity,molclr_gin,2193,2193,0,1.0,44f43ee5038f7f3408e40fafa3dbf8422613ca290714359164d3328189735fe3
P08253,Peptidase,inactive_or_lower_affinity,kermt_v2,2193,2193,0,1.0,44f43ee5038f7f3408e40fafa3dbf8422613ca290714359164d3328189735fe3
P03952,Peptidase,active,gmolai,25,25,0,1.0,434ac9b43726cf1a9a80d0acdb842ad4b0ee4994456de27514fb80d9db4b1613
P03952,Peptidase,active,morgan,25,25,0,1.0,434ac9b43726cf1a9a80d0acdb842ad4b0ee4994456de27514fb80d9db4b1613
P03952,Peptidase,active,molai,25,25,0,1.0,434ac9b43726cf1a9a80d0acdb842ad4b0ee4994456de27514fb80d9db4b1613
P03952,Peptidase,active,molformer,25,25,0,1.0,434ac9b43726cf1a9a80d0acdb842ad4b0ee4994456de27514fb80d9db4b1613
P03952,Peptidase,active,smi_ted,25,25,0,1.0,434ac9b43726cf1a9a80d0acdb842ad4b0ee4994456de27514fb80d9db4b1613
P03952,Peptidase,active,molclr_gin,25,25,0,1.0,434ac9b43726cf1a9a80d0acdb842ad4b0ee4994456de27514fb80d9db4b1613
P03952,Peptidase,active,kermt_v2,25,25,0,1.0,434ac9b43726cf1a9a80d0acdb842ad4b0ee4994456de27514fb80d9db4b1613
P03952,Peptidase,inactive_or_lower_affinity,gmolai,996,996,0,1.0,71c0304044fb867bda7ddd08174910c38eeabf1608022a03c35cddeab088a4e5
P03952,Peptidase,inactive_or_lower_affinity,morgan,996,996,0,1.0,71c0304044fb867bda7ddd08174910c38eeabf1608022a03c35cddeab088a4e5
P03952,Peptidase,inactive_or_lower_affinity,molai,996,995,1,0.998995983935743,e946de684e4119a98f48a2f2f5b0bebc268271f7e95bef435f7221376f97bdef
P03952,Peptidase,inactive_or_lower_affinity,molformer,996,996,0,1.0,71c0304044fb867bda7ddd08174910c38eeabf1608022a03c35cddeab088a4e5
P03952,Peptidase,inactive_or_lower_affinity,smi_ted,996,996,0,1.0,71c0304044fb867bda7ddd08174910c38eeabf1608022a03c35cddeab088a4e5
P03952,Peptidase,inactive_or_lower_affinity,molclr_gin,996,996,0,1.0,71c0304044fb867bda7ddd08174910c38eeabf1608022a03c35cddeab088a4e5
P03952,Peptidase,inactive_or_lower_affinity,kermt_v2,996,996,0,1.0,71c0304044fb867bda7ddd08174910c38eeabf1608022a03c35cddeab088a4e5
P14780,Peptidase,active,gmolai,33,33,0,1.0,daac90edd26639bd4bfc29e28f77c24b1da3fca8d358443db7d28d2dcfcfb761
P14780,Peptidase,active,morgan,33,33,0,1.0,daac90edd26639bd4bfc29e28f77c24b1da3fca8d358443db7d28d2dcfcfb761
P14780,Peptidase,active,molai,33,33,0,1.0,daac90edd26639bd4bfc29e28f77c24b1da3fca8d358443db7d28d2dcfcfb761
P14780,Peptidase,active,molformer,33,33,0,1.0,daac90edd26639bd4bfc29e28f77c24b1da3fca8d358443db7d28d2dcfcfb761
P14780,Peptidase,active,smi_ted,33,33,0,1.0,daac90edd26639bd4bfc29e28f77c24b1da3fca8d358443db7d28d2dcfcfb761
P14780,Peptidase,active,molclr_gin,33,33,0,1.0,daac90edd26639bd4bfc29e28f77c24b1da3fca8d358443db7d28d2dcfcfb761
P14780,Peptidase,active,kermt_v2,33,33,0,1.0,daac90edd26639bd4bfc29e28f77c24b1da3fca8d358443db7d28d2dcfcfb761
P14780,Peptidase,inactive_or_lower_affinity,gmolai,1326,1326,0,1.0,03e856634b585697037da7d642aba26a712cdfca5bcc6c379df0799c3dfaedb2
P14780,Peptidase,inactive_or_lower_affinity,morgan,1326,1326,0,1.0,03e856634b585697037da7d642aba26a712cdfca5bcc6c379df0799c3dfaedb2
P14780,Peptidase,inactive_or_lower_affinity,molai,1326,1319,7,0.9947209653092006,372ecded54d049a60ae6a560fbac7aa89a62f990767f48aaf72c6bfa38e73191
P14780,Peptidase,inactive_or_lower_affinity,molformer,1326,1326,0,1.0,03e856634b585697037da7d642aba26a712cdfca5bcc6c379df0799c3dfaedb2
P14780,Peptidase,inactive_or_lower_affinity,smi_ted,1326,1326,0,1.0,03e856634b585697037da7d642aba26a712cdfca5bcc6c379df0799c3dfaedb2
P14780,Peptidase,inactive_or_lower_affinity,molclr_gin,1326,1326,0,1.0,03e856634b585697037da7d642aba26a712cdfca5bcc6c379df0799c3dfaedb2
P14780,Peptidase,inactive_or_lower_affinity,kermt_v2,1326,1326,0,1.0,03e856634b585697037da7d642aba26a712cdfca5bcc6c379df0799c3dfaedb2
P00742,Peptidase,active,gmolai,56,56,0,1.0,8c1238bf4469cd8b825e66dd9a2a98b69c1795f03a6ac3c6b2b80ac9454c93d5
P00742,Peptidase,active,morgan,56,56,0,1.0,8c1238bf4469cd8b825e66dd9a2a98b69c1795f03a6ac3c6b2b80ac9454c93d5
P00742,Peptidase,active,molai,56,56,0,1.0,8c1238bf4469cd8b825e66dd9a2a98b69c1795f03a6ac3c6b2b80ac9454c93d5
P00742,Peptidase,active,molformer,56,56,0,1.0,8c1238bf4469cd8b825e66dd9a2a98b69c1795f03a6ac3c6b2b80ac9454c93d5
P00742,Peptidase,active,smi_ted,56,56,0,1.0,8c1238bf4469cd8b825e66dd9a2a98b69c1795f03a6ac3c6b2b80ac9454c93d5
P00742,Peptidase,active,molclr_gin,56,56,0,1.0,8c1238bf4469cd8b825e66dd9a2a98b69c1795f03a6ac3c6b2b80ac9454c93d5
P00742,Peptidase,active,kermt_v2,56,56,0,1.0,8c1238bf4469cd8b825e66dd9a2a98b69c1795f03a6ac3c6b2b80ac9454c93d5
P00742,Peptidase,inactive_or_lower_affinity,gmolai,2194,2194,0,1.0,fdd99a79d78d91816c36093511a75f3eac1b39ce96447f56f31fec4f3e58a325
P00742,Peptidase,inactive_or_lower_affinity,morgan,2194,2194,0,1.0,fdd99a79d78d91816c36093511a75f3eac1b39ce96447f56f31fec4f3e58a325
P00742,Peptidase,inactive_or_lower_affinity,molai,2194,2152,42,0.9808568824065633,11898c271a1642815d1dcb8fd5479836cc776a3490ce47b99f829665156f42ed
P00742,Peptidase,inactive_or_lower_affinity,molformer,2194,2194,0,1.0,fdd99a79d78d91816c36093511a75f3eac1b39ce96447f56f31fec4f3e58a325
P00742,Peptidase,inactive_or_lower_affinity,smi_ted,2194,2194,0,1.0,fdd99a79d78d91816c36093511a75f3eac1b39ce96447f56f31fec4f3e58a325
P00742,Peptidase,inactive_or_lower_affinity,molclr_gin,2194,2194,0,1.0,fdd99a79d78d91816c36093511a75f3eac1b39ce96447f56f31fec4f3e58a325
P00742,Peptidase,inactive_or_lower_affinity,kermt_v2,2194,2194,0,1.0,fdd99a79d78d91816c36093511a75f3eac1b39ce96447f56f31fec4f3e58a325
P45452,Peptidase,active,gmolai,25,25,0,1.0,7dbb1ea931267dc2c554e9b8b3b28b350122b2d2ab812681df02ac598d0c4f98
P45452,Peptidase,active,morgan,25,25,0,1.0,7dbb1ea931267dc2c554e9b8b3b28b350122b2d2ab812681df02ac598d0c4f98
P45452,Peptidase,active,molai,25,25,0,1.0,7dbb1ea931267dc2c554e9b8b3b28b350122b2d2ab812681df02ac598d0c4f98
P45452,Peptidase,active,molformer,25,25,0,1.0,7dbb1ea931267dc2c554e9b8b3b28b350122b2d2ab812681df02ac598d0c4f98
P45452,Peptidase,active,smi_ted,25,25,0,1.0,7dbb1ea931267dc2c554e9b8b3b28b350122b2d2ab812681df02ac598d0c4f98
P45452,Peptidase,active,molclr_gin,25,25,0,1.0,7dbb1ea931267dc2c554e9b8b3b28b350122b2d2ab812681df02ac598d0c4f98
P45452,Peptidase,active,kermt_v2,25,25,0,1.0,7dbb1ea931267dc2c554e9b8b3b28b350122b2d2ab812681df02ac598d0c4f98
P45452,Peptidase,inactive_or_lower_affinity,gmolai,990,990,0,1.0,608592e87d6c7f6f2bcea161dcc499d12e05be54da8a8fe9493a9ad1f6d1a5c5
P45452,Peptidase,inactive_or_lower_affinity,morgan,990,990,0,1.0,608592e87d6c7f6f2bcea161dcc499d12e05be54da8a8fe9493a9ad1f6d1a5c5
P45452,Peptidase,inactive_or_lower_affinity,molai,990,990,0,1.0,608592e87d6c7f6f2bcea161dcc499d12e05be54da8a8fe9493a9ad1f6d1a5c5
P45452,Peptidase,inactive_or_lower_affinity,molformer,990,990,0,1.0,608592e87d6c7f6f2bcea161dcc499d12e05be54da8a8fe9493a9ad1f6d1a5c5
P45452,Peptidase,inactive_or_lower_affinity,smi_ted,990,990,0,1.0,608592e87d6c7f6f2bcea161dcc499d12e05be54da8a8fe9493a9ad1f6d1a5c5
P45452,Peptidase,inactive_or_lower_affinity,molclr_gin,990,990,0,1.0,608592e87d6c7f6f2bcea161dcc499d12e05be54da8a8fe9493a9ad1f6d1a5c5
P45452,Peptidase,inactive_or_lower_affinity,kermt_v2,990,990,0,1.0,608592e87d6c7f6f2bcea161dcc499d12e05be54da8a8fe9493a9ad1f6d1a5c5
P27487,Peptidase,active,gmolai,31,31,0,1.0,d0aca82b01252455bd63569b55ae718b8bbf6b56926ea61b50fe5829d166413b
P27487,Peptidase,active,morgan,31,31,0,1.0,d0aca82b01252455bd63569b55ae718b8bbf6b56926ea61b50fe5829d166413b
P27487,Peptidase,active,molai,31,31,0,1.0,d0aca82b01252455bd63569b55ae718b8bbf6b56926ea61b50fe5829d166413b
P27487,Peptidase,active,molformer,31,31,0,1.0,d0aca82b01252455bd63569b55ae718b8bbf6b56926ea61b50fe5829d166413b
P27487,Peptidase,active,smi_ted,31,31,0,1.0,d0aca82b01252455bd63569b55ae718b8bbf6b56926ea61b50fe5829d166413b
P27487,Peptidase,active,molclr_gin,31,31,0,1.0,d0aca82b01252455bd63569b55ae718b8bbf6b56926ea61b50fe5829d166413b
P27487,Peptidase,active,kermt_v2,31,31,0,1.0,d0aca82b01252455bd63569b55ae718b8bbf6b56926ea61b50fe5829d166413b
P27487,Peptidase,inactive_or_lower_affinity,gmolai,1283,1283,0,1.0,1d467120e51cf441c130f3129e29aaa892a6a9c8d803358b68eba27c79f3c00e
P27487,Peptidase,inactive_or_lower_affinity,morgan,1283,1283,0,1.0,1d467120e51cf441c130f3129e29aaa892a6a9c8d803358b68eba27c79f3c00e
P27487,Peptidase,inactive_or_lower_affinity,molai,1283,1240,43,0.9664848012470771,425a2198a6311968bb4bbce519f9813f4ff200a2757ac721c9e153db69dddf13
P27487,Peptidase,inactive_or_lower_affinity,molformer,1283,1283,0,1.0,1d467120e51cf441c130f3129e29aaa892a6a9c8d803358b68eba27c79f3c00e
P27487,Peptidase,inactive_or_lower_affinity,smi_ted,1283,1283,0,1.0,1d467120e51cf441c130f3129e29aaa892a6a9c8d803358b68eba27c79f3c00e
P27487,Peptidase,inactive_or_lower_affinity,molclr_gin,1283,1283,0,1.0,1d467120e51cf441c130f3129e29aaa892a6a9c8d803358b68eba27c79f3c00e
P27487,Peptidase,inactive_or_lower_affinity,kermt_v2,1283,1283,0,1.0,1d467120e51cf441c130f3129e29aaa892a6a9c8d803358b68eba27c79f3c00e
P08246,Peptidase,active,gmolai,20,20,0,1.0,87e06efd4e2ae2cff2fc12d23eee97d01334ba809afe6e448282ef29e3892eb3
P08246,Peptidase,active,morgan,20,20,0,1.0,87e06efd4e2ae2cff2fc12d23eee97d01334ba809afe6e448282ef29e3892eb3
P08246,Peptidase,active,molai,20,20,0,1.0,87e06efd4e2ae2cff2fc12d23eee97d01334ba809afe6e448282ef29e3892eb3
P08246,Peptidase,active,molformer,20,20,0,1.0,87e06efd4e2ae2cff2fc12d23eee97d01334ba809afe6e448282ef29e3892eb3
P08246,Peptidase,active,smi_ted,20,20,0,1.0,87e06efd4e2ae2cff2fc12d23eee97d01334ba809afe6e448282ef29e3892eb3
P08246,Peptidase,active,molclr_gin,20,20,0,1.0,87e06efd4e2ae2cff2fc12d23eee97d01334ba809afe6e448282ef29e3892eb3
P08246,Peptidase,active,kermt_v2,20,20,0,1.0,87e06efd4e2ae2cff2fc12d23eee97d01334ba809afe6e448282ef29e3892eb3
P08246,Peptidase,inactive_or_lower_affinity,gmolai,791,791,0,1.0,049b5a2564d0477f578dc18c0edaeb7fd6faa75f299e7de661240a04dfbf85ae
P08246,Peptidase,inactive_or_lower_affinity,morgan,791,791,0,1.0,049b5a2564d0477f578dc18c0edaeb7fd6faa75f299e7de661240a04dfbf85ae
P08246,Peptidase,inactive_or_lower_affinity,molai,791,769,22,0.9721871049304678,40c22e0a038477aa0ac87921316a2af41122fd83be51b0cbc77723e14c087582
P08246,Peptidase,inactive_or_lower_affinity,molformer,791,791,0,1.0,049b5a2564d0477f578dc18c0edaeb7fd6faa75f299e7de661240a04dfbf85ae
P08246,Peptidase,inactive_or_lower_affinity,smi_ted,791,791,0,1.0,049b5a2564d0477f578dc18c0edaeb7fd6faa75f299e7de661240a04dfbf85ae
P08246,Peptidase,inactive_or_lower_affinity,molclr_gin,791,791,0,1.0,049b5a2564d0477f578dc18c0edaeb7fd6faa75f299e7de661240a04dfbf85ae
P08246,Peptidase,inactive_or_lower_affinity,kermt_v2,791,791,0,1.0,049b5a2564d0477f578dc18c0edaeb7fd6faa75f299e7de661240a04dfbf85ae
P07711,Peptidase,active,gmolai,38,38,0,1.0,4ae3978c880e4b074319304d1ff6c62f8be1813a46ed61eadde6f88d60acacdd
P07711,Peptidase,active,morgan,38,38,0,1.0,4ae3978c880e4b074319304d1ff6c62f8be1813a46ed61eadde6f88d60acacdd
P07711,Peptidase,active,molai,38,38,0,1.0,4ae3978c880e4b074319304d1ff6c62f8be1813a46ed61eadde6f88d60acacdd
P07711,Peptidase,active,molformer,38,38,0,1.0,4ae3978c880e4b074319304d1ff6c62f8be1813a46ed61eadde6f88d60acacdd
P07711,Peptidase,active,smi_ted,38,38,0,1.0,4ae3978c880e4b074319304d1ff6c62f8be1813a46ed61eadde6f88d60acacdd
P07711,Peptidase,active,molclr_gin,38,38,0,1.0,4ae3978c880e4b074319304d1ff6c62f8be1813a46ed61eadde6f88d60acacdd
P07711,Peptidase,active,kermt_v2,38,38,0,1.0,4ae3978c880e4b074319304d1ff6c62f8be1813a46ed61eadde6f88d60acacdd
P07711,Peptidase,inactive_or_lower_affinity,gmolai,1516,1516,0,1.0,fdb8a931107e701c3f2c0b920680ef8b991fe070a6d952f88083dcb98a9f8a3d
P07711,Peptidase,inactive_or_lower_affinity,morgan,1516,1516,0,1.0,fdb8a931107e701c3f2c0b920680ef8b991fe070a6d952f88083dcb98a9f8a3d
P07711,Peptidase,inactive_or_lower_affinity,molai,1516,1513,3,0.9980211081794196,f636242c39521d1a9a4b69cd9dca09d8ff2f1bf021e9d49c643d1ad05003c3b7
P07711,Peptidase,inactive_or_lower_affinity,molformer,1516,1516,0,1.0,fdb8a931107e701c3f2c0b920680ef8b991fe070a6d952f88083dcb98a9f8a3d
P07711,Peptidase,inactive_or_lower_affinity,smi_ted,1516,1516,0,1.0,fdb8a931107e701c3f2c0b920680ef8b991fe070a6d952f88083dcb98a9f8a3d
P07711,Peptidase,inactive_or_lower_affinity,molclr_gin,1516,1516,0,1.0,fdb8a931107e701c3f2c0b920680ef8b991fe070a6d952f88083dcb98a9f8a3d
P07711,Peptidase,inactive_or_lower_affinity,kermt_v2,1516,1516,0,1.0,fdb8a931107e701c3f2c0b920680ef8b991fe070a6d952f88083dcb98a9f8a3d
P00734,Peptidase,active,gmolai,98,98,0,1.0,4d65db59e45cec1a89f458d20c1e50ce6d959614012ddd80225110edc41ab2cd
P00734,Peptidase,active,morgan,98,98,0,1.0,4d65db59e45cec1a89f458d20c1e50ce6d959614012ddd80225110edc41ab2cd
P00734,Peptidase,active,molai,98,88,10,0.8979591836734694,00602c781a53e467c2b9af1bf3e4942ca7a774562d32e0a2db0654f13b7241ec
P00734,Peptidase,active,molformer,98,98,0,1.0,4d65db59e45cec1a89f458d20c1e50ce6d959614012ddd80225110edc41ab2cd
P00734,Peptidase,active,smi_ted,98,98,0,1.0,4d65db59e45cec1a89f458d20c1e50ce6d959614012ddd80225110edc41ab2cd
P00734,Peptidase,active,molclr_gin,98,98,0,1.0,4d65db59e45cec1a89f458d20c1e50ce6d959614012ddd80225110edc41ab2cd
P00734,Peptidase,active,kermt_v2,98,98,0,1.0,4d65db59e45cec1a89f458d20c1e50ce6d959614012ddd80225110edc41ab2cd
P00734,Peptidase,inactive_or_lower_affinity,gmolai,4035,4035,0,1.0,c84e298eb5b3486edaab19fdac666e720888af9eba0b794f9bc0e68838deb000
P00734,Peptidase,inactive_or_lower_affinity,morgan,4035,4035,0,1.0,c84e298eb5b3486edaab19fdac666e720888af9eba0b794f9bc0e68838deb000
P00734,Peptidase,inactive_or_lower_affinity,molai,4035,4016,19,0.9952912019826518,b261af2971780c4695b2d08bb4e31a3ce43c35345c781ad549b5f8cae0f0aec4
P00734,Peptidase,inactive_or_lower_affinity,molformer,4035,4035,0,1.0,c84e298eb5b3486edaab19fdac666e720888af9eba0b794f9bc0e68838deb000
P00734,Peptidase,inactive_or_lower_affinity,smi_ted,4035,4035,0,1.0,c84e298eb5b3486edaab19fdac666e720888af9eba0b794f9bc0e68838deb000
P00734,Peptidase,inactive_or_lower_affinity,molclr_gin,4035,4035,0,1.0,c84e298eb5b3486edaab19fdac666e720888af9eba0b794f9bc0e68838deb000
P00734,Peptidase,inactive_or_lower_affinity,kermt_v2,4035,4035,0,1.0,c84e298eb5b3486edaab19fdac666e720888af9eba0b794f9bc0e68838deb000
P03372,Nuclear receptor,active,gmolai,42,42,0,1.0,0e94a3e68bac67a9ca7501adfd89e115c8ab30a341e30897836e9dfaa76752ba
P03372,Nuclear receptor,active,morgan,42,42,0,1.0,0e94a3e68bac67a9ca7501adfd89e115c8ab30a341e30897836e9dfaa76752ba
P03372,Nuclear receptor,active,molai,42,42,0,1.0,0e94a3e68bac67a9ca7501adfd89e115c8ab30a341e30897836e9dfaa76752ba
P03372,Nuclear receptor,active,molformer,42,42,0,1.0,0e94a3e68bac67a9ca7501adfd89e115c8ab30a341e30897836e9dfaa76752ba
P03372,Nuclear receptor,active,smi_ted,42,42,0,1.0,0e94a3e68bac67a9ca7501adfd89e115c8ab30a341e30897836e9dfaa76752ba
P03372,Nuclear receptor,active,molclr_gin,42,42,0,1.0,0e94a3e68bac67a9ca7501adfd89e115c8ab30a341e30897836e9dfaa76752ba
P03372,Nuclear receptor,active,kermt_v2,42,42,0,1.0,0e94a3e68bac67a9ca7501adfd89e115c8ab30a341e30897836e9dfaa76752ba
P03372,Nuclear receptor,inactive_or_lower_affinity,gmolai,1671,1671,0,1.0,282f970a06541f6c8b1ba3f755c34c3ae5580e6af7653828f8d87ab5f71e379c
P03372,Nuclear receptor,inactive_or_lower_affinity,morgan,1671,1671,0,1.0,282f970a06541f6c8b1ba3f755c34c3ae5580e6af7653828f8d87ab5f71e379c
P03372,Nuclear receptor,inactive_or_lower_affinity,molai,1671,1669,2,0.9988031119090365,b1a068b7ce75e13190b21275ced5db6134641acaea6e84089e57cfa6054a3774
P03372,Nuclear receptor,inactive_or_lower_affinity,molformer,1671,1671,0,1.0,282f970a06541f6c8b1ba3f755c34c3ae5580e6af7653828f8d87ab5f71e379c
P03372,Nuclear receptor,inactive_or_lower_affinity,smi_ted,1671,1671,0,1.0,282f970a06541f6c8b1ba3f755c34c3ae5580e6af7653828f8d87ab5f71e379c
P03372,Nuclear receptor,inactive_or_lower_affinity,molclr_gin,1671,1671,0,1.0,282f970a06541f6c8b1ba3f755c34c3ae5580e6af7653828f8d87ab5f71e379c
P03372,Nuclear receptor,inactive_or_lower_affinity,kermt_v2,1671,1671,0,1.0,282f970a06541f6c8b1ba3f755c34c3ae5580e6af7653828f8d87ab5f71e379c
Q92731,Nuclear receptor,active,gmolai,22,22,0,1.0,e7917cc3a2775d3d5148c5d2d10ac0e33ca44c79ecf605ebedb72b8659246968
Q92731,Nuclear receptor,active,morgan,22,22,0,1.0,e7917cc3a2775d3d5148c5d2d10ac0e33ca44c79ecf605ebedb72b8659246968
Q92731,Nuclear receptor,active,molai,22,22,0,1.0,e7917cc3a2775d3d5148c5d2d10ac0e33ca44c79ecf605ebedb72b8659246968
Q92731,Nuclear receptor,active,molformer,22,22,0,1.0,e7917cc3a2775d3d5148c5d2d10ac0e33ca44c79ecf605ebedb72b8659246968
Q92731,Nuclear receptor,active,smi_ted,22,22,0,1.0,e7917cc3a2775d3d5148c5d2d10ac0e33ca44c79ecf605ebedb72b8659246968
Q92731,Nuclear receptor,active,molclr_gin,22,22,0,1.0,e7917cc3a2775d3d5148c5d2d10ac0e33ca44c79ecf605ebedb72b8659246968
Q92731,Nuclear receptor,active,kermt_v2,22,22,0,1.0,e7917cc3a2775d3d5148c5d2d10ac0e33ca44c79ecf605ebedb72b8659246968
Q92731,Nuclear receptor,inactive_or_lower_affinity,gmolai,881,881,0,1.0,65460dd736c4c0ca7c15d1554b9b1c3ea93598517b20f7e0369e4a3e165284ca
Q92731,Nuclear receptor,inactive_or_lower_affinity,morgan,881,881,0,1.0,65460dd736c4c0ca7c15d1554b9b1c3ea93598517b20f7e0369e4a3e165284ca
Q92731,Nuclear receptor,inactive_or_lower_affinity,molai,881,880,1,0.9988649262202043,ac7eec32b51bd86636f0dff5bc9cd759dd44e5b9cb6f7b39d0be7acb2871390c
Q92731,Nuclear receptor,inactive_or_lower_affinity,molformer,881,881,0,1.0,65460dd736c4c0ca7c15d1554b9b1c3ea93598517b20f7e0369e4a3e165284ca
Q92731,Nuclear receptor,inactive_or_lower_affinity,smi_ted,881,881,0,1.0,65460dd736c4c0ca7c15d1554b9b1c3ea93598517b20f7e0369e4a3e165284ca
Q92731,Nuclear receptor,inactive_or_lower_affinity,molclr_gin,881,881,0,1.0,65460dd736c4c0ca7c15d1554b9b1c3ea93598517b20f7e0369e4a3e165284ca
Q92731,Nuclear receptor,inactive_or_lower_affinity,kermt_v2,881,881,0,1.0,65460dd736c4c0ca7c15d1554b9b1c3ea93598517b20f7e0369e4a3e165284ca
P51449,Nuclear receptor,active,gmolai,30,30,0,1.0,c7a0ec95716dd57ee7cc436110c79c8ac5746bddff64b3cade5b363faff0a14d
P51449,Nuclear receptor,active,morgan,30,30,0,1.0,c7a0ec95716dd57ee7cc436110c79c8ac5746bddff64b3cade5b363faff0a14d
P51449,Nuclear receptor,active,molai,30,30,0,1.0,c7a0ec95716dd57ee7cc436110c79c8ac5746bddff64b3cade5b363faff0a14d
P51449,Nuclear receptor,active,molformer,30,30,0,1.0,c7a0ec95716dd57ee7cc436110c79c8ac5746bddff64b3cade5b363faff0a14d
P51449,Nuclear receptor,active,smi_ted,30,30,0,1.0,c7a0ec95716dd57ee7cc436110c79c8ac5746bddff64b3cade5b363faff0a14d
P51449,Nuclear receptor,active,molclr_gin,30,30,0,1.0,c7a0ec95716dd57ee7cc436110c79c8ac5746bddff64b3cade5b363faff0a14d
P51449,Nuclear receptor,active,kermt_v2,30,30,0,1.0,c7a0ec95716dd57ee7cc436110c79c8ac5746bddff64b3cade5b363faff0a14d
P51449,Nuclear receptor,inactive_or_lower_affinity,gmolai,1213,1213,0,1.0,de726a2590e572cf7a469a588de1a2878c9ac6412c00d4d52bdc7e7c0172841a
P51449,Nuclear receptor,inactive_or_lower_affinity,morgan,1213,1213,0,1.0,de726a2590e572cf7a469a588de1a2878c9ac6412c00d4d52bdc7e7c0172841a
P51449,Nuclear receptor,inactive_or_lower_affinity,molai,1213,1203,10,0.9917559769167353,5d62353c081c1caf7d5d5e2dcf7dfc29c739285dc02a46157c04d7a970827043
P51449,Nuclear receptor,inactive_or_lower_affinity,molformer,1213,1213,0,1.0,de726a2590e572cf7a469a588de1a2878c9ac6412c00d4d52bdc7e7c0172841a
P51449,Nuclear receptor,inactive_or_lower_affinity,smi_ted,1213,1213,0,1.0,de726a2590e572cf7a469a588de1a2878c9ac6412c00d4d52bdc7e7c0172841a
P51449,Nuclear receptor,inactive_or_lower_affinity,molclr_gin,1213,1213,0,1.0,de726a2590e572cf7a469a588de1a2878c9ac6412c00d4d52bdc7e7c0172841a
P51449,Nuclear receptor,inactive_or_lower_affinity,kermt_v2,1213,1213,0,1.0,de726a2590e572cf7a469a588de1a2878c9ac6412c00d4d52bdc7e7c0172841a
P04150,Nuclear receptor,active,gmolai,14,14,0,1.0,23f8efb00f2d17693ced8a604cac8b8e148575ad0a886b8b6142bf02306741c2
P04150,Nuclear receptor,active,morgan,14,14,0,1.0,23f8efb00f2d17693ced8a604cac8b8e148575ad0a886b8b6142bf02306741c2
P04150,Nuclear receptor,active,molai,14,14,0,1.0,23f8efb00f2d17693ced8a604cac8b8e148575ad0a886b8b6142bf02306741c2
P04150,Nuclear receptor,active,molformer,14,14,0,1.0,23f8efb00f2d17693ced8a604cac8b8e148575ad0a886b8b6142bf02306741c2
P04150,Nuclear receptor,active,smi_ted,14,14,0,1.0,23f8efb00f2d17693ced8a604cac8b8e148575ad0a886b8b6142bf02306741c2
P04150,Nuclear receptor,active,molclr_gin,14,14,0,1.0,23f8efb00f2d17693ced8a604cac8b8e148575ad0a886b8b6142bf02306741c2
P04150,Nuclear receptor,active,kermt_v2,14,14,0,1.0,23f8efb00f2d17693ced8a604cac8b8e148575ad0a886b8b6142bf02306741c2
P04150,Nuclear receptor,inactive_or_lower_affinity,gmolai,592,592,0,1.0,e89dec60334e4fab3e47f878f5fe6b70e110ca0787bdbc728e5c8f033bff50a5
P04150,Nuclear receptor,inactive_or_lower_affinity,morgan,592,592,0,1.0,e89dec60334e4fab3e47f878f5fe6b70e110ca0787bdbc728e5c8f033bff50a5
P04150,Nuclear receptor,inactive_or_lower_affinity,molai,592,589,3,0.9949324324324325,e3104c6e15c2fc788919a12fc3af10c6c38adb7c9e67c1f73f6fdc27aa29d146
P04150,Nuclear receptor,inactive_or_lower_affinity,molformer,592,592,0,1.0,e89dec60334e4fab3e47f878f5fe6b70e110ca0787bdbc728e5c8f033bff50a5
P04150,Nuclear receptor,inactive_or_lower_affinity,smi_ted,592,592,0,1.0,e89dec60334e4fab3e47f878f5fe6b70e110ca0787bdbc728e5c8f033bff50a5
P04150,Nuclear receptor,inactive_or_lower_affinity,molclr_gin,592,592,0,1.0,e89dec60334e4fab3e47f878f5fe6b70e110ca0787bdbc728e5c8f033bff50a5
P04150,Nuclear receptor,inactive_or_lower_affinity,kermt_v2,592,592,0,1.0,e89dec60334e4fab3e47f878f5fe6b70e110ca0787bdbc728e5c8f033bff50a5
Q96RI1,Nuclear receptor,active,gmolai,23,23,0,1.0,96423f1576dd4e03b1eb4911dfd6c5859bf7651ca0383eefe671a19e9d6cf20b
Q96RI1,Nuclear receptor,active,morgan,23,23,0,1.0,96423f1576dd4e03b1eb4911dfd6c5859bf7651ca0383eefe671a19e9d6cf20b
Q96RI1,Nuclear receptor,active,molai,23,23,0,1.0,96423f1576dd4e03b1eb4911dfd6c5859bf7651ca0383eefe671a19e9d6cf20b
Q96RI1,Nuclear receptor,active,molformer,23,23,0,1.0,96423f1576dd4e03b1eb4911dfd6c5859bf7651ca0383eefe671a19e9d6cf20b
Q96RI1,Nuclear receptor,active,smi_ted,23,23,0,1.0,96423f1576dd4e03b1eb4911dfd6c5859bf7651ca0383eefe671a19e9d6cf20b
Q96RI1,Nuclear receptor,active,molclr_gin,23,23,0,1.0,96423f1576dd4e03b1eb4911dfd6c5859bf7651ca0383eefe671a19e9d6cf20b
Q96RI1,Nuclear receptor,active,kermt_v2,23,23,0,1.0,96423f1576dd4e03b1eb4911dfd6c5859bf7651ca0383eefe671a19e9d6cf20b
Q96RI1,Nuclear receptor,inactive_or_lower_affinity,gmolai,947,947,0,1.0,9acd5ada6f471e2c63a40b1c9bd452c1ef4f3a768ebdc1f11e87f983f082af6d
Q96RI1,Nuclear receptor,inactive_or_lower_affinity,morgan,947,947,0,1.0,9acd5ada6f471e2c63a40b1c9bd452c1ef4f3a768ebdc1f11e87f983f082af6d
Q96RI1,Nuclear receptor,inactive_or_lower_affinity,molai,947,946,1,0.9989440337909187,581b61492ea92c5e24c8588e35e6f7ea816e8021ac0c75a791c2ffb3183cffcc
Q96RI1,Nuclear receptor,inactive_or_lower_affinity,molformer,947,947,0,1.0,9acd5ada6f471e2c63a40b1c9bd452c1ef4f3a768ebdc1f11e87f983f082af6d
Q96RI1,Nuclear receptor,inactive_or_lower_affinity,smi_ted,947,947,0,1.0,9acd5ada6f471e2c63a40b1c9bd452c1ef4f3a768ebdc1f11e87f983f082af6d
Q96RI1,Nuclear receptor,inactive_or_lower_affinity,molclr_gin,947,947,0,1.0,9acd5ada6f471e2c63a40b1c9bd452c1ef4f3a768ebdc1f11e87f983f082af6d
Q96RI1,Nuclear receptor,inactive_or_lower_affinity,kermt_v2,947,947,0,1.0,9acd5ada6f471e2c63a40b1c9bd452c1ef4f3a768ebdc1f11e87f983f082af6d
P31645,Other Proteins,active,gmolai,35,35,0,1.0,400a15726009bc0445fc085f9202322ba666696772600615274d46204f245704
P31645,Other Proteins,active,morgan,35,35,0,1.0,400a15726009bc0445fc085f9202322ba666696772600615274d46204f245704
P31645,Other Proteins,active,molai,35,35,0,1.0,400a15726009bc0445fc085f9202322ba666696772600615274d46204f245704
P31645,Other Proteins,active,molformer,35,35,0,1.0,400a15726009bc0445fc085f9202322ba666696772600615274d46204f245704
P31645,Other Proteins,active,smi_ted,35,35,0,1.0,400a15726009bc0445fc085f9202322ba666696772600615274d46204f245704
P31645,Other Proteins,active,molclr_gin,35,35,0,1.0,400a15726009bc0445fc085f9202322ba666696772600615274d46204f245704
P31645,Other Proteins,active,kermt_v2,35,35,0,1.0,400a15726009bc0445fc085f9202322ba666696772600615274d46204f245704
P31645,Other Proteins,inactive_or_lower_affinity,gmolai,1365,1365,0,1.0,e6b262d9a820a73dcb4839852e6629e8a97c9506435bdca2eb83a3d82638b3b7
P31645,Other Proteins,inactive_or_lower_affinity,morgan,1365,1365,0,1.0,e6b262d9a820a73dcb4839852e6629e8a97c9506435bdca2eb83a3d82638b3b7
P31645,Other Proteins,inactive_or_lower_affinity,molai,1365,1363,2,0.9985347985347985,0ed42482ef5e20fe2ac119ebebeb4d5c5a5a5c66cd21473ba4eae9012f393e72
P31645,Other Proteins,inactive_or_lower_affinity,molformer,1365,1365,0,1.0,e6b262d9a820a73dcb4839852e6629e8a97c9506435bdca2eb83a3d82638b3b7
P31645,Other Proteins,inactive_or_lower_affinity,smi_ted,1365,1365,0,1.0,e6b262d9a820a73dcb4839852e6629e8a97c9506435bdca2eb83a3d82638b3b7
P31645,Other Proteins,inactive_or_lower_affinity,molclr_gin,1365,1365,0,1.0,e6b262d9a820a73dcb4839852e6629e8a97c9506435bdca2eb83a3d82638b3b7
P31645,Other Proteins,inactive_or_lower_affinity,kermt_v2,1365,1365,0,1.0,e6b262d9a820a73dcb4839852e6629e8a97c9506435bdca2eb83a3d82638b3b7
P01375,Other Proteins,active,gmolai,29,29,0,1.0,c6844b709a3e7a8aebfdcee5c2294bfa4ae681674adf702468e0673d15a67b32
P01375,Other Proteins,active,morgan,29,29,0,1.0,c6844b709a3e7a8aebfdcee5c2294bfa4ae681674adf702468e0673d15a67b32
P01375,Other Proteins,active,molai,29,29,0,1.0,c6844b709a3e7a8aebfdcee5c2294bfa4ae681674adf702468e0673d15a67b32
P01375,Other Proteins,active,molformer,29,29,0,1.0,c6844b709a3e7a8aebfdcee5c2294bfa4ae681674adf702468e0673d15a67b32
P01375,Other Proteins,active,smi_ted,29,29,0,1.0,c6844b709a3e7a8aebfdcee5c2294bfa4ae681674adf702468e0673d15a67b32
P01375,Other Proteins,active,molclr_gin,29,29,0,1.0,c6844b709a3e7a8aebfdcee5c2294bfa4ae681674adf702468e0673d15a67b32
P01375,Other Proteins,active,kermt_v2,29,29,0,1.0,c6844b709a3e7a8aebfdcee5c2294bfa4ae681674adf702468e0673d15a67b32
P01375,Other Proteins,inactive_or_lower_affinity,gmolai,1160,1160,0,1.0,b47afedf52342d770a433c2f302b957fbbb9c755fda1ada373db21ad1b96bd53
P01375,Other Proteins,inactive_or_lower_affinity,morgan,1160,1160,0,1.0,b47afedf52342d770a433c2f302b957fbbb9c755fda1ada373db21ad1b96bd53
P01375,Other Proteins,inactive_or_lower_affinity,molai,1160,1159,1,0.9991379310344828,dd94c1f7643b45e415429d2fd3f908c1b8ebda44aa2c83b7c6d474954093e7c3
P01375,Other Proteins,inactive_or_lower_affinity,molformer,1160,1160,0,1.0,b47afedf52342d770a433c2f302b957fbbb9c755fda1ada373db21ad1b96bd53
P01375,Other Proteins,inactive_or_lower_affinity,smi_ted,1160,1160,0,1.0,b47afedf52342d770a433c2f302b957fbbb9c755fda1ada373db21ad1b96bd53
P01375,Other Proteins,inactive_or_lower_affinity,molclr_gin,1160,1160,0,1.0,b47afedf52342d770a433c2f302b957fbbb9c755fda1ada373db21ad1b96bd53
P01375,Other Proteins,inactive_or_lower_affinity,kermt_v2,1160,1160,0,1.0,b47afedf52342d770a433c2f302b957fbbb9c755fda1ada373db21ad1b96bd53
O15379,Deacetylase,active,gmolai,29,29,0,1.0,2aeb904f875ee5102dc3d510e8e1a6026620ae5f7e857b716b8eb8d6d8c01601
O15379,Deacetylase,active,morgan,29,29,0,1.0,2aeb904f875ee5102dc3d510e8e1a6026620ae5f7e857b716b8eb8d6d8c01601
O15379,Deacetylase,active,molai,29,28,1,0.9655172413793104,e45fc1d80e4d6494014e5c437a1c0e77206190cfcf4d5336716cfdf5f5dfd26f
O15379,Deacetylase,active,molformer,29,29,0,1.0,2aeb904f875ee5102dc3d510e8e1a6026620ae5f7e857b716b8eb8d6d8c01601
O15379,Deacetylase,active,smi_ted,29,29,0,1.0,2aeb904f875ee5102dc3d510e8e1a6026620ae5f7e857b716b8eb8d6d8c01601
O15379,Deacetylase,active,molclr_gin,29,29,0,1.0,2aeb904f875ee5102dc3d510e8e1a6026620ae5f7e857b716b8eb8d6d8c01601
O15379,Deacetylase,active,kermt_v2,29,29,0,1.0,2aeb904f875ee5102dc3d510e8e1a6026620ae5f7e857b716b8eb8d6d8c01601
O15379,Deacetylase,inactive_or_lower_affinity,gmolai,1194,1194,0,1.0,c5e4416fdddfda055c2d7662430eb9ed220c0922fd34528beb3ec322213e5cd7
O15379,Deacetylase,inactive_or_lower_affinity,morgan,1194,1194,0,1.0,c5e4416fdddfda055c2d7662430eb9ed220c0922fd34528beb3ec322213e5cd7
O15379,Deacetylase,inactive_or_lower_affinity,molai,1194,1189,5,0.9958123953098827,ff36d3818bd6c871597692cb04c6c1d780625a967185b81d4123c93636214d61
O15379,Deacetylase,inactive_or_lower_affinity,molformer,1194,1194,0,1.0,c5e4416fdddfda055c2d7662430eb9ed220c0922fd34528beb3ec322213e5cd7
O15379,Deacetylase,inactive_or_lower_affinity,smi_ted,1194,1194,0,1.0,c5e4416fdddfda055c2d7662430eb9ed220c0922fd34528beb3ec322213e5cd7
O15379,Deacetylase,inactive_or_lower_affinity,molclr_gin,1194,1194,0,1.0,c5e4416fdddfda055c2d7662430eb9ed220c0922fd34528beb3ec322213e5cd7
O15379,Deacetylase,inactive_or_lower_affinity,kermt_v2,1194,1194,0,1.0,c5e4416fdddfda055c2d7662430eb9ed220c0922fd34528beb3ec322213e5cd7
Q9UBN7,Deacetylase,active,gmolai,37,37,0,1.0,a8991d72bda2d91072bd27fcd3f33f633da2399a2a5b850c41e15806f125bb04
Q9UBN7,Deacetylase,active,morgan,37,37,0,1.0,a8991d72bda2d91072bd27fcd3f33f633da2399a2a5b850c41e15806f125bb04
Q9UBN7,Deacetylase,active,molai,37,37,0,1.0,a8991d72bda2d91072bd27fcd3f33f633da2399a2a5b850c41e15806f125bb04
Q9UBN7,Deacetylase,active,molformer,37,37,0,1.0,a8991d72bda2d91072bd27fcd3f33f633da2399a2a5b850c41e15806f125bb04
Q9UBN7,Deacetylase,active,smi_ted,37,37,0,1.0,a8991d72bda2d91072bd27fcd3f33f633da2399a2a5b850c41e15806f125bb04
Q9UBN7,Deacetylase,active,molclr_gin,37,37,0,1.0,a8991d72bda2d91072bd27fcd3f33f633da2399a2a5b850c41e15806f125bb04
Q9UBN7,Deacetylase,active,kermt_v2,37,37,0,1.0,a8991d72bda2d91072bd27fcd3f33f633da2399a2a5b850c41e15806f125bb04
Q9UBN7,Deacetylase,inactive_or_lower_affinity,gmolai,1565,1565,0,1.0,d0a8606460414cf14eb67bd8d23d47167176fdb16200c3e5e10ed8f949b678a5
Q9UBN7,Deacetylase,inactive_or_lower_affinity,morgan,1565,1565,0,1.0,d0a8606460414cf14eb67bd8d23d47167176fdb16200c3e5e10ed8f949b678a5
Q9UBN7,Deacetylase,inactive_or_lower_affinity,molai,1565,1548,17,0.9891373801916933,94e5c91290a1e99959d408ccbe017ed65511bd1c4405b09cfcc6a1ff5255d737
Q9UBN7,Deacetylase,inactive_or_lower_affinity,molformer,1565,1565,0,1.0,d0a8606460414cf14eb67bd8d23d47167176fdb16200c3e5e10ed8f949b678a5
Q9UBN7,Deacetylase,inactive_or_lower_affinity,smi_ted,1565,1565,0,1.0,d0a8606460414cf14eb67bd8d23d47167176fdb16200c3e5e10ed8f949b678a5
Q9UBN7,Deacetylase,inactive_or_lower_affinity,molclr_gin,1565,1565,0,1.0,d0a8606460414cf14eb67bd8d23d47167176fdb16200c3e5e10ed8f949b678a5
Q9UBN7,Deacetylase,inactive_or_lower_affinity,kermt_v2,1565,1565,0,1.0,d0a8606460414cf14eb67bd8d23d47167176fdb16200c3e5e10ed8f949b678a5
Q07817,Apoptosis regulator,active,gmolai,29,29,0,1.0,1ff25cc4327332093335d2aea5f673086bb92e036911eb345f85f58305ea355f
Q07817,Apoptosis regulator,active,morgan,29,29,0,1.0,1ff25cc4327332093335d2aea5f673086bb92e036911eb345f85f58305ea355f
Q07817,Apoptosis regulator,active,molai,29,27,2,0.9310344827586207,0dbab9a02c46f8b045620ffbafe7a8e490bc9e001f430918c33a01c6ee2adacd
Q07817,Apoptosis regulator,active,molformer,29,29,0,1.0,1ff25cc4327332093335d2aea5f673086bb92e036911eb345f85f58305ea355f
Q07817,Apoptosis regulator,active,smi_ted,29,29,0,1.0,1ff25cc4327332093335d2aea5f673086bb92e036911eb345f85f58305ea355f
Q07817,Apoptosis regulator,active,molclr_gin,29,29,0,1.0,1ff25cc4327332093335d2aea5f673086bb92e036911eb345f85f58305ea355f
Q07817,Apoptosis regulator,active,kermt_v2,29,29,0,1.0,1ff25cc4327332093335d2aea5f673086bb92e036911eb345f85f58305ea355f
Q07817,Apoptosis regulator,inactive_or_lower_affinity,gmolai,1168,1168,0,1.0,88af187185be42165f6cc92e3dcc5c4280822b12a4851af4492130a5500d25e9
Q07817,Apoptosis regulator,inactive_or_lower_affinity,morgan,1168,1168,0,1.0,88af187185be42165f6cc92e3dcc5c4280822b12a4851af4492130a5500d25e9
Q07817,Apoptosis regulator,inactive_or_lower_affinity,molai,1168,1036,132,0.886986301369863,e4386b0e6518c69ff5022a922acc0ae20950ea20d1aa7a61b791722f1291c76e
Q07817,Apoptosis regulator,inactive_or_lower_affinity,molformer,1168,1168,0,1.0,88af187185be42165f6cc92e3dcc5c4280822b12a4851af4492130a5500d25e9
Q07817,Apoptosis regulator,inactive_or_lower_affinity,smi_ted,1168,1168,0,1.0,88af187185be42165f6cc92e3dcc5c4280822b12a4851af4492130a5500d25e9
Q07817,Apoptosis regulator,inactive_or_lower_affinity,molclr_gin,1168,1168,0,1.0,88af187185be42165f6cc92e3dcc5c4280822b12a4851af4492130a5500d25e9
Q07817,Apoptosis regulator,inactive_or_lower_affinity,kermt_v2,1168,1168,0,1.0,88af187185be42165f6cc92e3dcc5c4280822b12a4851af4492130a5500d25e9
Q07820,Apoptosis regulator,active,gmolai,51,51,0,1.0,9fce9076ce061d286b334965b0bf05c97ec62b3f265d7d8eb6cb65d84531e35c
Q07820,Apoptosis regulator,active,morgan,51,51,0,1.0,9fce9076ce061d286b334965b0bf05c97ec62b3f265d7d8eb6cb65d84531e35c
Q07820,Apoptosis regulator,active,molai,51,45,6,0.8823529411764706,6df2de79a3aa14b986a299ce6e7e4bc3c27b0572f3488247188c36dcc92b68e2
Q07820,Apoptosis regulator,active,molformer,51,51,0,1.0,9fce9076ce061d286b334965b0bf05c97ec62b3f265d7d8eb6cb65d84531e35c
Q07820,Apoptosis regulator,active,smi_ted,51,51,0,1.0,9fce9076ce061d286b334965b0bf05c97ec62b3f265d7d8eb6cb65d84531e35c
Q07820,Apoptosis regulator,active,molclr_gin,51,51,0,1.0,9fce9076ce061d286b334965b0bf05c97ec62b3f265d7d8eb6cb65d84531e35c
Q07820,Apoptosis regulator,active,kermt_v2,51,51,0,1.0,9fce9076ce061d286b334965b0bf05c97ec62b3f265d7d8eb6cb65d84531e35c
Q07820,Apoptosis regulator,inactive_or_lower_affinity,gmolai,2074,2074,0,1.0,3720d8713f6bee61cbed38eb78f94bbe083ae7d2869438fb107fc1c6a4aa4b7c
Q07820,Apoptosis regulator,inactive_or_lower_affinity,morgan,2074,2074,0,1.0,3720d8713f6bee61cbed38eb78f94bbe083ae7d2869438fb107fc1c6a4aa4b7c
Q07820,Apoptosis regulator,inactive_or_lower_affinity,molai,2074,2051,23,0.9889103182256509,2dfe362a0bd9063b5148333234fcad126e684277a1e6d22014a8c58ed5664ad1
Q07820,Apoptosis regulator,inactive_or_lower_affinity,molformer,2074,2074,0,1.0,3720d8713f6bee61cbed38eb78f94bbe083ae7d2869438fb107fc1c6a4aa4b7c
Q07820,Apoptosis regulator,inactive_or_lower_affinity,smi_ted,2074,2074,0,1.0,3720d8713f6bee61cbed38eb78f94bbe083ae7d2869438fb107fc1c6a4aa4b7c
Q07820,Apoptosis regulator,inactive_or_lower_affinity,molclr_gin,2074,2074,0,1.0,3720d8713f6bee61cbed38eb78f94bbe083ae7d2869438fb107fc1c6a4aa4b7c
Q07820,Apoptosis regulator,inactive_or_lower_affinity,kermt_v2,2074,2074,0,1.0,3720d8713f6bee61cbed38eb78f94bbe083ae7d2869438fb107fc1c6a4aa4b7c
P10415,Apoptosis regulator,active,gmolai,22,22,0,1.0,278579ff924e5cb437a0c8d5439bb8ae43fb3da43a161376ad16dfe74cedf9ca
P10415,Apoptosis regulator,active,morgan,22,22,0,1.0,278579ff924e5cb437a0c8d5439bb8ae43fb3da43a161376ad16dfe74cedf9ca
P10415,Apoptosis regulator,active,molai,22,1,21,0.045454545454545456,1e77c95cfd44ac85d1153c8abeed71b6df47af948bacfb518fa25ff608206aec
P10415,Apoptosis regulator,active,molformer,22,22,0,1.0,278579ff924e5cb437a0c8d5439bb8ae43fb3da43a161376ad16dfe74cedf9ca
P10415,Apoptosis regulator,active,smi_ted,22,22,0,1.0,278579ff924e5cb437a0c8d5439bb8ae43fb3da43a161376ad16dfe74cedf9ca
P10415,Apoptosis regulator,active,molclr_gin,22,22,0,1.0,278579ff924e5cb437a0c8d5439bb8ae43fb3da43a161376ad16dfe74cedf9ca
P10415,Apoptosis regulator,active,kermt_v2,22,22,0,1.0,278579ff924e5cb437a0c8d5439bb8ae43fb3da43a161376ad16dfe74cedf9ca
P10415,Apoptosis regulator,inactive_or_lower_affinity,gmolai,889,889,0,1.0,940541f289a802e1d8a9438fd1fe992188d018ffed47a7c96a92848a3492993f
P10415,Apoptosis regulator,inactive_or_lower_affinity,morgan,889,889,0,1.0,940541f289a802e1d8a9438fd1fe992188d018ffed47a7c96a92848a3492993f
P10415,Apoptosis regulator,inactive_or_lower_affinity,molai,889,874,15,0.983127109111361,7536d56ac9bf62e44e54518b928f4ac5d512cdea00f0d5ccd9024abe842ab2ff
P10415,Apoptosis regulator,inactive_or_lower_affinity,molformer,889,889,0,1.0,940541f289a802e1d8a9438fd1fe992188d018ffed47a7c96a92848a3492993f
P10415,Apoptosis regulator,inactive_or_lower_affinity,smi_ted,889,889,0,1.0,940541f289a802e1d8a9438fd1fe992188d018ffed47a7c96a92848a3492993f
P10415,Apoptosis regulator,inactive_or_lower_affinity,molclr_gin,889,889,0,1.0,940541f289a802e1d8a9438fd1fe992188d018ffed47a7c96a92848a3492993f
P10415,Apoptosis regulator,inactive_or_lower_affinity,kermt_v2,889,889,0,1.0,940541f289a802e1d8a9438fd1fe992188d018ffed47a7c96a92848a3492993f
O60341,Oxidase,active,gmolai,28,28,0,1.0,def1b8c11823b129909649cc2ae2c20f40e72504d0c5e534838adaafac0a54d3
O60341,Oxidase,active,morgan,28,28,0,1.0,def1b8c11823b129909649cc2ae2c20f40e72504d0c5e534838adaafac0a54d3
O60341,Oxidase,active,molai,28,28,0,1.0,def1b8c11823b129909649cc2ae2c20f40e72504d0c5e534838adaafac0a54d3
O60341,Oxidase,active,molformer,28,28,0,1.0,def1b8c11823b129909649cc2ae2c20f40e72504d0c5e534838adaafac0a54d3
O60341,Oxidase,active,smi_ted,28,28,0,1.0,def1b8c11823b129909649cc2ae2c20f40e72504d0c5e534838adaafac0a54d3
O60341,Oxidase,active,molclr_gin,28,28,0,1.0,def1b8c11823b129909649cc2ae2c20f40e72504d0c5e534838adaafac0a54d3
O60341,Oxidase,active,kermt_v2,28,28,0,1.0,def1b8c11823b129909649cc2ae2c20f40e72504d0c5e534838adaafac0a54d3
O60341,Oxidase,inactive_or_lower_affinity,gmolai,1092,1092,0,1.0,3c2ac7bf30583ab309c9524d1aa8647a6d7dda511cf5c8926834a66228354545
O60341,Oxidase,inactive_or_lower_affinity,morgan,1092,1092,0,1.0,3c2ac7bf30583ab309c9524d1aa8647a6d7dda511cf5c8926834a66228354545
O60341,Oxidase,inactive_or_lower_affinity,molai,1092,1092,0,1.0,3c2ac7bf30583ab309c9524d1aa8647a6d7dda511cf5c8926834a66228354545
O60341,Oxidase,inactive_or_lower_affinity,molformer,1092,1092,0,1.0,3c2ac7bf30583ab309c9524d1aa8647a6d7dda511cf5c8926834a66228354545
O60341,Oxidase,inactive_or_lower_affinity,smi_ted,1092,1092,0,1.0,3c2ac7bf30583ab309c9524d1aa8647a6d7dda511cf5c8926834a66228354545
O60341,Oxidase,inactive_or_lower_affinity,molclr_gin,1092,1092,0,1.0,3c2ac7bf30583ab309c9524d1aa8647a6d7dda511cf5c8926834a66228354545
O60341,Oxidase,inactive_or_lower_affinity,kermt_v2,1092,1092,0,1.0,3c2ac7bf30583ab309c9524d1aa8647a6d7dda511cf5c8926834a66228354545
