model,display_name,is_random_control,target_id,target_class,shots,condition,eligible_draws,included_in_across_target_summary,candidate_count_min,candidate_count_max,active_count_min,active_count_max,ef1_mean,ef1_median,ef1_sd,ef1_min,ef1_max,bedroc20_mean,bedroc20_median,bedroc20_sd,bedroc20_min,bedroc20_max,roc_auc_mean,roc_auc_median,roc_auc_sd,roc_auc_min,roc_auc_max,average_precision_mean,average_precision_median,average_precision_sd,average_precision_min,average_precision_max
gmolai,gMolAI,False,O00329,Kinase,5,scaffold_excluded,20,True,1892,1893,41,41,14.578433889602053,14.580231065468547,6.287668859516707,2.430038510911425,24.30038510911425,0.28205459021255164,0.2882201771073095,0.0873475920127897,0.13267228532871664,0.4451248155324667,0.6818312877856281,0.6825055596532631,0.04734186455989331,0.5979033872412158,0.7532529104988674,0.15376081569385705,0.1499912911688317,0.07214660294167086,0.039045723175209164,0.30214322871752586
gmolai,gMolAI,False,O14757,Kinase,5,scaffold_excluded,20,True,775,777,14,14,45.0625,48.5625,13.423684164793302,13.875,55.5,0.7012251770323985,0.7079796125440655,0.0996855883944371,0.4534793595362523,0.8164956667615448,0.9138845826338832,0.9139674218311178,0.017655354734838456,0.8773637895525184,0.9543833302046181,0.6048774397907533,0.6653122564722243,0.17808016858401032,0.19645735166790634,0.7973538589779731
gmolai,gMolAI,False,O14965,Kinase,5,scaffold_excluded,20,True,1157,1160,23,23,10.712862318840578,10.501811594202898,6.0140633986568925,0.0,21.014492753623188,0.2946002157590767,0.2771466486622609,0.06536501668226356,0.21584182966584284,0.44115634076078536,0.769423874615414,0.77300680541126,0.03957273010260906,0.702497036442201,0.8408091468777484,0.11938430873898938,0.09954111274058597,0.045104675332403414,0.06866192814158614,0.22875784625719708
gmolai,gMolAI,False,O15379,Deacetylase,5,scaffold_excluded,20,True,1208,1212,23,23,48.01337792642141,48.642140468227424,2.668266327435351,44.441471571906355,52.69565217391304,0.6773575536954163,0.6836471582835155,0.02545981930288201,0.6390597374819568,0.7122632024741562,0.8749766694272673,0.8731487914579296,0.021035889836191583,0.8329615679964896,0.9095696054411818,0.6079650801204822,0.6061739651323165,0.02958084007255181,0.5534129182056889,0.670086862026035
gmolai,gMolAI,False,O43614,GPCR,5,scaffold_excluded,20,True,2189,2209,48,48,8.550671113306983,7.001358695652174,5.483148408545092,0.0,19.963768115942027,0.19343945215737607,0.16350613277319465,0.06798760567170621,0.10613646587432482,0.3145284091561482,0.5632446115146208,0.5831158159319412,0.09938097708833465,0.3700832947709393,0.7207175925925926,0.09086415491769544,0.09095778253002056,0.04731375019360792,0.026977615118552442,0.17439413826862354
gmolai,gMolAI,False,O60341,Oxidase,5,scaffold_excluded,20,True,1110,1115,23,23,46.44021739130435,48.47826086956521,4.351159274869938,32.17391304347826,48.47826086956521,0.8102854716036278,0.8415825996183723,0.09633394230577257,0.5200853258032928,0.8804647754061198,0.9228275905593813,0.9235148909061952,0.05263691755184307,0.7357063226628444,0.9811673833412964,0.7574773566642624,0.7999636730136805,0.1177973697042419,0.46504599255435397,0.8460214540304102
gmolai,gMolAI,False,O60674,Kinase,5,scaffold_excluded,20,True,2271,2308,51,51,17.082155797101446,13.375888036373972,7.661935377424175,5.656862745098039,33.94117647058823,0.3524509300253268,0.3224187193734793,0.09660491568891638,0.2404771397162439,0.568046397160427,0.7453805001553595,0.7435646832946736,0.04220664435378734,0.6762403676579183,0.8376988367345165,0.21485808121378783,0.1802642706995531,0.11212952022898041,0.07528495376672677,0.46086702943034064
gmolai,gMolAI,False,O75116,Kinase,5,scaffold_excluded,20,True,1182,1190,24,24,30.515277777777772,32.99999999999999,7.853058178973696,8.263888888888888,41.31944444444444,0.5643897860348382,0.5909095363672454,0.09608174057483494,0.2663268889541667,0.6755017878113241,0.8671835751862345,0.8891946907805933,0.0652094186211041,0.6592695826186392,0.9496706758304696,0.39069718609528237,0.4125597377530158,0.1251547521856226,0.07670257350296295,0.5736003548808107
gmolai,gMolAI,False,P00519,Kinase,5,scaffold_excluded,20,True,1267,1271,25,25,20.128153846153847,19.553846153846152,6.688834980506672,7.821538461538461,35.19692307692307,0.40970758206683566,0.38461631941870866,0.09996121015904678,0.24520602436305325,0.5862729970833228,0.8156309478576211,0.8201754018656803,0.07276086038164273,0.6484430176565008,0.9128410914927769,0.2516088060574714,0.24269960756226366,0.08925213413932957,0.07726612257373591,0.43931870717918076
gmolai,gMolAI,False,P00533,Kinase,5,scaffold_excluded,20,True,3642,3792,86,86,8.346330510436996,5.801713586291309,4.367387865338687,3.4810281517747854,17.405140758873927,0.18683979488696809,0.17756291468181376,0.06751009356556946,0.07816633051250421,0.3295642595294173,0.652862279915509,0.6888875989909511,0.07715457232125682,0.490662533415329,0.7357553433150517,0.08900083714945593,0.0635810689724174,0.048243381847866244,0.025869510153183704,0.18858466920028838
gmolai,gMolAI,False,P00734,Peptidase,5,scaffold_excluded,20,True,4094,4099,83,83,10.115927123126655,10.237143696738173,2.5664964527523173,2.408463120775786,13.249779606229799,0.26837945121456375,0.2703414750979723,0.040151503205323236,0.19727568926122171,0.3571237503239879,0.6995878573521919,0.6814459031344502,0.04847692220909038,0.6396732347717564,0.7853495655930496,0.10613912076306535,0.10426339396626642,0.021975892761034198,0.058105764326967534,0.1514233324536931
gmolai,gMolAI,False,P00742,Peptidase,5,scaffold_excluded,20,True,2192,2203,51,51,24.868046190808336,24.409633418584825,6.550971067186797,13.14066496163683,37.5618073316283,0.416509170320443,0.42558971464607076,0.07353290233647691,0.2529995758317931,0.5269936380624037,0.7256137045911502,0.7289744895969168,0.05879830898563641,0.6275420949048764,0.8298465829846583,0.30355258978423433,0.2852613720475838,0.07632203796251832,0.16132931782073845,0.43254271417969
gmolai,gMolAI,False,P00918,Other Enzymes,5,scaffold_excluded,20,True,2015,2212,49,49,10.204197828199604,9.813664596273291,3.6517900412678315,3.923691215616681,17.664596273291927,0.25132085662405285,0.22893914453362274,0.0743419108915561,0.1187849368709434,0.3709556201734791,0.7245459066556001,0.7225898215448427,0.05875010661007743,0.5981771349316426,0.8200345325370092,0.12947350369560123,0.12540093794947016,0.04984644169349923,0.03591352313478579,0.23638485601447878
gmolai,gMolAI,False,P01375,Other Proteins,5,scaffold_excluded,20,True,1182,1183,24,24,45.58454861111111,45.18402777777777,3.867424219591183,36.96875,49.291666666666664,0.9803771836831991,0.9836957839690113,0.00974002771854142,0.9632874808321494,0.9940157446318038,0.9988584076186816,0.998992965989679,0.0005162410044813168,0.9978789186079954,0.9996404946793211,0.9263780406872468,0.9504037480961527,0.049809920946206274,0.833067440389094,0.9811807472762848
gmolai,gMolAI,False,P03372,Nuclear receptor,5,scaffold_excluded,20,True,1683,1706,37,37,15.78111199434729,16.054054054054053,4.956951724681391,5.376788553259142,25.615615615615617,0.3291144945627479,0.3450921532272172,0.07419934082808022,0.14402091913285214,0.4609496750048266,0.8052981638076895,0.819618688515348,0.043671646853238245,0.7243534727057794,0.863909445694946,0.19071657862378297,0.18815444460459313,0.058227627203405075,0.07592130254423363,0.2949040246725897
gmolai,gMolAI,False,P03952,Peptidase,5,scaffold_excluded,20,True,1010,1015,20,20,19.58977272727273,23.045454545454547,7.282043021582736,4.595454545454546,27.681818181818183,0.36883900003207143,0.3879506360962037,0.08167146138979438,0.17152366813703113,0.500813133815547,0.6968316558293186,0.7022125213593117,0.05111908265532453,0.6001008064516129,0.786532663316583,0.24097539804621504,0.27384246884813435,0.09145660760341573,0.05360001600819925,0.3837161877143111
gmolai,gMolAI,False,P04150,Nuclear receptor,5,scaffold_excluded,20,True,597,598,9,9,14.387962962962963,11.074074074074073,7.086106876508067,0.0,22.148148148148145,0.4176164405379378,0.42789692970097015,0.10978951913638835,0.20660565264164743,0.5540681321489057,0.7856019657438527,0.8075834748160724,0.0817457897778291,0.5916477702191988,0.9193121693121693,0.22354388020775356,0.2433900414319512,0.09698679169904921,0.05891603446304543,0.3612369160555296
gmolai,gMolAI,False,P06239,Kinase,5,scaffold_excluded,20,True,1129,1130,23,23,27.22282608695652,28.659420289855074,9.181111342141026,8.181159420289855,40.94202898550724,0.4945364581732332,0.48127897281233667,0.11691847424775283,0.24353856338569688,0.7218058623528558,0.837212478212787,0.8342366757000903,0.05047809771482254,0.7292329445033581,0.9334668709005931,0.36614667552759295,0.36138095411844817,0.11069425177529346,0.16724698670035779,0.5966540194814163
gmolai,gMolAI,False,P07550,GPCR,5,scaffold_excluded,20,True,718,746,11,11,47.1875,42.38636363636363,7.271822120519679,40.79545454545455,67.54545454545455,0.6291014556009495,0.6086783650070413,0.07776522540619972,0.49957140825557217,0.7596201569153039,0.8528011703466619,0.8548880367181847,0.0563477183883777,0.7482993197278912,0.9545454545454545,0.5697180289741491,0.5328781861248946,0.08371914633191192,0.44109930277299303,0.742216009008195
gmolai,gMolAI,False,P07711,Peptidase,5,scaffold_excluded,20,True,1532,1546,33,33,16.665814393939392,14.611742424242424,7.234285870630844,5.8560606060606055,29.280303030303028,0.38534525788812063,0.3731690815628871,0.09789824781996861,0.2085052206673542,0.5970055522370773,0.7659543441921208,0.7812073369051779,0.07573382452367268,0.5901550340833686,0.8708365879548959,0.21710527296539478,0.18067670096419503,0.10757955940930967,0.07548889977451526,0.4568636365601259
gmolai,gMolAI,False,P08172,GPCR,5,scaffold_excluded,20,True,720,724,11,11,11.090909090909092,12.295454545454547,7.919820308505002,0.0,24.68181818181818,0.30027213877024084,0.30347050729847136,0.0853093649003005,0.11218926265268091,0.4552869107805855,0.7607080384132392,0.7742188150492917,0.08662722416550679,0.600408007140125,0.8857580007650133,0.14188904237551675,0.11418319752219043,0.08609311830899109,0.035151131140520854,0.34360067546083006
gmolai,gMolAI,False,P08246,Peptidase,5,scaffold_excluded,20,True,750,784,15,15,34.513333333333335,32.666666666666664,10.832977686469938,13.066666666666668,52.26666666666667,0.5823303466675281,0.5573478936267421,0.10209950411291473,0.4192727854133403,0.7802571317444812,0.8255252485042565,0.811876896402254,0.042099876912053254,0.7433896835717382,0.9239705244906806,0.4511144092260987,0.4482545600181172,0.1264247798536866,0.23175060644716722,0.6745340914812669
gmolai,gMolAI,False,P08253,Peptidase,5,scaffold_excluded,20,True,2074,2239,50,50,16.708461697722566,17.428695652173914,5.900261677523756,7.680000000000001,28.98260869565217,0.3917036974838061,0.38820373459912216,0.0946489482670735,0.17002629393673088,0.5325532621463733,0.8130977811766344,0.8333745555842453,0.0538500496917286,0.6294317140238315,0.8722781335773101,0.22203557260201165,0.234235013147627,0.0775453399470828,0.06232085965219949,0.34526253986836936
gmolai,gMolAI,False,P08581,Kinase,5,scaffold_excluded,20,True,1006,1008,19,19,12.776555023923446,12.057416267942584,8.924579260104947,0.0,28.9377990430622,0.37521017269700996,0.38964499284622667,0.10001606337559586,0.14956901461716288,0.5268193644334224,0.7581608648042668,0.7566920334202543,0.05356533087779581,0.6205098185301474,0.8493041113421852,0.1815099027932793,0.18056630012975644,0.08913191257948574,0.040875754681069944,0.3605332285388807
gmolai,gMolAI,False,P08908,GPCR,5,scaffold_excluded,20,True,1335,1335,28,28,15.154974489795919,13.622448979591836,7.1009261177960985,0.0,23.83928571428571,0.355950283541006,0.35108460895932103,0.07853623951539442,0.2065434200730451,0.5028656844755852,0.812286861952126,0.8159361678872008,0.0295564852242942,0.7446168980216417,0.876981090829599,0.19770173369952682,0.1928657888116685,0.06557900376252775,0.08665892703714473,0.30426976953587465
gmolai,gMolAI,False,P09874,Other Enzymes,5,scaffold_excluded,20,True,940,944,18,18,18.864444444444448,20.977777777777778,9.858216852259483,0.0,36.711111111111116,0.4409204815298211,0.45486130778562184,0.11514264222214972,0.16596395769011385,0.5923666948385539,0.832531811771761,0.8471622270218382,0.06959277078947797,0.6721862251019919,0.9316100265124126,0.25248242836162044,0.2627334698755352,0.10782186544048762,0.04807297142700811,0.459008903532639
gmolai,gMolAI,False,P10721,Kinase,5,scaffold_excluded,20,True,1017,1017,20,20,41.835681818181826,41.60454545454545,6.9302375656929796,27.736363636363635,50.85,0.7538994531585458,0.7620362510876536,0.04792964860089703,0.6365957023913702,0.8328819331059194,0.9025902708124371,0.912036108324975,0.033465070675005336,0.8386158475426277,0.9553159478435306,0.6358674387248769,0.6487739016207397,0.08436581746500381,0.4398090055315604,0.7615754699927509
gmolai,gMolAI,False,P11362,Kinase,5,scaffold_excluded,20,True,1243,1245,25,25,31.020923076923076,32.56153846153846,9.448789238989312,3.8307692307692305,42.138461538461534,0.5794762411776121,0.5907644294028918,0.12265887304197963,0.19745345446880314,0.7423069338928178,0.8883127701956985,0.8936037309214246,0.026238019186406242,0.8152786885245902,0.9268852459016393,0.4331457103790083,0.45296831771284307,0.12764164015731164,0.1026693591050075,0.6178980453312466
gmolai,gMolAI,False,P11802,Kinase,5,scaffold_excluded,20,True,1033,1044,20,20,13.485227272727272,14.21590909090909,8.505000458529485,0.0,28.47272727272727,0.422217531734019,0.4423329867170873,0.08725591763505415,0.24621741392720084,0.5493336773141303,0.8766029076572511,0.8754620757136109,0.01794830825245002,0.8338378906249999,0.9085714285714286,0.19403273894323428,0.18983524552706904,0.07385782325514237,0.08767449303590624,0.3157909306214002
gmolai,gMolAI,False,P14416,GPCR,5,scaffold_excluded,20,True,2820,2856,65,65,8.326790450928382,9.087533156498672,4.536969066914294,0.0,16.66631299734748,0.19685124082305677,0.18594242895072483,0.04859061282765493,0.11550850259597939,0.2740156844865397,0.6313551229274845,0.6386233742955696,0.040582966179784526,0.5386434418322631,0.6902075352093267,0.10233854629796948,0.09604119705321001,0.04615802328812892,0.03793930568657908,0.20259346856151192
gmolai,gMolAI,False,P14780,Peptidase,5,scaffold_excluded,20,True,1248,1347,28,28,13.8901295133438,15.39236656200942,5.2639274137467575,3.436224489795918,20.61734693877551,0.37031194262259365,0.3850947177942381,0.07687186513026514,0.17480959644042254,0.511155326983268,0.8263433181490093,0.8279424396836057,0.05332437578527712,0.6533629372901548,0.8950700280112045,0.21722058676745504,0.214168013970146,0.06386313871498576,0.07989049430595599,0.31725833299279965
gmolai,gMolAI,False,P15056,Kinase,5,scaffold_excluded,20,True,922,928,17,17,21.793529411764705,21.835294117647056,6.8823539215685585,10.858823529411765,32.71764705882353,0.44867998589291636,0.4398299888455118,0.13827552582675653,0.2803903483912302,0.7559392531836139,0.825467531940717,0.83835680883675,0.06306916897674895,0.6972850678733031,0.9404007756948933,0.2731690383959069,0.27246945650921606,0.11142360756199288,0.1041664144263673,0.4987149478841985
gmolai,gMolAI,False,P20309,GPCR,5,scaffold_excluded,20,True,806,815,14,14,27.449603174603176,32.34126984126984,15.011751774077888,0.0,45.27777777777778,0.547565910415783,0.5555732225067243,0.09395743083904178,0.3107822282364003,0.6874270390914178,0.8651325530198447,0.8740553103263777,0.03581915937795278,0.7953451043338684,0.9294631710362047,0.38088592134935345,0.43651726336144575,0.1577066049922766,0.12062289700873456,0.5513313148194594
gmolai,gMolAI,False,P21453,GPCR,5,scaffold_excluded,20,True,1244,1259,26,26,19.49970414201184,18.624260355029588,5.3917316669771855,7.449704142011835,29.79881656804734,0.45953759459574456,0.4677713821223991,0.08554382241549824,0.29862013498992684,0.6027806254245792,0.8751202874151927,0.8872772342599928,0.04593639173164773,0.7712583442510449,0.9473120987032607,0.29661340784251455,0.3044922569934176,0.06946330130074112,0.1502264339165494,0.39003828540759
gmolai,gMolAI,False,P23458,Kinase,5,scaffold_excluded,20,True,1113,1132,23,23,19.646014492753626,14.318840579710145,11.30231337949972,4.050724637681159,41.01449275362319,0.46190054927719204,0.4745534413147364,0.1317090254581353,0.23117057693319604,0.6628548241229607,0.8227455126231809,0.8483862663730275,0.058656371447961014,0.6997873345935728,0.908260477515976,0.2891577553325865,0.20397487371027673,0.14772620176854168,0.10895463635979256,0.5461360942340211
gmolai,gMolAI,False,P27487,Peptidase,5,scaffold_excluded,20,True,1229,1266,26,26,14.344970414201185,14.887573964497044,7.233118244908891,0.0,29.96449704142012,0.32587956517859534,0.3431919855806518,0.0950156381422914,0.10711892495628816,0.5023102658119077,0.7778192085198667,0.7901519851116625,0.033871029794988766,0.7103395357759448,0.8355459057071961,0.16984173616108994,0.16639174723446387,0.06883874231919851,0.04711834099411177,0.29825300463967835
gmolai,gMolAI,False,P27986,Kinase,5,scaffold_excluded,20,True,917,917,17,17,52.86235294117648,53.94117647058824,3.236470588235296,43.152941176470584,53.94117647058824,0.8319917134185267,0.8443971140132642,0.03907449045127484,0.7496205265344363,0.8877535120824178,0.9178137254901962,0.9281372549019609,0.023205647182809905,0.8836601307189541,0.9701960784313726,0.78579010605951,0.7962388161032672,0.04566978074644532,0.6919978392348021,0.8593533665931856
gmolai,gMolAI,False,P28223,GPCR,5,scaffold_excluded,20,True,1254,1267,28,28,19.30041208791209,20.884615384615383,7.674718374875348,3.445054945054945,31.32692307692308,0.2987358518239085,0.31587865678549853,0.09505988634505465,0.09204235320967172,0.46858622561405083,0.6489969374400574,0.6493199818152715,0.046805746849625574,0.5527557678862736,0.7265363772627694,0.21502088841590533,0.23789896949897765,0.08934253002043273,0.04384937501728317,0.3484613009787101
gmolai,gMolAI,False,P28335,GPCR,5,scaffold_excluded,20,True,1055,1068,20,20,7.512954545454546,4.854545454545455,6.586097032530028,0.0,19.41818181818182,0.24939990334070256,0.2548685484894133,0.09486879686228827,0.029267050148032103,0.38904267936477877,0.6427924814324735,0.6438692748091603,0.07523806217055978,0.5289952153110048,0.7861509073543458,0.09794307326185825,0.07996927268566872,0.05939991416939506,0.022536933075144518,0.23339880838066443
gmolai,gMolAI,False,P28482,Kinase,5,scaffold_excluded,20,True,749,750,13,13,44.34134615384615,43.269230769230774,5.230446203968027,36.057692307692314,50.48076923076923,0.6679405479472298,0.6730099848044886,0.09734207596386742,0.44878453249828365,0.8359302864416245,0.8867342464479062,0.8935392965243711,0.0635306226344649,0.7714226072435028,0.9732441471571907,0.5863552166423415,0.5824054208808467,0.09081404072588585,0.41360738274143977,0.7555135118200396
gmolai,gMolAI,False,P29274,GPCR,5,scaffold_excluded,20,True,2121,2146,48,48,12.289157196969693,12.193181818181817,4.747121029441305,4.064393939393939,20.321969696969695,0.27945055645289474,0.2877307001868151,0.0717094868259506,0.10835167843518191,0.4083448777441732,0.6375729046496219,0.6487776056561805,0.06286433506771297,0.40743168096599935,0.7077573879885605,0.14355816153014947,0.1505417860835146,0.05429428863016481,0.03616437054910398,0.25666114427354175
gmolai,gMolAI,False,P29597,Kinase,5,scaffold_excluded,20,True,673,677,12,12,39.42380952380952,40.29761904761905,9.512714072489688,8.035714285714285,48.35714285714286,0.6128139394078478,0.6253154151913553,0.13914040690887405,0.14655055733566585,0.7781644735383904,0.8356851076836744,0.8271116138763197,0.051246727060754595,0.7489974937343359,0.9267219708396178,0.47947827644572155,0.4860552480494177,0.14722430817871934,0.06573323516706872,0.7181394092957879
gmolai,gMolAI,False,P30542,GPCR,5,scaffold_excluded,20,True,1792,1803,39,39,6.40219298245614,4.866396761133603,5.040260127989628,0.0,19.465587044534413,0.17373472536911974,0.15691841793130315,0.07685068505193625,0.05457184433834018,0.3402175855324415,0.5625929822282354,0.5728652093209261,0.08183100656507304,0.39661416292159346,0.7046485260770976,0.07703617172357766,0.06464765163495452,0.04623459099415378,0.026191673730010336,0.22828191034526485
gmolai,gMolAI,False,P31645,Other Proteins,5,scaffold_excluded,20,True,1384,1393,30,30,9.275119047619047,9.946428571428573,4.508611782050786,3.3119047619047617,19.771428571428572,0.2461845443437952,0.25731041095587404,0.09857260133933596,0.05819770784345157,0.4136843955466806,0.7037962761510183,0.708657413405891,0.06729890193721684,0.528434974283615,0.8691874694077338,0.11873680267131634,0.11299560311591778,0.05124371695601823,0.02807907702726544,0.2579642733989592
gmolai,gMolAI,False,P34969,GPCR,5,scaffold_excluded,20,True,796,806,15,15,17.51296296296296,17.91111111111111,9.262063464256341,0.0,29.85185185185185,0.3415927862297101,0.3231092717078575,0.10398289421490532,0.10231003313039312,0.5707673171298933,0.7694391125514146,0.7688965652321006,0.04481320354750553,0.6685208596713021,0.8914454277286136,0.1798725413289568,0.1776197301430001,0.08293580638128446,0.037364075334642366,0.3068805557185882
gmolai,gMolAI,False,P34972,GPCR,5,scaffold_excluded,20,True,2856,2862,65,65,6.44946949602122,6.073209549071618,3.0673870700387056,0.0,13.650397877984085,0.16034364569362453,0.16062687579970114,0.06479454769272405,0.012885367409144442,0.27415780125917,0.5391408116532709,0.5332416600203516,0.11959705744843263,0.3161879608231539,0.7825868864206378,0.0621201802259983,0.06556468312894634,0.02607285984446844,0.015329002989062432,0.12777646963863754
gmolai,gMolAI,False,P35372,GPCR,5,scaffold_excluded,20,True,2446,2469,56,56,11.173678571428571,11.410714285714285,5.490633105734322,1.7635714285714283,21.119999999999997,0.3892465915795523,0.3844373655564953,0.09121497614631113,0.2339237732316417,0.542431989525797,0.8562245298665607,0.88360397061119,0.0662219557983279,0.669209215442092,0.9050580431177445,0.19770484975878674,0.19221789571684456,0.07854271518632738,0.07115576924572117,0.3320904658376021
gmolai,gMolAI,False,P35462,GPCR,5,scaffold_excluded,20,True,933,933,17,17,45.826764705882354,49.39411764705883,10.307805937021424,21.95294117647059,54.88235294117647,0.7985712653359055,0.8250189505657279,0.1375402674651277,0.48152748588723326,0.9744852352033796,0.9685332648343179,0.9775237605959415,0.02535402434272361,0.9116362702286154,0.9983303365014128,0.7060337939441205,0.7392149041204816,0.1873891841616127,0.28280332515230044,0.9364940005853089
gmolai,gMolAI,False,P36888,Kinase,5,scaffold_excluded,20,True,981,983,16,16,9.519062499999999,6.14375,6.580866404715928,0.0,18.43125,0.2218937844909284,0.2045813342047023,0.07424304515371843,0.10167767806489864,0.3618654004861935,0.6155967762593124,0.6335053464643805,0.08278127500908354,0.4799638055842813,0.7449586349534643,0.09970939873351362,0.09104930302162817,0.04793561991217594,0.02393850056645592,0.17669232431067683
gmolai,gMolAI,False,P41143,GPCR,5,scaffold_excluded,20,True,2387,2393,53,53,15.887028301886795,14.103380503144654,6.49194870458185,7.515723270440251,30.0251572327044,0.41641370667742794,0.42549573226644877,0.09015124999232109,0.21677951091102654,0.5910138368927784,0.8127925409176143,0.8564787937429447,0.10028595096117748,0.5206415902387782,0.9110546686018385,0.21803904572588215,0.18666120757228777,0.07845505039686744,0.12575831820261138,0.40528744649449777
gmolai,gMolAI,False,P42336,Kinase,5,scaffold_excluded,20,True,2399,2399,54,54,32.579012345679004,32.39390432098766,7.8184861550279265,14.80864197530864,44.425925925925924,0.5690961995107943,0.6179071938110134,0.12648252920833641,0.35939598389600225,0.7333490980219789,0.7835919608307668,0.8038379530916844,0.07482240797129568,0.5947089947089946,0.8780304825080945,0.4507085666796759,0.47226975652230474,0.1367276286551201,0.19711916987456862,0.6351749518631477
gmolai,gMolAI,False,P43405,Kinase,5,scaffold_excluded,20,True,804,808,14,14,9.923412698412697,9.595238095238095,6.230119944778675,0.0,19.238095238095237,0.2757364639139818,0.29109477138371886,0.09766305462785577,0.13030405904753098,0.44543597304995053,0.7858183492708185,0.7874707259953162,0.06215123507728767,0.6797001986635363,0.8859126984126984,0.12712629726913185,0.13412131208182695,0.06118690217319,0.03884716979867115,0.22557264452328243
gmolai,gMolAI,False,P45452,Peptidase,5,scaffold_excluded,20,True,994,1010,20,20,24.477181818181823,23.90227272727273,8.173588997446199,9.181818181818183,36.727272727272734,0.4254691657442097,0.44794763794436343,0.09593533992514232,0.18596922402131552,0.5419273900251822,0.8157192614025262,0.8265259369879493,0.06299108680140644,0.6234848484848484,0.8948484848484848,0.30491969546130737,0.31704885692625245,0.10702673499535674,0.056482760469600844,0.4633019048894883
gmolai,gMolAI,False,P51449,Nuclear receptor,5,scaffold_excluded,20,True,1227,1228,25,25,35.51107692307692,39.65692307692308,11.670737954489722,15.113846153846154,49.120000000000005,0.7056689078597586,0.7364942868077571,0.11507903221462071,0.5028202419149589,0.8662002846836103,0.934216946541024,0.9389769890304742,0.023063195125504875,0.8797339983374896,0.979019118869493,0.5626981588049647,0.6023332489018909,0.19260573920438187,0.245698191173814,0.8232087236632524
gmolai,gMolAI,False,P78536,Other Enzymes,5,scaffold_excluded,20,True,1235,1249,25,25,21.276153846153846,26.6,10.098507142586758,3.8000000000000003,38.43076923076923,0.5018050231783417,0.48430076077249096,0.09337205111366172,0.34714996756838334,0.6686759449571632,0.8096914713176513,0.8304411764705881,0.07044330029657486,0.6532561983471075,0.9206611570247935,0.30601069152723526,0.30752763078896583,0.11378226104000491,0.1127712216698835,0.5022350836443144
gmolai,gMolAI,False,Q00987,Other Enzymes,5,scaffold_excluded,20,True,895,902,17,17,47.28150326797386,50.2,7.606221019205444,26.52941176470588,53.05882352941176,0.8575353577928173,0.8542286869792712,0.023919651018730528,0.7991145168791663,0.9048274202975385,0.95350947041069,0.9614269189394611,0.020008672904364363,0.9164506480558324,0.9822796615815068,0.7850453661907697,0.8048819342800126,0.06377547921179642,0.5868500039894139,0.8788101504739924
gmolai,gMolAI,False,Q05397,Kinase,5,scaffold_excluded,20,True,934,935,17,17,54.43529411764706,55.00000000000001,1.6452879135090936,49.5,55.00000000000001,0.8505189502238236,0.8485138166754129,0.06877787667907531,0.655098828294234,0.9515323887383134,0.9608726951340332,0.9645649109316929,0.022749803964362134,0.9172754068947842,0.996600166784271,0.7943176407815032,0.7887295085585913,0.07412591748019494,0.6126159922578541,0.9056914801318758
gmolai,gMolAI,False,Q06187,Kinase,5,scaffold_excluded,20,True,1136,1139,23,23,25.776630434782607,28.836956521739133,9.752487866163058,8.253623188405797,45.39492753623189,0.508723318836935,0.5171788182812255,0.10040460022491993,0.3095154942463032,0.6704098393696524,0.8533868426787766,0.8489801341197318,0.04143255718953676,0.7828424497428705,0.9572619604176407,0.35116137897393196,0.36354551553843506,0.10828272442761384,0.14198829129214782,0.5233877755678289
gmolai,gMolAI,False,Q07817,Apoptosis regulator,5,scaffold_excluded,20,True,1056,1058,22,22,38.03223140495868,41.53305785123967,9.980073343604227,13.115702479338841,48.090909090909086,0.6798662015380359,0.6964345562000487,0.09044040322230654,0.47456630691002966,0.7955565480442847,0.9122753080079,0.9147288522288523,0.030914701929726684,0.8444190944190945,0.9676455072973448,0.5570792340186561,0.6041425563875762,0.14300400722938528,0.23076012703620755,0.7406099293362531
gmolai,gMolAI,False,Q07820,Apoptosis regulator,5,scaffold_excluded,20,True,2091,2091,40,40,52.275,52.275000000000006,7.105427357601002e-15,52.275000000000006,52.275000000000006,0.9971980040348953,0.9969773868689157,0.0010433349359365233,0.9958074060646565,0.9999999999999998,0.9998214285714286,0.9998049731838128,6.690458726302926e-05,0.9997318381277426,1.0,0.9921689467278494,0.991717843326886,0.0028579962846383908,0.9884832317073171,1.0
gmolai,gMolAI,False,Q08499,Other Enzymes,5,scaffold_excluded,20,True,803,803,15,15,40.74481481481482,44.611111111111114,12.515870523139371,17.844444444444445,53.53333333333333,0.6075656926924509,0.6478627333926037,0.1744024114493867,0.23095957061795083,0.8058979047891743,0.757741116751269,0.7986463620981388,0.16572047222151504,0.3352791878172589,0.9168358714043993,0.5369321876191937,0.5713383152143627,0.17002714287419438,0.21117364984410575,0.7608554325332999
gmolai,gMolAI,False,Q14432,Other Enzymes,5,scaffold_excluded,20,True,959,960,15,15,47.35033333333333,44.800000000000004,10.980646504949817,19.180000000000003,64.0,0.7238207898587751,0.7226886722285473,0.08356678250638772,0.5659204136933258,0.8583692971864316,0.9017693592502913,0.913615520282187,0.04927902006522979,0.7544491525423729,0.9523809523809523,0.6247800675320547,0.6112294601369633,0.12191774052003447,0.30541548701280485,0.7764004850372223
gmolai,gMolAI,False,Q16539,Kinase,5,scaffold_excluded,20,True,1508,1509,31,31,16.275907258064514,15.211693548387096,6.473280596556938,6.084677419354838,30.423387096774192,0.2887476806283922,0.2908197408936376,0.0819749967906758,0.11216405634277049,0.4527055073200451,0.669258757818791,0.6756624034222358,0.06583692339001312,0.5667423283425728,0.7808066698677376,0.1850592800713195,0.16425731409201677,0.08547063583201768,0.03500766131563526,0.3596152030710592
gmolai,gMolAI,False,Q16790,Other Enzymes,5,scaffold_excluded,20,True,985,1114,24,24,13.7671875,13.53125,7.8958740619826875,0.0,30.944444444444443,0.30346409668265023,0.326267077170173,0.11194332488664707,0.10425577148414364,0.4994984539889862,0.7315668028566071,0.7470577762785555,0.08733654958761368,0.5472145699418427,0.8470565749235475,0.17770894275722196,0.19172324505059402,0.0989848377224645,0.04419293763340146,0.35951466692019796
gmolai,gMolAI,False,Q92731,Nuclear receptor,5,scaffold_excluded,20,True,886,897,17,17,13.42581699346405,11.72549019607843,8.469435862013048,0.0,23.45098039215686,0.33348664576757087,0.3405680711665905,0.11919923419500744,0.08084454062314049,0.570183624344492,0.8517319853947078,0.8522948691760316,0.02781008697193438,0.7842468045238573,0.8973630831643001,0.20221678475738236,0.17419257974006896,0.0905224188200506,0.04583935591949122,0.3643508201672291
gmolai,gMolAI,False,Q96GD4,Kinase,5,scaffold_excluded,20,True,868,870,16,16,17.80833333333333,18.125,7.50290787249916,6.041666666666667,36.166666666666664,0.40298416876781823,0.4101702013827199,0.10960320932378079,0.14162034499460402,0.5875281887638246,0.7880542562066387,0.795674319138877,0.058895793698094646,0.6707406323185011,0.8837294600938967,0.22208792164214713,0.2081605718975616,0.11036410423553167,0.05656238742682445,0.46726676238919845
gmolai,gMolAI,False,Q96RI1,Nuclear receptor,5,scaffold_excluded,20,True,943,964,18,18,15.447777777777777,16.016666666666666,7.896612494537699,0.0,26.77777777777778,0.3972592845217505,0.4236856280904612,0.09212975277993338,0.21436660334216323,0.5272325847068889,0.832448308194186,0.8285764622973926,0.022281318273384098,0.8038231780167265,0.8908665947500899,0.20875550617711797,0.22482205499197427,0.08146858363224865,0.07779280675755981,0.34069732350777154
gmolai,gMolAI,False,Q9NWZ3,Kinase,5,scaffold_excluded,20,True,813,829,12,12,17.53055555555556,15.351851851851851,8.96203799367086,0.0,37.63888888888889,0.3759813047810057,0.37036933189829235,0.11264674899068808,0.11895488259354625,0.5471278728922021,0.7350040119538422,0.742996535782315,0.07915622304192922,0.5559975520195839,0.8495512035903713,0.20150007398628436,0.18337511828505432,0.11299415988397551,0.025379280540484512,0.42471242288428074
gmolai,gMolAI,False,Q9UBN7,Deacetylase,5,scaffold_excluded,20,True,1570,1580,32,32,8.781640625,9.240234375,5.000715036762868,0.0,18.50390625,0.22752182701863485,0.22094163488147184,0.07478609025518147,0.0649670152781679,0.4201318172780371,0.7599439385589123,0.7750569151807404,0.05337973737982137,0.6644619741100324,0.8876170865633075,0.12357073372925001,0.12222381659566811,0.050122990485196035,0.03441259935262204,0.22418534566932397
gmolai,gMolAI,False,Q9Y233,Other Enzymes,5,scaffold_excluded,20,True,775,775,14,14,28.716517857142854,27.678571428571427,12.431307386604287,6.919642857142857,55.357142857142854,0.4902640888516898,0.49275645000971613,0.1110438991976668,0.28490662877913836,0.6914155982779946,0.8506804955885114,0.8681715787497652,0.06129735681894846,0.7247043363994743,0.9477191665102309,0.37646076509373394,0.3935665074684781,0.1311715708324838,0.1648621457747469,0.6152525273765712
kermt_v2,KERMT v2,False,O00329,Kinase,5,scaffold_excluded,20,True,1892,1893,41,41,25.75609756097561,26.722721437740695,12.588139447921122,7.290115532734274,46.170731707317074,0.37975027700104796,0.3766299046949806,0.134470918208553,0.1489927022433317,0.6226493185679859,0.7421703901352437,0.7655007111626191,0.07408663603179251,0.5607912342622347,0.8353921930148027,0.2917487771929288,0.3012406059169924,0.15057811461418028,0.07764594934150033,0.5695916443208988
kermt_v2,KERMT v2,False,O14757,Kinase,5,scaffold_excluded,20,True,775,777,14,14,49.230357142857144,55.5,10.042440472838772,27.678571428571427,55.5,0.7841458446342481,0.7869864545943555,0.040115906699863695,0.6964782268171434,0.8278772118978712,0.9374569473595897,0.9325601715930196,0.023294476885576013,0.8933720277101665,0.9841789926979967,0.6911640193376165,0.7302159033569192,0.08379635751022595,0.5196945220178261,0.791745433233054
kermt_v2,KERMT v2,False,O14965,Kinase,5,scaffold_excluded,20,True,1157,1160,23,23,22.263768115942025,21.014492753623188,8.198854882363914,0.0,33.6231884057971,0.505138163216287,0.5304314552505978,0.11783422340477255,0.0216442375534742,0.6221983887088338,0.8581061577201595,0.8666207793201025,0.05254541331732194,0.6610072272570838,0.9242476387136247,0.28380821538442136,0.27710202352430924,0.09822293253652396,0.029784594580605728,0.45981058677250375
kermt_v2,KERMT v2,False,O15379,Deacetylase,5,scaffold_excluded,20,True,1208,1212,23,23,49.22976588628763,48.642140468227424,3.709201256036897,40.40133779264214,52.69565217391304,0.7425771442562421,0.7489028722520541,0.04389120895824104,0.6710397539746608,0.8022153827006349,0.8914315155650957,0.8902439024390243,0.020354045728965913,0.8495264562840531,0.9290733421168204,0.6698190092874813,0.6791314210096762,0.05660158462660919,0.5324030639366042,0.7569342435504995
kermt_v2,KERMT v2,False,O43614,GPCR,5,scaffold_excluded,20,True,2189,2209,48,48,13.683580368906457,13.21875,5.943441616943516,0.0,27.94927536231884,0.27573777256524706,0.2766631867585373,0.09495827270501521,0.04710334810042468,0.4812560037902513,0.6091173163382793,0.6222152364801086,0.08611085386780146,0.43720114144686106,0.7566287878787878,0.1403759711167762,0.12881452355899678,0.06823740006900152,0.01969774652852304,0.32815629853573614
kermt_v2,KERMT v2,False,O60341,Oxidase,5,scaffold_excluded,20,True,1110,1115,23,23,46.03532608695652,48.47826086956521,4.133033265241411,36.19565217391305,48.47826086956521,0.7804370450293057,0.8148982878167006,0.10626014576100304,0.5223091028414971,0.8688993727504497,0.9186084498012022,0.9143971970058926,0.04892979310815712,0.7457397674788979,0.9827998088867653,0.7269294399829457,0.7680699216943324,0.1185785143326888,0.4667681818101544,0.8283319739841477
kermt_v2,KERMT v2,False,O60674,Kinase,5,scaffold_excluded,20,True,2271,2308,51,51,22.55277422563228,21.684640522875817,11.964990533200753,5.656862745098039,45.25490196078431,0.4677004871016826,0.4424083195125905,0.14899965196991577,0.23802926470317948,0.7747156573644427,0.7738636464179149,0.7632289956301528,0.08347461633972797,0.6454601660484014,0.9274848619110914,0.3181465097131142,0.3018087361372751,0.1743053499175912,0.0910721695658019,0.6928520105487241
kermt_v2,KERMT v2,False,O75116,Kinase,5,scaffold_excluded,20,True,1182,1190,24,24,34.84826388888889,37.15625,6.030099589238494,16.499999999999996,41.25,0.6658527347333842,0.6728379275032943,0.07193491390442029,0.4705117378113594,0.8049794476791892,0.8743435699473949,0.885764742346633,0.04068525257635341,0.7691538021726702,0.9283161806746713,0.49942509043182703,0.524310978143701,0.10935039613639495,0.2315166360338002,0.7036862205617452
kermt_v2,KERMT v2,False,P00519,Kinase,5,scaffold_excluded,20,True,1267,1271,25,25,42.402307692307694,43.01846153846154,7.5311208765232776,27.375384615384615,50.839999999999996,0.7082246583150814,0.7495108377013786,0.14382656313258685,0.3662785339180056,0.8682060865898646,0.8984554581100748,0.9179525076056585,0.06791079832522459,0.7514927768860353,0.9771749598715891,0.616141026390034,0.6633426530445893,0.13337776922066039,0.3106572856567848,0.827003673607784
kermt_v2,KERMT v2,False,P00533,Kinase,5,scaffold_excluded,20,True,3642,3792,86,86,13.212863475470574,12.76376988984088,5.406313356574832,5.780293757649939,23.206854345165237,0.294218744762932,0.2957662238960308,0.07337556430406185,0.13623646175978393,0.417215582222817,0.7462345221736728,0.7552586001330339,0.03830844790787067,0.6487531219016303,0.7972413143771774,0.16072030828732378,0.15101393711650907,0.055930180626888135,0.08470058638545913,0.2598713372689797
kermt_v2,KERMT v2,False,P00734,Peptidase,5,scaffold_excluded,20,True,4094,4099,83,83,14.20952101087276,15.056567734352043,4.109087351228128,7.22715251248898,20.47193652659418,0.3293584314399954,0.3344031226986942,0.06056928490463737,0.1741982770235268,0.4119660361363433,0.7387876789989359,0.7445779239566215,0.044163830041410564,0.6218379494071905,0.8306172898766381,0.1572427370935427,0.15696008029429828,0.03924916637870291,0.08897064370188425,0.2374699650386142
kermt_v2,KERMT v2,False,P00742,Peptidase,5,scaffold_excluded,20,True,2192,2203,51,51,29.788138417422307,30.653956444237775,7.549035790029218,7.512361466325661,37.5618073316283,0.5125108749727727,0.5198482872516139,0.10499749447318041,0.23254052526158256,0.6590336861880707,0.7987847435151346,0.8092472118959108,0.0661215055603788,0.6609628981704206,0.9005022743639529,0.4029872260944806,0.40905238914743347,0.10693334664498723,0.17067075563786052,0.5692577900330178
kermt_v2,KERMT v2,False,P00918,Other Enzymes,5,scaffold_excluded,20,True,2015,2212,49,49,19.524758101998565,19.604723877128492,6.2216065579504605,5.8855368234250225,29.440993788819878,0.3796726481462916,0.3871272248718517,0.09655204024972272,0.20218686604844377,0.5527061786450408,0.8088543327749477,0.810703199448989,0.038403765417710525,0.7300989744025211,0.867115778350175,0.24500900853567292,0.247680378795968,0.0838700967230628,0.10404538338214443,0.4020685332032652
kermt_v2,KERMT v2,False,P01375,Other Proteins,5,scaffold_excluded,20,True,1182,1183,24,24,42.91527777777778,41.07638888888889,3.031373971309904,41.04166666666667,49.291666666666664,0.9769492988977284,0.9753436409205882,0.00884837810735929,0.9649665029588765,0.9977136588328691,0.998734333267269,0.9986338797814207,0.0004498610790278166,0.9981305723324705,0.9998560736902706,0.899277382716843,0.9036491658953882,0.05356096751124992,0.8023738555575781,0.9934615384615382
kermt_v2,KERMT v2,False,P03372,Nuclear receptor,5,scaffold_excluded,20,True,1683,1706,37,37,17.325538774068185,16.063593004769476,5.101482279303442,7.662162162162163,28.177177177177178,0.39738298694432383,0.40811173173674486,0.07049632230468672,0.2557622176852496,0.5153606411810998,0.8577646063009057,0.8633686114517638,0.03235860080336863,0.7764966884199958,0.9047650323470494,0.21349856571092957,0.19969253748148208,0.059450283389906884,0.12291128690674273,0.3441630306718786
kermt_v2,KERMT v2,False,P03952,Peptidase,5,scaffold_excluded,20,True,1010,1015,20,20,21.203636363636367,23.022727272727273,7.645246402960697,4.595454545454546,32.29545454545455,0.3646874569545284,0.34462999180852116,0.08365961247969118,0.20952265972142434,0.5032104782531377,0.7535333530924152,0.7620801788965007,0.04894727282880208,0.6644008056394762,0.835678391959799,0.2626254781534453,0.2702333449362262,0.1013004383768567,0.07322105775739123,0.41129202284167116
kermt_v2,KERMT v2,False,P04150,Nuclear receptor,5,scaffold_excluded,20,True,597,598,9,9,32.097222222222214,33.22222222222222,9.832574559202543,11.074074074074073,44.29629629629629,0.49372536635630465,0.48644314918106757,0.12396340236697256,0.20460059157762903,0.7275485081988835,0.8617262883270644,0.8753883556818312,0.06142085556922518,0.7023203169213356,0.9414210128495842,0.3676727968866849,0.3640351359788533,0.09496099511946483,0.14464214524977226,0.5290626084608705
kermt_v2,KERMT v2,False,P06239,Kinase,5,scaffold_excluded,20,True,1129,1130,23,23,38.479166666666664,40.92391304347826,7.370583066653449,24.565217391304348,49.130434782608695,0.6132002240284785,0.6123028259479586,0.13766284383961547,0.39178898338369045,0.8560459731083364,0.9070419244892711,0.8948588036605004,0.0369621664112965,0.8621420996818664,0.9738816228741998,0.5288465440787126,0.5517481077222528,0.14836036135708217,0.30593757107232983,0.8117130709093403
kermt_v2,KERMT v2,False,P07550,GPCR,5,scaffold_excluded,20,True,718,746,11,11,51.33522727272727,50.72727272727273,9.188580781991856,40.79545454545455,67.63636363636363,0.6567394955474221,0.6593963664544834,0.09721123549752171,0.49242653214971,0.8133329895664931,0.876628527145049,0.90182822292944,0.08750718049860441,0.705256648113791,0.9793271700051361,0.6019252128000927,0.5788014627283695,0.09289284981402891,0.4674420072265276,0.7705827897192231
kermt_v2,KERMT v2,False,P07711,Peptidase,5,scaffold_excluded,20,True,1532,1546,33,33,24.56477272727273,21.9375,9.907997826404197,11.666666666666668,40.99242424242424,0.5006161718224601,0.5142923685288509,0.1226320194463384,0.29747833435582266,0.7170377773193878,0.8330964598478674,0.8562759117947485,0.0782043945821743,0.6312963744947819,0.9371307256303951,0.34194605557077656,0.32020487818974464,0.14356214274715554,0.12001823492671918,0.6150091283024294
kermt_v2,KERMT v2,False,P08172,GPCR,5,scaffold_excluded,20,True,720,724,11,11,18.886363636363637,16.454545454545457,8.252203562465219,0.0,32.909090909090914,0.36435112334085584,0.39689512874033994,0.0930038032916203,0.18120306066932393,0.46467729740051106,0.7863365713624954,0.7958142582022689,0.05103214753579585,0.6839219686344511,0.8702027285477496,0.2418386314449455,0.257904651873646,0.0897837304292361,0.0482385970203609,0.3933801934023532
kermt_v2,KERMT v2,False,P08246,Peptidase,5,scaffold_excluded,20,True,750,784,15,15,44.555,45.733333333333334,7.803674526215911,26.133333333333336,52.26666666666667,0.7170390925512207,0.7068478529055516,0.06528222781969005,0.6080391459007866,0.8681494964934833,0.8670264176758696,0.8687906371911573,0.040071605664406505,0.7568270481144344,0.9247507585609016,0.6305264660614506,0.6370840509249267,0.08882721963545918,0.5013558754102333,0.8181740981740981
kermt_v2,KERMT v2,False,P08253,Peptidase,5,scaffold_excluded,20,True,2074,2239,50,50,22.63805590062112,23.311304347826088,5.881565907121181,13.440000000000001,33.098260869565216,0.5392822830658245,0.561140456731413,0.0700873688299514,0.35262005625739756,0.6287540336002653,0.9109627839166368,0.9236911831886706,0.04955349078619826,0.7202291475710358,0.9526214482126489,0.3520484448311282,0.3528237575175107,0.07469649545560347,0.21567084195319897,0.47847278801836307
kermt_v2,KERMT v2,False,P08581,Kinase,5,scaffold_excluded,20,True,1006,1008,19,19,19.529186602870816,19.291866028708135,8.279768810350266,4.822966507177034,33.760765550239235,0.43664893331071103,0.45497632025663526,0.10879558950293183,0.17934886713162787,0.6080790822538664,0.8195761869877025,0.8078533791182558,0.04909456681295659,0.714650630621042,0.9347027832472992,0.2581841025106217,0.26530688586887996,0.10826301449329687,0.06362925268858811,0.4033770880278718
kermt_v2,KERMT v2,False,P08908,GPCR,5,scaffold_excluded,20,True,1335,1335,28,28,15.325255102040817,13.622448979591836,4.100900194563192,6.811224489795918,23.83928571428571,0.4770403555917134,0.47583722084439517,0.06170630922457209,0.37428759418400276,0.5879024692633913,0.8771791999125588,0.883238605312056,0.015303904302952366,0.840556344955733,0.8988687288228221,0.25481256532145957,0.25223507566456094,0.05485897466125949,0.15968760134833923,0.35879603410652094
kermt_v2,KERMT v2,False,P09874,Other Enzymes,5,scaffold_excluded,20,True,940,944,18,18,19.65555555555556,20.933333333333334,6.815778716050929,5.2444444444444445,31.466666666666665,0.5653454816736632,0.5874105845065904,0.09230400844773193,0.36780290648114533,0.7018506040635362,0.8556865819497996,0.8910187185025198,0.09878116762416572,0.7017038636909047,0.9701132803085081,0.33100518509232246,0.33829497937643,0.08888359955916986,0.15492087120020845,0.47262286995706615
kermt_v2,KERMT v2,False,P10721,Kinase,5,scaffold_excluded,20,True,1017,1017,20,20,49.0009090909091,50.85,3.066370374355858,41.60454545454545,50.85,0.8501485952220433,0.8507242091749105,0.037154986356070105,0.7850680410213029,0.8937419989169325,0.8865421263791374,0.8838014042126379,0.030084658767028316,0.8356569709127383,0.9285857572718155,0.806409340144936,0.8127908017310523,0.047207692855137776,0.6781261242205769,0.8658765302585528
kermt_v2,KERMT v2,False,P11362,Kinase,5,scaffold_excluded,20,True,1243,1245,25,25,36.958,40.18923076923077,11.117080169853889,3.8307692307692305,49.8,0.5876554747646417,0.5989169887334687,0.14286329650514676,0.2213279723233193,0.8148792920293945,0.8998714851005409,0.8967213114754098,0.034900843484426,0.8409180327868852,0.9589508196721311,0.4875835874993074,0.48134295989217846,0.15450302969672317,0.11129711743128609,0.7631399384578871
kermt_v2,KERMT v2,False,P11802,Kinase,5,scaffold_excluded,20,True,1033,1044,20,20,13.952954545454542,11.85,9.373939860169047,0.0,37.63636363636363,0.45890466599285934,0.46033765925260006,0.08293094201021549,0.28445942729247964,0.6220859639189229,0.8895488317033223,0.8890693950298127,0.019880908885205936,0.8424657534246576,0.9305418719211822,0.2302780989925878,0.21676728952870988,0.08960305600749371,0.11269412824863559,0.4479004828627873
kermt_v2,KERMT v2,False,P14416,GPCR,5,scaffold_excluded,20,True,2820,2856,65,65,11.806419098143236,12.120954907161805,3.173610846874632,4.542175066312997,18.181432360742704,0.26991792495760814,0.2623110700006135,0.03846075163203234,0.19383507130790856,0.356281154193004,0.6919408316430485,0.6850022577779209,0.034122268402252104,0.6361364701988581,0.7559407987211642,0.1375517797174532,0.12987017457207684,0.040038969855613775,0.06297118048956257,0.2259788934211107
kermt_v2,KERMT v2,False,P14780,Peptidase,5,scaffold_excluded,20,True,1248,1347,28,28,24.83619505494505,24.053571428571427,5.423991660586759,13.714285714285714,34.36224489795919,0.591862680145063,0.6065530282707979,0.08647739445937247,0.36115786177143894,0.7310666483825168,0.915855246825023,0.928097584750352,0.03727025379415682,0.8403983933999132,0.973389355742297,0.4107786074155843,0.413695126650944,0.0756994073454812,0.21997198717237362,0.49967708562095914
kermt_v2,KERMT v2,False,P15056,Kinase,5,scaffold_excluded,20,True,922,928,17,17,31.87058823529411,32.576470588235296,8.982833108626666,16.376470588235293,43.67058823529411,0.5703255471338041,0.583529383704743,0.142191755833768,0.3081821017942505,0.8104710158741538,0.8387661974319167,0.8661780848453542,0.09213700737174481,0.6635888164266804,0.9583710407239819,0.41095867891501864,0.4101074788619208,0.15233503704290646,0.14007865424913457,0.6675595493509351
kermt_v2,KERMT v2,False,P20309,GPCR,5,scaffold_excluded,20,True,806,815,14,14,30.99404761904762,35.52777777777778,16.325478982708752,0.0,58.214285714285715,0.6063862833824916,0.5976794777807486,0.06577510202856962,0.47930790451320854,0.758708866263406,0.8952524250287052,0.9098339129659354,0.05330709842510247,0.7839308007847334,0.9569446946496126,0.44219366059455706,0.5054797850086907,0.15721708354961653,0.16592925875374168,0.7020448324949272
kermt_v2,KERMT v2,False,P21453,GPCR,5,scaffold_excluded,20,True,1244,1259,26,26,20.611686390532547,20.346153846153847,4.785625907257936,11.050295857988166,29.751479289940832,0.5280173102672403,0.5273032598541761,0.058772499174904916,0.4086643698505241,0.65042366380104,0.9247085017038937,0.9290815229880554,0.019867119717514474,0.8850832865431406,0.9656939323876773,0.3265765353666843,0.3359118876499719,0.05442457865705887,0.1978007262941146,0.41102214797834485
kermt_v2,KERMT v2,False,P23458,Kinase,5,scaffold_excluded,20,True,1113,1132,23,23,41.4911231884058,40.97826086956522,6.1255250745834795,32.26086956521739,49.21739130434782,0.7218853786548529,0.7227272811876551,0.07421251614419848,0.600772619311466,0.8412357492700243,0.8905631735670694,0.9035223458124313,0.05098475827102019,0.7583755547700405,0.9454659505233857,0.610682043276707,0.5838574238798584,0.10940099712664052,0.4667071972007619,0.7981924254346133
kermt_v2,KERMT v2,False,P27487,Peptidase,5,scaffold_excluded,20,True,1229,1266,26,26,18.618934911242604,20.27218934911243,6.506896996157946,7.272189349112427,29.96449704142012,0.3495438348688317,0.35869445959227775,0.08449711199465029,0.153863655088979,0.4673987159829878,0.758502890879388,0.7659394858991633,0.03562824091073443,0.6780164972184922,0.813802729528536,0.2185483183058173,0.2437606797928673,0.08814146593051998,0.06623841578454814,0.35724537468234135
kermt_v2,KERMT v2,False,P27986,Kinase,5,scaffold_excluded,20,True,917,917,17,17,53.941176470588246,53.94117647058824,7.105427357601002e-15,53.94117647058824,53.94117647058824,0.9275753028901109,0.9419889713655132,0.029131722511302843,0.8766139451748478,0.989465913881409,0.9601666666666668,0.9556209150326798,0.012791326835242261,0.944640522875817,0.9993464052287582,0.8965277147602672,0.9135886809280549,0.044555963335705634,0.8205966794384458,0.969703670942061
kermt_v2,KERMT v2,False,P28223,GPCR,5,scaffold_excluded,20,True,1254,1267,28,28,21.38351648351648,20.884615384615383,8.485610711661309,3.480769230769231,38.28846153846154,0.390884019672331,0.38187390099269314,0.10129055446705468,0.2100757064723451,0.5576038017673975,0.658630701983561,0.6683817594834545,0.06673127377095332,0.4953390817991144,0.7862907875014412,0.26623694836444267,0.26742585175068845,0.09433476777813903,0.0938997692251353,0.41250174719568716
kermt_v2,KERMT v2,False,P28335,GPCR,5,scaffold_excluded,20,True,1055,1068,20,20,8.727727272727275,4.854545454545455,6.237866387324733,0.0,19.400000000000002,0.1885680671181697,0.17205912295369719,0.08582790208128004,0.041997783488716946,0.39286823055159614,0.6264643294539008,0.6157204198473283,0.09362631152891553,0.4900668576886342,0.7914354066985646,0.0947389067420549,0.08032494924555122,0.06450028071827034,0.02013628497404919,0.23195165886269217
kermt_v2,KERMT v2,False,P28482,Kinase,5,scaffold_excluded,20,True,749,750,13,13,52.633653846153855,57.61538461538462,6.488617921944723,36.057692307692314,57.6923076923077,0.8096502516138466,0.8250532513294091,0.0755017057967817,0.6373473555026458,0.9226115971820152,0.9514178806673534,0.9644126254180602,0.02875555730324524,0.8801795219705668,0.9902932888007515,0.7353833317092116,0.7150002649709428,0.07964749285492803,0.5532534428961028,0.8885153308230229
kermt_v2,KERMT v2,False,P29274,GPCR,5,scaffold_excluded,20,True,2121,2146,48,48,20.007433712121216,19.30587121212121,4.787621410433249,12.193181818181817,28.450757575757574,0.32460564109011464,0.3328218382468193,0.08305339062830965,0.16361898782658213,0.478779201617491,0.6476803586530904,0.6580771369558309,0.0839376013587575,0.4366758023514459,0.8159060216078805,0.22420781559105976,0.22574537523637456,0.06597716845518074,0.12039088025732568,0.35359448107344754
kermt_v2,KERMT v2,False,P29597,Kinase,5,scaffold_excluded,20,True,673,677,12,12,47.46785714285714,48.28571428571429,12.715830619979535,0.0,56.41666666666667,0.6638755439471166,0.6688385219614885,0.15549888352590355,0.08721575762353763,0.8526603187723427,0.8613447297698338,0.862195836499242,0.04403088188632545,0.7182001005530416,0.9170448814926879,0.6018336168592988,0.612454025290659,0.16128281510534734,0.039555030969155344,0.8233682739343118
kermt_v2,KERMT v2,False,P30542,GPCR,5,scaffold_excluded,20,True,1792,1803,39,39,16.100056230319385,14.991902834008098,5.951050398298558,2.4331983805668016,24.331983805668017,0.2677228706807097,0.26094086227895563,0.08551863181954449,0.09927713823742502,0.41331418420823357,0.6408436905873559,0.6496962032676319,0.066612907069864,0.492269770426767,0.7502180359323217,0.18569911705631154,0.18509527150650987,0.07002356365990905,0.05582124651019878,0.2927237922283393
kermt_v2,KERMT v2,False,P31645,Other Proteins,5,scaffold_excluded,20,True,1384,1393,30,30,13.417976190476187,13.257142857142858,5.773127278052519,0.0,26.36190476190476,0.27087664857348137,0.27116445842884984,0.08930330842451234,0.04726508943256056,0.43095048544961806,0.7253883216148885,0.7244925409635607,0.06252389355650592,0.5867254469752634,0.8549926578560939,0.15730274074442907,0.1493132297425977,0.06729106283414389,0.02691822160462769,0.3239216247009562
kermt_v2,KERMT v2,False,P34969,GPCR,5,scaffold_excluded,20,True,796,806,15,15,16.882777777777775,17.91111111111111,7.683335187862983,0.0,29.85185185185185,0.42687239778537106,0.40594184105083975,0.08085261968379465,0.21739293191150208,0.6157214690720337,0.8007122272384644,0.7929203539823009,0.049028176913436056,0.705335040546308,0.8890855457227138,0.2441299409326516,0.24381477653390043,0.08641372830518745,0.06092005854110999,0.45305816498363044
kermt_v2,KERMT v2,False,P34972,GPCR,5,scaffold_excluded,20,True,2856,2862,65,65,9.788196286472148,10.616976127320957,3.8826170037520455,0.0,16.683819628647218,0.20614697183719155,0.21588053819534045,0.06294369906232872,0.040082145594784985,0.29455072810734007,0.614231895090491,0.6271851343080641,0.10676711728935118,0.34553758115989874,0.7647974478149666,0.08991895179797962,0.09582614335142961,0.03168162861177329,0.017365366668888,0.13853772430623867
kermt_v2,KERMT v2,False,P35372,GPCR,5,scaffold_excluded,20,True,2446,2469,56,56,18.217071428571426,17.625,6.674144888665359,5.265,29.968571428571426,0.48082811993378616,0.49622766540210894,0.07368561600262002,0.30523662123008327,0.5900740996364396,0.8545709785030864,0.8711178730276579,0.06581574538728087,0.6913500029873932,0.9179370670771418,0.2819625939288929,0.2940080216461237,0.08424228354753399,0.11071980730553851,0.4320452107111537
kermt_v2,KERMT v2,False,P35462,GPCR,5,scaffold_excluded,20,True,933,933,17,17,52.68705882352941,54.88235294117647,2.688675211784357,49.39411764705883,54.88235294117647,0.9376018126498241,0.9495358562227147,0.03434916564308276,0.8334426745301173,0.9989548376900261,0.988257770357051,0.989660929874133,0.007578690583209563,0.9716799383508862,0.9999357821731313,0.9029941470919566,0.9343232932707968,0.06734151733070723,0.6895901738392258,0.9967320261437909
kermt_v2,KERMT v2,False,P36888,Kinase,5,scaffold_excluded,20,True,981,983,16,16,14.7375,12.2875,6.557862945064497,6.1375,24.575,0.24742371384746326,0.24049061142523445,0.0930674528496537,0.13254915541726894,0.438887287120615,0.6644165477705573,0.6895056935817805,0.061857818830375146,0.5144280538302277,0.7372673216132368,0.12974291043712144,0.11623783357216791,0.05964972299359624,0.04404983442510833,0.25104550966144595
kermt_v2,KERMT v2,False,P41143,GPCR,5,scaffold_excluded,20,True,2387,2393,53,53,24.34937106918239,25.39740566037736,7.166917570553926,13.169025157232705,35.744496855345915,0.5728291788073546,0.5824926828495494,0.127999860346991,0.20736070718480518,0.73162906211213,0.8710125614656787,0.9287677978758083,0.1093880904746533,0.5075835319785059,0.9606031285276568,0.3704639192016169,0.3689867441464719,0.11739957106573512,0.16576971563479306,0.5735123561757095
kermt_v2,KERMT v2,False,P42336,Kinase,5,scaffold_excluded,20,True,2399,2399,54,54,39.798225308641975,41.64930555555556,5.779996218425061,24.06404320987654,44.425925925925924,0.6282564357792777,0.6766614248442958,0.13250880556625286,0.4092997783366081,0.7954906767422021,0.8569422727631684,0.8840756534786386,0.06432623136582354,0.7023217247097845,0.9466161257206035,0.5576662359650874,0.5909240909342026,0.14079164888134357,0.31355831970973613,0.7393398281839586
kermt_v2,KERMT v2,False,P43405,Kinase,5,scaffold_excluded,20,True,804,808,14,14,34.89484126984127,32.06349206349206,8.709335510691554,19.166666666666664,57.64285714285715,0.6581118483684655,0.7059558268751251,0.12355275778797568,0.34185881424697295,0.8617525655188751,0.909170820425369,0.9320825507646748,0.0757816592519393,0.7327072421889109,0.9905422446406053,0.5032103250158279,0.5361985424200776,0.1332470412177163,0.1986456670709099,0.7056139553744722
kermt_v2,KERMT v2,False,P45452,Peptidase,5,scaffold_excluded,20,True,994,1010,20,20,28.569000000000006,28.682727272727274,7.306212119075494,13.772727272727273,39.760000000000005,0.5599291593184621,0.5883856914622774,0.10342874182326912,0.2184530780658505,0.6566407001024744,0.9028493404268559,0.912908810901624,0.041253858753939505,0.7718686868686868,0.9570707070707071,0.4117737127960158,0.4261780084507023,0.09363336484696462,0.11966389560367936,0.5367051268506433
kermt_v2,KERMT v2,False,P51449,Nuclear receptor,5,scaffold_excluded,20,True,1227,1228,25,25,36.266,37.784615384615385,10.443671778307559,11.335384615384616,49.120000000000005,0.7568423890406356,0.8046705111663459,0.08507485944360062,0.574824589536763,0.8487661268217465,0.9327796814121104,0.9335048955536838,0.01742747535505712,0.9014131338320864,0.9606655574043261,0.6229509945880564,0.6908935570083601,0.165149074214216,0.3245684850284713,0.7932893955355487
kermt_v2,KERMT v2,False,P78536,Other Enzymes,5,scaffold_excluded,20,True,1235,1249,25,25,26.25692307692308,28.660000000000004,11.247720589592296,3.8430769230769233,46.11692307692307,0.5399568258842755,0.5491112038838104,0.1283495630985339,0.2612309150402172,0.7623638027293229,0.8371810929130307,0.8681343690378851,0.08065925980515623,0.669607843137255,0.9404575163398692,0.369172513455603,0.35315201266090174,0.14764766856982992,0.07859130958948343,0.6616281796446554
kermt_v2,KERMT v2,False,Q00987,Other Enzymes,5,scaffold_excluded,20,True,895,902,17,17,49.72516339869281,52.794117647058826,5.410288230829786,31.83529411764706,53.05882352941176,0.8803890448043525,0.8801048053655512,0.02476383817796564,0.8517996170534409,0.921866337357682,0.9674246729358604,0.976245447408723,0.020446635901670944,0.9391665550046898,0.9918909936856098,0.8322552526059912,0.8374165197391208,0.04761395823439889,0.6529978232889956,0.9002901160464185
kermt_v2,KERMT v2,False,Q05397,Kinase,5,scaffold_excluded,20,True,934,935,17,17,54.71029411764706,55.00000000000001,1.1955900441343685,49.5,55.00000000000001,0.872945828001783,0.8663719827068068,0.06221125046483546,0.7487263964634833,0.9842081936599837,0.9862083250702867,0.986479559143919,0.0076637333963423164,0.9678328847879021,0.998973635255629,0.8132333554604834,0.810276649712074,0.08017814629661243,0.644646807254737,0.959528386518006
kermt_v2,KERMT v2,False,Q06187,Kinase,5,scaffold_excluded,20,True,1136,1139,23,23,36.912862318840574,37.108695652173914,5.906670767043993,24.76086956521739,45.39492753623189,0.6349830402639824,0.6364734344134775,0.0697144753133629,0.46237574187134084,0.7268233389069713,0.8826225584154862,0.8855533467122927,0.025717917127172706,0.8403459560542309,0.9324624683174108,0.49436330840997655,0.4930043467062003,0.06780862660467045,0.3237526893955959,0.631729961368641
kermt_v2,KERMT v2,False,Q07817,Apoptosis regulator,5,scaffold_excluded,20,True,1056,1058,22,22,43.49710743801653,48.090909090909086,9.013392003046764,21.859504132231404,48.090909090909086,0.8453611521478018,0.8544848349920449,0.057694510885267745,0.7530441492446422,0.9411731335128263,0.9534098886371615,0.9550280800280802,0.02078202829882057,0.9007546507546508,0.996007371007371,0.7633040254434114,0.7978650310118469,0.10635610828569785,0.5068972918013023,0.88804543295092
kermt_v2,KERMT v2,False,Q07820,Apoptosis regulator,5,scaffold_excluded,20,True,2091,2091,40,40,52.275,52.275000000000006,7.105427357601002e-15,52.275000000000006,52.275000000000006,0.9989586716861275,0.9989435043548907,0.0007609011568221845,0.996905510641457,0.9999999999999998,0.9999329595319356,0.9999329595319357,5.1063773928964056e-05,0.999792784007801,1.0,0.9971444380089339,0.9969806763285025,0.0018204769637510906,0.9925438596491228,1.0
kermt_v2,KERMT v2,False,Q08499,Other Enzymes,5,scaffold_excluded,20,True,803,803,15,15,44.90851851851852,47.58518518518519,10.211950092482729,17.844444444444445,53.53333333333333,0.7696120980667984,0.8108715030389001,0.17207145923858744,0.23095946202334194,0.8858013420862565,0.8575423011844331,0.8989001692047377,0.1441706589167723,0.3742808798646362,0.9403553299492385,0.7006668315289705,0.7495101085762994,0.18914878393543821,0.21175989940751538,0.8648727359644737
kermt_v2,KERMT v2,False,Q14432,Other Enzymes,5,scaffold_excluded,20,True,959,960,15,15,59.18533333333333,60.766666666666666,5.68587591219584,44.800000000000004,64.0,0.838245384719192,0.8712331657432384,0.07883426038850386,0.6778881090167266,0.9302059045673191,0.9418993475921441,0.9539078333781723,0.04915431302735355,0.8030367231638418,0.9945679012345678,0.7709049345624732,0.8098356000647242,0.08855165942375502,0.6112576191949983,0.8736431010426089
kermt_v2,KERMT v2,False,Q16539,Kinase,5,scaffold_excluded,20,True,1508,1509,31,31,31.791229838709683,33.465725806451616,7.099980617145128,15.211693548387096,42.59274193548387,0.5546071888143603,0.5556076393849461,0.10000672826394047,0.34004434840447817,0.7062672400158561,0.8629579232459956,0.8893447989872976,0.06531232646530961,0.6833340608494478,0.9441922388580908,0.42273066400793236,0.41592969574121663,0.10278453281468194,0.20043929154552578,0.568969501689591
kermt_v2,KERMT v2,False,Q16790,Other Enzymes,5,scaffold_excluded,20,True,985,1114,24,24,30.62048611111111,34.8125,12.107584077043509,7.729166666666666,46.416666666666664,0.5461618177172777,0.5871995387286821,0.13648631101541595,0.19366221882359447,0.7260814241561973,0.8498623349081946,0.8791666666666667,0.08538777630836847,0.5995944291398837,0.9575688073394496,0.40986710686013783,0.4716334728325061,0.17205218499276198,0.06078308321453517,0.6340600485561915
kermt_v2,KERMT v2,False,Q92731,Nuclear receptor,5,scaffold_excluded,20,True,886,897,17,17,11.389215686274511,11.699346405228757,6.262055475637088,0.0,23.424836601307188,0.35378610098548624,0.3586081992314254,0.09014672510955177,0.1364818494675844,0.49667230485806285,0.8588662301236765,0.8597620990827477,0.02646201619059929,0.811818242655424,0.8966071070066252,0.19339619152668958,0.19693708076353095,0.06334665684926115,0.05810488494637781,0.28083153510066766
kermt_v2,KERMT v2,False,Q96GD4,Kinase,5,scaffold_excluded,20,True,868,870,16,16,36.22569444444444,42.19444444444444,11.136208526049076,6.041666666666667,54.375,0.6499180690066046,0.6687252448517074,0.07283047988602338,0.4020942879344847,0.7230149792021371,0.8781412776522524,0.8779274004683841,0.04129211690570432,0.7588761737089201,0.9388204225352113,0.47960854138424064,0.4949898597496143,0.1205105628264613,0.1530341955631033,0.6311008435601044
kermt_v2,KERMT v2,False,Q96RI1,Nuclear receptor,5,scaffold_excluded,20,True,943,964,18,18,16.778055555555554,16.041666666666664,9.725936508749284,0.0,32.13333333333333,0.4703352627594485,0.5027794563406952,0.0943979678153532,0.2832123508162274,0.6391823814902168,0.8206278339015004,0.8146940303764105,0.03570322286826289,0.7706690561529271,0.8963120065983268,0.24040447451142993,0.2442244377985055,0.09940489751679363,0.09097893284562555,0.5026361705153062
kermt_v2,KERMT v2,False,Q9NWZ3,Kinase,5,scaffold_excluded,20,True,813,829,12,12,26.353240740740738,23.02777777777778,10.418273651764911,0.0,46.05555555555556,0.4946605388473878,0.4892413821206082,0.12005111450710926,0.24668809079043924,0.7097571970286611,0.793544135342145,0.8050064663153107,0.08516029935655206,0.633108935128519,0.9450224398204814,0.3409414871659753,0.30524554514190544,0.13663130235747278,0.11814506285885397,0.5461554359709194
kermt_v2,KERMT v2,False,Q9UBN7,Deacetylase,5,scaffold_excluded,20,True,1570,1580,32,32,18.64443359375,20.0244140625,8.74820443340458,3.08203125,30.83984375,0.4971633619206567,0.5298006675566647,0.10368284603779007,0.21293355441443648,0.642275874045156,0.8950631730186889,0.9077145281189398,0.047413247435839,0.7741440568475453,0.9514090762273902,0.2916825304127494,0.31297895301082523,0.10658367664225597,0.072029596969757,0.4647572953028347
kermt_v2,KERMT v2,False,Q9Y233,Other Enzymes,5,scaffold_excluded,20,True,775,775,14,14,40.825892857142854,44.97767857142857,13.821975781664811,13.839285714285714,55.357142857142854,0.7251964716120811,0.7428014842870813,0.11734946197433258,0.47997206020407684,0.9289724703041478,0.9513562981039986,0.9546649145860708,0.01852699875023407,0.912521118828609,0.9777548338652149,0.6046333023159515,0.64964520518547,0.1770411554283284,0.1871387017372062,0.8974657287157285
molai,MolAI,False,O00329,Kinase,5,scaffold_excluded,20,True,1892,1893,41,41,17.980551989730422,18.225288831835687,10.088898737221824,2.430038510911425,34.02053915275995,0.28095590290903166,0.29768555796674534,0.1294396252868493,0.05250964666181866,0.46548128238705677,0.6474354410424885,0.6596524220980454,0.09709844107743903,0.44410788600326606,0.7983423594365604,0.19164577415980175,0.18194895502619252,0.11624794323445599,0.03584004168812247,0.3693256946191323
molai,MolAI,False,O14757,Kinase,5,scaffold_excluded,20,True,775,777,14,14,46.103125,48.5625,9.62262405863992,20.8125,55.5,0.6897051358898291,0.703248215315315,0.07500167684943637,0.454898547386357,0.8039198514851456,0.8706510528598714,0.8683767084815578,0.04565933757544899,0.7607189664856768,0.9501029769706048,0.5975157148148978,0.6339647385797864,0.10873043894946315,0.27645307711668105,0.7340388405346121
molai,MolAI,False,O14965,Kinase,5,scaffold_excluded,20,True,1157,1160,23,23,13.651086956521738,12.608695652173912,7.950219589397436,0.0,25.173913043478258,0.32848679096367817,0.34443392896299774,0.10448431686857715,0.11001072372799227,0.4567782932361109,0.6797636070398447,0.69726180295718,0.07277340839446385,0.48177889946847163,0.7675041107414631,0.15720304096702922,0.12659471389094085,0.08805060892398571,0.030119040850492274,0.31838130602969966
molai,MolAI,False,O15379,Deacetylase,5,scaffold_excluded,20,True,1208,1212,23,23,46.18896321070235,44.58862876254181,3.4852878754259127,36.48160535117057,52.69565217391304,0.629896238762387,0.6365756601576327,0.04217778451415352,0.5498586813730194,0.7176827188788252,0.7898408556466135,0.7926891752448486,0.044803994500214044,0.7140088492339197,0.8919077046842432,0.5661550298113824,0.5652113522401654,0.05206149097071542,0.4686290977530937,0.6752702981187212
molai,MolAI,False,O43614,GPCR,5,scaffold_excluded,20,True,2189,2209,48,48,10.751986577733861,9.993206521739133,5.505103597408078,2.0,23.956521739130434,0.21455168323248652,0.20410442860442563,0.06956848836516635,0.07918376000981923,0.3779544706550683,0.6059171060151435,0.6018218300880853,0.0539009211379806,0.507432901434521,0.7070222119389171,0.10643684951705923,0.10641669858991273,0.05184584014250081,0.030584867860651396,0.24164141653710344
molai,MolAI,False,O60341,Oxidase,5,scaffold_excluded,20,True,1110,1115,23,23,28.071557971014492,28.27898550724638,9.17434030896813,8.043478260869565,44.438405797101446,0.4604375354342431,0.46254134502950506,0.10921649570441284,0.20923957479125493,0.6969362667884161,0.76175086513023,0.7559125656951744,0.08901203816385157,0.5753369865205392,0.9303631151457238,0.3650888639134111,0.36386040026206257,0.11403986285942161,0.10795069325453609,0.6119786357620394
molai,MolAI,False,O60674,Kinase,5,scaffold_excluded,20,True,2271,2308,51,51,12.928909136118216,11.313725490196077,8.433598091962736,1.8856209150326795,30.16993464052287,0.27101037937000716,0.25579324777534307,0.08697273267834973,0.14541767841454,0.45296472385631614,0.5633589131792701,0.540201725351195,0.07759513603816771,0.4449077814555153,0.7003309963772837,0.15013607774604773,0.13032601958138257,0.09912796853667451,0.04102333211269966,0.3815603438459891
molai,MolAI,False,O75116,Kinase,5,scaffold_excluded,20,True,1182,1190,24,24,24.740624999999998,24.791666666666664,6.367595961771509,8.249999999999998,37.0,0.4146862483944502,0.4159440959985843,0.05034585414423937,0.3034856067364386,0.5163138514509232,0.6855037443540479,0.6796862677687743,0.05146257280773039,0.5886935391652373,0.7702605956471936,0.291015777858709,0.30838430508387665,0.07815658515441966,0.11216532816102773,0.4168163355755691
molai,MolAI,False,P00519,Kinase,5,scaffold_excluded,20,True,1267,1271,25,25,16.218,15.618461538461538,5.562488675076564,7.821538461538461,27.375384615384615,0.262569217500565,0.2794260893332112,0.06872681685609167,0.12929305366539368,0.37202276093910774,0.6123005327191942,0.61,0.07342101730386508,0.4820224719101124,0.7769502407704655,0.15004573629118886,0.14937285330435437,0.05388484089123111,0.04140904770196474,0.2772153474195193
molai,MolAI,False,P00533,Kinase,5,scaffold_excluded,20,True,3642,3792,86,86,7.014670515068312,5.8009485924112605,3.71531517135922,1.1603427172582619,13.924112607099142,0.15550987837482533,0.14204032805567968,0.06808924951852838,0.03375134939136531,0.29003106534728257,0.5251406572731075,0.5083077325501368,0.09884297191331012,0.34670992356831787,0.7002786179545427,0.07940161211420747,0.07301735065868961,0.04344559594087535,0.028914686499561398,0.1632870682806472
molai,MolAI,False,P00734,Peptidase,5,scaffold_excluded,20,True,4094,4099,83,83,8.429606229797235,9.635027916544226,2.7975495182787573,2.407875404055246,12.045254187481634,0.21131092462608106,0.22404221965712873,0.05173237886194997,0.08022154161312336,0.27579421832455936,0.6435537707008894,0.6457243315893053,0.03440271933846609,0.568192050714067,0.7127289036624586,0.09020873585762458,0.08999932034400679,0.02915475811314846,0.043066360563296574,0.1339550402468691
molai,MolAI,False,P00742,Peptidase,5,scaffold_excluded,20,True,2192,2203,51,51,26.193745640548705,27.723475160815312,9.012888554620254,3.7561807331628305,37.54475703324808,0.3709250244010684,0.3813276300659799,0.12644851032466947,0.06595709607565994,0.5953883971349009,0.622830839542045,0.6304440921349952,0.09581452620484089,0.310727822727604,0.7655262941996883,0.30408565764913187,0.31699157847249726,0.11270698788721964,0.05562138332036931,0.47902035641007873
molai,MolAI,False,P00918,Other Enzymes,5,scaffold_excluded,20,True,2015,2212,49,49,16.090467739890986,17.640258587907212,5.501983462671384,3.923691215616681,23.5527950310559,0.3355579881536696,0.33960178027942595,0.055727050886491034,0.1520608686785715,0.39958215059111385,0.6814122443969278,0.6792908564257881,0.04594251624584974,0.6127120227541678,0.7778312434543859,0.20451185544747644,0.22041333324935314,0.05803587209802289,0.06619335701229065,0.28062479213346286
molai,MolAI,False,P01375,Other Proteins,5,scaffold_excluded,20,True,1182,1183,24,24,42.29930555555556,41.07638888888889,3.6907717555574155,36.96875,49.291666666666664,0.9662698382516439,0.9654822233865519,0.011938820489584612,0.9472130057987362,0.9912722561031467,0.9980421923888688,0.997986770204199,0.0007002137882409839,0.9969801553062986,0.9994602763385146,0.8552125329589945,0.8466130039499116,0.06392270756712198,0.7528625232631071,0.9746312152365373
molai,MolAI,False,P03372,Nuclear receptor,5,scaffold_excluded,20,True,1683,1706,37,37,12.272323794382618,13.093093093093092,3.6314238988297847,5.123123123123124,20.492492492492495,0.23608498272054596,0.23943573550848363,0.05553592355198428,0.13862725775539275,0.36110834247342644,0.6346467203013587,0.6598082444191937,0.06948618088873146,0.48202555639073175,0.7255679885997443,0.1297420938332262,0.11798691421432361,0.045223305660747615,0.06745055388206958,0.24153490550002052
molai,MolAI,False,P03952,Peptidase,5,scaffold_excluded,20,True,1010,1015,20,20,9.911136363636363,9.213636363636365,6.73058847570841,0.0,23.06818181818182,0.18548631084319347,0.17253935870726406,0.09732753997768527,0.025343568452550303,0.4129905644610833,0.6028363025982768,0.6271771141480569,0.10936050711226038,0.3774747474747475,0.7471859296482413,0.11509504150830083,0.1060469517090913,0.0797067068140305,0.01852294105730972,0.29482601317788
molai,MolAI,False,P04150,Nuclear receptor,5,scaffold_excluded,20,True,597,598,9,9,26.562962962962963,27.657407407407405,8.848175278627615,11.055555555555555,44.22222222222222,0.3788382167679538,0.38815432503107034,0.13901501140653097,0.12364562797004765,0.6161787877671836,0.6227156472851354,0.6396906244104885,0.1167252825899222,0.39058956916099774,0.846938775510204,0.26536217154652153,0.250231869538434,0.11811108105587043,0.05483031936980644,0.5212235017004649
molai,MolAI,False,P06239,Kinase,5,scaffold_excluded,20,True,1129,1130,23,23,18.420652173913044,20.47101449275362,7.148043212333389,4.090579710144928,28.659420289855074,0.3281623498545149,0.3589259780318269,0.08689367810771965,0.13030405842063714,0.45749304339746166,0.732893611780681,0.7335906534498424,0.06372870956621778,0.6009190526687875,0.8534475980816102,0.22941893679123315,0.2321563409321105,0.07214242084677237,0.09473661014396256,0.33952891307702454
molai,MolAI,False,P07550,GPCR,5,scaffold_excluded,20,True,718,746,11,11,27.582386363636363,25.397727272727273,10.785783272586302,8.443181818181818,42.38636363636363,0.4817682256842167,0.4952396617096061,0.09624510130553517,0.27302213925713786,0.6715038925716957,0.7821336417759494,0.8136810049043646,0.09399291927596565,0.5738946845504223,0.8824622244240772,0.368005805336057,0.37439132888810633,0.11607433402688026,0.09381818586296527,0.5265737734747591
molai,MolAI,False,P07711,Peptidase,5,scaffold_excluded,20,True,1532,1546,33,33,14.911363636363637,14.621212121212121,5.3884118047906595,5.8522727272727275,29.280303030303028,0.2653347786635345,0.2719841791705561,0.07750075675888676,0.11368240257012491,0.4025433118324624,0.6445098675591214,0.657869051617824,0.0715690734614215,0.45686875363015483,0.7622023273047728,0.1797699365762165,0.18546955667778545,0.06606550322487116,0.07989287727724197,0.3147454134244272
molai,MolAI,False,P08172,GPCR,5,scaffold_excluded,20,True,720,724,11,11,7.3954545454545455,8.227272727272728,5.129240837614074,0.0,16.454545454545457,0.1308994264096373,0.1251938168305739,0.07729723923074935,0.012820921085245606,0.3163309013741376,0.5364232692830939,0.5284329975774575,0.10667150722071879,0.3420951404026157,0.7787836287135025,0.0700916373101044,0.06634911062418838,0.05267004397755657,0.013089110019083791,0.20498073757590257
molai,MolAI,False,P08246,Peptidase,5,scaffold_excluded,20,True,750,784,15,15,44.895833333333336,45.733333333333334,5.907452625944435,32.666666666666664,52.26666666666667,0.615120602266268,0.6181009944731626,0.09627272337414292,0.4463924376755768,0.7626353678659678,0.725671918355552,0.7104464672735153,0.08866083133604173,0.5734720416124837,0.8759427828348506,0.5497304815939328,0.5379134570425432,0.09227133359705338,0.41237373093372315,0.684670549856117
molai,MolAI,False,P08253,Peptidase,5,scaffold_excluded,20,True,2074,2239,50,50,12.832488612836439,12.57913043478261,6.4201835328812,1.9469565217391303,25.310434782608695,0.2677111050345716,0.2502131490800072,0.09139145390039144,0.08134858578813783,0.4811850655248442,0.6902149478771605,0.6872071527927203,0.056422572211100704,0.5789401553220649,0.8122887163088168,0.14810058931843056,0.1314326682375334,0.07870867246306172,0.035394825659754,0.34195700389915956
molai,MolAI,False,P08581,Kinase,5,scaffold_excluded,20,True,1006,1008,19,19,10.607655502392344,9.645933014354068,5.191480165866419,0.0,19.291866028708135,0.21385519022039096,0.22232283442898673,0.0635548085591387,0.08975916753125922,0.3261651891977815,0.6028062621541052,0.6003671970624236,0.06293546234913543,0.4958756851684317,0.7190676387632375,0.10290789706372508,0.10492896358922285,0.052504300841134416,0.03112923320520899,0.2464942773642155
molai,MolAI,False,P08908,GPCR,5,scaffold_excluded,20,True,1335,1335,28,28,11.919642857142858,10.216836734693876,4.5052015309582,0.0,20.433673469387752,0.28339055655906337,0.2897919400967804,0.05803204362796728,0.12796532206280187,0.37782066918611057,0.7511872882282217,0.7566673953437535,0.03581894674082754,0.6613291070062302,0.8104164389550771,0.14631039472567195,0.13668329981404642,0.04743555714894811,0.04060650621391533,0.25829510510511117
molai,MolAI,False,P09874,Other Enzymes,5,scaffold_excluded,20,True,940,944,18,18,18.867777777777775,15.733333333333333,8.837220598199107,0.0,36.711111111111116,0.3681270068901502,0.3648472452182372,0.118191698155147,0.11308104302592491,0.642939557801925,0.659012183580628,0.6670030171989711,0.09345498284569695,0.4572834173266138,0.849592032637389,0.2103578095376161,0.1715080051562154,0.11068111877090081,0.027090089848622993,0.5009124266673742
molai,MolAI,False,P10721,Kinase,5,scaffold_excluded,20,True,1017,1017,20,20,40.91113636363637,46.22727272727273,10.05111034479391,23.113636363636363,50.85,0.5266890906408452,0.5617842300775229,0.12197059467574481,0.28975624667776967,0.6770237101428496,0.733801404212638,0.7649949849548647,0.08776934210396851,0.5523570712136409,0.8424774322968908,0.47872254701595107,0.523386509910186,0.12051947334561228,0.26781925414441576,0.628606204017494
molai,MolAI,False,P11362,Kinase,5,scaffold_excluded,20,True,1243,1245,25,25,32.55261538461538,36.36153846153846,9.79850752552707,7.661538461538461,45.895384615384614,0.541075715701133,0.5605286369465632,0.12396868275028208,0.3063585903556161,0.7523517446759307,0.8211897440038763,0.8274918032786884,0.05437714101128017,0.7048196721311476,0.9299016393442623,0.424838094746086,0.4516238279081811,0.1394250644763976,0.16039272566267057,0.6420570625259834
molai,MolAI,False,P11802,Kinase,5,scaffold_excluded,20,True,1033,1044,20,20,11.352727272727272,11.843181818181819,7.525801953368313,0.0,23.681818181818183,0.30314187383911645,0.28211468884156443,0.0963055268077843,0.14230255973886097,0.5059305008428772,0.6694042151204518,0.6576320939334637,0.0781247619766583,0.48899217221135033,0.8240704500978473,0.1295424391853261,0.12211410183954663,0.06843974604078494,0.03510137718862071,0.2889178761658255
molai,MolAI,False,P14416,GPCR,5,scaffold_excluded,20,True,2820,2856,65,65,7.266100795755969,7.572944297082229,3.8540296730358876,0.0,13.63607427055703,0.14953549184190318,0.1430794599761127,0.059333715051885,0.048078090008233855,0.2892233057384925,0.5631309682144662,0.5606923352534244,0.03232132066515321,0.4974120111346912,0.6103188821211035,0.07932515799957884,0.07054719049562601,0.04295449245944694,0.022965519634035404,0.17093546343703395
molai,MolAI,False,P14780,Peptidase,5,scaffold_excluded,20,True,1248,1347,28,28,18.336960361067508,18.82496075353218,5.5417095784409005,6.872448979591836,30.926020408163268,0.3487736862018218,0.35392809492428834,0.0813179989939879,0.17939883779795426,0.5252827072728578,0.7583523133450591,0.7709394091445083,0.06979802337124869,0.636316760746852,0.8667447306791569,0.23681688620068436,0.23202285524823907,0.06294735612116122,0.10755550430091042,0.3790314235187949
molai,MolAI,False,P15056,Kinase,5,scaffold_excluded,20,True,922,928,17,17,18.78970588235294,16.376470588235293,12.105961938085166,0.0,38.17058823529411,0.3391279700323212,0.3716255952201021,0.14405969215723133,0.0632389023342024,0.5897321813067619,0.6859547449773212,0.7104949418207149,0.07477580453200405,0.44085326438267614,0.7863369277458514,0.2217410777095629,0.19228256493807439,0.1328732326506547,0.025988297460726326,0.4351309970875494
molai,MolAI,False,P20309,GPCR,5,scaffold_excluded,20,True,806,815,14,14,31.932936507936507,32.34126984126984,10.143382651202584,0.0,45.27777777777778,0.48125397037657774,0.513278196758993,0.10509954108674636,0.10440155893236537,0.6011259646410746,0.7981743750541582,0.8115922562798723,0.07653498262145209,0.6283035714285714,0.9069020866773676,0.3707834468142524,0.40934315143717326,0.11713243179503693,0.03507229771356749,0.5295335801181286
molai,MolAI,False,P21453,GPCR,5,scaffold_excluded,20,True,1244,1259,26,26,16.894970414201183,14.887573964497044,5.055984540629195,3.7248520710059174,26.032544378698226,0.27800019238265816,0.27935353982961236,0.05606326041187731,0.1321593294118517,0.3595145907112542,0.6340967004157377,0.6323709681070794,0.06577922077865497,0.5426102688876413,0.7962350149850151,0.1734382870906208,0.17967002291873668,0.05174032386147017,0.07000426051415375,0.2630992282002775
molai,MolAI,False,P23458,Kinase,5,scaffold_excluded,20,True,1113,1132,23,23,38.19148550724638,38.710144927536234,7.432758969289781,16.405797101449274,49.0,0.6103061396247894,0.6292604806223683,0.09828704806991125,0.27704509325244486,0.7194383740923026,0.7628213519732083,0.7870900163042129,0.11215124889185782,0.5456933390833889,0.9059865919159447,0.4874196507600582,0.49406997872036773,0.11272736723819785,0.1045520743378037,0.6296034940794148
molai,MolAI,False,P27487,Peptidase,5,scaffold_excluded,20,True,1229,1266,26,26,12.676331360946747,14.887573964497044,7.5011758353743,0.0,22.47337278106509,0.19248246054626156,0.20111123143486487,0.08833795670167438,0.033359946952671395,0.33259652783606924,0.4909912134585984,0.48879989278991776,0.07730688656700042,0.34973463776456293,0.6276985111662531,0.1297958725292969,0.14581064050821713,0.07982791218879963,0.017046120512013554,0.26164226416205993
molai,MolAI,False,P27986,Kinase,5,scaffold_excluded,20,True,917,917,17,17,36.14058823529412,37.758823529411764,8.198349040484882,26.97058823529412,48.54705882352941,0.5449418282097442,0.5351877721130613,0.07663730436509866,0.4090563163441778,0.7021489224778226,0.8009215686274509,0.8018627450980392,0.04461629070818057,0.7164705882352942,0.895032679738562,0.45903105063476346,0.44816297150146134,0.0899613914339092,0.29168932931132374,0.6211151744993667
molai,MolAI,False,P28223,GPCR,5,scaffold_excluded,20,True,1254,1267,28,28,9.737225274725278,10.388736263736263,5.116953221080395,0.0,20.884615384615383,0.17215748062347574,0.16055206851180903,0.07998487227365984,0.023193835708492466,0.2953915636632275,0.5878500061788201,0.5960163726507552,0.05176164408246344,0.4649557212770916,0.6662342903263,0.11528539552594727,0.10529392577008305,0.0526734433552493,0.021841313869631812,0.2296128632594171
molai,MolAI,False,P28335,GPCR,5,scaffold_excluded,20,True,1055,1068,20,20,4.1206818181818194,4.8477272727272736,4.13484599406412,0.0,14.522727272727273,0.11363173299203384,0.10748093894335985,0.059519424366586506,0.003822322267073988,0.21360389821988884,0.5524010723829476,0.5443463740458014,0.06324240587992902,0.43834765998089775,0.6722966507177034,0.03955091314151539,0.034483949391689056,0.016729574131643003,0.01647215053615566,0.07492472189091322
molai,MolAI,False,P28482,Kinase,5,scaffold_excluded,20,True,749,750,13,13,38.574519230769226,43.24038461538462,10.268294340677517,7.211538461538463,50.48076923076923,0.590123905609809,0.6415963069777535,0.17035131453782398,0.11062647451211079,0.8014238381123157,0.7827638444861433,0.821365201962217,0.1181794084684984,0.4796994050725394,0.9195282329610688,0.5078902310884653,0.5343951793077717,0.15217492407271443,0.09436454691403544,0.6855599161349993
molai,MolAI,False,P29274,GPCR,5,scaffold_excluded,20,True,2121,2146,48,48,9.139630681818181,8.128787878787877,3.050084603297989,4.0625,16.257575757575754,0.1860238047676179,0.17938267669058305,0.04108218174158352,0.11228218653520965,0.2566096561976987,0.5725919303514619,0.5729191456381694,0.058461259051805506,0.4119030390738061,0.6699634572608835,0.10353415835569191,0.10401229929568764,0.030876054871974815,0.042594014270343636,0.17448514491058387
molai,MolAI,False,P29597,Kinase,5,scaffold_excluded,20,True,673,677,12,12,27.353571428571428,28.11309523809524,13.798809523809524,0.0,56.41666666666667,0.42417007329974127,0.4680879940720707,0.1566232668050193,0.03340288405710761,0.6993025764115952,0.7407646254861282,0.7609337261459246,0.11021617398124073,0.36362493715434896,0.8906015037593985,0.33466563306784813,0.37468601674999447,0.16698026866916005,0.01584552727540925,0.5967183711852296
molai,MolAI,False,P30542,GPCR,5,scaffold_excluded,20,True,1792,1803,39,39,6.042472634577897,7.29757085020243,3.4295107368276763,0.0,12.165991902834008,0.1273797386928335,0.13220061863659532,0.049227718182028674,0.026392987185647324,0.20932467832300913,0.5373845115224388,0.5368398111895397,0.05514033367891492,0.4163648792122984,0.632725739868597,0.07420358748668007,0.08112530025492753,0.0316092430517012,0.018081768206632237,0.1358012694612811
molai,MolAI,False,P31645,Other Proteins,5,scaffold_excluded,20,True,1384,1393,30,30,5.135476190476191,4.972619047619048,3.224393358190758,0.0,9.950000000000001,0.1008539372578012,0.10153738750727968,0.048001098919379745,0.01667165730491168,0.18778393861086556,0.4946607025597377,0.49738322328197604,0.06156571384218653,0.35775480059084197,0.5893294175232501,0.054546788481887265,0.04718554230086512,0.027872843901790425,0.017709318260037472,0.1140799246710451
molai,MolAI,False,P34969,GPCR,5,scaffold_excluded,20,True,796,806,15,15,7.230740740740741,6.301851851851852,5.193426268470139,0.0,17.91111111111111,0.18447938234815206,0.18738779379578555,0.0813906822135463,0.03996662373097498,0.30009683545247695,0.6288911425107362,0.6214496418036242,0.06309325380992835,0.4624525916561315,0.7286978508217447,0.10584967280139357,0.1072011339215751,0.05679699565672779,0.02371423736874246,0.2141855152943337
molai,MolAI,False,P34972,GPCR,5,scaffold_excluded,20,True,2856,2862,65,65,6.14633952254642,6.072148541114059,3.01584203898869,0.0,10.628116710875332,0.1248274984863383,0.12912087769510755,0.051386920921385706,0.02130017782674435,0.20169925097753924,0.5697355053829474,0.5553310744280661,0.07110585357165923,0.4316936282601519,0.7241297577377835,0.05783754411631148,0.0579736603027981,0.022903655394925913,0.019049536192282536,0.10674259368580682
molai,MolAI,False,P35372,GPCR,5,scaffold_excluded,20,True,2446,2469,56,56,11.436107142857143,11.399642857142858,5.521599269561533,3.524285714285714,21.13714285714286,0.21823338331033915,0.19684712435328922,0.0774128995648511,0.09684745204619565,0.3880397801493491,0.6177091060135974,0.6315891859073548,0.08006116274134785,0.45285211059143926,0.7471434491741163,0.12767083208899746,0.1178444006359246,0.06839273060138312,0.029178500347299234,0.2619486330807603
molai,MolAI,False,P35462,GPCR,5,scaffold_excluded,20,True,933,933,17,17,36.22235294117648,35.673529411764704,12.442690020574204,16.46470588235294,54.88235294117647,0.6138644685270043,0.6261396915918253,0.12538238026443171,0.3567405383813776,0.8364945338449141,0.8558984073978937,0.8505651168764449,0.04897217740640355,0.7444772668892885,0.9457359362959158,0.4960139319606009,0.4948866652006052,0.15433536735664627,0.24347757255832525,0.7986161566797868
molai,MolAI,False,P36888,Kinase,5,scaffold_excluded,20,True,981,983,16,16,5.832812499999999,6.1375,4.940376881419954,0.0,18.412499999999998,0.14557379584755112,0.1446319832136352,0.08629119887973644,0.034529755966354894,0.3163592188271637,0.5538160459837973,0.5455486542443064,0.07205536913651354,0.43562564632885215,0.7280020703933746,0.06477741657108135,0.04985305720383008,0.045992238880859924,0.01658740898561199,0.17958372328455904
molai,MolAI,False,P41143,GPCR,5,scaffold_excluded,20,True,2387,2393,53,53,16.264858490566034,15.980345911949684,7.507297358112709,1.8812893081761006,30.10062893081761,0.3118127870854267,0.30267316337526534,0.10561904738476437,0.14216730282857304,0.5352504999997871,0.6725830091496209,0.6803897112817009,0.09010816724855687,0.40559977374651535,0.8628366392517336,0.1809598912802633,0.16387026327027862,0.08844229679403798,0.05209147964196309,0.37650266240116925
molai,MolAI,False,P42336,Kinase,5,scaffold_excluded,20,True,2399,2399,54,54,25.174691358024692,27.766203703703706,8.450338454636256,9.2554012345679,40.723765432098766,0.39244407709494383,0.4140202581735398,0.10996948344914961,0.17969856088161698,0.5816208105752132,0.7041719971570718,0.7030008686725104,0.06185871599155858,0.5966121772091921,0.8351180604911949,0.3101246176811757,0.3183162529397736,0.09910491971025864,0.12753367325274267,0.5011291655413048
molai,MolAI,False,P43405,Kinase,5,scaffold_excluded,20,True,804,808,14,14,20.487301587301587,19.214285714285715,7.467189253254223,6.396825396825396,32.06349206349206,0.3663047750018311,0.33937397731257735,0.12376287069127724,0.17007424577971642,0.6031175547096758,0.6895936193218214,0.680804346214088,0.08391807559188541,0.49549630697171676,0.8635381012430192,0.22211448467513567,0.19968020009018506,0.10966936184990576,0.07103711469946221,0.4469182220655972
molai,MolAI,False,P45452,Peptidase,5,scaffold_excluded,20,True,994,1010,20,20,10.460136363636366,9.940000000000001,4.580824876771965,0.0,18.363636363636367,0.23010057367114042,0.23648712981859304,0.07083015222477038,0.03431356450727927,0.39264227505464455,0.6258493196855619,0.6226262626262626,0.06283819151053802,0.5289393939393939,0.7825252525252525,0.13507444081481465,0.14067176209886867,0.04974991286401726,0.023773428036343764,0.2573820812862762
molai,MolAI,False,P51449,Nuclear receptor,5,scaffold_excluded,20,True,1227,1228,25,25,31.733230769230765,33.99076923076923,12.946100300634274,7.556923076923077,45.34153846153846,0.6108140326239119,0.6181094301250871,0.1331384721217706,0.40437950017582247,0.7867985448777401,0.8777504768306631,0.9015556643610054,0.05572989814974225,0.7315378221113882,0.947431421446384,0.463189486389625,0.43703755502965724,0.19169364636469077,0.20338449241383444,0.7361641405919326
molai,MolAI,False,P78536,Other Enzymes,5,scaffold_excluded,20,True,1235,1249,25,25,14.171076923076921,11.529230769230768,7.5451754968394535,3.8400000000000003,26.6,0.2678935244738144,0.28457616437232885,0.10090492504079925,0.07892658780310421,0.4215202584602132,0.6287746985577172,0.6353267973856209,0.07362627210083905,0.43960784313725493,0.7267320261437908,0.14542657336190484,0.12305867339932379,0.09369806578399932,0.02563414843465473,0.2843047183191731
molai,MolAI,False,Q00987,Other Enzymes,5,scaffold_excluded,20,True,895,902,17,17,51.84588235294117,53.05882352941176,3.354604128378114,41.17647058823529,53.05882352941176,0.8320605299305786,0.8606330328704477,0.08128928639013093,0.6836387483994227,0.9701022225073483,0.964225649132586,0.972709699299974,0.029929322810400928,0.8960451977401129,0.997274842140246,0.7863834628995482,0.7979232433884782,0.0939330584117855,0.6343388242782788,0.9552601226249013
molai,MolAI,False,Q05397,Kinase,5,scaffold_excluded,20,True,934,935,17,17,49.2114705882353,49.5,2.729034884603729,44.0,55.00000000000001,0.7096632111850256,0.7105010230322145,0.07917676565551678,0.5351692466591973,0.8457655781320003,0.8988505106178577,0.9132237538032726,0.05657463201205547,0.7561194412405484,0.9646289888504422,0.6386853172222443,0.6316654468783502,0.0779809821990857,0.48499557844008817,0.7737327845992161
molai,MolAI,False,Q06187,Kinase,5,scaffold_excluded,20,True,1136,1139,23,23,23.92065217391304,24.76086956521739,6.600395135693013,4.1268115942028984,33.01449275362319,0.4142498578343252,0.43591706711913925,0.07825101383667916,0.19973433216605088,0.5290138155736466,0.6869016694238137,0.6971715755025714,0.06374618187820949,0.5351920452329889,0.7818100358422938,0.29669956684925797,0.32126575117785444,0.0880000317455663,0.08506723524103263,0.4151194580217443
molai,MolAI,False,Q07817,Apoptosis regulator,5,scaffold_excluded,20,True,1056,1058,22,22,38.90661157024793,39.34710743801653,9.469351414681968,17.487603305785125,48.090909090909086,0.6208793922986982,0.6707686868184644,0.14058779793536344,0.3242791005694341,0.8065607730555198,0.9091469325149208,0.9332002457002456,0.04471476263591935,0.8212969462969463,0.9622674622674622,0.5262860314097009,0.5624186002334004,0.15822828735418495,0.18894062992017097,0.7325014186789284
molai,MolAI,False,Q07820,Apoptosis regulator,5,scaffold_excluded,20,True,2091,2091,40,40,52.275,52.275000000000006,7.105427357601002e-15,52.275000000000006,52.275000000000006,0.9604043828719842,0.9618208006052749,0.01646869835186432,0.9340438814622042,0.9831998531172268,0.9969600195026815,0.9971538274012676,0.0015199340425180832,0.9940882496343247,0.9989151633349586,0.9182527040038753,0.9175247066613339,0.026173277531629048,0.8789327874392894,0.959452644816642
molai,MolAI,False,Q08499,Other Enzymes,5,scaffold_excluded,20,True,803,803,15,15,30.632962962962967,29.74074074074074,11.636955577667129,11.896296296296297,47.58518518518519,0.4710533217270119,0.5337445751716854,0.17051724292600737,0.17296552479877944,0.7080564694319471,0.7630203045685279,0.8315143824027073,0.15444628982252623,0.4337563451776649,0.9081218274111675,0.3943117433344878,0.40804799192430136,0.1612840644213467,0.15428542132359283,0.6571530103236976
molai,MolAI,False,Q14432,Other Enzymes,5,scaffold_excluded,20,True,959,960,15,15,56.626,57.6,7.093686989930631,44.75333333333334,64.0,0.7253666192328928,0.7473566362919316,0.08049856034775435,0.5676158348298361,0.8367858810937162,0.8625132574059128,0.8554497354497355,0.0573618168246975,0.7386299435028248,0.9709039548022599,0.6669831305324057,0.6760094688909246,0.08136530221137221,0.5194784125341517,0.7928816643274234
molai,MolAI,False,Q16539,Kinase,5,scaffold_excluded,20,True,1508,1509,31,31,20.991935483870968,19.775201612903224,8.81262628967597,6.080645161290323,36.50806451612903,0.3173161613559971,0.29220177364887095,0.11108324270268272,0.13557191797563226,0.5012456512695995,0.6015689471159227,0.6260530795757127,0.08185131882325968,0.42179929285433676,0.702453184338033,0.2308890043988562,0.239649978288135,0.10906951278420421,0.087022159152885,0.42472395909297056
molai,MolAI,False,Q16790,Other Enzymes,5,scaffold_excluded,20,True,985,1114,24,24,18.026562499999997,19.34027777777778,6.528262880449575,3.864583333333333,27.07638888888889,0.40397892495994886,0.38903183490906157,0.0865872868831253,0.25839572544046374,0.5434621900117164,0.726282095999077,0.7212584912230449,0.08113007844045023,0.5747706422018349,0.8590214067278288,0.26041622865463704,0.28362506361385525,0.09792974036797686,0.07781373006168828,0.40850425068796087
molai,MolAI,False,Q92731,Nuclear receptor,5,scaffold_excluded,20,True,886,897,17,17,9.05065359477124,11.601307189542483,3.8936779843159326,0.0,17.372549019607845,0.2430309676699193,0.2421107167246226,0.056450254682686316,0.14532186644961956,0.3376007444308776,0.7300697787275628,0.731409727382359,0.032379753159865445,0.6761659784742435,0.7859867496486648,0.13572954595871986,0.13366067467742954,0.04025858899829602,0.047937865376340774,0.19411307431160565
molai,MolAI,False,Q96GD4,Kinase,5,scaffold_excluded,20,True,868,870,16,16,28.075694444444444,30.17361111111111,6.9604364128889475,12.055555555555555,42.291666666666664,0.4271228815515505,0.4297279135452592,0.09317626504561974,0.2497311836732696,0.609140953256819,0.7135938152824048,0.7260319086651054,0.07072071575670301,0.5752640845070423,0.8363583138173302,0.3097866482568884,0.2885290100806616,0.08410302732503261,0.17189746300236677,0.4914089192116167
molai,MolAI,False,Q96RI1,Nuclear receptor,5,scaffold_excluded,20,True,943,964,18,18,21.567500000000003,18.71111111111111,10.334397537046062,5.25,37.488888888888894,0.41792955552939254,0.42327867304527966,0.08917744712914061,0.19601213832245315,0.5537855825018655,0.8369621037138433,0.8497768381489312,0.05748085078479652,0.6162052019657198,0.8961941793330976,0.2832482225182441,0.26099656797491466,0.10510369234866386,0.12441227314353408,0.4521768086317621
molai,MolAI,False,Q9NWZ3,Kinase,5,scaffold_excluded,20,True,813,829,12,12,27.093981481481478,26.828703703703702,9.132284132066461,15.055555555555555,45.16666666666667,0.3762407838314078,0.3704134349549769,0.11117182327616036,0.1849666859533494,0.5924558914051781,0.6252685426263654,0.654579763361893,0.09700736112592322,0.4251325989392085,0.7623419012647898,0.23926486272589811,0.21573968578822947,0.10473492337936641,0.07296896318124432,0.4477532452728103
molai,MolAI,False,Q9UBN7,Deacetylase,5,scaffold_excluded,20,True,1570,1580,32,32,9.703125,9.24609375,3.676185551622896,3.06640625,15.4296875,0.3093294925567333,0.31778909987998716,0.06376826595282575,0.14751901983020912,0.43590172607807104,0.711261995530825,0.7266786522301228,0.06464015384006914,0.4915616925064599,0.7857171733505822,0.12688621356810562,0.12993156186802196,0.03786322627727539,0.0628082862227186,0.23014648715211636
molai,MolAI,False,Q9Y233,Other Enzymes,5,scaffold_excluded,20,True,775,775,14,14,28.71651785714285,27.678571428571427,12.431307386604287,0.0,48.4375,0.45498143109525246,0.4532157266707967,0.14140700496716288,0.1078952486951212,0.6700730054603613,0.7914820724610475,0.8134034165571618,0.07544780996038783,0.5768725361366623,0.8879294161817158,0.3420512161455635,0.3513800677342126,0.1467082586878489,0.029389454036773364,0.6082770568724831
molclr_gin,MolCLR-GIN,False,O00329,Kinase,5,scaffold_excluded,20,True,1892,1893,41,41,14.578947368421051,13.365211810012836,6.8291360126947875,0.0,26.730423620025675,0.3078856237619511,0.3013707428047856,0.08622642895339441,0.17813427474315716,0.4643539307020117,0.733151942183875,0.7511062529631776,0.052727684201549316,0.6178554496128115,0.833285044513512,0.17295206645534936,0.1698195273629613,0.07703030510169225,0.05868467328423691,0.33012975977265013
molclr_gin,MolCLR-GIN,False,O14757,Kinase,5,scaffold_excluded,20,True,775,777,14,14,52.69107142857143,55.357142857142854,3.396990433472258,48.4375,55.5,0.7752483536046263,0.7607461082579154,0.04278424739887723,0.6965227908249453,0.8432642118886571,0.8755687167994299,0.8663836593963196,0.028605843548425314,0.8431941583973039,0.9464989675239347,0.7137182655844051,0.7097123699383538,0.05196640922706838,0.6145272054739962,0.7906568889148877
molclr_gin,MolCLR-GIN,False,O14965,Kinase,5,scaffold_excluded,20,True,1157,1160,23,23,11.132427536231884,12.608695652173912,4.84087265816558,0.0,16.81159420289855,0.29908582870730516,0.3215111704266995,0.059693960139148905,0.1450198840554986,0.38861233109268895,0.7702839949468999,0.7676324620123325,0.02752111293764922,0.7196283124928301,0.8130473022064165,0.1326395009313877,0.11970889852562913,0.04705833013461917,0.04670480310989672,0.21368126157185363
molclr_gin,MolCLR-GIN,False,O15379,Deacetylase,5,scaffold_excluded,20,True,1208,1212,23,23,48.21521739130434,48.60200668896321,3.8274594789812113,40.53511705685619,52.69565217391304,0.6977770846992891,0.7136128638647288,0.037273809488468444,0.6187875604351835,0.7706007159883362,0.8507976698882999,0.843913409149084,0.02816104822271647,0.809339232822613,0.9175777964676199,0.6315440697881153,0.6388725167871032,0.04879350524354792,0.5268230078442017,0.6890271469960496
molclr_gin,MolCLR-GIN,False,O43614,GPCR,5,scaffold_excluded,20,True,2189,2209,48,48,5.22207674571805,5.074522397891963,2.91933619606515,0.0,10.000000000000002,0.19415769379924142,0.17769848557695472,0.08056552245906899,0.031361092269441636,0.3305205595914746,0.6435427787647064,0.6420393529677654,0.09507666287876208,0.4194527996298011,0.7889307811291569,0.07438932558600773,0.0713174373189441,0.03793830761403446,0.018334906517763178,0.1553101524245992
molclr_gin,MolCLR-GIN,False,O60341,Oxidase,5,scaffold_excluded,20,True,1110,1115,23,23,41.99547101449275,42.41847826086956,5.622869368821034,28.27898550724638,48.47826086956521,0.7733498605633593,0.7927138095998066,0.08675022402035237,0.5573757617680767,0.875469048456981,0.9453959021126336,0.9432035355948399,0.013766120388890428,0.9098582576843447,0.9714011439542419,0.6749829724273018,0.6779288858931501,0.10494711926253937,0.4361543315136834,0.8318439624922687
molclr_gin,MolCLR-GIN,False,O60674,Kinase,5,scaffold_excluded,20,True,2271,2308,51,51,13.49447286160841,10.497016197783461,7.0551714639988035,3.771241830065359,30.16993464052287,0.3089063988566684,0.286683769999164,0.09540567832895877,0.16807640090333612,0.4992566863617553,0.7410297117476943,0.73335244598504,0.04648844061214289,0.6635488429606077,0.8276733821574709,0.17246651309682665,0.14962263728968883,0.08653236614050686,0.06861243316289324,0.3586539912676318
molclr_gin,MolCLR-GIN,False,O75116,Kinase,5,scaffold_excluded,20,True,1182,1190,24,24,34.22708333333333,35.02777777777777,6.512634288975886,16.527777777777775,41.31944444444444,0.6287434302071968,0.6579128951424353,0.07040562504121743,0.43591185833983226,0.7386719433808759,0.8578140116129385,0.8667822016826638,0.034761703950304625,0.7830546026300743,0.9024442538593481,0.4930792950763657,0.5170329761573331,0.09216480004795335,0.20103373238244027,0.6068007915913046
molclr_gin,MolCLR-GIN,False,P00519,Kinase,5,scaffold_excluded,20,True,1267,1271,25,25,17.976615384615386,19.553846153846152,7.140369466515244,0.0,27.375384615384615,0.4129896472921793,0.42435112747720366,0.09482612401820455,0.19464517012789498,0.5626303277860806,0.8120767027757745,0.8105939004815409,0.047772217093383286,0.7139967897271268,0.9002889245585874,0.23075575350799699,0.22868832005073972,0.07520910503287594,0.054643602541243,0.38480734759917784
molclr_gin,MolCLR-GIN,False,P00533,Kinase,5,scaffold_excluded,20,True,3642,3792,86,86,11.356253928346952,11.603427172582618,4.087949498708971,3.480110159118727,18.56058751529988,0.32114223528948227,0.32924366268479477,0.07289919256517487,0.13019426851115498,0.43740761325184124,0.8056119052342032,0.8083413081460344,0.02342556201655666,0.7463258826039483,0.8380595891012689,0.1579865096541371,0.15726568688825754,0.05355490660672395,0.05689459625324539,0.23898661432296775
molclr_gin,MolCLR-GIN,False,P00734,Peptidase,5,scaffold_excluded,20,True,4094,4099,83,83,10.115941816044668,10.840728768733472,2.6223687993755944,3.6118131060828684,13.249779606229799,0.2845298418190739,0.28796683717789007,0.04405608422518997,0.16118380269777113,0.3533342297957017,0.7430987551489797,0.7424653794460712,0.031980987183788175,0.6875634075915019,0.8155135482167714,0.1111878294149782,0.11315316818072334,0.02763013824115844,0.061000560706260774,0.16470491737152065
molclr_gin,MolCLR-GIN,False,P00742,Peptidase,5,scaffold_excluded,20,True,2192,2203,51,51,22.33279469890723,22.531969309462916,6.391378550546949,11.268542199488492,35.68371696504689,0.3792185032659311,0.41542517029229786,0.08700754765926799,0.2165782487413873,0.5384586824388371,0.7004121998981355,0.702474670165464,0.06803774633004378,0.6018569137692251,0.8159942415627962,0.2713847031402625,0.2849776189209834,0.0819935159858927,0.13416483134633186,0.4465914283726252
molclr_gin,MolCLR-GIN,False,P00918,Other Enzymes,5,scaffold_excluded,20,True,2015,2212,49,49,14.32450035914987,14.702412642075462,5.306068490081403,5.8855368234250225,25.51552795031056,0.3181706417007769,0.3382375349651805,0.08373422804937335,0.10598015125896822,0.49679103345085535,0.7363499852705658,0.731504807193335,0.033289920773531385,0.6305669353772961,0.7926726862728448,0.17926437302906068,0.18658795722606714,0.06891522891336294,0.07139698849128188,0.3306095171429772
molclr_gin,MolCLR-GIN,False,P01375,Other Proteins,5,scaffold_excluded,20,True,1182,1183,24,24,43.73697916666667,45.16493055555556,3.501372064031097,36.96875,49.291666666666664,0.9402223362012239,0.9521748399899647,0.03183440981664283,0.8433689845229769,0.9777462505233236,0.9947329800619219,0.9963689962611446,0.004284491031521461,0.9815054691997697,0.9986698303134887,0.8468935012883613,0.8561339696729734,0.05702122322285761,0.7381757058259406,0.9363576238576239
molclr_gin,MolCLR-GIN,False,P03372,Nuclear receptor,5,scaffold_excluded,20,True,1683,1706,37,37,13.8096802685038,13.124889595477832,4.750353555179442,5.351351351351351,25.615615615615617,0.4267033207454287,0.4264910709392873,0.06128077306292885,0.2888964226959717,0.5546113010589021,0.8623553586204566,0.8610960064760809,0.027899267635167296,0.8149401648502906,0.9157334734491478,0.1957596797765322,0.19378563216288072,0.046611064879069346,0.10911876734517408,0.2998191092778392
molclr_gin,MolCLR-GIN,False,P03952,Peptidase,5,scaffold_excluded,20,True,1010,1015,20,20,15.442727272727272,18.40909090909091,7.038048218595318,0.0,23.06818181818182,0.2907457610564944,0.30884427293957123,0.08088278596884976,0.12610959654350593,0.43457065003551926,0.6667523471940764,0.6713154808246463,0.05008907153191059,0.559264853977845,0.7328140703517588,0.18519594272492884,0.21489036547573115,0.0847935965598118,0.03597087207551615,0.31350541648821983
molclr_gin,MolCLR-GIN,False,P04150,Nuclear receptor,5,scaffold_excluded,20,True,597,598,9,9,17.15648148148148,22.11111111111111,7.406609852897041,0.0,33.22222222222222,0.38212597852270436,0.3469332840035876,0.13276892237042645,0.1273746168736564,0.5958160708123772,0.767202504469058,0.7607055272590078,0.06689646876852891,0.6366723259762309,0.8805885681946802,0.21113787031500236,0.23656647240190806,0.09462009971253912,0.05130191370618415,0.3471894672100883
molclr_gin,MolCLR-GIN,False,P06239,Kinase,5,scaffold_excluded,20,True,1129,1130,23,23,24.15163043478261,24.565217391304348,4.8261873649899965,16.36231884057971,32.7536231884058,0.5353312868635464,0.5327380143843684,0.08847128332805206,0.29670994457064864,0.7352288956798904,0.8968933783278658,0.8958210596598719,0.03603777799618557,0.8285220533364754,0.9606101108577719,0.3614162961282362,0.34029271524844723,0.09176287935573223,0.16707851477411814,0.5831187351729329
molclr_gin,MolCLR-GIN,False,P07550,GPCR,5,scaffold_excluded,20,True,718,746,11,11,42.96875,42.32954545454545,5.929342346211288,25.43181818181818,50.72727272727272,0.6320212732713933,0.622763447796868,0.09513055252673298,0.4749154635986198,0.7850949446576835,0.8120082751663595,0.8031798948583152,0.049624706983089704,0.7155225726654298,0.8917039244908097,0.5503763297152289,0.5242200555602523,0.08949480449251981,0.3757035053233019,0.6934679155215128
molclr_gin,MolCLR-GIN,False,P07711,Peptidase,5,scaffold_excluded,20,True,1532,1546,33,33,17.24659090909091,16.098484848484848,5.833589427672466,8.75,29.223484848484848,0.3759314142562108,0.33844981201697233,0.09827082709817941,0.22470527904617132,0.5506731523479748,0.8019329880753311,0.7885677397003082,0.045624719358209394,0.7187406116685694,0.8679983153841525,0.2223749477565947,0.19363273901206493,0.09133469002831782,0.09229043420236344,0.39964988126286466
molclr_gin,MolCLR-GIN,False,P08172,GPCR,5,scaffold_excluded,20,True,720,724,11,11,12.315909090909093,16.363636363636363,6.6204584464614165,0.0,24.68181818181818,0.2283316113299792,0.23843553076991914,0.06836023910754252,0.08131836292135479,0.3383053932602468,0.6258683953979067,0.6265884952704585,0.038176442311628596,0.5473670789238813,0.7068723702664796,0.11008117561456394,0.10061864392392153,0.06411217754574068,0.02706554360822918,0.2745957896409246
molclr_gin,MolCLR-GIN,False,P08246,Peptidase,5,scaffold_excluded,20,True,750,784,15,15,29.925833333333333,32.666666666666664,16.327072333159496,0.0,52.26666666666667,0.579991576564699,0.5964459255248972,0.12296559585703186,0.35072245787063916,0.763113287698994,0.8383271970253208,0.8400520156046813,0.04626455469449787,0.7392284351972258,0.9136540962288687,0.42708274065587226,0.45916060209589626,0.1821172458224032,0.1438146177227427,0.6771453756939194
molclr_gin,MolCLR-GIN,False,P08253,Peptidase,5,scaffold_excluded,20,True,2074,2239,50,50,15.544463768115943,15.46782608695652,5.933753780618683,3.8817391304347826,25.310434782608695,0.3788171912062348,0.3690255090875148,0.07408141534398487,0.21160156639530892,0.5028786475945017,0.8438805182146553,0.8440612151667428,0.029530752769662688,0.7665536205316225,0.8927131072410632,0.20528133868601936,0.21021461360816962,0.06864507483744776,0.09428532752392471,0.34856042073670607
molclr_gin,MolCLR-GIN,False,P08581,Kinase,5,scaffold_excluded,20,True,1006,1008,19,19,4.5803827751196176,4.822966507177034,4.168656847870183,0.0,14.4688995215311,0.20165974144385315,0.19938113625887502,0.07833532867793694,0.08588669166174534,0.33655092720536683,0.7264493548912186,0.7270501835985312,0.06575122457042444,0.5595763929540737,0.818051194720877,0.07432011463660158,0.05932441550804099,0.04303412090300684,0.026493492519786502,0.1790495747804381
molclr_gin,MolCLR-GIN,False,P08908,GPCR,5,scaffold_excluded,20,True,1335,1335,28,28,12.430484693877549,13.622448979591836,4.0689584691429275,3.405612244897959,17.028061224489797,0.3540795328602887,0.35261576059954325,0.05398889993414484,0.22800138171081802,0.4420216256551756,0.823292163077932,0.8183817903596021,0.024290682598329467,0.7716143840856924,0.8581265712099683,0.1750292805946258,0.16363252561214664,0.0438406362181862,0.10721195600802644,0.2654902651320286
molclr_gin,MolCLR-GIN,False,P09874,Other Enzymes,5,scaffold_excluded,20,True,940,944,18,18,10.481111111111108,10.488888888888889,5.4951573517950925,0.0,20.977777777777778,0.34825851191940144,0.3645467973864873,0.10321761183136473,0.1252764060141023,0.5215569610961132,0.8100441530838053,0.8402927765778738,0.07018396205095395,0.6379889608831293,0.9135469162467003,0.1460298774656902,0.14650500929671642,0.06323511611522105,0.051252510572514766,0.24541956126713893
molclr_gin,MolCLR-GIN,False,P10721,Kinase,5,scaffold_excluded,20,True,1017,1017,20,20,41.3734090909091,46.22727272727273,10.985666024697746,13.868181818181817,50.85,0.6177933018897084,0.6755445663085478,0.11727267094783915,0.32856017792447495,0.742070858358443,0.804736710130391,0.8086760280842528,0.05432429319908356,0.6131394182547643,0.879087261785356,0.5394623260788071,0.6030492912463604,0.1537910982819583,0.1135228676425746,0.6818375918874363
molclr_gin,MolCLR-GIN,False,P11362,Kinase,5,scaffold_excluded,20,True,1243,1245,25,25,29.871999999999996,30.646153846153844,9.346674700269753,3.8307692307692305,45.96923076923076,0.5082661398063691,0.5289774482667686,0.11683466094132942,0.1822754731352235,0.6654056220283354,0.8518866402864141,0.8560983606557377,0.03623637630422613,0.7404590163934427,0.9084072249589491,0.3781126930945879,0.37497844901378075,0.12519794806261847,0.0766838316522791,0.5691625011258096
molclr_gin,MolCLR-GIN,False,P11802,Kinase,5,scaffold_excluded,20,True,1033,1044,20,20,13.243863636363637,14.161363636363635,6.608423949559186,0.0,28.227272727272723,0.4978474450480168,0.5043615013054641,0.06325696946101675,0.3508035784300845,0.6314313797258186,0.885672042743763,0.8909491193737769,0.022352204947094882,0.8486803519061583,0.9191291585127203,0.236625330421726,0.21600295165631378,0.08232655485795289,0.12931746856732287,0.47162034045567136
molclr_gin,MolCLR-GIN,False,P14416,GPCR,5,scaffold_excluded,20,True,2820,2856,65,65,7.943236074270557,7.575596816976128,3.673799009380518,0.0,13.63607427055703,0.18922652453568028,0.18598732594250747,0.040838475753599425,0.11677494988429275,0.3022581082333939,0.6202745219344817,0.6236923848515762,0.03077984741817987,0.5569881211586694,0.6756442411046495,0.08406714525931537,0.07425672392314481,0.03445908816050046,0.042158550953112946,0.1766420565028382
molclr_gin,MolCLR-GIN,False,P14780,Peptidase,5,scaffold_excluded,20,True,1248,1347,28,28,12.516002747252745,13.520408163265305,6.361140181535041,0.0,27.489795918367346,0.2836485408599846,0.3054511491739563,0.08785978242063451,0.08259394692105278,0.41483108030490273,0.7564071091920352,0.7674792358186641,0.050508065048881966,0.6167280407234917,0.8621848739495799,0.1637780404706713,0.17414021349241332,0.06683130303251301,0.04324758791849894,0.3179151520890546
molclr_gin,MolCLR-GIN,False,P15056,Kinase,5,scaffold_excluded,20,True,922,928,17,17,15.247941176470587,10.917647058823528,10.26253108176303,0.0,32.576470588235296,0.34995057304941574,0.3691890780754238,0.12650874516898974,0.12622809477071,0.6001324794585479,0.7812118653998732,0.785443409821921,0.058937141811791,0.6840575966940015,0.925404007756949,0.17530149232690453,0.162526826861921,0.1056555948340023,0.04011027455738686,0.3616615668030746
molclr_gin,MolCLR-GIN,False,P20309,GPCR,5,scaffold_excluded,20,True,806,815,14,14,24.850793650793648,25.857142857142854,10.099196401279912,6.404761904761905,45.27777777777778,0.469907978288915,0.4907965333583679,0.10590211610728795,0.16963860833905045,0.6630126569865292,0.8232223479809049,0.8250882311646468,0.0290464355671044,0.7751889168765743,0.8916040100250627,0.30931856578659017,0.3265341635332579,0.12192234592036189,0.08405298394986645,0.5257012677089566
molclr_gin,MolCLR-GIN,False,P21453,GPCR,5,scaffold_excluded,20,True,1244,1259,26,26,21.725147928994083,22.313609467455624,5.684781011246452,11.13905325443787,29.79881656804734,0.4403943331580553,0.4442903910809069,0.06399065399780603,0.3085477376662157,0.5572772232745186,0.8615556611533778,0.8667659191465177,0.03524742332846102,0.778183292781833,0.9113616268788682,0.3046590161041754,0.3080697480967056,0.0653569844857853,0.1528119405925555,0.43218605314802266
molclr_gin,MolCLR-GIN,False,P23458,Kinase,5,scaffold_excluded,20,True,1113,1132,23,23,23.113224637681164,20.461956521739133,10.49960322180426,4.050724637681159,40.94202898550724,0.46954961730121153,0.48203429881759013,0.07901191053978987,0.33155279809191307,0.5939242303603538,0.8564155570832759,0.8489950968276399,0.0364987349032409,0.791351606805293,0.9158626166368871,0.29054934171894825,0.2663024913589729,0.11856184692896057,0.12522862679193836,0.49999036385786483
molclr_gin,MolCLR-GIN,False,P27487,Peptidase,5,scaffold_excluded,20,True,1229,1266,26,26,9.523668639053255,9.199704142011836,6.959747554789588,0.0,22.47337278106509,0.23706746955715338,0.26415843303075137,0.08506693630399428,0.06319753831392508,0.36709093102517437,0.6794138322808602,0.6846519058756979,0.0505999350583355,0.5487882856960165,0.7724255583126551,0.09431292104034847,0.09895857023953822,0.046288667672523084,0.027791411864074446,0.1867767120596379
molclr_gin,MolCLR-GIN,False,P27986,Kinase,5,scaffold_excluded,20,True,917,917,17,17,50.435,51.24411764705883,4.272944769935651,37.758823529411764,53.94117647058824,0.8048302064101975,0.8171865879022824,0.06871145543416783,0.6645890507560501,0.8965420270806592,0.9236437908496733,0.9311764705882353,0.025708499382363272,0.8672549019607844,0.9716993464052288,0.7360801715397856,0.7479582433167268,0.08577495527092688,0.5509585097198614,0.8648314680004845
molclr_gin,MolCLR-GIN,False,P28223,GPCR,5,scaffold_excluded,20,True,1254,1267,28,28,11.644505494505493,10.442307692307692,3.6981617520278007,6.89010989010989,20.884615384615383,0.25412052747233405,0.26721756210976266,0.05397863743902652,0.13775412382402147,0.367479277696924,0.6571284469493273,0.6589703678081402,0.025746822612037312,0.5959566534607317,0.7028421538106768,0.129829255718099,0.1260819989652838,0.040948958391818634,0.06047436880461326,0.2490527869576596
molclr_gin,MolCLR-GIN,False,P28335,GPCR,5,scaffold_excluded,20,True,1055,1068,20,20,2.666818181818183,0.0,3.588263150608736,0.0,9.70909090909091,0.10075599306260843,0.08318939652613626,0.07543774644683379,0.006367404717738839,0.27795756211023764,0.5542552072705382,0.5433206106870229,0.07666076597121224,0.4419293218720153,0.7410047846889953,0.03563770516494673,0.02653034202607994,0.02394053533342444,0.01643476465440597,0.12332704329393909
molclr_gin,MolCLR-GIN,False,P28482,Kinase,5,scaffold_excluded,20,True,749,750,13,13,31.724038461538463,28.84615384615385,10.546823474013959,14.423076923076925,50.48076923076923,0.5767162102174888,0.601099988556623,0.08553144785747682,0.414780808191828,0.6985927649773294,0.8867959982506136,0.9038200605364785,0.055897223411554356,0.7542010228577394,0.9547449832775919,0.4117435656185683,0.44060651238044996,0.12222060509984968,0.1603728010464006,0.5690750519603536
molclr_gin,MolCLR-GIN,False,P29274,GPCR,5,scaffold_excluded,20,True,2121,2146,48,48,10.462689393939392,11.174242424242424,3.360398837885376,4.017045454545454,16.257575757575754,0.2307556710121179,0.2357451870811456,0.05569908196703313,0.12389859210596589,0.3266715312029059,0.6232030039141885,0.6425955881940684,0.0696275783820519,0.4651255163647918,0.7324634572608832,0.11390168738370325,0.11310198829862186,0.03422301588224258,0.056009764266312156,0.16663853312211183
molclr_gin,MolCLR-GIN,False,P29597,Kinase,5,scaffold_excluded,20,True,673,677,12,12,39.82797619047619,44.18452380952381,11.816817109349076,8.035714285714285,56.41666666666667,0.583266021483432,0.5883678060992208,0.1262609706531169,0.1203641934493658,0.7583399587918964,0.8209186961466319,0.8176432786339907,0.059734012991771286,0.6273252890899949,0.9433938477054967,0.4948564714764526,0.5224497622393445,0.12514601074717857,0.10796209275056763,0.7096790569120104
molclr_gin,MolCLR-GIN,False,P30542,GPCR,5,scaffold_excluded,20,True,1792,1803,39,39,10.08830409356725,10.247863247863247,4.615163622661192,0.0,19.465587044534413,0.21031277908543836,0.21316716480970027,0.059385917670665214,0.08903852732831816,0.31588426319031565,0.5762918773571054,0.5820443912228408,0.07851673814019614,0.3213927309219424,0.672713529856387,0.10584233328756967,0.1067820388297286,0.04274016190467295,0.03098786118642006,0.17991152134869384
molclr_gin,MolCLR-GIN,False,P31645,Other Proteins,5,scaffold_excluded,20,True,1384,1393,30,30,12.59035714285714,13.266666666666666,6.327643903285018,0.0,26.36190476190476,0.2677679368203965,0.24818247247052505,0.08192010516025841,0.11691944518410838,0.4315671591204832,0.7185817429792881,0.7222515212981744,0.043135711472360325,0.6188831741366643,0.8047968673519335,0.14137346531958217,0.13381290194288603,0.062004670999376746,0.03510847305784778,0.3262527767999781
molclr_gin,MolCLR-GIN,False,P34969,GPCR,5,scaffold_excluded,20,True,796,806,15,15,9.154444444444445,11.940740740740742,6.962397938067816,0.0,19.900000000000002,0.26444514741468933,0.27310890400909243,0.07035912110480663,0.06769161511003212,0.37269016512515935,0.7726160233052917,0.7688706656673752,0.0456238385061444,0.6697850821744626,0.8694479561736199,0.11863915215874547,0.12008316522601273,0.047939505485516704,0.031882736287449,0.18866137052347157
molclr_gin,MolCLR-GIN,False,P34972,GPCR,5,scaffold_excluded,20,True,2856,2862,65,65,6.070769230769232,6.072148541114059,3.6552582227668964,0.0,12.146419098143236,0.2175158982787388,0.23821021423996805,0.08319465774038723,0.010866378410402533,0.3185200444275998,0.689519015331796,0.7318753611605344,0.10112576029717239,0.3631836689776604,0.7896481471284622,0.08443650765757695,0.07927709823620248,0.032906400077080865,0.016375924420611684,0.146945262788495
molclr_gin,MolCLR-GIN,False,P35372,GPCR,5,scaffold_excluded,20,True,2446,2469,56,56,15.303071428571428,15.733928571428574,6.2799857179253955,0.0,27.954285714285714,0.3528222195111152,0.3554884101088639,0.09567790048983679,0.1471175110253136,0.5216739466382248,0.794085271489405,0.8092118750743418,0.0469146136830813,0.6716520632289384,0.8669868943841547,0.19941015051436434,0.18777225418406168,0.0772743137975569,0.054753145294173515,0.35273705461665616
molclr_gin,MolCLR-GIN,False,P35462,GPCR,5,scaffold_excluded,20,True,933,933,17,17,43.63147058823529,43.90588235294118,7.853164190488327,27.441176470588236,54.88235294117647,0.7735401364679946,0.7810051377157556,0.08735804890307967,0.5739238826830498,0.9001366748984425,0.9562291292062677,0.955850244027742,0.018969900404486935,0.9207552016439764,0.9921012072951451,0.6668020831919201,0.6815679931298219,0.1178533156181567,0.41750198490322377,0.8410139121427331
molclr_gin,MolCLR-GIN,False,P36888,Kinase,5,scaffold_excluded,20,True,981,983,16,16,10.7446875,12.275,4.2853931936543175,0.0,18.412499999999998,0.24196773057892368,0.24736313651073016,0.056136544129205,0.1191535870270075,0.3380895579896625,0.7417640290614311,0.7392625775862255,0.036510056769386234,0.6855610134436401,0.8029989658738367,0.10727479643325463,0.10751917660468713,0.03861737748651869,0.03863502120109273,0.18291175556747807
molclr_gin,MolCLR-GIN,False,P41143,GPCR,5,scaffold_excluded,20,True,2387,2393,53,53,18.802358490566043,19.753537735849058,7.9072582886765,5.632075471698113,30.10062893081761,0.43267728797110977,0.46263973444251494,0.11404193280359988,0.1995631341521053,0.5944158742191962,0.8275920820002014,0.8603403051795623,0.07454092827354852,0.6431255302816048,0.9126189324302533,0.24926740663141347,0.25309137646503205,0.1062531008011928,0.0898720184572111,0.4420990662532939
molclr_gin,MolCLR-GIN,False,P42336,Kinase,5,scaffold_excluded,20,True,2399,2399,54,54,31.931134259259256,31.468364197530867,7.308251420826078,16.65972222222222,42.57484567901235,0.524512762371556,0.5709346628771182,0.10949692720491219,0.2850868795163708,0.6782229243153401,0.7744179894179893,0.7876806443970623,0.051557280537096115,0.6216299455105425,0.8284371791834477,0.4142769733785694,0.44137680383260997,0.11076830927520454,0.20314356002715458,0.574557313227409
molclr_gin,MolCLR-GIN,False,P43405,Kinase,5,scaffold_excluded,20,True,804,808,14,14,14.405555555555557,15.984126984126984,6.9780966480429365,0.0,25.61904761904762,0.303897981373686,0.2916900770908949,0.09289059644843146,0.13969215262967052,0.47776179773030436,0.7824827025897285,0.8071415979238996,0.057426434590341226,0.6268737583528987,0.8513781300666546,0.1473090470343347,0.1671949277444128,0.056792963635824666,0.0410691657339101,0.22388209390469532
molclr_gin,MolCLR-GIN,False,P45452,Peptidase,5,scaffold_excluded,20,True,994,1010,20,20,20.404318181818187,18.363636363636367,8.789047781117151,4.590909090909092,36.727272727272734,0.3211058164570365,0.3012728870608273,0.10508047357704813,0.1253777877959499,0.5148148885011254,0.7863969468815466,0.803465092402464,0.06948649624356597,0.6192505133470226,0.8902525252525253,0.24711818661949025,0.2383520606845864,0.10218153356256494,0.05425238230095988,0.42867944778322925
molclr_gin,MolCLR-GIN,False,P51449,Nuclear receptor,5,scaffold_excluded,20,True,1227,1228,25,25,29.277384615384612,30.22769230769231,8.68786196862029,11.335384615384616,41.56307692307693,0.6164785538461646,0.6338501833986776,0.09869019989787223,0.4159956959165852,0.7464491837757866,0.9174470285738787,0.9214463840399003,0.01574190149567108,0.89453034081463,0.9440266222961731,0.442437643388556,0.4499480932258265,0.13448811953465925,0.16792290940289553,0.6352660410587521
molclr_gin,MolCLR-GIN,False,P78536,Other Enzymes,5,scaffold_excluded,20,True,1235,1249,25,25,11.490923076923076,11.523076923076925,8.717196361351904,0.0,26.6,0.33791660538685,0.34846605816379583,0.132850639380253,0.10710877274022758,0.548503130294819,0.7961671122685485,0.8087293380148461,0.06468619186145,0.677156862745098,0.9246770237121832,0.18258895844143425,0.1683552281128838,0.10371634731762208,0.03960751652776204,0.3555366813084084
molclr_gin,MolCLR-GIN,False,Q00987,Other Enzymes,5,scaffold_excluded,20,True,895,902,17,17,45.689738562091506,47.752941176470586,6.941870739068775,26.52941176470588,53.05882352941176,0.8131044018118654,0.8079521690963162,0.04338482119931032,0.6855727655020272,0.891799576222674,0.9563924755030785,0.9563592442111781,0.012890238938489399,0.9255566633433033,0.9757394483217015,0.7097999291266005,0.727223281070795,0.06279148094140949,0.5070331995559629,0.8072789545010541
molclr_gin,MolCLR-GIN,False,Q05397,Kinase,5,scaffold_excluded,20,True,934,935,17,17,50.86235294117647,54.94117647058824,7.353558891700158,21.976470588235294,55.00000000000001,0.7996816444577426,0.8191158664961271,0.05574941305852698,0.6839432244588901,0.9065901841236379,0.9601061743861342,0.9663865546218486,0.01384265586869905,0.9254773804946815,0.9775482712168837,0.7173785920484612,0.7379880075512454,0.09428751531687697,0.3894596364661041,0.8648614124082444
molclr_gin,MolCLR-GIN,False,Q06187,Kinase,5,scaffold_excluded,20,True,1136,1139,23,23,23.09728260869565,20.634057971014492,5.28953608267415,16.47826086956522,37.14130434782609,0.4308757520794031,0.42283252353016465,0.096544579791505,0.2671766029977655,0.6059469229136147,0.8191191104755614,0.807524531950236,0.04685751028234661,0.7408672234798219,0.8965443353592022,0.2921669763490193,0.27240968422524825,0.08239732578719841,0.1803223632683459,0.48004093074266946
molclr_gin,MolCLR-GIN,False,Q07817,Apoptosis regulator,5,scaffold_excluded,20,True,1056,1058,22,22,33.00537190082645,34.97520661157025,10.111540450904634,8.743801652892563,48.090909090909086,0.6271605265609705,0.6316232717779817,0.09605201700169083,0.45840578168602136,0.7979506851089818,0.9048203142980707,0.9039575289575289,0.031886298368710035,0.852009477009477,0.9537995787995788,0.49492413101565474,0.5030390465160797,0.12424951836288638,0.2175778532427238,0.7361734107134165
molclr_gin,MolCLR-GIN,False,Q07820,Apoptosis regulator,5,scaffold_excluded,20,True,2091,2091,40,40,52.275,52.275000000000006,7.105427357601002e-15,52.275000000000006,52.275000000000006,0.9895164231528198,0.9892198283682272,0.003910968736090825,0.982729731057569,0.999416722155474,0.9992107508532422,0.9992381764992686,0.0003435072217676679,0.9985494880546075,0.9999634324719648,0.9791251801056271,0.9771958270487682,0.006761146991605683,0.9707298474945534,0.9982558139534885
molclr_gin,MolCLR-GIN,False,Q08499,Other Enzymes,5,scaffold_excluded,20,True,803,803,15,15,38.96037037037037,41.63703703703704,11.044191137766369,17.844444444444445,53.53333333333333,0.5552508310670518,0.6002280180137406,0.15841896889766774,0.23578725956506486,0.7579561723837072,0.8205837563451777,0.8429780033840948,0.07420175233077532,0.6375634517766496,0.8946700507614213,0.4974777967967169,0.5445221658969116,0.15127128188950748,0.21613243423770034,0.6993533550092781
molclr_gin,MolCLR-GIN,False,Q14432,Other Enzymes,5,scaffold_excluded,20,True,959,960,15,15,48.30800000000001,51.14666666666667,7.964160442605079,32.0,57.6,0.7613772475290352,0.7615140877291042,0.10051476234264868,0.5826409068140255,0.9078184159790995,0.9361471915822198,0.9388712522045857,0.03028411464729001,0.8536723163841808,0.9840564373897708,0.6572114209493197,0.6582467879336783,0.12836397215728879,0.46797391184699116,0.8444780379263137
molclr_gin,MolCLR-GIN,False,Q16539,Kinase,5,scaffold_excluded,20,True,1508,1509,31,31,26.011391129032262,27.381048387096776,6.6295867094513605,12.169354838709676,36.50806451612903,0.4269543664782633,0.4278758273458756,0.060229704926337745,0.3099632891475641,0.5280538984433085,0.7690118343179528,0.7621642639966737,0.045561002001217474,0.6742546597407133,0.8474616962765725,0.305305305554316,0.3182638939027642,0.07232103651461663,0.17321413793757048,0.42466005975516474
molclr_gin,MolCLR-GIN,False,Q16790,Other Enzymes,5,scaffold_excluded,20,True,985,1114,24,24,12.957986111111111,11.598958333333332,8.308299268395283,0.0,30.944444444444443,0.31679785293348683,0.32363570845872236,0.10728572042917606,0.14140619440267138,0.565848022248249,0.7806034305962722,0.7790811936410744,0.049928930050551504,0.6790250994796448,0.8751146788990825,0.18022208073959559,0.16196763045254986,0.10013296808433081,0.05123493201021117,0.4460189233518932
molclr_gin,MolCLR-GIN,False,Q92731,Nuclear receptor,5,scaffold_excluded,20,True,886,897,17,17,18.39346405228758,17.558823529411768,5.8893555269115145,5.862745098039215,34.7843137254902,0.40091886802086896,0.40362336946601085,0.07254623533808299,0.2870499023857241,0.5439725160555297,0.8075115400759876,0.8074532085561497,0.030485371610026426,0.7526069518716578,0.8751859364435429,0.23181719442398102,0.23962232049385412,0.07629548723258492,0.11628678183467286,0.44362498138463063
molclr_gin,MolCLR-GIN,False,Q96GD4,Kinase,5,scaffold_excluded,20,True,868,870,16,16,16.6,15.083333333333332,8.066541359602194,6.041666666666667,30.208333333333332,0.4322084542004901,0.3994248139150215,0.13033809327065973,0.11978461905050736,0.6647885259933983,0.8492818849572845,0.8565573770491803,0.05092862259194232,0.7414373536299765,0.937134074941452,0.24205046494877513,0.19333683128636908,0.12828651935743857,0.057416743591183636,0.48590182323028186
molclr_gin,MolCLR-GIN,False,Q96RI1,Nuclear receptor,5,scaffold_excluded,20,True,943,964,18,18,15.975,15.908333333333331,9.100784883394793,0.0,32.13333333333333,0.4063521410952123,0.446952764309108,0.08945216777901961,0.12502744202047716,0.507884195327005,0.8484667177721802,0.8478309023692571,0.031346607493612774,0.8053206483439042,0.9062687282752008,0.23314132886936142,0.22441130809685628,0.07905557239188302,0.054867673766798325,0.3555549268174919
molclr_gin,MolCLR-GIN,False,Q9NWZ3,Kinase,5,scaffold_excluded,20,True,813,829,12,12,19.819444444444443,15.351851851851851,9.09762603947776,0.0,30.703703703703702,0.47940839382115685,0.4990948838920527,0.12153995805892853,0.20650280792292525,0.7044470831580021,0.8067729300467013,0.8309873521011831,0.08713453765672154,0.6242350061199511,0.9706242350061198,0.2631891951947376,0.24909859891490993,0.10643770422864135,0.048397847021223614,0.4660211158061869
molclr_gin,MolCLR-GIN,False,Q9UBN7,Deacetylase,5,scaffold_excluded,20,True,1570,1580,32,32,12.0123046875,12.33984375,6.376288342909328,0.0,21.57421875,0.33119378610339556,0.33970393704967144,0.1105753147972375,0.12837644524303718,0.484478799822536,0.8145490386109298,0.8192216594568964,0.05226918384447641,0.6928733031674208,0.9076043014230271,0.16529685398788993,0.16912230100703912,0.07753033507953916,0.045506242415521696,0.28849792700817145
molclr_gin,MolCLR-GIN,False,Q9Y233,Other Enzymes,5,scaffold_excluded,20,True,775,775,14,14,30.446428571428573,31.138392857142854,7.38815682618238,13.839285714285714,41.51785714285714,0.5420721076106101,0.5303715874238769,0.07020510888896621,0.425978840590475,0.6706147934103389,0.8664163694387085,0.8668105875727427,0.04493859517916944,0.7798010137037732,0.938520743382767,0.39193043490990037,0.38478970804234935,0.08082030000079249,0.25135735075646387,0.5323290986680467
molformer,MoLFormer,False,O00329,Kinase,5,scaffold_excluded,20,True,1892,1893,41,41,20.77490372272144,21.86456996148909,10.26532371250569,4.86007702182285,38.8806161745828,0.3571489485943953,0.3830732967211708,0.12664125518702252,0.14902465365043652,0.5631593415278794,0.7010074743295154,0.6996852446926196,0.07780308943704811,0.5556287204340726,0.8351551388084074,0.2477619548533298,0.27890183687247594,0.12715134900777536,0.06449903523932404,0.42999412136996634
molformer,MoLFormer,False,O14757,Kinase,5,scaffold_excluded,20,True,775,777,14,14,50.95758928571429,55.5,8.286707565829078,27.75,55.5,0.8278701337903323,0.8312147220280854,0.030629050426200063,0.7565374240523998,0.8883337707716233,0.9308461789036343,0.9316262316087509,0.019334177164797406,0.901610185358547,0.9764407734184344,0.7336384466344679,0.7646588120651281,0.08722926782129783,0.5200806429105715,0.8199482971337614
molformer,MoLFormer,False,O14965,Kinase,5,scaffold_excluded,20,True,1157,1160,23,23,11.552173913043479,8.405797101449275,8.492765478920349,0.0,29.420289855072465,0.37895938885667163,0.38938111348744187,0.12524695263581717,0.0527825819097665,0.5779582846276653,0.8039028476549077,0.8164241830359331,0.05112827400919224,0.6372605254101181,0.8706741615999387,0.1668460694351471,0.14820976717959655,0.083310845911391,0.02851977380560124,0.33724212143364135
molformer,MoLFormer,False,O15379,Deacetylase,5,scaffold_excluded,20,True,1208,1212,23,23,47.809531772575255,48.52173913043478,3.289365495710306,44.551839464882946,52.69565217391304,0.6736269850865112,0.6741535459696222,0.04036357432044631,0.5861424471628558,0.7772737595522877,0.8276207609233355,0.8237449703332616,0.03278667973432562,0.7602296412769224,0.905065144195579,0.5995347729803998,0.5924711589760696,0.03219953128760585,0.5396708351885235,0.6609616576758311
molformer,MoLFormer,False,O43614,GPCR,5,scaffold_excluded,20,True,2189,2209,48,48,14.082332839262188,15.963768115942027,4.783015121604756,4.0018115942028984,21.96014492753623,0.26681688824998273,0.24710655596286124,0.0771944695868212,0.08699168192527719,0.41920334807779286,0.6583722167721394,0.6831900879611481,0.07017253472576127,0.5052204176334107,0.7367062567924235,0.15886638873866182,0.15987340860093793,0.05647160659229196,0.03026524571365145,0.2947670508795742
molformer,MoLFormer,False,O60341,Oxidase,5,scaffold_excluded,20,True,1110,1115,23,23,43.61050724637681,44.438405797101446,5.200834551344213,28.27898550724638,48.47826086956521,0.7927188137734198,0.8131223036430124,0.08156187720347662,0.5598821613986774,0.8637483879164735,0.9173345813420211,0.8951067048893135,0.038958454782063785,0.8676142697881829,0.9811673833412964,0.7194760261585682,0.7557654004292149,0.10520733409543315,0.44502165066056965,0.8265021959647895
molformer,MoLFormer,False,O60674,Kinase,5,scaffold_excluded,20,True,2271,2308,51,51,19.90310279909065,16.970588235294116,9.592425745846858,7.744245524296676,39.59803921568627,0.37263458889370227,0.3340701001136198,0.11319903185891164,0.1921689688926737,0.6062067949198762,0.7237125131784568,0.7289912863683355,0.07081547250216072,0.561305423070129,0.8251626747287307,0.23745233586213196,0.18373208804288282,0.13344428968501015,0.0715631226519426,0.5219552453260965
molformer,MoLFormer,False,O75116,Kinase,5,scaffold_excluded,20,True,1182,1190,24,24,35.671527777777776,37.1875,5.9972867531009175,20.65972222222222,41.31944444444444,0.6276005333435285,0.6465526660227432,0.0867248768441016,0.3727607469997081,0.7543988959915152,0.8433592642993674,0.8593839336763865,0.05189201938918845,0.7047955974842767,0.9163802978235969,0.4806652851227747,0.501124441823176,0.11431411686792771,0.16591796655254432,0.641114617572643
molformer,MoLFormer,False,P00519,Kinase,5,scaffold_excluded,20,True,1267,1271,25,25,28.135999999999996,31.18769230769231,6.708062629156529,15.643076923076922,38.98461538461539,0.5750034064417013,0.5992251220168323,0.10595036904152325,0.32913167852549946,0.7211553402056197,0.8789116477074463,0.8826479581682317,0.05338178605870323,0.7476404494382023,0.9540288924558588,0.3955025672707603,0.41397319576048985,0.0999064463011535,0.21563945659735637,0.5346683458336066
molformer,MoLFormer,False,P00533,Kinase,5,scaffold_excluded,20,True,3642,3792,86,86,10.549060504813259,10.441707466340269,4.540518101638466,2.3206854345165238,20.886168910648713,0.2601069906129614,0.25812773734775263,0.06398320749647815,0.09434841812396504,0.3622685517413913,0.7473314642995604,0.755651280686561,0.03474950065357119,0.6631264197592841,0.7890284767630117,0.13163870707662947,0.12350567816260662,0.04421628801038667,0.057986933256404645,0.2262706904129521
molformer,MoLFormer,False,P00734,Peptidase,5,scaffold_excluded,20,True,4094,4099,83,83,10.11528063473406,10.840728768733472,3.391937973798105,2.409050837496327,14.45430502497796,0.27000036520239196,0.2710636660519802,0.04743956030986292,0.14903883664842496,0.34585138533628407,0.738558965356727,0.729703175250804,0.046222754387701105,0.6697642588290382,0.8333923342773484,0.12188375770211166,0.12435231608021063,0.030595925096336324,0.07115433686418969,0.17767579178523887
molformer,MoLFormer,False,P00742,Peptidase,5,scaffold_excluded,20,True,2192,2203,51,51,25.63036115632023,25.83941718980082,8.188922774371612,3.7561807331628305,37.54475703324808,0.42279129500967383,0.4532250526346143,0.11427023940482628,0.1197471785981765,0.5825230818244623,0.7718741464122107,0.77728424083388,0.060781361458707335,0.6169363656243166,0.8593465267147751,0.33008301795910616,0.3294247853527518,0.1061416239833564,0.07174199292576439,0.4906134645212508
molformer,MoLFormer,False,P00918,Other Enzymes,5,scaffold_excluded,20,True,2015,2212,49,49,14.717046943000799,15.68377910170279,4.497157176594851,5.8855368234250225,21.59006211180124,0.3424907800075475,0.3673762169025673,0.07206492974219715,0.22529858735864214,0.4435420282867528,0.7677072748183663,0.772905135757185,0.032866824751940804,0.6825176672610791,0.8140337965976959,0.1936160877371508,0.20038416654539898,0.05806758503272897,0.0865896133981166,0.282196679859651
molformer,MoLFormer,False,P01375,Other Proteins,5,scaffold_excluded,20,True,1182,1183,24,24,42.09392361111112,41.07638888888889,3.140663959089788,36.96875,49.25000000000001,0.9707442091962882,0.9683980215830862,0.01037385067843255,0.9581044522250394,0.9922695628584882,0.9984053626148244,0.9983448474381117,0.0005292510192910446,0.9977710670117917,0.9995322394933794,0.8666365315812605,0.8566892480494158,0.06282364051024347,0.7774837353843193,0.9764170126212459
molformer,MoLFormer,False,P03372,Nuclear receptor,5,scaffold_excluded,20,True,1683,1706,37,37,14.565408055113938,13.378378378378377,4.8953187851604,8.031796502384738,25.615615615615617,0.38625071443258957,0.41210529450064115,0.09079659965932974,0.2338711871135276,0.5137305446278655,0.8509531132928455,0.8599759440261352,0.034161080044366944,0.7619872718734313,0.8914488258750554,0.21902610092782235,0.1917435105457261,0.07551864483280621,0.10293062809863544,0.348828487642848
molformer,MoLFormer,False,P03952,Peptidase,5,scaffold_excluded,20,True,1010,1015,20,20,15.444318181818184,18.436363636363637,7.4790133197904725,0.0,27.681818181818183,0.31750462732977247,0.31712516856457407,0.10139684755466843,0.07001728868553465,0.4995982447626495,0.7292734161330447,0.7417839195979898,0.06171005169722246,0.580050505050505,0.8319919517102616,0.20760344748120244,0.22368724568684362,0.0891605876879891,0.027735712051227886,0.37426732561626286
molformer,MoLFormer,False,P04150,Nuclear receptor,5,scaffold_excluded,20,True,597,598,9,9,26.008333333333333,22.148148148148145,14.540332812290819,0.0,55.27777777777778,0.4880010603885099,0.5064217772706263,0.14593315942242727,0.17351473820768687,0.7711833103378475,0.8782636474699294,0.9053008866251651,0.07313781235148169,0.6774193548387097,0.9565381708238851,0.3067305898536495,0.29921748113171404,0.13474088877209162,0.08325867728732692,0.5666205798558739
molformer,MoLFormer,False,P06239,Kinase,5,scaffold_excluded,20,True,1129,1130,23,23,27.42590579710145,24.565217391304348,7.668298851885017,16.3768115942029,45.036231884057976,0.5526898994921243,0.5157238667974333,0.10182386306317491,0.38540193944369633,0.7712892718562222,0.9080300861516886,0.9024193865127057,0.02535544761263352,0.8579788696437689,0.9611170024743726,0.40300127846830486,0.3779944320163796,0.10685666884932259,0.2541667034046139,0.6292198128720741
molformer,MoLFormer,False,P07550,GPCR,5,scaffold_excluded,20,True,718,746,11,11,49.67215909090909,50.72727272727273,6.702534632009379,40.79545454545455,59.18181818181817,0.6955802265125286,0.715991983371133,0.07470055337624629,0.5771768607034216,0.8458490018900172,0.8820772978375769,0.9208650981152848,0.0703873858297128,0.7703153988868274,0.9576418132276443,0.6233426338914267,0.6185340572064815,0.0715228023872459,0.5194518716577541,0.7330888200453418
molformer,MoLFormer,False,P07711,Peptidase,5,scaffold_excluded,20,True,1532,1546,33,33,20.90785984848485,17.53409090909091,10.237923856694511,5.8560606060606055,40.99242424242424,0.4537135184905776,0.46125564552640985,0.10295003921629152,0.2734253389963195,0.624237532859518,0.8215417333122146,0.8324218205868217,0.0666270000542953,0.6108061370171523,0.9106150853338146,0.2959555564341497,0.2658694069879032,0.11677054186523537,0.12331618567025904,0.5122898191139968
molformer,MoLFormer,False,P08172,GPCR,5,scaffold_excluded,20,True,720,724,11,11,14.375000000000004,16.363636363636363,7.299791616520851,0.0,32.909090909090914,0.381168573404728,0.38493382600587595,0.08731826821459536,0.22089251273417942,0.5105220919358756,0.7880417473596338,0.7930610911925091,0.05405472751611765,0.6744868035190615,0.8838454672956777,0.20814844393724757,0.22423228301197906,0.0770301244936992,0.06318410993636664,0.34464637855082547
molformer,MoLFormer,False,P08246,Peptidase,5,scaffold_excluded,20,True,750,784,15,15,46.54333333333334,52.26666666666667,8.225139985299814,26.133333333333336,52.26666666666667,0.6271753991630847,0.6430748416360239,0.08467351781555259,0.4587254907432365,0.7582640743015572,0.8093761076168657,0.8002580728867187,0.04813354130750143,0.7021239705244906,0.9108799306458604,0.5659266450981482,0.6022370694314674,0.10062854022663999,0.3656532572960569,0.6975199858213642
molformer,MoLFormer,False,P08253,Peptidase,5,scaffold_excluded,20,True,2074,2239,50,50,20.110378881987575,19.408695652173915,5.754499139423611,9.734782608695651,31.151304347826084,0.46833816475373535,0.4680155552405584,0.05356586654583555,0.3531325712004381,0.5593150769729229,0.889560835779433,0.895727153554333,0.02101414780840374,0.8361044912923923,0.9178093492208983,0.2776580955385195,0.2680669510159345,0.07338179306271392,0.14025189112071051,0.4105729179213059
molformer,MoLFormer,False,P08581,Kinase,5,scaffold_excluded,20,True,1006,1008,19,19,13.501435406698565,12.057416267942584,7.408190631459303,0.0,28.9377990430622,0.3452140131756462,0.36033134552046225,0.07819719277837074,0.19787240624070135,0.46993145992306523,0.7867424002857216,0.7876376988984088,0.045428480650081544,0.704486190197435,0.8734500558778138,0.16835693562941106,0.17257014892589842,0.07267487738877187,0.05263529854230349,0.30589046274873266
molformer,MoLFormer,False,P08908,GPCR,5,scaffold_excluded,20,True,1335,1335,28,28,17.87946428571429,17.028061224489797,4.801188612277728,6.811224489795918,23.83928571428571,0.38156063343616237,0.3752204803876157,0.07188983575048981,0.22466395426167346,0.5281106162873901,0.8223494370969504,0.815690239370423,0.03673210008526553,0.7597824898896054,0.9091430757459831,0.21859103307502664,0.20624338649449458,0.06359224803089192,0.07398692213925943,0.3305479539037107
molformer,MoLFormer,False,P09874,Other Enzymes,5,scaffold_excluded,20,True,940,944,18,18,26.99,26.222222222222225,8.158756486585895,5.2444444444444445,41.77777777777778,0.6165591727957637,0.6252013550904332,0.09124774074717587,0.4571304577967827,0.8196275259618125,0.8954764464829799,0.9318454523638109,0.06917946642082864,0.7817974562035037,0.972704266088214,0.3951431739497214,0.3851771363573017,0.10562005562404764,0.21924970419378975,0.646282698782806
molformer,MoLFormer,False,P10721,Kinase,5,scaffold_excluded,20,True,1017,1017,20,20,44.60931818181819,50.85,9.944237447860019,23.113636363636363,50.85,0.6782218206575856,0.7267207182847892,0.12309934563278523,0.43169492261199016,0.8016525166683302,0.8292527582748244,0.8269809428284854,0.027973228119671647,0.7837011033099298,0.912938816449348,0.6131077123301611,0.6743138265134487,0.14234533218108578,0.3149919524912864,0.7499084902552358
molformer,MoLFormer,False,P11362,Kinase,5,scaffold_excluded,20,True,1243,1245,25,25,34.85138461538462,36.36153846153846,8.553845107913604,15.323076923076922,45.96923076923076,0.5435696025626482,0.5623103837874885,0.10225813374454905,0.27710479926941745,0.6983449348098232,0.8942353280034455,0.8929836065573771,0.02636694382997897,0.8358360655737704,0.9332676518883416,0.4359012759464117,0.4456074287875925,0.10830529099167191,0.16851540436364015,0.6130196680173619
molformer,MoLFormer,False,P11802,Kinase,5,scaffold_excluded,20,True,1033,1044,20,20,9.698409090909092,9.472727272727273,6.245382802783651,0.0,23.727272727272727,0.3973299412859848,0.42143568081049637,0.07761197217216856,0.25622478156823136,0.5174492330237227,0.8690703808082245,0.8684686888454012,0.017610444445717178,0.82744140625,0.9082758620689655,0.1745570257065261,0.17798302921880432,0.0591102602422625,0.0885210567992949,0.2561125197345151
molformer,MoLFormer,False,P14416,GPCR,5,scaffold_excluded,20,True,2820,2856,65,65,10.215490716180371,9.781432360742706,4.468593051904865,1.5151193633952256,19.696551724137933,0.246795645836557,0.24409478348606883,0.041850562828914056,0.18317464665754166,0.37328062483628294,0.6695868711270723,0.6658330102470136,0.028742260358332872,0.6275004823195435,0.7329398460986843,0.12154711562159162,0.11620966431102388,0.04871932350075372,0.06149114175044588,0.24256328617591208
molformer,MoLFormer,False,P14780,Peptidase,5,scaffold_excluded,20,True,1248,1347,28,28,23.1180828100471,21.942602040816325,5.805801189512577,13.714285714285714,34.28571428571429,0.5294889760958434,0.5483715086193488,0.07506562993455733,0.34607383724122065,0.6252813155646701,0.8770555008009919,0.8795489006823352,0.03979511909900544,0.8085129427055128,0.9332557132026428,0.3575539557574397,0.36596085407239903,0.06427487631036252,0.19294098359896342,0.4504802201523307
molformer,MoLFormer,False,P15056,Kinase,5,scaffold_excluded,20,True,922,928,17,17,25.87529411764706,24.491176470588236,8.739829600929712,5.4529411764705875,38.211764705882345,0.4588947019299555,0.43523151041568287,0.12430936160295032,0.22924894708563281,0.6720404641187114,0.836635752659283,0.8334195216548157,0.038005018976090335,0.7522438173952346,0.8968965069471496,0.30319347192899004,0.27542909813691896,0.11667728614025137,0.12055676070438277,0.5289166827294883
molformer,MoLFormer,False,P20309,GPCR,5,scaffold_excluded,20,True,806,815,14,14,38.05912698412699,38.78571428571428,10.238349779966066,6.4682539682539675,51.74603174603174,0.636028136149878,0.6432689769419629,0.06885343751006101,0.443540831284049,0.7666575401318483,0.9184205104834653,0.9207197709412354,0.02459172668277152,0.8604505632040049,0.9501515962190119,0.4829502159003597,0.5177611037930057,0.12968273219541088,0.2025892682565106,0.6967172993516066
molformer,MoLFormer,False,P21453,GPCR,5,scaffold_excluded,20,True,1244,1259,26,26,21.720710059171598,22.28698224852071,4.737345086125745,14.733727810650887,29.79881656804734,0.5073692333987296,0.5086414053441586,0.06715774324378958,0.34361813605704394,0.6443215596298937,0.9156843731154334,0.9079445128389078,0.01986843724023729,0.884115884115884,0.9518443912879264,0.3376756775357752,0.34369243781639663,0.067704034182715,0.1617146358405345,0.45898948158680575
molformer,MoLFormer,False,P23458,Kinase,5,scaffold_excluded,20,True,1113,1132,23,23,29.68188405797101,34.82971014492753,13.402431451776792,12.097826086956522,49.21739130434782,0.6149064181130827,0.6250744722572016,0.09011699649928626,0.3732908450783731,0.7403137327163756,0.8838683426874938,0.8761774802311737,0.02854354384516801,0.8362870195337114,0.9364701211038317,0.4357580328484877,0.4645254213857706,0.15612490732607884,0.1597224427637986,0.67329932195247
molformer,MoLFormer,False,P27487,Peptidase,5,scaffold_excluded,20,True,1229,1266,26,26,12.480473372781068,14.887573964497044,7.09947238465446,0.0,22.47337278106509,0.28821951971541065,0.3109709632639577,0.08341386708911191,0.12994248892889973,0.4023283856466376,0.7091350397370293,0.7022642679900744,0.04263014757954753,0.6083189462241831,0.790818858560794,0.16749714225529724,0.2060385997508869,0.08443235867021469,0.04205999586272632,0.27367174867098587
molformer,MoLFormer,False,P27986,Kinase,5,scaffold_excluded,20,True,917,917,17,17,53.941176470588246,53.94117647058824,7.105427357601002e-15,53.94117647058824,53.94117647058824,0.8679314006485553,0.9024835149619166,0.06695024630636076,0.7750668159385173,0.9759468881876592,0.9375130718954248,0.9493137254901961,0.027105698678508545,0.8901307189542484,0.9981045751633987,0.8441867014200775,0.8742470959437597,0.07061561446720535,0.7346414407259434,0.956767065114816
molformer,MoLFormer,False,P28223,GPCR,5,scaffold_excluded,20,True,1254,1267,28,28,21.561126373626372,22.625,8.582708917954502,6.89010989010989,34.807692307692314,0.3886156855263284,0.4149677312329587,0.08239837269273467,0.21980232045997672,0.4949543757268015,0.7531564037122577,0.7500144125446788,0.03323662901905289,0.6804649265905384,0.8114839156001383,0.27402068002052843,0.2862498187064362,0.09433555436494458,0.11224518149862786,0.416439452999016
molformer,MoLFormer,False,P28335,GPCR,5,scaffold_excluded,20,True,1055,1068,20,20,9.211590909090912,9.70909090909091,6.111594872903133,0.0,19.400000000000002,0.190177161183852,0.1922352106650021,0.08251850246101057,0.010101463391890822,0.32579548261042224,0.5995305880251549,0.5869763093977136,0.08739136468571804,0.44518129770992365,0.763444976076555,0.10587449342557327,0.09562792664275728,0.060547673072442666,0.01755636999068651,0.24882760892046138
molformer,MoLFormer,False,P28482,Kinase,5,scaffold_excluded,20,True,749,750,13,13,44.70192307692308,50.44711538461539,13.410638316067539,7.211538461538463,57.6923076923077,0.7099366058808998,0.7388100020019043,0.1475668854018838,0.3432947479528505,0.9715172428714907,0.9206032135045359,0.936763643964731,0.060934578574478496,0.7553491284834568,0.9982232441471572,0.6099758804293751,0.6540324672512414,0.1726721717342548,0.15894220974741258,0.9220525991036825
molformer,MoLFormer,False,P29274,GPCR,5,scaffold_excluded,20,True,2121,2146,48,48,11.271969696969695,12.1875,3.2456290885630876,4.064393939393939,18.289772727272727,0.2390584074054006,0.23219339518921067,0.059086769021446106,0.13205971663863347,0.3507161135370258,0.6283344049888521,0.6484300524308866,0.08498514897569466,0.3747418176040674,0.730894502700985,0.14813863517222187,0.15243707167004117,0.03969868217559622,0.07120900040516319,0.2146653555552948
molformer,MoLFormer,False,P29597,Kinase,5,scaffold_excluded,20,True,673,677,12,12,36.60059523809524,40.17857142857143,11.223223661775833,8.035714285714285,56.41666666666667,0.5542132567898729,0.5624674495642246,0.1352256179960187,0.10289130915521331,0.7084178331712131,0.8597358591273079,0.8699248120300751,0.04851554838982074,0.6990950226244343,0.9248366013071896,0.46480636464388364,0.4724026333295652,0.11931421925350853,0.1104911280772904,0.6567967111346942
molformer,MoLFormer,False,P30542,GPCR,5,scaffold_excluded,20,True,1792,1803,39,39,13.251420752736541,14.59514170040486,4.989680903772055,2.4331983805668016,24.331983805668017,0.23914960726389584,0.2294821079782981,0.07674765214237052,0.08078110338567145,0.3833478104942094,0.6337170673610052,0.6412952216030858,0.06035751693229004,0.5106970926596563,0.747732426303855,0.1406358100262799,0.13832296128124583,0.05976220579349135,0.029894193244183208,0.27300150744347723
molformer,MoLFormer,False,P31645,Other Proteins,5,scaffold_excluded,20,True,1384,1393,30,30,10.106785714285715,9.950000000000001,4.255280318232242,0.0,16.583333333333332,0.23878327991585926,0.23750779707245512,0.08353295221717463,0.024248309484590447,0.39865397364450855,0.6880062678635122,0.692152543836918,0.06175695545138547,0.5330394317903502,0.7945952555637075,0.12038201206029822,0.11411642051167092,0.04671989094947751,0.022006370679792178,0.21763040444350248
molformer,MoLFormer,False,P34969,GPCR,5,scaffold_excluded,20,True,796,806,15,15,20.531296296296297,23.881481481481483,7.70901183533702,0.0,35.82222222222222,0.38213974159348896,0.3757852411504543,0.1050782986207157,0.052456343992298725,0.5757802826623133,0.824667231061348,0.8209594385837686,0.04552616414042729,0.6970080067425201,0.9007163927517909,0.24425100971094488,0.2569708498884229,0.08616304338402181,0.034340335461632066,0.43806614641519454
molformer,MoLFormer,False,P34972,GPCR,5,scaffold_excluded,20,True,2856,2862,65,65,8.270344827586205,9.095490716180372,3.051350968161381,1.5177718832891247,16.683819628647218,0.15785275296630072,0.1666964610815017,0.04963846498287881,0.036515795130140555,0.2438169793936909,0.4858061545926421,0.48507354757111165,0.08577327510809331,0.30162870034114675,0.6813383678306645,0.062127855455816394,0.06225355912781726,0.020637256889212793,0.01618805114109698,0.10906216378311699
molformer,MoLFormer,False,P35372,GPCR,5,scaffold_excluded,20,True,2446,2469,56,56,13.991,14.082857142857144,5.750060453985661,5.265,26.453571428571426,0.3947914912967295,0.41137439346034266,0.066830349002215,0.2685416670485294,0.49789363836569617,0.8281335990251828,0.8445056796924189,0.05173557497350126,0.6895644310027872,0.8887203244331301,0.2236837729971684,0.23120603002368745,0.07183205317077204,0.1053473037010996,0.3388057741902523
molformer,MoLFormer,False,P35462,GPCR,5,scaffold_excluded,20,True,933,933,17,17,52.68705882352941,54.88235294117647,4.390588235294118,38.417647058823526,54.88235294117647,0.8839753961660236,0.9138858334835194,0.08293160439831057,0.6660224705158097,0.9835130645541966,0.966520035961983,0.9696249678910867,0.018433204257889888,0.9352042126894425,0.998779861289494,0.8401682257319919,0.8762112920731173,0.11383393597756618,0.5437749223295588,0.9689542483660132
molformer,MoLFormer,False,P36888,Kinase,5,scaffold_excluded,20,True,981,983,16,16,8.595937500000002,6.14375,4.910628728759561,0.0,18.412499999999998,0.16053813170440231,0.15256337646678808,0.06074852793580546,0.06454227848036204,0.28595490945452673,0.6062580139362643,0.631146480331263,0.07234364813538456,0.4602096273291925,0.7047101449275361,0.08244531035852536,0.07019611395928413,0.04165568664338097,0.020661899315769366,0.16599934306758268
molformer,MoLFormer,False,P41143,GPCR,5,scaffold_excluded,20,True,2387,2393,53,53,20.11819968553459,17.86045597484277,6.318406977952645,9.406446540880504,30.10062893081761,0.5187316442501057,0.5347501671231207,0.13412338995057788,0.20976762897143847,0.7305776024861598,0.87334667047999,0.9105305595871633,0.09373272851365641,0.5685669265888248,0.9551987841748719,0.30782713089997943,0.28801255479310606,0.115235637945046,0.11856389583997298,0.5305682971677277
molformer,MoLFormer,False,P42336,Kinase,5,scaffold_excluded,20,True,2399,2399,54,54,35.17052469135802,37.02160493827161,8.622935019304391,14.80864197530864,44.425925925925924,0.5517796356677698,0.6066573202030431,0.13886630963344654,0.23221443947141424,0.7793737483240871,0.7828512200900261,0.8050146094922215,0.0735025530551035,0.6148700939745716,0.8670299297164968,0.46794870353763385,0.5188881206711281,0.14370239035008486,0.16428255454401566,0.7257828993152452
molformer,MoLFormer,False,P43405,Kinase,5,scaffold_excluded,20,True,804,808,14,14,27.851984126984128,25.650793650793652,7.658270516267204,12.80952380952381,38.476190476190474,0.4752703827836666,0.45521020754969027,0.1266586240792566,0.28593874243864903,0.6813797526398923,0.7757358151702388,0.7914017516237231,0.09101494603208497,0.5950875925591474,0.929021797874257,0.33792063623785773,0.3275580080012507,0.11444723955915054,0.16381351239067782,0.5493749831979039
molformer,MoLFormer,False,P45452,Peptidase,5,scaffold_excluded,20,True,994,1010,20,20,21.092954545454546,21.41727272727273,6.527618247850392,4.970000000000001,32.13636363636363,0.4081501640707269,0.40484879732397144,0.08512921930651954,0.22168257081380732,0.5810672395981911,0.8582168865243813,0.8591987119656523,0.043379218664256654,0.7330303030303031,0.9407597535934291,0.2778461061925884,0.28265391662020173,0.08218847811421649,0.07060558173074319,0.4280135658490812
molformer,MoLFormer,False,P51449,Nuclear receptor,5,scaffold_excluded,20,True,1227,1228,25,25,40.233384615384615,45.323076923076925,8.723588658168326,22.67076923076923,49.120000000000005,0.8143670227235192,0.8312471233595586,0.043331907250180664,0.7068088570186295,0.881074220054279,0.9465822285661332,0.9423519681107824,0.014229021283025611,0.9259517871986701,0.9813976705490849,0.6908352114863557,0.7414110218199277,0.11959997773747688,0.44127477346950383,0.8352013925668433
molformer,MoLFormer,False,P78536,Other Enzymes,5,scaffold_excluded,20,True,1235,1249,25,25,20.311230769230768,22.900000000000002,9.912769185403084,3.8430769230769233,38.43076923076923,0.46708353097791616,0.46834500519446953,0.11238921297666277,0.2737268798058689,0.6704109041711163,0.8937056425621049,0.908954248366013,0.03667373677176737,0.8090849673202615,0.9399019607843138,0.27890022513738055,0.24700744552180665,0.12292288934357802,0.09001970161221177,0.4912409791842881
molformer,MoLFormer,False,Q00987,Other Enzymes,5,scaffold_excluded,20,True,895,902,17,17,48.33941176470588,52.64705882352941,7.415362595459869,29.411764705882355,53.05882352941176,0.8740071826595945,0.8765922170706237,0.022225171927591936,0.8264604943964243,0.9183479685335052,0.9740672764540147,0.9717684252504882,0.009028412615254982,0.957793286806248,0.989564639415088,0.795878326694856,0.8230100964137342,0.07222885092960173,0.6137181166043331,0.8810220504176185
molformer,MoLFormer,False,Q05397,Kinase,5,scaffold_excluded,20,True,934,935,17,17,53.33558823529413,55.00000000000001,3.059359950136349,44.0,55.00000000000001,0.8447835859027972,0.8425781492544361,0.039778790075903514,0.7800433892526427,0.9412748856960316,0.9722482447052563,0.9738882481097014,0.010761785152117835,0.9495706779443803,0.9950606196677144,0.7803209408797069,0.7793689902253613,0.05635788652789189,0.6615971262109819,0.8990332164005438
molformer,MoLFormer,False,Q06187,Kinase,5,scaffold_excluded,20,True,1136,1139,23,23,25.16014492753623,24.72826086956522,8.451057450590802,8.246376811594203,45.39492753623189,0.5016526322302596,0.5150918166703835,0.1016139143834331,0.30940856274540857,0.6756516637289491,0.85537451656661,0.8624618009006448,0.04219704504285683,0.7347591913199594,0.9308867071840423,0.3404955829475643,0.32401585662520793,0.11049220496686658,0.12798090795789158,0.5494616327555683
molformer,MoLFormer,False,Q07817,Apoptosis regulator,5,scaffold_excluded,20,True,1056,1058,22,22,43.27851239669422,48.090909090909086,8.625932290201744,21.859504132231404,48.090909090909086,0.8335782482472072,0.8510005304997845,0.0670714361097224,0.657484701786732,0.9348026579312154,0.9670732774335289,0.9672034047034047,0.009967593162485074,0.9487978237978238,0.9896454896454896,0.743781980234375,0.782186453518154,0.12362848927000465,0.4127099713908898,0.9007445022241446
molformer,MoLFormer,False,Q07820,Apoptosis regulator,5,scaffold_excluded,20,True,2091,2091,40,40,52.275,52.275000000000006,7.105427357601002e-15,52.275000000000006,52.275000000000006,0.999822953118041,0.9999999999999998,0.0002980276360601102,0.9990090343561288,0.9999999999999998,0.9999890297415895,1.0,1.844557039299301e-05,0.9999390541199416,1.0,0.9994520476404535,1.0,0.0009238480757259429,0.9968856034316561,1.0
molformer,MoLFormer,False,Q08499,Other Enzymes,5,scaffold_excluded,20,True,803,803,15,15,44.61111111111111,47.58518518518519,10.88689865913457,17.844444444444445,53.53333333333333,0.6785385956980621,0.7262086469416846,0.19457096408594715,0.2509588357027799,0.8832978399186899,0.8623477157360406,0.8782148900169204,0.0925213628521684,0.5743654822335025,0.9512690355329949,0.6300040968207031,0.6727801199639065,0.18981202021015495,0.2268418638448199,0.8433138401559455
molformer,MoLFormer,False,Q14432,Other Enzymes,5,scaffold_excluded,20,True,959,960,15,15,60.465333333333334,64.0,4.747244627734656,51.14666666666667,64.0,0.8251896359103272,0.8639545493317441,0.09221110436216472,0.6003422196378068,0.9030115204757936,0.9258029175260815,0.9329805996472662,0.04627741779426783,0.8100988700564972,0.9903350970017637,0.7751349192884682,0.816334786716429,0.09935287462515068,0.5507787491982843,0.8660662096817047
molformer,MoLFormer,False,Q16539,Kinase,5,scaffold_excluded,20,True,1508,1509,31,31,21.752419354838707,24.338709677419352,8.673773948721951,9.120967741935484,36.50806451612903,0.39777541680959533,0.43930173858368204,0.1128570863667579,0.217010343611064,0.5337621018846362,0.7813122955375561,0.8027303679776507,0.06390903667815157,0.6371949888690034,0.8633288227334236,0.2756909912211246,0.3185434937758406,0.11592940175953893,0.09685510287482087,0.432763558378162
molformer,MoLFormer,False,Q16790,Other Enzymes,5,scaffold_excluded,20,True,985,1114,24,24,23.03767361111111,23.208333333333332,9.397993104699427,7.729166666666666,42.54861111111111,0.44478157769004517,0.4637816255579191,0.11207461445384122,0.1983280953338836,0.6813612247605335,0.801872127883503,0.8133218654434251,0.05460748894220517,0.6969696969696969,0.8737003058103976,0.30250492670678775,0.3229705418607069,0.13061601394974084,0.06480155742036563,0.5824587122303118
molformer,MoLFormer,False,Q92731,Nuclear receptor,5,scaffold_excluded,20,True,886,897,17,17,12.255882352941176,11.712418300653594,7.1059132756857455,0.0,23.45098039215686,0.4235676161643573,0.42400490823546744,0.086402885638163,0.2613983248601574,0.5566406551904789,0.880983745354798,0.883355614973262,0.021962428340125035,0.8369288489883424,0.9174442190669371,0.22103124708382654,0.20321627907405132,0.07412940012675225,0.08198042276129647,0.3306384338881769
molformer,MoLFormer,False,Q96GD4,Kinase,5,scaffold_excluded,20,True,868,870,16,16,23.847916666666663,30.17361111111111,9.633852826046272,6.027777777777778,36.25,0.40544399204396503,0.4613904681684663,0.13216725258961792,0.12808131848833657,0.5726961977771619,0.7669980264098251,0.7759758688744489,0.054083675200424675,0.671326112412178,0.8700966042154566,0.2522315425946031,0.27715743153458683,0.10772036385942291,0.09320426446407708,0.4162374612787003
molformer,MoLFormer,False,Q96RI1,Nuclear receptor,5,scaffold_excluded,20,True,943,964,18,18,17.026666666666664,16.066666666666666,8.983023872907973,5.25,36.75,0.4712159460837306,0.4909711401153245,0.0729823413146516,0.3450521441623095,0.5996771282044291,0.8715446905258057,0.8712414846135776,0.019501054027316247,0.8308668076109936,0.9097443148344527,0.2756020569836114,0.28022804596295714,0.10191011121945673,0.12085050035945495,0.49261679202831715
molformer,MoLFormer,False,Q9NWZ3,Kinase,5,scaffold_excluded,20,True,813,829,12,12,27.102314814814815,30.703703703703702,8.51476440778581,15.055555555555555,38.37962962962963,0.44234290854126257,0.43613768415875764,0.1190473457243935,0.22132530405689413,0.616095366313549,0.7458921468707752,0.7889617145235123,0.0988768339338189,0.496532027743778,0.8822929416564668,0.29908810545076947,0.3128846078540569,0.12958055044097563,0.10401739434945605,0.5119753531654806
molformer,MoLFormer,False,Q9UBN7,Deacetylase,5,scaffold_excluded,20,True,1570,1580,32,32,12.319140625,12.3203125,5.671583617741365,3.083984375,24.578125,0.318880558777033,0.30463463842509586,0.08918301515411596,0.17306845185612688,0.5324899405446454,0.7943048289908591,0.8072395791548416,0.04255671260396084,0.6568354328165374,0.8541531473069436,0.14821325238280264,0.13878974295078428,0.05829606421056593,0.05415404976370434,0.2742394561745312
molformer,MoLFormer,False,Q9Y233,Other Enzymes,5,scaffold_excluded,20,True,775,775,14,14,35.636160714285715,34.598214285714285,16.26852037101657,6.919642857142857,55.357142857142854,0.7170696383109931,0.7130656310934393,0.07664505522865281,0.5743690082919488,0.8538577623940965,0.9514173080533134,0.9506288717852449,0.01538533358402041,0.9234090482447906,0.9786934484700582,0.5589067370640562,0.5173144746836353,0.15681126372257057,0.23876712205943001,0.818013858071665
morgan,Morgan (binary),False,O00329,Kinase,5,scaffold_excluded,20,True,1892,1893,41,41,25.634338896020534,27.930680359435176,11.815219475679156,9.7201540436457,41.31065468549422,0.4046447669656598,0.4242800845274823,0.13298747153314452,0.17380439761278205,0.5894687100457835,0.7087086780537496,0.7153637465100353,0.09379036991843864,0.4818719380498341,0.8287480903966707,0.30044254893704636,0.3296007836422473,0.14156481590989417,0.07879704344674117,0.5200020760722905
morgan,Morgan (binary),False,O14757,Kinase,5,scaffold_excluded,20,True,775,777,14,14,53.03973214285715,55.5,3.9945100189851765,41.625,55.5,0.7927324410983132,0.8006277738291616,0.03419029207064024,0.7454580850010081,0.8610851422767425,0.9232707133052742,0.9194527507804772,0.023839149573510916,0.8892061411720651,0.9702302939524433,0.7415881381852497,0.730952434288415,0.04148038834936565,0.6724216875078943,0.8163223033747447
morgan,Morgan (binary),False,O14965,Kinase,5,scaffold_excluded,20,True,1157,1160,23,23,14.072282608695653,14.695652173913043,8.217409474186262,0.0,29.420289855072465,0.46418231503983565,0.4892991444300727,0.11935015292899584,0.014453691827286456,0.6048006543659266,0.832701337176202,0.8411877208530522,0.06237035405409275,0.6181599174027762,0.9363695460976637,0.21553346538861268,0.19534117575241594,0.09513389337774121,0.02519096596893017,0.4465200495806644
morgan,Morgan (binary),False,O15379,Deacetylase,5,scaffold_excluded,20,True,1208,1212,23,23,44.97558528428094,44.58862876254181,6.40710347451688,32.40133779264214,52.69565217391304,0.7211382128210518,0.7370180624141138,0.041622847163165375,0.6247919745932664,0.7749210151552665,0.845336372663023,0.8417298495369216,0.035337964632353946,0.7892863694734911,0.9183822722784949,0.6272542332925941,0.6473800031765808,0.056876617413663684,0.47289119088164666,0.7138594577302357
morgan,Morgan (binary),False,O43614,GPCR,5,scaffold_excluded,20,True,2189,2209,48,48,17.374186498133508,19.31826416337286,6.992085223424374,2.0009057971014492,31.942028985507243,0.3096918212999597,0.3230337662132561,0.09576382194979834,0.12071422378697833,0.5032481380217494,0.5914383401016685,0.5878905075137493,0.07558317089479359,0.48017691415313224,0.7411089085820894,0.18739979104328794,0.20368262707478568,0.08019561571902782,0.03885808758239155,0.3916709473131669
morgan,Morgan (binary),False,O60341,Oxidase,5,scaffold_excluded,20,True,1110,1115,23,23,42.80615942028986,44.438405797101446,6.8194404874796595,24.239130434782606,48.47826086956521,0.7828780502740516,0.8299373801556749,0.10919639887485871,0.5417166016255216,0.8888488331816923,0.9221326256839836,0.9249283325370282,0.0571025676849727,0.7145843287147635,0.9879757923236183,0.6940363125291047,0.7436460090367332,0.13915056003509266,0.3989785616108411,0.8508386099450871
morgan,Morgan (binary),False,O60674,Kinase,5,scaffold_excluded,20,True,2271,2308,51,51,22.85897863976508,19.799019607843135,13.633689209898657,5.656862745098039,45.25490196078431,0.47559674558183146,0.4490946055696835,0.12413866112994514,0.301424048832141,0.7555747951347955,0.7598783842394067,0.7509491169086154,0.0691656209827567,0.6690991859747887,0.8897721250662427,0.31735662960712263,0.24524623176331056,0.17035519285942016,0.1089463904871076,0.678666391039336
morgan,Morgan (binary),False,O75116,Kinase,5,scaffold_excluded,20,True,1182,1190,24,24,37.32812499999999,37.1875,5.627408981331577,24.749999999999996,45.451388888888886,0.6522162509619454,0.6601341894173383,0.07792730434636676,0.47570695935686186,0.7726479795387414,0.8430883721719156,0.8459722211953629,0.038693023193560834,0.7691451149425286,0.8979525862068967,0.5115887619951657,0.4978183150480414,0.11075115800730156,0.26714591033762847,0.6815668425579349
morgan,Morgan (binary),False,P00519,Kinase,5,scaffold_excluded,20,True,1267,1271,25,25,44.55261538461539,44.9,6.689891652301002,27.375384615384615,50.839999999999996,0.7260888592193722,0.745765782213447,0.14626140439561067,0.390258965657501,0.9045798384736788,0.9215352160730765,0.9322873194221509,0.039831729200265044,0.8340930979133226,0.9756521739130435,0.6613651571457201,0.6920806225866671,0.1492553369651204,0.31168324853187523,0.869662867897649
morgan,Morgan (binary),False,P00533,Kinase,5,scaffold_excluded,20,True,3642,3792,86,86,14.064483746292192,12.76376988984088,5.387622534185467,5.780293757649939,24.367197062423497,0.28754187213124105,0.28366380905483923,0.0644192275974096,0.16770173279741105,0.38350926527879586,0.7299217474310183,0.7335592349135589,0.02754814560910724,0.6747653082995521,0.7767347707372186,0.16147628593479363,0.15266348361643475,0.0526050675997889,0.08784792523876385,0.2513376036223079
morgan,Morgan (binary),False,P00734,Peptidase,5,scaffold_excluded,20,True,4094,4099,83,83,14.631310608286805,14.45430502497796,3.0509377457174374,7.22715251248898,20.47193652659418,0.356585611577609,0.36649382259459606,0.05335373147244078,0.21217030168900614,0.41962526432264785,0.74632712119166,0.7426423822781165,0.04216073261169411,0.6854914678634858,0.8381354101665627,0.17930425485251253,0.18036289577994175,0.0361401819569705,0.100322476150588,0.2410794951558435
morgan,Morgan (binary),False,P00742,Peptidase,5,scaffold_excluded,20,True,2192,2203,51,51,29.812442842749743,30.98849104859335,6.0621599323046365,15.024722932651322,39.43989769820972,0.5007531301424704,0.5113994420415033,0.09813746819468172,0.25766838699974204,0.63728597882711,0.7360669374760346,0.748031926525257,0.058304870418317015,0.6075880166192871,0.8196780339285876,0.3897121979139943,0.4037877312618561,0.0971302528681418,0.17250762450447968,0.5160204107042056
morgan,Morgan (binary),False,P00918,Other Enzymes,5,scaffold_excluded,20,True,2015,2212,49,49,17.841356107660456,17.664596273291927,7.0218171865469525,3.923691215616681,31.40372670807453,0.41411851102838204,0.429824455038162,0.09828591135117216,0.249377855700263,0.6206655435038158,0.841352673788624,0.8462488097667492,0.038683604938735724,0.759829035636446,0.9006198873446744,0.25640805780951426,0.27479054359820615,0.09341005322734033,0.09279233459664607,0.4746347758601705
morgan,Morgan (binary),False,P01375,Other Proteins,5,scaffold_excluded,20,True,1182,1183,24,24,42.60729166666667,41.07638888888889,2.8136633610743407,41.04166666666667,49.291666666666664,0.9757925050740761,0.9716598331794569,0.008389692278911662,0.9662007306487613,0.9953282719227601,0.9986795056013289,0.9984894257004953,0.000428288445416029,0.9981665228645384,0.9997121473805413,0.893883256533712,0.8692221692808917,0.0470427748436639,0.803131431315154,0.9862014374514373
morgan,Morgan (binary),False,P03372,Nuclear receptor,5,scaffold_excluded,20,True,1683,1706,37,37,21.38854442677972,21.41176470588235,7.023193932541542,8.065182829888712,35.86186186186187,0.4554631133239381,0.4429398404937599,0.07037899687785401,0.31509019049523534,0.6026665114798254,0.8640005011719574,0.8676119496111812,0.03340599685652661,0.8011918449306107,0.9198581445435849,0.2866087216756796,0.28715285153033165,0.08289998291378686,0.14496114872201335,0.4862856424470679
morgan,Morgan (binary),False,P03952,Peptidase,5,scaffold_excluded,20,True,1010,1015,20,20,16.36477272727273,18.436363636363637,8.44257924865587,4.590909090909092,27.681818181818183,0.3302027948780439,0.33218144603021277,0.08285979504242445,0.1924311548099984,0.4758484325455611,0.706286585032706,0.6858124500773486,0.09336367123157735,0.5340382678751259,0.8798492462311558,0.22103052885515342,0.24019833545257696,0.10267262051995685,0.05553341658614097,0.3684010058086483
morgan,Morgan (binary),False,P04150,Nuclear receptor,5,scaffold_excluded,20,True,597,598,9,9,35.41666666666666,33.22222222222222,11.387465282900886,11.074074074074073,55.370370370370374,0.5046490791405935,0.5148539408772355,0.12570766413953957,0.290020018917186,0.7006863775588795,0.7520899984215531,0.7894771330528061,0.11410331281204439,0.5287681569515186,0.9678760393046106,0.39944764185014126,0.3853475939960631,0.11490870896732878,0.18394818726881718,0.5923246857757586
morgan,Morgan (binary),False,P06239,Kinase,5,scaffold_excluded,20,True,1129,1130,23,23,37.86521739130434,38.8768115942029,8.478324089322081,20.47101449275362,49.130434782608695,0.6004194829427266,0.6234146269075034,0.13211499464724544,0.347449340032765,0.8184859052533986,0.8799451602504075,0.8687306075959311,0.04215090638864249,0.8203723341581242,0.963571737166647,0.5141481994864241,0.5398041787434584,0.14173731946048765,0.27084385618463963,0.7624275414939494
morgan,Morgan (binary),False,P07550,GPCR,5,scaffold_excluded,20,True,718,746,11,11,52.58920454545455,50.82954545454545,7.95238142235856,40.90909090909091,67.63636363636363,0.7043374903927917,0.6826835388146748,0.08732975130280607,0.5577898477225651,0.8470290841373188,0.9121464294567385,0.9520896261745762,0.06787820046217621,0.8023500309214595,0.9801833044339856,0.6414027751261967,0.6182436061090735,0.09759078148442397,0.4939024687127765,0.832625921040888
morgan,Morgan (binary),False,P07711,Peptidase,5,scaffold_excluded,20,True,1532,1546,33,33,25.26783459595959,26.33522727272727,6.948606546226295,11.674242424242426,35.13636363636363,0.5060915965009061,0.5203576559232832,0.11721681555695629,0.2768428925077931,0.6894944087766386,0.839198567147222,0.8534017710480182,0.05409268994257453,0.7275140254569584,0.9098846555743108,0.35168548231693125,0.34015462552051495,0.12867436135482466,0.15580122285409093,0.5812526435872418
morgan,Morgan (binary),False,P08172,GPCR,5,scaffold_excluded,20,True,720,724,11,11,21.147727272727273,16.454545454545457,10.331997908687553,0.0,41.13636363636364,0.3668684566917698,0.3487341940722364,0.11219868354086095,0.15405124150875937,0.5349633320607392,0.7328461438307893,0.7494262399591993,0.09228491080593128,0.5411832207063624,0.8522886650516385,0.2346502889085315,0.21831780504759624,0.11762922936978149,0.048540504086048604,0.46700933424993957
morgan,Morgan (binary),False,P08246,Peptidase,5,scaffold_excluded,20,True,750,784,15,15,41.95583333333333,45.733333333333334,11.409436001008602,19.6,52.26666666666667,0.6987998097812145,0.690365677960068,0.07454752765269268,0.564986246959474,0.8787080105850924,0.8789574734098234,0.8778283485045515,0.03427419299642895,0.7974859124403988,0.9474208929345471,0.5914175855199129,0.6175184581827591,0.13335005369580527,0.31834627536433446,0.840407145597019
morgan,Morgan (binary),False,P08253,Peptidase,5,scaffold_excluded,20,True,2074,2239,50,50,22.06255900621118,22.353478260869565,6.338365925615071,9.626086956521739,31.151304347826084,0.4812319997980034,0.4975742370734655,0.07654398001675794,0.31871168860197524,0.5848480773184794,0.8681631653837009,0.8801331609029511,0.046050715328249225,0.7067231897341888,0.9112328139321724,0.30236534926398767,0.3062657787612505,0.08638331567580515,0.12528265877631195,0.42853593154140696
morgan,Morgan (binary),False,P08581,Kinase,5,scaffold_excluded,20,True,1006,1008,19,19,14.223923444976077,16.861244019138752,8.136158670141924,0.0,28.9377990430622,0.33353865512192854,0.34639858026749104,0.09245534518884994,0.09144374971388054,0.47197576256229823,0.7847565744384842,0.7943031238358789,0.06362208293605524,0.6380182002022244,0.8841200574743228,0.1954086325906431,0.21104452906631943,0.09003464103115173,0.03301911586790185,0.37753188848231334
morgan,Morgan (binary),False,P08908,GPCR,5,scaffold_excluded,20,True,1335,1335,28,28,14.984693877551019,13.622448979591836,4.361311661720843,6.811224489795918,23.83928571428571,0.44426195466930335,0.4392314208417232,0.07465721106291066,0.3221977574022454,0.6275607060456556,0.852226336211608,0.8670756366816046,0.03857044973866932,0.7350939993441906,0.9004399387911247,0.2357368105681014,0.23140898885759065,0.06050036587900333,0.10685459482356027,0.3642359399987087
morgan,Morgan (binary),False,P09874,Other Enzymes,5,scaffold_excluded,20,True,940,944,18,18,21.357222222222223,22.238888888888887,6.10592332832292,10.488888888888889,31.466666666666665,0.5632467149997241,0.5940363378225977,0.09586052076412191,0.3994812371043795,0.6985008929985136,0.8629664626829852,0.8834593232541397,0.06136005561136706,0.7496685948421307,0.9595685707399373,0.3130715410729076,0.3261060316510647,0.07875403156977775,0.17615501910091963,0.447020033259439
morgan,Morgan (binary),False,P10721,Kinase,5,scaffold_excluded,20,True,1017,1017,20,20,49.69431818181819,50.85,2.4786613601760443,41.60454545454545,50.85,0.8448931953541644,0.8426687555949932,0.03797724495912774,0.7815056737876016,0.9095210348950598,0.8910155466399198,0.8910606820461384,0.02992768691221387,0.8332748244734203,0.9349047141424274,0.7990941472445587,0.8066707694723207,0.046279699531520994,0.7091739951582784,0.8828133125516174
morgan,Morgan (binary),False,P11362,Kinase,5,scaffold_excluded,20,True,1243,1245,25,25,33.32,36.36153846153846,9.311858698779503,3.8307692307692305,42.138461538461534,0.5597417177138914,0.5815044852949119,0.1405722373765906,0.15768969664819582,0.7431585814106654,0.8402194715873913,0.8293196721311475,0.06660985749081386,0.7131855500821018,0.9352295081967212,0.45147887634674755,0.4673173994649272,0.13014286710580128,0.08316409220253344,0.6092352127275117
morgan,Morgan (binary),False,P11802,Kinase,5,scaffold_excluded,20,True,1033,1044,20,20,21.058181818181815,21.252272727272725,7.84633482894618,4.731818181818182,37.96363636363636,0.5311569946021789,0.5456927132201703,0.07366567726932931,0.31828873039201977,0.6192043812998422,0.8999341270351188,0.903580156402737,0.013573020087544664,0.8679802955665024,0.9307974559686889,0.31681601314127883,0.33404137614128854,0.0909608740633983,0.1430585794769464,0.507437147568684
morgan,Morgan (binary),False,P14416,GPCR,5,scaffold_excluded,20,True,2820,2856,65,65,12.331671087533156,12.120954907161805,3.153217676469924,4.545358090185676,18.181432360742704,0.2486396152930173,0.24303174264500368,0.04878383153202304,0.13115927579148645,0.34773081755170876,0.6340281733566958,0.6400153581947279,0.03987729073895527,0.5630085224922085,0.6998153405175978,0.14103301592826784,0.12739277771274937,0.04377697098128751,0.06421753788702214,0.22855125829127962
morgan,Morgan (binary),False,P14780,Peptidase,5,scaffold_excluded,20,True,1248,1347,28,28,23.30749607535322,24.026785714285715,5.248247161676367,13.714285714285714,34.36224489795919,0.5102978720758528,0.5170333766555131,0.07708096765212748,0.2976929857464035,0.6148697196485241,0.8628803644547907,0.8703904526177416,0.03580725653021074,0.7653660781977689,0.9162745098039216,0.3375795673190839,0.3435430223568779,0.0788721013867449,0.15348178035123833,0.47844596422431057
morgan,Morgan (binary),False,P15056,Kinase,5,scaffold_excluded,20,True,922,928,17,17,32.961764705882345,32.66470588235294,11.480790862285115,16.358823529411765,49.07647058823529,0.5484858723505802,0.5636852426939734,0.13804429747117802,0.306307715410595,0.7864127256453515,0.81165106387879,0.8101180887879901,0.0807225634181062,0.6713049654548977,0.9470588235294117,0.40935257965006633,0.39669999021764557,0.14885379845838653,0.17488148227453593,0.6868791440930277
morgan,Morgan (binary),False,P20309,GPCR,5,scaffold_excluded,20,True,806,815,14,14,37.72420634920635,38.595238095238095,11.790462908196995,0.0,58.214285714285715,0.6076576427788669,0.6339555815777416,0.09320674012399446,0.3689784487169495,0.7629675017116774,0.896041662184239,0.8956011458890671,0.0324837025312407,0.8430627570177007,0.9510995887716789,0.4853589968590916,0.48923028497898136,0.13077028093531867,0.1233853048544453,0.7118588257334816
morgan,Morgan (binary),False,P21453,GPCR,5,scaffold_excluded,20,True,1244,1259,26,26,19.86819526627219,20.366863905325445,5.040619074326402,7.449704142011835,26.07396449704142,0.3995204126903998,0.411095458738048,0.07509786954812374,0.217023047656033,0.5266417664801885,0.8136335997458393,0.8241348287172221,0.06207726418587354,0.6920893380747395,0.9165362708894036,0.25010883834867875,0.25248147682542754,0.05359964111251394,0.11784235003611569,0.34899251288738126
morgan,Morgan (binary),False,P23458,Kinase,5,scaffold_excluded,20,True,1113,1132,23,23,44.32463768115942,45.07608695652174,2.6683672999549786,36.91304347826087,49.130434782608695,0.7558693974848444,0.7687911015288851,0.07307647515006693,0.6137929523591444,0.8541201814244176,0.8979415837233781,0.9160892729503637,0.053414797880292554,0.7438631632693138,0.9580107206670638,0.6770356897979998,0.6917740744437461,0.07084016885092351,0.5571763770786007,0.8006313209501428
morgan,Morgan (binary),False,P27487,Peptidase,5,scaffold_excluded,20,True,1229,1266,26,26,14.910650887573969,18.45414201183432,6.613662870970092,3.6360946745562135,22.47337278106509,0.30214567132682013,0.3102741306793291,0.0802547582505626,0.16800039621241417,0.41167730182675366,0.6702108648939177,0.6735383317926011,0.06435649813662327,0.5401985111662531,0.7733870967741936,0.18101521217489683,0.20863648878176294,0.08560112912923955,0.05129985633723205,0.27842879864918313
morgan,Morgan (binary),False,P27986,Kinase,5,scaffold_excluded,20,True,917,917,17,17,53.941176470588246,53.94117647058824,7.105427357601002e-15,53.94117647058824,53.94117647058824,0.9232216208113992,0.9330914770272725,0.03579288638976432,0.8633623926954437,0.9999999999999998,0.94965522875817,0.9455555555555555,0.012730779937098355,0.94,0.9999999999999999,0.8986364355955547,0.903886556309034,0.048422546466337146,0.8179882840760172,1.0
morgan,Morgan (binary),False,P28223,GPCR,5,scaffold_excluded,20,True,1254,1267,28,28,23.992307692307698,24.365384615384617,8.738962305242136,6.89010989010989,38.28846153846154,0.37272028345302116,0.3739047869486314,0.10869398107884654,0.17299819658250315,0.5487534912278069,0.6538633231584999,0.6568805488297014,0.047601186532091395,0.5703476305776548,0.7685489450017295,0.2859629800563794,0.2852472004641614,0.10451883941471761,0.08998123807704458,0.45474478264734747
morgan,Morgan (binary),False,P28335,GPCR,5,scaffold_excluded,20,True,1055,1068,20,20,9.21159090909091,9.70909090909091,5.712991298474582,0.0,19.400000000000002,0.1633263821499007,0.12909801527240367,0.07982364846643253,0.045840101514883706,0.30692002601750035,0.5584988582499497,0.5585046698309237,0.09056825650251682,0.3968988549618321,0.7267464114832536,0.10170299127432894,0.09595295035546808,0.06024548452019734,0.020031269117479385,0.2347993620992642
morgan,Morgan (binary),False,P28482,Kinase,5,scaffold_excluded,20,True,749,750,13,13,46.50384615384617,50.41346153846154,5.7909697798489885,36.057692307692314,57.61538461538462,0.7942824070783068,0.7944068126087986,0.0783849265374802,0.6398933255538596,0.9242582374791178,0.9451844832446918,0.9425804666618263,0.035598063169511224,0.9019413422398497,0.9929026197682914,0.6985924098993913,0.6806986385298711,0.08286986909820684,0.535107438747019,0.8896251621681486
morgan,Morgan (binary),False,P29274,GPCR,5,scaffold_excluded,20,True,2121,2146,48,48,18.888541666666665,18.289772727272727,4.1255431902718644,12.193181818181817,24.386363636363633,0.3153769703129133,0.3232202469151478,0.06895182778162148,0.16604904504609624,0.4151127605054187,0.6702988054200956,0.6844266364791864,0.10580331296771059,0.3599062599300921,0.7984240943755957,0.22541044923882905,0.23766330407189035,0.04834510363932922,0.11674901895470799,0.29980546998460234
morgan,Morgan (binary),False,P29597,Kinase,5,scaffold_excluded,20,True,673,677,12,12,47.46547619047619,48.214285714285715,12.708140625281397,0.0,56.41666666666667,0.6369758413350535,0.6368389193591875,0.17242695467325797,0.03229285458661835,0.8363243226033825,0.8576953336453904,0.8731444369904368,0.0898692725712447,0.5092383107088989,0.943984962406015,0.5887946815677665,0.6067896699154545,0.1686842453171708,0.019102931109973985,0.7969669219669221
morgan,Morgan (binary),False,P30542,GPCR,5,scaffold_excluded,20,True,1792,1803,39,39,15.473894137052032,14.979082321187587,5.536451395335007,5.1054131054131044,26.76518218623482,0.27272239076082844,0.27137925261941376,0.07952049326325324,0.1322035294262088,0.4044745569780465,0.5911848124945938,0.594227862085005,0.05786122335679849,0.4627819712901959,0.700120646549218,0.17060888276878172,0.16648386912873858,0.06647376675997192,0.06976435683204177,0.29268847620152066
morgan,Morgan (binary),False,P31645,Other Proteins,5,scaffold_excluded,20,True,1384,1393,30,30,8.888095238095238,6.633333333333333,6.073339755218122,0.0,23.066666666666666,0.22672993146296108,0.23049572365016885,0.07348938210938798,0.012683859573366405,0.36411122437556337,0.6467866688374473,0.6528388904869589,0.04986299134434827,0.501200097967181,0.7227072633895818,0.11573335338061311,0.11669412367304305,0.05556556001817276,0.022397780063976556,0.2630917238083986
morgan,Morgan (binary),False,P34969,GPCR,5,scaffold_excluded,20,True,796,806,15,15,17.181296296296292,17.91111111111111,7.362858211025478,0.0,29.85185185185185,0.3644642925940972,0.3761768016928424,0.09065762383239419,0.05079537910962479,0.5050514694127896,0.7466614381920377,0.7579646017699115,0.05460999318388088,0.6635936833119931,0.8715971344289928,0.21229284390589992,0.22190890623591564,0.08358944560505696,0.03205201048311601,0.38168047059963495
morgan,Morgan (binary),False,P34972,GPCR,5,scaffold_excluded,20,True,2856,2862,65,65,10.243262599469498,10.620689655172415,4.1235654754469255,1.5177718832891247,16.695490716180373,0.2573860710047745,0.2826818360847062,0.08086358268031064,0.04522052751312468,0.3616389713912589,0.6589201834758821,0.6715354363191331,0.0971373511197073,0.40198360294926816,0.7635351062952065,0.10963236829103233,0.12145098387949202,0.039892920059627524,0.019163742762778057,0.17336428457846295
morgan,Morgan (binary),False,P35372,GPCR,5,scaffold_excluded,20,True,2446,2469,56,56,20.505928571428573,19.39142857142857,5.9881830917061905,3.51,28.217142857142854,0.4941198656230054,0.4997436034271068,0.09599726439502954,0.28114107747426426,0.6945557533060507,0.8512418174682456,0.8570085796927134,0.04458191480404523,0.7552914202067276,0.931860902255639,0.30204652849282987,0.2992995265118025,0.09350397325277524,0.12207831350850291,0.4912438986055805
morgan,Morgan (binary),False,P35462,GPCR,5,scaffold_excluded,20,True,933,933,17,17,49.94294117647058,54.88235294117647,7.545076100106704,32.92941176470588,54.88235294117647,0.9350662044079906,0.9526221111913971,0.04634842706245709,0.7706338635940825,0.974753172779969,0.9927674672489083,0.9948465193937837,0.0051131756000023405,0.97861546365271,0.9978487027998972,0.8808671830928747,0.9268957107364896,0.10513743490654101,0.5408637242086781,0.9607843137254902
morgan,Morgan (binary),False,P36888,Kinase,5,scaffold_excluded,20,True,981,983,16,16,17.193437499999998,18.412499999999998,7.67159647534128,6.1375,30.71875,0.30394784324463353,0.3154829218093049,0.0814452155000297,0.1719819680852794,0.46065452321732325,0.6986869847500142,0.6969907470598059,0.03869432772763649,0.639557453416149,0.7545889348500517,0.1776255293906853,0.1569502528913471,0.06654533606982806,0.055413155171837696,0.3072578896558842
morgan,Morgan (binary),False,P41143,GPCR,5,scaffold_excluded,20,True,2387,2393,53,53,24.119035639412996,24.45676100628931,5.121558686754025,15.426572327044026,33.863207547169814,0.5583139273902666,0.5824397278919512,0.11669331688393762,0.22168741316082446,0.7177802150681369,0.871238764409985,0.9030720851475569,0.09375595966303982,0.5293967920488061,0.9553942912433478,0.3673049099079111,0.38945859423330387,0.10571316961650547,0.1486864428746727,0.5178397660602274
morgan,Morgan (binary),False,P42336,Kinase,5,scaffold_excluded,20,True,2399,2399,54,54,40.81631944444444,41.64930555555556,4.075530572243308,31.468364197530867,44.425925925925924,0.648530828994317,0.7001792266885474,0.12241653436005147,0.4185050435797511,0.7820501612195769,0.7984525783779516,0.81333214877991,0.08329973340748385,0.6328358208955224,0.9162678670141357,0.5806756672855566,0.6170228599004377,0.12243213175750593,0.345422078394294,0.72630804877068
morgan,Morgan (binary),False,P43405,Kinase,5,scaffold_excluded,20,True,804,808,14,14,32.334920634920636,32.023809523809526,6.56734047749482,19.166666666666664,44.88888888888889,0.6308605074845048,0.6471485814605238,0.11309362617849193,0.40675814966203405,0.784757025073788,0.9025100554087061,0.9321248650593739,0.07757490874055122,0.7090482210583348,0.9712214015492704,0.46283152142670125,0.4935974795453252,0.11396700357919204,0.25830839075414846,0.6018667263490708
morgan,Morgan (binary),False,P45452,Peptidase,5,scaffold_excluded,20,True,994,1010,20,20,29.46822727272728,30.978181818181817,8.273782892065837,13.772727272727273,41.31818181818182,0.6154732066197075,0.6328581532662214,0.08197752706776341,0.40088800704944266,0.7271555453777823,0.8698792027046647,0.8762071692282165,0.03391600628210774,0.7902525252525252,0.934599589322382,0.46159035895998224,0.4723302405103056,0.0969358986971356,0.1820066825808591,0.5979012905517004
morgan,Morgan (binary),False,P51449,Nuclear receptor,5,scaffold_excluded,20,True,1227,1228,25,25,37.77707692307692,41.56307692307693,11.015124942147693,15.113846153846154,49.120000000000005,0.748115050124548,0.8046274272557221,0.09569997684472142,0.5660841293742568,0.8462323341842355,0.9363914202292383,0.9380938322524249,0.01976357069144373,0.9011471321695761,0.9804991680532446,0.6127384474221576,0.6897799650626282,0.16412285188011846,0.31997789600522786,0.8001546107709187
morgan,Morgan (binary),False,P78536,Other Enzymes,5,scaffold_excluded,20,True,1235,1249,25,25,26.831230769230775,26.901538461538465,10.634341524920057,3.8430769230769233,46.11692307692307,0.5423459383800611,0.5390353444101633,0.13265535161513942,0.25974330297567266,0.735946114389273,0.8260947996819897,0.8756290849673203,0.09941492596197013,0.6248429752066116,0.9343627450980393,0.3713813926295876,0.34982909769572346,0.14243153712300524,0.06968530112930506,0.5971204600160638
morgan,Morgan (binary),False,Q00987,Other Enzymes,5,scaffold_excluded,20,True,895,902,17,17,51.08045751633986,53.0,3.8684101756882137,37.14117647058823,53.05882352941176,0.8760634642390583,0.8815139544234154,0.025695769093993903,0.8429700033553156,0.9257578625388029,0.948362494594724,0.9514665381229129,0.019213247039198984,0.9114656031904287,0.9814556331006978,0.8366285761261235,0.8364502542570847,0.03050589019824215,0.7463121466680452,0.8848619699233236
morgan,Morgan (binary),False,Q05397,Kinase,5,scaffold_excluded,20,True,934,935,17,17,54.71029411764706,55.00000000000001,1.1955900441343685,49.5,55.00000000000001,0.878100924509997,0.8987756282919113,0.07042171724160178,0.7370827711667916,0.9880230365699386,0.9724123439227508,0.9718697936691015,0.013824037367733312,0.9496667948225042,0.9991660786451986,0.830756418672224,0.8440736426963837,0.0841218729300848,0.6612414165813293,0.9745098039215687
morgan,Morgan (binary),False,Q06187,Kinase,5,scaffold_excluded,20,True,1136,1139,23,23,36.5034420289855,37.125,6.311676927838541,24.717391304347828,45.39492753623189,0.6381450058222831,0.6379181590226216,0.07863375862639996,0.4244439512988405,0.8034905047907122,0.8351765869113101,0.8330526886612145,0.0675416654866684,0.6850362969323238,0.9641187470780739,0.5134999013040975,0.5152497405269556,0.08759314684206126,0.3114136360292914,0.6895457076061269
morgan,Morgan (binary),False,Q07817,Apoptosis regulator,5,scaffold_excluded,20,True,1056,1058,22,22,44.37148760330578,48.090909090909086,7.224574093697527,26.231404958677683,48.090909090909086,0.8627510468485721,0.8812111427592808,0.05450843270968855,0.7672754709176522,0.9444889896782788,0.9431941532642695,0.9522639522639524,0.031718283846705164,0.8738811863811864,0.9962267462267462,0.7847304072775068,0.8089313039294064,0.1005861182280032,0.5560609250307594,0.9040551729809202
morgan,Morgan (binary),False,Q07820,Apoptosis regulator,5,scaffold_excluded,20,True,2091,2091,40,40,52.275,52.275000000000006,7.105427357601002e-15,52.275000000000006,52.275000000000006,0.9894884564449663,0.98867871273811,0.0055047306545335925,0.9802480963194106,0.9999999999999998,0.9988731106777182,0.9990065821550463,0.0008844712968337999,0.9964163822525597,1.0,0.9845004232787454,0.9825737350504614,0.006740421046282285,0.9767925359976491,1.0
morgan,Morgan (binary),False,Q08499,Other Enzymes,5,scaffold_excluded,20,True,803,803,15,15,44.75981481481482,53.53333333333333,12.171014346649068,17.844444444444445,53.53333333333333,0.6538275760696232,0.6807093283418378,0.1917574987193411,0.2765983983285329,0.871800384012463,0.7784560067681896,0.8123730964467005,0.15191825793310385,0.3873942470389171,0.9303722504230119,0.6066957800277274,0.6297634062121977,0.20352349903918895,0.2224566451291342,0.8208410828291097
morgan,Morgan (binary),False,Q14432,Other Enzymes,5,scaffold_excluded,20,True,959,960,15,15,60.784333333333336,64.0,5.161363418064391,44.800000000000004,64.0,0.8230106961170398,0.8518382465197604,0.07239145212874479,0.6813964719371154,0.9238990195308191,0.9283650382626372,0.9329439997907513,0.04758739282321148,0.823340395480226,0.9885361552028218,0.7638582486530086,0.7785785255751674,0.08454690839730777,0.5687550379893878,0.8936409532815963
morgan,Morgan (binary),False,Q16539,Kinase,5,scaffold_excluded,20,True,1508,1509,31,31,29.661794354838708,30.423387096774192,6.794255822571077,15.211693548387096,36.50806451612903,0.5221691879653086,0.517624924829095,0.09496734021246997,0.3220248458203532,0.6700740661564392,0.7988419128072379,0.8077393164258588,0.07140109370938029,0.6157732768780828,0.9111811951634728,0.3787407386758923,0.4108102682636874,0.10799863493642986,0.18807247699513846,0.5264846636390969
morgan,Morgan (binary),False,Q16790,Other Enzymes,5,scaffold_excluded,20,True,985,1114,24,24,31.016493055555554,34.8125,11.27134969555727,7.729166666666666,42.54861111111111,0.5861720002488845,0.5884519130491154,0.12743378974860808,0.22834853100185645,0.7636829536561835,0.8793132877955369,0.8939314257391823,0.05488434037510977,0.75,0.9519113149847094,0.43894058844200073,0.46710833746205677,0.16370785314686506,0.07095590045374067,0.6478098524011451
morgan,Morgan (binary),False,Q92731,Nuclear receptor,5,scaffold_excluded,20,True,886,897,17,17,15.17908496732026,17.480392156862745,7.69917146399564,0.0,23.45098039215686,0.34522164647889747,0.38272051503720345,0.09910490529472728,0.10769356478104399,0.47350992274774967,0.8530653771560018,0.8651140812359694,0.032983075928412146,0.7759024064171124,0.8901035673187572,0.21021695958302708,0.23935116423903052,0.07911548119605481,0.051823620472343644,0.33496711549112035
morgan,Morgan (binary),False,Q96GD4,Kinase,5,scaffold_excluded,20,True,868,870,16,16,33.40625,37.76041666666667,9.879781450050988,12.083333333333334,42.291666666666664,0.6491228232342341,0.6763419075752558,0.10292485798403515,0.2623866911800544,0.7580821916166827,0.905447022125925,0.9166148702323229,0.04109996601680364,0.807218309859155,0.9573331381733021,0.456755069866616,0.4860863369299315,0.10050822181164623,0.14856887717053163,0.6054949209122624
morgan,Morgan (binary),False,Q96RI1,Nuclear receptor,5,scaffold_excluded,20,True,943,964,18,18,21.722777777777775,21.299999999999997,8.07908324694771,5.355555555555555,35.00000000000001,0.5502846249068922,0.554563116424647,0.061405031235624984,0.40753847516314495,0.64888375175226,0.8570726893647354,0.8477360817477098,0.025742238348815897,0.8241425886774724,0.9261812183339225,0.3272632758738713,0.34910955153694634,0.07618258453370981,0.20182170376419656,0.49368674437322135
morgan,Morgan (binary),False,Q9NWZ3,Kinase,5,scaffold_excluded,20,True,813,829,12,12,28.262962962962963,23.02777777777778,10.043151240087731,15.055555555555555,53.73148148148148,0.4908287255701776,0.5083487904353586,0.1295033440818872,0.2089592579177567,0.7281226269136741,0.8098609615923055,0.8334718153715444,0.08587630307232205,0.6343329253365972,0.9026073619631902,0.33816163255234755,0.3366519030334486,0.13881153549860226,0.1411113003669242,0.6308775831603396
morgan,Morgan (binary),False,Q9UBN7,Deacetylase,5,scaffold_excluded,20,True,1570,1580,32,32,22.719287109375,21.5810546875,9.645494551109289,3.06640625,36.984375,0.5220254334334397,0.5298857593582558,0.09265797031508338,0.3249165855102646,0.7005831395672725,0.9075117718318328,0.9086674337855297,0.03809221399438427,0.8206874189364461,0.9625121516526247,0.32101315923936874,0.31811505131812845,0.10813638102975297,0.12367605294667497,0.5454046275992722
morgan,Morgan (binary),False,Q9Y233,Other Enzymes,5,scaffold_excluded,20,True,775,775,14,14,46.707589285714285,48.4375,10.913529445607423,13.839285714285714,55.357142857142854,0.738356562803453,0.7414628395255745,0.1047334801422694,0.47625806319871067,0.9189414284494665,0.9366974845128592,0.9256382579312934,0.030350028410162228,0.8883517927538952,0.9862023653088041,0.6482121452107246,0.666829064534961,0.1369054081758189,0.27749395074594724,0.8839477726574501
smi_ted,SMI-TED-Light,False,O00329,Kinase,5,scaffold_excluded,20,True,1892,1893,41,41,17.1301026957638,17.010269576379976,9.76410996462654,2.430038510911425,36.450577663671375,0.2830674013495438,0.28805642868143316,0.11515440850504126,0.08742905246763272,0.506670865373518,0.631419703682669,0.6362437852424072,0.09045527247774698,0.46452088710951905,0.7714617016510523,0.1854157692984588,0.19704108140227483,0.10762840927481573,0.031077149361690606,0.4206518233331108
smi_ted,SMI-TED-Light,False,O14757,Kinase,5,scaffold_excluded,20,True,775,777,14,14,51.99642857142858,55.5,7.429470884763665,34.6875,55.5,0.7932396836336771,0.7985113430204853,0.03623695948762293,0.7393934433124681,0.8694396891941828,0.8992580700558321,0.898394969025718,0.020689513605572113,0.8679086313424452,0.9371128214755022,0.7249644496493917,0.7258260450742704,0.06222787713802148,0.5616319740514748,0.8351583338127839
smi_ted,SMI-TED-Light,False,O14965,Kinase,5,scaffold_excluded,20,True,1157,1160,23,23,14.911956521739128,12.608695652173912,7.567279455837409,4.199275362318841,29.420289855072465,0.3907583716887762,0.4101760551711101,0.1200867941551274,0.08483530010976198,0.5588731643440027,0.8281143759908346,0.8421941658170506,0.05306737180980313,0.6427670069978203,0.893677281077771,0.1882888369891345,0.1871794240143771,0.08620425822213063,0.03219485447936907,0.33055904158705185
smi_ted,SMI-TED-Light,False,O15379,Deacetylase,5,scaffold_excluded,20,True,1208,1212,23,23,46.797324414715725,44.58862876254181,3.268224002232423,40.53511705685619,52.69565217391304,0.617931391763678,0.6163072500612049,0.046183689701069564,0.5436867063561885,0.7362433719969737,0.7571569527910758,0.7582003765410479,0.051002649580592835,0.6765275898636047,0.895952276387059,0.5571236200164071,0.5493269737197826,0.042397406620769094,0.4990118381419296,0.662759315799556
smi_ted,SMI-TED-Light,False,O43614,GPCR,5,scaffold_excluded,20,True,2189,2209,48,48,9.352595932147562,10.18455615942029,4.455619883938116,0.0,15.98550724637681,0.19335459557954954,0.18516958134389255,0.06739269054475094,0.05079795710117358,0.3343599291088822,0.5583499926241599,0.5674184651372043,0.056698252075202744,0.4275462962962963,0.6813157081014223,0.09524003351435814,0.0885983539661051,0.04297409000319752,0.020853763612901845,0.20765744485833523
smi_ted,SMI-TED-Light,False,O60341,Oxidase,5,scaffold_excluded,20,True,1110,1115,23,23,34.52717391304347,36.358695652173914,6.581915660570632,20.19927536231884,44.438405797101446,0.7190024441410385,0.7339257889133083,0.0881023890915292,0.5129591384198094,0.8127182552173011,0.9191453916934899,0.9135212613473482,0.031269909015417555,0.8498566650740563,0.9717709826405478,0.5874177625356456,0.6140038339503591,0.11160332121553175,0.2978469434026507,0.7057044654621933
smi_ted,SMI-TED-Light,False,O60674,Kinase,5,scaffold_excluded,20,True,2271,2308,51,51,17.168993321966468,14.142156862745097,9.876907069535685,5.656862745098039,37.71241830065359,0.3856435709179904,0.3692529108475501,0.10842955548125732,0.18887884577516892,0.5790621225257789,0.7092070439533072,0.6929024914499842,0.061337007891907935,0.6350352280921229,0.8123485105163022,0.2240067049734474,0.1914755149305694,0.12836889543332405,0.06759230470827478,0.4775708012198554
smi_ted,SMI-TED-Light,False,O75116,Kinase,5,scaffold_excluded,20,True,1182,1190,24,24,31.96111111111111,33.02777777777777,6.8829336238308825,12.395833333333332,41.31944444444444,0.569957964593817,0.5666162300857664,0.06326897448699656,0.42088751604312286,0.6736282957853873,0.8320707041439851,0.8380095584176179,0.03968665300723602,0.7737428160919539,0.920389461626575,0.42457633483560525,0.4480836041193381,0.09233031632055637,0.2014891841829776,0.5622912338001487
smi_ted,SMI-TED-Light,False,P00519,Kinase,5,scaffold_excluded,20,True,1267,1271,25,25,29.502923076923075,29.28153846153846,8.937951764888828,7.821538461538461,43.01846153846154,0.5120246285721216,0.5357036160926405,0.11164531813107371,0.25553936564592805,0.673078446550279,0.875658927892929,0.8852979066022545,0.04532710897495636,0.7864526484751204,0.9534510433386838,0.36484942966336875,0.39556297936114054,0.10872791576266808,0.09251729552196838,0.5414150071584715
smi_ted,SMI-TED-Light,False,P00533,Kinase,5,scaffold_excluded,20,True,3642,3792,86,86,9.274329286446791,10.443084455324357,4.511195896550079,1.1603427172582619,16.244798041615667,0.20394784550051487,0.21802207285374547,0.05294041571330563,0.07274644380264826,0.29095466090377387,0.7019989973237505,0.706130222517853,0.03948351251312347,0.5882823579613198,0.749708204169229,0.10547026769675083,0.10686584032360275,0.042362434334394995,0.03148009696039342,0.17628522497675253
smi_ted,SMI-TED-Light,False,P00734,Peptidase,5,scaffold_excluded,20,True,4094,4099,83,83,9.935130766970321,11.440199823684983,3.881294608106516,2.409050837496327,14.45430502497796,0.23003196626716554,0.24392203868417178,0.041452703420665475,0.10761605636834899,0.27181982011348527,0.6833156163223502,0.6852369232148552,0.04377954017702723,0.5793788007035616,0.7748808980943696,0.10268119576309205,0.10158909241579687,0.028779722325424535,0.05179103773701471,0.14678365461076842
smi_ted,SMI-TED-Light,False,P00742,Peptidase,5,scaffold_excluded,20,True,2192,2203,51,51,25.919631093544137,25.883166705417345,9.207604079798516,5.634271099744246,37.5618073316283,0.38610305094943287,0.41369869717943825,0.10573928716135396,0.19044185171620068,0.5464287864519456,0.7067102671150375,0.7184151541657555,0.05316851750185307,0.5947499817770975,0.7968875282454988,0.3109305150686105,0.31648270388042754,0.10689436353456278,0.10525696030054311,0.4614164525702608
smi_ted,SMI-TED-Light,False,P00918,Other Enzymes,5,scaffold_excluded,20,True,2015,2212,49,49,15.697783834030503,17.65661047027507,6.44870933255889,5.8855368234250225,27.478260869565215,0.39609641304526316,0.4076752913947653,0.08568418612119255,0.17609020031690567,0.4935415011066906,0.8221463850077905,0.8261720777076433,0.0415779453561194,0.6775925349335296,0.8697068096433763,0.23973449427777477,0.2538181300458875,0.07861142974743818,0.08274778078240988,0.36201458860139263
smi_ted,SMI-TED-Light,False,P01375,Other Proteins,5,scaffold_excluded,20,True,1182,1183,24,24,42.29930555555556,41.07638888888889,2.6221305414469516,36.96875,49.25000000000001,0.9684138969303895,0.9687276644398338,0.009039551155643496,0.9551312986463507,0.9865717170298575,0.9982165974851765,0.9981844981305723,0.0005029864922813895,0.997447512223181,0.9992084052964882,0.8731304916566648,0.8611780610859133,0.04643969709765451,0.8124059842720854,0.9563493877867866
smi_ted,SMI-TED-Light,False,P03372,Nuclear receptor,5,scaffold_excluded,20,True,1683,1706,37,37,16.020389507154217,15.369369369369371,5.298705156156394,8.065182829888712,28.177177177177178,0.42893997540869355,0.4410943863294864,0.07161499045392938,0.3125940473878262,0.529592642230405,0.8355951353437344,0.8396354197421039,0.024875101571595355,0.7887376559251559,0.886709957410976,0.24574252914024278,0.23356072787461815,0.067759215414807,0.15390138567990905,0.392896416218729
smi_ted,SMI-TED-Light,False,P03952,Peptidase,5,scaffold_excluded,20,True,1010,1015,20,20,11.75590909090909,11.506818181818183,5.922634322161852,0.0,23.06818181818182,0.27511461343967647,0.27827914922779684,0.0853747934091351,0.11968631804811045,0.4178117653421309,0.6570107720239118,0.653073740119831,0.08720917874312407,0.5112286002014098,0.810010060362173,0.16162244415904833,0.1536670595966365,0.07346708913649228,0.03083458535690094,0.28840769937393096
smi_ted,SMI-TED-Light,False,P04150,Nuclear receptor,5,scaffold_excluded,20,True,597,598,9,9,27.116666666666664,22.148148148148145,7.398671005488911,11.074074074074073,44.22222222222222,0.4549604919846928,0.47320491124426894,0.11532804413213561,0.23872180895044834,0.6326183589656865,0.6699854956130726,0.6851702669371842,0.12611893418426512,0.3799283154121864,0.8264478400301829,0.3037194307445081,0.3142238919845225,0.10188937321364253,0.10049668188316396,0.4709653532128685
smi_ted,SMI-TED-Light,False,P06239,Kinase,5,scaffold_excluded,20,True,1129,1130,23,23,24.76467391304348,24.565217391304348,6.400134850250952,16.3768115942029,36.84782608695652,0.455045771330364,0.45419242362138446,0.08231439731915977,0.3323925442566178,0.6310815537530725,0.8440117293171777,0.840213657266693,0.029003191853846196,0.7987263149618681,0.8941518400691254,0.33253811669119243,0.3345662433000697,0.07682093501314481,0.21754004439922212,0.479369799347895
smi_ted,SMI-TED-Light,False,P07550,GPCR,5,scaffold_excluded,20,True,718,746,11,11,38.02954545454546,40.90909090909091,8.766713229432535,24.477272727272727,50.86363636363636,0.5832629093725104,0.5732845365431201,0.10049684140971872,0.3555844398965858,0.8104021458247759,0.8612695365725435,0.8907552250288497,0.07180545099931834,0.7428571428571428,0.9422051345652982,0.47452536165854015,0.4858839232313755,0.10645842815515241,0.2616137793238371,0.6899924815121561
smi_ted,SMI-TED-Light,False,P07711,Peptidase,5,scaffold_excluded,20,True,1532,1546,33,33,19.14962121212121,17.568181818181817,6.028430749492219,8.755681818181818,29.280303030303028,0.39699767816236253,0.40936399136646157,0.0824750091070822,0.22767829357677938,0.49556656322902415,0.8013613095518084,0.8202615064384804,0.051904221310801635,0.6652792021073374,0.8656291934547058,0.2619687472835238,0.25633992472223044,0.07460516396286097,0.1271779569815915,0.37245806813582677
smi_ted,SMI-TED-Light,False,P08172,GPCR,5,scaffold_excluded,20,True,720,724,11,11,15.190909090909093,16.363636363636363,6.49743433153133,8.181818181818182,24.68181818181818,0.23186766931733516,0.22436617653629753,0.07559855686198245,0.10445797108894106,0.3866751781418335,0.605701336903156,0.6092694122147138,0.07098886951596299,0.4214642902936274,0.698166431593794,0.14520869578850487,0.12390750630065928,0.05720738705035773,0.04149418460198599,0.28784458621638986
smi_ted,SMI-TED-Light,False,P08246,Peptidase,5,scaffold_excluded,20,True,750,784,15,15,46.54333333333334,52.26666666666667,8.480646922388779,26.133333333333336,52.26666666666667,0.6782081918687439,0.6731296433357473,0.06759786650411392,0.5443305985888834,0.7956347275848131,0.856349176861902,0.8605442176870748,0.042066068313756505,0.7726051148677937,0.9163415691374078,0.6100283941639717,0.6270373727795859,0.09692127192312072,0.42230795219534917,0.7553634701926351
smi_ted,SMI-TED-Light,False,P08253,Peptidase,5,scaffold_excluded,20,True,2074,2239,50,50,13.018097308488615,12.626086956521739,5.444230504239743,1.9469565217391303,21.416521739130435,0.32689827151470086,0.32846941474554137,0.07691427320849374,0.13029556631928724,0.4642746558079058,0.8059040955460685,0.8060157570621209,0.044056737914136404,0.722878026496117,0.8809319323892187,0.17690757021644235,0.16532088210200574,0.06571185294215012,0.065269689121619,0.30651345172108135
smi_ted,SMI-TED-Light,False,P08581,Kinase,5,scaffold_excluded,20,True,1006,1008,19,19,12.054066985645933,12.043062200956937,5.600700550915007,4.822966507177034,24.114832535885167,0.28033963763342495,0.28436671236756217,0.0808112201627389,0.11489127285822856,0.44175064622182114,0.746988313349473,0.7680272470863712,0.049414569996510796,0.6249268266723431,0.8149646107178968,0.13866130978682295,0.13398731405122194,0.06407312120138414,0.045016343078913314,0.292025911419195
smi_ted,SMI-TED-Light,False,P08908,GPCR,5,scaffold_excluded,20,True,1335,1335,28,28,15.154974489795919,15.325255102040817,4.5019823797569005,3.405612244897959,23.83928571428571,0.31785862514089064,0.3436977724900597,0.0945263453917492,0.1036359873045757,0.46845779414102984,0.7773691113782927,0.8011394687944038,0.07424123180504204,0.6011039457864248,0.8745764564433272,0.17636130631225108,0.1727727074180973,0.05447309128974755,0.03349763596956257,0.2748055853737078
smi_ted,SMI-TED-Light,False,P09874,Other Enzymes,5,scaffold_excluded,20,True,940,944,18,18,18.08222222222222,18.31111111111111,6.522731761281437,5.2444444444444445,36.711111111111116,0.512451265371306,0.5010156579892322,0.0950829618320888,0.35566871832708585,0.7184674104402072,0.8609867609723544,0.8785097192224622,0.0570653643544792,0.7187425005999519,0.960532658471921,0.25155412044189973,0.22195113469163524,0.09344503074468172,0.11724316761562385,0.5455748695978524
smi_ted,SMI-TED-Light,False,P10721,Kinase,5,scaffold_excluded,20,True,1017,1017,20,20,41.14227272727273,46.22727272727273,9.23389049521847,23.113636363636363,50.85,0.6110355339825708,0.6301294067419514,0.12020779747443548,0.33808800457718,0.7899666738227721,0.796722668004012,0.7869859578736209,0.04450884420754189,0.7184052156469408,0.9010531594784353,0.5307917046304717,0.5433064222538994,0.11998659843290062,0.2894778722385683,0.723363635647512
smi_ted,SMI-TED-Light,False,P11362,Kinase,5,scaffold_excluded,20,True,1243,1245,25,25,33.894307692307684,36.36153846153846,9.55772943623805,7.661538461538461,45.96923076923076,0.5577721869726252,0.5646424999744577,0.10737202186615881,0.2632528814148347,0.7147999336516685,0.8631080352095616,0.8744754098360656,0.05350997251476522,0.7090163934426229,0.9322950819672131,0.4386554272330468,0.44360011436989266,0.11905937163806363,0.1164794186394819,0.6072551939353575
smi_ted,SMI-TED-Light,False,P11802,Kinase,5,scaffold_excluded,20,True,1033,1044,20,20,11.824545454545454,9.48181818181818,11.816192000320143,0.0,42.70909090909091,0.4970421679807452,0.49055153849969035,0.09958617690968842,0.3536479638998543,0.7106692109313865,0.8774755858936096,0.8764677103718199,0.020237654570178867,0.8346305418719211,0.91455078125,0.22830136456745356,0.1879008126153915,0.11211724745885376,0.1136417195045692,0.5219874195436486
smi_ted,SMI-TED-Light,False,P14416,GPCR,5,scaffold_excluded,20,True,2820,2856,65,65,8.773740053050396,9.090716180371352,4.399353150475971,0.0,18.181432360742704,0.19014297111230438,0.18819939964754256,0.06069825359516911,0.08778383708423566,0.3391259084030769,0.6159067244447125,0.6272827494970096,0.04400588259312438,0.547690101221833,0.6925924891805111,0.09714247363798739,0.0903892325198736,0.047213307301312055,0.034201322240162715,0.20570681046753944
smi_ted,SMI-TED-Light,False,P14780,Peptidase,5,scaffold_excluded,20,True,1248,1347,28,28,20.055818288854002,20.61734693877551,5.121511572233529,10.285714285714286,30.926020408163268,0.4316316716805565,0.4541630497938999,0.07296382438898676,0.27976531149560946,0.5317109079017173,0.8257869868710142,0.8183282789992419,0.044549673992289616,0.7402523556807105,0.8967108119843682,0.27803259995937474,0.26710622661239936,0.06400573824057543,0.14990078253216277,0.39392710323546054
smi_ted,SMI-TED-Light,False,P15056,Kinase,5,scaffold_excluded,20,True,922,928,17,17,22.33117647058824,21.81176470588235,11.138037184277088,5.4529411764705875,38.17058823529411,0.45687719596679377,0.4585508421444543,0.11384778112838233,0.27702041055495563,0.653928650398913,0.7990444205696909,0.8083490442533512,0.05162905520864308,0.7029734970911442,0.9029346838072977,0.29195091241826754,0.2989464854495843,0.12257599092944166,0.0956433387522427,0.5116606296621711
smi_ted,SMI-TED-Light,False,P20309,GPCR,5,scaffold_excluded,20,True,806,815,14,14,35.158730158730165,32.34126984126984,9.93374942692822,19.214285714285715,51.74603174603174,0.6028715817839038,0.6147116389703146,0.07479193088398109,0.4141549425429591,0.7274055968566886,0.866518645582359,0.8885399413022315,0.0459585764820939,0.777142857142857,0.9226711961380297,0.4449287860220994,0.4761519763351273,0.13427611063576378,0.20648511422696217,0.6445472211350926
smi_ted,SMI-TED-Light,False,P21453,GPCR,5,scaffold_excluded,20,True,1244,1259,26,26,18.569674556213016,18.57248520710059,5.767120041361944,7.384615384615385,29.79881656804734,0.40339519313362615,0.4071785027252727,0.06380848161137428,0.2305043442221468,0.556536743596282,0.8120146097898147,0.8401516905761995,0.06902650086887281,0.7162052117263844,0.9188034188034189,0.23620933370255082,0.24372463334755307,0.055364306933034006,0.11275667018440688,0.3338370797433353
smi_ted,SMI-TED-Light,False,P23458,Kinase,5,scaffold_excluded,20,True,1113,1132,23,23,37.006884057971014,41.01449275362319,9.813658781616546,16.202898550724637,49.21739130434782,0.6630464484780184,0.6677986990722278,0.05954779153513886,0.5528949878730265,0.7867000138100457,0.8985332378934301,0.8974107564348437,0.02915851892896126,0.8586662484808092,0.9562865095856039,0.5317104628013157,0.5371962282550069,0.09959345809357485,0.3689119544741642,0.7370723479548524
smi_ted,SMI-TED-Light,False,P27487,Peptidase,5,scaffold_excluded,20,True,1229,1266,26,26,13.22988165680474,14.98224852071006,7.318639782822954,0.0,22.47337278106509,0.21453149092369608,0.2484431152189101,0.09778217491812821,0.048806273448674026,0.32972451169770545,0.6442659496034622,0.6577388337468983,0.07999374935304614,0.47854722168936636,0.7668009463520685,0.14799518440788229,0.181561480818744,0.08964086242579583,0.02527400398754958,0.26226843267883654
smi_ted,SMI-TED-Light,False,P27986,Kinase,5,scaffold_excluded,20,True,917,917,17,17,51.24411764705883,51.24411764705883,2.6970588235294137,48.54705882352941,53.94117647058824,0.809539949765292,0.787509211247946,0.05800681743283817,0.7244165437180972,0.9101382216401548,0.9264150326797387,0.9315032679738562,0.02446339200476558,0.8842483660130719,0.9837908496732026,0.7424108516790562,0.7162744367891793,0.06425643625596782,0.6299709480230692,0.8404867983139794
smi_ted,SMI-TED-Light,False,P28223,GPCR,5,scaffold_excluded,20,True,1254,1267,28,28,17.906318681318684,19.037087912087912,6.905249039738472,6.89010989010989,31.32692307692308,0.3405792863038163,0.32936023008369314,0.1050766512104219,0.14719604830300242,0.5113066935626795,0.677124935743092,0.6826213536261962,0.06148805167786989,0.5542123048240504,0.7614147353856797,0.21734863145022473,0.2163654488547358,0.09154727329935262,0.05613286819697247,0.39174028593046595
smi_ted,SMI-TED-Light,False,P28335,GPCR,5,scaffold_excluded,20,True,1055,1068,20,20,7.028636363636364,4.854545454545455,5.830941636811402,0.0,19.363636363636367,0.15006217842191796,0.13606067104942335,0.0794913455295928,0.014852682510205256,0.32273206274497945,0.6141166642164475,0.6158204954456613,0.08992277498909927,0.42948473282442745,0.7401623686723974,0.08640170944589845,0.08551144425521628,0.05210027775793216,0.016065611970659963,0.20413327839540335
smi_ted,SMI-TED-Light,False,P28482,Kinase,5,scaffold_excluded,20,True,749,750,13,13,36.77211538461539,36.057692307692314,11.147972632903459,7.211538461538463,50.48076923076923,0.609639180982845,0.6628056292818905,0.1563616467136585,0.09713731803818157,0.800372780606476,0.8631331172882926,0.8882162613505897,0.08096478465748266,0.6382423546602651,0.9577288383258532,0.4668181157342355,0.5018220285249781,0.16524681752379441,0.1002979075642057,0.718417894162575
smi_ted,SMI-TED-Light,False,P29274,GPCR,5,scaffold_excluded,20,True,2121,2146,48,48,13.609848484848484,14.222064393939394,4.687788529917113,6.096590909090908,20.321969696969695,0.2617481498697074,0.2797065537662561,0.06586744269139272,0.13924724369486824,0.37026980313423513,0.6429838176758456,0.6337682713695583,0.07510624501757111,0.44096560216078806,0.7385803940260565,0.1580801333410391,0.1727883915156468,0.04926598468929911,0.07983803167128725,0.23477799205607902
smi_ted,SMI-TED-Light,False,P29597,Kinase,5,scaffold_excluded,20,True,673,677,12,12,30.575,32.19047619047619,15.814266222511327,0.0,56.41666666666667,0.5364462377339433,0.5884449052367311,0.17972430794630434,0.08360902003169911,0.7825161882654861,0.8342923923536842,0.8246091284016981,0.0776581901767595,0.6038210155857215,0.9487468671679198,0.41516778624372985,0.45656539529307316,0.19095233567411193,0.03144569484229382,0.6708710828186726
smi_ted,SMI-TED-Light,False,P30542,GPCR,5,scaffold_excluded,20,True,1792,1803,39,39,12.783562003298846,12.464762333183385,5.425111236310674,2.4331983805668016,21.88663967611336,0.226443526205584,0.22297231422068417,0.06423522099347838,0.09124899202275306,0.33134899148411096,0.6263412436079034,0.6291171235766487,0.05254585569768109,0.47461349389880303,0.7099395313681027,0.13051634812580623,0.12308740998863382,0.05470091190796744,0.0365659115124326,0.2695759588481523
smi_ted,SMI-TED-Light,False,P31645,Other Proteins,5,scaffold_excluded,20,True,1384,1393,30,30,10.10309523809524,9.946428571428573,5.169908194248855,0.0,23.066666666666666,0.2127569899767964,0.20071789241385546,0.0768162779300441,0.0646318196010714,0.3890732427762168,0.662665178470864,0.6873254826799741,0.07741296213248824,0.4602412604628262,0.7649303008070433,0.11253864662274098,0.10894615724097581,0.05120796661869773,0.03053479924665176,0.24949351810542256
smi_ted,SMI-TED-Light,False,P34969,GPCR,5,scaffold_excluded,20,True,796,806,15,15,14.196111111111112,17.91111111111111,7.429751990702453,0.0,23.881481481481483,0.2924121741230637,0.3109810364237584,0.09687842706244076,0.06022219245599575,0.4298441767922789,0.6996091755682932,0.7072903497682259,0.051604006372660965,0.6072482090181206,0.8062368310155921,0.17526093907578982,0.1885424529138504,0.08554614412820714,0.027905177758248433,0.33544991643670347
smi_ted,SMI-TED-Light,False,P34972,GPCR,5,scaffold_excluded,20,True,2856,2862,65,65,7.73970822281167,7.591511936339523,3.179322535308521,0.0,15.16710875331565,0.19651919903635057,0.20625846508789092,0.06810525368215047,0.06395588767292854,0.2791525165835897,0.6422675966096432,0.640262919061632,0.07088558621383738,0.4869924067348961,0.7663760622645142,0.08232447135771866,0.08840402061720487,0.027034759672567243,0.02817206044407867,0.12382328547628367
smi_ted,SMI-TED-Light,False,P35372,GPCR,5,scaffold_excluded,20,True,2446,2469,56,56,14.43217857142857,13.2125,5.699376198747275,5.265,26.453571428571426,0.29318961913482994,0.3046471725608885,0.08049539579334941,0.13958243046005658,0.45174480712850906,0.6749317200900709,0.6937142354002589,0.1070866323161424,0.47582292345035815,0.8338026081802016,0.1794833192071626,0.18321589415936218,0.0648094733031744,0.06994042210228653,0.3093166473290311
smi_ted,SMI-TED-Light,False,P35462,GPCR,5,scaffold_excluded,20,True,933,933,17,17,48.022058823529406,49.39411764705883,8.997191387020244,21.95294117647059,54.88235294117647,0.7808314919207386,0.7891466295935285,0.09079932595896538,0.49155995749969666,0.8847651977139112,0.9494445157975854,0.9464423323914719,0.02566115655534947,0.8932057539172875,0.9827254045723093,0.6949373850079391,0.7233609493807269,0.1307750173256406,0.3563140324793233,0.8582335110549885
smi_ted,SMI-TED-Light,False,P36888,Kinase,5,scaffold_excluded,20,True,981,983,16,16,15.04375,18.412499999999998,6.578697273206908,6.1375,24.575,0.2134312428454031,0.20990260189724053,0.06722969117612522,0.07870735274134895,0.30883068104891953,0.6382022682748788,0.636056906913658,0.05463250779231889,0.5550595238095238,0.7580227743271222,0.10568765461162792,0.09580518802290974,0.0455563457802961,0.044939651681009274,0.2131049057325576
smi_ted,SMI-TED-Light,False,P41143,GPCR,5,scaffold_excluded,20,True,2387,2393,53,53,21.71910377358491,20.694182389937108,7.44348026066013,7.5251572327044025,31.98191823899371,0.37747296019603593,0.3612199270765377,0.09123657616596471,0.2016465157800954,0.5307987798709679,0.7044001458360639,0.7108737126319704,0.10382993126888068,0.4110540988242899,0.8791727140783745,0.25890568903533373,0.246860493147892,0.08933309299239998,0.07955283812904082,0.4159467430015934
smi_ted,SMI-TED-Light,False,P42336,Kinase,5,scaffold_excluded,20,True,2399,2399,54,54,31.375810185185184,33.31944444444444,8.121054229882121,14.80864197530864,42.57484567901235,0.48668600550692453,0.503486088013667,0.10637654129988924,0.24390614068329097,0.6563717318604971,0.7612651030561478,0.7786503987996525,0.04860365278551803,0.6548132354102504,0.8361762615493958,0.39697314877699197,0.41315830891595656,0.10910245129381196,0.18465408917248455,0.5711560413706107
smi_ted,SMI-TED-Light,False,P43405,Kinase,5,scaffold_excluded,20,True,804,808,14,14,26.251190476190477,25.634920634920636,7.822366229139142,12.793650793650793,38.476190476190474,0.4673388527761381,0.4718084522110001,0.1184678944955953,0.27339971411794634,0.6978447756053021,0.8012397265033477,0.8102889079372542,0.06022349597319217,0.6723857684666786,0.8920915150423347,0.3076099525686166,0.2995745400692262,0.11008266141602158,0.1262211432192445,0.4917801651266143
smi_ted,SMI-TED-Light,False,P45452,Peptidase,5,scaffold_excluded,20,True,994,1010,20,20,14.41927272727273,14.341363636363637,5.987709627103873,0.0,27.545454545454547,0.326161484982668,0.32577414830199336,0.0844023595307152,0.153790743179825,0.4431992530838281,0.7203347074440504,0.7040226702341692,0.0442607262435148,0.6312626262626263,0.8223305954825462,0.20722773335884104,0.20957181629392163,0.07044172973995312,0.04835428978923366,0.3339243870238485
smi_ted,SMI-TED-Light,False,P51449,Nuclear receptor,5,scaffold_excluded,20,True,1227,1228,25,25,31.923692307692313,35.88307692307693,15.044145204920936,11.326153846153845,49.120000000000005,0.728956102886572,0.7814313074735135,0.11317262868458142,0.5468314445457187,0.8477424571765453,0.9389205024045543,0.9419879308937861,0.011204980620915525,0.9203657522859517,0.955973377703827,0.5536050102902782,0.6222000647918877,0.21242953413209906,0.23673040108141913,0.8073852550878236
smi_ted,SMI-TED-Light,False,P78536,Other Enzymes,5,scaffold_excluded,20,True,1235,1249,25,25,14.370923076923077,11.524615384615384,10.117680510435315,0.0,34.58769230769231,0.32219489799911194,0.3369564452411935,0.12925222939402947,0.1091263613253863,0.5344983411494046,0.7237108853189682,0.7569347447346342,0.09471545710912821,0.5165359477124183,0.8274509803921568,0.1834100481314313,0.15582220649597217,0.121916561768027,0.027289547051129383,0.4391829003100625
smi_ted,SMI-TED-Light,False,Q00987,Other Enzymes,5,scaffold_excluded,20,True,895,902,17,17,47.987647058823526,52.64705882352941,9.441291533108634,11.76470588235294,53.05882352941176,0.8297586548804281,0.8373227881586238,0.03709350985392621,0.6912035073414191,0.8733645759856128,0.9408869383974728,0.9406837952354024,0.017322301460734067,0.9155201063476238,0.9785310734463276,0.7454388742562984,0.7694852222800663,0.10437858007233208,0.3408743127774683,0.8458727735719676
smi_ted,SMI-TED-Light,False,Q05397,Kinase,5,scaffold_excluded,20,True,934,935,17,17,48.38676470588236,49.44705882352942,4.791131468029724,38.5,55.00000000000001,0.81488125666534,0.8051579839394465,0.04706773409129038,0.7285525108956141,0.924529912075096,0.929753100162382,0.9181724977572727,0.025681404687065194,0.8941432782263231,0.9943549939059595,0.7339346802398923,0.7230479743935849,0.06758302863288708,0.5978004457101522,0.8643395639563582
smi_ted,SMI-TED-Light,False,Q06187,Kinase,5,scaffold_excluded,20,True,1136,1139,23,23,28.871739130434786,28.887681159420293,9.502708189140417,4.1268115942028984,41.268115942028984,0.5196884622333868,0.5398697792680804,0.09005244254282463,0.2851430552507832,0.620059172122924,0.8178212234575067,0.8295737883746299,0.04982331533283725,0.7001129811438367,0.8902105550998086,0.3908633793292689,0.4190703343166621,0.10858451706014006,0.11669480232175142,0.5171402180228374
smi_ted,SMI-TED-Light,False,Q07817,Apoptosis regulator,5,scaffold_excluded,20,True,1056,1058,22,22,42.404132231404965,48.090909090909086,9.590899975426604,13.115702479338841,48.090909090909086,0.7957760110656751,0.8024215416910174,0.08075863831827393,0.5362610845271691,0.9149711631839512,0.9544429804342764,0.9557739557739557,0.016444644662815144,0.9035187785187786,0.9792909792909793,0.6918775023853116,0.7237283024646146,0.1379596217573234,0.29814383781947756,0.8726960002501796
smi_ted,SMI-TED-Light,False,Q07820,Apoptosis regulator,5,scaffold_excluded,20,True,2091,2091,40,40,52.275,52.275000000000006,7.105427357601002e-15,52.275000000000006,52.275000000000006,0.9984195354909294,0.9985470213561898,0.0012632851815048496,0.9959916103229015,0.9999999999999998,0.9999012676743053,0.9999085811799122,7.87971543583387e-05,0.9997440273037542,1.0,0.9952967595082913,0.995742717949482,0.0037907683384409345,0.987984625982384,1.0
smi_ted,SMI-TED-Light,False,Q08499,Other Enzymes,5,scaffold_excluded,20,True,803,803,15,15,40.744814814814816,47.58518518518519,12.229919119664093,17.844444444444445,53.53333333333333,0.6759566848701665,0.728852126228859,0.1987491815990021,0.23182273553973157,0.8780368941392733,0.8744247038917091,0.9274111675126904,0.11522531774493877,0.5857021996615904,0.9685279187817258,0.5945380499393369,0.6352491006234986,0.22067175918003148,0.221423264251048,0.8465777444717505
smi_ted,SMI-TED-Light,False,Q14432,Other Enzymes,5,scaffold_excluded,20,True,959,960,15,15,60.465333333333334,64.0,5.159825836854056,51.14666666666667,64.0,0.793361696546566,0.8247523993174082,0.08626012834134926,0.6201658138470607,0.9040718913953449,0.8825924506023377,0.8970370370370371,0.055801542058873,0.7550141242937853,0.9741093474426807,0.7532932385733064,0.7918535895547633,0.09548882895907186,0.5580909274526354,0.8753261243081601
smi_ted,SMI-TED-Light,False,Q16539,Kinase,5,scaffold_excluded,20,True,1508,1509,31,31,23.425100806451614,27.371975806451616,7.880318757925062,9.127016129032258,33.465725806451616,0.4046757091930977,0.4426495224133309,0.10439265746312076,0.2193481340740585,0.5413433352321453,0.750591698165356,0.7709983907067712,0.07653329795652516,0.5812781003099219,0.8540748177572133,0.2768948120040562,0.32091797760099655,0.10012888150750228,0.10367087062617492,0.40941987512554173
smi_ted,SMI-TED-Light,False,Q16790,Other Enzymes,5,scaffold_excluded,20,True,985,1114,24,24,20.121701388888887,17.40625,8.850528560504113,7.729166666666666,34.8125,0.44708884077077116,0.4010821138848132,0.1069836597797395,0.23503651979080442,0.6409339738897776,0.8508643606687837,0.8568538281059132,0.037725320234650424,0.7383685338230792,0.9031603917967554,0.3004116197380847,0.2795228867622083,0.12472487537165648,0.11868934633047949,0.5378748079244196
smi_ted,SMI-TED-Light,False,Q92731,Nuclear receptor,5,scaffold_excluded,20,True,886,897,17,17,17.221895424836603,17.54901960784314,5.021468062768488,5.862745098039215,23.45098039215686,0.3714207107191592,0.3692470476632217,0.0691754070680465,0.24976099689829692,0.4830143659534071,0.82700586197831,0.8229903118522417,0.019202659679970972,0.8027366020524516,0.8771271606592522,0.2136493522336119,0.21272189038071887,0.05657202813948416,0.11507988768368582,0.31877846438433965
smi_ted,SMI-TED-Light,False,Q96GD4,Kinase,5,scaffold_excluded,20,True,868,870,16,16,18.413194444444446,18.125,7.005535282539615,6.027777777777778,30.208333333333332,0.4051679975517275,0.42756178567677156,0.09769979718449583,0.1163529208842947,0.5185588067384909,0.8266531995937372,0.8370011737089202,0.04048195295355144,0.738070843091335,0.8829958920187794,0.2327900488255672,0.24004400818776955,0.06706149171448418,0.09698005044685654,0.3764147987368914
smi_ted,SMI-TED-Light,False,Q96RI1,Nuclear receptor,5,scaffold_excluded,20,True,943,964,18,18,16.760277777777777,16.041666666666664,9.086001863367139,0.0,31.5,0.43234398274446395,0.4677022307683801,0.0982874134265341,0.20963333259917732,0.5492512660011348,0.8581754830774561,0.8595957665386011,0.024872991193135335,0.795221027479092,0.889652337326756,0.2575507978245088,0.2676517590697696,0.09964408981033783,0.07321370019975278,0.4023137956409527
smi_ted,SMI-TED-Light,False,Q9NWZ3,Kinase,5,scaffold_excluded,20,True,813,829,12,12,22.5125,23.02777777777778,7.770813281232748,7.675925925925926,37.63888888888889,0.3778951875960423,0.37692079405691836,0.11368835247871467,0.1899175497946605,0.5788106745587024,0.7854800837138443,0.8111274360741444,0.09146505344051543,0.5541615667074663,0.8780089759281926,0.2296675739792647,0.21375242109613252,0.10354252180842147,0.08512591543189549,0.46130822333325067
smi_ted,SMI-TED-Light,False,Q9UBN7,Deacetylase,5,scaffold_excluded,20,True,1570,1580,32,32,12.0140625,12.328125,5.32293403916283,3.06640625,21.505859375,0.3039924063362058,0.3089506909036477,0.05600647687691395,0.16568834875502292,0.3949721444684523,0.7901022421167052,0.7946073534932789,0.04380392503210831,0.6825422626788036,0.875181803490627,0.14651873424237452,0.15839246441180177,0.046489834933805776,0.05673096393025724,0.233417305661139
smi_ted,SMI-TED-Light,False,Q9Y233,Other Enzymes,5,scaffold_excluded,20,True,775,775,14,14,40.479910714285715,48.4375,13.359570800570145,13.839285714285714,55.357142857142854,0.7212915604372128,0.7294665539579149,0.0739469582235337,0.5444191615505447,0.8322871701036497,0.9349023840810963,0.933311432325887,0.016716419781692433,0.8998498216632251,0.9648019523183782,0.5745280581328268,0.6209281111939386,0.15824069576111488,0.2368680464573091,0.7863614284908882
