model,display_name,device_class,batch_size,batch_index,batch_rows,latency_seconds
morgan,Morgan radius-2,cpu,64,0,64,0.0063419470097869635
morgan,Morgan radius-2,cpu,64,1,64,0.0065557960188016295
morgan,Morgan radius-2,cpu,64,2,64,0.0065005969954654574
morgan,Morgan radius-2,cpu,64,3,64,0.006277565029449761
morgan,Morgan radius-2,cpu,64,4,64,0.006257597007788718
morgan,Morgan radius-2,cpu,64,5,64,0.005942246993072331
morgan,Morgan radius-2,cpu,64,6,64,0.0062646359438076615
morgan,Morgan radius-2,cpu,64,7,64,0.00646091892849654
morgan,Morgan radius-2,cpu,64,8,64,0.0063918650848791
morgan,Morgan radius-2,cpu,64,9,64,0.005944935022853315
morgan,Morgan radius-2,cpu,64,10,64,0.0061555519932881
morgan,Morgan radius-2,cpu,64,11,64,0.006301530986092985
morgan,Morgan radius-2,cpu,64,12,64,0.006184063036926091
morgan,Morgan radius-2,cpu,64,13,64,0.00593783101066947
morgan,Morgan radius-2,cpu,64,14,64,0.006196415051817894
morgan,Morgan radius-2,cpu,64,15,64,0.005938054993748665
morgan,Morgan radius-2,cpu,64,16,64,0.006072098040021956
morgan,Morgan radius-2,cpu,64,17,64,0.0060632040258497
morgan,Morgan radius-2,cpu,64,18,64,0.006097698002122343
morgan,Morgan radius-2,cpu,64,19,64,0.0059720700373873115
morgan,Morgan radius-2,cpu,64,20,64,0.00599382899235934
morgan,Morgan radius-2,cpu,64,21,64,0.006147423991933465
morgan,Morgan radius-2,cpu,64,22,64,0.005739788990467787
morgan,Morgan radius-2,cpu,64,23,64,0.005735981976613402
morgan,Morgan radius-2,cpu,64,24,64,0.00607427500654012
morgan,Morgan radius-2,cpu,64,25,64,0.006086209905333817
morgan,Morgan radius-2,cpu,64,26,64,0.005693871062248945
morgan,Morgan radius-2,cpu,64,27,64,0.005953607033006847
morgan,Morgan radius-2,cpu,64,28,64,0.005864265956915915
morgan,Morgan radius-2,cpu,64,29,64,0.005854249000549316
morgan,Morgan radius-2,cpu,64,30,64,0.006025251932442188
morgan,Morgan radius-2,cpu,64,31,64,0.00622707000002265
morgan,Morgan radius-2,cpu,64,32,64,0.005797803984023631
morgan,Morgan radius-2,cpu,64,33,64,0.0061679360223934054
morgan,Morgan radius-2,cpu,64,34,64,0.005760523956269026
morgan,Morgan radius-2,cpu,64,35,64,0.006047906936146319
morgan,Morgan radius-2,cpu,64,36,64,0.006067298934794962
morgan,Morgan radius-2,cpu,64,37,64,0.006227837991900742
morgan,Morgan radius-2,cpu,64,38,64,0.005877256975509226
morgan,Morgan radius-2,cpu,64,39,64,0.005992452963255346
morgan,Morgan radius-2,cpu,64,40,64,0.0061512639513239264
morgan,Morgan radius-2,cpu,64,41,64,0.005933959968388081
morgan,Morgan radius-2,cpu,64,42,64,0.005733581027016044
morgan,Morgan radius-2,cpu,64,43,64,0.0060476199723780155
morgan,Morgan radius-2,cpu,64,44,64,0.0060152680380269885
morgan,Morgan radius-2,cpu,64,45,64,0.00556126597803086
morgan,Morgan radius-2,cpu,64,46,64,0.0058455789694562554
morgan,Morgan radius-2,cpu,64,47,64,0.00578113307710737
morgan,Morgan radius-2,cpu,64,48,64,0.0057100619887933135
morgan,Morgan radius-2,cpu,64,49,64,0.005603856989182532
morgan,Morgan radius-2,cpu,64,50,64,0.005959110101684928
morgan,Morgan radius-2,cpu,64,51,64,0.005918312002904713
morgan,Morgan radius-2,cpu,64,52,64,0.0058825049782171845
morgan,Morgan radius-2,cpu,64,53,64,0.0059698609402403235
morgan,Morgan radius-2,cpu,64,54,64,0.005754700978286564
morgan,Morgan radius-2,cpu,64,55,64,0.005837194970808923
morgan,Morgan radius-2,cpu,64,56,64,0.006015012040734291
morgan,Morgan radius-2,cpu,64,57,64,0.00585716194473207
morgan,Morgan radius-2,cpu,64,58,64,0.005984644987620413
morgan,Morgan radius-2,cpu,64,59,64,0.0062593889888376
morgan,Morgan radius-2,cpu,64,60,64,0.006042180000804365
morgan,Morgan radius-2,cpu,64,61,64,0.005788972019217908
morgan,Morgan radius-2,cpu,64,62,64,0.0060654099797829986
morgan,Morgan radius-2,cpu,64,63,64,0.0058459300780668855
morgan,Morgan radius-2,cpu,64,64,64,0.006165727972984314
morgan,Morgan radius-2,cpu,64,65,64,0.005832073977217078
morgan,Morgan radius-2,cpu,64,66,64,0.005707119009457529
morgan,Morgan radius-2,cpu,64,67,64,0.0061382080893963575
morgan,Morgan radius-2,cpu,64,68,64,0.005523860105313361
morgan,Morgan radius-2,cpu,64,69,64,0.00618143891915679
morgan,Morgan radius-2,cpu,64,70,64,0.006022501038387418
morgan,Morgan radius-2,cpu,64,71,64,0.006196095026098192
morgan,Morgan radius-2,cpu,64,72,64,0.005926790996454656
morgan,Morgan radius-2,cpu,64,73,64,0.005649550934322178
morgan,Morgan radius-2,cpu,64,74,64,0.005632336949929595
morgan,Morgan radius-2,cpu,64,75,64,0.00591344793792814
morgan,Morgan radius-2,cpu,64,76,64,0.006004133028909564
morgan,Morgan radius-2,cpu,64,77,64,0.006036611972376704
morgan,Morgan radius-2,cpu,64,78,64,0.005940645933151245
morgan,Morgan radius-2,cpu,64,79,64,0.005798892001621425
morgan,Morgan radius-2,cpu,64,80,64,0.005832715076394379
morgan,Morgan radius-2,cpu,64,81,64,0.005862856982275844
morgan,Morgan radius-2,cpu,64,82,64,0.005952197941951454
morgan,Morgan radius-2,cpu,64,83,64,0.005833353963680565
morgan,Morgan radius-2,cpu,64,84,64,0.00591549591626972
morgan,Morgan radius-2,cpu,64,85,64,0.006123426021076739
morgan,Morgan radius-2,cpu,64,86,64,0.005750059965066612
morgan,Morgan radius-2,cpu,64,87,64,0.005833801929838955
morgan,Morgan radius-2,cpu,64,88,64,0.005812298972159624
morgan,Morgan radius-2,cpu,64,89,64,0.005880393087863922
morgan,Morgan radius-2,cpu,64,90,64,0.00565694400575012
morgan,Morgan radius-2,cpu,64,91,64,0.005946213961578906
morgan,Morgan radius-2,cpu,64,92,64,0.005713166086934507
morgan,Morgan radius-2,cpu,64,93,64,0.006012677098624408
morgan,Morgan radius-2,cpu,64,94,64,0.005852553993463516
morgan,Morgan radius-2,cpu,64,95,64,0.005792811047285795
morgan,Morgan radius-2,cpu,64,96,64,0.0057771319989115
morgan,Morgan radius-2,cpu,64,97,64,0.00616355100646615
morgan,Morgan radius-2,cpu,64,98,64,0.005983717972412705
morgan,Morgan radius-2,cpu,64,99,64,0.0060393959283828735
morgan,Morgan radius-2,cpu,64,100,64,0.005874537047930062
morgan,Morgan radius-2,cpu,64,101,64,0.005887657054699957
morgan,Morgan radius-2,cpu,64,102,64,0.005573073984123766
morgan,Morgan radius-2,cpu,64,103,64,0.0061001620488241315
morgan,Morgan radius-2,cpu,64,104,64,0.0056982539827004075
morgan,Morgan radius-2,cpu,64,105,64,0.005731245968490839
morgan,Morgan radius-2,cpu,64,106,64,0.006174270994961262
morgan,Morgan radius-2,cpu,64,107,64,0.006064355024136603
morgan,Morgan radius-2,cpu,64,108,64,0.0060564830200746655
morgan,Morgan radius-2,cpu,64,109,64,0.006183456047438085
morgan,Morgan radius-2,cpu,64,110,64,0.006070082075893879
morgan,Morgan radius-2,cpu,64,111,64,0.005864585051313043
morgan,Morgan radius-2,cpu,64,112,64,0.005979334004223347
morgan,Morgan radius-2,cpu,64,113,64,0.005906824022531509
morgan,Morgan radius-2,cpu,64,114,64,0.00609619403257966
morgan,Morgan radius-2,cpu,64,115,64,0.005842569982632995
morgan,Morgan radius-2,cpu,64,116,64,0.006000485038384795
morgan,Morgan radius-2,cpu,64,117,64,0.005939110997132957
morgan,Morgan radius-2,cpu,64,118,64,0.005860392935574055
morgan,Morgan radius-2,cpu,64,119,64,0.006057571968995035
morgan,Morgan radius-2,cpu,64,120,64,0.005877224029973149
morgan,Morgan radius-2,cpu,64,121,64,0.005915079964324832
morgan,Morgan radius-2,cpu,64,122,64,0.005588114028796554
morgan,Morgan radius-2,cpu,64,123,64,0.00611340906471014
morgan,Morgan radius-2,cpu,64,124,64,0.005686990916728973
morgan,Morgan radius-2,cpu,64,125,64,0.006131617003120482
morgan,Morgan radius-2,cpu,64,126,64,0.006039747036993504
morgan,Morgan radius-2,cpu,64,127,64,0.006055364036001265
morgan,Morgan radius-2,cpu,64,128,64,0.005967525998130441
morgan,Morgan radius-2,cpu,64,129,64,0.005709869903512299
morgan,Morgan radius-2,cpu,64,130,64,0.005791691015474498
morgan,Morgan radius-2,cpu,64,131,64,0.005822442937642336
morgan,Morgan radius-2,cpu,64,132,64,0.006051459000445902
morgan,Morgan radius-2,cpu,64,133,64,0.005841131089255214
morgan,Morgan radius-2,cpu,64,134,64,0.005586290033534169
morgan,Morgan radius-2,cpu,64,135,64,0.005890215979889035
morgan,Morgan radius-2,cpu,64,136,64,0.0058629210107028484
morgan,Morgan radius-2,cpu,64,137,64,0.005925767007283866
morgan,Morgan radius-2,cpu,64,138,64,0.005782091990113258
morgan,Morgan radius-2,cpu,64,139,64,0.006190718966536224
morgan,Morgan radius-2,cpu,64,140,64,0.00589028000831604
morgan,Morgan radius-2,cpu,64,141,64,0.005901767988689244
morgan,Morgan radius-2,cpu,64,142,64,0.005865609971806407
morgan,Morgan radius-2,cpu,64,143,64,0.006221182062290609
morgan,Morgan radius-2,cpu,64,144,64,0.005998980021104217
morgan,Morgan radius-2,cpu,64,145,64,0.006061987951397896
morgan,Morgan radius-2,cpu,64,146,64,0.006103457999415696
morgan,Morgan radius-2,cpu,64,147,64,0.0060134760569781065
morgan,Morgan radius-2,cpu,64,148,64,0.005822698934935033
morgan,Morgan radius-2,cpu,64,149,64,0.006111904978752136
morgan,Morgan radius-2,cpu,64,150,64,0.00605245097540319
morgan,Morgan radius-2,cpu,64,151,64,0.006044484092853963
morgan,Morgan radius-2,cpu,64,152,64,0.005990086006931961
morgan,Morgan radius-2,cpu,64,153,64,0.005794667056761682
morgan,Morgan radius-2,cpu,64,154,64,0.005783019005320966
morgan,Morgan radius-2,cpu,64,155,64,0.0061144339852035046
morgan,Morgan radius-2,cpu,64,156,64,0.005863656988367438
morgan,Morgan radius-2,cpu,64,157,64,0.00585450604557991
morgan,Morgan radius-2,cpu,64,158,64,0.005754380952566862
morgan,Morgan radius-2,cpu,64,159,64,0.006059778039343655
morgan,Morgan radius-2,cpu,64,160,64,0.005952710984274745
morgan,Morgan radius-2,cpu,64,161,64,0.005966502008959651
morgan,Morgan radius-2,cpu,64,162,64,0.005872073001228273
morgan,Morgan radius-2,cpu,64,163,64,0.005890376982279122
morgan,Morgan radius-2,cpu,64,164,64,0.005761324078775942
morgan,Morgan radius-2,cpu,64,165,64,0.00600848498288542
morgan,Morgan radius-2,cpu,64,166,64,0.0057223179610446095
morgan,Morgan radius-2,cpu,64,167,64,0.006116162054240704
morgan,Morgan radius-2,cpu,64,168,64,0.005710573983378708
morgan,Morgan radius-2,cpu,64,169,64,0.0060234289849177
morgan,Morgan radius-2,cpu,64,170,64,0.006151904002763331
morgan,Morgan radius-2,cpu,64,171,64,0.005991589976474643
morgan,Morgan radius-2,cpu,64,172,64,0.005853768903762102
morgan,Morgan radius-2,cpu,64,173,64,0.0058346339501440525
morgan,Morgan radius-2,cpu,64,174,64,0.005794250988401473
morgan,Morgan radius-2,cpu,64,175,64,0.005928232101723552
morgan,Morgan radius-2,cpu,64,176,64,0.005753804929554462
morgan,Morgan radius-2,cpu,64,177,64,0.0059730289503932
morgan,Morgan radius-2,cpu,64,178,64,0.005823977990075946
morgan,Morgan radius-2,cpu,64,179,64,0.006116289994679391
morgan,Morgan radius-2,cpu,64,180,64,0.006152192945592105
morgan,Morgan radius-2,cpu,64,181,64,0.005842569982632995
morgan,Morgan radius-2,cpu,64,182,64,0.0058093860279768705
morgan,Morgan radius-2,cpu,64,183,64,0.005773836048319936
morgan,Morgan radius-2,cpu,64,184,64,0.005986438016407192
morgan,Morgan radius-2,cpu,64,185,64,0.005856169038452208
morgan,Morgan radius-2,cpu,64,186,64,0.005681904032826424
morgan,Morgan radius-2,cpu,64,187,64,0.006318873958662152
morgan,Morgan radius-2,cpu,64,188,64,0.005782635998912156
morgan,Morgan radius-2,cpu,64,189,64,0.0059594298945739865
morgan,Morgan radius-2,cpu,64,190,64,0.005958438967354596
morgan,Morgan radius-2,cpu,64,191,64,0.006152479909360409
morgan,Morgan radius-2,cpu,64,192,64,0.005941414972767234
morgan,Morgan radius-2,cpu,64,193,64,0.005720396991819143
morgan,Morgan radius-2,cpu,64,194,64,0.0058372580679133534
morgan,Morgan radius-2,cpu,64,195,64,0.006089186994358897
morgan,Morgan radius-2,cpu,64,196,64,0.005894536036066711
morgan,Morgan radius-2,cpu,64,197,64,0.006056227022781968
morgan,Morgan radius-2,cpu,64,198,64,0.005966341937892139
morgan,Morgan radius-2,cpu,64,199,64,0.00577786797657609
morgan,Morgan radius-2,cpu,64,200,64,0.006074851029552519
morgan,Morgan radius-2,cpu,64,201,64,0.005741965025663376
morgan,Morgan radius-2,cpu,64,202,64,0.005900743999518454
morgan,Morgan radius-2,cpu,64,203,64,0.005893224966712296
morgan,Morgan radius-2,cpu,64,204,64,0.005878729047253728
morgan,Morgan radius-2,cpu,64,205,64,0.006097762030549347
morgan,Morgan radius-2,cpu,64,206,64,0.005730284960009158
morgan,Morgan radius-2,cpu,64,207,64,0.005950118997134268
morgan,Morgan radius-2,cpu,64,208,64,0.005779308965429664
morgan,Morgan radius-2,cpu,64,209,64,0.005641328054480255
morgan,Morgan radius-2,cpu,64,210,64,0.005917191971093416
morgan,Morgan radius-2,cpu,64,211,64,0.005976004991680384
morgan,Morgan radius-2,cpu,64,212,64,0.005870089051313698
morgan,Morgan radius-2,cpu,64,213,64,0.005728046060539782
morgan,Morgan radius-2,cpu,64,214,64,0.006118465098552406
morgan,Morgan radius-2,cpu,64,215,64,0.00579940399620682
morgan,Morgan radius-2,cpu,64,216,64,0.006018051994033158
morgan,Morgan radius-2,cpu,64,217,64,0.006245053024031222
morgan,Morgan radius-2,cpu,64,218,64,0.005815658951178193
morgan,Morgan radius-2,cpu,64,219,64,0.0058237549383193254
morgan,Morgan radius-2,cpu,64,220,64,0.005688207922503352
morgan,Morgan radius-2,cpu,64,221,64,0.00591898406855762
morgan,Morgan radius-2,cpu,64,222,64,0.005902407108806074
morgan,Morgan radius-2,cpu,64,223,64,0.005685678916051984
morgan,Morgan radius-2,cpu,64,224,64,0.0060812829760834575
morgan,Morgan radius-2,cpu,64,225,64,0.005869576008990407
morgan,Morgan radius-2,cpu,64,226,64,0.005942343035712838
morgan,Morgan radius-2,cpu,64,227,64,0.006099681952036917
morgan,Morgan radius-2,cpu,64,228,64,0.005691598984412849
morgan,Morgan radius-2,cpu,64,229,64,0.005675086984410882
morgan,Morgan radius-2,cpu,64,230,64,0.005724142072722316
morgan,Morgan radius-2,cpu,64,231,64,0.005669551086612046
morgan,Morgan radius-2,cpu,64,232,64,0.006022723973728716
morgan,Morgan radius-2,cpu,64,233,64,0.005963495001196861
morgan,Morgan radius-2,cpu,64,234,64,0.0058537370059639215
morgan,Morgan radius-2,cpu,64,235,64,0.006092929979786277
morgan,Morgan radius-2,cpu,64,236,64,0.006015780032612383
morgan,Morgan radius-2,cpu,64,237,64,0.005923592019826174
morgan,Morgan radius-2,cpu,64,238,64,0.005684367031790316
morgan,Morgan radius-2,cpu,64,239,64,0.0056311850203201175
morgan,Morgan radius-2,cpu,64,240,64,0.005890440079383552
morgan,Morgan radius-2,cpu,64,241,64,0.005887656006962061
morgan,Morgan radius-2,cpu,64,242,64,0.005735118058510125
morgan,Morgan radius-2,cpu,64,243,64,0.006193406996317208
morgan,Morgan radius-2,cpu,64,244,64,0.00595520599745214
morgan,Morgan radius-2,cpu,64,245,64,0.005782315973192453
morgan,Morgan radius-2,cpu,64,246,64,0.005761355976574123
morgan,Morgan radius-2,cpu,64,247,64,0.0059257360408082604
morgan,Morgan radius-2,cpu,64,248,64,0.005939400056377053
morgan,Morgan radius-2,cpu,64,249,64,0.0060142119182273746
morgan,Morgan radius-2,cpu,64,250,64,0.006174079957418144
morgan,Morgan radius-2,cpu,64,251,64,0.0057864750269800425
morgan,Morgan radius-2,cpu,64,252,64,0.005919815972447395
morgan,Morgan radius-2,cpu,64,253,64,0.005950534017756581
morgan,Morgan radius-2,cpu,64,254,64,0.005802571075037122
morgan,Morgan radius-2,cpu,64,255,64,0.006089186063036323
morgan,Morgan radius-2,cpu,64,256,64,0.005793323973193765
morgan,Morgan radius-2,cpu,64,257,64,0.0060311079723760486
morgan,Morgan radius-2,cpu,64,258,64,0.005624912912026048
morgan,Morgan radius-2,cpu,64,259,64,0.0062567960703745484
morgan,Morgan radius-2,cpu,64,260,64,0.005913383909501135
morgan,Morgan radius-2,cpu,64,261,64,0.005741068976931274
morgan,Morgan radius-2,cpu,64,262,64,0.005915015935897827
morgan,Morgan radius-2,cpu,64,263,64,0.006180544034577906
morgan,Morgan radius-2,cpu,64,264,64,0.0058578010648489
morgan,Morgan radius-2,cpu,64,265,64,0.005866249091923237
morgan,Morgan radius-2,cpu,64,266,64,0.006021955981850624
morgan,Morgan radius-2,cpu,64,267,64,0.006114625954069197
morgan,Morgan radius-2,cpu,64,268,64,0.005990981007926166
morgan,Morgan radius-2,cpu,64,269,64,0.005792394978925586
morgan,Morgan radius-2,cpu,64,270,64,0.005895401001907885
morgan,Morgan radius-2,cpu,64,271,64,0.005907688057050109
morgan,Morgan radius-2,cpu,64,272,64,0.005908295977860689
morgan,Morgan radius-2,cpu,64,273,64,0.0059066959656775
morgan,Morgan radius-2,cpu,64,274,64,0.00574708404019475
morgan,Morgan radius-2,cpu,64,275,64,0.006100289989262819
morgan,Morgan radius-2,cpu,64,276,64,0.005956358974799514
morgan,Morgan radius-2,cpu,64,277,64,0.005780939944088459
morgan,Morgan radius-2,cpu,64,278,64,0.0060648990329355
morgan,Morgan radius-2,cpu,64,279,64,0.005798219004645944
morgan,Morgan radius-2,cpu,64,280,64,0.006141599966213107
morgan,Morgan radius-2,cpu,64,281,64,0.006049475981853902
morgan,Morgan radius-2,cpu,64,282,64,0.005885799997486174
morgan,Morgan radius-2,cpu,64,283,64,0.006377368932589889
morgan,Morgan radius-2,cpu,64,284,64,0.006039364030584693
morgan,Morgan radius-2,cpu,64,285,64,0.005768971983343363
morgan,Morgan radius-2,cpu,64,286,64,0.0060115569503977895
morgan,Morgan radius-2,cpu,64,287,64,0.005962406052276492
morgan,Morgan radius-2,cpu,64,288,64,0.005807882989756763
morgan,Morgan radius-2,cpu,64,289,64,0.0058631449937820435
morgan,Morgan radius-2,cpu,64,290,64,0.007247742963954806
morgan,Morgan radius-2,cpu,64,291,64,0.006333978031761944
morgan,Morgan radius-2,cpu,64,292,64,0.005886056926101446
morgan,Morgan radius-2,cpu,64,293,64,0.005923783988691866
morgan,Morgan radius-2,cpu,64,294,64,0.005846793996170163
morgan,Morgan radius-2,cpu,64,295,64,0.00593111093621701
morgan,Morgan radius-2,cpu,64,296,64,0.005889961030334234
morgan,Morgan radius-2,cpu,64,297,64,0.005809833994135261
morgan,Morgan radius-2,cpu,64,298,64,0.005804427084513009
morgan,Morgan radius-2,cpu,64,299,64,0.00616918399464339
morgan,Morgan radius-2,cpu,64,300,64,0.0058920730371028185
morgan,Morgan radius-2,cpu,64,301,64,0.0059148239670321345
morgan,Morgan radius-2,cpu,64,302,64,0.005937734036706388
morgan,Morgan radius-2,cpu,64,303,64,0.0059944369131699204
morgan,Morgan radius-2,cpu,64,304,64,0.005761357024312019
morgan,Morgan radius-2,cpu,64,305,64,0.00616259197704494
morgan,Morgan radius-2,cpu,64,306,64,0.005814219010062516
morgan,Morgan radius-2,cpu,64,307,64,0.006002787966281176
morgan,Morgan radius-2,cpu,64,308,64,0.006048387964256108
morgan,Morgan radius-2,cpu,64,309,64,0.005927463993430138
morgan,Morgan radius-2,cpu,64,310,64,0.0061137930024415255
morgan,Morgan radius-2,cpu,64,311,64,0.005796362995170057
morgan,Morgan radius-2,cpu,64,312,64,0.005999493063427508
morgan,Morgan radius-2,cpu,64,313,64,0.005848297965712845
morgan,Morgan radius-2,cpu,64,314,64,0.005809547030366957
morgan,Morgan radius-2,cpu,64,315,64,0.006133057060651481
morgan,Morgan radius-2,cpu,64,316,64,0.006223741918802261
morgan,Morgan radius-2,cpu,64,317,64,0.006186590995639563
morgan,Morgan radius-2,cpu,64,318,64,0.005912679946050048
morgan,Morgan radius-2,cpu,64,319,64,0.006181344040669501
morgan,Morgan radius-2,cpu,64,320,64,0.0058753680204972625
morgan,Morgan radius-2,cpu,64,321,64,0.005899528041481972
morgan,Morgan radius-2,cpu,64,322,64,0.005690638907253742
morgan,Morgan radius-2,cpu,64,323,64,0.006058851024135947
morgan,Morgan radius-2,cpu,64,324,64,0.005878633004613221
morgan,Morgan radius-2,cpu,64,325,64,0.005985286086797714
morgan,Morgan radius-2,cpu,64,326,64,0.005845641018822789
morgan,Morgan radius-2,cpu,64,327,64,0.0058477220591157675
morgan,Morgan radius-2,cpu,64,328,64,0.005957285990007222
morgan,Morgan radius-2,cpu,64,329,64,0.005899752955883741
morgan,Morgan radius-2,cpu,64,330,64,0.006349945906549692
morgan,Morgan radius-2,cpu,64,331,64,0.006305307033471763
morgan,Morgan radius-2,cpu,64,332,64,0.006225949968211353
morgan,Morgan radius-2,cpu,64,333,64,0.005726894014514983
morgan,Morgan radius-2,cpu,64,334,64,0.005850506015121937
morgan,Morgan radius-2,cpu,64,335,64,0.005909894942305982
morgan,Morgan radius-2,cpu,64,336,64,0.00592935096938163
morgan,Morgan radius-2,cpu,64,337,64,0.006141088902950287
morgan,Morgan radius-2,cpu,64,338,64,0.006110433954745531
morgan,Morgan radius-2,cpu,64,339,64,0.005829002009704709
morgan,Morgan radius-2,cpu,64,340,64,0.006093633943237364
morgan,Morgan radius-2,cpu,64,341,64,0.006024037022143602
morgan,Morgan radius-2,cpu,64,342,64,0.006184863043017685
morgan,Morgan radius-2,cpu,64,343,64,0.006111650029197335
morgan,Morgan radius-2,cpu,64,344,64,0.006019363994710147
morgan,Morgan radius-2,cpu,64,345,64,0.006047522998414934
morgan,Morgan radius-2,cpu,64,346,64,0.006120993988588452
morgan,Morgan radius-2,cpu,64,347,64,0.006040483945980668
morgan,Morgan radius-2,cpu,64,348,64,0.005790378898382187
morgan,Morgan radius-2,cpu,64,349,64,0.005808394984342158
morgan,Morgan radius-2,cpu,64,350,64,0.006027844035997987
morgan,Morgan radius-2,cpu,64,351,64,0.006159072043374181
morgan,Morgan radius-2,cpu,64,352,64,0.005845065927132964
morgan,Morgan radius-2,cpu,64,353,64,0.006060707964934409
morgan,Morgan radius-2,cpu,64,354,64,0.005691470927558839
morgan,Morgan radius-2,cpu,64,355,64,0.005901735974475741
morgan,Morgan radius-2,cpu,64,356,64,0.0055302589898929
morgan,Morgan radius-2,cpu,64,357,64,0.005887240986339748
morgan,Morgan radius-2,cpu,64,358,64,0.005649583996273577
morgan,Morgan radius-2,cpu,64,359,64,0.006000197026878595
morgan,Morgan radius-2,cpu,64,360,64,0.005815850105136633
morgan,Morgan radius-2,cpu,64,361,64,0.005741997971199453
morgan,Morgan radius-2,cpu,64,362,64,0.00596016610506922
morgan,Morgan radius-2,cpu,64,363,64,0.006207903032191098
morgan,Morgan radius-2,cpu,64,364,64,0.005944165983237326
morgan,Morgan radius-2,cpu,64,365,64,0.006034532096236944
morgan,Morgan radius-2,cpu,64,366,64,0.005650319973938167
morgan,Morgan radius-2,cpu,64,367,64,0.005888840067200363
morgan,Morgan radius-2,cpu,64,368,64,0.00584938598331064
morgan,Morgan radius-2,cpu,64,369,64,0.005925190984271467
morgan,Morgan radius-2,cpu,64,370,64,0.005836874013766646
morgan,Morgan radius-2,cpu,64,371,64,0.005761645035818219
morgan,Morgan radius-2,cpu,64,372,64,0.0060745630180463195
morgan,Morgan radius-2,cpu,64,373,64,0.005739307962357998
morgan,Morgan radius-2,cpu,64,374,64,0.0062242550775408745
morgan,Morgan radius-2,cpu,64,375,64,0.005864297971129417
morgan,Morgan radius-2,cpu,64,376,64,0.006037891958840191
morgan,Morgan radius-2,cpu,64,377,64,0.005943750962615013
morgan,Morgan radius-2,cpu,64,378,64,0.005673678009770811
morgan,Morgan radius-2,cpu,64,379,64,0.006140416953712702
morgan,Morgan radius-2,cpu,64,380,64,0.006115522002801299
morgan,Morgan radius-2,cpu,64,381,64,0.005836874013766646
morgan,Morgan radius-2,cpu,64,382,64,0.006111106020398438
morgan,Morgan radius-2,cpu,64,383,64,0.005842696991749108
morgan,Morgan radius-2,cpu,64,384,64,0.005950086982920766
morgan,Morgan radius-2,cpu,64,385,64,0.005885257036425173
morgan,Morgan radius-2,cpu,64,386,64,0.005907273036427796
morgan,Morgan radius-2,cpu,64,387,64,0.006219517905265093
morgan,Morgan radius-2,cpu,64,388,64,0.00584436091594398
morgan,Morgan radius-2,cpu,64,389,64,0.005871625035069883
morgan,Morgan radius-2,cpu,64,390,64,0.005928904050961137
morgan,Morgan radius-2,cpu,64,391,64,0.005957606015726924
morgan,Morgan radius-2,cpu,64,392,64,0.005833321949467063
morgan,Morgan radius-2,cpu,64,393,64,0.005737132974900305
morgan,Morgan radius-2,cpu,64,394,64,0.005904232035391033
morgan,Morgan radius-2,cpu,64,395,64,0.005833163042552769
morgan,Morgan radius-2,cpu,64,396,64,0.0059962921077385545
morgan,Morgan radius-2,cpu,64,397,64,0.005621296935714781
morgan,Morgan radius-2,cpu,64,398,64,0.006073378957808018
morgan,Morgan radius-2,cpu,64,399,64,0.005818251054733992
morgan,Morgan radius-2,cpu,64,400,64,0.005754476995207369
morgan,Morgan radius-2,cpu,64,401,64,0.0059419270837679505
morgan,Morgan radius-2,cpu,64,402,64,0.005748844007030129
morgan,Morgan radius-2,cpu,64,403,64,0.006110274000093341
morgan,Morgan radius-2,cpu,64,404,64,0.005922471988014877
morgan,Morgan radius-2,cpu,64,405,64,0.0064551589312031865
morgan,Morgan radius-2,cpu,64,406,64,0.006075490033254027
morgan,Morgan radius-2,cpu,64,407,64,0.006155360024422407
morgan,Morgan radius-2,cpu,64,408,64,0.00605690001975745
morgan,Morgan radius-2,cpu,64,409,64,0.0059992370661348104
morgan,Morgan radius-2,cpu,64,410,64,0.005688911071047187
morgan,Morgan radius-2,cpu,64,411,64,0.00577127595897764
morgan,Morgan radius-2,cpu,64,412,64,0.006016708095557988
morgan,Morgan radius-2,cpu,64,413,64,0.005941926967352629
morgan,Morgan radius-2,cpu,64,414,64,0.0057633719407022
morgan,Morgan radius-2,cpu,64,415,64,0.005912679946050048
morgan,Morgan radius-2,cpu,64,416,64,0.00607251503970474
morgan,Morgan radius-2,cpu,64,417,64,0.006129055982455611
morgan,Morgan radius-2,cpu,64,418,64,0.005997318075969815
morgan,Morgan radius-2,cpu,64,419,64,0.005952357896603644
morgan,Morgan radius-2,cpu,64,420,64,0.005921863950788975
morgan,Morgan radius-2,cpu,64,421,64,0.005917830974794924
morgan,Morgan radius-2,cpu,64,422,64,0.005694607039913535
morgan,Morgan radius-2,cpu,64,423,64,0.006242206087335944
morgan,Morgan radius-2,cpu,64,424,64,0.006083267042413354
morgan,Morgan radius-2,cpu,64,425,64,0.0060616659466177225
morgan,Morgan radius-2,cpu,64,426,64,0.005829802947118878
morgan,Morgan radius-2,cpu,64,427,64,0.005796235986053944
morgan,Morgan radius-2,cpu,64,428,64,0.0058905689511448145
morgan,Morgan radius-2,cpu,64,429,64,0.005773388082161546
morgan,Morgan radius-2,cpu,64,430,64,0.005486613023094833
morgan,Morgan radius-2,cpu,64,431,64,0.006159999989904463
morgan,Morgan radius-2,cpu,64,432,64,0.005808364017866552
morgan,Morgan radius-2,cpu,64,433,64,0.005782443913631141
morgan,Morgan radius-2,cpu,64,434,64,0.00561569700948894
morgan,Morgan radius-2,cpu,64,435,64,0.0057754990411922336
morgan,Morgan radius-2,cpu,64,436,64,0.00611158600077033
morgan,Morgan radius-2,cpu,64,437,64,0.006140289013274014
morgan,Morgan radius-2,cpu,64,438,64,0.006071523996070027
morgan,Morgan radius-2,cpu,64,439,64,0.0058156909653916955
morgan,Morgan radius-2,cpu,64,440,64,0.0060500199906528
morgan,Morgan radius-2,cpu,64,441,64,0.0059012239798903465
morgan,Morgan radius-2,cpu,64,442,64,0.005813227035105228
morgan,Morgan radius-2,cpu,64,443,64,0.006087139016017318
morgan,Morgan radius-2,cpu,64,444,64,0.006008708965964615
morgan,Morgan radius-2,cpu,64,445,64,0.005977796972729266
morgan,Morgan radius-2,cpu,64,446,64,0.006119456957094371
morgan,Morgan radius-2,cpu,64,447,64,0.005931367981247604
morgan,Morgan radius-2,cpu,64,448,64,0.005957157933153212
morgan,Morgan radius-2,cpu,64,449,64,0.005986821954138577
morgan,Morgan radius-2,cpu,64,450,64,0.006074146018363535
morgan,Morgan radius-2,cpu,64,451,64,0.005724109010770917
morgan,Morgan radius-2,cpu,64,452,64,0.005884169018827379
morgan,Morgan radius-2,cpu,64,453,64,0.005994469043798745
morgan,Morgan radius-2,cpu,64,454,64,0.005874441005289555
morgan,Morgan radius-2,cpu,64,455,64,0.005778860067948699
morgan,Morgan radius-2,cpu,64,456,64,0.005999781074933708
morgan,Morgan radius-2,cpu,64,457,64,0.0058927449863404036
morgan,Morgan radius-2,cpu,64,458,64,0.005685582058504224
morgan,Morgan radius-2,cpu,64,459,64,0.005983748938888311
morgan,Morgan radius-2,cpu,64,460,64,0.00593827897682786
morgan,Morgan radius-2,cpu,64,461,64,0.005992677994072437
morgan,Morgan radius-2,cpu,64,462,64,0.005876104929484427
morgan,Morgan radius-2,cpu,64,463,64,0.0061759030213579535
morgan,Morgan radius-2,cpu,64,464,64,0.006001765024848282
morgan,Morgan radius-2,cpu,64,465,64,0.005927975056692958
morgan,Morgan radius-2,cpu,64,466,64,0.006153697031550109
morgan,Morgan radius-2,cpu,64,467,64,0.005752492928877473
morgan,Morgan radius-2,cpu,64,468,64,0.00593981402926147
morgan,Morgan radius-2,cpu,64,469,64,0.006119681056588888
morgan,Morgan radius-2,cpu,64,470,64,0.006043043918907642
morgan,Morgan radius-2,cpu,64,471,64,0.006381688988767564
morgan,Morgan radius-2,cpu,64,472,64,0.005935624008998275
morgan,Morgan radius-2,cpu,64,473,64,0.006175423040986061
morgan,Morgan radius-2,cpu,64,474,64,0.005851785070262849
morgan,Morgan radius-2,cpu,64,475,64,0.0057715000584721565
morgan,Morgan radius-2,cpu,64,476,64,0.006221790914423764
morgan,Morgan radius-2,cpu,64,477,64,0.0060168689815327525
morgan,Morgan radius-2,cpu,64,478,64,0.006020804983563721
morgan,Morgan radius-2,cpu,64,479,64,0.006005668081343174
morgan,Morgan radius-2,cpu,64,480,64,0.005856553907506168
morgan,Morgan radius-2,cpu,64,481,64,0.0062031029956415296
morgan,Morgan radius-2,cpu,64,482,64,0.005895751994103193
morgan,Morgan radius-2,cpu,64,483,64,0.0059673660434782505
morgan,Morgan radius-2,cpu,64,484,64,0.006168255931697786
morgan,Morgan radius-2,cpu,64,485,64,0.005780844017863274
morgan,Morgan radius-2,cpu,64,486,64,0.006178495939821005
morgan,Morgan radius-2,cpu,64,487,64,0.0057599160354584455
morgan,Morgan radius-2,cpu,64,488,64,0.005866280989721417
morgan,Morgan radius-2,cpu,64,489,64,0.005636847927235067
morgan,Morgan radius-2,cpu,64,490,64,0.005903049022890627
morgan,Morgan radius-2,cpu,64,491,64,0.006092002033255994
morgan,Morgan radius-2,cpu,64,492,64,0.005858952994458377
morgan,Morgan radius-2,cpu,64,493,64,0.006073507014662027
morgan,Morgan radius-2,cpu,64,494,64,0.0060255409916862845
morgan,Morgan radius-2,cpu,64,495,64,0.006081826984882355
morgan,Morgan radius-2,cpu,64,496,64,0.005974502069875598
morgan,Morgan radius-2,cpu,64,497,64,0.005792042938992381
morgan,Morgan radius-2,cpu,64,498,64,0.005925767007283866
morgan,Morgan radius-2,cpu,64,499,64,0.005940455012023449
morgan,Morgan radius-2,cpu,64,500,64,0.006180671043694019
morgan,Morgan radius-2,cpu,64,501,64,0.005698350956663489
morgan,Morgan radius-2,cpu,64,502,64,0.005925702978856862
morgan,Morgan radius-2,cpu,64,503,64,0.006053506978787482
morgan,Morgan radius-2,cpu,64,504,64,0.005995493032969534
morgan,Morgan radius-2,cpu,64,505,64,0.006131585920229554
morgan,Morgan radius-2,cpu,64,506,64,0.005919654970057309
morgan,Morgan radius-2,cpu,64,507,64,0.006364248925819993
morgan,Morgan radius-2,cpu,64,508,64,0.00616918399464339
morgan,Morgan radius-2,cpu,64,509,64,0.005867945030331612
morgan,Morgan radius-2,cpu,64,510,64,0.00613625708501786
morgan,Morgan radius-2,cpu,64,511,64,0.006151680019684136
morgan,Morgan radius-2,cpu,64,512,64,0.00600848498288542
morgan,Morgan radius-2,cpu,64,513,64,0.006289468030445278
morgan,Morgan radius-2,cpu,64,514,64,0.006055778940208256
morgan,Morgan radius-2,cpu,64,515,64,0.006113794050179422
morgan,Morgan radius-2,cpu,64,516,64,0.005954822991043329
morgan,Morgan radius-2,cpu,64,517,64,0.005943750962615013
morgan,Morgan radius-2,cpu,64,518,64,0.005745645030401647
morgan,Morgan radius-2,cpu,64,519,64,0.006367194000631571
morgan,Morgan radius-2,cpu,64,520,64,0.005981445079669356
morgan,Morgan radius-2,cpu,64,521,64,0.006014244048856199
morgan,Morgan radius-2,cpu,64,522,64,0.005968582001514733
morgan,Morgan radius-2,cpu,64,523,64,0.005999877001158893
morgan,Morgan radius-2,cpu,64,524,64,0.006023844936862588
morgan,Morgan radius-2,cpu,64,525,64,0.006141727906651795
morgan,Morgan radius-2,cpu,64,526,64,0.006189918960444629
morgan,Morgan radius-2,cpu,64,527,64,0.005825322936289012
morgan,Morgan radius-2,cpu,64,528,64,0.005824811058118939
morgan,Morgan radius-2,cpu,64,529,64,0.005718061933293939
morgan,Morgan radius-2,cpu,64,530,64,0.006066626985557377
morgan,Morgan radius-2,cpu,64,531,64,0.006049570976756513
morgan,Morgan radius-2,cpu,64,532,64,0.006046916008926928
morgan,Morgan radius-2,cpu,64,533,64,0.005791370989754796
morgan,Morgan radius-2,cpu,64,534,64,0.006062851054593921
morgan,Morgan radius-2,cpu,64,535,64,0.0063183309976011515
morgan,Morgan radius-2,cpu,64,536,64,0.006006532930769026
morgan,Morgan radius-2,cpu,64,537,64,0.005799466976895928
morgan,Morgan radius-2,cpu,64,538,64,0.006207262980751693
morgan,Morgan radius-2,cpu,64,539,64,0.006228412967175245
morgan,Morgan radius-2,cpu,64,540,64,0.005998212960548699
morgan,Morgan radius-2,cpu,64,541,64,0.005947271012701094
morgan,Morgan radius-2,cpu,64,542,64,0.00620985496789217
morgan,Morgan radius-2,cpu,64,543,64,0.006064130924642086
morgan,Morgan radius-2,cpu,64,544,64,0.005929991020821035
morgan,Morgan radius-2,cpu,64,545,64,0.006214719032868743
morgan,Morgan radius-2,cpu,64,546,64,0.006051587988622487
morgan,Morgan radius-2,cpu,64,547,64,0.005859081051312387
morgan,Morgan radius-2,cpu,64,548,64,0.005897063994780183
morgan,Morgan radius-2,cpu,64,549,64,0.0059862129855901
morgan,Morgan radius-2,cpu,64,550,64,0.005632497020997107
morgan,Morgan radius-2,cpu,64,551,64,0.00588727300055325
morgan,Morgan radius-2,cpu,64,552,64,0.005974406027235091
morgan,Morgan radius-2,cpu,64,553,64,0.0059281670255586505
morgan,Morgan radius-2,cpu,64,554,64,0.005772395059466362
morgan,Morgan radius-2,cpu,64,555,64,0.006322907982394099
morgan,Morgan radius-2,cpu,64,556,64,0.005846697953529656
morgan,Morgan radius-2,cpu,64,557,64,0.00593066297005862
morgan,Morgan radius-2,cpu,64,558,64,0.005750893033109605
morgan,Morgan radius-2,cpu,64,559,64,0.006050498923286796
morgan,Morgan radius-2,cpu,64,560,64,0.006230045924894512
morgan,Morgan radius-2,cpu,64,561,64,0.0061242569936439395
morgan,Morgan radius-2,cpu,64,562,64,0.005781515035778284
morgan,Morgan radius-2,cpu,64,563,64,0.005953509942628443
morgan,Morgan radius-2,cpu,64,564,64,0.005925607983954251
morgan,Morgan radius-2,cpu,64,565,64,0.006199646973982453
morgan,Morgan radius-2,cpu,64,566,64,0.006288892007432878
morgan,Morgan radius-2,cpu,64,567,64,0.006010788027197123
morgan,Morgan radius-2,cpu,64,568,64,0.0059571589808911085
morgan,Morgan radius-2,cpu,64,569,64,0.0061959989834576845
morgan,Morgan radius-2,cpu,64,570,64,0.006141889025457203
morgan,Morgan radius-2,cpu,64,571,64,0.005837450036779046
morgan,Morgan radius-2,cpu,64,572,64,0.0063599610002711415
morgan,Morgan radius-2,cpu,64,573,64,0.006298844004049897
morgan,Morgan radius-2,cpu,64,574,64,0.005779628059826791
morgan,Morgan radius-2,cpu,64,575,64,0.006234942004084587
morgan,Morgan radius-2,cpu,64,576,64,0.0062180140521377325
morgan,Morgan radius-2,cpu,64,577,64,0.0056389919482171535
morgan,Morgan radius-2,cpu,64,578,64,0.005920199095271528
morgan,Morgan radius-2,cpu,64,579,64,0.006121089914813638
morgan,Morgan radius-2,cpu,64,580,64,0.005723053938709199
morgan,Morgan radius-2,cpu,64,581,64,0.00594698206987232
morgan,Morgan radius-2,cpu,64,582,64,0.0058700250228866935
morgan,Morgan radius-2,cpu,64,583,64,0.005964486044831574
morgan,Morgan radius-2,cpu,64,584,64,0.006048036040738225
morgan,Morgan radius-2,cpu,64,585,64,0.005671662976965308
morgan,Morgan radius-2,cpu,64,586,64,0.005978597910143435
morgan,Morgan radius-2,cpu,64,587,64,0.0055924649350345135
morgan,Morgan radius-2,cpu,64,588,64,0.005588338011875749
morgan,Morgan radius-2,cpu,64,589,64,0.005707437987439334
morgan,Morgan radius-2,cpu,64,590,64,0.005800875020213425
morgan,Morgan radius-2,cpu,64,591,64,0.005986661068163812
morgan,Morgan radius-2,cpu,64,592,64,0.005768876988440752
morgan,Morgan radius-2,cpu,64,593,64,0.006345947040244937
morgan,Morgan radius-2,cpu,64,594,64,0.00603421195410192
morgan,Morgan radius-2,cpu,64,595,64,0.006212958018295467
morgan,Morgan radius-2,cpu,64,596,64,0.005850506015121937
morgan,Morgan radius-2,cpu,64,597,64,0.005717518972232938
morgan,Morgan radius-2,cpu,64,598,64,0.005681551061570644
morgan,Morgan radius-2,cpu,64,599,64,0.005845738109201193
morgan,Morgan radius-2,cpu,64,600,64,0.005754315992817283
morgan,Morgan radius-2,cpu,64,601,64,0.006101378006860614
morgan,Morgan radius-2,cpu,64,602,64,0.005977702094241977
morgan,Morgan radius-2,cpu,64,603,64,0.005925735924392939
morgan,Morgan radius-2,cpu,64,604,64,0.0057753080036491156
morgan,Morgan radius-2,cpu,64,605,64,0.005773963988758624
morgan,Morgan radius-2,cpu,64,606,64,0.00551141204778105
morgan,Morgan radius-2,cpu,64,607,64,0.006189599051140249
morgan,Morgan radius-2,cpu,64,608,64,0.005887017003260553
morgan,Morgan radius-2,cpu,64,609,64,0.005958214984275401
morgan,Morgan radius-2,cpu,64,610,64,0.005768556031398475
morgan,Morgan radius-2,cpu,64,611,64,0.005896231974475086
morgan,Morgan radius-2,cpu,64,612,64,0.005827210959978402
morgan,Morgan radius-2,cpu,64,613,64,0.006138209020718932
morgan,Morgan radius-2,cpu,64,614,64,0.006295259925536811
morgan,Morgan radius-2,cpu,64,615,64,0.005967685952782631
morgan,Morgan radius-2,cpu,64,616,64,0.0057204930344596505
morgan,Morgan radius-2,cpu,64,617,64,0.006068003014661372
morgan,Morgan radius-2,cpu,64,618,64,0.005975589971058071
morgan,Morgan radius-2,cpu,64,619,64,0.0061579839093610644
morgan,Morgan radius-2,cpu,64,620,64,0.006097633042372763
morgan,Morgan radius-2,cpu,64,621,64,0.005557234981097281
morgan,Morgan radius-2,cpu,64,622,64,0.0057454860070720315
morgan,Morgan radius-2,cpu,64,623,64,0.0056777429999783635
morgan,Morgan radius-2,cpu,64,624,64,0.0058665049728006124
morgan,Morgan radius-2,cpu,64,625,64,0.005900104064494371
morgan,Morgan radius-2,cpu,64,626,64,0.0060604840982705355
morgan,Morgan radius-2,cpu,64,627,64,0.005929414997808635
morgan,Morgan radius-2,cpu,64,628,64,0.005994886043481529
morgan,Morgan radius-2,cpu,64,629,64,0.005966117023490369
morgan,Morgan radius-2,cpu,64,630,64,0.005960582057014108
morgan,Morgan radius-2,cpu,64,631,64,0.005660911905579269
morgan,Morgan radius-2,cpu,64,632,64,0.006699024001136422
morgan,Morgan radius-2,cpu,64,633,64,0.006033540004864335
morgan,Morgan radius-2,cpu,64,634,64,0.006247836980037391
morgan,Morgan radius-2,cpu,64,635,64,0.0062288930639624596
morgan,Morgan radius-2,cpu,64,636,64,0.006304220063611865
morgan,Morgan radius-2,cpu,64,637,64,0.006094721960835159
morgan,Morgan radius-2,cpu,64,638,64,0.0057630849769338965
morgan,Morgan radius-2,cpu,64,639,64,0.005882343975827098
morgan,Morgan radius-2,cpu,64,640,64,0.006099457968957722
morgan,Morgan radius-2,cpu,64,641,64,0.006001508911140263
morgan,Morgan radius-2,cpu,64,642,64,0.006316444021649659
morgan,Morgan radius-2,cpu,64,643,64,0.006061123916879296
morgan,Morgan radius-2,cpu,64,644,64,0.0060065960278734565
morgan,Morgan radius-2,cpu,64,645,64,0.005875305039808154
morgan,Morgan radius-2,cpu,64,646,64,0.005770700052380562
morgan,Morgan radius-2,cpu,64,647,64,0.006044899928383529
morgan,Morgan radius-2,cpu,64,648,64,0.005821930011734366
morgan,Morgan radius-2,cpu,64,649,64,0.005812618997879326
morgan,Morgan radius-2,cpu,64,650,64,0.005912424065172672
morgan,Morgan radius-2,cpu,64,651,64,0.006205535028129816
morgan,Morgan radius-2,cpu,64,652,64,0.006104705040343106
morgan,Morgan radius-2,cpu,64,653,64,0.005792618962004781
morgan,Morgan radius-2,cpu,64,654,64,0.005987782031297684
morgan,Morgan radius-2,cpu,64,655,64,0.006000677007250488
morgan,Morgan radius-2,cpu,64,656,64,0.005901480093598366
morgan,Morgan radius-2,cpu,64,657,64,0.005977862048894167
morgan,Morgan radius-2,cpu,64,658,64,0.00579421897418797
morgan,Morgan radius-2,cpu,64,659,64,0.005814698990434408
morgan,Morgan radius-2,cpu,64,660,64,0.005892680026590824
morgan,Morgan radius-2,cpu,64,661,64,0.006045059999451041
morgan,Morgan radius-2,cpu,64,662,64,0.006087522022426128
morgan,Morgan radius-2,cpu,64,663,64,0.005994052975438535
morgan,Morgan radius-2,cpu,64,664,64,0.006066531059332192
morgan,Morgan radius-2,cpu,64,665,64,0.006079682963900268
morgan,Morgan radius-2,cpu,64,666,64,0.00619315099902451
morgan,Morgan radius-2,cpu,64,667,64,0.006053699064068496
morgan,Morgan radius-2,cpu,64,668,64,0.006013892008922994
morgan,Morgan radius-2,cpu,64,669,64,0.006172319990582764
morgan,Morgan radius-2,cpu,64,670,64,0.005996166029945016
morgan,Morgan radius-2,cpu,64,671,64,0.006187392049469054
morgan,Morgan radius-2,cpu,64,672,64,0.00603331602178514
morgan,Morgan radius-2,cpu,64,673,64,0.006235325010493398
morgan,Morgan radius-2,cpu,64,674,64,0.0059315270045772195
morgan,Morgan radius-2,cpu,64,675,64,0.006246366072446108
morgan,Morgan radius-2,cpu,64,676,64,0.005816106917336583
morgan,Morgan radius-2,cpu,64,677,64,0.0060917779337614775
morgan,Morgan radius-2,cpu,64,678,64,0.005955878994427621
morgan,Morgan radius-2,cpu,64,679,64,0.006215773988515139
morgan,Morgan radius-2,cpu,64,680,64,0.0060973139479756355
morgan,Morgan radius-2,cpu,64,681,64,0.00584493693895638
morgan,Morgan radius-2,cpu,64,682,64,0.006084227003157139
morgan,Morgan radius-2,cpu,64,683,64,0.005772460019215941
morgan,Morgan radius-2,cpu,64,684,64,0.005804780055768788
morgan,Morgan radius-2,cpu,64,685,64,0.005755052901804447
morgan,Morgan radius-2,cpu,64,686,64,0.005950149963609874
morgan,Morgan radius-2,cpu,64,687,64,0.005901767988689244
morgan,Morgan radius-2,cpu,64,688,64,0.005944550968706608
morgan,Morgan radius-2,cpu,64,689,64,0.006198079092428088
morgan,Morgan radius-2,cpu,64,690,64,0.006062083062715828
morgan,Morgan radius-2,cpu,64,691,64,0.006120768957771361
morgan,Morgan radius-2,cpu,64,692,64,0.00604211597237736
morgan,Morgan radius-2,cpu,64,693,64,0.005966725992038846
morgan,Morgan radius-2,cpu,64,694,64,0.005675856024026871
morgan,Morgan radius-2,cpu,64,695,64,0.006069091032259166
morgan,Morgan radius-2,cpu,64,696,64,0.005931783001869917
morgan,Morgan radius-2,cpu,64,697,64,0.00574510102160275
morgan,Morgan radius-2,cpu,64,698,64,0.006116098025813699
morgan,Morgan radius-2,cpu,64,699,64,0.006111713009886444
morgan,Morgan radius-2,cpu,64,700,64,0.006012005032971501
morgan,Morgan radius-2,cpu,64,701,64,0.006074690027162433
morgan,Morgan radius-2,cpu,64,702,64,0.006030787946656346
morgan,Morgan radius-2,cpu,64,703,64,0.0058257069904357195
morgan,Morgan radius-2,cpu,64,704,64,0.006012771977111697
morgan,Morgan radius-2,cpu,64,705,64,0.005858632968738675
morgan,Morgan radius-2,cpu,64,706,64,0.006132225040346384
morgan,Morgan radius-2,cpu,64,707,64,0.006040451931767166
morgan,Morgan radius-2,cpu,64,708,64,0.0061937280697748065
morgan,Morgan radius-2,cpu,64,709,64,0.00601881998591125
morgan,Morgan radius-2,cpu,64,710,64,0.0060056999791413546
morgan,Morgan radius-2,cpu,64,711,64,0.005873288959264755
morgan,Morgan radius-2,cpu,64,712,64,0.005980166024528444
morgan,Morgan radius-2,cpu,64,713,64,0.005818059085868299
morgan,Morgan radius-2,cpu,64,714,64,0.005927430931478739
morgan,Morgan radius-2,cpu,64,715,64,0.006064226967282593
morgan,Morgan radius-2,cpu,64,716,64,0.005883944919332862
morgan,Morgan radius-2,cpu,64,717,64,0.006005092989653349
morgan,Morgan radius-2,cpu,64,718,64,0.0058282979298383
morgan,Morgan radius-2,cpu,64,719,64,0.005902023985981941
morgan,Morgan radius-2,cpu,64,720,64,0.005746604991145432
morgan,Morgan radius-2,cpu,64,721,64,0.005984582006931305
morgan,Morgan radius-2,cpu,64,722,64,0.005961255053989589
morgan,Morgan radius-2,cpu,64,723,64,0.00613056099973619
morgan,Morgan radius-2,cpu,64,724,64,0.005927495076321065
morgan,Morgan radius-2,cpu,64,725,64,0.005831849994137883
morgan,Morgan radius-2,cpu,64,726,64,0.005962181952781975
morgan,Morgan radius-2,cpu,64,727,64,0.005907848011702299
morgan,Morgan radius-2,cpu,64,728,64,0.005900840973481536
morgan,Morgan radius-2,cpu,64,729,64,0.006115744938142598
morgan,Morgan radius-2,cpu,64,730,64,0.0059212230844423175
morgan,Morgan radius-2,cpu,64,731,64,0.005934022949077189
morgan,Morgan radius-2,cpu,64,732,64,0.005918759037740529
morgan,Morgan radius-2,cpu,64,733,64,0.005792140029370785
morgan,Morgan radius-2,cpu,64,734,64,0.006012037047185004
morgan,Morgan radius-2,cpu,64,735,64,0.005774796009063721
morgan,Morgan radius-2,cpu,64,736,64,0.006087266956456006
morgan,Morgan radius-2,cpu,64,737,64,0.005938599002547562
morgan,Morgan radius-2,cpu,64,738,64,0.005839560995809734
morgan,Morgan radius-2,cpu,64,739,64,0.005693390965461731
morgan,Morgan radius-2,cpu,64,740,64,0.006109217996709049
morgan,Morgan radius-2,cpu,64,741,64,0.005533588002435863
morgan,Morgan radius-2,cpu,64,742,64,0.005871209083124995
morgan,Morgan radius-2,cpu,64,743,64,0.005927207064814866
morgan,Morgan radius-2,cpu,64,744,64,0.0060647070640698075
morgan,Morgan radius-2,cpu,64,745,64,0.0059326799819245934
morgan,Morgan radius-2,cpu,64,746,64,0.006045475951395929
morgan,Morgan radius-2,cpu,64,747,64,0.006382936961017549
morgan,Morgan radius-2,cpu,64,748,64,0.006128287990577519
morgan,Morgan radius-2,cpu,64,749,64,0.005893385037779808
morgan,Morgan radius-2,cpu,64,750,64,0.006071139010600746
morgan,Morgan radius-2,cpu,64,751,64,0.0060208040522411466
morgan,Morgan radius-2,cpu,64,752,64,0.006209791055880487
morgan,Morgan radius-2,cpu,64,753,64,0.0057668599765747786
morgan,Morgan radius-2,cpu,64,754,64,0.005772621021606028
morgan,Morgan radius-2,cpu,64,755,64,0.005908071994781494
morgan,Morgan radius-2,cpu,64,756,64,0.006046882946975529
morgan,Morgan radius-2,cpu,64,757,64,0.0058100910391658545
morgan,Morgan radius-2,cpu,64,758,64,0.006005860981531441
morgan,Morgan radius-2,cpu,64,759,64,0.006127969012595713
morgan,Morgan radius-2,cpu,64,760,64,0.005913927918300033
morgan,Morgan radius-2,cpu,64,761,64,0.006050563068129122
morgan,Morgan radius-2,cpu,64,762,64,0.005808202084153891
morgan,Morgan radius-2,cpu,64,763,64,0.006261373055167496
morgan,Morgan radius-2,cpu,64,764,64,0.006050084019079804
morgan,Morgan radius-2,cpu,64,765,64,0.005823050974868238
morgan,Morgan radius-2,cpu,64,766,64,0.006134687922894955
morgan,Morgan radius-2,cpu,64,767,64,0.006042819935828447
morgan,Morgan radius-2,cpu,64,768,64,0.005694254068657756
morgan,Morgan radius-2,cpu,64,769,64,0.005931143998168409
morgan,Morgan radius-2,cpu,64,770,64,0.005812971037812531
morgan,Morgan radius-2,cpu,64,771,64,0.006472053937613964
morgan,Morgan radius-2,cpu,64,772,64,0.006108960951678455
morgan,Morgan radius-2,cpu,64,773,64,0.005954503081738949
morgan,Morgan radius-2,cpu,64,774,64,0.005889544961974025
morgan,Morgan radius-2,cpu,64,775,64,0.005956070963293314
morgan,Morgan radius-2,cpu,64,776,64,0.006277243955992162
morgan,Morgan radius-2,cpu,64,777,64,0.006344794062897563
morgan,Morgan radius-2,cpu,64,778,52,0.004775083041749895
morgan,Morgan radius-2,cpu,128,0,128,0.012054344988428056
morgan,Morgan radius-2,cpu,128,1,128,0.011763665010221303
morgan,Morgan radius-2,cpu,128,2,128,0.011804976034909487
morgan,Morgan radius-2,cpu,128,3,128,0.012233604094944894
morgan,Morgan radius-2,cpu,128,4,128,0.0122619210742414
morgan,Morgan radius-2,cpu,128,5,128,0.012051336001604795
morgan,Morgan radius-2,cpu,128,6,128,0.011911725043319166
morgan,Morgan radius-2,cpu,128,7,128,0.011894701980054379
morgan,Morgan radius-2,cpu,128,8,128,0.011942698969505727
morgan,Morgan radius-2,cpu,128,9,128,0.011902605998329818
morgan,Morgan radius-2,cpu,128,10,128,0.011951819993555546
morgan,Morgan radius-2,cpu,128,11,128,0.011315519106574357
morgan,Morgan radius-2,cpu,128,12,128,0.012198372976854444
morgan,Morgan radius-2,cpu,128,13,128,0.011484185000881553
morgan,Morgan radius-2,cpu,128,14,128,0.011602294980548322
morgan,Morgan radius-2,cpu,128,15,128,0.011969867045991123
morgan,Morgan radius-2,cpu,128,16,128,0.011899724951945245
morgan,Morgan radius-2,cpu,128,17,128,0.011666965088807046
morgan,Morgan radius-2,cpu,128,18,128,0.012186723994091153
morgan,Morgan radius-2,cpu,128,19,128,0.011792527977377176
morgan,Morgan radius-2,cpu,128,20,128,0.012108806055039167
morgan,Morgan radius-2,cpu,128,21,128,0.011589847970753908
morgan,Morgan radius-2,cpu,128,22,128,0.01150495302863419
morgan,Morgan radius-2,cpu,128,23,128,0.011474969913251698
morgan,Morgan radius-2,cpu,128,24,128,0.01136601495090872
morgan,Morgan radius-2,cpu,128,25,128,0.011800239095464349
morgan,Morgan radius-2,cpu,128,26,128,0.011916813091374934
morgan,Morgan radius-2,cpu,128,27,128,0.011403804994188249
morgan,Morgan radius-2,cpu,128,28,128,0.01191582006867975
morgan,Morgan radius-2,cpu,128,29,128,0.012196965049952269
morgan,Morgan radius-2,cpu,128,30,128,0.01180180802475661
morgan,Morgan radius-2,cpu,128,31,128,0.01187470299191773
morgan,Morgan radius-2,cpu,128,32,128,0.011937548057176173
morgan,Morgan radius-2,cpu,128,33,128,0.011720306007191539
morgan,Morgan radius-2,cpu,128,34,128,0.011660501011647284
morgan,Morgan radius-2,cpu,128,35,128,0.011993929976597428
morgan,Morgan radius-2,cpu,128,36,128,0.011551737086847425
morgan,Morgan radius-2,cpu,128,37,128,0.011660499963909388
morgan,Morgan radius-2,cpu,128,38,128,0.012179972953163087
morgan,Morgan radius-2,cpu,128,39,128,0.01166424504481256
morgan,Morgan radius-2,cpu,128,40,128,0.011717715067788959
morgan,Morgan radius-2,cpu,128,41,128,0.01175336295273155
morgan,Morgan radius-2,cpu,128,42,128,0.012208482949063182
morgan,Morgan radius-2,cpu,128,43,128,0.011435355991125107
morgan,Morgan radius-2,cpu,128,44,128,0.011803023982793093
morgan,Morgan radius-2,cpu,128,45,128,0.011693682987242937
morgan,Morgan radius-2,cpu,128,46,128,0.011712756007909775
morgan,Morgan radius-2,cpu,128,47,128,0.011474969913251698
morgan,Morgan radius-2,cpu,128,48,128,0.01207411999348551
morgan,Morgan radius-2,cpu,128,49,128,0.011800526990555227
morgan,Morgan radius-2,cpu,128,50,128,0.01173829089384526
morgan,Morgan radius-2,cpu,128,51,128,0.011533272103406489
morgan,Morgan radius-2,cpu,128,52,128,0.011491033947095275
morgan,Morgan radius-2,cpu,128,53,128,0.012109991046600044
morgan,Morgan radius-2,cpu,128,54,128,0.01228627294767648
morgan,Morgan radius-2,cpu,128,55,128,0.011751218000426888
morgan,Morgan radius-2,cpu,128,56,128,0.011828079004772007
morgan,Morgan radius-2,cpu,128,57,128,0.011762929963879287
morgan,Morgan radius-2,cpu,128,58,128,0.011928300955332816
morgan,Morgan radius-2,cpu,128,59,128,0.011696178000420332
morgan,Morgan radius-2,cpu,128,60,128,0.01173051493242383
morgan,Morgan radius-2,cpu,128,61,128,0.011750577948987484
morgan,Morgan radius-2,cpu,128,62,128,0.011893964954651892
morgan,Morgan radius-2,cpu,128,63,128,0.012032009079121053
morgan,Morgan radius-2,cpu,128,64,128,0.011972395004704595
morgan,Morgan radius-2,cpu,128,65,128,0.011498458101414144
morgan,Morgan radius-2,cpu,128,66,128,0.011946250917389989
morgan,Morgan radius-2,cpu,128,67,128,0.011624407023191452
morgan,Morgan radius-2,cpu,128,68,128,0.012004137970507145
morgan,Morgan radius-2,cpu,128,69,128,0.011928269057534635
morgan,Morgan radius-2,cpu,128,70,128,0.011945549049414694
morgan,Morgan radius-2,cpu,128,71,128,0.01216601999476552
morgan,Morgan radius-2,cpu,128,72,128,0.01215485401917249
morgan,Morgan radius-2,cpu,128,73,128,0.012139620957896113
morgan,Morgan radius-2,cpu,128,74,128,0.012002186034806073
morgan,Morgan radius-2,cpu,128,75,128,0.011947723920457065
morgan,Morgan radius-2,cpu,128,76,128,0.011840751045383513
morgan,Morgan radius-2,cpu,128,77,128,0.011849294998683035
morgan,Morgan radius-2,cpu,128,78,128,0.011777520994655788
morgan,Morgan radius-2,cpu,128,79,128,0.011829072027467191
morgan,Morgan radius-2,cpu,128,80,128,0.012201827019453049
morgan,Morgan radius-2,cpu,128,81,128,0.011581175960600376
morgan,Morgan radius-2,cpu,128,82,128,0.012764754006639123
morgan,Morgan radius-2,cpu,128,83,128,0.011938603944145143
morgan,Morgan radius-2,cpu,128,84,128,0.01200480991974473
morgan,Morgan radius-2,cpu,128,85,128,0.012242145952768624
morgan,Morgan radius-2,cpu,128,86,128,0.01177268906030804
morgan,Morgan radius-2,cpu,128,87,128,0.011621654033660889
morgan,Morgan radius-2,cpu,128,88,128,0.011798992054536939
morgan,Morgan radius-2,cpu,128,89,128,0.011842640000395477
morgan,Morgan radius-2,cpu,128,90,128,0.012059558997862041
morgan,Morgan radius-2,cpu,128,91,128,0.011559320031665266
morgan,Morgan radius-2,cpu,128,92,128,0.01192404399625957
morgan,Morgan radius-2,cpu,128,93,128,0.011919116950593889
morgan,Morgan radius-2,cpu,128,94,128,0.011808239971287549
morgan,Morgan radius-2,cpu,128,95,128,0.012009065947495401
morgan,Morgan radius-2,cpu,128,96,128,0.011690355953760445
morgan,Morgan radius-2,cpu,128,97,128,0.011753777042031288
morgan,Morgan radius-2,cpu,128,98,128,0.011952427914366126
morgan,Morgan radius-2,cpu,128,99,128,0.011652500950731337
morgan,Morgan radius-2,cpu,128,100,128,0.011844591004773974
morgan,Morgan radius-2,cpu,128,101,128,0.01173701009247452
morgan,Morgan radius-2,cpu,128,102,128,0.011943659977987409
morgan,Morgan radius-2,cpu,128,103,128,0.011650101048871875
morgan,Morgan radius-2,cpu,128,104,128,0.011507033021189272
morgan,Morgan radius-2,cpu,128,105,128,0.011961068026721478
morgan,Morgan radius-2,cpu,128,106,128,0.011685107951052487
morgan,Morgan radius-2,cpu,128,107,128,0.01218944403808564
morgan,Morgan radius-2,cpu,128,108,128,0.01239362999331206
morgan,Morgan radius-2,cpu,128,109,128,0.011633108952082694
morgan,Morgan radius-2,cpu,128,110,128,0.011800240958109498
morgan,Morgan radius-2,cpu,128,111,128,0.011638644966296852
morgan,Morgan radius-2,cpu,128,112,128,0.012062471942044795
morgan,Morgan radius-2,cpu,128,113,128,0.011891565984115005
morgan,Morgan radius-2,cpu,128,114,128,0.011436474975198507
morgan,Morgan radius-2,cpu,128,115,128,0.011276960955001414
morgan,Morgan radius-2,cpu,128,116,128,0.012142885010689497
morgan,Morgan radius-2,cpu,128,117,128,0.01179352100007236
morgan,Morgan radius-2,cpu,128,118,128,0.011896781041286886
morgan,Morgan radius-2,cpu,128,119,128,0.011229826021008193
morgan,Morgan radius-2,cpu,128,120,128,0.011908877058885992
morgan,Morgan radius-2,cpu,128,121,128,0.011831407085992396
morgan,Morgan radius-2,cpu,128,122,128,0.01175976195372641
morgan,Morgan radius-2,cpu,128,123,128,0.011790832038968801
morgan,Morgan radius-2,cpu,128,124,128,0.011954988003708422
morgan,Morgan radius-2,cpu,128,125,128,0.01179739204235375
morgan,Morgan radius-2,cpu,128,126,128,0.01189934101421386
morgan,Morgan radius-2,cpu,128,127,128,0.011812304961495101
morgan,Morgan radius-2,cpu,128,128,128,0.011909900000318885
morgan,Morgan radius-2,cpu,128,129,128,0.011791985016316175
morgan,Morgan radius-2,cpu,128,130,128,0.011655284906737506
morgan,Morgan radius-2,cpu,128,131,128,0.011980650015175343
morgan,Morgan radius-2,cpu,128,132,128,0.011638101073913276
morgan,Morgan radius-2,cpu,128,133,128,0.012016905937343836
morgan,Morgan radius-2,cpu,128,134,128,0.011919180979020894
morgan,Morgan radius-2,cpu,128,135,128,0.011638035997748375
morgan,Morgan radius-2,cpu,128,136,128,0.01179323298856616
morgan,Morgan radius-2,cpu,128,137,128,0.012435709009878337
morgan,Morgan radius-2,cpu,128,138,128,0.011894156923517585
morgan,Morgan radius-2,cpu,128,139,128,0.011969643994234502
morgan,Morgan radius-2,cpu,128,140,128,0.012220675009302795
morgan,Morgan radius-2,cpu,128,141,128,0.012092967983335257
morgan,Morgan radius-2,cpu,128,142,128,0.012019176967442036
morgan,Morgan radius-2,cpu,128,143,128,0.011809071991592646
morgan,Morgan radius-2,cpu,128,144,128,0.011709267972037196
morgan,Morgan radius-2,cpu,128,145,128,0.012024809024296701
morgan,Morgan radius-2,cpu,128,146,128,0.01157052000053227
morgan,Morgan radius-2,cpu,128,147,128,0.011433850973844528
morgan,Morgan radius-2,cpu,128,148,128,0.011505626025609672
morgan,Morgan radius-2,cpu,128,149,128,0.011712722014635801
morgan,Morgan radius-2,cpu,128,150,128,0.011563863954506814
morgan,Morgan radius-2,cpu,128,151,128,0.011596663040108979
morgan,Morgan radius-2,cpu,128,152,128,0.011777808889746666
morgan,Morgan radius-2,cpu,128,153,128,0.01159330306109041
morgan,Morgan radius-2,cpu,128,154,128,0.011926891980692744
morgan,Morgan radius-2,cpu,128,155,128,0.011688851984217763
morgan,Morgan radius-2,cpu,128,156,128,0.011950860032811761
morgan,Morgan radius-2,cpu,128,157,128,0.011851022019982338
morgan,Morgan radius-2,cpu,128,158,128,0.012482778984121978
morgan,Morgan radius-2,cpu,128,159,128,0.011876846081577241
morgan,Morgan radius-2,cpu,128,160,128,0.011853998992592096
morgan,Morgan radius-2,cpu,128,161,128,0.011670482927002013
morgan,Morgan radius-2,cpu,128,162,128,0.01186503900680691
morgan,Morgan radius-2,cpu,128,163,128,0.011491450015455484
morgan,Morgan radius-2,cpu,128,164,128,0.01192244398407638
morgan,Morgan radius-2,cpu,128,165,128,0.01255234598647803
morgan,Morgan radius-2,cpu,128,166,128,0.011997705092653632
morgan,Morgan radius-2,cpu,128,167,128,0.01180990505963564
morgan,Morgan radius-2,cpu,128,168,128,0.012384573929011822
morgan,Morgan radius-2,cpu,128,169,128,0.012008297024294734
morgan,Morgan radius-2,cpu,128,170,128,0.012234340072609484
morgan,Morgan radius-2,cpu,128,171,128,0.01230208098422736
morgan,Morgan radius-2,cpu,128,172,128,0.012204612954519689
morgan,Morgan radius-2,cpu,128,173,128,0.012188293039798737
morgan,Morgan radius-2,cpu,128,174,128,0.011776306084357202
morgan,Morgan radius-2,cpu,128,175,128,0.012068872107192874
morgan,Morgan radius-2,cpu,128,176,128,0.011819919920526445
morgan,Morgan radius-2,cpu,128,177,128,0.011498809908516705
morgan,Morgan radius-2,cpu,128,178,128,0.011383645003661513
morgan,Morgan radius-2,cpu,128,179,128,0.01171995501499623
morgan,Morgan radius-2,cpu,128,180,128,0.011733746039681137
morgan,Morgan radius-2,cpu,128,181,128,0.012169956928119063
morgan,Morgan radius-2,cpu,128,182,128,0.011968042934313416
morgan,Morgan radius-2,cpu,128,183,128,0.01151314505841583
morgan,Morgan radius-2,cpu,128,184,128,0.011851215036585927
morgan,Morgan radius-2,cpu,128,185,128,0.011725777992978692
morgan,Morgan radius-2,cpu,128,186,128,0.01204122498165816
morgan,Morgan radius-2,cpu,128,187,128,0.012032074038870633
morgan,Morgan radius-2,cpu,128,188,128,0.01209536602254957
morgan,Morgan radius-2,cpu,128,189,128,0.011853263014927506
morgan,Morgan radius-2,cpu,128,190,128,0.01200260198675096
morgan,Morgan radius-2,cpu,128,191,128,0.012027529999613762
morgan,Morgan radius-2,cpu,128,192,128,0.012024648953229189
morgan,Morgan radius-2,cpu,128,193,128,0.01215251802932471
morgan,Morgan radius-2,cpu,128,194,128,0.011760752997361124
morgan,Morgan radius-2,cpu,128,195,128,0.011864301981404424
morgan,Morgan radius-2,cpu,128,196,128,0.011626581894233823
morgan,Morgan radius-2,cpu,128,197,128,0.01177857699804008
morgan,Morgan radius-2,cpu,128,198,128,0.011766801006160676
morgan,Morgan radius-2,cpu,128,199,128,0.011942572076804936
morgan,Morgan radius-2,cpu,128,200,128,0.011888238019309938
morgan,Morgan radius-2,cpu,128,201,128,0.01173841895069927
morgan,Morgan radius-2,cpu,128,202,128,0.012204451020807028
morgan,Morgan radius-2,cpu,128,203,128,0.012142086052335799
morgan,Morgan radius-2,cpu,128,204,128,0.012047752039507031
morgan,Morgan radius-2,cpu,128,205,128,0.011305760010145605
morgan,Morgan radius-2,cpu,128,206,128,0.011847534915432334
morgan,Morgan radius-2,cpu,128,207,128,0.011640180950053036
morgan,Morgan radius-2,cpu,128,208,128,0.012262338073924184
morgan,Morgan radius-2,cpu,128,209,128,0.011625270009972155
morgan,Morgan radius-2,cpu,128,210,128,0.011709843995049596
morgan,Morgan radius-2,cpu,128,211,128,0.011878830031491816
morgan,Morgan radius-2,cpu,128,212,128,0.012066599912941456
morgan,Morgan radius-2,cpu,128,213,128,0.01157749502453953
morgan,Morgan radius-2,cpu,128,214,128,0.011766736977733672
morgan,Morgan radius-2,cpu,128,215,128,0.011651093023829162
morgan,Morgan radius-2,cpu,128,216,128,0.011649140971712768
morgan,Morgan radius-2,cpu,128,217,128,0.0113706219708547
morgan,Morgan radius-2,cpu,128,218,128,0.01226924906950444
morgan,Morgan radius-2,cpu,128,219,128,0.011838862905278802
morgan,Morgan radius-2,cpu,128,220,128,0.011966219986788929
morgan,Morgan radius-2,cpu,128,221,128,0.011902316007763147
morgan,Morgan radius-2,cpu,128,222,128,0.011982155963778496
morgan,Morgan radius-2,cpu,128,223,128,0.011951052001677454
morgan,Morgan radius-2,cpu,128,224,128,0.011850255075842142
morgan,Morgan radius-2,cpu,128,225,128,0.011682771961204708
morgan,Morgan radius-2,cpu,128,226,128,0.011991881998255849
morgan,Morgan radius-2,cpu,128,227,128,0.011565880035050213
morgan,Morgan radius-2,cpu,128,228,128,0.011855405988171697
morgan,Morgan radius-2,cpu,128,229,128,0.01153973606415093
morgan,Morgan radius-2,cpu,128,230,128,0.011981452000327408
morgan,Morgan radius-2,cpu,128,231,128,0.011927179992198944
morgan,Morgan radius-2,cpu,128,232,128,0.011789456941187382
morgan,Morgan radius-2,cpu,128,233,128,0.011734738014638424
morgan,Morgan radius-2,cpu,128,234,128,0.012290337006561458
morgan,Morgan radius-2,cpu,128,235,128,0.012242690077982843
morgan,Morgan radius-2,cpu,128,236,128,0.012266337987966835
morgan,Morgan radius-2,cpu,128,237,128,0.011676436057314277
morgan,Morgan radius-2,cpu,128,238,128,0.012151462025940418
morgan,Morgan radius-2,cpu,128,239,128,0.011766865034587681
morgan,Morgan radius-2,cpu,128,240,128,0.012064072070643306
morgan,Morgan radius-2,cpu,128,241,128,0.011688019963912666
morgan,Morgan radius-2,cpu,128,242,128,0.012004393967799842
morgan,Morgan radius-2,cpu,128,243,128,0.01168309198692441
morgan,Morgan radius-2,cpu,128,244,128,0.0114609869197011
morgan,Morgan radius-2,cpu,128,245,128,0.012064679060131311
morgan,Morgan radius-2,cpu,128,246,128,0.0119944749167189
morgan,Morgan radius-2,cpu,128,247,128,0.011870317975990474
morgan,Morgan radius-2,cpu,128,248,128,0.011755218962207437
morgan,Morgan radius-2,cpu,128,249,128,0.011823086999356747
morgan,Morgan radius-2,cpu,128,250,128,0.01189831702504307
morgan,Morgan radius-2,cpu,128,251,128,0.011770194047130644
morgan,Morgan radius-2,cpu,128,252,128,0.01205476000905037
morgan,Morgan radius-2,cpu,128,253,128,0.012042472953908145
morgan,Morgan radius-2,cpu,128,254,128,0.012001545983366668
morgan,Morgan radius-2,cpu,128,255,128,0.012125829933211207
morgan,Morgan radius-2,cpu,128,256,128,0.012428157031536102
morgan,Morgan radius-2,cpu,128,257,128,0.012076006969437003
morgan,Morgan radius-2,cpu,128,258,128,0.012050473014824092
morgan,Morgan radius-2,cpu,128,259,128,0.01209075900260359
morgan,Morgan radius-2,cpu,128,260,128,0.012067783973179758
morgan,Morgan radius-2,cpu,128,261,128,0.011926476028747857
morgan,Morgan radius-2,cpu,128,262,128,0.012245442951098084
morgan,Morgan radius-2,cpu,128,263,128,0.011947083054110408
morgan,Morgan radius-2,cpu,128,264,128,0.01158847101032734
morgan,Morgan radius-2,cpu,128,265,128,0.012069671996869147
morgan,Morgan radius-2,cpu,128,266,128,0.011957995011471212
morgan,Morgan radius-2,cpu,128,267,128,0.012208260013721883
morgan,Morgan radius-2,cpu,128,268,128,0.011727250996045768
morgan,Morgan radius-2,cpu,128,269,128,0.012314913095906377
morgan,Morgan radius-2,cpu,128,270,128,0.011979755945503712
morgan,Morgan radius-2,cpu,128,271,128,0.01207507902290672
morgan,Morgan radius-2,cpu,128,272,128,0.0122699219500646
morgan,Morgan radius-2,cpu,128,273,128,0.011982185998931527
morgan,Morgan radius-2,cpu,128,274,128,0.011871629976667464
morgan,Morgan radius-2,cpu,128,275,128,0.011462970986030996
morgan,Morgan radius-2,cpu,128,276,128,0.012038698070682585
morgan,Morgan radius-2,cpu,128,277,128,0.012002026080153883
morgan,Morgan radius-2,cpu,128,278,128,0.011866349959746003
morgan,Morgan radius-2,cpu,128,279,128,0.01152268098667264
morgan,Morgan radius-2,cpu,128,280,128,0.012243778095580637
morgan,Morgan radius-2,cpu,128,281,128,0.011634645983576775
morgan,Morgan radius-2,cpu,128,282,128,0.011741554015316069
morgan,Morgan radius-2,cpu,128,283,128,0.01203856896609068
morgan,Morgan radius-2,cpu,128,284,128,0.012062216061167419
morgan,Morgan radius-2,cpu,128,285,128,0.011615158058702946
morgan,Morgan radius-2,cpu,128,286,128,0.012489147018641233
morgan,Morgan radius-2,cpu,128,287,128,0.011756593943573534
morgan,Morgan radius-2,cpu,128,288,128,0.011716978042386472
morgan,Morgan radius-2,cpu,128,289,128,0.011791121098212898
morgan,Morgan radius-2,cpu,128,290,128,0.011592694092541933
morgan,Morgan radius-2,cpu,128,291,128,0.011687188991345465
morgan,Morgan radius-2,cpu,128,292,128,0.011678676004521549
morgan,Morgan radius-2,cpu,128,293,128,0.011423195945098996
morgan,Morgan radius-2,cpu,128,294,128,0.011359454947523773
morgan,Morgan radius-2,cpu,128,295,128,0.011506938026286662
morgan,Morgan radius-2,cpu,128,296,128,0.012058857013471425
morgan,Morgan radius-2,cpu,128,297,128,0.012011592974886298
morgan,Morgan radius-2,cpu,128,298,128,0.011613014037720859
morgan,Morgan radius-2,cpu,128,299,128,0.011334048002026975
morgan,Morgan radius-2,cpu,128,300,128,0.011938092997297645
morgan,Morgan radius-2,cpu,128,301,128,0.011719603091478348
morgan,Morgan radius-2,cpu,128,302,128,0.011568502988666296
morgan,Morgan radius-2,cpu,128,303,128,0.011605974985286593
morgan,Morgan radius-2,cpu,128,304,128,0.011900300974957645
morgan,Morgan radius-2,cpu,128,305,128,0.011538360035046935
morgan,Morgan radius-2,cpu,128,306,128,0.011932333000004292
morgan,Morgan radius-2,cpu,128,307,128,0.012046440970152617
morgan,Morgan radius-2,cpu,128,308,128,0.01167378097306937
morgan,Morgan radius-2,cpu,128,309,128,0.011965929996222258
morgan,Morgan radius-2,cpu,128,310,128,0.011817712103947997
morgan,Morgan radius-2,cpu,128,311,128,0.011328735970892012
morgan,Morgan radius-2,cpu,128,312,128,0.011785008944571018
morgan,Morgan radius-2,cpu,128,313,128,0.011953547014854848
morgan,Morgan radius-2,cpu,128,314,128,0.012057384941726923
morgan,Morgan radius-2,cpu,128,315,128,0.011467259959317744
morgan,Morgan radius-2,cpu,128,316,128,0.011463643051683903
morgan,Morgan radius-2,cpu,128,317,128,0.01205434394069016
morgan,Morgan radius-2,cpu,128,318,128,0.012299392954446375
morgan,Morgan radius-2,cpu,128,319,128,0.011324350954964757
morgan,Morgan radius-2,cpu,128,320,128,0.011850256007164717
morgan,Morgan radius-2,cpu,128,321,128,0.012237153947353363
morgan,Morgan radius-2,cpu,128,322,128,0.011868685949593782
morgan,Morgan radius-2,cpu,128,323,128,0.011699540074914694
morgan,Morgan radius-2,cpu,128,324,128,0.0115019460208714
morgan,Morgan radius-2,cpu,128,325,128,0.011855565942823887
morgan,Morgan radius-2,cpu,128,326,128,0.012019849964417517
morgan,Morgan radius-2,cpu,128,327,128,0.011877806042321026
morgan,Morgan radius-2,cpu,128,328,128,0.01195290801115334
morgan,Morgan radius-2,cpu,128,329,128,0.011463801958598197
morgan,Morgan radius-2,cpu,128,330,128,0.011837007943540812
morgan,Morgan radius-2,cpu,128,331,128,0.011939820018596947
morgan,Morgan radius-2,cpu,128,332,128,0.012077223975211382
morgan,Morgan radius-2,cpu,128,333,128,0.011976554989814758
morgan,Morgan radius-2,cpu,128,334,128,0.01199687400367111
morgan,Morgan radius-2,cpu,128,335,128,0.011867214925587177
morgan,Morgan radius-2,cpu,128,336,128,0.012192580965347588
morgan,Morgan radius-2,cpu,128,337,128,0.012246976955793798
morgan,Morgan radius-2,cpu,128,338,128,0.012053449056111276
morgan,Morgan radius-2,cpu,128,339,128,0.011803088942542672
morgan,Morgan radius-2,cpu,128,340,128,0.011872493079863489
morgan,Morgan radius-2,cpu,128,341,128,0.011656404938548803
morgan,Morgan radius-2,cpu,128,342,128,0.011558969039469957
morgan,Morgan radius-2,cpu,128,343,128,0.011668532970361412
morgan,Morgan radius-2,cpu,128,344,128,0.011922955978661776
morgan,Morgan radius-2,cpu,128,345,128,0.01200624997727573
morgan,Morgan radius-2,cpu,128,346,128,0.011917453026399016
morgan,Morgan radius-2,cpu,128,347,128,0.01161730196326971
morgan,Morgan radius-2,cpu,128,348,128,0.011548183974809945
morgan,Morgan radius-2,cpu,128,349,128,0.012075976002961397
morgan,Morgan radius-2,cpu,128,350,128,0.011958956019952893
morgan,Morgan radius-2,cpu,128,351,128,0.011678579961881042
morgan,Morgan radius-2,cpu,128,352,128,0.011826638947241008
morgan,Morgan radius-2,cpu,128,353,128,0.011932877008803189
morgan,Morgan radius-2,cpu,128,354,128,0.012092455988749862
morgan,Morgan radius-2,cpu,128,355,128,0.011731634964235127
morgan,Morgan radius-2,cpu,128,356,128,0.011754545965231955
morgan,Morgan radius-2,cpu,128,357,128,0.01180100894998759
morgan,Morgan radius-2,cpu,128,358,128,0.011867951019667089
morgan,Morgan radius-2,cpu,128,359,128,0.011552248965017498
morgan,Morgan radius-2,cpu,128,360,128,0.011604085913859308
morgan,Morgan radius-2,cpu,128,361,128,0.011894061928614974
morgan,Morgan radius-2,cpu,128,362,128,0.011582646984606981
morgan,Morgan radius-2,cpu,128,363,128,0.011657588998787105
morgan,Morgan radius-2,cpu,128,364,128,0.01204496796708554
morgan,Morgan radius-2,cpu,128,365,128,0.011710899998433888
morgan,Morgan radius-2,cpu,128,366,128,0.011679923976771533
morgan,Morgan radius-2,cpu,128,367,128,0.011656949995085597
morgan,Morgan radius-2,cpu,128,368,128,0.011969514074735343
morgan,Morgan radius-2,cpu,128,369,128,0.011396637069992721
morgan,Morgan radius-2,cpu,128,370,128,0.013258084072731435
morgan,Morgan radius-2,cpu,128,371,128,0.012169699999503791
morgan,Morgan radius-2,cpu,128,372,128,0.01239846192765981
morgan,Morgan radius-2,cpu,128,373,128,0.012777201947756112
morgan,Morgan radius-2,cpu,128,374,128,0.012487516039982438
morgan,Morgan radius-2,cpu,128,375,128,0.012174564064480364
morgan,Morgan radius-2,cpu,128,376,128,0.012058823951520026
morgan,Morgan radius-2,cpu,128,377,128,0.011698516085743904
morgan,Morgan radius-2,cpu,128,378,128,0.011927725048735738
morgan,Morgan radius-2,cpu,128,379,128,0.012154309079051018
morgan,Morgan radius-2,cpu,128,380,128,0.011983083095401525
morgan,Morgan radius-2,cpu,128,381,128,0.011995050008408725
morgan,Morgan radius-2,cpu,128,382,128,0.011971532017923892
morgan,Morgan radius-2,cpu,128,383,128,0.01202516001649201
morgan,Morgan radius-2,cpu,128,384,128,0.01171400398015976
morgan,Morgan radius-2,cpu,128,385,128,0.012163492967374623
morgan,Morgan radius-2,cpu,128,386,128,0.011989707010798156
morgan,Morgan radius-2,cpu,128,387,128,0.011743761948309839
morgan,Morgan radius-2,cpu,128,388,128,0.012209028005599976
morgan,Morgan radius-2,cpu,128,389,52,0.004832169972360134
morgan,Morgan radius-2,cpu,256,0,256,0.02374921296723187
morgan,Morgan radius-2,cpu,256,1,256,0.024106706026941538
morgan,Morgan radius-2,cpu,256,2,256,0.023839481989853084
morgan,Morgan radius-2,cpu,256,3,256,0.023719870019704103
morgan,Morgan radius-2,cpu,256,4,256,0.023763995966874063
morgan,Morgan radius-2,cpu,256,5,256,0.023176142014563084
morgan,Morgan radius-2,cpu,256,6,256,0.02356880099978298
morgan,Morgan radius-2,cpu,256,7,256,0.023752508917823434
morgan,Morgan radius-2,cpu,256,8,256,0.023602336994372308
morgan,Morgan radius-2,cpu,256,9,256,0.02409636997617781
morgan,Morgan radius-2,cpu,256,10,256,0.023659007041715086
morgan,Morgan radius-2,cpu,256,11,256,0.023003380047157407
morgan,Morgan radius-2,cpu,256,12,256,0.02297150797676295
morgan,Morgan radius-2,cpu,256,13,256,0.023167310981079936
morgan,Morgan radius-2,cpu,256,14,256,0.02382072899490595
morgan,Morgan radius-2,cpu,256,15,256,0.023633920936845243
morgan,Morgan radius-2,cpu,256,16,256,0.023576801060698926
morgan,Morgan radius-2,cpu,256,17,256,0.02364099200349301
morgan,Morgan radius-2,cpu,256,18,256,0.02305166597943753
morgan,Morgan radius-2,cpu,256,19,256,0.023515044013038278
morgan,Morgan radius-2,cpu,256,20,256,0.023487875936552882
morgan,Morgan radius-2,cpu,256,21,256,0.023545827018097043
morgan,Morgan radius-2,cpu,256,22,256,0.023193485918454826
morgan,Morgan radius-2,cpu,256,23,256,0.023044114001095295
morgan,Morgan radius-2,cpu,256,24,256,0.023835193016566336
morgan,Morgan radius-2,cpu,256,25,256,0.023253325023688376
morgan,Morgan radius-2,cpu,256,26,256,0.023520354996435344
morgan,Morgan radius-2,cpu,256,27,256,0.023953397991135716
morgan,Morgan radius-2,cpu,256,28,256,0.023691037902608514
morgan,Morgan radius-2,cpu,256,29,256,0.023682750994339585
morgan,Morgan radius-2,cpu,256,30,256,0.02331453701481223
morgan,Morgan radius-2,cpu,256,31,256,0.023722046054899693
morgan,Morgan radius-2,cpu,256,32,256,0.023158574011176825
morgan,Morgan radius-2,cpu,256,33,256,0.02314865600783378
morgan,Morgan radius-2,cpu,256,34,256,0.023645502980798483
morgan,Morgan radius-2,cpu,256,35,256,0.023760923999361694
morgan,Morgan radius-2,cpu,256,36,256,0.02401457994710654
morgan,Morgan radius-2,cpu,256,37,256,0.023694494972005486
morgan,Morgan radius-2,cpu,256,38,256,0.02353094599675387
morgan,Morgan radius-2,cpu,256,39,256,0.023266891948878765
morgan,Morgan radius-2,cpu,256,40,256,0.02350422809831798
morgan,Morgan radius-2,cpu,256,41,256,0.02336218603886664
morgan,Morgan radius-2,cpu,256,42,256,0.023743099998682737
morgan,Morgan radius-2,cpu,256,43,256,0.023339242092333734
morgan,Morgan radius-2,cpu,256,44,256,0.023519042995758355
morgan,Morgan radius-2,cpu,256,45,256,0.023422919097356498
morgan,Morgan radius-2,cpu,256,46,256,0.023626527981832623
morgan,Morgan radius-2,cpu,256,47,256,0.02370851009618491
morgan,Morgan radius-2,cpu,256,48,256,0.023386310902424157
morgan,Morgan radius-2,cpu,256,49,256,0.02350093307904899
morgan,Morgan radius-2,cpu,256,50,256,0.023432614048942924
morgan,Morgan radius-2,cpu,256,51,256,0.023484230041503906
morgan,Morgan radius-2,cpu,256,52,256,0.023184332996606827
morgan,Morgan radius-2,cpu,256,53,256,0.02337370498571545
morgan,Morgan radius-2,cpu,256,54,256,0.023529345984570682
morgan,Morgan radius-2,cpu,256,55,256,0.023099665995687246
morgan,Morgan radius-2,cpu,256,56,256,0.02374230104032904
morgan,Morgan radius-2,cpu,256,57,256,0.02268947008997202
morgan,Morgan radius-2,cpu,256,58,256,0.023829593905247748
morgan,Morgan radius-2,cpu,256,59,256,0.023046066984534264
morgan,Morgan radius-2,cpu,256,60,256,0.023516803979873657
morgan,Morgan radius-2,cpu,256,61,256,0.023204141994938254
morgan,Morgan radius-2,cpu,256,62,256,0.023638303973712027
morgan,Morgan radius-2,cpu,256,63,256,0.023560546920634806
morgan,Morgan radius-2,cpu,256,64,256,0.02359529596287757
morgan,Morgan radius-2,cpu,256,65,256,0.023577473941259086
morgan,Morgan radius-2,cpu,256,66,256,0.023544867057353258
morgan,Morgan radius-2,cpu,256,67,256,0.023446117993444204
morgan,Morgan radius-2,cpu,256,68,256,0.023530178936198354
morgan,Morgan radius-2,cpu,256,69,256,0.023462565033696592
morgan,Morgan radius-2,cpu,256,70,256,0.024224844994023442
morgan,Morgan radius-2,cpu,256,71,256,0.02361561800353229
morgan,Morgan radius-2,cpu,256,72,256,0.02366428601089865
morgan,Morgan radius-2,cpu,256,73,256,0.02279487403575331
morgan,Morgan radius-2,cpu,256,74,256,0.023080785060301423
morgan,Morgan radius-2,cpu,256,75,256,0.023376008961349726
morgan,Morgan radius-2,cpu,256,76,256,0.023492931970395148
morgan,Morgan radius-2,cpu,256,77,256,0.023542691953480244
morgan,Morgan radius-2,cpu,256,78,256,0.02331600897014141
morgan,Morgan radius-2,cpu,256,79,256,0.02405579504556954
morgan,Morgan radius-2,cpu,256,80,256,0.022926709963940084
morgan,Morgan radius-2,cpu,256,81,256,0.023303083027713
morgan,Morgan radius-2,cpu,256,82,256,0.024165679002180696
morgan,Morgan radius-2,cpu,256,83,256,0.023202541982755065
morgan,Morgan radius-2,cpu,256,84,256,0.02365555102005601
morgan,Morgan radius-2,cpu,256,85,256,0.024070161976851523
morgan,Morgan radius-2,cpu,256,86,256,0.02401506097521633
morgan,Morgan radius-2,cpu,256,87,256,0.02353552298154682
morgan,Morgan radius-2,cpu,256,88,256,0.023179118055850267
morgan,Morgan radius-2,cpu,256,89,256,0.022980884998105466
morgan,Morgan radius-2,cpu,256,90,256,0.023573760990984738
morgan,Morgan radius-2,cpu,256,91,256,0.02332490507978946
morgan,Morgan radius-2,cpu,256,92,256,0.02351930004078895
morgan,Morgan radius-2,cpu,256,93,256,0.023639999912120402
morgan,Morgan radius-2,cpu,256,94,256,0.023492580046877265
morgan,Morgan radius-2,cpu,256,95,256,0.023705374100245535
morgan,Morgan radius-2,cpu,256,96,256,0.02374447591137141
morgan,Morgan radius-2,cpu,256,97,256,0.023404646897688508
morgan,Morgan radius-2,cpu,256,98,256,0.023166383034549654
morgan,Morgan radius-2,cpu,256,99,256,0.02338525594677776
morgan,Morgan radius-2,cpu,256,100,256,0.023117169039323926
morgan,Morgan radius-2,cpu,256,101,256,0.024185135029256344
morgan,Morgan radius-2,cpu,256,102,256,0.023105968022719026
morgan,Morgan radius-2,cpu,256,103,256,0.023296458064578474
morgan,Morgan radius-2,cpu,256,104,256,0.023717885953374207
morgan,Morgan radius-2,cpu,256,105,256,0.023388614994473755
morgan,Morgan radius-2,cpu,256,106,256,0.02350672392640263
morgan,Morgan radius-2,cpu,256,107,256,0.023310985998250544
morgan,Morgan radius-2,cpu,256,108,256,0.02281324192881584
morgan,Morgan radius-2,cpu,256,109,256,0.023740029078908265
morgan,Morgan radius-2,cpu,256,110,256,0.023716190014965832
morgan,Morgan radius-2,cpu,256,111,256,0.023822265909984708
morgan,Morgan radius-2,cpu,256,112,256,0.02356598700862378
morgan,Morgan radius-2,cpu,256,113,256,0.023310089018195868
morgan,Morgan radius-2,cpu,256,114,256,0.02336535300128162
morgan,Morgan radius-2,cpu,256,115,256,0.02379752998240292
morgan,Morgan radius-2,cpu,256,116,256,0.023467813967727125
morgan,Morgan radius-2,cpu,256,117,256,0.024129200028255582
morgan,Morgan radius-2,cpu,256,118,256,0.023680830956436694
morgan,Morgan radius-2,cpu,256,119,256,0.023847801028750837
morgan,Morgan radius-2,cpu,256,120,256,0.023314762045629323
morgan,Morgan radius-2,cpu,256,121,256,0.023571906029246747
morgan,Morgan radius-2,cpu,256,122,256,0.023081969004124403
morgan,Morgan radius-2,cpu,256,123,256,0.023538082954473794
morgan,Morgan radius-2,cpu,256,124,256,0.023124816012568772
morgan,Morgan radius-2,cpu,256,125,256,0.02329492208082229
morgan,Morgan radius-2,cpu,256,126,256,0.023999604978598654
morgan,Morgan radius-2,cpu,256,127,256,0.02461952099110931
morgan,Morgan radius-2,cpu,256,128,256,0.0239789659390226
morgan,Morgan radius-2,cpu,256,129,256,0.02375445992220193
morgan,Morgan radius-2,cpu,256,130,256,0.02345277403946966
morgan,Morgan radius-2,cpu,256,131,256,0.023843673057854176
morgan,Morgan radius-2,cpu,256,132,256,0.02328276401385665
morgan,Morgan radius-2,cpu,256,133,256,0.023573313024826348
morgan,Morgan radius-2,cpu,256,134,256,0.023692831047810614
morgan,Morgan radius-2,cpu,256,135,256,0.023640383034944534
morgan,Morgan radius-2,cpu,256,136,256,0.023643583990633488
morgan,Morgan radius-2,cpu,256,137,256,0.022796249017119408
morgan,Morgan radius-2,cpu,256,138,256,0.023616897989995778
morgan,Morgan radius-2,cpu,256,139,256,0.023148206993937492
morgan,Morgan radius-2,cpu,256,140,256,0.023478116956539452
morgan,Morgan radius-2,cpu,256,141,256,0.023670751019380987
morgan,Morgan radius-2,cpu,256,142,256,0.023358825012110174
morgan,Morgan radius-2,cpu,256,143,256,0.02407752093859017
morgan,Morgan radius-2,cpu,256,144,256,0.023365257075056434
morgan,Morgan radius-2,cpu,256,145,256,0.023149166954681277
morgan,Morgan radius-2,cpu,256,146,256,0.022911734995432198
morgan,Morgan radius-2,cpu,256,147,256,0.022663612966425717
morgan,Morgan radius-2,cpu,256,148,256,0.024137041065841913
morgan,Morgan radius-2,cpu,256,149,256,0.022911606007255614
morgan,Morgan radius-2,cpu,256,150,256,0.02362592110875994
morgan,Morgan radius-2,cpu,256,151,256,0.023111502989195287
morgan,Morgan radius-2,cpu,256,152,256,0.023374408949166536
morgan,Morgan radius-2,cpu,256,153,256,0.023852279991842806
morgan,Morgan radius-2,cpu,256,154,256,0.023526884033344686
morgan,Morgan radius-2,cpu,256,155,256,0.022925558034330606
morgan,Morgan radius-2,cpu,256,156,256,0.023535715066827834
morgan,Morgan radius-2,cpu,256,157,256,0.02336106402799487
morgan,Morgan radius-2,cpu,256,158,256,0.023412807029671967
morgan,Morgan radius-2,cpu,256,159,256,0.023365096072666347
morgan,Morgan radius-2,cpu,256,160,256,0.023742494056932628
morgan,Morgan radius-2,cpu,256,161,256,0.02322977303992957
morgan,Morgan radius-2,cpu,256,162,256,0.023311914992518723
morgan,Morgan radius-2,cpu,256,163,256,0.02351853100117296
morgan,Morgan radius-2,cpu,256,164,256,0.023425959050655365
morgan,Morgan radius-2,cpu,256,165,256,0.023590592900291085
morgan,Morgan radius-2,cpu,256,166,256,0.023745181038975716
morgan,Morgan radius-2,cpu,256,167,256,0.023631614982150495
morgan,Morgan radius-2,cpu,256,168,256,0.02388930495362729
morgan,Morgan radius-2,cpu,256,169,256,0.02372613991610706
morgan,Morgan radius-2,cpu,256,170,256,0.023259371984750032
morgan,Morgan radius-2,cpu,256,171,256,0.02307969704270363
morgan,Morgan radius-2,cpu,256,172,256,0.02395176701247692
morgan,Morgan radius-2,cpu,256,173,256,0.023429253953509033
morgan,Morgan radius-2,cpu,256,174,256,0.023496676003560424
morgan,Morgan radius-2,cpu,256,175,256,0.023648766917176545
morgan,Morgan radius-2,cpu,256,176,256,0.02360672107897699
morgan,Morgan radius-2,cpu,256,177,256,0.02370470203459263
morgan,Morgan radius-2,cpu,256,178,256,0.023553923005238175
morgan,Morgan radius-2,cpu,256,179,256,0.023471812019124627
morgan,Morgan radius-2,cpu,256,180,256,0.023554499028250575
morgan,Morgan radius-2,cpu,256,181,256,0.023370184004306793
morgan,Morgan radius-2,cpu,256,182,256,0.023703358019702137
morgan,Morgan radius-2,cpu,256,183,256,0.0232003330020234
morgan,Morgan radius-2,cpu,256,184,256,0.023456102004274726
morgan,Morgan radius-2,cpu,256,185,256,0.0231997889932245
morgan,Morgan radius-2,cpu,256,186,256,0.024135120096616447
morgan,Morgan radius-2,cpu,256,187,256,0.023752380977384746
morgan,Morgan radius-2,cpu,256,188,256,0.02335050399415195
morgan,Morgan radius-2,cpu,256,189,256,0.023650880088098347
morgan,Morgan radius-2,cpu,256,190,256,0.023734045098535717
morgan,Morgan radius-2,cpu,256,191,256,0.02369065396487713
morgan,Morgan radius-2,cpu,256,192,256,0.023622623994015157
morgan,Morgan radius-2,cpu,256,193,256,0.02363526402041316
morgan,Morgan radius-2,cpu,256,194,180,0.016836340073496103
morgan,Morgan radius-2,cpu,512,0,512,0.04735577304381877
morgan,Morgan radius-2,cpu,512,1,512,0.049037768971174955
morgan,Morgan radius-2,cpu,512,2,512,0.04681146994698793
morgan,Morgan radius-2,cpu,512,3,512,0.04683409398421645
morgan,Morgan radius-2,cpu,512,4,512,0.04732185497414321
morgan,Morgan radius-2,cpu,512,5,512,0.04645269690081477
morgan,Morgan radius-2,cpu,512,6,512,0.046266719000414014
morgan,Morgan radius-2,cpu,512,7,512,0.047439931076951325
morgan,Morgan radius-2,cpu,512,8,512,0.047133859945461154
morgan,Morgan radius-2,cpu,512,9,512,0.046372187905944884
morgan,Morgan radius-2,cpu,512,10,512,0.04642229794990271
morgan,Morgan radius-2,cpu,512,11,512,0.04613206803333014
morgan,Morgan radius-2,cpu,512,12,512,0.04705366992857307
morgan,Morgan radius-2,cpu,512,13,512,0.04731222300324589
morgan,Morgan radius-2,cpu,512,14,512,0.04725097701884806
morgan,Morgan radius-2,cpu,512,15,512,0.04688282904680818
morgan,Morgan radius-2,cpu,512,16,512,0.04611814802046865
morgan,Morgan radius-2,cpu,512,17,512,0.04707091802265495
morgan,Morgan radius-2,cpu,512,18,512,0.04743311495985836
morgan,Morgan radius-2,cpu,512,19,512,0.046708401991054416
morgan,Morgan radius-2,cpu,512,20,512,0.04689537105150521
morgan,Morgan radius-2,cpu,512,21,512,0.04694122599903494
morgan,Morgan radius-2,cpu,512,22,512,0.0471009979955852
morgan,Morgan radius-2,cpu,512,23,512,0.047269568080082536
morgan,Morgan radius-2,cpu,512,24,512,0.0469090670812875
morgan,Morgan radius-2,cpu,512,25,512,0.04704727104399353
morgan,Morgan radius-2,cpu,512,26,512,0.04664101102389395
morgan,Morgan radius-2,cpu,512,27,512,0.046682898071594536
morgan,Morgan radius-2,cpu,512,28,512,0.04644357808865607
morgan,Morgan radius-2,cpu,512,29,512,0.046832813997752964
morgan,Morgan radius-2,cpu,512,30,512,0.046700913924723864
morgan,Morgan radius-2,cpu,512,31,512,0.04723702499177307
morgan,Morgan radius-2,cpu,512,32,512,0.047251585056073964
morgan,Morgan radius-2,cpu,512,33,512,0.04689457092899829
morgan,Morgan radius-2,cpu,512,34,512,0.047024391940794885
morgan,Morgan radius-2,cpu,512,35,512,0.047761649009771645
morgan,Morgan radius-2,cpu,512,36,512,0.04631433403119445
morgan,Morgan radius-2,cpu,512,37,512,0.04614409909117967
morgan,Morgan radius-2,cpu,512,38,512,0.04663912404794246
morgan,Morgan radius-2,cpu,512,39,512,0.04752962407656014
morgan,Morgan radius-2,cpu,512,40,512,0.046327996999025345
morgan,Morgan radius-2,cpu,512,41,512,0.04757886996958405
morgan,Morgan radius-2,cpu,512,42,512,0.047787758987396955
morgan,Morgan radius-2,cpu,512,43,512,0.04759311000816524
morgan,Morgan radius-2,cpu,512,44,512,0.04616064310539514
morgan,Morgan radius-2,cpu,512,45,512,0.046585493022575974
morgan,Morgan radius-2,cpu,512,46,512,0.04696023394353688
morgan,Morgan radius-2,cpu,512,47,512,0.047221953980624676
morgan,Morgan radius-2,cpu,512,48,512,0.047018151031807065
morgan,Morgan radius-2,cpu,512,49,512,0.046393883996643126
morgan,Morgan radius-2,cpu,512,50,512,0.047163012088276446
morgan,Morgan radius-2,cpu,512,51,512,0.04640626604668796
morgan,Morgan radius-2,cpu,512,52,512,0.04708013404160738
morgan,Morgan radius-2,cpu,512,53,512,0.046758831944316626
morgan,Morgan radius-2,cpu,512,54,512,0.04644152894616127
morgan,Morgan radius-2,cpu,512,55,512,0.04745871399063617
morgan,Morgan radius-2,cpu,512,56,512,0.04688305302988738
morgan,Morgan radius-2,cpu,512,57,512,0.04717766598332673
morgan,Morgan radius-2,cpu,512,58,512,0.047663092031143606
morgan,Morgan radius-2,cpu,512,59,512,0.04751128808129579
morgan,Morgan radius-2,cpu,512,60,512,0.04674158408306539
morgan,Morgan radius-2,cpu,512,61,512,0.04651035997085273
morgan,Morgan radius-2,cpu,512,62,512,0.04825065692421049
morgan,Morgan radius-2,cpu,512,63,512,0.04883076797705144
morgan,Morgan radius-2,cpu,512,64,512,0.04810368595644832
morgan,Morgan radius-2,cpu,512,65,512,0.04762728395871818
morgan,Morgan radius-2,cpu,512,66,512,0.046995144919492304
morgan,Morgan radius-2,cpu,512,67,512,0.047327933949418366
morgan,Morgan radius-2,cpu,512,68,512,0.04661307600326836
morgan,Morgan radius-2,cpu,512,69,512,0.04676561593078077
morgan,Morgan radius-2,cpu,512,70,512,0.047190306009724736
morgan,Morgan radius-2,cpu,512,71,512,0.04766344407107681
morgan,Morgan radius-2,cpu,512,72,512,0.04673521697986871
morgan,Morgan radius-2,cpu,512,73,512,0.04573080001864582
morgan,Morgan radius-2,cpu,512,74,512,0.04699642502237111
morgan,Morgan radius-2,cpu,512,75,512,0.046847693040035665
morgan,Morgan radius-2,cpu,512,76,512,0.04729990300256759
morgan,Morgan radius-2,cpu,512,77,512,0.04654978204052895
morgan,Morgan radius-2,cpu,512,78,512,0.046924490947276354
morgan,Morgan radius-2,cpu,512,79,512,0.04660034005064517
morgan,Morgan radius-2,cpu,512,80,512,0.04698359302710742
morgan,Morgan radius-2,cpu,512,81,512,0.046760112047195435
morgan,Morgan radius-2,cpu,512,82,512,0.04678539093583822
morgan,Morgan radius-2,cpu,512,83,512,0.04741718003060669
morgan,Morgan radius-2,cpu,512,84,512,0.04742834798526019
morgan,Morgan radius-2,cpu,512,85,512,0.04622787295375019
morgan,Morgan radius-2,cpu,512,86,512,0.04734367795754224
morgan,Morgan radius-2,cpu,512,87,512,0.04727641609497368
morgan,Morgan radius-2,cpu,512,88,512,0.04744348302483559
morgan,Morgan radius-2,cpu,512,89,512,0.04695601004641503
morgan,Morgan radius-2,cpu,512,90,512,0.04689706803765148
morgan,Morgan radius-2,cpu,512,91,512,0.04691930708941072
morgan,Morgan radius-2,cpu,512,92,512,0.04643529001623392
morgan,Morgan radius-2,cpu,512,93,512,0.04779899201821536
morgan,Morgan radius-2,cpu,512,94,512,0.04689444391988218
morgan,Morgan radius-2,cpu,512,95,512,0.04725840000901371
morgan,Morgan radius-2,cpu,512,96,512,0.047239169012755156
morgan,Morgan radius-2,cpu,512,97,180,0.016836755094118416
molai,MolAI epoch 6,gpu,64,0,64,0.01628355693537742
molai,MolAI epoch 6,gpu,64,1,64,0.015982509939931333
molai,MolAI epoch 6,gpu,64,2,64,0.016060492023825645
molai,MolAI epoch 6,gpu,64,3,64,0.015628056949935853
molai,MolAI epoch 6,gpu,64,4,64,0.01564472890459001
molai,MolAI epoch 6,gpu,64,5,64,0.015406464110128582
molai,MolAI epoch 6,gpu,64,6,64,0.015748789999634027
molai,MolAI epoch 6,gpu,64,7,64,0.016047787969000638
molai,MolAI epoch 6,gpu,64,8,64,0.015884113032370806
molai,MolAI epoch 6,gpu,64,9,64,0.015532507910393178
molai,MolAI epoch 6,gpu,64,10,64,0.015592377982102334
molai,MolAI epoch 6,gpu,64,11,64,0.01589134510140866
molai,MolAI epoch 6,gpu,64,12,64,0.015783285023644567
molai,MolAI epoch 6,gpu,64,13,64,0.015435967012308538
molai,MolAI epoch 6,gpu,64,14,64,0.01585345808416605
molai,MolAI epoch 6,gpu,64,15,64,0.015305252047255635
molai,MolAI epoch 6,gpu,64,16,64,0.015639703953638673
molai,MolAI epoch 6,gpu,64,17,64,0.015723446966148913
molai,MolAI epoch 6,gpu,64,18,64,0.015642969054169953
molai,MolAI epoch 6,gpu,64,19,64,0.015557979000732303
molai,MolAI epoch 6,gpu,64,20,64,0.015439967042766511
molai,MolAI epoch 6,gpu,64,21,64,0.015616186079569161
molai,MolAI epoch 6,gpu,64,22,64,0.015265636029653251
molai,MolAI epoch 6,gpu,64,23,64,0.01529187592677772
molai,MolAI epoch 6,gpu,64,24,64,0.015650233021005988
molai,MolAI epoch 6,gpu,64,25,64,0.015783187933266163
molai,MolAI epoch 6,gpu,64,26,64,0.015258149011060596
molai,MolAI epoch 6,gpu,64,27,64,0.015536956023424864
molai,MolAI epoch 6,gpu,64,28,64,0.01528557192068547
molai,MolAI epoch 6,gpu,64,29,64,0.015500477980822325
molai,MolAI epoch 6,gpu,64,30,64,0.015605850028805435
molai,MolAI epoch 6,gpu,64,31,64,0.01591025700327009
molai,MolAI epoch 6,gpu,64,32,64,0.015488189994357526
molai,MolAI epoch 6,gpu,64,33,64,0.0158425469417125
molai,MolAI epoch 6,gpu,64,34,64,0.015444637974724174
molai,MolAI epoch 6,gpu,64,35,64,0.015585819026455283
molai,MolAI epoch 6,gpu,64,36,64,0.015707063023000956
molai,MolAI epoch 6,gpu,64,37,64,0.016122152912430465
molai,MolAI epoch 6,gpu,64,38,64,0.015318179968744516
molai,MolAI epoch 6,gpu,64,39,64,0.01572507806122303
molai,MolAI epoch 6,gpu,64,40,64,0.015800948021933436
molai,MolAI epoch 6,gpu,64,41,64,0.01560610590968281
molai,MolAI epoch 6,gpu,64,42,64,0.01530393899884075
molai,MolAI epoch 6,gpu,64,43,64,0.017065196065232158
molai,MolAI epoch 6,gpu,64,44,64,0.021812760969623923
molai,MolAI epoch 6,gpu,64,45,64,0.020828822976909578
molai,MolAI epoch 6,gpu,64,46,64,0.02161129505839199
molai,MolAI epoch 6,gpu,64,47,64,0.02097560395486653
molai,MolAI epoch 6,gpu,64,48,64,0.01783525210339576
molai,MolAI epoch 6,gpu,64,49,64,0.01520823105238378
molai,MolAI epoch 6,gpu,64,50,64,0.01567592693027109
molai,MolAI epoch 6,gpu,64,51,64,0.015536797000095248
molai,MolAI epoch 6,gpu,64,52,64,0.01553769304882735
molai,MolAI epoch 6,gpu,64,53,64,0.015685111051425338
molai,MolAI epoch 6,gpu,64,54,64,0.015327682951465249
molai,MolAI epoch 6,gpu,64,55,64,0.021021714084781706
molai,MolAI epoch 6,gpu,64,56,64,0.02228794596157968
molai,MolAI epoch 6,gpu,64,57,64,0.017377570969983935
molai,MolAI epoch 6,gpu,64,58,64,0.015810834942385554
molai,MolAI epoch 6,gpu,64,59,64,0.015979278017766774
molai,MolAI epoch 6,gpu,64,60,64,0.015866482979618013
molai,MolAI epoch 6,gpu,64,61,64,0.015572250005789101
molai,MolAI epoch 6,gpu,64,62,64,0.01570552703924477
molai,MolAI epoch 6,gpu,64,63,64,0.015441952040418983
molai,MolAI epoch 6,gpu,64,64,64,0.02226058708038181
molai,MolAI epoch 6,gpu,64,65,64,0.02148576290346682
molai,MolAI epoch 6,gpu,64,66,64,0.015409664018079638
molai,MolAI epoch 6,gpu,64,67,64,0.015692439046688378
molai,MolAI epoch 6,gpu,64,68,64,0.01490830397233367
molai,MolAI epoch 6,gpu,64,69,64,0.0159340959507972
molai,MolAI epoch 6,gpu,64,70,64,0.015831570024602115
molai,MolAI epoch 6,gpu,64,71,64,0.01588117005303502
molai,MolAI epoch 6,gpu,64,72,64,0.015578713966533542
molai,MolAI epoch 6,gpu,64,73,64,0.015352546004578471
molai,MolAI epoch 6,gpu,64,74,64,0.015332323033362627
molai,MolAI epoch 6,gpu,64,75,64,0.01550153293646872
molai,MolAI epoch 6,gpu,64,76,64,0.021796697052195668
molai,MolAI epoch 6,gpu,64,77,64,0.02215969399549067
molai,MolAI epoch 6,gpu,64,78,64,0.016854323097504675
molai,MolAI epoch 6,gpu,64,79,64,0.015304450993426144
molai,MolAI epoch 6,gpu,64,80,64,0.01542339101433754
molai,MolAI epoch 6,gpu,64,81,64,0.015687959967181087
molai,MolAI epoch 6,gpu,64,82,64,0.015670071938075125
molai,MolAI epoch 6,gpu,64,83,64,0.015547835966572165
molai,MolAI epoch 6,gpu,64,84,64,0.01550943695474416
molai,MolAI epoch 6,gpu,64,85,64,0.022520388010889292
molai,MolAI epoch 6,gpu,64,86,64,0.021296295919455588
molai,MolAI epoch 6,gpu,64,87,64,0.015791988000273705
molai,MolAI epoch 6,gpu,64,88,64,0.015371841029264033
molai,MolAI epoch 6,gpu,64,89,64,0.015478462097235024
molai,MolAI epoch 6,gpu,64,90,64,0.015344738960266113
molai,MolAI epoch 6,gpu,64,91,64,0.015496989944949746
molai,MolAI epoch 6,gpu,64,92,64,0.015265955938957632
molai,MolAI epoch 6,gpu,64,93,64,0.01556092407554388
molai,MolAI epoch 6,gpu,64,94,64,0.015327939065173268
molai,MolAI epoch 6,gpu,64,95,64,0.015394718968309462
molai,MolAI epoch 6,gpu,64,96,64,0.015542812994681299
molai,MolAI epoch 6,gpu,64,97,64,0.022336166934110224
molai,MolAI epoch 6,gpu,64,98,64,0.021700988989323378
molai,MolAI epoch 6,gpu,64,99,64,0.017541373963467777
molai,MolAI epoch 6,gpu,64,100,64,0.015527195995673537
molai,MolAI epoch 6,gpu,64,101,64,0.01569835899863392
molai,MolAI epoch 6,gpu,64,102,64,0.015147176920436323
molai,MolAI epoch 6,gpu,64,103,64,0.01575630798470229
molai,MolAI epoch 6,gpu,64,104,64,0.015399264986626804
molai,MolAI epoch 6,gpu,64,105,64,0.015613593976013362
molai,MolAI epoch 6,gpu,64,106,64,0.02216785296332091
molai,MolAI epoch 6,gpu,64,107,64,0.021727515966631472
molai,MolAI epoch 6,gpu,64,108,64,0.0219246280612424
molai,MolAI epoch 6,gpu,64,109,64,0.02200286800507456
molai,MolAI epoch 6,gpu,64,110,64,0.019087309017777443
molai,MolAI epoch 6,gpu,64,111,64,0.015472254948690534
molai,MolAI epoch 6,gpu,64,112,64,0.015847122995182872
molai,MolAI epoch 6,gpu,64,113,64,0.015513596939854324
molai,MolAI epoch 6,gpu,64,114,64,0.0158706100191921
molai,MolAI epoch 6,gpu,64,115,64,0.015502781025134027
molai,MolAI epoch 6,gpu,64,116,64,0.015711829997599125
molai,MolAI epoch 6,gpu,64,117,64,0.02181125700008124
molai,MolAI epoch 6,gpu,64,118,64,0.021213258965872228
molai,MolAI epoch 6,gpu,64,119,64,0.02182050491683185
molai,MolAI epoch 6,gpu,64,120,64,0.02161420602351427
molai,MolAI epoch 6,gpu,64,121,64,0.020654909079894423
molai,MolAI epoch 6,gpu,64,122,64,0.01689918607007712
molai,MolAI epoch 6,gpu,64,123,64,0.017668505082838237
molai,MolAI epoch 6,gpu,64,124,64,0.018679419066756964
molai,MolAI epoch 6,gpu,64,125,64,0.022157197003252804
molai,MolAI epoch 6,gpu,64,126,64,0.02172220393549651
molai,MolAI epoch 6,gpu,64,127,64,0.022414310020394623
molai,MolAI epoch 6,gpu,64,128,64,0.0220888169715181
molai,MolAI epoch 6,gpu,64,129,64,0.015738390036858618
molai,MolAI epoch 6,gpu,64,130,64,0.01574421301484108
molai,MolAI epoch 6,gpu,64,131,64,0.015614937990903854
molai,MolAI epoch 6,gpu,64,132,64,0.01976530405227095
molai,MolAI epoch 6,gpu,64,133,64,0.021680317004211247
molai,MolAI epoch 6,gpu,64,134,64,0.020951187936589122
molai,MolAI epoch 6,gpu,64,135,64,0.015880784951150417
molai,MolAI epoch 6,gpu,64,136,64,0.015810291981324553
molai,MolAI epoch 6,gpu,64,137,64,0.01610880997031927
molai,MolAI epoch 6,gpu,64,138,64,0.015682774945162237
molai,MolAI epoch 6,gpu,64,139,64,0.016171496943570673
molai,MolAI epoch 6,gpu,64,140,64,0.01573602098505944
molai,MolAI epoch 6,gpu,64,141,64,0.01579211710486561
molai,MolAI epoch 6,gpu,64,142,64,0.01614509802311659
molai,MolAI epoch 6,gpu,64,143,64,0.016405537026003003
molai,MolAI epoch 6,gpu,64,144,64,0.022299080970697105
molai,MolAI epoch 6,gpu,64,145,64,0.022416871041059494
molai,MolAI epoch 6,gpu,64,146,64,0.018733496079221368
molai,MolAI epoch 6,gpu,64,147,64,0.015942894970066845
molai,MolAI epoch 6,gpu,64,148,64,0.01578738004900515
molai,MolAI epoch 6,gpu,64,149,64,0.01641516899690032
molai,MolAI epoch 6,gpu,64,150,64,0.015954320086166263
molai,MolAI epoch 6,gpu,64,151,64,0.01617197599261999
molai,MolAI epoch 6,gpu,64,152,64,0.016894866013899446
molai,MolAI epoch 6,gpu,64,153,64,0.021964757004752755
molai,MolAI epoch 6,gpu,64,154,64,0.021968626999296248
molai,MolAI epoch 6,gpu,64,155,64,0.022510978975333273
molai,MolAI epoch 6,gpu,64,156,64,0.022035153000615537
molai,MolAI epoch 6,gpu,64,157,64,0.017704985104501247
molai,MolAI epoch 6,gpu,64,158,64,0.015760660986416042
molai,MolAI epoch 6,gpu,64,159,64,0.01589153695385903
molai,MolAI epoch 6,gpu,64,160,64,0.015988847007974982
molai,MolAI epoch 6,gpu,64,161,64,0.015901647973805666
molai,MolAI epoch 6,gpu,64,162,64,0.015868689981289208
molai,MolAI epoch 6,gpu,64,163,64,0.01643705600872636
molai,MolAI epoch 6,gpu,64,164,64,0.021685915999114513
molai,MolAI epoch 6,gpu,64,165,64,0.021881174994632602
molai,MolAI epoch 6,gpu,64,166,64,0.021541632944718003
molai,MolAI epoch 6,gpu,64,167,64,0.022244716063141823
molai,MolAI epoch 6,gpu,64,168,64,0.017671896959654987
molai,MolAI epoch 6,gpu,64,169,64,0.016242279089055955
molai,MolAI epoch 6,gpu,64,170,64,0.016291396925225854
molai,MolAI epoch 6,gpu,64,171,64,0.018393122009001672
molai,MolAI epoch 6,gpu,64,172,64,0.021685020998120308
molai,MolAI epoch 6,gpu,64,173,64,0.0217263950034976
molai,MolAI epoch 6,gpu,64,174,64,0.021781497984193265
molai,MolAI epoch 6,gpu,64,175,64,0.021984563092701137
molai,MolAI epoch 6,gpu,64,176,64,0.016173448064364493
molai,MolAI epoch 6,gpu,64,177,64,0.01603601302485913
molai,MolAI epoch 6,gpu,64,178,64,0.015738580957986414
molai,MolAI epoch 6,gpu,64,179,64,0.016081739915534854
molai,MolAI epoch 6,gpu,64,180,64,0.016353794955648482
molai,MolAI epoch 6,gpu,64,181,64,0.01573438895866275
molai,MolAI epoch 6,gpu,64,182,64,0.0176051800372079
molai,MolAI epoch 6,gpu,64,183,64,0.021714684087783098
molai,MolAI epoch 6,gpu,64,184,64,0.0218688229797408
molai,MolAI epoch 6,gpu,64,185,64,0.02161174302455038
molai,MolAI epoch 6,gpu,64,186,64,0.02128346508834511
molai,MolAI epoch 6,gpu,64,187,64,0.01736320392228663
molai,MolAI epoch 6,gpu,64,188,64,0.015589050948619843
molai,MolAI epoch 6,gpu,64,189,64,0.01596683100797236
molai,MolAI epoch 6,gpu,64,190,64,0.01581787597388029
molai,MolAI epoch 6,gpu,64,191,64,0.016121960943564773
molai,MolAI epoch 6,gpu,64,192,64,0.015834899037145078
molai,MolAI epoch 6,gpu,64,193,64,0.01618560799397528
molai,MolAI epoch 6,gpu,64,194,64,0.021710972068831325
molai,MolAI epoch 6,gpu,64,195,64,0.022142254980280995
molai,MolAI epoch 6,gpu,64,196,64,0.015904912957921624
molai,MolAI epoch 6,gpu,64,197,64,0.015992397908121347
molai,MolAI epoch 6,gpu,64,198,64,0.01581617898773402
molai,MolAI epoch 6,gpu,64,199,64,0.01543817506171763
molai,MolAI epoch 6,gpu,64,200,64,0.01600279798731208
molai,MolAI epoch 6,gpu,64,201,64,0.0156737839570269
molai,MolAI epoch 6,gpu,64,202,64,0.018658329965546727
molai,MolAI epoch 6,gpu,64,203,64,0.0218025220092386
molai,MolAI epoch 6,gpu,64,204,64,0.021952723967842758
molai,MolAI epoch 6,gpu,64,205,64,0.016332866973243654
molai,MolAI epoch 6,gpu,64,206,64,0.015501598012633622
molai,MolAI epoch 6,gpu,64,207,64,0.015806994982995093
molai,MolAI epoch 6,gpu,64,208,64,0.01563743397127837
molai,MolAI epoch 6,gpu,64,209,64,0.015308034955523908
molai,MolAI epoch 6,gpu,64,210,64,0.015964525984600186
molai,MolAI epoch 6,gpu,64,211,64,0.015660825069062412
molai,MolAI epoch 6,gpu,64,212,64,0.015706806909292936
molai,MolAI epoch 6,gpu,64,213,64,0.015642488026060164
molai,MolAI epoch 6,gpu,64,214,64,0.02037018199916929
molai,MolAI epoch 6,gpu,64,215,64,0.021571296034380794
molai,MolAI epoch 6,gpu,64,216,64,0.02062812598887831
molai,MolAI epoch 6,gpu,64,217,64,0.01604897202923894
molai,MolAI epoch 6,gpu,64,218,64,0.01549289294052869
molai,MolAI epoch 6,gpu,64,219,64,0.01532576302997768
molai,MolAI epoch 6,gpu,64,220,64,0.015638873097486794
molai,MolAI epoch 6,gpu,64,221,64,0.015874737058766186
molai,MolAI epoch 6,gpu,64,222,64,0.01573938294313848
molai,MolAI epoch 6,gpu,64,223,64,0.021172301028855145
molai,MolAI epoch 6,gpu,64,224,64,0.022190317045897245
molai,MolAI epoch 6,gpu,64,225,64,0.01804897398687899
molai,MolAI epoch 6,gpu,64,226,64,0.01577240403275937
molai,MolAI epoch 6,gpu,64,227,64,0.015823379973880947
molai,MolAI epoch 6,gpu,64,228,64,0.015806867042556405
molai,MolAI epoch 6,gpu,64,229,64,0.015411423984915018
molai,MolAI epoch 6,gpu,64,230,64,0.015615577925927937
molai,MolAI epoch 6,gpu,64,231,64,0.015258852974511683
molai,MolAI epoch 6,gpu,64,232,64,0.015967437997460365
molai,MolAI epoch 6,gpu,64,233,64,0.01568946405313909
molai,MolAI epoch 6,gpu,64,234,64,0.01582673902157694
molai,MolAI epoch 6,gpu,64,235,64,0.022256074007600546
molai,MolAI epoch 6,gpu,64,236,64,0.022149807075038552
molai,MolAI epoch 6,gpu,64,237,64,0.01765826507471502
molai,MolAI epoch 6,gpu,64,238,64,0.015442015952430665
molai,MolAI epoch 6,gpu,64,239,64,0.01532137906178832
molai,MolAI epoch 6,gpu,64,240,64,0.015862160944379866
molai,MolAI epoch 6,gpu,64,241,64,0.015696984017267823
molai,MolAI epoch 6,gpu,64,242,64,0.015715671004727483
molai,MolAI epoch 6,gpu,64,243,64,0.01601207593921572
molai,MolAI epoch 6,gpu,64,244,64,0.02189023105893284
molai,MolAI epoch 6,gpu,64,245,64,0.021515553002245724
molai,MolAI epoch 6,gpu,64,246,64,0.021550880977883935
molai,MolAI epoch 6,gpu,64,247,64,0.021940244012512267
molai,MolAI epoch 6,gpu,64,248,64,0.022757820086553693
molai,MolAI epoch 6,gpu,64,249,64,0.017231559962965548
molai,MolAI epoch 6,gpu,64,250,64,0.017298051971010864
molai,MolAI epoch 6,gpu,64,251,64,0.016581244068220258
molai,MolAI epoch 6,gpu,64,252,64,0.016541340039111674
molai,MolAI epoch 6,gpu,64,253,64,0.01641478610690683
molai,MolAI epoch 6,gpu,64,254,64,0.021375045995227993
molai,MolAI epoch 6,gpu,64,255,64,0.022571136942133307
molai,MolAI epoch 6,gpu,64,256,64,0.01993745903018862
molai,MolAI epoch 6,gpu,64,257,64,0.017338244011625648
molai,MolAI epoch 6,gpu,64,258,64,0.01655756402760744
molai,MolAI epoch 6,gpu,64,259,64,0.017247142968699336
molai,MolAI epoch 6,gpu,64,260,64,0.01613655302207917
molai,MolAI epoch 6,gpu,64,261,64,0.015980719006620347
molai,MolAI epoch 6,gpu,64,262,64,0.016411136952228844
molai,MolAI epoch 6,gpu,64,263,64,0.016156167956069112
molai,MolAI epoch 6,gpu,64,264,64,0.016009229933843017
molai,MolAI epoch 6,gpu,64,265,64,0.015685654943808913
molai,MolAI epoch 6,gpu,64,266,64,0.02252893103286624
molai,MolAI epoch 6,gpu,64,267,64,0.022183021996170282
molai,MolAI epoch 6,gpu,64,268,64,0.015793428057804704
molai,MolAI epoch 6,gpu,64,269,64,0.01573365496005863
molai,MolAI epoch 6,gpu,64,270,64,0.015813203994184732
molai,MolAI epoch 6,gpu,64,271,64,0.015765300020575523
molai,MolAI epoch 6,gpu,64,272,64,0.015667448053136468
molai,MolAI epoch 6,gpu,64,273,64,0.01575403707101941
molai,MolAI epoch 6,gpu,64,274,64,0.017983247991651297
molai,MolAI epoch 6,gpu,64,275,64,0.021941812941804528
molai,MolAI epoch 6,gpu,64,276,64,0.022081807954236865
molai,MolAI epoch 6,gpu,64,277,64,0.021502210991457105
molai,MolAI epoch 6,gpu,64,278,64,0.02216458902694285
molai,MolAI epoch 6,gpu,64,279,64,0.016286597005091608
molai,MolAI epoch 6,gpu,64,280,64,0.016064043971709907
molai,MolAI epoch 6,gpu,64,281,64,0.016068235971033573
molai,MolAI epoch 6,gpu,64,282,64,0.015971599030308425
molai,MolAI epoch 6,gpu,64,283,64,0.016425631940364838
molai,MolAI epoch 6,gpu,64,284,64,0.0159864459419623
molai,MolAI epoch 6,gpu,64,285,64,0.017276166006922722
molai,MolAI epoch 6,gpu,64,286,64,0.022149678086861968
molai,MolAI epoch 6,gpu,64,287,64,0.022068785037845373
molai,MolAI epoch 6,gpu,64,288,64,0.015478974091820419
molai,MolAI epoch 6,gpu,64,289,64,0.015800916007719934
molai,MolAI epoch 6,gpu,64,290,64,0.016525630024261773
molai,MolAI epoch 6,gpu,64,291,64,0.016183560015633702
molai,MolAI epoch 6,gpu,64,292,64,0.01553852402139455
molai,MolAI epoch 6,gpu,64,293,64,0.01548838207963854
molai,MolAI epoch 6,gpu,64,294,64,0.020806840038858354
molai,MolAI epoch 6,gpu,64,295,64,0.02147158805746585
molai,MolAI epoch 6,gpu,64,296,64,0.019764279946684837
molai,MolAI epoch 6,gpu,64,297,64,0.015550267999060452
molai,MolAI epoch 6,gpu,64,298,64,0.015397985000163317
molai,MolAI epoch 6,gpu,64,299,64,0.015923790982924402
molai,MolAI epoch 6,gpu,64,300,64,0.015541820088401437
molai,MolAI epoch 6,gpu,64,301,64,0.01584897900465876
molai,MolAI epoch 6,gpu,64,302,64,0.015710999025031924
molai,MolAI epoch 6,gpu,64,303,64,0.015809106989763677
molai,MolAI epoch 6,gpu,64,304,64,0.01547036599367857
molai,MolAI epoch 6,gpu,64,305,64,0.01610525802243501
molai,MolAI epoch 6,gpu,64,306,64,0.02183205704204738
molai,MolAI epoch 6,gpu,64,307,64,0.021646686014719307
molai,MolAI epoch 6,gpu,64,308,64,0.01910977205261588
molai,MolAI epoch 6,gpu,64,309,64,0.015790452947840095
molai,MolAI epoch 6,gpu,64,310,64,0.01639875303953886
molai,MolAI epoch 6,gpu,64,311,64,0.0171477539697662
molai,MolAI epoch 6,gpu,64,312,64,0.02207169693429023
molai,MolAI epoch 6,gpu,64,313,64,0.021713756024837494
molai,MolAI epoch 6,gpu,64,314,64,0.021865495014935732
molai,MolAI epoch 6,gpu,64,315,64,0.02201403398066759
molai,MolAI epoch 6,gpu,64,316,64,0.02150345896370709
molai,MolAI epoch 6,gpu,64,317,64,0.02050160092767328
molai,MolAI epoch 6,gpu,64,318,64,0.020029393024742603
molai,MolAI epoch 6,gpu,64,319,64,0.017539100954309106
molai,MolAI epoch 6,gpu,64,320,64,0.017071661073714495
molai,MolAI epoch 6,gpu,64,321,64,0.016896625980734825
molai,MolAI epoch 6,gpu,64,322,64,0.015500957029871643
molai,MolAI epoch 6,gpu,64,323,64,0.01581118709873408
molai,MolAI epoch 6,gpu,64,324,64,0.015835699974559247
molai,MolAI epoch 6,gpu,64,325,64,0.021917716949246824
molai,MolAI epoch 6,gpu,64,326,64,0.02144643699284643
molai,MolAI epoch 6,gpu,64,327,64,0.016319234971888363
molai,MolAI epoch 6,gpu,64,328,64,0.015819635009393096
molai,MolAI epoch 6,gpu,64,329,64,0.015843507018871605
molai,MolAI epoch 6,gpu,64,330,64,0.016331298975273967
molai,MolAI epoch 6,gpu,64,331,64,0.016294789034873247
molai,MolAI epoch 6,gpu,64,332,64,0.016200040001422167
molai,MolAI epoch 6,gpu,64,333,64,0.01696036709472537
molai,MolAI epoch 6,gpu,64,334,64,0.021822200971655548
molai,MolAI epoch 6,gpu,64,335,64,0.021578527055680752
molai,MolAI epoch 6,gpu,64,336,64,0.022032273933291435
molai,MolAI epoch 6,gpu,64,337,64,0.02217940497212112
molai,MolAI epoch 6,gpu,64,338,64,0.01710957905743271
molai,MolAI epoch 6,gpu,64,339,64,0.01570248801726848
molai,MolAI epoch 6,gpu,64,340,64,0.016045643016695976
molai,MolAI epoch 6,gpu,64,341,64,0.01583365094847977
molai,MolAI epoch 6,gpu,64,342,64,0.015966512029990554
molai,MolAI epoch 6,gpu,64,343,64,0.023565410054288805
molai,MolAI epoch 6,gpu,64,344,64,0.024020820041187108
molai,MolAI epoch 6,gpu,64,345,64,0.022940564900636673
molai,MolAI epoch 6,gpu,64,346,64,0.023335305973887444
molai,MolAI epoch 6,gpu,64,347,64,0.02241418103221804
molai,MolAI epoch 6,gpu,64,348,64,0.019076366908848286
molai,MolAI epoch 6,gpu,64,349,64,0.015870769042521715
molai,MolAI epoch 6,gpu,64,350,64,0.01612285792361945
molai,MolAI epoch 6,gpu,64,351,64,0.016174535965546966
molai,MolAI epoch 6,gpu,64,352,64,0.01553983602207154
molai,MolAI epoch 6,gpu,64,353,64,0.015982766053639352
molai,MolAI epoch 6,gpu,64,354,64,0.01565464900340885
molai,MolAI epoch 6,gpu,64,355,64,0.021584798931144178
molai,MolAI epoch 6,gpu,64,356,64,0.021299625048413873
molai,MolAI epoch 6,gpu,64,357,64,0.016900433925911784
molai,MolAI epoch 6,gpu,64,358,64,0.015493244980461895
molai,MolAI epoch 6,gpu,64,359,64,0.016038733068853617
molai,MolAI epoch 6,gpu,64,360,64,0.01585182501003146
molai,MolAI epoch 6,gpu,64,361,64,0.015857554972171783
molai,MolAI epoch 6,gpu,64,362,64,0.016003950033336878
molai,MolAI epoch 6,gpu,64,363,64,0.017406912986189127
molai,MolAI epoch 6,gpu,64,364,64,0.021881942986510694
molai,MolAI epoch 6,gpu,64,365,64,0.02213258994743228
molai,MolAI epoch 6,gpu,64,366,64,0.021299785003066063
molai,MolAI epoch 6,gpu,64,367,64,0.021534624975174665
molai,MolAI epoch 6,gpu,64,368,64,0.017794357961975038
molai,MolAI epoch 6,gpu,64,369,64,0.01578302902635187
molai,MolAI epoch 6,gpu,64,370,64,0.015825298032723367
molai,MolAI epoch 6,gpu,64,371,64,0.015622553997673094
molai,MolAI epoch 6,gpu,64,372,64,0.01641088107135147
molai,MolAI epoch 6,gpu,64,373,64,0.015822099056094885
molai,MolAI epoch 6,gpu,64,374,64,0.016805364983156323
molai,MolAI epoch 6,gpu,64,375,64,0.021696475916542113
molai,MolAI epoch 6,gpu,64,376,64,0.022252331022173166
molai,MolAI epoch 6,gpu,64,377,64,0.01594798290170729
molai,MolAI epoch 6,gpu,64,378,64,0.015486684977076948
molai,MolAI epoch 6,gpu,64,379,64,0.01608225202653557
molai,MolAI epoch 6,gpu,64,380,64,0.01611524191685021
molai,MolAI epoch 6,gpu,64,381,64,0.015919184079393744
molai,MolAI epoch 6,gpu,64,382,64,0.016006254008971155
molai,MolAI epoch 6,gpu,64,383,64,0.01899441599380225
molai,MolAI epoch 6,gpu,64,384,64,0.0219068699516356
molai,MolAI epoch 6,gpu,64,385,64,0.02156675304286182
molai,MolAI epoch 6,gpu,64,386,64,0.015835826052352786
molai,MolAI epoch 6,gpu,64,387,64,0.015868082991801202
molai,MolAI epoch 6,gpu,64,388,64,0.01558073190972209
molai,MolAI epoch 6,gpu,64,389,64,0.015689430059865117
molai,MolAI epoch 6,gpu,64,390,64,0.01568300009239465
molai,MolAI epoch 6,gpu,64,391,64,0.015865425928495824
molai,MolAI epoch 6,gpu,64,392,64,0.015548891038633883
molai,MolAI epoch 6,gpu,64,393,64,0.015652569010853767
molai,MolAI epoch 6,gpu,64,394,64,0.015657561016269028
molai,MolAI epoch 6,gpu,64,395,64,0.0187520869076252
molai,MolAI epoch 6,gpu,64,396,64,0.02239498298149556
molai,MolAI epoch 6,gpu,64,397,64,0.02124589798040688
molai,MolAI epoch 6,gpu,64,398,64,0.016084747039712965
molai,MolAI epoch 6,gpu,64,399,64,0.01549820601940155
molai,MolAI epoch 6,gpu,64,400,64,0.015306722954846919
molai,MolAI epoch 6,gpu,64,401,64,0.015920912963338196
molai,MolAI epoch 6,gpu,64,402,64,0.015785780968144536
molai,MolAI epoch 6,gpu,64,403,64,0.015768243931233883
molai,MolAI epoch 6,gpu,64,404,64,0.021678140969015658
molai,MolAI epoch 6,gpu,64,405,64,0.022890423075295985
molai,MolAI epoch 6,gpu,64,406,64,0.01809226896148175
molai,MolAI epoch 6,gpu,64,407,64,0.015865585999563336
molai,MolAI epoch 6,gpu,64,408,64,0.01598372496664524
molai,MolAI epoch 6,gpu,64,409,64,0.01581755594816059
molai,MolAI epoch 6,gpu,64,410,64,0.015658424934372306
molai,MolAI epoch 6,gpu,64,411,64,0.015340512967668474
molai,MolAI epoch 6,gpu,64,412,64,0.015643161023035645
molai,MolAI epoch 6,gpu,64,413,64,0.015952143003232777
molai,MolAI epoch 6,gpu,64,414,64,0.015678839990869164
molai,MolAI epoch 6,gpu,64,415,64,0.015894256997853518
molai,MolAI epoch 6,gpu,64,416,64,0.021951187984086573
molai,MolAI epoch 6,gpu,64,417,64,0.02244627696927637
molai,MolAI epoch 6,gpu,64,418,64,0.01705307001248002
molai,MolAI epoch 6,gpu,64,419,64,0.015623352956026793
molai,MolAI epoch 6,gpu,64,420,64,0.015699671930633485
molai,MolAI epoch 6,gpu,64,421,64,0.015759988920763135
molai,MolAI epoch 6,gpu,64,422,64,0.015549756004475057
molai,MolAI epoch 6,gpu,64,423,64,0.016169928945600986
molai,MolAI epoch 6,gpu,64,424,64,0.016553212073631585
molai,MolAI epoch 6,gpu,64,425,64,0.022475044010207057
molai,MolAI epoch 6,gpu,64,426,64,0.02188363904133439
molai,MolAI epoch 6,gpu,64,427,64,0.021576542989350855
molai,MolAI epoch 6,gpu,64,428,64,0.02154803299345076
molai,MolAI epoch 6,gpu,64,429,64,0.017985520069487393
molai,MolAI epoch 6,gpu,64,430,64,0.015220934059470892
molai,MolAI epoch 6,gpu,64,431,64,0.01608132303226739
molai,MolAI epoch 6,gpu,64,432,64,0.01586648204829544
molai,MolAI epoch 6,gpu,64,433,64,0.015610842034220695
molai,MolAI epoch 6,gpu,64,434,64,0.015285315923392773
molai,MolAI epoch 6,gpu,64,435,64,0.015625240979716182
molai,MolAI epoch 6,gpu,64,436,64,0.021930932998657227
molai,MolAI epoch 6,gpu,64,437,64,0.02255052898544818
molai,MolAI epoch 6,gpu,64,438,64,0.021893494995310903
molai,MolAI epoch 6,gpu,64,439,64,0.021469794097356498
molai,MolAI epoch 6,gpu,64,440,64,0.01937821297906339
molai,MolAI epoch 6,gpu,64,441,64,0.015638713957741857
molai,MolAI epoch 6,gpu,64,442,64,0.015650487039238214
molai,MolAI epoch 6,gpu,64,443,64,0.01632138097193092
molai,MolAI epoch 6,gpu,64,444,64,0.015912432922050357
molai,MolAI epoch 6,gpu,64,445,64,0.016112521989271045
molai,MolAI epoch 6,gpu,64,446,64,0.016233830945566297
molai,MolAI epoch 6,gpu,64,447,64,0.022026706021279097
molai,MolAI epoch 6,gpu,64,448,64,0.021803257055580616
molai,MolAI epoch 6,gpu,64,449,64,0.016419201041571796
molai,MolAI epoch 6,gpu,64,450,64,0.01606164302211255
molai,MolAI epoch 6,gpu,64,451,64,0.01541936001740396
molai,MolAI epoch 6,gpu,64,452,64,0.01593934406992048
molai,MolAI epoch 6,gpu,64,453,64,0.015784499933943152
molai,MolAI epoch 6,gpu,64,454,64,0.015756789944134653
molai,MolAI epoch 6,gpu,64,455,64,0.017044684966094792
molai,MolAI epoch 6,gpu,64,456,64,0.021813591942191124
molai,MolAI epoch 6,gpu,64,457,64,0.021938163903541863
molai,MolAI epoch 6,gpu,64,458,64,0.021372647024691105
molai,MolAI epoch 6,gpu,64,459,64,0.022161229979246855
molai,MolAI epoch 6,gpu,64,460,64,0.017241223016753793
molai,MolAI epoch 6,gpu,64,461,64,0.016073642997071147
molai,MolAI epoch 6,gpu,64,462,64,0.015800724970176816
molai,MolAI epoch 6,gpu,64,463,64,0.01612423302140087
molai,MolAI epoch 6,gpu,64,464,64,0.01592308795079589
molai,MolAI epoch 6,gpu,64,465,64,0.01585713808890432
molai,MolAI epoch 6,gpu,64,466,64,0.01714084204286337
molai,MolAI epoch 6,gpu,64,467,64,0.021606144029647112
molai,MolAI epoch 6,gpu,64,468,64,0.021834807004779577
molai,MolAI epoch 6,gpu,64,469,64,0.016099114902317524
molai,MolAI epoch 6,gpu,64,470,64,0.016019948991015553
molai,MolAI epoch 6,gpu,64,471,64,0.016326243057847023
molai,MolAI epoch 6,gpu,64,472,64,0.016028460930101573
molai,MolAI epoch 6,gpu,64,473,64,0.01625178102403879
molai,MolAI epoch 6,gpu,64,474,64,0.01582840399350971
molai,MolAI epoch 6,gpu,64,475,64,0.019748345017433167
molai,MolAI epoch 6,gpu,64,476,64,0.02238163899164647
molai,MolAI epoch 6,gpu,64,477,64,0.02086693502496928
molai,MolAI epoch 6,gpu,64,478,64,0.015968239051289856
molai,MolAI epoch 6,gpu,64,479,64,0.015701142023317516
molai,MolAI epoch 6,gpu,64,480,64,0.015490653924643993
molai,MolAI epoch 6,gpu,64,481,64,0.015993932960554957
molai,MolAI epoch 6,gpu,64,482,64,0.01573746290523559
molai,MolAI epoch 6,gpu,64,483,64,0.015739254071377218
molai,MolAI epoch 6,gpu,64,484,64,0.01615482394117862
molai,MolAI epoch 6,gpu,64,485,64,0.015669560059905052
molai,MolAI epoch 6,gpu,64,486,64,0.01617520907893777
molai,MolAI epoch 6,gpu,64,487,64,0.021286023897118866
molai,MolAI epoch 6,gpu,64,488,64,0.021507811034098268
molai,MolAI epoch 6,gpu,64,489,64,0.01842073700390756
molai,MolAI epoch 6,gpu,64,490,64,0.015762581955641508
molai,MolAI epoch 6,gpu,64,491,64,0.01596331095788628
molai,MolAI epoch 6,gpu,64,492,64,0.015712469932623208
molai,MolAI epoch 6,gpu,64,493,64,0.015967375016771257
molai,MolAI epoch 6,gpu,64,494,64,0.015767317032441497
molai,MolAI epoch 6,gpu,64,495,64,0.015996173955500126
molai,MolAI epoch 6,gpu,64,496,64,0.022042257012799382
molai,MolAI epoch 6,gpu,64,497,64,0.021738299052231014
molai,MolAI epoch 6,gpu,64,498,64,0.016453407937660813
molai,MolAI epoch 6,gpu,64,499,64,0.01598145393654704
molai,MolAI epoch 6,gpu,64,500,64,0.01615264790598303
molai,MolAI epoch 6,gpu,64,501,64,0.015350530971772969
molai,MolAI epoch 6,gpu,64,502,64,0.015592602081596851
molai,MolAI epoch 6,gpu,64,503,64,0.015606777975335717
molai,MolAI epoch 6,gpu,64,504,64,0.016042764065787196
molai,MolAI epoch 6,gpu,64,505,64,0.015928688924759626
molai,MolAI epoch 6,gpu,64,506,64,0.01585240103304386
molai,MolAI epoch 6,gpu,64,507,64,0.01638640195596963
molai,MolAI epoch 6,gpu,64,508,64,0.022327400976791978
molai,MolAI epoch 6,gpu,64,509,64,0.02198917104396969
molai,MolAI epoch 6,gpu,64,510,64,0.016038795933127403
molai,MolAI epoch 6,gpu,64,511,64,0.015943950973451138
molai,MolAI epoch 6,gpu,64,512,64,0.016044908901676536
molai,MolAI epoch 6,gpu,64,513,64,0.01640000205952674
molai,MolAI epoch 6,gpu,64,514,64,0.01595313404686749
molai,MolAI epoch 6,gpu,64,515,64,0.01578629296272993
molai,MolAI epoch 6,gpu,64,516,64,0.018699641921557486
molai,MolAI epoch 6,gpu,64,517,64,0.022010833956301212
molai,MolAI epoch 6,gpu,64,518,64,0.02130250504706055
molai,MolAI epoch 6,gpu,64,519,64,0.022749115014448762
molai,MolAI epoch 6,gpu,64,520,64,0.021690716966986656
molai,MolAI epoch 6,gpu,64,521,64,0.015887440997175872
molai,MolAI epoch 6,gpu,64,522,64,0.015809876029379666
molai,MolAI epoch 6,gpu,64,523,64,0.01580581208691001
molai,MolAI epoch 6,gpu,64,524,64,0.015982892946340144
molai,MolAI epoch 6,gpu,64,525,64,0.01619802403729409
molai,MolAI epoch 6,gpu,64,526,64,0.01601402903907001
molai,MolAI epoch 6,gpu,64,527,64,0.01858063694089651
molai,MolAI epoch 6,gpu,64,528,64,0.021531042060814798
molai,MolAI epoch 6,gpu,64,529,64,0.02114410907961428
molai,MolAI epoch 6,gpu,64,530,64,0.022248108056373894
molai,MolAI epoch 6,gpu,64,531,64,0.02214503800496459
molai,MolAI epoch 6,gpu,64,532,64,0.015833747922442853
molai,MolAI epoch 6,gpu,64,533,64,0.01555970695335418
molai,MolAI epoch 6,gpu,64,534,64,0.01593972707632929
molai,MolAI epoch 6,gpu,64,535,64,0.016001678071916103
molai,MolAI epoch 6,gpu,64,536,64,0.01580936403479427
molai,MolAI epoch 6,gpu,64,537,64,0.01549506897572428
molai,MolAI epoch 6,gpu,64,538,64,0.017507166950963438
molai,MolAI epoch 6,gpu,64,539,64,0.02242128609213978
molai,MolAI epoch 6,gpu,64,540,64,0.025398249039426446
molai,MolAI epoch 6,gpu,64,541,64,0.016305412049405277
molai,MolAI epoch 6,gpu,64,542,64,0.01641500904224813
molai,MolAI epoch 6,gpu,64,543,64,0.016028876998461783
molai,MolAI epoch 6,gpu,64,544,64,0.015848178998567164
molai,MolAI epoch 6,gpu,64,545,64,0.016120360931381583
molai,MolAI epoch 6,gpu,64,546,64,0.016077644075267017
molai,MolAI epoch 6,gpu,64,547,64,0.021676091942936182
molai,MolAI epoch 6,gpu,64,548,64,0.021590400021523237
molai,MolAI epoch 6,gpu,64,549,64,0.022196299978531897
molai,MolAI epoch 6,gpu,64,550,64,0.021130479057319462
molai,MolAI epoch 6,gpu,64,551,64,0.02008983795531094
molai,MolAI epoch 6,gpu,64,552,64,0.01571656600572169
molai,MolAI epoch 6,gpu,64,553,64,0.01573826198000461
molai,MolAI epoch 6,gpu,64,554,64,0.015724470023997128
molai,MolAI epoch 6,gpu,64,555,64,0.016241317964158952
molai,MolAI epoch 6,gpu,64,556,64,0.015542685054242611
molai,MolAI epoch 6,gpu,64,557,64,0.015843569999560714
molai,MolAI epoch 6,gpu,64,558,64,0.02116506895981729
molai,MolAI epoch 6,gpu,64,559,64,0.021908982074819505
molai,MolAI epoch 6,gpu,64,560,64,0.018310692976228893
molai,MolAI epoch 6,gpu,64,561,64,0.015925904037430882
molai,MolAI epoch 6,gpu,64,562,64,0.015624089050106704
molai,MolAI epoch 6,gpu,64,563,64,0.015596730983816087
molai,MolAI epoch 6,gpu,64,564,64,0.015572572010569274
molai,MolAI epoch 6,gpu,64,565,64,0.015923055005259812
molai,MolAI epoch 6,gpu,64,566,64,0.016243878984823823
molai,MolAI epoch 6,gpu,64,567,64,0.021720475982874632
molai,MolAI epoch 6,gpu,64,568,64,0.021601533982902765
molai,MolAI epoch 6,gpu,64,569,64,0.016374947037547827
molai,MolAI epoch 6,gpu,64,570,64,0.01596532599069178
molai,MolAI epoch 6,gpu,64,571,64,0.015447775018401444
molai,MolAI epoch 6,gpu,64,572,64,0.0164953269995749
molai,MolAI epoch 6,gpu,64,573,64,0.01590353692881763
molai,MolAI epoch 6,gpu,64,574,64,0.015389248030260205
molai,MolAI epoch 6,gpu,64,575,64,0.01620464795269072
molai,MolAI epoch 6,gpu,64,576,64,0.01610365801025182
molai,MolAI epoch 6,gpu,64,577,64,0.015243589063175023
molai,MolAI epoch 6,gpu,64,578,64,0.015611291048116982
molai,MolAI epoch 6,gpu,64,579,64,0.021805881056934595
molai,MolAI epoch 6,gpu,64,580,64,0.021664093947038054
molai,MolAI epoch 6,gpu,64,581,64,0.016041932976804674
molai,MolAI epoch 6,gpu,64,582,64,0.015952366986311972
molai,MolAI epoch 6,gpu,64,583,64,0.015667960047721863
molai,MolAI epoch 6,gpu,64,584,64,0.01610237907152623
molai,MolAI epoch 6,gpu,64,585,64,0.015337154036387801
molai,MolAI epoch 6,gpu,64,586,64,0.015900562051683664
molai,MolAI epoch 6,gpu,64,587,64,0.01609735400415957
molai,MolAI epoch 6,gpu,64,588,64,0.02125309908296913
molai,MolAI epoch 6,gpu,64,589,64,0.021462275995872915
molai,MolAI epoch 6,gpu,64,590,64,0.015567354974336922
molai,MolAI epoch 6,gpu,64,591,64,0.015553659992292523
molai,MolAI epoch 6,gpu,64,592,64,0.015585754998028278
molai,MolAI epoch 6,gpu,64,593,64,0.016448798938654363
molai,MolAI epoch 6,gpu,64,594,64,0.015863411012105644
molai,MolAI epoch 6,gpu,64,595,64,0.016023467993363738
molai,MolAI epoch 6,gpu,64,596,64,0.015834130928851664
molai,MolAI epoch 6,gpu,64,597,64,0.015700023039244115
molai,MolAI epoch 6,gpu,64,598,64,0.015425408026203513
molai,MolAI epoch 6,gpu,64,599,64,0.015946959028951824
molai,MolAI epoch 6,gpu,64,600,64,0.021731740096583962
molai,MolAI epoch 6,gpu,64,601,64,0.022462211083620787
molai,MolAI epoch 6,gpu,64,602,64,0.015806452953256667
molai,MolAI epoch 6,gpu,64,603,64,0.01563679298851639
molai,MolAI epoch 6,gpu,64,604,64,0.015573275042697787
molai,MolAI epoch 6,gpu,64,605,64,0.016050604986958206
molai,MolAI epoch 6,gpu,64,606,64,0.01524461293593049
molai,MolAI epoch 6,gpu,64,607,64,0.015889936010353267
molai,MolAI epoch 6,gpu,64,608,64,0.017770519014447927
molai,MolAI epoch 6,gpu,64,609,64,0.021926325047388673
molai,MolAI epoch 6,gpu,64,610,64,0.021687580971047282
molai,MolAI epoch 6,gpu,64,611,64,0.021578718908131123
molai,MolAI epoch 6,gpu,64,612,64,0.02163331105839461
molai,MolAI epoch 6,gpu,64,613,64,0.016987151000648737
molai,MolAI epoch 6,gpu,64,614,64,0.0161972549976781
molai,MolAI epoch 6,gpu,64,615,64,0.015845266985706985
molai,MolAI epoch 6,gpu,64,616,64,0.015563419088721275
molai,MolAI epoch 6,gpu,64,617,64,0.01575733406934887
molai,MolAI epoch 6,gpu,64,618,64,0.01577250100672245
molai,MolAI epoch 6,gpu,64,619,64,0.01721706404350698
molai,MolAI epoch 6,gpu,64,620,64,0.022519971011206508
molai,MolAI epoch 6,gpu,64,621,64,0.021062704967334867
molai,MolAI epoch 6,gpu,64,622,64,0.02142921998165548
molai,MolAI epoch 6,gpu,64,623,64,0.021482306998223066
molai,MolAI epoch 6,gpu,64,624,64,0.017699736054055393
molai,MolAI epoch 6,gpu,64,625,64,0.01578360504936427
molai,MolAI epoch 6,gpu,64,626,64,0.016098795109428465
molai,MolAI epoch 6,gpu,64,627,64,0.01589393592439592
molai,MolAI epoch 6,gpu,64,628,64,0.01602465391624719
molai,MolAI epoch 6,gpu,64,629,64,0.015914993011392653
molai,MolAI epoch 6,gpu,64,630,64,0.01566251995973289
molai,MolAI epoch 6,gpu,64,631,64,0.021306313923560083
molai,MolAI epoch 6,gpu,64,632,64,0.020901876967400312
molai,MolAI epoch 6,gpu,64,633,64,0.01648899109568447
molai,MolAI epoch 6,gpu,64,634,64,0.016134120989590883
molai,MolAI epoch 6,gpu,64,635,64,0.01594164699781686
molai,MolAI epoch 6,gpu,64,636,64,0.016344067989848554
molai,MolAI epoch 6,gpu,64,637,64,0.015903120976872742
molai,MolAI epoch 6,gpu,64,638,64,0.015451262006536126
molai,MolAI epoch 6,gpu,64,639,64,0.017354147974401712
molai,MolAI epoch 6,gpu,64,640,64,0.022109677898697555
molai,MolAI epoch 6,gpu,64,641,64,0.021965908934362233
molai,MolAI epoch 6,gpu,64,642,64,0.022675356944091618
molai,MolAI epoch 6,gpu,64,643,64,0.021913205971941352
molai,MolAI epoch 6,gpu,64,644,64,0.016552573069930077
molai,MolAI epoch 6,gpu,64,645,64,0.01575617992784828
molai,MolAI epoch 6,gpu,64,646,64,0.015695800073444843
molai,MolAI epoch 6,gpu,64,647,64,0.01590241608209908
molai,MolAI epoch 6,gpu,64,648,64,0.015761172981001437
molai,MolAI epoch 6,gpu,64,649,64,0.01560818706639111
molai,MolAI epoch 6,gpu,64,650,64,0.016591484076343477
molai,MolAI epoch 6,gpu,64,651,64,0.022344424040056765
molai,MolAI epoch 6,gpu,64,652,64,0.022165774018503726
molai,MolAI epoch 6,gpu,64,653,64,0.015622680075466633
molai,MolAI epoch 6,gpu,64,654,64,0.01591291301883757
molai,MolAI epoch 6,gpu,64,655,64,0.01598007802385837
molai,MolAI epoch 6,gpu,64,656,64,0.015981166041456163
molai,MolAI epoch 6,gpu,64,657,64,0.016061484930105507
molai,MolAI epoch 6,gpu,64,658,64,0.01581874000839889
molai,MolAI epoch 6,gpu,64,659,64,0.019629211979918182
molai,MolAI epoch 6,gpu,64,660,64,0.021514178020879626
molai,MolAI epoch 6,gpu,64,661,64,0.0212304110173136
molai,MolAI epoch 6,gpu,64,662,64,0.016206694999709725
molai,MolAI epoch 6,gpu,64,663,64,0.01573493389878422
molai,MolAI epoch 6,gpu,64,664,64,0.015986477956175804
molai,MolAI epoch 6,gpu,64,665,64,0.01596174295991659
molai,MolAI epoch 6,gpu,64,666,64,0.017336036078631878
molai,MolAI epoch 6,gpu,64,667,64,0.01585848198737949
molai,MolAI epoch 6,gpu,64,668,64,0.015687064034864306
molai,MolAI epoch 6,gpu,64,669,64,0.016185991000384092
molai,MolAI epoch 6,gpu,64,670,64,0.01578994106967002
molai,MolAI epoch 6,gpu,64,671,64,0.02192104491405189
molai,MolAI epoch 6,gpu,64,672,64,0.02196536399424076
molai,MolAI epoch 6,gpu,64,673,64,0.01830919098574668
molai,MolAI epoch 6,gpu,64,674,64,0.015961549943313003
molai,MolAI epoch 6,gpu,64,675,64,0.016224007005803287
molai,MolAI epoch 6,gpu,64,676,64,0.015677624032832682
molai,MolAI epoch 6,gpu,64,677,64,0.0160155959893018
molai,MolAI epoch 6,gpu,64,678,64,0.015846131020225585
molai,MolAI epoch 6,gpu,64,679,64,0.01717428199481219
molai,MolAI epoch 6,gpu,64,680,64,0.022259785910136998
molai,MolAI epoch 6,gpu,64,681,64,0.0214655400486663
molai,MolAI epoch 6,gpu,64,682,64,0.016044906922616065
molai,MolAI epoch 6,gpu,64,683,64,0.015553340082988143
molai,MolAI epoch 6,gpu,64,684,64,0.01564367301762104
molai,MolAI epoch 6,gpu,64,685,64,0.01563973701559007
molai,MolAI epoch 6,gpu,64,686,64,0.01592779194470495
molai,MolAI epoch 6,gpu,64,687,64,0.015499550034292042
molai,MolAI epoch 6,gpu,64,688,64,0.01599751692265272
molai,MolAI epoch 6,gpu,64,689,64,0.01625165401492268
molai,MolAI epoch 6,gpu,64,690,64,0.015755286091007292
molai,MolAI epoch 6,gpu,64,691,64,0.017696153023280203
molai,MolAI epoch 6,gpu,64,692,64,0.021956149023026228
molai,MolAI epoch 6,gpu,64,693,64,0.022076655994169414
molai,MolAI epoch 6,gpu,64,694,64,0.01565554505214095
molai,MolAI epoch 6,gpu,64,695,64,0.015895600896328688
molai,MolAI epoch 6,gpu,64,696,64,0.015747349010780454
molai,MolAI epoch 6,gpu,64,697,64,0.015554844052530825
molai,MolAI epoch 6,gpu,64,698,64,0.015947663923725486
molai,MolAI epoch 6,gpu,64,699,64,0.01599108602385968
molai,MolAI epoch 6,gpu,64,700,64,0.020773528958670795
molai,MolAI epoch 6,gpu,64,701,64,0.022173516917973757
molai,MolAI epoch 6,gpu,64,702,64,0.022109776036813855
molai,MolAI epoch 6,gpu,64,703,64,0.021883765934035182
molai,MolAI epoch 6,gpu,64,704,64,0.022391655016690493
molai,MolAI epoch 6,gpu,64,705,64,0.0158462900435552
molai,MolAI epoch 6,gpu,64,706,64,0.016159433056600392
molai,MolAI epoch 6,gpu,64,707,64,0.01590177696198225
molai,MolAI epoch 6,gpu,64,708,64,0.016196582932025194
molai,MolAI epoch 6,gpu,64,709,64,0.015847441973164678
molai,MolAI epoch 6,gpu,64,710,64,0.01583166792988777
molai,MolAI epoch 6,gpu,64,711,64,0.021687932079657912
molai,MolAI epoch 6,gpu,64,712,64,0.022138574975542724
molai,MolAI epoch 6,gpu,64,713,64,0.021890484960749745
molai,MolAI epoch 6,gpu,64,714,64,0.02191685396246612
molai,MolAI epoch 6,gpu,64,715,64,0.02104001701809466
molai,MolAI epoch 6,gpu,64,716,64,0.015687830979004502
molai,MolAI epoch 6,gpu,64,717,64,0.015999182011000812
molai,MolAI epoch 6,gpu,64,718,64,0.015700471005402505
molai,MolAI epoch 6,gpu,64,719,64,0.01579413202125579
molai,MolAI epoch 6,gpu,64,720,64,0.016116905957460403
molai,MolAI epoch 6,gpu,64,721,64,0.01608087494969368
molai,MolAI epoch 6,gpu,64,722,64,0.021823448943905532
molai,MolAI epoch 6,gpu,64,723,64,0.022248234949074686
molai,MolAI epoch 6,gpu,64,724,64,0.01735555601771921
molai,MolAI epoch 6,gpu,64,725,64,0.01564940100070089
molai,MolAI epoch 6,gpu,64,726,64,0.015970478067174554
molai,MolAI epoch 6,gpu,64,727,64,0.01585550606250763
molai,MolAI epoch 6,gpu,64,728,64,0.01577781292144209
molai,MolAI epoch 6,gpu,64,729,64,0.01605741900857538
molai,MolAI epoch 6,gpu,64,730,64,0.01650595001410693
molai,MolAI epoch 6,gpu,64,731,64,0.022265322972089052
molai,MolAI epoch 6,gpu,64,732,64,0.022067313082516193
molai,MolAI epoch 6,gpu,64,733,64,0.02176233089994639
molai,MolAI epoch 6,gpu,64,734,64,0.022120687062852085
molai,MolAI epoch 6,gpu,64,735,64,0.0174629760440439
molai,MolAI epoch 6,gpu,64,736,64,0.016225573956035078
molai,MolAI epoch 6,gpu,64,737,64,0.015693079913035035
molai,MolAI epoch 6,gpu,64,738,64,0.015843954985029995
molai,MolAI epoch 6,gpu,64,739,64,0.015255491947755218
molai,MolAI epoch 6,gpu,64,740,64,0.01604382006917149
molai,MolAI epoch 6,gpu,64,741,64,0.015360481920652092
molai,MolAI epoch 6,gpu,64,742,64,0.021693244110792875
molai,MolAI epoch 6,gpu,64,743,64,0.022326600970700383
molai,MolAI epoch 6,gpu,64,744,64,0.016330402926541865
molai,MolAI epoch 6,gpu,64,745,64,0.015484701958484948
molai,MolAI epoch 6,gpu,64,746,64,0.015737302019260824
molai,MolAI epoch 6,gpu,64,747,64,0.01621351100038737
molai,MolAI epoch 6,gpu,64,748,64,0.015914255985990167
molai,MolAI epoch 6,gpu,64,749,64,0.01570629491470754
molai,MolAI epoch 6,gpu,64,750,64,0.017339556012302637
molai,MolAI epoch 6,gpu,64,751,64,0.021593311917968094
molai,MolAI epoch 6,gpu,64,752,64,0.021869207033887506
molai,MolAI epoch 6,gpu,64,753,64,0.015460574999451637
molai,MolAI epoch 6,gpu,64,754,64,0.015470301965251565
molai,MolAI epoch 6,gpu,64,755,64,0.015415744041092694
molai,MolAI epoch 6,gpu,64,756,64,0.01592075207736343
molai,MolAI epoch 6,gpu,64,757,64,0.015423104050569236
molai,MolAI epoch 6,gpu,64,758,64,0.015609688940458
molai,MolAI epoch 6,gpu,64,759,64,0.01577499695122242
molai,MolAI epoch 6,gpu,64,760,64,0.01580274000298232
molai,MolAI epoch 6,gpu,64,761,64,0.015862897038459778
molai,MolAI epoch 6,gpu,64,762,64,0.016095210914500058
molai,MolAI epoch 6,gpu,64,763,64,0.022239051992073655
molai,MolAI epoch 6,gpu,64,764,64,0.021958707948215306
molai,MolAI epoch 6,gpu,64,765,64,0.015581498970277607
molai,MolAI epoch 6,gpu,64,766,64,0.0158608490601182
molai,MolAI epoch 6,gpu,64,767,64,0.015782964997924864
molai,MolAI epoch 6,gpu,64,768,64,0.015512188896536827
molai,MolAI epoch 6,gpu,64,769,64,0.015706422040238976
molai,MolAI epoch 6,gpu,64,770,64,0.015529532916843891
molai,MolAI epoch 6,gpu,64,771,64,0.019403364043682814
molai,MolAI epoch 6,gpu,64,772,64,0.022032976965419948
molai,MolAI epoch 6,gpu,64,773,64,0.022093425039201975
molai,MolAI epoch 6,gpu,64,774,64,0.02162722998764366
molai,MolAI epoch 6,gpu,64,775,64,0.021923477994278073
molai,MolAI epoch 6,gpu,64,776,64,0.01565883995499462
molai,MolAI epoch 6,gpu,64,777,64,0.01582449907436967
molai,MolAI epoch 6,gpu,64,778,52,0.01209901599213481
molai,MolAI epoch 6,gpu,128,0,128,0.02504514006432146
molai,MolAI epoch 6,gpu,128,1,128,0.02482613897882402
molai,MolAI epoch 6,gpu,128,2,128,0.02474418794736266
molai,MolAI epoch 6,gpu,128,3,128,0.025204303907230496
molai,MolAI epoch 6,gpu,128,4,128,0.024691198952496052
molai,MolAI epoch 6,gpu,128,5,128,0.024862427031621337
molai,MolAI epoch 6,gpu,128,6,128,0.02471555001102388
molai,MolAI epoch 6,gpu,128,7,128,0.024840186932124197
molai,MolAI epoch 6,gpu,128,8,128,0.024826170061714947
molai,MolAI epoch 6,gpu,128,9,128,0.02459888206794858
molai,MolAI epoch 6,gpu,128,10,128,0.03703612694516778
molai,MolAI epoch 6,gpu,128,11,128,0.029626372968778014
molai,MolAI epoch 6,gpu,128,12,128,0.024833851028233767
molai,MolAI epoch 6,gpu,128,13,128,0.024029970983974636
molai,MolAI epoch 6,gpu,128,14,128,0.024118224973790348
molai,MolAI epoch 6,gpu,128,15,128,0.024810106959193945
molai,MolAI epoch 6,gpu,128,16,128,0.024286156054586172
molai,MolAI epoch 6,gpu,128,17,128,0.02436637703794986
molai,MolAI epoch 6,gpu,128,18,128,0.024873400921933353
molai,MolAI epoch 6,gpu,128,19,128,0.024673983920365572
molai,MolAI epoch 6,gpu,128,20,128,0.024691518978215754
molai,MolAI epoch 6,gpu,128,21,128,0.02450429298914969
molai,MolAI epoch 6,gpu,128,22,128,0.02409326599445194
molai,MolAI epoch 6,gpu,128,23,128,0.024152238969691098
molai,MolAI epoch 6,gpu,128,24,128,0.023776954971253872
molai,MolAI epoch 6,gpu,128,25,128,0.024522213032469153
molai,MolAI epoch 6,gpu,128,26,128,0.024708862067200243
molai,MolAI epoch 6,gpu,128,27,128,0.023938743048347533
molai,MolAI epoch 6,gpu,128,28,128,0.024412038968876004
molai,MolAI epoch 6,gpu,128,29,128,0.02490498498082161
molai,MolAI epoch 6,gpu,128,30,128,0.024347560945898294
molai,MolAI epoch 6,gpu,128,31,128,0.024762941990047693
molai,MolAI epoch 6,gpu,128,32,128,0.02475385193247348
molai,MolAI epoch 6,gpu,128,33,128,0.024474855046719313
molai,MolAI epoch 6,gpu,128,34,128,0.02405224193353206
molai,MolAI epoch 6,gpu,128,35,128,0.02461325004696846
molai,MolAI epoch 6,gpu,128,36,128,0.023930485942400992
molai,MolAI epoch 6,gpu,128,37,128,0.024193168035708368
molai,MolAI epoch 6,gpu,128,38,128,0.036830276949331164
molai,MolAI epoch 6,gpu,128,39,128,0.03027764894068241
molai,MolAI epoch 6,gpu,128,40,128,0.024623297969810665
molai,MolAI epoch 6,gpu,128,41,128,0.024462054017931223
molai,MolAI epoch 6,gpu,128,42,128,0.024859227007254958
molai,MolAI epoch 6,gpu,128,43,128,0.027023061993531883
molai,MolAI epoch 6,gpu,128,44,128,0.03610127605497837
molai,MolAI epoch 6,gpu,128,45,128,0.03572064696345478
molai,MolAI epoch 6,gpu,128,46,128,0.029911196907050908
molai,MolAI epoch 6,gpu,128,47,128,0.024261196027509868
molai,MolAI epoch 6,gpu,128,48,128,0.02476466994266957
molai,MolAI epoch 6,gpu,128,49,128,0.024828185909427702
molai,MolAI epoch 6,gpu,128,50,128,0.028890909045003355
molai,MolAI epoch 6,gpu,128,51,128,0.03575514303520322
molai,MolAI epoch 6,gpu,128,52,128,0.035566124017350376
molai,MolAI epoch 6,gpu,128,53,128,0.02998469804879278
molai,MolAI epoch 6,gpu,128,54,128,0.024817083030939102
molai,MolAI epoch 6,gpu,128,55,128,0.024818906909786165
molai,MolAI epoch 6,gpu,128,56,128,0.024334379006177187
molai,MolAI epoch 6,gpu,128,57,128,0.030270097078755498
molai,MolAI epoch 6,gpu,128,58,128,0.03694029001053423
molai,MolAI epoch 6,gpu,128,59,128,0.02440154505893588
molai,MolAI epoch 6,gpu,128,60,128,0.02442224696278572
molai,MolAI epoch 6,gpu,128,61,128,0.024242253974080086
molai,MolAI epoch 6,gpu,128,62,128,0.02452330000232905
molai,MolAI epoch 6,gpu,128,63,128,0.036429296946153045
molai,MolAI epoch 6,gpu,128,64,128,0.02852746401913464
molai,MolAI epoch 6,gpu,128,65,128,0.0242432450177148
molai,MolAI epoch 6,gpu,128,66,128,0.024760766071267426
molai,MolAI epoch 6,gpu,128,67,128,0.02412407996598631
molai,MolAI epoch 6,gpu,128,68,128,0.024634690023958683
molai,MolAI epoch 6,gpu,128,69,128,0.024693695013411343
molai,MolAI epoch 6,gpu,128,70,128,0.02908767107874155
molai,MolAI epoch 6,gpu,128,71,128,0.03687053092289716
molai,MolAI epoch 6,gpu,128,72,128,0.02476002904586494
molai,MolAI epoch 6,gpu,128,73,128,0.02457129897084087
molai,MolAI epoch 6,gpu,128,74,128,0.024530338938347995
molai,MolAI epoch 6,gpu,128,75,128,0.02461568301077932
molai,MolAI epoch 6,gpu,128,76,128,0.03619775304105133
molai,MolAI epoch 6,gpu,128,77,128,0.029376427992247045
molai,MolAI epoch 6,gpu,128,78,128,0.02629415795672685
molai,MolAI epoch 6,gpu,128,79,128,0.0247123499866575
molai,MolAI epoch 6,gpu,128,80,128,0.025001525995321572
molai,MolAI epoch 6,gpu,128,81,128,0.024919478921219707
molai,MolAI epoch 6,gpu,128,82,128,0.024726205971091986
molai,MolAI epoch 6,gpu,128,83,128,0.030557353049516678
molai,MolAI epoch 6,gpu,128,84,128,0.0363976180087775
molai,MolAI epoch 6,gpu,128,85,128,0.024740413995459676
molai,MolAI epoch 6,gpu,128,86,128,0.024486501002684236
molai,MolAI epoch 6,gpu,128,87,128,0.02439050399698317
molai,MolAI epoch 6,gpu,128,88,128,0.024291308014653623
molai,MolAI epoch 6,gpu,128,89,128,0.03652641398366541
molai,MolAI epoch 6,gpu,128,90,128,0.036994977039285004
molai,MolAI epoch 6,gpu,128,91,128,0.033668424002826214
molai,MolAI epoch 6,gpu,128,92,128,0.024617952993139625
molai,MolAI epoch 6,gpu,128,93,128,0.02475577301811427
molai,MolAI epoch 6,gpu,128,94,128,0.024579297984018922
molai,MolAI epoch 6,gpu,128,95,128,0.02466944104526192
molai,MolAI epoch 6,gpu,128,96,128,0.036097467062063515
molai,MolAI epoch 6,gpu,128,97,128,0.036845603957772255
molai,MolAI epoch 6,gpu,128,98,128,0.032932893955148757
molai,MolAI epoch 6,gpu,128,99,128,0.024089395068585873
molai,MolAI epoch 6,gpu,128,100,128,0.024647327954880893
molai,MolAI epoch 6,gpu,128,101,128,0.024439911008812487
molai,MolAI epoch 6,gpu,128,102,128,0.02633473090827465
molai,MolAI epoch 6,gpu,128,103,128,0.03550737502519041
molai,MolAI epoch 6,gpu,128,104,128,0.025637026061303914
molai,MolAI epoch 6,gpu,128,105,128,0.024661664036102593
molai,MolAI epoch 6,gpu,128,106,128,0.02427751594223082
molai,MolAI epoch 6,gpu,128,107,128,0.024452422047033906
molai,MolAI epoch 6,gpu,128,108,128,0.03281225904356688
molai,MolAI epoch 6,gpu,128,109,128,0.03422520600724965
molai,MolAI epoch 6,gpu,128,110,128,0.024088400998152792
molai,MolAI epoch 6,gpu,128,111,128,0.024057844071649015
molai,MolAI epoch 6,gpu,128,112,128,0.02461145701818168
molai,MolAI epoch 6,gpu,128,113,128,0.024696990964002907
molai,MolAI epoch 6,gpu,128,114,128,0.023721436969935894
molai,MolAI epoch 6,gpu,128,115,128,0.023668286972679198
molai,MolAI epoch 6,gpu,128,116,128,0.03694732894655317
molai,MolAI epoch 6,gpu,128,117,128,0.028628067928366363
molai,MolAI epoch 6,gpu,128,118,128,0.02415662503335625
molai,MolAI epoch 6,gpu,128,119,128,0.023560130037367344
molai,MolAI epoch 6,gpu,128,120,128,0.024286987958475947
molai,MolAI epoch 6,gpu,128,121,128,0.029606534051708877
molai,MolAI epoch 6,gpu,128,122,128,0.03629909304436296
molai,MolAI epoch 6,gpu,128,123,128,0.02427050902042538
molai,MolAI epoch 6,gpu,128,124,128,0.024824282038025558
molai,MolAI epoch 6,gpu,128,125,128,0.024218254955485463
molai,MolAI epoch 6,gpu,128,126,128,0.02465379098430276
molai,MolAI epoch 6,gpu,128,127,128,0.024820604012347758
molai,MolAI epoch 6,gpu,128,128,128,0.024578594020567834
molai,MolAI epoch 6,gpu,128,129,128,0.03639041900169104
molai,MolAI epoch 6,gpu,128,130,128,0.029834207030944526
molai,MolAI epoch 6,gpu,128,131,128,0.024754107929766178
molai,MolAI epoch 6,gpu,128,132,128,0.024412136990576982
molai,MolAI epoch 6,gpu,128,133,128,0.025089393951930106
molai,MolAI epoch 6,gpu,128,134,128,0.029630468925461173
molai,MolAI epoch 6,gpu,128,135,128,0.0365378389833495
molai,MolAI epoch 6,gpu,128,136,128,0.03613583499100059
molai,MolAI epoch 6,gpu,128,137,128,0.028426122036762536
molai,MolAI epoch 6,gpu,128,138,128,0.024543876061215997
molai,MolAI epoch 6,gpu,128,139,128,0.024593985988758504
molai,MolAI epoch 6,gpu,128,140,128,0.025272013037465513
molai,MolAI epoch 6,gpu,128,141,128,0.03269859799183905
molai,MolAI epoch 6,gpu,128,142,128,0.03514728997834027
molai,MolAI epoch 6,gpu,128,143,128,0.024501605075784028
molai,MolAI epoch 6,gpu,128,144,128,0.024185646092519164
molai,MolAI epoch 6,gpu,128,145,128,0.024762494023889303
molai,MolAI epoch 6,gpu,128,146,128,0.023917462094686925
molai,MolAI epoch 6,gpu,128,147,128,0.03572516003623605
molai,MolAI epoch 6,gpu,128,148,128,0.03588166693225503
molai,MolAI epoch 6,gpu,128,149,128,0.03394102305173874
molai,MolAI epoch 6,gpu,128,150,128,0.02422532590571791
molai,MolAI epoch 6,gpu,128,151,128,0.024465222959406674
molai,MolAI epoch 6,gpu,128,152,128,0.024552642949856818
molai,MolAI epoch 6,gpu,128,153,128,0.02435476193204522
molai,MolAI epoch 6,gpu,128,154,128,0.0368424040498212
molai,MolAI epoch 6,gpu,128,155,128,0.03614130709320307
molai,MolAI epoch 6,gpu,128,156,128,0.032800963963381946
molai,MolAI epoch 6,gpu,128,157,128,0.02484872902277857
molai,MolAI epoch 6,gpu,128,158,128,0.02531873108819127
molai,MolAI epoch 6,gpu,128,159,128,0.02476070204284042
molai,MolAI epoch 6,gpu,128,160,128,0.02628692507278174
molai,MolAI epoch 6,gpu,128,161,128,0.03568563994485885
molai,MolAI epoch 6,gpu,128,162,128,0.02569971198681742
molai,MolAI epoch 6,gpu,128,163,128,0.023821850074455142
molai,MolAI epoch 6,gpu,128,164,128,0.024546179920434952
molai,MolAI epoch 6,gpu,128,165,128,0.02526538900565356
molai,MolAI epoch 6,gpu,128,166,128,0.03311580093577504
molai,MolAI epoch 6,gpu,128,167,128,0.03342177497688681
molai,MolAI epoch 6,gpu,128,168,128,0.024820090970024467
molai,MolAI epoch 6,gpu,128,169,128,0.024660959956236184
molai,MolAI epoch 6,gpu,128,170,128,0.024820475024171174
molai,MolAI epoch 6,gpu,128,171,128,0.025074322940781713
molai,MolAI epoch 6,gpu,128,172,128,0.024621025077067316
molai,MolAI epoch 6,gpu,128,173,128,0.025711073074489832
molai,MolAI epoch 6,gpu,128,174,128,0.03555114893242717
molai,MolAI epoch 6,gpu,128,175,128,0.027015990926884115
molai,MolAI epoch 6,gpu,128,176,128,0.02423697302583605
molai,MolAI epoch 6,gpu,128,177,128,0.0242200770881027
molai,MolAI epoch 6,gpu,128,178,128,0.023803323041647673
molai,MolAI epoch 6,gpu,128,179,128,0.030623398022726178
molai,MolAI epoch 6,gpu,128,180,128,0.035431504948064685
molai,MolAI epoch 6,gpu,128,181,128,0.02478402794804424
molai,MolAI epoch 6,gpu,128,182,128,0.024494308978319168
molai,MolAI epoch 6,gpu,128,183,128,0.023773403954692185
molai,MolAI epoch 6,gpu,128,184,128,0.0244266310473904
molai,MolAI epoch 6,gpu,128,185,128,0.024004884995520115
molai,MolAI epoch 6,gpu,128,186,128,0.024444070062600076
molai,MolAI epoch 6,gpu,128,187,128,0.036441425094380975
molai,MolAI epoch 6,gpu,128,188,128,0.029524488956667483
molai,MolAI epoch 6,gpu,128,189,128,0.0241902859415859
molai,MolAI epoch 6,gpu,128,190,128,0.024563940009102225
molai,MolAI epoch 6,gpu,128,191,128,0.02441610407549888
molai,MolAI epoch 6,gpu,128,192,128,0.029425836051814258
molai,MolAI epoch 6,gpu,128,193,128,0.03682547702919692
molai,MolAI epoch 6,gpu,128,194,128,0.03594729595351964
molai,MolAI epoch 6,gpu,128,195,128,0.02823931199964136
molai,MolAI epoch 6,gpu,128,196,128,0.0238777530612424
molai,MolAI epoch 6,gpu,128,197,128,0.02430653909686953
molai,MolAI epoch 6,gpu,128,198,128,0.024285931955091655
molai,MolAI epoch 6,gpu,128,199,128,0.029883868992328644
molai,MolAI epoch 6,gpu,128,200,128,0.036116731935180724
molai,MolAI epoch 6,gpu,128,201,128,0.02840676298364997
molai,MolAI epoch 6,gpu,128,202,128,0.028253744007088244
molai,MolAI epoch 6,gpu,128,203,128,0.02457520307507366
molai,MolAI epoch 6,gpu,128,204,128,0.02460982510820031
molai,MolAI epoch 6,gpu,128,205,128,0.023626785026863217
molai,MolAI epoch 6,gpu,128,206,128,0.024752060999162495
molai,MolAI epoch 6,gpu,128,207,128,0.03563745098654181
molai,MolAI epoch 6,gpu,128,208,128,0.027329292963258922
molai,MolAI epoch 6,gpu,128,209,128,0.02421300602145493
molai,MolAI epoch 6,gpu,128,210,128,0.02467334410175681
molai,MolAI epoch 6,gpu,128,211,128,0.024519683909602463
molai,MolAI epoch 6,gpu,128,212,128,0.032150647952221334
molai,MolAI epoch 6,gpu,128,213,128,0.03477789193857461
molai,MolAI epoch 6,gpu,128,214,128,0.024210894014686346
molai,MolAI epoch 6,gpu,128,215,128,0.02419329504482448
molai,MolAI epoch 6,gpu,128,216,128,0.023972340975888073
molai,MolAI epoch 6,gpu,128,217,128,0.02399720496032387
molai,MolAI epoch 6,gpu,128,218,128,0.024889496038667858
molai,MolAI epoch 6,gpu,128,219,128,0.024092467036098242
molai,MolAI epoch 6,gpu,128,220,128,0.036751142935827374
molai,MolAI epoch 6,gpu,128,221,128,0.029122740030288696
molai,MolAI epoch 6,gpu,128,222,128,0.024488165974617004
molai,MolAI epoch 6,gpu,128,223,128,0.024828282999806106
molai,MolAI epoch 6,gpu,128,224,128,0.024554115952923894
molai,MolAI epoch 6,gpu,128,225,128,0.029893564991652966
molai,MolAI epoch 6,gpu,128,226,128,0.03638667496852577
molai,MolAI epoch 6,gpu,128,227,128,0.02406581095419824
molai,MolAI epoch 6,gpu,128,228,128,0.02473542094230652
molai,MolAI epoch 6,gpu,128,229,128,0.02411243401002139
molai,MolAI epoch 6,gpu,128,230,128,0.0244749179109931
molai,MolAI epoch 6,gpu,128,231,128,0.02472067007329315
molai,MolAI epoch 6,gpu,128,232,128,0.02458819409366697
molai,MolAI epoch 6,gpu,128,233,128,0.036527117947116494
molai,MolAI epoch 6,gpu,128,234,128,0.030080888071097434
molai,MolAI epoch 6,gpu,128,235,128,0.025264172931201756
molai,MolAI epoch 6,gpu,128,236,128,0.0252449419349432
molai,MolAI epoch 6,gpu,128,237,128,0.024281418998725712
molai,MolAI epoch 6,gpu,128,238,128,0.030823328997939825
molai,MolAI epoch 6,gpu,128,239,128,0.03766765899490565
molai,MolAI epoch 6,gpu,128,240,128,0.030538695980794728
molai,MolAI epoch 6,gpu,128,241,128,0.02758835698477924
molai,MolAI epoch 6,gpu,128,242,128,0.024546660017222166
molai,MolAI epoch 6,gpu,128,243,128,0.024529827991500497
molai,MolAI epoch 6,gpu,128,244,128,0.024237069999799132
molai,MolAI epoch 6,gpu,128,245,128,0.029103573062457144
molai,MolAI epoch 6,gpu,128,246,128,0.03664993098936975
molai,MolAI epoch 6,gpu,128,247,128,0.02459613000974059
molai,MolAI epoch 6,gpu,128,248,128,0.02450544503517449
molai,MolAI epoch 6,gpu,128,249,128,0.02485055394936353
molai,MolAI epoch 6,gpu,128,250,128,0.02458144200500101
molai,MolAI epoch 6,gpu,128,251,128,0.03609433304518461
molai,MolAI epoch 6,gpu,128,252,128,0.037608204991556704
molai,MolAI epoch 6,gpu,128,253,128,0.03608921205159277
molai,MolAI epoch 6,gpu,128,254,128,0.025018228101544082
molai,MolAI epoch 6,gpu,128,255,128,0.02510565100237727
molai,MolAI epoch 6,gpu,128,256,128,0.025367946014739573
molai,MolAI epoch 6,gpu,128,257,128,0.026035956921987236
molai,MolAI epoch 6,gpu,128,258,128,0.036769478931091726
molai,MolAI epoch 6,gpu,128,259,128,0.0374405300244689
molai,MolAI epoch 6,gpu,128,260,128,0.03194822103250772
molai,MolAI epoch 6,gpu,128,261,128,0.025965622975490987
molai,MolAI epoch 6,gpu,128,262,128,0.02537687390577048
molai,MolAI epoch 6,gpu,128,263,128,0.024987766984850168
molai,MolAI epoch 6,gpu,128,264,128,0.029319694032892585
molai,MolAI epoch 6,gpu,128,265,128,0.036933218012563884
molai,MolAI epoch 6,gpu,128,266,128,0.02480127604212612
molai,MolAI epoch 6,gpu,128,267,128,0.02505112299695611
molai,MolAI epoch 6,gpu,128,268,128,0.024403400951996446
molai,MolAI epoch 6,gpu,128,269,128,0.025140815996564925
molai,MolAI epoch 6,gpu,128,270,128,0.03704684705007821
molai,MolAI epoch 6,gpu,128,271,128,0.03720952896401286
molai,MolAI epoch 6,gpu,128,272,128,0.034056699951179326
molai,MolAI epoch 6,gpu,128,273,128,0.0248702650424093
molai,MolAI epoch 6,gpu,128,274,128,0.024639233946800232
molai,MolAI epoch 6,gpu,128,275,128,0.023919926024973392
molai,MolAI epoch 6,gpu,128,276,128,0.025325036025606096
molai,MolAI epoch 6,gpu,128,277,128,0.037067997036501765
molai,MolAI epoch 6,gpu,128,278,128,0.026130961952731013
molai,MolAI epoch 6,gpu,128,279,128,0.024463591049425304
molai,MolAI epoch 6,gpu,128,280,128,0.025569602963514626
molai,MolAI epoch 6,gpu,128,281,128,0.02432004304137081
molai,MolAI epoch 6,gpu,128,282,128,0.033517483971081674
molai,MolAI epoch 6,gpu,128,283,128,0.03407247504219413
molai,MolAI epoch 6,gpu,128,284,128,0.024885465973056853
molai,MolAI epoch 6,gpu,128,285,128,0.024427879019640386
molai,MolAI epoch 6,gpu,128,286,128,0.0253104759613052
molai,MolAI epoch 6,gpu,128,287,128,0.02477215602993965
molai,MolAI epoch 6,gpu,128,288,128,0.02467411197721958
molai,MolAI epoch 6,gpu,128,289,128,0.02572889404837042
molai,MolAI epoch 6,gpu,128,290,128,0.03595088003203273
molai,MolAI epoch 6,gpu,128,291,128,0.02624711999669671
molai,MolAI epoch 6,gpu,128,292,128,0.024046738049946725
molai,MolAI epoch 6,gpu,128,293,128,0.024279084987938404
molai,MolAI epoch 6,gpu,128,294,128,0.02402709098532796
molai,MolAI epoch 6,gpu,128,295,128,0.031327120028436184
molai,MolAI epoch 6,gpu,128,296,128,0.036044957931153476
molai,MolAI epoch 6,gpu,128,297,128,0.024930967018008232
molai,MolAI epoch 6,gpu,128,298,128,0.024655136978253722
molai,MolAI epoch 6,gpu,128,299,128,0.02448262902908027
molai,MolAI epoch 6,gpu,128,300,128,0.024846042972058058
molai,MolAI epoch 6,gpu,128,301,128,0.025100401020608842
molai,MolAI epoch 6,gpu,128,302,128,0.024290541070513427
molai,MolAI epoch 6,gpu,128,303,128,0.036185560980811715
molai,MolAI epoch 6,gpu,128,304,128,0.0283015820896253
molai,MolAI epoch 6,gpu,128,305,128,0.02449818199966103
molai,MolAI epoch 6,gpu,128,306,128,0.025073171011172235
molai,MolAI epoch 6,gpu,128,307,128,0.025173520087264478
molai,MolAI epoch 6,gpu,128,308,128,0.03201887500472367
molai,MolAI epoch 6,gpu,128,309,128,0.03733112500049174
molai,MolAI epoch 6,gpu,128,310,128,0.03625365498010069
molai,MolAI epoch 6,gpu,128,311,128,0.024557668017223477
molai,MolAI epoch 6,gpu,128,312,128,0.02466883196029812
molai,MolAI epoch 6,gpu,128,313,128,0.025096051977016032
molai,MolAI epoch 6,gpu,128,314,128,0.02502866100985557
molai,MolAI epoch 6,gpu,128,315,128,0.03416991198901087
molai,MolAI epoch 6,gpu,128,316,128,0.03252829995471984
molai,MolAI epoch 6,gpu,128,317,128,0.02486776909790933
molai,MolAI epoch 6,gpu,128,318,128,0.025312972022220492
molai,MolAI epoch 6,gpu,128,319,128,0.02403909107670188
molai,MolAI epoch 6,gpu,128,320,128,0.02513064199592918
molai,MolAI epoch 6,gpu,128,321,128,0.02527146798092872
molai,MolAI epoch 6,gpu,128,322,128,0.027259951923042536
molai,MolAI epoch 6,gpu,128,323,128,0.03588381002191454
molai,MolAI epoch 6,gpu,128,324,128,0.024790139985270798
molai,MolAI epoch 6,gpu,128,325,128,0.024812988005578518
molai,MolAI epoch 6,gpu,128,326,128,0.024731454090215266
molai,MolAI epoch 6,gpu,128,327,128,0.024562531034462154
molai,MolAI epoch 6,gpu,128,328,128,0.03469933499582112
molai,MolAI epoch 6,gpu,128,329,128,0.032683877972885966
molai,MolAI epoch 6,gpu,128,330,128,0.02485721092671156
molai,MolAI epoch 6,gpu,128,331,128,0.02544109500013292
molai,MolAI epoch 6,gpu,128,332,128,0.02493701595813036
molai,MolAI epoch 6,gpu,128,333,128,0.02483119408134371
molai,MolAI epoch 6,gpu,128,334,128,0.024651456042192876
molai,MolAI epoch 6,gpu,128,335,128,0.027472936897538602
molai,MolAI epoch 6,gpu,128,336,128,0.03722296794876456
molai,MolAI epoch 6,gpu,128,337,128,0.02486130699981004
molai,MolAI epoch 6,gpu,128,338,128,0.024859417928382754
molai,MolAI epoch 6,gpu,128,339,128,0.024812315008603036
molai,MolAI epoch 6,gpu,128,340,128,0.024501638021320105
molai,MolAI epoch 6,gpu,128,341,128,0.03545835101976991
molai,MolAI epoch 6,gpu,128,342,128,0.03159748110920191
molai,MolAI epoch 6,gpu,128,343,128,0.024559875018894672
molai,MolAI epoch 6,gpu,128,344,128,0.02502891595941037
molai,MolAI epoch 6,gpu,128,345,128,0.0252575499471277
molai,MolAI epoch 6,gpu,128,346,128,0.025075025972910225
molai,MolAI epoch 6,gpu,128,347,128,0.024724447051994503
molai,MolAI epoch 6,gpu,128,348,128,0.028238064027391374
molai,MolAI epoch 6,gpu,128,349,128,0.03763236396480352
molai,MolAI epoch 6,gpu,128,350,128,0.025008116965182126
molai,MolAI epoch 6,gpu,128,351,128,0.02477084391284734
molai,MolAI epoch 6,gpu,128,352,128,0.024774172925390303
molai,MolAI epoch 6,gpu,128,353,128,0.025111826020292938
molai,MolAI epoch 6,gpu,128,354,128,0.03734696505125612
molai,MolAI epoch 6,gpu,128,355,128,0.036533039063215256
molai,MolAI epoch 6,gpu,128,356,128,0.035014461958780885
molai,MolAI epoch 6,gpu,128,357,128,0.02481538604479283
molai,MolAI epoch 6,gpu,128,358,128,0.024764030007645488
molai,MolAI epoch 6,gpu,128,359,128,0.02433812094386667
molai,MolAI epoch 6,gpu,128,360,128,0.024416519911028445
molai,MolAI epoch 6,gpu,128,361,128,0.03750382398720831
molai,MolAI epoch 6,gpu,128,362,128,0.027243279037065804
molai,MolAI epoch 6,gpu,128,363,128,0.02440653694793582
molai,MolAI epoch 6,gpu,128,364,128,0.027491974993608892
molai,MolAI epoch 6,gpu,128,365,128,0.025513669941574335
molai,MolAI epoch 6,gpu,128,366,128,0.034754693042486906
molai,MolAI epoch 6,gpu,128,367,128,0.03648891195189208
molai,MolAI epoch 6,gpu,128,368,128,0.036992767942138016
molai,MolAI epoch 6,gpu,128,369,128,0.02430541894864291
molai,MolAI epoch 6,gpu,128,370,128,0.02432967408094555
molai,MolAI epoch 6,gpu,128,371,128,0.024567971006035805
molai,MolAI epoch 6,gpu,128,372,128,0.025138832977972925
molai,MolAI epoch 6,gpu,128,373,128,0.03765406005550176
molai,MolAI epoch 6,gpu,128,374,128,0.03730015107430518
molai,MolAI epoch 6,gpu,128,375,128,0.03466855199076235
molai,MolAI epoch 6,gpu,128,376,128,0.02473222103435546
molai,MolAI epoch 6,gpu,128,377,128,0.024634530069306493
molai,MolAI epoch 6,gpu,128,378,128,0.024936854955740273
molai,MolAI epoch 6,gpu,128,379,128,0.026074100052937865
molai,MolAI epoch 6,gpu,128,380,128,0.03699763200711459
molai,MolAI epoch 6,gpu,128,381,128,0.027073972043581307
molai,MolAI epoch 6,gpu,128,382,128,0.024648992926813662
molai,MolAI epoch 6,gpu,128,383,128,0.02508238609880209
molai,MolAI epoch 6,gpu,128,384,128,0.02435313002206385
molai,MolAI epoch 6,gpu,128,385,128,0.03518079302739352
molai,MolAI epoch 6,gpu,128,386,128,0.03331089892890304
molai,MolAI epoch 6,gpu,128,387,128,0.024543683975934982
molai,MolAI epoch 6,gpu,128,388,128,0.025024340022355318
molai,MolAI epoch 6,gpu,128,389,52,0.011795697035267949
molai,MolAI epoch 6,gpu,256,0,256,0.045085092075169086
molai,MolAI epoch 6,gpu,256,1,256,0.04442770394962281
molai,MolAI epoch 6,gpu,256,2,256,0.0445606280118227
molai,MolAI epoch 6,gpu,256,3,256,0.04431890801060945
molai,MolAI epoch 6,gpu,256,4,256,0.04493658500723541
molai,MolAI epoch 6,gpu,256,5,256,0.043146208045072854
molai,MolAI epoch 6,gpu,256,6,256,0.06089250394143164
molai,MolAI epoch 6,gpu,256,7,256,0.04452578094787896
molai,MolAI epoch 6,gpu,256,8,256,0.043642416945658624
molai,MolAI epoch 6,gpu,256,9,256,0.06310865900013596
molai,MolAI epoch 6,gpu,256,10,256,0.04412835405673832
molai,MolAI epoch 6,gpu,256,11,256,0.04325820505619049
molai,MolAI epoch 6,gpu,256,12,256,0.04329564399085939
molai,MolAI epoch 6,gpu,256,13,256,0.06473452795762569
molai,MolAI epoch 6,gpu,256,14,256,0.062456103041768074
molai,MolAI epoch 6,gpu,256,15,256,0.05795256304554641
molai,MolAI epoch 6,gpu,256,16,256,0.05194884701631963
molai,MolAI epoch 6,gpu,256,17,256,0.044387544970959425
molai,MolAI epoch 6,gpu,256,18,256,0.04302157205529511
molai,MolAI epoch 6,gpu,256,19,256,0.04560661199502647
molai,MolAI epoch 6,gpu,256,20,256,0.058692636084742844
molai,MolAI epoch 6,gpu,256,21,256,0.04440601007081568
molai,MolAI epoch 6,gpu,256,22,256,0.04348504601512104
molai,MolAI epoch 6,gpu,256,23,256,0.06639732397161424
molai,MolAI epoch 6,gpu,256,24,256,0.0549410090316087
molai,MolAI epoch 6,gpu,256,25,256,0.04321634990628809
molai,MolAI epoch 6,gpu,256,26,256,0.04658494901377708
molai,MolAI epoch 6,gpu,256,27,256,0.0582482028985396
molai,MolAI epoch 6,gpu,256,28,256,0.0438970651011914
molai,MolAI epoch 6,gpu,256,29,256,0.043785325018689036
molai,MolAI epoch 6,gpu,256,30,256,0.043129952042363584
molai,MolAI epoch 6,gpu,256,31,256,0.06275302299764007
molai,MolAI epoch 6,gpu,256,32,256,0.0431015050271526
molai,MolAI epoch 6,gpu,256,33,256,0.043057059054262936
molai,MolAI epoch 6,gpu,256,34,256,0.064055958064273
molai,MolAI epoch 6,gpu,256,35,256,0.04602378199342638
molai,MolAI epoch 6,gpu,256,36,256,0.0447280160151422
molai,MolAI epoch 6,gpu,256,37,256,0.04382769193034619
molai,MolAI epoch 6,gpu,256,38,256,0.0644744400633499
molai,MolAI epoch 6,gpu,256,39,256,0.04342079209163785
molai,MolAI epoch 6,gpu,256,40,256,0.04358645004685968
molai,MolAI epoch 6,gpu,256,41,256,0.0646169000538066
molai,MolAI epoch 6,gpu,256,42,256,0.044134657946415246
molai,MolAI epoch 6,gpu,256,43,256,0.04335762595292181
molai,MolAI epoch 6,gpu,256,44,256,0.043745934031903744
molai,MolAI epoch 6,gpu,256,45,256,0.06057328195311129
molai,MolAI epoch 6,gpu,256,46,256,0.04317225597333163
molai,MolAI epoch 6,gpu,256,47,256,0.043679856113158166
molai,MolAI epoch 6,gpu,256,48,256,0.05760444700717926
molai,MolAI epoch 6,gpu,256,49,256,0.046638772008009255
molai,MolAI epoch 6,gpu,256,50,256,0.04376644501462579
molai,MolAI epoch 6,gpu,256,51,256,0.04362305696122348
molai,MolAI epoch 6,gpu,256,52,256,0.04346085502766073
molai,MolAI epoch 6,gpu,256,53,256,0.0432688599685207
molai,MolAI epoch 6,gpu,256,54,256,0.04340181709267199
molai,MolAI epoch 6,gpu,256,55,256,0.04303475597407669
molai,MolAI epoch 6,gpu,256,56,256,0.044137410004623234
molai,MolAI epoch 6,gpu,256,57,256,0.04257118597161025
molai,MolAI epoch 6,gpu,256,58,256,0.04417795198969543
molai,MolAI epoch 6,gpu,256,59,256,0.04300157306715846
molai,MolAI epoch 6,gpu,256,60,256,0.04386433004401624
molai,MolAI epoch 6,gpu,256,61,256,0.042735118069685996
molai,MolAI epoch 6,gpu,256,62,256,0.043888970045372844
molai,MolAI epoch 6,gpu,256,63,256,0.04335164197254926
molai,MolAI epoch 6,gpu,256,64,256,0.04379149992018938
molai,MolAI epoch 6,gpu,256,65,256,0.06046694901306182
molai,MolAI epoch 6,gpu,256,66,256,0.0441198090557009
molai,MolAI epoch 6,gpu,256,67,256,0.043370425933972
molai,MolAI epoch 6,gpu,256,68,256,0.056930355029180646
molai,MolAI epoch 6,gpu,256,69,256,0.047279487014748156
molai,MolAI epoch 6,gpu,256,70,256,0.044485143036581576
molai,MolAI epoch 6,gpu,256,71,256,0.043834123061969876
molai,MolAI epoch 6,gpu,256,72,256,0.05093639704864472
molai,MolAI epoch 6,gpu,256,73,256,0.052565018995665014
molai,MolAI epoch 6,gpu,256,74,256,0.0432577570900321
molai,MolAI epoch 6,gpu,256,75,256,0.04508752399124205
molai,MolAI epoch 6,gpu,256,76,256,0.05771845893468708
molai,MolAI epoch 6,gpu,256,77,256,0.04389543295837939
molai,MolAI epoch 6,gpu,256,78,256,0.04338987998198718
molai,MolAI epoch 6,gpu,256,79,256,0.04439276200719178
molai,MolAI epoch 6,gpu,256,80,256,0.06255962001159787
molai,MolAI epoch 6,gpu,256,81,256,0.04370612697675824
molai,MolAI epoch 6,gpu,256,82,256,0.04425442998763174
molai,MolAI epoch 6,gpu,256,83,256,0.0665178649360314
molai,MolAI epoch 6,gpu,256,84,256,0.05741616396699101
molai,MolAI epoch 6,gpu,256,85,256,0.04462763504125178
molai,MolAI epoch 6,gpu,256,86,256,0.045585012063384056
molai,MolAI epoch 6,gpu,256,87,256,0.05876927403733134
molai,MolAI epoch 6,gpu,256,88,256,0.043595282011665404
molai,MolAI epoch 6,gpu,256,89,256,0.0430580188985914
molai,MolAI epoch 6,gpu,256,90,256,0.043890442000702024
molai,MolAI epoch 6,gpu,256,91,256,0.06625579402316362
molai,MolAI epoch 6,gpu,256,92,256,0.060703550931066275
molai,MolAI epoch 6,gpu,256,93,256,0.059402053942903876
molai,MolAI epoch 6,gpu,256,94,256,0.050092327990569174
molai,MolAI epoch 6,gpu,256,95,256,0.045116098946891725
molai,MolAI epoch 6,gpu,256,96,256,0.043986886041238904
molai,MolAI epoch 6,gpu,256,97,256,0.04818134696688503
molai,MolAI epoch 6,gpu,256,98,256,0.055509792058728635
molai,MolAI epoch 6,gpu,256,99,256,0.04340984800364822
molai,MolAI epoch 6,gpu,256,100,256,0.04448271100409329
molai,MolAI epoch 6,gpu,256,101,256,0.060233228956349194
molai,MolAI epoch 6,gpu,256,102,256,0.04295933397952467
molai,MolAI epoch 6,gpu,256,103,256,0.043224798049777746
molai,MolAI epoch 6,gpu,256,104,256,0.04380653996486217
molai,MolAI epoch 6,gpu,256,105,256,0.06409042095765471
molai,MolAI epoch 6,gpu,256,106,256,0.04430658800993115
molai,MolAI epoch 6,gpu,256,107,256,0.043348505976609886
molai,MolAI epoch 6,gpu,256,108,256,0.06548333703540266
molai,MolAI epoch 6,gpu,256,109,256,0.0586305579636246
molai,MolAI epoch 6,gpu,256,110,256,0.0443773060105741
molai,MolAI epoch 6,gpu,256,111,256,0.045858188066631556
molai,MolAI epoch 6,gpu,256,112,256,0.05890456598717719
molai,MolAI epoch 6,gpu,256,113,256,0.04345957492478192
molai,MolAI epoch 6,gpu,256,114,256,0.043802956002764404
molai,MolAI epoch 6,gpu,256,115,256,0.06765030999667943
molai,MolAI epoch 6,gpu,256,116,256,0.05503089306876063
molai,MolAI epoch 6,gpu,256,117,256,0.04480254196096212
molai,MolAI epoch 6,gpu,256,118,256,0.04330847703386098
molai,MolAI epoch 6,gpu,256,119,256,0.04420191911049187
molai,MolAI epoch 6,gpu,256,120,256,0.060551618109457195
molai,MolAI epoch 6,gpu,256,121,256,0.04346837499178946
molai,MolAI epoch 6,gpu,256,122,256,0.04336866503581405
molai,MolAI epoch 6,gpu,256,123,256,0.06230858794879168
molai,MolAI epoch 6,gpu,256,124,256,0.043202526052482426
molai,MolAI epoch 6,gpu,256,125,256,0.04339746502228081
molai,MolAI epoch 6,gpu,256,126,256,0.04443090409040451
molai,MolAI epoch 6,gpu,256,127,256,0.06544337002560496
molai,MolAI epoch 6,gpu,256,128,256,0.04420636792201549
molai,MolAI epoch 6,gpu,256,129,256,0.044246045988984406
molai,MolAI epoch 6,gpu,256,130,256,0.06513665895909071
molai,MolAI epoch 6,gpu,256,131,256,0.043831851915456355
molai,MolAI epoch 6,gpu,256,132,256,0.043011683970689774
molai,MolAI epoch 6,gpu,256,133,256,0.043699695030227304
molai,MolAI epoch 6,gpu,256,134,256,0.06221537396777421
molai,MolAI epoch 6,gpu,256,135,256,0.043875273084267974
molai,MolAI epoch 6,gpu,256,136,256,0.043502070009708405
molai,MolAI epoch 6,gpu,256,137,256,0.05977772199548781
molai,MolAI epoch 6,gpu,256,138,256,0.0648214059183374
molai,MolAI epoch 6,gpu,256,139,256,0.04286714503541589
molai,MolAI epoch 6,gpu,256,140,256,0.04356536304112524
molai,MolAI epoch 6,gpu,256,141,256,0.06839889392722398
molai,MolAI epoch 6,gpu,256,142,256,0.05814727698452771
molai,MolAI epoch 6,gpu,256,143,256,0.0517052699578926
molai,MolAI epoch 6,gpu,256,144,256,0.05436224292498082
molai,MolAI epoch 6,gpu,256,145,256,0.044173024012707174
molai,MolAI epoch 6,gpu,256,146,256,0.048954284051433206
molai,MolAI epoch 6,gpu,256,147,256,0.06601480802055448
molai,MolAI epoch 6,gpu,256,148,256,0.05102727503981441
molai,MolAI epoch 6,gpu,256,149,256,0.04361918696667999
molai,MolAI epoch 6,gpu,256,150,256,0.05465023301076144
molai,MolAI epoch 6,gpu,256,151,256,0.050506587023846805
molai,MolAI epoch 6,gpu,256,152,256,0.047739730100147426
molai,MolAI epoch 6,gpu,256,153,256,0.056568222935311496
molai,MolAI epoch 6,gpu,256,154,256,0.06861015199683607
molai,MolAI epoch 6,gpu,256,155,256,0.04300080402754247
molai,MolAI epoch 6,gpu,256,156,256,0.04522745602298528
molai,MolAI epoch 6,gpu,256,157,256,0.06260694598313421
molai,MolAI epoch 6,gpu,256,158,256,0.06312459392938763
molai,MolAI epoch 6,gpu,256,159,256,0.044292125036008656
molai,MolAI epoch 6,gpu,256,160,256,0.045407962054014206
molai,MolAI epoch 6,gpu,256,161,256,0.04412867303472012
molai,MolAI epoch 6,gpu,256,162,256,0.04450347798410803
molai,MolAI epoch 6,gpu,256,163,256,0.044549781014211476
molai,MolAI epoch 6,gpu,256,164,256,0.044230590923689306
molai,MolAI epoch 6,gpu,256,165,256,0.04447496705688536
molai,MolAI epoch 6,gpu,256,166,256,0.044380442006513476
molai,MolAI epoch 6,gpu,256,167,256,0.04457848402671516
molai,MolAI epoch 6,gpu,256,168,256,0.04491351300384849
molai,MolAI epoch 6,gpu,256,169,256,0.044297404936514795
molai,MolAI epoch 6,gpu,256,170,256,0.0441542420303449
molai,MolAI epoch 6,gpu,256,171,256,0.044033284997567534
molai,MolAI epoch 6,gpu,256,172,256,0.0652969740331173
molai,MolAI epoch 6,gpu,256,173,256,0.06198507803492248
molai,MolAI epoch 6,gpu,256,174,256,0.04499315901193768
molai,MolAI epoch 6,gpu,256,175,256,0.04423964605666697
molai,MolAI epoch 6,gpu,256,176,256,0.06228894100058824
molai,MolAI epoch 6,gpu,256,177,256,0.045460151974111795
molai,MolAI epoch 6,gpu,256,178,256,0.045093604014255106
molai,MolAI epoch 6,gpu,256,179,256,0.06797260302118957
molai,MolAI epoch 6,gpu,256,180,256,0.05519821704365313
molai,MolAI epoch 6,gpu,256,181,256,0.043960743001662195
molai,MolAI epoch 6,gpu,256,182,256,0.0506649820599705
molai,MolAI epoch 6,gpu,256,183,256,0.0544681278988719
molai,MolAI epoch 6,gpu,256,184,256,0.044348667026497424
molai,MolAI epoch 6,gpu,256,185,256,0.043724110000766814
molai,MolAI epoch 6,gpu,256,186,256,0.04484506789594889
molai,MolAI epoch 6,gpu,256,187,256,0.06218884605914354
molai,MolAI epoch 6,gpu,256,188,256,0.04476782295387238
molai,MolAI epoch 6,gpu,256,189,256,0.044793804991059005
molai,MolAI epoch 6,gpu,256,190,256,0.06214264000300318
molai,MolAI epoch 6,gpu,256,191,256,0.04466564895119518
molai,MolAI epoch 6,gpu,256,192,256,0.04483159596566111
molai,MolAI epoch 6,gpu,256,193,256,0.0450811879709363
molai,MolAI epoch 6,gpu,256,194,180,0.0514704609522596
molai,MolAI epoch 6,gpu,512,0,512,0.08425046398770064
molai,MolAI epoch 6,gpu,512,1,512,0.08287994796410203
molai,MolAI epoch 6,gpu,512,2,512,0.08157281891908497
molai,MolAI epoch 6,gpu,512,3,512,0.09974998200777918
molai,MolAI epoch 6,gpu,512,4,512,0.10046970297116786
molai,MolAI epoch 6,gpu,512,5,512,0.10007829195819795
molai,MolAI epoch 6,gpu,512,6,512,0.09682786406483501
molai,MolAI epoch 6,gpu,512,7,512,0.10277375904843211
molai,MolAI epoch 6,gpu,512,8,512,0.09556163207162172
molai,MolAI epoch 6,gpu,512,9,512,0.08259630796965212
molai,MolAI epoch 6,gpu,512,10,512,0.10310322092846036
molai,MolAI epoch 6,gpu,512,11,512,0.08078314794693142
molai,MolAI epoch 6,gpu,512,12,512,0.10301631200127304
molai,MolAI epoch 6,gpu,512,13,512,0.09900936495978385
molai,MolAI epoch 6,gpu,512,14,512,0.09820148604921997
molai,MolAI epoch 6,gpu,512,15,512,0.0816842399071902
molai,MolAI epoch 6,gpu,512,16,512,0.10083711601328105
molai,MolAI epoch 6,gpu,512,17,512,0.0853900769725442
molai,MolAI epoch 6,gpu,512,18,512,0.11539362301118672
molai,MolAI epoch 6,gpu,512,19,512,0.0839032429503277
molai,MolAI epoch 6,gpu,512,20,512,0.09466150007210672
molai,MolAI epoch 6,gpu,512,21,512,0.12872219900600612
molai,MolAI epoch 6,gpu,512,22,512,0.10271136206574738
molai,MolAI epoch 6,gpu,512,23,512,0.10249636101070791
molai,MolAI epoch 6,gpu,512,24,512,0.08103085204493254
molai,MolAI epoch 6,gpu,512,25,512,0.10222888109274209
molai,MolAI epoch 6,gpu,512,26,512,0.08090183197055012
molai,MolAI epoch 6,gpu,512,27,512,0.1011415229877457
molai,MolAI epoch 6,gpu,512,28,512,0.08023330906871706
molai,MolAI epoch 6,gpu,512,29,512,0.10262313997372985
molai,MolAI epoch 6,gpu,512,30,512,0.08045256603509188
molai,MolAI epoch 6,gpu,512,31,512,0.09773730905726552
molai,MolAI epoch 6,gpu,512,32,512,0.08104592398740351
molai,MolAI epoch 6,gpu,512,33,512,0.10215704294387251
molai,MolAI epoch 6,gpu,512,34,512,0.08378699002787471
molai,MolAI epoch 6,gpu,512,35,512,0.09400363301392645
molai,MolAI epoch 6,gpu,512,36,512,0.07984362496063113
molai,MolAI epoch 6,gpu,512,37,512,0.10138033097609878
molai,MolAI epoch 6,gpu,512,38,512,0.08682779292576015
molai,MolAI epoch 6,gpu,512,39,512,0.11119708104524761
molai,MolAI epoch 6,gpu,512,40,512,0.08303869504015893
molai,MolAI epoch 6,gpu,512,41,512,0.09390082000754774
molai,MolAI epoch 6,gpu,512,42,512,0.08150757395196706
molai,MolAI epoch 6,gpu,512,43,512,0.10899762995541096
molai,MolAI epoch 6,gpu,512,44,512,0.09010420192498714
molai,MolAI epoch 6,gpu,512,45,512,0.08825158805120736
molai,MolAI epoch 6,gpu,512,46,512,0.08085908298380673
molai,MolAI epoch 6,gpu,512,47,512,0.10901798005215824
molai,MolAI epoch 6,gpu,512,48,512,0.10281987104099244
molai,MolAI epoch 6,gpu,512,49,512,0.08084324304945767
molai,MolAI epoch 6,gpu,512,50,512,0.09136918699368834
molai,MolAI epoch 6,gpu,512,51,512,0.08646700298413634
molai,MolAI epoch 6,gpu,512,52,512,0.10369200294371694
molai,MolAI epoch 6,gpu,512,53,512,0.08150818198919296
molai,MolAI epoch 6,gpu,512,54,512,0.09533584793098271
molai,MolAI epoch 6,gpu,512,55,512,0.08386711601633579
molai,MolAI epoch 6,gpu,512,56,512,0.11513369402382523
molai,MolAI epoch 6,gpu,512,57,512,0.08322112099267542
molai,MolAI epoch 6,gpu,512,58,512,0.10430011199787259
molai,MolAI epoch 6,gpu,512,59,512,0.08256808493752033
molai,MolAI epoch 6,gpu,512,60,512,0.10087845893576741
molai,MolAI epoch 6,gpu,512,61,512,0.08830595400650054
molai,MolAI epoch 6,gpu,512,62,512,0.10195080901030451
molai,MolAI epoch 6,gpu,512,63,512,0.08166353695560247
molai,MolAI epoch 6,gpu,512,64,512,0.10373670503031462
molai,MolAI epoch 6,gpu,512,65,512,0.08190081000793725
molai,MolAI epoch 6,gpu,512,66,512,0.09639383107423782
molai,MolAI epoch 6,gpu,512,67,512,0.08185463608242571
molai,MolAI epoch 6,gpu,512,68,512,0.10276435094419867
molai,MolAI epoch 6,gpu,512,69,512,0.08492961199954152
molai,MolAI epoch 6,gpu,512,70,512,0.09195028897374868
molai,MolAI epoch 6,gpu,512,71,512,0.08180525992065668
molai,MolAI epoch 6,gpu,512,72,512,0.10163926694076508
molai,MolAI epoch 6,gpu,512,73,512,0.08703617006540298
molai,MolAI epoch 6,gpu,512,74,512,0.10870080592576414
molai,MolAI epoch 6,gpu,512,75,512,0.08678593800868839
molai,MolAI epoch 6,gpu,512,76,512,0.09016183204948902
molai,MolAI epoch 6,gpu,512,77,512,0.08021705399733037
molai,MolAI epoch 6,gpu,512,78,512,0.11054135800804943
molai,MolAI epoch 6,gpu,512,79,512,0.09383650193922222
molai,MolAI epoch 6,gpu,512,80,512,0.0832895030034706
molai,MolAI epoch 6,gpu,512,81,512,0.08161889808252454
molai,MolAI epoch 6,gpu,512,82,512,0.11127976607531309
molai,MolAI epoch 6,gpu,512,83,512,0.10673126799520105
molai,MolAI epoch 6,gpu,512,84,512,0.0829378979979083
molai,MolAI epoch 6,gpu,512,85,512,0.09694933204445988
molai,MolAI epoch 6,gpu,512,86,512,0.08310682093724608
molai,MolAI epoch 6,gpu,512,87,512,0.11820883105974644
molai,MolAI epoch 6,gpu,512,88,512,0.08360082108993083
molai,MolAI epoch 6,gpu,512,89,512,0.10323812905699015
molai,MolAI epoch 6,gpu,512,90,512,0.08342335396446288
molai,MolAI epoch 6,gpu,512,91,512,0.11504508997313678
molai,MolAI epoch 6,gpu,512,92,512,0.08299527107737958
molai,MolAI epoch 6,gpu,512,93,512,0.09910932998172939
molai,MolAI epoch 6,gpu,512,94,512,0.08097690204158425
molai,MolAI epoch 6,gpu,512,95,512,0.10962413903325796
molai,MolAI epoch 6,gpu,512,96,512,0.09603860997594893
molai,MolAI epoch 6,gpu,512,97,180,0.03799555299337953
molformer,MoLFormer,gpu,64,0,64,0.02544688491616398
molformer,MoLFormer,gpu,64,1,64,0.02511838497593999
molformer,MoLFormer,gpu,64,2,64,0.024809018010273576
molformer,MoLFormer,gpu,64,3,64,0.024715901003219187
molformer,MoLFormer,gpu,64,4,64,0.024719165987335145
molformer,MoLFormer,gpu,64,5,64,0.02443379699252546
molformer,MoLFormer,gpu,64,6,64,0.024856760050170124
molformer,MoLFormer,gpu,64,7,64,0.025050033000297844
molformer,MoLFormer,gpu,64,8,64,0.02493711095303297
molformer,MoLFormer,gpu,64,9,64,0.024543073028326035
molformer,MoLFormer,gpu,64,10,64,0.024799992912448943
molformer,MoLFormer,gpu,64,11,64,0.024829242029227316
molformer,MoLFormer,gpu,64,12,64,0.024416613043285906
molformer,MoLFormer,gpu,64,13,64,0.024417476961389184
molformer,MoLFormer,gpu,64,14,64,0.024798874044790864
molformer,MoLFormer,gpu,64,15,64,0.024460516986437142
molformer,MoLFormer,gpu,64,16,64,0.024157100939191878
molformer,MoLFormer,gpu,64,17,64,0.024748410913161933
molformer,MoLFormer,gpu,64,18,64,0.024509572074748576
molformer,MoLFormer,gpu,64,19,64,0.02459043194539845
molformer,MoLFormer,gpu,64,20,64,0.024953812011517584
molformer,MoLFormer,gpu,64,21,64,0.024665246019139886
molformer,MoLFormer,gpu,64,22,64,0.024636031012050807
molformer,MoLFormer,gpu,64,23,64,0.02429466601461172
molformer,MoLFormer,gpu,64,24,64,0.02410596702247858
molformer,MoLFormer,gpu,64,25,64,0.02422724396456033
molformer,MoLFormer,gpu,64,26,64,0.024122030939906836
molformer,MoLFormer,gpu,64,27,64,0.024324008962139487
molformer,MoLFormer,gpu,64,28,64,0.024351718951947987
molformer,MoLFormer,gpu,64,29,64,0.02442288596648723
molformer,MoLFormer,gpu,64,30,64,0.024628638988360763
molformer,MoLFormer,gpu,64,31,64,0.024918229901231825
molformer,MoLFormer,gpu,64,32,64,0.024293130030855536
molformer,MoLFormer,gpu,64,33,64,0.024717372027225792
molformer,MoLFormer,gpu,64,34,64,0.024432420963421464
molformer,MoLFormer,gpu,64,35,64,0.02448944398202002
molformer,MoLFormer,gpu,64,36,64,0.024683772935532033
molformer,MoLFormer,gpu,64,37,64,0.024583040038123727
molformer,MoLFormer,gpu,64,38,64,0.024491682997904718
molformer,MoLFormer,gpu,64,39,64,0.02472182095516473
molformer,MoLFormer,gpu,64,40,64,0.02465622208546847
molformer,MoLFormer,gpu,64,41,64,0.024581248057074845
molformer,MoLFormer,gpu,64,42,64,0.024608351988717914
molformer,MoLFormer,gpu,64,43,64,0.024519875063560903
molformer,MoLFormer,gpu,64,44,64,0.024628350976854563
molformer,MoLFormer,gpu,64,45,64,0.02417572506237775
molformer,MoLFormer,gpu,64,46,64,0.024701406015083194
molformer,MoLFormer,gpu,64,47,64,0.02452140999957919
molformer,MoLFormer,gpu,64,48,64,0.02437744603957981
molformer,MoLFormer,gpu,64,49,64,0.024430917925201356
molformer,MoLFormer,gpu,64,50,64,0.026382600073702633
molformer,MoLFormer,gpu,64,51,64,0.024907766026444733
molformer,MoLFormer,gpu,64,52,64,0.025171726010739803
molformer,MoLFormer,gpu,64,53,64,0.024552642018534243
molformer,MoLFormer,gpu,64,54,64,0.02446480398066342
molformer,MoLFormer,gpu,64,55,64,0.024523394065909088
molformer,MoLFormer,gpu,64,56,64,0.024810009985230863
molformer,MoLFormer,gpu,64,57,64,0.024868758977390826
molformer,MoLFormer,gpu,64,58,64,0.02465667005162686
molformer,MoLFormer,gpu,64,59,64,0.024442980997264385
molformer,MoLFormer,gpu,64,60,64,0.024648735066875815
molformer,MoLFormer,gpu,64,61,64,0.02419278002344072
molformer,MoLFormer,gpu,64,62,64,0.024465572088956833
molformer,MoLFormer,gpu,64,63,64,0.02435200789477676
molformer,MoLFormer,gpu,64,64,64,0.024366438970901072
molformer,MoLFormer,gpu,64,65,64,0.024139630026184022
molformer,MoLFormer,gpu,64,66,64,0.024207948939874768
molformer,MoLFormer,gpu,64,67,64,0.02456134499516338
molformer,MoLFormer,gpu,64,68,64,0.024389989906921983
molformer,MoLFormer,gpu,64,69,64,0.024629086954519153
molformer,MoLFormer,gpu,64,70,64,0.024935189983807504
molformer,MoLFormer,gpu,64,71,64,0.024397126049734652
molformer,MoLFormer,gpu,64,72,64,0.024392517982050776
molformer,MoLFormer,gpu,64,73,64,0.038398706004954875
molformer,MoLFormer,gpu,64,74,64,0.0396360739832744
molformer,MoLFormer,gpu,64,75,64,0.034725315985269845
molformer,MoLFormer,gpu,64,76,64,0.024491618969477713
molformer,MoLFormer,gpu,64,77,64,0.029199727927334607
molformer,MoLFormer,gpu,64,78,64,0.03954478201922029
molformer,MoLFormer,gpu,64,79,64,0.026504868059419096
molformer,MoLFormer,gpu,64,80,64,0.026655166991986334
molformer,MoLFormer,gpu,64,81,64,0.024578945944085717
molformer,MoLFormer,gpu,64,82,64,0.02547843602951616
molformer,MoLFormer,gpu,64,83,64,0.04073428001720458
molformer,MoLFormer,gpu,64,84,64,0.027967319008894265
molformer,MoLFormer,gpu,64,85,64,0.02472351596225053
molformer,MoLFormer,gpu,64,86,64,0.024232394993305206
molformer,MoLFormer,gpu,64,87,64,0.024390663020312786
molformer,MoLFormer,gpu,64,88,64,0.02615121507551521
molformer,MoLFormer,gpu,64,89,64,0.025561282061971724
molformer,MoLFormer,gpu,64,90,64,0.02527485997416079
molformer,MoLFormer,gpu,64,91,64,0.025365287088789046
molformer,MoLFormer,gpu,64,92,64,0.02516846195794642
molformer,MoLFormer,gpu,64,93,64,0.025395622942596674
molformer,MoLFormer,gpu,64,94,64,0.03814044198952615
molformer,MoLFormer,gpu,64,95,64,0.03238330804742873
molformer,MoLFormer,gpu,64,96,64,0.025104080908931792
molformer,MoLFormer,gpu,64,97,64,0.02546266105491668
molformer,MoLFormer,gpu,64,98,64,0.02579042606521398
molformer,MoLFormer,gpu,64,99,64,0.025421765982173383
molformer,MoLFormer,gpu,64,100,64,0.025237772963009775
molformer,MoLFormer,gpu,64,101,64,0.035522185964509845
molformer,MoLFormer,gpu,64,102,64,0.035327089950442314
molformer,MoLFormer,gpu,64,103,64,0.027351561933755875
molformer,MoLFormer,gpu,64,104,64,0.02601477096322924
molformer,MoLFormer,gpu,64,105,64,0.024996179970912635
molformer,MoLFormer,gpu,64,106,64,0.03390412498265505
molformer,MoLFormer,gpu,64,107,64,0.04123346402775496
molformer,MoLFormer,gpu,64,108,64,0.0402333369711414
molformer,MoLFormer,gpu,64,109,64,0.02567596605513245
molformer,MoLFormer,gpu,64,110,64,0.025206635938957334
molformer,MoLFormer,gpu,64,111,64,0.025380457052960992
molformer,MoLFormer,gpu,64,112,64,0.02707269007805735
molformer,MoLFormer,gpu,64,113,64,0.04101830394938588
molformer,MoLFormer,gpu,64,114,64,0.041084093041718006
molformer,MoLFormer,gpu,64,115,64,0.03082361293490976
molformer,MoLFormer,gpu,64,116,64,0.025279850931838155
molformer,MoLFormer,gpu,64,117,64,0.02530589804518968
molformer,MoLFormer,gpu,64,118,64,0.025218795984983444
molformer,MoLFormer,gpu,64,119,64,0.03576505999080837
molformer,MoLFormer,gpu,64,120,64,0.034479339024983346
molformer,MoLFormer,gpu,64,121,64,0.025299594970420003
molformer,MoLFormer,gpu,64,122,64,0.02499384304974228
molformer,MoLFormer,gpu,64,123,64,0.025210796971805394
molformer,MoLFormer,gpu,64,124,64,0.03109134896658361
molformer,MoLFormer,gpu,64,125,64,0.039740936015732586
molformer,MoLFormer,gpu,64,126,64,0.03162381297443062
molformer,MoLFormer,gpu,64,127,64,0.028298989054746926
molformer,MoLFormer,gpu,64,128,64,0.02533373690675944
molformer,MoLFormer,gpu,64,129,64,0.033831008011475205
molformer,MoLFormer,gpu,64,130,64,0.03919816901907325
molformer,MoLFormer,gpu,64,131,64,0.03497410798445344
molformer,MoLFormer,gpu,64,132,64,0.045161247020587325
molformer,MoLFormer,gpu,64,133,64,0.03809180296957493
molformer,MoLFormer,gpu,64,134,64,0.031879932968877256
molformer,MoLFormer,gpu,64,135,64,0.026377703994512558
molformer,MoLFormer,gpu,64,136,64,0.031820606091059744
molformer,MoLFormer,gpu,64,137,64,0.040080412989482284
molformer,MoLFormer,gpu,64,138,64,0.0257317409850657
molformer,MoLFormer,gpu,64,139,64,0.025784921948798
molformer,MoLFormer,gpu,64,140,64,0.025736093055456877
molformer,MoLFormer,gpu,64,141,64,0.025681886007077992
molformer,MoLFormer,gpu,64,142,64,0.02550029195845127
molformer,MoLFormer,gpu,64,143,64,0.029689889051951468
molformer,MoLFormer,gpu,64,144,64,0.041094909072853625
molformer,MoLFormer,gpu,64,145,64,0.028503909008577466
molformer,MoLFormer,gpu,64,146,64,0.027731838985346258
molformer,MoLFormer,gpu,64,147,64,0.02559369709342718
molformer,MoLFormer,gpu,64,148,64,0.028943927958607674
molformer,MoLFormer,gpu,64,149,64,0.04147707298398018
molformer,MoLFormer,gpu,64,150,64,0.04153393500018865
molformer,MoLFormer,gpu,64,151,64,0.029118484002538025
molformer,MoLFormer,gpu,64,152,64,0.02506244892720133
molformer,MoLFormer,gpu,64,153,64,0.025431109010241926
molformer,MoLFormer,gpu,64,154,64,0.02542413491755724
molformer,MoLFormer,gpu,64,155,64,0.03791744005866349
molformer,MoLFormer,gpu,64,156,64,0.04155179101508111
molformer,MoLFormer,gpu,64,157,64,0.03534171194769442
molformer,MoLFormer,gpu,64,158,64,0.025455525028519332
molformer,MoLFormer,gpu,64,159,64,0.025452550034970045
molformer,MoLFormer,gpu,64,160,64,0.025383334956131876
molformer,MoLFormer,gpu,64,161,64,0.0314064429840073
molformer,MoLFormer,gpu,64,162,64,0.03981149394530803
molformer,MoLFormer,gpu,64,163,64,0.02609169704373926
molformer,MoLFormer,gpu,64,164,64,0.025868023978546262
molformer,MoLFormer,gpu,64,165,64,0.025487333070486784
molformer,MoLFormer,gpu,64,166,64,0.027609025943093002
molformer,MoLFormer,gpu,64,167,64,0.04112818802241236
molformer,MoLFormer,gpu,64,168,64,0.04075696796644479
molformer,MoLFormer,gpu,64,169,64,0.030324492952786386
molformer,MoLFormer,gpu,64,170,64,0.02532001002691686
molformer,MoLFormer,gpu,64,171,64,0.02536397601943463
molformer,MoLFormer,gpu,64,172,64,0.024933525011874735
molformer,MoLFormer,gpu,64,173,64,0.03614175203256309
molformer,MoLFormer,gpu,64,174,64,0.03404722397681326
molformer,MoLFormer,gpu,64,175,64,0.028429800062440336
molformer,MoLFormer,gpu,64,176,64,0.026809564093127847
molformer,MoLFormer,gpu,64,177,64,0.026441990048624575
molformer,MoLFormer,gpu,64,178,64,0.03668317408300936
molformer,MoLFormer,gpu,64,179,64,0.034238291904330254
molformer,MoLFormer,gpu,64,180,64,0.025785755016840994
molformer,MoLFormer,gpu,64,181,64,0.025379720027558506
molformer,MoLFormer,gpu,64,182,64,0.025240397080779076
molformer,MoLFormer,gpu,64,183,64,0.02592315908987075
molformer,MoLFormer,gpu,64,184,64,0.02525706693995744
molformer,MoLFormer,gpu,64,185,64,0.0344322060700506
molformer,MoLFormer,gpu,64,186,64,0.03609349695034325
molformer,MoLFormer,gpu,64,187,64,0.025656095007434487
molformer,MoLFormer,gpu,64,188,64,0.02561145694926381
molformer,MoLFormer,gpu,64,189,64,0.025533793959766626
molformer,MoLFormer,gpu,64,190,64,0.03079475008416921
molformer,MoLFormer,gpu,64,191,64,0.039339412935078144
molformer,MoLFormer,gpu,64,192,64,0.025441508973017335
molformer,MoLFormer,gpu,64,193,64,0.025079600978642702
molformer,MoLFormer,gpu,64,194,64,0.025185391074046493
molformer,MoLFormer,gpu,64,195,64,0.025463717058300972
molformer,MoLFormer,gpu,64,196,64,0.025176236988045275
molformer,MoLFormer,gpu,64,197,64,0.02780764503404498
molformer,MoLFormer,gpu,64,198,64,0.04113154695369303
molformer,MoLFormer,gpu,64,199,64,0.03050503192935139
molformer,MoLFormer,gpu,64,200,64,0.029104787041433156
molformer,MoLFormer,gpu,64,201,64,0.025388711015693843
molformer,MoLFormer,gpu,64,202,64,0.02809240308124572
molformer,MoLFormer,gpu,64,203,64,0.04116972291376442
molformer,MoLFormer,gpu,64,204,64,0.041588462074287236
molformer,MoLFormer,gpu,64,205,64,0.029853531974367797
molformer,MoLFormer,gpu,64,206,64,0.025359463994391263
molformer,MoLFormer,gpu,64,207,64,0.025430246023461223
molformer,MoLFormer,gpu,64,208,64,0.02520670194644481
molformer,MoLFormer,gpu,64,209,64,0.037417422980070114
molformer,MoLFormer,gpu,64,210,64,0.032670309068635106
molformer,MoLFormer,gpu,64,211,64,0.02516596601344645
molformer,MoLFormer,gpu,64,212,64,0.02561926399357617
molformer,MoLFormer,gpu,64,213,64,0.025069680996239185
molformer,MoLFormer,gpu,64,214,64,0.03420430899132043
molformer,MoLFormer,gpu,64,215,64,0.04077661398332566
molformer,MoLFormer,gpu,64,216,64,0.040079389000311494
molformer,MoLFormer,gpu,64,217,64,0.02555584197398275
molformer,MoLFormer,gpu,64,218,64,0.025438789976760745
molformer,MoLFormer,gpu,64,219,64,0.0258979449281469
molformer,MoLFormer,gpu,64,220,64,0.027344202040694654
molformer,MoLFormer,gpu,64,221,64,0.041160795954056084
molformer,MoLFormer,gpu,64,222,64,0.041492047952488065
molformer,MoLFormer,gpu,64,223,64,0.03078991803340614
molformer,MoLFormer,gpu,64,224,64,0.025282219983637333
molformer,MoLFormer,gpu,64,225,64,0.02516855695284903
molformer,MoLFormer,gpu,64,226,64,0.025154383038170636
molformer,MoLFormer,gpu,64,227,64,0.03600809199269861
molformer,MoLFormer,gpu,64,228,64,0.03403295297175646
molformer,MoLFormer,gpu,64,229,64,0.02501070697326213
molformer,MoLFormer,gpu,64,230,64,0.025149294990114868
molformer,MoLFormer,gpu,64,231,64,0.024712860002182424
molformer,MoLFormer,gpu,64,232,64,0.031715682009235024
molformer,MoLFormer,gpu,64,233,64,0.03838117001578212
molformer,MoLFormer,gpu,64,234,64,0.025121230981312692
molformer,MoLFormer,gpu,64,235,64,0.025385895976796746
molformer,MoLFormer,gpu,64,236,64,0.025136622949503362
molformer,MoLFormer,gpu,64,237,64,0.025546977994963527
molformer,MoLFormer,gpu,64,238,64,0.02488856704439968
molformer,MoLFormer,gpu,64,239,64,0.027192784007638693
molformer,MoLFormer,gpu,64,240,64,0.041247062967158854
molformer,MoLFormer,gpu,64,241,64,0.04147112194914371
molformer,MoLFormer,gpu,64,242,64,0.030191537109203637
molformer,MoLFormer,gpu,64,243,64,0.025410565896891057
molformer,MoLFormer,gpu,64,244,64,0.03654990007635206
molformer,MoLFormer,gpu,64,245,64,0.03356720693409443
molformer,MoLFormer,gpu,64,246,64,0.02526746701914817
molformer,MoLFormer,gpu,64,247,64,0.025134287890978158
molformer,MoLFormer,gpu,64,248,64,0.025279465946368873
molformer,MoLFormer,gpu,64,249,64,0.025314377970062196
molformer,MoLFormer,gpu,64,250,64,0.025369448005221784
molformer,MoLFormer,gpu,64,251,64,0.03267312399111688
molformer,MoLFormer,gpu,64,252,64,0.03872957394924015
molformer,MoLFormer,gpu,64,253,64,0.029839933034963906
molformer,MoLFormer,gpu,64,254,64,0.027448519016616046
molformer,MoLFormer,gpu,64,255,64,0.025372934993356466
molformer,MoLFormer,gpu,64,256,64,0.0333241440821439
molformer,MoLFormer,gpu,64,257,64,0.04149908805266023
molformer,MoLFormer,gpu,64,258,64,0.03932994103524834
molformer,MoLFormer,gpu,64,259,64,0.025176621042191982
molformer,MoLFormer,gpu,64,260,64,0.0251843020087108
molformer,MoLFormer,gpu,64,261,64,0.025616065016947687
molformer,MoLFormer,gpu,64,262,64,0.025951252900995314
molformer,MoLFormer,gpu,64,263,64,0.04650715598836541
molformer,MoLFormer,gpu,64,264,64,0.04363515006843954
molformer,MoLFormer,gpu,64,265,64,0.02931828494183719
molformer,MoLFormer,gpu,64,266,64,0.025831962004303932
molformer,MoLFormer,gpu,64,267,64,0.025645246962085366
molformer,MoLFormer,gpu,64,268,64,0.025388743029907346
molformer,MoLFormer,gpu,64,269,64,0.03779923601541668
molformer,MoLFormer,gpu,64,270,64,0.0318747489945963
molformer,MoLFormer,gpu,64,271,64,0.024985810974612832
molformer,MoLFormer,gpu,64,272,64,0.02517275104764849
molformer,MoLFormer,gpu,64,273,64,0.024942356976680458
molformer,MoLFormer,gpu,64,274,64,0.0337007389171049
molformer,MoLFormer,gpu,64,275,64,0.03915589803364128
molformer,MoLFormer,gpu,64,276,64,0.03512114298064262
molformer,MoLFormer,gpu,64,277,64,0.02636100200470537
molformer,MoLFormer,gpu,64,278,64,0.024969203979708254
molformer,MoLFormer,gpu,64,279,64,0.025148782995529473
molformer,MoLFormer,gpu,64,280,64,0.02510436892043799
molformer,MoLFormer,gpu,64,281,64,0.038266709074378014
molformer,MoLFormer,gpu,64,282,64,0.04096662497613579
molformer,MoLFormer,gpu,64,283,64,0.04092089901678264
molformer,MoLFormer,gpu,64,284,64,0.041475697071291506
molformer,MoLFormer,gpu,64,285,64,0.04100876802112907
molformer,MoLFormer,gpu,64,286,64,0.040622442960739136
molformer,MoLFormer,gpu,64,287,64,0.030404523946344852
molformer,MoLFormer,gpu,64,288,64,0.024719867971725762
molformer,MoLFormer,gpu,64,289,64,0.025123727042227983
molformer,MoLFormer,gpu,64,290,64,0.025169038912281394
molformer,MoLFormer,gpu,64,291,64,0.035132021992467344
molformer,MoLFormer,gpu,64,292,64,0.0351618779823184
molformer,MoLFormer,gpu,64,293,64,0.026118993060663342
molformer,MoLFormer,gpu,64,294,64,0.02603089902549982
molformer,MoLFormer,gpu,64,295,64,0.024634527042508125
molformer,MoLFormer,gpu,64,296,64,0.03126347193028778
molformer,MoLFormer,gpu,64,297,64,0.038073594914749265
molformer,MoLFormer,gpu,64,298,64,0.02490463003050536
molformer,MoLFormer,gpu,64,299,64,0.024919735034927726
molformer,MoLFormer,gpu,64,300,64,0.02481896907556802
molformer,MoLFormer,gpu,64,301,64,0.024977011955343187
molformer,MoLFormer,gpu,64,302,64,0.024860664969310164
molformer,MoLFormer,gpu,64,303,64,0.025992052047513425
molformer,MoLFormer,gpu,64,304,64,0.04023109597619623
molformer,MoLFormer,gpu,64,305,64,0.028343564015813172
molformer,MoLFormer,gpu,64,306,64,0.024906294071115553
molformer,MoLFormer,gpu,64,307,64,0.024780601961538196
molformer,MoLFormer,gpu,64,308,64,0.024946038029156625
molformer,MoLFormer,gpu,64,309,64,0.025055857957340777
molformer,MoLFormer,gpu,64,310,64,0.025038641993887722
molformer,MoLFormer,gpu,64,311,64,0.024859160999767482
molformer,MoLFormer,gpu,64,312,64,0.02500481891911477
molformer,MoLFormer,gpu,64,313,64,0.024829208967275918
molformer,MoLFormer,gpu,64,314,64,0.025093744974583387
molformer,MoLFormer,gpu,64,315,64,0.025387304020114243
molformer,MoLFormer,gpu,64,316,64,0.02506388898473233
molformer,MoLFormer,gpu,64,317,64,0.024856472038663924
molformer,MoLFormer,gpu,64,318,64,0.02490184793714434
molformer,MoLFormer,gpu,64,319,64,0.025133454939350486
molformer,MoLFormer,gpu,64,320,64,0.024999123066663742
molformer,MoLFormer,gpu,64,321,64,0.024509027018211782
molformer,MoLFormer,gpu,64,322,64,0.024411685997620225
molformer,MoLFormer,gpu,64,323,64,0.02480089000891894
molformer,MoLFormer,gpu,64,324,64,0.025101711973547935
molformer,MoLFormer,gpu,64,325,64,0.02527946699410677
molformer,MoLFormer,gpu,64,326,64,0.024723291979171336
molformer,MoLFormer,gpu,64,327,64,0.024937749025411904
molformer,MoLFormer,gpu,64,328,64,0.024653407046571374
molformer,MoLFormer,gpu,64,329,64,0.02496446797158569
molformer,MoLFormer,gpu,64,330,64,0.025491524022072554
molformer,MoLFormer,gpu,64,331,64,0.036662184051238
molformer,MoLFormer,gpu,64,332,64,0.033408108982257545
molformer,MoLFormer,gpu,64,333,64,0.024897783063352108
molformer,MoLFormer,gpu,64,334,64,0.024889527005143464
molformer,MoLFormer,gpu,64,335,64,0.024836504948325455
molformer,MoLFormer,gpu,64,336,64,0.024899158044718206
molformer,MoLFormer,gpu,64,337,64,0.02498414705041796
molformer,MoLFormer,gpu,64,338,64,0.030899612000212073
molformer,MoLFormer,gpu,64,339,64,0.03883315494749695
molformer,MoLFormer,gpu,64,340,64,0.028608708060346544
molformer,MoLFormer,gpu,64,341,64,0.02729847503360361
molformer,MoLFormer,gpu,64,342,64,0.02496226003859192
molformer,MoLFormer,gpu,64,343,64,0.030386508093215525
molformer,MoLFormer,gpu,64,344,64,0.039554253104142845
molformer,MoLFormer,gpu,64,345,64,0.024722364032641053
molformer,MoLFormer,gpu,64,346,64,0.02518132608383894
molformer,MoLFormer,gpu,64,347,64,0.025035314029082656
molformer,MoLFormer,gpu,64,348,64,0.02510881598573178
molformer,MoLFormer,gpu,64,349,64,0.025017523090355098
molformer,MoLFormer,gpu,64,350,64,0.025666720001026988
molformer,MoLFormer,gpu,64,351,64,0.04134917201008648
molformer,MoLFormer,gpu,64,352,64,0.02906123793218285
molformer,MoLFormer,gpu,64,353,64,0.02640112699009478
molformer,MoLFormer,gpu,64,354,64,0.024744187016040087
molformer,MoLFormer,gpu,64,355,64,0.024519394035451114
molformer,MoLFormer,gpu,64,356,64,0.03763300203718245
molformer,MoLFormer,gpu,64,357,64,0.04094064107630402
molformer,MoLFormer,gpu,64,358,64,0.03528168308548629
molformer,MoLFormer,gpu,64,359,64,0.025029042037203908
molformer,MoLFormer,gpu,64,360,64,0.02474956400692463
molformer,MoLFormer,gpu,64,361,64,0.024811097071506083
molformer,MoLFormer,gpu,64,362,64,0.029312876984477043
molformer,MoLFormer,gpu,64,363,64,0.04093315405771136
molformer,MoLFormer,gpu,64,364,64,0.03101243998389691
molformer,MoLFormer,gpu,64,365,64,0.03197250596713275
molformer,MoLFormer,gpu,64,366,64,0.024893335066735744
molformer,MoLFormer,gpu,64,367,64,0.02485131996218115
molformer,MoLFormer,gpu,64,368,64,0.02597256505396217
molformer,MoLFormer,gpu,64,369,64,0.034627175075002015
molformer,MoLFormer,gpu,64,370,64,0.03603093896526843
molformer,MoLFormer,gpu,64,371,64,0.024618719005957246
molformer,MoLFormer,gpu,64,372,64,0.02506452996749431
molformer,MoLFormer,gpu,64,373,64,0.02467391698155552
molformer,MoLFormer,gpu,64,374,64,0.028920601005665958
molformer,MoLFormer,gpu,64,375,64,0.04050321597605944
molformer,MoLFormer,gpu,64,376,64,0.03470019600354135
molformer,MoLFormer,gpu,64,377,64,0.0298392929835245
molformer,MoLFormer,gpu,64,378,64,0.024972436018288136
molformer,MoLFormer,gpu,64,379,64,0.025086096953600645
molformer,MoLFormer,gpu,64,380,64,0.02490655006840825
molformer,MoLFormer,gpu,64,381,64,0.03193746693432331
molformer,MoLFormer,gpu,64,382,64,0.037193846073932946
molformer,MoLFormer,gpu,64,383,64,0.02527617197483778
molformer,MoLFormer,gpu,64,384,64,0.024941876996308565
molformer,MoLFormer,gpu,64,385,64,0.02452899399213493
molformer,MoLFormer,gpu,64,386,64,0.028220269945450127
molformer,MoLFormer,gpu,64,387,64,0.04137746093329042
molformer,MoLFormer,gpu,64,388,64,0.02549382799770683
molformer,MoLFormer,gpu,64,389,64,0.025138160097412765
molformer,MoLFormer,gpu,64,390,64,0.025030834949575365
molformer,MoLFormer,gpu,64,391,64,0.024753945996053517
molformer,MoLFormer,gpu,64,392,64,0.02490347798448056
molformer,MoLFormer,gpu,64,393,64,0.025027988012880087
molformer,MoLFormer,gpu,64,394,64,0.038957503042183816
molformer,MoLFormer,gpu,64,395,64,0.031177139026112854
molformer,MoLFormer,gpu,64,396,64,0.025946357985958457
molformer,MoLFormer,gpu,64,397,64,0.02560374408494681
molformer,MoLFormer,gpu,64,398,64,0.02584623300936073
molformer,MoLFormer,gpu,64,399,64,0.03720581496600062
molformer,MoLFormer,gpu,64,400,64,0.033967098919674754
molformer,MoLFormer,gpu,64,401,64,0.02594933402724564
molformer,MoLFormer,gpu,64,402,64,0.025835481006652117
molformer,MoLFormer,gpu,64,403,64,0.02600325201638043
molformer,MoLFormer,gpu,64,404,64,0.025647167931310833
molformer,MoLFormer,gpu,64,405,64,0.02635376888792962
molformer,MoLFormer,gpu,64,406,64,0.03671722102444619
molformer,MoLFormer,gpu,64,407,64,0.036433550994843245
molformer,MoLFormer,gpu,64,408,64,0.029754751012660563
molformer,MoLFormer,gpu,64,409,64,0.026895286981016397
molformer,MoLFormer,gpu,64,410,64,0.02581385092344135
molformer,MoLFormer,gpu,64,411,64,0.03811769001185894
molformer,MoLFormer,gpu,64,412,64,0.041830310015939176
molformer,MoLFormer,gpu,64,413,64,0.03613688703626394
molformer,MoLFormer,gpu,64,414,64,0.0262271489482373
molformer,MoLFormer,gpu,64,415,64,0.02591778407804668
molformer,MoLFormer,gpu,64,416,64,0.026058449991978705
molformer,MoLFormer,gpu,64,417,64,0.03362534905318171
molformer,MoLFormer,gpu,64,418,64,0.039075901033356786
molformer,MoLFormer,gpu,64,419,64,0.03038740297779441
molformer,MoLFormer,gpu,64,420,64,0.027656001038849354
molformer,MoLFormer,gpu,64,421,64,0.02567043004091829
molformer,MoLFormer,gpu,64,422,64,0.0366357839666307
molformer,MoLFormer,gpu,64,423,64,0.04246110701933503
molformer,MoLFormer,gpu,64,424,64,0.03848058998119086
molformer,MoLFormer,gpu,64,425,64,0.02724593400489539
molformer,MoLFormer,gpu,64,426,64,0.026326218037866056
molformer,MoLFormer,gpu,64,427,64,0.025862648035399616
molformer,MoLFormer,gpu,64,428,64,0.03275609703268856
molformer,MoLFormer,gpu,64,429,64,0.04007388500031084
molformer,MoLFormer,gpu,64,430,64,0.03187269996851683
molformer,MoLFormer,gpu,64,431,64,0.02845223294571042
molformer,MoLFormer,gpu,64,432,64,0.025545730022713542
molformer,MoLFormer,gpu,64,433,64,0.025649919058196247
molformer,MoLFormer,gpu,64,434,64,0.025317577994428575
molformer,MoLFormer,gpu,64,435,64,0.0371583589585498
molformer,MoLFormer,gpu,64,436,64,0.04223717795684934
molformer,MoLFormer,gpu,64,437,64,0.037321362062357366
molformer,MoLFormer,gpu,64,438,64,0.0263610651018098
molformer,MoLFormer,gpu,64,439,64,0.032146708923392
molformer,MoLFormer,gpu,64,440,64,0.03909266693517566
molformer,MoLFormer,gpu,64,441,64,0.02551469102036208
molformer,MoLFormer,gpu,64,442,64,0.025883672991767526
molformer,MoLFormer,gpu,64,443,64,0.025760732009075582
molformer,MoLFormer,gpu,64,444,64,0.026096081011928618
molformer,MoLFormer,gpu,64,445,64,0.02599202108103782
molformer,MoLFormer,gpu,64,446,64,0.03040154604241252
molformer,MoLFormer,gpu,64,447,64,0.04081411799415946
molformer,MoLFormer,gpu,64,448,64,0.02549674001056701
molformer,MoLFormer,gpu,64,449,64,0.025630207965150476
molformer,MoLFormer,gpu,64,450,64,0.02554365003015846
molformer,MoLFormer,gpu,64,451,64,0.02793874405324459
molformer,MoLFormer,gpu,64,452,64,0.04206726199481636
molformer,MoLFormer,gpu,64,453,64,0.02716187306214124
molformer,MoLFormer,gpu,64,454,64,0.0257446690229699
molformer,MoLFormer,gpu,64,455,64,0.025480516022071242
molformer,MoLFormer,gpu,64,456,64,0.025807226076722145
molformer,MoLFormer,gpu,64,457,64,0.02569417399354279
molformer,MoLFormer,gpu,64,458,64,0.026660607079975307
molformer,MoLFormer,gpu,64,459,64,0.04239090101327747
molformer,MoLFormer,gpu,64,460,64,0.03036724403500557
molformer,MoLFormer,gpu,64,461,64,0.027717533987015486
molformer,MoLFormer,gpu,64,462,64,0.025538787012919784
molformer,MoLFormer,gpu,64,463,64,0.027383081032894552
molformer,MoLFormer,gpu,64,464,64,0.042539150919765234
molformer,MoLFormer,gpu,64,465,64,0.042243578005582094
molformer,MoLFormer,gpu,64,466,64,0.030938616953790188
molformer,MoLFormer,gpu,64,467,64,0.025872664991766214
molformer,MoLFormer,gpu,64,468,64,0.025845464901067317
molformer,MoLFormer,gpu,64,469,64,0.02589608693961054
molformer,MoLFormer,gpu,64,470,64,0.03804844501428306
molformer,MoLFormer,gpu,64,471,64,0.038842594949528575
molformer,MoLFormer,gpu,64,472,64,0.034278609091416
molformer,MoLFormer,gpu,64,473,64,0.025800411007367074
molformer,MoLFormer,gpu,64,474,64,0.028546947985887527
molformer,MoLFormer,gpu,64,475,64,0.04172557801939547
molformer,MoLFormer,gpu,64,476,64,0.04172288894187659
molformer,MoLFormer,gpu,64,477,64,0.029457448050379753
molformer,MoLFormer,gpu,64,478,64,0.025195310008712113
molformer,MoLFormer,gpu,64,479,64,0.025411365902982652
molformer,MoLFormer,gpu,64,480,64,0.0256279360037297
molformer,MoLFormer,gpu,64,481,64,0.04000899102538824
molformer,MoLFormer,gpu,64,482,64,0.033093397971242666
molformer,MoLFormer,gpu,64,483,64,0.02706936397589743
molformer,MoLFormer,gpu,64,484,64,0.025990836089476943
molformer,MoLFormer,gpu,64,485,64,0.025502628064714372
molformer,MoLFormer,gpu,64,486,64,0.025494019966572523
molformer,MoLFormer,gpu,64,487,64,0.025437190080992877
molformer,MoLFormer,gpu,64,488,64,0.037819170975126326
molformer,MoLFormer,gpu,64,489,64,0.04246152297127992
molformer,MoLFormer,gpu,64,490,64,0.0355783129343763
molformer,MoLFormer,gpu,64,491,64,0.025730076944455504
molformer,MoLFormer,gpu,64,492,64,0.03202079189941287
molformer,MoLFormer,gpu,64,493,64,0.03916975297033787
molformer,MoLFormer,gpu,64,494,64,0.02568118297494948
molformer,MoLFormer,gpu,64,495,64,0.02582104899920523
molformer,MoLFormer,gpu,64,496,64,0.025474532041698694
molformer,MoLFormer,gpu,64,497,64,0.02557721803896129
molformer,MoLFormer,gpu,64,498,64,0.025412487098947167
molformer,MoLFormer,gpu,64,499,64,0.029970615985803306
molformer,MoLFormer,gpu,64,500,64,0.04091430699918419
molformer,MoLFormer,gpu,64,501,64,0.02529434591997415
molformer,MoLFormer,gpu,64,502,64,0.025537281995639205
molformer,MoLFormer,gpu,64,503,64,0.025383879896253347
molformer,MoLFormer,gpu,64,504,64,0.02755210001487285
molformer,MoLFormer,gpu,64,505,64,0.04178672598209232
molformer,MoLFormer,gpu,64,506,64,0.0411846989300102
molformer,MoLFormer,gpu,64,507,64,0.0313409729860723
molformer,MoLFormer,gpu,64,508,64,0.02556400198955089
molformer,MoLFormer,gpu,64,509,64,0.02551373199094087
molformer,MoLFormer,gpu,64,510,64,0.025400229962542653
molformer,MoLFormer,gpu,64,511,64,0.03786944295279682
molformer,MoLFormer,gpu,64,512,64,0.03558509598951787
molformer,MoLFormer,gpu,64,513,64,0.028974327025935054
molformer,MoLFormer,gpu,64,514,64,0.025985750020481646
molformer,MoLFormer,gpu,64,515,64,0.025011218967847526
molformer,MoLFormer,gpu,64,516,64,0.03630427399184555
molformer,MoLFormer,gpu,64,517,64,0.040796231012791395
molformer,MoLFormer,gpu,64,518,64,0.03631262597627938
molformer,MoLFormer,gpu,64,519,64,0.02522775693796575
molformer,MoLFormer,gpu,64,520,64,0.02517211006488651
molformer,MoLFormer,gpu,64,521,64,0.025287529919296503
molformer,MoLFormer,gpu,64,522,64,0.028108914964832366
molformer,MoLFormer,gpu,64,523,64,0.04030024504754692
molformer,MoLFormer,gpu,64,524,64,0.04033870797138661
molformer,MoLFormer,gpu,64,525,64,0.03471840498968959
molformer,MoLFormer,gpu,64,526,64,0.031124787987209857
molformer,MoLFormer,gpu,64,527,64,0.024442918016575277
molformer,MoLFormer,gpu,64,528,64,0.026076306006871164
molformer,MoLFormer,gpu,64,529,64,0.04023279098328203
molformer,MoLFormer,gpu,64,530,64,0.040605837013572454
molformer,MoLFormer,gpu,64,531,64,0.03162003599572927
molformer,MoLFormer,gpu,64,532,64,0.024888215004466474
molformer,MoLFormer,gpu,64,533,64,0.032828159048222005
molformer,MoLFormer,gpu,64,534,64,0.04086477204691619
molformer,MoLFormer,gpu,64,535,64,0.0412004420068115
molformer,MoLFormer,gpu,64,536,64,0.02612593595404178
molformer,MoLFormer,gpu,64,537,64,0.025148047017864883
molformer,MoLFormer,gpu,64,538,64,0.024864344974048436
molformer,MoLFormer,gpu,64,539,64,0.026377383968792856
molformer,MoLFormer,gpu,64,540,64,0.04052219004370272
molformer,MoLFormer,gpu,64,541,64,0.04060750093776733
molformer,MoLFormer,gpu,64,542,64,0.03168649796862155
molformer,MoLFormer,gpu,64,543,64,0.024890008033253253
molformer,MoLFormer,gpu,64,544,64,0.03400412201881409
molformer,MoLFormer,gpu,64,545,64,0.03574102697893977
molformer,MoLFormer,gpu,64,546,64,0.02483807399403304
molformer,MoLFormer,gpu,64,547,64,0.024497506907209754
molformer,MoLFormer,gpu,64,548,64,0.02463036694098264
molformer,MoLFormer,gpu,64,549,64,0.024878776050172746
molformer,MoLFormer,gpu,64,550,64,0.024389669997617602
molformer,MoLFormer,gpu,64,551,64,0.027583747054450214
molformer,MoLFormer,gpu,64,552,64,0.040526991011574864
molformer,MoLFormer,gpu,64,553,64,0.04075293499045074
molformer,MoLFormer,gpu,64,554,64,0.029865531949326396
molformer,MoLFormer,gpu,64,555,64,0.025222988100722432
molformer,MoLFormer,gpu,64,556,64,0.035402382956817746
molformer,MoLFormer,gpu,64,557,64,0.033968701027333736
molformer,MoLFormer,gpu,64,558,64,0.024687036988325417
molformer,MoLFormer,gpu,64,559,64,0.025063602020964026
molformer,MoLFormer,gpu,64,560,64,0.02478028298355639
molformer,MoLFormer,gpu,64,561,64,0.02491720498073846
molformer,MoLFormer,gpu,64,562,64,0.024510722956620157
molformer,MoLFormer,gpu,64,563,64,0.03025441605132073
molformer,MoLFormer,gpu,64,564,64,0.03984438697807491
molformer,MoLFormer,gpu,64,565,64,0.02759536204393953
molformer,MoLFormer,gpu,64,566,64,0.027365835034288466
molformer,MoLFormer,gpu,64,567,64,0.024729339056648314
molformer,MoLFormer,gpu,64,568,64,0.028141168993897736
molformer,MoLFormer,gpu,64,569,64,0.040914210956543684
molformer,MoLFormer,gpu,64,570,64,0.040335285011678934
molformer,MoLFormer,gpu,64,571,64,0.02893148106522858
molformer,MoLFormer,gpu,64,572,64,0.02491967100650072
molformer,MoLFormer,gpu,64,573,64,0.024894039030186832
molformer,MoLFormer,gpu,64,574,64,0.024414981016889215
molformer,MoLFormer,gpu,64,575,64,0.03522226097993553
molformer,MoLFormer,gpu,64,576,64,0.040925185894593596
molformer,MoLFormer,gpu,64,577,64,0.03785846696700901
molformer,MoLFormer,gpu,64,578,64,0.025018515065312386
molformer,MoLFormer,gpu,64,579,64,0.025332841090857983
molformer,MoLFormer,gpu,64,580,64,0.025263243936933577
molformer,MoLFormer,gpu,64,581,64,0.028292491915635765
molformer,MoLFormer,gpu,64,582,64,0.04107471706811339
molformer,MoLFormer,gpu,64,583,64,0.041475921985693276
molformer,MoLFormer,gpu,64,584,64,0.03071686497423798
molformer,MoLFormer,gpu,64,585,64,0.025129231973551214
molformer,MoLFormer,gpu,64,586,64,0.036861089058220387
molformer,MoLFormer,gpu,64,587,64,0.04108479805290699
molformer,MoLFormer,gpu,64,588,64,0.03718693403061479
molformer,MoLFormer,gpu,64,589,64,0.02545344503596425
molformer,MoLFormer,gpu,64,590,64,0.025314314058050513
molformer,MoLFormer,gpu,64,591,64,0.02516276598908007
molformer,MoLFormer,gpu,64,592,64,0.0295678450493142
molformer,MoLFormer,gpu,64,593,64,0.04091574694029987
molformer,MoLFormer,gpu,64,594,64,0.025456837029196322
molformer,MoLFormer,gpu,64,595,64,0.025494243018329144
molformer,MoLFormer,gpu,64,596,64,0.02544023096561432
molformer,MoLFormer,gpu,64,597,64,0.02633600903209299
molformer,MoLFormer,gpu,64,598,64,0.041540495003573596
molformer,MoLFormer,gpu,64,599,64,0.027683519991114736
molformer,MoLFormer,gpu,64,600,64,0.025077872909605503
molformer,MoLFormer,gpu,64,601,64,0.025408103014342487
molformer,MoLFormer,gpu,64,602,64,0.025366185000166297
molformer,MoLFormer,gpu,64,603,64,0.025150413974188268
molformer,MoLFormer,gpu,64,604,64,0.02499166689813137
molformer,MoLFormer,gpu,64,605,64,0.038409841945394874
molformer,MoLFormer,gpu,64,606,64,0.04059575602877885
molformer,MoLFormer,gpu,64,607,64,0.03842920099850744
molformer,MoLFormer,gpu,64,608,64,0.03281852707732469
molformer,MoLFormer,gpu,64,609,64,0.039693225058726966
molformer,MoLFormer,gpu,64,610,64,0.040751911932602525
molformer,MoLFormer,gpu,64,611,64,0.03540938999503851
molformer,MoLFormer,gpu,64,612,64,0.025149806984700263
molformer,MoLFormer,gpu,64,613,64,0.02540727099403739
molformer,MoLFormer,gpu,64,614,64,0.0254997790325433
molformer,MoLFormer,gpu,64,615,64,0.031372940982691944
molformer,MoLFormer,gpu,64,616,64,0.039169561001472175
molformer,MoLFormer,gpu,64,617,64,0.028376393020153046
molformer,MoLFormer,gpu,64,618,64,0.027390089933760464
molformer,MoLFormer,gpu,64,619,64,0.025418821955099702
molformer,MoLFormer,gpu,64,620,64,0.031051445985212922
molformer,MoLFormer,gpu,64,621,64,0.040948289912194014
molformer,MoLFormer,gpu,64,622,64,0.04149720002897084
molformer,MoLFormer,gpu,64,623,64,0.027138993027620018
molformer,MoLFormer,gpu,64,624,64,0.025122512015514076
molformer,MoLFormer,gpu,64,625,64,0.025534818996675313
molformer,MoLFormer,gpu,64,626,64,0.025402311934158206
molformer,MoLFormer,gpu,64,627,64,0.040323380031622946
molformer,MoLFormer,gpu,64,628,64,0.04187597299460322
molformer,MoLFormer,gpu,64,629,64,0.03459466400090605
molformer,MoLFormer,gpu,64,630,64,0.027376393089070916
molformer,MoLFormer,gpu,64,631,64,0.026018676930107176
molformer,MoLFormer,gpu,64,632,64,0.024766106042079628
molformer,MoLFormer,gpu,64,633,64,0.03482502407860011
molformer,MoLFormer,gpu,64,634,64,0.035454126074910164
molformer,MoLFormer,gpu,64,635,64,0.025455845054239035
molformer,MoLFormer,gpu,64,636,64,0.025665246066637337
molformer,MoLFormer,gpu,64,637,64,0.025287244003266096
molformer,MoLFormer,gpu,64,638,64,0.03179395094048232
molformer,MoLFormer,gpu,64,639,64,0.04166676395107061
molformer,MoLFormer,gpu,64,640,64,0.04168631404172629
molformer,MoLFormer,gpu,64,641,64,0.025690525071695447
molformer,MoLFormer,gpu,64,642,64,0.02529223496094346
molformer,MoLFormer,gpu,64,643,64,0.025318442028947175
molformer,MoLFormer,gpu,64,644,64,0.025387878995388746
molformer,MoLFormer,gpu,64,645,64,0.04125874501187354
molformer,MoLFormer,gpu,64,646,64,0.029398825950920582
molformer,MoLFormer,gpu,64,647,64,0.02518948493525386
molformer,MoLFormer,gpu,64,648,64,0.025301099056378007
molformer,MoLFormer,gpu,64,649,64,0.025438020937144756
molformer,MoLFormer,gpu,64,650,64,0.03783251403365284
molformer,MoLFormer,gpu,64,651,64,0.032718499074690044
molformer,MoLFormer,gpu,64,652,64,0.025315369945019484
molformer,MoLFormer,gpu,64,653,64,0.025015666033141315
molformer,MoLFormer,gpu,64,654,64,0.025065651047043502
molformer,MoLFormer,gpu,64,655,64,0.0251954059349373
molformer,MoLFormer,gpu,64,656,64,0.025009267032146454
molformer,MoLFormer,gpu,64,657,64,0.03402105101849884
molformer,MoLFormer,gpu,64,658,64,0.03744014201220125
molformer,MoLFormer,gpu,64,659,64,0.028931993059813976
molformer,MoLFormer,gpu,64,660,64,0.027267085970379412
molformer,MoLFormer,gpu,64,661,64,0.025347783928737044
molformer,MoLFormer,gpu,64,662,64,0.03459978406317532
molformer,MoLFormer,gpu,64,663,64,0.03599561203736812
molformer,MoLFormer,gpu,64,664,64,0.02546486898791045
molformer,MoLFormer,gpu,64,665,64,0.026372328982688487
molformer,MoLFormer,gpu,64,666,64,0.026641024043783545
molformer,MoLFormer,gpu,64,667,64,0.02534842398017645
molformer,MoLFormer,gpu,64,668,64,0.025319400941953063
molformer,MoLFormer,gpu,64,669,64,0.032922716927714646
molformer,MoLFormer,gpu,64,670,64,0.038387664943002164
molformer,MoLFormer,gpu,64,671,64,0.029120819992385805
molformer,MoLFormer,gpu,64,672,64,0.027574211009778082
molformer,MoLFormer,gpu,64,673,64,0.025317193008959293
molformer,MoLFormer,gpu,64,674,64,0.03326766600366682
molformer,MoLFormer,gpu,64,675,64,0.04155643004924059
molformer,MoLFormer,gpu,64,676,64,0.039922369993291795
molformer,MoLFormer,gpu,64,677,64,0.025397222954779863
molformer,MoLFormer,gpu,64,678,64,0.02528132195584476
molformer,MoLFormer,gpu,64,679,64,0.025376455974765122
molformer,MoLFormer,gpu,64,680,64,0.02725367806851864
molformer,MoLFormer,gpu,64,681,64,0.040628458955325186
molformer,MoLFormer,gpu,64,682,64,0.04188771697226912
molformer,MoLFormer,gpu,64,683,64,0.03132308600470424
molformer,MoLFormer,gpu,64,684,64,0.02605749003123492
molformer,MoLFormer,gpu,64,685,64,0.025399944046512246
molformer,MoLFormer,gpu,64,686,64,0.02546560496557504
molformer,MoLFormer,gpu,64,687,64,0.035682278918102384
molformer,MoLFormer,gpu,64,688,64,0.03459456795826554
molformer,MoLFormer,gpu,64,689,64,0.02562396798748523
molformer,MoLFormer,gpu,64,690,64,0.025440581026487052
molformer,MoLFormer,gpu,64,691,64,0.02539952809456736
molformer,MoLFormer,gpu,64,692,64,0.032959418022073805
molformer,MoLFormer,gpu,64,693,64,0.03960190003272146
molformer,MoLFormer,gpu,64,694,64,0.03384435107000172
molformer,MoLFormer,gpu,64,695,64,0.027672383934259415
molformer,MoLFormer,gpu,64,696,64,0.02523082890547812
molformer,MoLFormer,gpu,64,697,64,0.02514807798434049
molformer,MoLFormer,gpu,64,698,64,0.025403559091500938
molformer,MoLFormer,gpu,64,699,64,0.036934078903868794
molformer,MoLFormer,gpu,64,700,64,0.03329847997520119
molformer,MoLFormer,gpu,64,701,64,0.02500216301996261
molformer,MoLFormer,gpu,64,702,64,0.02529732300899923
molformer,MoLFormer,gpu,64,703,64,0.025084399967454374
molformer,MoLFormer,gpu,64,704,64,0.03300655307248235
molformer,MoLFormer,gpu,64,705,64,0.03720021597109735
molformer,MoLFormer,gpu,64,706,64,0.02547609992325306
molformer,MoLFormer,gpu,64,707,64,0.025294026010669768
molformer,MoLFormer,gpu,64,708,64,0.025435109972022474
molformer,MoLFormer,gpu,64,709,64,0.02550406800583005
molformer,MoLFormer,gpu,64,710,64,0.024859383003786206
molformer,MoLFormer,gpu,64,711,64,0.030254128039814532
molformer,MoLFormer,gpu,64,712,64,0.040331637021154165
molformer,MoLFormer,gpu,64,713,64,0.025339465937577188
molformer,MoLFormer,gpu,64,714,64,0.025623264024034142
molformer,MoLFormer,gpu,64,715,64,0.02525309904012829
molformer,MoLFormer,gpu,64,716,64,0.0265675219707191
molformer,MoLFormer,gpu,64,717,64,0.041351894033141434
molformer,MoLFormer,gpu,64,718,64,0.0276642240351066
molformer,MoLFormer,gpu,64,719,64,0.025027123978361487
molformer,MoLFormer,gpu,64,720,64,0.025088784052059054
molformer,MoLFormer,gpu,64,721,64,0.02495262899901718
molformer,MoLFormer,gpu,64,722,64,0.02520685992203653
molformer,MoLFormer,gpu,64,723,64,0.0254949169466272
molformer,MoLFormer,gpu,64,724,64,0.038526892894878983
molformer,MoLFormer,gpu,64,725,64,0.034066873020492494
molformer,MoLFormer,gpu,64,726,64,0.029927736963145435
molformer,MoLFormer,gpu,64,727,64,0.025670654023997486
molformer,MoLFormer,gpu,64,728,64,0.02547382900957018
molformer,MoLFormer,gpu,64,729,64,0.03992825699970126
molformer,MoLFormer,gpu,64,730,64,0.04116972303017974
molformer,MoLFormer,gpu,64,731,64,0.034191571990959346
molformer,MoLFormer,gpu,64,732,64,0.025061202002689242
molformer,MoLFormer,gpu,64,733,64,0.02534365700557828
molformer,MoLFormer,gpu,64,734,64,0.025104272994212806
molformer,MoLFormer,gpu,64,735,64,0.03292412299197167
molformer,MoLFormer,gpu,64,736,64,0.039893987006507814
molformer,MoLFormer,gpu,64,737,64,0.034062008024193347
molformer,MoLFormer,gpu,64,738,64,0.027278988040052354
molformer,MoLFormer,gpu,64,739,64,0.026135856984183192
molformer,MoLFormer,gpu,64,740,64,0.026128367986530066
molformer,MoLFormer,gpu,64,741,64,0.02544013294391334
molformer,MoLFormer,gpu,64,742,64,0.03796720004174858
molformer,MoLFormer,gpu,64,743,64,0.031801534933038056
molformer,MoLFormer,gpu,64,744,64,0.025586624979041517
molformer,MoLFormer,gpu,64,745,64,0.025153678958304226
molformer,MoLFormer,gpu,64,746,64,0.025190253043547273
molformer,MoLFormer,gpu,64,747,64,0.034757922985590994
molformer,MoLFormer,gpu,64,748,64,0.041299670934677124
molformer,MoLFormer,gpu,64,749,64,0.038591625983826816
molformer,MoLFormer,gpu,64,750,64,0.02513735997490585
molformer,MoLFormer,gpu,64,751,64,0.025092944968491793
molformer,MoLFormer,gpu,64,752,64,0.025115440017543733
molformer,MoLFormer,gpu,64,753,64,0.02614424005150795
molformer,MoLFormer,gpu,64,754,64,0.040892546996474266
molformer,MoLFormer,gpu,64,755,64,0.040992032969370484
molformer,MoLFormer,gpu,64,756,64,0.03172451292630285
molformer,MoLFormer,gpu,64,757,64,0.02576754696201533
molformer,MoLFormer,gpu,64,758,64,0.035227796994149685
molformer,MoLFormer,gpu,64,759,64,0.03494038002099842
molformer,MoLFormer,gpu,64,760,64,0.02504344191402197
molformer,MoLFormer,gpu,64,761,64,0.025724765961058438
molformer,MoLFormer,gpu,64,762,64,0.02485269505996257
molformer,MoLFormer,gpu,64,763,64,0.025403943029232323
molformer,MoLFormer,gpu,64,764,64,0.024784249952062964
molformer,MoLFormer,gpu,64,765,64,0.030716640991158783
molformer,MoLFormer,gpu,64,766,64,0.039118938031606376
molformer,MoLFormer,gpu,64,767,64,0.027947576949372888
molformer,MoLFormer,gpu,64,768,64,0.02705614606384188
molformer,MoLFormer,gpu,64,769,64,0.024945396929979324
molformer,MoLFormer,gpu,64,770,64,0.024764155969023705
molformer,MoLFormer,gpu,64,771,64,0.025295785977505147
molformer,MoLFormer,gpu,64,772,64,0.025131982984021306
molformer,MoLFormer,gpu,64,773,64,0.024921589996665716
molformer,MoLFormer,gpu,64,774,64,0.02495762100443244
molformer,MoLFormer,gpu,64,775,64,0.025106223998591304
molformer,MoLFormer,gpu,64,776,64,0.029388842987827957
molformer,MoLFormer,gpu,64,777,64,0.04135986196342856
molformer,MoLFormer,gpu,64,778,52,0.03995193599257618
molformer,MoLFormer,gpu,128,0,128,0.030095636029727757
molformer,MoLFormer,gpu,128,1,128,0.02969344099983573
molformer,MoLFormer,gpu,128,2,128,0.029628835036419332
molformer,MoLFormer,gpu,128,3,128,0.02996802399866283
molformer,MoLFormer,gpu,128,4,128,0.02977884595748037
molformer,MoLFormer,gpu,128,5,128,0.03027025598566979
molformer,MoLFormer,gpu,128,6,128,0.02936538599897176
molformer,MoLFormer,gpu,128,7,128,0.029963737004436553
molformer,MoLFormer,gpu,128,8,128,0.02980943804141134
molformer,MoLFormer,gpu,128,9,128,0.029694560915231705
molformer,MoLFormer,gpu,128,10,128,0.029845756012946367
molformer,MoLFormer,gpu,128,11,128,0.02934964408632368
molformer,MoLFormer,gpu,128,12,128,0.029310764046385884
molformer,MoLFormer,gpu,128,13,128,0.02907586097717285
molformer,MoLFormer,gpu,128,14,128,0.02939981804229319
molformer,MoLFormer,gpu,128,15,128,0.029948121053166687
molformer,MoLFormer,gpu,128,16,128,0.029598371940664947
molformer,MoLFormer,gpu,128,17,128,0.030370091903023422
molformer,MoLFormer,gpu,128,18,128,0.029760894016362727
molformer,MoLFormer,gpu,128,19,128,0.02977670298423618
molformer,MoLFormer,gpu,128,20,128,0.029517894028685987
molformer,MoLFormer,gpu,128,21,128,0.029615234932862222
molformer,MoLFormer,gpu,128,22,128,0.029637987026944757
molformer,MoLFormer,gpu,128,23,128,0.029058165033347905
molformer,MoLFormer,gpu,128,24,128,0.029302540002390742
molformer,MoLFormer,gpu,128,25,128,0.02925252798013389
molformer,MoLFormer,gpu,128,26,128,0.0365305709419772
molformer,MoLFormer,gpu,128,27,128,0.04230731900315732
molformer,MoLFormer,gpu,128,28,128,0.02974502299912274
molformer,MoLFormer,gpu,128,29,128,0.040353875956498086
molformer,MoLFormer,gpu,128,30,128,0.04871854302473366
molformer,MoLFormer,gpu,128,31,128,0.04851893405430019
molformer,MoLFormer,gpu,128,32,128,0.040822757058776915
molformer,MoLFormer,gpu,128,33,128,0.03178041591309011
molformer,MoLFormer,gpu,128,34,128,0.0458436890039593
molformer,MoLFormer,gpu,128,35,128,0.03530929796397686
molformer,MoLFormer,gpu,128,36,128,0.03030238300561905
molformer,MoLFormer,gpu,128,37,128,0.029491207096725702
molformer,MoLFormer,gpu,128,38,128,0.03838817903306335
molformer,MoLFormer,gpu,128,39,128,0.04044648096896708
molformer,MoLFormer,gpu,128,40,128,0.03324309003073722
molformer,MoLFormer,gpu,128,41,128,0.02953597391024232
molformer,MoLFormer,gpu,128,42,128,0.02964825800154358
molformer,MoLFormer,gpu,128,43,128,0.029499878990463912
molformer,MoLFormer,gpu,128,44,128,0.03792953595984727
molformer,MoLFormer,gpu,128,45,128,0.04113129200413823
molformer,MoLFormer,gpu,128,46,128,0.02910661103669554
molformer,MoLFormer,gpu,128,47,128,0.029515558038838208
molformer,MoLFormer,gpu,128,48,128,0.029258350958116353
molformer,MoLFormer,gpu,128,49,128,0.02958230907097459
molformer,MoLFormer,gpu,128,50,128,0.029425831977277994
molformer,MoLFormer,gpu,128,51,128,0.02885910007171333
molformer,MoLFormer,gpu,128,52,128,0.028819452039897442
molformer,MoLFormer,gpu,128,53,128,0.02978118194732815
molformer,MoLFormer,gpu,128,54,128,0.029876763001084328
molformer,MoLFormer,gpu,128,55,128,0.029645698959939182
molformer,MoLFormer,gpu,128,56,128,0.02996335201896727
molformer,MoLFormer,gpu,128,57,128,0.029207088984549046
molformer,MoLFormer,gpu,128,58,128,0.029553444939665496
molformer,MoLFormer,gpu,128,59,128,0.029668098082765937
molformer,MoLFormer,gpu,128,60,128,0.029245038982480764
molformer,MoLFormer,gpu,128,61,128,0.029011158039793372
molformer,MoLFormer,gpu,128,62,128,0.029555749031715095
molformer,MoLFormer,gpu,128,63,128,0.02929204609245062
molformer,MoLFormer,gpu,128,64,128,0.04139413102529943
molformer,MoLFormer,gpu,128,65,128,0.036797252018004656
molformer,MoLFormer,gpu,128,66,128,0.029075027909129858
molformer,MoLFormer,gpu,128,67,128,0.0446314699947834
molformer,MoLFormer,gpu,128,68,128,0.048549236031249166
molformer,MoLFormer,gpu,128,69,128,0.04830927599687129
molformer,MoLFormer,gpu,128,70,128,0.03550753102172166
molformer,MoLFormer,gpu,128,71,128,0.02945316000841558
molformer,MoLFormer,gpu,128,72,128,0.04886116296984255
molformer,MoLFormer,gpu,128,73,128,0.038230197969824076
molformer,MoLFormer,gpu,128,74,128,0.0374059050809592
molformer,MoLFormer,gpu,128,75,128,0.04065021802671254
molformer,MoLFormer,gpu,128,76,128,0.044282970018684864
molformer,MoLFormer,gpu,128,77,128,0.029211759101599455
molformer,MoLFormer,gpu,128,78,128,0.029387883958406746
molformer,MoLFormer,gpu,128,79,128,0.029686848050914705
molformer,MoLFormer,gpu,128,80,128,0.0300895239925012
molformer,MoLFormer,gpu,128,81,128,0.031560296076349914
molformer,MoLFormer,gpu,128,82,128,0.04917721601668745
molformer,MoLFormer,gpu,128,83,128,0.02999336807988584
molformer,MoLFormer,gpu,128,84,128,0.029406408895738423
molformer,MoLFormer,gpu,128,85,128,0.029767071013338864
molformer,MoLFormer,gpu,128,86,128,0.02935293992049992
molformer,MoLFormer,gpu,128,87,128,0.029395241988822818
molformer,MoLFormer,gpu,128,88,128,0.029894809937104583
molformer,MoLFormer,gpu,128,89,128,0.029517190996557474
molformer,MoLFormer,gpu,128,90,128,0.029496071045286953
molformer,MoLFormer,gpu,128,91,128,0.029456007992848754
molformer,MoLFormer,gpu,128,92,128,0.029456680989824235
molformer,MoLFormer,gpu,128,93,128,0.029224047088064253
molformer,MoLFormer,gpu,128,94,128,0.029289484955370426
molformer,MoLFormer,gpu,128,95,128,0.029055668972432613
molformer,MoLFormer,gpu,128,96,128,0.02923265495337546
molformer,MoLFormer,gpu,128,97,128,0.029528583050705492
molformer,MoLFormer,gpu,128,98,128,0.029196496005170047
molformer,MoLFormer,gpu,128,99,128,0.029378090053796768
molformer,MoLFormer,gpu,128,100,128,0.029546182020567358
molformer,MoLFormer,gpu,128,101,128,0.03670541406609118
molformer,MoLFormer,gpu,128,102,128,0.04243041900917888
molformer,MoLFormer,gpu,128,103,128,0.029168017907068133
molformer,MoLFormer,gpu,128,104,128,0.040829508914612234
molformer,MoLFormer,gpu,128,105,128,0.04832534003071487
molformer,MoLFormer,gpu,128,106,128,0.04732732195407152
molformer,MoLFormer,gpu,128,107,128,0.038823300041258335
molformer,MoLFormer,gpu,128,108,128,0.029820989002473652
molformer,MoLFormer,gpu,128,109,128,0.04335000703576952
molformer,MoLFormer,gpu,128,110,128,0.04813488002400845
molformer,MoLFormer,gpu,128,111,128,0.049135363078676164
molformer,MoLFormer,gpu,128,112,128,0.04894423100631684
molformer,MoLFormer,gpu,128,113,128,0.037354353931732476
molformer,MoLFormer,gpu,128,114,128,0.02858195500448346
molformer,MoLFormer,gpu,128,115,128,0.02898562408518046
molformer,MoLFormer,gpu,128,116,128,0.029317484004423022
molformer,MoLFormer,gpu,128,117,128,0.02919396897777915
molformer,MoLFormer,gpu,128,118,128,0.03686352202203125
molformer,MoLFormer,gpu,128,119,128,0.04166369093582034
molformer,MoLFormer,gpu,128,120,128,0.029436456970870495
molformer,MoLFormer,gpu,128,121,128,0.0292792139807716
molformer,MoLFormer,gpu,128,122,128,0.02940986503381282
molformer,MoLFormer,gpu,128,123,128,0.029396426980383694
molformer,MoLFormer,gpu,128,124,128,0.029558949056081474
molformer,MoLFormer,gpu,128,125,128,0.029230639105662704
molformer,MoLFormer,gpu,128,126,128,0.029607844073325396
molformer,MoLFormer,gpu,128,127,128,0.02930884505622089
molformer,MoLFormer,gpu,128,128,128,0.02953792503103614
molformer,MoLFormer,gpu,128,129,128,0.029024022980593145
molformer,MoLFormer,gpu,128,130,128,0.029018645989708602
molformer,MoLFormer,gpu,128,131,128,0.0292554380139336
molformer,MoLFormer,gpu,128,132,128,0.02898517600260675
molformer,MoLFormer,gpu,128,133,128,0.029303789022378623
molformer,MoLFormer,gpu,128,134,128,0.02906373201403767
molformer,MoLFormer,gpu,128,135,128,0.029692545998841524
molformer,MoLFormer,gpu,128,136,128,0.029204688034951687
molformer,MoLFormer,gpu,128,137,128,0.029279790003784
molformer,MoLFormer,gpu,128,138,128,0.03898729500360787
molformer,MoLFormer,gpu,128,139,128,0.039851363049820065
molformer,MoLFormer,gpu,128,140,128,0.029242575983516872
molformer,MoLFormer,gpu,128,141,128,0.04305903904605657
molformer,MoLFormer,gpu,128,142,128,0.035973789053969085
molformer,MoLFormer,gpu,128,143,128,0.029373291064985096
molformer,MoLFormer,gpu,128,144,128,0.029674176941625774
molformer,MoLFormer,gpu,128,145,128,0.02952899900265038
molformer,MoLFormer,gpu,128,146,128,0.029093043063767254
molformer,MoLFormer,gpu,128,147,128,0.039702247944660485
molformer,MoLFormer,gpu,128,148,128,0.038767205900512636
molformer,MoLFormer,gpu,128,149,128,0.02931223693303764
molformer,MoLFormer,gpu,128,150,128,0.02912337996531278
molformer,MoLFormer,gpu,128,151,128,0.029641249915584922
molformer,MoLFormer,gpu,128,152,128,0.04880026902537793
molformer,MoLFormer,gpu,128,153,128,0.028822908061556518
molformer,MoLFormer,gpu,128,154,128,0.029676321079023182
molformer,MoLFormer,gpu,128,155,128,0.029214320005849004
molformer,MoLFormer,gpu,128,156,128,0.029640674008987844
molformer,MoLFormer,gpu,128,157,128,0.02939777006395161
molformer,MoLFormer,gpu,128,158,128,0.045492116012610495
molformer,MoLFormer,gpu,128,159,128,0.033769665053114295
molformer,MoLFormer,gpu,128,160,128,0.02946580108255148
molformer,MoLFormer,gpu,128,161,128,0.029154482064768672
molformer,MoLFormer,gpu,128,162,128,0.03615691896993667
molformer,MoLFormer,gpu,128,163,128,0.042164315935224295
molformer,MoLFormer,gpu,128,164,128,0.029206448001787066
molformer,MoLFormer,gpu,128,165,128,0.02996063302271068
molformer,MoLFormer,gpu,128,166,128,0.029290060978382826
molformer,MoLFormer,gpu,128,167,128,0.029303692979738116
molformer,MoLFormer,gpu,128,168,128,0.03233038308098912
molformer,MoLFormer,gpu,128,169,128,0.04709913698025048
molformer,MoLFormer,gpu,128,170,128,0.03984758898150176
molformer,MoLFormer,gpu,128,171,128,0.04035918798763305
molformer,MoLFormer,gpu,128,172,128,0.045397943002171814
molformer,MoLFormer,gpu,128,173,128,0.048787979991175234
molformer,MoLFormer,gpu,128,174,128,0.038726120023056865
molformer,MoLFormer,gpu,128,175,128,0.029850587947294116
molformer,MoLFormer,gpu,128,176,128,0.02913937799166888
molformer,MoLFormer,gpu,128,177,128,0.02985506900586188
molformer,MoLFormer,gpu,128,178,128,0.048566162935458124
molformer,MoLFormer,gpu,128,179,128,0.048480247030965984
molformer,MoLFormer,gpu,128,180,128,0.029258765978738666
molformer,MoLFormer,gpu,128,181,128,0.029332236968912184
molformer,MoLFormer,gpu,128,182,128,0.033476394950412214
molformer,MoLFormer,gpu,128,183,128,0.0412825180683285
molformer,MoLFormer,gpu,128,184,128,0.0369588149478659
molformer,MoLFormer,gpu,128,185,128,0.029323211987502873
molformer,MoLFormer,gpu,128,186,128,0.02918676903937012
molformer,MoLFormer,gpu,128,187,128,0.03219393896870315
molformer,MoLFormer,gpu,128,188,128,0.048652048921212554
molformer,MoLFormer,gpu,128,189,128,0.04775930801406503
molformer,MoLFormer,gpu,128,190,128,0.03950609592720866
molformer,MoLFormer,gpu,128,191,128,0.03187314793467522
molformer,MoLFormer,gpu,128,192,128,0.02923073503188789
molformer,MoLFormer,gpu,128,193,128,0.04879921302199364
molformer,MoLFormer,gpu,128,194,128,0.033712098957039416
molformer,MoLFormer,gpu,128,195,128,0.033290129038505256
molformer,MoLFormer,gpu,128,196,128,0.03371229092590511
molformer,MoLFormer,gpu,128,197,128,0.04818966402672231
molformer,MoLFormer,gpu,128,198,128,0.030305517022497952
molformer,MoLFormer,gpu,128,199,128,0.029442664934322238
molformer,MoLFormer,gpu,128,200,128,0.02889301790855825
molformer,MoLFormer,gpu,128,201,128,0.02928721299394965
molformer,MoLFormer,gpu,128,202,128,0.029315436957404017
molformer,MoLFormer,gpu,128,203,128,0.04260401404462755
molformer,MoLFormer,gpu,128,204,128,0.035345199983567
molformer,MoLFormer,gpu,128,205,128,0.02855117293074727
molformer,MoLFormer,gpu,128,206,128,0.028799357009120286
molformer,MoLFormer,gpu,128,207,128,0.03273139300290495
molformer,MoLFormer,gpu,128,208,128,0.04809225897770375
molformer,MoLFormer,gpu,128,209,128,0.04639045603107661
molformer,MoLFormer,gpu,128,210,128,0.0288132440764457
molformer,MoLFormer,gpu,128,211,128,0.029259438975714147
molformer,MoLFormer,gpu,128,212,128,0.02941732294857502
molformer,MoLFormer,gpu,128,213,128,0.03989254601765424
molformer,MoLFormer,gpu,128,214,128,0.038519565016031265
molformer,MoLFormer,gpu,128,215,128,0.03011026105377823
molformer,MoLFormer,gpu,128,216,128,0.02991042600478977
molformer,MoLFormer,gpu,128,217,128,0.032821920001879334
molformer,MoLFormer,gpu,128,218,128,0.048001987976022065
molformer,MoLFormer,gpu,128,219,128,0.04672363004647195
molformer,MoLFormer,gpu,128,220,128,0.028932183980941772
molformer,MoLFormer,gpu,128,221,128,0.02904670895077288
molformer,MoLFormer,gpu,128,222,128,0.02946279291063547
molformer,MoLFormer,gpu,128,223,128,0.040454095927998424
molformer,MoLFormer,gpu,128,224,128,0.04804349294863641
molformer,MoLFormer,gpu,128,225,128,0.04743490205146372
molformer,MoLFormer,gpu,128,226,128,0.04130763898137957
molformer,MoLFormer,gpu,128,227,128,0.03163213201332837
molformer,MoLFormer,gpu,128,228,128,0.04461726394947618
molformer,MoLFormer,gpu,128,229,128,0.033771777991205454
molformer,MoLFormer,gpu,128,230,128,0.031169874942861497
molformer,MoLFormer,gpu,128,231,128,0.02975139196496457
molformer,MoLFormer,gpu,128,232,128,0.037006524042226374
molformer,MoLFormer,gpu,128,233,128,0.042018688982352614
molformer,MoLFormer,gpu,128,234,128,0.029191376990638673
molformer,MoLFormer,gpu,128,235,128,0.029204719001427293
molformer,MoLFormer,gpu,128,236,128,0.029394826968200505
molformer,MoLFormer,gpu,128,237,128,0.028542885091155767
molformer,MoLFormer,gpu,128,238,128,0.031906235963106155
molformer,MoLFormer,gpu,128,239,128,0.0462752910098061
molformer,MoLFormer,gpu,128,240,128,0.03273523296229541
molformer,MoLFormer,gpu,128,241,128,0.032829983974806964
molformer,MoLFormer,gpu,128,242,128,0.032454346073791385
molformer,MoLFormer,gpu,128,243,128,0.047384569072164595
molformer,MoLFormer,gpu,128,244,128,0.030662723002023995
molformer,MoLFormer,gpu,128,245,128,0.029081108048558235
molformer,MoLFormer,gpu,128,246,128,0.029230735963210464
molformer,MoLFormer,gpu,128,247,128,0.028903097030706704
molformer,MoLFormer,gpu,128,248,128,0.02938529208768159
molformer,MoLFormer,gpu,128,249,128,0.04266404395457357
molformer,MoLFormer,gpu,128,250,128,0.0350706169847399
molformer,MoLFormer,gpu,128,251,128,0.028781661996617913
molformer,MoLFormer,gpu,128,252,128,0.029064435977488756
molformer,MoLFormer,gpu,128,253,128,0.03273037006147206
molformer,MoLFormer,gpu,128,254,128,0.04820364702027291
molformer,MoLFormer,gpu,128,255,128,0.0463663610862568
molformer,MoLFormer,gpu,128,256,128,0.029495526920072734
molformer,MoLFormer,gpu,128,257,128,0.02922584000043571
molformer,MoLFormer,gpu,128,258,128,0.028787966002710164
molformer,MoLFormer,gpu,128,259,128,0.041120667941868305
molformer,MoLFormer,gpu,128,260,128,0.04812003404367715
molformer,MoLFormer,gpu,128,261,128,0.04458600003272295
molformer,MoLFormer,gpu,128,262,128,0.04451998707372695
molformer,MoLFormer,gpu,128,263,128,0.04757160204462707
molformer,MoLFormer,gpu,128,264,128,0.04395769990514964
molformer,MoLFormer,gpu,128,265,128,0.02889858593698591
molformer,MoLFormer,gpu,128,266,128,0.02879449410829693
molformer,MoLFormer,gpu,128,267,128,0.029026421951130033
molformer,MoLFormer,gpu,128,268,128,0.0418028540443629
molformer,MoLFormer,gpu,128,269,128,0.039452977012842894
molformer,MoLFormer,gpu,128,270,128,0.03276614402420819
molformer,MoLFormer,gpu,128,271,128,0.029481127974577248
molformer,MoLFormer,gpu,128,272,128,0.029815869056619704
molformer,MoLFormer,gpu,128,273,128,0.029055829043500125
molformer,MoLFormer,gpu,128,274,128,0.04169997910503298
molformer,MoLFormer,gpu,128,275,128,0.04713289602659643
molformer,MoLFormer,gpu,128,276,128,0.048277884954586625
molformer,MoLFormer,gpu,128,277,128,0.04860635392833501
molformer,MoLFormer,gpu,128,278,128,0.04332034394610673
molformer,MoLFormer,gpu,128,279,128,0.0368998390622437
molformer,MoLFormer,gpu,128,280,128,0.028977336012758315
molformer,MoLFormer,gpu,128,281,128,0.02917694509960711
molformer,MoLFormer,gpu,128,282,128,0.029050996992737055
molformer,MoLFormer,gpu,128,283,128,0.04225730604957789
molformer,MoLFormer,gpu,128,284,128,0.049050051951780915
molformer,MoLFormer,gpu,128,285,128,0.04809731408022344
molformer,MoLFormer,gpu,128,286,128,0.048605427029542625
molformer,MoLFormer,gpu,128,287,128,0.04521580401342362
molformer,MoLFormer,gpu,128,288,128,0.0374825419858098
molformer,MoLFormer,gpu,128,289,128,0.02912532992195338
molformer,MoLFormer,gpu,128,290,128,0.02966656198259443
molformer,MoLFormer,gpu,128,291,128,0.028580708079971373
molformer,MoLFormer,gpu,128,292,128,0.04555454500950873
molformer,MoLFormer,gpu,128,293,128,0.04895571991801262
molformer,MoLFormer,gpu,128,294,128,0.04916188900824636
molformer,MoLFormer,gpu,128,295,128,0.048267196980305016
molformer,MoLFormer,gpu,128,296,128,0.036019386956468225
molformer,MoLFormer,gpu,128,297,128,0.030144852004013956
molformer,MoLFormer,gpu,128,298,128,0.030185841023921967
molformer,MoLFormer,gpu,128,299,128,0.03678918699733913
molformer,MoLFormer,gpu,128,300,128,0.04932786803692579
molformer,MoLFormer,gpu,128,301,128,0.04313183797057718
molformer,MoLFormer,gpu,128,302,128,0.02962918602861464
molformer,MoLFormer,gpu,128,303,128,0.029418312944471836
molformer,MoLFormer,gpu,128,304,128,0.029791583074256778
molformer,MoLFormer,gpu,128,305,128,0.047405270976014435
molformer,MoLFormer,gpu,128,306,128,0.04852341394871473
molformer,MoLFormer,gpu,128,307,128,0.05306583002675325
molformer,MoLFormer,gpu,128,308,128,0.05076875095255673
molformer,MoLFormer,gpu,128,309,128,0.050925642950460315
molformer,MoLFormer,gpu,128,310,128,0.0316549789858982
molformer,MoLFormer,gpu,128,311,128,0.030072852969169617
molformer,MoLFormer,gpu,128,312,128,0.02994863293133676
molformer,MoLFormer,gpu,128,313,128,0.040606091963127255
molformer,MoLFormer,gpu,128,314,128,0.05028732598293573
molformer,MoLFormer,gpu,128,315,128,0.04573390004225075
molformer,MoLFormer,gpu,128,316,128,0.0368434899719432
molformer,MoLFormer,gpu,128,317,128,0.029983159969560802
molformer,MoLFormer,gpu,128,318,128,0.04132728592958301
molformer,MoLFormer,gpu,128,319,128,0.038786820019595325
molformer,MoLFormer,gpu,128,320,128,0.029798654024489224
molformer,MoLFormer,gpu,128,321,128,0.029967705952003598
molformer,MoLFormer,gpu,128,322,128,0.030434857006184757
molformer,MoLFormer,gpu,128,323,128,0.03037917905021459
molformer,MoLFormer,gpu,128,324,128,0.029711712966673076
molformer,MoLFormer,gpu,128,325,128,0.029773438000120223
molformer,MoLFormer,gpu,128,326,128,0.029575300053693354
molformer,MoLFormer,gpu,128,327,128,0.02932238206267357
molformer,MoLFormer,gpu,128,328,128,0.03001663100440055
molformer,MoLFormer,gpu,128,329,128,0.02963165193796158
molformer,MoLFormer,gpu,128,330,128,0.029994231997989118
molformer,MoLFormer,gpu,128,331,128,0.029671392985619605
molformer,MoLFormer,gpu,128,332,128,0.02959561999887228
molformer,MoLFormer,gpu,128,333,128,0.02983369305729866
molformer,MoLFormer,gpu,128,334,128,0.029515846981666982
molformer,MoLFormer,gpu,128,335,128,0.029871484031900764
molformer,MoLFormer,gpu,128,336,128,0.030233455006964505
molformer,MoLFormer,gpu,128,337,128,0.03157846990507096
molformer,MoLFormer,gpu,128,338,128,0.0484143930952996
molformer,MoLFormer,gpu,128,339,128,0.029736158903688192
molformer,MoLFormer,gpu,128,340,128,0.03683651494793594
molformer,MoLFormer,gpu,128,341,128,0.04917919996660203
molformer,MoLFormer,gpu,128,342,128,0.048769806046038866
molformer,MoLFormer,gpu,128,343,128,0.04472647502552718
molformer,MoLFormer,gpu,128,344,128,0.03301180200651288
molformer,MoLFormer,gpu,128,345,128,0.044646541005931795
molformer,MoLFormer,gpu,128,346,128,0.04970174503978342
molformer,MoLFormer,gpu,128,347,128,0.036147159058600664
molformer,MoLFormer,gpu,128,348,128,0.0291087239747867
molformer,MoLFormer,gpu,128,349,128,0.049265276989899576
molformer,MoLFormer,gpu,128,350,128,0.04926921392325312
molformer,MoLFormer,gpu,128,351,128,0.04894471203442663
molformer,MoLFormer,gpu,128,352,128,0.04943650495260954
molformer,MoLFormer,gpu,128,353,128,0.04964686697348952
molformer,MoLFormer,gpu,128,354,128,0.03266294801142067
molformer,MoLFormer,gpu,128,355,128,0.029777309973724186
molformer,MoLFormer,gpu,128,356,128,0.02988156396895647
molformer,MoLFormer,gpu,128,357,128,0.03002296609338373
molformer,MoLFormer,gpu,128,358,128,0.029965944006107748
molformer,MoLFormer,gpu,128,359,128,0.029688834096305072
molformer,MoLFormer,gpu,128,360,128,0.029580931994132698
molformer,MoLFormer,gpu,128,361,128,0.030096565023995936
molformer,MoLFormer,gpu,128,362,128,0.029355530976317823
molformer,MoLFormer,gpu,128,363,128,0.029570916900411248
molformer,MoLFormer,gpu,128,364,128,0.029930457938462496
molformer,MoLFormer,gpu,128,365,128,0.03023780696094036
molformer,MoLFormer,gpu,128,366,128,0.029503910918720067
molformer,MoLFormer,gpu,128,367,128,0.02998239197768271
molformer,MoLFormer,gpu,128,368,128,0.03017569798976183
molformer,MoLFormer,gpu,128,369,128,0.029365482972934842
molformer,MoLFormer,gpu,128,370,128,0.029596964945085347
molformer,MoLFormer,gpu,128,371,128,0.0293306359089911
molformer,MoLFormer,gpu,128,372,128,0.037462061969563365
molformer,MoLFormer,gpu,128,373,128,0.04296608304139227
molformer,MoLFormer,gpu,128,374,128,0.029736478929407895
molformer,MoLFormer,gpu,128,375,128,0.04210073396097869
molformer,MoLFormer,gpu,128,376,128,0.049312380026094615
molformer,MoLFormer,gpu,128,377,128,0.04888096998911351
molformer,MoLFormer,gpu,128,378,128,0.0382936840178445
molformer,MoLFormer,gpu,128,379,128,0.030041431076824665
molformer,MoLFormer,gpu,128,380,128,0.047741613001562655
molformer,MoLFormer,gpu,128,381,128,0.0493886029580608
molformer,MoLFormer,gpu,128,382,128,0.040540141984820366
molformer,MoLFormer,gpu,128,383,128,0.044618383049964905
molformer,MoLFormer,gpu,128,384,128,0.039740839041769505
molformer,MoLFormer,gpu,128,385,128,0.03074796893633902
molformer,MoLFormer,gpu,128,386,128,0.03024107194505632
molformer,MoLFormer,gpu,128,387,128,0.03147722489666194
molformer,MoLFormer,gpu,128,388,128,0.030903707956895232
molformer,MoLFormer,gpu,128,389,52,0.02530004200525582
molformer,MoLFormer,gpu,256,0,256,0.0413157029543072
molformer,MoLFormer,gpu,256,1,256,0.04010991600807756
molformer,MoLFormer,gpu,256,2,256,0.04078291903715581
molformer,MoLFormer,gpu,256,3,256,0.04052775795571506
molformer,MoLFormer,gpu,256,4,256,0.058612250024452806
molformer,MoLFormer,gpu,256,5,256,0.06546851596795022
molformer,MoLFormer,gpu,256,6,256,0.05587547109462321
molformer,MoLFormer,gpu,256,7,256,0.04199689801316708
molformer,MoLFormer,gpu,256,8,256,0.05970066296868026
molformer,MoLFormer,gpu,256,9,256,0.04100182408001274
molformer,MoLFormer,gpu,256,10,256,0.040153498062863946
molformer,MoLFormer,gpu,256,11,256,0.05524787597823888
molformer,MoLFormer,gpu,256,12,256,0.04259047901723534
molformer,MoLFormer,gpu,256,13,256,0.04053729400038719
molformer,MoLFormer,gpu,256,14,256,0.04046971199568361
molformer,MoLFormer,gpu,256,15,256,0.04026095196604729
molformer,MoLFormer,gpu,256,16,256,0.05786801700014621
molformer,MoLFormer,gpu,256,17,256,0.040911073912866414
molformer,MoLFormer,gpu,256,18,256,0.03916194604244083
molformer,MoLFormer,gpu,256,19,256,0.05652041104622185
molformer,MoLFormer,gpu,256,20,256,0.049045253079384565
molformer,MoLFormer,gpu,256,21,256,0.04014444199856371
molformer,MoLFormer,gpu,256,22,256,0.040690185967832804
molformer,MoLFormer,gpu,256,23,256,0.04688032798003405
molformer,MoLFormer,gpu,256,24,256,0.0522741760360077
molformer,MoLFormer,gpu,256,25,256,0.038825188064947724
molformer,MoLFormer,gpu,256,26,256,0.03908002795651555
molformer,MoLFormer,gpu,256,27,256,0.0649084699107334
molformer,MoLFormer,gpu,256,28,256,0.05786849604919553
molformer,MoLFormer,gpu,256,29,256,0.040966594009660184
molformer,MoLFormer,gpu,256,30,256,0.03841937589459121
molformer,MoLFormer,gpu,256,31,256,0.06389042106457055
molformer,MoLFormer,gpu,256,32,256,0.05489921499975026
molformer,MoLFormer,gpu,256,33,256,0.038687814958393574
molformer,MoLFormer,gpu,256,34,256,0.03840302489697933
molformer,MoLFormer,gpu,256,35,256,0.05944495997391641
molformer,MoLFormer,gpu,256,36,256,0.06014567508827895
molformer,MoLFormer,gpu,256,37,256,0.04060583596583456
molformer,MoLFormer,gpu,256,38,256,0.0643775740172714
molformer,MoLFormer,gpu,256,39,256,0.05520291696302593
molformer,MoLFormer,gpu,256,40,256,0.04972126299981028
molformer,MoLFormer,gpu,256,41,256,0.04710070590954274
molformer,MoLFormer,gpu,256,42,256,0.05452034599147737
molformer,MoLFormer,gpu,256,43,256,0.03875494992826134
molformer,MoLFormer,gpu,256,44,256,0.03874413506127894
molformer,MoLFormer,gpu,256,45,256,0.06033229094464332
molformer,MoLFormer,gpu,256,46,256,0.03976247098762542
molformer,MoLFormer,gpu,256,47,256,0.04009596398100257
molformer,MoLFormer,gpu,256,48,256,0.04231730301398784
molformer,MoLFormer,gpu,256,49,256,0.048050275072455406
molformer,MoLFormer,gpu,256,50,256,0.05229500797577202
molformer,MoLFormer,gpu,256,51,256,0.04122127196751535
molformer,MoLFormer,gpu,256,52,256,0.0414593470050022
molformer,MoLFormer,gpu,256,53,256,0.05909869901370257
molformer,MoLFormer,gpu,256,54,256,0.04008153302129358
molformer,MoLFormer,gpu,256,55,256,0.040745096979662776
molformer,MoLFormer,gpu,256,56,256,0.03884861106052995
molformer,MoLFormer,gpu,256,57,256,0.05137625301722437
molformer,MoLFormer,gpu,256,58,256,0.23757341399323195
molformer,MoLFormer,gpu,256,59,256,0.047173631959594786
molformer,MoLFormer,gpu,256,60,256,0.049729552003555
molformer,MoLFormer,gpu,256,61,256,0.07008165202569216
molformer,MoLFormer,gpu,256,62,256,0.0673375140177086
molformer,MoLFormer,gpu,256,63,256,0.04053441504947841
molformer,MoLFormer,gpu,256,64,256,0.06049039901699871
molformer,MoLFormer,gpu,256,65,256,0.05946166394278407
molformer,MoLFormer,gpu,256,66,256,0.038885601912625134
molformer,MoLFormer,gpu,256,67,256,0.06547907507047057
molformer,MoLFormer,gpu,256,68,256,0.056454110075719655
molformer,MoLFormer,gpu,256,69,256,0.042739816941320896
molformer,MoLFormer,gpu,256,70,256,0.03905126091558486
molformer,MoLFormer,gpu,256,71,256,0.06087774795014411
molformer,MoLFormer,gpu,256,72,256,0.04062765894923359
molformer,MoLFormer,gpu,256,73,256,0.03892720106523484
molformer,MoLFormer,gpu,256,74,256,0.03874573402572423
molformer,MoLFormer,gpu,256,75,256,0.04787367407698184
molformer,MoLFormer,gpu,256,76,256,0.05197303299792111
molformer,MoLFormer,gpu,256,77,256,0.03966404194943607
molformer,MoLFormer,gpu,256,78,256,0.04114469897467643
molformer,MoLFormer,gpu,256,79,256,0.04034958896227181
molformer,MoLFormer,gpu,256,80,256,0.059469341998919845
molformer,MoLFormer,gpu,256,81,256,0.04244610003661364
molformer,MoLFormer,gpu,256,82,256,0.04221388092264533
molformer,MoLFormer,gpu,256,83,256,0.055640951031818986
molformer,MoLFormer,gpu,256,84,256,0.06431357702240348
molformer,MoLFormer,gpu,256,85,256,0.058876432944089174
molformer,MoLFormer,gpu,256,86,256,0.048305148957297206
molformer,MoLFormer,gpu,256,87,256,0.057166822953149676
molformer,MoLFormer,gpu,256,88,256,0.03889398602768779
molformer,MoLFormer,gpu,256,89,256,0.039677161956205964
molformer,MoLFormer,gpu,256,90,256,0.059180328040383756
molformer,MoLFormer,gpu,256,91,256,0.04895584809128195
molformer,MoLFormer,gpu,256,92,256,0.039022876997478306
molformer,MoLFormer,gpu,256,93,256,0.03934817994013429
molformer,MoLFormer,gpu,256,94,256,0.05149845499545336
molformer,MoLFormer,gpu,256,95,256,0.06544294895138592
molformer,MoLFormer,gpu,256,96,256,0.06550691497977823
molformer,MoLFormer,gpu,256,97,256,0.0638931100256741
molformer,MoLFormer,gpu,256,98,256,0.05017212906386703
molformer,MoLFormer,gpu,256,99,256,0.049784749979153275
molformer,MoLFormer,gpu,256,100,256,0.05899937404319644
molformer,MoLFormer,gpu,256,101,256,0.05762171989772469
molformer,MoLFormer,gpu,256,102,256,0.04155611107125878
molformer,MoLFormer,gpu,256,103,256,0.05382510309573263
molformer,MoLFormer,gpu,256,104,256,0.06443869299255311
molformer,MoLFormer,gpu,256,105,256,0.06625978800002486
molformer,MoLFormer,gpu,256,106,256,0.06483807205222547
molformer,MoLFormer,gpu,256,107,256,0.05306314199697226
molformer,MoLFormer,gpu,256,108,256,0.042220058967359364
molformer,MoLFormer,gpu,256,109,256,0.04422405897639692
molformer,MoLFormer,gpu,256,110,256,0.052749202004633844
molformer,MoLFormer,gpu,256,111,256,0.041017566923983395
molformer,MoLFormer,gpu,256,112,256,0.03818466397933662
molformer,MoLFormer,gpu,256,113,256,0.06102014298085123
molformer,MoLFormer,gpu,256,114,256,0.05664571898523718
molformer,MoLFormer,gpu,256,115,256,0.04116917902138084
molformer,MoLFormer,gpu,256,116,256,0.04209398094099015
molformer,MoLFormer,gpu,256,117,256,0.04049163300078362
molformer,MoLFormer,gpu,256,118,256,0.04076707805506885
molformer,MoLFormer,gpu,256,119,256,0.038739847019314766
molformer,MoLFormer,gpu,256,120,256,0.03937985794618726
molformer,MoLFormer,gpu,256,121,256,0.03810415498446673
molformer,MoLFormer,gpu,256,122,256,0.04215791495516896
molformer,MoLFormer,gpu,256,123,256,0.04034488496836275
molformer,MoLFormer,gpu,256,124,256,0.040104540064930916
molformer,MoLFormer,gpu,256,125,256,0.03820287203416228
molformer,MoLFormer,gpu,256,126,256,0.03975933406036347
molformer,MoLFormer,gpu,256,127,256,0.03919963899534196
molformer,MoLFormer,gpu,256,128,256,0.04089386004488915
molformer,MoLFormer,gpu,256,129,256,0.04091059404890984
molformer,MoLFormer,gpu,256,130,256,0.04047112097032368
molformer,MoLFormer,gpu,256,131,256,0.05677957204170525
molformer,MoLFormer,gpu,256,132,256,0.03841534396633506
molformer,MoLFormer,gpu,256,133,256,0.03862285800278187
molformer,MoLFormer,gpu,256,134,256,0.055108358967117965
molformer,MoLFormer,gpu,256,135,256,0.06466598098631948
molformer,MoLFormer,gpu,256,136,256,0.06303665705490857
molformer,MoLFormer,gpu,256,137,256,0.060559323988854885
molformer,MoLFormer,gpu,256,138,256,0.049589939997531474
molformer,MoLFormer,gpu,256,139,256,0.039737479062750936
molformer,MoLFormer,gpu,256,140,256,0.040289111086167395
molformer,MoLFormer,gpu,256,141,256,0.0642568739131093
molformer,MoLFormer,gpu,256,142,256,0.05512855004053563
molformer,MoLFormer,gpu,256,143,256,0.04089677194133401
molformer,MoLFormer,gpu,256,144,256,0.038661416969262064
molformer,MoLFormer,gpu,256,145,256,0.06431642395909876
molformer,MoLFormer,gpu,256,146,256,0.05433606402948499
molformer,MoLFormer,gpu,256,147,256,0.04055812500882894
molformer,MoLFormer,gpu,256,148,256,0.039089467958547175
molformer,MoLFormer,gpu,256,149,256,0.061571676982566714
molformer,MoLFormer,gpu,256,150,256,0.05577425903175026
molformer,MoLFormer,gpu,256,151,256,0.0380197410704568
molformer,MoLFormer,gpu,256,152,256,0.0638554779579863
molformer,MoLFormer,gpu,256,153,256,0.05592641397379339
molformer,MoLFormer,gpu,256,154,256,0.04235355695709586
molformer,MoLFormer,gpu,256,155,256,0.04155272000934929
molformer,MoLFormer,gpu,256,156,256,0.06443737994413823
molformer,MoLFormer,gpu,256,157,256,0.06558505597058684
molformer,MoLFormer,gpu,256,158,256,0.06821451103314757
molformer,MoLFormer,gpu,256,159,256,0.06312769302166998
molformer,MoLFormer,gpu,256,160,256,0.04023404000326991
molformer,MoLFormer,gpu,256,161,256,0.04314486205112189
molformer,MoLFormer,gpu,256,162,256,0.06357903894968331
molformer,MoLFormer,gpu,256,163,256,0.059307076036930084
molformer,MoLFormer,gpu,256,164,256,0.040210713050328195
molformer,MoLFormer,gpu,256,165,256,0.040706824976950884
molformer,MoLFormer,gpu,256,166,256,0.06577410700265318
molformer,MoLFormer,gpu,256,167,256,0.05891441693529487
molformer,MoLFormer,gpu,256,168,256,0.06015914597082883
molformer,MoLFormer,gpu,256,169,256,0.06681909691542387
molformer,MoLFormer,gpu,256,170,256,0.062160908011719584
molformer,MoLFormer,gpu,256,171,256,0.04014626704156399
molformer,MoLFormer,gpu,256,172,256,0.04146289697382599
molformer,MoLFormer,gpu,256,173,256,0.04101091204211116
molformer,MoLFormer,gpu,256,174,256,0.039774758042767644
molformer,MoLFormer,gpu,256,175,256,0.04268189996946603
molformer,MoLFormer,gpu,256,176,256,0.06541187700349838
molformer,MoLFormer,gpu,256,177,256,0.053590551018714905
molformer,MoLFormer,gpu,256,178,256,0.041864100960083306
molformer,MoLFormer,gpu,256,179,256,0.04583722504321486
molformer,MoLFormer,gpu,256,180,256,0.055795665946789086
molformer,MoLFormer,gpu,256,181,256,0.03912504995241761
molformer,MoLFormer,gpu,256,182,256,0.04149220895487815
molformer,MoLFormer,gpu,256,183,256,0.06095240102149546
molformer,MoLFormer,gpu,256,184,256,0.043688620906323195
molformer,MoLFormer,gpu,256,185,256,0.039074204047210515
molformer,MoLFormer,gpu,256,186,256,0.04121477797161788
molformer,MoLFormer,gpu,256,187,256,0.05156434199307114
molformer,MoLFormer,gpu,256,188,256,0.06503809697460383
molformer,MoLFormer,gpu,256,189,256,0.06512257503345609
molformer,MoLFormer,gpu,256,190,256,0.05709188198670745
molformer,MoLFormer,gpu,256,191,256,0.03945832001045346
molformer,MoLFormer,gpu,256,192,256,0.042096668970771134
molformer,MoLFormer,gpu,256,193,256,0.039413810009136796
molformer,MoLFormer,gpu,256,194,180,0.04793872800655663
molformer,MoLFormer,gpu,512,0,512,0.08023327100090683
molformer,MoLFormer,gpu,512,1,512,0.07820754195563495
molformer,MoLFormer,gpu,512,2,512,0.08708025701344013
molformer,MoLFormer,gpu,512,3,512,0.08140449901111424
molformer,MoLFormer,gpu,512,4,512,0.10315460292622447
molformer,MoLFormer,gpu,512,5,512,0.0904357050312683
molformer,MoLFormer,gpu,512,6,512,0.0771211120299995
molformer,MoLFormer,gpu,512,7,512,0.07684886502102017
molformer,MoLFormer,gpu,512,8,512,0.09128866996616125
molformer,MoLFormer,gpu,512,9,512,0.07498322695028037
molformer,MoLFormer,gpu,512,10,512,0.11540734197478741
molformer,MoLFormer,gpu,512,11,512,0.07783228997141123
molformer,MoLFormer,gpu,512,12,512,0.09983742702752352
molformer,MoLFormer,gpu,512,13,512,0.09310608496889472
molformer,MoLFormer,gpu,512,14,512,0.09651874599512666
molformer,MoLFormer,gpu,512,15,512,0.07372013095300645
molformer,MoLFormer,gpu,512,16,512,0.09907284192740917
molformer,MoLFormer,gpu,512,17,512,0.0749007019912824
molformer,MoLFormer,gpu,512,18,512,0.096589783905074
molformer,MoLFormer,gpu,512,19,512,0.07762794499285519
molformer,MoLFormer,gpu,512,20,512,0.09893796709366143
molformer,MoLFormer,gpu,512,21,512,0.07548263599164784
molformer,MoLFormer,gpu,512,22,512,0.10301105596590787
molformer,MoLFormer,gpu,512,23,512,0.0768560329452157
molformer,MoLFormer,gpu,512,24,512,0.10280267801135778
molformer,MoLFormer,gpu,512,25,512,0.09117750497534871
molformer,MoLFormer,gpu,512,26,512,0.09612144797574729
molformer,MoLFormer,gpu,512,27,512,0.07849242899101228
molformer,MoLFormer,gpu,512,28,512,0.09756114694755524
molformer,MoLFormer,gpu,512,29,512,0.08101619000080973
molformer,MoLFormer,gpu,512,30,512,0.09089764195960015
molformer,MoLFormer,gpu,512,31,512,0.07644311699550599
molformer,MoLFormer,gpu,512,32,512,0.1021850659744814
molformer,MoLFormer,gpu,512,33,512,0.08208815706893802
molformer,MoLFormer,gpu,512,34,512,0.09993992000818253
molformer,MoLFormer,gpu,512,35,512,0.10295467299874872
molformer,MoLFormer,gpu,512,36,512,0.09696638106834143
molformer,MoLFormer,gpu,512,37,512,0.07379878393840045
molformer,MoLFormer,gpu,512,38,512,0.08482077496591955
molformer,MoLFormer,gpu,512,39,512,0.07873626193031669
molformer,MoLFormer,gpu,512,40,512,0.10404462390579283
molformer,MoLFormer,gpu,512,41,512,0.1055127700092271
molformer,MoLFormer,gpu,512,42,512,0.1042716889642179
molformer,MoLFormer,gpu,512,43,512,0.08150859200395644
molformer,MoLFormer,gpu,512,44,512,0.08044174406677485
molformer,MoLFormer,gpu,512,45,512,0.09910109802149236
molformer,MoLFormer,gpu,512,46,512,0.08909955399576575
molformer,MoLFormer,gpu,512,47,512,0.07706956192851067
molformer,MoLFormer,gpu,512,48,512,0.10402168007567525
molformer,MoLFormer,gpu,512,49,512,0.07677897904068232
molformer,MoLFormer,gpu,512,50,512,0.10243667394388467
molformer,MoLFormer,gpu,512,51,512,0.07886464206967503
molformer,MoLFormer,gpu,512,52,512,0.10179381410125643
molformer,MoLFormer,gpu,512,53,512,0.07862183393444866
molformer,MoLFormer,gpu,512,54,512,0.08796141401398927
molformer,MoLFormer,gpu,512,55,512,0.07799394894391298
molformer,MoLFormer,gpu,512,56,512,0.08293078700080514
molformer,MoLFormer,gpu,512,57,512,0.07829493202734739
molformer,MoLFormer,gpu,512,58,512,0.09868946205824614
molformer,MoLFormer,gpu,512,59,512,0.07745435007382184
molformer,MoLFormer,gpu,512,60,512,0.09022979100700468
molformer,MoLFormer,gpu,512,61,512,0.08001116593368351
molformer,MoLFormer,gpu,512,62,512,0.08824754902161658
molformer,MoLFormer,gpu,512,63,512,0.08052628603763878
molformer,MoLFormer,gpu,512,64,512,0.10219207301270217
molformer,MoLFormer,gpu,512,65,512,0.09836598497349769
molformer,MoLFormer,gpu,512,66,512,0.09398263494949788
molformer,MoLFormer,gpu,512,67,512,0.0788918420439586
molformer,MoLFormer,gpu,512,68,512,0.08549784298520535
molformer,MoLFormer,gpu,512,69,512,0.09957247495185584
molformer,MoLFormer,gpu,512,70,512,0.10202430305071175
molformer,MoLFormer,gpu,512,71,512,0.10519258701242507
molformer,MoLFormer,gpu,512,72,512,0.09688494296278805
molformer,MoLFormer,gpu,512,73,512,0.07646106905303895
molformer,MoLFormer,gpu,512,74,512,0.08357185497879982
molformer,MoLFormer,gpu,512,75,512,0.07406987901777029
molformer,MoLFormer,gpu,512,76,512,0.09173851204104722
molformer,MoLFormer,gpu,512,77,512,0.08012706600129604
molformer,MoLFormer,gpu,512,78,512,0.1009451049612835
molformer,MoLFormer,gpu,512,79,512,0.07646011002361774
molformer,MoLFormer,gpu,512,80,512,0.09208253398537636
molformer,MoLFormer,gpu,512,81,512,0.07830235606525093
molformer,MoLFormer,gpu,512,82,512,0.09992184001021087
molformer,MoLFormer,gpu,512,83,512,0.07676320301834494
molformer,MoLFormer,gpu,512,84,512,0.08809126599226147
molformer,MoLFormer,gpu,512,85,512,0.09547852398827672
molformer,MoLFormer,gpu,512,86,512,0.07846922893077135
molformer,MoLFormer,gpu,512,87,512,0.09970700007397681
molformer,MoLFormer,gpu,512,88,512,0.0859755240380764
molformer,MoLFormer,gpu,512,89,512,0.0753699669148773
molformer,MoLFormer,gpu,512,90,512,0.07725694705732167
molformer,MoLFormer,gpu,512,91,512,0.07916728802956641
molformer,MoLFormer,gpu,512,92,512,0.07813823292963207
molformer,MoLFormer,gpu,512,93,512,0.07840094401035458
molformer,MoLFormer,gpu,512,94,512,0.07480192102957517
molformer,MoLFormer,gpu,512,95,512,0.07848535699304193
molformer,MoLFormer,gpu,512,96,512,0.08040846604853868
molformer,MoLFormer,gpu,512,97,180,0.056629559956490993
smi_ted,SMI-TED-Light,gpu,64,0,64,0.09915000293403864
smi_ted,SMI-TED-Light,gpu,64,1,64,0.4077937160618603
smi_ted,SMI-TED-Light,gpu,64,2,64,0.09883823699783534
smi_ted,SMI-TED-Light,gpu,64,3,64,0.09769872308243066
smi_ted,SMI-TED-Light,gpu,64,4,64,0.09666192496661097
smi_ted,SMI-TED-Light,gpu,64,5,64,0.097101142979227
smi_ted,SMI-TED-Light,gpu,64,6,64,0.09883689298294485
smi_ted,SMI-TED-Light,gpu,64,7,64,0.10242666094563901
smi_ted,SMI-TED-Light,gpu,64,8,64,0.10704522707965225
smi_ted,SMI-TED-Light,gpu,64,9,64,0.10476600693073124
smi_ted,SMI-TED-Light,gpu,64,10,64,0.1110011909622699
smi_ted,SMI-TED-Light,gpu,64,11,64,0.11102992494124919
smi_ted,SMI-TED-Light,gpu,64,12,64,0.104601213010028
smi_ted,SMI-TED-Light,gpu,64,13,64,0.13306413404643536
smi_ted,SMI-TED-Light,gpu,64,14,64,0.10765995807014406
smi_ted,SMI-TED-Light,gpu,64,15,64,0.10581022792030126
smi_ted,SMI-TED-Light,gpu,64,16,64,0.095809058053419
smi_ted,SMI-TED-Light,gpu,64,17,64,0.09764457994606346
smi_ted,SMI-TED-Light,gpu,64,18,64,0.09754954394884408
smi_ted,SMI-TED-Light,gpu,64,19,64,0.09681040002033114
smi_ted,SMI-TED-Light,gpu,64,20,64,0.12510395201388747
smi_ted,SMI-TED-Light,gpu,64,21,64,0.11799516598694026
smi_ted,SMI-TED-Light,gpu,64,22,64,0.09716875699814409
smi_ted,SMI-TED-Light,gpu,64,23,64,0.09617925295606256
smi_ted,SMI-TED-Light,gpu,64,24,64,0.0973124320153147
smi_ted,SMI-TED-Light,gpu,64,25,64,0.11614303500391543
smi_ted,SMI-TED-Light,gpu,64,26,64,0.09631355293095112
smi_ted,SMI-TED-Light,gpu,64,27,64,0.1325312879635021
smi_ted,SMI-TED-Light,gpu,64,28,64,0.13308234105352312
smi_ted,SMI-TED-Light,gpu,64,29,64,0.10307425598148257
smi_ted,SMI-TED-Light,gpu,64,30,64,0.1112122880294919
smi_ted,SMI-TED-Light,gpu,64,31,64,0.11655265395529568
smi_ted,SMI-TED-Light,gpu,64,32,64,0.09660026291385293
smi_ted,SMI-TED-Light,gpu,64,33,64,0.09661299898289144
smi_ted,SMI-TED-Light,gpu,64,34,64,0.0967343399534002
smi_ted,SMI-TED-Light,gpu,64,35,64,0.1361610550666228
smi_ted,SMI-TED-Light,gpu,64,36,64,0.1473748889984563
smi_ted,SMI-TED-Light,gpu,64,37,64,0.0999969820259139
smi_ted,SMI-TED-Light,gpu,64,38,64,0.11390051792841405
smi_ted,SMI-TED-Light,gpu,64,39,64,0.12869935191702098
smi_ted,SMI-TED-Light,gpu,64,40,64,0.09833227004855871
smi_ted,SMI-TED-Light,gpu,64,41,64,0.11668176902458072
smi_ted,SMI-TED-Light,gpu,64,42,64,0.12413470400497317
smi_ted,SMI-TED-Light,gpu,64,43,64,0.10274156299419701
smi_ted,SMI-TED-Light,gpu,64,44,64,0.11563975596800447
smi_ted,SMI-TED-Light,gpu,64,45,64,0.11989170999731869
smi_ted,SMI-TED-Light,gpu,64,46,64,0.11084986804053187
smi_ted,SMI-TED-Light,gpu,64,47,64,0.09481008304283023
smi_ted,SMI-TED-Light,gpu,64,48,64,0.10197752399835736
smi_ted,SMI-TED-Light,gpu,64,49,64,0.12463972100522369
smi_ted,SMI-TED-Light,gpu,64,50,64,0.11496383196208626
smi_ted,SMI-TED-Light,gpu,64,51,64,0.10121139802504331
smi_ted,SMI-TED-Light,gpu,64,52,64,0.11403797299135476
smi_ted,SMI-TED-Light,gpu,64,53,64,0.10446687997318804
smi_ted,SMI-TED-Light,gpu,64,54,64,0.11074242903850973
smi_ted,SMI-TED-Light,gpu,64,55,64,0.10729488695506006
smi_ted,SMI-TED-Light,gpu,64,56,64,0.10523735196329653
smi_ted,SMI-TED-Light,gpu,64,57,64,0.131495795911178
smi_ted,SMI-TED-Light,gpu,64,58,64,0.10306215600576252
smi_ted,SMI-TED-Light,gpu,64,59,64,0.10874533897731453
smi_ted,SMI-TED-Light,gpu,64,60,64,0.13347634195815772
smi_ted,SMI-TED-Light,gpu,64,61,64,0.09631353593431413
smi_ted,SMI-TED-Light,gpu,64,62,64,0.12489865696989
smi_ted,SMI-TED-Light,gpu,64,63,64,0.1093254160368815
smi_ted,SMI-TED-Light,gpu,64,64,64,0.10299547098111361
smi_ted,SMI-TED-Light,gpu,64,65,64,0.1460141580319032
smi_ted,SMI-TED-Light,gpu,64,66,64,0.11746794602368027
smi_ted,SMI-TED-Light,gpu,64,67,64,0.12175040389411151
smi_ted,SMI-TED-Light,gpu,64,68,64,0.10751369595527649
smi_ted,SMI-TED-Light,gpu,64,69,64,0.09608253499027342
smi_ted,SMI-TED-Light,gpu,64,70,64,0.09608890197705477
smi_ted,SMI-TED-Light,gpu,64,71,64,0.11423051194287837
smi_ted,SMI-TED-Light,gpu,64,72,64,0.09799658600240946
smi_ted,SMI-TED-Light,gpu,64,73,64,0.11930510401725769
smi_ted,SMI-TED-Light,gpu,64,74,64,0.14101533801294863
smi_ted,SMI-TED-Light,gpu,64,75,64,0.1034020819934085
smi_ted,SMI-TED-Light,gpu,64,76,64,0.13041093398351222
smi_ted,SMI-TED-Light,gpu,64,77,64,0.09475268691312522
smi_ted,SMI-TED-Light,gpu,64,78,64,0.10993144602980465
smi_ted,SMI-TED-Light,gpu,64,79,64,0.12483165191952139
smi_ted,SMI-TED-Light,gpu,64,80,64,0.10215578402858227
smi_ted,SMI-TED-Light,gpu,64,81,64,0.13731161400210112
smi_ted,SMI-TED-Light,gpu,64,82,64,0.1288105029379949
smi_ted,SMI-TED-Light,gpu,64,83,64,0.09548741800244898
smi_ted,SMI-TED-Light,gpu,64,84,64,0.1108089858898893
smi_ted,SMI-TED-Light,gpu,64,85,64,0.11320331203751266
smi_ted,SMI-TED-Light,gpu,64,86,64,0.09427647897973657
smi_ted,SMI-TED-Light,gpu,64,87,64,0.11907256802078336
smi_ted,SMI-TED-Light,gpu,64,88,64,0.11721022601705045
smi_ted,SMI-TED-Light,gpu,64,89,64,0.11855194601230323
smi_ted,SMI-TED-Light,gpu,64,90,64,0.11369219108019024
smi_ted,SMI-TED-Light,gpu,64,91,64,0.10867353295907378
smi_ted,SMI-TED-Light,gpu,64,92,64,0.12155495607294142
smi_ted,SMI-TED-Light,gpu,64,93,64,0.09451723797246814
smi_ted,SMI-TED-Light,gpu,64,94,64,0.0944305540760979
smi_ted,SMI-TED-Light,gpu,64,95,64,0.10598276904784143
smi_ted,SMI-TED-Light,gpu,64,96,64,0.10022381297312677
smi_ted,SMI-TED-Light,gpu,64,97,64,0.13301142898853868
smi_ted,SMI-TED-Light,gpu,64,98,64,0.09920986101496965
smi_ted,SMI-TED-Light,gpu,64,99,64,0.10969481198117137
smi_ted,SMI-TED-Light,gpu,64,100,64,0.11371539102401584
smi_ted,SMI-TED-Light,gpu,64,101,64,0.09365918708499521
smi_ted,SMI-TED-Light,gpu,64,102,64,0.11852845596149564
smi_ted,SMI-TED-Light,gpu,64,103,64,0.12204313091933727
smi_ted,SMI-TED-Light,gpu,64,104,64,0.09344236098695546
smi_ted,SMI-TED-Light,gpu,64,105,64,0.11686758091673255
smi_ted,SMI-TED-Light,gpu,64,106,64,0.11890841298736632
smi_ted,SMI-TED-Light,gpu,64,107,64,0.11822443502023816
smi_ted,SMI-TED-Light,gpu,64,108,64,0.12016629392746836
smi_ted,SMI-TED-Light,gpu,64,109,64,0.12476330203935504
smi_ted,SMI-TED-Light,gpu,64,110,64,0.11406421195715666
smi_ted,SMI-TED-Light,gpu,64,111,64,0.12135195196606219
smi_ted,SMI-TED-Light,gpu,64,112,64,0.13068919791840017
smi_ted,SMI-TED-Light,gpu,64,113,64,0.11497084004804492
smi_ted,SMI-TED-Light,gpu,64,114,64,0.11414465704001486
smi_ted,SMI-TED-Light,gpu,64,115,64,0.09384276403579861
smi_ted,SMI-TED-Light,gpu,64,116,64,0.13290612096898258
smi_ted,SMI-TED-Light,gpu,64,117,64,0.1459358879365027
smi_ted,SMI-TED-Light,gpu,64,118,64,0.09428342198953032
smi_ted,SMI-TED-Light,gpu,64,119,64,0.11438548204023391
smi_ted,SMI-TED-Light,gpu,64,120,64,0.12055197893641889
smi_ted,SMI-TED-Light,gpu,64,121,64,0.10399556707125157
smi_ted,SMI-TED-Light,gpu,64,122,64,0.09379908500704914
smi_ted,SMI-TED-Light,gpu,64,123,64,0.09389815502800047
smi_ted,SMI-TED-Light,gpu,64,124,64,0.13109712000004947
smi_ted,SMI-TED-Light,gpu,64,125,64,0.09783124702516943
smi_ted,SMI-TED-Light,gpu,64,126,64,0.09481115103699267
smi_ted,SMI-TED-Light,gpu,64,127,64,0.10835837398190051
smi_ted,SMI-TED-Light,gpu,64,128,64,0.10141212702728808
smi_ted,SMI-TED-Light,gpu,64,129,64,0.11447997600771487
smi_ted,SMI-TED-Light,gpu,64,130,64,0.09465700993314385
smi_ted,SMI-TED-Light,gpu,64,131,64,0.11208885000087321
smi_ted,SMI-TED-Light,gpu,64,132,64,0.12764689303003252
smi_ted,SMI-TED-Light,gpu,64,133,64,0.12232792202848941
smi_ted,SMI-TED-Light,gpu,64,134,64,0.11158857692498714
smi_ted,SMI-TED-Light,gpu,64,135,64,0.09417017898522317
smi_ted,SMI-TED-Light,gpu,64,136,64,0.09268423996400088
smi_ted,SMI-TED-Light,gpu,64,137,64,0.11654774995986372
smi_ted,SMI-TED-Light,gpu,64,138,64,0.10902011499274522
smi_ted,SMI-TED-Light,gpu,64,139,64,0.0985246968921274
smi_ted,SMI-TED-Light,gpu,64,140,64,0.09997249208390713
smi_ted,SMI-TED-Light,gpu,64,141,64,0.10693739599082619
smi_ted,SMI-TED-Light,gpu,64,142,64,0.10591073904652148
smi_ted,SMI-TED-Light,gpu,64,143,64,0.1311065589543432
smi_ted,SMI-TED-Light,gpu,64,144,64,0.11958931991830468
smi_ted,SMI-TED-Light,gpu,64,145,64,0.10634653398301452
smi_ted,SMI-TED-Light,gpu,64,146,64,0.11955437704455107
smi_ted,SMI-TED-Light,gpu,64,147,64,0.10180392395704985
smi_ted,SMI-TED-Light,gpu,64,148,64,0.12169763899873942
smi_ted,SMI-TED-Light,gpu,64,149,64,0.10596312105190009
smi_ted,SMI-TED-Light,gpu,64,150,64,0.1014990370022133
smi_ted,SMI-TED-Light,gpu,64,151,64,0.11662074096966535
smi_ted,SMI-TED-Light,gpu,64,152,64,0.10445366392377764
smi_ted,SMI-TED-Light,gpu,64,153,64,0.1333664890844375
smi_ted,SMI-TED-Light,gpu,64,154,64,0.10597412998322397
smi_ted,SMI-TED-Light,gpu,64,155,64,0.10541072289925069
smi_ted,SMI-TED-Light,gpu,64,156,64,0.13156001805327833
smi_ted,SMI-TED-Light,gpu,64,157,64,0.09905284107662737
smi_ted,SMI-TED-Light,gpu,64,158,64,0.11182322702370584
smi_ted,SMI-TED-Light,gpu,64,159,64,0.14977663301397115
smi_ted,SMI-TED-Light,gpu,64,160,64,0.10254722693935037
smi_ted,SMI-TED-Light,gpu,64,161,64,0.10909735993482172
smi_ted,SMI-TED-Light,gpu,64,162,64,0.0993421139428392
smi_ted,SMI-TED-Light,gpu,64,163,64,0.09812512598000467
smi_ted,SMI-TED-Light,gpu,64,164,64,0.11771702696569264
smi_ted,SMI-TED-Light,gpu,64,165,64,0.10310017201118171
smi_ted,SMI-TED-Light,gpu,64,166,64,0.09563448396511376
smi_ted,SMI-TED-Light,gpu,64,167,64,0.11477110302075744
smi_ted,SMI-TED-Light,gpu,64,168,64,0.1031008108984679
smi_ted,SMI-TED-Light,gpu,64,169,64,0.09585662104655057
smi_ted,SMI-TED-Light,gpu,64,170,64,0.13342050299979746
smi_ted,SMI-TED-Light,gpu,64,171,64,0.10580456804018468
smi_ted,SMI-TED-Light,gpu,64,172,64,0.10447120002936572
smi_ted,SMI-TED-Light,gpu,64,173,64,0.13469838397577405
smi_ted,SMI-TED-Light,gpu,64,174,64,0.09331458900123835
smi_ted,SMI-TED-Light,gpu,64,175,64,0.09591914701741189
smi_ted,SMI-TED-Light,gpu,64,176,64,0.11909720709081739
smi_ted,SMI-TED-Light,gpu,64,177,64,0.12749684997834265
smi_ted,SMI-TED-Light,gpu,64,178,64,0.11510709207504988
smi_ted,SMI-TED-Light,gpu,64,179,64,0.1269195229979232
smi_ted,SMI-TED-Light,gpu,64,180,64,0.12569805700331926
smi_ted,SMI-TED-Light,gpu,64,181,64,0.11171001405455172
smi_ted,SMI-TED-Light,gpu,64,182,64,0.12899568199645728
smi_ted,SMI-TED-Light,gpu,64,183,64,0.09849832998588681
smi_ted,SMI-TED-Light,gpu,64,184,64,0.11655277397949249
smi_ted,SMI-TED-Light,gpu,64,185,64,0.09648373897653073
smi_ted,SMI-TED-Light,gpu,64,186,64,0.11447427899111062
smi_ted,SMI-TED-Light,gpu,64,187,64,0.12993642000947148
smi_ted,SMI-TED-Light,gpu,64,188,64,0.12055252294521779
smi_ted,SMI-TED-Light,gpu,64,189,64,0.0960857979953289
smi_ted,SMI-TED-Light,gpu,64,190,64,0.11359251500107348
smi_ted,SMI-TED-Light,gpu,64,191,64,0.09622236993163824
smi_ted,SMI-TED-Light,gpu,64,192,64,0.12129326700232923
smi_ted,SMI-TED-Light,gpu,64,193,64,0.11333853797987103
smi_ted,SMI-TED-Light,gpu,64,194,64,0.09732038306538016
smi_ted,SMI-TED-Light,gpu,64,195,64,0.11267926509026438
smi_ted,SMI-TED-Light,gpu,64,196,64,0.09555992600508034
smi_ted,SMI-TED-Light,gpu,64,197,64,0.14501879701856524
smi_ted,SMI-TED-Light,gpu,64,198,64,0.09770264395046979
smi_ted,SMI-TED-Light,gpu,64,199,64,0.09521776100154966
smi_ted,SMI-TED-Light,gpu,64,200,64,0.1322326040826738
smi_ted,SMI-TED-Light,gpu,64,201,64,0.10666476504411548
smi_ted,SMI-TED-Light,gpu,64,202,64,0.10843533196020871
smi_ted,SMI-TED-Light,gpu,64,203,64,0.10889410204254091
smi_ted,SMI-TED-Light,gpu,64,204,64,0.12260135298129171
smi_ted,SMI-TED-Light,gpu,64,205,64,0.09710477490443736
smi_ted,SMI-TED-Light,gpu,64,206,64,0.09526335902046412
smi_ted,SMI-TED-Light,gpu,64,207,64,0.12401334207970649
smi_ted,SMI-TED-Light,gpu,64,208,64,0.12399785500019789
smi_ted,SMI-TED-Light,gpu,64,209,64,0.11344323994126171
smi_ted,SMI-TED-Light,gpu,64,210,64,0.11639149894472212
smi_ted,SMI-TED-Light,gpu,64,211,64,0.12630725395865738
smi_ted,SMI-TED-Light,gpu,64,212,64,0.13279687601607293
smi_ted,SMI-TED-Light,gpu,64,213,64,0.10746774601284415
smi_ted,SMI-TED-Light,gpu,64,214,64,0.1324105190578848
smi_ted,SMI-TED-Light,gpu,64,215,64,0.09418579400517046
smi_ted,SMI-TED-Light,gpu,64,216,64,0.1146342740394175
smi_ted,SMI-TED-Light,gpu,64,217,64,0.10007306502666324
smi_ted,SMI-TED-Light,gpu,64,218,64,0.11147773393895477
smi_ted,SMI-TED-Light,gpu,64,219,64,0.127755815978162
smi_ted,SMI-TED-Light,gpu,64,220,64,0.11435943492688239
smi_ted,SMI-TED-Light,gpu,64,221,64,0.0964635779382661
smi_ted,SMI-TED-Light,gpu,64,222,64,0.12204892397858202
smi_ted,SMI-TED-Light,gpu,64,223,64,0.12340676807798445
smi_ted,SMI-TED-Light,gpu,64,224,64,0.11685452505480498
smi_ted,SMI-TED-Light,gpu,64,225,64,0.11266620806418359
smi_ted,SMI-TED-Light,gpu,64,226,64,0.09569179604295641
smi_ted,SMI-TED-Light,gpu,64,227,64,0.1299049019580707
smi_ted,SMI-TED-Light,gpu,64,228,64,0.11609400401357561
smi_ted,SMI-TED-Light,gpu,64,229,64,0.1103788890177384
smi_ted,SMI-TED-Light,gpu,64,230,64,0.12722674501128495
smi_ted,SMI-TED-Light,gpu,64,231,64,0.11757415102329105
smi_ted,SMI-TED-Light,gpu,64,232,64,0.11212571198120713
smi_ted,SMI-TED-Light,gpu,64,233,64,0.09683735994622111
smi_ted,SMI-TED-Light,gpu,64,234,64,0.09475476702209562
smi_ted,SMI-TED-Light,gpu,64,235,64,0.113145392970182
smi_ted,SMI-TED-Light,gpu,64,236,64,0.09689918207004666
smi_ted,SMI-TED-Light,gpu,64,237,64,0.09596621699165553
smi_ted,SMI-TED-Light,gpu,64,238,64,0.09808176895603538
smi_ted,SMI-TED-Light,gpu,64,239,64,0.11294325592461973
smi_ted,SMI-TED-Light,gpu,64,240,64,0.13101888296660036
smi_ted,SMI-TED-Light,gpu,64,241,64,0.09600672905799001
smi_ted,SMI-TED-Light,gpu,64,242,64,0.11375231796409935
smi_ted,SMI-TED-Light,gpu,64,243,64,0.12267699907533824
smi_ted,SMI-TED-Light,gpu,64,244,64,0.10265733604319394
smi_ted,SMI-TED-Light,gpu,64,245,64,0.11258976405952126
smi_ted,SMI-TED-Light,gpu,64,246,64,0.09471336100250483
smi_ted,SMI-TED-Light,gpu,64,247,64,0.09406112600117922
smi_ted,SMI-TED-Light,gpu,64,248,64,0.10510548402089626
smi_ted,SMI-TED-Light,gpu,64,249,64,0.1099522759905085
smi_ted,SMI-TED-Light,gpu,64,250,64,0.11471465602517128
smi_ted,SMI-TED-Light,gpu,64,251,64,0.11154611606616527
smi_ted,SMI-TED-Light,gpu,64,252,64,0.09760671004187316
smi_ted,SMI-TED-Light,gpu,64,253,64,0.10323946201242507
smi_ted,SMI-TED-Light,gpu,64,254,64,0.1121253939345479
smi_ted,SMI-TED-Light,gpu,64,255,64,0.11785094195511192
smi_ted,SMI-TED-Light,gpu,64,256,64,0.09710307803470641
smi_ted,SMI-TED-Light,gpu,64,257,64,0.1285093619953841
smi_ted,SMI-TED-Light,gpu,64,258,64,0.12452394899446517
smi_ted,SMI-TED-Light,gpu,64,259,64,0.09997838002163917
smi_ted,SMI-TED-Light,gpu,64,260,64,0.09858021698892117
smi_ted,SMI-TED-Light,gpu,64,261,64,0.11662634008098394
smi_ted,SMI-TED-Light,gpu,64,262,64,0.11826782498974353
smi_ted,SMI-TED-Light,gpu,64,263,64,0.0989304130198434
smi_ted,SMI-TED-Light,gpu,64,264,64,0.09908611990977079
smi_ted,SMI-TED-Light,gpu,64,265,64,0.1285236650146544
smi_ted,SMI-TED-Light,gpu,64,266,64,0.12104034598451108
smi_ted,SMI-TED-Light,gpu,64,267,64,0.098590616020374
smi_ted,SMI-TED-Light,gpu,64,268,64,0.12421775108668953
smi_ted,SMI-TED-Light,gpu,64,269,64,0.1281990990974009
smi_ted,SMI-TED-Light,gpu,64,270,64,0.10183621000032872
smi_ted,SMI-TED-Light,gpu,64,271,64,0.12277962092775851
smi_ted,SMI-TED-Light,gpu,64,272,64,0.125184505013749
smi_ted,SMI-TED-Light,gpu,64,273,64,0.11832135904114693
smi_ted,SMI-TED-Light,gpu,64,274,64,0.11721813003532588
smi_ted,SMI-TED-Light,gpu,64,275,64,0.11209710594266653
smi_ted,SMI-TED-Light,gpu,64,276,64,0.12239352008327842
smi_ted,SMI-TED-Light,gpu,64,277,64,0.1352780780289322
smi_ted,SMI-TED-Light,gpu,64,278,64,0.12947083497419953
smi_ted,SMI-TED-Light,gpu,64,279,64,0.12815634906291962
smi_ted,SMI-TED-Light,gpu,64,280,64,0.11921726702712476
smi_ted,SMI-TED-Light,gpu,64,281,64,0.10440355399623513
smi_ted,SMI-TED-Light,gpu,64,282,64,0.10496737598441541
smi_ted,SMI-TED-Light,gpu,64,283,64,0.09998004499357194
smi_ted,SMI-TED-Light,gpu,64,284,64,0.10859078296925873
smi_ted,SMI-TED-Light,gpu,64,285,64,0.1294338759034872
smi_ted,SMI-TED-Light,gpu,64,286,64,0.11683379102032632
smi_ted,SMI-TED-Light,gpu,64,287,64,0.10497614392079413
smi_ted,SMI-TED-Light,gpu,64,288,64,0.09403683699201792
smi_ted,SMI-TED-Light,gpu,64,289,64,0.11030337098054588
smi_ted,SMI-TED-Light,gpu,64,290,64,0.1122468609828502
smi_ted,SMI-TED-Light,gpu,64,291,64,0.09474356798455119
smi_ted,SMI-TED-Light,gpu,64,292,64,0.09242780099157244
smi_ted,SMI-TED-Light,gpu,64,293,64,0.0924888220615685
smi_ted,SMI-TED-Light,gpu,64,294,64,0.09756079304497689
smi_ted,SMI-TED-Light,gpu,64,295,64,0.09383117989636958
smi_ted,SMI-TED-Light,gpu,64,296,64,0.10715450800489634
smi_ted,SMI-TED-Light,gpu,64,297,64,0.12241889699362218
smi_ted,SMI-TED-Light,gpu,64,298,64,0.11900901689659804
smi_ted,SMI-TED-Light,gpu,64,299,64,0.11225303704850376
smi_ted,SMI-TED-Light,gpu,64,300,64,0.09225513401906937
smi_ted,SMI-TED-Light,gpu,64,301,64,0.09377073403447866
smi_ted,SMI-TED-Light,gpu,64,302,64,0.11369049595668912
smi_ted,SMI-TED-Light,gpu,64,303,64,0.10882152896374464
smi_ted,SMI-TED-Light,gpu,64,304,64,0.09202938002999872
smi_ted,SMI-TED-Light,gpu,64,305,64,0.09401699795853347
smi_ted,SMI-TED-Light,gpu,64,306,64,0.11135530599858612
smi_ted,SMI-TED-Light,gpu,64,307,64,0.08852913801092654
smi_ted,SMI-TED-Light,gpu,64,308,64,0.11189023300539702
smi_ted,SMI-TED-Light,gpu,64,309,64,0.11859549500513822
smi_ted,SMI-TED-Light,gpu,64,310,64,0.12390953698195517
smi_ted,SMI-TED-Light,gpu,64,311,64,0.1127154229907319
smi_ted,SMI-TED-Light,gpu,64,312,64,0.11946132406592369
smi_ted,SMI-TED-Light,gpu,64,313,64,0.10221255104988813
smi_ted,SMI-TED-Light,gpu,64,314,64,0.11198827694170177
smi_ted,SMI-TED-Light,gpu,64,315,64,0.10814615699928254
smi_ted,SMI-TED-Light,gpu,64,316,64,0.11449684004765004
smi_ted,SMI-TED-Light,gpu,64,317,64,0.09254837199114263
smi_ted,SMI-TED-Light,gpu,64,318,64,0.09151186200324446
smi_ted,SMI-TED-Light,gpu,64,319,64,0.10819706798065454
smi_ted,SMI-TED-Light,gpu,64,320,64,0.11306629097089171
smi_ted,SMI-TED-Light,gpu,64,321,64,0.09092192794196308
smi_ted,SMI-TED-Light,gpu,64,322,64,0.09054600296076387
smi_ted,SMI-TED-Light,gpu,64,323,64,0.13528879801742733
smi_ted,SMI-TED-Light,gpu,64,324,64,0.10333190800156444
smi_ted,SMI-TED-Light,gpu,64,325,64,0.09378622099757195
smi_ted,SMI-TED-Light,gpu,64,326,64,0.12177606800105423
smi_ted,SMI-TED-Light,gpu,64,327,64,0.11188984999898821
smi_ted,SMI-TED-Light,gpu,64,328,64,0.11200990795623511
smi_ted,SMI-TED-Light,gpu,64,329,64,0.11876512097660452
smi_ted,SMI-TED-Light,gpu,64,330,64,0.11502962198574096
smi_ted,SMI-TED-Light,gpu,64,331,64,0.11795625102240592
smi_ted,SMI-TED-Light,gpu,64,332,64,0.0926576810888946
smi_ted,SMI-TED-Light,gpu,64,333,64,0.09202307695522904
smi_ted,SMI-TED-Light,gpu,64,334,64,0.10735920607112348
smi_ted,SMI-TED-Light,gpu,64,335,64,0.11501653410959989
smi_ted,SMI-TED-Light,gpu,64,336,64,0.10072603693697602
smi_ted,SMI-TED-Light,gpu,64,337,64,0.09316969802603126
smi_ted,SMI-TED-Light,gpu,64,338,64,0.11519515293184668
smi_ted,SMI-TED-Light,gpu,64,339,64,0.1121142579941079
smi_ted,SMI-TED-Light,gpu,64,340,64,0.09300391096621752
smi_ted,SMI-TED-Light,gpu,64,341,64,0.1243618109729141
smi_ted,SMI-TED-Light,gpu,64,342,64,0.11208568199072033
smi_ted,SMI-TED-Light,gpu,64,343,64,0.1131985440151766
smi_ted,SMI-TED-Light,gpu,64,344,64,0.11123495607171208
smi_ted,SMI-TED-Light,gpu,64,345,64,0.09854440903291106
smi_ted,SMI-TED-Light,gpu,64,346,64,0.12401318293996155
smi_ted,SMI-TED-Light,gpu,64,347,64,0.08376240695361048
smi_ted,SMI-TED-Light,gpu,64,348,64,0.08933004201389849
smi_ted,SMI-TED-Light,gpu,64,349,64,0.11959207092877477
smi_ted,SMI-TED-Light,gpu,64,350,64,0.13103708997368813
smi_ted,SMI-TED-Light,gpu,64,351,64,0.10041170998010784
smi_ted,SMI-TED-Light,gpu,64,352,64,0.1267739289905876
smi_ted,SMI-TED-Light,gpu,64,353,64,0.1279108839808032
smi_ted,SMI-TED-Light,gpu,64,354,64,0.09790727705694735
smi_ted,SMI-TED-Light,gpu,64,355,64,0.09874110703822225
smi_ted,SMI-TED-Light,gpu,64,356,64,0.09820333204697818
smi_ted,SMI-TED-Light,gpu,64,357,64,0.12601539096795022
smi_ted,SMI-TED-Light,gpu,64,358,64,0.12336683389730752
smi_ted,SMI-TED-Light,gpu,64,359,64,0.09984859300311655
smi_ted,SMI-TED-Light,gpu,64,360,64,0.11523275205399841
smi_ted,SMI-TED-Light,gpu,64,361,64,0.09945135598536581
smi_ted,SMI-TED-Light,gpu,64,362,64,0.13573585590347648
smi_ted,SMI-TED-Light,gpu,64,363,64,0.10066149500198662
smi_ted,SMI-TED-Light,gpu,64,364,64,0.0979404920944944
smi_ted,SMI-TED-Light,gpu,64,365,64,0.11750938592012972
smi_ted,SMI-TED-Light,gpu,64,366,64,0.1155600369675085
smi_ted,SMI-TED-Light,gpu,64,367,64,0.09825430600903928
smi_ted,SMI-TED-Light,gpu,64,368,64,0.10237382701598108
smi_ted,SMI-TED-Light,gpu,64,369,64,0.11220766301266849
smi_ted,SMI-TED-Light,gpu,64,370,64,0.135005829972215
smi_ted,SMI-TED-Light,gpu,64,371,64,0.10594088200014085
smi_ted,SMI-TED-Light,gpu,64,372,64,0.11238237807992846
smi_ted,SMI-TED-Light,gpu,64,373,64,0.09811015008017421
smi_ted,SMI-TED-Light,gpu,64,374,64,0.09976357105188072
smi_ted,SMI-TED-Light,gpu,64,375,64,0.1324733339715749
smi_ted,SMI-TED-Light,gpu,64,376,64,0.12396559899207205
smi_ted,SMI-TED-Light,gpu,64,377,64,0.10891432489734143
smi_ted,SMI-TED-Light,gpu,64,378,64,0.13193491799756885
smi_ted,SMI-TED-Light,gpu,64,379,64,0.10257577302400023
smi_ted,SMI-TED-Light,gpu,64,380,64,0.13199677190277725
smi_ted,SMI-TED-Light,gpu,64,381,64,0.09776750497985631
smi_ted,SMI-TED-Light,gpu,64,382,64,0.09924976399634033
smi_ted,SMI-TED-Light,gpu,64,383,64,0.12721039389725775
smi_ted,SMI-TED-Light,gpu,64,384,64,0.11762717308010906
smi_ted,SMI-TED-Light,gpu,64,385,64,0.10049708397127688
smi_ted,SMI-TED-Light,gpu,64,386,64,0.12146923004183918
smi_ted,SMI-TED-Light,gpu,64,387,64,0.12180429103318602
smi_ted,SMI-TED-Light,gpu,64,388,64,0.10696862603072077
smi_ted,SMI-TED-Light,gpu,64,389,64,0.11834513500798494
smi_ted,SMI-TED-Light,gpu,64,390,64,0.09936835197731853
smi_ted,SMI-TED-Light,gpu,64,391,64,0.09766808396670967
smi_ted,SMI-TED-Light,gpu,64,392,64,0.09401600703131407
smi_ted,SMI-TED-Light,gpu,64,393,64,0.09847106703091413
smi_ted,SMI-TED-Light,gpu,64,394,64,0.09516880207229406
smi_ted,SMI-TED-Light,gpu,64,395,64,0.10234531597234309
smi_ted,SMI-TED-Light,gpu,64,396,64,0.09883956704288721
smi_ted,SMI-TED-Light,gpu,64,397,64,0.09692702104803175
smi_ted,SMI-TED-Light,gpu,64,398,64,0.12100354698486626
smi_ted,SMI-TED-Light,gpu,64,399,64,0.11959363904315978
smi_ted,SMI-TED-Light,gpu,64,400,64,0.109275242080912
smi_ted,SMI-TED-Light,gpu,64,401,64,0.13328777300193906
smi_ted,SMI-TED-Light,gpu,64,402,64,0.09714826103299856
smi_ted,SMI-TED-Light,gpu,64,403,64,0.09771717095281929
smi_ted,SMI-TED-Light,gpu,64,404,64,0.11558698199223727
smi_ted,SMI-TED-Light,gpu,64,405,64,0.12001823401078582
smi_ted,SMI-TED-Light,gpu,64,406,64,0.11635671695694327
smi_ted,SMI-TED-Light,gpu,64,407,64,0.11304613202810287
smi_ted,SMI-TED-Light,gpu,64,408,64,0.1231587779475376
smi_ted,SMI-TED-Light,gpu,64,409,64,0.11755952704697847
smi_ted,SMI-TED-Light,gpu,64,410,64,0.10204183601308614
smi_ted,SMI-TED-Light,gpu,64,411,64,0.09559218201320618
smi_ted,SMI-TED-Light,gpu,64,412,64,0.11177929094992578
smi_ted,SMI-TED-Light,gpu,64,413,64,0.11189221602398902
smi_ted,SMI-TED-Light,gpu,64,414,64,0.1167972160037607
smi_ted,SMI-TED-Light,gpu,64,415,64,0.10676517593674362
smi_ted,SMI-TED-Light,gpu,64,416,64,0.10873017099220306
smi_ted,SMI-TED-Light,gpu,64,417,64,0.1427322120871395
smi_ted,SMI-TED-Light,gpu,64,418,64,0.1097668120637536
smi_ted,SMI-TED-Light,gpu,64,419,64,0.09466347401030362
smi_ted,SMI-TED-Light,gpu,64,420,64,0.10800446604844183
smi_ted,SMI-TED-Light,gpu,64,421,64,0.10549315297976136
smi_ted,SMI-TED-Light,gpu,64,422,64,0.13415254396386445
smi_ted,SMI-TED-Light,gpu,64,423,64,0.10435821197461337
smi_ted,SMI-TED-Light,gpu,64,424,64,0.12938930199015886
smi_ted,SMI-TED-Light,gpu,64,425,64,0.11955834506079555
smi_ted,SMI-TED-Light,gpu,64,426,64,0.09823085099924356
smi_ted,SMI-TED-Light,gpu,64,427,64,0.09837628598324955
smi_ted,SMI-TED-Light,gpu,64,428,64,0.12632696598302573
smi_ted,SMI-TED-Light,gpu,64,429,64,0.12383638694882393
smi_ted,SMI-TED-Light,gpu,64,430,64,0.09771349106449634
smi_ted,SMI-TED-Light,gpu,64,431,64,0.12401436595246196
smi_ted,SMI-TED-Light,gpu,64,432,64,0.10737309406977147
smi_ted,SMI-TED-Light,gpu,64,433,64,0.1479425139259547
smi_ted,SMI-TED-Light,gpu,64,434,64,0.10609764500986785
smi_ted,SMI-TED-Light,gpu,64,435,64,0.09929782594554126
smi_ted,SMI-TED-Light,gpu,64,436,64,0.1338062200229615
smi_ted,SMI-TED-Light,gpu,64,437,64,0.10501284699421376
smi_ted,SMI-TED-Light,gpu,64,438,64,0.11593077797442675
smi_ted,SMI-TED-Light,gpu,64,439,64,0.11851159401703626
smi_ted,SMI-TED-Light,gpu,64,440,64,0.10159237799234688
smi_ted,SMI-TED-Light,gpu,64,441,64,0.10042265395168215
smi_ted,SMI-TED-Light,gpu,64,442,64,0.11658573406748474
smi_ted,SMI-TED-Light,gpu,64,443,64,0.10178494802676141
smi_ted,SMI-TED-Light,gpu,64,444,64,0.12251642800401896
smi_ted,SMI-TED-Light,gpu,64,445,64,0.11863818089477718
smi_ted,SMI-TED-Light,gpu,64,446,64,0.1207995869917795
smi_ted,SMI-TED-Light,gpu,64,447,64,0.09881105599924922
smi_ted,SMI-TED-Light,gpu,64,448,64,0.09935507201589644
smi_ted,SMI-TED-Light,gpu,64,449,64,0.11677404795773327
smi_ted,SMI-TED-Light,gpu,64,450,64,0.10001674701925367
smi_ted,SMI-TED-Light,gpu,64,451,64,0.09574033704120666
smi_ted,SMI-TED-Light,gpu,64,452,64,0.10860054299701005
smi_ted,SMI-TED-Light,gpu,64,453,64,0.12555239698849618
smi_ted,SMI-TED-Light,gpu,64,454,64,0.09972165198996663
smi_ted,SMI-TED-Light,gpu,64,455,64,0.09751116205006838
smi_ted,SMI-TED-Light,gpu,64,456,64,0.11766643601004034
smi_ted,SMI-TED-Light,gpu,64,457,64,0.11436813801992685
smi_ted,SMI-TED-Light,gpu,64,458,64,0.0997642440488562
smi_ted,SMI-TED-Light,gpu,64,459,64,0.11916472506709397
smi_ted,SMI-TED-Light,gpu,64,460,64,0.12191318301483989
smi_ted,SMI-TED-Light,gpu,64,461,64,0.11400831106584519
smi_ted,SMI-TED-Light,gpu,64,462,64,0.09995588404126465
smi_ted,SMI-TED-Light,gpu,64,463,64,0.11280457198154181
smi_ted,SMI-TED-Light,gpu,64,464,64,0.12419810309074819
smi_ted,SMI-TED-Light,gpu,64,465,64,0.13100637099705637
smi_ted,SMI-TED-Light,gpu,64,466,64,0.12356461805757135
smi_ted,SMI-TED-Light,gpu,64,467,64,0.09956504905130714
smi_ted,SMI-TED-Light,gpu,64,468,64,0.12355831591412425
smi_ted,SMI-TED-Light,gpu,64,469,64,0.11620084894821048
smi_ted,SMI-TED-Light,gpu,64,470,64,0.11886962910648435
smi_ted,SMI-TED-Light,gpu,64,471,64,0.11867936397902668
smi_ted,SMI-TED-Light,gpu,64,472,64,0.09879364899825305
smi_ted,SMI-TED-Light,gpu,64,473,64,0.130505648907274
smi_ted,SMI-TED-Light,gpu,64,474,64,0.09956008894369006
smi_ted,SMI-TED-Light,gpu,64,475,64,0.1003273610258475
smi_ted,SMI-TED-Light,gpu,64,476,64,0.12612114800140262
smi_ted,SMI-TED-Light,gpu,64,477,64,0.12501369300298393
smi_ted,SMI-TED-Light,gpu,64,478,64,0.11772448197007179
smi_ted,SMI-TED-Light,gpu,64,479,64,0.09824659395962954
smi_ted,SMI-TED-Light,gpu,64,480,64,0.10018426203168929
smi_ted,SMI-TED-Light,gpu,64,481,64,0.1389745679916814
smi_ted,SMI-TED-Light,gpu,64,482,64,0.09892231691628695
smi_ted,SMI-TED-Light,gpu,64,483,64,0.09813475806731731
smi_ted,SMI-TED-Light,gpu,64,484,64,0.11840014101471752
smi_ted,SMI-TED-Light,gpu,64,485,64,0.11208612995687872
smi_ted,SMI-TED-Light,gpu,64,486,64,0.10604903707280755
smi_ted,SMI-TED-Light,gpu,64,487,64,0.10907716804649681
smi_ted,SMI-TED-Light,gpu,64,488,64,0.10508372506592423
smi_ted,SMI-TED-Light,gpu,64,489,64,0.14676776505075395
smi_ted,SMI-TED-Light,gpu,64,490,64,0.12548411102034152
smi_ted,SMI-TED-Light,gpu,64,491,64,0.10227030899841338
smi_ted,SMI-TED-Light,gpu,64,492,64,0.1339937320444733
smi_ted,SMI-TED-Light,gpu,64,493,64,0.11892866797279567
smi_ted,SMI-TED-Light,gpu,64,494,64,0.11597307992633432
smi_ted,SMI-TED-Light,gpu,64,495,64,0.09962997504044324
smi_ted,SMI-TED-Light,gpu,64,496,64,0.0912095969542861
smi_ted,SMI-TED-Light,gpu,64,497,64,0.10928256891202182
smi_ted,SMI-TED-Light,gpu,64,498,64,0.09949148294981569
smi_ted,SMI-TED-Light,gpu,64,499,64,0.11321540700737387
smi_ted,SMI-TED-Light,gpu,64,500,64,0.11340202495921403
smi_ted,SMI-TED-Light,gpu,64,501,64,0.09454318997450173
smi_ted,SMI-TED-Light,gpu,64,502,64,0.13637074595317245
smi_ted,SMI-TED-Light,gpu,64,503,64,0.12534456397406757
smi_ted,SMI-TED-Light,gpu,64,504,64,0.10105952993035316
smi_ted,SMI-TED-Light,gpu,64,505,64,0.09486535598989576
smi_ted,SMI-TED-Light,gpu,64,506,64,0.10833978303708136
smi_ted,SMI-TED-Light,gpu,64,507,64,0.10801528196316212
smi_ted,SMI-TED-Light,gpu,64,508,64,0.09501984692178667
smi_ted,SMI-TED-Light,gpu,64,509,64,0.09364955394994467
smi_ted,SMI-TED-Light,gpu,64,510,64,0.13125369104091078
smi_ted,SMI-TED-Light,gpu,64,511,64,0.11660013196524233
smi_ted,SMI-TED-Light,gpu,64,512,64,0.09043250198010355
smi_ted,SMI-TED-Light,gpu,64,513,64,0.11959527095314115
smi_ted,SMI-TED-Light,gpu,64,514,64,0.1128065240336582
smi_ted,SMI-TED-Light,gpu,64,515,64,0.11297906097024679
smi_ted,SMI-TED-Light,gpu,64,516,64,0.11468876898288727
smi_ted,SMI-TED-Light,gpu,64,517,64,0.08880036091431975
smi_ted,SMI-TED-Light,gpu,64,518,64,0.10342502396088094
smi_ted,SMI-TED-Light,gpu,64,519,64,0.11239988007582724
smi_ted,SMI-TED-Light,gpu,64,520,64,0.1314356359653175
smi_ted,SMI-TED-Light,gpu,64,521,64,0.09656581503804773
smi_ted,SMI-TED-Light,gpu,64,522,64,0.12736114102881402
smi_ted,SMI-TED-Light,gpu,64,523,64,0.11239619995467365
smi_ted,SMI-TED-Light,gpu,64,524,64,0.11156153900083154
smi_ted,SMI-TED-Light,gpu,64,525,64,0.09575787093490362
smi_ted,SMI-TED-Light,gpu,64,526,64,0.11367363296449184
smi_ted,SMI-TED-Light,gpu,64,527,64,0.12292825407348573
smi_ted,SMI-TED-Light,gpu,64,528,64,0.10535360407084227
smi_ted,SMI-TED-Light,gpu,64,529,64,0.11190258292481303
smi_ted,SMI-TED-Light,gpu,64,530,64,0.11248755699489266
smi_ted,SMI-TED-Light,gpu,64,531,64,0.10921393206808716
smi_ted,SMI-TED-Light,gpu,64,532,64,0.09244495094753802
smi_ted,SMI-TED-Light,gpu,64,533,64,0.10872239409945905
smi_ted,SMI-TED-Light,gpu,64,534,64,0.0924328239634633
smi_ted,SMI-TED-Light,gpu,64,535,64,0.13142891705501825
smi_ted,SMI-TED-Light,gpu,64,536,64,0.10019319003913552
smi_ted,SMI-TED-Light,gpu,64,537,64,0.10136457707267255
smi_ted,SMI-TED-Light,gpu,64,538,64,0.12779914191924036
smi_ted,SMI-TED-Light,gpu,64,539,64,0.09233381890226156
smi_ted,SMI-TED-Light,gpu,64,540,64,0.13364740798715502
smi_ted,SMI-TED-Light,gpu,64,541,64,0.10762332403101027
smi_ted,SMI-TED-Light,gpu,64,542,64,0.11984479997772723
smi_ted,SMI-TED-Light,gpu,64,543,64,0.11310174607206136
smi_ted,SMI-TED-Light,gpu,64,544,64,0.09363144205417484
smi_ted,SMI-TED-Light,gpu,64,545,64,0.11159971309825778
smi_ted,SMI-TED-Light,gpu,64,546,64,0.11151577800046653
smi_ted,SMI-TED-Light,gpu,64,547,64,0.0912885720608756
smi_ted,SMI-TED-Light,gpu,64,548,64,0.12019720394164324
smi_ted,SMI-TED-Light,gpu,64,549,64,0.09939699003007263
smi_ted,SMI-TED-Light,gpu,64,550,64,0.09147906198631972
smi_ted,SMI-TED-Light,gpu,64,551,64,0.0965997010935098
smi_ted,SMI-TED-Light,gpu,64,552,64,0.10694907500874251
smi_ted,SMI-TED-Light,gpu,64,553,64,0.12589625804685056
smi_ted,SMI-TED-Light,gpu,64,554,64,0.09488052304368466
smi_ted,SMI-TED-Light,gpu,64,555,64,0.13013321394100785
smi_ted,SMI-TED-Light,gpu,64,556,64,0.09746437799185514
smi_ted,SMI-TED-Light,gpu,64,557,64,0.10666194697842002
smi_ted,SMI-TED-Light,gpu,64,558,64,0.11018318100832403
smi_ted,SMI-TED-Light,gpu,64,559,64,0.09186922502703965
smi_ted,SMI-TED-Light,gpu,64,560,64,0.11107515404000878
smi_ted,SMI-TED-Light,gpu,64,561,64,0.10076184407807887
smi_ted,SMI-TED-Light,gpu,64,562,64,0.10075870808213949
smi_ted,SMI-TED-Light,gpu,64,563,64,0.09997869899962097
smi_ted,SMI-TED-Light,gpu,64,564,64,0.10287067294120789
smi_ted,SMI-TED-Light,gpu,64,565,64,0.11214951996225864
smi_ted,SMI-TED-Light,gpu,64,566,64,0.09473815991077572
smi_ted,SMI-TED-Light,gpu,64,567,64,0.1321732789510861
smi_ted,SMI-TED-Light,gpu,64,568,64,0.12378013110719621
smi_ted,SMI-TED-Light,gpu,64,569,64,0.09362910711206496
smi_ted,SMI-TED-Light,gpu,64,570,64,0.09338405902963132
smi_ted,SMI-TED-Light,gpu,64,571,64,0.09290292195510119
smi_ted,SMI-TED-Light,gpu,64,572,64,0.12837557296734303
smi_ted,SMI-TED-Light,gpu,64,573,64,0.10547913599293679
smi_ted,SMI-TED-Light,gpu,64,574,64,0.11362368101254106
smi_ted,SMI-TED-Light,gpu,64,575,64,0.11627236707136035
smi_ted,SMI-TED-Light,gpu,64,576,64,0.11720804998185486
smi_ted,SMI-TED-Light,gpu,64,577,64,0.09812448499724269
smi_ted,SMI-TED-Light,gpu,64,578,64,0.08894800394773483
smi_ted,SMI-TED-Light,gpu,64,579,64,0.09297143097501248
smi_ted,SMI-TED-Light,gpu,64,580,64,0.11886473407503217
smi_ted,SMI-TED-Light,gpu,64,581,64,0.12039707007352263
smi_ted,SMI-TED-Light,gpu,64,582,64,0.09169284696690738
smi_ted,SMI-TED-Light,gpu,64,583,64,0.10453641403000802
smi_ted,SMI-TED-Light,gpu,64,584,64,0.11609873897396028
smi_ted,SMI-TED-Light,gpu,64,585,64,0.11485935503151268
smi_ted,SMI-TED-Light,gpu,64,586,64,0.114424520987086
smi_ted,SMI-TED-Light,gpu,64,587,64,0.11782146897166967
smi_ted,SMI-TED-Light,gpu,64,588,64,0.10773170599713922
smi_ted,SMI-TED-Light,gpu,64,589,64,0.1101599499816075
smi_ted,SMI-TED-Light,gpu,64,590,64,0.11703093501273543
smi_ted,SMI-TED-Light,gpu,64,591,64,0.11333290603943169
smi_ted,SMI-TED-Light,gpu,64,592,64,0.09561765205580741
smi_ted,SMI-TED-Light,gpu,64,593,64,0.10467324103228748
smi_ted,SMI-TED-Light,gpu,64,594,64,0.11716123600490391
smi_ted,SMI-TED-Light,gpu,64,595,64,0.11187138396780938
smi_ted,SMI-TED-Light,gpu,64,596,64,0.09249205398373306
smi_ted,SMI-TED-Light,gpu,64,597,64,0.10985285404603928
smi_ted,SMI-TED-Light,gpu,64,598,64,0.11607963708229363
smi_ted,SMI-TED-Light,gpu,64,599,64,0.1144782470073551
smi_ted,SMI-TED-Light,gpu,64,600,64,0.1105890569742769
smi_ted,SMI-TED-Light,gpu,64,601,64,0.11203688196837902
smi_ted,SMI-TED-Light,gpu,64,602,64,0.1074990089982748
smi_ted,SMI-TED-Light,gpu,64,603,64,0.1210498180007562
smi_ted,SMI-TED-Light,gpu,64,604,64,0.14271147595718503
smi_ted,SMI-TED-Light,gpu,64,605,64,0.1012917150510475
smi_ted,SMI-TED-Light,gpu,64,606,64,0.12335473799612373
smi_ted,SMI-TED-Light,gpu,64,607,64,0.11640186596196145
smi_ted,SMI-TED-Light,gpu,64,608,64,0.10722141794394702
smi_ted,SMI-TED-Light,gpu,64,609,64,0.11219748703297228
smi_ted,SMI-TED-Light,gpu,64,610,64,0.09115958295296878
smi_ted,SMI-TED-Light,gpu,64,611,64,0.12344731099437922
smi_ted,SMI-TED-Light,gpu,64,612,64,0.11491080792620778
smi_ted,SMI-TED-Light,gpu,64,613,64,0.10456687700934708
smi_ted,SMI-TED-Light,gpu,64,614,64,0.09786967805121094
smi_ted,SMI-TED-Light,gpu,64,615,64,0.09551579901017249
smi_ted,SMI-TED-Light,gpu,64,616,64,0.11238346504978836
smi_ted,SMI-TED-Light,gpu,64,617,64,0.11657725204713643
smi_ted,SMI-TED-Light,gpu,64,618,64,0.12551259098108858
smi_ted,SMI-TED-Light,gpu,64,619,64,0.11354938091244549
smi_ted,SMI-TED-Light,gpu,64,620,64,0.1193580289836973
smi_ted,SMI-TED-Light,gpu,64,621,64,0.10325248597655445
smi_ted,SMI-TED-Light,gpu,64,622,64,0.10219027905259281
smi_ted,SMI-TED-Light,gpu,64,623,64,0.1291628439212218
smi_ted,SMI-TED-Light,gpu,64,624,64,0.11059055896475911
smi_ted,SMI-TED-Light,gpu,64,625,64,0.09400861500762403
smi_ted,SMI-TED-Light,gpu,64,626,64,0.09717411501333117
smi_ted,SMI-TED-Light,gpu,64,627,64,0.11295887094456702
smi_ted,SMI-TED-Light,gpu,64,628,64,0.09669339400716126
smi_ted,SMI-TED-Light,gpu,64,629,64,0.09287156199570745
smi_ted,SMI-TED-Light,gpu,64,630,64,0.09187527396716177
smi_ted,SMI-TED-Light,gpu,64,631,64,0.13040616502985358
smi_ted,SMI-TED-Light,gpu,64,632,64,0.09484666807111353
smi_ted,SMI-TED-Light,gpu,64,633,64,0.10487013100646436
smi_ted,SMI-TED-Light,gpu,64,634,64,0.12289401702582836
smi_ted,SMI-TED-Light,gpu,64,635,64,0.11732155096251518
smi_ted,SMI-TED-Light,gpu,64,636,64,0.11048902699258178
smi_ted,SMI-TED-Light,gpu,64,637,64,0.09196950995828956
smi_ted,SMI-TED-Light,gpu,64,638,64,0.09180561196990311
smi_ted,SMI-TED-Light,gpu,64,639,64,0.09177687601186335
smi_ted,SMI-TED-Light,gpu,64,640,64,0.09227734000887722
smi_ted,SMI-TED-Light,gpu,64,641,64,0.09269902401138097
smi_ted,SMI-TED-Light,gpu,64,642,64,0.09294845501426607
smi_ted,SMI-TED-Light,gpu,64,643,64,0.11223118205089122
smi_ted,SMI-TED-Light,gpu,64,644,64,0.09237218601629138
smi_ted,SMI-TED-Light,gpu,64,645,64,0.12317528598941863
smi_ted,SMI-TED-Light,gpu,64,646,64,0.11041558999568224
smi_ted,SMI-TED-Light,gpu,64,647,64,0.11262342508416623
smi_ted,SMI-TED-Light,gpu,64,648,64,0.1175784069346264
smi_ted,SMI-TED-Light,gpu,64,649,64,0.12036801397334784
smi_ted,SMI-TED-Light,gpu,64,650,64,0.0931009950581938
smi_ted,SMI-TED-Light,gpu,64,651,64,0.10636666102800518
smi_ted,SMI-TED-Light,gpu,64,652,64,0.11122993193566799
smi_ted,SMI-TED-Light,gpu,64,653,64,0.10843270795885473
smi_ted,SMI-TED-Light,gpu,64,654,64,0.10484763502608985
smi_ted,SMI-TED-Light,gpu,64,655,64,0.10439293005038053
smi_ted,SMI-TED-Light,gpu,64,656,64,0.0927768450928852
smi_ted,SMI-TED-Light,gpu,64,657,64,0.10953868890646845
smi_ted,SMI-TED-Light,gpu,64,658,64,0.11397247097920626
smi_ted,SMI-TED-Light,gpu,64,659,64,0.10177995602134615
smi_ted,SMI-TED-Light,gpu,64,660,64,0.11074236291460693
smi_ted,SMI-TED-Light,gpu,64,661,64,0.10379986092448235
smi_ted,SMI-TED-Light,gpu,64,662,64,0.12420152698177844
smi_ted,SMI-TED-Light,gpu,64,663,64,0.11406882002484053
smi_ted,SMI-TED-Light,gpu,64,664,64,0.10176792298443615
smi_ted,SMI-TED-Light,gpu,64,665,64,0.09111369692254812
smi_ted,SMI-TED-Light,gpu,64,666,64,0.09338546602521092
smi_ted,SMI-TED-Light,gpu,64,667,64,0.11165119905490428
smi_ted,SMI-TED-Light,gpu,64,668,64,0.09382513200398535
smi_ted,SMI-TED-Light,gpu,64,669,64,0.10878693696577102
smi_ted,SMI-TED-Light,gpu,64,670,64,0.12070384400431067
smi_ted,SMI-TED-Light,gpu,64,671,64,0.11860493407584727
smi_ted,SMI-TED-Light,gpu,64,672,64,0.12020731600932777
smi_ted,SMI-TED-Light,gpu,64,673,64,0.11706846999004483
smi_ted,SMI-TED-Light,gpu,64,674,64,0.09425446193199605
smi_ted,SMI-TED-Light,gpu,64,675,64,0.11259318597149104
smi_ted,SMI-TED-Light,gpu,64,676,64,0.10530304594431072
smi_ted,SMI-TED-Light,gpu,64,677,64,0.09639650897588581
smi_ted,SMI-TED-Light,gpu,64,678,64,0.09352811798453331
smi_ted,SMI-TED-Light,gpu,64,679,64,0.09504874190315604
smi_ted,SMI-TED-Light,gpu,64,680,64,0.11397995695006102
smi_ted,SMI-TED-Light,gpu,64,681,64,0.10801432095468044
smi_ted,SMI-TED-Light,gpu,64,682,64,0.12266861507669091
smi_ted,SMI-TED-Light,gpu,64,683,64,0.12835282098967582
smi_ted,SMI-TED-Light,gpu,64,684,64,0.11487029900308698
smi_ted,SMI-TED-Light,gpu,64,685,64,0.1116348160430789
smi_ted,SMI-TED-Light,gpu,64,686,64,0.12239348806906492
smi_ted,SMI-TED-Light,gpu,64,687,64,0.1218857909552753
smi_ted,SMI-TED-Light,gpu,64,688,64,0.1134980219649151
smi_ted,SMI-TED-Light,gpu,64,689,64,0.11378217302262783
smi_ted,SMI-TED-Light,gpu,64,690,64,0.09425491094589233
smi_ted,SMI-TED-Light,gpu,64,691,64,0.12387171294540167
smi_ted,SMI-TED-Light,gpu,64,692,64,0.11360861000139266
smi_ted,SMI-TED-Light,gpu,64,693,64,0.0936867679702118
smi_ted,SMI-TED-Light,gpu,64,694,64,0.11169676599092782
smi_ted,SMI-TED-Light,gpu,64,695,64,0.10360681102611125
smi_ted,SMI-TED-Light,gpu,64,696,64,0.11097637098282576
smi_ted,SMI-TED-Light,gpu,64,697,64,0.10448028799146414
smi_ted,SMI-TED-Light,gpu,64,698,64,0.10689121996983886
smi_ted,SMI-TED-Light,gpu,64,699,64,0.13089437293820083
smi_ted,SMI-TED-Light,gpu,64,700,64,0.092332027037628
smi_ted,SMI-TED-Light,gpu,64,701,64,0.11487077898345888
smi_ted,SMI-TED-Light,gpu,64,702,64,0.0974140769103542
smi_ted,SMI-TED-Light,gpu,64,703,64,0.10779659997206181
smi_ted,SMI-TED-Light,gpu,64,704,64,0.12302159599494189
smi_ted,SMI-TED-Light,gpu,64,705,64,0.12026705907192081
smi_ted,SMI-TED-Light,gpu,64,706,64,0.11326110106892884
smi_ted,SMI-TED-Light,gpu,64,707,64,0.09510333195794374
smi_ted,SMI-TED-Light,gpu,64,708,64,0.09499930299352854
smi_ted,SMI-TED-Light,gpu,64,709,64,0.11691311397589743
smi_ted,SMI-TED-Light,gpu,64,710,64,0.10667362704407424
smi_ted,SMI-TED-Light,gpu,64,711,64,0.09387914696708322
smi_ted,SMI-TED-Light,gpu,64,712,64,0.09885719907470047
smi_ted,SMI-TED-Light,gpu,64,713,64,0.10968687594868243
smi_ted,SMI-TED-Light,gpu,64,714,64,0.12942648399621248
smi_ted,SMI-TED-Light,gpu,64,715,64,0.09552962298039347
smi_ted,SMI-TED-Light,gpu,64,716,64,0.11358000303152949
smi_ted,SMI-TED-Light,gpu,64,717,64,0.11966384598053992
smi_ted,SMI-TED-Light,gpu,64,718,64,0.10576517495792359
smi_ted,SMI-TED-Light,gpu,64,719,64,0.1306349899386987
smi_ted,SMI-TED-Light,gpu,64,720,64,0.09479969402309507
smi_ted,SMI-TED-Light,gpu,64,721,64,0.11451162199955434
smi_ted,SMI-TED-Light,gpu,64,722,64,0.11757910903543234
smi_ted,SMI-TED-Light,gpu,64,723,64,0.10847705800551921
smi_ted,SMI-TED-Light,gpu,64,724,64,0.1435622030403465
smi_ted,SMI-TED-Light,gpu,64,725,64,0.1232176210032776
smi_ted,SMI-TED-Light,gpu,64,726,64,0.09651797590777278
smi_ted,SMI-TED-Light,gpu,64,727,64,0.11308577901218086
smi_ted,SMI-TED-Light,gpu,64,728,64,0.12169117399025708
smi_ted,SMI-TED-Light,gpu,64,729,64,0.11832977400626987
smi_ted,SMI-TED-Light,gpu,64,730,64,0.09628771094139665
smi_ted,SMI-TED-Light,gpu,64,731,64,0.1340797150041908
smi_ted,SMI-TED-Light,gpu,64,732,64,0.10355541994795203
smi_ted,SMI-TED-Light,gpu,64,733,64,0.10728602309245616
smi_ted,SMI-TED-Light,gpu,64,734,64,0.1312514829915017
smi_ted,SMI-TED-Light,gpu,64,735,64,0.0955519899725914
smi_ted,SMI-TED-Light,gpu,64,736,64,0.11471823998726904
smi_ted,SMI-TED-Light,gpu,64,737,64,0.1304168839706108
smi_ted,SMI-TED-Light,gpu,64,738,64,0.13506845105439425
smi_ted,SMI-TED-Light,gpu,64,739,64,0.09423251100815833
smi_ted,SMI-TED-Light,gpu,64,740,64,0.09782382298726588
smi_ted,SMI-TED-Light,gpu,64,741,64,0.11532986897509545
smi_ted,SMI-TED-Light,gpu,64,742,64,0.10910804697778076
smi_ted,SMI-TED-Light,gpu,64,743,64,0.10284021007828414
smi_ted,SMI-TED-Light,gpu,64,744,64,0.113864985993132
smi_ted,SMI-TED-Light,gpu,64,745,64,0.09862184606026858
smi_ted,SMI-TED-Light,gpu,64,746,64,0.13587284297682345
smi_ted,SMI-TED-Light,gpu,64,747,64,0.11228244402445853
smi_ted,SMI-TED-Light,gpu,64,748,64,0.11963030893821269
smi_ted,SMI-TED-Light,gpu,64,749,64,0.1307690660469234
smi_ted,SMI-TED-Light,gpu,64,750,64,0.10156098695006222
smi_ted,SMI-TED-Light,gpu,64,751,64,0.10021251696161926
smi_ted,SMI-TED-Light,gpu,64,752,64,0.11541575298178941
smi_ted,SMI-TED-Light,gpu,64,753,64,0.12232990597840399
smi_ted,SMI-TED-Light,gpu,64,754,64,0.10604891006369144
smi_ted,SMI-TED-Light,gpu,64,755,64,0.09669560298789293
smi_ted,SMI-TED-Light,gpu,64,756,64,0.09787447808776051
smi_ted,SMI-TED-Light,gpu,64,757,64,0.11484204302541912
smi_ted,SMI-TED-Light,gpu,64,758,64,0.0983703340170905
smi_ted,SMI-TED-Light,gpu,64,759,64,0.12194633402395993
smi_ted,SMI-TED-Light,gpu,64,760,64,0.13255054608453065
smi_ted,SMI-TED-Light,gpu,64,761,64,0.12587270804215223
smi_ted,SMI-TED-Light,gpu,64,762,64,0.11219959892332554
smi_ted,SMI-TED-Light,gpu,64,763,64,0.1317762330872938
smi_ted,SMI-TED-Light,gpu,64,764,64,0.0978353749960661
smi_ted,SMI-TED-Light,gpu,64,765,64,0.13503923709504306
smi_ted,SMI-TED-Light,gpu,64,766,64,0.11496427899692208
smi_ted,SMI-TED-Light,gpu,64,767,64,0.1011460549198091
smi_ted,SMI-TED-Light,gpu,64,768,64,0.09620486595667899
smi_ted,SMI-TED-Light,gpu,64,769,64,0.09814061399083585
smi_ted,SMI-TED-Light,gpu,64,770,64,0.1290999660268426
smi_ted,SMI-TED-Light,gpu,64,771,64,0.09482871706131846
smi_ted,SMI-TED-Light,gpu,64,772,64,0.09366596897598356
smi_ted,SMI-TED-Light,gpu,64,773,64,0.11330337100662291
smi_ted,SMI-TED-Light,gpu,64,774,64,0.10788763803429902
smi_ted,SMI-TED-Light,gpu,64,775,64,0.0925900989677757
smi_ted,SMI-TED-Light,gpu,64,776,64,0.09278135700151324
smi_ted,SMI-TED-Light,gpu,64,777,64,0.11453510902356356
smi_ted,SMI-TED-Light,gpu,64,778,52,0.1476313549792394
smi_ted,SMI-TED-Light,gpu,128,0,128,0.12250474700704217
smi_ted,SMI-TED-Light,gpu,128,1,128,0.13410851394291967
smi_ted,SMI-TED-Light,gpu,128,2,128,0.1452473010867834
smi_ted,SMI-TED-Light,gpu,128,3,128,0.12154308194294572
smi_ted,SMI-TED-Light,gpu,128,4,128,0.12680854892823845
smi_ted,SMI-TED-Light,gpu,128,5,128,0.13775064004585147
smi_ted,SMI-TED-Light,gpu,128,6,128,0.11771939403843135
smi_ted,SMI-TED-Light,gpu,128,7,128,0.14223782706540078
smi_ted,SMI-TED-Light,gpu,128,8,128,0.13098070700652897
smi_ted,SMI-TED-Light,gpu,128,9,128,0.11906111100688577
smi_ted,SMI-TED-Light,gpu,128,10,128,0.1371947539737448
smi_ted,SMI-TED-Light,gpu,128,11,128,0.1350344680249691
smi_ted,SMI-TED-Light,gpu,128,12,128,0.11692149902228266
smi_ted,SMI-TED-Light,gpu,128,13,128,0.1350210930686444
smi_ted,SMI-TED-Light,gpu,128,14,128,0.15484655392356217
smi_ted,SMI-TED-Light,gpu,128,15,128,0.12188595195766538
smi_ted,SMI-TED-Light,gpu,128,16,128,0.11966826196294278
smi_ted,SMI-TED-Light,gpu,128,17,128,0.11691055493429303
smi_ted,SMI-TED-Light,gpu,128,18,128,0.11631348507944494
smi_ted,SMI-TED-Light,gpu,128,19,128,0.11765155592001975
smi_ted,SMI-TED-Light,gpu,128,20,128,0.11662291607353836
smi_ted,SMI-TED-Light,gpu,128,21,128,0.13358468899969012
smi_ted,SMI-TED-Light,gpu,128,22,128,0.11670537805184722
smi_ted,SMI-TED-Light,gpu,128,23,128,0.13479092298075557
smi_ted,SMI-TED-Light,gpu,128,24,128,0.15122298791538924
smi_ted,SMI-TED-Light,gpu,128,25,128,0.13860190799459815
smi_ted,SMI-TED-Light,gpu,128,26,128,0.13398109399713576
smi_ted,SMI-TED-Light,gpu,128,27,128,0.13503779598977417
smi_ted,SMI-TED-Light,gpu,128,28,128,0.15351952193304896
smi_ted,SMI-TED-Light,gpu,128,29,128,0.1163410689914599
smi_ted,SMI-TED-Light,gpu,128,30,128,0.11902165703941137
smi_ted,SMI-TED-Light,gpu,128,31,128,0.13471348595339805
smi_ted,SMI-TED-Light,gpu,128,32,128,0.1337665730388835
smi_ted,SMI-TED-Light,gpu,128,33,128,0.13196915504522622
smi_ted,SMI-TED-Light,gpu,128,34,128,0.1247788859764114
smi_ted,SMI-TED-Light,gpu,128,35,128,0.13673425500746816
smi_ted,SMI-TED-Light,gpu,128,36,128,0.15310126496478915
smi_ted,SMI-TED-Light,gpu,128,37,128,0.13209491199813783
smi_ted,SMI-TED-Light,gpu,128,38,128,0.11650016799103469
smi_ted,SMI-TED-Light,gpu,128,39,128,0.13403683493379503
smi_ted,SMI-TED-Light,gpu,128,40,128,0.13595034391619265
smi_ted,SMI-TED-Light,gpu,128,41,128,0.11919102794490755
smi_ted,SMI-TED-Light,gpu,128,42,128,0.13638024998363107
smi_ted,SMI-TED-Light,gpu,128,43,128,0.13549803802743554
smi_ted,SMI-TED-Light,gpu,128,44,128,0.12933787796646357
smi_ted,SMI-TED-Light,gpu,128,45,128,0.1373284769942984
smi_ted,SMI-TED-Light,gpu,128,46,128,0.11961136595346034
smi_ted,SMI-TED-Light,gpu,128,47,128,0.13699559203814715
smi_ted,SMI-TED-Light,gpu,128,48,128,0.1188881560228765
smi_ted,SMI-TED-Light,gpu,128,49,128,0.11438135406933725
smi_ted,SMI-TED-Light,gpu,128,50,128,0.14911498792935163
smi_ted,SMI-TED-Light,gpu,128,51,128,0.13057767995633185
smi_ted,SMI-TED-Light,gpu,128,52,128,0.11207435501273721
smi_ted,SMI-TED-Light,gpu,128,53,128,0.11468636710196733
smi_ted,SMI-TED-Light,gpu,128,54,128,0.13199785992037505
smi_ted,SMI-TED-Light,gpu,128,55,128,0.11949066596571356
smi_ted,SMI-TED-Light,gpu,128,56,128,0.13614576205145568
smi_ted,SMI-TED-Light,gpu,128,57,128,0.12992678896989673
smi_ted,SMI-TED-Light,gpu,128,58,128,0.11362406506668776
smi_ted,SMI-TED-Light,gpu,128,59,128,0.11647811997681856
smi_ted,SMI-TED-Light,gpu,128,60,128,0.11313489708118141
smi_ted,SMI-TED-Light,gpu,128,61,128,0.11176495591644198
smi_ted,SMI-TED-Light,gpu,128,62,128,0.11343648692127317
smi_ted,SMI-TED-Light,gpu,128,63,128,0.13343739893753082
smi_ted,SMI-TED-Light,gpu,128,64,128,0.1291780109750107
smi_ted,SMI-TED-Light,gpu,128,65,128,0.1323710010619834
smi_ted,SMI-TED-Light,gpu,128,66,128,0.1521727490471676
smi_ted,SMI-TED-Light,gpu,128,67,128,0.11183186597190797
smi_ted,SMI-TED-Light,gpu,128,68,128,0.11420347192324698
smi_ted,SMI-TED-Light,gpu,128,69,128,0.11349082097876817
smi_ted,SMI-TED-Light,gpu,128,70,128,0.1126119380351156
smi_ted,SMI-TED-Light,gpu,128,71,128,0.11434254003688693
smi_ted,SMI-TED-Light,gpu,128,72,128,0.17223577003460377
smi_ted,SMI-TED-Light,gpu,128,73,128,0.10484472394455224
smi_ted,SMI-TED-Light,gpu,128,74,128,0.15036173292901367
smi_ted,SMI-TED-Light,gpu,128,75,128,0.12830143107566983
smi_ted,SMI-TED-Light,gpu,128,76,128,0.14134569489397109
smi_ted,SMI-TED-Light,gpu,128,77,128,0.14457480993587524
smi_ted,SMI-TED-Light,gpu,128,78,128,0.13407417898997664
smi_ted,SMI-TED-Light,gpu,128,79,128,0.11800556094385684
smi_ted,SMI-TED-Light,gpu,128,80,128,0.11623403104022145
smi_ted,SMI-TED-Light,gpu,128,81,128,0.153108975966461
smi_ted,SMI-TED-Light,gpu,128,82,128,0.1112157559255138
smi_ted,SMI-TED-Light,gpu,128,83,128,0.14522301498800516
smi_ted,SMI-TED-Light,gpu,128,84,128,0.15391173399984837
smi_ted,SMI-TED-Light,gpu,128,85,128,0.11783708597067744
smi_ted,SMI-TED-Light,gpu,128,86,128,0.11540199303999543
smi_ted,SMI-TED-Light,gpu,128,87,128,0.11323486198671162
smi_ted,SMI-TED-Light,gpu,128,88,128,0.11561798804905266
smi_ted,SMI-TED-Light,gpu,128,89,128,0.11434711504261941
smi_ted,SMI-TED-Light,gpu,128,90,128,0.11870086600538343
smi_ted,SMI-TED-Light,gpu,128,91,128,0.13525014196056873
smi_ted,SMI-TED-Light,gpu,128,92,128,0.11630481400061399
smi_ted,SMI-TED-Light,gpu,128,93,128,0.13570407906081527
smi_ted,SMI-TED-Light,gpu,128,94,128,0.10925357905216515
smi_ted,SMI-TED-Light,gpu,128,95,128,0.11261776206083596
smi_ted,SMI-TED-Light,gpu,128,96,128,0.1349036890314892
smi_ted,SMI-TED-Light,gpu,128,97,128,0.14649433409795165
smi_ted,SMI-TED-Light,gpu,128,98,128,0.12741681898478419
smi_ted,SMI-TED-Light,gpu,128,99,128,0.13612064195331186
smi_ted,SMI-TED-Light,gpu,128,100,128,0.1337029910646379
smi_ted,SMI-TED-Light,gpu,128,101,128,0.12010171904694289
smi_ted,SMI-TED-Light,gpu,128,102,128,0.12720271293073893
smi_ted,SMI-TED-Light,gpu,128,103,128,0.11189240810927004
smi_ted,SMI-TED-Light,gpu,128,104,128,0.11123918101657182
smi_ted,SMI-TED-Light,gpu,128,105,128,0.11008139094337821
smi_ted,SMI-TED-Light,gpu,128,106,128,0.11233530601020902
smi_ted,SMI-TED-Light,gpu,128,107,128,0.11453222902491689
smi_ted,SMI-TED-Light,gpu,128,108,128,0.13088253396563232
smi_ted,SMI-TED-Light,gpu,128,109,128,0.12620764097664505
smi_ted,SMI-TED-Light,gpu,128,110,128,0.13012054294813424
smi_ted,SMI-TED-Light,gpu,128,111,128,0.1164897030685097
smi_ted,SMI-TED-Light,gpu,128,112,128,0.14428819599561393
smi_ted,SMI-TED-Light,gpu,128,113,128,0.13271143601741642
smi_ted,SMI-TED-Light,gpu,128,114,128,0.10907067207153887
smi_ted,SMI-TED-Light,gpu,128,115,128,0.1281965379603207
smi_ted,SMI-TED-Light,gpu,128,116,128,0.14642380899749696
smi_ted,SMI-TED-Light,gpu,128,117,128,0.1097822340670973
smi_ted,SMI-TED-Light,gpu,128,118,128,0.11199064401444048
smi_ted,SMI-TED-Light,gpu,128,119,128,0.10907153692096472
smi_ted,SMI-TED-Light,gpu,128,120,128,0.10985922394320369
smi_ted,SMI-TED-Light,gpu,128,121,128,0.10781487100757658
smi_ted,SMI-TED-Light,gpu,128,122,128,0.11605358903761953
smi_ted,SMI-TED-Light,gpu,128,123,128,0.1254834389546886
smi_ted,SMI-TED-Light,gpu,128,124,128,0.13209004898089916
smi_ted,SMI-TED-Light,gpu,128,125,128,0.13020930695347488
smi_ted,SMI-TED-Light,gpu,128,126,128,0.11056675296276808
smi_ted,SMI-TED-Light,gpu,128,127,128,0.11060403205920011
smi_ted,SMI-TED-Light,gpu,128,128,128,0.11054534499999136
smi_ted,SMI-TED-Light,gpu,128,129,128,0.10927194496616721
smi_ted,SMI-TED-Light,gpu,128,130,128,0.11080962605774403
smi_ted,SMI-TED-Light,gpu,128,131,128,0.11861530202440917
smi_ted,SMI-TED-Light,gpu,128,132,128,0.12361860007513314
smi_ted,SMI-TED-Light,gpu,128,133,128,0.11155065905768424
smi_ted,SMI-TED-Light,gpu,128,134,128,0.11491980100981891
smi_ted,SMI-TED-Light,gpu,128,135,128,0.15180421597324312
smi_ted,SMI-TED-Light,gpu,128,136,128,0.1286271809367463
smi_ted,SMI-TED-Light,gpu,128,137,128,0.12832667806651443
smi_ted,SMI-TED-Light,gpu,128,138,128,0.10934067901689559
smi_ted,SMI-TED-Light,gpu,128,139,128,0.1112009099451825
smi_ted,SMI-TED-Light,gpu,128,140,128,0.13027804007288069
smi_ted,SMI-TED-Light,gpu,128,141,128,0.11853444098960608
smi_ted,SMI-TED-Light,gpu,128,142,128,0.13990174001082778
smi_ted,SMI-TED-Light,gpu,128,143,128,0.14570626395288855
smi_ted,SMI-TED-Light,gpu,128,144,128,0.14499124488793314
smi_ted,SMI-TED-Light,gpu,128,145,128,0.11525735899340361
smi_ted,SMI-TED-Light,gpu,128,146,128,0.12309653696138412
smi_ted,SMI-TED-Light,gpu,128,147,128,0.12749982392415404
smi_ted,SMI-TED-Light,gpu,128,148,128,0.10595726501196623
smi_ted,SMI-TED-Light,gpu,128,149,128,0.10855260794050992
smi_ted,SMI-TED-Light,gpu,128,150,128,0.11147219594568014
smi_ted,SMI-TED-Light,gpu,128,151,128,0.10934867896139622
smi_ted,SMI-TED-Light,gpu,128,152,128,0.11358067498076707
smi_ted,SMI-TED-Light,gpu,128,153,128,0.11828273697756231
smi_ted,SMI-TED-Light,gpu,128,154,128,0.12009659910108894
smi_ted,SMI-TED-Light,gpu,128,155,128,0.15196373197250068
smi_ted,SMI-TED-Light,gpu,128,156,128,0.13126937008928508
smi_ted,SMI-TED-Light,gpu,128,157,128,0.12438491301145405
smi_ted,SMI-TED-Light,gpu,128,158,128,0.13062612595967948
smi_ted,SMI-TED-Light,gpu,128,159,128,0.13036619895137846
smi_ted,SMI-TED-Light,gpu,128,160,128,0.11681599798612297
smi_ted,SMI-TED-Light,gpu,128,161,128,0.14015210000798106
smi_ted,SMI-TED-Light,gpu,128,162,128,0.1182484010932967
smi_ted,SMI-TED-Light,gpu,128,163,128,0.12510223395656794
smi_ted,SMI-TED-Light,gpu,128,164,128,0.11482697201427072
smi_ted,SMI-TED-Light,gpu,128,165,128,0.14717066497541964
smi_ted,SMI-TED-Light,gpu,128,166,128,0.14545987208839506
smi_ted,SMI-TED-Light,gpu,128,167,128,0.12719224800821394
smi_ted,SMI-TED-Light,gpu,128,168,128,0.11041527008637786
smi_ted,SMI-TED-Light,gpu,128,169,128,0.1083458629436791
smi_ted,SMI-TED-Light,gpu,128,170,128,0.10891390906181186
smi_ted,SMI-TED-Light,gpu,128,171,128,0.11126445804256946
smi_ted,SMI-TED-Light,gpu,128,172,128,0.1101843329379335
smi_ted,SMI-TED-Light,gpu,128,173,128,0.11234836198855191
smi_ted,SMI-TED-Light,gpu,128,174,128,0.11261465703137219
smi_ted,SMI-TED-Light,gpu,128,175,128,0.1389604260912165
smi_ted,SMI-TED-Light,gpu,128,176,128,0.1500580629799515
smi_ted,SMI-TED-Light,gpu,128,177,128,0.1247541499324143
smi_ted,SMI-TED-Light,gpu,128,178,128,0.11719825805630535
smi_ted,SMI-TED-Light,gpu,128,179,128,0.13154705706983805
smi_ted,SMI-TED-Light,gpu,128,180,128,0.11432718008290976
smi_ted,SMI-TED-Light,gpu,128,181,128,0.11799240903928876
smi_ted,SMI-TED-Light,gpu,128,182,128,0.11794255406130105
smi_ted,SMI-TED-Light,gpu,128,183,128,0.11757184599991888
smi_ted,SMI-TED-Light,gpu,128,184,128,0.11555808607954532
smi_ted,SMI-TED-Light,gpu,128,185,128,0.13957803801167756
smi_ted,SMI-TED-Light,gpu,128,186,128,0.12649940804112703
smi_ted,SMI-TED-Light,gpu,128,187,128,0.13632994797080755
smi_ted,SMI-TED-Light,gpu,128,188,128,0.15488965704571456
smi_ted,SMI-TED-Light,gpu,128,189,128,0.11177077994216233
smi_ted,SMI-TED-Light,gpu,128,190,128,0.11350298102479428
smi_ted,SMI-TED-Light,gpu,128,191,128,0.1166150129865855
smi_ted,SMI-TED-Light,gpu,128,192,128,0.11638490599580109
smi_ted,SMI-TED-Light,gpu,128,193,128,0.11848871398251504
smi_ted,SMI-TED-Light,gpu,128,194,128,0.14397553296294063
smi_ted,SMI-TED-Light,gpu,128,195,128,0.15462915203534067
smi_ted,SMI-TED-Light,gpu,128,196,128,0.12222104507964104
smi_ted,SMI-TED-Light,gpu,128,197,128,0.12457821995485574
smi_ted,SMI-TED-Light,gpu,128,198,128,0.11559811607003212
smi_ted,SMI-TED-Light,gpu,128,199,128,0.11709176399745047
smi_ted,SMI-TED-Light,gpu,128,200,128,0.11507822899147868
smi_ted,SMI-TED-Light,gpu,128,201,128,0.11915320507250726
smi_ted,SMI-TED-Light,gpu,128,202,128,0.116474824026227
smi_ted,SMI-TED-Light,gpu,128,203,128,0.11607218091376126
smi_ted,SMI-TED-Light,gpu,128,204,128,0.13727171102073044
smi_ted,SMI-TED-Light,gpu,128,205,128,0.13530073105357587
smi_ted,SMI-TED-Light,gpu,128,206,128,0.13145006902050227
smi_ted,SMI-TED-Light,gpu,128,207,128,0.11677123105619103
smi_ted,SMI-TED-Light,gpu,128,208,128,0.15270057402085513
smi_ted,SMI-TED-Light,gpu,128,209,128,0.11529911600518972
smi_ted,SMI-TED-Light,gpu,128,210,128,0.11422420700546354
smi_ted,SMI-TED-Light,gpu,128,211,128,0.1162365599302575
smi_ted,SMI-TED-Light,gpu,128,212,128,0.11414888105355203
smi_ted,SMI-TED-Light,gpu,128,213,128,0.11572979192715138
smi_ted,SMI-TED-Light,gpu,128,214,128,0.13803223194554448
smi_ted,SMI-TED-Light,gpu,128,215,128,0.1474644789705053
smi_ted,SMI-TED-Light,gpu,128,216,128,0.1275987980188802
smi_ted,SMI-TED-Light,gpu,128,217,128,0.1387509269407019
smi_ted,SMI-TED-Light,gpu,128,218,128,0.11588738800492138
smi_ted,SMI-TED-Light,gpu,128,219,128,0.11928500898648053
smi_ted,SMI-TED-Light,gpu,128,220,128,0.13455256295856088
smi_ted,SMI-TED-Light,gpu,128,221,128,0.14294823701493442
smi_ted,SMI-TED-Light,gpu,128,222,128,0.11309608200099319
smi_ted,SMI-TED-Light,gpu,128,223,128,0.1220541390357539
smi_ted,SMI-TED-Light,gpu,128,224,128,0.14183934300672263
smi_ted,SMI-TED-Light,gpu,128,225,128,0.1426768220262602
smi_ted,SMI-TED-Light,gpu,128,226,128,0.11582450801506639
smi_ted,SMI-TED-Light,gpu,128,227,128,0.11539127491414547
smi_ted,SMI-TED-Light,gpu,128,228,128,0.1508821970783174
smi_ted,SMI-TED-Light,gpu,128,229,128,0.11353034107014537
smi_ted,SMI-TED-Light,gpu,128,230,128,0.1165643900167197
smi_ted,SMI-TED-Light,gpu,128,231,128,0.15580431499984115
smi_ted,SMI-TED-Light,gpu,128,232,128,0.1595826930133626
smi_ted,SMI-TED-Light,gpu,128,233,128,0.15101339400280267
smi_ted,SMI-TED-Light,gpu,128,234,128,0.1490907920524478
smi_ted,SMI-TED-Light,gpu,128,235,128,0.13353716710116714
smi_ted,SMI-TED-Light,gpu,128,236,128,0.11639418394770473
smi_ted,SMI-TED-Light,gpu,128,237,128,0.14893767703324556
smi_ted,SMI-TED-Light,gpu,128,238,128,0.1321322820149362
smi_ted,SMI-TED-Light,gpu,128,239,128,0.11382351105567068
smi_ted,SMI-TED-Light,gpu,128,240,128,0.13395385805051774
smi_ted,SMI-TED-Light,gpu,128,241,128,0.1359560990240425
smi_ted,SMI-TED-Light,gpu,128,242,128,0.13186896301340312
smi_ted,SMI-TED-Light,gpu,128,243,128,0.15251708508003503
smi_ted,SMI-TED-Light,gpu,128,244,128,0.1542814139975235
smi_ted,SMI-TED-Light,gpu,128,245,128,0.11477740097325295
smi_ted,SMI-TED-Light,gpu,128,246,128,0.1241489810636267
smi_ted,SMI-TED-Light,gpu,128,247,128,0.12631595297716558
smi_ted,SMI-TED-Light,gpu,128,248,128,0.14095507794991136
smi_ted,SMI-TED-Light,gpu,128,249,128,0.1317283270182088
smi_ted,SMI-TED-Light,gpu,128,250,128,0.1138441510265693
smi_ted,SMI-TED-Light,gpu,128,251,128,0.134807943017222
smi_ted,SMI-TED-Light,gpu,128,252,128,0.15389496192801744
smi_ted,SMI-TED-Light,gpu,128,253,128,0.13543669204227626
smi_ted,SMI-TED-Light,gpu,128,254,128,0.13124549493659288
smi_ted,SMI-TED-Light,gpu,128,255,128,0.13077843596693128
smi_ted,SMI-TED-Light,gpu,128,256,128,0.1457465779967606
smi_ted,SMI-TED-Light,gpu,128,257,128,0.11528631299734116
smi_ted,SMI-TED-Light,gpu,128,258,128,0.12377792003098875
smi_ted,SMI-TED-Light,gpu,128,259,128,0.13601321703754365
smi_ted,SMI-TED-Light,gpu,128,260,128,0.13900057994760573
smi_ted,SMI-TED-Light,gpu,128,261,128,0.10936400399077684
smi_ted,SMI-TED-Light,gpu,128,262,128,0.15073902800213546
smi_ted,SMI-TED-Light,gpu,128,263,128,0.16071583691518754
smi_ted,SMI-TED-Light,gpu,128,264,128,0.12551572197116911
smi_ted,SMI-TED-Light,gpu,128,265,128,0.11291073902975768
smi_ted,SMI-TED-Light,gpu,128,266,128,0.12453194498084486
smi_ted,SMI-TED-Light,gpu,128,267,128,0.13212677894625813
smi_ted,SMI-TED-Light,gpu,128,268,128,0.1386275039985776
smi_ted,SMI-TED-Light,gpu,128,269,128,0.1316770960111171
smi_ted,SMI-TED-Light,gpu,128,270,128,0.14786820800509304
smi_ted,SMI-TED-Light,gpu,128,271,128,0.12768256501294672
smi_ted,SMI-TED-Light,gpu,128,272,128,0.1442114890087396
smi_ted,SMI-TED-Light,gpu,128,273,128,0.1321865210775286
smi_ted,SMI-TED-Light,gpu,128,274,128,0.14744284399785101
smi_ted,SMI-TED-Light,gpu,128,275,128,0.1275946000823751
smi_ted,SMI-TED-Light,gpu,128,276,128,0.11233283800538629
smi_ted,SMI-TED-Light,gpu,128,277,128,0.14824329898692667
smi_ted,SMI-TED-Light,gpu,128,278,128,0.12833624193444848
smi_ted,SMI-TED-Light,gpu,128,279,128,0.12620456493459642
smi_ted,SMI-TED-Light,gpu,128,280,128,0.11688943102490157
smi_ted,SMI-TED-Light,gpu,128,281,128,0.14018649398349226
smi_ted,SMI-TED-Light,gpu,128,282,128,0.14589498902205378
smi_ted,SMI-TED-Light,gpu,128,283,128,0.14269320003222674
smi_ted,SMI-TED-Light,gpu,128,284,128,0.11750045302323997
smi_ted,SMI-TED-Light,gpu,128,285,128,0.12597404303960502
smi_ted,SMI-TED-Light,gpu,128,286,128,0.13575024995952845
smi_ted,SMI-TED-Light,gpu,128,287,128,0.13922092504799366
smi_ted,SMI-TED-Light,gpu,128,288,128,0.10860956192482263
smi_ted,SMI-TED-Light,gpu,128,289,128,0.12907090701628476
smi_ted,SMI-TED-Light,gpu,128,290,128,0.12790598289575428
smi_ted,SMI-TED-Light,gpu,128,291,128,0.10838169802445918
smi_ted,SMI-TED-Light,gpu,128,292,128,0.10869410505983979
smi_ted,SMI-TED-Light,gpu,128,293,128,0.10855740401893854
smi_ted,SMI-TED-Light,gpu,128,294,128,0.10933629202190787
smi_ted,SMI-TED-Light,gpu,128,295,128,0.10848751896992326
smi_ted,SMI-TED-Light,gpu,128,296,128,0.11104507092386484
smi_ted,SMI-TED-Light,gpu,128,297,128,0.15165269607678056
smi_ted,SMI-TED-Light,gpu,128,298,128,0.14315961895044893
smi_ted,SMI-TED-Light,gpu,128,299,128,0.10919203993398696
smi_ted,SMI-TED-Light,gpu,128,300,128,0.11128032696433365
smi_ted,SMI-TED-Light,gpu,128,301,128,0.12997049500700086
smi_ted,SMI-TED-Light,gpu,128,302,128,0.11385515797883272
smi_ted,SMI-TED-Light,gpu,128,303,128,0.12059904297348112
smi_ted,SMI-TED-Light,gpu,128,304,128,0.11063871602527797
smi_ted,SMI-TED-Light,gpu,128,305,128,0.1114711370319128
smi_ted,SMI-TED-Light,gpu,128,306,128,0.12846865400206298
smi_ted,SMI-TED-Light,gpu,128,307,128,0.14942063798662275
smi_ted,SMI-TED-Light,gpu,128,308,128,0.14656815107446164
smi_ted,SMI-TED-Light,gpu,128,309,128,0.1288711370434612
smi_ted,SMI-TED-Light,gpu,128,310,128,0.1321448270464316
smi_ted,SMI-TED-Light,gpu,128,311,128,0.13157530792523175
smi_ted,SMI-TED-Light,gpu,128,312,128,0.14553336799144745
smi_ted,SMI-TED-Light,gpu,128,313,128,0.11952810094226152
smi_ted,SMI-TED-Light,gpu,128,314,128,0.14673278608825058
smi_ted,SMI-TED-Light,gpu,128,315,128,0.12442269991151989
smi_ted,SMI-TED-Light,gpu,128,316,128,0.13056327507365495
smi_ted,SMI-TED-Light,gpu,128,317,128,0.13804944197181612
smi_ted,SMI-TED-Light,gpu,128,318,128,0.11275333701632917
smi_ted,SMI-TED-Light,gpu,128,319,128,0.10847135889343917
smi_ted,SMI-TED-Light,gpu,128,320,128,0.1103583729127422
smi_ted,SMI-TED-Light,gpu,128,321,128,0.11030435794964433
smi_ted,SMI-TED-Light,gpu,128,322,128,0.11109697201754898
smi_ted,SMI-TED-Light,gpu,128,323,128,0.11081525404006243
smi_ted,SMI-TED-Light,gpu,128,324,128,0.12756768998224288
smi_ted,SMI-TED-Light,gpu,128,325,128,0.11832743394188583
smi_ted,SMI-TED-Light,gpu,128,326,128,0.11083368491381407
smi_ted,SMI-TED-Light,gpu,128,327,128,0.1281544880475849
smi_ted,SMI-TED-Light,gpu,128,328,128,0.1120543188881129
smi_ted,SMI-TED-Light,gpu,128,329,128,0.10931648395489901
smi_ted,SMI-TED-Light,gpu,128,330,128,0.1351568599930033
smi_ted,SMI-TED-Light,gpu,128,331,128,0.15378005302045494
smi_ted,SMI-TED-Light,gpu,128,332,128,0.14677013002801687
smi_ted,SMI-TED-Light,gpu,128,333,128,0.12293586600571871
smi_ted,SMI-TED-Light,gpu,128,334,128,0.14601424802094698
smi_ted,SMI-TED-Light,gpu,128,335,128,0.13124898192472756
smi_ted,SMI-TED-Light,gpu,128,336,128,0.11245472193695605
smi_ted,SMI-TED-Light,gpu,128,337,128,0.11220301897265017
smi_ted,SMI-TED-Light,gpu,128,338,128,0.11207342299167067
smi_ted,SMI-TED-Light,gpu,128,339,128,0.11804837104864419
smi_ted,SMI-TED-Light,gpu,128,340,128,0.11186200496740639
smi_ted,SMI-TED-Light,gpu,128,341,128,0.11067583307158202
smi_ted,SMI-TED-Light,gpu,128,342,128,0.10999339201953262
smi_ted,SMI-TED-Light,gpu,128,343,128,0.12963508092798293
smi_ted,SMI-TED-Light,gpu,128,344,128,0.1463095040526241
smi_ted,SMI-TED-Light,gpu,128,345,128,0.117131473030895
smi_ted,SMI-TED-Light,gpu,128,346,128,0.1299646709812805
smi_ted,SMI-TED-Light,gpu,128,347,128,0.13200150290504098
smi_ted,SMI-TED-Light,gpu,128,348,128,0.11064530804287642
smi_ted,SMI-TED-Light,gpu,128,349,128,0.11351532803382725
smi_ted,SMI-TED-Light,gpu,128,350,128,0.1333711879560724
smi_ted,SMI-TED-Light,gpu,128,351,128,0.139305914985016
smi_ted,SMI-TED-Light,gpu,128,352,128,0.1118904190370813
smi_ted,SMI-TED-Light,gpu,128,353,128,0.14821677200961858
smi_ted,SMI-TED-Light,gpu,128,354,128,0.11465702194254845
smi_ted,SMI-TED-Light,gpu,128,355,128,0.13527925696689636
smi_ted,SMI-TED-Light,gpu,128,356,128,0.1485437690280378
smi_ted,SMI-TED-Light,gpu,128,357,128,0.13467223499901593
smi_ted,SMI-TED-Light,gpu,128,358,128,0.11908245098311454
smi_ted,SMI-TED-Light,gpu,128,359,128,0.11706747498828918
smi_ted,SMI-TED-Light,gpu,128,360,128,0.11632234393619001
smi_ted,SMI-TED-Light,gpu,128,361,128,0.1388619290664792
smi_ted,SMI-TED-Light,gpu,128,362,128,0.1501848060870543
smi_ted,SMI-TED-Light,gpu,128,363,128,0.11511646304279566
smi_ted,SMI-TED-Light,gpu,128,364,128,0.12043450400233269
smi_ted,SMI-TED-Light,gpu,128,365,128,0.13927337096538395
smi_ted,SMI-TED-Light,gpu,128,366,128,0.11565843096468598
smi_ted,SMI-TED-Light,gpu,128,367,128,0.11644768493715674
smi_ted,SMI-TED-Light,gpu,128,368,128,0.15286238607950509
smi_ted,SMI-TED-Light,gpu,128,369,128,0.1359809619607404
smi_ted,SMI-TED-Light,gpu,128,370,128,0.12699388398323208
smi_ted,SMI-TED-Light,gpu,128,371,128,0.13802166609093547
smi_ted,SMI-TED-Light,gpu,128,372,128,0.11836903297808021
smi_ted,SMI-TED-Light,gpu,128,373,128,0.13726965803653002
smi_ted,SMI-TED-Light,gpu,128,374,128,0.1221417470369488
smi_ted,SMI-TED-Light,gpu,128,375,128,0.13899395696353167
smi_ted,SMI-TED-Light,gpu,128,376,128,0.15467618498951197
smi_ted,SMI-TED-Light,gpu,128,377,128,0.15870655491016805
smi_ted,SMI-TED-Light,gpu,128,378,128,0.11123437702190131
smi_ted,SMI-TED-Light,gpu,128,379,128,0.11690152704250067
smi_ted,SMI-TED-Light,gpu,128,380,128,0.13559758302289993
smi_ted,SMI-TED-Light,gpu,128,381,128,0.1348830449860543
smi_ted,SMI-TED-Light,gpu,128,382,128,0.11543193995021284
smi_ted,SMI-TED-Light,gpu,128,383,128,0.13620613992679864
smi_ted,SMI-TED-Light,gpu,128,384,128,0.13454174296930432
smi_ted,SMI-TED-Light,gpu,128,385,128,0.13337249995674938
smi_ted,SMI-TED-Light,gpu,128,386,128,0.1281161840306595
smi_ted,SMI-TED-Light,gpu,128,387,128,0.1482796820346266
smi_ted,SMI-TED-Light,gpu,128,388,128,0.13981255399994552
smi_ted,SMI-TED-Light,gpu,128,389,52,0.12448679399676621
smi_ted,SMI-TED-Light,gpu,256,0,256,0.16147085302509367
smi_ted,SMI-TED-Light,gpu,256,1,256,0.17356215498875827
smi_ted,SMI-TED-Light,gpu,256,2,256,0.18770513602066785
smi_ted,SMI-TED-Light,gpu,256,3,256,0.20767436700407416
smi_ted,SMI-TED-Light,gpu,256,4,256,0.17762094002682716
smi_ted,SMI-TED-Light,gpu,256,5,256,0.1882050889544189
smi_ted,SMI-TED-Light,gpu,256,6,256,0.1901371240383014
smi_ted,SMI-TED-Light,gpu,256,7,256,0.18181082501541823
smi_ted,SMI-TED-Light,gpu,256,8,256,0.17528747697360814
smi_ted,SMI-TED-Light,gpu,256,9,256,0.17322718910872936
smi_ted,SMI-TED-Light,gpu,256,10,256,0.1579436040483415
smi_ted,SMI-TED-Light,gpu,256,11,256,0.145720497937873
smi_ted,SMI-TED-Light,gpu,256,12,256,0.15709038206841797
smi_ted,SMI-TED-Light,gpu,256,13,256,0.18179021799005568
smi_ted,SMI-TED-Light,gpu,256,14,256,0.1537972700316459
smi_ted,SMI-TED-Light,gpu,256,15,256,0.16726206499151886
smi_ted,SMI-TED-Light,gpu,256,16,256,0.15006084193009883
smi_ted,SMI-TED-Light,gpu,256,17,256,0.17140036704950035
smi_ted,SMI-TED-Light,gpu,256,18,256,0.14966635801829398
smi_ted,SMI-TED-Light,gpu,256,19,256,0.14944233291316777
smi_ted,SMI-TED-Light,gpu,256,20,256,0.15247247798833996
smi_ted,SMI-TED-Light,gpu,256,21,256,0.1694094529375434
smi_ted,SMI-TED-Light,gpu,256,22,256,0.16929646395146847
smi_ted,SMI-TED-Light,gpu,256,23,256,0.20359190402086824
smi_ted,SMI-TED-Light,gpu,256,24,256,0.15754582302179188
smi_ted,SMI-TED-Light,gpu,256,25,256,0.15718417102470994
smi_ted,SMI-TED-Light,gpu,256,26,256,0.1498826389433816
smi_ted,SMI-TED-Light,gpu,256,27,256,0.15004340198356658
smi_ted,SMI-TED-Light,gpu,256,28,256,0.19200957904104143
smi_ted,SMI-TED-Light,gpu,256,29,256,0.15095086197834462
smi_ted,SMI-TED-Light,gpu,256,30,256,0.14924810000229627
smi_ted,SMI-TED-Light,gpu,256,31,256,0.14947561197914183
smi_ted,SMI-TED-Light,gpu,256,32,256,0.15432886802591383
smi_ted,SMI-TED-Light,gpu,256,33,256,0.1733603369211778
smi_ted,SMI-TED-Light,gpu,256,34,256,0.1514122550142929
smi_ted,SMI-TED-Light,gpu,256,35,256,0.16965031006839126
smi_ted,SMI-TED-Light,gpu,256,36,256,0.15002349903807044
smi_ted,SMI-TED-Light,gpu,256,37,256,0.1685376079985872
smi_ted,SMI-TED-Light,gpu,256,38,256,0.18413561605848372
smi_ted,SMI-TED-Light,gpu,256,39,256,0.18000735994428396
smi_ted,SMI-TED-Light,gpu,256,40,256,0.1986387469805777
smi_ted,SMI-TED-Light,gpu,256,41,256,0.17863585194572806
smi_ted,SMI-TED-Light,gpu,256,42,256,0.1708961259573698
smi_ted,SMI-TED-Light,gpu,256,43,256,0.16953453596215695
smi_ted,SMI-TED-Light,gpu,256,44,256,0.14886948699131608
smi_ted,SMI-TED-Light,gpu,256,45,256,0.19404573901556432
smi_ted,SMI-TED-Light,gpu,256,46,256,0.18974452803377062
smi_ted,SMI-TED-Light,gpu,256,47,256,0.18756994104478508
smi_ted,SMI-TED-Light,gpu,256,48,256,0.18861736392136663
smi_ted,SMI-TED-Light,gpu,256,49,256,0.16981286299414933
smi_ted,SMI-TED-Light,gpu,256,50,256,0.1741565689444542
smi_ted,SMI-TED-Light,gpu,256,51,256,0.16963229305110872
smi_ted,SMI-TED-Light,gpu,256,52,256,0.16904392803553492
smi_ted,SMI-TED-Light,gpu,256,53,256,0.15255052398424596
smi_ted,SMI-TED-Light,gpu,256,54,256,0.15169541502837092
smi_ted,SMI-TED-Light,gpu,256,55,256,0.1488504169974476
smi_ted,SMI-TED-Light,gpu,256,56,256,0.1498853589873761
smi_ted,SMI-TED-Light,gpu,256,57,256,0.14758731902111322
smi_ted,SMI-TED-Light,gpu,256,58,256,0.170873471070081
smi_ted,SMI-TED-Light,gpu,256,59,256,0.19361096899956465
smi_ted,SMI-TED-Light,gpu,256,60,256,0.18089725205209106
smi_ted,SMI-TED-Light,gpu,256,61,256,0.16923272307030857
smi_ted,SMI-TED-Light,gpu,256,62,256,0.19093898695427924
smi_ted,SMI-TED-Light,gpu,256,63,256,0.16927614598535
smi_ted,SMI-TED-Light,gpu,256,64,256,0.18993482610676438
smi_ted,SMI-TED-Light,gpu,256,65,256,0.15097111696377397
smi_ted,SMI-TED-Light,gpu,256,66,256,0.15071055002044886
smi_ted,SMI-TED-Light,gpu,256,67,256,0.15131117100827396
smi_ted,SMI-TED-Light,gpu,256,68,256,0.15087774500716478
smi_ted,SMI-TED-Light,gpu,256,69,256,0.15027190698310733
smi_ted,SMI-TED-Light,gpu,256,70,256,0.1511867590015754
smi_ted,SMI-TED-Light,gpu,256,71,256,0.1741191609762609
smi_ted,SMI-TED-Light,gpu,256,72,256,0.16882595198694617
smi_ted,SMI-TED-Light,gpu,256,73,256,0.15253788395784795
smi_ted,SMI-TED-Light,gpu,256,74,256,0.16495397605467588
smi_ted,SMI-TED-Light,gpu,256,75,256,0.14900186692830175
smi_ted,SMI-TED-Light,gpu,256,76,256,0.1505898489849642
smi_ted,SMI-TED-Light,gpu,256,77,256,0.14940854290034622
smi_ted,SMI-TED-Light,gpu,256,78,256,0.15326726995408535
smi_ted,SMI-TED-Light,gpu,256,79,256,0.15162514592520893
smi_ted,SMI-TED-Light,gpu,256,80,256,0.1819838429801166
smi_ted,SMI-TED-Light,gpu,256,81,256,0.2065464350162074
smi_ted,SMI-TED-Light,gpu,256,82,256,0.17456218705046922
smi_ted,SMI-TED-Light,gpu,256,83,256,0.17083964799530804
smi_ted,SMI-TED-Light,gpu,256,84,256,0.16788812493905425
smi_ted,SMI-TED-Light,gpu,256,85,256,0.14992785395588726
smi_ted,SMI-TED-Light,gpu,256,86,256,0.15082827396690845
smi_ted,SMI-TED-Light,gpu,256,87,256,0.17474797391332686
smi_ted,SMI-TED-Light,gpu,256,88,256,0.1696326769888401
smi_ted,SMI-TED-Light,gpu,256,89,256,0.1764776479685679
smi_ted,SMI-TED-Light,gpu,256,90,256,0.17429387604352087
smi_ted,SMI-TED-Light,gpu,256,91,256,0.15622797701507807
smi_ted,SMI-TED-Light,gpu,256,92,256,0.14866725297179073
smi_ted,SMI-TED-Light,gpu,256,93,256,0.16729390306863934
smi_ted,SMI-TED-Light,gpu,256,94,256,0.14900218695402145
smi_ted,SMI-TED-Light,gpu,256,95,256,0.14987908699549735
smi_ted,SMI-TED-Light,gpu,256,96,256,0.15345372795127332
smi_ted,SMI-TED-Light,gpu,256,97,256,0.14799012197181582
smi_ted,SMI-TED-Light,gpu,256,98,256,0.1778768360381946
smi_ted,SMI-TED-Light,gpu,256,99,256,0.15728404000401497
smi_ted,SMI-TED-Light,gpu,256,100,256,0.1709105260670185
smi_ted,SMI-TED-Light,gpu,256,101,256,0.1504067190689966
smi_ted,SMI-TED-Light,gpu,256,102,256,0.16706501401495188
smi_ted,SMI-TED-Light,gpu,256,103,256,0.16954474395606667
smi_ted,SMI-TED-Light,gpu,256,104,256,0.16789663606323302
smi_ted,SMI-TED-Light,gpu,256,105,256,0.18815238599199802
smi_ted,SMI-TED-Light,gpu,256,106,256,0.16677020699717104
smi_ted,SMI-TED-Light,gpu,256,107,256,0.14852921105921268
smi_ted,SMI-TED-Light,gpu,256,108,256,0.1483471670653671
smi_ted,SMI-TED-Light,gpu,256,109,256,0.14909773599356413
smi_ted,SMI-TED-Light,gpu,256,110,256,0.17485625797417015
smi_ted,SMI-TED-Light,gpu,256,111,256,0.1648307800060138
smi_ted,SMI-TED-Light,gpu,256,112,256,0.1477312829811126
smi_ted,SMI-TED-Light,gpu,256,113,256,0.17014731804374605
smi_ted,SMI-TED-Light,gpu,256,114,256,0.16608290001749992
smi_ted,SMI-TED-Light,gpu,256,115,256,0.18826998304575682
smi_ted,SMI-TED-Light,gpu,256,116,256,0.19696478301193565
smi_ted,SMI-TED-Light,gpu,256,117,256,0.17639381100889295
smi_ted,SMI-TED-Light,gpu,256,118,256,0.1715890649938956
smi_ted,SMI-TED-Light,gpu,256,119,256,0.16856525489129126
smi_ted,SMI-TED-Light,gpu,256,120,256,0.14962562394794077
smi_ted,SMI-TED-Light,gpu,256,121,256,0.16114500700496137
smi_ted,SMI-TED-Light,gpu,256,122,256,0.16696988104376942
smi_ted,SMI-TED-Light,gpu,256,123,256,0.1546881850808859
smi_ted,SMI-TED-Light,gpu,256,124,256,0.16087413602508605
smi_ted,SMI-TED-Light,gpu,256,125,256,0.14790407801046968
smi_ted,SMI-TED-Light,gpu,256,126,256,0.1757123270072043
smi_ted,SMI-TED-Light,gpu,256,127,256,0.1488031210610643
smi_ted,SMI-TED-Light,gpu,256,128,256,0.15013341594021767
smi_ted,SMI-TED-Light,gpu,256,129,256,0.15092260704841465
smi_ted,SMI-TED-Light,gpu,256,130,256,0.1660847889725119
smi_ted,SMI-TED-Light,gpu,256,131,256,0.15524336707312614
smi_ted,SMI-TED-Light,gpu,256,132,256,0.17527086997870356
smi_ted,SMI-TED-Light,gpu,256,133,256,0.15440115402452648
smi_ted,SMI-TED-Light,gpu,256,134,256,0.15027033910155296
smi_ted,SMI-TED-Light,gpu,256,135,256,0.18927580793388188
smi_ted,SMI-TED-Light,gpu,256,136,256,0.20101655996404588
smi_ted,SMI-TED-Light,gpu,256,137,256,0.17034206399694085
smi_ted,SMI-TED-Light,gpu,256,138,256,0.18925305607263
smi_ted,SMI-TED-Light,gpu,256,139,256,0.20341722096782178
smi_ted,SMI-TED-Light,gpu,256,140,256,0.15938695007935166
smi_ted,SMI-TED-Light,gpu,256,141,256,0.1699594509555027
smi_ted,SMI-TED-Light,gpu,256,142,256,0.15313764195889235
smi_ted,SMI-TED-Light,gpu,256,143,256,0.15015373507048935
smi_ted,SMI-TED-Light,gpu,256,144,256,0.18711549101863056
smi_ted,SMI-TED-Light,gpu,256,145,256,0.19112006900832057
smi_ted,SMI-TED-Light,gpu,256,146,256,0.17634011595509946
smi_ted,SMI-TED-Light,gpu,256,147,256,0.19896193698514253
smi_ted,SMI-TED-Light,gpu,256,148,256,0.19322358793579042
smi_ted,SMI-TED-Light,gpu,256,149,256,0.1666344030527398
smi_ted,SMI-TED-Light,gpu,256,150,256,0.16832715005148202
smi_ted,SMI-TED-Light,gpu,256,151,256,0.16841018793638796
smi_ted,SMI-TED-Light,gpu,256,152,256,0.14743916399311274
smi_ted,SMI-TED-Light,gpu,256,153,256,0.18522879807278514
smi_ted,SMI-TED-Light,gpu,256,154,256,0.17655370896682143
smi_ted,SMI-TED-Light,gpu,256,155,256,0.20506820897571743
smi_ted,SMI-TED-Light,gpu,256,156,256,0.2036251510726288
smi_ted,SMI-TED-Light,gpu,256,157,256,0.19811521098017693
smi_ted,SMI-TED-Light,gpu,256,158,256,0.17283212894108146
smi_ted,SMI-TED-Light,gpu,256,159,256,0.16799487301614136
smi_ted,SMI-TED-Light,gpu,256,160,256,0.16777759999968112
smi_ted,SMI-TED-Light,gpu,256,161,256,0.16894786700140685
smi_ted,SMI-TED-Light,gpu,256,162,256,0.14738956501241773
smi_ted,SMI-TED-Light,gpu,256,163,256,0.14837302290834486
smi_ted,SMI-TED-Light,gpu,256,164,256,0.1496235760860145
smi_ted,SMI-TED-Light,gpu,256,165,256,0.1488013929920271
smi_ted,SMI-TED-Light,gpu,256,166,256,0.14840530999936163
smi_ted,SMI-TED-Light,gpu,256,167,256,0.19538883201312274
smi_ted,SMI-TED-Light,gpu,256,168,256,0.17682912503369153
smi_ted,SMI-TED-Light,gpu,256,169,256,0.1721362799871713
smi_ted,SMI-TED-Light,gpu,256,170,256,0.188024069997482
smi_ted,SMI-TED-Light,gpu,256,171,256,0.18619167990982533
smi_ted,SMI-TED-Light,gpu,256,172,256,0.17175395600497723
smi_ted,SMI-TED-Light,gpu,256,173,256,0.14929222594946623
smi_ted,SMI-TED-Light,gpu,256,174,256,0.14952396298758686
smi_ted,SMI-TED-Light,gpu,256,175,256,0.14837401395197958
smi_ted,SMI-TED-Light,gpu,256,176,256,0.15297886298503727
smi_ted,SMI-TED-Light,gpu,256,177,256,0.16068358207121491
smi_ted,SMI-TED-Light,gpu,256,178,256,0.14891178999096155
smi_ted,SMI-TED-Light,gpu,256,179,256,0.14507834194228053
smi_ted,SMI-TED-Light,gpu,256,180,256,0.18733423599041998
smi_ted,SMI-TED-Light,gpu,256,181,256,0.17682688497006893
smi_ted,SMI-TED-Light,gpu,256,182,256,0.15311229904182255
smi_ted,SMI-TED-Light,gpu,256,183,256,0.15057164209429175
smi_ted,SMI-TED-Light,gpu,256,184,256,0.16310587292537093
smi_ted,SMI-TED-Light,gpu,256,185,256,0.16791871597524732
smi_ted,SMI-TED-Light,gpu,256,186,256,0.15136310504749417
smi_ted,SMI-TED-Light,gpu,256,187,256,0.1729207979515195
smi_ted,SMI-TED-Light,gpu,256,188,256,0.15002221905160695
smi_ted,SMI-TED-Light,gpu,256,189,256,0.17225627601146698
smi_ted,SMI-TED-Light,gpu,256,190,256,0.1710135319735855
smi_ted,SMI-TED-Light,gpu,256,191,256,0.172293970012106
smi_ted,SMI-TED-Light,gpu,256,192,256,0.19256012002006173
smi_ted,SMI-TED-Light,gpu,256,193,256,0.1806653250241652
smi_ted,SMI-TED-Light,gpu,256,194,180,0.13035083503928035
smi_ted,SMI-TED-Light,gpu,512,0,512,0.2322396149393171
smi_ted,SMI-TED-Light,gpu,512,1,512,0.23231154889799654
smi_ted,SMI-TED-Light,gpu,512,2,512,0.23369272204581648
smi_ted,SMI-TED-Light,gpu,512,3,512,0.2339745379285887
smi_ted,SMI-TED-Light,gpu,512,4,512,0.22996016696561128
smi_ted,SMI-TED-Light,gpu,512,5,512,0.23088423407170922
smi_ted,SMI-TED-Light,gpu,512,6,512,0.22481667902320623
smi_ted,SMI-TED-Light,gpu,512,7,512,0.22908310603816062
smi_ted,SMI-TED-Light,gpu,512,8,512,0.2271702700527385
smi_ted,SMI-TED-Light,gpu,512,9,512,0.22477860003709793
smi_ted,SMI-TED-Light,gpu,512,10,512,0.26329397200606763
smi_ted,SMI-TED-Light,gpu,512,11,512,0.2293309710221365
smi_ted,SMI-TED-Light,gpu,512,12,512,0.22328824701253325
smi_ted,SMI-TED-Light,gpu,512,13,512,0.24804171302821487
smi_ted,SMI-TED-Light,gpu,512,14,512,0.28213821502868086
smi_ted,SMI-TED-Light,gpu,512,15,512,0.2199926699977368
smi_ted,SMI-TED-Light,gpu,512,16,512,0.22017141699325293
smi_ted,SMI-TED-Light,gpu,512,17,512,0.22094080003444105
smi_ted,SMI-TED-Light,gpu,512,18,512,0.23664168594405055
smi_ted,SMI-TED-Light,gpu,512,19,512,0.2548805719707161
smi_ted,SMI-TED-Light,gpu,512,20,512,0.2550682129804045
smi_ted,SMI-TED-Light,gpu,512,21,512,0.22375319304410368
smi_ted,SMI-TED-Light,gpu,512,22,512,0.22899795696139336
smi_ted,SMI-TED-Light,gpu,512,23,512,0.22564775694627315
smi_ted,SMI-TED-Light,gpu,512,24,512,0.25481442909222096
smi_ted,SMI-TED-Light,gpu,512,25,512,0.25748887297231704
smi_ted,SMI-TED-Light,gpu,512,26,512,0.22993827902246267
smi_ted,SMI-TED-Light,gpu,512,27,512,0.22545413207262754
smi_ted,SMI-TED-Light,gpu,512,28,512,0.23278484598267823
smi_ted,SMI-TED-Light,gpu,512,29,512,0.2754543600603938
smi_ted,SMI-TED-Light,gpu,512,30,512,0.25859306298661977
smi_ted,SMI-TED-Light,gpu,512,31,512,0.2289908219827339
smi_ted,SMI-TED-Light,gpu,512,32,512,0.2276891020592302
smi_ted,SMI-TED-Light,gpu,512,33,512,0.2566817629849538
smi_ted,SMI-TED-Light,gpu,512,34,512,0.2653739720117301
smi_ted,SMI-TED-Light,gpu,512,35,512,0.23087405797559768
smi_ted,SMI-TED-Light,gpu,512,36,512,0.22895619797054678
smi_ted,SMI-TED-Light,gpu,512,37,512,0.23685383796691895
smi_ted,SMI-TED-Light,gpu,512,38,512,0.2937299800105393
smi_ted,SMI-TED-Light,gpu,512,39,512,0.2304907739162445
smi_ted,SMI-TED-Light,gpu,512,40,512,0.23229094094131142
smi_ted,SMI-TED-Light,gpu,512,41,512,0.23456939798779786
smi_ted,SMI-TED-Light,gpu,512,42,512,0.2620882500195876
smi_ted,SMI-TED-Light,gpu,512,43,512,0.3040203140117228
smi_ted,SMI-TED-Light,gpu,512,44,512,0.2280161309754476
smi_ted,SMI-TED-Light,gpu,512,45,512,0.32979863905347884
smi_ted,SMI-TED-Light,gpu,512,46,512,0.2686812550527975
smi_ted,SMI-TED-Light,gpu,512,47,512,0.24952179100364447
smi_ted,SMI-TED-Light,gpu,512,48,512,0.22767233091872185
smi_ted,SMI-TED-Light,gpu,512,49,512,0.23414892691653222
smi_ted,SMI-TED-Light,gpu,512,50,512,0.23204525001347065
smi_ted,SMI-TED-Light,gpu,512,51,512,0.2308085529366508
smi_ted,SMI-TED-Light,gpu,512,52,512,0.24325875507202
smi_ted,SMI-TED-Light,gpu,512,53,512,0.2714672170113772
smi_ted,SMI-TED-Light,gpu,512,54,512,0.26349162601400167
smi_ted,SMI-TED-Light,gpu,512,55,512,0.23173741903156042
smi_ted,SMI-TED-Light,gpu,512,56,512,0.2307465389603749
smi_ted,SMI-TED-Light,gpu,512,57,512,0.23073223500978202
smi_ted,SMI-TED-Light,gpu,512,58,512,0.253900918061845
smi_ted,SMI-TED-Light,gpu,512,59,512,0.25715438404586166
smi_ted,SMI-TED-Light,gpu,512,60,512,0.22930728690698743
smi_ted,SMI-TED-Light,gpu,512,61,512,0.26568851701449603
smi_ted,SMI-TED-Light,gpu,512,62,512,0.2549140069168061
smi_ted,SMI-TED-Light,gpu,512,63,512,0.22766209102701396
smi_ted,SMI-TED-Light,gpu,512,64,512,0.23163959791418165
smi_ted,SMI-TED-Light,gpu,512,65,512,0.22627528698649257
smi_ted,SMI-TED-Light,gpu,512,66,512,0.23679591692052782
smi_ted,SMI-TED-Light,gpu,512,67,512,0.2784709009574726
smi_ted,SMI-TED-Light,gpu,512,68,512,0.23531682696193457
smi_ted,SMI-TED-Light,gpu,512,69,512,0.22651671897619963
smi_ted,SMI-TED-Light,gpu,512,70,512,0.22840433998499066
smi_ted,SMI-TED-Light,gpu,512,71,512,0.23445771902333945
smi_ted,SMI-TED-Light,gpu,512,72,512,0.28552741603925824
smi_ted,SMI-TED-Light,gpu,512,73,512,0.25840384897310287
smi_ted,SMI-TED-Light,gpu,512,74,512,0.22618133702781051
smi_ted,SMI-TED-Light,gpu,512,75,512,0.22386396990623325
smi_ted,SMI-TED-Light,gpu,512,76,512,0.23062321497127414
smi_ted,SMI-TED-Light,gpu,512,77,512,0.260155314928852
smi_ted,SMI-TED-Light,gpu,512,78,512,0.27083802002016455
smi_ted,SMI-TED-Light,gpu,512,79,512,0.22236200096085668
smi_ted,SMI-TED-Light,gpu,512,80,512,0.23191133502405137
smi_ted,SMI-TED-Light,gpu,512,81,512,0.2182393450057134
smi_ted,SMI-TED-Light,gpu,512,82,512,0.24345798091962934
smi_ted,SMI-TED-Light,gpu,512,83,512,0.22257239394821227
smi_ted,SMI-TED-Light,gpu,512,84,512,0.2305125630227849
smi_ted,SMI-TED-Light,gpu,512,85,512,0.22214610304217786
smi_ted,SMI-TED-Light,gpu,512,86,512,0.22503654100000858
smi_ted,SMI-TED-Light,gpu,512,87,512,0.28364702698308975
smi_ted,SMI-TED-Light,gpu,512,88,512,0.2430349859641865
smi_ted,SMI-TED-Light,gpu,512,89,512,0.21990809496492147
smi_ted,SMI-TED-Light,gpu,512,90,512,0.22569127299357206
smi_ted,SMI-TED-Light,gpu,512,91,512,0.22703516599722207
smi_ted,SMI-TED-Light,gpu,512,92,512,0.22440961806569248
smi_ted,SMI-TED-Light,gpu,512,93,512,0.23458520194981247
smi_ted,SMI-TED-Light,gpu,512,94,512,0.25879935605917126
smi_ted,SMI-TED-Light,gpu,512,95,512,0.2253876990871504
smi_ted,SMI-TED-Light,gpu,512,96,512,0.2297034680377692
smi_ted,SMI-TED-Light,gpu,512,97,180,0.1269332430092618
molclr_gin,MolCLR-GIN,gpu,64,0,64,0.037519048899412155
molclr_gin,MolCLR-GIN,gpu,64,1,64,0.03733204794116318
molclr_gin,MolCLR-GIN,gpu,64,2,64,0.038056761026382446
molclr_gin,MolCLR-GIN,gpu,64,3,64,0.03765645297244191
molclr_gin,MolCLR-GIN,gpu,64,4,64,0.03748410695698112
molclr_gin,MolCLR-GIN,gpu,64,5,64,0.03669891494791955
molclr_gin,MolCLR-GIN,gpu,64,6,64,0.037576679955236614
molclr_gin,MolCLR-GIN,gpu,64,7,64,0.03762624703813344
molclr_gin,MolCLR-GIN,gpu,64,8,64,0.057864875998348
molclr_gin,MolCLR-GIN,gpu,64,9,64,0.041978558991104364
molclr_gin,MolCLR-GIN,gpu,64,10,64,0.03796818689443171
molclr_gin,MolCLR-GIN,gpu,64,11,64,0.04885533603373915
molclr_gin,MolCLR-GIN,gpu,64,12,64,0.04434843501076102
molclr_gin,MolCLR-GIN,gpu,64,13,64,0.03680032095871866
molclr_gin,MolCLR-GIN,gpu,64,14,64,0.03779289696831256
molclr_gin,MolCLR-GIN,gpu,64,15,64,0.037115158047527075
molclr_gin,MolCLR-GIN,gpu,64,16,64,0.049285306013189256
molclr_gin,MolCLR-GIN,gpu,64,17,64,0.05226764397229999
molclr_gin,MolCLR-GIN,gpu,64,18,64,0.041455662925727665
molclr_gin,MolCLR-GIN,gpu,64,19,64,0.04746369901113212
molclr_gin,MolCLR-GIN,gpu,64,20,64,0.06147311604581773
molclr_gin,MolCLR-GIN,gpu,64,21,64,0.04449847899377346
molclr_gin,MolCLR-GIN,gpu,64,22,64,0.0371751559432596
molclr_gin,MolCLR-GIN,gpu,64,23,64,0.03643345204181969
molclr_gin,MolCLR-GIN,gpu,64,24,64,0.059946571942418814
molclr_gin,MolCLR-GIN,gpu,64,25,64,0.05766683502588421
molclr_gin,MolCLR-GIN,gpu,64,26,64,0.04668500297702849
molclr_gin,MolCLR-GIN,gpu,64,27,64,0.03687967802397907
molclr_gin,MolCLR-GIN,gpu,64,28,64,0.056633939035236835
molclr_gin,MolCLR-GIN,gpu,64,29,64,0.03740436595398933
molclr_gin,MolCLR-GIN,gpu,64,30,64,0.0378273599781096
molclr_gin,MolCLR-GIN,gpu,64,31,64,0.046910276054404676
molclr_gin,MolCLR-GIN,gpu,64,32,64,0.058758064988069236
molclr_gin,MolCLR-GIN,gpu,64,33,64,0.04467088996898383
molclr_gin,MolCLR-GIN,gpu,64,34,64,0.036211538943462074
molclr_gin,MolCLR-GIN,gpu,64,35,64,0.038854910992085934
molclr_gin,MolCLR-GIN,gpu,64,36,64,0.06045033200643957
molclr_gin,MolCLR-GIN,gpu,64,37,64,0.053515029954724014
molclr_gin,MolCLR-GIN,gpu,64,38,64,0.03701522503979504
molclr_gin,MolCLR-GIN,gpu,64,39,64,0.05772904201876372
molclr_gin,MolCLR-GIN,gpu,64,40,64,0.03794060496147722
molclr_gin,MolCLR-GIN,gpu,64,41,64,0.04249489295762032
molclr_gin,MolCLR-GIN,gpu,64,42,64,0.037799458019435406
molclr_gin,MolCLR-GIN,gpu,64,43,64,0.04277370101772249
molclr_gin,MolCLR-GIN,gpu,64,44,64,0.05174222099594772
molclr_gin,MolCLR-GIN,gpu,64,45,64,0.03573632100597024
molclr_gin,MolCLR-GIN,gpu,64,46,64,0.03846362803597003
molclr_gin,MolCLR-GIN,gpu,64,47,64,0.05241765605751425
molclr_gin,MolCLR-GIN,gpu,64,48,64,0.05737215606495738
molclr_gin,MolCLR-GIN,gpu,64,49,64,0.036778592970222235
molclr_gin,MolCLR-GIN,gpu,64,50,64,0.03757725597824901
molclr_gin,MolCLR-GIN,gpu,64,51,64,0.04186678503174335
molclr_gin,MolCLR-GIN,gpu,64,52,64,0.05188308097422123
molclr_gin,MolCLR-GIN,gpu,64,53,64,0.03781884897034615
molclr_gin,MolCLR-GIN,gpu,64,54,64,0.036091126035898924
molclr_gin,MolCLR-GIN,gpu,64,55,64,0.05208131391555071
molclr_gin,MolCLR-GIN,gpu,64,56,64,0.05979617603588849
molclr_gin,MolCLR-GIN,gpu,64,57,64,0.03724612994119525
molclr_gin,MolCLR-GIN,gpu,64,58,64,0.037285680999048054
molclr_gin,MolCLR-GIN,gpu,64,59,64,0.04219957604072988
molclr_gin,MolCLR-GIN,gpu,64,60,64,0.060130086028948426
molclr_gin,MolCLR-GIN,gpu,64,61,64,0.04771332303062081
molclr_gin,MolCLR-GIN,gpu,64,62,64,0.03838094195816666
molclr_gin,MolCLR-GIN,gpu,64,63,64,0.037222355022095144
molclr_gin,MolCLR-GIN,gpu,64,64,64,0.057610164978541434
molclr_gin,MolCLR-GIN,gpu,64,65,64,0.03748189890757203
molclr_gin,MolCLR-GIN,gpu,64,66,64,0.036009626113809645
molclr_gin,MolCLR-GIN,gpu,64,67,64,0.04367050598375499
molclr_gin,MolCLR-GIN,gpu,64,68,64,0.05848504998721182
molclr_gin,MolCLR-GIN,gpu,64,69,64,0.0465295190224424
molclr_gin,MolCLR-GIN,gpu,64,70,64,0.037903869058936834
molclr_gin,MolCLR-GIN,gpu,64,71,64,0.03782694402616471
molclr_gin,MolCLR-GIN,gpu,64,72,64,0.0573019830044359
molclr_gin,MolCLR-GIN,gpu,64,73,64,0.03789990197401494
molclr_gin,MolCLR-GIN,gpu,64,74,64,0.03687983797863126
molclr_gin,MolCLR-GIN,gpu,64,75,64,0.04656126303598285
molclr_gin,MolCLR-GIN,gpu,64,76,64,0.04797865706495941
molclr_gin,MolCLR-GIN,gpu,64,77,64,0.037410062039271
molclr_gin,MolCLR-GIN,gpu,64,78,64,0.03732804802712053
molclr_gin,MolCLR-GIN,gpu,64,79,64,0.03692178800702095
molclr_gin,MolCLR-GIN,gpu,64,80,64,0.047148508951067924
molclr_gin,MolCLR-GIN,gpu,64,81,64,0.04890375002287328
molclr_gin,MolCLR-GIN,gpu,64,82,64,0.040455597918480635
molclr_gin,MolCLR-GIN,gpu,64,83,64,0.038192403968423605
molclr_gin,MolCLR-GIN,gpu,64,84,64,0.05649743205867708
molclr_gin,MolCLR-GIN,gpu,64,85,64,0.03722165198996663
molclr_gin,MolCLR-GIN,gpu,64,86,64,0.036492745974101126
molclr_gin,MolCLR-GIN,gpu,64,87,64,0.03688335802871734
molclr_gin,MolCLR-GIN,gpu,64,88,64,0.04630968708079308
molclr_gin,MolCLR-GIN,gpu,64,89,64,0.05208956904243678
molclr_gin,MolCLR-GIN,gpu,64,90,64,0.036607110989280045
molclr_gin,MolCLR-GIN,gpu,64,91,64,0.037534696981310844
molclr_gin,MolCLR-GIN,gpu,64,92,64,0.05283393000718206
molclr_gin,MolCLR-GIN,gpu,64,93,64,0.05951157701201737
molclr_gin,MolCLR-GIN,gpu,64,94,64,0.03766669402830303
molclr_gin,MolCLR-GIN,gpu,64,95,64,0.037768833921290934
molclr_gin,MolCLR-GIN,gpu,64,96,64,0.042556524043902755
molclr_gin,MolCLR-GIN,gpu,64,97,64,0.06057055201381445
molclr_gin,MolCLR-GIN,gpu,64,98,64,0.04651652800384909
molclr_gin,MolCLR-GIN,gpu,64,99,64,0.0379181100288406
molclr_gin,MolCLR-GIN,gpu,64,100,64,0.037480746977962554
molclr_gin,MolCLR-GIN,gpu,64,101,64,0.0576800819253549
molclr_gin,MolCLR-GIN,gpu,64,102,64,0.036894141929224133
molclr_gin,MolCLR-GIN,gpu,64,103,64,0.03754765691701323
molclr_gin,MolCLR-GIN,gpu,64,104,64,0.0431108110351488
molclr_gin,MolCLR-GIN,gpu,64,105,64,0.059028584975749254
molclr_gin,MolCLR-GIN,gpu,64,106,64,0.04648734407965094
molclr_gin,MolCLR-GIN,gpu,64,107,64,0.03759540000464767
molclr_gin,MolCLR-GIN,gpu,64,108,64,0.038552170037291944
molclr_gin,MolCLR-GIN,gpu,64,109,64,0.057994472910650074
molclr_gin,MolCLR-GIN,gpu,64,110,64,0.03776150709018111
molclr_gin,MolCLR-GIN,gpu,64,111,64,0.036535014980472624
molclr_gin,MolCLR-GIN,gpu,64,112,64,0.04761764593422413
molclr_gin,MolCLR-GIN,gpu,64,113,64,0.0459008039906621
molclr_gin,MolCLR-GIN,gpu,64,114,64,0.03829345793928951
molclr_gin,MolCLR-GIN,gpu,64,115,64,0.036647717002779245
molclr_gin,MolCLR-GIN,gpu,64,116,64,0.037879902054555714
molclr_gin,MolCLR-GIN,gpu,64,117,64,0.049307641107589006
molclr_gin,MolCLR-GIN,gpu,64,118,64,0.0475972619606182
molclr_gin,MolCLR-GIN,gpu,64,119,64,0.039402030990459025
molclr_gin,MolCLR-GIN,gpu,64,120,64,0.03880752099212259
molclr_gin,MolCLR-GIN,gpu,64,121,64,0.05407718801870942
molclr_gin,MolCLR-GIN,gpu,64,122,64,0.035319630056619644
molclr_gin,MolCLR-GIN,gpu,64,123,64,0.03759917593561113
molclr_gin,MolCLR-GIN,gpu,64,124,64,0.037270226050168276
molclr_gin,MolCLR-GIN,gpu,64,125,64,0.04021109396126121
molclr_gin,MolCLR-GIN,gpu,64,126,64,0.05496291897725314
molclr_gin,MolCLR-GIN,gpu,64,127,64,0.03790671797469258
molclr_gin,MolCLR-GIN,gpu,64,128,64,0.03757677599787712
molclr_gin,MolCLR-GIN,gpu,64,129,64,0.050791369983926415
molclr_gin,MolCLR-GIN,gpu,64,130,64,0.05935855896677822
molclr_gin,MolCLR-GIN,gpu,64,131,64,0.03773715498391539
molclr_gin,MolCLR-GIN,gpu,64,132,64,0.03728273801971227
molclr_gin,MolCLR-GIN,gpu,64,133,64,0.038869887008331716
molclr_gin,MolCLR-GIN,gpu,64,134,64,0.0577070580329746
molclr_gin,MolCLR-GIN,gpu,64,135,64,0.050698796985670924
molclr_gin,MolCLR-GIN,gpu,64,136,64,0.037642949959263206
molclr_gin,MolCLR-GIN,gpu,64,137,64,0.03823454806115478
molclr_gin,MolCLR-GIN,gpu,64,138,64,0.05388135300017893
molclr_gin,MolCLR-GIN,gpu,64,139,64,0.0614743959158659
molclr_gin,MolCLR-GIN,gpu,64,140,64,0.06251010694541037
molclr_gin,MolCLR-GIN,gpu,64,141,64,0.06045238091610372
molclr_gin,MolCLR-GIN,gpu,64,142,64,0.04577399208210409
molclr_gin,MolCLR-GIN,gpu,64,143,64,0.0395476589910686
molclr_gin,MolCLR-GIN,gpu,64,144,64,0.0386623740196228
molclr_gin,MolCLR-GIN,gpu,64,145,64,0.05759663006756455
molclr_gin,MolCLR-GIN,gpu,64,146,64,0.0381798290181905
molclr_gin,MolCLR-GIN,gpu,64,147,64,0.037758402060717344
molclr_gin,MolCLR-GIN,gpu,64,148,64,0.03633486293256283
molclr_gin,MolCLR-GIN,gpu,64,149,64,0.03811560699250549
molclr_gin,MolCLR-GIN,gpu,64,150,64,0.03722113906405866
molclr_gin,MolCLR-GIN,gpu,64,151,64,0.03831870504654944
molclr_gin,MolCLR-GIN,gpu,64,152,64,0.03713035793043673
molclr_gin,MolCLR-GIN,gpu,64,153,64,0.03717896493617445
molclr_gin,MolCLR-GIN,gpu,64,154,64,0.036894652992486954
molclr_gin,MolCLR-GIN,gpu,64,155,64,0.038527433993294835
molclr_gin,MolCLR-GIN,gpu,64,156,64,0.037176372949033976
molclr_gin,MolCLR-GIN,gpu,64,157,64,0.037920893053524196
molclr_gin,MolCLR-GIN,gpu,64,158,64,0.03677302598953247
molclr_gin,MolCLR-GIN,gpu,64,159,64,0.037295151967555285
molclr_gin,MolCLR-GIN,gpu,64,160,64,0.037327695987187326
molclr_gin,MolCLR-GIN,gpu,64,161,64,0.03786057501565665
molclr_gin,MolCLR-GIN,gpu,64,162,64,0.03798738692421466
molclr_gin,MolCLR-GIN,gpu,64,163,64,0.055390010005794466
molclr_gin,MolCLR-GIN,gpu,64,164,64,0.05810051807202399
molclr_gin,MolCLR-GIN,gpu,64,165,64,0.037434667930938303
molclr_gin,MolCLR-GIN,gpu,64,166,64,0.03720040409825742
molclr_gin,MolCLR-GIN,gpu,64,167,64,0.046844294061884284
molclr_gin,MolCLR-GIN,gpu,64,168,64,0.058002664940431714
molclr_gin,MolCLR-GIN,gpu,64,169,64,0.04462036397308111
molclr_gin,MolCLR-GIN,gpu,64,170,64,0.04635301302187145
molclr_gin,MolCLR-GIN,gpu,64,171,64,0.0491104630054906
molclr_gin,MolCLR-GIN,gpu,64,172,64,0.036869022995233536
molclr_gin,MolCLR-GIN,gpu,64,173,64,0.03647789801470935
molclr_gin,MolCLR-GIN,gpu,64,174,64,0.037082870956510305
molclr_gin,MolCLR-GIN,gpu,64,175,64,0.03677024110220373
molclr_gin,MolCLR-GIN,gpu,64,176,64,0.03710152697749436
molclr_gin,MolCLR-GIN,gpu,64,177,64,0.0380362500436604
molclr_gin,MolCLR-GIN,gpu,64,178,64,0.03713432501535863
molclr_gin,MolCLR-GIN,gpu,64,179,64,0.03743345302063972
molclr_gin,MolCLR-GIN,gpu,64,180,64,0.037687044008634984
molclr_gin,MolCLR-GIN,gpu,64,181,64,0.0368880940368399
molclr_gin,MolCLR-GIN,gpu,64,182,64,0.03635751805268228
molclr_gin,MolCLR-GIN,gpu,64,183,64,0.03695289196912199
molclr_gin,MolCLR-GIN,gpu,64,184,64,0.03728062391746789
molclr_gin,MolCLR-GIN,gpu,64,185,64,0.03680812893435359
molclr_gin,MolCLR-GIN,gpu,64,186,64,0.03705356002319604
molclr_gin,MolCLR-GIN,gpu,64,187,64,0.038383438950404525
molclr_gin,MolCLR-GIN,gpu,64,188,64,0.037674085004255176
molclr_gin,MolCLR-GIN,gpu,64,189,64,0.06066546100191772
molclr_gin,MolCLR-GIN,gpu,64,190,64,0.05277274805121124
molclr_gin,MolCLR-GIN,gpu,64,191,64,0.037506762077100575
molclr_gin,MolCLR-GIN,gpu,64,192,64,0.037194004049524665
molclr_gin,MolCLR-GIN,gpu,64,193,64,0.05033148103393614
molclr_gin,MolCLR-GIN,gpu,64,194,64,0.05923456198070198
molclr_gin,MolCLR-GIN,gpu,64,195,64,0.03929358709137887
molclr_gin,MolCLR-GIN,gpu,64,196,64,0.03725902596488595
molclr_gin,MolCLR-GIN,gpu,64,197,64,0.03991004708223045
molclr_gin,MolCLR-GIN,gpu,64,198,64,0.05960776493884623
molclr_gin,MolCLR-GIN,gpu,64,199,64,0.04909407999366522
molclr_gin,MolCLR-GIN,gpu,64,200,64,0.038531593978405
molclr_gin,MolCLR-GIN,gpu,64,201,64,0.0555280219996348
molclr_gin,MolCLR-GIN,gpu,64,202,64,0.03695852297823876
molclr_gin,MolCLR-GIN,gpu,64,203,64,0.038950940943323076
molclr_gin,MolCLR-GIN,gpu,64,204,64,0.03838295897003263
molclr_gin,MolCLR-GIN,gpu,64,205,64,0.038002777961082757
molclr_gin,MolCLR-GIN,gpu,64,206,64,0.036301775951869786
molclr_gin,MolCLR-GIN,gpu,64,207,64,0.037851742934435606
molclr_gin,MolCLR-GIN,gpu,64,208,64,0.036870494950562716
molclr_gin,MolCLR-GIN,gpu,64,209,64,0.035708099021576345
molclr_gin,MolCLR-GIN,gpu,64,210,64,0.03752193006221205
molclr_gin,MolCLR-GIN,gpu,64,211,64,0.03761507896706462
molclr_gin,MolCLR-GIN,gpu,64,212,64,0.03677027300000191
molclr_gin,MolCLR-GIN,gpu,64,213,64,0.03704696788918227
molclr_gin,MolCLR-GIN,gpu,64,214,64,0.03838004695717245
molclr_gin,MolCLR-GIN,gpu,64,215,64,0.037006713915616274
molclr_gin,MolCLR-GIN,gpu,64,216,64,0.03798335499595851
molclr_gin,MolCLR-GIN,gpu,64,217,64,0.038606727961450815
molclr_gin,MolCLR-GIN,gpu,64,218,64,0.03674768202472478
molclr_gin,MolCLR-GIN,gpu,64,219,64,0.05567931302357465
molclr_gin,MolCLR-GIN,gpu,64,220,64,0.05708390998188406
molclr_gin,MolCLR-GIN,gpu,64,221,64,0.037343630101531744
molclr_gin,MolCLR-GIN,gpu,64,222,64,0.036770881968550384
molclr_gin,MolCLR-GIN,gpu,64,223,64,0.04456996510270983
molclr_gin,MolCLR-GIN,gpu,64,224,64,0.060940908966585994
molclr_gin,MolCLR-GIN,gpu,64,225,64,0.04325595893897116
molclr_gin,MolCLR-GIN,gpu,64,226,64,0.03667529998347163
molclr_gin,MolCLR-GIN,gpu,64,227,64,0.038845888106152415
molclr_gin,MolCLR-GIN,gpu,64,228,64,0.05511766695417464
molclr_gin,MolCLR-GIN,gpu,64,229,64,0.03639703697990626
molclr_gin,MolCLR-GIN,gpu,64,230,64,0.03702757693827152
molclr_gin,MolCLR-GIN,gpu,64,231,64,0.04359985201153904
molclr_gin,MolCLR-GIN,gpu,64,232,64,0.04942798998672515
molclr_gin,MolCLR-GIN,gpu,64,233,64,0.03779452899470925
molclr_gin,MolCLR-GIN,gpu,64,234,64,0.03766678902320564
molclr_gin,MolCLR-GIN,gpu,64,235,64,0.040303313988260925
molclr_gin,MolCLR-GIN,gpu,64,236,64,0.049957765033468604
molclr_gin,MolCLR-GIN,gpu,64,237,64,0.06026806600857526
molclr_gin,MolCLR-GIN,gpu,64,238,64,0.03930308995768428
molclr_gin,MolCLR-GIN,gpu,64,239,64,0.04679245501756668
molclr_gin,MolCLR-GIN,gpu,64,240,64,0.045554734067991376
molclr_gin,MolCLR-GIN,gpu,64,241,64,0.03710325504653156
molclr_gin,MolCLR-GIN,gpu,64,242,64,0.03679020795971155
molclr_gin,MolCLR-GIN,gpu,64,243,64,0.03770646802149713
molclr_gin,MolCLR-GIN,gpu,64,244,64,0.0500243550632149
molclr_gin,MolCLR-GIN,gpu,64,245,64,0.04919727589003742
molclr_gin,MolCLR-GIN,gpu,64,246,64,0.04153738799504936
molclr_gin,MolCLR-GIN,gpu,64,247,64,0.04149950097780675
molclr_gin,MolCLR-GIN,gpu,64,248,64,0.058672372018918395
molclr_gin,MolCLR-GIN,gpu,64,249,64,0.04898489802144468
molclr_gin,MolCLR-GIN,gpu,64,250,64,0.03752061794511974
molclr_gin,MolCLR-GIN,gpu,64,251,64,0.036815744009800255
molclr_gin,MolCLR-GIN,gpu,64,252,64,0.056282175006344914
molclr_gin,MolCLR-GIN,gpu,64,253,64,0.05710186099167913
molclr_gin,MolCLR-GIN,gpu,64,254,64,0.03695513098500669
molclr_gin,MolCLR-GIN,gpu,64,255,64,0.055839659995399415
molclr_gin,MolCLR-GIN,gpu,64,256,64,0.05790135602001101
molclr_gin,MolCLR-GIN,gpu,64,257,64,0.03792540496215224
molclr_gin,MolCLR-GIN,gpu,64,258,64,0.036145908990874887
molclr_gin,MolCLR-GIN,gpu,64,259,64,0.0459008039906621
molclr_gin,MolCLR-GIN,gpu,64,260,64,0.0596117660170421
molclr_gin,MolCLR-GIN,gpu,64,261,64,0.04403177404310554
molclr_gin,MolCLR-GIN,gpu,64,262,64,0.03720577899366617
molclr_gin,MolCLR-GIN,gpu,64,263,64,0.03786876692902297
molclr_gin,MolCLR-GIN,gpu,64,264,64,0.03938107204157859
molclr_gin,MolCLR-GIN,gpu,64,265,64,0.03746260399930179
molclr_gin,MolCLR-GIN,gpu,64,266,64,0.038000026950612664
molclr_gin,MolCLR-GIN,gpu,64,267,64,0.03872845193836838
molclr_gin,MolCLR-GIN,gpu,64,268,64,0.03747441107407212
molclr_gin,MolCLR-GIN,gpu,64,269,64,0.03665258002001792
molclr_gin,MolCLR-GIN,gpu,64,270,64,0.03726360201835632
molclr_gin,MolCLR-GIN,gpu,64,271,64,0.037202068022452295
molclr_gin,MolCLR-GIN,gpu,64,272,64,0.037132245022803545
molclr_gin,MolCLR-GIN,gpu,64,273,64,0.036922940984368324
molclr_gin,MolCLR-GIN,gpu,64,274,64,0.03709871100727469
molclr_gin,MolCLR-GIN,gpu,64,275,64,0.03778137802146375
molclr_gin,MolCLR-GIN,gpu,64,276,64,0.037384846014901996
molclr_gin,MolCLR-GIN,gpu,64,277,64,0.049740363960154355
molclr_gin,MolCLR-GIN,gpu,64,278,64,0.06110880698543042
molclr_gin,MolCLR-GIN,gpu,64,279,64,0.03834088100120425
molclr_gin,MolCLR-GIN,gpu,64,280,64,0.0380213059252128
molclr_gin,MolCLR-GIN,gpu,64,281,64,0.040995132992975414
molclr_gin,MolCLR-GIN,gpu,64,282,64,0.05213161697611213
molclr_gin,MolCLR-GIN,gpu,64,283,64,0.038492330932058394
molclr_gin,MolCLR-GIN,gpu,64,284,64,0.03816971695050597
molclr_gin,MolCLR-GIN,gpu,64,285,64,0.053340602898970246
molclr_gin,MolCLR-GIN,gpu,64,286,64,0.058940747985616326
molclr_gin,MolCLR-GIN,gpu,64,287,64,0.03822088392917067
molclr_gin,MolCLR-GIN,gpu,64,288,64,0.036715649999678135
molclr_gin,MolCLR-GIN,gpu,64,289,64,0.04224514204543084
molclr_gin,MolCLR-GIN,gpu,64,290,64,0.059753842069767416
molclr_gin,MolCLR-GIN,gpu,64,291,64,0.047036319971084595
molclr_gin,MolCLR-GIN,gpu,64,292,64,0.03675392200239003
molclr_gin,MolCLR-GIN,gpu,64,293,64,0.03711775108240545
molclr_gin,MolCLR-GIN,gpu,64,294,64,0.055955528980121017
molclr_gin,MolCLR-GIN,gpu,64,295,64,0.04591750702820718
molclr_gin,MolCLR-GIN,gpu,64,296,64,0.03790342202410102
molclr_gin,MolCLR-GIN,gpu,64,297,64,0.04662759602069855
molclr_gin,MolCLR-GIN,gpu,64,298,64,0.04539787501562387
molclr_gin,MolCLR-GIN,gpu,64,299,64,0.03724385891109705
molclr_gin,MolCLR-GIN,gpu,64,300,64,0.036657988908700645
molclr_gin,MolCLR-GIN,gpu,64,301,64,0.03616475604940206
molclr_gin,MolCLR-GIN,gpu,64,302,64,0.046720649930648506
molclr_gin,MolCLR-GIN,gpu,64,303,64,0.05922765098512173
molclr_gin,MolCLR-GIN,gpu,64,304,64,0.04343534400686622
molclr_gin,MolCLR-GIN,gpu,64,305,64,0.04724117799196392
molclr_gin,MolCLR-GIN,gpu,64,306,64,0.0469071080442518
molclr_gin,MolCLR-GIN,gpu,64,307,64,0.03736827103421092
molclr_gin,MolCLR-GIN,gpu,64,308,64,0.03756128903478384
molclr_gin,MolCLR-GIN,gpu,64,309,64,0.03720565198455006
molclr_gin,MolCLR-GIN,gpu,64,310,64,0.04969661997165531
molclr_gin,MolCLR-GIN,gpu,64,311,64,0.04610969393979758
molclr_gin,MolCLR-GIN,gpu,64,312,64,0.04022667708341032
molclr_gin,MolCLR-GIN,gpu,64,313,64,0.037848126026801765
molclr_gin,MolCLR-GIN,gpu,64,314,64,0.05916627706028521
molclr_gin,MolCLR-GIN,gpu,64,315,64,0.05259070603642613
molclr_gin,MolCLR-GIN,gpu,64,316,64,0.038042712956666946
molclr_gin,MolCLR-GIN,gpu,64,317,64,0.03776230709627271
molclr_gin,MolCLR-GIN,gpu,64,318,64,0.05290240899194032
molclr_gin,MolCLR-GIN,gpu,64,319,64,0.04574739991221577
molclr_gin,MolCLR-GIN,gpu,64,320,64,0.03838647890370339
molclr_gin,MolCLR-GIN,gpu,64,321,64,0.04233777895569801
molclr_gin,MolCLR-GIN,gpu,64,322,64,0.05766904400661588
molclr_gin,MolCLR-GIN,gpu,64,323,64,0.04780243895947933
molclr_gin,MolCLR-GIN,gpu,64,324,64,0.03745044500101358
molclr_gin,MolCLR-GIN,gpu,64,325,64,0.038234962965361774
molclr_gin,MolCLR-GIN,gpu,64,326,64,0.05722572794184089
molclr_gin,MolCLR-GIN,gpu,64,327,64,0.055552502046339214
molclr_gin,MolCLR-GIN,gpu,64,328,64,0.03766714106313884
molclr_gin,MolCLR-GIN,gpu,64,329,64,0.03737905505113304
molclr_gin,MolCLR-GIN,gpu,64,330,64,0.048584814998321235
molclr_gin,MolCLR-GIN,gpu,64,331,64,0.06101437809411436
molclr_gin,MolCLR-GIN,gpu,64,332,64,0.0411274170037359
molclr_gin,MolCLR-GIN,gpu,64,333,64,0.04475431109312922
molclr_gin,MolCLR-GIN,gpu,64,334,64,0.04753163305576891
molclr_gin,MolCLR-GIN,gpu,64,335,64,0.03707947989460081
molclr_gin,MolCLR-GIN,gpu,64,336,64,0.037456364021636546
molclr_gin,MolCLR-GIN,gpu,64,337,64,0.037471242947503924
molclr_gin,MolCLR-GIN,gpu,64,338,64,0.04872583504766226
molclr_gin,MolCLR-GIN,gpu,64,339,64,0.04556267091538757
molclr_gin,MolCLR-GIN,gpu,64,340,64,0.037857502000406384
molclr_gin,MolCLR-GIN,gpu,64,341,64,0.036692644003778696
molclr_gin,MolCLR-GIN,gpu,64,342,64,0.0588689420837909
molclr_gin,MolCLR-GIN,gpu,64,343,64,0.03782204899471253
molclr_gin,MolCLR-GIN,gpu,64,344,64,0.03690924495458603
molclr_gin,MolCLR-GIN,gpu,64,345,64,0.0380759600084275
molclr_gin,MolCLR-GIN,gpu,64,346,64,0.0397304369835183
molclr_gin,MolCLR-GIN,gpu,64,347,64,0.05512758600525558
molclr_gin,MolCLR-GIN,gpu,64,348,64,0.03573200199753046
molclr_gin,MolCLR-GIN,gpu,64,349,64,0.0367063710000366
molclr_gin,MolCLR-GIN,gpu,64,350,64,0.048787337029352784
molclr_gin,MolCLR-GIN,gpu,64,351,64,0.046099741011857986
molclr_gin,MolCLR-GIN,gpu,64,352,64,0.037511882022954524
molclr_gin,MolCLR-GIN,gpu,64,353,64,0.037993722944520414
molclr_gin,MolCLR-GIN,gpu,64,354,64,0.03684431896544993
molclr_gin,MolCLR-GIN,gpu,64,355,64,0.0503878629533574
molclr_gin,MolCLR-GIN,gpu,64,356,64,0.047624237020500004
molclr_gin,MolCLR-GIN,gpu,64,357,64,0.04104210704099387
molclr_gin,MolCLR-GIN,gpu,64,358,64,0.04103878000751138
molclr_gin,MolCLR-GIN,gpu,64,359,64,0.05880276800598949
molclr_gin,MolCLR-GIN,gpu,64,360,64,0.048468178953044116
molclr_gin,MolCLR-GIN,gpu,64,361,64,0.0367444179719314
molclr_gin,MolCLR-GIN,gpu,64,362,64,0.037746786954812706
molclr_gin,MolCLR-GIN,gpu,64,363,64,0.05713104491587728
molclr_gin,MolCLR-GIN,gpu,64,364,64,0.050564144970849156
molclr_gin,MolCLR-GIN,gpu,64,365,64,0.03729716909583658
molclr_gin,MolCLR-GIN,gpu,64,366,64,0.036637541954405606
molclr_gin,MolCLR-GIN,gpu,64,367,64,0.039717829087749124
molclr_gin,MolCLR-GIN,gpu,64,368,64,0.0535062929848209
molclr_gin,MolCLR-GIN,gpu,64,369,64,0.03890319797210395
molclr_gin,MolCLR-GIN,gpu,64,370,64,0.03748298704158515
molclr_gin,MolCLR-GIN,gpu,64,371,64,0.05276337300892919
molclr_gin,MolCLR-GIN,gpu,64,372,64,0.04140737699344754
molclr_gin,MolCLR-GIN,gpu,64,373,64,0.03814811899792403
molclr_gin,MolCLR-GIN,gpu,64,374,64,0.04259309999179095
molclr_gin,MolCLR-GIN,gpu,64,375,64,0.060593205969780684
molclr_gin,MolCLR-GIN,gpu,64,376,64,0.04975745198316872
molclr_gin,MolCLR-GIN,gpu,64,377,64,0.03896629996597767
molclr_gin,MolCLR-GIN,gpu,64,378,64,0.0382441149558872
molclr_gin,MolCLR-GIN,gpu,64,379,64,0.05966014903970063
molclr_gin,MolCLR-GIN,gpu,64,380,64,0.03855437703896314
molclr_gin,MolCLR-GIN,gpu,64,381,64,0.0376451900228858
molclr_gin,MolCLR-GIN,gpu,64,382,64,0.051867431960999966
molclr_gin,MolCLR-GIN,gpu,64,383,64,0.04555719904601574
molclr_gin,MolCLR-GIN,gpu,64,384,64,0.0387003889773041
molclr_gin,MolCLR-GIN,gpu,64,385,64,0.03753472899552435
molclr_gin,MolCLR-GIN,gpu,64,386,64,0.0386766130104661
molclr_gin,MolCLR-GIN,gpu,64,387,64,0.056613556924276054
molclr_gin,MolCLR-GIN,gpu,64,388,64,0.05896388308610767
molclr_gin,MolCLR-GIN,gpu,64,389,64,0.039846689091064036
molclr_gin,MolCLR-GIN,gpu,64,390,64,0.057786703924648464
molclr_gin,MolCLR-GIN,gpu,64,391,64,0.04579095100052655
molclr_gin,MolCLR-GIN,gpu,64,392,64,0.03882291296031326
molclr_gin,MolCLR-GIN,gpu,64,393,64,0.038002970977686346
molclr_gin,MolCLR-GIN,gpu,64,394,64,0.04215788096189499
molclr_gin,MolCLR-GIN,gpu,64,395,64,0.052411959040910006
molclr_gin,MolCLR-GIN,gpu,64,396,64,0.03831025690305978
molclr_gin,MolCLR-GIN,gpu,64,397,64,0.03728283301461488
molclr_gin,MolCLR-GIN,gpu,64,398,64,0.05647237692028284
molclr_gin,MolCLR-GIN,gpu,64,399,64,0.039324049022980034
molclr_gin,MolCLR-GIN,gpu,64,400,64,0.03719506005290896
molclr_gin,MolCLR-GIN,gpu,64,401,64,0.03838964691385627
molclr_gin,MolCLR-GIN,gpu,64,402,64,0.03786019096150994
molclr_gin,MolCLR-GIN,gpu,64,403,64,0.058561783051118255
molclr_gin,MolCLR-GIN,gpu,64,404,64,0.03668576409108937
molclr_gin,MolCLR-GIN,gpu,64,405,64,0.03899877902586013
molclr_gin,MolCLR-GIN,gpu,64,406,64,0.048266522004269063
molclr_gin,MolCLR-GIN,gpu,64,407,64,0.06144402897916734
molclr_gin,MolCLR-GIN,gpu,64,408,64,0.04215349699370563
molclr_gin,MolCLR-GIN,gpu,64,409,64,0.03800409100949764
molclr_gin,MolCLR-GIN,gpu,64,410,64,0.038330895942635834
molclr_gin,MolCLR-GIN,gpu,64,411,64,0.05842070002108812
molclr_gin,MolCLR-GIN,gpu,64,412,64,0.05251339601818472
molclr_gin,MolCLR-GIN,gpu,64,413,64,0.03704511292744428
molclr_gin,MolCLR-GIN,gpu,64,414,64,0.03747597895562649
molclr_gin,MolCLR-GIN,gpu,64,415,64,0.05329410790000111
molclr_gin,MolCLR-GIN,gpu,64,416,64,0.04604031902272254
molclr_gin,MolCLR-GIN,gpu,64,417,64,0.04052663501352072
molclr_gin,MolCLR-GIN,gpu,64,418,64,0.04577200801577419
molclr_gin,MolCLR-GIN,gpu,64,419,64,0.060575160081498325
molclr_gin,MolCLR-GIN,gpu,64,420,64,0.04702512104995549
molclr_gin,MolCLR-GIN,gpu,64,421,64,0.03773625893518329
molclr_gin,MolCLR-GIN,gpu,64,422,64,0.038652325980365276
molclr_gin,MolCLR-GIN,gpu,64,423,64,0.057942089973948896
molclr_gin,MolCLR-GIN,gpu,64,424,64,0.038065816974267364
molclr_gin,MolCLR-GIN,gpu,64,425,64,0.03971437306609005
molclr_gin,MolCLR-GIN,gpu,64,426,64,0.05119974201079458
molclr_gin,MolCLR-GIN,gpu,64,427,64,0.04193663992919028
molclr_gin,MolCLR-GIN,gpu,64,428,64,0.038520330912433565
molclr_gin,MolCLR-GIN,gpu,64,429,64,0.0387898898916319
molclr_gin,MolCLR-GIN,gpu,64,430,64,0.036265135975554585
molclr_gin,MolCLR-GIN,gpu,64,431,64,0.05721184203866869
molclr_gin,MolCLR-GIN,gpu,64,432,64,0.03786793502513319
molclr_gin,MolCLR-GIN,gpu,64,433,64,0.03840311896055937
molclr_gin,MolCLR-GIN,gpu,64,434,64,0.04099657293409109
molclr_gin,MolCLR-GIN,gpu,64,435,64,0.05141163896769285
molclr_gin,MolCLR-GIN,gpu,64,436,64,0.03888115205336362
molclr_gin,MolCLR-GIN,gpu,64,437,64,0.03884662396740168
molclr_gin,MolCLR-GIN,gpu,64,438,64,0.03824366698972881
molclr_gin,MolCLR-GIN,gpu,64,439,64,0.0467355300206691
molclr_gin,MolCLR-GIN,gpu,64,440,64,0.048103710054419935
molclr_gin,MolCLR-GIN,gpu,64,441,64,0.03807090502232313
molclr_gin,MolCLR-GIN,gpu,64,442,64,0.03742177307140082
molclr_gin,MolCLR-GIN,gpu,64,443,64,0.06042713299393654
molclr_gin,MolCLR-GIN,gpu,64,444,64,0.05537849001120776
molclr_gin,MolCLR-GIN,gpu,64,445,64,0.038416142109781504
molclr_gin,MolCLR-GIN,gpu,64,446,64,0.03932808095123619
molclr_gin,MolCLR-GIN,gpu,64,447,64,0.05396295199170709
molclr_gin,MolCLR-GIN,gpu,64,448,64,0.05901744891889393
molclr_gin,MolCLR-GIN,gpu,64,449,64,0.03798396303318441
molclr_gin,MolCLR-GIN,gpu,64,450,64,0.03831419302150607
molclr_gin,MolCLR-GIN,gpu,64,451,64,0.04369194293394685
molclr_gin,MolCLR-GIN,gpu,64,452,64,0.060769714997150004
molclr_gin,MolCLR-GIN,gpu,64,453,64,0.04676109796855599
molclr_gin,MolCLR-GIN,gpu,64,454,64,0.04343454504851252
molclr_gin,MolCLR-GIN,gpu,64,455,64,0.04975825105793774
molclr_gin,MolCLR-GIN,gpu,64,456,64,0.03866051894146949
molclr_gin,MolCLR-GIN,gpu,64,457,64,0.03777027397882193
molclr_gin,MolCLR-GIN,gpu,64,458,64,0.03723880194593221
molclr_gin,MolCLR-GIN,gpu,64,459,64,0.037790881004184484
molclr_gin,MolCLR-GIN,gpu,64,460,64,0.03787036694120616
molclr_gin,MolCLR-GIN,gpu,64,461,64,0.037919132970273495
molclr_gin,MolCLR-GIN,gpu,64,462,64,0.03772144392132759
molclr_gin,MolCLR-GIN,gpu,64,463,64,0.03858202393166721
molclr_gin,MolCLR-GIN,gpu,64,464,64,0.0386609350098297
molclr_gin,MolCLR-GIN,gpu,64,465,64,0.037951804930344224
molclr_gin,MolCLR-GIN,gpu,64,466,64,0.038650597096420825
molclr_gin,MolCLR-GIN,gpu,64,467,64,0.036865919013507664
molclr_gin,MolCLR-GIN,gpu,64,468,64,0.037369197933003306
molclr_gin,MolCLR-GIN,gpu,64,469,64,0.03912735194899142
molclr_gin,MolCLR-GIN,gpu,64,470,64,0.03838731104042381
molclr_gin,MolCLR-GIN,gpu,64,471,64,0.03818421298637986
molclr_gin,MolCLR-GIN,gpu,64,472,64,0.043777029030025005
molclr_gin,MolCLR-GIN,gpu,64,473,64,0.06276050000451505
molclr_gin,MolCLR-GIN,gpu,64,474,64,0.0459794889902696
molclr_gin,MolCLR-GIN,gpu,64,475,64,0.03674659400712699
molclr_gin,MolCLR-GIN,gpu,64,476,64,0.038787713972851634
molclr_gin,MolCLR-GIN,gpu,64,477,64,0.06128524988889694
molclr_gin,MolCLR-GIN,gpu,64,478,64,0.058082150062546134
molclr_gin,MolCLR-GIN,gpu,64,479,64,0.046918916050344706
molclr_gin,MolCLR-GIN,gpu,64,480,64,0.038896318059414625
molclr_gin,MolCLR-GIN,gpu,64,481,64,0.05845234601292759
molclr_gin,MolCLR-GIN,gpu,64,482,64,0.037690917029976845
molclr_gin,MolCLR-GIN,gpu,64,483,64,0.038152502034790814
molclr_gin,MolCLR-GIN,gpu,64,484,64,0.05043144605588168
molclr_gin,MolCLR-GIN,gpu,64,485,64,0.059965866967104375
molclr_gin,MolCLR-GIN,gpu,64,486,64,0.041012508096173406
molclr_gin,MolCLR-GIN,gpu,64,487,64,0.037023065029643476
molclr_gin,MolCLR-GIN,gpu,64,488,64,0.038986556115560234
molclr_gin,MolCLR-GIN,gpu,64,489,64,0.060083176009356976
molclr_gin,MolCLR-GIN,gpu,64,490,64,0.05168673396110535
molclr_gin,MolCLR-GIN,gpu,64,491,64,0.039813762065023184
molclr_gin,MolCLR-GIN,gpu,64,492,64,0.05454050097614527
molclr_gin,MolCLR-GIN,gpu,64,493,64,0.0381271910155192
molclr_gin,MolCLR-GIN,gpu,64,494,64,0.037517416989430785
molclr_gin,MolCLR-GIN,gpu,64,495,64,0.03815496596507728
molclr_gin,MolCLR-GIN,gpu,64,496,64,0.04313951393123716
molclr_gin,MolCLR-GIN,gpu,64,497,64,0.051015714998357
molclr_gin,MolCLR-GIN,gpu,64,498,64,0.0372759219026193
molclr_gin,MolCLR-GIN,gpu,64,499,64,0.03741889295633882
molclr_gin,MolCLR-GIN,gpu,64,500,64,0.05463876901194453
molclr_gin,MolCLR-GIN,gpu,64,501,64,0.03888297500088811
molclr_gin,MolCLR-GIN,gpu,64,502,64,0.037640647031366825
molclr_gin,MolCLR-GIN,gpu,64,503,64,0.03781072108540684
molclr_gin,MolCLR-GIN,gpu,64,504,64,0.03822827595286071
molclr_gin,MolCLR-GIN,gpu,64,505,64,0.03813378303311765
molclr_gin,MolCLR-GIN,gpu,64,506,64,0.037964316084980965
molclr_gin,MolCLR-GIN,gpu,64,507,64,0.039020378957502544
molclr_gin,MolCLR-GIN,gpu,64,508,64,0.038129782071337104
molclr_gin,MolCLR-GIN,gpu,64,509,64,0.03831201698631048
molclr_gin,MolCLR-GIN,gpu,64,510,64,0.03824584395624697
molclr_gin,MolCLR-GIN,gpu,64,511,64,0.03818766900803894
molclr_gin,MolCLR-GIN,gpu,64,512,64,0.038264435017481446
molclr_gin,MolCLR-GIN,gpu,64,513,64,0.039770370931364596
molclr_gin,MolCLR-GIN,gpu,64,514,64,0.03852343396283686
molclr_gin,MolCLR-GIN,gpu,64,515,64,0.038496043998748064
molclr_gin,MolCLR-GIN,gpu,64,516,64,0.03791404596995562
molclr_gin,MolCLR-GIN,gpu,64,517,64,0.03764787700492889
molclr_gin,MolCLR-GIN,gpu,64,518,64,0.03757485595997423
molclr_gin,MolCLR-GIN,gpu,64,519,64,0.04837173502892256
molclr_gin,MolCLR-GIN,gpu,64,520,64,0.06059327209368348
molclr_gin,MolCLR-GIN,gpu,64,521,64,0.04269552696496248
molclr_gin,MolCLR-GIN,gpu,64,522,64,0.04812866996508092
molclr_gin,MolCLR-GIN,gpu,64,523,64,0.04696134594269097
molclr_gin,MolCLR-GIN,gpu,64,524,64,0.037856862996704876
molclr_gin,MolCLR-GIN,gpu,64,525,64,0.0380345219746232
molclr_gin,MolCLR-GIN,gpu,64,526,64,0.03814699803479016
molclr_gin,MolCLR-GIN,gpu,64,527,64,0.051919400109909475
molclr_gin,MolCLR-GIN,gpu,64,528,64,0.04521644103806466
molclr_gin,MolCLR-GIN,gpu,64,529,64,0.03965229506138712
molclr_gin,MolCLR-GIN,gpu,64,530,64,0.04254753305576742
molclr_gin,MolCLR-GIN,gpu,64,531,64,0.05237861699424684
molclr_gin,MolCLR-GIN,gpu,64,532,64,0.03793110093101859
molclr_gin,MolCLR-GIN,gpu,64,533,64,0.036841311026364565
molclr_gin,MolCLR-GIN,gpu,64,534,64,0.03908524091821164
molclr_gin,MolCLR-GIN,gpu,64,535,64,0.04573066404554993
molclr_gin,MolCLR-GIN,gpu,64,536,64,0.047669228981249034
molclr_gin,MolCLR-GIN,gpu,64,537,64,0.03691148408688605
molclr_gin,MolCLR-GIN,gpu,64,538,64,0.03814911004155874
molclr_gin,MolCLR-GIN,gpu,64,539,64,0.05776139290537685
molclr_gin,MolCLR-GIN,gpu,64,540,64,0.05716435506474227
molclr_gin,MolCLR-GIN,gpu,64,541,64,0.03840772609692067
molclr_gin,MolCLR-GIN,gpu,64,542,64,0.03832347295247018
molclr_gin,MolCLR-GIN,gpu,64,543,64,0.049552848911844194
molclr_gin,MolCLR-GIN,gpu,64,544,64,0.06041817297227681
molclr_gin,MolCLR-GIN,gpu,64,545,64,0.04190841701347381
molclr_gin,MolCLR-GIN,gpu,64,546,64,0.03817586100194603
molclr_gin,MolCLR-GIN,gpu,64,547,64,0.04094153502956033
molclr_gin,MolCLR-GIN,gpu,64,548,64,0.052045474993065
molclr_gin,MolCLR-GIN,gpu,64,549,64,0.03851610701531172
molclr_gin,MolCLR-GIN,gpu,64,550,64,0.038828576914966106
molclr_gin,MolCLR-GIN,gpu,64,551,64,0.053478613030165434
molclr_gin,MolCLR-GIN,gpu,64,552,64,0.06047679600305855
molclr_gin,MolCLR-GIN,gpu,64,553,64,0.038831040961667895
molclr_gin,MolCLR-GIN,gpu,64,554,64,0.0560620209435001
molclr_gin,MolCLR-GIN,gpu,64,555,64,0.041391569073311985
molclr_gin,MolCLR-GIN,gpu,64,556,64,0.038888895069248974
molclr_gin,MolCLR-GIN,gpu,64,557,64,0.045545805944129825
molclr_gin,MolCLR-GIN,gpu,64,558,64,0.06073790695518255
molclr_gin,MolCLR-GIN,gpu,64,559,64,0.04686061292886734
molclr_gin,MolCLR-GIN,gpu,64,560,64,0.039950206060893834
molclr_gin,MolCLR-GIN,gpu,64,561,64,0.04102127603255212
molclr_gin,MolCLR-GIN,gpu,64,562,64,0.06023632292635739
molclr_gin,MolCLR-GIN,gpu,64,563,64,0.05208477005362511
molclr_gin,MolCLR-GIN,gpu,64,564,64,0.03825905791018158
molclr_gin,MolCLR-GIN,gpu,64,565,64,0.03918200603220612
molclr_gin,MolCLR-GIN,gpu,64,566,64,0.039623143966309726
molclr_gin,MolCLR-GIN,gpu,64,567,64,0.03851290699094534
molclr_gin,MolCLR-GIN,gpu,64,568,64,0.03865910996682942
molclr_gin,MolCLR-GIN,gpu,64,569,64,0.03904456994496286
molclr_gin,MolCLR-GIN,gpu,64,570,64,0.061452284920960665
molclr_gin,MolCLR-GIN,gpu,64,571,64,0.05404864402953535
molclr_gin,MolCLR-GIN,gpu,64,572,64,0.04059882601723075
molclr_gin,MolCLR-GIN,gpu,64,573,64,0.058283551945351064
molclr_gin,MolCLR-GIN,gpu,64,574,64,0.037757666083052754
molclr_gin,MolCLR-GIN,gpu,64,575,64,0.039220564998686314
molclr_gin,MolCLR-GIN,gpu,64,576,64,0.039750051917508245
molclr_gin,MolCLR-GIN,gpu,64,577,64,0.043277876917272806
molclr_gin,MolCLR-GIN,gpu,64,578,64,0.050763883045874536
molclr_gin,MolCLR-GIN,gpu,64,579,64,0.03866794193163514
molclr_gin,MolCLR-GIN,gpu,64,580,64,0.038040313054807484
molclr_gin,MolCLR-GIN,gpu,64,581,64,0.058399677043780684
molclr_gin,MolCLR-GIN,gpu,64,582,64,0.05805363901890814
molclr_gin,MolCLR-GIN,gpu,64,583,64,0.03836699097882956
molclr_gin,MolCLR-GIN,gpu,64,584,64,0.03904085897374898
molclr_gin,MolCLR-GIN,gpu,64,585,64,0.05074404296465218
molclr_gin,MolCLR-GIN,gpu,64,586,64,0.0487589220283553
molclr_gin,MolCLR-GIN,gpu,64,587,64,0.039468268980272114
molclr_gin,MolCLR-GIN,gpu,64,588,64,0.04174390994012356
molclr_gin,MolCLR-GIN,gpu,64,589,64,0.06118659698404372
molclr_gin,MolCLR-GIN,gpu,64,590,64,0.04741298092994839
molclr_gin,MolCLR-GIN,gpu,64,591,64,0.0376477490644902
molclr_gin,MolCLR-GIN,gpu,64,592,64,0.0386385991005227
molclr_gin,MolCLR-GIN,gpu,64,593,64,0.06082801695447415
molclr_gin,MolCLR-GIN,gpu,64,594,64,0.04618338600266725
molclr_gin,MolCLR-GIN,gpu,64,595,64,0.0409706539940089
molclr_gin,MolCLR-GIN,gpu,64,596,64,0.03856068092864007
molclr_gin,MolCLR-GIN,gpu,64,597,64,0.048744266969151795
molclr_gin,MolCLR-GIN,gpu,64,598,64,0.06123104295693338
molclr_gin,MolCLR-GIN,gpu,64,599,64,0.04218037601094693
molclr_gin,MolCLR-GIN,gpu,64,600,64,0.04784045496489853
molclr_gin,MolCLR-GIN,gpu,64,601,64,0.06240387097932398
molclr_gin,MolCLR-GIN,gpu,64,602,64,0.04269917600322515
molclr_gin,MolCLR-GIN,gpu,64,603,64,0.038689445005729795
molclr_gin,MolCLR-GIN,gpu,64,604,64,0.04087472101673484
molclr_gin,MolCLR-GIN,gpu,64,605,64,0.0547865730477497
molclr_gin,MolCLR-GIN,gpu,64,606,64,0.0373554389225319
molclr_gin,MolCLR-GIN,gpu,64,607,64,0.039447693969123065
molclr_gin,MolCLR-GIN,gpu,64,608,64,0.03790214192122221
molclr_gin,MolCLR-GIN,gpu,64,609,64,0.03818901302292943
molclr_gin,MolCLR-GIN,gpu,64,610,64,0.03830040094908327
molclr_gin,MolCLR-GIN,gpu,64,611,64,0.03847383602987975
molclr_gin,MolCLR-GIN,gpu,64,612,64,0.03827988891862333
molclr_gin,MolCLR-GIN,gpu,64,613,64,0.03920600493438542
molclr_gin,MolCLR-GIN,gpu,64,614,64,0.039551754016429186
molclr_gin,MolCLR-GIN,gpu,64,615,64,0.03926347603555769
molclr_gin,MolCLR-GIN,gpu,64,616,64,0.03783417597878724
molclr_gin,MolCLR-GIN,gpu,64,617,64,0.03906984895002097
molclr_gin,MolCLR-GIN,gpu,64,618,64,0.03849313105456531
molclr_gin,MolCLR-GIN,gpu,64,619,64,0.03948583698365837
molclr_gin,MolCLR-GIN,gpu,64,620,64,0.03877494507469237
molclr_gin,MolCLR-GIN,gpu,64,621,64,0.03830116998869926
molclr_gin,MolCLR-GIN,gpu,64,622,64,0.046830406063236296
molclr_gin,MolCLR-GIN,gpu,64,623,64,0.05946117895655334
molclr_gin,MolCLR-GIN,gpu,64,624,64,0.04397360002622008
molclr_gin,MolCLR-GIN,gpu,64,625,64,0.0385319140041247
molclr_gin,MolCLR-GIN,gpu,64,626,64,0.04077328403946012
molclr_gin,MolCLR-GIN,gpu,64,627,64,0.061824304051697254
molclr_gin,MolCLR-GIN,gpu,64,628,64,0.05170766299124807
molclr_gin,MolCLR-GIN,gpu,64,629,64,0.03963117499370128
molclr_gin,MolCLR-GIN,gpu,64,630,64,0.03839742310810834
molclr_gin,MolCLR-GIN,gpu,64,631,64,0.05822109000291675
molclr_gin,MolCLR-GIN,gpu,64,632,64,0.03706047195009887
molclr_gin,MolCLR-GIN,gpu,64,633,64,0.03863037400878966
molclr_gin,MolCLR-GIN,gpu,64,634,64,0.03838295897003263
molclr_gin,MolCLR-GIN,gpu,64,635,64,0.040415343013592064
molclr_gin,MolCLR-GIN,gpu,64,636,64,0.057592182070948184
molclr_gin,MolCLR-GIN,gpu,64,637,64,0.039671813952736557
molclr_gin,MolCLR-GIN,gpu,64,638,64,0.03781049698591232
molclr_gin,MolCLR-GIN,gpu,64,639,64,0.05535292299464345
molclr_gin,MolCLR-GIN,gpu,64,640,64,0.0608748949598521
molclr_gin,MolCLR-GIN,gpu,64,641,64,0.039543241960927844
molclr_gin,MolCLR-GIN,gpu,64,642,64,0.0401500720763579
molclr_gin,MolCLR-GIN,gpu,64,643,64,0.051495315972715616
molclr_gin,MolCLR-GIN,gpu,64,644,64,0.0631317209918052
molclr_gin,MolCLR-GIN,gpu,64,645,64,0.039458062034100294
molclr_gin,MolCLR-GIN,gpu,64,646,64,0.0388713909778744
molclr_gin,MolCLR-GIN,gpu,64,647,64,0.0447815420338884
molclr_gin,MolCLR-GIN,gpu,64,648,64,0.06527043704409152
molclr_gin,MolCLR-GIN,gpu,64,649,64,0.0451557069318369
molclr_gin,MolCLR-GIN,gpu,64,650,64,0.04623407300096005
molclr_gin,MolCLR-GIN,gpu,64,651,64,0.049800617969594896
molclr_gin,MolCLR-GIN,gpu,64,652,64,0.039049466024152935
molclr_gin,MolCLR-GIN,gpu,64,653,64,0.03795282798819244
molclr_gin,MolCLR-GIN,gpu,64,654,64,0.039122615940868855
molclr_gin,MolCLR-GIN,gpu,64,655,64,0.05273297394160181
molclr_gin,MolCLR-GIN,gpu,64,656,64,0.047209946904331446
molclr_gin,MolCLR-GIN,gpu,64,657,64,0.04020347795449197
molclr_gin,MolCLR-GIN,gpu,64,658,64,0.04389133001677692
molclr_gin,MolCLR-GIN,gpu,64,659,64,0.05082397791557014
molclr_gin,MolCLR-GIN,gpu,64,660,64,0.038080374943092465
molclr_gin,MolCLR-GIN,gpu,64,661,64,0.03927573096007109
molclr_gin,MolCLR-GIN,gpu,64,662,64,0.039272179012186825
molclr_gin,MolCLR-GIN,gpu,64,663,64,0.04996525205206126
molclr_gin,MolCLR-GIN,gpu,64,664,64,0.044905379065312445
molclr_gin,MolCLR-GIN,gpu,64,665,64,0.03852343501057476
molclr_gin,MolCLR-GIN,gpu,64,666,64,0.04063447308726609
molclr_gin,MolCLR-GIN,gpu,64,667,64,0.05645042401738465
molclr_gin,MolCLR-GIN,gpu,64,668,64,0.038535851053893566
molclr_gin,MolCLR-GIN,gpu,64,669,64,0.03832430497277528
molclr_gin,MolCLR-GIN,gpu,64,670,64,0.038064793101511896
molclr_gin,MolCLR-GIN,gpu,64,671,64,0.04328626103233546
molclr_gin,MolCLR-GIN,gpu,64,672,64,0.05206425895448774
molclr_gin,MolCLR-GIN,gpu,64,673,64,0.03879420994780958
molclr_gin,MolCLR-GIN,gpu,64,674,64,0.03870506095699966
molclr_gin,MolCLR-GIN,gpu,64,675,64,0.05931702395901084
molclr_gin,MolCLR-GIN,gpu,64,676,64,0.056517752003856
molclr_gin,MolCLR-GIN,gpu,64,677,64,0.040051545947790146
molclr_gin,MolCLR-GIN,gpu,64,678,64,0.03884502500295639
molclr_gin,MolCLR-GIN,gpu,64,679,64,0.055434200912714005
molclr_gin,MolCLR-GIN,gpu,64,680,64,0.0617739389417693
molclr_gin,MolCLR-GIN,gpu,64,681,64,0.03890626993961632
molclr_gin,MolCLR-GIN,gpu,64,682,64,0.039141622954048216
molclr_gin,MolCLR-GIN,gpu,64,683,64,0.04880183294881135
molclr_gin,MolCLR-GIN,gpu,64,684,64,0.04788381408434361
molclr_gin,MolCLR-GIN,gpu,64,685,64,0.03833608003333211
molclr_gin,MolCLR-GIN,gpu,64,686,64,0.03974025999195874
molclr_gin,MolCLR-GIN,gpu,64,687,64,0.060628022998571396
molclr_gin,MolCLR-GIN,gpu,64,688,64,0.05806611804291606
molclr_gin,MolCLR-GIN,gpu,64,689,64,0.04820293898228556
molclr_gin,MolCLR-GIN,gpu,64,690,64,0.040994844981469214
molclr_gin,MolCLR-GIN,gpu,64,691,64,0.06233341002371162
molclr_gin,MolCLR-GIN,gpu,64,692,64,0.05103549000341445
molclr_gin,MolCLR-GIN,gpu,64,693,64,0.04076048394199461
molclr_gin,MolCLR-GIN,gpu,64,694,64,0.054883914068341255
molclr_gin,MolCLR-GIN,gpu,64,695,64,0.038705541053786874
molclr_gin,MolCLR-GIN,gpu,64,696,64,0.03966487105935812
molclr_gin,MolCLR-GIN,gpu,64,697,64,0.03882377699483186
molclr_gin,MolCLR-GIN,gpu,64,698,64,0.04883453599177301
molclr_gin,MolCLR-GIN,gpu,64,699,64,0.062055402086116374
molclr_gin,MolCLR-GIN,gpu,64,700,64,0.04331249906681478
molclr_gin,MolCLR-GIN,gpu,64,701,64,0.04932005703449249
molclr_gin,MolCLR-GIN,gpu,64,702,64,0.04686282109469175
molclr_gin,MolCLR-GIN,gpu,64,703,64,0.036997018032707274
molclr_gin,MolCLR-GIN,gpu,64,704,64,0.03858445701189339
molclr_gin,MolCLR-GIN,gpu,64,705,64,0.0386231750017032
molclr_gin,MolCLR-GIN,gpu,64,706,64,0.0567144489614293
molclr_gin,MolCLR-GIN,gpu,64,707,64,0.04420968797057867
molclr_gin,MolCLR-GIN,gpu,64,708,64,0.04097407800145447
molclr_gin,MolCLR-GIN,gpu,64,709,64,0.04810758191160858
molclr_gin,MolCLR-GIN,gpu,64,710,64,0.06145410903263837
molclr_gin,MolCLR-GIN,gpu,64,711,64,0.043869794928468764
molclr_gin,MolCLR-GIN,gpu,64,712,64,0.03957917692605406
molclr_gin,MolCLR-GIN,gpu,64,713,64,0.03831864090170711
molclr_gin,MolCLR-GIN,gpu,64,714,64,0.03833035205025226
molclr_gin,MolCLR-GIN,gpu,64,715,64,0.03866387810558081
molclr_gin,MolCLR-GIN,gpu,64,716,64,0.037866686936467886
molclr_gin,MolCLR-GIN,gpu,64,717,64,0.038932893075980246
molclr_gin,MolCLR-GIN,gpu,64,718,64,0.03863907908089459
molclr_gin,MolCLR-GIN,gpu,64,719,64,0.03841470193583518
molclr_gin,MolCLR-GIN,gpu,64,720,64,0.037783424952067435
molclr_gin,MolCLR-GIN,gpu,64,721,64,0.0388048340100795
molclr_gin,MolCLR-GIN,gpu,64,722,64,0.03847610705997795
molclr_gin,MolCLR-GIN,gpu,64,723,64,0.03923234099056572
molclr_gin,MolCLR-GIN,gpu,64,724,64,0.03934526501689106
molclr_gin,MolCLR-GIN,gpu,64,725,64,0.03799244295805693
molclr_gin,MolCLR-GIN,gpu,64,726,64,0.03909515996929258
molclr_gin,MolCLR-GIN,gpu,64,727,64,0.03878000297117978
molclr_gin,MolCLR-GIN,gpu,64,728,64,0.05923449795227498
molclr_gin,MolCLR-GIN,gpu,64,729,64,0.03926789097022265
molclr_gin,MolCLR-GIN,gpu,64,730,64,0.03856804105453193
molclr_gin,MolCLR-GIN,gpu,64,731,64,0.050281722098588943
molclr_gin,MolCLR-GIN,gpu,64,732,64,0.04457457293756306
molclr_gin,MolCLR-GIN,gpu,64,733,64,0.03772397106513381
molclr_gin,MolCLR-GIN,gpu,64,734,64,0.03938894404564053
molclr_gin,MolCLR-GIN,gpu,64,735,64,0.03836635104380548
molclr_gin,MolCLR-GIN,gpu,64,736,64,0.057040806976146996
molclr_gin,MolCLR-GIN,gpu,64,737,64,0.03967619803734124
molclr_gin,MolCLR-GIN,gpu,64,738,64,0.03872989199589938
molclr_gin,MolCLR-GIN,gpu,64,739,64,0.04368052107747644
molclr_gin,MolCLR-GIN,gpu,64,740,64,0.06258226500358433
molclr_gin,MolCLR-GIN,gpu,64,741,64,0.04622047406155616
molclr_gin,MolCLR-GIN,gpu,64,742,64,0.03817256505135447
molclr_gin,MolCLR-GIN,gpu,64,743,64,0.03973942797165364
molclr_gin,MolCLR-GIN,gpu,64,744,64,0.05863889993634075
molclr_gin,MolCLR-GIN,gpu,64,745,64,0.03870538098271936
molclr_gin,MolCLR-GIN,gpu,64,746,64,0.03860019997227937
molclr_gin,MolCLR-GIN,gpu,64,747,64,0.05568673799280077
molclr_gin,MolCLR-GIN,gpu,64,748,64,0.06148658797610551
molclr_gin,MolCLR-GIN,gpu,64,749,64,0.0389729889575392
molclr_gin,MolCLR-GIN,gpu,64,750,64,0.03924897906836122
molclr_gin,MolCLR-GIN,gpu,64,751,64,0.04904131300281733
molclr_gin,MolCLR-GIN,gpu,64,752,64,0.062046186067163944
molclr_gin,MolCLR-GIN,gpu,64,753,64,0.04203186894301325
molclr_gin,MolCLR-GIN,gpu,64,754,64,0.038099032011814415
molclr_gin,MolCLR-GIN,gpu,64,755,64,0.039712900994345546
molclr_gin,MolCLR-GIN,gpu,64,756,64,0.05574785603675991
molclr_gin,MolCLR-GIN,gpu,64,757,64,0.0379305878886953
molclr_gin,MolCLR-GIN,gpu,64,758,64,0.038732483983039856
molclr_gin,MolCLR-GIN,gpu,64,759,64,0.05440044205170125
molclr_gin,MolCLR-GIN,gpu,64,760,64,0.04214658495038748
molclr_gin,MolCLR-GIN,gpu,64,761,64,0.03946743707638234
molclr_gin,MolCLR-GIN,gpu,64,762,64,0.03796655603218824
molclr_gin,MolCLR-GIN,gpu,64,763,64,0.04038270504679531
molclr_gin,MolCLR-GIN,gpu,64,764,64,0.05966120399534702
molclr_gin,MolCLR-GIN,gpu,64,765,64,0.03831934498157352
molclr_gin,MolCLR-GIN,gpu,64,766,64,0.039112087921239436
molclr_gin,MolCLR-GIN,gpu,64,767,64,0.05219263897743076
molclr_gin,MolCLR-GIN,gpu,64,768,64,0.04281408397946507
molclr_gin,MolCLR-GIN,gpu,64,769,64,0.038944764994084835
molclr_gin,MolCLR-GIN,gpu,64,770,64,0.03751549799926579
molclr_gin,MolCLR-GIN,gpu,64,771,64,0.04073293297551572
molclr_gin,MolCLR-GIN,gpu,64,772,64,0.05894238001201302
molclr_gin,MolCLR-GIN,gpu,64,773,64,0.03937080001924187
molclr_gin,MolCLR-GIN,gpu,64,774,64,0.039278195006772876
molclr_gin,MolCLR-GIN,gpu,64,775,64,0.047846375964581966
molclr_gin,MolCLR-GIN,gpu,64,776,64,0.06175109196919948
molclr_gin,MolCLR-GIN,gpu,64,777,64,0.04321906203404069
molclr_gin,MolCLR-GIN,gpu,64,778,52,0.03135140403173864
molclr_gin,MolCLR-GIN,gpu,128,0,128,0.07097147405147552
molclr_gin,MolCLR-GIN,gpu,128,1,128,0.07485061802435666
molclr_gin,MolCLR-GIN,gpu,128,2,128,0.07164460595231503
molclr_gin,MolCLR-GIN,gpu,128,3,128,0.07276572298724204
molclr_gin,MolCLR-GIN,gpu,128,4,128,0.07202136190608144
molclr_gin,MolCLR-GIN,gpu,128,5,128,0.09389126999303699
molclr_gin,MolCLR-GIN,gpu,128,6,128,0.07173487509135157
molclr_gin,MolCLR-GIN,gpu,128,7,128,0.11143574398010969
molclr_gin,MolCLR-GIN,gpu,128,8,128,0.07117079698946327
molclr_gin,MolCLR-GIN,gpu,128,9,128,0.09379280800931156
molclr_gin,MolCLR-GIN,gpu,128,10,128,0.07291678991168737
molclr_gin,MolCLR-GIN,gpu,128,11,128,0.10939420899376273
molclr_gin,MolCLR-GIN,gpu,128,12,128,0.07245424494612962
molclr_gin,MolCLR-GIN,gpu,128,13,128,0.0706605730811134
molclr_gin,MolCLR-GIN,gpu,128,14,128,0.07107294409070164
molclr_gin,MolCLR-GIN,gpu,128,15,128,0.0729265819536522
molclr_gin,MolCLR-GIN,gpu,128,16,128,0.07210692798253149
molclr_gin,MolCLR-GIN,gpu,128,17,128,0.07259414298459888
molclr_gin,MolCLR-GIN,gpu,128,18,128,0.07321966101881117
molclr_gin,MolCLR-GIN,gpu,128,19,128,0.07148361904546618
molclr_gin,MolCLR-GIN,gpu,128,20,128,0.07354502601083368
molclr_gin,MolCLR-GIN,gpu,128,21,128,0.08924223098438233
molclr_gin,MolCLR-GIN,gpu,128,22,128,0.07250653090886772
molclr_gin,MolCLR-GIN,gpu,128,23,128,0.10602791397832334
molclr_gin,MolCLR-GIN,gpu,128,24,128,0.0697718319715932
molclr_gin,MolCLR-GIN,gpu,128,25,128,0.09287866100203246
molclr_gin,MolCLR-GIN,gpu,128,26,128,0.07231818500440568
molclr_gin,MolCLR-GIN,gpu,128,27,128,0.07068789994809777
molclr_gin,MolCLR-GIN,gpu,128,28,128,0.07223165908362716
molclr_gin,MolCLR-GIN,gpu,128,29,128,0.07199585810303688
molclr_gin,MolCLR-GIN,gpu,128,30,128,0.07207080104853958
molclr_gin,MolCLR-GIN,gpu,128,31,128,0.07227469806093723
molclr_gin,MolCLR-GIN,gpu,128,32,128,0.07182364095933735
molclr_gin,MolCLR-GIN,gpu,128,33,128,0.07245075597893447
molclr_gin,MolCLR-GIN,gpu,128,34,128,0.08072419394738972
molclr_gin,MolCLR-GIN,gpu,128,35,128,0.07936862006317824
molclr_gin,MolCLR-GIN,gpu,128,36,128,0.07113684702198952
molclr_gin,MolCLR-GIN,gpu,128,37,128,0.09197072091046721
molclr_gin,MolCLR-GIN,gpu,128,38,128,0.07186072692275047
molclr_gin,MolCLR-GIN,gpu,128,39,128,0.10809261701069772
molclr_gin,MolCLR-GIN,gpu,128,40,128,0.07117825304158032
molclr_gin,MolCLR-GIN,gpu,128,41,128,0.09148795192595571
molclr_gin,MolCLR-GIN,gpu,128,42,128,0.0752883319510147
molclr_gin,MolCLR-GIN,gpu,128,43,128,0.1005429970100522
molclr_gin,MolCLR-GIN,gpu,128,44,128,0.0769199290079996
molclr_gin,MolCLR-GIN,gpu,128,45,128,0.08325784199405462
molclr_gin,MolCLR-GIN,gpu,128,46,128,0.09524972306098789
molclr_gin,MolCLR-GIN,gpu,128,47,128,0.07299633999355137
molclr_gin,MolCLR-GIN,gpu,128,48,128,0.08921122294850647
molclr_gin,MolCLR-GIN,gpu,128,49,128,0.07637677807360888
molclr_gin,MolCLR-GIN,gpu,128,50,128,0.10416553996037692
molclr_gin,MolCLR-GIN,gpu,128,51,128,0.07158688001800328
molclr_gin,MolCLR-GIN,gpu,128,52,128,0.10827536298893392
molclr_gin,MolCLR-GIN,gpu,128,53,128,0.10406029596924782
molclr_gin,MolCLR-GIN,gpu,128,54,128,0.09453518502414227
molclr_gin,MolCLR-GIN,gpu,128,55,128,0.07729514909442514
molclr_gin,MolCLR-GIN,gpu,128,56,128,0.08214293292257935
molclr_gin,MolCLR-GIN,gpu,128,57,128,0.084017051034607
molclr_gin,MolCLR-GIN,gpu,128,58,128,0.09347605099901557
molclr_gin,MolCLR-GIN,gpu,128,59,128,0.07228874496649951
molclr_gin,MolCLR-GIN,gpu,128,60,128,0.07200901105534285
molclr_gin,MolCLR-GIN,gpu,128,61,128,0.0714957460295409
molclr_gin,MolCLR-GIN,gpu,128,62,128,0.07429713208694011
molclr_gin,MolCLR-GIN,gpu,128,63,128,0.07468284701462835
molclr_gin,MolCLR-GIN,gpu,128,64,128,0.07225335598923266
molclr_gin,MolCLR-GIN,gpu,128,65,128,0.07227773801423609
molclr_gin,MolCLR-GIN,gpu,128,66,128,0.07382079295348376
molclr_gin,MolCLR-GIN,gpu,128,67,128,0.10737788793630898
molclr_gin,MolCLR-GIN,gpu,128,68,128,0.0739062320208177
molclr_gin,MolCLR-GIN,gpu,128,69,128,0.09445358801167458
molclr_gin,MolCLR-GIN,gpu,128,70,128,0.07308510399889201
molclr_gin,MolCLR-GIN,gpu,128,71,128,0.07438170397654176
molclr_gin,MolCLR-GIN,gpu,128,72,128,0.07332474598661065
molclr_gin,MolCLR-GIN,gpu,128,73,128,0.0835734480060637
molclr_gin,MolCLR-GIN,gpu,128,74,128,0.1068577760597691
molclr_gin,MolCLR-GIN,gpu,128,75,128,0.09724917996209115
molclr_gin,MolCLR-GIN,gpu,128,76,128,0.07238579902332276
molclr_gin,MolCLR-GIN,gpu,128,77,128,0.08634580904617906
molclr_gin,MolCLR-GIN,gpu,128,78,128,0.08640795201063156
molclr_gin,MolCLR-GIN,gpu,128,79,128,0.09779524395707995
molclr_gin,MolCLR-GIN,gpu,128,80,128,0.08261415001470596
molclr_gin,MolCLR-GIN,gpu,128,81,128,0.08397945098113269
molclr_gin,MolCLR-GIN,gpu,128,82,128,0.0862204700242728
molclr_gin,MolCLR-GIN,gpu,128,83,128,0.09585392894223332
molclr_gin,MolCLR-GIN,gpu,128,84,128,0.08457962493412197
molclr_gin,MolCLR-GIN,gpu,128,85,128,0.08350100310053676
molclr_gin,MolCLR-GIN,gpu,128,86,128,0.09744706202764064
molclr_gin,MolCLR-GIN,gpu,128,87,128,0.07141248602420092
molclr_gin,MolCLR-GIN,gpu,128,88,128,0.11251106997951865
molclr_gin,MolCLR-GIN,gpu,128,89,128,0.0861681830137968
molclr_gin,MolCLR-GIN,gpu,128,90,128,0.09425103501416743
molclr_gin,MolCLR-GIN,gpu,128,91,128,0.0718722459860146
molclr_gin,MolCLR-GIN,gpu,128,92,128,0.10858994594309479
molclr_gin,MolCLR-GIN,gpu,128,93,128,0.09200960106682032
molclr_gin,MolCLR-GIN,gpu,128,94,128,0.0724311419762671
molclr_gin,MolCLR-GIN,gpu,128,95,128,0.07166812405921519
molclr_gin,MolCLR-GIN,gpu,128,96,128,0.09197449695784599
molclr_gin,MolCLR-GIN,gpu,128,97,128,0.07309214503038675
molclr_gin,MolCLR-GIN,gpu,128,98,128,0.11455731000751257
molclr_gin,MolCLR-GIN,gpu,128,99,128,0.08498026407323778
molclr_gin,MolCLR-GIN,gpu,128,100,128,0.09091763908509165
molclr_gin,MolCLR-GIN,gpu,128,101,128,0.08560675894841552
molclr_gin,MolCLR-GIN,gpu,128,102,128,0.08210714196320623
molclr_gin,MolCLR-GIN,gpu,128,103,128,0.07219898805487901
molclr_gin,MolCLR-GIN,gpu,128,104,128,0.10339696402661502
molclr_gin,MolCLR-GIN,gpu,128,105,128,0.07809343107510358
molclr_gin,MolCLR-GIN,gpu,128,106,128,0.09013481892179698
molclr_gin,MolCLR-GIN,gpu,128,107,128,0.07377550797536969
molclr_gin,MolCLR-GIN,gpu,128,108,128,0.10325975203886628
molclr_gin,MolCLR-GIN,gpu,128,109,128,0.0926464410731569
molclr_gin,MolCLR-GIN,gpu,128,110,128,0.09285033692140132
molclr_gin,MolCLR-GIN,gpu,128,111,128,0.07088860403746367
molclr_gin,MolCLR-GIN,gpu,128,112,128,0.09413153794594109
molclr_gin,MolCLR-GIN,gpu,128,113,128,0.07306222093757242
molclr_gin,MolCLR-GIN,gpu,128,114,128,0.0747880790149793
molclr_gin,MolCLR-GIN,gpu,128,115,128,0.08317340700887144
molclr_gin,MolCLR-GIN,gpu,128,116,128,0.08448680001311004
molclr_gin,MolCLR-GIN,gpu,128,117,128,0.0791043060598895
molclr_gin,MolCLR-GIN,gpu,128,118,128,0.07287573197390884
molclr_gin,MolCLR-GIN,gpu,128,119,128,0.07127886195667088
molclr_gin,MolCLR-GIN,gpu,128,120,128,0.07200757099781185
molclr_gin,MolCLR-GIN,gpu,128,121,128,0.07228612201288342
molclr_gin,MolCLR-GIN,gpu,128,122,128,0.07253353600390255
molclr_gin,MolCLR-GIN,gpu,128,123,128,0.07358671398833394
molclr_gin,MolCLR-GIN,gpu,128,124,128,0.07261023693718016
molclr_gin,MolCLR-GIN,gpu,128,125,128,0.07251865603029728
molclr_gin,MolCLR-GIN,gpu,128,126,128,0.07793465396389365
molclr_gin,MolCLR-GIN,gpu,128,127,128,0.10522745701018721
molclr_gin,MolCLR-GIN,gpu,128,128,128,0.0935253209900111
molclr_gin,MolCLR-GIN,gpu,128,129,128,0.07235703093465418
molclr_gin,MolCLR-GIN,gpu,128,130,128,0.07229255291167647
molclr_gin,MolCLR-GIN,gpu,128,131,128,0.07298481499310583
molclr_gin,MolCLR-GIN,gpu,128,132,128,0.07389889506157488
molclr_gin,MolCLR-GIN,gpu,128,133,128,0.07443471497390419
molclr_gin,MolCLR-GIN,gpu,128,134,128,0.07223306701052934
molclr_gin,MolCLR-GIN,gpu,128,135,128,0.07216215692460537
molclr_gin,MolCLR-GIN,gpu,128,136,128,0.07200907496735454
molclr_gin,MolCLR-GIN,gpu,128,137,128,0.07658228592481464
molclr_gin,MolCLR-GIN,gpu,128,138,128,0.07213159906677902
molclr_gin,MolCLR-GIN,gpu,128,139,128,0.07415318908169866
molclr_gin,MolCLR-GIN,gpu,128,140,128,0.09388873202260584
molclr_gin,MolCLR-GIN,gpu,128,141,128,0.09025401598773897
molclr_gin,MolCLR-GIN,gpu,128,142,128,0.08132131397724152
molclr_gin,MolCLR-GIN,gpu,128,143,128,0.10389739403035492
molclr_gin,MolCLR-GIN,gpu,128,144,128,0.0935800380539149
molclr_gin,MolCLR-GIN,gpu,128,145,128,0.07276098406873643
molclr_gin,MolCLR-GIN,gpu,128,146,128,0.07600067497696728
molclr_gin,MolCLR-GIN,gpu,128,147,128,0.08371217199601233
molclr_gin,MolCLR-GIN,gpu,128,148,128,0.08034048601984978
molclr_gin,MolCLR-GIN,gpu,128,149,128,0.07877526199445128
molclr_gin,MolCLR-GIN,gpu,128,150,128,0.07065446802880615
molclr_gin,MolCLR-GIN,gpu,128,151,128,0.09208278090227395
molclr_gin,MolCLR-GIN,gpu,128,152,128,0.07258290995378047
molclr_gin,MolCLR-GIN,gpu,128,153,128,0.10891346796415746
molclr_gin,MolCLR-GIN,gpu,128,154,128,0.07212916691787541
molclr_gin,MolCLR-GIN,gpu,128,155,128,0.0950383220333606
molclr_gin,MolCLR-GIN,gpu,128,156,128,0.08635533996857703
molclr_gin,MolCLR-GIN,gpu,128,157,128,0.11322387307882309
molclr_gin,MolCLR-GIN,gpu,128,158,128,0.07322883896995336
molclr_gin,MolCLR-GIN,gpu,128,159,128,0.105335837113671
molclr_gin,MolCLR-GIN,gpu,128,160,128,0.07548818096984178
molclr_gin,MolCLR-GIN,gpu,128,161,128,0.08679833204951137
molclr_gin,MolCLR-GIN,gpu,128,162,128,0.07504256605170667
molclr_gin,MolCLR-GIN,gpu,128,163,128,0.09197734401095659
molclr_gin,MolCLR-GIN,gpu,128,164,128,0.07315581804141402
molclr_gin,MolCLR-GIN,gpu,128,165,128,0.07544171903282404
molclr_gin,MolCLR-GIN,gpu,128,166,128,0.10725458397064358
molclr_gin,MolCLR-GIN,gpu,128,167,128,0.08870799106080085
molclr_gin,MolCLR-GIN,gpu,128,168,128,0.0733655059011653
molclr_gin,MolCLR-GIN,gpu,128,169,128,0.07305905304383487
molclr_gin,MolCLR-GIN,gpu,128,170,128,0.09610017202794552
molclr_gin,MolCLR-GIN,gpu,128,171,128,0.07797426707111299
molclr_gin,MolCLR-GIN,gpu,128,172,128,0.10542217001784593
molclr_gin,MolCLR-GIN,gpu,128,173,128,0.07514041801914573
molclr_gin,MolCLR-GIN,gpu,128,174,128,0.09200614306610078
molclr_gin,MolCLR-GIN,gpu,128,175,128,0.07797455601394176
molclr_gin,MolCLR-GIN,gpu,128,176,128,0.10881548700854182
molclr_gin,MolCLR-GIN,gpu,128,177,128,0.072998319985345
molclr_gin,MolCLR-GIN,gpu,128,178,128,0.11272817791905254
molclr_gin,MolCLR-GIN,gpu,128,179,128,0.08027818403206766
molclr_gin,MolCLR-GIN,gpu,128,180,128,0.10665089404210448
molclr_gin,MolCLR-GIN,gpu,128,181,128,0.09001248702406883
molclr_gin,MolCLR-GIN,gpu,128,182,128,0.08131145895458758
molclr_gin,MolCLR-GIN,gpu,128,183,128,0.0717515799915418
molclr_gin,MolCLR-GIN,gpu,128,184,128,0.09538541396614164
molclr_gin,MolCLR-GIN,gpu,128,185,128,0.07335836999118328
molclr_gin,MolCLR-GIN,gpu,128,186,128,0.09504372894298285
molclr_gin,MolCLR-GIN,gpu,128,187,128,0.07548373390454799
molclr_gin,MolCLR-GIN,gpu,128,188,128,0.0937246410176158
molclr_gin,MolCLR-GIN,gpu,128,189,128,0.07820370001718402
molclr_gin,MolCLR-GIN,gpu,128,190,128,0.09328776097390801
molclr_gin,MolCLR-GIN,gpu,128,191,128,0.0728941949782893
molclr_gin,MolCLR-GIN,gpu,128,192,128,0.0812192700104788
molclr_gin,MolCLR-GIN,gpu,128,193,128,0.08955551194958389
molclr_gin,MolCLR-GIN,gpu,128,194,128,0.09240526496432722
molclr_gin,MolCLR-GIN,gpu,128,195,128,0.08999671298079193
molclr_gin,MolCLR-GIN,gpu,128,196,128,0.07986613397952169
molclr_gin,MolCLR-GIN,gpu,128,197,128,0.10276463499758393
molclr_gin,MolCLR-GIN,gpu,128,198,128,0.07255705504212528
molclr_gin,MolCLR-GIN,gpu,128,199,128,0.09407451702281833
molclr_gin,MolCLR-GIN,gpu,128,200,128,0.07425804890226573
molclr_gin,MolCLR-GIN,gpu,128,201,128,0.10763255506753922
molclr_gin,MolCLR-GIN,gpu,128,202,128,0.07370258192531765
molclr_gin,MolCLR-GIN,gpu,128,203,128,0.09649698901921511
molclr_gin,MolCLR-GIN,gpu,128,204,128,0.07536140200681984
molclr_gin,MolCLR-GIN,gpu,128,205,128,0.08531156997196376
molclr_gin,MolCLR-GIN,gpu,128,206,128,0.0724079409847036
molclr_gin,MolCLR-GIN,gpu,128,207,128,0.09385983704123646
molclr_gin,MolCLR-GIN,gpu,128,208,128,0.07465710793621838
molclr_gin,MolCLR-GIN,gpu,128,209,128,0.09535974997561425
molclr_gin,MolCLR-GIN,gpu,128,210,128,0.07356290705502033
molclr_gin,MolCLR-GIN,gpu,128,211,128,0.08582755096722394
molclr_gin,MolCLR-GIN,gpu,128,212,128,0.09346900298260152
molclr_gin,MolCLR-GIN,gpu,128,213,128,0.10073158796876669
molclr_gin,MolCLR-GIN,gpu,128,214,128,0.08494025596883148
molclr_gin,MolCLR-GIN,gpu,128,215,128,0.09093917394056916
molclr_gin,MolCLR-GIN,gpu,128,216,128,0.09115164610557258
molclr_gin,MolCLR-GIN,gpu,128,217,128,0.07275416795164347
molclr_gin,MolCLR-GIN,gpu,128,218,128,0.08875582902692258
molclr_gin,MolCLR-GIN,gpu,128,219,128,0.08370586903765798
molclr_gin,MolCLR-GIN,gpu,128,220,128,0.09903833596035838
molclr_gin,MolCLR-GIN,gpu,128,221,128,0.07353618799243122
molclr_gin,MolCLR-GIN,gpu,128,222,128,0.09088531997986138
molclr_gin,MolCLR-GIN,gpu,128,223,128,0.08112657000310719
molclr_gin,MolCLR-GIN,gpu,128,224,128,0.08232332591433078
molclr_gin,MolCLR-GIN,gpu,128,225,128,0.07318391208536923
molclr_gin,MolCLR-GIN,gpu,128,226,128,0.09461824095342308
molclr_gin,MolCLR-GIN,gpu,128,227,128,0.07198891590815037
molclr_gin,MolCLR-GIN,gpu,128,228,128,0.09392210596706718
molclr_gin,MolCLR-GIN,gpu,128,229,128,0.0725118089467287
molclr_gin,MolCLR-GIN,gpu,128,230,128,0.0861481799511239
molclr_gin,MolCLR-GIN,gpu,128,231,128,0.07594989298377186
molclr_gin,MolCLR-GIN,gpu,128,232,128,0.07358153094537556
molclr_gin,MolCLR-GIN,gpu,128,233,128,0.07260863808915019
molclr_gin,MolCLR-GIN,gpu,128,234,128,0.07314324204344302
molclr_gin,MolCLR-GIN,gpu,128,235,128,0.07311505090910941
molclr_gin,MolCLR-GIN,gpu,128,236,128,0.07475182309281081
molclr_gin,MolCLR-GIN,gpu,128,237,128,0.07132474798709154
molclr_gin,MolCLR-GIN,gpu,128,238,128,0.07445244304835796
molclr_gin,MolCLR-GIN,gpu,128,239,128,0.0729067709762603
molclr_gin,MolCLR-GIN,gpu,128,240,128,0.09264208900276572
molclr_gin,MolCLR-GIN,gpu,128,241,128,0.07277589594013989
molclr_gin,MolCLR-GIN,gpu,128,242,128,0.09007894899696112
molclr_gin,MolCLR-GIN,gpu,128,243,128,0.07258332602214068
molclr_gin,MolCLR-GIN,gpu,128,244,128,0.09290950302965939
molclr_gin,MolCLR-GIN,gpu,128,245,128,0.07411943096667528
molclr_gin,MolCLR-GIN,gpu,128,246,128,0.07531996408943087
molclr_gin,MolCLR-GIN,gpu,128,247,128,0.08670979097951204
molclr_gin,MolCLR-GIN,gpu,128,248,128,0.08061465108767152
molclr_gin,MolCLR-GIN,gpu,128,249,128,0.09987485106103122
molclr_gin,MolCLR-GIN,gpu,128,250,128,0.07187941600568593
molclr_gin,MolCLR-GIN,gpu,128,251,128,0.11248965910635889
molclr_gin,MolCLR-GIN,gpu,128,252,128,0.08844451210461557
molclr_gin,MolCLR-GIN,gpu,128,253,128,0.07479294307995588
molclr_gin,MolCLR-GIN,gpu,128,254,128,0.07317120907828212
molclr_gin,MolCLR-GIN,gpu,128,255,128,0.07325507700443268
molclr_gin,MolCLR-GIN,gpu,128,256,128,0.07515744201373309
molclr_gin,MolCLR-GIN,gpu,128,257,128,0.07692969695199281
molclr_gin,MolCLR-GIN,gpu,128,258,128,0.1148785320110619
molclr_gin,MolCLR-GIN,gpu,128,259,128,0.11626750591676682
molclr_gin,MolCLR-GIN,gpu,128,260,128,0.07476443098857999
molclr_gin,MolCLR-GIN,gpu,128,261,128,0.09364845207892358
molclr_gin,MolCLR-GIN,gpu,128,262,128,0.07273724104743451
molclr_gin,MolCLR-GIN,gpu,128,263,128,0.0935653840424493
molclr_gin,MolCLR-GIN,gpu,128,264,128,0.07208622409962118
molclr_gin,MolCLR-GIN,gpu,128,265,128,0.08029879094101489
molclr_gin,MolCLR-GIN,gpu,128,266,128,0.08458234905265272
molclr_gin,MolCLR-GIN,gpu,128,267,128,0.08955205604434013
molclr_gin,MolCLR-GIN,gpu,128,268,128,0.09255383594427258
molclr_gin,MolCLR-GIN,gpu,128,269,128,0.0801809070399031
molclr_gin,MolCLR-GIN,gpu,128,270,128,0.11754729994572699
molclr_gin,MolCLR-GIN,gpu,128,271,128,0.08970337896607816
molclr_gin,MolCLR-GIN,gpu,128,272,128,0.10276789905037731
molclr_gin,MolCLR-GIN,gpu,128,273,128,0.08360740798525512
molclr_gin,MolCLR-GIN,gpu,128,274,128,0.0892430430976674
molclr_gin,MolCLR-GIN,gpu,128,275,128,0.07412419898901135
molclr_gin,MolCLR-GIN,gpu,128,276,128,0.0943951130611822
molclr_gin,MolCLR-GIN,gpu,128,277,128,0.07530441205017269
molclr_gin,MolCLR-GIN,gpu,128,278,128,0.07596777996513993
molclr_gin,MolCLR-GIN,gpu,128,279,128,0.08867868001107126
molclr_gin,MolCLR-GIN,gpu,128,280,128,0.08612158906180412
molclr_gin,MolCLR-GIN,gpu,128,281,128,0.07883708400186151
molclr_gin,MolCLR-GIN,gpu,128,282,128,0.07502704602666199
molclr_gin,MolCLR-GIN,gpu,128,283,128,0.09679272200446576
molclr_gin,MolCLR-GIN,gpu,128,284,128,0.0759457009844482
molclr_gin,MolCLR-GIN,gpu,128,285,128,0.11552721296902746
molclr_gin,MolCLR-GIN,gpu,128,286,128,0.0880948289996013
molclr_gin,MolCLR-GIN,gpu,128,287,128,0.11054835305549204
molclr_gin,MolCLR-GIN,gpu,128,288,128,0.07366258301772177
molclr_gin,MolCLR-GIN,gpu,128,289,128,0.09460755402687937
molclr_gin,MolCLR-GIN,gpu,128,290,128,0.07550968404393643
molclr_gin,MolCLR-GIN,gpu,128,291,128,0.11184622603468597
molclr_gin,MolCLR-GIN,gpu,128,292,128,0.07361148204654455
molclr_gin,MolCLR-GIN,gpu,128,293,128,0.09389698691666126
molclr_gin,MolCLR-GIN,gpu,128,294,128,0.07406973605975509
molclr_gin,MolCLR-GIN,gpu,128,295,128,0.08812679594848305
molclr_gin,MolCLR-GIN,gpu,128,296,128,0.07508240395691246
molclr_gin,MolCLR-GIN,gpu,128,297,128,0.09609799494501203
molclr_gin,MolCLR-GIN,gpu,128,298,128,0.07344912004191428
molclr_gin,MolCLR-GIN,gpu,128,299,128,0.09271142992656678
molclr_gin,MolCLR-GIN,gpu,128,300,128,0.07372472493443638
molclr_gin,MolCLR-GIN,gpu,128,301,128,0.0821500199381262
molclr_gin,MolCLR-GIN,gpu,128,302,128,0.08583151898346841
molclr_gin,MolCLR-GIN,gpu,128,303,128,0.09690737503115088
molclr_gin,MolCLR-GIN,gpu,128,304,128,0.0879629619885236
molclr_gin,MolCLR-GIN,gpu,128,305,128,0.08026467997115105
molclr_gin,MolCLR-GIN,gpu,128,306,128,0.10372034390456975
molclr_gin,MolCLR-GIN,gpu,128,307,128,0.07688547496218234
molclr_gin,MolCLR-GIN,gpu,128,308,128,0.09105238597840071
molclr_gin,MolCLR-GIN,gpu,128,309,128,0.07504656503442675
molclr_gin,MolCLR-GIN,gpu,128,310,128,0.09450182900764048
molclr_gin,MolCLR-GIN,gpu,128,311,128,0.07169478305149823
molclr_gin,MolCLR-GIN,gpu,128,312,128,0.10650187509600073
molclr_gin,MolCLR-GIN,gpu,128,313,128,0.07871267292648554
molclr_gin,MolCLR-GIN,gpu,128,314,128,0.09590616205241531
molclr_gin,MolCLR-GIN,gpu,128,315,128,0.10338278894778341
molclr_gin,MolCLR-GIN,gpu,128,316,128,0.08841718500480056
molclr_gin,MolCLR-GIN,gpu,128,317,128,0.09234981099143624
molclr_gin,MolCLR-GIN,gpu,128,318,128,0.11298090510535985
molclr_gin,MolCLR-GIN,gpu,128,319,128,0.0722096438985318
molclr_gin,MolCLR-GIN,gpu,128,320,128,0.09461699391249567
molclr_gin,MolCLR-GIN,gpu,128,321,128,0.075328539009206
molclr_gin,MolCLR-GIN,gpu,128,322,128,0.07408567203674465
molclr_gin,MolCLR-GIN,gpu,128,323,128,0.07446924201212823
molclr_gin,MolCLR-GIN,gpu,128,324,128,0.07340137707069516
molclr_gin,MolCLR-GIN,gpu,128,325,128,0.07394193392246962
molclr_gin,MolCLR-GIN,gpu,128,326,128,0.07393863692414016
molclr_gin,MolCLR-GIN,gpu,128,327,128,0.0751311699859798
molclr_gin,MolCLR-GIN,gpu,128,328,128,0.11057440005242825
molclr_gin,MolCLR-GIN,gpu,128,329,128,0.08817690704017878
molclr_gin,MolCLR-GIN,gpu,128,330,128,0.08113104803487659
molclr_gin,MolCLR-GIN,gpu,128,331,128,0.07599510706495494
molclr_gin,MolCLR-GIN,gpu,128,332,128,0.10898335406091064
molclr_gin,MolCLR-GIN,gpu,128,333,128,0.08794580993708223
molclr_gin,MolCLR-GIN,gpu,128,334,128,0.0820328090339899
molclr_gin,MolCLR-GIN,gpu,128,335,128,0.08999344799667597
molclr_gin,MolCLR-GIN,gpu,128,336,128,0.11688079603482038
molclr_gin,MolCLR-GIN,gpu,128,337,128,0.07591811707243323
molclr_gin,MolCLR-GIN,gpu,128,338,128,0.09554310399107635
molclr_gin,MolCLR-GIN,gpu,128,339,128,0.07522870297543705
molclr_gin,MolCLR-GIN,gpu,128,340,128,0.07494461699388921
molclr_gin,MolCLR-GIN,gpu,128,341,128,0.075553426053375
molclr_gin,MolCLR-GIN,gpu,128,342,128,0.11071538703981787
molclr_gin,MolCLR-GIN,gpu,128,343,128,0.07461406907532364
molclr_gin,MolCLR-GIN,gpu,128,344,128,0.11494089802727103
molclr_gin,MolCLR-GIN,gpu,128,345,128,0.08276679797563702
molclr_gin,MolCLR-GIN,gpu,128,346,128,0.09695054101757705
molclr_gin,MolCLR-GIN,gpu,128,347,128,0.07707506895530969
molclr_gin,MolCLR-GIN,gpu,128,348,128,0.09061115398071706
molclr_gin,MolCLR-GIN,gpu,128,349,128,0.07568654208444059
molclr_gin,MolCLR-GIN,gpu,128,350,128,0.1023475289111957
molclr_gin,MolCLR-GIN,gpu,128,351,128,0.08389507699757814
molclr_gin,MolCLR-GIN,gpu,128,352,128,0.09089456801302731
molclr_gin,MolCLR-GIN,gpu,128,353,128,0.0763260709354654
molclr_gin,MolCLR-GIN,gpu,128,354,128,0.09633229195605963
molclr_gin,MolCLR-GIN,gpu,128,355,128,0.075011046952568
molclr_gin,MolCLR-GIN,gpu,128,356,128,0.07471515296492726
molclr_gin,MolCLR-GIN,gpu,128,357,128,0.07450962392613292
molclr_gin,MolCLR-GIN,gpu,128,358,128,0.07426873804070055
molclr_gin,MolCLR-GIN,gpu,128,359,128,0.07413622993044555
molclr_gin,MolCLR-GIN,gpu,128,360,128,0.07403632998466492
molclr_gin,MolCLR-GIN,gpu,128,361,128,0.07472455990500748
molclr_gin,MolCLR-GIN,gpu,128,362,128,0.07483009400311857
molclr_gin,MolCLR-GIN,gpu,128,363,128,0.0932370109949261
molclr_gin,MolCLR-GIN,gpu,128,364,128,0.07581914495676756
molclr_gin,MolCLR-GIN,gpu,128,365,128,0.07522930996492505
molclr_gin,MolCLR-GIN,gpu,128,366,128,0.09055234002880752
molclr_gin,MolCLR-GIN,gpu,128,367,128,0.0809810720384121
molclr_gin,MolCLR-GIN,gpu,128,368,128,0.08507980208378285
molclr_gin,MolCLR-GIN,gpu,128,369,128,0.07356527505908161
molclr_gin,MolCLR-GIN,gpu,128,370,128,0.09557065507397056
molclr_gin,MolCLR-GIN,gpu,128,371,128,0.07466645003296435
molclr_gin,MolCLR-GIN,gpu,128,372,128,0.11576525308191776
molclr_gin,MolCLR-GIN,gpu,128,373,128,0.07629999192431569
molclr_gin,MolCLR-GIN,gpu,128,374,128,0.09610644308850169
molclr_gin,MolCLR-GIN,gpu,128,375,128,0.07722117495723069
molclr_gin,MolCLR-GIN,gpu,128,376,128,0.11029226600658149
molclr_gin,MolCLR-GIN,gpu,128,377,128,0.07317104889079928
molclr_gin,MolCLR-GIN,gpu,128,378,128,0.07396935694850981
molclr_gin,MolCLR-GIN,gpu,128,379,128,0.07497267995495349
molclr_gin,MolCLR-GIN,gpu,128,380,128,0.07550376502331346
molclr_gin,MolCLR-GIN,gpu,128,381,128,0.07521865505259484
molclr_gin,MolCLR-GIN,gpu,128,382,128,0.07469691406004131
molclr_gin,MolCLR-GIN,gpu,128,383,128,0.07507245300803334
molclr_gin,MolCLR-GIN,gpu,128,384,128,0.0735130519606173
molclr_gin,MolCLR-GIN,gpu,128,385,128,0.09342743596062064
molclr_gin,MolCLR-GIN,gpu,128,386,128,0.08162760804407299
molclr_gin,MolCLR-GIN,gpu,128,387,128,0.11051917006261647
molclr_gin,MolCLR-GIN,gpu,128,388,128,0.07685801992192864
molclr_gin,MolCLR-GIN,gpu,128,389,52,0.03361436794511974
molclr_gin,MolCLR-GIN,gpu,256,0,256,0.14575770299416035
molclr_gin,MolCLR-GIN,gpu,256,1,256,0.14872137201018631
molclr_gin,MolCLR-GIN,gpu,256,2,256,0.16703187802340835
molclr_gin,MolCLR-GIN,gpu,256,3,256,0.16599937004502863
molclr_gin,MolCLR-GIN,gpu,256,4,256,0.30460210191085935
molclr_gin,MolCLR-GIN,gpu,256,5,256,0.1592288640094921
molclr_gin,MolCLR-GIN,gpu,256,6,256,0.14868025400210172
molclr_gin,MolCLR-GIN,gpu,256,7,256,0.1472278580768034
molclr_gin,MolCLR-GIN,gpu,256,8,256,0.16681886196602136
molclr_gin,MolCLR-GIN,gpu,256,9,256,0.166234562988393
molclr_gin,MolCLR-GIN,gpu,256,10,256,0.1458023739978671
molclr_gin,MolCLR-GIN,gpu,256,11,256,0.1448978299740702
molclr_gin,MolCLR-GIN,gpu,256,12,256,0.16276262397877872
molclr_gin,MolCLR-GIN,gpu,256,13,256,0.17756148101761937
molclr_gin,MolCLR-GIN,gpu,256,14,256,0.19604657194577157
molclr_gin,MolCLR-GIN,gpu,256,15,256,0.16911801102105528
molclr_gin,MolCLR-GIN,gpu,256,16,256,0.18426891905255616
molclr_gin,MolCLR-GIN,gpu,256,17,256,0.14627777901478112
molclr_gin,MolCLR-GIN,gpu,256,18,256,0.16424237901810557
molclr_gin,MolCLR-GIN,gpu,256,19,256,0.16631008009426296
molclr_gin,MolCLR-GIN,gpu,256,20,256,0.16559762600809336
molclr_gin,MolCLR-GIN,gpu,256,21,256,0.1644886420108378
molclr_gin,MolCLR-GIN,gpu,256,22,256,0.142819344997406
molclr_gin,MolCLR-GIN,gpu,256,23,256,0.14524796197656542
molclr_gin,MolCLR-GIN,gpu,256,24,256,0.14596889493986964
molclr_gin,MolCLR-GIN,gpu,256,25,256,0.1461206340463832
molclr_gin,MolCLR-GIN,gpu,256,26,256,0.16650668100919574
molclr_gin,MolCLR-GIN,gpu,256,27,256,0.14351237996015698
molclr_gin,MolCLR-GIN,gpu,256,28,256,0.14408688305411488
molclr_gin,MolCLR-GIN,gpu,256,29,256,0.1651600169716403
molclr_gin,MolCLR-GIN,gpu,256,30,256,0.14059070497751236
molclr_gin,MolCLR-GIN,gpu,256,31,256,0.18730037997011095
molclr_gin,MolCLR-GIN,gpu,256,32,256,0.14179172401782125
molclr_gin,MolCLR-GIN,gpu,256,33,256,0.1616017280612141
molclr_gin,MolCLR-GIN,gpu,256,34,256,0.15809380600694567
molclr_gin,MolCLR-GIN,gpu,256,35,256,0.21664067800156772
molclr_gin,MolCLR-GIN,gpu,256,36,256,0.14563870709389448
molclr_gin,MolCLR-GIN,gpu,256,37,256,0.15677893394604325
molclr_gin,MolCLR-GIN,gpu,256,38,256,0.15690235595684499
molclr_gin,MolCLR-GIN,gpu,256,39,256,0.14236505003646016
molclr_gin,MolCLR-GIN,gpu,256,40,256,0.17222469195257872
molclr_gin,MolCLR-GIN,gpu,256,41,256,0.18359864002559334
molclr_gin,MolCLR-GIN,gpu,256,42,256,0.19890504097566009
molclr_gin,MolCLR-GIN,gpu,256,43,256,0.14339689002372324
molclr_gin,MolCLR-GIN,gpu,256,44,256,0.1454607939813286
molclr_gin,MolCLR-GIN,gpu,256,45,256,0.14431324403267354
molclr_gin,MolCLR-GIN,gpu,256,46,256,0.16629041405394673
molclr_gin,MolCLR-GIN,gpu,256,47,256,0.16592431301251054
molclr_gin,MolCLR-GIN,gpu,256,48,256,0.1525867140153423
molclr_gin,MolCLR-GIN,gpu,256,49,256,0.1933183359215036
molclr_gin,MolCLR-GIN,gpu,256,50,256,0.1485659439349547
molclr_gin,MolCLR-GIN,gpu,256,51,256,0.14640444389078766
molclr_gin,MolCLR-GIN,gpu,256,52,256,0.141915048006922
molclr_gin,MolCLR-GIN,gpu,256,53,256,0.14474369504023343
molclr_gin,MolCLR-GIN,gpu,256,54,256,0.14591191592626274
molclr_gin,MolCLR-GIN,gpu,256,55,256,0.1608041200088337
molclr_gin,MolCLR-GIN,gpu,256,56,256,0.15998629003297538
molclr_gin,MolCLR-GIN,gpu,256,57,256,0.1413548099808395
molclr_gin,MolCLR-GIN,gpu,256,58,256,0.14748888893518597
molclr_gin,MolCLR-GIN,gpu,256,59,256,0.16331479395739734
molclr_gin,MolCLR-GIN,gpu,256,60,256,0.17125553800724447
molclr_gin,MolCLR-GIN,gpu,256,61,256,0.14547221700195223
molclr_gin,MolCLR-GIN,gpu,256,62,256,0.14476490998640656
molclr_gin,MolCLR-GIN,gpu,256,63,256,0.16537485807202756
molclr_gin,MolCLR-GIN,gpu,256,64,256,0.16571449593175203
molclr_gin,MolCLR-GIN,gpu,256,65,256,0.18582938599865884
molclr_gin,MolCLR-GIN,gpu,256,66,256,0.14936278201639652
molclr_gin,MolCLR-GIN,gpu,256,67,256,0.16526222100947052
molclr_gin,MolCLR-GIN,gpu,256,68,256,0.14477547095157206
molclr_gin,MolCLR-GIN,gpu,256,69,256,0.144006374059245
molclr_gin,MolCLR-GIN,gpu,256,70,256,0.14716310799121857
molclr_gin,MolCLR-GIN,gpu,256,71,256,0.1479668909450993
molclr_gin,MolCLR-GIN,gpu,256,72,256,0.1655404519988224
molclr_gin,MolCLR-GIN,gpu,256,73,256,0.16596043901517987
molclr_gin,MolCLR-GIN,gpu,256,74,256,0.17137713392730802
molclr_gin,MolCLR-GIN,gpu,256,75,256,0.14135647402144969
molclr_gin,MolCLR-GIN,gpu,256,76,256,0.1854176230262965
molclr_gin,MolCLR-GIN,gpu,256,77,256,0.16481298708822578
molclr_gin,MolCLR-GIN,gpu,256,78,256,0.18549688498023897
molclr_gin,MolCLR-GIN,gpu,256,79,256,0.18909360305406153
molclr_gin,MolCLR-GIN,gpu,256,80,256,0.1710936879971996
molclr_gin,MolCLR-GIN,gpu,256,81,256,0.16751603805460036
molclr_gin,MolCLR-GIN,gpu,256,82,256,0.16880291106645018
molclr_gin,MolCLR-GIN,gpu,256,83,256,0.14326313394121826
molclr_gin,MolCLR-GIN,gpu,256,84,256,0.14732639805879444
molclr_gin,MolCLR-GIN,gpu,256,85,256,0.15644982503727078
molclr_gin,MolCLR-GIN,gpu,256,86,256,0.14509613206610084
molclr_gin,MolCLR-GIN,gpu,256,87,256,0.1442376000341028
molclr_gin,MolCLR-GIN,gpu,256,88,256,0.1432809579418972
molclr_gin,MolCLR-GIN,gpu,256,89,256,0.16003838391043246
molclr_gin,MolCLR-GIN,gpu,256,90,256,0.14457314100582153
molclr_gin,MolCLR-GIN,gpu,256,91,256,0.14856380003038794
molclr_gin,MolCLR-GIN,gpu,256,92,256,0.16288587905000895
molclr_gin,MolCLR-GIN,gpu,256,93,256,0.18663764907978475
molclr_gin,MolCLR-GIN,gpu,256,94,256,0.18741535197477788
molclr_gin,MolCLR-GIN,gpu,256,95,256,0.16417793498840183
molclr_gin,MolCLR-GIN,gpu,256,96,256,0.18618188693653792
molclr_gin,MolCLR-GIN,gpu,256,97,256,0.14340757799800485
molclr_gin,MolCLR-GIN,gpu,256,98,256,0.14257371402345598
molclr_gin,MolCLR-GIN,gpu,256,99,256,0.1431266269646585
molclr_gin,MolCLR-GIN,gpu,256,100,256,0.14330470003187656
molclr_gin,MolCLR-GIN,gpu,256,101,256,0.14448802405968308
molclr_gin,MolCLR-GIN,gpu,256,102,256,0.18085533403791487
molclr_gin,MolCLR-GIN,gpu,256,103,256,0.1609464209759608
molclr_gin,MolCLR-GIN,gpu,256,104,256,0.18249918590299785
molclr_gin,MolCLR-GIN,gpu,256,105,256,0.17693295993376523
molclr_gin,MolCLR-GIN,gpu,256,106,256,0.14196368597913533
molclr_gin,MolCLR-GIN,gpu,256,107,256,0.1420575079973787
molclr_gin,MolCLR-GIN,gpu,256,108,256,0.13929519499652088
molclr_gin,MolCLR-GIN,gpu,256,109,256,0.14341061690356582
molclr_gin,MolCLR-GIN,gpu,256,110,256,0.18390301405452192
molclr_gin,MolCLR-GIN,gpu,256,111,256,0.14490884193219244
molclr_gin,MolCLR-GIN,gpu,256,112,256,0.17459847393911332
molclr_gin,MolCLR-GIN,gpu,256,113,256,0.16968966694548726
molclr_gin,MolCLR-GIN,gpu,256,114,256,0.14139842509757727
molclr_gin,MolCLR-GIN,gpu,256,115,256,0.14308121998328716
molclr_gin,MolCLR-GIN,gpu,256,116,256,0.14320284698624164
molclr_gin,MolCLR-GIN,gpu,256,117,256,0.1436607849318534
molclr_gin,MolCLR-GIN,gpu,256,118,256,0.18487412005197257
molclr_gin,MolCLR-GIN,gpu,256,119,256,0.14278052491135895
molclr_gin,MolCLR-GIN,gpu,256,120,256,0.16428743593860418
molclr_gin,MolCLR-GIN,gpu,256,121,256,0.14192333503160626
molclr_gin,MolCLR-GIN,gpu,256,122,256,0.1425407250644639
molclr_gin,MolCLR-GIN,gpu,256,123,256,0.1422055340372026
molclr_gin,MolCLR-GIN,gpu,256,124,256,0.14135637797880918
molclr_gin,MolCLR-GIN,gpu,256,125,256,0.16176101902965456
molclr_gin,MolCLR-GIN,gpu,256,126,256,0.1856137120630592
molclr_gin,MolCLR-GIN,gpu,256,127,256,0.16450893296860158
molclr_gin,MolCLR-GIN,gpu,256,128,256,0.14572174497880042
molclr_gin,MolCLR-GIN,gpu,256,129,256,0.15211914503015578
molclr_gin,MolCLR-GIN,gpu,256,130,256,0.309528395999223
molclr_gin,MolCLR-GIN,gpu,256,131,256,0.16022180300205946
molclr_gin,MolCLR-GIN,gpu,256,132,256,0.145725968061015
molclr_gin,MolCLR-GIN,gpu,256,133,256,0.16104187304154038
molclr_gin,MolCLR-GIN,gpu,256,134,256,0.16339088894892484
molclr_gin,MolCLR-GIN,gpu,256,135,256,0.1761542959138751
molclr_gin,MolCLR-GIN,gpu,256,136,256,0.1603455109288916
molclr_gin,MolCLR-GIN,gpu,256,137,256,0.143610066967085
molclr_gin,MolCLR-GIN,gpu,256,138,256,0.1454253379488364
molclr_gin,MolCLR-GIN,gpu,256,139,256,0.14409910701215267
molclr_gin,MolCLR-GIN,gpu,256,140,256,0.14446626394055784
molclr_gin,MolCLR-GIN,gpu,256,141,256,0.1448900270042941
molclr_gin,MolCLR-GIN,gpu,256,142,256,0.14441263303160667
molclr_gin,MolCLR-GIN,gpu,256,143,256,0.17774995905347168
molclr_gin,MolCLR-GIN,gpu,256,144,256,0.16409483400639147
molclr_gin,MolCLR-GIN,gpu,256,145,256,0.14423436706420034
molclr_gin,MolCLR-GIN,gpu,256,146,256,0.16363580792676657
molclr_gin,MolCLR-GIN,gpu,256,147,256,0.14094416704028845
molclr_gin,MolCLR-GIN,gpu,256,148,256,0.14770449802745134
molclr_gin,MolCLR-GIN,gpu,256,149,256,0.14272094296757132
molclr_gin,MolCLR-GIN,gpu,256,150,256,0.14487549907062203
molclr_gin,MolCLR-GIN,gpu,256,151,256,0.18450945906806737
molclr_gin,MolCLR-GIN,gpu,256,152,256,0.1633981839986518
molclr_gin,MolCLR-GIN,gpu,256,153,256,0.1877782850060612
molclr_gin,MolCLR-GIN,gpu,256,154,256,0.14577313500922173
molclr_gin,MolCLR-GIN,gpu,256,155,256,0.1673344449372962
molclr_gin,MolCLR-GIN,gpu,256,156,256,0.18297014804556966
molclr_gin,MolCLR-GIN,gpu,256,157,256,0.1727767379488796
molclr_gin,MolCLR-GIN,gpu,256,158,256,0.1603749180212617
molclr_gin,MolCLR-GIN,gpu,256,159,256,0.1633989840047434
molclr_gin,MolCLR-GIN,gpu,256,160,256,0.14414336194749922
molclr_gin,MolCLR-GIN,gpu,256,161,256,0.14819321897812188
molclr_gin,MolCLR-GIN,gpu,256,162,256,0.16830666991882026
molclr_gin,MolCLR-GIN,gpu,256,163,256,0.18385034403763711
molclr_gin,MolCLR-GIN,gpu,256,164,256,0.16400914103724062
molclr_gin,MolCLR-GIN,gpu,256,165,256,0.16473570896778256
molclr_gin,MolCLR-GIN,gpu,256,166,256,0.14325334201566875
molclr_gin,MolCLR-GIN,gpu,256,167,256,0.14179370796773583
molclr_gin,MolCLR-GIN,gpu,256,168,256,0.1444995750207454
molclr_gin,MolCLR-GIN,gpu,256,169,256,0.1493252479704097
molclr_gin,MolCLR-GIN,gpu,256,170,256,0.17076025693677366
molclr_gin,MolCLR-GIN,gpu,256,171,256,0.18236114305909723
molclr_gin,MolCLR-GIN,gpu,256,172,256,0.16575202997773886
molclr_gin,MolCLR-GIN,gpu,256,173,256,0.16430388391017914
molclr_gin,MolCLR-GIN,gpu,256,174,256,0.1634915570029989
molclr_gin,MolCLR-GIN,gpu,256,175,256,0.14295520796440542
molclr_gin,MolCLR-GIN,gpu,256,176,256,0.16501682193484157
molclr_gin,MolCLR-GIN,gpu,256,177,256,0.17567088804207742
molclr_gin,MolCLR-GIN,gpu,256,178,256,0.15544886398129165
molclr_gin,MolCLR-GIN,gpu,256,179,256,0.17342990194447339
molclr_gin,MolCLR-GIN,gpu,256,180,256,0.14203050010837615
molclr_gin,MolCLR-GIN,gpu,256,181,256,0.1470138329314068
molclr_gin,MolCLR-GIN,gpu,256,182,256,0.16461757000070065
molclr_gin,MolCLR-GIN,gpu,256,183,256,0.1406282400712371
molclr_gin,MolCLR-GIN,gpu,256,184,256,0.14173902198672295
molclr_gin,MolCLR-GIN,gpu,256,185,256,0.14230386703275144
molclr_gin,MolCLR-GIN,gpu,256,186,256,0.14490647497586906
molclr_gin,MolCLR-GIN,gpu,256,187,256,0.1858091299654916
molclr_gin,MolCLR-GIN,gpu,256,188,256,0.14088253595400602
molclr_gin,MolCLR-GIN,gpu,256,189,256,0.14200854895170778
molclr_gin,MolCLR-GIN,gpu,256,190,256,0.1442767339758575
molclr_gin,MolCLR-GIN,gpu,256,191,256,0.1556000279961154
molclr_gin,MolCLR-GIN,gpu,256,192,256,0.14153349096886814
molclr_gin,MolCLR-GIN,gpu,256,193,256,0.1645566119113937
molclr_gin,MolCLR-GIN,gpu,256,194,180,0.13964410999324173
molclr_gin,MolCLR-GIN,gpu,512,0,512,0.30405442300252616
molclr_gin,MolCLR-GIN,gpu,512,1,512,0.30450157809536904
molclr_gin,MolCLR-GIN,gpu,512,2,512,0.30577321792952716
molclr_gin,MolCLR-GIN,gpu,512,3,512,0.32649186509661376
molclr_gin,MolCLR-GIN,gpu,512,4,512,0.30522894696332514
molclr_gin,MolCLR-GIN,gpu,512,5,512,0.2815354480408132
molclr_gin,MolCLR-GIN,gpu,512,6,512,0.30068144004326314
molclr_gin,MolCLR-GIN,gpu,512,7,512,0.32471284992061555
molclr_gin,MolCLR-GIN,gpu,512,8,512,0.3230026289820671
molclr_gin,MolCLR-GIN,gpu,512,9,512,0.28044703404884785
molclr_gin,MolCLR-GIN,gpu,512,10,512,0.2799747920362279
molclr_gin,MolCLR-GIN,gpu,512,11,512,0.2803543010959402
molclr_gin,MolCLR-GIN,gpu,512,12,512,0.30525435390882194
molclr_gin,MolCLR-GIN,gpu,512,13,512,0.3250749820144847
molclr_gin,MolCLR-GIN,gpu,512,14,512,0.2825002169702202
molclr_gin,MolCLR-GIN,gpu,512,15,512,0.2818391500040889
molclr_gin,MolCLR-GIN,gpu,512,16,512,0.2789530960144475
molclr_gin,MolCLR-GIN,gpu,512,17,512,0.4354254810605198
molclr_gin,MolCLR-GIN,gpu,512,18,512,0.3108357470482588
molclr_gin,MolCLR-GIN,gpu,512,19,512,0.3239386649802327
molclr_gin,MolCLR-GIN,gpu,512,20,512,0.2838702229782939
molclr_gin,MolCLR-GIN,gpu,512,21,512,0.2876136570703238
molclr_gin,MolCLR-GIN,gpu,512,22,512,0.3078300170600414
molclr_gin,MolCLR-GIN,gpu,512,23,512,0.3241621779743582
molclr_gin,MolCLR-GIN,gpu,512,24,512,0.2805029359878972
molclr_gin,MolCLR-GIN,gpu,512,25,512,0.28210495808161795
molclr_gin,MolCLR-GIN,gpu,512,26,512,0.3447877620346844
molclr_gin,MolCLR-GIN,gpu,512,27,512,0.2802599280839786
molclr_gin,MolCLR-GIN,gpu,512,28,512,0.2784336529439315
molclr_gin,MolCLR-GIN,gpu,512,29,512,0.30282742297276855
molclr_gin,MolCLR-GIN,gpu,512,30,512,0.3220100669423118
molclr_gin,MolCLR-GIN,gpu,512,31,512,0.30105336802080274
molclr_gin,MolCLR-GIN,gpu,512,32,512,0.284325109096244
molclr_gin,MolCLR-GIN,gpu,512,33,512,0.30594697094056755
molclr_gin,MolCLR-GIN,gpu,512,34,512,0.2814840159844607
molclr_gin,MolCLR-GIN,gpu,512,35,512,0.3060460709966719
molclr_gin,MolCLR-GIN,gpu,512,36,512,0.3202283640857786
molclr_gin,MolCLR-GIN,gpu,512,37,512,0.30048721097409725
molclr_gin,MolCLR-GIN,gpu,512,38,512,0.2817970629548654
molclr_gin,MolCLR-GIN,gpu,512,39,512,0.2910186849767342
molclr_gin,MolCLR-GIN,gpu,512,40,512,0.31894018198363483
molclr_gin,MolCLR-GIN,gpu,512,41,512,0.3237947119632736
molclr_gin,MolCLR-GIN,gpu,512,42,512,0.28386745997704566
molclr_gin,MolCLR-GIN,gpu,512,43,512,0.281327094999142
molclr_gin,MolCLR-GIN,gpu,512,44,512,0.2790006409632042
molclr_gin,MolCLR-GIN,gpu,512,45,512,0.2846587309613824
molclr_gin,MolCLR-GIN,gpu,512,46,512,0.2897040069801733
molclr_gin,MolCLR-GIN,gpu,512,47,512,0.2899076169123873
molclr_gin,MolCLR-GIN,gpu,512,48,512,0.31077171000652015
molclr_gin,MolCLR-GIN,gpu,512,49,512,0.2889437440317124
molclr_gin,MolCLR-GIN,gpu,512,50,512,0.3076961929909885
molclr_gin,MolCLR-GIN,gpu,512,51,512,0.282067134976387
molclr_gin,MolCLR-GIN,gpu,512,52,512,0.31023672001902014
molclr_gin,MolCLR-GIN,gpu,512,53,512,0.28893551998771727
molclr_gin,MolCLR-GIN,gpu,512,54,512,0.3184203259879723
molclr_gin,MolCLR-GIN,gpu,512,55,512,0.2893325960030779
molclr_gin,MolCLR-GIN,gpu,512,56,512,0.29475408303551376
molclr_gin,MolCLR-GIN,gpu,512,57,512,0.28536897897720337
molclr_gin,MolCLR-GIN,gpu,512,58,512,0.30980082997120917
molclr_gin,MolCLR-GIN,gpu,512,59,512,0.2869687989586964
molclr_gin,MolCLR-GIN,gpu,512,60,512,0.3082144489744678
molclr_gin,MolCLR-GIN,gpu,512,61,512,0.2859262089477852
molclr_gin,MolCLR-GIN,gpu,512,62,512,0.28398224094416946
molclr_gin,MolCLR-GIN,gpu,512,63,512,0.3232057079439983
molclr_gin,MolCLR-GIN,gpu,512,64,512,0.2886294180061668
molclr_gin,MolCLR-GIN,gpu,512,65,512,0.28610063600353897
molclr_gin,MolCLR-GIN,gpu,512,66,512,0.3322595589561388
molclr_gin,MolCLR-GIN,gpu,512,67,512,0.2837980859912932
molclr_gin,MolCLR-GIN,gpu,512,68,512,0.2878369960235432
molclr_gin,MolCLR-GIN,gpu,512,69,512,0.3248894610442221
molclr_gin,MolCLR-GIN,gpu,512,70,512,0.45410691504366696
molclr_gin,MolCLR-GIN,gpu,512,71,512,0.3193726160097867
molclr_gin,MolCLR-GIN,gpu,512,72,512,0.30778082995675504
molclr_gin,MolCLR-GIN,gpu,512,73,512,0.2815977740101516
molclr_gin,MolCLR-GIN,gpu,512,74,512,0.2897121669957414
molclr_gin,MolCLR-GIN,gpu,512,75,512,0.32077865104656667
molclr_gin,MolCLR-GIN,gpu,512,76,512,0.2876910489285365
molclr_gin,MolCLR-GIN,gpu,512,77,512,0.3054708580020815
molclr_gin,MolCLR-GIN,gpu,512,78,512,0.33762383402790874
molclr_gin,MolCLR-GIN,gpu,512,79,512,0.2809760980308056
molclr_gin,MolCLR-GIN,gpu,512,80,512,0.300155573990196
molclr_gin,MolCLR-GIN,gpu,512,81,512,0.2846448749769479
molclr_gin,MolCLR-GIN,gpu,512,82,512,0.31994795706123114
molclr_gin,MolCLR-GIN,gpu,512,83,512,0.28384246898349375
molclr_gin,MolCLR-GIN,gpu,512,84,512,0.3074723279569298
molclr_gin,MolCLR-GIN,gpu,512,85,512,0.2835183839779347
molclr_gin,MolCLR-GIN,gpu,512,86,512,0.28831141209229827
molclr_gin,MolCLR-GIN,gpu,512,87,512,0.33341145794838667
molclr_gin,MolCLR-GIN,gpu,512,88,512,0.30798610392957926
molclr_gin,MolCLR-GIN,gpu,512,89,512,0.283773479051888
molclr_gin,MolCLR-GIN,gpu,512,90,512,0.3059127639280632
molclr_gin,MolCLR-GIN,gpu,512,91,512,0.28468848997727036
molclr_gin,MolCLR-GIN,gpu,512,92,512,0.2842949019977823
molclr_gin,MolCLR-GIN,gpu,512,93,512,0.322565985028632
molclr_gin,MolCLR-GIN,gpu,512,94,512,0.3035088089527562
molclr_gin,MolCLR-GIN,gpu,512,95,512,0.2872724699554965
molclr_gin,MolCLR-GIN,gpu,512,96,512,0.2848684199852869
molclr_gin,MolCLR-GIN,gpu,512,97,180,0.12354208494070917
kermt_v2,KERMT v2,gpu,64,0,64,0.1790326740592718
kermt_v2,KERMT v2,gpu,64,1,64,0.17993677302729338
kermt_v2,KERMT v2,gpu,64,2,64,0.17914236604701728
kermt_v2,KERMT v2,gpu,64,3,64,0.27235352899879217
kermt_v2,KERMT v2,gpu,64,4,64,0.1849511390319094
kermt_v2,KERMT v2,gpu,64,5,64,0.17476900399196893
kermt_v2,KERMT v2,gpu,64,6,64,0.18241982895415276
kermt_v2,KERMT v2,gpu,64,7,64,0.1953656179830432
kermt_v2,KERMT v2,gpu,64,8,64,0.1774915079586208
kermt_v2,KERMT v2,gpu,64,9,64,0.17463595198933035
kermt_v2,KERMT v2,gpu,64,10,64,0.17883987992536277
kermt_v2,KERMT v2,gpu,64,11,64,0.18023554899264127
kermt_v2,KERMT v2,gpu,64,12,64,0.18456494400743395
kermt_v2,KERMT v2,gpu,64,13,64,0.2517424509860575
kermt_v2,KERMT v2,gpu,64,14,64,0.18685434199869633
kermt_v2,KERMT v2,gpu,64,15,64,0.1747994989855215
kermt_v2,KERMT v2,gpu,64,16,64,0.17608940904028714
kermt_v2,KERMT v2,gpu,64,17,64,0.18011286400724202
kermt_v2,KERMT v2,gpu,64,18,64,0.17942910897545516
kermt_v2,KERMT v2,gpu,64,19,64,0.18861837999429554
kermt_v2,KERMT v2,gpu,64,20,64,0.1794752839487046
kermt_v2,KERMT v2,gpu,64,21,64,0.22194626205600798
kermt_v2,KERMT v2,gpu,64,22,64,0.2104653549613431
kermt_v2,KERMT v2,gpu,64,23,64,0.1914821279933676
kermt_v2,KERMT v2,gpu,64,24,64,0.21928372397087514
kermt_v2,KERMT v2,gpu,64,25,64,0.304817950935103
kermt_v2,KERMT v2,gpu,64,26,64,0.2085743739735335
kermt_v2,KERMT v2,gpu,64,27,64,0.17682199401315302
kermt_v2,KERMT v2,gpu,64,28,64,0.17471012601163238
kermt_v2,KERMT v2,gpu,64,29,64,0.17610758496448398
kermt_v2,KERMT v2,gpu,64,30,64,0.21719188801944256
kermt_v2,KERMT v2,gpu,64,31,64,0.17980794608592987
kermt_v2,KERMT v2,gpu,64,32,64,0.1799585650442168
kermt_v2,KERMT v2,gpu,64,33,64,0.18254404899198562
kermt_v2,KERMT v2,gpu,64,34,64,0.1772573710186407
kermt_v2,KERMT v2,gpu,64,35,64,0.17880535300355405
kermt_v2,KERMT v2,gpu,64,36,64,0.24982584198005497
kermt_v2,KERMT v2,gpu,64,37,64,0.18624840897973627
kermt_v2,KERMT v2,gpu,64,38,64,0.17637186404317617
kermt_v2,KERMT v2,gpu,64,39,64,0.1901003159582615
kermt_v2,KERMT v2,gpu,64,40,64,0.18335375108290464
kermt_v2,KERMT v2,gpu,64,41,64,0.1795965910423547
kermt_v2,KERMT v2,gpu,64,42,64,0.17645266198087484
kermt_v2,KERMT v2,gpu,64,43,64,0.1789289660518989
kermt_v2,KERMT v2,gpu,64,44,64,0.18082765606231987
kermt_v2,KERMT v2,gpu,64,45,64,0.17269406304694712
kermt_v2,KERMT v2,gpu,64,46,64,0.17887786403298378
kermt_v2,KERMT v2,gpu,64,47,64,0.17472711799200624
kermt_v2,KERMT v2,gpu,64,48,64,0.17634623299818486
kermt_v2,KERMT v2,gpu,64,49,64,0.2517167890910059
kermt_v2,KERMT v2,gpu,64,50,64,0.18217148398980498
kermt_v2,KERMT v2,gpu,64,51,64,0.1777118849568069
kermt_v2,KERMT v2,gpu,64,52,64,0.2071225179824978
kermt_v2,KERMT v2,gpu,64,53,64,0.22696635592728853
kermt_v2,KERMT v2,gpu,64,54,64,0.17595315899234265
kermt_v2,KERMT v2,gpu,64,55,64,0.22215550404507667
kermt_v2,KERMT v2,gpu,64,56,64,0.20361587801016867
kermt_v2,KERMT v2,gpu,64,57,64,0.1787308290367946
kermt_v2,KERMT v2,gpu,64,58,64,0.18015487806405872
kermt_v2,KERMT v2,gpu,64,59,64,0.2740606409497559
kermt_v2,KERMT v2,gpu,64,60,64,0.1850153929553926
kermt_v2,KERMT v2,gpu,64,61,64,0.17747480503749102
kermt_v2,KERMT v2,gpu,64,62,64,0.18241166905499995
kermt_v2,KERMT v2,gpu,64,63,64,0.17802243493497372
kermt_v2,KERMT v2,gpu,64,64,64,0.2366916099563241
kermt_v2,KERMT v2,gpu,64,65,64,0.2009440939873457
kermt_v2,KERMT v2,gpu,64,66,64,0.1763784239301458
kermt_v2,KERMT v2,gpu,64,67,64,0.203478634939529
kermt_v2,KERMT v2,gpu,64,68,64,0.21017605194356292
kermt_v2,KERMT v2,gpu,64,69,64,0.21907627501059324
kermt_v2,KERMT v2,gpu,64,70,64,0.24754444300197065
kermt_v2,KERMT v2,gpu,64,71,64,0.1892785819945857
kermt_v2,KERMT v2,gpu,64,72,64,0.18530987889971584
kermt_v2,KERMT v2,gpu,64,73,64,0.17595703108236194
kermt_v2,KERMT v2,gpu,64,74,64,0.175308633944951
kermt_v2,KERMT v2,gpu,64,75,64,0.18010767898522317
kermt_v2,KERMT v2,gpu,64,76,64,0.17888141702860594
kermt_v2,KERMT v2,gpu,64,77,64,0.18197539495304227
kermt_v2,KERMT v2,gpu,64,78,64,0.1970116440206766
kermt_v2,KERMT v2,gpu,64,79,64,0.2226089300820604
kermt_v2,KERMT v2,gpu,64,80,64,0.2976208389736712
kermt_v2,KERMT v2,gpu,64,81,64,0.1901134670479223
kermt_v2,KERMT v2,gpu,64,82,64,0.18139317503664643
kermt_v2,KERMT v2,gpu,64,83,64,0.17996867606416345
kermt_v2,KERMT v2,gpu,64,84,64,0.18039723800029606
kermt_v2,KERMT v2,gpu,64,85,64,0.19139931502286345
kermt_v2,KERMT v2,gpu,64,86,64,0.2534830659860745
kermt_v2,KERMT v2,gpu,64,87,64,0.18329388089478016
kermt_v2,KERMT v2,gpu,64,88,64,0.1794627079507336
kermt_v2,KERMT v2,gpu,64,89,64,0.17952283506747335
kermt_v2,KERMT v2,gpu,64,90,64,0.1976656710030511
kermt_v2,KERMT v2,gpu,64,91,64,0.2394219859270379
kermt_v2,KERMT v2,gpu,64,92,64,0.2740840329788625
kermt_v2,KERMT v2,gpu,64,93,64,0.18434565397910774
kermt_v2,KERMT v2,gpu,64,94,64,0.22018817509524524
kermt_v2,KERMT v2,gpu,64,95,64,0.17897565197199583
kermt_v2,KERMT v2,gpu,64,96,64,0.2008521610405296
kermt_v2,KERMT v2,gpu,64,97,64,0.18393609998747706
kermt_v2,KERMT v2,gpu,64,98,64,0.1805845919298008
kermt_v2,KERMT v2,gpu,64,99,64,0.1809431080473587
kermt_v2,KERMT v2,gpu,64,100,64,0.18004099500831217
kermt_v2,KERMT v2,gpu,64,101,64,0.2627190559869632
kermt_v2,KERMT v2,gpu,64,102,64,0.18205625703558326
kermt_v2,KERMT v2,gpu,64,103,64,0.18270868307445198
kermt_v2,KERMT v2,gpu,64,104,64,0.17601891490630805
kermt_v2,KERMT v2,gpu,64,105,64,0.19746331102214754
kermt_v2,KERMT v2,gpu,64,106,64,0.2231813899707049
kermt_v2,KERMT v2,gpu,64,107,64,0.18316873291041702
kermt_v2,KERMT v2,gpu,64,108,64,0.1839750100625679
kermt_v2,KERMT v2,gpu,64,109,64,0.18325004202779382
kermt_v2,KERMT v2,gpu,64,110,64,0.18158996803686023
kermt_v2,KERMT v2,gpu,64,111,64,0.177541394950822
kermt_v2,KERMT v2,gpu,64,112,64,0.1805108020780608
kermt_v2,KERMT v2,gpu,64,113,64,0.24647308501880616
kermt_v2,KERMT v2,gpu,64,114,64,0.1871989059727639
kermt_v2,KERMT v2,gpu,64,115,64,0.1782100130803883
kermt_v2,KERMT v2,gpu,64,116,64,0.18116415792610496
kermt_v2,KERMT v2,gpu,64,117,64,0.1791648940416053
kermt_v2,KERMT v2,gpu,64,118,64,0.17871031595859677
kermt_v2,KERMT v2,gpu,64,119,64,0.17821830103639513
kermt_v2,KERMT v2,gpu,64,120,64,0.1789388220058754
kermt_v2,KERMT v2,gpu,64,121,64,0.1776625100756064
kermt_v2,KERMT v2,gpu,64,122,64,0.17386596102733165
kermt_v2,KERMT v2,gpu,64,123,64,0.18194477201905102
kermt_v2,KERMT v2,gpu,64,124,64,0.2423613469582051
kermt_v2,KERMT v2,gpu,64,125,64,0.18796569795813411
kermt_v2,KERMT v2,gpu,64,126,64,0.20365907798986882
kermt_v2,KERMT v2,gpu,64,127,64,0.20294047705829144
kermt_v2,KERMT v2,gpu,64,128,64,0.2250916640041396
kermt_v2,KERMT v2,gpu,64,129,64,0.194251638953574
kermt_v2,KERMT v2,gpu,64,130,64,0.21696664695627987
kermt_v2,KERMT v2,gpu,64,131,64,0.1989306550240144
kermt_v2,KERMT v2,gpu,64,132,64,0.22152617992833257
kermt_v2,KERMT v2,gpu,64,133,64,0.22020171105396003
kermt_v2,KERMT v2,gpu,64,134,64,0.2659856060054153
kermt_v2,KERMT v2,gpu,64,135,64,0.19044408202171326
kermt_v2,KERMT v2,gpu,64,136,64,0.180419797077775
kermt_v2,KERMT v2,gpu,64,137,64,0.18226751394104213
kermt_v2,KERMT v2,gpu,64,138,64,0.21759568399284035
kermt_v2,KERMT v2,gpu,64,139,64,0.22581625008024275
kermt_v2,KERMT v2,gpu,64,140,64,0.18084285489749163
kermt_v2,KERMT v2,gpu,64,141,64,0.18132789595983922
kermt_v2,KERMT v2,gpu,64,142,64,0.20876697590574622
kermt_v2,KERMT v2,gpu,64,143,64,0.18486736598424613
kermt_v2,KERMT v2,gpu,64,144,64,0.22265017603058368
kermt_v2,KERMT v2,gpu,64,145,64,0.2033986710011959
kermt_v2,KERMT v2,gpu,64,146,64,0.2913654900621623
kermt_v2,KERMT v2,gpu,64,147,64,0.18608239805325866
kermt_v2,KERMT v2,gpu,64,148,64,0.24221367202699184
kermt_v2,KERMT v2,gpu,64,149,64,0.22454749094322324
kermt_v2,KERMT v2,gpu,64,150,64,0.2007208690047264
kermt_v2,KERMT v2,gpu,64,151,64,0.2018488640896976
kermt_v2,KERMT v2,gpu,64,152,64,0.20354052202310413
kermt_v2,KERMT v2,gpu,64,153,64,0.22986783005762845
kermt_v2,KERMT v2,gpu,64,154,64,0.22219649504404515
kermt_v2,KERMT v2,gpu,64,155,64,0.28162212402094156
kermt_v2,KERMT v2,gpu,64,156,64,0.20816078898496926
kermt_v2,KERMT v2,gpu,64,157,64,0.19052615808323026
kermt_v2,KERMT v2,gpu,64,158,64,0.17905229097232223
kermt_v2,KERMT v2,gpu,64,159,64,0.18762481200974435
kermt_v2,KERMT v2,gpu,64,160,64,0.18878682295326144
kermt_v2,KERMT v2,gpu,64,161,64,0.1910138230305165
kermt_v2,KERMT v2,gpu,64,162,64,0.1884392820065841
kermt_v2,KERMT v2,gpu,64,163,64,0.18485274200793356
kermt_v2,KERMT v2,gpu,64,164,64,0.1852246660273522
kermt_v2,KERMT v2,gpu,64,165,64,0.20827963203191757
kermt_v2,KERMT v2,gpu,64,166,64,0.18287978100124747
kermt_v2,KERMT v2,gpu,64,167,64,0.25277157104574144
kermt_v2,KERMT v2,gpu,64,168,64,0.2736967479577288
kermt_v2,KERMT v2,gpu,64,169,64,0.19323864695616066
kermt_v2,KERMT v2,gpu,64,170,64,0.2359304039273411
kermt_v2,KERMT v2,gpu,64,171,64,0.2403643080033362
kermt_v2,KERMT v2,gpu,64,172,64,0.21309173898771405
kermt_v2,KERMT v2,gpu,64,173,64,0.22563614102546126
kermt_v2,KERMT v2,gpu,64,174,64,0.18431934900581837
kermt_v2,KERMT v2,gpu,64,175,64,0.18703935097437352
kermt_v2,KERMT v2,gpu,64,176,64,0.20702468289528042
kermt_v2,KERMT v2,gpu,64,177,64,0.2609137480612844
kermt_v2,KERMT v2,gpu,64,178,64,0.19360296695958823
kermt_v2,KERMT v2,gpu,64,179,64,0.1879468719707802
kermt_v2,KERMT v2,gpu,64,180,64,0.1900139698991552
kermt_v2,KERMT v2,gpu,64,181,64,0.18974677997175604
kermt_v2,KERMT v2,gpu,64,182,64,0.1824054290773347
kermt_v2,KERMT v2,gpu,64,183,64,0.18498678295873106
kermt_v2,KERMT v2,gpu,64,184,64,0.18770153599325567
kermt_v2,KERMT v2,gpu,64,185,64,0.18558141798712313
kermt_v2,KERMT v2,gpu,64,186,64,0.18357633403502405
kermt_v2,KERMT v2,gpu,64,187,64,0.19276200409512967
kermt_v2,KERMT v2,gpu,64,188,64,0.18393868999555707
kermt_v2,KERMT v2,gpu,64,189,64,0.26611513807438314
kermt_v2,KERMT v2,gpu,64,190,64,0.19023079401813447
kermt_v2,KERMT v2,gpu,64,191,64,0.1896112960530445
kermt_v2,KERMT v2,gpu,64,192,64,0.2276087449863553
kermt_v2,KERMT v2,gpu,64,193,64,0.20681611390318722
kermt_v2,KERMT v2,gpu,64,194,64,0.18635348696261644
kermt_v2,KERMT v2,gpu,64,195,64,0.21213593194261193
kermt_v2,KERMT v2,gpu,64,196,64,0.18753485498018563
kermt_v2,KERMT v2,gpu,64,197,64,0.1884833020158112
kermt_v2,KERMT v2,gpu,64,198,64,0.20794122701045126
kermt_v2,KERMT v2,gpu,64,199,64,0.2942208310123533
kermt_v2,KERMT v2,gpu,64,200,64,0.1961417270358652
kermt_v2,KERMT v2,gpu,64,201,64,0.186163894017227
kermt_v2,KERMT v2,gpu,64,202,64,0.18520459800492972
kermt_v2,KERMT v2,gpu,64,203,64,0.18556369107682258
kermt_v2,KERMT v2,gpu,64,204,64,0.1862685289233923
kermt_v2,KERMT v2,gpu,64,205,64,0.1901344140060246
kermt_v2,KERMT v2,gpu,64,206,64,0.1816566870547831
kermt_v2,KERMT v2,gpu,64,207,64,0.18737863597925752
kermt_v2,KERMT v2,gpu,64,208,64,0.1857951389392838
kermt_v2,KERMT v2,gpu,64,209,64,0.18318802793510258
kermt_v2,KERMT v2,gpu,64,210,64,0.2713229920482263
kermt_v2,KERMT v2,gpu,64,211,64,0.1949840399902314
kermt_v2,KERMT v2,gpu,64,212,64,0.18533688108436763
kermt_v2,KERMT v2,gpu,64,213,64,0.1860740730771795
kermt_v2,KERMT v2,gpu,64,214,64,0.1873294219840318
kermt_v2,KERMT v2,gpu,64,215,64,0.2024917509406805
kermt_v2,KERMT v2,gpu,64,216,64,0.2089723590761423
kermt_v2,KERMT v2,gpu,64,217,64,0.21441627002786845
kermt_v2,KERMT v2,gpu,64,218,64,0.20790567598305643
kermt_v2,KERMT v2,gpu,64,219,64,0.18453633389435709
kermt_v2,KERMT v2,gpu,64,220,64,0.18316572392359376
kermt_v2,KERMT v2,gpu,64,221,64,0.18704642495140433
kermt_v2,KERMT v2,gpu,64,222,64,0.2053014140110463
kermt_v2,KERMT v2,gpu,64,223,64,0.22204698401037604
kermt_v2,KERMT v2,gpu,64,224,64,0.30036151595413685
kermt_v2,KERMT v2,gpu,64,225,64,0.19689104601275176
kermt_v2,KERMT v2,gpu,64,226,64,0.18867359997238964
kermt_v2,KERMT v2,gpu,64,227,64,0.23080066801048815
kermt_v2,KERMT v2,gpu,64,228,64,0.2056005399208516
kermt_v2,KERMT v2,gpu,64,229,64,0.20518865098711103
kermt_v2,KERMT v2,gpu,64,230,64,0.206072140019387
kermt_v2,KERMT v2,gpu,64,231,64,0.22410272096749395
kermt_v2,KERMT v2,gpu,64,232,64,0.24142529594246298
kermt_v2,KERMT v2,gpu,64,233,64,0.23613082093652338
kermt_v2,KERMT v2,gpu,64,234,64,0.2093365399632603
kermt_v2,KERMT v2,gpu,64,235,64,0.18850467703305185
kermt_v2,KERMT v2,gpu,64,236,64,0.2568533440353349
kermt_v2,KERMT v2,gpu,64,237,64,0.19520079996436834
kermt_v2,KERMT v2,gpu,64,238,64,0.1833867400418967
kermt_v2,KERMT v2,gpu,64,239,64,0.18328447197563946
kermt_v2,KERMT v2,gpu,64,240,64,0.18889727198984474
kermt_v2,KERMT v2,gpu,64,241,64,0.18674656201619655
kermt_v2,KERMT v2,gpu,64,242,64,0.18488480104133487
kermt_v2,KERMT v2,gpu,64,243,64,0.19064290798269212
kermt_v2,KERMT v2,gpu,64,244,64,0.1867794879944995
kermt_v2,KERMT v2,gpu,64,245,64,0.18326805694960058
kermt_v2,KERMT v2,gpu,64,246,64,0.182494290987961
kermt_v2,KERMT v2,gpu,64,247,64,0.18545777397230268
kermt_v2,KERMT v2,gpu,64,248,64,0.25928340398240834
kermt_v2,KERMT v2,gpu,64,249,64,0.1958786000031978
kermt_v2,KERMT v2,gpu,64,250,64,0.18907310697250068
kermt_v2,KERMT v2,gpu,64,251,64,0.18233298405539244
kermt_v2,KERMT v2,gpu,64,252,64,0.18821121600922197
kermt_v2,KERMT v2,gpu,64,253,64,0.206363809062168
kermt_v2,KERMT v2,gpu,64,254,64,0.22180504095740616
kermt_v2,KERMT v2,gpu,64,255,64,0.20904890191741288
kermt_v2,KERMT v2,gpu,64,256,64,0.20997110905591398
kermt_v2,KERMT v2,gpu,64,257,64,0.21369111095555127
kermt_v2,KERMT v2,gpu,64,258,64,0.28552618401590735
kermt_v2,KERMT v2,gpu,64,259,64,0.1966333909658715
kermt_v2,KERMT v2,gpu,64,260,64,0.18506745097693056
kermt_v2,KERMT v2,gpu,64,261,64,0.1826101589249447
kermt_v2,KERMT v2,gpu,64,262,64,0.1843027729773894
kermt_v2,KERMT v2,gpu,64,263,64,0.19041322101838887
kermt_v2,KERMT v2,gpu,64,264,64,0.1871370750013739
kermt_v2,KERMT v2,gpu,64,265,64,0.18396998499520123
kermt_v2,KERMT v2,gpu,64,266,64,0.18872508592903614
kermt_v2,KERMT v2,gpu,64,267,64,0.1895748160313815
kermt_v2,KERMT v2,gpu,64,268,64,0.18696767499204725
kermt_v2,KERMT v2,gpu,64,269,64,0.18251601897645742
kermt_v2,KERMT v2,gpu,64,270,64,0.1854815490078181
kermt_v2,KERMT v2,gpu,64,271,64,0.24974107497837394
kermt_v2,KERMT v2,gpu,64,272,64,0.18623256299179047
kermt_v2,KERMT v2,gpu,64,273,64,0.1841573698911816
kermt_v2,KERMT v2,gpu,64,274,64,0.18253659398760647
kermt_v2,KERMT v2,gpu,64,275,64,0.18442942504771054
kermt_v2,KERMT v2,gpu,64,276,64,0.1845228939782828
kermt_v2,KERMT v2,gpu,64,277,64,0.17833104101009667
kermt_v2,KERMT v2,gpu,64,278,64,0.21090522198937833
kermt_v2,KERMT v2,gpu,64,279,64,0.2367596640251577
kermt_v2,KERMT v2,gpu,64,280,64,0.1915009260410443
kermt_v2,KERMT v2,gpu,64,281,64,0.2529963880078867
kermt_v2,KERMT v2,gpu,64,282,64,0.1878913550172001
kermt_v2,KERMT v2,gpu,64,283,64,0.21054478595033288
kermt_v2,KERMT v2,gpu,64,284,64,0.2271759290015325
kermt_v2,KERMT v2,gpu,64,285,64,0.2070576730184257
kermt_v2,KERMT v2,gpu,64,286,64,0.19008526299148798
kermt_v2,KERMT v2,gpu,64,287,64,0.18780761293601245
kermt_v2,KERMT v2,gpu,64,288,64,0.2243834810797125
kermt_v2,KERMT v2,gpu,64,289,64,0.2295587599510327
kermt_v2,KERMT v2,gpu,64,290,64,0.18975071504246444
kermt_v2,KERMT v2,gpu,64,291,64,0.1886665920028463
kermt_v2,KERMT v2,gpu,64,292,64,0.18538801709655672
kermt_v2,KERMT v2,gpu,64,293,64,0.25811704399529845
kermt_v2,KERMT v2,gpu,64,294,64,0.19230656407307833
kermt_v2,KERMT v2,gpu,64,295,64,0.18873058899771422
kermt_v2,KERMT v2,gpu,64,296,64,0.18767331400886178
kermt_v2,KERMT v2,gpu,64,297,64,0.18450343795120716
kermt_v2,KERMT v2,gpu,64,298,64,0.18478032492566854
kermt_v2,KERMT v2,gpu,64,299,64,0.18859869008883834
kermt_v2,KERMT v2,gpu,64,300,64,0.18308841495309025
kermt_v2,KERMT v2,gpu,64,301,64,0.18292902794200927
kermt_v2,KERMT v2,gpu,64,302,64,0.18327589705586433
kermt_v2,KERMT v2,gpu,64,303,64,0.1869606339605525
kermt_v2,KERMT v2,gpu,64,304,64,0.26588976895436645
kermt_v2,KERMT v2,gpu,64,305,64,0.2184849620098248
kermt_v2,KERMT v2,gpu,64,306,64,0.18731275107711554
kermt_v2,KERMT v2,gpu,64,307,64,0.2279114540433511
kermt_v2,KERMT v2,gpu,64,308,64,0.18914718402083963
kermt_v2,KERMT v2,gpu,64,309,64,0.18780012498609722
kermt_v2,KERMT v2,gpu,64,310,64,0.1884948540246114
kermt_v2,KERMT v2,gpu,64,311,64,0.18377565499395132
kermt_v2,KERMT v2,gpu,64,312,64,0.1888901039492339
kermt_v2,KERMT v2,gpu,64,313,64,0.20314206392504275
kermt_v2,KERMT v2,gpu,64,314,64,0.214197268942371
kermt_v2,KERMT v2,gpu,64,315,64,0.29231369600165635
kermt_v2,KERMT v2,gpu,64,316,64,0.19790141098201275
kermt_v2,KERMT v2,gpu,64,317,64,0.1889264240162447
kermt_v2,KERMT v2,gpu,64,318,64,0.18549934693146497
kermt_v2,KERMT v2,gpu,64,319,64,0.19212764489930123
kermt_v2,KERMT v2,gpu,64,320,64,0.18721525697037578
kermt_v2,KERMT v2,gpu,64,321,64,0.1862732390873134
kermt_v2,KERMT v2,gpu,64,322,64,0.18437390692997724
kermt_v2,KERMT v2,gpu,64,323,64,0.18792169797234237
kermt_v2,KERMT v2,gpu,64,324,64,0.1870415030280128
kermt_v2,KERMT v2,gpu,64,325,64,0.18760647694580257
kermt_v2,KERMT v2,gpu,64,326,64,0.18736194004304707
kermt_v2,KERMT v2,gpu,64,327,64,0.2576009340118617
kermt_v2,KERMT v2,gpu,64,328,64,0.1953724070917815
kermt_v2,KERMT v2,gpu,64,329,64,0.18840331595856696
kermt_v2,KERMT v2,gpu,64,330,64,0.19140360411256552
kermt_v2,KERMT v2,gpu,64,331,64,0.2104159949813038
kermt_v2,KERMT v2,gpu,64,332,64,0.25237069791182876
kermt_v2,KERMT v2,gpu,64,333,64,0.18579581403173506
kermt_v2,KERMT v2,gpu,64,334,64,0.18844574701506644
kermt_v2,KERMT v2,gpu,64,335,64,0.18733518896624446
kermt_v2,KERMT v2,gpu,64,336,64,0.1898241660092026
kermt_v2,KERMT v2,gpu,64,337,64,0.23369960905984044
kermt_v2,KERMT v2,gpu,64,338,64,0.2686040080152452
kermt_v2,KERMT v2,gpu,64,339,64,0.18900780891999602
kermt_v2,KERMT v2,gpu,64,340,64,0.20975694304797798
kermt_v2,KERMT v2,gpu,64,341,64,0.20971880096476525
kermt_v2,KERMT v2,gpu,64,342,64,0.248919446952641
kermt_v2,KERMT v2,gpu,64,343,64,0.21272337797563523
kermt_v2,KERMT v2,gpu,64,344,64,0.2495236530667171
kermt_v2,KERMT v2,gpu,64,345,64,0.187921442091465
kermt_v2,KERMT v2,gpu,64,346,64,0.19061579008121043
kermt_v2,KERMT v2,gpu,64,347,64,0.19848478899803013
kermt_v2,KERMT v2,gpu,64,348,64,0.22454796300735325
kermt_v2,KERMT v2,gpu,64,349,64,0.28150750405620784
kermt_v2,KERMT v2,gpu,64,350,64,0.21324432198889554
kermt_v2,KERMT v2,gpu,64,351,64,0.21456213493365794
kermt_v2,KERMT v2,gpu,64,352,64,0.20710585999768227
kermt_v2,KERMT v2,gpu,64,353,64,0.22730067500378937
kermt_v2,KERMT v2,gpu,64,354,64,0.20400845305994153
kermt_v2,KERMT v2,gpu,64,355,64,0.2244476790074259
kermt_v2,KERMT v2,gpu,64,356,64,0.2033842820674181
kermt_v2,KERMT v2,gpu,64,357,64,0.19738888705614954
kermt_v2,KERMT v2,gpu,64,358,64,0.22667295206338167
kermt_v2,KERMT v2,gpu,64,359,64,0.18679907789919525
kermt_v2,KERMT v2,gpu,64,360,64,0.184850596007891
kermt_v2,KERMT v2,gpu,64,361,64,0.25999231298919767
kermt_v2,KERMT v2,gpu,64,362,64,0.19282563996966928
kermt_v2,KERMT v2,gpu,64,363,64,0.19155707105528563
kermt_v2,KERMT v2,gpu,64,364,64,0.18707222200464457
kermt_v2,KERMT v2,gpu,64,365,64,0.18694285000674427
kermt_v2,KERMT v2,gpu,64,366,64,0.1814860610757023
kermt_v2,KERMT v2,gpu,64,367,64,0.1848222779808566
kermt_v2,KERMT v2,gpu,64,368,64,0.18918920995201916
kermt_v2,KERMT v2,gpu,64,369,64,0.18605817295610905
kermt_v2,KERMT v2,gpu,64,370,64,0.18449313496239483
kermt_v2,KERMT v2,gpu,64,371,64,0.18396016105543822
kermt_v2,KERMT v2,gpu,64,372,64,0.29472654103301466
kermt_v2,KERMT v2,gpu,64,373,64,0.19185952609404922
kermt_v2,KERMT v2,gpu,64,374,64,0.2189017100026831
kermt_v2,KERMT v2,gpu,64,375,64,0.18538587493821979
kermt_v2,KERMT v2,gpu,64,376,64,0.1881121249170974
kermt_v2,KERMT v2,gpu,64,377,64,0.18576931802090257
kermt_v2,KERMT v2,gpu,64,378,64,0.18549153592903167
kermt_v2,KERMT v2,gpu,64,379,64,0.1888991390587762
kermt_v2,KERMT v2,gpu,64,380,64,0.18890483502764255
kermt_v2,KERMT v2,gpu,64,381,64,0.1837919099489227
kermt_v2,KERMT v2,gpu,64,382,64,0.18684589304029942
kermt_v2,KERMT v2,gpu,64,383,64,0.18354862101841718
kermt_v2,KERMT v2,gpu,64,384,64,0.1888456370215863
kermt_v2,KERMT v2,gpu,64,385,64,0.25589551497250795
kermt_v2,KERMT v2,gpu,64,386,64,0.19183389598038048
kermt_v2,KERMT v2,gpu,64,387,64,0.24443597299978137
kermt_v2,KERMT v2,gpu,64,388,64,0.23506436706520617
kermt_v2,KERMT v2,gpu,64,389,64,0.22649321390781552
kermt_v2,KERMT v2,gpu,64,390,64,0.1848670750623569
kermt_v2,KERMT v2,gpu,64,391,64,0.1865199509775266
kermt_v2,KERMT v2,gpu,64,392,64,0.19063383608590811
kermt_v2,KERMT v2,gpu,64,393,64,0.18688073998782784
kermt_v2,KERMT v2,gpu,64,394,64,0.265886110952124
kermt_v2,KERMT v2,gpu,64,395,64,0.19316188397351652
kermt_v2,KERMT v2,gpu,64,396,64,0.18856177502311766
kermt_v2,KERMT v2,gpu,64,397,64,0.18188182602170855
kermt_v2,KERMT v2,gpu,64,398,64,0.18760922807268798
kermt_v2,KERMT v2,gpu,64,399,64,0.18182627600617707
kermt_v2,KERMT v2,gpu,64,400,64,0.18403135798871517
kermt_v2,KERMT v2,gpu,64,401,64,0.1876026690006256
kermt_v2,KERMT v2,gpu,64,402,64,0.184225526987575
kermt_v2,KERMT v2,gpu,64,403,64,0.18643659399822354
kermt_v2,KERMT v2,gpu,64,404,64,0.18287840310949832
kermt_v2,KERMT v2,gpu,64,405,64,0.192001856979914
kermt_v2,KERMT v2,gpu,64,406,64,0.26983510598074645
kermt_v2,KERMT v2,gpu,64,407,64,0.19038949301466346
kermt_v2,KERMT v2,gpu,64,408,64,0.21105280600022525
kermt_v2,KERMT v2,gpu,64,409,64,0.2494943089550361
kermt_v2,KERMT v2,gpu,64,410,64,0.18301814200822264
kermt_v2,KERMT v2,gpu,64,411,64,0.1817046470241621
kermt_v2,KERMT v2,gpu,64,412,64,0.20760853204410523
kermt_v2,KERMT v2,gpu,64,413,64,0.18789587600622326
kermt_v2,KERMT v2,gpu,64,414,64,0.20506790711078793
kermt_v2,KERMT v2,gpu,64,415,64,0.23571100202389061
kermt_v2,KERMT v2,gpu,64,416,64,0.22392161493189633
kermt_v2,KERMT v2,gpu,64,417,64,0.2611926899990067
kermt_v2,KERMT v2,gpu,64,418,64,0.20749711198732257
kermt_v2,KERMT v2,gpu,64,419,64,0.23879467998631299
kermt_v2,KERMT v2,gpu,64,420,64,0.23506631702184677
kermt_v2,KERMT v2,gpu,64,421,64,0.22428349195979536
kermt_v2,KERMT v2,gpu,64,422,64,0.181927231955342
kermt_v2,KERMT v2,gpu,64,423,64,0.19028271199204028
kermt_v2,KERMT v2,gpu,64,424,64,0.1889373470330611
kermt_v2,KERMT v2,gpu,64,425,64,0.2328303570393473
kermt_v2,KERMT v2,gpu,64,426,64,0.21941794897429645
kermt_v2,KERMT v2,gpu,64,427,64,0.18449399899691343
kermt_v2,KERMT v2,gpu,64,428,64,0.2541133629856631
kermt_v2,KERMT v2,gpu,64,429,64,0.19021112995687872
kermt_v2,KERMT v2,gpu,64,430,64,0.1804772630566731
kermt_v2,KERMT v2,gpu,64,431,64,0.18896777706686407
kermt_v2,KERMT v2,gpu,64,432,64,0.18447537603788078
kermt_v2,KERMT v2,gpu,64,433,64,0.18535486899781972
kermt_v2,KERMT v2,gpu,64,434,64,0.18223675806075335
kermt_v2,KERMT v2,gpu,64,435,64,0.18196390301454812
kermt_v2,KERMT v2,gpu,64,436,64,0.18770033004693687
kermt_v2,KERMT v2,gpu,64,437,64,0.1877746960381046
kermt_v2,KERMT v2,gpu,64,438,64,0.1845932910218835
kermt_v2,KERMT v2,gpu,64,439,64,0.2651695889653638
kermt_v2,KERMT v2,gpu,64,440,64,0.1999629179481417
kermt_v2,KERMT v2,gpu,64,441,64,0.18587229098193347
kermt_v2,KERMT v2,gpu,64,442,64,0.18330206908285618
kermt_v2,KERMT v2,gpu,64,443,64,0.24618193390779197
kermt_v2,KERMT v2,gpu,64,444,64,0.20652834104839712
kermt_v2,KERMT v2,gpu,64,445,64,0.22936086799018085
kermt_v2,KERMT v2,gpu,64,446,64,0.189472752972506
kermt_v2,KERMT v2,gpu,64,447,64,0.18754404701758176
kermt_v2,KERMT v2,gpu,64,448,64,0.18457796494476497
kermt_v2,KERMT v2,gpu,64,449,64,0.18719237705226988
kermt_v2,KERMT v2,gpu,64,450,64,0.2609060130780563
kermt_v2,KERMT v2,gpu,64,451,64,0.1878914600238204
kermt_v2,KERMT v2,gpu,64,452,64,0.18657530890777707
kermt_v2,KERMT v2,gpu,64,453,64,0.188009376055561
kermt_v2,KERMT v2,gpu,64,454,64,0.1872417520498857
kermt_v2,KERMT v2,gpu,64,455,64,0.1820184940006584
kermt_v2,KERMT v2,gpu,64,456,64,0.18626299896277487
kermt_v2,KERMT v2,gpu,64,457,64,0.1861293070251122
kermt_v2,KERMT v2,gpu,64,458,64,0.18168004101607949
kermt_v2,KERMT v2,gpu,64,459,64,0.1848378920694813
kermt_v2,KERMT v2,gpu,64,460,64,0.1869520009495318
kermt_v2,KERMT v2,gpu,64,461,64,0.26261747803073376
kermt_v2,KERMT v2,gpu,64,462,64,0.1934116049669683
kermt_v2,KERMT v2,gpu,64,463,64,0.18880771799013019
kermt_v2,KERMT v2,gpu,64,464,64,0.20447336707729846
kermt_v2,KERMT v2,gpu,64,465,64,0.2233799360692501
kermt_v2,KERMT v2,gpu,64,466,64,0.2086566899670288
kermt_v2,KERMT v2,gpu,64,467,64,0.22315194294787943
kermt_v2,KERMT v2,gpu,64,468,64,0.18681574997026473
kermt_v2,KERMT v2,gpu,64,469,64,0.19003564794547856
kermt_v2,KERMT v2,gpu,64,470,64,0.1868712370051071
kermt_v2,KERMT v2,gpu,64,471,64,0.2614997850032523
kermt_v2,KERMT v2,gpu,64,472,64,0.18571508000604808
kermt_v2,KERMT v2,gpu,64,473,64,0.18778035894501954
kermt_v2,KERMT v2,gpu,64,474,64,0.2557204170152545
kermt_v2,KERMT v2,gpu,64,475,64,0.1903223580447957
kermt_v2,KERMT v2,gpu,64,476,64,0.1922391620464623
kermt_v2,KERMT v2,gpu,64,477,64,0.18713500397279859
kermt_v2,KERMT v2,gpu,64,478,64,0.1860395499970764
kermt_v2,KERMT v2,gpu,64,479,64,0.18234254699200392
kermt_v2,KERMT v2,gpu,64,480,64,0.18325618200469762
kermt_v2,KERMT v2,gpu,64,481,64,0.18891833897214383
kermt_v2,KERMT v2,gpu,64,482,64,0.18492992094252259
kermt_v2,KERMT v2,gpu,64,483,64,0.18549284792970866
kermt_v2,KERMT v2,gpu,64,484,64,0.2624380919151008
kermt_v2,KERMT v2,gpu,64,485,64,0.18813298805616796
kermt_v2,KERMT v2,gpu,64,486,64,0.188545485958457
kermt_v2,KERMT v2,gpu,64,487,64,0.18174154299777
kermt_v2,KERMT v2,gpu,64,488,64,0.2224504699697718
kermt_v2,KERMT v2,gpu,64,489,64,0.22385519999079406
kermt_v2,KERMT v2,gpu,64,490,64,0.18706099793780595
kermt_v2,KERMT v2,gpu,64,491,64,0.18857614696025848
kermt_v2,KERMT v2,gpu,64,492,64,0.2145620599621907
kermt_v2,KERMT v2,gpu,64,493,64,0.24849747691769153
kermt_v2,KERMT v2,gpu,64,494,64,0.18416329903993756
kermt_v2,KERMT v2,gpu,64,495,64,0.18458574800752103
kermt_v2,KERMT v2,gpu,64,496,64,0.18544588203076273
kermt_v2,KERMT v2,gpu,64,497,64,0.2529588040197268
kermt_v2,KERMT v2,gpu,64,498,64,0.18737916206009686
kermt_v2,KERMT v2,gpu,64,499,64,0.1838690999429673
kermt_v2,KERMT v2,gpu,64,500,64,0.1871463389834389
kermt_v2,KERMT v2,gpu,64,501,64,0.1803811159916222
kermt_v2,KERMT v2,gpu,64,502,64,0.18138550000730902
kermt_v2,KERMT v2,gpu,64,503,64,0.18400535301771015
kermt_v2,KERMT v2,gpu,64,504,64,0.18680186895653605
kermt_v2,KERMT v2,gpu,64,505,64,0.1867711179656908
kermt_v2,KERMT v2,gpu,64,506,64,0.2514592359075323
kermt_v2,KERMT v2,gpu,64,507,64,0.19749218109063804
kermt_v2,KERMT v2,gpu,64,508,64,0.19877210597041994
kermt_v2,KERMT v2,gpu,64,509,64,0.21356257295701653
kermt_v2,KERMT v2,gpu,64,510,64,0.20782519096974283
kermt_v2,KERMT v2,gpu,64,511,64,0.18701091804541647
kermt_v2,KERMT v2,gpu,64,512,64,0.2285529359942302
kermt_v2,KERMT v2,gpu,64,513,64,0.18995795992668718
kermt_v2,KERMT v2,gpu,64,514,64,0.18666030594613403
kermt_v2,KERMT v2,gpu,64,515,64,0.18417312193196267
kermt_v2,KERMT v2,gpu,64,516,64,0.1843406039988622
kermt_v2,KERMT v2,gpu,64,517,64,0.1863623639801517
kermt_v2,KERMT v2,gpu,64,518,64,0.27547973999753594
kermt_v2,KERMT v2,gpu,64,519,64,0.19679639500100166
kermt_v2,KERMT v2,gpu,64,520,64,0.18525951995979995
kermt_v2,KERMT v2,gpu,64,521,64,0.18843797699082643
kermt_v2,KERMT v2,gpu,64,522,64,0.18332521396223456
kermt_v2,KERMT v2,gpu,64,523,64,0.24576783704105765
kermt_v2,KERMT v2,gpu,64,524,64,0.1863301080884412
kermt_v2,KERMT v2,gpu,64,525,64,0.18683838006109
kermt_v2,KERMT v2,gpu,64,526,64,0.18693863204680383
kermt_v2,KERMT v2,gpu,64,527,64,0.2037906659534201
kermt_v2,KERMT v2,gpu,64,528,64,0.24399250093847513
kermt_v2,KERMT v2,gpu,64,529,64,0.23312379594426602
kermt_v2,KERMT v2,gpu,64,530,64,0.18997479195240885
kermt_v2,KERMT v2,gpu,64,531,64,0.18842428096104413
kermt_v2,KERMT v2,gpu,64,532,64,0.1890870750648901
kermt_v2,KERMT v2,gpu,64,533,64,0.1862736949697137
kermt_v2,KERMT v2,gpu,64,534,64,0.19118201499804854
kermt_v2,KERMT v2,gpu,64,535,64,0.18894800799898803
kermt_v2,KERMT v2,gpu,64,536,64,0.18646712799090892
kermt_v2,KERMT v2,gpu,64,537,64,0.1834783290978521
kermt_v2,KERMT v2,gpu,64,538,64,0.18929484498221427
kermt_v2,KERMT v2,gpu,64,539,64,0.19100682099815458
kermt_v2,KERMT v2,gpu,64,540,64,0.26505102193914354
kermt_v2,KERMT v2,gpu,64,541,64,0.19522953301202506
kermt_v2,KERMT v2,gpu,64,542,64,0.19153189298231155
kermt_v2,KERMT v2,gpu,64,543,64,0.18585169303696603
kermt_v2,KERMT v2,gpu,64,544,64,0.2069539219373837
kermt_v2,KERMT v2,gpu,64,545,64,0.22996156301815063
kermt_v2,KERMT v2,gpu,64,546,64,0.1920798100763932
kermt_v2,KERMT v2,gpu,64,547,64,0.18766168307047337
kermt_v2,KERMT v2,gpu,64,548,64,0.1872417270205915
kermt_v2,KERMT v2,gpu,64,549,64,0.24971346801612526
kermt_v2,KERMT v2,gpu,64,550,64,0.2621990180341527
kermt_v2,KERMT v2,gpu,64,551,64,0.1911376970820129
kermt_v2,KERMT v2,gpu,64,552,64,0.2084481780184433
kermt_v2,KERMT v2,gpu,64,553,64,0.21314370702020824
kermt_v2,KERMT v2,gpu,64,554,64,0.2082361839711666
kermt_v2,KERMT v2,gpu,64,555,64,0.24524593295063823
kermt_v2,KERMT v2,gpu,64,556,64,0.20773809007368982
kermt_v2,KERMT v2,gpu,64,557,64,0.23788649099878967
kermt_v2,KERMT v2,gpu,64,558,64,0.19484954501967877
kermt_v2,KERMT v2,gpu,64,559,64,0.192882313975133
kermt_v2,KERMT v2,gpu,64,560,64,0.20167422096710652
kermt_v2,KERMT v2,gpu,64,561,64,0.20262417302001268
kermt_v2,KERMT v2,gpu,64,562,64,0.27458812203258276
kermt_v2,KERMT v2,gpu,64,563,64,0.19943762093316764
kermt_v2,KERMT v2,gpu,64,564,64,0.1974467730615288
kermt_v2,KERMT v2,gpu,64,565,64,0.20061332802288234
kermt_v2,KERMT v2,gpu,64,566,64,0.20403436792548746
kermt_v2,KERMT v2,gpu,64,567,64,0.19470964593347162
kermt_v2,KERMT v2,gpu,64,568,64,0.19147819792851806
kermt_v2,KERMT v2,gpu,64,569,64,0.2013649189611897
kermt_v2,KERMT v2,gpu,64,570,64,0.1997436590027064
kermt_v2,KERMT v2,gpu,64,571,64,0.19592899805866182
kermt_v2,KERMT v2,gpu,64,572,64,0.2794787799939513
kermt_v2,KERMT v2,gpu,64,573,64,0.2069935369072482
kermt_v2,KERMT v2,gpu,64,574,64,0.19484644092153758
kermt_v2,KERMT v2,gpu,64,575,64,0.19856939394958317
kermt_v2,KERMT v2,gpu,64,576,64,0.20040437299758196
kermt_v2,KERMT v2,gpu,64,577,64,0.18592775391880423
kermt_v2,KERMT v2,gpu,64,578,64,0.19842907798010856
kermt_v2,KERMT v2,gpu,64,579,64,0.1991540789604187
kermt_v2,KERMT v2,gpu,64,580,64,0.19652497908100486
kermt_v2,KERMT v2,gpu,64,581,64,0.19768510095309466
kermt_v2,KERMT v2,gpu,64,582,64,0.2119829129660502
kermt_v2,KERMT v2,gpu,64,583,64,0.23965036892332137
kermt_v2,KERMT v2,gpu,64,584,64,0.30150398809928447
kermt_v2,KERMT v2,gpu,64,585,64,0.19890816800761968
kermt_v2,KERMT v2,gpu,64,586,64,0.2016391180222854
kermt_v2,KERMT v2,gpu,64,587,64,0.23883004393428564
kermt_v2,KERMT v2,gpu,64,588,64,0.2200057900045067
kermt_v2,KERMT v2,gpu,64,589,64,0.23498907999601215
kermt_v2,KERMT v2,gpu,64,590,64,0.22164029499981552
kermt_v2,KERMT v2,gpu,64,591,64,0.2433312120847404
kermt_v2,KERMT v2,gpu,64,592,64,0.1911867189919576
kermt_v2,KERMT v2,gpu,64,593,64,0.20454356796108186
kermt_v2,KERMT v2,gpu,64,594,64,0.199243739945814
kermt_v2,KERMT v2,gpu,64,595,64,0.275314562022686
kermt_v2,KERMT v2,gpu,64,596,64,0.20593190693762153
kermt_v2,KERMT v2,gpu,64,597,64,0.19701514102052897
kermt_v2,KERMT v2,gpu,64,598,64,0.19568519806489348
kermt_v2,KERMT v2,gpu,64,599,64,0.2150847309967503
kermt_v2,KERMT v2,gpu,64,600,64,0.22795708396006376
kermt_v2,KERMT v2,gpu,64,601,64,0.2137118800310418
kermt_v2,KERMT v2,gpu,64,602,64,0.2110633890843019
kermt_v2,KERMT v2,gpu,64,603,64,0.2118010950507596
kermt_v2,KERMT v2,gpu,64,604,64,0.23226120101753622
kermt_v2,KERMT v2,gpu,64,605,64,0.2691590799950063
kermt_v2,KERMT v2,gpu,64,606,64,0.19734453794080764
kermt_v2,KERMT v2,gpu,64,607,64,0.19817910203710198
kermt_v2,KERMT v2,gpu,64,608,64,0.1886946720769629
kermt_v2,KERMT v2,gpu,64,609,64,0.18986349902115762
kermt_v2,KERMT v2,gpu,64,610,64,0.18826982099562883
kermt_v2,KERMT v2,gpu,64,611,64,0.19003238901495934
kermt_v2,KERMT v2,gpu,64,612,64,0.18880686000920832
kermt_v2,KERMT v2,gpu,64,613,64,0.19236799492500722
kermt_v2,KERMT v2,gpu,64,614,64,0.19600179593544453
kermt_v2,KERMT v2,gpu,64,615,64,0.19028841296676546
kermt_v2,KERMT v2,gpu,64,616,64,0.2686369549483061
kermt_v2,KERMT v2,gpu,64,617,64,0.19647653202991933
kermt_v2,KERMT v2,gpu,64,618,64,0.18880429991986603
kermt_v2,KERMT v2,gpu,64,619,64,0.1943621690152213
kermt_v2,KERMT v2,gpu,64,620,64,0.1949338639387861
kermt_v2,KERMT v2,gpu,64,621,64,0.18637202703393996
kermt_v2,KERMT v2,gpu,64,622,64,0.1872120319167152
kermt_v2,KERMT v2,gpu,64,623,64,0.18581284605897963
kermt_v2,KERMT v2,gpu,64,624,64,0.18981105205602944
kermt_v2,KERMT v2,gpu,64,625,64,0.1886900319950655
kermt_v2,KERMT v2,gpu,64,626,64,0.1909000719897449
kermt_v2,KERMT v2,gpu,64,627,64,0.18858610093593597
kermt_v2,KERMT v2,gpu,64,628,64,0.2602361999452114
kermt_v2,KERMT v2,gpu,64,629,64,0.19558686495292932
kermt_v2,KERMT v2,gpu,64,630,64,0.18954581406433135
kermt_v2,KERMT v2,gpu,64,631,64,0.1844436089741066
kermt_v2,KERMT v2,gpu,64,632,64,0.18248434411361814
kermt_v2,KERMT v2,gpu,64,633,64,0.1871978259878233
kermt_v2,KERMT v2,gpu,64,634,64,0.18829481303691864
kermt_v2,KERMT v2,gpu,64,635,64,0.18884375598281622
kermt_v2,KERMT v2,gpu,64,636,64,0.27566140005365014
kermt_v2,KERMT v2,gpu,64,637,64,0.273816530010663
kermt_v2,KERMT v2,gpu,64,638,64,0.20568535500206053
kermt_v2,KERMT v2,gpu,64,639,64,0.23615544405765831
kermt_v2,KERMT v2,gpu,64,640,64,0.19164939306210726
kermt_v2,KERMT v2,gpu,64,641,64,0.21460359496995807
kermt_v2,KERMT v2,gpu,64,642,64,0.2408972110133618
kermt_v2,KERMT v2,gpu,64,643,64,0.22949978604447097
kermt_v2,KERMT v2,gpu,64,644,64,0.19157365092542022
kermt_v2,KERMT v2,gpu,64,645,64,0.18779444403480738
kermt_v2,KERMT v2,gpu,64,646,64,0.1873691480141133
kermt_v2,KERMT v2,gpu,64,647,64,0.18822655896656215
kermt_v2,KERMT v2,gpu,64,648,64,0.2268287679180503
kermt_v2,KERMT v2,gpu,64,649,64,0.29657614789903164
kermt_v2,KERMT v2,gpu,64,650,64,0.19152139592915773
kermt_v2,KERMT v2,gpu,64,651,64,0.2412412300473079
kermt_v2,KERMT v2,gpu,64,652,64,0.24412206700071692
kermt_v2,KERMT v2,gpu,64,653,64,0.22831550403498113
kermt_v2,KERMT v2,gpu,64,654,64,0.1897387020289898
kermt_v2,KERMT v2,gpu,64,655,64,0.26531024603173137
kermt_v2,KERMT v2,gpu,64,656,64,0.20166010898537934
kermt_v2,KERMT v2,gpu,64,657,64,0.1942860110430047
kermt_v2,KERMT v2,gpu,64,658,64,0.19316768099088222
kermt_v2,KERMT v2,gpu,64,659,64,0.27763695002067834
kermt_v2,KERMT v2,gpu,64,660,64,0.19848065997939557
kermt_v2,KERMT v2,gpu,64,661,64,0.2593090950977057
kermt_v2,KERMT v2,gpu,64,662,64,0.22233176103327423
kermt_v2,KERMT v2,gpu,64,663,64,0.21805487596429884
kermt_v2,KERMT v2,gpu,64,664,64,0.1943601539824158
kermt_v2,KERMT v2,gpu,64,665,64,0.19145435898099095
kermt_v2,KERMT v2,gpu,64,666,64,0.19503533095121384
kermt_v2,KERMT v2,gpu,64,667,64,0.19018992106430233
kermt_v2,KERMT v2,gpu,64,668,64,0.18815164908301085
kermt_v2,KERMT v2,gpu,64,669,64,0.18812438601162285
kermt_v2,KERMT v2,gpu,64,670,64,0.18448204000014812
kermt_v2,KERMT v2,gpu,64,671,64,0.22413532005157322
kermt_v2,KERMT v2,gpu,64,672,64,0.2842004830017686
kermt_v2,KERMT v2,gpu,64,673,64,0.1937567489221692
kermt_v2,KERMT v2,gpu,64,674,64,0.18893405701965094
kermt_v2,KERMT v2,gpu,64,675,64,0.19182874693069607
kermt_v2,KERMT v2,gpu,64,676,64,0.18443720892537385
kermt_v2,KERMT v2,gpu,64,677,64,0.1894734640372917
kermt_v2,KERMT v2,gpu,64,678,64,0.18740245699882507
kermt_v2,KERMT v2,gpu,64,679,64,0.19122441404033452
kermt_v2,KERMT v2,gpu,64,680,64,0.1901916159549728
kermt_v2,KERMT v2,gpu,64,681,64,0.25839990901295096
kermt_v2,KERMT v2,gpu,64,682,64,0.19267873500939459
kermt_v2,KERMT v2,gpu,64,683,64,0.18239650700706989
kermt_v2,KERMT v2,gpu,64,684,64,0.1846665149787441
kermt_v2,KERMT v2,gpu,64,685,64,0.1815194160444662
kermt_v2,KERMT v2,gpu,64,686,64,0.18887981807347387
kermt_v2,KERMT v2,gpu,64,687,64,0.1845600859960541
kermt_v2,KERMT v2,gpu,64,688,64,0.18773076694924384
kermt_v2,KERMT v2,gpu,64,689,64,0.21405711700208485
kermt_v2,KERMT v2,gpu,64,690,64,0.21426382893696427
kermt_v2,KERMT v2,gpu,64,691,64,0.23257783195003867
kermt_v2,KERMT v2,gpu,64,692,64,0.20833598903845996
kermt_v2,KERMT v2,gpu,64,693,64,0.2599647849565372
kermt_v2,KERMT v2,gpu,64,694,64,0.19189517805352807
kermt_v2,KERMT v2,gpu,64,695,64,0.18818454397842288
kermt_v2,KERMT v2,gpu,64,696,64,0.1867082400713116
kermt_v2,KERMT v2,gpu,64,697,64,0.18172801798209548
kermt_v2,KERMT v2,gpu,64,698,64,0.18915254506282508
kermt_v2,KERMT v2,gpu,64,699,64,0.1915678270161152
kermt_v2,KERMT v2,gpu,64,700,64,0.18861876998562366
kermt_v2,KERMT v2,gpu,64,701,64,0.18690637894906104
kermt_v2,KERMT v2,gpu,64,702,64,0.18798275897279382
kermt_v2,KERMT v2,gpu,64,703,64,0.1820955250877887
kermt_v2,KERMT v2,gpu,64,704,64,0.2541143191047013
kermt_v2,KERMT v2,gpu,64,705,64,0.18950174993369728
kermt_v2,KERMT v2,gpu,64,706,64,0.18849666195455939
kermt_v2,KERMT v2,gpu,64,707,64,0.18727718200534582
kermt_v2,KERMT v2,gpu,64,708,64,0.22041204804554582
kermt_v2,KERMT v2,gpu,64,709,64,0.23728820600081235
kermt_v2,KERMT v2,gpu,64,710,64,0.2099717769306153
kermt_v2,KERMT v2,gpu,64,711,64,0.1860224079573527
kermt_v2,KERMT v2,gpu,64,712,64,0.18660645105410367
kermt_v2,KERMT v2,gpu,64,713,64,0.18646575196180493
kermt_v2,KERMT v2,gpu,64,714,64,0.25782684003934264
kermt_v2,KERMT v2,gpu,64,715,64,0.19507110596168786
kermt_v2,KERMT v2,gpu,64,716,64,0.18595533701591194
kermt_v2,KERMT v2,gpu,64,717,64,0.18916432093828917
kermt_v2,KERMT v2,gpu,64,718,64,0.1848370369989425
kermt_v2,KERMT v2,gpu,64,719,64,0.1831808340502903
kermt_v2,KERMT v2,gpu,64,720,64,0.18288244307041168
kermt_v2,KERMT v2,gpu,64,721,64,0.18920905701816082
kermt_v2,KERMT v2,gpu,64,722,64,0.18770430400036275
kermt_v2,KERMT v2,gpu,64,723,64,0.18881777208298445
kermt_v2,KERMT v2,gpu,64,724,64,0.18610429193358868
kermt_v2,KERMT v2,gpu,64,725,64,0.25004827498923987
kermt_v2,KERMT v2,gpu,64,726,64,0.19073214195668697
kermt_v2,KERMT v2,gpu,64,727,64,0.1827460000058636
kermt_v2,KERMT v2,gpu,64,728,64,0.18839682603720576
kermt_v2,KERMT v2,gpu,64,729,64,0.21008482901379466
kermt_v2,KERMT v2,gpu,64,730,64,0.22674089903011918
kermt_v2,KERMT v2,gpu,64,731,64,0.20886714092921466
kermt_v2,KERMT v2,gpu,64,732,64,0.20526280801277608
kermt_v2,KERMT v2,gpu,64,733,64,0.183598549105227
kermt_v2,KERMT v2,gpu,64,734,64,0.1864682489540428
kermt_v2,KERMT v2,gpu,64,735,64,0.18587965902406722
kermt_v2,KERMT v2,gpu,64,736,64,0.21170759305823594
kermt_v2,KERMT v2,gpu,64,737,64,0.28686740493867546
kermt_v2,KERMT v2,gpu,64,738,64,0.18882414000108838
kermt_v2,KERMT v2,gpu,64,739,64,0.18279351806268096
kermt_v2,KERMT v2,gpu,64,740,64,0.18970836699008942
kermt_v2,KERMT v2,gpu,64,741,64,0.18283217505086213
kermt_v2,KERMT v2,gpu,64,742,64,0.18334476405289024
kermt_v2,KERMT v2,gpu,64,743,64,0.24635226489044726
kermt_v2,KERMT v2,gpu,64,744,64,0.20846664300188422
kermt_v2,KERMT v2,gpu,64,745,64,0.20061908604111522
kermt_v2,KERMT v2,gpu,64,746,64,0.27309943293221295
kermt_v2,KERMT v2,gpu,64,747,64,0.199361625011079
kermt_v2,KERMT v2,gpu,64,748,64,0.19020396808627993
kermt_v2,KERMT v2,gpu,64,749,64,0.1848921710625291
kermt_v2,KERMT v2,gpu,64,750,64,0.1868330999277532
kermt_v2,KERMT v2,gpu,64,751,64,0.185096325003542
kermt_v2,KERMT v2,gpu,64,752,64,0.18891149701084942
kermt_v2,KERMT v2,gpu,64,753,64,0.18348242400679737
kermt_v2,KERMT v2,gpu,64,754,64,0.18359656597021967
kermt_v2,KERMT v2,gpu,64,755,64,0.1857001769822091
kermt_v2,KERMT v2,gpu,64,756,64,0.20739054691512138
kermt_v2,KERMT v2,gpu,64,757,64,0.2035055219894275
kermt_v2,KERMT v2,gpu,64,758,64,0.22638948704116046
kermt_v2,KERMT v2,gpu,64,759,64,0.2513112729648128
kermt_v2,KERMT v2,gpu,64,760,64,0.20693884999491274
kermt_v2,KERMT v2,gpu,64,761,64,0.18884977197740227
kermt_v2,KERMT v2,gpu,64,762,64,0.20444222702644765
kermt_v2,KERMT v2,gpu,64,763,64,0.19013891299255192
kermt_v2,KERMT v2,gpu,64,764,64,0.18414550798479468
kermt_v2,KERMT v2,gpu,64,765,64,0.18302013503853232
kermt_v2,KERMT v2,gpu,64,766,64,0.1885874120052904
kermt_v2,KERMT v2,gpu,64,767,64,0.18880561203695834
kermt_v2,KERMT v2,gpu,64,768,64,0.18206426303368062
kermt_v2,KERMT v2,gpu,64,769,64,0.25538349291309714
kermt_v2,KERMT v2,gpu,64,770,64,0.18866036902181804
kermt_v2,KERMT v2,gpu,64,771,64,0.19780417100992054
kermt_v2,KERMT v2,gpu,64,772,64,0.18702352594118565
kermt_v2,KERMT v2,gpu,64,773,64,0.1871199709130451
kermt_v2,KERMT v2,gpu,64,774,64,0.18758955702651292
kermt_v2,KERMT v2,gpu,64,775,64,0.18641896999906749
kermt_v2,KERMT v2,gpu,64,776,64,0.18720479996409267
kermt_v2,KERMT v2,gpu,64,777,64,0.18684532400220633
kermt_v2,KERMT v2,gpu,64,778,52,0.15236147900577635
kermt_v2,KERMT v2,gpu,128,0,128,0.32845598098356277
kermt_v2,KERMT v2,gpu,128,1,128,0.3571020640665665
kermt_v2,KERMT v2,gpu,128,2,128,0.34740711201447994
kermt_v2,KERMT v2,gpu,128,3,128,0.36137024697382003
kermt_v2,KERMT v2,gpu,128,4,128,0.4296087760012597
kermt_v2,KERMT v2,gpu,128,5,128,0.3549756690626964
kermt_v2,KERMT v2,gpu,128,6,128,0.3272239889483899
kermt_v2,KERMT v2,gpu,128,7,128,0.3513427940197289
kermt_v2,KERMT v2,gpu,128,8,128,0.3704169939737767
kermt_v2,KERMT v2,gpu,128,9,128,0.41855655796825886
kermt_v2,KERMT v2,gpu,128,10,128,0.33075664297211915
kermt_v2,KERMT v2,gpu,128,11,128,0.32123647001571953
kermt_v2,KERMT v2,gpu,128,12,128,0.39356594101991504
kermt_v2,KERMT v2,gpu,128,13,128,0.47096251999028027
kermt_v2,KERMT v2,gpu,128,14,128,0.36779411300085485
kermt_v2,KERMT v2,gpu,128,15,128,0.37322405399754643
kermt_v2,KERMT v2,gpu,128,16,128,0.35514068603515625
kermt_v2,KERMT v2,gpu,128,17,128,0.3512329049408436
kermt_v2,KERMT v2,gpu,128,18,128,0.41785525903105736
kermt_v2,KERMT v2,gpu,128,19,128,0.3545696319779381
kermt_v2,KERMT v2,gpu,128,20,128,0.3564383090706542
kermt_v2,KERMT v2,gpu,128,21,128,0.34942832204978913
kermt_v2,KERMT v2,gpu,128,22,128,0.40531776600982994
kermt_v2,KERMT v2,gpu,128,23,128,0.44672497792635113
kermt_v2,KERMT v2,gpu,128,24,128,0.3727214470272884
kermt_v2,KERMT v2,gpu,128,25,128,0.3549928489373997
kermt_v2,KERMT v2,gpu,128,26,128,0.3742550299502909
kermt_v2,KERMT v2,gpu,128,27,128,0.3483070449437946
kermt_v2,KERMT v2,gpu,128,28,128,0.4359537629643455
kermt_v2,KERMT v2,gpu,128,29,128,0.3414628120372072
kermt_v2,KERMT v2,gpu,128,30,128,0.33366206393111497
kermt_v2,KERMT v2,gpu,128,31,128,0.3797526810085401
kermt_v2,KERMT v2,gpu,128,32,128,0.3774204980581999
kermt_v2,KERMT v2,gpu,128,33,128,0.4419392719864845
kermt_v2,KERMT v2,gpu,128,34,128,0.39288820407819003
kermt_v2,KERMT v2,gpu,128,35,128,0.3558654320659116
kermt_v2,KERMT v2,gpu,128,36,128,0.37142567802220583
kermt_v2,KERMT v2,gpu,128,37,128,0.42120529897511005
kermt_v2,KERMT v2,gpu,128,38,128,0.37014098302461207
kermt_v2,KERMT v2,gpu,128,39,128,0.33414684899616987
kermt_v2,KERMT v2,gpu,128,40,128,0.37778723798692226
kermt_v2,KERMT v2,gpu,128,41,128,0.3550450090551749
kermt_v2,KERMT v2,gpu,128,42,128,0.43991421605460346
kermt_v2,KERMT v2,gpu,128,43,128,0.3535304319811985
kermt_v2,KERMT v2,gpu,128,44,128,0.37512229790445417
kermt_v2,KERMT v2,gpu,128,45,128,0.3489779040683061
kermt_v2,KERMT v2,gpu,128,46,128,0.32855259196367115
kermt_v2,KERMT v2,gpu,128,47,128,0.4185988849494606
kermt_v2,KERMT v2,gpu,128,48,128,0.3593571620294824
kermt_v2,KERMT v2,gpu,128,49,128,0.35591893398668617
kermt_v2,KERMT v2,gpu,128,50,128,0.3579243739368394
kermt_v2,KERMT v2,gpu,128,51,128,0.32915091002359986
kermt_v2,KERMT v2,gpu,128,52,128,0.39716182998381555
kermt_v2,KERMT v2,gpu,128,53,128,0.4037454630015418
kermt_v2,KERMT v2,gpu,128,54,128,0.38517222297377884
kermt_v2,KERMT v2,gpu,128,55,128,0.35986472899094224
kermt_v2,KERMT v2,gpu,128,56,128,0.4827805809909478
kermt_v2,KERMT v2,gpu,128,57,128,0.3441604869440198
kermt_v2,KERMT v2,gpu,128,58,128,0.3593314019963145
kermt_v2,KERMT v2,gpu,128,59,128,0.37808924505952746
kermt_v2,KERMT v2,gpu,128,60,128,0.37104681006167084
kermt_v2,KERMT v2,gpu,128,61,128,0.46879746799822897
kermt_v2,KERMT v2,gpu,128,62,128,0.3407445299671963
kermt_v2,KERMT v2,gpu,128,63,128,0.3653696769615635
kermt_v2,KERMT v2,gpu,128,64,128,0.33782836492173374
kermt_v2,KERMT v2,gpu,128,65,128,0.3825825119856745
kermt_v2,KERMT v2,gpu,128,66,128,0.4504884750349447
kermt_v2,KERMT v2,gpu,128,67,128,0.3759396489476785
kermt_v2,KERMT v2,gpu,128,68,128,0.3401037820149213
kermt_v2,KERMT v2,gpu,128,69,128,0.33784353302326053
kermt_v2,KERMT v2,gpu,128,70,128,0.38123503408860415
kermt_v2,KERMT v2,gpu,128,71,128,0.4129147430649027
kermt_v2,KERMT v2,gpu,128,72,128,0.3458981920266524
kermt_v2,KERMT v2,gpu,128,73,128,0.442906217998825
kermt_v2,KERMT v2,gpu,128,74,128,0.3374485051026568
kermt_v2,KERMT v2,gpu,128,75,128,0.3594101199414581
kermt_v2,KERMT v2,gpu,128,76,128,0.4486746119800955
kermt_v2,KERMT v2,gpu,128,77,128,0.3624526159837842
kermt_v2,KERMT v2,gpu,128,78,128,0.38034530298318714
kermt_v2,KERMT v2,gpu,128,79,128,0.36126801406499
kermt_v2,KERMT v2,gpu,128,80,128,0.453193093999289
kermt_v2,KERMT v2,gpu,128,81,128,0.34111146291252226
kermt_v2,KERMT v2,gpu,128,82,128,0.33427650900557637
kermt_v2,KERMT v2,gpu,128,83,128,0.33541484095621854
kermt_v2,KERMT v2,gpu,128,84,128,0.3551587980473414
kermt_v2,KERMT v2,gpu,128,85,128,0.4122988909948617
kermt_v2,KERMT v2,gpu,128,86,128,0.37093522993382066
kermt_v2,KERMT v2,gpu,128,87,128,0.37458253907971084
kermt_v2,KERMT v2,gpu,128,88,128,0.35170780203770846
kermt_v2,KERMT v2,gpu,128,89,128,0.3385368859162554
kermt_v2,KERMT v2,gpu,128,90,128,0.4226369030075148
kermt_v2,KERMT v2,gpu,128,91,128,0.35206366202328354
kermt_v2,KERMT v2,gpu,128,92,128,0.35508791997563094
kermt_v2,KERMT v2,gpu,128,93,128,0.38042446703184396
kermt_v2,KERMT v2,gpu,128,94,128,0.3535551360109821
kermt_v2,KERMT v2,gpu,128,95,128,0.40030573098920286
kermt_v2,KERMT v2,gpu,128,96,128,0.3323414019541815
kermt_v2,KERMT v2,gpu,128,97,128,0.3330468520289287
kermt_v2,KERMT v2,gpu,128,98,128,0.3502130649285391
kermt_v2,KERMT v2,gpu,128,99,128,0.41248730092775077
kermt_v2,KERMT v2,gpu,128,100,128,0.3349601690424606
kermt_v2,KERMT v2,gpu,128,101,128,0.3532945680199191
kermt_v2,KERMT v2,gpu,128,102,128,0.3811869400087744
kermt_v2,KERMT v2,gpu,128,103,128,0.3511565229855478
kermt_v2,KERMT v2,gpu,128,104,128,0.43277917499653995
kermt_v2,KERMT v2,gpu,128,105,128,0.3384463619440794
kermt_v2,KERMT v2,gpu,128,106,128,0.33940895600244403
kermt_v2,KERMT v2,gpu,128,107,128,0.3746104100719094
kermt_v2,KERMT v2,gpu,128,108,128,0.3823347439756617
kermt_v2,KERMT v2,gpu,128,109,128,0.45322157396003604
kermt_v2,KERMT v2,gpu,128,110,128,0.35548010002821684
kermt_v2,KERMT v2,gpu,128,111,128,0.37272918899543583
kermt_v2,KERMT v2,gpu,128,112,128,0.375484685995616
kermt_v2,KERMT v2,gpu,128,113,128,0.3733806889504194
kermt_v2,KERMT v2,gpu,128,114,128,0.44006761896889657
kermt_v2,KERMT v2,gpu,128,115,128,0.34991083398927003
kermt_v2,KERMT v2,gpu,128,116,128,0.3556822689715773
kermt_v2,KERMT v2,gpu,128,117,128,0.3582349559292197
kermt_v2,KERMT v2,gpu,128,118,128,0.4719224269501865
kermt_v2,KERMT v2,gpu,128,119,128,0.3498772350139916
kermt_v2,KERMT v2,gpu,128,120,128,0.4301243140362203
kermt_v2,KERMT v2,gpu,128,121,128,0.3612142230849713
kermt_v2,KERMT v2,gpu,128,122,128,0.34979157301131636
kermt_v2,KERMT v2,gpu,128,123,128,0.44207917200401425
kermt_v2,KERMT v2,gpu,128,124,128,0.3907261600252241
kermt_v2,KERMT v2,gpu,128,125,128,0.3840941759990528
kermt_v2,KERMT v2,gpu,128,126,128,0.3673467030748725
kermt_v2,KERMT v2,gpu,128,127,128,0.3647980790119618
kermt_v2,KERMT v2,gpu,128,128,128,0.43666273390408605
kermt_v2,KERMT v2,gpu,128,129,128,0.34758457099087536
kermt_v2,KERMT v2,gpu,128,130,128,0.38352734595537186
kermt_v2,KERMT v2,gpu,128,131,128,0.41291861596982926
kermt_v2,KERMT v2,gpu,128,132,128,0.3821656920481473
kermt_v2,KERMT v2,gpu,128,133,128,0.4362120919395238
kermt_v2,KERMT v2,gpu,128,134,128,0.3877269900403917
kermt_v2,KERMT v2,gpu,128,135,128,0.3978893590392545
kermt_v2,KERMT v2,gpu,128,136,128,0.4075242249527946
kermt_v2,KERMT v2,gpu,128,137,128,0.4558520830469206
kermt_v2,KERMT v2,gpu,128,138,128,0.4521471429616213
kermt_v2,KERMT v2,gpu,128,139,128,0.37648375995922834
kermt_v2,KERMT v2,gpu,128,140,128,0.37059562490321696
kermt_v2,KERMT v2,gpu,128,141,128,0.36551591102033854
kermt_v2,KERMT v2,gpu,128,142,128,0.45927613496314734
kermt_v2,KERMT v2,gpu,128,143,128,0.38979300600476563
kermt_v2,KERMT v2,gpu,128,144,128,0.36548362497705966
kermt_v2,KERMT v2,gpu,128,145,128,0.3805739030940458
kermt_v2,KERMT v2,gpu,128,146,128,0.3738816649420187
kermt_v2,KERMT v2,gpu,128,147,128,0.42448516411241144
kermt_v2,KERMT v2,gpu,128,148,128,0.35857129807118326
kermt_v2,KERMT v2,gpu,128,149,128,0.3369168739300221
kermt_v2,KERMT v2,gpu,128,150,128,0.3740398359950632
kermt_v2,KERMT v2,gpu,128,151,128,0.3573754960671067
kermt_v2,KERMT v2,gpu,128,152,128,0.42236731003504246
kermt_v2,KERMT v2,gpu,128,153,128,0.3599326949333772
kermt_v2,KERMT v2,gpu,128,154,128,0.3914096269290894
kermt_v2,KERMT v2,gpu,128,155,128,0.33667873800732195
kermt_v2,KERMT v2,gpu,128,156,128,0.34018861199729145
kermt_v2,KERMT v2,gpu,128,157,128,0.42429470596835017
kermt_v2,KERMT v2,gpu,128,158,128,0.38397088402416557
kermt_v2,KERMT v2,gpu,128,159,128,0.3611187379574403
kermt_v2,KERMT v2,gpu,128,160,128,0.3373821080895141
kermt_v2,KERMT v2,gpu,128,161,128,0.42314773495309055
kermt_v2,KERMT v2,gpu,128,162,128,0.3642001129919663
kermt_v2,KERMT v2,gpu,128,163,128,0.35603889799676836
kermt_v2,KERMT v2,gpu,128,164,128,0.3387194419046864
kermt_v2,KERMT v2,gpu,128,165,128,0.36683113500475883
kermt_v2,KERMT v2,gpu,128,166,128,0.4456325639039278
kermt_v2,KERMT v2,gpu,128,167,128,0.3793764050351456
kermt_v2,KERMT v2,gpu,128,168,128,0.3591499989852309
kermt_v2,KERMT v2,gpu,128,169,128,0.38148305902723223
kermt_v2,KERMT v2,gpu,128,170,128,0.37995065900031477
kermt_v2,KERMT v2,gpu,128,171,128,0.4281917669577524
kermt_v2,KERMT v2,gpu,128,172,128,0.3625850600656122
kermt_v2,KERMT v2,gpu,128,173,128,0.3386607230640948
kermt_v2,KERMT v2,gpu,128,174,128,0.33228293992578983
kermt_v2,KERMT v2,gpu,128,175,128,0.4559806870529428
kermt_v2,KERMT v2,gpu,128,176,128,0.36288060201331973
kermt_v2,KERMT v2,gpu,128,177,128,0.3933167669456452
kermt_v2,KERMT v2,gpu,128,178,128,0.3507478639949113
kermt_v2,KERMT v2,gpu,128,179,128,0.4133064750349149
kermt_v2,KERMT v2,gpu,128,180,128,0.4341024929890409
kermt_v2,KERMT v2,gpu,128,181,128,0.3723748510237783
kermt_v2,KERMT v2,gpu,128,182,128,0.4045685339951888
kermt_v2,KERMT v2,gpu,128,183,128,0.35284668498206884
kermt_v2,KERMT v2,gpu,128,184,128,0.3814765790011734
kermt_v2,KERMT v2,gpu,128,185,128,0.4230586219346151
kermt_v2,KERMT v2,gpu,128,186,128,0.36584654601756483
kermt_v2,KERMT v2,gpu,128,187,128,0.3625924530206248
kermt_v2,KERMT v2,gpu,128,188,128,0.3649458959698677
kermt_v2,KERMT v2,gpu,128,189,128,0.38367332296911627
kermt_v2,KERMT v2,gpu,128,190,128,0.4484708709642291
kermt_v2,KERMT v2,gpu,128,191,128,0.362775775953196
kermt_v2,KERMT v2,gpu,128,192,128,0.3613302760059014
kermt_v2,KERMT v2,gpu,128,193,128,0.3409914040239528
kermt_v2,KERMT v2,gpu,128,194,128,0.3725730610312894
kermt_v2,KERMT v2,gpu,128,195,128,0.427279316005297
kermt_v2,KERMT v2,gpu,128,196,128,0.33280482795089483
kermt_v2,KERMT v2,gpu,128,197,128,0.3346222209511325
kermt_v2,KERMT v2,gpu,128,198,128,0.3750365839805454
kermt_v2,KERMT v2,gpu,128,199,128,0.4499327860539779
kermt_v2,KERMT v2,gpu,128,200,128,0.3979707829421386
kermt_v2,KERMT v2,gpu,128,201,128,0.3532288200221956
kermt_v2,KERMT v2,gpu,128,202,128,0.3775608390569687
kermt_v2,KERMT v2,gpu,128,203,128,0.3541332109598443
kermt_v2,KERMT v2,gpu,128,204,128,0.4532938200281933
kermt_v2,KERMT v2,gpu,128,205,128,0.3678181120194495
kermt_v2,KERMT v2,gpu,128,206,128,0.35312754195183516
kermt_v2,KERMT v2,gpu,128,207,128,0.3315071009565145
kermt_v2,KERMT v2,gpu,128,208,128,0.3796881439629942
kermt_v2,KERMT v2,gpu,128,209,128,0.43468095001298934
kermt_v2,KERMT v2,gpu,128,210,128,0.39621002797503024
kermt_v2,KERMT v2,gpu,128,211,128,0.3802291229367256
kermt_v2,KERMT v2,gpu,128,212,128,0.3812555290060118
kermt_v2,KERMT v2,gpu,128,213,128,0.35150201607029885
kermt_v2,KERMT v2,gpu,128,214,128,0.41913545795250684
kermt_v2,KERMT v2,gpu,128,215,128,0.37698322196956724
kermt_v2,KERMT v2,gpu,128,216,128,0.3326342400396243
kermt_v2,KERMT v2,gpu,128,217,128,0.3486905989702791
kermt_v2,KERMT v2,gpu,128,218,128,0.455369959003292
kermt_v2,KERMT v2,gpu,128,219,128,0.37947544595226645
kermt_v2,KERMT v2,gpu,128,220,128,0.3576227870071307
kermt_v2,KERMT v2,gpu,128,221,128,0.37863569101318717
kermt_v2,KERMT v2,gpu,128,222,128,0.3604121570242569
kermt_v2,KERMT v2,gpu,128,223,128,0.4436244670068845
kermt_v2,KERMT v2,gpu,128,224,128,0.35631273908074945
kermt_v2,KERMT v2,gpu,128,225,128,0.3349008068908006
kermt_v2,KERMT v2,gpu,128,226,128,0.3391021670540795
kermt_v2,KERMT v2,gpu,128,227,128,0.36966635996941477
kermt_v2,KERMT v2,gpu,128,228,128,0.4236823220271617
kermt_v2,KERMT v2,gpu,128,229,128,0.3535827409941703
kermt_v2,KERMT v2,gpu,128,230,128,0.423107972019352
kermt_v2,KERMT v2,gpu,128,231,128,0.3795345938997343
kermt_v2,KERMT v2,gpu,128,232,128,0.3566266449633986
kermt_v2,KERMT v2,gpu,128,233,128,0.44217652291990817
kermt_v2,KERMT v2,gpu,128,234,128,0.3816645110491663
kermt_v2,KERMT v2,gpu,128,235,128,0.33939541096333414
kermt_v2,KERMT v2,gpu,128,236,128,0.3411526679992676
kermt_v2,KERMT v2,gpu,128,237,128,0.4342552360612899
kermt_v2,KERMT v2,gpu,128,238,128,0.3615942320320755
kermt_v2,KERMT v2,gpu,128,239,128,0.35609395697247237
kermt_v2,KERMT v2,gpu,128,240,128,0.33829858200624585
kermt_v2,KERMT v2,gpu,128,241,128,0.3503458818886429
kermt_v2,KERMT v2,gpu,128,242,128,0.44913396798074245
kermt_v2,KERMT v2,gpu,128,243,128,0.3355883629992604
kermt_v2,KERMT v2,gpu,128,244,128,0.32919093302916735
kermt_v2,KERMT v2,gpu,128,245,128,0.35518598603084683
kermt_v2,KERMT v2,gpu,128,246,128,0.37346358492504805
kermt_v2,KERMT v2,gpu,128,247,128,0.39662807108834386
kermt_v2,KERMT v2,gpu,128,248,128,0.3316263119922951
kermt_v2,KERMT v2,gpu,128,249,128,0.37680495297536254
kermt_v2,KERMT v2,gpu,128,250,128,0.38518344005569816
kermt_v2,KERMT v2,gpu,128,251,128,0.3536356979748234
kermt_v2,KERMT v2,gpu,128,252,128,0.43987070803996176
kermt_v2,KERMT v2,gpu,128,253,128,0.3594841860467568
kermt_v2,KERMT v2,gpu,128,254,128,0.36460578395053744
kermt_v2,KERMT v2,gpu,128,255,128,0.3538468920160085
kermt_v2,KERMT v2,gpu,128,256,128,0.43213495204690844
kermt_v2,KERMT v2,gpu,128,257,128,0.3372753179864958
kermt_v2,KERMT v2,gpu,128,258,128,0.33304217201657593
kermt_v2,KERMT v2,gpu,128,259,128,0.3545255899662152
kermt_v2,KERMT v2,gpu,128,260,128,0.374709497904405
kermt_v2,KERMT v2,gpu,128,261,128,0.40633464499842376
kermt_v2,KERMT v2,gpu,128,262,128,0.3712297989986837
kermt_v2,KERMT v2,gpu,128,263,128,0.3322898440528661
kermt_v2,KERMT v2,gpu,128,264,128,0.4024963340489194
kermt_v2,KERMT v2,gpu,128,265,128,0.38181458599865437
kermt_v2,KERMT v2,gpu,128,266,128,0.4525114290881902
kermt_v2,KERMT v2,gpu,128,267,128,0.37900078704115003
kermt_v2,KERMT v2,gpu,128,268,128,0.381602399982512
kermt_v2,KERMT v2,gpu,128,269,128,0.38587250700220466
kermt_v2,KERMT v2,gpu,128,270,128,0.3773748849052936
kermt_v2,KERMT v2,gpu,128,271,128,0.44113981898408383
kermt_v2,KERMT v2,gpu,128,272,128,0.3776228150818497
kermt_v2,KERMT v2,gpu,128,273,128,0.37457363004796207
kermt_v2,KERMT v2,gpu,128,274,128,0.3710717879002914
kermt_v2,KERMT v2,gpu,128,275,128,0.41976507008075714
kermt_v2,KERMT v2,gpu,128,276,128,0.35965422890149057
kermt_v2,KERMT v2,gpu,128,277,128,0.3567294250242412
kermt_v2,KERMT v2,gpu,128,278,128,0.3324861879227683
kermt_v2,KERMT v2,gpu,128,279,128,0.35275700700003654
kermt_v2,KERMT v2,gpu,128,280,128,0.46090450801420957
kermt_v2,KERMT v2,gpu,128,281,128,0.37004551698919386
kermt_v2,KERMT v2,gpu,128,282,128,0.35197239101398736
kermt_v2,KERMT v2,gpu,128,283,128,0.40339864208362997
kermt_v2,KERMT v2,gpu,128,284,128,0.3315592430299148
kermt_v2,KERMT v2,gpu,128,285,128,0.41869460698217154
kermt_v2,KERMT v2,gpu,128,286,128,0.3418388230493292
kermt_v2,KERMT v2,gpu,128,287,128,0.3298016010085121
kermt_v2,KERMT v2,gpu,128,288,128,0.3712371280416846
kermt_v2,KERMT v2,gpu,128,289,128,0.35860382998362184
kermt_v2,KERMT v2,gpu,128,290,128,0.39300911396276206
kermt_v2,KERMT v2,gpu,128,291,128,0.332782307988964
kermt_v2,KERMT v2,gpu,128,292,128,0.33117323799524456
kermt_v2,KERMT v2,gpu,128,293,128,0.34821817302145064
kermt_v2,KERMT v2,gpu,128,294,128,0.32432545500341803
kermt_v2,KERMT v2,gpu,128,295,128,0.432281058980152
kermt_v2,KERMT v2,gpu,128,296,128,0.3820350270252675
kermt_v2,KERMT v2,gpu,128,297,128,0.355385915027
kermt_v2,KERMT v2,gpu,128,298,128,0.32944030105136335
kermt_v2,KERMT v2,gpu,128,299,128,0.4127604269888252
kermt_v2,KERMT v2,gpu,128,300,128,0.36109405593015254
kermt_v2,KERMT v2,gpu,128,301,128,0.32982915302272886
kermt_v2,KERMT v2,gpu,128,302,128,0.3565559259150177
kermt_v2,KERMT v2,gpu,128,303,128,0.3720120480284095
kermt_v2,KERMT v2,gpu,128,304,128,0.4157133570406586
kermt_v2,KERMT v2,gpu,128,305,128,0.37656998296733946
kermt_v2,KERMT v2,gpu,128,306,128,0.3748034790623933
kermt_v2,KERMT v2,gpu,128,307,128,0.40654491004534066
kermt_v2,KERMT v2,gpu,128,308,128,0.32993241399526596
kermt_v2,KERMT v2,gpu,128,309,128,0.39637809398118407
kermt_v2,KERMT v2,gpu,128,310,128,0.36665189696941525
kermt_v2,KERMT v2,gpu,128,311,128,0.35552181501407176
kermt_v2,KERMT v2,gpu,128,312,128,0.3566284360131249
kermt_v2,KERMT v2,gpu,128,313,128,0.3524758939165622
kermt_v2,KERMT v2,gpu,128,314,128,0.4043188049690798
kermt_v2,KERMT v2,gpu,128,315,128,0.39607765700202435
kermt_v2,KERMT v2,gpu,128,316,128,0.33045681309886277
kermt_v2,KERMT v2,gpu,128,317,128,0.3354511510115117
kermt_v2,KERMT v2,gpu,128,318,128,0.41041995596606284
kermt_v2,KERMT v2,gpu,128,319,128,0.3333360180258751
kermt_v2,KERMT v2,gpu,128,320,128,0.33404239697847515
kermt_v2,KERMT v2,gpu,128,321,128,0.3781206230632961
kermt_v2,KERMT v2,gpu,128,322,128,0.3324078230652958
kermt_v2,KERMT v2,gpu,128,323,128,0.39948596502654254
kermt_v2,KERMT v2,gpu,128,324,128,0.3291968210833147
kermt_v2,KERMT v2,gpu,128,325,128,0.3348346910206601
kermt_v2,KERMT v2,gpu,128,326,128,0.3325779939768836
kermt_v2,KERMT v2,gpu,128,327,128,0.3329127680044621
kermt_v2,KERMT v2,gpu,128,328,128,0.3976473669754341
kermt_v2,KERMT v2,gpu,128,329,128,0.3316897350596264
kermt_v2,KERMT v2,gpu,128,330,128,0.3327451250515878
kermt_v2,KERMT v2,gpu,128,331,128,0.3562215049751103
kermt_v2,KERMT v2,gpu,128,332,128,0.33282915502786636
kermt_v2,KERMT v2,gpu,128,333,128,0.39679593697655946
kermt_v2,KERMT v2,gpu,128,334,128,0.3369875830831006
kermt_v2,KERMT v2,gpu,128,335,128,0.37295758607797325
kermt_v2,KERMT v2,gpu,128,336,128,0.3581103729084134
kermt_v2,KERMT v2,gpu,128,337,128,0.4083631889661774
kermt_v2,KERMT v2,gpu,128,338,128,0.33569859992712736
kermt_v2,KERMT v2,gpu,128,339,128,0.334559403010644
kermt_v2,KERMT v2,gpu,128,340,128,0.3329408640274778
kermt_v2,KERMT v2,gpu,128,341,128,0.33072989201173186
kermt_v2,KERMT v2,gpu,128,342,128,0.3994479510001838
kermt_v2,KERMT v2,gpu,128,343,128,0.3751411000266671
kermt_v2,KERMT v2,gpu,128,344,128,0.3953664139844477
kermt_v2,KERMT v2,gpu,128,345,128,0.35672353708650917
kermt_v2,KERMT v2,gpu,128,346,128,0.39473341102711856
kermt_v2,KERMT v2,gpu,128,347,128,0.4324643489671871
kermt_v2,KERMT v2,gpu,128,348,128,0.3700400450034067
kermt_v2,KERMT v2,gpu,128,349,128,0.3584630349650979
kermt_v2,KERMT v2,gpu,128,350,128,0.35964760405477136
kermt_v2,KERMT v2,gpu,128,351,128,0.33982246997766197
kermt_v2,KERMT v2,gpu,128,352,128,0.39542618906125426
kermt_v2,KERMT v2,gpu,128,353,128,0.36182657699100673
kermt_v2,KERMT v2,gpu,128,354,128,0.3667006309842691
kermt_v2,KERMT v2,gpu,128,355,128,0.3799557329621166
kermt_v2,KERMT v2,gpu,128,356,128,0.4169779260409996
kermt_v2,KERMT v2,gpu,128,357,128,0.40385780902579427
kermt_v2,KERMT v2,gpu,128,358,128,0.3782947410363704
kermt_v2,KERMT v2,gpu,128,359,128,0.3532989219529554
kermt_v2,KERMT v2,gpu,128,360,128,0.33081662096083164
kermt_v2,KERMT v2,gpu,128,361,128,0.442550798994489
kermt_v2,KERMT v2,gpu,128,362,128,0.35402948991395533
kermt_v2,KERMT v2,gpu,128,363,128,0.3543643601005897
kermt_v2,KERMT v2,gpu,128,364,128,0.35919364693108946
kermt_v2,KERMT v2,gpu,128,365,128,0.3543174819787964
kermt_v2,KERMT v2,gpu,128,366,128,0.4221045299200341
kermt_v2,KERMT v2,gpu,128,367,128,0.33343653893098235
kermt_v2,KERMT v2,gpu,128,368,128,0.39553743100259453
kermt_v2,KERMT v2,gpu,128,369,128,0.3750331490300596
kermt_v2,KERMT v2,gpu,128,370,128,0.3566975339781493
kermt_v2,KERMT v2,gpu,128,371,128,0.44275539997033775
kermt_v2,KERMT v2,gpu,128,372,128,0.3784335219534114
kermt_v2,KERMT v2,gpu,128,373,128,0.3800405430374667
kermt_v2,KERMT v2,gpu,128,374,128,0.38433573592919856
kermt_v2,KERMT v2,gpu,128,375,128,0.43963536992669106
kermt_v2,KERMT v2,gpu,128,376,128,0.33771909191273153
kermt_v2,KERMT v2,gpu,128,377,128,0.3589237369596958
kermt_v2,KERMT v2,gpu,128,378,128,0.37193267105612904
kermt_v2,KERMT v2,gpu,128,379,128,0.35684626700822264
kermt_v2,KERMT v2,gpu,128,380,128,0.4496412320295349
kermt_v2,KERMT v2,gpu,128,381,128,0.3803184860153124
kermt_v2,KERMT v2,gpu,128,382,128,0.3753685620613396
kermt_v2,KERMT v2,gpu,128,383,128,0.3804180029546842
kermt_v2,KERMT v2,gpu,128,384,128,0.34887173294555396
kermt_v2,KERMT v2,gpu,128,385,128,0.43655988306272775
kermt_v2,KERMT v2,gpu,128,386,128,0.35568979009985924
kermt_v2,KERMT v2,gpu,128,387,128,0.3498208230594173
kermt_v2,KERMT v2,gpu,128,388,128,0.334016264998354
kermt_v2,KERMT v2,gpu,128,389,52,0.1514272940112278
kermt_v2,KERMT v2,gpu,256,0,256,0.6167422409635037
kermt_v2,KERMT v2,gpu,256,1,256,0.7764165400294587
kermt_v2,KERMT v2,gpu,256,2,256,0.6415903849992901
kermt_v2,KERMT v2,gpu,256,3,256,0.6334696820704266
kermt_v2,KERMT v2,gpu,256,4,256,0.714698483934626
kermt_v2,KERMT v2,gpu,256,5,256,0.650972523028031
kermt_v2,KERMT v2,gpu,256,6,256,0.7041305599268526
kermt_v2,KERMT v2,gpu,256,7,256,0.6785019909730181
kermt_v2,KERMT v2,gpu,256,8,256,0.7237527589313686
kermt_v2,KERMT v2,gpu,256,9,256,0.6742306069936603
kermt_v2,KERMT v2,gpu,256,10,256,0.6134564239764586
kermt_v2,KERMT v2,gpu,256,11,256,0.7131667570210993
kermt_v2,KERMT v2,gpu,256,12,256,0.6315876919543371
kermt_v2,KERMT v2,gpu,256,13,256,0.6992262359708548
kermt_v2,KERMT v2,gpu,256,14,256,0.6548060969216749
kermt_v2,KERMT v2,gpu,256,15,256,0.7659935400588438
kermt_v2,KERMT v2,gpu,256,16,256,0.6329301469959319
kermt_v2,KERMT v2,gpu,256,17,256,0.6661597560159862
kermt_v2,KERMT v2,gpu,256,18,256,0.6976270539453253
kermt_v2,KERMT v2,gpu,256,19,256,0.6453931459691375
kermt_v2,KERMT v2,gpu,256,20,256,0.7024711570702493
kermt_v2,KERMT v2,gpu,256,21,256,0.638724012998864
kermt_v2,KERMT v2,gpu,256,22,256,0.6377893530298024
kermt_v2,KERMT v2,gpu,256,23,256,0.7546480419114232
kermt_v2,KERMT v2,gpu,256,24,256,0.6261875430354849
kermt_v2,KERMT v2,gpu,256,25,256,0.7170689050108194
kermt_v2,KERMT v2,gpu,256,26,256,0.6466376819880679
kermt_v2,KERMT v2,gpu,256,27,256,0.7574632180621848
kermt_v2,KERMT v2,gpu,256,28,256,0.6563873270060867
kermt_v2,KERMT v2,gpu,256,29,256,0.6673505990765989
kermt_v2,KERMT v2,gpu,256,30,256,0.7345998729579151
kermt_v2,KERMT v2,gpu,256,31,256,0.6445340050850064
kermt_v2,KERMT v2,gpu,256,32,256,0.7903864359250292
kermt_v2,KERMT v2,gpu,256,33,256,0.7446492199087515
kermt_v2,KERMT v2,gpu,256,34,256,0.7226899759843946
kermt_v2,KERMT v2,gpu,256,35,256,0.6802291370695457
kermt_v2,KERMT v2,gpu,256,36,256,0.6586432259064168
kermt_v2,KERMT v2,gpu,256,37,256,0.782748788013123
kermt_v2,KERMT v2,gpu,256,38,256,0.6298348190030083
kermt_v2,KERMT v2,gpu,256,39,256,0.7434832419967279
kermt_v2,KERMT v2,gpu,256,40,256,0.6574850849574432
kermt_v2,KERMT v2,gpu,256,41,256,0.735562625923194
kermt_v2,KERMT v2,gpu,256,42,256,0.6685934399720281
kermt_v2,KERMT v2,gpu,256,43,256,0.6669448839966208
kermt_v2,KERMT v2,gpu,256,44,256,0.7432763669639826
kermt_v2,KERMT v2,gpu,256,45,256,0.6485384879633784
kermt_v2,KERMT v2,gpu,256,46,256,0.7168796299956739
kermt_v2,KERMT v2,gpu,256,47,256,0.696989185991697
kermt_v2,KERMT v2,gpu,256,48,256,0.7212872679810971
kermt_v2,KERMT v2,gpu,256,49,256,0.6789033870445564
kermt_v2,KERMT v2,gpu,256,50,256,0.6467613589484245
kermt_v2,KERMT v2,gpu,256,51,256,0.7069001049967483
kermt_v2,KERMT v2,gpu,256,52,256,0.6447568780276924
kermt_v2,KERMT v2,gpu,256,53,256,0.7206970150582492
kermt_v2,KERMT v2,gpu,256,54,256,0.6692057399777696
kermt_v2,KERMT v2,gpu,256,55,256,0.6708643441088498
kermt_v2,KERMT v2,gpu,256,56,256,0.6508455829462036
kermt_v2,KERMT v2,gpu,256,57,256,0.6513458540430292
kermt_v2,KERMT v2,gpu,256,58,256,0.6974654590012506
kermt_v2,KERMT v2,gpu,256,59,256,0.6379813150269911
kermt_v2,KERMT v2,gpu,256,60,256,0.6923773310845718
kermt_v2,KERMT v2,gpu,256,61,256,0.657952526002191
kermt_v2,KERMT v2,gpu,256,62,256,0.700907847029157
kermt_v2,KERMT v2,gpu,256,63,256,0.6485805329866707
kermt_v2,KERMT v2,gpu,256,64,256,0.6383706799242646
kermt_v2,KERMT v2,gpu,256,65,256,0.7087199511006474
kermt_v2,KERMT v2,gpu,256,66,256,0.6453000619076192
kermt_v2,KERMT v2,gpu,256,67,256,0.721786548034288
kermt_v2,KERMT v2,gpu,256,68,256,0.6822606900241226
kermt_v2,KERMT v2,gpu,256,69,256,0.6371690210653469
kermt_v2,KERMT v2,gpu,256,70,256,0.7579951049992815
kermt_v2,KERMT v2,gpu,256,71,256,0.6461167379748076
kermt_v2,KERMT v2,gpu,256,72,256,0.7334763889666647
kermt_v2,KERMT v2,gpu,256,73,256,0.6323447250761092
kermt_v2,KERMT v2,gpu,256,74,256,0.704473301069811
kermt_v2,KERMT v2,gpu,256,75,256,0.6705840639770031
kermt_v2,KERMT v2,gpu,256,76,256,0.6150771509855986
kermt_v2,KERMT v2,gpu,256,77,256,0.7151724740397185
kermt_v2,KERMT v2,gpu,256,78,256,0.620389367104508
kermt_v2,KERMT v2,gpu,256,79,256,0.7418716610409319
kermt_v2,KERMT v2,gpu,256,80,256,0.6205419700127095
kermt_v2,KERMT v2,gpu,256,81,256,0.6966151420492679
kermt_v2,KERMT v2,gpu,256,82,256,0.6520834330003709
kermt_v2,KERMT v2,gpu,256,83,256,0.6362300480250269
kermt_v2,KERMT v2,gpu,256,84,256,0.7110495360102504
kermt_v2,KERMT v2,gpu,256,85,256,0.6457538739778101
kermt_v2,KERMT v2,gpu,256,86,256,0.7099091860000044
kermt_v2,KERMT v2,gpu,256,87,256,0.6432451219297945
kermt_v2,KERMT v2,gpu,256,88,256,0.8325663229916245
kermt_v2,KERMT v2,gpu,256,89,256,0.6515509709715843
kermt_v2,KERMT v2,gpu,256,90,256,0.6390492869541049
kermt_v2,KERMT v2,gpu,256,91,256,0.740345373051241
kermt_v2,KERMT v2,gpu,256,92,256,0.7649096510140225
kermt_v2,KERMT v2,gpu,256,93,256,0.7387152799637988
kermt_v2,KERMT v2,gpu,256,94,256,0.650372929056175
kermt_v2,KERMT v2,gpu,256,95,256,0.717031390988268
kermt_v2,KERMT v2,gpu,256,96,256,0.6897559360368177
kermt_v2,KERMT v2,gpu,256,97,256,0.6378517569974065
kermt_v2,KERMT v2,gpu,256,98,256,0.6938906540162861
kermt_v2,KERMT v2,gpu,256,99,256,0.6392961270175874
kermt_v2,KERMT v2,gpu,256,100,256,0.7147643270436674
kermt_v2,KERMT v2,gpu,256,101,256,0.6302650209981948
kermt_v2,KERMT v2,gpu,256,102,256,0.7225757919950411
kermt_v2,KERMT v2,gpu,256,103,256,0.6382475519785658
kermt_v2,KERMT v2,gpu,256,104,256,0.7437397619942203
kermt_v2,KERMT v2,gpu,256,105,256,0.7689184199552983
kermt_v2,KERMT v2,gpu,256,106,256,0.6380746939685196
kermt_v2,KERMT v2,gpu,256,107,256,0.7532605169108137
kermt_v2,KERMT v2,gpu,256,108,256,0.6500920410035178
kermt_v2,KERMT v2,gpu,256,109,256,0.7426395409274846
kermt_v2,KERMT v2,gpu,256,110,256,0.6664577620103955
kermt_v2,KERMT v2,gpu,256,111,256,0.7059323829598725
kermt_v2,KERMT v2,gpu,256,112,256,0.7246502870693803
kermt_v2,KERMT v2,gpu,256,113,256,0.6775321320164949
kermt_v2,KERMT v2,gpu,256,114,256,0.819890852086246
kermt_v2,KERMT v2,gpu,256,115,256,0.6661435000132769
kermt_v2,KERMT v2,gpu,256,116,256,0.7668240870116279
kermt_v2,KERMT v2,gpu,256,117,256,0.6970069069648162
kermt_v2,KERMT v2,gpu,256,118,256,0.6424705539830029
kermt_v2,KERMT v2,gpu,256,119,256,0.7637340079527348
kermt_v2,KERMT v2,gpu,256,120,256,0.7052574609406292
kermt_v2,KERMT v2,gpu,256,121,256,0.7182189379818738
kermt_v2,KERMT v2,gpu,256,122,256,0.6627255930798128
kermt_v2,KERMT v2,gpu,256,123,256,0.6643265979364514
kermt_v2,KERMT v2,gpu,256,124,256,0.730791819980368
kermt_v2,KERMT v2,gpu,256,125,256,0.6561695440905169
kermt_v2,KERMT v2,gpu,256,126,256,0.746452413033694
kermt_v2,KERMT v2,gpu,256,127,256,0.6704630429157987
kermt_v2,KERMT v2,gpu,256,128,256,0.7398411009926349
kermt_v2,KERMT v2,gpu,256,129,256,0.6400080730672926
kermt_v2,KERMT v2,gpu,256,130,256,0.6600601400714368
kermt_v2,KERMT v2,gpu,256,131,256,0.7624152021016926
kermt_v2,KERMT v2,gpu,256,132,256,0.6402026580180973
kermt_v2,KERMT v2,gpu,256,133,256,0.7813491619890556
kermt_v2,KERMT v2,gpu,256,134,256,0.6420422799419612
kermt_v2,KERMT v2,gpu,256,135,256,0.7264226789120585
kermt_v2,KERMT v2,gpu,256,136,256,0.6699170450447127
kermt_v2,KERMT v2,gpu,256,137,256,0.6595312299905345
kermt_v2,KERMT v2,gpu,256,138,256,0.7201806360390037
kermt_v2,KERMT v2,gpu,256,139,256,0.7002066770801321
kermt_v2,KERMT v2,gpu,256,140,256,0.7312363180099055
kermt_v2,KERMT v2,gpu,256,141,256,0.6845430140383542
kermt_v2,KERMT v2,gpu,256,142,256,0.7336088180309162
kermt_v2,KERMT v2,gpu,256,143,256,0.6694006780162454
kermt_v2,KERMT v2,gpu,256,144,256,0.6609835990238935
kermt_v2,KERMT v2,gpu,256,145,256,0.7173480220371857
kermt_v2,KERMT v2,gpu,256,146,256,0.6404748099157587
kermt_v2,KERMT v2,gpu,256,147,256,0.7206804919987917
kermt_v2,KERMT v2,gpu,256,148,256,0.6892869910225272
kermt_v2,KERMT v2,gpu,256,149,256,0.7506861969595775
kermt_v2,KERMT v2,gpu,256,150,256,0.6370191109599546
kermt_v2,KERMT v2,gpu,256,151,256,0.6437728169839829
kermt_v2,KERMT v2,gpu,256,152,256,0.7335844039916992
kermt_v2,KERMT v2,gpu,256,153,256,0.6536220100242645
kermt_v2,KERMT v2,gpu,256,154,256,0.7919321219669655
kermt_v2,KERMT v2,gpu,256,155,256,0.6220006439834833
kermt_v2,KERMT v2,gpu,256,156,256,0.7088014119071886
kermt_v2,KERMT v2,gpu,256,157,256,0.6484896279871464
kermt_v2,KERMT v2,gpu,256,158,256,0.6576717050047591
kermt_v2,KERMT v2,gpu,256,159,256,0.7192917040083557
kermt_v2,KERMT v2,gpu,256,160,256,0.6503891510656103
kermt_v2,KERMT v2,gpu,256,161,256,0.6951169820968062
kermt_v2,KERMT v2,gpu,256,162,256,0.6444474840536714
kermt_v2,KERMT v2,gpu,256,163,256,0.6449960429454222
kermt_v2,KERMT v2,gpu,256,164,256,0.7159526729956269
kermt_v2,KERMT v2,gpu,256,165,256,0.6494403500109911
kermt_v2,KERMT v2,gpu,256,166,256,0.7145109920529649
kermt_v2,KERMT v2,gpu,256,167,256,0.6412904700264335
kermt_v2,KERMT v2,gpu,256,168,256,0.7698712040437385
kermt_v2,KERMT v2,gpu,256,169,256,0.6647886919090524
kermt_v2,KERMT v2,gpu,256,170,256,0.6428794550010934
kermt_v2,KERMT v2,gpu,256,171,256,0.709213002002798
kermt_v2,KERMT v2,gpu,256,172,256,0.6484934879699722
kermt_v2,KERMT v2,gpu,256,173,256,0.7379229209618643
kermt_v2,KERMT v2,gpu,256,174,256,0.6597151859896258
kermt_v2,KERMT v2,gpu,256,175,256,0.6976923369802535
kermt_v2,KERMT v2,gpu,256,176,256,0.7081814819248393
kermt_v2,KERMT v2,gpu,256,177,256,0.6691268919967115
kermt_v2,KERMT v2,gpu,256,178,256,0.7273156370501965
kermt_v2,KERMT v2,gpu,256,179,256,0.6384364899713546
kermt_v2,KERMT v2,gpu,256,180,256,0.6900363829918206
kermt_v2,KERMT v2,gpu,256,181,256,0.6382873440161347
kermt_v2,KERMT v2,gpu,256,182,256,0.7057055900804698
kermt_v2,KERMT v2,gpu,256,183,256,0.6152179189957678
kermt_v2,KERMT v2,gpu,256,184,256,0.6225671289721504
kermt_v2,KERMT v2,gpu,256,185,256,0.6900711669586599
kermt_v2,KERMT v2,gpu,256,186,256,0.6301124949241057
kermt_v2,KERMT v2,gpu,256,187,256,0.7011381490156054
kermt_v2,KERMT v2,gpu,256,188,256,0.6186448519583791
kermt_v2,KERMT v2,gpu,256,189,256,0.6869888310320675
kermt_v2,KERMT v2,gpu,256,190,256,0.6477863730397075
kermt_v2,KERMT v2,gpu,256,191,256,0.6263853150885552
kermt_v2,KERMT v2,gpu,256,192,256,0.7240716730011627
kermt_v2,KERMT v2,gpu,256,193,256,0.6406359419925138
kermt_v2,KERMT v2,gpu,256,194,180,0.521825217991136
kermt_v2,KERMT v2,gpu,512,0,512,1.2214305190136656
kermt_v2,KERMT v2,gpu,512,1,512,1.2909332459094003
kermt_v2,KERMT v2,gpu,512,2,512,1.276195626007393
kermt_v2,KERMT v2,gpu,512,3,512,1.3256857610540465
kermt_v2,KERMT v2,gpu,512,4,512,1.2918473299359903
kermt_v2,KERMT v2,gpu,512,5,512,1.2776440921006724
kermt_v2,KERMT v2,gpu,512,6,512,1.2671694109449163
kermt_v2,KERMT v2,gpu,512,7,512,1.3023832250619307
kermt_v2,KERMT v2,gpu,512,8,512,1.295778244966641
kermt_v2,KERMT v2,gpu,512,9,512,1.301238173036836
kermt_v2,KERMT v2,gpu,512,10,512,1.2765722860349342
kermt_v2,KERMT v2,gpu,512,11,512,1.2778866440057755
kermt_v2,KERMT v2,gpu,512,12,512,1.244247855967842
kermt_v2,KERMT v2,gpu,512,13,512,1.2848233559634537
kermt_v2,KERMT v2,gpu,512,14,512,1.2804721649736166
kermt_v2,KERMT v2,gpu,512,15,512,1.311382079962641
kermt_v2,KERMT v2,gpu,512,16,512,1.3202130679273978
kermt_v2,KERMT v2,gpu,512,17,512,1.2910133069381118
kermt_v2,KERMT v2,gpu,512,18,512,1.2996838520048186
kermt_v2,KERMT v2,gpu,512,19,512,1.3077645279699937
kermt_v2,KERMT v2,gpu,512,20,512,1.3251450740499422
kermt_v2,KERMT v2,gpu,512,21,512,1.288897308986634
kermt_v2,KERMT v2,gpu,512,22,512,1.2847110719885677
kermt_v2,KERMT v2,gpu,512,23,512,1.3587032270152122
kermt_v2,KERMT v2,gpu,512,24,512,1.2529398390324786
kermt_v2,KERMT v2,gpu,512,25,512,1.280843447893858
kermt_v2,KERMT v2,gpu,512,26,512,1.2766715789912269
kermt_v2,KERMT v2,gpu,512,27,512,1.3569659049389884
kermt_v2,KERMT v2,gpu,512,28,512,1.3006267360178754
kermt_v2,KERMT v2,gpu,512,29,512,1.2898539829766378
kermt_v2,KERMT v2,gpu,512,30,512,1.321674527018331
kermt_v2,KERMT v2,gpu,512,31,512,1.321747932001017
kermt_v2,KERMT v2,gpu,512,32,512,1.3046758569544181
kermt_v2,KERMT v2,gpu,512,33,512,1.2950034230016172
kermt_v2,KERMT v2,gpu,512,34,512,1.2840442809974775
kermt_v2,KERMT v2,gpu,512,35,512,1.2324537700042129
kermt_v2,KERMT v2,gpu,512,36,512,1.2830000800313428
kermt_v2,KERMT v2,gpu,512,37,512,1.2667673128889874
kermt_v2,KERMT v2,gpu,512,38,512,1.3221325209597126
kermt_v2,KERMT v2,gpu,512,39,512,1.324608032940887
kermt_v2,KERMT v2,gpu,512,40,512,1.281699446029961
kermt_v2,KERMT v2,gpu,512,41,512,1.2999270360451192
kermt_v2,KERMT v2,gpu,512,42,512,1.3242961049545556
kermt_v2,KERMT v2,gpu,512,43,512,1.292891722987406
kermt_v2,KERMT v2,gpu,512,44,512,1.2778741200454533
kermt_v2,KERMT v2,gpu,512,45,512,1.3076603430090472
kermt_v2,KERMT v2,gpu,512,46,512,1.2151727130403742
kermt_v2,KERMT v2,gpu,512,47,512,1.2902823920594528
kermt_v2,KERMT v2,gpu,512,48,512,1.3293551560491323
kermt_v2,KERMT v2,gpu,512,49,512,1.3149556459393352
kermt_v2,KERMT v2,gpu,512,50,512,1.3062859190395102
kermt_v2,KERMT v2,gpu,512,51,512,1.2868447989458218
kermt_v2,KERMT v2,gpu,512,52,512,1.339052819996141
kermt_v2,KERMT v2,gpu,512,53,512,1.3741008379729465
kermt_v2,KERMT v2,gpu,512,54,512,1.2915123399579898
kermt_v2,KERMT v2,gpu,512,55,512,1.3065219119889662
kermt_v2,KERMT v2,gpu,512,56,512,1.2893427080707625
kermt_v2,KERMT v2,gpu,512,57,512,1.2213616189546883
kermt_v2,KERMT v2,gpu,512,58,512,1.2953813459025696
kermt_v2,KERMT v2,gpu,512,59,512,1.3318202350055799
kermt_v2,KERMT v2,gpu,512,60,512,1.3091875290265307
kermt_v2,KERMT v2,gpu,512,61,512,1.3619899329496548
kermt_v2,KERMT v2,gpu,512,62,512,1.3062220170395449
kermt_v2,KERMT v2,gpu,512,63,512,1.3215590680483729
kermt_v2,KERMT v2,gpu,512,64,512,1.3188799780327827
kermt_v2,KERMT v2,gpu,512,65,512,1.303569263080135
kermt_v2,KERMT v2,gpu,512,66,512,1.3330204170197248
kermt_v2,KERMT v2,gpu,512,67,512,1.320030685979873
kermt_v2,KERMT v2,gpu,512,68,512,1.31011525192298
kermt_v2,KERMT v2,gpu,512,69,512,1.221789057017304
kermt_v2,KERMT v2,gpu,512,70,512,1.309147250954993
kermt_v2,KERMT v2,gpu,512,71,512,1.3397651080740616
kermt_v2,KERMT v2,gpu,512,72,512,1.3074840059271082
kermt_v2,KERMT v2,gpu,512,73,512,1.2853787790518254
kermt_v2,KERMT v2,gpu,512,74,512,1.3304628719342873
kermt_v2,KERMT v2,gpu,512,75,512,1.3296173609560356
kermt_v2,KERMT v2,gpu,512,76,512,1.3141634770436212
kermt_v2,KERMT v2,gpu,512,77,512,1.301082287915051
kermt_v2,KERMT v2,gpu,512,78,512,1.3827468670206144
kermt_v2,KERMT v2,gpu,512,79,512,1.299870869028382
kermt_v2,KERMT v2,gpu,512,80,512,1.318938079988584
kermt_v2,KERMT v2,gpu,512,81,512,1.222815296961926
kermt_v2,KERMT v2,gpu,512,82,512,1.3170727310935035
kermt_v2,KERMT v2,gpu,512,83,512,1.304364456096664
kermt_v2,KERMT v2,gpu,512,84,512,1.3366771200671792
kermt_v2,KERMT v2,gpu,512,85,512,1.2918206020258367
kermt_v2,KERMT v2,gpu,512,86,512,1.3133035189239308
kermt_v2,KERMT v2,gpu,512,87,512,1.3040982050588354
kermt_v2,KERMT v2,gpu,512,88,512,1.3154438679339364
kermt_v2,KERMT v2,gpu,512,89,512,1.3202872059773654
kermt_v2,KERMT v2,gpu,512,90,512,1.4415343169821426
kermt_v2,KERMT v2,gpu,512,91,512,1.376119676977396
kermt_v2,KERMT v2,gpu,512,92,512,1.3614886769792065
kermt_v2,KERMT v2,gpu,512,93,512,1.2606873309705406
kermt_v2,KERMT v2,gpu,512,94,512,1.3046189249726012
kermt_v2,KERMT v2,gpu,512,95,512,1.3102326699299738
kermt_v2,KERMT v2,gpu,512,96,512,1.3043828689260408
kermt_v2,KERMT v2,gpu,512,97,180,0.5457016889704391
