strategy,budget,bin_left,bin_right,evaluated_pair_count,fraction
beam1000_lp00,50,0.0,0.01,0,0.0
beam1000_lp00,50,0.01,0.02,3,1.342119743923553e-05
beam1000_lp00,50,0.02,0.03,36,0.00016105436927082634
beam1000_lp00,50,0.03,0.04,7,3.1316127358216234e-05
beam1000_lp00,50,0.04,0.05,4,1.7894929918980705e-05
beam1000_lp00,50,0.05,0.06,1,4.473732479745176e-06
beam1000_lp00,50,0.06,0.07,53,0.00023710782142649433
beam1000_lp00,50,0.07,0.08,21,9.39483820746487e-05
beam1000_lp00,50,0.08,0.09,18,8.052718463541317e-05
beam1000_lp00,50,0.09,0.1,30,0.0001342119743923553
beam1000_lp00,50,0.1,0.11,62,0.0002773714137442009
beam1000_lp00,50,0.11,0.12,96,0.00042947831805553694
beam1000_lp00,50,0.12,0.13,121,0.0005413216300491664
beam1000_lp00,50,0.13,0.14,177,0.0007918506489148962
beam1000_lp00,50,0.14,0.15,123,0.0005502690950086567
beam1000_lp00,50,0.15,0.16,164,0.0007336921266782089
beam1000_lp00,50,0.16,0.17,216,0.0009663262156249581
beam1000_lp00,50,0.17,0.18,333,0.0014897529157551436
beam1000_lp00,50,0.18,0.19,309,0.0013823833362412595
beam1000_lp00,50,0.19,0.2,311,0.0013913308012007497
beam1000_lp00,50,0.2,0.21,507,0.0022681823672308045
beam1000_lp00,50,0.21,0.22,593,0.0026529233604888893
beam1000_lp00,50,0.22,0.23,677,0.0030287168887874845
beam1000_lp00,50,0.23,0.24,855,0.0038250412701821257
beam1000_lp00,50,0.24,0.25,916,0.004097938951446581
beam1000_lp00,50,0.25,0.26,1733,0.00775297838739839
beam1000_lp00,50,0.26,0.27,1873,0.008379300934562715
beam1000_lp00,50,0.27,0.28,1989,0.008898253902213155
beam1000_lp00,50,0.28,0.29,2726,0.012195394739785351
beam1000_lp00,50,0.29,0.3,2714,0.012141709950028409
beam1000_lp00,50,0.3,0.31,3723,0.01665570602209129
beam1000_lp00,50,0.31,0.32,3827,0.01712097419998479
beam1000_lp00,50,0.32,0.33,4890,0.02187655182595391
beam1000_lp00,50,0.33,0.34,4619,0.02066417032394297
beam1000_lp00,50,0.34,0.35000000000000003,4871,0.021791550908838754
beam1000_lp00,50,0.35000000000000003,0.36,5407,0.024189471517982168
beam1000_lp00,50,0.36,0.37,6181,0.027652140457304936
beam1000_lp00,50,0.37,0.38,5841,0.026131071414191576
beam1000_lp00,50,0.38,0.39,6428,0.028757152379801993
beam1000_lp00,50,0.39,0.4,5521,0.024699477020673117
beam1000_lp00,50,0.4,0.41000000000000003,7520,0.03364246824768372
beam1000_lp00,50,0.41000000000000003,0.42,6561,0.0293521587996081
beam1000_lp00,50,0.42,0.43,6460,0.02890031181915384
beam1000_lp00,50,0.43,0.44,6794,0.030394538467388727
beam1000_lp00,50,0.44,0.45,6440,0.028810837169558935
beam1000_lp00,50,0.45,0.46,6725,0.03008585092628631
beam1000_lp00,50,0.46,0.47000000000000003,6555,0.02932531640472963
beam1000_lp00,50,0.47000000000000003,0.48,6553,0.02931636893977014
beam1000_lp00,50,0.48,0.49,5805,0.02597001704492075
beam1000_lp00,50,0.49,0.5,4489,0.020082585101576095
beam1000_lp00,50,0.5,0.51,9021,0.04035754069978124
beam1000_lp00,50,0.51,0.52,4892,0.0218854992909134
beam1000_lp00,50,0.52,0.53,5431,0.024296841097496052
beam1000_lp00,50,0.53,0.54,5364,0.023997101021353124
beam1000_lp00,50,0.54,0.55,4415,0.019751528898074952
beam1000_lp00,50,0.55,0.56,4848,0.021688655061804615
beam1000_lp00,50,0.56,0.5700000000000001,4598,0.02057022194186832
beam1000_lp00,50,0.5700000000000001,0.58,3835,0.017156764059822752
beam1000_lp00,50,0.58,0.59,3891,0.01740729307868848
beam1000_lp00,50,0.59,0.6,3077,0.013765674840175907
beam1000_lp00,50,0.6,0.61,3898,0.017438609206046698
beam1000_lp00,50,0.61,0.62,3193,0.014284627807826347
beam1000_lp00,50,0.62,0.63,3161,0.014141468368474502
beam1000_lp00,50,0.63,0.64,2751,0.01230723805177898
beam1000_lp00,50,0.64,0.65,2640,0.011810653746527264
beam1000_lp00,50,0.65,0.66,2358,0.010549061187239125
beam1000_lp00,50,0.66,0.67,2566,0.011479597543026122
beam1000_lp00,50,0.67,0.68,2340,0.010468534002603712
beam1000_lp00,50,0.68,0.6900000000000001,2163,0.009676683353688816
beam1000_lp00,50,0.6900000000000001,0.7000000000000001,1688,0.007551660425809858
beam1000_lp00,50,0.7000000000000001,0.71,1993,0.008916148832132136
beam1000_lp00,50,0.71,0.72,1463,0.006545070617867192
beam1000_lp00,50,0.72,0.73,1379,0.006169277089568598
beam1000_lp00,50,0.73,0.74,1341,0.005999275255338281
beam1000_lp00,50,0.74,0.75,958,0.0042858357155958786
beam1000_lp00,50,0.75,0.76,1163,0.00520295087394364
beam1000_lp00,50,0.76,0.77,867,0.003878726059939068
beam1000_lp00,50,0.77,0.78,784,0.003507406264120218
beam1000_lp00,50,0.78,0.79,629,0.002813977729759716
beam1000_lp00,50,0.79,0.8,414,0.001852125246614503
beam1000_lp00,50,0.8,0.81,614,0.002746871742563538
beam1000_lp00,50,0.81,0.8200000000000001,444,0.001986337221006858
beam1000_lp00,50,0.8200000000000001,0.8300000000000001,430,0.0019237049662904258
beam1000_lp00,50,0.8300000000000001,0.84,406,0.0018163353867765414
beam1000_lp00,50,0.84,0.85,494,0.002210023844994117
beam1000_lp00,50,0.85,0.86,397,0.001776071794458835
beam1000_lp00,50,0.86,0.87,372,0.0016642284824652056
beam1000_lp00,50,0.87,0.88,254,0.0011363280498552747
beam1000_lp00,50,0.88,0.89,225,0.0010065898079426646
beam1000_lp00,50,0.89,0.9,142,0.000635270012123815
beam1000_lp00,50,0.9,0.91,160,0.0007157971967592282
beam1000_lp00,50,0.91,0.92,109,0.0004876368402922242
beam1000_lp00,50,0.92,0.93,153,0.000684481069401012
beam1000_lp00,50,0.93,0.9400000000000001,79,0.0003534248658998689
beam1000_lp00,50,0.9400000000000001,0.9500000000000001,65,0.00029079261118343644
beam1000_lp00,50,0.9500000000000001,0.96,50,0.00022368662398725882
beam1000_lp00,50,0.96,0.97,20,8.947464959490352e-05
beam1000_lp00,50,0.97,0.98,46,0.0002057916940682781
beam1000_lp00,50,0.98,0.99,24,0.00010736957951388424
beam1000_lp00,50,0.99,1.0,44,0.00019684422910878774
beam1000_lp00,100,0.0,0.01,40,6.691570461400513e-05
beam1000_lp00,100,0.01,0.02,80,0.00013383140922801026
beam1000_lp00,100,0.02,0.03,146,0.0002442423218411187
beam1000_lp00,100,0.03,0.04,11,1.840181876885141e-05
beam1000_lp00,100,0.04,0.05,11,1.840181876885141e-05
beam1000_lp00,100,0.05,0.06,19,3.178495969165243e-05
beam1000_lp00,100,0.06,0.07,122,0.00020409289907271562
beam1000_lp00,100,0.07,0.08,95,0.00015892479845826217
beam1000_lp00,100,0.08,0.09,97,0.00016227058368896243
beam1000_lp00,100,0.09,0.1,140,0.00023420496614901792
beam1000_lp00,100,0.1,0.11,299,0.0005001948919896883
beam1000_lp00,100,0.11,0.12,346,0.0005788208449111443
beam1000_lp00,100,0.12,0.13,524,0.0008765957304434671
beam1000_lp00,100,0.13,0.14,576,0.0009635861464416738
beam1000_lp00,100,0.14,0.15,467,0.0007812408513685098
beam1000_lp00,100,0.15,0.16,669,0.0011191651596692356
beam1000_lp00,100,0.16,0.17,913,0.001527350957814667
beam1000_lp00,100,0.17,0.18,1184,0.0019807048565745515
beam1000_lp00,100,0.18,0.19,1263,0.0021128633731872116
beam1000_lp00,100,0.19,0.2,1378,0.0023052460239524767
beam1000_lp00,100,0.2,0.21,2297,0.0038426343374592443
beam1000_lp00,100,0.21,0.22,2487,0.004160483934375768
beam1000_lp00,100,0.22,0.23,3152,0.0052729575235836035
beam1000_lp00,100,0.23,0.24,3657,0.006117768294335418
beam1000_lp00,100,0.24,0.25,3841,0.0064255805355598414
beam1000_lp00,100,0.25,0.26,6727,0.011253548623460312
beam1000_lp00,100,0.26,0.27,6905,0.011551323508992635
beam1000_lp00,100,0.27,0.28,7636,0.012774208010813578
beam1000_lp00,100,0.28,0.29,9992,0.01671554301257848
beam1000_lp00,100,0.29,0.3,9974,0.016685430945502178
beam1000_lp00,100,0.3,0.31,13113,0.02193664086508623
beam1000_lp00,100,0.31,0.32,12960,0.02168068829493766
beam1000_lp00,100,0.32,0.33,16249,0.02718283210682423
beam1000_lp00,100,0.33,0.34,14525,0.02429876523796061
beam1000_lp00,100,0.34,0.35000000000000003,15463,0.025867938511159032
beam1000_lp00,100,0.35000000000000003,0.36,17253,0.028862416292635758
beam1000_lp00,100,0.36,0.37,18868,0.031564137866426215
beam1000_lp00,100,0.37,0.38,17890,0.029928048888613792
beam1000_lp00,100,0.38,0.39,19092,0.03193886581226465
beam1000_lp00,100,0.39,0.4,16013,0.0267880294496016
beam1000_lp00,100,0.4,0.41000000000000003,22015,0.03682873092693307
beam1000_lp00,100,0.41000000000000003,0.42,18612,0.031135877356896585
beam1000_lp00,100,0.42,0.43,18203,0.03045166427721838
beam1000_lp00,100,0.43,0.44,18629,0.031164316531357535
beam1000_lp00,100,0.44,0.45,17561,0.029377667218163598
beam1000_lp00,100,0.45,0.46,18287,0.030592187256907794
beam1000_lp00,100,0.46,0.47000000000000003,17452,0.029195321923090434
beam1000_lp00,100,0.47000000000000003,0.48,16977,0.028400697930799124
beam1000_lp00,100,0.48,0.49,14855,0.02485081980102615
beam1000_lp00,100,0.49,0.5,11244,0.01881000456699684
beam1000_lp00,100,0.5,0.51,22459,0.037571495248148526
beam1000_lp00,100,0.51,0.52,11826,0.019783628069130615
beam1000_lp00,100,0.52,0.53,13212,0.02210225723400589
beam1000_lp00,100,0.53,0.54,12353,0.02066524247742013
beam1000_lp00,100,0.54,0.55,10694,0.017889913628554268
beam1000_lp00,100,0.55,0.56,11263,0.018841789526688493
beam1000_lp00,100,0.56,0.5700000000000001,10284,0.017204027656260716
beam1000_lp00,100,0.5700000000000001,0.58,8741,0.01462275435077547
beam1000_lp00,100,0.58,0.59,8559,0.014318287894781746
beam1000_lp00,100,0.59,0.6,6659,0.011139791925616503
beam1000_lp00,100,0.6,0.61,8296,0.013878317136944662
beam1000_lp00,100,0.61,0.62,6715,0.01123347391207611
beam1000_lp00,100,0.62,0.63,6452,0.010793503154239025
beam1000_lp00,100,0.63,0.64,5593,0.009356488397653266
beam1000_lp00,100,0.64,0.65,5261,0.008801088049357024
beam1000_lp00,100,0.65,0.66,4587,0.007673558426611038
beam1000_lp00,100,0.66,0.67,5027,0.008409631177365094
beam1000_lp00,100,0.67,0.68,4456,0.007454409494000171
beam1000_lp00,100,0.68,0.6900000000000001,4087,0.006837112118935973
beam1000_lp00,100,0.6900000000000001,0.7000000000000001,3254,0.005443592570349317
beam1000_lp00,100,0.7000000000000001,0.71,3675,0.0061478803614117205
beam1000_lp00,100,0.71,0.72,2698,0.004513464276214646
beam1000_lp00,100,0.72,0.73,2585,0.004324427410680081
beam1000_lp00,100,0.73,0.74,2387,0.003993194672840756
beam1000_lp00,100,0.74,0.75,1711,0.002862319264864069
beam1000_lp00,100,0.75,0.76,2140,0.003579990196849274
beam1000_lp00,100,0.76,0.77,1589,0.0026582263657913534
beam1000_lp00,100,0.77,0.78,1346,0.0022517134602612725
beam1000_lp00,100,0.78,0.79,1139,0.0019054246888837959
beam1000_lp00,100,0.79,0.8,808,0.0013516972332029034
beam1000_lp00,100,0.8,0.81,1039,0.0017381354273487831
beam1000_lp00,100,0.81,0.8200000000000001,787,0.0013165664882805507
beam1000_lp00,100,0.8200000000000001,0.8300000000000001,799,0.0013366411996647524
beam1000_lp00,100,0.8300000000000001,0.84,698,0.0011676790455143894
beam1000_lp00,100,0.84,0.85,788,0.0013182393808959009
beam1000_lp00,100,0.85,0.86,711,0.001189426649513941
beam1000_lp00,100,0.86,0.87,612,0.0010238102805942783
beam1000_lp00,100,0.87,0.88,391,0.0006541010126019
beam1000_lp00,100,0.88,0.89,368,0.0006156244824488471
beam1000_lp00,100,0.89,0.9,216,0.0003613448049156277
beam1000_lp00,100,0.9,0.91,243,0.00040651290553008114
beam1000_lp00,100,0.91,0.92,185,0.0003094851338397737
beam1000_lp00,100,0.92,0.93,226,0.00037807373106912894
beam1000_lp00,100,0.93,0.9400000000000001,135,0.0002258405030722673
beam1000_lp00,100,0.9400000000000001,0.9500000000000001,92,0.00015390612061221177
beam1000_lp00,100,0.9500000000000001,0.96,90,0.00015056033538151154
beam1000_lp00,100,0.96,0.97,32,5.35325636912041e-05
beam1000_lp00,100,0.97,0.98,82,0.0001371771944587105
beam1000_lp00,100,0.98,0.99,37,6.189702676795474e-05
beam1000_lp00,100,0.99,1.0,71,0.00011877537568985909
beam1000_lp00,250,0.0,0.01,45,4.613326362084609e-05
beam1000_lp00,250,0.01,0.02,182,0.00018658342175542194
beam1000_lp00,250,0.02,0.03,445,0.0004562067180283668
beam1000_lp00,250,0.03,0.04,192,0.00019683525811560996
beam1000_lp00,250,0.04,0.05,57,5.843546725307171e-05
beam1000_lp00,250,0.05,0.06,505,0.0005177177361894949
beam1000_lp00,250,0.06,0.07,540,0.000553599163450153
beam1000_lp00,250,0.07,0.08,287,0.00029422770353739613
beam1000_lp00,250,0.08,0.09,425,0.00043570304530799077
beam1000_lp00,250,0.09,0.1,524,0.0005371962252738522
beam1000_lp00,250,0.1,0.11,778,0.0007975928688226278
beam1000_lp00,250,0.11,0.12,782,0.0008016936033667031
beam1000_lp00,250,0.12,0.13,1208,0.0012384218323107127
beam1000_lp00,250,0.13,0.14,1412,0.0014475592940585483
beam1000_lp00,250,0.14,0.15,1493,0.0015305991685760712
beam1000_lp00,250,0.15,0.16,1923,0.001971428132064156
beam1000_lp00,250,0.16,0.17,2390,0.0024501888900849366
beam1000_lp00,250,0.17,0.18,2888,0.0029607303408222996
beam1000_lp00,250,0.18,0.19,3736,0.003830086064166244
beam1000_lp00,250,0.19,0.2,3792,0.003887496347783297
beam1000_lp00,250,0.2,0.21,6534,0.006698549877746852
beam1000_lp00,250,0.21,0.22,6712,0.006881032564958198
beam1000_lp00,250,0.22,0.23,8235,0.008442387242614834
beam1000_lp00,250,0.23,0.24,9304,0.009538308549518933
beam1000_lp00,250,0.24,0.25,9808,0.010055001102072409
beam1000_lp00,250,0.25,0.26,15779,0.016176372592740674
beam1000_lp00,250,0.26,0.27,16042,0.01644599588901362
beam1000_lp00,250,0.27,0.28,17225,0.01765878813042386
beam1000_lp00,250,0.28,0.29,21066,0.02159651847637208
beam1000_lp00,250,0.29,0.3,20740,0.02126230861102995
beam1000_lp00,250,0.3,0.31,26445,0.027110981254517216
beam1000_lp00,250,0.31,0.32,25489,0.02613090569848324
beam1000_lp00,250,0.32,0.33,30890,0.03166792251662079
beam1000_lp00,250,0.33,0.34,27027,0.027707638130680157
beam1000_lp00,250,0.34,0.35000000000000003,27639,0.028335050515923665
beam1000_lp00,250,0.35000000000000003,0.36,30830,0.03160641149845966
beam1000_lp00,250,0.36,0.37,33073,0.03390589839404983
beam1000_lp00,250,0.37,0.38,30774,0.03154900121484261
beam1000_lp00,250,0.38,0.39,32256,0.033068323363422476
beam1000_lp00,250,0.39,0.4,26531,0.027199147047214833
beam1000_lp00,250,0.4,0.41000000000000003,36252,0.03716495717295361
beam1000_lp00,250,0.41000000000000003,0.42,30312,0.031075366375001922
beam1000_lp00,250,0.42,0.43,29775,0.030524842762459824
beam1000_lp00,250,0.43,0.44,28953,0.02968214181365237
beam1000_lp00,250,0.44,0.45,28008,0.028713343277614604
beam1000_lp00,250,0.45,0.46,28130,0.028838415681208898
beam1000_lp00,250,0.46,0.47000000000000003,27099,0.02778145135247351
beam1000_lp00,250,0.47000000000000003,0.48,25727,0.026374899403855716
beam1000_lp00,250,0.48,0.49,21547,0.022089631805297123
beam1000_lp00,250,0.49,0.5,16553,0.016969864727019227
beam1000_lp00,250,0.5,0.51,32540,0.03335947551605181
beam1000_lp00,250,0.51,0.52,16875,0.017299973857817282
beam1000_lp00,250,0.52,0.53,18963,0.01944055728982454
beam1000_lp00,250,0.53,0.54,17593,0.01803605570847878
beam1000_lp00,250,0.54,0.55,15250,0.01563405044928673
beam1000_lp00,250,0.55,0.56,15192,0.015574589798397638
beam1000_lp00,250,0.56,0.5700000000000001,13983,0.014335142782450907
beam1000_lp00,250,0.5700000000000001,0.58,11684,0.011978245603243681
beam1000_lp00,250,0.58,0.59,11174,0.011455401948874093
beam1000_lp00,250,0.59,0.6,8825,0.009047245587865927
beam1000_lp00,250,0.6,0.61,11077,0.011355959136180269
beam1000_lp00,250,0.61,0.62,8662,0.008880140655194862
beam1000_lp00,250,0.62,0.63,7969,0.008169688395433833
beam1000_lp00,250,0.63,0.64,7011,0.00718756247212782
beam1000_lp00,250,0.64,0.65,6364,0.006524268659623655
beam1000_lp00,250,0.65,0.66,5512,0.005650812201735636
beam1000_lp00,250,0.66,0.67,5993,0.006143925530660679
beam1000_lp00,250,0.67,0.68,5237,0.005368886701830465
beam1000_lp00,250,0.68,0.6900000000000001,4552,0.004666635911157586
beam1000_lp00,250,0.6900000000000001,0.7000000000000001,3608,0.003698862558755837
beam1000_lp00,250,0.7000000000000001,0.71,4154,0.004258612824022103
beam1000_lp00,250,0.71,0.72,3072,0.0031493641298497594
beam1000_lp00,250,0.72,0.73,2867,0.002939201484465905
beam1000_lp00,250,0.73,0.74,2601,0.0026665026372849035
beam1000_lp00,250,0.74,0.75,1889,0.0019365718884395168
beam1000_lp00,250,0.75,0.76,2346,0.0024050808101001094
beam1000_lp00,250,0.76,0.77,1707,0.0017499884666840949
beam1000_lp00,250,0.77,0.78,1484,0.001521372515851902
beam1000_lp00,250,0.78,0.79,1248,0.0012794291777514647
beam1000_lp00,250,0.79,0.8,876,0.0008980608651524704
beam1000_lp00,250,0.8,0.81,1058,0.0010846442869078925
beam1000_lp00,250,0.81,0.8200000000000001,800,0.0008201469088150415
beam1000_lp00,250,0.8200000000000001,0.8300000000000001,871,0.0008929349469723764
beam1000_lp00,250,0.8300000000000001,0.84,683,0.0007002004234008417
beam1000_lp00,250,0.84,0.85,693,0.0007104522597610297
beam1000_lp00,250,0.85,0.86,531,0.0005443725107259837
beam1000_lp00,250,0.86,0.87,425,0.00043570304530799077
beam1000_lp00,250,0.87,0.88,345,0.00035368835442648665
beam1000_lp00,250,0.88,0.89,297,0.00030447953989758413
beam1000_lp00,250,0.89,0.9,192,0.00019683525811560996
beam1000_lp00,250,0.9,0.91,172,0.00017633158539523392
beam1000_lp00,250,0.91,0.92,138,0.00014147534177059466
beam1000_lp00,250,0.92,0.93,176,0.00018043231993930913
beam1000_lp00,250,0.93,0.9400000000000001,86,8.816579269761696e-05
beam1000_lp00,250,0.9400000000000001,0.9500000000000001,71,7.278803815733494e-05
beam1000_lp00,250,0.9500000000000001,0.96,58,5.9460650889090506e-05
beam1000_lp00,250,0.96,0.97,34,3.485624362463926e-05
beam1000_lp00,250,0.97,0.98,66,6.766211997724093e-05
beam1000_lp00,250,0.98,0.99,26,2.665477453648885e-05
beam1000_lp00,250,0.99,1.0,46,4.7158447256864883e-05
beam1000_lp00,500,0.0,0.01,57,5.4516031538958874e-05
beam1000_lp00,500,0.01,0.02,435,0.00041604339858679145
beam1000_lp00,500,0.02,0.03,755,0.0007220983124897185
beam1000_lp00,500,0.03,0.04,325,0.0003108370219326603
beam1000_lp00,500,0.04,0.05,202,0.00019319716440122268
beam1000_lp00,500,0.05,0.06,682,0.0006522795352556132
beam1000_lp00,500,0.06,0.07,838,0.0008014813057832901
beam1000_lp00,500,0.07,0.08,518,0.0004954263918803631
beam1000_lp00,500,0.08,0.09,624,0.0005968070821107078
beam1000_lp00,500,0.09,0.1,688,0.0006580180648912931
beam1000_lp00,500,0.1,0.11,914,0.0008741693478352354
beam1000_lp00,500,0.11,0.12,1034,0.000988939940548833
beam1000_lp00,500,0.12,0.13,1590,0.0015207103534551688
beam1000_lp00,500,0.13,0.14,1786,0.0017081689882207116
beam1000_lp00,500,0.14,0.15,2244,0.002146210083744276
beam1000_lp00,500,0.15,0.16,2731,0.002611987405840293
beam1000_lp00,500,0.16,0.17,3473,0.003321652237452705
beam1000_lp00,500,0.17,0.18,4273,0.004086789522210022
beam1000_lp00,500,0.18,0.19,5405,0.005169458780141627
beam1000_lp00,500,0.19,0.2,5328,0.005095814316483735
beam1000_lp00,500,0.2,0.21,9185,0.008784732450619953
beam1000_lp00,500,0.21,0.22,9523,0.009108002953429919
beam1000_lp00,500,0.22,0.23,11850,0.011333596030467767
beam1000_lp00,500,0.23,0.24,12843,0.012283322685172788
beam1000_lp00,500,0.24,0.25,13439,0.012853349962316988
beam1000_lp00,500,0.25,0.26,21256,0.020329697656001927
beam1000_lp00,500,0.26,0.27,21023,0.020106851421816358
beam1000_lp00,500,0.27,0.28,22145,0.021179956463688497
beam1000_lp00,500,0.28,0.29,26514,0.025358562460069397
beam1000_lp00,500,0.29,0.3,25858,0.024731149886568396
beam1000_lp00,500,0.3,0.31,32301,0.030893374293682645
beam1000_lp00,500,0.31,0.32,30204,0.028887758186012524
beam1000_lp00,500,0.32,0.33,36339,0.034755404738495206
beam1000_lp00,500,0.33,0.34,31309,0.02994460406058357
beam1000_lp00,500,0.34,0.35000000000000003,31905,0.030514631337727773
beam1000_lp00,500,0.35000000000000003,0.36,35296,0.033757857003492854
beam1000_lp00,500,0.36,0.37,36500,0.03490938861705262
beam1000_lp00,500,0.37,0.38,33957,0.03247720847313029
beam1000_lp00,500,0.38,0.39,35270,0.03373299004173824
beam1000_lp00,500,0.39,0.4,28561,0.027316357487442183
beam1000_lp00,500,0.4,0.41000000000000003,38631,0.036947523059324916
beam1000_lp00,500,0.41000000000000003,0.42,31719,0.030336736919021695
beam1000_lp00,500,0.42,0.43,30900,0.02955342762375139
beam1000_lp00,500,0.43,0.44,30653,0.029317191487082568
beam1000_lp00,500,0.44,0.45,28701,0.027450256512274715
beam1000_lp00,500,0.45,0.46,28538,0.027294359790505412
beam1000_lp00,500,0.46,0.47000000000000003,27290,0.026100745626283995
beam1000_lp00,500,0.47000000000000003,0.48,25454,0.02434475555776595
beam1000_lp00,500,0.48,0.49,21327,0.02039760359002414
beam1000_lp00,500,0.49,0.5,15898,0.015205190691339793
beam1000_lp00,500,0.5,0.51,31375,0.03000772788657605
beam1000_lp00,500,0.51,0.52,15874,0.015182236572797074
beam1000_lp00,500,0.52,0.53,17835,0.01705777934205845
beam1000_lp00,500,0.53,0.54,16732,0.016002846310699297
beam1000_lp00,500,0.54,0.55,13934,0.013326778657260578
beam1000_lp00,500,0.55,0.56,13970,0.013361209835074658
beam1000_lp00,500,0.56,0.5700000000000001,12983,0.012417221710005318
beam1000_lp00,500,0.5700000000000001,0.58,10627,0.010163892406395017
beam1000_lp00,500,0.58,0.59,9859,0.009429360613027992
beam1000_lp00,500,0.59,0.6,8032,0.007681978338963468
beam1000_lp00,500,0.6,0.61,9672,0.00925050977271597
beam1000_lp00,500,0.61,0.62,7454,0.007129166650726306
beam1000_lp00,500,0.62,0.63,6800,0.0065036669204371995
beam1000_lp00,500,0.63,0.64,5797,0.005544376049672712
beam1000_lp00,500,0.64,0.65,5260,0.005030777647279363
beam1000_lp00,500,0.65,0.66,4604,0.004403365073778363
beam1000_lp00,500,0.66,0.67,4935,0.004719940625346703
beam1000_lp00,500,0.67,0.68,4047,0.0038706382392660805
beam1000_lp00,500,0.68,0.6900000000000001,3602,0.0034450306246198224
beam1000_lp00,500,0.6900000000000001,0.7000000000000001,2772,0.002651200691684105
beam1000_lp00,500,0.7000000000000001,0.71,3193,0.003053854187787644
beam1000_lp00,500,0.71,0.72,2243,0.002145253662138329
beam1000_lp00,500,0.72,0.73,2162,0.0020677835120566507
beam1000_lp00,500,0.73,0.74,1959,0.0018736299260494814
beam1000_lp00,500,0.74,0.75,1428,0.0013657700532918118
beam1000_lp00,500,0.75,0.76,1751,0.0016746942320125789
beam1000_lp00,500,0.76,0.77,1259,0.0012041348018868286
beam1000_lp00,500,0.77,0.78,1079,0.001031978912816432
beam1000_lp00,500,0.78,0.79,912,0.000872256504623342
beam1000_lp00,500,0.79,0.8,646,0.000617848357441534
beam1000_lp00,500,0.8,0.81,775,0.0007412267446086514
beam1000_lp00,500,0.81,0.8200000000000001,571,0.0005461167369955354
beam1000_lp00,500,0.8200000000000001,0.8300000000000001,546,0.0005222061968468692
beam1000_lp00,500,0.8300000000000001,0.84,457,0.0004370846739176177
beam1000_lp00,500,0.84,0.85,487,0.0004657773220960171
beam1000_lp00,500,0.85,0.86,356,0.0003404860917170063
beam1000_lp00,500,0.86,0.87,285,0.00027258015769479437
beam1000_lp00,500,0.87,0.88,206,0.00019702285082500928
beam1000_lp00,500,0.88,0.89,187,0.000178850840312023
beam1000_lp00,500,0.89,0.9,128,0.0001224219655611708
beam1000_lp00,500,0.9,0.91,101,9.659858220061134e-05
beam1000_lp00,500,0.91,0.92,84,8.033941489951835e-05
beam1000_lp00,500,0.92,0.93,86,8.225225811141164e-05
beam1000_lp00,500,0.93,0.9400000000000001,57,5.4516031538958874e-05
beam1000_lp00,500,0.9400000000000001,0.9500000000000001,44,4.208255066165247e-05
beam1000_lp00,500,0.9500000000000001,0.96,28,2.6779804966506116e-05
beam1000_lp00,500,0.96,0.97,17,1.6259167301092997e-05
beam1000_lp00,500,0.97,0.98,28,2.6779804966506116e-05
beam1000_lp00,500,0.98,0.99,9,8.607794453519823e-06
beam1000_lp00,500,0.99,1.0,25,2.3910540148666175e-05
beam1000_lp00,1000,0.0,0.01,54,5.14984130859375e-05
beam1000_lp00,1000,0.01,0.02,468,0.000446319580078125
beam1000_lp00,1000,0.02,0.03,809,0.0007715225219726562
beam1000_lp00,1000,0.03,0.04,442,0.0004215240478515625
beam1000_lp00,1000,0.04,0.05,318,0.0003032684326171875
beam1000_lp00,1000,0.05,0.06,682,0.0006504058837890625
beam1000_lp00,1000,0.06,0.07,831,0.0007925033569335938
beam1000_lp00,1000,0.07,0.08,541,0.0005159378051757812
beam1000_lp00,1000,0.08,0.09,741,0.0007066726684570312
beam1000_lp00,1000,0.09,0.1,814,0.0007762908935546875
beam1000_lp00,1000,0.1,0.11,1129,0.0010766983032226562
beam1000_lp00,1000,0.11,0.12,1248,0.001190185546875
beam1000_lp00,1000,0.12,0.13,1999,0.0019063949584960938
beam1000_lp00,1000,0.13,0.14,2317,0.0022096633911132812
beam1000_lp00,1000,0.14,0.15,2747,0.0026197433471679688
beam1000_lp00,1000,0.15,0.16,3326,0.0031719207763671875
beam1000_lp00,1000,0.16,0.17,4528,0.0043182373046875
beam1000_lp00,1000,0.17,0.18,5185,0.004944801330566406
beam1000_lp00,1000,0.18,0.19,7154,0.0068225860595703125
beam1000_lp00,1000,0.19,0.2,6913,0.006592750549316406
beam1000_lp00,1000,0.2,0.21,11566,0.011030197143554688
beam1000_lp00,1000,0.21,0.22,11885,0.011334419250488281
beam1000_lp00,1000,0.22,0.23,14827,0.014140129089355469
beam1000_lp00,1000,0.23,0.24,16327,0.015570640563964844
beam1000_lp00,1000,0.24,0.25,16425,0.015664100646972656
beam1000_lp00,1000,0.25,0.26,25420,0.024242401123046875
beam1000_lp00,1000,0.26,0.27,24431,0.023299217224121094
beam1000_lp00,1000,0.27,0.28,26108,0.024898529052734375
beam1000_lp00,1000,0.28,0.29,30787,0.02936077117919922
beam1000_lp00,1000,0.29,0.3,28920,0.02758026123046875
beam1000_lp00,1000,0.3,0.31,36064,0.034393310546875
beam1000_lp00,1000,0.31,0.32,33074,0.03154182434082031
beam1000_lp00,1000,0.32,0.33,39484,0.037654876708984375
beam1000_lp00,1000,0.33,0.34,33835,0.03226757049560547
beam1000_lp00,1000,0.34,0.35000000000000003,33807,0.032240867614746094
beam1000_lp00,1000,0.35000000000000003,0.36,36585,0.034890174865722656
beam1000_lp00,1000,0.36,0.37,37783,0.036032676696777344
beam1000_lp00,1000,0.37,0.38,34180,0.032596588134765625
beam1000_lp00,1000,0.38,0.39,35447,0.033804893493652344
beam1000_lp00,1000,0.39,0.4,28508,0.027187347412109375
beam1000_lp00,1000,0.4,0.41000000000000003,37919,0.036162376403808594
beam1000_lp00,1000,0.41000000000000003,0.42,31552,0.03009033203125
beam1000_lp00,1000,0.42,0.43,30005,0.02861499786376953
beam1000_lp00,1000,0.43,0.44,29575,0.028204917907714844
beam1000_lp00,1000,0.44,0.45,27466,0.026193618774414062
beam1000_lp00,1000,0.45,0.46,26604,0.025371551513671875
beam1000_lp00,1000,0.46,0.47000000000000003,24656,0.0235137939453125
beam1000_lp00,1000,0.47000000000000003,0.48,22848,0.02178955078125
beam1000_lp00,1000,0.48,0.49,19080,0.01819610595703125
beam1000_lp00,1000,0.49,0.5,14393,0.013726234436035156
beam1000_lp00,1000,0.5,0.51,27493,0.02621936798095703
beam1000_lp00,1000,0.51,0.52,13944,0.01329803466796875
beam1000_lp00,1000,0.52,0.53,15648,0.014923095703125
beam1000_lp00,1000,0.53,0.54,14345,0.013680458068847656
beam1000_lp00,1000,0.54,0.55,12060,0.011501312255859375
beam1000_lp00,1000,0.55,0.56,11728,0.0111846923828125
beam1000_lp00,1000,0.56,0.5700000000000001,10766,0.010267257690429688
beam1000_lp00,1000,0.5700000000000001,0.58,8874,0.008462905883789062
beam1000_lp00,1000,0.58,0.59,8339,0.007952690124511719
beam1000_lp00,1000,0.59,0.6,6503,0.006201744079589844
beam1000_lp00,1000,0.6,0.61,7867,0.007502555847167969
beam1000_lp00,1000,0.61,0.62,5973,0.005696296691894531
beam1000_lp00,1000,0.62,0.63,5393,0.005143165588378906
beam1000_lp00,1000,0.63,0.64,4792,0.00457000732421875
beam1000_lp00,1000,0.64,0.65,4024,0.00383758544921875
beam1000_lp00,1000,0.65,0.66,3563,0.0033979415893554688
beam1000_lp00,1000,0.66,0.67,3584,0.00341796875
beam1000_lp00,1000,0.67,0.68,3005,0.0028657913208007812
beam1000_lp00,1000,0.68,0.6900000000000001,2616,0.00249481201171875
beam1000_lp00,1000,0.6900000000000001,0.7000000000000001,2004,0.001911163330078125
beam1000_lp00,1000,0.7000000000000001,0.71,2218,0.0021152496337890625
beam1000_lp00,1000,0.71,0.72,1629,0.0015535354614257812
beam1000_lp00,1000,0.72,0.73,1558,0.0014858245849609375
beam1000_lp00,1000,0.73,0.74,1316,0.001255035400390625
beam1000_lp00,1000,0.74,0.75,941,0.0008974075317382812
beam1000_lp00,1000,0.75,0.76,1210,0.0011539459228515625
beam1000_lp00,1000,0.76,0.77,833,0.0007944107055664062
beam1000_lp00,1000,0.77,0.78,701,0.0006685256958007812
beam1000_lp00,1000,0.78,0.79,643,0.0006132125854492188
beam1000_lp00,1000,0.79,0.8,420,0.000400543212890625
beam1000_lp00,1000,0.8,0.81,521,0.0004968643188476562
beam1000_lp00,1000,0.81,0.8200000000000001,368,0.0003509521484375
beam1000_lp00,1000,0.8200000000000001,0.8300000000000001,387,0.00036907196044921875
beam1000_lp00,1000,0.8300000000000001,0.84,297,0.00028324127197265625
beam1000_lp00,1000,0.84,0.85,244,0.000232696533203125
beam1000_lp00,1000,0.85,0.86,237,0.00022602081298828125
beam1000_lp00,1000,0.86,0.87,177,0.00016880035400390625
beam1000_lp00,1000,0.87,0.88,111,0.00010585784912109375
beam1000_lp00,1000,0.88,0.89,122,0.0001163482666015625
beam1000_lp00,1000,0.89,0.9,68,6.4849853515625e-05
beam1000_lp00,1000,0.9,0.91,51,4.863739013671875e-05
beam1000_lp00,1000,0.91,0.92,37,3.528594970703125e-05
beam1000_lp00,1000,0.92,0.93,38,3.62396240234375e-05
beam1000_lp00,1000,0.93,0.9400000000000001,31,2.956390380859375e-05
beam1000_lp00,1000,0.9400000000000001,0.9500000000000001,21,2.002716064453125e-05
beam1000_lp00,1000,0.9500000000000001,0.96,25,2.384185791015625e-05
beam1000_lp00,1000,0.96,0.97,7,6.67572021484375e-06
beam1000_lp00,1000,0.97,0.98,15,1.430511474609375e-05
beam1000_lp00,1000,0.98,0.99,8,7.62939453125e-06
beam1000_lp00,1000,0.99,1.0,14,1.33514404296875e-05
beam1000_lp06,50,0.0,0.01,0,0.0
beam1000_lp06,50,0.01,0.02,0,0.0
beam1000_lp06,50,0.02,0.03,0,0.0
beam1000_lp06,50,0.03,0.04,0,0.0
beam1000_lp06,50,0.04,0.05,0,0.0
beam1000_lp06,50,0.05,0.06,0,0.0
beam1000_lp06,50,0.06,0.07,0,0.0
beam1000_lp06,50,0.07,0.08,1,4.57385402087507e-06
beam1000_lp06,50,0.08,0.09,1,4.57385402087507e-06
beam1000_lp06,50,0.09,0.1,6,2.7443124125250417e-05
beam1000_lp06,50,0.1,0.11,30,0.0001372156206262521
beam1000_lp06,50,0.11,0.12,66,0.0003018743653777546
beam1000_lp06,50,0.12,0.13,65,0.00029730051135687955
beam1000_lp06,50,0.13,0.14,108,0.0004939762342545075
beam1000_lp06,50,0.14,0.15,59,0.0002698573872316291
beam1000_lp06,50,0.15,0.16,100,0.000457385402087507
beam1000_lp06,50,0.16,0.17,132,0.0006037487307555093
beam1000_lp06,50,0.17,0.18,212,0.0009696570524255147
beam1000_lp06,50,0.18,0.19,187,0.000855310701903638
beam1000_lp06,50,0.19,0.2,226,0.0010336910087177659
beam1000_lp06,50,0.2,0.21,431,0.001971331082997155
beam1000_lp06,50,0.21,0.22,490,0.002241188470228784
beam1000_lp06,50,0.22,0.23,612,0.0027991986607755425
beam1000_lp06,50,0.23,0.24,760,0.003476129055865053
beam1000_lp06,50,0.24,0.25,823,0.0037642818591801823
beam1000_lp06,50,0.25,0.26,1558,0.007126064564523358
beam1000_lp06,50,0.26,0.27,1732,0.007921915164155621
beam1000_lp06,50,0.27,0.28,1851,0.008466203792639754
beam1000_lp06,50,0.28,0.29,2585,0.011823412643962056
beam1000_lp06,50,0.29,0.3,2588,0.01183713420602468
beam1000_lp06,50,0.3,0.31,3655,0.01671743644629838
beam1000_lp06,50,0.31,0.32,3645,0.01667169790608963
beam1000_lp06,50,0.32,0.33,4702,0.021506261606154577
beam1000_lp06,50,0.33,0.34,4430,0.02026217331247656
beam1000_lp06,50,0.34,0.35000000000000003,4769,0.02181270982555321
beam1000_lp06,50,0.35000000000000003,0.36,5288,0.02418654006238737
beam1000_lp06,50,0.36,0.37,6122,0.028001134315797177
beam1000_lp06,50,0.37,0.38,5691,0.026029803232800023
beam1000_lp06,50,0.38,0.39,6262,0.028641473878719688
beam1000_lp06,50,0.39,0.4,5367,0.024547874530036498
beam1000_lp06,50,0.4,0.41000000000000003,7459,0.03411637714170714
beam1000_lp06,50,0.41000000000000003,0.42,6476,0.029620278639186953
beam1000_lp06,50,0.42,0.43,6515,0.029798658946001078
beam1000_lp06,50,0.43,0.44,6734,0.030800332976572718
beam1000_lp06,50,0.44,0.45,6376,0.029162893237099443
beam1000_lp06,50,0.45,0.46,6717,0.030722577458217843
beam1000_lp06,50,0.46,0.47000000000000003,6543,0.029926726858585582
beam1000_lp06,50,0.47000000000000003,0.48,6565,0.03002735164704483
beam1000_lp06,50,0.48,0.49,5673,0.025947473860424272
beam1000_lp06,50,0.49,0.5,4449,0.020349076538873186
beam1000_lp06,50,0.5,0.51,8915,0.040775908596101244
beam1000_lp06,50,0.51,0.52,4863,0.022242652103515465
beam1000_lp06,50,0.52,0.53,5383,0.0246210561943705
beam1000_lp06,50,0.53,0.54,5256,0.024040176733719366
beam1000_lp06,50,0.54,0.55,4420,0.020216434772267807
beam1000_lp06,50,0.55,0.56,4773,0.021831005241636708
beam1000_lp06,50,0.56,0.5700000000000001,4604,0.02105802391210882
beam1000_lp06,50,0.5700000000000001,0.58,3779,0.01728459434488689
beam1000_lp06,50,0.58,0.59,3814,0.017444679235617516
beam1000_lp06,50,0.59,0.6,3033,0.013872499245314087
beam1000_lp06,50,0.6,0.61,3902,0.017847178389454522
beam1000_lp06,50,0.61,0.62,3158,0.01444423099792347
beam1000_lp06,50,0.62,0.63,3088,0.014124061216462215
beam1000_lp06,50,0.63,0.64,2726,0.01246832606090544
beam1000_lp06,50,0.64,0.65,2549,0.011658753899210552
beam1000_lp06,50,0.65,0.66,2301,0.010524438102033535
beam1000_lp06,50,0.66,0.67,2507,0.0114666520303338
beam1000_lp06,50,0.67,0.68,2292,0.01048327341584566
beam1000_lp06,50,0.68,0.6900000000000001,2120,0.009696570524255148
beam1000_lp06,50,0.6900000000000001,0.7000000000000001,1671,0.007642910068882241
beam1000_lp06,50,0.7000000000000001,0.71,1971,0.009015066275144763
beam1000_lp06,50,0.71,0.72,1452,0.006641236038310601
beam1000_lp06,50,0.72,0.73,1383,0.006325640110870221
beam1000_lp06,50,0.73,0.74,1328,0.0060740781397220925
beam1000_lp06,50,0.74,0.75,951,0.004349735173852192
beam1000_lp06,50,0.75,0.76,1143,0.005227915145860205
beam1000_lp06,50,0.76,0.77,872,0.003988400706203061
beam1000_lp06,50,0.77,0.78,791,0.00361791853051218
beam1000_lp06,50,0.78,0.79,638,0.0029181188653182944
beam1000_lp06,50,0.79,0.8,414,0.0018935755646422789
beam1000_lp06,50,0.8,0.81,608,0.0027809032446920426
beam1000_lp06,50,0.81,0.8200000000000001,438,0.0020033480611432804
beam1000_lp06,50,0.8200000000000001,0.8300000000000001,423,0.0019347402508301545
beam1000_lp06,50,0.8300000000000001,0.84,407,0.0018615585864961534
beam1000_lp06,50,0.84,0.85,496,0.0022686315943540344
beam1000_lp06,50,0.85,0.86,401,0.001834115462370903
beam1000_lp06,50,0.86,0.87,366,0.0016740305716402754
beam1000_lp06,50,0.87,0.88,254,0.0011617589213022677
beam1000_lp06,50,0.88,0.89,217,0.00099252632252989
beam1000_lp06,50,0.89,0.9,137,0.0006266180008598845
beam1000_lp06,50,0.9,0.91,159,0.0007272427893191361
beam1000_lp06,50,0.91,0.92,105,0.00048025467219188234
beam1000_lp06,50,0.92,0.93,146,0.0006677826870477602
beam1000_lp06,50,0.93,0.9400000000000001,74,0.00033846519754475516
beam1000_lp06,50,0.9400000000000001,0.9500000000000001,64,0.00029272665733600446
beam1000_lp06,50,0.9500000000000001,0.96,49,0.00022411884702287842
beam1000_lp06,50,0.96,0.97,15,6.860781031312605e-05
beam1000_lp06,50,0.97,0.98,50,0.0002286927010437535
beam1000_lp06,50,0.98,0.99,24,0.00010977249650100167
beam1000_lp06,50,0.99,1.0,43,0.000196675722897628
beam1000_lp06,100,0.0,0.01,0,0.0
beam1000_lp06,100,0.01,0.02,0,0.0
beam1000_lp06,100,0.02,0.03,0,0.0
beam1000_lp06,100,0.03,0.04,0,0.0
beam1000_lp06,100,0.04,0.05,0,0.0
beam1000_lp06,100,0.05,0.06,3,5.077568318681728e-06
beam1000_lp06,100,0.06,0.07,4,6.770091091575637e-06
beam1000_lp06,100,0.07,0.08,3,5.077568318681728e-06
beam1000_lp06,100,0.08,0.09,13,2.200279604762082e-05
beam1000_lp06,100,0.09,0.1,68,0.00011509154855678584
beam1000_lp06,100,0.1,0.11,121,0.00020479525552016302
beam1000_lp06,100,0.11,0.12,196,0.0003317344634872062
beam1000_lp06,100,0.12,0.13,264,0.00044682601204399205
beam1000_lp06,100,0.13,0.14,388,0.0006566988358828368
beam1000_lp06,100,0.14,0.15,354,0.0005991530616044439
beam1000_lp06,100,0.15,0.16,457,0.0007734829072125165
beam1000_lp06,100,0.16,0.17,634,0.0010730594380147385
beam1000_lp06,100,0.17,0.18,1034,0.0017500685471723023
beam1000_lp06,100,0.18,0.19,1055,0.0017856115254030742
beam1000_lp06,100,0.19,0.2,1196,0.0020242572363811154
beam1000_lp06,100,0.2,0.21,2128,0.0036016884607182388
beam1000_lp06,100,0.21,0.22,2235,0.0037827883974178873
beam1000_lp06,100,0.22,0.23,2913,0.004930318837439958
beam1000_lp06,100,0.23,0.24,3412,0.005774887701114019
beam1000_lp06,100,0.24,0.25,3637,0.0061557053250151485
beam1000_lp06,100,0.25,0.26,6244,0.01056811219394957
beam1000_lp06,100,0.26,0.27,6567,0.011114797049594302
beam1000_lp06,100,0.27,0.28,7257,0.0122826377628911
beam1000_lp06,100,0.28,0.29,9741,0.01648686433075957
beam1000_lp06,100,0.29,0.3,9729,0.016466554057484845
beam1000_lp06,100,0.3,0.31,12916,0.02186062413469773
beam1000_lp06,100,0.31,0.32,12826,0.02170829708513728
beam1000_lp06,100,0.32,0.33,16118,0.027280082053504028
beam1000_lp06,100,0.33,0.34,14622,0.02474806798525474
beam1000_lp06,100,0.34,0.35000000000000003,15342,0.025966684381738356
beam1000_lp06,100,0.35000000000000003,0.36,17306,0.029290799107701992
beam1000_lp06,100,0.36,0.37,18852,0.03190743931459598
beam1000_lp06,100,0.37,0.38,17817,0.03015567824465078
beam1000_lp06,100,0.38,0.39,18997,0.032152855116665595
beam1000_lp06,100,0.39,0.4,15954,0.027002508318749428
beam1000_lp06,100,0.4,0.41000000000000003,22215,0.03759939339983819
beam1000_lp06,100,0.41000000000000003,0.42,18680,0.031616325397658226
beam1000_lp06,100,0.42,0.43,18498,0.031308286252991535
beam1000_lp06,100,0.43,0.44,18580,0.03144707312036883
beam1000_lp06,100,0.44,0.45,17600,0.029788400802932803
beam1000_lp06,100,0.45,0.46,18394,0.03113226388461057
beam1000_lp06,100,0.46,0.47000000000000003,17455,0.029542985000863185
beam1000_lp06,100,0.47000000000000003,0.48,17137,0.029004762759082925
beam1000_lp06,100,0.48,0.49,14564,0.024649901664426894
beam1000_lp06,100,0.49,0.5,11248,0.019037496149510693
beam1000_lp06,100,0.5,0.51,22357,0.03783973163358913
beam1000_lp06,100,0.51,0.52,11768,0.019917607991415523
beam1000_lp06,100,0.52,0.53,13211,0.022359918352701437
beam1000_lp06,100,0.53,0.54,12298,0.020814645061049297
beam1000_lp06,100,0.54,0.55,10705,0.0181184562838293
beam1000_lp06,100,0.55,0.56,11086,0.01876330746030188
beam1000_lp06,100,0.56,0.5700000000000001,10168,0.01720957155478527
beam1000_lp06,100,0.5700000000000001,0.58,8595,0.01454723323302315
beam1000_lp06,100,0.58,0.59,8372,0.01416980065466781
beam1000_lp06,100,0.59,0.6,6622,0.011207885802103468
beam1000_lp06,100,0.6,0.61,8309,0.014063171719975492
beam1000_lp06,100,0.61,0.62,6582,0.011140184891187711
beam1000_lp06,100,0.62,0.63,6367,0.01077629249501552
beam1000_lp06,100,0.63,0.64,5528,0.00935626588855753
beam1000_lp06,100,0.64,0.65,5179,0.008765575440817555
beam1000_lp06,100,0.65,0.66,4547,0.007695901048348605
beam1000_lp06,100,0.66,0.67,4943,0.008366140066414594
beam1000_lp06,100,0.67,0.68,4406,0.007457255337370564
beam1000_lp06,100,0.68,0.6900000000000001,4089,0.006920725618363195
beam1000_lp06,100,0.6900000000000001,0.7000000000000001,3208,0.005429613055443661
beam1000_lp06,100,0.7000000000000001,0.71,3733,0.006318187511212964
beam1000_lp06,100,0.71,0.72,2691,0.00455457878185751
beam1000_lp06,100,0.72,0.73,2590,0.0043836339817952255
beam1000_lp06,100,0.73,0.74,2374,0.004018049062850141
beam1000_lp06,100,0.74,0.75,1748,0.0029585298070185532
beam1000_lp06,100,0.75,0.76,2174,0.003679544508271359
beam1000_lp06,100,0.76,0.77,1602,0.0027114214821760425
beam1000_lp06,100,0.77,0.78,1375,0.002327218812729125
beam1000_lp06,100,0.78,0.79,1145,0.0019379385749635262
beam1000_lp06,100,0.79,0.8,833,0.0014098714698206265
beam1000_lp06,100,0.8,0.81,1069,0.001809306844223589
beam1000_lp06,100,0.81,0.8200000000000001,779,0.0013184752400843553
beam1000_lp06,100,0.8200000000000001,0.8300000000000001,800,0.0013540182183151275
beam1000_lp06,100,0.8300000000000001,0.84,694,0.001174610804388373
beam1000_lp06,100,0.84,0.85,759,0.0012846247846264771
beam1000_lp06,100,0.85,0.86,684,0.001157685576659434
beam1000_lp06,100,0.86,0.87,588,0.0009952033904616186
beam1000_lp06,100,0.87,0.88,397,0.000671931540838882
beam1000_lp06,100,0.88,0.89,337,0.0005703801744652475
beam1000_lp06,100,0.89,0.9,212,0.0003588148278535088
beam1000_lp06,100,0.9,0.91,241,0.00040789798826743214
beam1000_lp06,100,0.91,0.92,194,0.0003283494179414184
beam1000_lp06,100,0.92,0.93,203,0.00034358212289746357
beam1000_lp06,100,0.93,0.9400000000000001,123,0.00020818030106595084
beam1000_lp06,100,0.9400000000000001,0.9500000000000001,89,0.00015063452678755793
beam1000_lp06,100,0.9500000000000001,0.96,76,0.0001286317307399371
beam1000_lp06,100,0.96,0.97,33,5.5853251505499006e-05
beam1000_lp06,100,0.97,0.98,76,0.0001286317307399371
beam1000_lp06,100,0.98,0.99,37,6.262334259707464e-05
beam1000_lp06,100,0.99,1.0,64,0.0001083214574652102
beam1000_lp06,250,0.0,0.01,1,1.029912786985198e-06
beam1000_lp06,250,0.01,0.02,0,0.0
beam1000_lp06,250,0.02,0.03,7,7.209389508896387e-06
beam1000_lp06,250,0.03,0.04,1,1.029912786985198e-06
beam1000_lp06,250,0.04,0.05,10,1.0299127869851981e-05
beam1000_lp06,250,0.05,0.06,5,5.1495639349259904e-06
beam1000_lp06,250,0.06,0.07,48,4.943581377528951e-05
beam1000_lp06,250,0.07,0.08,38,3.913668590543753e-05
beam1000_lp06,250,0.08,0.09,66,6.797424394102307e-05
beam1000_lp06,250,0.09,0.1,137,0.00014109805181697214
beam1000_lp06,250,0.1,0.11,320,0.0003295720918352634
beam1000_lp06,250,0.11,0.12,441,0.00045419153906047237
beam1000_lp06,250,0.12,0.13,667,0.0006869518289191271
beam1000_lp06,250,0.13,0.14,926,0.0009536992407482934
beam1000_lp06,250,0.14,0.15,1004,0.001034032438133139
beam1000_lp06,250,0.15,0.16,1405,0.0014470274657142033
beam1000_lp06,250,0.16,0.17,1883,0.001939325777893128
beam1000_lp06,250,0.17,0.18,2462,0.0025356452815575577
beam1000_lp06,250,0.18,0.19,3249,0.0033461866449149085
beam1000_lp06,250,0.19,0.2,3396,0.0034975838246017327
beam1000_lp06,250,0.2,0.21,5886,0.006062066664194876
beam1000_lp06,250,0.21,0.22,6147,0.006330873901598012
beam1000_lp06,250,0.22,0.23,7815,0.008048768430289323
beam1000_lp06,250,0.23,0.24,8655,0.00891389517135689
beam1000_lp06,250,0.24,0.25,9425,0.009706928017335493
beam1000_lp06,250,0.25,0.26,14964,0.015411614944446504
beam1000_lp06,250,0.26,0.27,15379,0.015839028751045363
beam1000_lp06,250,0.27,0.28,16732,0.017232500751836334
beam1000_lp06,250,0.28,0.29,20803,0.021425275707653076
beam1000_lp06,250,0.29,0.3,20522,0.021135870214510234
beam1000_lp06,250,0.3,0.31,26046,0.02682510844981647
beam1000_lp06,250,0.31,0.32,25353,0.02611137888843573
beam1000_lp06,250,0.32,0.33,31033,0.03196128351851165
beam1000_lp06,250,0.33,0.34,27231,0.02804555510239393
beam1000_lp06,250,0.34,0.35000000000000003,28029,0.02886742550640812
beam1000_lp06,250,0.35000000000000003,0.36,31231,0.03216520625033472
beam1000_lp06,250,0.36,0.37,33291,0.03428682659152423
beam1000_lp06,250,0.37,0.38,31185,0.032117830262133405
beam1000_lp06,250,0.38,0.39,32678,0.033655490053102304
beam1000_lp06,250,0.39,0.4,26823,0.02762535068530397
beam1000_lp06,250,0.4,0.41000000000000003,36597,0.0376917182652973
beam1000_lp06,250,0.41000000000000003,0.42,30846,0.03176868982734542
beam1000_lp06,250,0.42,0.43,30093,0.030993165498745565
beam1000_lp06,250,0.43,0.44,29926,0.03082117006331904
beam1000_lp06,250,0.44,0.45,28282,0.029127993441515374
beam1000_lp06,250,0.45,0.46,28679,0.029536868817948495
beam1000_lp06,250,0.46,0.47000000000000003,27249,0.02806409353255966
beam1000_lp06,250,0.47000000000000003,0.48,25822,0.026594407985531785
beam1000_lp06,250,0.48,0.49,21728,0.022377945035614383
beam1000_lp06,250,0.49,0.5,16558,0.01705329592690091
beam1000_lp06,250,0.5,0.51,32905,0.033889280255747944
beam1000_lp06,250,0.51,0.52,16726,0.017226321275114424
beam1000_lp06,250,0.52,0.53,19459,0.02004107292194497
beam1000_lp06,250,0.53,0.54,17863,0.018397332113916594
beam1000_lp06,250,0.54,0.55,15418,0.015879195349737783
beam1000_lp06,250,0.55,0.56,15295,0.015752516076938606
beam1000_lp06,250,0.56,0.5700000000000001,14198,0.014622701749615842
beam1000_lp06,250,0.5700000000000001,0.58,11761,0.012112804287732915
beam1000_lp06,250,0.58,0.59,11260,0.01159681798145333
beam1000_lp06,250,0.59,0.6,8850,0.009114728164819003
beam1000_lp06,250,0.6,0.61,11164,0.011497946353902751
beam1000_lp06,250,0.61,0.62,8826,0.009090010257931358
beam1000_lp06,250,0.62,0.63,7949,0.00818677674374534
beam1000_lp06,250,0.63,0.64,6890,0.007096099102328015
beam1000_lp06,250,0.64,0.65,6467,0.006660445993433276
beam1000_lp06,250,0.65,0.66,5720,0.005891101141555333
beam1000_lp06,250,0.66,0.67,6076,0.006257750093722063
beam1000_lp06,250,0.67,0.68,5277,0.005434849776920891
beam1000_lp06,250,0.68,0.6900000000000001,4669,0.00480866280243389
beam1000_lp06,250,0.6900000000000001,0.7000000000000001,3619,0.0037272543760994317
beam1000_lp06,250,0.7000000000000001,0.71,4186,0.00431121492632004
beam1000_lp06,250,0.71,0.72,3113,0.0032061185058849216
beam1000_lp06,250,0.72,0.73,2960,0.0030485418494761865
beam1000_lp06,250,0.73,0.74,2587,0.0026643843799307077
beam1000_lp06,250,0.74,0.75,1876,0.0019321163883842317
beam1000_lp06,250,0.75,0.76,2426,0.0024985684212260905
beam1000_lp06,250,0.76,0.77,1759,0.0018116165923069635
beam1000_lp06,250,0.77,0.78,1541,0.0015870956047441902
beam1000_lp06,250,0.78,0.79,1264,0.0013018097627492903
beam1000_lp06,250,0.79,0.8,866,0.0008919044735291816
beam1000_lp06,250,0.8,0.81,1126,0.001159681798145333
beam1000_lp06,250,0.81,0.8200000000000001,852,0.0008774856945113887
beam1000_lp06,250,0.8200000000000001,0.8300000000000001,901,0.0009279514210736635
beam1000_lp06,250,0.8300000000000001,0.84,652,0.0006715031371143491
beam1000_lp06,250,0.84,0.85,670,0.0006900415672800827
beam1000_lp06,250,0.85,0.86,573,0.0005901400269425185
beam1000_lp06,250,0.86,0.87,471,0.0004850889226700283
beam1000_lp06,250,0.87,0.88,322,0.0003316319174092338
beam1000_lp06,250,0.88,0.89,302,0.0003110336616695298
beam1000_lp06,250,0.89,0.9,191,0.00019671334231417283
beam1000_lp06,250,0.9,0.91,168,0.00017302534821351327
beam1000_lp06,250,0.91,0.92,133,0.00013697840066903135
beam1000_lp06,250,0.92,0.93,177,0.00018229456329638005
beam1000_lp06,250,0.93,0.9400000000000001,86,8.857249968072703e-05
beam1000_lp06,250,0.9400000000000001,0.9500000000000001,81,8.342293574580105e-05
beam1000_lp06,250,0.9500000000000001,0.96,55,5.6645203284185896e-05
beam1000_lp06,250,0.96,0.97,30,3.0897383609555944e-05
beam1000_lp06,250,0.97,0.98,52,5.3555464923230304e-05
beam1000_lp06,250,0.98,0.99,21,2.162816852668916e-05
beam1000_lp06,250,0.99,1.0,49,5.0465726562274705e-05
beam1000_lp06,500,0.0,0.01,1,9.585834437301932e-07
beam1000_lp06,500,0.01,0.02,23,2.2047419205794444e-05
beam1000_lp06,500,0.02,0.03,39,3.7384754305477536e-05
beam1000_lp06,500,0.03,0.04,1,9.585834437301932e-07
beam1000_lp06,500,0.04,0.05,9,8.627250993571739e-06
beam1000_lp06,500,0.05,0.06,18,1.7254501987143477e-05
beam1000_lp06,500,0.06,0.07,60,5.7515006623811594e-05
beam1000_lp06,500,0.07,0.08,61,5.847359006754179e-05
beam1000_lp06,500,0.08,0.09,115,0.00011023709602897223
beam1000_lp06,500,0.09,0.1,225,0.00021568127483929348
beam1000_lp06,500,0.1,0.11,385,0.0003690546258361244
beam1000_lp06,500,0.11,0.12,594,0.0005693985655757348
beam1000_lp06,500,0.12,0.13,975,0.0009346188576369385
beam1000_lp06,500,0.13,0.14,1178,0.0011292112967141677
beam1000_lp06,500,0.14,0.15,1512,0.0014493781669200523
beam1000_lp06,500,0.15,0.16,2018,0.00193442138944753
beam1000_lp06,500,0.16,0.17,2609,0.0025009442046920742
beam1000_lp06,500,0.17,0.18,3494,0.003349290552393295
beam1000_lp06,500,0.18,0.19,4465,0.004280075076255313
beam1000_lp06,500,0.19,0.2,4664,0.004470833181557622
beam1000_lp06,500,0.2,0.21,8430,0.00808085843064553
beam1000_lp06,500,0.21,0.22,8528,0.008174799608131089
beam1000_lp06,500,0.22,0.23,10896,0.010444725202884185
beam1000_lp06,500,0.23,0.24,12074,0.011573936499598354
beam1000_lp06,500,0.24,0.25,12863,0.012330258836701476
beam1000_lp06,500,0.25,0.26,20580,0.019727647271967377
beam1000_lp06,500,0.26,0.27,20547,0.01969601401832428
beam1000_lp06,500,0.27,0.28,21933,0.021024610671334328
beam1000_lp06,500,0.28,0.29,26605,0.025503112520441792
beam1000_lp06,500,0.29,0.3,25600,0.024539736159492946
beam1000_lp06,500,0.3,0.31,32254,0.030918150394073654
beam1000_lp06,500,0.31,0.32,30210,0.028958805835089137
beam1000_lp06,500,0.32,0.33,36549,0.03503526628489483
beam1000_lp06,500,0.33,0.34,31429,0.030127319052996246
beam1000_lp06,500,0.34,0.35000000000000003,32245,0.03090952314308008
beam1000_lp06,500,0.35000000000000003,0.36,35621,0.03414570084911321
beam1000_lp06,500,0.36,0.37,37204,0.03566313844053811
beam1000_lp06,500,0.37,0.38,34332,0.032910086790144996
beam1000_lp06,500,0.38,0.39,36020,0.03452817564316156
beam1000_lp06,500,0.39,0.4,29185,0.027976257805265692
beam1000_lp06,500,0.4,0.41000000000000003,39568,0.037929229701516284
beam1000_lp06,500,0.41000000000000003,0.42,32847,0.03148659037620566
beam1000_lp06,500,0.42,0.43,31512,0.030206881478825852
beam1000_lp06,500,0.43,0.44,31389,0.030088975715247036
beam1000_lp06,500,0.44,0.45,29366,0.028149761408580855
beam1000_lp06,500,0.45,0.46,29043,0.027840138956256002
beam1000_lp06,500,0.46,0.47000000000000003,27585,0.026442524295297382
beam1000_lp06,500,0.47000000000000003,0.48,25260,0.02421381778862468
beam1000_lp06,500,0.48,0.49,21341,0.020457129272646056
beam1000_lp06,500,0.49,0.5,16244,0.01557122945995326
beam1000_lp06,500,0.5,0.51,31945,0.030621948109961022
beam1000_lp06,500,0.51,0.52,16356,0.01567859080565104
beam1000_lp06,500,0.52,0.53,18419,0.01765614845006643
beam1000_lp06,500,0.53,0.54,16963,0.01626045095599527
beam1000_lp06,500,0.54,0.55,14515,0.013913838685743755
beam1000_lp06,500,0.55,0.56,14342,0.013748003749978432
beam1000_lp06,500,0.56,0.5700000000000001,13472,0.012914036153933163
beam1000_lp06,500,0.5700000000000001,0.58,11080,0.010621104556530541
beam1000_lp06,500,0.58,0.59,10251,0.009826438881678211
beam1000_lp06,500,0.59,0.6,8146,0.007808620732626155
beam1000_lp06,500,0.6,0.61,9966,0.009553242600215107
beam1000_lp06,500,0.61,0.62,7549,0.007236346416719229
beam1000_lp06,500,0.62,0.63,6965,0.006676533685580796
beam1000_lp06,500,0.63,0.64,6088,0.005835856005429417
beam1000_lp06,500,0.64,0.65,5381,0.00515813751071217
beam1000_lp06,500,0.65,0.66,4740,0.004543685523281116
beam1000_lp06,500,0.66,0.67,4919,0.00471527195970882
beam1000_lp06,500,0.67,0.68,4193,0.0040193403795607
beam1000_lp06,500,0.68,0.6900000000000001,3674,0.00352183557226473
beam1000_lp06,500,0.6900000000000001,0.7000000000000001,2860,0.002741548649068353
beam1000_lp06,500,0.7000000000000001,0.71,3243,0.0031086861080170166
beam1000_lp06,500,0.71,0.72,2311,0.0022152863384604766
beam1000_lp06,500,0.72,0.73,2154,0.002064788737794836
beam1000_lp06,500,0.73,0.74,2021,0.0019372971397787207
beam1000_lp06,500,0.74,0.75,1371,0.001314217901354095
beam1000_lp06,500,0.75,0.76,1778,0.0017043613629522836
beam1000_lp06,500,0.76,0.77,1328,0.0012729988132736967
beam1000_lp06,500,0.77,0.78,1175,0.001126335546382977
beam1000_lp06,500,0.78,0.79,984,0.0009432461086305102
beam1000_lp06,500,0.79,0.8,647,0.0006202034880934351
beam1000_lp06,500,0.8,0.81,775,0.0007429021688908998
beam1000_lp06,500,0.81,0.8200000000000001,606,0.0005809015669004971
beam1000_lp06,500,0.8200000000000001,0.8300000000000001,660,0.0006326650728619276
beam1000_lp06,500,0.8300000000000001,0.84,467,0.00044765846822200026
beam1000_lp06,500,0.84,0.85,469,0.00044957563510946065
beam1000_lp06,500,0.85,0.86,347,0.0003326284549743771
beam1000_lp06,500,0.86,0.87,285,0.00027319628146310507
beam1000_lp06,500,0.87,0.88,236,0.0002262256927203256
beam1000_lp06,500,0.88,0.89,204,0.00019555102252095943
beam1000_lp06,500,0.89,0.9,120,0.00011503001324762319
beam1000_lp06,500,0.9,0.91,106,0.00010160984503540048
beam1000_lp06,500,0.91,0.92,99,9.489976092928913e-05
beam1000_lp06,500,0.92,0.93,77,7.381092516722488e-05
beam1000_lp06,500,0.93,0.9400000000000001,53,5.080492251770024e-05
beam1000_lp06,500,0.9400000000000001,0.9500000000000001,34,3.259183708682657e-05
beam1000_lp06,500,0.9500000000000001,0.96,35,3.3550420530556764e-05
beam1000_lp06,500,0.96,0.97,20,1.9171668874603867e-05
beam1000_lp06,500,0.97,0.98,27,2.588175298071522e-05
beam1000_lp06,500,0.98,0.99,17,1.6295918543413286e-05
beam1000_lp06,500,0.99,1.0,27,2.588175298071522e-05
beam1000_lp06,1000,0.0,0.01,53,5.054473876953125e-05
beam1000_lp06,1000,0.01,0.02,457,0.00043582916259765625
beam1000_lp06,1000,0.02,0.03,837,0.0007982254028320312
beam1000_lp06,1000,0.03,0.04,475,0.00045299530029296875
beam1000_lp06,1000,0.04,0.05,285,0.00027179718017578125
beam1000_lp06,1000,0.05,0.06,674,0.0006427764892578125
beam1000_lp06,1000,0.06,0.07,860,0.000820159912109375
beam1000_lp06,1000,0.07,0.08,484,0.000461578369140625
beam1000_lp06,1000,0.08,0.09,710,0.0006771087646484375
beam1000_lp06,1000,0.09,0.1,784,0.0007476806640625
beam1000_lp06,1000,0.1,0.11,1197,0.0011415481567382812
beam1000_lp06,1000,0.11,0.12,1243,0.0011854171752929688
beam1000_lp06,1000,0.12,0.13,2002,0.0019092559814453125
beam1000_lp06,1000,0.13,0.14,2232,0.00212860107421875
beam1000_lp06,1000,0.14,0.15,2724,0.002597808837890625
beam1000_lp06,1000,0.15,0.16,3355,0.0031995773315429688
beam1000_lp06,1000,0.16,0.17,4436,0.004230499267578125
beam1000_lp06,1000,0.17,0.18,5447,0.005194664001464844
beam1000_lp06,1000,0.18,0.19,6889,0.006569862365722656
beam1000_lp06,1000,0.19,0.2,6641,0.006333351135253906
beam1000_lp06,1000,0.2,0.21,11734,0.011190414428710938
beam1000_lp06,1000,0.21,0.22,11864,0.01131439208984375
beam1000_lp06,1000,0.22,0.23,14776,0.01409149169921875
beam1000_lp06,1000,0.23,0.24,15839,0.015105247497558594
beam1000_lp06,1000,0.24,0.25,16325,0.015568733215332031
beam1000_lp06,1000,0.25,0.26,25595,0.02440929412841797
beam1000_lp06,1000,0.26,0.27,24849,0.023697853088378906
beam1000_lp06,1000,0.27,0.28,25873,0.024674415588378906
beam1000_lp06,1000,0.28,0.29,30669,0.02924823760986328
beam1000_lp06,1000,0.29,0.3,29029,0.02768421173095703
beam1000_lp06,1000,0.3,0.31,36138,0.03446388244628906
beam1000_lp06,1000,0.31,0.32,33481,0.031929969787597656
beam1000_lp06,1000,0.32,0.33,39978,0.03812599182128906
beam1000_lp06,1000,0.33,0.34,33368,0.03182220458984375
beam1000_lp06,1000,0.34,0.35000000000000003,33866,0.03229713439941406
beam1000_lp06,1000,0.35000000000000003,0.36,36969,0.035256385803222656
beam1000_lp06,1000,0.36,0.37,38043,0.03628063201904297
beam1000_lp06,1000,0.37,0.38,34276,0.032688140869140625
beam1000_lp06,1000,0.38,0.39,35621,0.03397083282470703
beam1000_lp06,1000,0.39,0.4,28231,0.026923179626464844
beam1000_lp06,1000,0.4,0.41000000000000003,37717,0.03596973419189453
beam1000_lp06,1000,0.41000000000000003,0.42,31272,0.02982330322265625
beam1000_lp06,1000,0.42,0.43,29906,0.028520584106445312
beam1000_lp06,1000,0.43,0.44,29134,0.027784347534179688
beam1000_lp06,1000,0.44,0.45,27280,0.0260162353515625
beam1000_lp06,1000,0.45,0.46,26779,0.02553844451904297
beam1000_lp06,1000,0.46,0.47000000000000003,24891,0.02373790740966797
beam1000_lp06,1000,0.47000000000000003,0.48,22916,0.021854400634765625
beam1000_lp06,1000,0.48,0.49,19022,0.018140792846679688
beam1000_lp06,1000,0.49,0.5,14378,0.013711929321289062
beam1000_lp06,1000,0.5,0.51,27627,0.02634716033935547
beam1000_lp06,1000,0.51,0.52,13989,0.013340950012207031
beam1000_lp06,1000,0.52,0.53,15427,0.014712333679199219
beam1000_lp06,1000,0.53,0.54,14577,0.013901710510253906
beam1000_lp06,1000,0.54,0.55,12044,0.011486053466796875
beam1000_lp06,1000,0.55,0.56,11567,0.011031150817871094
beam1000_lp06,1000,0.56,0.5700000000000001,10740,0.010242462158203125
beam1000_lp06,1000,0.5700000000000001,0.58,8921,0.008507728576660156
beam1000_lp06,1000,0.58,0.59,8302,0.007917404174804688
beam1000_lp06,1000,0.59,0.6,6536,0.00623321533203125
beam1000_lp06,1000,0.6,0.61,7921,0.007554054260253906
beam1000_lp06,1000,0.61,0.62,6010,0.0057315826416015625
beam1000_lp06,1000,0.62,0.63,5496,0.00524139404296875
beam1000_lp06,1000,0.63,0.64,4595,0.004382133483886719
beam1000_lp06,1000,0.64,0.65,4197,0.004002571105957031
beam1000_lp06,1000,0.65,0.66,3478,0.0033168792724609375
beam1000_lp06,1000,0.66,0.67,3631,0.0034627914428710938
beam1000_lp06,1000,0.67,0.68,3025,0.0028848648071289062
beam1000_lp06,1000,0.68,0.6900000000000001,2607,0.0024862289428710938
beam1000_lp06,1000,0.6900000000000001,0.7000000000000001,2046,0.0019512176513671875
beam1000_lp06,1000,0.7000000000000001,0.71,2203,0.0021009445190429688
beam1000_lp06,1000,0.71,0.72,1577,0.0015039443969726562
beam1000_lp06,1000,0.72,0.73,1503,0.0014333724975585938
beam1000_lp06,1000,0.73,0.74,1292,0.001232147216796875
beam1000_lp06,1000,0.74,0.75,916,0.000873565673828125
beam1000_lp06,1000,0.75,0.76,1207,0.0011510848999023438
beam1000_lp06,1000,0.76,0.77,895,0.0008535385131835938
beam1000_lp06,1000,0.77,0.78,780,0.000743865966796875
beam1000_lp06,1000,0.78,0.79,644,0.000614166259765625
beam1000_lp06,1000,0.79,0.8,405,0.00038623809814453125
beam1000_lp06,1000,0.8,0.81,552,0.00052642822265625
beam1000_lp06,1000,0.81,0.8200000000000001,420,0.000400543212890625
beam1000_lp06,1000,0.8200000000000001,0.8300000000000001,377,0.00035953521728515625
beam1000_lp06,1000,0.8300000000000001,0.84,297,0.00028324127197265625
beam1000_lp06,1000,0.84,0.85,245,0.00023365020751953125
beam1000_lp06,1000,0.85,0.86,213,0.00020313262939453125
beam1000_lp06,1000,0.86,0.87,141,0.00013446807861328125
beam1000_lp06,1000,0.87,0.88,103,9.822845458984375e-05
beam1000_lp06,1000,0.88,0.89,109,0.00010395050048828125
beam1000_lp06,1000,0.89,0.9,60,5.7220458984375e-05
beam1000_lp06,1000,0.9,0.91,68,6.4849853515625e-05
beam1000_lp06,1000,0.91,0.92,52,4.9591064453125e-05
beam1000_lp06,1000,0.92,0.93,54,5.14984130859375e-05
beam1000_lp06,1000,0.93,0.9400000000000001,26,2.47955322265625e-05
beam1000_lp06,1000,0.9400000000000001,0.9500000000000001,30,2.86102294921875e-05
beam1000_lp06,1000,0.9500000000000001,0.96,23,2.193450927734375e-05
beam1000_lp06,1000,0.96,0.97,10,9.5367431640625e-06
beam1000_lp06,1000,0.97,0.98,14,1.33514404296875e-05
beam1000_lp06,1000,0.98,0.99,10,9.5367431640625e-06
beam1000_lp06,1000,0.99,1.0,10,9.5367431640625e-06
hybrid_b500_s500_t100,50,0.0,0.01,0,0.0
hybrid_b500_s500_t100,50,0.01,0.02,0,0.0
hybrid_b500_s500_t100,50,0.02,0.03,1,1.2983977771430056e-05
hybrid_b500_s500_t100,50,0.03,0.04,4,5.1935911085720224e-05
hybrid_b500_s500_t100,50,0.04,0.05,0,0.0
hybrid_b500_s500_t100,50,0.05,0.06,1,1.2983977771430056e-05
hybrid_b500_s500_t100,50,0.06,0.07,28,0.00036355137760004156
hybrid_b500_s500_t100,50,0.07,0.08,7,9.088784440001039e-05
hybrid_b500_s500_t100,50,0.08,0.09,9,0.0001168557999428705
hybrid_b500_s500_t100,50,0.09,0.1,7,9.088784440001039e-05
hybrid_b500_s500_t100,50,0.1,0.11,19,0.0002466955776571711
hybrid_b500_s500_t100,50,0.11,0.12,23,0.00029863148874289126
hybrid_b500_s500_t100,50,0.12,0.13,34,0.00044145524422862186
hybrid_b500_s500_t100,50,0.13,0.14,46,0.0005972629774857825
hybrid_b500_s500_t100,50,0.14,0.15,37,0.00048040717754291204
hybrid_b500_s500_t100,50,0.15,0.16,50,0.0006491988885715028
hybrid_b500_s500_t100,50,0.16,0.17,54,0.000701134799657223
hybrid_b500_s500_t100,50,0.17,0.18,77,0.0009997662884001144
hybrid_b500_s500_t100,50,0.18,0.19,72,0.000934846399542964
hybrid_b500_s500_t100,50,0.19,0.2,70,0.0009088784440001038
hybrid_b500_s500_t100,50,0.2,0.21,146,0.001895660754628788
hybrid_b500_s500_t100,50,0.21,0.22,202,0.002622763509828871
hybrid_b500_s500_t100,50,0.22,0.23,203,0.002635747487600301
hybrid_b500_s500_t100,50,0.23,0.24,267,0.0034667220649718246
hybrid_b500_s500_t100,50,0.24,0.25,312,0.004051001064686178
hybrid_b500_s500_t100,50,0.25,0.26,548,0.00711521981874367
hybrid_b500_s500_t100,50,0.26,0.27,619,0.008037082240515204
hybrid_b500_s500_t100,50,0.27,0.28,558,0.0072450595964579706
hybrid_b500_s500_t100,50,0.28,0.29,832,0.010802669505829806
hybrid_b500_s500_t100,50,0.29,0.3,785,0.010192422550572594
hybrid_b500_s500_t100,50,0.3,0.31,1052,0.013659144615544419
hybrid_b500_s500_t100,50,0.31,0.32,1072,0.013918824170973019
hybrid_b500_s500_t100,50,0.32,0.33,1432,0.018593056168687838
hybrid_b500_s500_t100,50,0.33,0.34,1302,0.016905139058401932
hybrid_b500_s500_t100,50,0.34,0.35000000000000003,1463,0.018995559479602173
hybrid_b500_s500_t100,50,0.35000000000000003,0.36,1629,0.02115089978965956
hybrid_b500_s500_t100,50,0.36,0.37,1766,0.022929704744345476
hybrid_b500_s500_t100,50,0.37,0.38,1754,0.022773897011088316
hybrid_b500_s500_t100,50,0.38,0.39,1950,0.025318756654288607
hybrid_b500_s500_t100,50,0.39,0.4,1649,0.021410579345088162
hybrid_b500_s500_t100,50,0.4,0.41000000000000003,2241,0.029097094185774754
hybrid_b500_s500_t100,50,0.41000000000000003,0.42,1959,0.02543561245423148
hybrid_b500_s500_t100,50,0.42,0.43,2020,0.026227635098288713
hybrid_b500_s500_t100,50,0.43,0.44,2129,0.027642888675374587
hybrid_b500_s500_t100,50,0.44,0.45,2011,0.02611077929834584
hybrid_b500_s500_t100,50,0.45,0.46,2201,0.02857773507491755
hybrid_b500_s500_t100,50,0.46,0.47000000000000003,2105,0.027331273208860266
hybrid_b500_s500_t100,50,0.47000000000000003,0.48,2220,0.02882443065257472
hybrid_b500_s500_t100,50,0.48,0.49,1994,0.02589005167623153
hybrid_b500_s500_t100,50,0.49,0.5,1490,0.019346126879430783
hybrid_b500_s500_t100,50,0.5,0.51,3125,0.04057493053571892
hybrid_b500_s500_t100,50,0.51,0.52,1759,0.022838816899945467
hybrid_b500_s500_t100,50,0.52,0.53,1951,0.025331740632060038
hybrid_b500_s500_t100,50,0.53,0.54,1853,0.024059310810459894
hybrid_b500_s500_t100,50,0.54,0.55,1571,0.020397829078916616
hybrid_b500_s500_t100,50,0.55,0.56,1719,0.022319457789088264
hybrid_b500_s500_t100,50,0.56,0.5700000000000001,1785,0.02317640032200265
hybrid_b500_s500_t100,50,0.5700000000000001,0.58,1407,0.01826845672440209
hybrid_b500_s500_t100,50,0.58,0.59,1474,0.019138383235087902
hybrid_b500_s500_t100,50,0.59,0.6,1150,0.014931574437144563
hybrid_b500_s500_t100,50,0.6,0.61,1528,0.019839518034745124
hybrid_b500_s500_t100,50,0.61,0.62,1293,0.01678828325845906
hybrid_b500_s500_t100,50,0.62,0.63,1307,0.016970058947259083
hybrid_b500_s500_t100,50,0.63,0.64,1154,0.014983510348230283
hybrid_b500_s500_t100,50,0.64,0.65,1101,0.014295359526344491
hybrid_b500_s500_t100,50,0.65,0.66,1031,0.013386481082344387
hybrid_b500_s500_t100,50,0.66,0.67,1047,0.013594224726687268
hybrid_b500_s500_t100,50,0.67,0.68,1065,0.013827936326573009
hybrid_b500_s500_t100,50,0.68,0.6900000000000001,998,0.012958009815887196
hybrid_b500_s500_t100,50,0.6900000000000001,0.7000000000000001,787,0.010218390506115454
hybrid_b500_s500_t100,50,0.7000000000000001,0.71,927,0.01203614739411566
hybrid_b500_s500_t100,50,0.71,0.72,634,0.008231841907086654
hybrid_b500_s500_t100,50,0.72,0.73,636,0.008257809862629514
hybrid_b500_s500_t100,50,0.73,0.74,654,0.008491521462515255
hybrid_b500_s500_t100,50,0.74,0.75,439,0.005699966241657794
hybrid_b500_s500_t100,50,0.75,0.76,576,0.007478771196343712
hybrid_b500_s500_t100,50,0.76,0.77,417,0.005414318730686333
hybrid_b500_s500_t100,50,0.77,0.78,356,0.004622296086629099
hybrid_b500_s500_t100,50,0.78,0.79,287,0.0037264016204004258
hybrid_b500_s500_t100,50,0.79,0.8,185,0.00240203588771456
hybrid_b500_s500_t100,50,0.8,0.81,300,0.0038951933314290165
hybrid_b500_s500_t100,50,0.81,0.8200000000000001,220,0.002856475109714612
hybrid_b500_s500_t100,50,0.8200000000000001,0.8300000000000001,215,0.002791555220857462
hybrid_b500_s500_t100,50,0.8300000000000001,0.84,204,0.0026487314653717313
hybrid_b500_s500_t100,50,0.84,0.85,273,0.003544625931600405
hybrid_b500_s500_t100,50,0.85,0.86,199,0.002583811576514581
hybrid_b500_s500_t100,50,0.86,0.87,213,0.002765587265314602
hybrid_b500_s500_t100,50,0.87,0.88,141,0.0018307408657716377
hybrid_b500_s500_t100,50,0.88,0.89,123,0.0015970292658858969
hybrid_b500_s500_t100,50,0.89,0.9,72,0.000934846399542964
hybrid_b500_s500_t100,50,0.9,0.91,77,0.0009997662884001144
hybrid_b500_s500_t100,50,0.91,0.92,65,0.0008439585551429536
hybrid_b500_s500_t100,50,0.92,0.93,86,0.0011166220883429847
hybrid_b500_s500_t100,50,0.93,0.9400000000000001,42,0.0005453270664000623
hybrid_b500_s500_t100,50,0.9400000000000001,0.9500000000000001,31,0.00040250331091433173
hybrid_b500_s500_t100,50,0.9500000000000001,0.96,25,0.0003245994442857514
hybrid_b500_s500_t100,50,0.96,0.97,11,0.0001428237554857306
hybrid_b500_s500_t100,50,0.97,0.98,19,0.0002466955776571711
hybrid_b500_s500_t100,50,0.98,0.99,14,0.00018177568880002078
hybrid_b500_s500_t100,50,0.99,1.0,22,0.0002856475109714612
hybrid_b500_s500_t100,100,0.0,0.01,0,0.0
hybrid_b500_s500_t100,100,0.01,0.02,3,1.2308146762341995e-05
hybrid_b500_s500_t100,100,0.02,0.03,36,0.00014769776114810393
hybrid_b500_s500_t100,100,0.03,0.04,7,2.871900911213132e-05
hybrid_b500_s500_t100,100,0.04,0.05,4,1.6410862349789325e-05
hybrid_b500_s500_t100,100,0.05,0.06,1,4.102715587447331e-06
hybrid_b500_s500_t100,100,0.06,0.07,53,0.00021744392613470855
hybrid_b500_s500_t100,100,0.07,0.08,21,8.615702733639395e-05
hybrid_b500_s500_t100,100,0.08,0.09,18,7.384888057405196e-05
hybrid_b500_s500_t100,100,0.09,0.1,30,0.00012308146762341995
hybrid_b500_s500_t100,100,0.1,0.11,62,0.0002543683664217345
hybrid_b500_s500_t100,100,0.11,0.12,96,0.0003938606963949438
hybrid_b500_s500_t100,100,0.12,0.13,121,0.0004964285860811271
hybrid_b500_s500_t100,100,0.13,0.14,177,0.0007261806589781777
hybrid_b500_s500_t100,100,0.14,0.15,134,0.0005497638887179424
hybrid_b500_s500_t100,100,0.15,0.16,175,0.000717975227803283
hybrid_b500_s500_t100,100,0.16,0.17,234,0.0009600354474626756
hybrid_b500_s500_t100,100,0.17,0.18,371,0.00152210748294296
hybrid_b500_s500_t100,100,0.18,0.19,377,0.001546723776467644
hybrid_b500_s500_t100,100,0.19,0.2,371,0.00152210748294296
hybrid_b500_s500_t100,100,0.2,0.21,651,0.0026708678474282126
hybrid_b500_s500_t100,100,0.21,0.22,755,0.003097550268522735
hybrid_b500_s500_t100,100,0.22,0.23,904,0.0037088548910523874
hybrid_b500_s500_t100,100,0.23,0.24,1142,0.004685301200864853
hybrid_b500_s500_t100,100,0.24,0.25,1241,0.005091470044022138
hybrid_b500_s500_t100,100,0.25,0.26,2198,0.009017768861209235
hybrid_b500_s500_t100,100,0.26,0.27,2458,0.01008447491394554
hybrid_b500_s500_t100,100,0.27,0.28,2540,0.010420897592116223
hybrid_b500_s500_t100,100,0.28,0.29,3419,0.014027184593482426
hybrid_b500_s500_t100,100,0.29,0.3,3445,0.014133855198756057
hybrid_b500_s500_t100,100,0.3,0.31,4496,0.0184458092811632
hybrid_b500_s500_t100,100,0.31,0.32,4506,0.018486836437037676
hybrid_b500_s500_t100,100,0.32,0.33,5764,0.023648052646046417
hybrid_b500_s500_t100,100,0.33,0.34,5326,0.021851063218744488
hybrid_b500_s500_t100,100,0.34,0.35000000000000003,5717,0.023455225013436394
hybrid_b500_s500_t100,100,0.35000000000000003,0.36,6238,0.025592739834496454
hybrid_b500_s500_t100,100,0.36,0.37,6938,0.028464640745709584
hybrid_b500_s500_t100,100,0.37,0.38,6591,0.02704099843686536
hybrid_b500_s500_t100,100,0.38,0.39,7109,0.02916620511116308
hybrid_b500_s500_t100,100,0.39,0.4,6077,0.024932202624917434
hybrid_b500_s500_t100,100,0.4,0.41000000000000003,8252,0.03385560902761538
hybrid_b500_s500_t100,100,0.41000000000000003,0.42,7188,0.029490319642571417
hybrid_b500_s500_t100,100,0.42,0.43,7021,0.028805166139467715
hybrid_b500_s500_t100,100,0.43,0.44,7373,0.030249322026249175
hybrid_b500_s500_t100,100,0.44,0.45,6976,0.028620543938032584
hybrid_b500_s500_t100,100,0.45,0.46,7256,0.029769304302517837
hybrid_b500_s500_t100,100,0.46,0.47000000000000003,7048,0.02891593946032879
hybrid_b500_s500_t100,100,0.47000000000000003,0.48,6984,0.02865336566273216
hybrid_b500_s500_t100,100,0.48,0.49,6318,0.025920957081492238
hybrid_b500_s500_t100,100,0.49,0.5,4715,0.01934430399481417
hybrid_b500_s500_t100,100,0.5,0.51,9507,0.03900451708986178
hybrid_b500_s500_t100,100,0.51,0.52,5244,0.021514640540573806
hybrid_b500_s500_t100,100,0.52,0.53,5681,0.02330752725228829
hybrid_b500_s500_t100,100,0.53,0.54,5612,0.023024439876754423
hybrid_b500_s500_t100,100,0.54,0.55,4590,0.01883146454638325
hybrid_b500_s500_t100,100,0.55,0.56,5045,0.020698200138671786
hybrid_b500_s500_t100,100,0.56,0.5700000000000001,4769,0.019565850636536323
hybrid_b500_s500_t100,100,0.5700000000000001,0.58,3972,0.0162959863133408
hybrid_b500_s500_t100,100,0.58,0.59,4022,0.016501122092713167
hybrid_b500_s500_t100,100,0.59,0.6,3161,0.012968683971921014
hybrid_b500_s500_t100,100,0.6,0.61,4017,0.01648060851477593
hybrid_b500_s500_t100,100,0.61,0.62,3297,0.013526653291813852
hybrid_b500_s500_t100,100,0.62,0.63,3229,0.013247668631867432
hybrid_b500_s500_t100,100,0.63,0.64,2827,0.011598376965713605
hybrid_b500_s500_t100,100,0.64,0.65,2715,0.011138872819919505
hybrid_b500_s500_t100,100,0.65,0.66,2432,0.00997780430867191
hybrid_b500_s500_t100,100,0.66,0.67,2617,0.010736806692349667
hybrid_b500_s500_t100,100,0.67,0.68,2389,0.009801387538411675
hybrid_b500_s500_t100,100,0.68,0.6900000000000001,2185,0.008964433558572418
hybrid_b500_s500_t100,100,0.6900000000000001,0.7000000000000001,1727,0.007085389819521541
hybrid_b500_s500_t100,100,0.7000000000000001,0.71,2026,0.008312101780168293
hybrid_b500_s500_t100,100,0.71,0.72,1480,0.00607201906942205
hybrid_b500_s500_t100,100,0.72,0.73,1400,0.005743801822426264
hybrid_b500_s500_t100,100,0.73,0.74,1356,0.005563282336578581
hybrid_b500_s500_t100,100,0.74,0.75,975,0.004000147697761148
hybrid_b500_s500_t100,100,0.75,0.76,1195,0.004902745126999561
hybrid_b500_s500_t100,100,0.76,0.77,879,0.003606287001366204
hybrid_b500_s500_t100,100,0.77,0.78,802,0.0032903779011327597
hybrid_b500_s500_t100,100,0.78,0.79,633,0.002597018966854161
hybrid_b500_s500_t100,100,0.79,0.8,419,0.001719037831140432
hybrid_b500_s500_t100,100,0.8,0.81,627,0.002572402673329477
hybrid_b500_s500_t100,100,0.81,0.8200000000000001,447,0.0018339138675889572
hybrid_b500_s500_t100,100,0.8200000000000001,0.8300000000000001,434,0.0017805785649521418
hybrid_b500_s500_t100,100,0.8300000000000001,0.84,410,0.001682113390853406
hybrid_b500_s500_t100,100,0.84,0.85,502,0.00205956322489856
hybrid_b500_s500_t100,100,0.85,0.86,403,0.0016533943817412745
hybrid_b500_s500_t100,100,0.86,0.87,374,0.001534415629705302
hybrid_b500_s500_t100,100,0.87,0.88,260,0.0010667060527363062
hybrid_b500_s500_t100,100,0.88,0.89,227,0.0009313164383505442
hybrid_b500_s500_t100,100,0.89,0.9,146,0.0005989964757673104
hybrid_b500_s500_t100,100,0.9,0.91,167,0.0006851535031037043
hybrid_b500_s500_t100,100,0.91,0.92,110,0.00045129871461920646
hybrid_b500_s500_t100,100,0.92,0.93,159,0.0006523317784041257
hybrid_b500_s500_t100,100,0.93,0.9400000000000001,79,0.0003241145314083392
hybrid_b500_s500_t100,100,0.9400000000000001,0.9500000000000001,69,0.00028308737553386584
hybrid_b500_s500_t100,100,0.9500000000000001,0.96,50,0.00020513577937236656
hybrid_b500_s500_t100,100,0.96,0.97,20,8.205431174894663e-05
hybrid_b500_s500_t100,100,0.97,0.98,47,0.00019282763261002457
hybrid_b500_s500_t100,100,0.98,0.99,25,0.00010256788968618328
hybrid_b500_s500_t100,100,0.99,1.0,45,0.00018462220143512992
hybrid_b500_s500_t100,250,0.0,0.01,46,6.353933430115711e-05
hybrid_b500_s500_t100,250,0.01,0.02,104,0.00014365414711565956
hybrid_b500_s500_t100,250,0.02,0.03,180,0.00024863217770017997
hybrid_b500_s500_t100,250,0.03,0.04,35,4.834514566392389e-05
hybrid_b500_s500_t100,250,0.04,0.05,19,2.624450764613011e-05
hybrid_b500_s500_t100,250,0.05,0.06,150,0.00020719348141681664
hybrid_b500_s500_t100,250,0.06,0.07,244,0.0003370347297713551
hybrid_b500_s500_t100,250,0.07,0.08,144,0.00019890574216014398
hybrid_b500_s500_t100,250,0.08,0.09,137,0.0001892367130273592
hybrid_b500_s500_t100,250,0.09,0.1,222,0.00030664635249688866
hybrid_b500_s500_t100,250,0.1,0.11,488,0.0006740694595427102
hybrid_b500_s500_t100,250,0.11,0.12,461,0.0006367746328876831
hybrid_b500_s500_t100,250,0.12,0.13,705,0.0009738093626590383
hybrid_b500_s500_t100,250,0.13,0.14,842,0.0011630460756863975
hybrid_b500_s500_t100,250,0.14,0.15,757,0.0010456364362168681
hybrid_b500_s500_t100,250,0.15,0.16,951,0.0013136066721826177
hybrid_b500_s500_t100,250,0.16,0.17,1282,0.0017708136211757263
hybrid_b500_s500_t100,250,0.17,0.18,1630,0.002251502498062741
hybrid_b500_s500_t100,250,0.18,0.19,1962,0.0027100907369319617
hybrid_b500_s500_t100,250,0.19,0.2,2029,0.002802637158631473
hybrid_b500_s500_t100,250,0.2,0.21,3546,0.004898053900693545
hybrid_b500_s500_t100,250,0.21,0.22,3583,0.004949161626109694
hybrid_b500_s500_t100,250,0.22,0.23,4730,0.006533501114010285
hybrid_b500_s500_t100,250,0.23,0.24,5291,0.007308404734509179
hybrid_b500_s500_t100,250,0.24,0.25,5575,0.007700691059325019
hybrid_b500_s500_t100,250,0.25,0.26,9488,0.01310567834455171
hybrid_b500_s500_t100,250,0.26,0.27,9781,0.013510396278252557
hybrid_b500_s500_t100,250,0.27,0.28,10491,0.014491112090292156
hybrid_b500_s500_t100,250,0.28,0.29,13429,0.01854934174630954
hybrid_b500_s500_t100,250,0.29,0.3,13226,0.01826893990145878
hybrid_b500_s500_t100,250,0.3,0.31,17357,0.02397504837967791
hybrid_b500_s500_t100,250,0.31,0.32,16884,0.02332169826827688
hybrid_b500_s500_t100,250,0.32,0.33,20834,0.02877779327891972
hybrid_b500_s500_t100,250,0.33,0.34,18851,0.026038695454589405
hybrid_b500_s500_t100,250,0.34,0.35000000000000003,19376,0.026763872639548263
hybrid_b500_s500_t100,250,0.35000000000000003,0.36,21479,0.029668725249012033
hybrid_b500_s500_t100,250,0.36,0.37,23565,0.0325500959305819
hybrid_b500_s500_t100,250,0.37,0.38,21824,0.03014527025627071
hybrid_b500_s500_t100,250,0.38,0.39,23426,0.032358096637802314
hybrid_b500_s500_t100,250,0.39,0.4,19618,0.027098144789567395
hybrid_b500_s500_t100,250,0.4,0.41000000000000003,26601,0.03674369199445827
hybrid_b500_s500_t100,250,0.41000000000000003,0.42,22620,0.031244776997655953
hybrid_b500_s500_t100,250,0.42,0.43,21905,0.030257154736235792
hybrid_b500_s500_t100,250,0.43,0.44,22288,0.03078618875878673
hybrid_b500_s500_t100,250,0.44,0.45,21021,0.029036094485752686
hybrid_b500_s500_t100,250,0.45,0.46,21740,0.030029241906677294
hybrid_b500_s500_t100,250,0.46,0.47000000000000003,20523,0.028348212127448855
hybrid_b500_s500_t100,250,0.47000000000000003,0.48,20027,0.027663092348897248
hybrid_b500_s500_t100,250,0.48,0.49,17225,0.023792718116031113
hybrid_b500_s500_t100,250,0.49,0.5,13112,0.018111472855582
hybrid_b500_s500_t100,250,0.5,0.51,26066,0.03600470191073828
hybrid_b500_s500_t100,250,0.51,0.52,13756,0.0190010235357982
hybrid_b500_s500_t100,250,0.52,0.53,15281,0.021107490596869168
hybrid_b500_s500_t100,250,0.53,0.54,14324,0.01978559618542988
hybrid_b500_s500_t100,250,0.54,0.55,12305,0.016996771925559526
hybrid_b500_s500_t100,250,0.55,0.56,12927,0.01785593422850126
hybrid_b500_s500_t100,250,0.56,0.5700000000000001,11657,0.016101696085838876
hybrid_b500_s500_t100,250,0.5700000000000001,0.58,9849,0.013604323989828181
hybrid_b500_s500_t100,250,0.58,0.59,9621,0.01328938989807462
hybrid_b500_s500_t100,250,0.59,0.6,7481,0.010333429563194703
hybrid_b500_s500_t100,250,0.6,0.61,9470,0.013080815126781692
hybrid_b500_s500_t100,250,0.61,0.62,7627,0.010535097885107071
hybrid_b500_s500_t100,250,0.62,0.63,7140,0.009862409715440473
hybrid_b500_s500_t100,250,0.63,0.64,6158,0.00850598305709838
hybrid_b500_s500_t100,250,0.64,0.65,5844,0.008072258035999176
hybrid_b500_s500_t100,250,0.65,0.66,5048,0.006972751294613937
hybrid_b500_s500_t100,250,0.66,0.67,5450,0.007528029824811005
hybrid_b500_s500_t100,250,0.67,0.68,4853,0.006703399768772075
hybrid_b500_s500_t100,250,0.68,0.6900000000000001,4412,0.006094250933406634
hybrid_b500_s500_t100,250,0.6900000000000001,0.7000000000000001,3499,0.004833133276516277
hybrid_b500_s500_t100,250,0.7000000000000001,0.71,3977,0.005493389837297865
hybrid_b500_s500_t100,250,0.71,0.72,2928,0.004044416757256261
hybrid_b500_s500_t100,250,0.72,0.73,2763,0.0038165039276977625
hybrid_b500_s500_t100,250,0.73,0.74,2543,0.0035126201549530982
hybrid_b500_s500_t100,250,0.74,0.75,1854,0.0025609114303118538
hybrid_b500_s500_t100,250,0.75,0.76,2297,0.003172822845429519
hybrid_b500_s500_t100,250,0.76,0.77,1703,0.002352336659018925
hybrid_b500_s500_t100,250,0.77,0.78,1450,0.002002870320362561
hybrid_b500_s500_t100,250,0.78,0.79,1209,0.0016699794602195422
hybrid_b500_s500_t100,250,0.79,0.8,852,0.0011768589744475186
hybrid_b500_s500_t100,250,0.8,0.81,1092,0.0015083685447144252
hybrid_b500_s500_t100,250,0.81,0.8200000000000001,830,0.0011464705971730522
hybrid_b500_s500_t100,250,0.8200000000000001,0.8300000000000001,888,0.0012265854099875546
hybrid_b500_s500_t100,250,0.8300000000000001,0.84,733,0.0010124854791901774
hybrid_b500_s500_t100,250,0.84,0.85,803,0.001109175770518025
hybrid_b500_s500_t100,250,0.85,0.86,737,0.0010180106386946258
hybrid_b500_s500_t100,250,0.86,0.87,608,0.0008398242446761635
hybrid_b500_s500_t100,250,0.87,0.88,414,0.000571854008710414
hybrid_b500_s500_t100,250,0.88,0.89,361,0.000498645645276472
hybrid_b500_s500_t100,250,0.89,0.9,223,0.00030802764237300076
hybrid_b500_s500_t100,250,0.9,0.91,231,0.00031907796138189767
hybrid_b500_s500_t100,250,0.91,0.92,164,0.0002265315396823862
hybrid_b500_s500_t100,250,0.92,0.93,214,0.00029559603348799175
hybrid_b500_s500_t100,250,0.93,0.9400000000000001,128,0.00017680510414235022
hybrid_b500_s500_t100,250,0.9400000000000001,0.9500000000000001,88,0.00012155350909786577
hybrid_b500_s500_t100,250,0.9500000000000001,0.96,84,0.00011602834959341732
hybrid_b500_s500_t100,250,0.96,0.97,29,4.005740640725122e-05
hybrid_b500_s500_t100,250,0.97,0.98,85,0.00011740963946952944
hybrid_b500_s500_t100,250,0.98,0.99,35,4.834514566392389e-05
hybrid_b500_s500_t100,250,0.99,1.0,66,9.116513182339932e-05
hybrid_b500_s500_t100,500,0.0,0.01,44,4.510807998482728e-05
hybrid_b500_s500_t100,500,0.01,0.02,193,0.00019786044175162877
hybrid_b500_s500_t100,500,0.02,0.03,430,0.0004408289634880848
hybrid_b500_s500_t100,500,0.03,0.04,198,0.00020298635993172277
hybrid_b500_s500_t100,500,0.04,0.05,58,5.9460650889090506e-05
hybrid_b500_s500_t100,500,0.05,0.06,501,0.0005136170016454198
hybrid_b500_s500_t100,500,0.06,0.07,567,0.0005812791216226607
hybrid_b500_s500_t100,500,0.07,0.08,285,0.0002921773362653585
hybrid_b500_s500_t100,500,0.08,0.09,401,0.00041109863804353954
hybrid_b500_s500_t100,500,0.09,0.1,499,0.0005115666343733821
hybrid_b500_s500_t100,500,0.1,0.11,742,0.000760686257925951
hybrid_b500_s500_t100,500,0.11,0.12,798,0.0008180965415430039
hybrid_b500_s500_t100,500,0.12,0.13,1189,0.0012189433432263554
hybrid_b500_s500_t100,500,0.13,0.14,1427,0.0014629370485988303
hybrid_b500_s500_t100,500,0.14,0.15,1539,0.001577757615832936
hybrid_b500_s500_t100,500,0.15,0.16,1876,0.0019232445011712724
hybrid_b500_s500_t100,500,0.16,0.17,2446,0.0025075991737019895
hybrid_b500_s500_t100,500,0.17,0.18,2901,0.002974057728090544
hybrid_b500_s500_t100,500,0.18,0.19,3678,0.003770625413277153
hybrid_b500_s500_t100,500,0.19,0.2,3900,0.003998216180473327
hybrid_b500_s500_t100,500,0.2,0.21,6691,0.006859503708601803
hybrid_b500_s500_t100,500,0.21,0.22,6894,0.00706761598671362
hybrid_b500_s500_t100,500,0.22,0.23,8410,0.008621794378918123
hybrid_b500_s500_t100,500,0.23,0.24,9618,0.009860216211228836
hybrid_b500_s500_t100,500,0.24,0.25,10164,0.010419966476495103
hybrid_b500_s500_t100,500,0.25,0.26,16063,0.016467524745370013
hybrid_b500_s500_t100,500,0.26,0.27,16041,0.0164449707053776
hybrid_b500_s500_t100,500,0.27,0.28,17335,0.01777155833038593
hybrid_b500_s500_t100,500,0.28,0.29,21416,0.02195533274897866
hybrid_b500_s500_t100,500,0.29,0.3,21104,0.021635475454540795
hybrid_b500_s500_t100,500,0.3,0.31,26764,0.027438014834407214
hybrid_b500_s500_t100,500,0.31,0.32,25523,0.02616576194210788
hybrid_b500_s500_t100,500,0.32,0.33,31008,0.03178889418567101
hybrid_b500_s500_t100,500,0.33,0.34,27246,0.027932153346968275
hybrid_b500_s500_t100,500,0.34,0.35000000000000003,27780,0.028479601408602315
hybrid_b500_s500_t100,500,0.35000000000000003,0.36,30949,0.0317284083511459
hybrid_b500_s500_t100,500,0.36,0.37,33077,0.03390999912859391
hybrid_b500_s500_t100,500,0.37,0.38,30231,0.030992326500484398
hybrid_b500_s500_t100,500,0.38,0.39,32371,0.03318621948156464
hybrid_b500_s500_t100,500,0.39,0.4,26333,0.02699616068728311
hybrid_b500_s500_t100,500,0.4,0.41000000000000003,35939,0.03684407469487972
hybrid_b500_s500_t100,500,0.41000000000000003,0.42,30443,0.031209665431320387
hybrid_b500_s500_t100,500,0.42,0.43,29514,0.03025726983345892
hybrid_b500_s500_t100,500,0.43,0.44,29176,0.029910757764484562
hybrid_b500_s500_t100,500,0.44,0.45,27913,0.028615950832192816
hybrid_b500_s500_t100,500,0.45,0.46,28133,0.028841491232116954
hybrid_b500_s500_t100,500,0.46,0.47000000000000003,26884,0.027561036870729468
hybrid_b500_s500_t100,500,0.47000000000000003,0.48,25627,0.026272381040253836
hybrid_b500_s500_t100,500,0.48,0.49,21371,0.021909199485357814
hybrid_b500_s500_t100,500,0.49,0.5,16496,0.016911429259766155
hybrid_b500_s500_t100,500,0.5,0.51,32346,0.033160589890664165
hybrid_b500_s500_t100,500,0.51,0.52,16685,0.01710518896697371
hybrid_b500_s500_t100,500,0.52,0.53,18955,0.01943235582073639
hybrid_b500_s500_t100,500,0.53,0.54,17495,0.01793558771214894
hybrid_b500_s500_t100,500,0.54,0.55,14911,0.015286513196676354
hybrid_b500_s500_t100,500,0.55,0.56,14984,0.015361351602105727
hybrid_b500_s500_t100,500,0.56,0.5700000000000001,13969,0.014320790211546643
hybrid_b500_s500_t100,500,0.5700000000000001,0.58,11556,0.011847022097833275
hybrid_b500_s500_t100,500,0.58,0.59,11108,0.011387739828896851
hybrid_b500_s500_t100,500,0.59,0.6,8871,0.009094404035122792
hybrid_b500_s500_t100,500,0.6,0.61,10884,0.01115809869442864
hybrid_b500_s500_t100,500,0.61,0.62,8734,0.008953953876988215
hybrid_b500_s500_t100,500,0.62,0.63,7955,0.00815533582452957
hybrid_b500_s500_t100,500,0.63,0.64,6930,0.007104522597610297
hybrid_b500_s500_t100,500,0.64,0.65,6370,0.006530419761439768
hybrid_b500_s500_t100,500,0.65,0.66,5604,0.005745129096249366
hybrid_b500_s500_t100,500,0.66,0.67,5942,0.006091641165223721
hybrid_b500_s500_t100,500,0.67,0.68,5295,0.005428347352719556
hybrid_b500_s500_t100,500,0.68,0.6900000000000001,4526,0.004639981136621097
hybrid_b500_s500_t100,500,0.6900000000000001,0.7000000000000001,3602,0.0036927114569397243
hybrid_b500_s500_t100,500,0.7000000000000001,0.71,4138,0.004242209885845802
hybrid_b500_s500_t100,500,0.71,0.72,3043,0.003119633804405214
hybrid_b500_s500_t100,500,0.72,0.73,2827,0.0028981941390251527
hybrid_b500_s500_t100,500,0.73,0.74,2556,0.0026203693736640576
hybrid_b500_s500_t100,500,0.74,0.75,1823,0.0018689097684622758
hybrid_b500_s500_t100,500,0.75,0.76,2283,0.0023404942410309246
hybrid_b500_s500_t100,500,0.76,0.77,1651,0.001692578183067042
hybrid_b500_s500_t100,500,0.77,0.78,1428,0.001463962232234849
hybrid_b500_s500_t100,500,0.78,0.79,1218,0.0012486736686709006
hybrid_b500_s500_t100,500,0.79,0.8,809,0.0008293735615392107
hybrid_b500_s500_t100,500,0.8,0.81,1061,0.0010877198378159488
hybrid_b500_s500_t100,500,0.81,0.8200000000000001,791,0.0008109202560908723
hybrid_b500_s500_t100,500,0.8200000000000001,0.8300000000000001,871,0.0008929349469723764
hybrid_b500_s500_t100,500,0.8300000000000001,0.84,658,0.0006745708325003716
hybrid_b500_s500_t100,500,0.84,0.85,706,0.0007237796470292741
hybrid_b500_s500_t100,500,0.85,0.86,536,0.0005494984289060778
hybrid_b500_s500_t100,500,0.86,0.87,444,0.000455181534392348
hybrid_b500_s500_t100,500,0.87,0.88,354,0.0003629150071506559
hybrid_b500_s500_t100,500,0.88,0.89,283,0.00029012696899332095
hybrid_b500_s500_t100,500,0.89,0.9,197,0.00020196117629570396
hybrid_b500_s500_t100,500,0.9,0.91,179,0.00018350787084736554
hybrid_b500_s500_t100,500,0.91,0.92,137,0.00014045015813457585
hybrid_b500_s500_t100,500,0.92,0.93,166,0.0001701804835791211
hybrid_b500_s500_t100,500,0.93,0.9400000000000001,84,8.611542542557935e-05
hybrid_b500_s500_t100,500,0.9400000000000001,0.9500000000000001,77,7.893913997344775e-05
hybrid_b500_s500_t100,500,0.9500000000000001,0.96,60,6.15110181611281e-05
hybrid_b500_s500_t100,500,0.96,0.97,32,3.280587635260166e-05
hybrid_b500_s500_t100,500,0.97,0.98,46,4.7158447256864883e-05
hybrid_b500_s500_t100,500,0.98,0.99,26,2.665477453648885e-05
hybrid_b500_s500_t100,500,0.99,1.0,43,4.408289634880848e-05
hybrid_b500_s500_t100,1000,0.0,0.01,49,4.68646586913857e-05
hybrid_b500_s500_t100,1000,0.01,0.02,420,0.00040169707449759176
hybrid_b500_s500_t100,1000,0.02,0.03,785,0.0007507909606681178
hybrid_b500_s500_t100,1000,0.03,0.04,377,0.0003605709454418859
hybrid_b500_s500_t100,1000,0.04,0.05,186,0.00017789441870607635
hybrid_b500_s500_t100,1000,0.05,0.06,678,0.0006484538488318267
hybrid_b500_s500_t100,1000,0.06,0.07,796,0.000761311598333531
hybrid_b500_s500_t100,1000,0.07,0.08,488,0.0004667337437019637
hybrid_b500_s500_t100,1000,0.08,0.09,634,0.0006063712981701742
hybrid_b500_s500_t100,1000,0.09,0.1,709,0.0006781029186161727
hybrid_b500_s500_t100,1000,0.1,0.11,882,0.0008435638564449426
hybrid_b500_s500_t100,1000,0.11,0.12,976,0.0009334674874039274
hybrid_b500_s500_t100,1000,0.12,0.13,1637,0.0015656621689346612
hybrid_b500_s500_t100,1000,0.13,0.14,1830,0.001750251538882364
hybrid_b500_s500_t100,1000,0.14,0.15,2152,0.0020582192959971842
hybrid_b500_s500_t100,1000,0.15,0.16,2759,0.002638767210806799
hybrid_b500_s500_t100,1000,0.16,0.17,3516,0.0033627783665084107
hybrid_b500_s500_t100,1000,0.17,0.18,4196,0.004013145058552131
hybrid_b500_s500_t100,1000,0.18,0.19,5362,0.0051283326510859215
hybrid_b500_s500_t100,1000,0.19,0.2,5349,0.005115899170208615
hybrid_b500_s500_t100,1000,0.2,0.21,9428,0.009017142900864987
hybrid_b500_s500_t100,1000,0.21,0.22,9411,0.009000883733563895
hybrid_b500_s500_t100,1000,0.22,0.23,11901,0.011382373532371046
hybrid_b500_s500_t100,1000,0.23,0.24,13034,0.012465999211908597
hybrid_b500_s500_t100,1000,0.24,0.25,13562,0.012970989819848426
hybrid_b500_s500_t100,1000,0.25,0.26,21095,0.020175713777444516
hybrid_b500_s500_t100,1000,0.26,0.27,21085,0.02016614956138505
hybrid_b500_s500_t100,1000,0.27,0.28,22619,0.021633300304907208
hybrid_b500_s500_t100,1000,0.28,0.29,27312,0.026121786901614822
hybrid_b500_s500_t100,1000,0.29,0.3,26015,0.024881308078702022
hybrid_b500_s500_t100,1000,0.3,0.31,32343,0.030933544001132404
hybrid_b500_s500_t100,1000,0.31,0.32,30209,0.028892540294042257
hybrid_b500_s500_t100,1000,0.32,0.33,36568,0.03497442528625699
hybrid_b500_s500_t100,1000,0.33,0.34,31577,0.03020092505097727
hybrid_b500_s500_t100,1000,0.34,0.35000000000000003,31948,0.03055575746678348
hybrid_b500_s500_t100,1000,0.35000000000000003,0.36,35488,0.03394148995183461
hybrid_b500_s500_t100,1000,0.36,0.37,36944,0.03533403981009293
hybrid_b500_s500_t100,1000,0.37,0.38,33826,0.03235191724275128
hybrid_b500_s500_t100,1000,0.38,0.39,34952,0.033428847971047206
hybrid_b500_s500_t100,1000,0.39,0.4,28342,0.027106901155739868
hybrid_b500_s500_t100,1000,0.4,0.41000000000000003,38801,0.03711011473233585
hybrid_b500_s500_t100,1000,0.41000000000000003,0.42,31921,0.03052993408342292
hybrid_b500_s500_t100,1000,0.42,0.43,30936,0.029587858801565472
hybrid_b500_s500_t100,1000,0.43,0.44,30456,0.02912877643071108
hybrid_b500_s500_t100,1000,0.44,0.45,29141,0.02787108201889124
hybrid_b500_s500_t100,1000,0.45,0.46,28522,0.027279057044810266
hybrid_b500_s500_t100,1000,0.46,0.47000000000000003,27172,0.02598788787678229
hybrid_b500_s500_t100,1000,0.47000000000000003,0.48,24936,0.02384932916588559
hybrid_b500_s500_t100,1000,0.48,0.49,21198,0.020274225202857023
hybrid_b500_s500_t100,1000,0.49,0.5,15996,0.015298920008722565
hybrid_b500_s500_t100,1000,0.5,0.51,31087,0.029732278464063414
hybrid_b500_s500_t100,1000,0.51,0.52,15795,0.015106679265927288
hybrid_b500_s500_t100,1000,0.52,0.53,17845,0.017067343558117915
hybrid_b500_s500_t100,1000,0.53,0.54,16508,0.01578860787096725
hybrid_b500_s500_t100,1000,0.54,0.55,13857,0.013253134193602687
hybrid_b500_s500_t100,1000,0.55,0.56,13838,0.0132349621830897
hybrid_b500_s500_t100,1000,0.56,0.5700000000000001,12827,0.012268019939477641
hybrid_b500_s500_t100,1000,0.5700000000000001,0.58,10609,0.010146676817487977
hybrid_b500_s500_t100,1000,0.58,0.59,9821,0.00939301659200202
hybrid_b500_s500_t100,1000,0.59,0.6,7768,0.007429483034993554
hybrid_b500_s500_t100,1000,0.6,0.61,9571,0.009153911190515358
hybrid_b500_s500_t100,1000,0.61,0.62,7504,0.007176987731023639
hybrid_b500_s500_t100,1000,0.62,0.63,6612,0.00632385965851923
hybrid_b500_s500_t100,1000,0.63,0.64,5811,0.005557765952155965
hybrid_b500_s500_t100,1000,0.64,0.65,5276,0.005046080392974509
hybrid_b500_s500_t100,1000,0.65,0.66,4525,0.004327807766908578
hybrid_b500_s500_t100,1000,0.66,0.67,4799,0.004589867286937959
hybrid_b500_s500_t100,1000,0.67,0.68,4196,0.004013145058552131
hybrid_b500_s500_t100,1000,0.68,0.6900000000000001,3536,0.0033819067986273436
hybrid_b500_s500_t100,1000,0.6900000000000001,0.7000000000000001,2761,0.002640680054018692
hybrid_b500_s500_t100,1000,0.7000000000000001,0.71,3067,0.0029333450654383665
hybrid_b500_s500_t100,1000,0.71,0.72,2238,0.002140471554108596
hybrid_b500_s500_t100,1000,0.72,0.73,2043,0.0019539693409489998
hybrid_b500_s500_t100,1000,0.73,0.74,1912,0.001828678110569989
hybrid_b500_s500_t100,1000,0.74,0.75,1331,0.001272997157514987
hybrid_b500_s500_t100,1000,0.75,0.76,1666,0.0015933983955071138
hybrid_b500_s500_t100,1000,0.76,0.77,1229,0.001175442153708429
hybrid_b500_s500_t100,1000,0.77,0.78,1063,0.0010166761671212858
hybrid_b500_s500_t100,1000,0.78,0.79,894,0.0008550409157163024
hybrid_b500_s500_t100,1000,0.79,0.8,615,0.0005881992876571879
hybrid_b500_s500_t100,1000,0.8,0.81,761,0.0007278368421253983
hybrid_b500_s500_t100,1000,0.81,0.8200000000000001,588,0.0005623759042966284
hybrid_b500_s500_t100,1000,0.8200000000000001,0.8300000000000001,570,0.0005451603153895887
hybrid_b500_s500_t100,1000,0.8300000000000001,0.84,463,0.00044282320355329755
hybrid_b500_s500_t100,1000,0.84,0.85,445,0.00042560761464625793
hybrid_b500_s500_t100,1000,0.85,0.86,346,0.00033092187565753983
hybrid_b500_s500_t100,1000,0.86,0.87,273,0.0002611030984234346
hybrid_b500_s500_t100,1000,0.87,0.88,199,0.00019032789958338276
hybrid_b500_s500_t100,1000,0.88,0.89,170,0.00016259167301093
hybrid_b500_s500_t100,1000,0.89,0.9,121,0.00011572701431954429
hybrid_b500_s500_t100,1000,0.9,0.91,108,0.00010329353344223787
hybrid_b500_s500_t100,1000,0.91,0.92,64,6.12109827805854e-05
hybrid_b500_s500_t100,1000,0.92,0.93,86,8.225225811141164e-05
hybrid_b500_s500_t100,1000,0.93,0.9400000000000001,54,5.164676672111893e-05
hybrid_b500_s500_t100,1000,0.9400000000000001,0.9500000000000001,46,4.399539387354576e-05
hybrid_b500_s500_t100,1000,0.9500000000000001,0.96,46,4.399539387354576e-05
hybrid_b500_s500_t100,1000,0.96,0.97,27,2.5823383360559467e-05
hybrid_b500_s500_t100,1000,0.97,0.98,30,2.8692648178399408e-05
hybrid_b500_s500_t100,1000,0.98,0.99,13,1.243348087730641e-05
hybrid_b500_s500_t100,1000,0.99,1.0,31,2.9649069784346057e-05
hybrid_b500_s500_t120,50,0.0,0.01,0,0.0
hybrid_b500_s500_t120,50,0.01,0.02,0,0.0
hybrid_b500_s500_t120,50,0.02,0.03,1,1.2460748641778398e-05
hybrid_b500_s500_t120,50,0.03,0.04,4,4.984299456711359e-05
hybrid_b500_s500_t120,50,0.04,0.05,0,0.0
hybrid_b500_s500_t120,50,0.05,0.06,1,1.2460748641778398e-05
hybrid_b500_s500_t120,50,0.06,0.07,28,0.00034890096196979513
hybrid_b500_s500_t120,50,0.07,0.08,7,8.722524049244878e-05
hybrid_b500_s500_t120,50,0.08,0.09,9,0.00011214673777600558
hybrid_b500_s500_t120,50,0.09,0.1,7,8.722524049244878e-05
hybrid_b500_s500_t120,50,0.1,0.11,19,0.00023675422419378955
hybrid_b500_s500_t120,50,0.11,0.12,23,0.00028659721876090314
hybrid_b500_s500_t120,50,0.12,0.13,34,0.0004236654538204655
hybrid_b500_s500_t120,50,0.13,0.14,46,0.0005731944375218063
hybrid_b500_s500_t120,50,0.14,0.15,35,0.0004361262024622439
hybrid_b500_s500_t120,50,0.15,0.16,46,0.0005731944375218063
hybrid_b500_s500_t120,50,0.16,0.17,49,0.0006105766834471415
hybrid_b500_s500_t120,50,0.17,0.18,61,0.0007601056671484823
hybrid_b500_s500_t120,50,0.18,0.19,57,0.0007102626725813687
hybrid_b500_s500_t120,50,0.19,0.2,81,0.0010093206399840503
hybrid_b500_s500_t120,50,0.2,0.21,153,0.001906494542192095
hybrid_b500_s500_t120,50,0.21,0.22,206,0.00256691422020635
hybrid_b500_s500_t120,50,0.22,0.23,230,0.0028659721876090317
hybrid_b500_s500_t120,50,0.23,0.24,309,0.003850371330309525
hybrid_b500_s500_t120,50,0.24,0.25,298,0.0037133030952499627
hybrid_b500_s500_t120,50,0.25,0.26,572,0.007127548223097244
hybrid_b500_s500_t120,50,0.26,0.27,580,0.007227234212231471
hybrid_b500_s500_t120,50,0.27,0.28,602,0.0075013706823505956
hybrid_b500_s500_t120,50,0.28,0.29,892,0.01111498778846633
hybrid_b500_s500_t120,50,0.29,0.3,854,0.010641479340078752
hybrid_b500_s500_t120,50,0.3,0.31,1143,0.014242635697552708
hybrid_b500_s500_t120,50,0.31,0.32,1180,0.01470368339729851
hybrid_b500_s500_t120,50,0.32,0.33,1549,0.01930169964611474
hybrid_b500_s500_t120,50,0.33,0.34,1430,0.01781887055774311
hybrid_b500_s500_t120,50,0.34,0.35000000000000003,1598,0.01991227632956188
hybrid_b500_s500_t120,50,0.35000000000000003,0.36,1755,0.02186861386632109
hybrid_b500_s500_t120,50,0.36,0.37,1890,0.023550814932961173
hybrid_b500_s500_t120,50,0.37,0.38,1875,0.023363903703334497
hybrid_b500_s500_t120,50,0.38,0.39,2043,0.02545730947515327
hybrid_b500_s500_t120,50,0.39,0.4,1835,0.02286547375766336
hybrid_b500_s500_t120,50,0.4,0.41000000000000003,2438,0.030379305188655736
hybrid_b500_s500_t120,50,0.41000000000000003,0.42,2125,0.026479090863779097
hybrid_b500_s500_t120,50,0.42,0.43,2104,0.02621741514230175
hybrid_b500_s500_t120,50,0.43,0.44,2241,0.02792453770622539
hybrid_b500_s500_t120,50,0.44,0.45,2132,0.026566316104271546
hybrid_b500_s500_t120,50,0.45,0.46,2310,0.0287843293625081
hybrid_b500_s500_t120,50,0.46,0.47000000000000003,2221,0.027675322733389823
hybrid_b500_s500_t120,50,0.47000000000000003,0.48,2271,0.028298360165478743
hybrid_b500_s500_t120,50,0.48,0.49,2092,0.02606788615860041
hybrid_b500_s500_t120,50,0.49,0.5,1540,0.019189552908338733
hybrid_b500_s500_t120,50,0.5,0.51,3224,0.040173453621093556
hybrid_b500_s500_t120,50,0.51,0.52,1802,0.022454269052484672
hybrid_b500_s500_t120,50,0.52,0.53,1972,0.024572596321587002
hybrid_b500_s500_t120,50,0.53,0.54,1884,0.0234760504411105
hybrid_b500_s500_t120,50,0.54,0.55,1613,0.020099187559188558
hybrid_b500_s500_t120,50,0.55,0.56,1769,0.022043064347305987
hybrid_b500_s500_t120,50,0.56,0.5700000000000001,1821,0.022691023276678463
hybrid_b500_s500_t120,50,0.5700000000000001,0.58,1444,0.017993321038728007
hybrid_b500_s500_t120,50,0.58,0.59,1510,0.018815730449085383
hybrid_b500_s500_t120,50,0.59,0.6,1171,0.014591536659522505
hybrid_b500_s500_t120,50,0.6,0.61,1567,0.019525993121666748
hybrid_b500_s500_t120,50,0.61,0.62,1314,0.016373423715296816
hybrid_b500_s500_t120,50,0.62,0.63,1323,0.01648557045307282
hybrid_b500_s500_t120,50,0.63,0.64,1190,0.014828290883716294
hybrid_b500_s500_t120,50,0.64,0.65,1109,0.013818970243732243
hybrid_b500_s500_t120,50,0.65,0.66,1050,0.013083786073867319
hybrid_b500_s500_t120,50,0.66,0.67,1066,0.013283158052135773
hybrid_b500_s500_t120,50,0.67,0.68,1077,0.013420226287195334
hybrid_b500_s500_t120,50,0.68,0.6900000000000001,1026,0.012784728106464636
hybrid_b500_s500_t120,50,0.6900000000000001,0.7000000000000001,798,0.009943677416139161
hybrid_b500_s500_t120,50,0.7000000000000001,0.71,942,0.01173802522055525
hybrid_b500_s500_t120,50,0.71,0.72,657,0.008186711857648408
hybrid_b500_s500_t120,50,0.72,0.73,649,0.00808702586851418
hybrid_b500_s500_t120,50,0.73,0.74,653,0.008136868863081294
hybrid_b500_s500_t120,50,0.74,0.75,446,0.005557493894233165
hybrid_b500_s500_t120,50,0.75,0.76,573,0.007140008971739022
hybrid_b500_s500_t120,50,0.76,0.77,420,0.005233514429546927
hybrid_b500_s500_t120,50,0.77,0.78,363,0.004523251756965559
hybrid_b500_s500_t120,50,0.78,0.79,281,0.00350147036833973
hybrid_b500_s500_t120,50,0.79,0.8,192,0.0023924637392214523
hybrid_b500_s500_t120,50,0.8,0.81,304,0.003788067587100633
hybrid_b500_s500_t120,50,0.81,0.8200000000000001,222,0.0027662861984748045
hybrid_b500_s500_t120,50,0.8200000000000001,0.8300000000000001,215,0.0026790609579823554
hybrid_b500_s500_t120,50,0.8300000000000001,0.84,208,0.0025918357174899067
hybrid_b500_s500_t120,50,0.84,0.85,277,0.0034516273737726162
hybrid_b500_s500_t120,50,0.85,0.86,204,0.002541992722922793
hybrid_b500_s500_t120,50,0.86,0.87,218,0.002716443203907691
hybrid_b500_s500_t120,50,0.87,0.88,137,0.0017071225639236406
hybrid_b500_s500_t120,50,0.88,0.89,123,0.001532672082938743
hybrid_b500_s500_t120,50,0.89,0.9,69,0.0008597916562827094
hybrid_b500_s500_t120,50,0.9,0.91,78,0.000971938394058715
hybrid_b500_s500_t120,50,0.91,0.92,64,0.0007974879130738174
hybrid_b500_s500_t120,50,0.92,0.93,86,0.0010716243831929422
hybrid_b500_s500_t120,50,0.93,0.9400000000000001,41,0.0005108906943129143
hybrid_b500_s500_t120,50,0.9400000000000001,0.9500000000000001,31,0.0003862832078951303
hybrid_b500_s500_t120,50,0.9500000000000001,0.96,23,0.00028659721876090314
hybrid_b500_s500_t120,50,0.96,0.97,12,0.00014952898370134077
hybrid_b500_s500_t120,50,0.97,0.98,21,0.00026167572147734635
hybrid_b500_s500_t120,50,0.98,0.99,13,0.00016198973234311917
hybrid_b500_s500_t120,50,0.99,1.0,24,0.00029905796740268154
hybrid_b500_s500_t120,100,0.0,0.01,0,0.0
hybrid_b500_s500_t120,100,0.01,0.02,3,1.1967878214871285e-05
hybrid_b500_s500_t120,100,0.02,0.03,36,0.00014361453857845543
hybrid_b500_s500_t120,100,0.03,0.04,7,2.7925049168033e-05
hybrid_b500_s500_t120,100,0.04,0.05,4,1.5957170953161715e-05
hybrid_b500_s500_t120,100,0.05,0.06,1,3.989292738290429e-06
hybrid_b500_s500_t120,100,0.06,0.07,53,0.0002114325151293927
hybrid_b500_s500_t120,100,0.07,0.08,21,8.3775147504099e-05
hybrid_b500_s500_t120,100,0.08,0.09,18,7.180726928922772e-05
hybrid_b500_s500_t120,100,0.09,0.1,30,0.00011967878214871285
hybrid_b500_s500_t120,100,0.1,0.11,62,0.0002473361497740066
hybrid_b500_s500_t120,100,0.11,0.12,96,0.00038297210287588113
hybrid_b500_s500_t120,100,0.12,0.13,121,0.00048270442133314186
hybrid_b500_s500_t120,100,0.13,0.14,177,0.0007061048146774059
hybrid_b500_s500_t120,100,0.14,0.15,125,0.0004986615922863035
hybrid_b500_s500_t120,100,0.15,0.16,170,0.0006781797655093728
hybrid_b500_s500_t120,100,0.16,0.17,231,0.000921526622545089
hybrid_b500_s500_t120,100,0.17,0.18,368,0.0014680597276908777
hybrid_b500_s500_t120,100,0.18,0.19,370,0.0014760383131674586
hybrid_b500_s500_t120,100,0.19,0.2,432,0.001723374462941465
hybrid_b500_s500_t120,100,0.2,0.21,692,0.0027605905748969766
hybrid_b500_s500_t120,100,0.21,0.22,864,0.00344674892588293
hybrid_b500_s500_t120,100,0.22,0.23,1058,0.004220671717111274
hybrid_b500_s500_t120,100,0.23,0.24,1345,0.005365598733000626
hybrid_b500_s500_t120,100,0.24,0.25,1358,0.0054174595385984015
hybrid_b500_s500_t120,100,0.25,0.26,2317,0.009243191274618923
hybrid_b500_s500_t120,100,0.26,0.27,2506,0.009997167602155814
hybrid_b500_s500_t120,100,0.27,0.28,2680,0.010691304538618348
hybrid_b500_s500_t120,100,0.28,0.29,3525,0.014062256902473761
hybrid_b500_s500_t120,100,0.29,0.3,3611,0.014405336077966737
hybrid_b500_s500_t120,100,0.3,0.31,4691,0.0187137722353204
hybrid_b500_s500_t120,100,0.31,0.32,4881,0.01947173785559558
hybrid_b500_s500_t120,100,0.32,0.33,6124,0.024430428729290583
hybrid_b500_s500_t120,100,0.33,0.34,5590,0.022300146407043496
hybrid_b500_s500_t120,100,0.34,0.35000000000000003,6094,0.02431074994714187
hybrid_b500_s500_t120,100,0.35000000000000003,0.36,6562,0.02617773894866179
hybrid_b500_s500_t120,100,0.36,0.37,7308,0.02915375133142645
hybrid_b500_s500_t120,100,0.37,0.38,6916,0.027589948578016603
hybrid_b500_s500_t120,100,0.38,0.39,7493,0.02989177048801018
hybrid_b500_s500_t120,100,0.39,0.4,6378,0.025443709084816354
hybrid_b500_s500_t120,100,0.4,0.41000000000000003,8572,0.034196217352625555
hybrid_b500_s500_t120,100,0.41000000000000003,0.42,7420,0.02960055211811498
hybrid_b500_s500_t120,100,0.42,0.43,7271,0.029006147500109707
hybrid_b500_s500_t120,100,0.43,0.44,7566,0.030182988857905383
hybrid_b500_s500_t120,100,0.44,0.45,7070,0.028204299659713328
hybrid_b500_s500_t120,100,0.45,0.46,7412,0.029568637776208655
hybrid_b500_s500_t120,100,0.46,0.47000000000000003,7198,0.028714929130214506
hybrid_b500_s500_t120,100,0.47000000000000003,0.48,7054,0.028140470975900684
hybrid_b500_s500_t120,100,0.48,0.49,6396,0.02551551635410558
hybrid_b500_s500_t120,100,0.49,0.5,4763,0.01900100131247731
hybrid_b500_s500_t120,100,0.5,0.51,9589,0.03825332806746692
hybrid_b500_s500_t120,100,0.51,0.52,5262,0.020991658388884234
hybrid_b500_s500_t120,100,0.52,0.53,5708,0.022770882950161764
hybrid_b500_s500_t120,100,0.53,0.54,5655,0.022559450435032373
hybrid_b500_s500_t120,100,0.54,0.55,4656,0.018574146989480234
hybrid_b500_s500_t120,100,0.55,0.56,5100,0.020345392965281185
hybrid_b500_s500_t120,100,0.56,0.5700000000000001,4809,0.01918450877843867
hybrid_b500_s500_t120,100,0.5700000000000001,0.58,4025,0.016056903271618975
hybrid_b500_s500_t120,100,0.58,0.59,4057,0.01618456063924427
hybrid_b500_s500_t120,100,0.59,0.6,3206,0.012789672518959114
hybrid_b500_s500_t120,100,0.6,0.61,4051,0.016160624882814525
hybrid_b500_s500_t120,100,0.61,0.62,3306,0.013188601792788156
hybrid_b500_s500_t120,100,0.62,0.63,3264,0.013021051497779958
hybrid_b500_s500_t120,100,0.63,0.64,2861,0.011413366524248916
hybrid_b500_s500_t120,100,0.64,0.65,2722,0.010858854833626546
hybrid_b500_s500_t120,100,0.65,0.66,2440,0.009733874281428646
hybrid_b500_s500_t120,100,0.66,0.67,2648,0.010563647170993055
hybrid_b500_s500_t120,100,0.67,0.68,2394,0.009550366815467285
hybrid_b500_s500_t120,100,0.68,0.6900000000000001,2232,0.008904101391864237
hybrid_b500_s500_t120,100,0.6900000000000001,0.7000000000000001,1730,0.006901476437242441
hybrid_b500_s500_t120,100,0.7000000000000001,0.71,2043,0.008150125064327345
hybrid_b500_s500_t120,100,0.71,0.72,1521,0.006067714254939742
hybrid_b500_s500_t120,100,0.72,0.73,1418,0.005656817102895828
hybrid_b500_s500_t120,100,0.73,0.74,1361,0.005429427416813273
hybrid_b500_s500_t120,100,0.74,0.75,970,0.0038696139561417158
hybrid_b500_s500_t120,100,0.75,0.76,1191,0.004751247651303901
hybrid_b500_s500_t120,100,0.76,0.77,888,0.0035424919516019006
hybrid_b500_s500_t120,100,0.77,0.78,815,0.003251273581706699
hybrid_b500_s500_t120,100,0.78,0.79,635,0.002533200888814422
hybrid_b500_s500_t120,100,0.79,0.8,436,0.0017393316338946269
hybrid_b500_s500_t120,100,0.8,0.81,630,0.0025132544251229697
hybrid_b500_s500_t120,100,0.81,0.8200000000000001,462,0.001843053245090178
hybrid_b500_s500_t120,100,0.8200000000000001,0.8300000000000001,442,0.0017632673903243694
hybrid_b500_s500_t120,100,0.8300000000000001,0.84,421,0.0016794922428202705
hybrid_b500_s500_t120,100,0.84,0.85,505,0.0020145928328366663
hybrid_b500_s500_t120,100,0.85,0.86,402,0.0016036956807927523
hybrid_b500_s500_t120,100,0.86,0.87,376,0.001499974069597201
hybrid_b500_s500_t120,100,0.87,0.88,263,0.0010491839901703827
hybrid_b500_s500_t120,100,0.88,0.89,233,0.0009295052080216698
hybrid_b500_s500_t120,100,0.89,0.9,144,0.0005744581543138217
hybrid_b500_s500_t120,100,0.9,0.91,163,0.0006502547163413398
hybrid_b500_s500_t120,100,0.91,0.92,111,0.0004428114939502376
hybrid_b500_s500_t120,100,0.92,0.93,152,0.0006063724962201451
hybrid_b500_s500_t120,100,0.93,0.9400000000000001,81,0.0003231327118015247
hybrid_b500_s500_t120,100,0.9400000000000001,0.9500000000000001,64,0.00025531473525058744
hybrid_b500_s500_t120,100,0.9500000000000001,0.96,51,0.00020345392965281185
hybrid_b500_s500_t120,100,0.96,0.97,23,9.175373298067986e-05
hybrid_b500_s500_t120,100,0.97,0.98,46,0.0001835074659613597
hybrid_b500_s500_t120,100,0.98,0.99,24,9.574302571897028e-05
hybrid_b500_s500_t120,100,0.99,1.0,45,0.00017951817322306928
hybrid_b500_s500_t120,250,0.0,0.01,46,6.336219067887077e-05
hybrid_b500_s500_t120,250,0.01,0.02,107,0.00014738596527476462
hybrid_b500_s500_t120,250,0.02,0.03,181,0.0002493164459320785
hybrid_b500_s500_t120,250,0.03,0.04,35,4.821036247305385e-05
hybrid_b500_s500_t120,250,0.04,0.05,19,2.6171339628229234e-05
hybrid_b500_s500_t120,250,0.05,0.06,140,0.0001928414498922154
hybrid_b500_s500_t120,250,0.06,0.07,238,0.00032783046481676617
hybrid_b500_s500_t120,250,0.07,0.08,146,0.00020110608345902463
hybrid_b500_s500_t120,250,0.08,0.09,144,0.00019835120560342156
hybrid_b500_s500_t120,250,0.09,0.1,222,0.00030579144197194155
hybrid_b500_s500_t120,250,0.1,0.11,484,0.0006666804410559447
hybrid_b500_s500_t120,250,0.11,0.12,464,0.0006391316624999139
hybrid_b500_s500_t120,250,0.12,0.13,718,0.0009890011501615047
hybrid_b500_s500_t120,250,0.13,0.14,837,0.0011529163825698878
hybrid_b500_s500_t120,250,0.14,0.15,773,0.0010647602911905893
hybrid_b500_s500_t120,250,0.15,0.16,960,0.001322341370689477
hybrid_b500_s500_t120,250,0.16,0.17,1296,0.001785160850430794
hybrid_b500_s500_t120,250,0.17,0.18,1656,0.002281038864439348
hybrid_b500_s500_t120,250,0.18,0.19,1986,0.0027355937106138557
hybrid_b500_s500_t120,250,0.19,0.2,2058,0.0028347693134155665
hybrid_b500_s500_t120,250,0.2,0.21,3525,0.004855472220500424
hybrid_b500_s500_t120,250,0.21,0.22,3765,0.005186057563172793
hybrid_b500_s500_t120,250,0.22,0.23,5009,0.006899591589357907
hybrid_b500_s500_t120,250,0.23,0.24,5469,0.007533213496146615
hybrid_b500_s500_t120,250,0.24,0.25,5809,0.008001542731599138
hybrid_b500_s500_t120,250,0.25,0.26,9776,0.013465842958187842
hybrid_b500_s500_t120,250,0.26,0.27,10001,0.013775766716943187
hybrid_b500_s500_t120,250,0.27,0.28,10679,0.01470967030999263
hybrid_b500_s500_t120,250,0.28,0.29,13575,0.018698733444905885
hybrid_b500_s500_t120,250,0.29,0.3,13446,0.018521043823219487
hybrid_b500_s500_t120,250,0.3,0.31,17416,0.023989476366591597
hybrid_b500_s500_t120,250,0.31,0.32,16983,0.02339304531085353
hybrid_b500_s500_t120,250,0.32,0.33,20953,0.028861477854225638
hybrid_b500_s500_t120,250,0.33,0.34,18805,0.025902739037307932
hybrid_b500_s500_t120,250,0.34,0.35000000000000003,19507,0.026869701164624612
hybrid_b500_s500_t120,250,0.35000000000000003,0.36,21729,0.02993037046219963
hybrid_b500_s500_t120,250,0.36,0.37,23631,0.03255025930287816
hybrid_b500_s500_t120,250,0.37,0.38,21776,0.029995110091806304
hybrid_b500_s500_t120,250,0.38,0.39,23410,0.03224584529983402
hybrid_b500_s500_t120,250,0.39,0.4,19587,0.026979896278848736
hybrid_b500_s500_t120,250,0.4,0.41000000000000003,26850,0.03698423521147131
hybrid_b500_s500_t120,250,0.41000000000000003,0.42,22868,0.03149927340096558
hybrid_b500_s500_t120,250,0.42,0.43,21890,0.03015213812957568
hybrid_b500_s500_t120,250,0.43,0.44,22187,0.030561237491132737
hybrid_b500_s500_t120,250,0.44,0.45,20929,0.0288284193199584
hybrid_b500_s500_t120,250,0.45,0.46,21703,0.029894557050076792
hybrid_b500_s500_t120,250,0.46,0.47000000000000003,20616,0.028397280935556518
hybrid_b500_s500_t120,250,0.47000000000000003,0.48,20053,0.027621782819204254
hybrid_b500_s500_t120,250,0.48,0.49,17236,0.02374153735958732
hybrid_b500_s500_t120,250,0.49,0.5,13232,0.018226271892669958
hybrid_b500_s500_t120,250,0.5,0.51,25956,0.03575280481001673
hybrid_b500_s500_t120,250,0.51,0.52,13495,0.018588538330681765
hybrid_b500_s500_t120,250,0.52,0.53,15185,0.020916410118666365
hybrid_b500_s500_t120,250,0.53,0.54,14300,0.019697376667562
hybrid_b500_s500_t120,250,0.54,0.55,12345,0.017004483563709993
hybrid_b500_s500_t120,250,0.55,0.56,12816,0.017653257298704518
hybrid_b500_s500_t120,250,0.56,0.5700000000000001,11539,0.015894267787901956
hybrid_b500_s500_t120,250,0.5700000000000001,0.58,9838,0.013551244171711536
hybrid_b500_s500_t120,250,0.58,0.59,9615,0.013244075290811794
hybrid_b500_s500_t120,250,0.59,0.6,7494,0.01032252732494473
hybrid_b500_s500_t120,250,0.6,0.61,9348,0.012876299097088782
hybrid_b500_s500_t120,250,0.61,0.62,7572,0.01042996756131325
hybrid_b500_s500_t120,250,0.62,0.63,7165,0.009869349917698025
hybrid_b500_s500_t120,250,0.63,0.64,6132,0.008446455505279034
hybrid_b500_s500_t120,250,0.64,0.65,5792,0.007978126269826512
hybrid_b500_s500_t120,250,0.65,0.66,5036,0.006936782440408548
hybrid_b500_s500_t120,250,0.66,0.67,5458,0.007518061667940798
hybrid_b500_s500_t120,250,0.67,0.68,4864,0.006699862944826684
hybrid_b500_s500_t120,250,0.68,0.6900000000000001,4359,0.006004256286286907
hybrid_b500_s500_t120,250,0.6900000000000001,0.7000000000000001,3405,0.004690179549164239
hybrid_b500_s500_t120,250,0.7000000000000001,0.71,3965,0.0054615453487331005
hybrid_b500_s500_t120,250,0.71,0.72,2927,0.004031763741675103
hybrid_b500_s500_t120,250,0.72,0.73,2785,0.003836167413927285
hybrid_b500_s500_t120,250,0.73,0.74,2549,0.003511091826966122
hybrid_b500_s500_t120,250,0.74,0.75,1813,0.0024972967761041896
hybrid_b500_s500_t120,250,0.75,0.76,2277,0.0031364284386041033
hybrid_b500_s500_t120,250,0.76,0.77,1666,0.0022948132537173632
hybrid_b500_s500_t120,250,0.77,0.78,1448,0.001994531567456628
hybrid_b500_s500_t120,250,0.78,0.79,1240,0.0017080242704739079
hybrid_b500_s500_t120,250,0.79,0.8,857,0.0011804651611259185
hybrid_b500_s500_t120,250,0.8,0.81,1113,0.0015330895266431124
hybrid_b500_s500_t120,250,0.81,0.8200000000000001,845,0.0011639358939923002
hybrid_b500_s500_t120,250,0.8200000000000001,0.8300000000000001,896,0.0012341852793101786
hybrid_b500_s500_t120,250,0.8300000000000001,0.84,751,0.0010344566347789555
hybrid_b500_s500_t120,250,0.84,0.85,800,0.0011019511422412308
hybrid_b500_s500_t120,250,0.85,0.86,709,0.0009766041998112908
hybrid_b500_s500_t120,250,0.86,0.87,605,0.0008333505513199309
hybrid_b500_s500_t120,250,0.87,0.88,398,0.0005482206932650123
hybrid_b500_s500_t120,250,0.88,0.89,345,0.00047521643009153084
hybrid_b500_s500_t120,250,0.89,0.9,220,0.0003030365641163385
hybrid_b500_s500_t120,250,0.9,0.91,242,0.00033334022052797235
hybrid_b500_s500_t120,250,0.91,0.92,172,0.00023691949558186465
hybrid_b500_s500_t120,250,0.92,0.93,210,0.0002892621748383231
hybrid_b500_s500_t120,250,0.93,0.9400000000000001,133,0.00018319937739760464
hybrid_b500_s500_t120,250,0.9400000000000001,0.9500000000000001,92,0.00012672438135774154
hybrid_b500_s500_t120,250,0.9500000000000001,0.96,78,0.00010744023636852001
hybrid_b500_s500_t120,250,0.96,0.97,32,4.4078045689649235e-05
hybrid_b500_s500_t120,250,0.97,0.98,81,0.00011157255315192462
hybrid_b500_s500_t120,250,0.98,0.99,39,5.372011818426001e-05
hybrid_b500_s500_t120,250,0.99,1.0,58,7.989145781248924e-05
hybrid_b500_s500_t120,500,0.0,0.01,52,5.33095490729777e-05
hybrid_b500_s500_t120,500,0.01,0.02,182,0.00018658342175542194
hybrid_b500_s500_t120,500,0.02,0.03,472,0.0004838866762008745
hybrid_b500_s500_t120,500,0.03,0.04,173,0.00017735676903125273
hybrid_b500_s500_t120,500,0.04,0.05,57,5.843546725307171e-05
hybrid_b500_s500_t120,500,0.05,0.06,481,0.0004931133289250437
hybrid_b500_s500_t120,500,0.06,0.07,549,0.0005628258161743222
hybrid_b500_s500_t120,500,0.07,0.08,300,0.00030755509080564056
hybrid_b500_s500_t120,500,0.08,0.09,429,0.000439803779852066
hybrid_b500_s500_t120,500,0.09,0.1,526,0.0005392465925458898
hybrid_b500_s500_t120,500,0.1,0.11,740,0.0007586358906539134
hybrid_b500_s500_t120,500,0.11,0.12,772,0.0007914417670065151
hybrid_b500_s500_t120,500,0.12,0.13,1223,0.0012537995868509948
hybrid_b500_s500_t120,500,0.13,0.14,1420,0.0014557607631466986
hybrid_b500_s500_t120,500,0.14,0.15,1537,0.0015757072485608984
hybrid_b500_s500_t120,500,0.15,0.16,1886,0.0019334963375314603
hybrid_b500_s500_t120,500,0.16,0.17,2435,0.0024963221537057825
hybrid_b500_s500_t120,500,0.17,0.18,2939,0.0030130147062592586
hybrid_b500_s500_t120,500,0.18,0.19,3716,0.0038095823914458676
hybrid_b500_s500_t120,500,0.19,0.2,3951,0.004050500545910286
hybrid_b500_s500_t120,500,0.2,0.21,6600,0.006766211997724092
hybrid_b500_s500_t120,500,0.21,0.22,6922,0.007096321128522146
hybrid_b500_s500_t120,500,0.22,0.23,8583,0.008799151147949377
hybrid_b500_s500_t120,500,0.23,0.24,9860,0.010108310651145386
hybrid_b500_s500_t120,500,0.24,0.25,10177,0.010433293863763347
hybrid_b500_s500_t120,500,0.25,0.26,16227,0.016635654861677097
hybrid_b500_s500_t120,500,0.26,0.27,16540,0.01695653733975098
hybrid_b500_s500_t120,500,0.27,0.28,17533,0.017974544690317652
hybrid_b500_s500_t120,500,0.28,0.29,21615,0.0221593442925464
hybrid_b500_s500_t120,500,0.29,0.3,21092,0.02162317325090857
hybrid_b500_s500_t120,500,0.3,0.31,26901,0.02757846499254179
hybrid_b500_s500_t120,500,0.31,0.32,25666,0.02631236320205857
hybrid_b500_s500_t120,500,0.32,0.33,31387,0.03217743878372213
hybrid_b500_s500_t120,500,0.33,0.34,27451,0.02814231599235213
hybrid_b500_s500_t120,500,0.34,0.35000000000000003,27812,0.028512407284954917
hybrid_b500_s500_t120,500,0.35000000000000003,0.36,30750,0.03152439680757816
hybrid_b500_s500_t120,500,0.36,0.37,33002,0.0338331103558925
hybrid_b500_s500_t120,500,0.37,0.38,30529,0.031297831224018004
hybrid_b500_s500_t120,500,0.38,0.39,32194,0.03300476197798931
hybrid_b500_s500_t120,500,0.39,0.4,26413,0.027078175378164614
hybrid_b500_s500_t120,500,0.4,0.41000000000000003,35896,0.03679999179853091
hybrid_b500_s500_t120,500,0.41000000000000003,0.42,30315,0.03107844192590998
hybrid_b500_s500_t120,500,0.42,0.43,29430,0.03017115440803334
hybrid_b500_s500_t120,500,0.43,0.44,29195,0.029930236253568922
hybrid_b500_s500_t120,500,0.44,0.45,27683,0.028380158595908492
hybrid_b500_s500_t120,500,0.45,0.46,28177,0.02888659931210178
hybrid_b500_s500_t120,500,0.46,0.47000000000000003,27038,0.027718915150676364
hybrid_b500_s500_t120,500,0.47000000000000003,0.48,25439,0.0260796465166823
hybrid_b500_s500_t120,500,0.48,0.49,21312,0.021848713650832706
hybrid_b500_s500_t120,500,0.49,0.5,16303,0.016713568818014526
hybrid_b500_s500_t120,500,0.5,0.51,32161,0.032970930918000685
hybrid_b500_s500_t120,500,0.51,0.52,16755,0.017176951821495024
hybrid_b500_s500_t120,500,0.52,0.53,18652,0.01912172517902269
hybrid_b500_s500_t120,500,0.53,0.54,17516,0.017957116568505335
hybrid_b500_s500_t120,500,0.54,0.55,15021,0.015399283396638423
hybrid_b500_s500_t120,500,0.55,0.56,15004,0.015381855274826103
hybrid_b500_s500_t120,500,0.56,0.5700000000000001,13858,0.014206994827948556
hybrid_b500_s500_t120,500,0.5700000000000001,0.58,11629,0.011921860503262646
hybrid_b500_s500_t120,500,0.58,0.59,11060,0.011338531014367948
hybrid_b500_s500_t120,500,0.59,0.6,8817,0.009039044118777775
hybrid_b500_s500_t120,500,0.6,0.61,10730,0.011000220414481744
hybrid_b500_s500_t120,500,0.61,0.62,8718,0.008937550938811914
hybrid_b500_s500_t120,500,0.62,0.63,7910,0.008109202560908723
hybrid_b500_s500_t120,500,0.63,0.64,6802,0.006973299092199891
hybrid_b500_s500_t120,500,0.64,0.65,6393,0.006553998985068201
hybrid_b500_s500_t120,500,0.65,0.66,5471,0.005608779672658865
hybrid_b500_s500_t120,500,0.66,0.67,5805,0.005951191007089145
hybrid_b500_s500_t120,500,0.67,0.68,5109,0.005237663196420059
hybrid_b500_s500_t120,500,0.68,0.6900000000000001,4395,0.004505682080302634
hybrid_b500_s500_t120,500,0.6900000000000001,0.7000000000000001,3540,0.0036291500715065587
hybrid_b500_s500_t120,500,0.7000000000000001,0.71,4094,0.004197101805860975
hybrid_b500_s500_t120,500,0.71,0.72,3066,0.0031432130280336463
hybrid_b500_s500_t120,500,0.72,0.73,2781,0.002851035691768288
hybrid_b500_s500_t120,500,0.73,0.74,2523,0.002586538313675437
hybrid_b500_s500_t120,500,0.74,0.75,1810,0.0018555823811940314
hybrid_b500_s500_t120,500,0.75,0.76,2290,0.0023476705264830564
hybrid_b500_s500_t120,500,0.76,0.77,1596,0.0016361930830860079
hybrid_b500_s500_t120,500,0.77,0.78,1415,0.0014506348449666046
hybrid_b500_s500_t120,500,0.78,0.79,1180,0.0012097166905021862
hybrid_b500_s500_t120,500,0.79,0.8,805,0.0008252728269951355
hybrid_b500_s500_t120,500,0.8,0.81,1092,0.0011195005305325316
hybrid_b500_s500_t120,500,0.81,0.8200000000000001,778,0.0007975928688226278
hybrid_b500_s500_t120,500,0.8200000000000001,0.8300000000000001,844,0.0008652549887998688
hybrid_b500_s500_t120,500,0.8300000000000001,0.84,653,0.0006694449143202776
hybrid_b500_s500_t120,500,0.84,0.85,667,0.0006837974852245409
hybrid_b500_s500_t120,500,0.85,0.86,558,0.0005720524688984914
hybrid_b500_s500_t120,500,0.86,0.87,445,0.0004562067180283668
hybrid_b500_s500_t120,500,0.87,0.88,330,0.0003383105998862046
hybrid_b500_s500_t120,500,0.88,0.89,292,0.00029935362171749013
hybrid_b500_s500_t120,500,0.89,0.9,166,0.0001701804835791211
hybrid_b500_s500_t120,500,0.9,0.91,148,0.00015172717813078269
hybrid_b500_s500_t120,500,0.91,0.92,139,0.00014250052540661345
hybrid_b500_s500_t120,500,0.92,0.93,159,0.0001630041981269895
hybrid_b500_s500_t120,500,0.93,0.9400000000000001,87,8.919097633363576e-05
hybrid_b500_s500_t120,500,0.9400000000000001,0.9500000000000001,76,7.791395633742894e-05
hybrid_b500_s500_t120,500,0.9500000000000001,0.96,56,5.7410283617052906e-05
hybrid_b500_s500_t120,500,0.96,0.97,32,3.280587635260166e-05
hybrid_b500_s500_t120,500,0.97,0.98,53,5.43347327089965e-05
hybrid_b500_s500_t120,500,0.98,0.99,30,3.075550908056405e-05
hybrid_b500_s500_t120,500,0.99,1.0,42,4.3057712712789676e-05
hybrid_b500_s500_t120,1000,0.0,0.01,61,5.8341717962745465e-05
hybrid_b500_s500_t120,1000,0.01,0.02,447,0.0004275204578581512
hybrid_b500_s500_t120,1000,0.02,0.03,758,0.0007249675773075584
hybrid_b500_s500_t120,1000,0.03,0.04,353,0.0003376168268991664
hybrid_b500_s500_t120,1000,0.04,0.05,196,0.0001874586347655428
hybrid_b500_s500_t120,1000,0.05,0.06,664,0.0006350639463485736
hybrid_b500_s500_t120,1000,0.06,0.07,796,0.000761311598333531
hybrid_b500_s500_t120,1000,0.07,0.08,487,0.0004657773220960171
hybrid_b500_s500_t120,1000,0.08,0.09,622,0.0005948942388988145
hybrid_b500_s500_t120,1000,0.09,0.1,679,0.0006494102704377733
hybrid_b500_s500_t120,1000,0.1,0.11,908,0.0008684308181995554
hybrid_b500_s500_t120,1000,0.11,0.12,1034,0.000988939940548833
hybrid_b500_s500_t120,1000,0.12,0.13,1627,0.0015560979528751945
hybrid_b500_s500_t120,1000,0.13,0.14,1835,0.0017550336469120973
hybrid_b500_s500_t120,1000,0.14,0.15,2206,0.0021098660627183034
hybrid_b500_s500_t120,1000,0.15,0.16,2731,0.002611987405840293
hybrid_b500_s500_t120,1000,0.16,0.17,3536,0.0033819067986273436
hybrid_b500_s500_t120,1000,0.17,0.18,4242,0.004057140452425677
hybrid_b500_s500_t120,1000,0.18,0.19,5525,0.005284229372855225
hybrid_b500_s500_t120,1000,0.19,0.2,5430,0.005193369320290293
hybrid_b500_s500_t120,1000,0.2,0.21,9415,0.009004709419987681
hybrid_b500_s500_t120,1000,0.21,0.22,9532,0.009116610747883438
hybrid_b500_s500_t120,1000,0.22,0.23,11971,0.01144932304478731
hybrid_b500_s500_t120,1000,0.23,0.24,13385,0.01280170319559587
hybrid_b500_s500_t120,1000,0.24,0.25,13812,0.013210095221335087
hybrid_b500_s500_t120,1000,0.25,0.26,21627,0.020684530071808135
hybrid_b500_s500_t120,1000,0.26,0.27,21263,0.020336392607243556
hybrid_b500_s500_t120,1000,0.27,0.28,22569,0.021585479224609877
hybrid_b500_s500_t120,1000,0.28,0.29,26980,0.025804254928440535
hybrid_b500_s500_t120,1000,0.29,0.3,26046,0.024910957148486366
hybrid_b500_s500_t120,1000,0.3,0.31,32416,0.03100336277836651
hybrid_b500_s500_t120,1000,0.31,0.32,30468,0.02914025348998244
hybrid_b500_s500_t120,1000,0.32,0.33,36568,0.03497442528625699
hybrid_b500_s500_t120,1000,0.33,0.34,31817,0.030430466236404465
hybrid_b500_s500_t120,1000,0.34,0.35000000000000003,31784,0.030398904323408228
hybrid_b500_s500_t120,1000,0.35000000000000003,0.36,35338,0.03379802671094261
hybrid_b500_s500_t120,1000,0.36,0.37,36742,0.0351408426456917
hybrid_b500_s500_t120,1000,0.37,0.38,33876,0.03239973832304861
hybrid_b500_s500_t120,1000,0.38,0.39,35279,0.03374159783619176
hybrid_b500_s500_t120,1000,0.39,0.4,28271,0.027038995221717658
hybrid_b500_s500_t120,1000,0.4,0.41000000000000003,38486,0.03680884192646266
hybrid_b500_s500_t120,1000,0.41000000000000003,0.42,31943,0.030550975358753743
hybrid_b500_s500_t120,1000,0.42,0.43,30859,0.029514214337907577
hybrid_b500_s500_t120,1000,0.43,0.44,30128,0.02881507014396058
hybrid_b500_s500_t120,1000,0.44,0.45,28549,0.027304880428170825
hybrid_b500_s500_t120,1000,0.45,0.46,28802,0.027546855094475325
hybrid_b500_s500_t120,1000,0.46,0.47000000000000003,26919,0.02574591321047779
hybrid_b500_s500_t120,1000,0.47000000000000003,0.48,24709,0.0236322214613357
hybrid_b500_s500_t120,1000,0.48,0.49,20893,0.019982516613043295
hybrid_b500_s500_t120,1000,0.49,0.5,15820,0.015130589806075956
hybrid_b500_s500_t120,1000,0.5,0.51,31278,0.029914954990799224
hybrid_b500_s500_t120,1000,0.51,0.52,15593,0.014913482101526066
hybrid_b500_s500_t120,1000,0.52,0.53,17583,0.016816761097359894
hybrid_b500_s500_t120,1000,0.53,0.54,16472,0.01575417669315317
hybrid_b500_s500_t120,1000,0.54,0.55,13841,0.013237831447907541
hybrid_b500_s500_t120,1000,0.55,0.56,13806,0.013204356691699408
hybrid_b500_s500_t120,1000,0.56,0.5700000000000001,12889,0.012327318079046332
hybrid_b500_s500_t120,1000,0.5700000000000001,0.58,10712,0.010245188242900483
hybrid_b500_s500_t120,1000,0.58,0.59,9875,0.009444663358723139
hybrid_b500_s500_t120,1000,0.59,0.6,7850,0.0075079096066811785
hybrid_b500_s500_t120,1000,0.6,0.61,9557,0.009140521288032106
hybrid_b500_s500_t120,1000,0.61,0.62,7496,0.007169336358176065
hybrid_b500_s500_t120,1000,0.62,0.63,6640,0.006350639463485736
hybrid_b500_s500_t120,1000,0.63,0.64,5956,0.00569644708501823
hybrid_b500_s500_t120,1000,0.64,0.65,5246,0.00501738774479611
hybrid_b500_s500_t120,1000,0.65,0.66,4679,0.004475096694224362
hybrid_b500_s500_t120,1000,0.66,0.67,4735,0.004528656304157374
hybrid_b500_s500_t120,1000,0.67,0.68,4183,0.004000711577674824
hybrid_b500_s500_t120,1000,0.68,0.6900000000000001,3515,0.003361821944902464
hybrid_b500_s500_t120,1000,0.6900000000000001,0.7000000000000001,2719,0.002600510346568933
hybrid_b500_s500_t120,1000,0.7000000000000001,0.71,3072,0.0029381271734680997
hybrid_b500_s500_t120,1000,0.71,0.72,2289,0.002189249056011875
hybrid_b500_s500_t120,1000,0.72,0.73,2090,0.001998921156428492
hybrid_b500_s500_t120,1000,0.73,0.74,1859,0.0017779877654548167
hybrid_b500_s500_t120,1000,0.74,0.75,1350,0.0012911691680279735
hybrid_b500_s500_t120,1000,0.75,0.76,1767,0.0016899969777077251
hybrid_b500_s500_t120,1000,0.76,0.77,1249,0.0011945705858273621
hybrid_b500_s500_t120,1000,0.77,0.78,1048,0.0010023298430320861
hybrid_b500_s500_t120,1000,0.78,0.79,890,0.0008512152292925159
hybrid_b500_s500_t120,1000,0.79,0.8,622,0.0005948942388988145
hybrid_b500_s500_t120,1000,0.8,0.81,711,0.000680015761828066
hybrid_b500_s500_t120,1000,0.81,0.8200000000000001,560,0.0005355960993301223
hybrid_b500_s500_t120,1000,0.8200000000000001,0.8300000000000001,568,0.0005432474721776954
hybrid_b500_s500_t120,1000,0.8300000000000001,0.84,468,0.00044760531158303076
hybrid_b500_s500_t120,1000,0.84,0.85,390,0.0003730044263191923
hybrid_b500_s500_t120,1000,0.85,0.86,341,0.0003261397676278066
hybrid_b500_s500_t120,1000,0.86,0.87,276,0.0002639723632412746
hybrid_b500_s500_t120,1000,0.87,0.88,222,0.00021232559652015562
hybrid_b500_s500_t120,1000,0.88,0.89,178,0.00017024304585850316
hybrid_b500_s500_t120,1000,0.89,0.9,118,0.00011285774950170435
hybrid_b500_s500_t120,1000,0.9,0.91,98,9.37293173827714e-05
hybrid_b500_s500_t120,1000,0.91,0.92,67,6.408024759842535e-05
hybrid_b500_s500_t120,1000,0.92,0.93,94,8.990363095898482e-05
hybrid_b500_s500_t120,1000,0.93,0.9400000000000001,65,6.216740438653205e-05
hybrid_b500_s500_t120,1000,0.9400000000000001,0.9500000000000001,39,3.7300442631919235e-05
hybrid_b500_s500_t120,1000,0.9500000000000001,0.96,28,2.6779804966506116e-05
hybrid_b500_s500_t120,1000,0.96,0.97,13,1.243348087730641e-05
hybrid_b500_s500_t120,1000,0.97,0.98,18,1.7215588907039647e-05
hybrid_b500_s500_t120,1000,0.98,0.99,12,1.1477059271359764e-05
hybrid_b500_s500_t120,1000,0.99,1.0,33,3.156191299623935e-05
sample_t100_p098,50,0.0,0.01,0,0.0
sample_t100_p098,50,0.01,0.02,0,0.0
sample_t100_p098,50,0.02,0.03,0,0.0
sample_t100_p098,50,0.03,0.04,0,0.0
sample_t100_p098,50,0.04,0.05,0,0.0
sample_t100_p098,50,0.05,0.06,0,0.0
sample_t100_p098,50,0.06,0.07,0,0.0
sample_t100_p098,50,0.07,0.08,0,0.0
sample_t100_p098,50,0.08,0.09,0,0.0
sample_t100_p098,50,0.09,0.1,0,0.0
sample_t100_p098,50,0.1,0.11,0,0.0
sample_t100_p098,50,0.11,0.12,0,0.0
sample_t100_p098,50,0.12,0.13,1,5.8596038907769834e-05
sample_t100_p098,50,0.13,0.14,0,0.0
sample_t100_p098,50,0.14,0.15,7,0.00041017227235438887
sample_t100_p098,50,0.15,0.16,9,0.0005273643501699285
sample_t100_p098,50,0.16,0.17,8,0.0004687683112621587
sample_t100_p098,50,0.17,0.18,19,0.0011133247392476268
sample_t100_p098,50,0.18,0.19,39,0.0022852455174030236
sample_t100_p098,50,0.19,0.2,51,0.0029883979842962615
sample_t100_p098,50,0.2,0.21,92,0.005390835579514825
sample_t100_p098,50,0.21,0.22,105,0.0061525840853158325
sample_t100_p098,50,0.22,0.23,151,0.008848001875073244
sample_t100_p098,50,0.23,0.24,181,0.01060588304230634
sample_t100_p098,50,0.24,0.25,213,0.012480956287354975
sample_t100_p098,50,0.25,0.26,280,0.016406890894175553
sample_t100_p098,50,0.26,0.27,381,0.02232509082386031
sample_t100_p098,50,0.27,0.28,347,0.020332825500996132
sample_t100_p098,50,0.28,0.29,454,0.026602601664127506
sample_t100_p098,50,0.29,0.3,420,0.02461033634126333
sample_t100_p098,50,0.3,0.31,465,0.027247158092112974
sample_t100_p098,50,0.31,0.32,429,0.02513770069143326
sample_t100_p098,50,0.32,0.33,604,0.03539200750029298
sample_t100_p098,50,0.33,0.34,474,0.0277745224422829
sample_t100_p098,50,0.34,0.35000000000000003,586,0.03433727879995312
sample_t100_p098,50,0.35000000000000003,0.36,557,0.0326379936716278
sample_t100_p098,50,0.36,0.37,539,0.03158326497128794
sample_t100_p098,50,0.37,0.38,504,0.029532403609515995
sample_t100_p098,50,0.38,0.39,531,0.031114496660025782
sample_t100_p098,50,0.39,0.4,399,0.023379819524200166
sample_t100_p098,50,0.4,0.41000000000000003,542,0.03175905308801125
sample_t100_p098,50,0.41000000000000003,0.42,457,0.026778389780850814
sample_t100_p098,50,0.42,0.43,448,0.026251025430680888
sample_t100_p098,50,0.43,0.44,470,0.027540138286651823
sample_t100_p098,50,0.44,0.45,383,0.022442282901675846
sample_t100_p098,50,0.45,0.46,426,0.02496191257470995
sample_t100_p098,50,0.46,0.47000000000000003,375,0.02197351459041369
sample_t100_p098,50,0.47000000000000003,0.48,378,0.022149302707136997
sample_t100_p098,50,0.48,0.49,395,0.023145435368569084
sample_t100_p098,50,0.49,0.5,220,0.012891128559709364
sample_t100_p098,50,0.5,0.51,469,0.027481542247744052
sample_t100_p098,50,0.51,0.52,319,0.01869213641157858
sample_t100_p098,50,0.52,0.53,284,0.01664127504980663
sample_t100_p098,50,0.53,0.54,279,0.016348294855267783
sample_t100_p098,50,0.54,0.55,234,0.01371147310441814
sample_t100_p098,50,0.55,0.56,233,0.013652877065510372
sample_t100_p098,50,0.56,0.5700000000000001,236,0.013828665182233682
sample_t100_p098,50,0.5700000000000001,0.58,179,0.0104886909644908
sample_t100_p098,50,0.58,0.59,196,0.011484823625922888
sample_t100_p098,50,0.59,0.6,144,0.008437829602718857
sample_t100_p098,50,0.6,0.61,203,0.011894995898277276
sample_t100_p098,50,0.61,0.62,162,0.009492558303058713
sample_t100_p098,50,0.62,0.63,154,0.009023789991796555
sample_t100_p098,50,0.63,0.64,162,0.009492558303058713
sample_t100_p098,50,0.64,0.65,149,0.008730809797257705
sample_t100_p098,50,0.65,0.66,141,0.008262041485995547
sample_t100_p098,50,0.66,0.67,145,0.008496425641626625
sample_t100_p098,50,0.67,0.68,151,0.008848001875073244
sample_t100_p098,50,0.68,0.6900000000000001,111,0.0065041603187624515
sample_t100_p098,50,0.6900000000000001,0.7000000000000001,105,0.0061525840853158325
sample_t100_p098,50,0.7000000000000001,0.71,106,0.006211180124223602
sample_t100_p098,50,0.71,0.72,70,0.004101722723543888
sample_t100_p098,50,0.72,0.73,78,0.004570491034806047
sample_t100_p098,50,0.73,0.74,97,0.005683815774053674
sample_t100_p098,50,0.74,0.75,72,0.004218914801359428
sample_t100_p098,50,0.75,0.76,77,0.004511894995898278
sample_t100_p098,50,0.76,0.77,54,0.003164186101019571
sample_t100_p098,50,0.77,0.78,55,0.003222782139927341
sample_t100_p098,50,0.78,0.79,38,0.0022266494784952537
sample_t100_p098,50,0.79,0.8,24,0.001406304933786476
sample_t100_p098,50,0.8,0.81,40,0.0023438415563107936
sample_t100_p098,50,0.81,0.8200000000000001,34,0.001992265322864174
sample_t100_p098,50,0.8200000000000001,0.8300000000000001,26,0.0015234970116020157
sample_t100_p098,50,0.8300000000000001,0.84,40,0.0023438415563107936
sample_t100_p098,50,0.84,0.85,45,0.0026368217508496426
sample_t100_p098,50,0.85,0.86,35,0.002050861361771944
sample_t100_p098,50,0.86,0.87,40,0.0023438415563107936
sample_t100_p098,50,0.87,0.88,29,0.0016992851283253252
sample_t100_p098,50,0.88,0.89,19,0.0011133247392476268
sample_t100_p098,50,0.89,0.9,9,0.0005273643501699285
sample_t100_p098,50,0.9,0.91,21,0.0012305168170631665
sample_t100_p098,50,0.91,0.92,7,0.00041017227235438887
sample_t100_p098,50,0.92,0.93,21,0.0012305168170631665
sample_t100_p098,50,0.93,0.9400000000000001,6,0.000351576233446619
sample_t100_p098,50,0.9400000000000001,0.9500000000000001,5,0.0002929801945388492
sample_t100_p098,50,0.9500000000000001,0.96,7,0.00041017227235438887
sample_t100_p098,50,0.96,0.97,1,5.8596038907769834e-05
sample_t100_p098,50,0.97,0.98,3,0.0001757881167233095
sample_t100_p098,50,0.98,0.99,2,0.00011719207781553967
sample_t100_p098,50,0.99,1.0,9,0.0005273643501699285
sample_t100_p098,100,0.0,0.01,0,0.0
sample_t100_p098,100,0.01,0.02,0,0.0
sample_t100_p098,100,0.02,0.03,0,0.0
sample_t100_p098,100,0.03,0.04,0,0.0
sample_t100_p098,100,0.04,0.05,0,0.0
sample_t100_p098,100,0.05,0.06,0,0.0
sample_t100_p098,100,0.06,0.07,0,0.0
sample_t100_p098,100,0.07,0.08,0,0.0
sample_t100_p098,100,0.08,0.09,0,0.0
sample_t100_p098,100,0.09,0.1,0,0.0
sample_t100_p098,100,0.1,0.11,0,0.0
sample_t100_p098,100,0.11,0.12,0,0.0
sample_t100_p098,100,0.12,0.13,1,2.2799297781628325e-05
sample_t100_p098,100,0.13,0.14,2,4.559859556325665e-05
sample_t100_p098,100,0.14,0.15,12,0.0002735915733795399
sample_t100_p098,100,0.15,0.16,12,0.0002735915733795399
sample_t100_p098,100,0.16,0.17,26,0.0005927817423223364
sample_t100_p098,100,0.17,0.18,41,0.0009347712090467614
sample_t100_p098,100,0.18,0.19,98,0.002234331182599576
sample_t100_p098,100,0.19,0.2,128,0.0029183101160484256
sample_t100_p098,100,0.2,0.21,256,0.005836620232096851
sample_t100_p098,100,0.21,0.22,283,0.006452201272200816
sample_t100_p098,100,0.22,0.23,393,0.008960124028179932
sample_t100_p098,100,0.23,0.24,471,0.010738469255146942
sample_t100_p098,100,0.24,0.25,538,0.01226602220651604
sample_t100_p098,100,0.25,0.26,766,0.0174642621007273
sample_t100_p098,100,0.26,0.27,924,0.02106655115022457
sample_t100_p098,100,0.27,0.28,941,0.021454139212512255
sample_t100_p098,100,0.28,0.29,1188,0.02708556576457445
sample_t100_p098,100,0.29,0.3,1213,0.027655548209115158
sample_t100_p098,100,0.3,0.31,1412,0.032192608467659194
sample_t100_p098,100,0.31,0.32,1364,0.031098242174141037
sample_t100_p098,100,0.32,0.33,1642,0.037436446957433714
sample_t100_p098,100,0.33,0.34,1342,0.030596657622945212
sample_t100_p098,100,0.34,0.35000000000000003,1704,0.03885000341989467
sample_t100_p098,100,0.35000000000000003,0.36,1552,0.035384510157087164
sample_t100_p098,100,0.36,0.37,1566,0.03570370032602996
sample_t100_p098,100,0.37,0.38,1477,0.03367456282346504
sample_t100_p098,100,0.38,0.39,1462,0.033332573356740614
sample_t100_p098,100,0.39,0.4,1220,0.02781514329358656
sample_t100_p098,100,0.4,0.41000000000000003,1528,0.03483732701032808
sample_t100_p098,100,0.41000000000000003,0.42,1249,0.02847632292925378
sample_t100_p098,100,0.42,0.43,1161,0.026469984724470486
sample_t100_p098,100,0.43,0.44,1251,0.028521921524817036
sample_t100_p098,100,0.44,0.45,986,0.02248010761268553
sample_t100_p098,100,0.45,0.46,1110,0.025307220537607443
sample_t100_p098,100,0.46,0.47000000000000003,988,0.022525706208248786
sample_t100_p098,100,0.47000000000000003,0.48,887,0.020222977132304323
sample_t100_p098,100,0.48,0.49,989,0.022548505506030415
sample_t100_p098,100,0.49,0.5,567,0.01292720184218326
sample_t100_p098,100,0.5,0.51,1096,0.024988030368664645
sample_t100_p098,100,0.51,0.52,765,0.01744146280294567
sample_t100_p098,100,0.52,0.53,673,0.015343927407035864
sample_t100_p098,100,0.53,0.54,672,0.015321128109254236
sample_t100_p098,100,0.54,0.55,528,0.012038029228699756
sample_t100_p098,100,0.55,0.56,544,0.01240281799320581
sample_t100_p098,100,0.56,0.5700000000000001,595,0.013565582180068854
sample_t100_p098,100,0.5700000000000001,0.58,421,0.009598504366065526
sample_t100_p098,100,0.58,0.59,484,0.01103486012630811
sample_t100_p098,100,0.59,0.6,327,0.007455370374592462
sample_t100_p098,100,0.6,0.61,432,0.009849296641663436
sample_t100_p098,100,0.61,0.62,366,0.008344542988075966
sample_t100_p098,100,0.62,0.63,331,0.007546567565718976
sample_t100_p098,100,0.63,0.64,336,0.007660564054627118
sample_t100_p098,100,0.64,0.65,268,0.006110211805476391
sample_t100_p098,100,0.65,0.66,306,0.0069765851211782675
sample_t100_p098,100,0.66,0.67,285,0.006497799867764073
sample_t100_p098,100,0.67,0.68,284,0.006475000569982445
sample_t100_p098,100,0.68,0.6900000000000001,238,0.005426232872027542
sample_t100_p098,100,0.6900000000000001,0.7000000000000001,188,0.004286267982946125
sample_t100_p098,100,0.7000000000000001,0.71,211,0.004810651831923577
sample_t100_p098,100,0.71,0.72,146,0.0033286974761177358
sample_t100_p098,100,0.72,0.73,153,0.0034882925605891337
sample_t100_p098,100,0.73,0.74,186,0.004240669387382869
sample_t100_p098,100,0.74,0.75,117,0.002667517840450514
sample_t100_p098,100,0.75,0.76,147,0.003351496773899364
sample_t100_p098,100,0.76,0.77,103,0.0023483276715077174
sample_t100_p098,100,0.77,0.78,114,0.002599119947105629
sample_t100_p098,100,0.78,0.79,75,0.0017099473336221244
sample_t100_p098,100,0.79,0.8,58,0.001322359271334443
sample_t100_p098,100,0.8,0.81,86,0.001960739609220036
sample_t100_p098,100,0.81,0.8200000000000001,58,0.001322359271334443
sample_t100_p098,100,0.8200000000000001,0.8300000000000001,53,0.0012083627824263012
sample_t100_p098,100,0.8300000000000001,0.84,57,0.0012995599735528146
sample_t100_p098,100,0.84,0.85,68,0.0015503522491507262
sample_t100_p098,100,0.85,0.86,61,0.001390757164679328
sample_t100_p098,100,0.86,0.87,67,0.0015275529513690978
sample_t100_p098,100,0.87,0.88,43,0.000980369804610018
sample_t100_p098,100,0.88,0.89,31,0.0007067782312304782
sample_t100_p098,100,0.89,0.9,16,0.0003647887645060532
sample_t100_p098,100,0.9,0.91,31,0.0007067782312304782
sample_t100_p098,100,0.91,0.92,11,0.0002507922755979116
sample_t100_p098,100,0.92,0.93,29,0.0006611796356672215
sample_t100_p098,100,0.93,0.9400000000000001,6,0.00013679578668976996
sample_t100_p098,100,0.9400000000000001,0.9500000000000001,11,0.0002507922755979116
sample_t100_p098,100,0.9500000000000001,0.96,8,0.0001823943822530266
sample_t100_p098,100,0.96,0.97,1,2.2799297781628325e-05
sample_t100_p098,100,0.97,0.98,3,6.839789334488498e-05
sample_t100_p098,100,0.98,0.99,7,0.00015959508447139828
sample_t100_p098,100,0.99,1.0,15,0.0003419894667244249
sample_t100_p098,250,0.0,0.01,0,0.0
sample_t100_p098,250,0.01,0.02,0,0.0
sample_t100_p098,250,0.02,0.03,0,0.0
sample_t100_p098,250,0.03,0.04,0,0.0
sample_t100_p098,250,0.04,0.05,0,0.0
sample_t100_p098,250,0.05,0.06,0,0.0
sample_t100_p098,250,0.06,0.07,0,0.0
sample_t100_p098,250,0.07,0.08,0,0.0
sample_t100_p098,250,0.08,0.09,0,0.0
sample_t100_p098,250,0.09,0.1,0,0.0
sample_t100_p098,250,0.1,0.11,0,0.0
sample_t100_p098,250,0.11,0.12,0,0.0
sample_t100_p098,250,0.12,0.13,3,3.896609949344071e-05
sample_t100_p098,250,0.13,0.14,8,0.00010390959864917522
sample_t100_p098,250,0.14,0.15,30,0.00038966099493440706
sample_t100_p098,250,0.15,0.16,38,0.0004935705935835823
sample_t100_p098,250,0.16,0.17,57,0.0007403558903753734
sample_t100_p098,250,0.17,0.18,105,0.0013638134822704247
sample_t100_p098,250,0.18,0.19,204,0.002649694765553968
sample_t100_p098,250,0.19,0.2,280,0.0036368359527211326
sample_t100_p098,250,0.2,0.21,536,0.00696194310949474
sample_t100_p098,250,0.21,0.22,576,0.007481491102740615
sample_t100_p098,250,0.22,0.23,802,0.010416937264579816
sample_t100_p098,250,0.23,0.24,946,0.01228731004026497
sample_t100_p098,250,0.24,0.25,989,0.012845824133004287
sample_t100_p098,250,0.25,0.26,1592,0.020678010131185868
sample_t100_p098,250,0.26,0.27,1695,0.022015846213794
sample_t100_p098,250,0.27,0.28,1871,0.024301857384075854
sample_t100_p098,250,0.28,0.29,2199,0.028562150928692038
sample_t100_p098,250,0.29,0.3,2227,0.02892583452396415
sample_t100_p098,250,0.3,0.31,2669,0.03466683984933108
sample_t100_p098,250,0.31,0.32,2523,0.03277048967398363
sample_t100_p098,250,0.32,0.33,2978,0.038680348097155474
sample_t100_p098,250,0.33,0.34,2343,0.03043252370437719
sample_t100_p098,250,0.34,0.35000000000000003,2888,0.03751136511235225
sample_t100_p098,250,0.35000000000000003,0.36,2641,0.03430315625405897
sample_t100_p098,250,0.36,0.37,2713,0.035238342641901545
sample_t100_p098,250,0.37,0.38,2478,0.03218599818158202
sample_t100_p098,250,0.38,0.39,2539,0.03297830887128198
sample_t100_p098,250,0.39,0.4,2060,0.02675672165216262
sample_t100_p098,250,0.4,0.41000000000000003,2581,0.03352383426419015
sample_t100_p098,250,0.41000000000000003,0.42,2206,0.028653071827510066
sample_t100_p098,250,0.42,0.43,2031,0.026380049357059357
sample_t100_p098,250,0.43,0.44,2079,0.027003506948954408
sample_t100_p098,250,0.44,0.45,1727,0.0224314846083907
sample_t100_p098,250,0.45,0.46,1935,0.025133134173269255
sample_t100_p098,250,0.46,0.47000000000000003,1761,0.022873100402649695
sample_t100_p098,250,0.47000000000000003,0.48,1548,0.020106507338615406
sample_t100_p098,250,0.48,0.49,1712,0.022236654110923498
sample_t100_p098,250,0.49,0.5,996,0.012936745031822315
sample_t100_p098,250,0.5,0.51,1941,0.025211066372256136
sample_t100_p098,250,0.51,0.52,1295,0.01682036628133524
sample_t100_p098,250,0.52,0.53,1169,0.015183790102610728
sample_t100_p098,250,0.53,0.54,1120,0.01454734381088453
sample_t100_p098,250,0.54,0.55,940,0.012209377841278088
sample_t100_p098,250,0.55,0.56,940,0.012209377841278088
sample_t100_p098,250,0.56,0.5700000000000001,918,0.011923626444992856
sample_t100_p098,250,0.5700000000000001,0.58,719,0.009338875178594623
sample_t100_p098,250,0.58,0.59,779,0.010118197168463437
sample_t100_p098,250,0.59,0.6,557,0.007234705805948824
sample_t100_p098,250,0.6,0.61,727,0.009442784777243798
sample_t100_p098,250,0.61,0.62,603,0.007832185998181583
sample_t100_p098,250,0.62,0.63,542,0.007039875308481621
sample_t100_p098,250,0.63,0.64,579,0.007520457202234056
sample_t100_p098,250,0.64,0.65,493,0.006403429016755423
sample_t100_p098,250,0.65,0.66,480,0.006234575918950513
sample_t100_p098,250,0.66,0.67,452,0.0058708923236784
sample_t100_p098,250,0.67,0.68,418,0.005429276529419405
sample_t100_p098,250,0.68,0.6900000000000001,389,0.005052604234316145
sample_t100_p098,250,0.6900000000000001,0.7000000000000001,326,0.00423431614495389
sample_t100_p098,250,0.7000000000000001,0.71,330,0.0042862709442784775
sample_t100_p098,250,0.71,0.72,244,0.003169242758799844
sample_t100_p098,250,0.72,0.73,236,0.0030653331601506687
sample_t100_p098,250,0.73,0.74,282,0.0036628133523834263
sample_t100_p098,250,0.74,0.75,184,0.00238992076893103
sample_t100_p098,250,0.75,0.76,241,0.0031302766593064033
sample_t100_p098,250,0.76,0.77,167,0.002169112871801533
sample_t100_p098,250,0.77,0.78,156,0.002026237173658917
sample_t100_p098,250,0.78,0.79,105,0.0013638134822704247
sample_t100_p098,250,0.79,0.8,96,0.0012469151837901026
sample_t100_p098,250,0.8,0.81,126,0.0016365761787245096
sample_t100_p098,250,0.81,0.8200000000000001,94,0.0012209377841278088
sample_t100_p098,250,0.8200000000000001,0.8300000000000001,75,0.0009741524873360176
sample_t100_p098,250,0.8300000000000001,0.84,89,0.0011559942849720744
sample_t100_p098,250,0.84,0.85,97,0.0012599038836212495
sample_t100_p098,250,0.85,0.86,95,0.0012339264839589558
sample_t100_p098,250,0.86,0.87,99,0.0012858812832835433
sample_t100_p098,250,0.87,0.88,73,0.0009481750876737239
sample_t100_p098,250,0.88,0.89,45,0.0005844914924016106
sample_t100_p098,250,0.89,0.9,27,0.00035069489544096636
sample_t100_p098,250,0.9,0.91,44,0.0005715027925704637
sample_t100_p098,250,0.91,0.92,20,0.000259773996622938
sample_t100_p098,250,0.92,0.93,39,0.0005065592934147292
sample_t100_p098,250,0.93,0.9400000000000001,15,0.00019483049746720353
sample_t100_p098,250,0.9400000000000001,0.9500000000000001,13,0.00016885309780490974
sample_t100_p098,250,0.9500000000000001,0.96,12,0.00015586439797376283
sample_t100_p098,250,0.96,0.97,3,3.896609949344071e-05
sample_t100_p098,250,0.97,0.98,8,0.00010390959864917522
sample_t100_p098,250,0.98,0.99,7,9.092089881802831e-05
sample_t100_p098,250,0.99,1.0,15,0.00019483049746720353
sample_t100_p098,500,0.0,0.01,0,0.0
sample_t100_p098,500,0.01,0.02,0,0.0
sample_t100_p098,500,0.02,0.03,0,0.0
sample_t100_p098,500,0.03,0.04,0,0.0
sample_t100_p098,500,0.04,0.05,0,0.0
sample_t100_p098,500,0.05,0.06,0,0.0
sample_t100_p098,500,0.06,0.07,0,0.0
sample_t100_p098,500,0.07,0.08,0,0.0
sample_t100_p098,500,0.08,0.09,2,2.0769941740313418e-05
sample_t100_p098,500,0.09,0.1,2,2.0769941740313418e-05
sample_t100_p098,500,0.1,0.11,1,1.0384970870156709e-05
sample_t100_p098,500,0.11,0.12,18,0.00018692947566282078
sample_t100_p098,500,0.12,0.13,13,0.00013500462131203723
sample_t100_p098,500,0.13,0.14,23,0.00023885433001360432
sample_t100_p098,500,0.14,0.15,43,0.0004465537474167385
sample_t100_p098,500,0.15,0.16,68,0.0007061780191706562
sample_t100_p098,500,0.16,0.17,116,0.0012046566209381782
sample_t100_p098,500,0.17,0.18,187,0.0019419895527193047
sample_t100_p098,500,0.18,0.19,374,0.0038839791054386093
sample_t100_p098,500,0.19,0.2,419,0.0043513027945956614
sample_t100_p098,500,0.2,0.21,710,0.007373329317811264
sample_t100_p098,500,0.21,0.22,758,0.007871807919578786
sample_t100_p098,500,0.22,0.23,1111,0.011537702636744104
sample_t100_p098,500,0.23,0.24,1194,0.01239965521896711
sample_t100_p098,500,0.24,0.25,1321,0.013718546519477013
sample_t100_p098,500,0.25,0.26,1999,0.02075955676944326
sample_t100_p098,500,0.26,0.27,2098,0.021787668885588776
sample_t100_p098,500,0.27,0.28,2184,0.022680776380422252
sample_t100_p098,500,0.28,0.29,2663,0.027655177427227316
sample_t100_p098,500,0.29,0.3,2692,0.027956341582461863
sample_t100_p098,500,0.3,0.31,3232,0.03356422585234648
sample_t100_p098,500,0.31,0.32,3161,0.032826892920565356
sample_t100_p098,500,0.32,0.33,3581,0.037188580686031175
sample_t100_p098,500,0.33,0.34,2937,0.030500659445650256
sample_t100_p098,500,0.34,0.35000000000000003,3559,0.03696011132688773
sample_t100_p098,500,0.35000000000000003,0.36,3334,0.03462349288110247
sample_t100_p098,500,0.36,0.37,3456,0.035890459327261585
sample_t100_p098,500,0.37,0.38,3193,0.033159211988410375
sample_t100_p098,500,0.38,0.39,3052,0.031694931095718276
sample_t100_p098,500,0.39,0.4,2556,0.02654398554412055
sample_t100_p098,500,0.4,0.41000000000000003,3191,0.03313844204667006
sample_t100_p098,500,0.41000000000000003,0.42,2813,0.029212923057750823
sample_t100_p098,500,0.42,0.43,2495,0.02591050232104099
sample_t100_p098,500,0.43,0.44,2589,0.02688668958283572
sample_t100_p098,500,0.44,0.45,2215,0.02300271047739711
sample_t100_p098,500,0.45,0.46,2493,0.025889732379300676
sample_t100_p098,500,0.46,0.47000000000000003,2313,0.024020437622672468
sample_t100_p098,500,0.47000000000000003,0.48,1974,0.020499932497689343
sample_t100_p098,500,0.48,0.49,2102,0.0218292087690694
sample_t100_p098,500,0.49,0.5,1245,0.012929288733345102
sample_t100_p098,500,0.5,0.51,2449,0.02543279366101378
sample_t100_p098,500,0.51,0.52,1645,0.017083277081407788
sample_t100_p098,500,0.52,0.53,1406,0.014601269043440333
sample_t100_p098,500,0.53,0.54,1425,0.01479858348997331
sample_t100_p098,500,0.54,0.55,1206,0.012524274869408991
sample_t100_p098,500,0.55,0.56,1222,0.012690434403331499
sample_t100_p098,500,0.56,0.5700000000000001,1155,0.011994641355031
sample_t100_p098,500,0.5700000000000001,0.58,933,0.00968917782185621
sample_t100_p098,500,0.58,0.59,951,0.00987610729751903
sample_t100_p098,500,0.59,0.6,680,0.007061780191706562
sample_t100_p098,500,0.6,0.61,937,0.009730717705336837
sample_t100_p098,500,0.61,0.62,725,0.007529103880863614
sample_t100_p098,500,0.62,0.63,710,0.007373329317811264
sample_t100_p098,500,0.63,0.64,685,0.007113705046057346
sample_t100_p098,500,0.64,0.65,607,0.006303677318185122
sample_t100_p098,500,0.65,0.66,566,0.005877893512508697
sample_t100_p098,500,0.66,0.67,550,0.0057117339785861905
sample_t100_p098,500,0.67,0.68,499,0.005182100464208198
sample_t100_p098,500,0.68,0.6900000000000001,500,0.005192485435078355
sample_t100_p098,500,0.6900000000000001,0.7000000000000001,384,0.003987828814140176
sample_t100_p098,500,0.7000000000000001,0.71,422,0.0043824577072061315
sample_t100_p098,500,0.71,0.72,325,0.0033751155328009307
sample_t100_p098,500,0.72,0.73,295,0.0030635664066962294
sample_t100_p098,500,0.73,0.74,306,0.003177801086267953
sample_t100_p098,500,0.74,0.75,214,0.002222383766213536
sample_t100_p098,500,0.75,0.76,264,0.0027416323097213713
sample_t100_p098,500,0.76,0.77,213,0.002211998795343379
sample_t100_p098,500,0.77,0.78,192,0.001993914407070088
sample_t100_p098,500,0.78,0.79,127,0.001318891300509902
sample_t100_p098,500,0.79,0.8,102,0.0010592670287559844
sample_t100_p098,500,0.8,0.81,136,0.0014123560383413124
sample_t100_p098,500,0.81,0.8200000000000001,106,0.001100806912236611
sample_t100_p098,500,0.8200000000000001,0.8300000000000001,91,0.0009450323491842606
sample_t100_p098,500,0.8300000000000001,0.84,100,0.001038497087015671
sample_t100_p098,500,0.84,0.85,110,0.001142346795717238
sample_t100_p098,500,0.85,0.86,109,0.0011319618248470814
sample_t100_p098,500,0.86,0.87,103,0.001069651999626141
sample_t100_p098,500,0.87,0.88,80,0.0008307976696125367
sample_t100_p098,500,0.88,0.89,54,0.0005607884269884623
sample_t100_p098,500,0.89,0.9,31,0.000321934096974858
sample_t100_p098,500,0.9,0.91,48,0.000498478601767522
sample_t100_p098,500,0.91,0.92,23,0.00023885433001360432
sample_t100_p098,500,0.92,0.93,40,0.00041539883480626837
sample_t100_p098,500,0.93,0.9400000000000001,16,0.00016615953392250734
sample_t100_p098,500,0.9400000000000001,0.9500000000000001,13,0.00013500462131203723
sample_t100_p098,500,0.9500000000000001,0.96,16,0.00016615953392250734
sample_t100_p098,500,0.96,0.97,2,2.0769941740313418e-05
sample_t100_p098,500,0.97,0.98,7,7.269479609109697e-05
sample_t100_p098,500,0.98,0.99,8,8.307976696125367e-05
sample_t100_p098,500,0.99,1.0,18,0.00018692947566282078
sample_t100_p098,1000,0.0,0.01,0,0.0
sample_t100_p098,1000,0.01,0.02,0,0.0
sample_t100_p098,1000,0.02,0.03,0,0.0
sample_t100_p098,1000,0.03,0.04,0,0.0
sample_t100_p098,1000,0.04,0.05,0,0.0
sample_t100_p098,1000,0.05,0.06,0,0.0
sample_t100_p098,1000,0.06,0.07,0,0.0
sample_t100_p098,1000,0.07,0.08,0,0.0
sample_t100_p098,1000,0.08,0.09,2,1.8325758686409617e-05
sample_t100_p098,1000,0.09,0.1,3,2.7488638029614427e-05
sample_t100_p098,1000,0.1,0.11,2,1.8325758686409617e-05
sample_t100_p098,1000,0.11,0.12,24,0.00021990910423691542
sample_t100_p098,1000,0.12,0.13,19,0.00017409470752089137
sample_t100_p098,1000,0.13,0.14,21,0.00019242046620730099
sample_t100_p098,1000,0.14,0.15,65,0.0005955871573083126
sample_t100_p098,1000,0.15,0.16,87,0.0007971705028588183
sample_t100_p098,1000,0.16,0.17,129,0.0011820114352734203
sample_t100_p098,1000,0.17,0.18,220,0.002015833455505058
sample_t100_p098,1000,0.18,0.19,388,0.0035551971851634657
sample_t100_p098,1000,0.19,0.2,488,0.004471485119483947
sample_t100_p098,1000,0.2,0.21,792,0.007257000439818208
sample_t100_p098,1000,0.21,0.22,978,0.008961295997654302
sample_t100_p098,1000,0.22,0.23,1316,0.012058349215657528
sample_t100_p098,1000,0.23,0.24,1544,0.014147485705908224
sample_t100_p098,1000,0.24,0.25,1592,0.014587303914382056
sample_t100_p098,1000,0.25,0.26,2399,0.021981747544348337
sample_t100_p098,1000,0.26,0.27,2406,0.02204588769975077
sample_t100_p098,1000,0.27,0.28,2630,0.024098372672628647
sample_t100_p098,1000,0.28,0.29,3133,0.028707300982260667
sample_t100_p098,1000,0.29,0.3,3290,0.03014587303914382
sample_t100_p098,1000,0.3,0.31,3799,0.034809778624835065
sample_t100_p098,1000,0.31,0.32,3599,0.032977202756194104
sample_t100_p098,1000,0.32,0.33,4136,0.03789766896349509
sample_t100_p098,1000,0.33,0.34,3360,0.030787274593168157
sample_t100_p098,1000,0.34,0.35000000000000003,3953,0.03622086204368861
sample_t100_p098,1000,0.35000000000000003,0.36,3722,0.0341042369154083
sample_t100_p098,1000,0.36,0.37,3935,0.03605593021551092
sample_t100_p098,1000,0.37,0.38,3518,0.032235009529394516
sample_t100_p098,1000,0.38,0.39,3469,0.031786028441577484
sample_t100_p098,1000,0.39,0.4,2932,0.0268655622342765
sample_t100_p098,1000,0.4,0.41000000000000003,3585,0.03284892244538924
sample_t100_p098,1000,0.41000000000000003,0.42,3020,0.027671895616478523
sample_t100_p098,1000,0.42,0.43,2765,0.025335361383961297
sample_t100_p098,1000,0.43,0.44,2888,0.026462395543175487
sample_t100_p098,1000,0.44,0.45,2500,0.022907198358012023
sample_t100_p098,1000,0.45,0.46,2818,0.02582099398915115
sample_t100_p098,1000,0.46,0.47000000000000003,2511,0.023007990030787275
sample_t100_p098,1000,0.47000000000000003,0.48,2113,0.01936116405219176
sample_t100_p098,1000,0.48,0.49,2238,0.020506523970092363
sample_t100_p098,1000,0.49,0.5,1455,0.013331989444362997
sample_t100_p098,1000,0.5,0.51,2783,0.025500293212138984
sample_t100_p098,1000,0.51,0.52,1818,0.016658114645946343
sample_t100_p098,1000,0.52,0.53,1602,0.014678932707814103
sample_t100_p098,1000,0.53,0.54,1632,0.014953819088110248
sample_t100_p098,1000,0.54,0.55,1310,0.012003371939598299
sample_t100_p098,1000,0.55,0.56,1400,0.012828031080486732
sample_t100_p098,1000,0.56,0.5700000000000001,1371,0.012562307579533792
sample_t100_p098,1000,0.5700000000000001,0.58,1099,0.010070004398182085
sample_t100_p098,1000,0.58,0.59,1091,0.009996701363436446
sample_t100_p098,1000,0.59,0.6,756,0.006927136783462835
sample_t100_p098,1000,0.6,0.61,1004,0.009199530860577627
sample_t100_p098,1000,0.61,0.62,766,0.007018765576894883
sample_t100_p098,1000,0.62,0.63,759,0.00695462542149245
sample_t100_p098,1000,0.63,0.64,745,0.0068263451106875825
sample_t100_p098,1000,0.64,0.65,665,0.006093314763231198
sample_t100_p098,1000,0.65,0.66,618,0.005662659434100572
sample_t100_p098,1000,0.66,0.67,625,0.005726799589503006
sample_t100_p098,1000,0.67,0.68,558,0.0051128866735082835
sample_t100_p098,1000,0.68,0.6900000000000001,549,0.00503042075941944
sample_t100_p098,1000,0.6900000000000001,0.7000000000000001,404,0.0037018032546547426
sample_t100_p098,1000,0.7000000000000001,0.71,442,0.004049992669696525
sample_t100_p098,1000,0.71,0.72,347,0.0031795191320920686
sample_t100_p098,1000,0.72,0.73,303,0.002776352440991057
sample_t100_p098,1000,0.73,0.74,322,0.0029504471485119485
sample_t100_p098,1000,0.74,0.75,234,0.0021441137663099252
sample_t100_p098,1000,0.75,0.76,266,0.002437325905292479
sample_t100_p098,1000,0.76,0.77,225,0.002061647852221082
sample_t100_p098,1000,0.77,0.78,187,0.0017134584371792992
sample_t100_p098,1000,0.78,0.79,127,0.0011636856765870106
sample_t100_p098,1000,0.79,0.8,97,0.0008887992962908664
sample_t100_p098,1000,0.8,0.81,147,0.0013469432634511068
sample_t100_p098,1000,0.81,0.8200000000000001,120,0.001099545521184577
sample_t100_p098,1000,0.8200000000000001,0.8300000000000001,108,0.0009895909690661193
sample_t100_p098,1000,0.8300000000000001,0.84,105,0.0009621023310365049
sample_t100_p098,1000,0.84,0.85,120,0.001099545521184577
sample_t100_p098,1000,0.85,0.86,127,0.0011636856765870106
sample_t100_p098,1000,0.86,0.87,110,0.001007916727752529
sample_t100_p098,1000,0.87,0.88,76,0.0006963788300835655
sample_t100_p098,1000,0.88,0.89,65,0.0005955871573083126
sample_t100_p098,1000,0.89,0.9,28,0.00025656062160973463
sample_t100_p098,1000,0.9,0.91,40,0.00036651517372819235
sample_t100_p098,1000,0.91,0.92,26,0.00023823486292332504
sample_t100_p098,1000,0.92,0.93,44,0.0004031666911010116
sample_t100_p098,1000,0.93,0.9400000000000001,16,0.00014660606949127694
sample_t100_p098,1000,0.9400000000000001,0.9500000000000001,16,0.00014660606949127694
sample_t100_p098,1000,0.9500000000000001,0.96,14,0.00012828031080486731
sample_t100_p098,1000,0.96,0.97,3,2.7488638029614427e-05
sample_t100_p098,1000,0.97,0.98,2,1.8325758686409617e-05
sample_t100_p098,1000,0.98,0.99,4,3.6651517372819234e-05
sample_t100_p098,1000,0.99,1.0,16,0.00014660606949127694
sample_t120_p0995,50,0.0,0.01,0,0.0
sample_t120_p0995,50,0.01,0.02,0,0.0
sample_t120_p0995,50,0.02,0.03,0,0.0
sample_t120_p0995,50,0.03,0.04,0,0.0
sample_t120_p0995,50,0.04,0.05,0,0.0
sample_t120_p0995,50,0.05,0.06,0,0.0
sample_t120_p0995,50,0.06,0.07,0,0.0
sample_t120_p0995,50,0.07,0.08,0,0.0
sample_t120_p0995,50,0.08,0.09,0,0.0
sample_t120_p0995,50,0.09,0.1,0,0.0
sample_t120_p0995,50,0.1,0.11,0,0.0
sample_t120_p0995,50,0.11,0.12,0,0.0
sample_t120_p0995,50,0.12,0.13,1,4.321147696828278e-05
sample_t120_p0995,50,0.13,0.14,0,0.0
sample_t120_p0995,50,0.14,0.15,3,0.00012963443090484831
sample_t120_p0995,50,0.15,0.16,3,0.00012963443090484831
sample_t120_p0995,50,0.16,0.17,8,0.00034569181574626223
sample_t120_p0995,50,0.17,0.18,29,0.0012531328320802004
sample_t120_p0995,50,0.18,0.19,32,0.001382767262985049
sample_t120_p0995,50,0.19,0.2,69,0.0029815919108115117
sample_t120_p0995,50,0.2,0.21,124,0.005358223144067064
sample_t120_p0995,50,0.21,0.22,148,0.00639529859130585
sample_t120_p0995,50,0.22,0.23,202,0.00872871834759312
sample_t120_p0995,50,0.23,0.24,269,0.011623887304468066
sample_t120_p0995,50,0.24,0.25,249,0.01075965776510241
sample_t120_p0995,50,0.25,0.26,355,0.015340074323740386
sample_t120_p0995,50,0.26,0.27,381,0.016463572724915738
sample_t120_p0995,50,0.27,0.28,421,0.01819203180364705
sample_t120_p0995,50,0.28,0.29,498,0.02151931553020482
sample_t120_p0995,50,0.29,0.3,560,0.024198427102238355
sample_t120_p0995,50,0.3,0.31,626,0.027050384582145016
sample_t120_p0995,50,0.31,0.32,663,0.02864920922997148
sample_t120_p0995,50,0.32,0.33,803,0.03469881600553107
sample_t120_p0995,50,0.33,0.34,639,0.027612133782732695
sample_t120_p0995,50,0.34,0.35000000000000003,811,0.03504450782127733
sample_t120_p0995,50,0.35000000000000003,0.36,784,0.0338777979431337
sample_t120_p0995,50,0.36,0.37,805,0.03478523895946763
sample_t120_p0995,50,0.37,0.38,768,0.03318641431164117
sample_t120_p0995,50,0.38,0.39,722,0.031198686371100164
sample_t120_p0995,50,0.39,0.4,638,0.02756892230576441
sample_t120_p0995,50,0.4,0.41000000000000003,817,0.035303776683087026
sample_t120_p0995,50,0.41000000000000003,0.42,662,0.0286059977530032
sample_t120_p0995,50,0.42,0.43,587,0.02536513698038199
sample_t120_p0995,50,0.43,0.44,623,0.02692075015124017
sample_t120_p0995,50,0.44,0.45,517,0.022340333592602193
sample_t120_p0995,50,0.45,0.46,634,0.02739607639789128
sample_t120_p0995,50,0.46,0.47000000000000003,538,0.023247774608936133
sample_t120_p0995,50,0.47000000000000003,0.48,477,0.020611874513870886
sample_t120_p0995,50,0.48,0.49,537,0.02320456313196785
sample_t120_p0995,50,0.49,0.5,266,0.011494252873563218
sample_t120_p0995,50,0.5,0.51,638,0.02756892230576441
sample_t120_p0995,50,0.51,0.52,372,0.01607466943220119
sample_t120_p0995,50,0.52,0.53,362,0.015642554662518366
sample_t120_p0995,50,0.53,0.54,360,0.0155561317085818
sample_t120_p0995,50,0.54,0.55,308,0.013309134906231096
sample_t120_p0995,50,0.55,0.56,329,0.014216575922565033
sample_t120_p0995,50,0.56,0.5700000000000001,309,0.013352346383199378
sample_t120_p0995,50,0.5700000000000001,0.58,249,0.01075965776510241
sample_t120_p0995,50,0.58,0.59,258,0.011148561057816956
sample_t120_p0995,50,0.59,0.6,202,0.00872871834759312
sample_t120_p0995,50,0.6,0.61,310,0.01339555786016766
sample_t120_p0995,50,0.61,0.62,208,0.008987987209402817
sample_t120_p0995,50,0.62,0.63,230,0.009938639702705039
sample_t120_p0995,50,0.63,0.64,212,0.009160833117275948
sample_t120_p0995,50,0.64,0.65,181,0.007821277331259183
sample_t120_p0995,50,0.65,0.66,205,0.008858352778497969
sample_t120_p0995,50,0.66,0.67,190,0.008210180623973728
sample_t120_p0995,50,0.67,0.68,201,0.008685506870624839
sample_t120_p0995,50,0.68,0.6900000000000001,193,0.008339815054878576
sample_t120_p0995,50,0.6900000000000001,0.7000000000000001,128,0.005531069051940196
sample_t120_p0995,50,0.7000000000000001,0.71,154,0.006654567453115548
sample_t120_p0995,50,0.71,0.72,113,0.0048828968974159535
sample_t120_p0995,50,0.72,0.73,92,0.003975455881082016
sample_t120_p0995,50,0.73,0.74,135,0.005833549390718174
sample_t120_p0995,50,0.74,0.75,96,0.004148301788955146
sample_t120_p0995,50,0.75,0.76,98,0.004234724742891712
sample_t120_p0995,50,0.76,0.77,79,0.003413706680494339
sample_t120_p0995,50,0.77,0.78,83,0.0035865525883674704
sample_t120_p0995,50,0.78,0.79,39,0.0016852476017630283
sample_t120_p0995,50,0.79,0.8,46,0.001987727940541008
sample_t120_p0995,50,0.8,0.81,52,0.0022469968023507043
sample_t120_p0995,50,0.81,0.8200000000000001,50,0.0021605738484141387
sample_t120_p0995,50,0.8200000000000001,0.8300000000000001,38,0.0016420361247947454
sample_t120_p0995,50,0.8300000000000001,0.84,56,0.0024198427102238356
sample_t120_p0995,50,0.84,0.85,59,0.002549477141128684
sample_t120_p0995,50,0.85,0.86,45,0.001944516463572725
sample_t120_p0995,50,0.86,0.87,58,0.002506265664160401
sample_t120_p0995,50,0.87,0.88,26,0.0011234984011753522
sample_t120_p0995,50,0.88,0.89,22,0.0009506524933022211
sample_t120_p0995,50,0.89,0.9,6,0.00025926886180969663
sample_t120_p0995,50,0.9,0.91,13,0.0005617492005876761
sample_t120_p0995,50,0.91,0.92,10,0.00043211476968282777
sample_t120_p0995,50,0.92,0.93,20,0.0008642295393656555
sample_t120_p0995,50,0.93,0.9400000000000001,7,0.00030248033877797946
sample_t120_p0995,50,0.9400000000000001,0.9500000000000001,5,0.00021605738484141389
sample_t120_p0995,50,0.9500000000000001,0.96,5,0.00021605738484141389
sample_t120_p0995,50,0.96,0.97,4,0.00017284590787313111
sample_t120_p0995,50,0.97,0.98,3,0.00012963443090484831
sample_t120_p0995,50,0.98,0.99,5,0.00021605738484141389
sample_t120_p0995,50,0.99,1.0,9,0.000388903292714545
sample_t120_p0995,100,0.0,0.01,0,0.0
sample_t120_p0995,100,0.01,0.02,0,0.0
sample_t120_p0995,100,0.02,0.03,0,0.0
sample_t120_p0995,100,0.03,0.04,0,0.0
sample_t120_p0995,100,0.04,0.05,0,0.0
sample_t120_p0995,100,0.05,0.06,0,0.0
sample_t120_p0995,100,0.06,0.07,0,0.0
sample_t120_p0995,100,0.07,0.08,0,0.0
sample_t120_p0995,100,0.08,0.09,0,0.0
sample_t120_p0995,100,0.09,0.1,0,0.0
sample_t120_p0995,100,0.1,0.11,0,0.0
sample_t120_p0995,100,0.11,0.12,0,0.0
sample_t120_p0995,100,0.12,0.13,2,3.319006289516919e-05
sample_t120_p0995,100,0.13,0.14,4,6.638012579033838e-05
sample_t120_p0995,100,0.14,0.15,19,0.00031530559750410727
sample_t120_p0995,100,0.15,0.16,12,0.00019914037737101513
sample_t120_p0995,100,0.16,0.17,50,0.0008297515723792296
sample_t120_p0995,100,0.17,0.18,75,0.0012446273585688444
sample_t120_p0995,100,0.18,0.19,139,0.0023067093712142587
sample_t120_p0995,100,0.19,0.2,234,0.003883237358734795
sample_t120_p0995,100,0.2,0.21,379,0.006289516918634561
sample_t120_p0995,100,0.21,0.22,516,0.00856303622695365
sample_t120_p0995,100,0.22,0.23,668,0.011085481006986508
sample_t120_p0995,100,0.23,0.24,787,0.013060289749249075
sample_t120_p0995,100,0.24,0.25,836,0.013873446290180719
sample_t120_p0995,100,0.25,0.26,1180,0.01958213710814982
sample_t120_p0995,100,0.26,0.27,1214,0.020146368177367695
sample_t120_p0995,100,0.27,0.28,1294,0.021473970693174464
sample_t120_p0995,100,0.28,0.29,1551,0.025738893775203706
sample_t120_p0995,100,0.29,0.3,1623,0.026933736039429796
sample_t120_p0995,100,0.3,0.31,1855,0.030783783335269422
sample_t120_p0995,100,0.31,0.32,1874,0.03109908893277353
sample_t120_p0995,100,0.32,0.33,2316,0.03843409283260592
sample_t120_p0995,100,0.33,0.34,1724,0.02860983421563584
sample_t120_p0995,100,0.34,0.35000000000000003,2147,0.03562953251796412
sample_t120_p0995,100,0.35000000000000003,0.36,2113,0.03506530144874625
sample_t120_p0995,100,0.36,0.37,2210,0.03667501949916195
sample_t120_p0995,100,0.37,0.38,1952,0.03239350138568513
sample_t120_p0995,100,0.38,0.39,1946,0.032293931196999616
sample_t120_p0995,100,0.39,0.4,1741,0.028891949750244776
sample_t120_p0995,100,0.4,0.41000000000000003,2140,0.03551336729783103
sample_t120_p0995,100,0.41000000000000003,0.42,1695,0.028128578303655886
sample_t120_p0995,100,0.42,0.43,1575,0.026137174529945736
sample_t120_p0995,100,0.43,0.44,1593,0.026435885096002257
sample_t120_p0995,100,0.44,0.45,1438,0.023863655221626645
sample_t120_p0995,100,0.45,0.46,1572,0.02608738943560298
sample_t120_p0995,100,0.46,0.47000000000000003,1422,0.02359813471846529
sample_t120_p0995,100,0.47000000000000003,0.48,1174,0.019482566919464313
sample_t120_p0995,100,0.48,0.49,1403,0.023282829120961183
sample_t120_p0995,100,0.49,0.5,714,0.0118488524535754
sample_t120_p0995,100,0.5,0.51,1595,0.026469075158897425
sample_t120_p0995,100,0.51,0.52,975,0.01618015566139498
sample_t120_p0995,100,0.52,0.53,896,0.014869148177035796
sample_t120_p0995,100,0.53,0.54,928,0.015400189183358502
sample_t120_p0995,100,0.54,0.55,728,0.012081182893841583
sample_t120_p0995,100,0.55,0.56,759,0.012595628868716706
sample_t120_p0995,100,0.56,0.5700000000000001,753,0.012496058680031199
sample_t120_p0995,100,0.5700000000000001,0.58,593,0.009840853648417663
sample_t120_p0995,100,0.58,0.59,601,0.00997361389999834
sample_t120_p0995,100,0.59,0.6,452,0.007500954214308236
sample_t120_p0995,100,0.6,0.61,612,0.01015615924592177
sample_t120_p0995,100,0.61,0.62,499,0.008280920692344712
sample_t120_p0995,100,0.62,0.63,457,0.007583929371546159
sample_t120_p0995,100,0.63,0.64,456,0.0075673343400985745
sample_t120_p0995,100,0.64,0.65,380,0.006306111950082145
sample_t120_p0995,100,0.65,0.66,376,0.006239731824291807
sample_t120_p0995,100,0.66,0.67,368,0.00610697157271113
sample_t120_p0995,100,0.67,0.68,381,0.00632270698152973
sample_t120_p0995,100,0.68,0.6900000000000001,359,0.005957616289682869
sample_t120_p0995,100,0.6900000000000001,0.7000000000000001,246,0.00408237773610581
sample_t120_p0995,100,0.7000000000000001,0.71,313,0.005194244843093978
sample_t120_p0995,100,0.71,0.72,228,0.0037836671700492873
sample_t120_p0995,100,0.72,0.73,199,0.003302411258069334
sample_t120_p0995,100,0.73,0.74,238,0.0039496174845251334
sample_t120_p0995,100,0.74,0.75,163,0.002704990125956289
sample_t120_p0995,100,0.75,0.76,183,0.0030368907549079807
sample_t120_p0995,100,0.76,0.77,139,0.0023067093712142587
sample_t120_p0995,100,0.77,0.78,149,0.0024726596856901044
sample_t120_p0995,100,0.78,0.79,80,0.0013276025158067675
sample_t120_p0995,100,0.79,0.8,70,0.0011616522013309215
sample_t120_p0995,100,0.8,0.81,110,0.0018254534592343052
sample_t120_p0995,100,0.81,0.8200000000000001,75,0.0012446273585688444
sample_t120_p0995,100,0.8200000000000001,0.8300000000000001,55,0.0009127267296171526
sample_t120_p0995,100,0.8300000000000001,0.84,94,0.0015599329560729517
sample_t120_p0995,100,0.84,0.85,105,0.0017424783019963823
sample_t120_p0995,100,0.85,0.86,86,0.001427172704492275
sample_t120_p0995,100,0.86,0.87,94,0.0015599329560729517
sample_t120_p0995,100,0.87,0.88,55,0.0009127267296171526
sample_t120_p0995,100,0.88,0.89,45,0.0007467764151413067
sample_t120_p0995,100,0.89,0.9,21,0.00034849566039927643
sample_t120_p0995,100,0.9,0.91,37,0.00061401616356063
sample_t120_p0995,100,0.91,0.92,13,0.0002157354088185997
sample_t120_p0995,100,0.92,0.93,35,0.0005808261006654608
sample_t120_p0995,100,0.93,0.9400000000000001,15,0.0002489254717137689
sample_t120_p0995,100,0.9400000000000001,0.9500000000000001,8,0.00013276025158067675
sample_t120_p0995,100,0.9500000000000001,0.96,14,0.00023233044026618432
sample_t120_p0995,100,0.96,0.97,6,9.957018868550756e-05
sample_t120_p0995,100,0.97,0.98,5,8.297515723792297e-05
sample_t120_p0995,100,0.98,0.99,5,8.297515723792297e-05
sample_t120_p0995,100,0.99,1.0,18,0.00029871056605652266
sample_t120_p0995,250,0.0,0.01,0,0.0
sample_t120_p0995,250,0.01,0.02,0,0.0
sample_t120_p0995,250,0.02,0.03,0,0.0
sample_t120_p0995,250,0.03,0.04,0,0.0
sample_t120_p0995,250,0.04,0.05,0,0.0
sample_t120_p0995,250,0.05,0.06,0,0.0
sample_t120_p0995,250,0.06,0.07,0,0.0
sample_t120_p0995,250,0.07,0.08,0,0.0
sample_t120_p0995,250,0.08,0.09,0,0.0
sample_t120_p0995,250,0.09,0.1,0,0.0
sample_t120_p0995,250,0.1,0.11,0,0.0
sample_t120_p0995,250,0.11,0.12,1,9.638647119490309e-06
sample_t120_p0995,250,0.12,0.13,5,4.819323559745154e-05
sample_t120_p0995,250,0.13,0.14,7,6.747052983643216e-05
sample_t120_p0995,250,0.14,0.15,50,0.0004819323559745154
sample_t120_p0995,250,0.15,0.16,51,0.0004915710030940057
sample_t120_p0995,250,0.16,0.17,115,0.0011084444187413854
sample_t120_p0995,250,0.17,0.18,175,0.001686763245910804
sample_t120_p0995,250,0.18,0.19,293,0.0028241236060106605
sample_t120_p0995,250,0.19,0.2,442,0.004260282026814716
sample_t120_p0995,250,0.2,0.21,783,0.007547060694560912
sample_t120_p0995,250,0.21,0.22,911,0.008780807525855671
sample_t120_p0995,250,0.22,0.23,1230,0.01185553595697308
sample_t120_p0995,250,0.23,0.24,1384,0.013339887613374587
sample_t120_p0995,250,0.24,0.25,1516,0.014612189033147307
sample_t120_p0995,250,0.25,0.26,2203,0.02123393960423715
sample_t120_p0995,250,0.26,0.27,2201,0.021214662309998168
sample_t120_p0995,250,0.27,0.28,2416,0.023286971440688586
sample_t120_p0995,250,0.28,0.29,2747,0.026477363637239876
sample_t120_p0995,250,0.29,0.3,2881,0.027768942351251578
sample_t120_p0995,250,0.3,0.31,3369,0.03247260214556285
sample_t120_p0995,250,0.31,0.32,3311,0.03191356061263241
sample_t120_p0995,250,0.32,0.33,3762,0.03626059046352254
sample_t120_p0995,250,0.33,0.34,3044,0.0293400418317285
sample_t120_p0995,250,0.34,0.35000000000000003,3608,0.03477623880712103
sample_t120_p0995,250,0.35000000000000003,0.36,3519,0.0339183992134864
sample_t120_p0995,250,0.36,0.37,3622,0.034911179866793894
sample_t120_p0995,250,0.37,0.38,3254,0.03136415772682146
sample_t120_p0995,250,0.38,0.39,3216,0.03099788913628083
sample_t120_p0995,250,0.39,0.4,2734,0.0263520612246865
sample_t120_p0995,250,0.4,0.41000000000000003,3511,0.03384129003653047
sample_t120_p0995,250,0.41000000000000003,0.42,2903,0.027980992587880366
sample_t120_p0995,250,0.42,0.43,2662,0.0256580786320832
sample_t120_p0995,250,0.43,0.44,2783,0.026824354933541527
sample_t120_p0995,250,0.44,0.45,2549,0.024568911507580796
sample_t120_p0995,250,0.45,0.46,2752,0.02652555687283733
sample_t120_p0995,250,0.46,0.47000000000000003,2377,0.022911064203028464
sample_t120_p0995,250,0.47000000000000003,0.48,2134,0.02056887295299232
sample_t120_p0995,250,0.48,0.49,2294,0.022111056492110766
sample_t120_p0995,250,0.49,0.5,1380,0.013301333024896625
sample_t120_p0995,250,0.5,0.51,2740,0.026409893107403444
sample_t120_p0995,250,0.51,0.52,1638,0.015788103981725126
sample_t120_p0995,250,0.52,0.53,1628,0.015691717510530223
sample_t120_p0995,250,0.53,0.54,1649,0.015894129100039518
sample_t120_p0995,250,0.54,0.55,1219,0.011749510838658685
sample_t120_p0995,250,0.55,0.56,1423,0.01371579485103471
sample_t120_p0995,250,0.56,0.5700000000000001,1333,0.012848316610280582
sample_t120_p0995,250,0.5700000000000001,0.58,1082,0.010429016183288514
sample_t120_p0995,250,0.58,0.59,1061,0.010226604593779217
sample_t120_p0995,250,0.59,0.6,803,0.007739833636950718
sample_t120_p0995,250,0.6,0.61,1021,0.009841058708999605
sample_t120_p0995,250,0.61,0.62,761,0.007335010457932125
sample_t120_p0995,250,0.62,0.63,842,0.00811574087461084
sample_t120_p0995,250,0.63,0.64,760,0.007325371810812635
sample_t120_p0995,250,0.64,0.65,704,0.006785607572121177
sample_t120_p0995,250,0.65,0.66,630,0.006072347685278894
sample_t120_p0995,250,0.66,0.67,639,0.006159095509354307
sample_t120_p0995,250,0.67,0.68,602,0.0058024655659331655
sample_t120_p0995,250,0.68,0.6900000000000001,574,0.005532583446587437
sample_t120_p0995,250,0.6900000000000001,0.7000000000000001,414,0.0039903999074689875
sample_t120_p0995,250,0.7000000000000001,0.71,506,0.004877155442462096
sample_t120_p0995,250,0.71,0.72,359,0.0034602743158970205
sample_t120_p0995,250,0.72,0.73,343,0.0033060559619851756
sample_t120_p0995,250,0.73,0.74,363,0.003498828904374982
sample_t120_p0995,250,0.74,0.75,234,0.002255443425960732
sample_t120_p0995,250,0.75,0.76,270,0.0026024347222623834
sample_t120_p0995,250,0.76,0.77,207,0.0019951999537344937
sample_t120_p0995,250,0.77,0.78,192,0.0018506202469421391
sample_t120_p0995,250,0.78,0.79,150,0.0014457970679235463
sample_t120_p0995,250,0.79,0.8,94,0.000906032829232089
sample_t120_p0995,250,0.8,0.81,173,0.0016674859516718234
sample_t120_p0995,250,0.81,0.8200000000000001,107,0.001031335241785463
sample_t120_p0995,250,0.8200000000000001,0.8300000000000001,99,0.0009542260648295406
sample_t120_p0995,250,0.8300000000000001,0.84,128,0.0012337468312947596
sample_t120_p0995,250,0.84,0.85,155,0.0014939903035209978
sample_t120_p0995,250,0.85,0.86,128,0.0012337468312947596
sample_t120_p0995,250,0.86,0.87,132,0.0012723014197727207
sample_t120_p0995,250,0.87,0.88,86,0.0008289236522761665
sample_t120_p0995,250,0.88,0.89,65,0.00062651206276687
sample_t120_p0995,250,0.89,0.9,36,0.0003469912963016511
sample_t120_p0995,250,0.9,0.91,39,0.00037590723766012203
sample_t120_p0995,250,0.91,0.92,26,0.00025060482510674804
sample_t120_p0995,250,0.92,0.93,45,0.0004337391203770639
sample_t120_p0995,250,0.93,0.9400000000000001,20,0.00019277294238980616
sample_t120_p0995,250,0.9400000000000001,0.9500000000000001,15,0.00014457970679235464
sample_t120_p0995,250,0.9500000000000001,0.96,17,0.00016385700103133525
sample_t120_p0995,250,0.96,0.97,5,4.819323559745154e-05
sample_t120_p0995,250,0.97,0.98,8,7.710917695592247e-05
sample_t120_p0995,250,0.98,0.99,7,6.747052983643216e-05
sample_t120_p0995,250,0.99,1.0,22,0.00021205023662878677
sample_t120_p0995,500,0.0,0.01,0,0.0
sample_t120_p0995,500,0.01,0.02,0,0.0
sample_t120_p0995,500,0.02,0.03,0,0.0
sample_t120_p0995,500,0.03,0.04,0,0.0
sample_t120_p0995,500,0.04,0.05,0,0.0
sample_t120_p0995,500,0.05,0.06,0,0.0
sample_t120_p0995,500,0.06,0.07,0,0.0
sample_t120_p0995,500,0.07,0.08,0,0.0
sample_t120_p0995,500,0.08,0.09,1,7.40050027381851e-06
sample_t120_p0995,500,0.09,0.1,0,0.0
sample_t120_p0995,500,0.1,0.11,4,2.960200109527404e-05
sample_t120_p0995,500,0.11,0.12,5,3.700250136909255e-05
sample_t120_p0995,500,0.12,0.13,15,0.00011100750410727765
sample_t120_p0995,500,0.13,0.14,33,0.00024421650903601083
sample_t120_p0995,500,0.14,0.15,67,0.0004958335183458402
sample_t120_p0995,500,0.15,0.16,101,0.0007474505276556696
sample_t120_p0995,500,0.16,0.17,215,0.0015911075588709797
sample_t120_p0995,500,0.17,0.18,318,0.0023533590870742863
sample_t120_p0995,500,0.18,0.19,489,0.0036188446338972515
sample_t120_p0995,500,0.19,0.2,662,0.004899131181267853
sample_t120_p0995,500,0.2,0.21,1121,0.00829596080695055
sample_t120_p0995,500,0.21,0.22,1257,0.009302428844189867
sample_t120_p0995,500,0.22,0.23,1604,0.01187040243920489
sample_t120_p0995,500,0.23,0.24,1816,0.013439308497254415
sample_t120_p0995,500,0.24,0.25,1943,0.014379172032029364
sample_t120_p0995,500,0.25,0.26,2751,0.020358776253274723
sample_t120_p0995,500,0.26,0.27,2899,0.02145405029379986
sample_t120_p0995,500,0.27,0.28,3096,0.022911948847742107
sample_t120_p0995,500,0.28,0.29,3740,0.027677871024081226
sample_t120_p0995,500,0.29,0.3,3653,0.027034027500259017
sample_t120_p0995,500,0.3,0.31,4263,0.031548332667288306
sample_t120_p0995,500,0.31,0.32,4116,0.030460459127036987
sample_t120_p0995,500,0.32,0.33,4652,0.03442712727380371
sample_t120_p0995,500,0.33,0.34,3796,0.028092299039415066
sample_t120_p0995,500,0.34,0.35000000000000003,4489,0.03322084572917129
sample_t120_p0995,500,0.35000000000000003,0.36,4539,0.03359087074286222
sample_t120_p0995,500,0.36,0.37,4543,0.03362047274395749
sample_t120_p0995,500,0.37,0.38,4120,0.03049006112813226
sample_t120_p0995,500,0.38,0.39,4090,0.030268046119917708
sample_t120_p0995,500,0.39,0.4,3752,0.02776667702736705
sample_t120_p0995,500,0.4,0.41000000000000003,4496,0.03327264923108802
sample_t120_p0995,500,0.41000000000000003,0.42,3727,0.027581664520521586
sample_t120_p0995,500,0.42,0.43,3617,0.02676760949040155
sample_t120_p0995,500,0.43,0.44,3711,0.02746325651614049
sample_t120_p0995,500,0.44,0.45,3353,0.024813877418113466
sample_t120_p0995,500,0.45,0.46,3779,0.02796649053476015
sample_t120_p0995,500,0.46,0.47000000000000003,3275,0.02423663839675562
sample_t120_p0995,500,0.47000000000000003,0.48,2947,0.021809274306943148
sample_t120_p0995,500,0.48,0.49,3089,0.022860145345825377
sample_t120_p0995,500,0.49,0.5,1922,0.014223761526279176
sample_t120_p0995,500,0.5,0.51,3837,0.028395719550641622
sample_t120_p0995,500,0.51,0.52,2250,0.01665112561609165
sample_t120_p0995,500,0.52,0.53,2138,0.015822269585423973
sample_t120_p0995,500,0.53,0.54,2139,0.015829670085697793
sample_t120_p0995,500,0.54,0.55,1708,0.012640054467682016
sample_t120_p0995,500,0.55,0.56,1917,0.014186759024910085
sample_t120_p0995,500,0.56,0.5700000000000001,1705,0.01261785296686056
sample_t120_p0995,500,0.5700000000000001,0.58,1416,0.010479108387727011
sample_t120_p0995,500,0.58,0.59,1334,0.009872267365273893
sample_t120_p0995,500,0.59,0.6,1071,0.007925935793259625
sample_t120_p0995,500,0.6,0.61,1333,0.009864866865000073
sample_t120_p0995,500,0.61,0.62,1005,0.007437502775187603
sample_t120_p0995,500,0.62,0.63,1025,0.007585512780663973
sample_t120_p0995,500,0.63,0.64,938,0.006941669256841762
sample_t120_p0995,500,0.64,0.65,832,0.006157216227817001
sample_t120_p0995,500,0.65,0.66,785,0.00580939271494753
sample_t120_p0995,500,0.66,0.67,830,0.006142415227269363
sample_t120_p0995,500,0.67,0.68,705,0.00521735269304205
sample_t120_p0995,500,0.68,0.6900000000000001,716,0.005298758196054053
sample_t120_p0995,500,0.6900000000000001,0.7000000000000001,525,0.003885262643754718
sample_t120_p0995,500,0.7000000000000001,0.71,602,0.004455101164838743
sample_t120_p0995,500,0.71,0.72,441,0.003263620620753963
sample_t120_p0995,500,0.72,0.73,425,0.003145212616372867
sample_t120_p0995,500,0.73,0.74,434,0.0032118171188372335
sample_t120_p0995,500,0.74,0.75,294,0.002175747080502642
sample_t120_p0995,500,0.75,0.76,335,0.002479167591729201
sample_t120_p0995,500,0.76,0.77,279,0.0020647395763953645
sample_t120_p0995,500,0.77,0.78,238,0.0017613190651688054
sample_t120_p0995,500,0.78,0.79,186,0.0013764930509302428
sample_t120_p0995,500,0.79,0.8,118,0.0008732590323105841
sample_t120_p0995,500,0.8,0.81,173,0.0012802865473706022
sample_t120_p0995,500,0.81,0.8200000000000001,126,0.0009324630345011322
sample_t120_p0995,500,0.8200000000000001,0.8300000000000001,124,0.0009176620339534953
sample_t120_p0995,500,0.8300000000000001,0.84,158,0.0011692790432633246
sample_t120_p0995,500,0.84,0.85,170,0.0012580850465491466
sample_t120_p0995,500,0.85,0.86,140,0.0010360700383345914
sample_t120_p0995,500,0.86,0.87,161,0.0011914805440847802
sample_t120_p0995,500,0.87,0.88,98,0.000725249026834214
sample_t120_p0995,500,0.88,0.89,65,0.0004810325177982032
sample_t120_p0995,500,0.89,0.9,48,0.0003552240131432885
sample_t120_p0995,500,0.9,0.91,35,0.00025901750958364785
sample_t120_p0995,500,0.91,0.92,39,0.0002886195106789219
sample_t120_p0995,500,0.92,0.93,48,0.0003552240131432885
sample_t120_p0995,500,0.93,0.9400000000000001,30,0.0002220150082145553
sample_t120_p0995,500,0.9400000000000001,0.9500000000000001,19,0.0001406095052025517
sample_t120_p0995,500,0.9500000000000001,0.96,20,0.0001480100054763702
sample_t120_p0995,500,0.96,0.97,4,2.960200109527404e-05
sample_t120_p0995,500,0.97,0.98,8,5.920400219054808e-05
sample_t120_p0995,500,0.98,0.99,9,6.66045024643666e-05
sample_t120_p0995,500,0.99,1.0,24,0.00017761200657164425
sample_t120_p0995,1000,0.0,0.01,0,0.0
sample_t120_p0995,1000,0.01,0.02,0,0.0
sample_t120_p0995,1000,0.02,0.03,0,0.0
sample_t120_p0995,1000,0.03,0.04,0,0.0
sample_t120_p0995,1000,0.04,0.05,0,0.0
sample_t120_p0995,1000,0.05,0.06,0,0.0
sample_t120_p0995,1000,0.06,0.07,0,0.0
sample_t120_p0995,1000,0.07,0.08,0,0.0
sample_t120_p0995,1000,0.08,0.09,0,0.0
sample_t120_p0995,1000,0.09,0.1,0,0.0
sample_t120_p0995,1000,0.1,0.11,3,1.819582345199032e-05
sample_t120_p0995,1000,0.11,0.12,11,6.67180193239645e-05
sample_t120_p0995,1000,0.12,0.13,27,0.00016376241106791289
sample_t120_p0995,1000,0.13,0.14,46,0.0002790026262638516
sample_t120_p0995,1000,0.14,0.15,102,0.0006186579973676709
sample_t120_p0995,1000,0.15,0.16,179,0.0010856841326354223
sample_t120_p0995,1000,0.16,0.17,295,0.001789255972779048
sample_t120_p0995,1000,0.17,0.18,432,0.002620198577086606
sample_t120_p0995,1000,0.18,0.19,644,0.003906036767693922
sample_t120_p0995,1000,0.19,0.2,787,0.004773371018905461
sample_t120_p0995,1000,0.2,0.21,1370,0.00830942604307558
sample_t120_p0995,1000,0.21,0.22,1543,0.009358718528807021
sample_t120_p0995,1000,0.22,0.23,1949,0.011821219969309711
sample_t120_p0995,1000,0.23,0.24,2194,0.013307212217888921
sample_t120_p0995,1000,0.24,0.25,2215,0.013434582982052853
sample_t120_p0995,1000,0.25,0.26,3408,0.020670455441461004
sample_t120_p0995,1000,0.26,0.27,3489,0.02116174267466474
sample_t120_p0995,1000,0.27,0.28,3721,0.022568886354951995
sample_t120_p0995,1000,0.28,0.29,4509,0.02734832264834145
sample_t120_p0995,1000,0.29,0.3,4491,0.02723914770762951
sample_t120_p0995,1000,0.3,0.31,5272,0.03197612707963099
sample_t120_p0995,1000,0.31,0.32,5019,0.030441612635179804
sample_t120_p0995,1000,0.32,0.33,5692,0.03452354236290963
sample_t120_p0995,1000,0.33,0.34,4749,0.028803988524500675
sample_t120_p0995,1000,0.34,0.35000000000000003,5341,0.032394631019026766
sample_t120_p0995,1000,0.35000000000000003,0.36,5629,0.03414143007041784
sample_t120_p0995,1000,0.36,0.37,5615,0.03405651622764188
sample_t120_p0995,1000,0.37,0.38,5161,0.03130288161190735
sample_t120_p0995,1000,0.38,0.39,5201,0.03154549259126722
sample_t120_p0995,1000,0.39,0.4,4433,0.026887361787557695
sample_t120_p0995,1000,0.4,0.41000000000000003,5553,0.03368046920963408
sample_t120_p0995,1000,0.41000000000000003,0.42,4716,0.028603834466528782
sample_t120_p0995,1000,0.42,0.43,4419,0.026802447944781743
sample_t120_p0995,1000,0.43,0.44,4614,0.027985176469161113
sample_t120_p0995,1000,0.44,0.45,4076,0.02472205879677085
sample_t120_p0995,1000,0.45,0.46,4576,0.027754696038769233
sample_t120_p0995,1000,0.46,0.47000000000000003,4054,0.02458862275812292
sample_t120_p0995,1000,0.47000000000000003,0.48,3601,0.02184105341687238
sample_t120_p0995,1000,0.48,0.49,3630,0.02201694637690829
sample_t120_p0995,1000,0.49,0.5,2400,0.014556658761592256
sample_t120_p0995,1000,0.5,0.51,4500,0.02729373517798548
sample_t120_p0995,1000,0.51,0.52,2702,0.016388371655759282
sample_t120_p0995,1000,0.52,0.53,2664,0.016157891225367402
sample_t120_p0995,1000,0.53,0.54,2653,0.01609117320604344
sample_t120_p0995,1000,0.54,0.55,2137,0.012961491572301104
sample_t120_p0995,1000,0.55,0.56,2320,0.014071436802872515
sample_t120_p0995,1000,0.56,0.5700000000000001,2156,0.013076731787497043
sample_t120_p0995,1000,0.5700000000000001,0.58,1769,0.010729470562190292
sample_t120_p0995,1000,0.58,0.59,1678,0.010177530584146586
sample_t120_p0995,1000,0.59,0.6,1321,0.008012227593359738
sample_t120_p0995,1000,0.6,0.61,1570,0.009522480939874935
sample_t120_p0995,1000,0.61,0.62,1215,0.00736930849805608
sample_t120_p0995,1000,0.62,0.63,1209,0.0073329168511520985
sample_t120_p0995,1000,0.63,0.64,1049,0.006362472933712615
sample_t120_p0995,1000,0.64,0.65,968,0.005871185700508877
sample_t120_p0995,1000,0.65,0.66,926,0.0056164441721810125
sample_t120_p0995,1000,0.66,0.67,970,0.00588331624947687
sample_t120_p0995,1000,0.67,0.68,858,0.005204005507269231
sample_t120_p0995,1000,0.68,0.6900000000000001,817,0.004955329253425364
sample_t120_p0995,1000,0.6900000000000001,0.7000000000000001,604,0.003663425788334051
sample_t120_p0995,1000,0.7000000000000001,0.71,740,0.004488303118157612
sample_t120_p0995,1000,0.71,0.72,529,0.003208530202034293
sample_t120_p0995,1000,0.72,0.73,474,0.0028749401054144704
sample_t120_p0995,1000,0.73,0.74,494,0.002996245595094406
sample_t120_p0995,1000,0.74,0.75,351,0.0021289113438828673
sample_t120_p0995,1000,0.75,0.76,362,0.002195629363206832
sample_t120_p0995,1000,0.76,0.77,330,0.002001540579718935
sample_t120_p0995,1000,0.77,0.78,256,0.001552710267903174
sample_t120_p0995,1000,0.78,0.79,191,0.0011584674264433837
sample_t120_p0995,1000,0.79,0.8,146,0.0008855300746635289
sample_t120_p0995,1000,0.8,0.81,207,0.001255511818187332
sample_t120_p0995,1000,0.81,0.8200000000000001,161,0.0009765091919234806
sample_t120_p0995,1000,0.8200000000000001,0.8300000000000001,151,0.0009158564470835127
sample_t120_p0995,1000,0.8300000000000001,0.84,165,0.0010007702898594676
sample_t120_p0995,1000,0.84,0.85,198,0.001200924347831361
sample_t120_p0995,1000,0.85,0.86,177,0.001073553583667429
sample_t120_p0995,1000,0.86,0.87,185,0.001122075779539403
sample_t120_p0995,1000,0.87,0.88,110,0.0006671801932396451
sample_t120_p0995,1000,0.88,0.89,72,0.0004366997628477677
sample_t120_p0995,1000,0.89,0.9,56,0.0003396553711038193
sample_t120_p0995,1000,0.9,0.91,45,0.0002729373517798548
sample_t120_p0995,1000,0.91,0.92,42,0.0002547415283278645
sample_t120_p0995,1000,0.92,0.93,56,0.0003396553711038193
sample_t120_p0995,1000,0.93,0.9400000000000001,30,0.0001819582345199032
sample_t120_p0995,1000,0.9400000000000001,0.9500000000000001,27,0.00016376241106791289
sample_t120_p0995,1000,0.9500000000000001,0.96,22,0.000133436038647929
sample_t120_p0995,1000,0.96,0.97,5,3.0326372419983867e-05
sample_t120_p0995,1000,0.97,0.98,5,3.0326372419983867e-05
sample_t120_p0995,1000,0.98,0.99,10,6.0652744839967734e-05
sample_t120_p0995,1000,0.99,1.0,24,0.00014556658761592255
sample_t150_p100,50,0.0,0.01,0,0.0
sample_t150_p100,50,0.01,0.02,0,0.0
sample_t150_p100,50,0.02,0.03,0,0.0
sample_t150_p100,50,0.03,0.04,0,0.0
sample_t150_p100,50,0.04,0.05,0,0.0
sample_t150_p100,50,0.05,0.06,0,0.0
sample_t150_p100,50,0.06,0.07,0,0.0
sample_t150_p100,50,0.07,0.08,0,0.0
sample_t150_p100,50,0.08,0.09,0,0.0
sample_t150_p100,50,0.09,0.1,0,0.0
sample_t150_p100,50,0.1,0.11,0,0.0
sample_t150_p100,50,0.11,0.12,1,3.500910236661532e-05
sample_t150_p100,50,0.12,0.13,8,0.0002800728189329226
sample_t150_p100,50,0.13,0.14,7,0.0002450637165663072
sample_t150_p100,50,0.14,0.15,18,0.0006301638425990758
sample_t150_p100,50,0.15,0.16,38,0.0013303458899313822
sample_t150_p100,50,0.16,0.17,50,0.001750455118330766
sample_t150_p100,50,0.17,0.18,67,0.0023456098585632264
sample_t150_p100,50,0.18,0.19,102,0.0035709284413947624
sample_t150_p100,50,0.19,0.2,114,0.003991037669794147
sample_t150_p100,50,0.2,0.21,158,0.00553143817392522
sample_t150_p100,50,0.21,0.22,156,0.00546141996919199
sample_t150_p100,50,0.22,0.23,216,0.0075619661111889095
sample_t150_p100,50,0.23,0.24,285,0.009977594174485366
sample_t150_p100,50,0.24,0.25,320,0.011202912757316903
sample_t150_p100,50,0.25,0.26,484,0.016944405545441816
sample_t150_p100,50,0.26,0.27,524,0.018344769640106427
sample_t150_p100,50,0.27,0.28,547,0.01914997899453858
sample_t150_p100,50,0.28,0.29,663,0.023211034869065957
sample_t150_p100,50,0.29,0.3,628,0.02198571628623442
sample_t150_p100,50,0.3,0.31,831,0.02909256406665733
sample_t150_p100,50,0.31,0.32,699,0.02447136255426411
sample_t150_p100,50,0.32,0.33,852,0.029827755216356253
sample_t150_p100,50,0.33,0.34,715,0.025031508192129955
sample_t150_p100,50,0.34,0.35000000000000003,774,0.027097045231760257
sample_t150_p100,50,0.35000000000000003,0.36,774,0.027097045231760257
sample_t150_p100,50,0.36,0.37,865,0.030282873547122252
sample_t150_p100,50,0.37,0.38,806,0.028217336507491947
sample_t150_p100,50,0.38,0.39,800,0.028007281893292255
sample_t150_p100,50,0.39,0.4,668,0.023386080380899035
sample_t150_p100,50,0.4,0.41000000000000003,886,0.031018064696821175
sample_t150_p100,50,0.41000000000000003,0.42,722,0.025276571908696262
sample_t150_p100,50,0.42,0.43,683,0.023911216916398262
sample_t150_p100,50,0.43,0.44,683,0.023911216916398262
sample_t150_p100,50,0.44,0.45,652,0.02282593474303319
sample_t150_p100,50,0.45,0.46,723,0.025311581011062876
sample_t150_p100,50,0.46,0.47000000000000003,620,0.0217056434673015
sample_t150_p100,50,0.47000000000000003,0.48,641,0.02244083461700042
sample_t150_p100,50,0.48,0.49,607,0.0212505251365355
sample_t150_p100,50,0.49,0.5,423,0.01480885030107828
sample_t150_p100,50,0.5,0.51,905,0.03168323764178686
sample_t150_p100,50,0.51,0.52,527,0.018449796947206273
sample_t150_p100,50,0.52,0.53,510,0.017854642206973814
sample_t150_p100,50,0.53,0.54,517,0.01809970592354012
sample_t150_p100,50,0.54,0.55,424,0.014843859403444896
sample_t150_p100,50,0.55,0.56,479,0.016769360033608738
sample_t150_p100,50,0.56,0.5700000000000001,450,0.015754096064976894
sample_t150_p100,50,0.5700000000000001,0.58,391,0.01368855902534659
sample_t150_p100,50,0.58,0.59,389,0.013618540820613359
sample_t150_p100,50,0.59,0.6,309,0.010817812631284134
sample_t150_p100,50,0.6,0.61,421,0.01473883209634505
sample_t150_p100,50,0.61,0.62,314,0.01099285814311721
sample_t150_p100,50,0.62,0.63,311,0.010887830836017364
sample_t150_p100,50,0.63,0.64,303,0.010607758017084442
sample_t150_p100,50,0.64,0.65,291,0.010187648788685059
sample_t150_p100,50,0.65,0.66,287,0.010047612379218597
sample_t150_p100,50,0.66,0.67,285,0.009977594174485366
sample_t150_p100,50,0.67,0.68,294,0.010292676095784905
sample_t150_p100,50,0.68,0.6900000000000001,259,0.009067357512953367
sample_t150_p100,50,0.6900000000000001,0.7000000000000001,202,0.007071838678056295
sample_t150_p100,50,0.7000000000000001,0.71,215,0.0075269570088222935
sample_t150_p100,50,0.71,0.72,153,0.005356392662092144
sample_t150_p100,50,0.72,0.73,159,0.005566447276291836
sample_t150_p100,50,0.73,0.74,182,0.0063716566307239885
sample_t150_p100,50,0.74,0.75,106,0.003710964850861224
sample_t150_p100,50,0.75,0.76,144,0.005041310740792606
sample_t150_p100,50,0.76,0.77,96,0.0033608738271950706
sample_t150_p100,50,0.77,0.78,80,0.0028007281893292256
sample_t150_p100,50,0.78,0.79,72,0.002520655370396303
sample_t150_p100,50,0.79,0.8,50,0.001750455118330766
sample_t150_p100,50,0.8,0.81,59,0.002065537039630304
sample_t150_p100,50,0.81,0.8200000000000001,48,0.0016804369135975353
sample_t150_p100,50,0.8200000000000001,0.8300000000000001,69,0.002415628063296457
sample_t150_p100,50,0.8300000000000001,0.84,56,0.0019605097325304578
sample_t150_p100,50,0.84,0.85,80,0.0028007281893292256
sample_t150_p100,50,0.85,0.86,62,0.0021705643467301496
sample_t150_p100,50,0.86,0.87,71,0.0024856462680296876
sample_t150_p100,50,0.87,0.88,34,0.001190309480464921
sample_t150_p100,50,0.88,0.89,34,0.001190309480464921
sample_t150_p100,50,0.89,0.9,18,0.0006301638425990758
sample_t150_p100,50,0.9,0.91,21,0.0007351911496989217
sample_t150_p100,50,0.91,0.92,11,0.0003851001260327685
sample_t150_p100,50,0.92,0.93,27,0.0009452457638986137
sample_t150_p100,50,0.93,0.9400000000000001,12,0.0004201092283993838
sample_t150_p100,50,0.9400000000000001,0.9500000000000001,4,0.0001400364094664613
sample_t150_p100,50,0.9500000000000001,0.96,4,0.0001400364094664613
sample_t150_p100,50,0.96,0.97,2,7.001820473323065e-05
sample_t150_p100,50,0.97,0.98,0,0.0
sample_t150_p100,50,0.98,0.99,7,0.0002450637165663072
sample_t150_p100,50,0.99,1.0,10,0.0003500910236661532
sample_t150_p100,100,0.0,0.01,0,0.0
sample_t150_p100,100,0.01,0.02,0,0.0
sample_t150_p100,100,0.02,0.03,0,0.0
sample_t150_p100,100,0.03,0.04,0,0.0
sample_t150_p100,100,0.04,0.05,0,0.0
sample_t150_p100,100,0.05,0.06,0,0.0
sample_t150_p100,100,0.06,0.07,0,0.0
sample_t150_p100,100,0.07,0.08,0,0.0
sample_t150_p100,100,0.08,0.09,0,0.0
sample_t150_p100,100,0.09,0.1,0,0.0
sample_t150_p100,100,0.1,0.11,3,3.698088088458267e-05
sample_t150_p100,100,0.11,0.12,4,4.930784117944356e-05
sample_t150_p100,100,0.12,0.13,34,0.0004191166500252703
sample_t150_p100,100,0.13,0.14,31,0.0003821357691406876
sample_t150_p100,100,0.14,0.15,55,0.000677982816217349
sample_t150_p100,100,0.15,0.16,93,0.0011464073074220627
sample_t150_p100,100,0.16,0.17,143,0.0017627553221651073
sample_t150_p100,100,0.17,0.18,222,0.002736585185459118
sample_t150_p100,100,0.18,0.19,354,0.004363743944380755
sample_t150_p100,100,0.19,0.2,381,0.004696571872341999
sample_t150_p100,100,0.2,0.21,582,0.007174290891609038
sample_t150_p100,100,0.21,0.22,634,0.007815292826941805
sample_t150_p100,100,0.22,0.23,851,0.010490243210926618
sample_t150_p100,100,0.23,0.24,1042,0.012844692627245047
sample_t150_p100,100,0.24,0.25,1081,0.013325444078744622
sample_t150_p100,100,0.25,0.26,1617,0.01993269479679006
sample_t150_p100,100,0.26,0.27,1687,0.02079558201743032
sample_t150_p100,100,0.27,0.28,1819,0.02242274077635196
sample_t150_p100,100,0.28,0.29,2155,0.026564599435425218
sample_t150_p100,100,0.29,0.3,2177,0.026835792561912156
sample_t150_p100,100,0.3,0.31,2533,0.031224190426882636
sample_t150_p100,100,0.31,0.32,2442,0.030102437040050296
sample_t150_p100,100,0.32,0.33,2805,0.034577123627084795
sample_t150_p100,100,0.33,0.34,2203,0.027156293529578542
sample_t150_p100,100,0.34,0.35000000000000003,2636,0.032493867337253304
sample_t150_p100,100,0.35000000000000003,0.36,2550,0.03143374875189527
sample_t150_p100,100,0.36,0.37,2653,0.032703425662265945
sample_t150_p100,100,0.37,0.38,2451,0.03021337968270404
sample_t150_p100,100,0.38,0.39,2485,0.03063249633272931
sample_t150_p100,100,0.39,0.4,2100,0.02588661661920787
sample_t150_p100,100,0.4,0.41000000000000003,2672,0.0329376379078683
sample_t150_p100,100,0.41000000000000003,0.42,2213,0.02727956313252715
sample_t150_p100,100,0.42,0.43,2062,0.025418192128003156
sample_t150_p100,100,0.43,0.44,2171,0.026761830800142994
sample_t150_p100,100,0.44,0.45,1923,0.02370474464701749
sample_t150_p100,100,0.45,0.46,2042,0.02517165292210594
sample_t150_p100,100,0.46,0.47000000000000003,1804,0.022237836371929047
sample_t150_p100,100,0.47000000000000003,0.48,1729,0.02131331434981448
sample_t150_p100,100,0.48,0.49,1729,0.02131331434981448
sample_t150_p100,100,0.49,0.5,1102,0.013584310244936702
sample_t150_p100,100,0.5,0.51,2312,0.028499932201718377
sample_t150_p100,100,0.51,0.52,1441,0.017763149784894544
sample_t150_p100,100,0.52,0.53,1307,0.016111337105383185
sample_t150_p100,100,0.53,0.54,1311,0.01616064494656263
sample_t150_p100,100,0.54,0.55,1045,0.01288167350812963
sample_t150_p100,100,0.55,0.56,1123,0.013843176411128779
sample_t150_p100,100,0.56,0.5700000000000001,1141,0.014065061696436275
sample_t150_p100,100,0.5700000000000001,0.58,915,0.011279168669797715
sample_t150_p100,100,0.58,0.59,928,0.011439419153630906
sample_t150_p100,100,0.59,0.6,705,0.008690507007876928
sample_t150_p100,100,0.6,0.61,902,0.011118918185964523
sample_t150_p100,100,0.61,0.62,715,0.008813776610825537
sample_t150_p100,100,0.62,0.63,660,0.008135793794608187
sample_t150_p100,100,0.63,0.64,628,0.007741331065172639
sample_t150_p100,100,0.64,0.65,587,0.007235925693083342
sample_t150_p100,100,0.65,0.66,551,0.006792155122468351
sample_t150_p100,100,0.66,0.67,550,0.00677982816217349
sample_t150_p100,100,0.67,0.68,550,0.00677982816217349
sample_t150_p100,100,0.68,0.6900000000000001,512,0.0063114036709687755
sample_t150_p100,100,0.6900000000000001,0.7000000000000001,410,0.005054053720892965
sample_t150_p100,100,0.7000000000000001,0.71,394,0.004856822356175191
sample_t150_p100,100,0.71,0.72,289,0.003562491525214797
sample_t150_p100,100,0.72,0.73,306,0.0037720498502274323
sample_t150_p100,100,0.73,0.74,326,0.00401858905612465
sample_t150_p100,100,0.74,0.75,223,0.0027489121457539784
sample_t150_p100,100,0.75,0.76,284,0.003500856723740493
sample_t150_p100,100,0.76,0.77,217,0.0026749503839848133
sample_t150_p100,100,0.77,0.78,153,0.0018860249251137161
sample_t150_p100,100,0.78,0.79,128,0.0015778509177421939
sample_t150_p100,100,0.79,0.8,103,0.0012696769103706716
sample_t150_p100,100,0.8,0.81,137,0.001688793560395942
sample_t150_p100,100,0.81,0.8200000000000001,97,0.0011957151486015063
sample_t150_p100,100,0.8200000000000001,0.8300000000000001,110,0.001355965632434698
sample_t150_p100,100,0.8300000000000001,0.84,104,0.0012820038706655326
sample_t150_p100,100,0.84,0.85,148,0.0018243901236394118
sample_t150_p100,100,0.85,0.86,93,0.0011464073074220627
sample_t150_p100,100,0.86,0.87,113,0.0013929465133192807
sample_t150_p100,100,0.87,0.88,69,0.0008505602603454015
sample_t150_p100,100,0.88,0.89,62,0.0007642715382813752
sample_t150_p100,100,0.89,0.9,34,0.0004191166500252703
sample_t150_p100,100,0.9,0.91,39,0.0004807514514995747
sample_t150_p100,100,0.91,0.92,17,0.00020955832501263515
sample_t150_p100,100,0.92,0.93,42,0.0005177323323841574
sample_t150_p100,100,0.93,0.9400000000000001,22,0.0002711931264869396
sample_t150_p100,100,0.9400000000000001,0.9500000000000001,10,0.0001232696029486089
sample_t150_p100,100,0.9500000000000001,0.96,15,0.00018490440442291335
sample_t150_p100,100,0.96,0.97,3,3.698088088458267e-05
sample_t150_p100,100,0.97,0.98,0,0.0
sample_t150_p100,100,0.98,0.99,10,0.0001232696029486089
sample_t150_p100,100,0.99,1.0,12,0.0001479235235383307
sample_t150_p100,250,0.0,0.01,0,0.0
sample_t150_p100,250,0.01,0.02,0,0.0
sample_t150_p100,250,0.02,0.03,1,6.511561277047398e-06
sample_t150_p100,250,0.03,0.04,0,0.0
sample_t150_p100,250,0.04,0.05,0,0.0
sample_t150_p100,250,0.05,0.06,0,0.0
sample_t150_p100,250,0.06,0.07,0,0.0
sample_t150_p100,250,0.07,0.08,1,6.511561277047398e-06
sample_t150_p100,250,0.08,0.09,0,0.0
sample_t150_p100,250,0.09,0.1,6,3.906936766228439e-05
sample_t150_p100,250,0.1,0.11,9,5.860405149342658e-05
sample_t150_p100,250,0.11,0.12,19,0.00012371966426390056
sample_t150_p100,250,0.12,0.13,70,0.00045580928939331785
sample_t150_p100,250,0.13,0.14,91,0.0005925520762113132
sample_t150_p100,250,0.14,0.15,137,0.0008920838949554935
sample_t150_p100,250,0.15,0.16,230,0.0014976590937209014
sample_t150_p100,250,0.16,0.17,362,0.002357185182291158
sample_t150_p100,250,0.17,0.18,574,0.003737636173025206
sample_t150_p100,250,0.18,0.19,748,0.004870647835231453
sample_t150_p100,250,0.19,0.2,808,0.005261341511854297
sample_t150_p100,250,0.2,0.21,1359,0.008849211775507413
sample_t150_p100,250,0.21,0.22,1504,0.009793388160679286
sample_t150_p100,250,0.22,0.23,1809,0.011779414350178742
sample_t150_p100,250,0.23,0.24,2052,0.01336172374050126
sample_t150_p100,250,0.24,0.25,2094,0.013635209314137251
sample_t150_p100,250,0.25,0.26,3316,0.02159233719468917
sample_t150_p100,250,0.26,0.27,3170,0.02064164924824025
sample_t150_p100,250,0.27,0.28,3427,0.02231512049644143
sample_t150_p100,250,0.28,0.29,4012,0.02612438384351416
sample_t150_p100,250,0.29,0.3,3907,0.025440669909424184
sample_t150_p100,250,0.3,0.31,4652,0.030291783060824494
sample_t150_p100,250,0.31,0.32,4530,0.02949737258502471
sample_t150_p100,250,0.32,0.33,5149,0.033528029015517054
sample_t150_p100,250,0.33,0.34,4210,0.027413672976369544
sample_t150_p100,250,0.34,0.35000000000000003,4713,0.030688988298724386
sample_t150_p100,250,0.35000000000000003,0.36,4979,0.032421063598418995
sample_t150_p100,250,0.36,0.37,5022,0.03270106073333203
sample_t150_p100,250,0.37,0.38,4727,0.03078015015660305
sample_t150_p100,250,0.38,0.39,4690,0.030539222389352295
sample_t150_p100,250,0.39,0.4,4104,0.02672344748100252
sample_t150_p100,250,0.4,0.41000000000000003,5213,0.033944768937248085
sample_t150_p100,250,0.41000000000000003,0.42,4287,0.027915063194702192
sample_t150_p100,250,0.42,0.43,4027,0.026222057262669872
sample_t150_p100,250,0.43,0.44,4174,0.027179256770395836
sample_t150_p100,250,0.44,0.45,3725,0.024255565757001555
sample_t150_p100,250,0.45,0.46,4058,0.02642391566225834
sample_t150_p100,250,0.46,0.47000000000000003,3650,0.023767198661223
sample_t150_p100,250,0.47000000000000003,0.48,3429,0.022328143618995527
sample_t150_p100,250,0.48,0.49,3266,0.0212667591308368
sample_t150_p100,250,0.49,0.5,2210,0.014390550422274748
sample_t150_p100,250,0.5,0.51,4470,0.029106678908401868
sample_t150_p100,250,0.51,0.52,2612,0.0170081980556478
sample_t150_p100,250,0.52,0.53,2578,0.016786804972228193
sample_t150_p100,250,0.53,0.54,2508,0.016330995682834873
sample_t150_p100,250,0.54,0.55,2020,0.013153353779635743
sample_t150_p100,250,0.55,0.56,2161,0.014071483919699427
sample_t150_p100,250,0.56,0.5700000000000001,2096,0.013648232436691346
sample_t150_p100,250,0.5700000000000001,0.58,1613,0.010503148339877453
sample_t150_p100,250,0.58,0.59,1657,0.010789657036067537
sample_t150_p100,250,0.59,0.6,1298,0.008452006537607522
sample_t150_p100,250,0.6,0.61,1627,0.010594310197756116
sample_t150_p100,250,0.61,0.62,1252,0.008152474718863342
sample_t150_p100,250,0.62,0.63,1204,0.007839919777565067
sample_t150_p100,250,0.63,0.64,1088,0.007084578669427568
sample_t150_p100,250,0.64,0.65,979,0.006374818490229402
sample_t150_p100,250,0.65,0.66,889,0.0057887779752951365
sample_t150_p100,250,0.66,0.67,1000,0.006511561277047398
sample_t150_p100,250,0.67,0.68,880,0.00573017392380171
sample_t150_p100,250,0.68,0.6900000000000001,803,0.005228783705469061
sample_t150_p100,250,0.6900000000000001,0.7000000000000001,626,0.004076237359431671
sample_t150_p100,250,0.7000000000000001,0.71,723,0.004707858803305268
sample_t150_p100,250,0.71,0.72,524,0.0034120581091728365
sample_t150_p100,250,0.72,0.73,470,0.003060433800212277
sample_t150_p100,250,0.73,0.74,521,0.0033925234253416943
sample_t150_p100,250,0.74,0.75,368,0.002396254549953442
sample_t150_p100,250,0.75,0.76,430,0.002799971349130381
sample_t150_p100,250,0.76,0.77,306,0.001992537750776504
sample_t150_p100,250,0.77,0.78,288,0.0018753296477896505
sample_t150_p100,250,0.78,0.79,194,0.0012632428877471951
sample_t150_p100,250,0.79,0.8,153,0.000996268875388252
sample_t150_p100,250,0.8,0.81,216,0.001406497235842238
sample_t150_p100,250,0.81,0.8200000000000001,147,0.0009571995077259674
sample_t150_p100,250,0.8200000000000001,0.8300000000000001,160,0.0010418498043275836
sample_t150_p100,250,0.8300000000000001,0.84,150,0.0009767341915571097
sample_t150_p100,250,0.84,0.85,211,0.0013739394294570008
sample_t150_p100,250,0.85,0.86,158,0.0010288266817734888
sample_t150_p100,250,0.86,0.87,167,0.0010874307332669154
sample_t150_p100,250,0.87,0.88,92,0.0005990636374883605
sample_t150_p100,250,0.88,0.89,83,0.000540459585994934
sample_t150_p100,250,0.89,0.9,61,0.0003972052378998913
sample_t150_p100,250,0.9,0.91,51,0.0003320896251294173
sample_t150_p100,250,0.91,0.92,34,0.0002213930834196115
sample_t150_p100,250,0.92,0.93,63,0.00041022836045398605
sample_t150_p100,250,0.93,0.9400000000000001,32,0.00020836996086551673
sample_t150_p100,250,0.9400000000000001,0.9500000000000001,21,0.00013674278681799536
sample_t150_p100,250,0.9500000000000001,0.96,22,0.00014325434809504275
sample_t150_p100,250,0.96,0.97,7,4.558092893933178e-05
sample_t150_p100,250,0.97,0.98,9,5.860405149342658e-05
sample_t150_p100,250,0.98,0.99,11,7.162717404752137e-05
sample_t150_p100,250,0.99,1.0,19,0.00012371966426390056
sample_t150_p100,500,0.0,0.01,0,0.0
sample_t150_p100,500,0.01,0.02,0,0.0
sample_t150_p100,500,0.02,0.03,0,0.0
sample_t150_p100,500,0.03,0.04,0,0.0
sample_t150_p100,500,0.04,0.05,0,0.0
sample_t150_p100,500,0.05,0.06,0,0.0
sample_t150_p100,500,0.06,0.07,1,4.743090502909886e-06
sample_t150_p100,500,0.07,0.08,0,0.0
sample_t150_p100,500,0.08,0.09,0,0.0
sample_t150_p100,500,0.09,0.1,16,7.588944804655818e-05
sample_t150_p100,500,0.1,0.11,55,0.00026086997766004374
sample_t150_p100,500,0.11,0.12,51,0.0002418976156484042
sample_t150_p100,500,0.12,0.13,119,0.0005644277698462764
sample_t150_p100,500,0.13,0.14,162,0.0007683806614714016
sample_t150_p100,500,0.14,0.15,191,0.0009059302860557882
sample_t150_p100,500,0.15,0.16,330,0.0015652198659602623
sample_t150_p100,500,0.16,0.17,536,0.002542296509559699
sample_t150_p100,500,0.17,0.18,755,0.003581033329696964
sample_t150_p100,500,0.18,0.19,980,0.004648228692851688
sample_t150_p100,500,0.19,0.2,1123,0.005326490634767802
sample_t150_p100,500,0.2,0.21,1851,0.0087794605208862
sample_t150_p100,500,0.21,0.22,2075,0.009841912793538014
sample_t150_p100,500,0.22,0.23,2561,0.012147054777952217
sample_t150_p100,500,0.23,0.24,2760,0.013090929788031285
sample_t150_p100,500,0.24,0.25,2801,0.013285396498650591
sample_t150_p100,500,0.25,0.26,4431,0.021016634018393706
sample_t150_p100,500,0.26,0.27,4358,0.020670388411681284
sample_t150_p100,500,0.27,0.28,4574,0.02169489596030982
sample_t150_p100,500,0.28,0.29,5524,0.02620083193807421
sample_t150_p100,500,0.29,0.3,5211,0.024716244610663417
sample_t150_p100,500,0.3,0.31,6383,0.030275146680073802
sample_t150_p100,500,0.31,0.32,6037,0.028634037366066983
sample_t150_p100,500,0.32,0.33,6784,0.03217712597174067
sample_t150_p100,500,0.33,0.34,5932,0.028136012863261443
sample_t150_p100,500,0.34,0.35000000000000003,6322,0.0299858181593963
sample_t150_p100,500,0.35000000000000003,0.36,6821,0.03235262032034833
sample_t150_p100,500,0.36,0.37,6860,0.032537600849961816
sample_t150_p100,500,0.37,0.38,6636,0.03147514857731001
sample_t150_p100,500,0.38,0.39,6592,0.031266452595181966
sample_t150_p100,500,0.39,0.4,5655,0.026822176793955405
sample_t150_p100,500,0.4,0.41000000000000003,7204,0.03416922398296282
sample_t150_p100,500,0.41000000000000003,0.42,6242,0.02960637091916351
sample_t150_p100,500,0.42,0.43,5710,0.027083046771615448
sample_t150_p100,500,0.43,0.44,6038,0.028638780456569892
sample_t150_p100,500,0.44,0.45,5380,0.025517826905655187
sample_t150_p100,500,0.45,0.46,5632,0.02671308571238848
sample_t150_p100,500,0.46,0.47000000000000003,5061,0.024004781035226932
sample_t150_p100,500,0.47000000000000003,0.48,4909,0.023283831278784632
sample_t150_p100,500,0.48,0.49,4499,0.021339164172591577
sample_t150_p100,500,0.49,0.5,3202,0.015187375790317455
sample_t150_p100,500,0.5,0.51,6146,0.02915103423088416
sample_t150_p100,500,0.51,0.52,3438,0.01630674514900419
sample_t150_p100,500,0.52,0.53,3581,0.016985007090920302
sample_t150_p100,500,0.53,0.54,3418,0.01621188333894599
sample_t150_p100,500,0.54,0.55,2893,0.0137217608249183
sample_t150_p100,500,0.55,0.56,2994,0.0142008129657122
sample_t150_p100,500,0.56,0.5700000000000001,2769,0.013133617602557475
sample_t150_p100,500,0.5700000000000001,0.58,2234,0.010596064183500686
sample_t150_p100,500,0.58,0.59,2188,0.010377882020366831
sample_t150_p100,500,0.59,0.6,1716,0.008139143302993364
sample_t150_p100,500,0.6,0.61,2122,0.010064838047174778
sample_t150_p100,500,0.61,0.62,1653,0.007840328601310042
sample_t150_p100,500,0.62,0.63,1599,0.007584201714152907
sample_t150_p100,500,0.63,0.64,1466,0.006953370677265893
sample_t150_p100,500,0.64,0.65,1315,0.0062371640113265
sample_t150_p100,500,0.65,0.66,1210,0.005739139508520962
sample_t150_p100,500,0.66,0.67,1300,0.006166017653782852
sample_t150_p100,500,0.67,0.68,1123,0.005326490634767802
sample_t150_p100,500,0.68,0.6900000000000001,1089,0.005165225557668866
sample_t150_p100,500,0.6900000000000001,0.7000000000000001,837,0.003969966750935574
sample_t150_p100,500,0.7000000000000001,0.71,999,0.004738347412406976
sample_t150_p100,500,0.71,0.72,694,0.0032917048090194607
sample_t150_p100,500,0.72,0.73,627,0.0029739177453244987
sample_t150_p100,500,0.73,0.74,661,0.0031351828224234347
sample_t150_p100,500,0.74,0.75,477,0.0022624541698880157
sample_t150_p100,500,0.75,0.76,531,0.0025185810570451496
sample_t150_p100,500,0.76,0.77,404,0.001916208563175594
sample_t150_p100,500,0.77,0.78,334,0.0015841922279719019
sample_t150_p100,500,0.78,0.79,301,0.0014276702413758757
sample_t150_p100,500,0.79,0.8,187,0.0008869579240441487
sample_t150_p100,500,0.8,0.81,278,0.0013185791598089483
sample_t150_p100,500,0.81,0.8200000000000001,200,0.0009486181005819772
sample_t150_p100,500,0.8200000000000001,0.8300000000000001,208,0.0009865628246052563
sample_t150_p100,500,0.8300000000000001,0.84,194,0.0009201595575645179
sample_t150_p100,500,0.84,0.85,262,0.00124268971176239
sample_t150_p100,500,0.85,0.86,204,0.0009675904625936168
sample_t150_p100,500,0.86,0.87,206,0.0009770766435994364
sample_t150_p100,500,0.87,0.88,124,0.0005881432223608259
sample_t150_p100,500,0.88,0.89,96,0.0004553366882793491
sample_t150_p100,500,0.89,0.9,67,0.0003177870636949624
sample_t150_p100,500,0.9,0.91,54,0.00025612688715713385
sample_t150_p100,500,0.91,0.92,47,0.00022292525363676465
sample_t150_p100,500,0.92,0.93,75,0.00035573178771824146
sample_t150_p100,500,0.93,0.9400000000000001,29,0.0001375496245843867
sample_t150_p100,500,0.9400000000000001,0.9500000000000001,23,0.00010909108156692738
sample_t150_p100,500,0.9500000000000001,0.96,31,0.00014703580559020647
sample_t150_p100,500,0.96,0.97,7,3.32016335203692e-05
sample_t150_p100,500,0.97,0.98,18,8.537562905237795e-05
sample_t150_p100,500,0.98,0.99,15,7.114635754364829e-05
sample_t150_p100,500,0.99,1.0,25,0.00011857726257274715
sample_t150_p100,1000,0.0,0.01,0,0.0
sample_t150_p100,1000,0.01,0.02,16,5.8091617742632346e-05
sample_t150_p100,1000,0.02,0.03,2,7.261452217829043e-06
sample_t150_p100,1000,0.03,0.04,1,3.6307261089145216e-06
sample_t150_p100,1000,0.04,0.05,2,7.261452217829043e-06
sample_t150_p100,1000,0.05,0.06,1,3.6307261089145216e-06
sample_t150_p100,1000,0.06,0.07,5,1.815363054457261e-05
sample_t150_p100,1000,0.07,0.08,3,1.0892178326743566e-05
sample_t150_p100,1000,0.08,0.09,17,6.172234385154688e-05
sample_t150_p100,1000,0.09,0.1,43,0.00015612122268332445
sample_t150_p100,1000,0.1,0.11,70,0.00025415082762401654
sample_t150_p100,1000,0.11,0.12,74,0.00026867373205967463
sample_t150_p100,1000,0.12,0.13,181,0.0006571614257135284
sample_t150_p100,1000,0.13,0.14,237,0.0008604820878127416
sample_t150_p100,1000,0.14,0.15,301,0.0010928485587832712
sample_t150_p100,1000,0.15,0.16,433,0.001572104405159988
sample_t150_p100,1000,0.16,0.17,769,0.0027920283777552674
sample_t150_p100,1000,0.17,0.18,987,0.003583526669498633
sample_t150_p100,1000,0.18,0.19,1294,0.004698159584935391
sample_t150_p100,1000,0.19,0.2,1464,0.00531538302345086
sample_t150_p100,1000,0.2,0.21,2407,0.008739157744157254
sample_t150_p100,1000,0.21,0.22,2569,0.009327335373801407
sample_t150_p100,1000,0.22,0.23,3107,0.01128066602039742
sample_t150_p100,1000,0.23,0.24,3633,0.013190427953686457
sample_t150_p100,1000,0.24,0.25,3547,0.012878185508319808
sample_t150_p100,1000,0.25,0.26,5526,0.02006339247786165
sample_t150_p100,1000,0.26,0.27,5509,0.0200016701340101
sample_t150_p100,1000,0.27,0.28,6095,0.02212927563383401
sample_t150_p100,1000,0.28,0.29,6967,0.025295268800807475
sample_t150_p100,1000,0.29,0.3,6659,0.0241770051592618
sample_t150_p100,1000,0.3,0.31,8330,0.030243948487257966
sample_t150_p100,1000,0.31,0.32,8052,0.02923460662897973
sample_t150_p100,1000,0.32,0.33,9165,0.033275604788201595
sample_t150_p100,1000,0.33,0.34,7746,0.028123604439651884
sample_t150_p100,1000,0.34,0.35000000000000003,8407,0.030523514397644384
sample_t150_p100,1000,0.35000000000000003,0.36,9200,0.0334026802020136
sample_t150_p100,1000,0.36,0.37,9258,0.03361326231633064
sample_t150_p100,1000,0.37,0.38,8784,0.03189229814070516
sample_t150_p100,1000,0.38,0.39,8875,0.03222269421661638
sample_t150_p100,1000,0.39,0.4,7456,0.027070693868066674
sample_t150_p100,1000,0.4,0.41000000000000003,9636,0.03498567678550033
sample_t150_p100,1000,0.41000000000000003,0.42,8322,0.03021490267838665
sample_t150_p100,1000,0.42,0.43,7700,0.02795659103864182
sample_t150_p100,1000,0.43,0.44,7991,0.029013132336335942
sample_t150_p100,1000,0.44,0.45,7134,0.025901600060996198
sample_t150_p100,1000,0.45,0.46,7463,0.027096108950829076
sample_t150_p100,1000,0.46,0.47000000000000003,6728,0.024427525260776902
sample_t150_p100,1000,0.47000000000000003,0.48,6525,0.023690487860667256
sample_t150_p100,1000,0.48,0.49,5785,0.021003750540070507
sample_t150_p100,1000,0.49,0.5,4173,0.0151510200525003
sample_t150_p100,1000,0.5,0.51,7879,0.028606491012137518
sample_t150_p100,1000,0.51,0.52,4413,0.016022394318639784
sample_t150_p100,1000,0.52,0.53,4707,0.017089827794660655
sample_t150_p100,1000,0.53,0.54,4404,0.015989717783659554
sample_t150_p100,1000,0.54,0.55,3676,0.013346549176369783
sample_t150_p100,1000,0.55,0.56,3856,0.014000079875974396
sample_t150_p100,1000,0.56,0.5700000000000001,3619,0.013139597788161655
sample_t150_p100,1000,0.5700000000000001,0.58,2828,0.010267693436010267
sample_t150_p100,1000,0.58,0.59,2832,0.010282216340445925
sample_t150_p100,1000,0.59,0.6,2265,0.008223594636691391
sample_t150_p100,1000,0.6,0.61,2720,0.0098755750162475
sample_t150_p100,1000,0.61,0.62,2159,0.007838737669146452
sample_t150_p100,1000,0.62,0.63,2045,0.007424834892730197
sample_t150_p100,1000,0.63,0.64,1730,0.006281156168422123
sample_t150_p100,1000,0.64,0.65,1666,0.006048789697451594
sample_t150_p100,1000,0.65,0.66,1442,0.005235507049054741
sample_t150_p100,1000,0.66,0.67,1556,0.005649409825470996
sample_t150_p100,1000,0.67,0.68,1466,0.005322644475668689
sample_t150_p100,1000,0.68,0.6900000000000001,1384,0.005024924934737698
sample_t150_p100,1000,0.6900000000000001,0.7000000000000001,1048,0.003805000962142419
sample_t150_p100,1000,0.7000000000000001,0.71,1243,0.0045129925533807505
sample_t150_p100,1000,0.71,0.72,844,0.0030643328359238565
sample_t150_p100,1000,0.72,0.73,779,0.0028283356388444127
sample_t150_p100,1000,0.73,0.74,787,0.0028573814477157286
sample_t150_p100,1000,0.74,0.75,587,0.0021312362259328244
sample_t150_p100,1000,0.75,0.76,697,0.0025306160979134216
sample_t150_p100,1000,0.76,0.77,519,0.0018843468505266368
sample_t150_p100,1000,0.77,0.78,415,0.0015067513351995265
sample_t150_p100,1000,0.78,0.79,383,0.0013905680997142618
sample_t150_p100,1000,0.79,0.8,242,0.0008786357183573143
sample_t150_p100,1000,0.8,0.81,324,0.001176355259288305
sample_t150_p100,1000,0.81,0.8200000000000001,246,0.0008931586227929724
sample_t150_p100,1000,0.8200000000000001,0.8300000000000001,257,0.0009330966099910321
sample_t150_p100,1000,0.8300000000000001,0.84,251,0.000911312253337545
sample_t150_p100,1000,0.84,0.85,315,0.0011436787243080744
sample_t150_p100,1000,0.85,0.86,232,0.000842328457268169
sample_t150_p100,1000,0.86,0.87,220,0.0007987597439611947
sample_t150_p100,1000,0.87,0.88,157,0.0005700239990995799
sample_t150_p100,1000,0.88,0.89,120,0.0004356871330697426
sample_t150_p100,1000,0.89,0.9,75,0.00027230445816858913
sample_t150_p100,1000,0.9,0.91,66,0.00023962792318835843
sample_t150_p100,1000,0.91,0.92,63,0.00022873574486161486
sample_t150_p100,1000,0.92,0.93,82,0.0002977195409309908
sample_t150_p100,1000,0.93,0.9400000000000001,44,0.00015975194879223897
sample_t150_p100,1000,0.9400000000000001,0.9500000000000001,26,9.439887883177757e-05
sample_t150_p100,1000,0.9500000000000001,0.96,35,0.00012707541381200827
sample_t150_p100,1000,0.96,0.97,7,2.541508276240165e-05
sample_t150_p100,1000,0.97,0.98,26,9.439887883177757e-05
sample_t150_p100,1000,0.98,0.99,12,4.3568713306974265e-05
sample_t150_p100,1000,0.99,1.0,29,0.00010529105715852113
