endpoint,category,task,model,display_name,metric,mean,population_std,values_json
caco2_wang,Absorption,regression,gmolai,gMolAI,mae,0.30079035101000307,0.011867823578939722,"[0.2911003136347453, 0.31532540707288964, 0.2911003136347453, 0.2911003136347453, 0.31532540707288964]"
caco2_wang,Absorption,regression,gmolai,gMolAI,r2,0.6877444359800071,0.009935427615036328,"[0.6958566786577391, 0.675576071963409, 0.6958566786577391, 0.6958566786577391, 0.675576071963409]"
caco2_wang,Absorption,regression,gmolai,gMolAI,rmse,0.3830169822108644,0.006075328849965718,"[0.3780564969768558, 0.39045771006187724, 0.3780564969768558, 0.3780564969768558, 0.39045771006187724]"
caco2_wang,Absorption,regression,gmolai,gMolAI,spearman,0.7900273914417089,0.01110630949169989,"[0.7990956551684069, 0.7764249958516616, 0.7990956551684069, 0.7990956551684069, 0.7764249958516616]"
caco2_wang,Absorption,regression,morgan,Morgan radius-2,mae,0.3792439779888713,0.0013941710166151203,"[0.376455635955641, 0.3799410634971788, 0.3799410634971788, 0.3799410634971788, 0.3799410634971788]"
caco2_wang,Absorption,regression,morgan,Morgan radius-2,r2,0.5467519528374447,0.008483755260868796,"[0.5297844423157072, 0.5509938304678792, 0.5509938304678792, 0.5509938304678792, 0.5509938304678792]"
caco2_wang,Absorption,regression,morgan,Morgan radius-2,rmse,0.46149476089878877,0.004289527570148799,"[0.4700738160390863, 0.4593499971137143, 0.4593499971137143, 0.4593499971137143, 0.4593499971137143]"
caco2_wang,Absorption,regression,morgan,Morgan radius-2,spearman,0.6958510188584082,0.00723195843021589,"[0.7103149357188399, 0.6922350396433001, 0.6922350396433001, 0.6922350396433001, 0.6922350396433001]"
caco2_wang,Absorption,regression,molai,MolAI epoch 6,mae,0.3412102941474373,0.013720157040398508,"[0.33435021562723805, 0.33435021562723805, 0.33435021562723805, 0.33435021562723805, 0.3686506082282343]"
caco2_wang,Absorption,regression,molai,MolAI epoch 6,r2,0.614819109206258,0.04663497448701204,"[0.6381365964497641, 0.6381365964497641, 0.6381365964497641, 0.6381365964497641, 0.521549160232234]"
caco2_wang,Absorption,regression,molai,MolAI epoch 6,rmse,0.42473262158200065,0.024719863452732936,"[0.41237268985563413, 0.41237268985563413, 0.41237268985563413, 0.41237268985563413, 0.4741723484874665]"
caco2_wang,Absorption,regression,molai,MolAI epoch 6,spearman,0.7560558390670742,0.02768496588099345,"[0.7698983220075709, 0.7698983220075709, 0.7698983220075709, 0.7698983220075709, 0.7006859073050873]"
caco2_wang,Absorption,regression,molformer,MoLFormer,mae,0.376875151329617,0.0,"[0.376875151329617, 0.376875151329617, 0.376875151329617, 0.376875151329617, 0.376875151329617]"
caco2_wang,Absorption,regression,molformer,MoLFormer,r2,0.5577371682154195,0.0,"[0.5577371682154195, 0.5577371682154195, 0.5577371682154195, 0.5577371682154195, 0.5577371682154195]"
caco2_wang,Absorption,regression,molformer,MoLFormer,rmse,0.45588760551720364,0.0,"[0.45588760551720364, 0.45588760551720364, 0.45588760551720364, 0.45588760551720364, 0.45588760551720364]"
caco2_wang,Absorption,regression,molformer,MoLFormer,spearman,0.7132894922814819,0.0,"[0.7132894922814819, 0.7132894922814819, 0.7132894922814819, 0.7132894922814819, 0.7132894922814819]"
caco2_wang,Absorption,regression,smi_ted,SMI-TED-Light,mae,0.35695318297338197,0.01519529732717555,"[0.3493555343097942, 0.3493555343097942, 0.3493555343097942, 0.3873437776277331, 0.3493555343097942]"
caco2_wang,Absorption,regression,smi_ted,SMI-TED-Light,r2,0.6011837762837597,0.04036159730024047,"[0.62136457493388, 0.62136457493388, 0.62136457493388, 0.5204605816832788, 0.62136457493388]"
caco2_wang,Absorption,regression,smi_ted,SMI-TED-Light,rmse,0.43239908415732076,0.02115618994201451,"[0.4218209891863135, 0.4218209891863135, 0.4218209891863135, 0.4747114640413498, 0.4218209891863135]"
caco2_wang,Absorption,regression,smi_ted,SMI-TED-Light,spearman,0.7430819509582592,0.024235733343413248,"[0.7551998176299659, 0.7551998176299659, 0.7551998176299659, 0.6946104842714328, 0.7551998176299659]"
caco2_wang,Absorption,regression,molclr_gin,MolCLR-GIN,mae,0.404968801390625,0.011355623012548745,"[0.39943938534098306, 0.3988503865468344, 0.39943938534098306, 0.42767546438334153, 0.39943938534098306]"
caco2_wang,Absorption,regression,molclr_gin,MolCLR-GIN,r2,0.4491254545306205,0.019599112002925908,"[0.4650594972707769, 0.4280899681263368, 0.4650594972707769, 0.4223588127144349, 0.4650594972707769]"
caco2_wang,Absorption,regression,molclr_gin,MolCLR-GIN,rmse,0.5087163461833171,0.009017790532157169,"[0.5013838080562805, 0.5184196100465429, 0.5013838080562805, 0.5210106967012011, 0.5013838080562805]"
caco2_wang,Absorption,regression,molclr_gin,MolCLR-GIN,spearman,0.6877803518119177,0.004906555959018091,"[0.6908424716314228, 0.6781848164636873, 0.6908424716314228, 0.6881895277016328, 0.6908424716314228]"
caco2_wang,Absorption,regression,kermt_v2,KERMT v2,mae,0.3653849261857198,0.014131283509807671,"[0.34243833715596517, 0.3642751990027702, 0.38701218357710104, 0.3665994555963813, 0.3665994555963813]"
caco2_wang,Absorption,regression,kermt_v2,KERMT v2,r2,0.5366751518850553,0.04582463864797141,"[0.5967544644801527, 0.5818847789772014, 0.47388046631445546, 0.5154280248267336, 0.5154280248267336]"
caco2_wang,Absorption,regression,kermt_v2,KERMT v2,rmse,0.46604109837474966,0.023171564790056345,"[0.4353137124261169, 0.44326715535388483, 0.49723280897711014, 0.4771959075583183, 0.4771959075583183]"
caco2_wang,Absorption,regression,kermt_v2,KERMT v2,spearman,0.7533250171717022,0.017723133827484732,"[0.7756582805222533, 0.7739269878429437, 0.7436932588991432, 0.7366732792970854, 0.7366732792970854]"
caco2_wang,Absorption,regression,descriptor_13,13-descriptor diagnostic,mae,0.38231476445455603,0.014657120517519604,"[0.3948015327390206, 0.3562323774551731, 0.3892492938508098, 0.3948015327390206, 0.37648908548875604]"
caco2_wang,Absorption,regression,descriptor_13,13-descriptor diagnostic,r2,0.5431701974406588,0.03699852699257308,"[0.5097742472197377, 0.6055970678739733, 0.5265479906948032, 0.5097742472197377, 0.5641574341950417]"
caco2_wang,Absorption,regression,descriptor_13,13-descriptor diagnostic,rmse,0.46294259912925595,0.019056395038765894,"[0.47997169278092927, 0.4305143492294926, 0.47168877990441754, 0.47997169278092927, 0.45256648095051116]"
caco2_wang,Absorption,regression,descriptor_13,13-descriptor diagnostic,spearman,0.6769816413417058,0.027619728025203655,"[0.6530735336665818, 0.7271181075907165, 0.6670267837853849, 0.6530735336665818, 0.6846162479992639]"
hia_hou,Absorption,classification,gmolai,gMolAI,balanced_accuracy,0.9366666666666668,0.03906310184721542,"[0.9666666666666667, 0.9444444444444444, 0.8611111111111112, 0.9444444444444444, 0.9666666666666667]"
hia_hou,Absorption,classification,gmolai,gMolAI,pr_auc,0.9959556568559496,0.0010808309497858716,"[0.9951434578399376, 0.9963097528042812, 0.997576917221691, 0.9963097528042812, 0.9944384036095564]"
hia_hou,Absorption,classification,gmolai,gMolAI,roc_auc,0.9844444444444445,0.004404820077512896,"[0.9811965811965812, 0.985897435897436, 0.9910256410256411, 0.985897435897436, 0.9782051282051282]"
hia_hou,Absorption,classification,morgan,Morgan radius-2,balanced_accuracy,0.8564102564102566,1.1102230246251565e-16,"[0.8564102564102565, 0.8564102564102565, 0.8564102564102565, 0.8564102564102565, 0.8564102564102565]"
hia_hou,Absorption,classification,morgan,Morgan radius-2,pr_auc,0.9817417195054633,0.0,"[0.9817417195054633, 0.9817417195054633, 0.9817417195054633, 0.9817417195054633, 0.9817417195054633]"
hia_hou,Absorption,classification,morgan,Morgan radius-2,roc_auc,0.947008547008547,1.1102230246251565e-16,"[0.9470085470085471, 0.9470085470085471, 0.9470085470085471, 0.9470085470085471, 0.9470085470085471]"
hia_hou,Absorption,classification,molai,MolAI epoch 6,balanced_accuracy,0.8183760683760684,0.014655066837164317,"[0.8363247863247864, 0.8363247863247864, 0.8064102564102564, 0.8064102564102564, 0.8064102564102564]"
hia_hou,Absorption,classification,molai,MolAI epoch 6,pr_auc,0.9785246496409915,0.0039257595466056444,"[0.9833327035120134, 0.9833327035120134, 0.9753192803936437, 0.9753192803936437, 0.9753192803936437]"
hia_hou,Absorption,classification,molai,MolAI epoch 6,roc_auc,0.9300854700854702,0.009630472492993657,"[0.9418803418803419, 0.9418803418803419, 0.9222222222222223, 0.9222222222222223, 0.9222222222222223]"
hia_hou,Absorption,classification,molformer,MoLFormer,balanced_accuracy,0.9011111111111111,0.024444444444444446,"[0.8888888888888888, 0.8888888888888888, 0.95, 0.8888888888888888, 0.8888888888888888]"
hia_hou,Absorption,classification,molformer,MoLFormer,pr_auc,0.9951095701722107,0.00023740200095949683,"[0.9952282711726904, 0.9952282711726904, 0.9946347661702917, 0.9952282711726904, 0.9952282711726904]"
hia_hou,Absorption,classification,molformer,MoLFormer,roc_auc,0.9828205128205129,0.0010256410256410664,"[0.9833333333333334, 0.9833333333333334, 0.9807692307692307, 0.9833333333333334, 0.9833333333333334]"
hia_hou,Absorption,classification,smi_ted,SMI-TED-Light,balanced_accuracy,0.9335042735042736,0.007030401614591015,"[0.9333333333333333, 0.9333333333333333, 0.9448717948717948, 0.9333333333333333, 0.9226495726495727]"
hia_hou,Absorption,classification,smi_ted,SMI-TED-Light,pr_auc,0.9967847793450876,0.0009551299482812666,"[0.99754177969575, 0.99754177969575, 0.9952863087041077, 0.99754177969575, 0.9960122489340801]"
hia_hou,Absorption,classification,smi_ted,SMI-TED-Light,roc_auc,0.9891452991452991,0.0029059829059828427,"[0.9914529914529914, 0.9914529914529914, 0.9846153846153847, 0.9914529914529914, 0.9867521367521368]"
hia_hou,Absorption,classification,molclr_gin,MolCLR-GIN,balanced_accuracy,0.8386324786324787,0.015605255440721002,"[0.8529914529914531, 0.8196581196581196, 0.8196581196581196, 0.8478632478632478, 0.8529914529914531]"
hia_hou,Absorption,classification,molclr_gin,MolCLR-GIN,pr_auc,0.9729652330043022,0.006943055425904074,"[0.9712992599769618, 0.9802911658001121, 0.9802911658001121, 0.9616453134673628, 0.9712992599769618]"
hia_hou,Absorption,classification,molclr_gin,MolCLR-GIN,roc_auc,0.9182905982905982,0.01201880815971183,"[0.9179487179487179, 0.9294871794871795, 0.9294871794871795, 0.8965811965811965, 0.9179487179487179]"
hia_hou,Absorption,classification,kermt_v2,KERMT v2,balanced_accuracy,0.8790598290598289,0.008374323906951007,"[0.8893162393162393, 0.8893162393162393, 0.8722222222222222, 0.8722222222222222, 0.8722222222222222]"
hia_hou,Absorption,classification,kermt_v2,KERMT v2,pr_auc,0.9924643642484291,0.0016503200250849092,"[0.9904431432615516, 0.9904431432615516, 0.9938118449063476, 0.9938118449063476, 0.9938118449063476]"
hia_hou,Absorption,classification,kermt_v2,KERMT v2,roc_auc,0.974102564102564,0.00607138483253948,"[0.9666666666666667, 0.9666666666666667, 0.979059829059829, 0.979059829059829, 0.979059829059829]"
hia_hou,Absorption,classification,descriptor_13,13-descriptor diagnostic,balanced_accuracy,0.8988888888888888,0.0022222222222222586,"[0.9, 0.8944444444444444, 0.9, 0.9, 0.9]"
hia_hou,Absorption,classification,descriptor_13,13-descriptor diagnostic,pr_auc,0.9930696358928351,0.00017143546388393994,"[0.9929839181608933, 0.9934125068206031, 0.9929839181608933, 0.9929839181608933, 0.9929839181608933]"
hia_hou,Absorption,classification,descriptor_13,13-descriptor diagnostic,roc_auc,0.9732478632478632,0.0011965811965811925,"[0.9726495726495726, 0.9756410256410256, 0.9726495726495726, 0.9726495726495726, 0.9726495726495726]"
pgp_broccatelli,Absorption,classification,gmolai,gMolAI,balanced_accuracy,0.849306851506265,0.0,"[0.849306851506265, 0.849306851506265, 0.849306851506265, 0.849306851506265, 0.849306851506265]"
pgp_broccatelli,Absorption,classification,gmolai,gMolAI,pr_auc,0.9302629166456683,1.1102230246251565e-16,"[0.9302629166456682, 0.9302629166456682, 0.9302629166456682, 0.9302629166456682, 0.9302629166456682]"
pgp_broccatelli,Absorption,classification,gmolai,gMolAI,roc_auc,0.9275526526259663,0.0,"[0.9275526526259663, 0.9275526526259663, 0.9275526526259663, 0.9275526526259663, 0.9275526526259663]"
pgp_broccatelli,Absorption,classification,morgan,Morgan radius-2,balanced_accuracy,0.825613169821381,0.0,"[0.825613169821381, 0.825613169821381, 0.825613169821381, 0.825613169821381, 0.825613169821381]"
pgp_broccatelli,Absorption,classification,morgan,Morgan radius-2,pr_auc,0.9017386476928276,0.0,"[0.9017386476928276, 0.9017386476928276, 0.9017386476928276, 0.9017386476928276, 0.9017386476928276]"
pgp_broccatelli,Absorption,classification,morgan,Morgan radius-2,roc_auc,0.880831778192482,0.0,"[0.880831778192482, 0.880831778192482, 0.880831778192482, 0.880831778192482, 0.880831778192482]"
pgp_broccatelli,Absorption,classification,molai,MolAI epoch 6,balanced_accuracy,0.8291455611836843,0.0,"[0.8291455611836843, 0.8291455611836843, 0.8291455611836843, 0.8291455611836843, 0.8291455611836843]"
pgp_broccatelli,Absorption,classification,molai,MolAI epoch 6,pr_auc,0.910745870628541,1.1102230246251565e-16,"[0.9107458706285411, 0.9107458706285411, 0.9107458706285411, 0.9107458706285411, 0.9107458706285411]"
pgp_broccatelli,Absorption,classification,molai,MolAI epoch 6,roc_auc,0.9088243135163957,0.0,"[0.9088243135163957, 0.9088243135163957, 0.9088243135163957, 0.9088243135163957, 0.9088243135163957]"
pgp_broccatelli,Absorption,classification,molformer,MoLFormer,balanced_accuracy,0.8291455611836843,0.0,"[0.8291455611836843, 0.8291455611836843, 0.8291455611836843, 0.8291455611836843, 0.8291455611836843]"
pgp_broccatelli,Absorption,classification,molformer,MoLFormer,pr_auc,0.9135358227027266,0.0,"[0.9135358227027266, 0.9135358227027266, 0.9135358227027266, 0.9135358227027266, 0.9135358227027266]"
pgp_broccatelli,Absorption,classification,molformer,MoLFormer,roc_auc,0.9085577179418822,0.0,"[0.9085577179418822, 0.9085577179418822, 0.9085577179418822, 0.9085577179418822, 0.9085577179418822]"
pgp_broccatelli,Absorption,classification,smi_ted,SMI-TED-Light,balanced_accuracy,0.8207811250333246,1.1102230246251565e-16,"[0.8207811250333245, 0.8207811250333245, 0.8207811250333245, 0.8207811250333245, 0.8207811250333245]"
pgp_broccatelli,Absorption,classification,smi_ted,SMI-TED-Light,pr_auc,0.9053193628854584,0.0,"[0.9053193628854584, 0.9053193628854584, 0.9053193628854584, 0.9053193628854584, 0.9053193628854584]"
pgp_broccatelli,Absorption,classification,smi_ted,SMI-TED-Light,roc_auc,0.9070247933884297,0.0,"[0.9070247933884297, 0.9070247933884297, 0.9070247933884297, 0.9070247933884297, 0.9070247933884297]"
pgp_broccatelli,Absorption,classification,molclr_gin,MolCLR-GIN,balanced_accuracy,0.7844174886696882,0.004048743376501108,"[0.787723273793655, 0.787723273793655, 0.787723273793655, 0.7794588109837377, 0.7794588109837377]"
pgp_broccatelli,Absorption,classification,molclr_gin,MolCLR-GIN,pr_auc,0.8584345494633668,0.007438414121985945,"[0.8645079891614929, 0.8645079891614929, 0.8645079891614929, 0.8493243899161778, 0.8493243899161778]"
pgp_broccatelli,Absorption,classification,molclr_gin,MolCLR-GIN,roc_auc,0.8691015729138897,0.0001632557813105487,"[0.8692348707011465, 0.8692348707011465, 0.8692348707011465, 0.8689016262330046, 0.8689016262330046]"
pgp_broccatelli,Absorption,classification,kermt_v2,KERMT v2,balanced_accuracy,0.7880631831511596,0.00011996800853104618,"[0.7881231671554252, 0.7881231671554252, 0.7878232471340976, 0.7881231671554252, 0.7881231671554252]"
pgp_broccatelli,Absorption,classification,kermt_v2,KERMT v2,pr_auc,0.8563660159952786,0.014191799829944651,"[0.8634619159102508, 0.8634619159102508, 0.8279824163353892, 0.8634619159102508, 0.8634619159102508]"
pgp_broccatelli,Absorption,classification,kermt_v2,KERMT v2,roc_auc,0.8592641962143428,0.004078912290056014,"[0.8613036523593709, 0.8613036523593709, 0.8511063716342309, 0.8613036523593709, 0.8613036523593709]"
pgp_broccatelli,Absorption,classification,descriptor_13,13-descriptor diagnostic,balanced_accuracy,0.8155158624366836,0.01113036523593709,"[0.7932551319648093, 0.8210810450546521, 0.8210810450546521, 0.8210810450546521, 0.8210810450546521]"
pgp_broccatelli,Absorption,classification,descriptor_13,13-descriptor diagnostic,pr_auc,0.8865935241900214,0.0021988824078340127,"[0.8821957593743532, 0.8876929653939383, 0.8876929653939383, 0.8876929653939383, 0.8876929653939383]"
pgp_broccatelli,Absorption,classification,descriptor_13,13-descriptor diagnostic,roc_auc,0.8991735537190083,0.005305251932817923,"[0.8885630498533724, 0.9018261796854172, 0.9018261796854172, 0.9018261796854172, 0.9018261796854172]"
bioavailability_ma,Absorption,classification,gmolai,gMolAI,balanced_accuracy,0.5380068728522337,0.009209621993127205,"[0.5426116838487973, 0.5426116838487973, 0.5426116838487973, 0.5426116838487973, 0.5195876288659793]"
bioavailability_ma,Absorption,classification,gmolai,gMolAI,pr_auc,0.847009686699691,0.006545627110763031,"[0.8437368731443095, 0.8437368731443095, 0.8437368731443095, 0.8437368731443095, 0.860100940921217]"
bioavailability_ma,Absorption,classification,gmolai,gMolAI,roc_auc,0.5769759450171821,0.008247422680412387,"[0.5728522336769759, 0.5728522336769759, 0.5728522336769759, 0.5728522336769759, 0.5934707903780069]"
bioavailability_ma,Absorption,classification,morgan,Morgan radius-2,balanced_accuracy,0.555360824742268,0.009414427871928107,"[0.5465635738831616, 0.5556701030927835, 0.5465635738831616, 0.5556701030927835, 0.5723367697594501]"
bioavailability_ma,Absorption,classification,morgan,Morgan radius-2,pr_auc,0.8547573538248308,0.004020108903137464,"[0.8498358320308466, 0.8579315543388291, 0.8498358320308466, 0.8579315543388291, 0.8582519963848029]"
bioavailability_ma,Absorption,classification,morgan,Morgan radius-2,roc_auc,0.6508591065292096,0.0019680853695225155,"[0.6532646048109966, 0.6491408934707904, 0.6532646048109966, 0.6491408934707904, 0.6494845360824743]"
bioavailability_ma,Absorption,classification,molai,MolAI epoch 6,balanced_accuracy,0.6086941580756015,0.019381443298969094,"[0.6183848797250859, 0.6183848797250859, 0.6183848797250859, 0.5699312714776632, 0.6183848797250859]"
bioavailability_ma,Absorption,classification,molai,MolAI epoch 6,pr_auc,0.869005034552956,0.00035369659077355564,"[0.8691818828483429, 0.8691818828483429, 0.8691818828483429, 0.868297641371409, 0.8691818828483429]"
bioavailability_ma,Absorption,classification,molai,MolAI epoch 6,roc_auc,0.6554639175257732,0.004536082474226833,"[0.6577319587628866, 0.6577319587628866, 0.6577319587628866, 0.6463917525773195, 0.6577319587628866]"
bioavailability_ma,Absorption,classification,molformer,MoLFormer,balanced_accuracy,0.6490721649484537,0.03905715603613037,"[0.6969072164948453, 0.6171821305841925, 0.6969072164948453, 0.6171821305841925, 0.6171821305841925]"
bioavailability_ma,Absorption,classification,molformer,MoLFormer,pr_auc,0.9097579176389832,0.004320178228070361,"[0.9150490337673101, 0.9062305068867654, 0.9150490337673101, 0.9062305068867654, 0.9062305068867654]"
bioavailability_ma,Absorption,classification,molformer,MoLFormer,roc_auc,0.7291408934707905,0.018013429723560185,"[0.7512027491408935, 0.7144329896907216, 0.7512027491408935, 0.7144329896907216, 0.7144329896907216]"
bioavailability_ma,Absorption,classification,smi_ted,SMI-TED-Light,balanced_accuracy,0.6120274914089348,0.0,"[0.6120274914089348, 0.6120274914089348, 0.6120274914089348, 0.6120274914089348, 0.6120274914089348]"
bioavailability_ma,Absorption,classification,smi_ted,SMI-TED-Light,pr_auc,0.8986832096733842,0.0,"[0.8986832096733842, 0.8986832096733842, 0.8986832096733842, 0.8986832096733842, 0.8986832096733842]"
bioavailability_ma,Absorption,classification,smi_ted,SMI-TED-Light,roc_auc,0.7185567010309278,0.0,"[0.7185567010309278, 0.7185567010309278, 0.7185567010309278, 0.7185567010309278, 0.7185567010309278]"
bioavailability_ma,Absorption,classification,molclr_gin,MolCLR-GIN,balanced_accuracy,0.570549828178694,0.020137457044673557,"[0.6108247422680413, 0.5604810996563574, 0.5604810996563574, 0.5604810996563574, 0.5604810996563574]"
bioavailability_ma,Absorption,classification,molclr_gin,MolCLR-GIN,pr_auc,0.8518954533225129,0.005733579091023877,"[0.8633626115045605, 0.8490286637770008, 0.8490286637770008, 0.8490286637770008, 0.8490286637770008]"
bioavailability_ma,Absorption,classification,molclr_gin,MolCLR-GIN,roc_auc,0.6058419243986255,0.02061855670103094,"[0.6470790378006873, 0.59553264604811, 0.59553264604811, 0.59553264604811, 0.59553264604811]"
bioavailability_ma,Absorption,classification,kermt_v2,KERMT v2,balanced_accuracy,0.5865635738831614,0.0006185567010309701,"[0.586254295532646, 0.5878006872852234, 0.586254295532646, 0.586254295532646, 0.586254295532646]"
bioavailability_ma,Absorption,classification,kermt_v2,KERMT v2,pr_auc,0.8586224486386748,0.008939103706539386,"[0.8630920004919445, 0.840744241225596, 0.8630920004919445, 0.8630920004919445, 0.8630920004919445]"
bioavailability_ma,Absorption,classification,kermt_v2,KERMT v2,roc_auc,0.615807560137457,0.007560137457044646,"[0.6195876288659793, 0.6006872852233677, 0.6195876288659793, 0.6195876288659793, 0.6195876288659793]"
bioavailability_ma,Absorption,classification,descriptor_13,13-descriptor diagnostic,balanced_accuracy,0.5540549828178694,0.030026106266803517,"[0.5417525773195876, 0.6135738831615121, 0.5314432989690722, 0.5417525773195876, 0.5417525773195876]"
bioavailability_ma,Absorption,classification,descriptor_13,13-descriptor diagnostic,pr_auc,0.7844514567388092,0.02706266781274769,"[0.7712074513745721, 0.838569562239599, 0.7700653673307312, 0.7712074513745721, 0.7712074513745721]"
bioavailability_ma,Absorption,classification,descriptor_13,13-descriptor diagnostic,roc_auc,0.5765635738831614,0.05124558276645216,"[0.5515463917525772, 0.6790378006872851, 0.5491408934707903, 0.5515463917525772, 0.5515463917525772]"
lipophilicity_astrazeneca,Absorption,regression,gmolai,gMolAI,mae,0.658129016370329,0.0050356628273873485,"[0.6524233309143048, 0.6601876540793598, 0.6654231118643156, 0.6524233309143048, 0.6601876540793598]"
lipophilicity_astrazeneca,Absorption,regression,gmolai,gMolAI,r2,0.4893747031388481,0.009168785384363477,"[0.4998410810058609, 0.48542979845412504, 0.47633175677426864, 0.4998410810058609, 0.48542979845412504]"
lipophilicity_astrazeneca,Absorption,regression,gmolai,gMolAI,rmse,0.8452307206092028,0.007588855911568607,"[0.8365571649016238, 0.8485236096024089, 0.8559920540379485, 0.8365571649016238, 0.8485236096024089]"
lipophilicity_astrazeneca,Absorption,regression,gmolai,gMolAI,spearman,0.6816448358278493,0.0021384116715739876,"[0.6839782068514262, 0.6809757546228151, 0.6783162561907634, 0.6839782068514262, 0.6809757546228151]"
lipophilicity_astrazeneca,Absorption,regression,morgan,Morgan radius-2,mae,0.7186723013847106,0.0,"[0.7186723013847106, 0.7186723013847106, 0.7186723013847106, 0.7186723013847106, 0.7186723013847106]"
lipophilicity_astrazeneca,Absorption,regression,morgan,Morgan radius-2,r2,0.3878936885020049,0.0,"[0.3878936885020049, 0.3878936885020049, 0.3878936885020049, 0.3878936885020049, 0.3878936885020049]"
lipophilicity_astrazeneca,Absorption,regression,morgan,Morgan radius-2,rmse,0.9254544395264428,1.1102230246251565e-16,"[0.9254544395264429, 0.9254544395264429, 0.9254544395264429, 0.9254544395264429, 0.9254544395264429]"
lipophilicity_astrazeneca,Absorption,regression,morgan,Morgan radius-2,spearman,0.6457957972797629,0.0,"[0.6457957972797629, 0.6457957972797629, 0.6457957972797629, 0.6457957972797629, 0.6457957972797629]"
lipophilicity_astrazeneca,Absorption,regression,molai,MolAI epoch 6,mae,0.8265076964388612,0.0,"[0.8265076964388612, 0.8265076964388612, 0.8265076964388612, 0.8265076964388612, 0.8265076964388612]"
lipophilicity_astrazeneca,Absorption,regression,molai,MolAI epoch 6,r2,0.25506673689951875,0.0,"[0.25506673689951875, 0.25506673689951875, 0.25506673689951875, 0.25506673689951875, 0.25506673689951875]"
lipophilicity_astrazeneca,Absorption,regression,molai,MolAI epoch 6,rmse,1.0209401839012844,0.0,"[1.0209401839012844, 1.0209401839012844, 1.0209401839012844, 1.0209401839012844, 1.0209401839012844]"
lipophilicity_astrazeneca,Absorption,regression,molai,MolAI epoch 6,spearman,0.49851562415159584,0.0,"[0.49851562415159584, 0.49851562415159584, 0.49851562415159584, 0.49851562415159584, 0.49851562415159584]"
lipophilicity_astrazeneca,Absorption,regression,molformer,MoLFormer,mae,0.6321454169160576,0.0,"[0.6321454169160576, 0.6321454169160576, 0.6321454169160576, 0.6321454169160576, 0.6321454169160576]"
lipophilicity_astrazeneca,Absorption,regression,molformer,MoLFormer,r2,0.5396755696261875,0.0,"[0.5396755696261875, 0.5396755696261875, 0.5396755696261875, 0.5396755696261875, 0.5396755696261875]"
lipophilicity_astrazeneca,Absorption,regression,molformer,MoLFormer,rmse,0.8025528226765747,0.0,"[0.8025528226765747, 0.8025528226765747, 0.8025528226765747, 0.8025528226765747, 0.8025528226765747]"
lipophilicity_astrazeneca,Absorption,regression,molformer,MoLFormer,spearman,0.7176521541461685,0.0,"[0.7176521541461685, 0.7176521541461685, 0.7176521541461685, 0.7176521541461685, 0.7176521541461685]"
lipophilicity_astrazeneca,Absorption,regression,smi_ted,SMI-TED-Light,mae,0.6998733585840771,0.008585166803540023,"[0.6955807751823071, 0.7170436921911572, 0.6955807751823071, 0.6955807751823071, 0.6955807751823071]"
lipophilicity_astrazeneca,Absorption,regression,smi_ted,SMI-TED-Light,r2,0.4499429034362386,0.013773784713965087,"[0.45682979579322114, 0.4223953340083084, 0.45682979579322114, 0.45682979579322114, 0.45682979579322114]"
lipophilicity_astrazeneca,Absorption,regression,smi_ted,SMI-TED-Light,rmse,0.8772271767032281,0.010883585091144577,"[0.8717853841576558, 0.8989943468855173, 0.8717853841576558, 0.8717853841576558, 0.8717853841576558]"
lipophilicity_astrazeneca,Absorption,regression,smi_ted,SMI-TED-Light,spearman,0.6475076012216067,0.0026511490866668375,"[0.64883317576494, 0.642205303048273, 0.64883317576494, 0.64883317576494, 0.64883317576494]"
lipophilicity_astrazeneca,Absorption,regression,molclr_gin,MolCLR-GIN,mae,0.7519928367630697,0.00037897027194611337,"[0.752302264694387, 0.7515286948660939, 0.7515286948660939, 0.752302264694387, 0.752302264694387]"
lipophilicity_astrazeneca,Absorption,regression,molclr_gin,MolCLR-GIN,r2,0.38161168891036734,0.0001989139164729509,"[0.38177410144306645, 0.3813680701113187, 0.3813680701113187, 0.38177410144306645, 0.38177410144306645]"
lipophilicity_astrazeneca,Absorption,regression,molclr_gin,MolCLR-GIN,rmse,0.9301912386994176,0.0001496001054616859,"[0.9300690907248017, 0.9303744606613414, 0.9303744606613414, 0.9300690907248017, 0.9300690907248017]"
lipophilicity_astrazeneca,Absorption,regression,molclr_gin,MolCLR-GIN,spearman,0.589753368555334,0.00021576526365543074,"[0.5899295401553916, 0.5894891111552475, 0.5894891111552475, 0.5899295401553916, 0.5899295401553916]"
lipophilicity_astrazeneca,Absorption,regression,kermt_v2,KERMT v2,mae,0.6154935399799506,0.007949697403355228,"[0.611518691278273, 0.611518691278273, 0.631392934786661, 0.611518691278273, 0.611518691278273]"
lipophilicity_astrazeneca,Absorption,regression,kermt_v2,KERMT v2,r2,0.5528135553296091,0.007995578902093747,"[0.556811344780656, 0.556811344780656, 0.5368223975254216, 0.556811344780656, 0.556811344780656]"
lipophilicity_astrazeneca,Absorption,regression,kermt_v2,KERMT v2,rmse,0.7909860091103502,0.007025076759047266,"[0.7874734707308265, 0.7874734707308265, 0.8050361626284447, 0.7874734707308265, 0.7874734707308265]"
lipophilicity_astrazeneca,Absorption,regression,kermt_v2,KERMT v2,spearman,0.7427346360937621,0.011115075653579432,"[0.7482921739205517, 0.7482921739205517, 0.7205044847866031, 0.7482921739205517, 0.7482921739205517]"
lipophilicity_astrazeneca,Absorption,regression,descriptor_13,13-descriptor diagnostic,mae,0.8536190838226994,0.002650882416992301,"[0.85115079422863, 0.8568366423188715, 0.8521205460184934, 0.8568366423188715, 0.85115079422863]"
lipophilicity_astrazeneca,Absorption,regression,descriptor_13,13-descriptor diagnostic,r2,0.2312854353371243,0.002646155123503326,"[0.233332142525842, 0.22804802870526886, 0.23366683422339973, 0.22804802870526886, 0.233332142525842]"
lipophilicity_astrazeneca,Absorption,regression,descriptor_13,13-descriptor diagnostic,rmse,1.03710690630091,0.001784411375164887,"[1.0357268674174323, 1.0392900145672093, 1.0355007675352674, 1.0392900145672093, 1.0357268674174323]"
lipophilicity_astrazeneca,Absorption,regression,descriptor_13,13-descriptor diagnostic,spearman,0.4702468429990188,0.002948432487427187,"[0.4724219272573186, 0.4666482873932774, 0.4730937856939018, 0.4666482873932774, 0.4724219272573186]"
solubility_aqsoldb,Absorption,regression,gmolai,gMolAI,mae,0.7947204693309697,0.011899836096564257,"[0.7935302667361963, 0.7846872072660807, 0.7846872072660807, 0.7935302667361963, 0.8171673986502948]"
solubility_aqsoldb,Absorption,regression,gmolai,gMolAI,r2,0.7792557132068584,0.005914588214675326,"[0.7794613765704688, 0.7845156834051784, 0.7845156834051784, 0.7794613765704688, 0.7683244460829981]"
solubility_aqsoldb,Absorption,regression,gmolai,gMolAI,rmse,1.0570846592926864,0.014073239325275828,"[1.0566857439663022, 1.044506993013942, 1.044506993013942, 1.0566857439663022, 1.083037822502944]"
solubility_aqsoldb,Absorption,regression,gmolai,gMolAI,spearman,0.8607312272343017,0.0017132546978914608,"[0.8616732526668771, 0.8615007180955985, 0.8615007180955985, 0.8616732526668771, 0.8573081946465574]"
solubility_aqsoldb,Absorption,regression,morgan,Morgan radius-2,mae,1.2597029147774232,0.0,"[1.2597029147774232, 1.2597029147774232, 1.2597029147774232, 1.2597029147774232, 1.2597029147774232]"
solubility_aqsoldb,Absorption,regression,morgan,Morgan radius-2,r2,0.5024787243629387,0.0,"[0.5024787243629387, 0.5024787243629387, 0.5024787243629387, 0.5024787243629387, 0.5024787243629387]"
solubility_aqsoldb,Absorption,regression,morgan,Morgan radius-2,rmse,1.5871184753779486,0.0,"[1.5871184753779486, 1.5871184753779486, 1.5871184753779486, 1.5871184753779486, 1.5871184753779486]"
solubility_aqsoldb,Absorption,regression,morgan,Morgan radius-2,spearman,0.6986276099541652,0.0,"[0.6986276099541652, 0.6986276099541652, 0.6986276099541652, 0.6986276099541652, 0.6986276099541652]"
solubility_aqsoldb,Absorption,regression,molai,MolAI epoch 6,mae,0.8774424664063456,0.0006089620455620004,"[0.8777469474291266, 0.8777469474291266, 0.8762245423152216, 0.8777469474291266, 0.8777469474291266]"
solubility_aqsoldb,Absorption,regression,molai,MolAI epoch 6,r2,0.7442765018151342,0.0009350977087997591,"[0.744744050669534, 0.744744050669534, 0.7424063063975346, 0.744744050669534, 0.744744050669534]"
solubility_aqsoldb,Absorption,regression,molai,MolAI epoch 6,rmse,1.1378581198880697,0.002077550613303902,"[1.1368193445814179, 1.1368193445814179, 1.1420132211146776, 1.1368193445814179, 1.1368193445814179]"
solubility_aqsoldb,Absorption,regression,molai,MolAI epoch 6,spearman,0.8356186206089223,0.0002902117797116244,"[0.8357637264987782, 0.8357637264987782, 0.8350381970494991, 0.8357637264987782, 0.8357637264987782]"
solubility_aqsoldb,Absorption,regression,molformer,MoLFormer,mae,0.8552227066289422,0.004622577303654829,"[0.8529114179771148, 0.8529114179771148, 0.8529114179771148, 0.8529114179771148, 0.8644678612362519]"
solubility_aqsoldb,Absorption,regression,molformer,MoLFormer,r2,0.7455592417237662,0.0018158712594061653,"[0.7464671773534692, 0.7464671773534692, 0.7464671773534692, 0.7464671773534692, 0.7419274992049538]"
solubility_aqsoldb,Absorption,regression,molformer,MoLFormer,rmse,1.1349954194209655,0.004039339186463841,"[1.1329757498277335, 1.1329757498277335, 1.1329757498277335, 1.1329757498277335, 1.1430740977938931]"
solubility_aqsoldb,Absorption,regression,molformer,MoLFormer,spearman,0.8419227020266711,0.0005144915835906704,"[0.8421799478184663, 0.8421799478184663, 0.8421799478184663, 0.8421799478184663, 0.8408937188594896]"
solubility_aqsoldb,Absorption,regression,smi_ted,SMI-TED-Light,mae,0.8348662443618888,0.004214192613728018,"[0.8327591480550248, 0.8327591480550248, 0.8432946295893449, 0.8327591480550248, 0.8327591480550248]"
solubility_aqsoldb,Absorption,regression,smi_ted,SMI-TED-Light,r2,0.7603340260093878,0.002387115380569238,"[0.7615275836996724, 0.7615275836996724, 0.7555597952482493, 0.7615275836996724, 0.7615275836996724]"
solubility_aqsoldb,Absorption,regression,smi_ted,SMI-TED-Light,rmse,1.1015427664651918,0.005465576090212476,"[1.0988099784200855, 1.0988099784200855, 1.1124739186456167, 1.0988099784200855, 1.0988099784200855]"
solubility_aqsoldb,Absorption,regression,smi_ted,SMI-TED-Light,spearman,0.842923647372209,0.002035825849920991,"[0.8439415602971695, 0.8439415602971695, 0.838851995672367, 0.8439415602971695, 0.8439415602971695]"
solubility_aqsoldb,Absorption,regression,molclr_gin,MolCLR-GIN,mae,1.1851340248067153,0.03508334586501212,"[1.1675923518742093, 1.1675923518742093, 1.1675923518742093, 1.1675923518742093, 1.2553007165367396]"
solubility_aqsoldb,Absorption,regression,molclr_gin,MolCLR-GIN,r2,0.5414546187407651,0.02309972121561623,"[0.5530044793485732, 0.5530044793485732, 0.5530044793485732, 0.5530044793485732, 0.49525517630953264]"
solubility_aqsoldb,Absorption,regression,molclr_gin,MolCLR-GIN,rmse,1.5232169590891798,0.03769087046590443,"[1.5043715238562276, 1.5043715238562276, 1.5043715238562276, 1.5043715238562276, 1.5985987000209887]"
solubility_aqsoldb,Absorption,regression,molclr_gin,MolCLR-GIN,spearman,0.7064260203253714,0.01837473491629358,"[0.7156133877835181, 0.7156133877835181, 0.7156133877835181, 0.7156133877835181, 0.6696765504927842]"
solubility_aqsoldb,Absorption,regression,kermt_v2,KERMT v2,mae,0.8896045480422161,0.05010803886908633,"[0.857153705820189, 0.857153705820189, 0.857153705820189, 0.8900306865586431, 0.9865309361918705]"
solubility_aqsoldb,Absorption,regression,kermt_v2,KERMT v2,r2,0.7360258757318981,0.023709223260265897,"[0.750561251625554, 0.750561251625554, 0.750561251625554, 0.7389822312631571, 0.6894633925196719]"
solubility_aqsoldb,Absorption,regression,kermt_v2,KERMT v2,rmse,1.154968425561869,0.05045976015482989,"[1.1237908142308564, 1.1237908142308564, 1.1237908142308564, 1.1495782940140913, 1.2538913911026845]"
solubility_aqsoldb,Absorption,regression,kermt_v2,KERMT v2,spearman,0.8392400970589489,0.012118998132229967,"[0.8464391574368023, 0.8464391574368023, 0.8464391574368023, 0.8415878377525452, 0.8152951752317918]"
solubility_aqsoldb,Absorption,regression,descriptor_13,13-descriptor diagnostic,mae,0.9879540688067147,0.0,"[0.9879540688067147, 0.9879540688067147, 0.9879540688067147, 0.9879540688067147, 0.9879540688067147]"
solubility_aqsoldb,Absorption,regression,descriptor_13,13-descriptor diagnostic,r2,0.6834980083567197,0.0,"[0.6834980083567197, 0.6834980083567197, 0.6834980083567197, 0.6834980083567197, 0.6834980083567197]"
solubility_aqsoldb,Absorption,regression,descriptor_13,13-descriptor diagnostic,rmse,1.2658776792348603,0.0,"[1.2658776792348603, 1.2658776792348603, 1.2658776792348603, 1.2658776792348603, 1.2658776792348603]"
solubility_aqsoldb,Absorption,regression,descriptor_13,13-descriptor diagnostic,spearman,0.8247622529930114,1.1102230246251565e-16,"[0.8247622529930113, 0.8247622529930113, 0.8247622529930113, 0.8247622529930113, 0.8247622529930113]"
bbb_martins,Distribution,classification,gmolai,gMolAI,balanced_accuracy,0.7937132352941176,0.012337503483871137,"[0.783639705882353, 0.8088235294117647, 0.783639705882353, 0.8088235294117647, 0.783639705882353]"
bbb_martins,Distribution,classification,gmolai,gMolAI,pr_auc,0.9645004683931665,0.00278789875275624,"[0.9667767781927646, 0.9610860036937693, 0.9667767781927646, 0.9610860036937693, 0.9667767781927646]"
bbb_martins,Distribution,classification,gmolai,gMolAI,roc_auc,0.8745680147058824,0.0009906024695079266,"[0.8737591911764706, 0.8757812500000001, 0.8737591911764706, 0.8757812500000001, 0.8737591911764706]"
bbb_martins,Distribution,classification,morgan,Morgan radius-2,balanced_accuracy,0.7216911764705881,0.020588235294117664,"[0.731985294117647, 0.731985294117647, 0.731985294117647, 0.6805147058823529, 0.731985294117647]"
bbb_martins,Distribution,classification,morgan,Morgan radius-2,pr_auc,0.9263156649370133,0.01308449585342446,"[0.9328579128637257, 0.9328579128637257, 0.9328579128637257, 0.9001466732301645, 0.9328579128637257]"
bbb_martins,Distribution,classification,morgan,Morgan radius-2,roc_auc,0.7903492647058824,0.030790441176470607,"[0.8057444852941177, 0.8057444852941177, 0.8057444852941177, 0.7287683823529412, 0.8057444852941177]"
bbb_martins,Distribution,classification,molai,MolAI epoch 6,balanced_accuracy,0.7603860294117647,0.0086397058823529,"[0.7647058823529411, 0.7647058823529411, 0.7431066176470589, 0.7647058823529411, 0.7647058823529411]"
bbb_martins,Distribution,classification,molai,MolAI epoch 6,pr_auc,0.9544713233263542,0.0035188769659501686,"[0.9562307618093292, 0.9562307618093292, 0.9474335693944538, 0.9562307618093292, 0.9562307618093292]"
bbb_martins,Distribution,classification,molai,MolAI epoch 6,roc_auc,0.8428584558823531,0.0064705882352941385,"[0.8460937500000001, 0.8460937500000001, 0.8299172794117647, 0.8460937500000001, 0.8460937500000001]"
bbb_martins,Distribution,classification,molformer,MoLFormer,balanced_accuracy,0.8087316176470589,0.022977941176470604,"[0.8202205882352941, 0.7627757352941176, 0.8202205882352941, 0.8202205882352941, 0.8202205882352941]"
bbb_martins,Distribution,classification,molformer,MoLFormer,pr_auc,0.9708979407632002,0.0014672378130335063,"[0.9716315596697169, 0.9679634651371332, 0.9716315596697169, 0.9716315596697169, 0.9716315596697169]"
bbb_martins,Distribution,classification,molformer,MoLFormer,roc_auc,0.8874816176470588,0.009779411764705825,"[0.8923713235294117, 0.8679227941176472, 0.8923713235294117, 0.8923713235294117, 0.8923713235294117]"
bbb_martins,Distribution,classification,smi_ted,SMI-TED-Light,balanced_accuracy,0.8480698529411764,1.1102230246251565e-16,"[0.8480698529411765, 0.8480698529411765, 0.8480698529411765, 0.8480698529411765, 0.8480698529411765]"
bbb_martins,Distribution,classification,smi_ted,SMI-TED-Light,pr_auc,0.9790392806604753,1.1102230246251565e-16,"[0.9790392806604754, 0.9790392806604754, 0.9790392806604754, 0.9790392806604754, 0.9790392806604754]"
bbb_martins,Distribution,classification,smi_ted,SMI-TED-Light,roc_auc,0.9122242647058822,0.0,"[0.9122242647058822, 0.9122242647058822, 0.9122242647058822, 0.9122242647058822, 0.9122242647058822]"
bbb_martins,Distribution,classification,molclr_gin,MolCLR-GIN,balanced_accuracy,0.7274448529411764,0.0004411764705882337,"[0.7276654411764706, 0.7276654411764706, 0.7276654411764706, 0.7265625, 0.7276654411764706]"
bbb_martins,Distribution,classification,molclr_gin,MolCLR-GIN,pr_auc,0.9454227966683831,7.526982671945959e-05,"[0.9453851617550234, 0.9453851617550234, 0.9453851617550234, 0.9455733363218221, 0.9453851617550234]"
bbb_martins,Distribution,classification,molclr_gin,MolCLR-GIN,roc_auc,0.7865441176470588,0.0025551470588236033,"[0.7878216911764706, 0.7878216911764706, 0.7878216911764706, 0.7814338235294116, 0.7878216911764706]"
bbb_martins,Distribution,classification,kermt_v2,KERMT v2,balanced_accuracy,0.8181617647058823,0.015330882352941179,"[0.8258272058823529, 0.7875, 0.8258272058823529, 0.8258272058823529, 0.8258272058823529]"
bbb_martins,Distribution,classification,kermt_v2,KERMT v2,pr_auc,0.9755872232253674,0.004293066960567593,"[0.9777337567056512, 0.9670010893042322, 0.9777337567056512, 0.9777337567056512, 0.9777337567056512]"
bbb_martins,Distribution,classification,kermt_v2,KERMT v2,roc_auc,0.9009926470588235,0.013363970588235309,"[0.9076746323529412, 0.8742647058823529, 0.9076746323529412, 0.9076746323529412, 0.9076746323529412]"
bbb_martins,Distribution,classification,descriptor_13,13-descriptor diagnostic,balanced_accuracy,0.7813419117647059,0.008963164418481563,"[0.7767463235294118, 0.7772058823529412, 0.7767463235294118, 0.7767463235294118, 0.799264705882353]"
bbb_martins,Distribution,classification,descriptor_13,13-descriptor diagnostic,pr_auc,0.9483941783712172,0.002890408976044244,"[0.9463438947653746, 0.9492063264261116, 0.9463438947653746, 0.9463438947653746, 0.9537328811338512]"
bbb_martins,Distribution,classification,descriptor_13,13-descriptor diagnostic,roc_auc,0.8305055147058823,0.00632246057998518,"[0.8258731617647059, 0.8330422794117647, 0.8258731617647059, 0.8258731617647059, 0.8418658088235293]"
ppbr_az,Distribution,regression,gmolai,gMolAI,mae,9.021072074739466,0.062202231037775564,"[8.970284165771046, 8.970284165771046, 8.970284165771046, 9.097253938192097, 9.097253938192097]"
ppbr_az,Distribution,regression,gmolai,gMolAI,r2,0.358670542859057,0.007935066721070704,"[0.3651494977062445, 0.3651494977062445, 0.3651494977062445, 0.34895211058827547, 0.34895211058827547]"
ppbr_az,Distribution,regression,gmolai,gMolAI,rmse,12.144029214164073,0.0750362931931661,"[12.082762337326361, 12.082762337326361, 12.082762337326361, 12.235929529420638, 12.235929529420638]"
ppbr_az,Distribution,regression,gmolai,gMolAI,spearman,0.6510562080250917,0.00868736338767825,"[0.6439630055217757, 0.6439630055217757, 0.6439630055217757, 0.6616960117800657, 0.6616960117800657]"
ppbr_az,Distribution,regression,morgan,Morgan radius-2,mae,11.502339171541443,0.0,"[11.502339171541443, 11.502339171541443, 11.502339171541443, 11.502339171541443, 11.502339171541443]"
ppbr_az,Distribution,regression,morgan,Morgan radius-2,r2,-0.02683572232941911,0.0,"[-0.02683572232941911, -0.02683572232941911, -0.02683572232941911, -0.02683572232941911, -0.02683572232941911]"
ppbr_az,Distribution,regression,morgan,Morgan radius-2,rmse,15.366713130261108,0.0,"[15.366713130261108, 15.366713130261108, 15.366713130261108, 15.366713130261108, 15.366713130261108]"
ppbr_az,Distribution,regression,morgan,Morgan radius-2,spearman,0.36677918116073044,0.0,"[0.36677918116073044, 0.36677918116073044, 0.36677918116073044, 0.36677918116073044, 0.36677918116073044]"
ppbr_az,Distribution,regression,molai,MolAI epoch 6,mae,10.282826565480534,0.17715394819660304,"[10.637134461873739, 10.194249591382231, 10.194249591382231, 10.194249591382231, 10.194249591382231]"
ppbr_az,Distribution,regression,molai,MolAI epoch 6,r2,0.2089465098177315,0.0244478187938026,"[0.16005087223012626, 0.22117041921463276, 0.22117041921463276, 0.22117041921463276, 0.22117041921463276]"
ppbr_az,Distribution,regression,molai,MolAI epoch 6,rmse,13.485986602399436,0.2060816430310801,"[13.898149888461594, 13.382945780883894, 13.382945780883894, 13.382945780883894, 13.382945780883894]"
ppbr_az,Distribution,regression,molai,MolAI epoch 6,spearman,0.53636177722318,0.002464503501311821,"[0.5412907842258036, 0.535129525472524, 0.535129525472524, 0.535129525472524, 0.535129525472524]"
ppbr_az,Distribution,regression,molformer,MoLFormer,mae,9.408912941129676,0.0,"[9.408912941129676, 9.408912941129676, 9.408912941129676, 9.408912941129676, 9.408912941129676]"
ppbr_az,Distribution,regression,molformer,MoLFormer,r2,0.29671057834299874,0.0,"[0.29671057834299874, 0.29671057834299874, 0.29671057834299874, 0.29671057834299874, 0.29671057834299874]"
ppbr_az,Distribution,regression,molformer,MoLFormer,rmse,12.717376884973056,0.0,"[12.717376884973056, 12.717376884973056, 12.717376884973056, 12.717376884973056, 12.717376884973056]"
ppbr_az,Distribution,regression,molformer,MoLFormer,spearman,0.5488928195166726,0.0,"[0.5488928195166726, 0.5488928195166726, 0.5488928195166726, 0.5488928195166726, 0.5488928195166726]"
ppbr_az,Distribution,regression,smi_ted,SMI-TED-Light,mae,9.063604945348878,0.0,"[9.063604945348878, 9.063604945348878, 9.063604945348878, 9.063604945348878, 9.063604945348878]"
ppbr_az,Distribution,regression,smi_ted,SMI-TED-Light,r2,0.2686270051355246,0.0,"[0.2686270051355246, 0.2686270051355246, 0.2686270051355246, 0.2686270051355246, 0.2686270051355246]"
ppbr_az,Distribution,regression,smi_ted,SMI-TED-Light,rmse,12.96880498293253,0.0,"[12.96880498293253, 12.96880498293253, 12.96880498293253, 12.96880498293253, 12.96880498293253]"
ppbr_az,Distribution,regression,smi_ted,SMI-TED-Light,spearman,0.5936643997515628,0.0,"[0.5936643997515628, 0.5936643997515628, 0.5936643997515628, 0.5936643997515628, 0.5936643997515628]"
ppbr_az,Distribution,regression,molclr_gin,MolCLR-GIN,mae,10.790936455498905,0.11026764013075031,"[10.878217954789715, 10.878217954789715, 10.617239731629404, 10.702788681495981, 10.878217954789715]"
ppbr_az,Distribution,regression,molclr_gin,MolCLR-GIN,r2,0.16191723564193175,0.012665907648180402,"[0.1517642515413834, 0.1517642515413834, 0.18095479114239155, 0.17333863244311698, 0.1517642515413834]"
ppbr_az,Distribution,regression,molclr_gin,MolCLR-GIN,rmse,13.882302545116763,0.1051134678860286,"[13.966538575639834, 13.966538575639834, 13.724117780144491, 13.787779218519825, 13.966538575639834]"
ppbr_az,Distribution,regression,molclr_gin,MolCLR-GIN,spearman,0.4979446638181007,0.030582716140469816,"[0.47312482595642774, 0.47312482595642774, 0.5404814912029774, 0.5298673500182431, 0.47312482595642774]"
ppbr_az,Distribution,regression,kermt_v2,KERMT v2,mae,9.6031162276482,0.059371522870312256,"[9.588669505641532, 9.588669505641532, 9.53517721426123, 9.714395407055182, 9.588669505641532]"
ppbr_az,Distribution,regression,kermt_v2,KERMT v2,r2,0.3032340743193451,0.00865502231209644,"[0.30798454646339246, 0.30798454646339246, 0.3062398680693983, 0.28597686413714973, 0.30798454646339246]"
ppbr_az,Distribution,regression,kermt_v2,KERMT v2,rmse,12.658016298591555,0.07826261151104974,"[12.615033142894063, 12.615033142894063, 12.630925361032878, 12.814056703242706, 12.615033142894063]"
ppbr_az,Distribution,regression,kermt_v2,KERMT v2,spearman,0.5830391313915794,0.007379785926268584,"[0.5886591414988612, 0.5886591414988612, 0.5704006515733778, 0.5788175808879349, 0.5886591414988612]"
ppbr_az,Distribution,regression,descriptor_13,13-descriptor diagnostic,mae,10.255821303691215,0.056916815620760876,"[10.367798165230605, 10.247653162081324, 10.221218397048046, 10.221218397048046, 10.221218397048046]"
ppbr_az,Distribution,regression,descriptor_13,13-descriptor diagnostic,r2,0.19836927763841292,0.00855236030323593,"[0.18153964266114486, 0.19961840559652277, 0.20356277997813232, 0.20356277997813232, 0.20356277997813232]"
ppbr_az,Distribution,regression,descriptor_13,13-descriptor diagnostic,rmse,13.577241472862074,0.07216164606638863,"[13.719216949014754, 13.56685070665621, 13.533379902879805, 13.533379902879805, 13.533379902879805]"
ppbr_az,Distribution,regression,descriptor_13,13-descriptor diagnostic,spearman,0.47773499761876465,0.005651376511338114,"[0.466778778398125, 0.4777849274011064, 0.4813704274315306, 0.4813704274315306, 0.4813704274315306]"
vdss_lombardo,Distribution,regression,gmolai,gMolAI,mae,4.845401073880669,0.0,"[4.845401073880669, 4.845401073880669, 4.845401073880669, 4.845401073880669, 4.845401073880669]"
vdss_lombardo,Distribution,regression,gmolai,gMolAI,r2,-0.9842546359352781,1.1102230246251565e-16,"[-0.9842546359352782, -0.9842546359352782, -0.9842546359352782, -0.9842546359352782, -0.9842546359352782]"
vdss_lombardo,Distribution,regression,gmolai,gMolAI,rmse,6.468902201600784,0.0,"[6.468902201600784, 6.468902201600784, 6.468902201600784, 6.468902201600784, 6.468902201600784]"
vdss_lombardo,Distribution,regression,gmolai,gMolAI,spearman,0.40351989628614443,0.0,"[0.40351989628614443, 0.40351989628614443, 0.40351989628614443, 0.40351989628614443, 0.40351989628614443]"
vdss_lombardo,Distribution,regression,morgan,Morgan radius-2,mae,6.175720474234124,0.0,"[6.175720474234124, 6.175720474234124, 6.175720474234124, 6.175720474234124, 6.175720474234124]"
vdss_lombardo,Distribution,regression,morgan,Morgan radius-2,r2,-4.0826630744689325,0.0,"[-4.0826630744689325, -4.0826630744689325, -4.0826630744689325, -4.0826630744689325, -4.0826630744689325]"
vdss_lombardo,Distribution,regression,morgan,Morgan radius-2,rmse,10.353270105248104,0.0,"[10.353270105248104, 10.353270105248104, 10.353270105248104, 10.353270105248104, 10.353270105248104]"
vdss_lombardo,Distribution,regression,morgan,Morgan radius-2,spearman,0.2061111889680644,0.0,"[0.2061111889680644, 0.2061111889680644, 0.2061111889680644, 0.2061111889680644, 0.2061111889680644]"
vdss_lombardo,Distribution,regression,molai,MolAI epoch 6,mae,12.942676758653182,9.93828997924921,"[9.320592009015558, 6.696026104298813, 9.320592009015558, 32.68014756663716, 6.696026104298813]"
vdss_lombardo,Distribution,regression,molai,MolAI epoch 6,r2,-64.6074646226013,121.25637231922998,"[-5.542382242626751, -2.4241935790698608, -5.542382242626751, -307.1041714696133, -2.4241935790698608]"
vdss_lombardo,Distribution,regression,molai,MolAI epoch 6,rmse,24.219355779432483,28.231957324808576,"[11.746266254004723, 8.49788868442544, 11.746266254004723, 80.60846902030207, 8.49788868442544]"
vdss_lombardo,Distribution,regression,molai,MolAI epoch 6,spearman,0.15288063159478688,0.02266945476984894,"[0.14858544411620248, 0.17618924193179858, 0.14858544411620248, 0.11485378587793231, 0.17618924193179858]"
vdss_lombardo,Distribution,regression,molformer,MoLFormer,mae,15.17258895422045,17.953198181893587,"[6.195989863273656, 6.195989863273656, 6.195989863273656, 51.078985318007625, 6.195989863273656]"
vdss_lombardo,Distribution,regression,molformer,MoLFormer,r2,-47.709446404677394,90.60337169348892,"[-2.407760557932941, -2.407760557932941, -2.407760557932941, -228.91618979165523, -2.407760557932941]"
vdss_lombardo,Distribution,regression,molformer,MoLFormer,rmse,20.708628304339136,24.46231043931223,"[8.477473084683023, 8.477473084683023, 8.477473084683023, 69.6332491829636, 8.477473084683023]"
vdss_lombardo,Distribution,regression,molformer,MoLFormer,spearman,0.2961629500523844,0.09565339077456428,"[0.34398964543966654, 0.34398964543966654, 0.34398964543966654, 0.10485616850325584, 0.34398964543966654]"
vdss_lombardo,Distribution,regression,smi_ted,SMI-TED-Light,mae,5.238279271916756,0.0,"[5.238279271916756, 5.238279271916756, 5.238279271916756, 5.238279271916756, 5.238279271916756]"
vdss_lombardo,Distribution,regression,smi_ted,SMI-TED-Light,r2,-1.4009156034460375,0.0,"[-1.4009156034460375, -1.4009156034460375, -1.4009156034460375, -1.4009156034460375, -1.4009156034460375]"
vdss_lombardo,Distribution,regression,smi_ted,SMI-TED-Light,rmse,7.115744251834963,0.0,"[7.115744251834963, 7.115744251834963, 7.115744251834963, 7.115744251834963, 7.115744251834963]"
vdss_lombardo,Distribution,regression,smi_ted,SMI-TED-Light,spearman,0.4277400522108925,0.0,"[0.4277400522108925, 0.4277400522108925, 0.4277400522108925, 0.4277400522108925, 0.4277400522108925]"
vdss_lombardo,Distribution,regression,molclr_gin,MolCLR-GIN,mae,6.326503185841711,1.4378279711284905,"[9.20215912809869, 5.607589200277465, 5.607589200277465, 5.607589200277465, 5.607589200277465]"
vdss_lombardo,Distribution,regression,molclr_gin,MolCLR-GIN,r2,-3.189420643869172,2.6449713396865255,"[-8.479363323242222, -1.8669349740259085, -1.8669349740259085, -1.8669349740259085, -1.8669349740259085]"
vdss_lombardo,Distribution,regression,molclr_gin,MolCLR-GIN,rmse,9.048396802810066,2.545346749237146,"[14.139090301284359, 7.775723428191494, 7.775723428191494, 7.775723428191494, 7.775723428191494]"
vdss_lombardo,Distribution,regression,molclr_gin,MolCLR-GIN,spearman,0.30426823200371783,0.016954364661153496,"[0.27035950268141085, 0.3127454143342946, 0.3127454143342946, 0.3127454143342946, 0.3127454143342946]"
vdss_lombardo,Distribution,regression,kermt_v2,KERMT v2,mae,7.244313257633226,8.881784197001252e-16,"[7.244313257633227, 7.244313257633227, 7.244313257633227, 7.244313257633227, 7.244313257633227]"
vdss_lombardo,Distribution,regression,kermt_v2,KERMT v2,r2,-3.5354615026563643,0.0,"[-3.5354615026563643, -3.5354615026563643, -3.5354615026563643, -3.5354615026563643, -3.5354615026563643]"
vdss_lombardo,Distribution,regression,kermt_v2,KERMT v2,rmse,9.780084927267039,0.0,"[9.780084927267039, 9.780084927267039, 9.780084927267039, 9.780084927267039, 9.780084927267039]"
vdss_lombardo,Distribution,regression,kermt_v2,KERMT v2,spearman,0.3147013727012526,0.0,"[0.3147013727012526, 0.3147013727012526, 0.3147013727012526, 0.3147013727012526, 0.3147013727012526]"
vdss_lombardo,Distribution,regression,descriptor_13,13-descriptor diagnostic,mae,3.63736872437102,0.1592664315521516,"[3.8117145638669276, 3.8117145638669276, 3.455936671116906, 3.455936671116906, 3.6515411518874332]"
vdss_lombardo,Distribution,regression,descriptor_13,13-descriptor diagnostic,r2,-0.20161449678998453,0.11102721783720457,"[-0.3240284859194833, -0.3240284859194833, -0.07587543824476017, -0.07587543824476017, -0.2082646356214357]"
vdss_lombardo,Distribution,regression,descriptor_13,13-descriptor diagnostic,rmse,5.028613079933254,0.23313644152448795,"[5.284215833437958, 5.284215833437958, 4.763354237988905, 4.763354237988905, 5.047925256812546]"
vdss_lombardo,Distribution,regression,descriptor_13,13-descriptor diagnostic,spearman,0.41331527446455085,0.011183907444656912,"[0.425353553040757, 0.425353553040757, 0.40041923596177664, 0.40041923596177664, 0.4150307943176868]"
cyp2d6_veith,Metabolism,classification,gmolai,gMolAI,balanced_accuracy,0.7720353405645161,0.0042283197920719735,"[0.7705485834031646, 0.7750938864871335, 0.764346459958015, 0.7750938864871335, 0.7750938864871335]"
cyp2d6_veith,Metabolism,classification,gmolai,gMolAI,pr_auc,0.5720706166334848,0.013429411152291782,"[0.5826708571607324, 0.5773855269213821, 0.5455256452425452, 0.5773855269213821, 0.5773855269213821]"
cyp2d6_veith,Metabolism,classification,gmolai,gMolAI,roc_auc,0.8488930465378317,0.0018120114201919386,"[0.8499692084409598, 0.8497408942757319, 0.8452733414210026, 0.8497408942757319, 0.8497408942757319]"
cyp2d6_veith,Metabolism,classification,morgan,Morgan radius-2,balanced_accuracy,0.7339084793412705,0.0,"[0.7339084793412705, 0.7339084793412705, 0.7339084793412705, 0.7339084793412705, 0.7339084793412705]"
cyp2d6_veith,Metabolism,classification,morgan,Morgan radius-2,pr_auc,0.5160675707085354,0.0,"[0.5160675707085354, 0.5160675707085354, 0.5160675707085354, 0.5160675707085354, 0.5160675707085354]"
cyp2d6_veith,Metabolism,classification,morgan,Morgan radius-2,roc_auc,0.81477550546905,1.1102230246251565e-16,"[0.8147755054690499, 0.8147755054690499, 0.8147755054690499, 0.8147755054690499, 0.8147755054690499]"
cyp2d6_veith,Metabolism,classification,molai,MolAI epoch 6,balanced_accuracy,0.7294960921253828,0.00014241867387729812,"[0.7294248827884441, 0.7294248827884441, 0.7294248827884441, 0.7297809294731373, 0.7294248827884441]"
cyp2d6_veith,Metabolism,classification,molai,MolAI epoch 6,pr_auc,0.4424360066681158,0.003958225985836283,"[0.44441511966103386, 0.44441511966103386, 0.44441511966103386, 0.43451955469644316, 0.44441511966103386]"
cyp2d6_veith,Metabolism,classification,molai,MolAI epoch 6,roc_auc,0.797692175735264,0.00033173431142303756,"[0.7978580428909756, 0.7978580428909756, 0.7978580428909756, 0.797028707112418, 0.7978580428909756]"
cyp2d6_veith,Metabolism,classification,molformer,MoLFormer,balanced_accuracy,0.7706337384161415,0.0,"[0.7706337384161415, 0.7706337384161415, 0.7706337384161415, 0.7706337384161415, 0.7706337384161415]"
cyp2d6_veith,Metabolism,classification,molformer,MoLFormer,pr_auc,0.5677495760331576,0.0,"[0.5677495760331576, 0.5677495760331576, 0.5677495760331576, 0.5677495760331576, 0.5677495760331576]"
cyp2d6_veith,Metabolism,classification,molformer,MoLFormer,roc_auc,0.8455460842886533,1.1102230246251565e-16,"[0.8455460842886532, 0.8455460842886532, 0.8455460842886532, 0.8455460842886532, 0.8455460842886532]"
cyp2d6_veith,Metabolism,classification,smi_ted,SMI-TED-Light,balanced_accuracy,0.7658021170276704,0.0,"[0.7658021170276704, 0.7658021170276704, 0.7658021170276704, 0.7658021170276704, 0.7658021170276704]"
cyp2d6_veith,Metabolism,classification,smi_ted,SMI-TED-Light,pr_auc,0.5698653280037876,0.0,"[0.5698653280037876, 0.5698653280037876, 0.5698653280037876, 0.5698653280037876, 0.5698653280037876]"
cyp2d6_veith,Metabolism,classification,smi_ted,SMI-TED-Light,roc_auc,0.8474028338107361,0.0,"[0.8474028338107361, 0.8474028338107361, 0.8474028338107361, 0.8474028338107361, 0.8474028338107361]"
cyp2d6_veith,Metabolism,classification,molclr_gin,MolCLR-GIN,balanced_accuracy,0.7513373656494551,0.002046830227451589,"[0.7496880734850737, 0.7496880734850737, 0.7532886495772486, 0.7543339582148054, 0.7496880734850737]"
cyp2d6_veith,Metabolism,classification,molclr_gin,MolCLR-GIN,pr_auc,0.4209904338747298,0.007614048971420251,"[0.4147752312296976, 0.4147752312296976, 0.43058994102695464, 0.4300365346576013, 0.4147752312296976]"
cyp2d6_veith,Metabolism,classification,molclr_gin,MolCLR-GIN,roc_auc,0.8102529103885413,0.001046803998700644,"[0.8093983983452777, 0.8093983983452777, 0.8115704682414995, 0.811498888665374, 0.8093983983452777]"
cyp2d6_veith,Metabolism,classification,kermt_v2,KERMT v2,balanced_accuracy,0.771113691815369,0.00015175411315703532,"[0.7709897851008347, 0.7709897851008347, 0.7712995518871708, 0.7712995518871708, 0.7709897851008347]"
cyp2d6_veith,Metabolism,classification,kermt_v2,KERMT v2,pr_auc,0.5299172214071439,0.00877735079218976,"[0.5370838983185702, 0.5370838983185702, 0.5191672060400047, 0.5191672060400047, 0.5370838983185702]"
cyp2d6_veith,Metabolism,classification,kermt_v2,KERMT v2,roc_auc,0.8366934185048015,0.0010477684386503467,"[0.8375489178525634, 0.8375489178525634, 0.8354101694831584, 0.8354101694831584, 0.8375489178525634]"
cyp2d6_veith,Metabolism,classification,descriptor_13,13-descriptor diagnostic,balanced_accuracy,0.71840175147818,0.008019086373940287,"[0.7085804165684504, 0.7249493080846663, 0.7249493080846663, 0.7249493080846663, 0.7085804165684504]"
cyp2d6_veith,Metabolism,classification,descriptor_13,13-descriptor diagnostic,pr_auc,0.4252397450056349,0.004446675754291532,"[0.419793701680825, 0.42887044055550816, 0.42887044055550816, 0.42887044055550816, 0.419793701680825]"
cyp2d6_veith,Metabolism,classification,descriptor_13,13-descriptor diagnostic,roc_auc,0.7792475999244713,0.0031209351877166448,"[0.7754252505593697, 0.7817958328345389, 0.7817958328345389, 0.7817958328345389, 0.7754252505593697]"
cyp3a4_veith,Metabolism,classification,gmolai,gMolAI,balanced_accuracy,0.7740595757862684,0.0007823230640645384,"[0.773668414254236, 0.7756242219143974, 0.773668414254236, 0.773668414254236, 0.773668414254236]"
cyp3a4_veith,Metabolism,classification,gmolai,gMolAI,pr_auc,0.8247650842599376,0.0009915249581442522,"[0.8242693217808654, 0.8267481341762261, 0.8242693217808654, 0.8242693217808654, 0.8242693217808654]"
cyp3a4_veith,Metabolism,classification,gmolai,gMolAI,roc_auc,0.8623149398280466,0.0006040574424436507,"[0.8620129111068249, 0.863523054712934, 0.8620129111068249, 0.8620129111068249, 0.8620129111068249]"
cyp3a4_veith,Metabolism,classification,morgan,Morgan radius-2,balanced_accuracy,0.765810114966714,0.0,"[0.765810114966714, 0.765810114966714, 0.765810114966714, 0.765810114966714, 0.765810114966714]"
cyp3a4_veith,Metabolism,classification,morgan,Morgan radius-2,pr_auc,0.821036107566705,1.1102230246251565e-16,"[0.8210361075667051, 0.8210361075667051, 0.8210361075667051, 0.8210361075667051, 0.8210361075667051]"
cyp3a4_veith,Metabolism,classification,morgan,Morgan radius-2,roc_auc,0.8487576931844085,0.0,"[0.8487576931844085, 0.8487576931844085, 0.8487576931844085, 0.8487576931844085, 0.8487576931844085]"
cyp3a4_veith,Metabolism,classification,molai,MolAI epoch 6,balanced_accuracy,0.7335545580473778,0.0005415183555142367,"[0.7338253172251349, 0.7338253172251349, 0.7338253172251349, 0.7324715213363493, 0.7338253172251349]"
cyp3a4_veith,Metabolism,classification,molai,MolAI epoch 6,pr_auc,0.7493793351910825,8.779050623890504e-05,"[0.7494232304442019, 0.7494232304442019, 0.7494232304442019, 0.7492037541786046, 0.7494232304442019]"
cyp3a4_veith,Metabolism,classification,molai,MolAI epoch 6,roc_auc,0.8028981314255988,0.0003842939220190189,"[0.8030902783866084, 0.8030902783866084, 0.8030902783866084, 0.8021295435815609, 0.8030902783866084]"
cyp3a4_veith,Metabolism,classification,molformer,MoLFormer,balanced_accuracy,0.7584234889796777,0.002952464578945148,"[0.7620395048307061, 0.7620395048307061, 0.7560128117456588, 0.7560128117456588, 0.7560128117456588]"
cyp3a4_veith,Metabolism,classification,molformer,MoLFormer,pr_auc,0.8129378298540326,0.004454862803605308,"[0.8183939002255013, 0.8183939002255013, 0.8093004496063867, 0.8093004496063867, 0.8093004496063867]"
cyp3a4_veith,Metabolism,classification,molformer,MoLFormer,roc_auc,0.8439632246789758,0.0027287659049433644,"[0.8473052667262834, 0.8473052667262834, 0.8417351966474373, 0.8417351966474373, 0.8417351966474373]"
cyp3a4_veith,Metabolism,classification,smi_ted,SMI-TED-Light,balanced_accuracy,0.7726506928980145,0.00017359017102541136,"[0.7727924286791394, 0.7724380892263272, 0.7727924286791394, 0.7727924286791394, 0.7724380892263272]"
cyp3a4_veith,Metabolism,classification,smi_ted,SMI-TED-Light,pr_auc,0.8209629571309485,0.00035694988194144486,"[0.8206715087727806, 0.8214001296682, 0.8206715087727806, 0.8206715087727806, 0.8214001296682]"
cyp3a4_veith,Metabolism,classification,smi_ted,SMI-TED-Light,roc_auc,0.8575608002665216,0.0013124848601033352,"[0.8586324396673155, 0.8559533411653311, 0.8586324396673155, 0.8586324396673155, 0.8559533411653311]"
cyp3a4_veith,Metabolism,classification,molclr_gin,MolCLR-GIN,balanced_accuracy,0.6952408923801675,0.002761731798832999,"[0.6980092698123244, 0.6919467774835908, 0.6962923673090073, 0.6919467774835908, 0.6980092698123244]"
cyp3a4_veith,Metabolism,classification,molclr_gin,MolCLR-GIN,pr_auc,0.7405326411969843,0.0026832877995749435,"[0.7420910625082557, 0.7373371309152614, 0.7438068191378873, 0.7373371309152614, 0.7420910625082557]"
cyp3a4_veith,Metabolism,classification,molclr_gin,MolCLR-GIN,roc_auc,0.7797108882303776,0.0025311561897169935,"[0.7812315524305495, 0.7766835872887845, 0.7827241617132203, 0.7766835872887845, 0.7812315524305495]"
cyp3a4_veith,Metabolism,classification,kermt_v2,KERMT v2,balanced_accuracy,0.7723602076063895,0.0013746749756513043,"[0.7712786320889808, 0.7721195490172011, 0.7721195490172011, 0.7750046758195835, 0.7712786320889808]"
cyp3a4_veith,Metabolism,classification,kermt_v2,KERMT v2,pr_auc,0.818230708568995,0.0021857404319471454,"[0.8156105381537893, 0.8203863482681578, 0.8203863482681578, 0.8191597700010812, 0.8156105381537893]"
cyp3a4_veith,Metabolism,classification,kermt_v2,KERMT v2,roc_auc,0.8596557135592923,0.0037042522476572032,"[0.8553235667151782, 0.8635478950044713, 0.8635478950044713, 0.8605356443571625, 0.8553235667151782]"
cyp3a4_veith,Metabolism,classification,descriptor_13,13-descriptor diagnostic,balanced_accuracy,0.7020868767278614,0.0018340107792505604,"[0.7039913964919664, 0.7001681833856441, 0.7044604396439363, 0.7001681833856441, 0.7016461807321164]"
cyp3a4_veith,Metabolism,classification,descriptor_13,13-descriptor diagnostic,pr_auc,0.6496015605299272,0.001173507170642988,"[0.6502577506897766, 0.6506921854948209, 0.6480238576045327, 0.6506921854948209, 0.6483418233656852]"
cyp3a4_veith,Metabolism,classification,descriptor_13,13-descriptor diagnostic,roc_auc,0.7568642492679422,0.0007418095344584044,"[0.7573286166003286, 0.7573790277802132, 0.7567843219769366, 0.7573790277802132, 0.7554502522020188]"
cyp2c9_veith,Metabolism,classification,gmolai,gMolAI,balanced_accuracy,0.7925498127956084,0.0013903361254528738,"[0.7908470057564495, 0.7908470057564495, 0.7936850174883809, 0.7936850174883809, 0.7936850174883809]"
cyp2c9_veith,Metabolism,classification,gmolai,gMolAI,pr_auc,0.7586385642063604,0.0008292510962178479,"[0.7596541852335491, 0.7596541852335491, 0.757961483521568, 0.757961483521568, 0.757961483521568]"
cyp2c9_veith,Metabolism,classification,gmolai,gMolAI,roc_auc,0.8739062061507081,0.0013941085177136463,"[0.872198778893475, 0.872198778893475, 0.8750444909888635, 0.8750444909888635, 0.8750444909888635]"
cyp2c9_veith,Metabolism,classification,morgan,Morgan radius-2,balanced_accuracy,0.7676440994681615,0.0,"[0.7676440994681615, 0.7676440994681615, 0.7676440994681615, 0.7676440994681615, 0.7676440994681615]"
cyp2c9_veith,Metabolism,classification,morgan,Morgan radius-2,pr_auc,0.690818895648672,0.0,"[0.690818895648672, 0.690818895648672, 0.690818895648672, 0.690818895648672, 0.690818895648672]"
cyp2c9_veith,Metabolism,classification,morgan,Morgan radius-2,roc_auc,0.8376694935556512,0.0,"[0.8376694935556512, 0.8376694935556512, 0.8376694935556512, 0.8376694935556512, 0.8376694935556512]"
cyp2c9_veith,Metabolism,classification,molai,MolAI epoch 6,balanced_accuracy,0.7843952990136691,0.001529121063403105,"[0.7851598595453706, 0.7851598595453706, 0.7851598595453706, 0.7813370568868628, 0.7851598595453706]"
cyp2c9_veith,Metabolism,classification,molai,MolAI epoch 6,pr_auc,0.7048241421208065,0.004982581151503363,"[0.7073154326965582, 0.7073154326965582, 0.7073154326965582, 0.6948589798177998, 0.7073154326965582]"
cyp2c9_veith,Metabolism,classification,molai,MolAI epoch 6,roc_auc,0.8500290902619492,0.001475731876766817,"[0.8507669562003326, 0.8507669562003326, 0.8507669562003326, 0.8470776265084156, 0.8507669562003326]"
cyp2c9_veith,Metabolism,classification,molformer,MoLFormer,balanced_accuracy,0.7944220278308245,0.0040206164397625695,"[0.796432336050706, 0.7863807949512995, 0.796432336050706, 0.796432336050706, 0.796432336050706]"
cyp2c9_veith,Metabolism,classification,molformer,MoLFormer,pr_auc,0.7499875116860348,0.0005862169953346541,"[0.7502806201837021, 0.7488150776953655, 0.7502806201837021, 0.7502806201837021, 0.7502806201837021]"
cyp2c9_veith,Metabolism,classification,molformer,MoLFormer,roc_auc,0.8700625269512721,0.000502748174158274,"[0.8703139010383512, 0.8690570306029555, 0.8703139010383512, 0.8703139010383512, 0.8703139010383512]"
cyp2c9_veith,Metabolism,classification,smi_ted,SMI-TED-Light,balanced_accuracy,0.7917474349233729,0.0006991930019096591,"[0.7920970314243276, 0.7903490489195535, 0.7920970314243276, 0.7920970314243276, 0.7920970314243276]"
cyp2c9_veith,Metabolism,classification,smi_ted,SMI-TED-Light,pr_auc,0.724610451041648,0.0015675033897450065,"[0.7253942027365206, 0.721475444262158, 0.7253942027365206, 0.7253942027365206, 0.7253942027365206]"
cyp2c9_veith,Metabolism,classification,smi_ted,SMI-TED-Light,roc_auc,0.8657024100426429,4.654441911879914e-05,"[0.8656791378330835, 0.8657954988808805, 0.8656791378330835, 0.8656791378330835, 0.8656791378330835]"
cyp2c9_veith,Metabolism,classification,molclr_gin,MolCLR-GIN,balanced_accuracy,0.757186150297405,0.0027036824654296803,"[0.7542754129106005, 0.7584798113582072, 0.7597880175499838, 0.7535994921182502, 0.7597880175499838]"
cyp2c9_veith,Metabolism,classification,molclr_gin,MolCLR-GIN,pr_auc,0.684606730293787,0.003224164238540087,"[0.6784832771476099, 0.6864114033920825, 0.6869596841712289, 0.6842196025867847, 0.6869596841712289]"
cyp2c9_veith,Metabolism,classification,molclr_gin,MolCLR-GIN,roc_auc,0.838293222995681,0.0011767774612014982,"[0.8360233269676995, 0.8390033676256187, 0.839088927219587, 0.8382615659459126, 0.839088927219587]"
cyp2c9_veith,Metabolism,classification,kermt_v2,KERMT v2,balanced_accuracy,0.7919560292134676,0.006644028943167927,"[0.7843205199285406, 0.8012399296357899, 0.7949495882872337, 0.7949495882872337, 0.7843205199285406]"
cyp2c9_veith,Metabolism,classification,kermt_v2,KERMT v2,pr_auc,0.7211842867943676,0.005799972067305487,"[0.7140868996177858, 0.7263545865463239, 0.7256965240949717, 0.7256965240949717, 0.7140868996177858]"
cyp2c9_veith,Metabolism,classification,kermt_v2,KERMT v2,roc_auc,0.8660128202495603,0.004848434282578837,"[0.8600878183672491, 0.8693753122925179, 0.8702565761103924, 0.8702565761103924, 0.8600878183672491]"
cyp2c9_veith,Metabolism,classification,descriptor_13,13-descriptor diagnostic,balanced_accuracy,0.7196260019028454,0.002369316276172695,"[0.718441343764759, 0.718441343764759, 0.7243646344551907, 0.718441343764759, 0.718441343764759]"
cyp2c9_veith,Metabolism,classification,descriptor_13,13-descriptor diagnostic,pr_auc,0.5939195890370047,0.0003899999092274342,"[0.5941145889916184, 0.5941145889916184, 0.5931395892185498, 0.5941145889916184, 0.5941145889916184]"
cyp2c9_veith,Metabolism,classification,descriptor_13,13-descriptor diagnostic,roc_auc,0.7967590025804773,8.213721020977616e-06,"[0.7967548957199668, 0.7967548957199668, 0.7967754300225193, 0.7967548957199668, 0.7967548957199668]"
cyp2d6_substrate_carbonmangels,Metabolism,classification,gmolai,gMolAI,balanced_accuracy,0.7347545219638244,0.01007751937984489,"[0.7297157622739019, 0.7549095607235141, 0.7297157622739019, 0.7297157622739019, 0.7297157622739019]"
cyp2d6_substrate_carbonmangels,Metabolism,classification,gmolai,gMolAI,pr_auc,0.7016929971102285,0.0038659914771855593,"[0.6997600013716357, 0.7094249800645996, 0.6997600013716357, 0.6997600013716357, 0.6997600013716357]"
cyp2d6_substrate_carbonmangels,Metabolism,classification,gmolai,gMolAI,roc_auc,0.8036434108527132,0.013229974160206702,"[0.7970284237726099, 0.8301033591731266, 0.7970284237726099, 0.7970284237726099, 0.7970284237726099]"
cyp2d6_substrate_carbonmangels,Metabolism,classification,morgan,Morgan radius-2,balanced_accuracy,0.7088372093023256,0.018150427024962747,"[0.7043927648578812, 0.7215762273901809, 0.7215762273901809, 0.7215762273901809, 0.6750645994832041]"
cyp2d6_substrate_carbonmangels,Metabolism,classification,morgan,Morgan radius-2,pr_auc,0.6311209356203739,0.02768219504720809,"[0.6086247771529328, 0.6530721590649238, 0.6530721590649238, 0.6530721590649238, 0.5877634237541647]"
cyp2d6_substrate_carbonmangels,Metabolism,classification,morgan,Morgan radius-2,roc_auc,0.7614211886304909,0.013569606972424837,"[0.7499999999999999, 0.7722222222222221, 0.7722222222222221, 0.7722222222222221, 0.7404392764857881]"
cyp2d6_substrate_carbonmangels,Metabolism,classification,molai,MolAI epoch 6,balanced_accuracy,0.6524547803617573,0.0401237161630797,"[0.6953488372093023, 0.5881136950904393, 0.6953488372093023, 0.6417312661498709, 0.6417312661498709]"
cyp2d6_substrate_carbonmangels,Metabolism,classification,molai,MolAI epoch 6,pr_auc,0.5684752493075711,0.06129346376484243,"[0.6342612032012004, 0.47071388954141885, 0.6342612032012004, 0.5515699752970179, 0.5515699752970179]"
cyp2d6_substrate_carbonmangels,Metabolism,classification,molai,MolAI epoch 6,roc_auc,0.7102583979328165,0.02523816407716728,"[0.7344961240310077, 0.6655038759689923, 0.7344961240310077, 0.7083979328165375, 0.7083979328165375]"
cyp2d6_substrate_carbonmangels,Metabolism,classification,molformer,MoLFormer,balanced_accuracy,0.6421188630490956,0.03337157032105967,"[0.6826873385012919, 0.6113695090439277, 0.6224806201550388, 0.6113695090439277, 0.6826873385012919]"
cyp2d6_substrate_carbonmangels,Metabolism,classification,molformer,MoLFormer,pr_auc,0.576981747412218,0.03169060148829167,"[0.6097141561435142, 0.5707063228423866, 0.5240677790892883, 0.5707063228423866, 0.6097141561435142]"
cyp2d6_substrate_carbonmangels,Metabolism,classification,molformer,MoLFormer,roc_auc,0.7280878552971576,0.024285226975753527,"[0.7556847545219638, 0.7179586563307494, 0.6931524547803617, 0.7179586563307494, 0.7556847545219638]"
cyp2d6_substrate_carbonmangels,Metabolism,classification,smi_ted,SMI-TED-Light,balanced_accuracy,0.7286821705426356,0.0,"[0.7286821705426356, 0.7286821705426356, 0.7286821705426356, 0.7286821705426356, 0.7286821705426356]"
cyp2d6_substrate_carbonmangels,Metabolism,classification,smi_ted,SMI-TED-Light,pr_auc,0.6884548838053355,0.0,"[0.6884548838053355, 0.6884548838053355, 0.6884548838053355, 0.6884548838053355, 0.6884548838053355]"
cyp2d6_substrate_carbonmangels,Metabolism,classification,smi_ted,SMI-TED-Light,roc_auc,0.8003875968992249,0.0,"[0.8003875968992249, 0.8003875968992249, 0.8003875968992249, 0.8003875968992249, 0.8003875968992249]"
cyp2d6_substrate_carbonmangels,Metabolism,classification,molclr_gin,MolCLR-GIN,balanced_accuracy,0.7266408268733849,0.00625483140917809,"[0.7387596899224806, 0.7266149870801033, 0.7226098191214471, 0.7226098191214471, 0.7226098191214471]"
cyp2d6_substrate_carbonmangels,Metabolism,classification,molclr_gin,MolCLR-GIN,pr_auc,0.7061374977730107,0.016913596295869585,"[0.7319675371472563, 0.6785312285561831, 0.7067295743872049, 0.7067295743872049, 0.7067295743872049]"
cyp2d6_substrate_carbonmangels,Metabolism,classification,molclr_gin,MolCLR-GIN,roc_auc,0.8068475452196383,0.007279304128851247,"[0.8213178294573643, 0.804780361757106, 0.8027131782945737, 0.8027131782945737, 0.8027131782945737]"
cyp2d6_substrate_carbonmangels,Metabolism,classification,kermt_v2,KERMT v2,balanced_accuracy,0.7392764857881138,0.0,"[0.7392764857881138, 0.7392764857881138, 0.7392764857881138, 0.7392764857881138, 0.7392764857881138]"
cyp2d6_substrate_carbonmangels,Metabolism,classification,kermt_v2,KERMT v2,pr_auc,0.71633602409088,0.0,"[0.71633602409088, 0.71633602409088, 0.71633602409088, 0.71633602409088, 0.71633602409088]"
cyp2d6_substrate_carbonmangels,Metabolism,classification,kermt_v2,KERMT v2,roc_auc,0.8107235142118864,0.0,"[0.8107235142118864, 0.8107235142118864, 0.8107235142118864, 0.8107235142118864, 0.8107235142118864]"
cyp2d6_substrate_carbonmangels,Metabolism,classification,descriptor_13,13-descriptor diagnostic,balanced_accuracy,0.6328940568475452,0.02419515498003148,"[0.6382428940568475, 0.6043927648578811, 0.672609819121447, 0.6109819121447029, 0.6382428940568475]"
cyp2d6_substrate_carbonmangels,Metabolism,classification,descriptor_13,13-descriptor diagnostic,pr_auc,0.5831545424822558,0.027914515915120414,"[0.6011952943575057, 0.5719536428186013, 0.608198778279725, 0.5332297025979418, 0.6011952943575057]"
cyp2d6_substrate_carbonmangels,Metabolism,classification,descriptor_13,13-descriptor diagnostic,roc_auc,0.70297157622739,0.0276801963679925,"[0.7197674418604649, 0.6877260981912143, 0.7316537467700258, 0.6559431524547804, 0.7197674418604649]"
cyp3a4_substrate_carbonmangels,Metabolism,classification,gmolai,gMolAI,balanced_accuracy,0.5827635327635328,0.013960113960113985,"[0.5897435897435898, 0.5897435897435898, 0.5897435897435898, 0.5897435897435898, 0.5548433048433048]"
cyp3a4_substrate_carbonmangels,Metabolism,classification,gmolai,gMolAI,pr_auc,0.6421654516626335,0.0008893810761644971,"[0.6426101422007158, 0.6426101422007158, 0.6426101422007158, 0.6426101422007158, 0.6403866895103045]"
cyp3a4_substrate_carbonmangels,Metabolism,classification,gmolai,gMolAI,roc_auc,0.5826210826210827,0.023266856600189942,"[0.5942545109211776, 0.5942545109211776, 0.5942545109211776, 0.5942545109211776, 0.5360873694207028]"
cyp3a4_substrate_carbonmangels,Metabolism,classification,morgan,Morgan radius-2,balanced_accuracy,0.6074074074074074,0.020227920227920214,"[0.6175213675213675, 0.566951566951567, 0.6175213675213675, 0.6175213675213675, 0.6175213675213675]"
cyp3a4_substrate_carbonmangels,Metabolism,classification,morgan,Morgan radius-2,pr_auc,0.7062415190610091,0.008787909809917062,"[0.7106354739659675, 0.6886656994411748, 0.7106354739659675, 0.7106354739659675, 0.7106354739659675]"
cyp3a4_substrate_carbonmangels,Metabolism,classification,morgan,Morgan radius-2,roc_auc,0.6478395061728396,0.010826210826210846,"[0.6532526115859449, 0.6261870845204178, 0.6532526115859449, 0.6532526115859449, 0.6532526115859449]"
cyp3a4_substrate_carbonmangels,Metabolism,classification,molai,MolAI epoch 6,balanced_accuracy,0.6807692307692308,0.009770044558109543,"[0.6688034188034189, 0.6887464387464388, 0.6688034188034189, 0.6887464387464388, 0.6887464387464388]"
cyp3a4_substrate_carbonmangels,Metabolism,classification,molai,MolAI epoch 6,pr_auc,0.7648401415713244,0.0003134469268131795,"[0.7652240340873924, 0.7645842132272792, 0.7652240340873924, 0.7645842132272792, 0.7645842132272792]"
cyp3a4_substrate_carbonmangels,Metabolism,classification,molai,MolAI epoch 6,roc_auc,0.6867283950617284,0.009304804341056754,"[0.6753323836657169, 0.6943257359924027, 0.6753323836657169, 0.6943257359924027, 0.6943257359924027]"
cyp3a4_substrate_carbonmangels,Metabolism,classification,molformer,MoLFormer,balanced_accuracy,0.6178062678062679,0.004843304843304841,"[0.6153846153846154, 0.6274928774928775, 0.6153846153846154, 0.6153846153846154, 0.6153846153846154]"
cyp3a4_substrate_carbonmangels,Metabolism,classification,molformer,MoLFormer,pr_auc,0.7192746482256386,0.002965228188191027,"[0.717792034131543, 0.7252051046020206, 0.717792034131543, 0.717792034131543, 0.717792034131543]"
cyp3a4_substrate_carbonmangels,Metabolism,classification,molformer,MoLFormer,roc_auc,0.6342355175688509,0.01158594491927829,"[0.6284425451092117, 0.6574074074074074, 0.6284425451092117, 0.6284425451092117, 0.6284425451092117]"
cyp3a4_substrate_carbonmangels,Metabolism,classification,smi_ted,SMI-TED-Light,balanced_accuracy,0.6250712250712251,0.017663817663817662,"[0.6339031339031339, 0.6339031339031339, 0.6339031339031339, 0.6339031339031339, 0.5897435897435898]"
cyp3a4_substrate_carbonmangels,Metabolism,classification,smi_ted,SMI-TED-Light,pr_auc,0.6950898717834347,0.001034895373252809,"[0.6945724240968083, 0.6945724240968083, 0.6945724240968083, 0.6945724240968083, 0.6971596625299403]"
cyp3a4_substrate_carbonmangels,Metabolism,classification,smi_ted,SMI-TED-Light,roc_auc,0.6622269705603039,0.008167141500474795,"[0.6663105413105412, 0.6663105413105412, 0.6663105413105412, 0.6663105413105412, 0.6458926875593543]"
cyp3a4_substrate_carbonmangels,Metabolism,classification,molclr_gin,MolCLR-GIN,balanced_accuracy,0.5977207977207978,0.02896120351153902,"[0.6331908831908832, 0.5740740740740741, 0.5740740740740741, 0.6331908831908832, 0.5740740740740741]"
cyp3a4_substrate_carbonmangels,Metabolism,classification,molclr_gin,MolCLR-GIN,pr_auc,0.681630493091968,0.016095595231526188,"[0.7013434908037747, 0.6684884946174303, 0.6684884946174303, 0.7013434908037747, 0.6684884946174303]"
cyp3a4_substrate_carbonmangels,Metabolism,classification,molclr_gin,MolCLR-GIN,roc_auc,0.6335470085470085,0.018609608682113397,"[0.6563390313390313, 0.61835232668566, 0.61835232668566, 0.6563390313390313, 0.61835232668566]"
cyp3a4_substrate_carbonmangels,Metabolism,classification,kermt_v2,KERMT v2,balanced_accuracy,0.6376068376068377,0.003988603988604034,"[0.6396011396011396, 0.6296296296296295, 0.6396011396011396, 0.6396011396011396, 0.6396011396011396]"
cyp3a4_substrate_carbonmangels,Metabolism,classification,kermt_v2,KERMT v2,pr_auc,0.7195013267902599,0.004303154462457393,"[0.7216529040214887, 0.7108950178653453, 0.7216529040214887, 0.7216529040214887, 0.7216529040214887]"
cyp3a4_substrate_carbonmangels,Metabolism,classification,kermt_v2,KERMT v2,roc_auc,0.6647198480531813,0.00275403608736946,"[0.6633428300094966, 0.6702279202279202, 0.6633428300094966, 0.6633428300094966, 0.6633428300094966]"
cyp3a4_substrate_carbonmangels,Metabolism,classification,descriptor_13,13-descriptor diagnostic,balanced_accuracy,0.5757834757834758,0.0031403714651066276,"[0.5719373219373219, 0.5783475783475783, 0.5719373219373219, 0.5783475783475783, 0.5783475783475783]"
cyp3a4_substrate_carbonmangels,Metabolism,classification,descriptor_13,13-descriptor diagnostic,pr_auc,0.7022143743237367,0.0070845392704891414,"[0.7108911274614407, 0.6964298722319342, 0.7108911274614407, 0.6964298722319342, 0.6964298722319342]"
cyp3a4_substrate_carbonmangels,Metabolism,classification,descriptor_13,13-descriptor diagnostic,roc_auc,0.6251899335232668,0.005582882604634041,"[0.61835232668566, 0.6297483380816714, 0.61835232668566, 0.6297483380816714, 0.6297483380816714]"
cyp2c9_substrate_carbonmangels,Metabolism,classification,gmolai,gMolAI,balanced_accuracy,0.5468372627947097,0.015583668775158132,"[0.5546290971822887, 0.5546290971822887, 0.5546290971822887, 0.5156699252443934, 0.5546290971822887]"
cyp2c9_substrate_carbonmangels,Metabolism,classification,gmolai,gMolAI,pr_auc,0.35130910738134463,0.021761902845498816,"[0.36219005880409405, 0.36219005880409405, 0.36219005880409405, 0.307785301690347, 0.36219005880409405]"
cyp2c9_substrate_carbonmangels,Metabolism,classification,gmolai,gMolAI,roc_auc,0.5831512363427256,0.02231167337550315,"[0.5943070730304773, 0.5943070730304773, 0.5943070730304773, 0.5385278895917194, 0.5943070730304773]"
cyp2c9_substrate_carbonmangels,Metabolism,classification,morgan,Morgan radius-2,balanced_accuracy,0.5333525014376077,0.0023001725129384366,"[0.534502587694077, 0.534502587694077, 0.534502587694077, 0.5287521564117309, 0.534502587694077]"
cyp2c9_substrate_carbonmangels,Metabolism,classification,morgan,Morgan radius-2,pr_auc,0.34537166977853817,0.0009335132744945796,"[0.34583842641578544, 0.34583842641578544, 0.34583842641578544, 0.343504643229549, 0.34583842641578544]"
cyp2c9_substrate_carbonmangels,Metabolism,classification,morgan,Morgan radius-2,roc_auc,0.5743530764807361,0.005405405405405394,"[0.5770557791834389, 0.5770557791834389, 0.5770557791834389, 0.5635422656699254, 0.5770557791834389]"
cyp2c9_substrate_carbonmangels,Metabolism,classification,molai,MolAI epoch 6,balanced_accuracy,0.5750143760782058,0.014010415729313493,"[0.5845313398504888, 0.5845313398504888, 0.5730304772857964, 0.5845313398504888, 0.5484473835537665]"
cyp2c9_substrate_carbonmangels,Metabolism,classification,molai,MolAI epoch 6,pr_auc,0.35997255855249594,0.01012559706472753,"[0.3682313837500252, 0.3682313837500252, 0.3483181897026137, 0.3682313837500252, 0.34685045180979046]"
cyp2c9_substrate_carbonmangels,Metabolism,classification,molai,MolAI epoch 6,roc_auc,0.6244968372627948,0.003563411934405886,"[0.6233467510063255, 0.6233467510063255, 0.6313973548016101, 0.6233467510063255, 0.621046578493387]"
cyp2c9_substrate_carbonmangels,Metabolism,classification,molformer,MoLFormer,balanced_accuracy,0.5343588269120184,0.0242976987136342,"[0.5541978148361127, 0.5046003450258769, 0.5541978148361127, 0.5046003450258769, 0.5541978148361127]"
cyp2c9_substrate_carbonmangels,Metabolism,classification,molformer,MoLFormer,pr_auc,0.34426492946525755,0.005285687818201979,"[0.3485806754966708, 0.3377913104181377, 0.3485806754966708, 0.3377913104181377, 0.3485806754966708]"
cyp2c9_substrate_carbonmangels,Metabolism,classification,molformer,MoLFormer,roc_auc,0.6280621046578494,0.009014798363319353,"[0.6354226566992525, 0.6170212765957447, 0.6354226566992525, 0.6170212765957447, 0.6354226566992525]"
cyp2c9_substrate_carbonmangels,Metabolism,classification,smi_ted,SMI-TED-Light,balanced_accuracy,0.5464634847613572,0.03631311985162713,"[0.5398217366302474, 0.5398217366302474, 0.5181138585393905, 0.5181138585393905, 0.61644623346751]"
cyp2c9_substrate_carbonmangels,Metabolism,classification,smi_ted,SMI-TED-Light,pr_auc,0.38976878691624023,0.004959743777127039,"[0.38733475504280807, 0.38733475504280807, 0.38724324386076336, 0.38724324386076336, 0.3996879367740582]"
cyp2c9_substrate_carbonmangels,Metabolism,classification,smi_ted,SMI-TED-Light,roc_auc,0.63588269120184,0.014830762505355102,"[0.6305347901092582, 0.6305347901092582, 0.6265094882116158, 0.6265094882116158, 0.6653248993674525]"
cyp2c9_substrate_carbonmangels,Metabolism,classification,molclr_gin,MolCLR-GIN,balanced_accuracy,0.5604370327774584,0.04720212716831366,"[0.5406843013225993, 0.5951696377228293, 0.5951696377228293, 0.4759919493962047, 0.5951696377228293]"
cyp2c9_substrate_carbonmangels,Metabolism,classification,molclr_gin,MolCLR-GIN,pr_auc,0.3397612760331488,0.015271176767569698,"[0.32812132749612954, 0.3517848231053077, 0.3517848231053077, 0.3153305833536916, 0.3517848231053077]"
cyp2c9_substrate_carbonmangels,Metabolism,classification,molclr_gin,MolCLR-GIN,roc_auc,0.5841863139735481,0.03268673824991925,"[0.5756181713628522, 0.6072455434157562, 0.6072455434157562, 0.5235767682576193, 0.6072455434157562]"
cyp2c9_substrate_carbonmangels,Metabolism,classification,kermt_v2,KERMT v2,balanced_accuracy,0.6099482461184589,0.02399115491883494,"[0.6266532489936745, 0.5644048303622772, 0.6324036802760207, 0.613139735480161, 0.613139735480161]"
cyp2c9_substrate_carbonmangels,Metabolism,classification,kermt_v2,KERMT v2,pr_auc,0.423235545792848,0.027019169190906585,"[0.45013655049913953, 0.39931256591094144, 0.4618345222236806, 0.4024470451652392, 0.4024470451652392]"
cyp2c9_substrate_carbonmangels,Metabolism,classification,kermt_v2,KERMT v2,roc_auc,0.6640023001725129,0.030950784921785383,"[0.6932144910868315, 0.614433582518689, 0.7006900517538817, 0.6558366877515813, 0.6558366877515813]"
cyp2c9_substrate_carbonmangels,Metabolism,classification,descriptor_13,13-descriptor diagnostic,balanced_accuracy,0.5733179988499137,0.011788384128809695,"[0.5497412305922944, 0.5792121909143186, 0.5792121909143186, 0.5792121909143186, 0.5792121909143186]"
cyp2c9_substrate_carbonmangels,Metabolism,classification,descriptor_13,13-descriptor diagnostic,pr_auc,0.425690842367885,0.0022624522819023386,"[0.42116593780408035, 0.4268220685088362, 0.4268220685088362, 0.4268220685088362, 0.4268220685088362]"
cyp2c9_substrate_carbonmangels,Metabolism,classification,descriptor_13,13-descriptor diagnostic,roc_auc,0.6052328924669351,0.004600345025876917,"[0.5960322024151812, 0.6075330649798735, 0.6075330649798735, 0.6075330649798735, 0.6075330649798735]"
half_life_obach,Excretion,regression,gmolai,gMolAI,mae,34.718756605299696,21.167211526638027,"[76.4010947954087, 20.16046215905084, 20.16046215905084, 28.435881956494047, 28.435881956494047]"
half_life_obach,Excretion,regression,gmolai,gMolAI,r2,-8.510689922201646,11.117543630111127,"[-30.616586649684088, -1.6462560829166217, -1.6462560829166217, -4.322175397745449, -4.322175397745449]"
half_life_obach,Excretion,regression,gmolai,gMolAI,rmse,45.38458432792727,25.125985059185357,"[94.5832929933899, 27.363577376544537, 27.363577376544537, 38.80623694657868, 38.80623694657868]"
half_life_obach,Excretion,regression,gmolai,gMolAI,spearman,0.14803123745036467,0.09574452099230162,"[-0.019317135380677017, 0.24189769529659094, 0.24189769529659094, 0.13783896601965928, 0.13783896601965928]"
half_life_obach,Excretion,regression,morgan,Morgan radius-2,mae,29.492476358443973,4.957144577360316,"[23.636559750995943, 34.59089048022315, 23.636559750995943, 34.59089048022315, 31.007481329781672]"
half_life_obach,Excretion,regression,morgan,Morgan radius-2,r2,-6.381258559311817,2.4440485397457454,"[-3.524869112999709, -8.95264271127471, -3.524869112999709, -8.95264271127471, -6.951269148010246]"
half_life_obach,Excretion,regression,morgan,Morgan radius-2,rmse,45.026006527671726,7.823423257122623,"[35.781615962521506, 53.06719669743175, 35.781615962521506, 53.06719669743175, 47.432407318452135]"
half_life_obach,Excretion,regression,morgan,Morgan radius-2,spearman,0.17891279054812942,0.06797806743688894,"[0.2600006020699261, 0.11078510873050829, 0.2600006020699261, 0.11078510873050829, 0.15299253113977826]"
half_life_obach,Excretion,regression,molai,MolAI epoch 6,mae,50.88767513287257,22.756363839771982,"[51.71507037389847, 35.00802278548953, 24.57440783758012, 51.71507037389847, 91.42580429349627]"
half_life_obach,Excretion,regression,molai,MolAI epoch 6,r2,-52.209932250417275,69.24990354585088,"[-31.83990154331608, -6.259346894164226, -2.606939378142155, -31.83990154331608, -188.50357189314784]"
half_life_obach,Excretion,regression,molai,MolAI epoch 6,rmse,100.32419699243864,70.64666140374838,"[96.39574469256598, 45.32165020781243, 31.946726311899052, 96.39574469256598, 231.56111905734977]"
half_life_obach,Excretion,regression,molai,MolAI epoch 6,spearman,0.20235262513254254,0.09220349671056699,"[0.19765097807874993, 0.2951609539525506, 0.2838808410618793, 0.19765097807874993, 0.03741937449078288]"
half_life_obach,Excretion,regression,molformer,MoLFormer,mae,37.401741201733785,27.269334775773302,"[91.94041075328039, 23.767073813847134, 23.767073813847134, 23.767073813847134, 23.767073813847134]"
half_life_obach,Excretion,regression,molformer,MoLFormer,r2,-11.135572977635531,17.533789409978663,"[-46.20315179759286, -2.3686782726462, -2.3686782726462, -2.3686782726462, -2.3686782726462]"
half_life_obach,Excretion,regression,molformer,MoLFormer,rmse,47.81270546387025,33.8782913756862,"[115.56928821524266, 30.87355977602715, 30.87355977602715, 30.87355977602715, 30.87355977602715]"
half_life_obach,Excretion,regression,molformer,MoLFormer,spearman,0.3117033845172378,0.04407990892613196,"[0.2235435666649739, 0.3337433389803038, 0.3337433389803038, 0.3337433389803038, 0.3337433389803038]"
half_life_obach,Excretion,regression,smi_ted,SMI-TED-Light,mae,45.920478570302336,13.51177758228864,"[43.4008612911285, 59.79092408921983, 43.4008612911285, 23.218822090814985, 59.79092408921983]"
half_life_obach,Excretion,regression,smi_ted,SMI-TED-Light,r2,-13.778238482027126,7.653776821324507,"[-10.749847544609924, -22.40941441520171, -10.749847544609924, -2.5726684905123776, -22.40941441520171]"
half_life_obach,Excretion,regression,smi_ted,SMI-TED-Light,rmse,61.97742316498015,18.448356322657325,"[57.65978987433267, 81.3864704608446, 57.65978987433267, 31.794595154546283, 81.3864704608446]"
half_life_obach,Excretion,regression,smi_ted,SMI-TED-Light,spearman,0.25949539701386526,0.052499091580078115,"[0.24533045525200514, 0.22219122367600835, 0.24533045525200514, 0.362433627213299, 0.22219122367600835]"
half_life_obach,Excretion,regression,molclr_gin,MolCLR-GIN,mae,34.23964546052237,7.8529462864981285,"[39.72538799013412, 39.72538799013412, 32.43923295550876, 39.72538799013412, 19.582830376700745]"
half_life_obach,Excretion,regression,molclr_gin,MolCLR-GIN,r2,-6.5928598334403485,2.7775407619560646,"[-8.54760016875018, -8.54760016875018, -5.887416131209772, -8.54760016875018, -1.4340825297414357]"
half_life_obach,Excretion,regression,molclr_gin,MolCLR-GIN,rmse,45.26349303100005,9.981812000910784,"[51.97614332185958, 51.97614332185958, 44.14536391369949, 51.97614332185958, 26.243671275722015]"
half_life_obach,Excretion,regression,molclr_gin,MolCLR-GIN,spearman,0.2121102046608126,0.04769680206682754,"[0.18152854446812725, 0.18152854446812725, 0.21128879767217662, 0.18152854446812725, 0.3046765922275045]"
half_life_obach,Excretion,regression,kermt_v2,KERMT v2,mae,27.127082287864077,9.141907672458224,"[22.556128451634965, 22.556128451634965, 22.556128451634965, 45.410897632780525, 22.556128451634965]"
half_life_obach,Excretion,regression,kermt_v2,KERMT v2,r2,-4.180910267463679,4.2161198286492745,"[-2.072850353139041, -2.072850353139041, -2.072850353139041, -12.613149924762226, -2.072850353139041]"
half_life_obach,Excretion,regression,kermt_v2,KERMT v2,rmse,36.00213975574845,13.030679397249548,"[29.48680005712368, 29.48680005712368, 29.48680005712368, 62.06349855024755, 29.48680005712368]"
half_life_obach,Excretion,regression,kermt_v2,KERMT v2,spearman,0.14151399177541785,0.0272881912443917,"[0.1551580873976137, 0.1551580873976137, 0.1551580873976137, 0.08693760928663444, 0.1551580873976137]"
half_life_obach,Excretion,regression,descriptor_13,13-descriptor diagnostic,mae,15.279854783254958,0.8292469515119294,"[14.865231307498995, 16.938348686278818, 14.865231307498995, 14.865231307498995, 14.865231307498995]"
half_life_obach,Excretion,regression,descriptor_13,13-descriptor diagnostic,r2,-0.536865962942858,0.2645536360982135,"[-0.4045891448937513, -1.065973235139285, -0.4045891448937513, -0.4045891448937513, -0.4045891448937513]"
half_life_obach,Excretion,regression,descriptor_13,13-descriptor diagnostic,rmse,20.784151696359395,1.69689386000324,"[19.935704766357773, 24.177939416365874, 19.935704766357773, 19.935704766357773, 19.935704766357773]"
half_life_obach,Excretion,regression,descriptor_13,13-descriptor diagnostic,spearman,0.2599526015895403,0.04603246069001624,"[0.23693637124453218, 0.3520175229695728, 0.23693637124453218, 0.23693637124453218, 0.23693637124453218]"
clearance_microsome_az,Excretion,regression,gmolai,gMolAI,mae,27.356568639189142,1.601463591421554,"[25.733826497047456, 27.440291340449082, 25.733826497047456, 30.066933031474075, 27.807965829927628]"
clearance_microsome_az,Excretion,regression,gmolai,gMolAI,r2,0.19629455140764987,0.06913061067525297,"[0.25175707443999484, 0.22897567757542814, 0.25175707443999484, 0.06808401285729448, 0.180898917725537]"
clearance_microsome_az,Excretion,regression,gmolai,gMolAI,rmse,38.72715680144562,1.6331451889917303,"[37.400231394069536, 37.96531596705135, 37.400231394069536, 41.73893471592592, 39.131070536111736]"
clearance_microsome_az,Excretion,regression,gmolai,gMolAI,spearman,0.6030995735917701,0.02619629517001892,"[0.6110303363435093, 0.6303367431041333, 0.6110303363435093, 0.5529598146803248, 0.6101406374873736]"
clearance_microsome_az,Excretion,regression,morgan,Morgan radius-2,mae,28.78063124704579,0.0,"[28.78063124704579, 28.78063124704579, 28.78063124704579, 28.78063124704579, 28.78063124704579]"
clearance_microsome_az,Excretion,regression,morgan,Morgan radius-2,r2,0.15158366635164489,0.0,"[0.15158366635164489, 0.15158366635164489, 0.15158366635164489, 0.15158366635164489, 0.15158366635164489]"
clearance_microsome_az,Excretion,regression,morgan,Morgan radius-2,rmse,39.825156392802974,0.0,"[39.825156392802974, 39.825156392802974, 39.825156392802974, 39.825156392802974, 39.825156392802974]"
clearance_microsome_az,Excretion,regression,morgan,Morgan radius-2,spearman,0.475780004798333,0.0,"[0.475780004798333, 0.475780004798333, 0.475780004798333, 0.475780004798333, 0.475780004798333]"
clearance_microsome_az,Excretion,regression,molai,MolAI epoch 6,mae,38.24340601895824,6.209339355330298,"[30.697747337654846, 43.31321863775384, 43.31321863775384, 30.579626843874856, 43.31321863775384]"
clearance_microsome_az,Excretion,regression,molai,MolAI epoch 6,r2,-0.3052802222176738,0.3489785521457183,"[0.10127505811213966, -0.5900221904465437, -0.5900221904465437, 0.14239040213912235, -0.5900221904465437]"
clearance_microsome_az,Excretion,regression,molai,MolAI epoch 6,rmse,48.91775482765783,6.867678967998174,"[40.98891069128881, 54.51983994293809, 54.51983994293809, 40.040343618186064, 54.51983994293809]"
clearance_microsome_az,Excretion,regression,molai,MolAI epoch 6,spearman,0.3338933796885984,0.04713897032085473,"[0.39887091285463905, 0.2956020524589778, 0.2956020524589778, 0.38378982821141966, 0.2956020524589778]"
clearance_microsome_az,Excretion,regression,molformer,MoLFormer,mae,28.87319558381381,3.5954838439203347,"[28.890708516787175, 28.890708516787175, 25.579333574477936, 35.42589373653882, 25.579333574477936]"
clearance_microsome_az,Excretion,regression,molformer,MoLFormer,r2,0.12585199385622162,0.17127497641894537,"[0.13572291495038702, 0.13572291495038702, 0.27545012574698735, -0.19308611211364068, 0.27545012574698735]"
clearance_microsome_az,Excretion,regression,molformer,MoLFormer,rmse,40.24497558936897,3.80633973576954,"[40.195689126999994, 40.195689126999994, 36.80333053905328, 47.22683861473834, 36.80333053905328]"
clearance_microsome_az,Excretion,regression,molformer,MoLFormer,spearman,0.5439212220462639,0.05942561521776702,"[0.5324056096552846, 0.5324056096552846, 0.6051628804597093, 0.44446913000133154, 0.6051628804597093]"
clearance_microsome_az,Excretion,regression,smi_ted,SMI-TED-Light,mae,26.51941687527313,0.0,"[26.51941687527313, 26.51941687527313, 26.51941687527313, 26.51941687527313, 26.51941687527313]"
clearance_microsome_az,Excretion,regression,smi_ted,SMI-TED-Light,r2,0.24113506093558704,2.7755575615628914e-17,"[0.241135060935587, 0.241135060935587, 0.241135060935587, 0.241135060935587, 0.241135060935587]"
clearance_microsome_az,Excretion,regression,smi_ted,SMI-TED-Light,rmse,37.66476165448484,0.0,"[37.66476165448484, 37.66476165448484, 37.66476165448484, 37.66476165448484, 37.66476165448484]"
clearance_microsome_az,Excretion,regression,smi_ted,SMI-TED-Light,spearman,0.5679384240400823,0.0,"[0.5679384240400823, 0.5679384240400823, 0.5679384240400823, 0.5679384240400823, 0.5679384240400823]"
clearance_microsome_az,Excretion,regression,molclr_gin,MolCLR-GIN,mae,29.380376019691226,0.8134980683393833,"[27.818905180142895, 29.593172476781554, 29.447734817783587, 30.021033811874045, 30.021033811874045]"
clearance_microsome_az,Excretion,regression,molclr_gin,MolCLR-GIN,r2,0.13017578465645654,0.03410802780218093,"[0.19257384830867985, 0.12741206176191222, 0.13236141345161345, 0.09926579988003859, 0.09926579988003859]"
clearance_microsome_az,Excretion,regression,molclr_gin,MolCLR-GIN,rmse,40.31657434382636,0.7982178795479465,"[38.851195336736296, 40.38848680558913, 40.27378141088167, 41.03470408296235, 41.03470408296235]"
clearance_microsome_az,Excretion,regression,molclr_gin,MolCLR-GIN,spearman,0.5388067039520774,0.0040248491357023,"[0.533394783265464, 0.5355959573708544, 0.5383526825840547, 0.543345048270007, 0.543345048270007]"
clearance_microsome_az,Excretion,regression,kermt_v2,KERMT v2,mae,33.14876347518294,4.323669886988023,"[37.65381738810779, 37.65381738810779, 29.35839829083447, 34.06662939585507, 27.011154913009573]"
clearance_microsome_az,Excretion,regression,kermt_v2,KERMT v2,r2,-0.2308791868450642,0.32400364820050415,"[-0.5592700257124181, -0.5592700257124181, 0.07855020251550549, -0.3339135240394755, 0.21950743872348522]"
clearance_microsome_az,Excretion,regression,kermt_v2,KERMT v2,rmse,47.52360721930809,6.521657885496228,"[53.990039434569745, 53.990039434569745, 41.50389148808524, 49.93635253781685, 38.19771320149884]"
clearance_microsome_az,Excretion,regression,kermt_v2,KERMT v2,spearman,0.49972194092079647,0.04286564941883245,"[0.4541909739696908, 0.4541909739696908, 0.528588024609423, 0.4971021487407397, 0.564537583314438]"
clearance_microsome_az,Excretion,regression,descriptor_13,13-descriptor diagnostic,mae,33.05605547461662,0.7853953041680969,"[33.69564235216951, 33.69564235216951, 32.18665741907407, 33.69564235216951, 32.00669289750051]"
clearance_microsome_az,Excretion,regression,descriptor_13,13-descriptor diagnostic,r2,0.020711430528712604,0.0071719712269055266,"[0.01581294115358134, 0.01581294115358134, 0.02184539479318115, 0.01581294115358134, 0.034272934389637855]"
clearance_microsome_az,Excretion,regression,descriptor_13,13-descriptor diagnostic,rmse,42.78636560930405,0.1570135519382062,"[42.893531561260716, 42.893531561260716, 42.76187419129129, 42.893531561260716, 42.48935917144681]"
clearance_microsome_az,Excretion,regression,descriptor_13,13-descriptor diagnostic,spearman,0.20154774880054482,0.018329432255946198,"[0.1870341326118662, 0.1870341326118662, 0.21624701608542796, 0.1870341326118662, 0.23038933008169765]"
clearance_hepatocyte_az,Excretion,regression,gmolai,gMolAI,mae,38.38468592892174,4.087732365312212,"[35.49752519687684, 35.49752519687684, 46.17281092860118, 35.92971787877444, 38.825850443479396]"
clearance_hepatocyte_az,Excretion,regression,gmolai,gMolAI,r2,-0.2749952913564882,0.41944548771074736,"[0.048209148761760856, 0.048209148761760856, -1.0489067405157004, -0.03280216496956978, -0.38968584882069246]"
clearance_hepatocyte_az,Excretion,regression,gmolai,gMolAI,rmse,52.810866125477276,8.275824809747851,"[46.18573223726614, 46.18573223726614, 67.76386459920197, 48.11113917311977, 55.807862380532384]"
clearance_hepatocyte_az,Excretion,regression,gmolai,gMolAI,spearman,0.34471759286504333,0.04155013506372916,"[0.32298120231686706, 0.32298120231686706, 0.29061968774419716, 0.3940150531640248, 0.3929908187832607]"
clearance_hepatocyte_az,Excretion,regression,morgan,Morgan radius-2,mae,43.15431960950578,3.653577427999848,"[40.17118613138919, 40.17118613138919, 47.62901982668067, 40.17118613138919, 47.62901982668067]"
clearance_hepatocyte_az,Excretion,regression,morgan,Morgan radius-2,r2,-0.29900289186107826,0.23696735072665273,"[-0.10551986020126503, -0.10551986020126503, -0.5892274393507981, -0.10551986020126503, -0.5892274393507981]"
clearance_hepatocyte_az,Excretion,regression,morgan,Morgan radius-2,rmse,53.73769468956955,4.85201596857731,"[49.776040240619444, 49.776040240619444, 59.6801763629947, 49.776040240619444, 59.6801763629947]"
clearance_hepatocyte_az,Excretion,regression,morgan,Morgan radius-2,spearman,0.24446846746842285,0.017858308569474398,"[0.259049715356551, 0.259049715356551, 0.22259659563623063, 0.259049715356551, 0.22259659563623063]"
clearance_hepatocyte_az,Excretion,regression,molai,MolAI epoch 6,mae,40.216015591853804,6.138537072156935,"[36.73097923407033, 36.73097923407033, 38.46800209365973, 36.73097923407033, 52.41913816339829]"
clearance_hepatocyte_az,Excretion,regression,molai,MolAI epoch 6,r2,-0.24108156605163145,0.39513815855935375,"[-0.014748323827264986, -0.014748323827264986, -0.13534536967943978, -0.014748323827264986, -1.0258174890969225]"
clearance_hepatocyte_az,Excretion,regression,molai,MolAI epoch 6,rmse,52.178066710328686,7.6759301243438225,"[47.68878323920018, 47.68878323920018, 50.44301852180001, 47.68878323920018, 67.3809653122429]"
clearance_hepatocyte_az,Excretion,regression,molai,MolAI epoch 6,spearman,0.23008142639437534,0.008750675240187713,"[0.23710979960837564, 0.23710979960837564, 0.22202747668060302, 0.23710979960837564, 0.2170502564661468]"
clearance_hepatocyte_az,Excretion,regression,molformer,MoLFormer,mae,36.99269378905737,4.382244479354171,"[32.88580596410928, 37.15513928677856, 32.88580596410928, 37.15513928677856, 44.881578443511195]"
clearance_hepatocyte_az,Excretion,regression,molformer,MoLFormer,r2,-0.08460773881576973,0.21997957191031348,"[0.10808324122950896, -0.07271822633218505, 0.10808324122950896, -0.07271822633218505, -0.49376872387349646]"
clearance_hepatocyte_az,Excretion,regression,molformer,MoLFormer,rmse,49.068597860811444,4.802013963583956,"[44.70944023671547, 49.03203295714002, 44.70944023671547, 49.03203295714002, 57.86004291634625]"
clearance_hepatocyte_az,Excretion,regression,molformer,MoLFormer,spearman,0.3972529928960727,0.049626502924316356,"[0.45364552280203874, 0.37655746768412285, 0.45364552280203874, 0.37655746768412285, 0.3258589835080404]"
clearance_hepatocyte_az,Excretion,regression,smi_ted,SMI-TED-Light,mae,36.27061048440372,1.8166265781947515,"[35.36229719530635, 35.36229719530635, 35.36229719530635, 39.903863640793226, 35.36229719530635]"
clearance_hepatocyte_az,Excretion,regression,smi_ted,SMI-TED-Light,r2,0.05594420115742689,0.08938265409734578,"[0.10063552820609978, 0.10063552820609978, 0.10063552820609978, -0.12282110703726468, 0.10063552820609978]"
clearance_hepatocyte_az,Excretion,regression,smi_ted,SMI-TED-Light,rmse,45.94937995435015,2.107321298418043,"[44.89571930514113, 44.89571930514113, 44.89571930514113, 50.164022551186235, 44.89571930514113]"
clearance_hepatocyte_az,Excretion,regression,smi_ted,SMI-TED-Light,spearman,0.36676185623863083,0.01637685254951642,"[0.374950282513389, 0.374950282513389, 0.374950282513389, 0.334008151139598, 0.374950282513389]"
clearance_hepatocyte_az,Excretion,regression,molclr_gin,MolCLR-GIN,mae,37.50358498844179,0.3054317078250258,"[37.575268770746824, 36.93351017927923, 37.575268770746824, 37.575268770746824, 37.85860845068924]"
clearance_hepatocyte_az,Excretion,regression,molclr_gin,MolCLR-GIN,r2,-0.10320581848935761,0.05661724594139722,"[-0.11764521919470994, 0.0034939801624416233, -0.11764521919470994, -0.11764521919470994, -0.16658741502509988]"
clearance_hepatocyte_az,Excretion,regression,molclr_gin,MolCLR-GIN,rmse,49.707066795265305,1.2944263826242393,"[50.0482680177636, 47.258184523924875, 50.0482680177636, 50.0482680177636, 51.132345399110854]"
clearance_hepatocyte_az,Excretion,regression,molclr_gin,MolCLR-GIN,spearman,0.35662048842688904,0.010820144692896116,"[0.3578998213439543, 0.3377736649068405, 0.3578998213439543, 0.3578998213439543, 0.3716293131957417]"
clearance_hepatocyte_az,Excretion,regression,kermt_v2,KERMT v2,mae,41.50409913981461,6.110253241535795,"[38.310754799081494, 34.39793145219819, 38.310754799081494, 44.732369317768, 51.7686853309439]"
clearance_hepatocyte_az,Excretion,regression,kermt_v2,KERMT v2,r2,-0.6316562536347562,0.8029905954684947,"[-0.15420004730746673, 0.09701481446695082, -0.15420004730746673, -0.8331931891472364, -2.113702798878562]"
clearance_hepatocyte_az,Excretion,regression,kermt_v2,KERMT v2,rmse,58.868037801132324,13.833568500173838,"[50.86014737760103, 44.98600042915944, 50.86014737760103, 64.09751430251019, 83.53637951878991]"
clearance_hepatocyte_az,Excretion,regression,kermt_v2,KERMT v2,spearman,0.329129916909796,0.020364181604090967,"[0.34100030607797355, 0.34611253660788927, 0.34100030607797355, 0.32712687032770293, 0.29040956545744073]"
clearance_hepatocyte_az,Excretion,regression,descriptor_13,13-descriptor diagnostic,mae,38.51814656592619,0.24279164050806903,"[38.664953692139704, 38.664953692139704, 38.03996648772424, 38.664953692139704, 38.555905265487546]"
clearance_hepatocyte_az,Excretion,regression,descriptor_13,13-descriptor diagnostic,r2,0.0009713052761333385,0.011202307964227812,"[-0.005830004731264493, -0.005830004731264493, 0.023016514880700556, -0.005830004731264493, -0.000669974306240384]"
clearance_hepatocyte_az,Excretion,regression,descriptor_13,13-descriptor diagnostic,rmse,47.317214653493096,0.26633929614028695,"[47.478759545547106, 47.478759545547106, 46.79297759082106, 47.478759545547106, 47.3568170400031]"
clearance_hepatocyte_az,Excretion,regression,descriptor_13,13-descriptor diagnostic,spearman,0.16316814814791264,0.0017385841416650077,"[0.16253554538105236, 0.16253554538105236, 0.16165616047475262, 0.16253554538105236, 0.16657794412165353]"
herg,Toxicity,classification,gmolai,gMolAI,balanced_accuracy,0.6962406015037594,0.0018417216111151307,"[0.6977443609022556, 0.6977443609022556, 0.693984962406015, 0.693984962406015, 0.6977443609022556]"
herg,Toxicity,classification,gmolai,gMolAI,pr_auc,0.9167888047024547,0.009028507362403647,"[0.9241605500947381, 0.9241605500947381, 0.9057311866140296, 0.9057311866140296, 0.9241605500947381]"
herg,Toxicity,classification,gmolai,gMolAI,roc_auc,0.8064661654135339,0.017680527466705676,"[0.8209022556390978, 0.8209022556390978, 0.784812030075188, 0.784812030075188, 0.8209022556390978]"
herg,Toxicity,classification,morgan,Morgan radius-2,balanced_accuracy,0.7097744360902256,0.0030075187969925035,"[0.7082706766917293, 0.7082706766917293, 0.7082706766917293, 0.7157894736842105, 0.7082706766917293]"
herg,Toxicity,classification,morgan,Morgan radius-2,pr_auc,0.8769824416400137,0.009151190884060467,"[0.881558037082044, 0.881558037082044, 0.881558037082044, 0.8586800598718929, 0.881558037082044]"
herg,Toxicity,classification,morgan,Morgan radius-2,roc_auc,0.796,0.009503759398496259,"[0.8007518796992481, 0.8007518796992481, 0.8007518796992481, 0.7769924812030075, 0.8007518796992481]"
herg,Toxicity,classification,molai,MolAI epoch 6,balanced_accuracy,0.7330827067669172,0.0,"[0.7330827067669172, 0.7330827067669172, 0.7330827067669172, 0.7330827067669172, 0.7330827067669172]"
herg,Toxicity,classification,molai,MolAI epoch 6,pr_auc,0.9195994604368304,0.0,"[0.9195994604368304, 0.9195994604368304, 0.9195994604368304, 0.9195994604368304, 0.9195994604368304]"
herg,Toxicity,classification,molai,MolAI epoch 6,roc_auc,0.8221052631578948,0.0,"[0.8221052631578948, 0.8221052631578948, 0.8221052631578948, 0.8221052631578948, 0.8221052631578948]"
herg,Toxicity,classification,molformer,MoLFormer,balanced_accuracy,0.7150375939849624,0.0,"[0.7150375939849624, 0.7150375939849624, 0.7150375939849624, 0.7150375939849624, 0.7150375939849624]"
herg,Toxicity,classification,molformer,MoLFormer,pr_auc,0.8941150468387209,0.0,"[0.8941150468387209, 0.8941150468387209, 0.8941150468387209, 0.8941150468387209, 0.8941150468387209]"
herg,Toxicity,classification,molformer,MoLFormer,roc_auc,0.7790977443609024,0.0,"[0.7790977443609024, 0.7790977443609024, 0.7790977443609024, 0.7790977443609024, 0.7790977443609024]"
herg,Toxicity,classification,smi_ted,SMI-TED-Light,balanced_accuracy,0.7612030075187969,0.035488721804511285,"[0.7789473684210526, 0.6902255639097744, 0.7789473684210526, 0.7789473684210526, 0.7789473684210526]"
herg,Toxicity,classification,smi_ted,SMI-TED-Light,pr_auc,0.9102473532045424,0.010340838731842527,"[0.9154177725704638, 0.8895656757408574, 0.9154177725704638, 0.9154177725704638, 0.9154177725704638]"
herg,Toxicity,classification,smi_ted,SMI-TED-Light,roc_auc,0.8140451127819549,0.016120300751879715,"[0.8221052631578948, 0.7818045112781955, 0.8221052631578948, 0.8221052631578948, 0.8221052631578948]"
herg,Toxicity,classification,molclr_gin,MolCLR-GIN,balanced_accuracy,0.6393984962406015,0.0006015037593984918,"[0.6390977443609023, 0.6390977443609023, 0.6390977443609023, 0.6406015037593985, 0.6390977443609023]"
herg,Toxicity,classification,molclr_gin,MolCLR-GIN,pr_auc,0.8261532477169731,0.014020948889561602,"[0.8331637221617538, 0.8331637221617538, 0.8331637221617538, 0.7981113499378498, 0.8331637221617538]"
herg,Toxicity,classification,molclr_gin,MolCLR-GIN,roc_auc,0.697233082706767,0.006135338345864705,"[0.7003007518796993, 0.7003007518796993, 0.7003007518796993, 0.6849624060150376, 0.7003007518796993]"
herg,Toxicity,classification,kermt_v2,KERMT v2,balanced_accuracy,0.7601503759398496,0.0,"[0.7601503759398496, 0.7601503759398496, 0.7601503759398496, 0.7601503759398496, 0.7601503759398496]"
herg,Toxicity,classification,kermt_v2,KERMT v2,pr_auc,0.951032836310835,1.1102230246251565e-16,"[0.9510328363108349, 0.9510328363108349, 0.9510328363108349, 0.9510328363108349, 0.9510328363108349]"
herg,Toxicity,classification,kermt_v2,KERMT v2,roc_auc,0.8666165413533836,1.1102230246251565e-16,"[0.8666165413533835, 0.8666165413533835, 0.8666165413533835, 0.8666165413533835, 0.8666165413533835]"
herg,Toxicity,classification,descriptor_13,13-descriptor diagnostic,balanced_accuracy,0.7406015037593985,0.017244127731097365,"[0.7240601503759398, 0.7616541353383459, 0.7278195488721804, 0.7616541353383459, 0.7278195488721804]"
herg,Toxicity,classification,descriptor_13,13-descriptor diagnostic,pr_auc,0.9341075115027488,0.0035693234005275505,"[0.9380825550864614, 0.9297990434809101, 0.9364284577327313, 0.9297990434809101, 0.9364284577327313]"
herg,Toxicity,classification,descriptor_13,13-descriptor diagnostic,roc_auc,0.8503759398496239,0.005649013837894273,"[0.855187969924812, 0.8434586466165412, 0.8548872180451128, 0.8434586466165412, 0.8548872180451128]"
ames,Toxicity,classification,gmolai,gMolAI,balanced_accuracy,0.7440261215218624,0.00249366487942384,"[0.7460621903698916, 0.7460621903698916, 0.7409720182498188, 0.7409720182498188, 0.7460621903698916]"
ames,Toxicity,classification,gmolai,gMolAI,pr_auc,0.853276618814377,0.007793081729716998,"[0.8596396434015812, 0.8596396434015812, 0.8437320819335705, 0.8437320819335705, 0.8596396434015812]"
ames,Toxicity,classification,gmolai,gMolAI,roc_auc,0.8110850026434824,0.006590297257796465,"[0.8164659578217706, 0.8164659578217706, 0.8030135698760501, 0.8030135698760501, 0.8164659578217706]"
ames,Toxicity,classification,morgan,Morgan radius-2,balanced_accuracy,0.7114257181460377,0.0,"[0.7114257181460377, 0.7114257181460377, 0.7114257181460377, 0.7114257181460377, 0.7114257181460377]"
ames,Toxicity,classification,morgan,Morgan radius-2,pr_auc,0.8183635033833332,0.0,"[0.8183635033833332, 0.8183635033833332, 0.8183635033833332, 0.8183635033833332, 0.8183635033833332]"
ames,Toxicity,classification,morgan,Morgan radius-2,roc_auc,0.7716912412618222,0.0,"[0.7716912412618222, 0.7716912412618222, 0.7716912412618222, 0.7716912412618222, 0.7716912412618222]"
ames,Toxicity,classification,molai,MolAI epoch 6,balanced_accuracy,0.6802067790636197,0.009859170489957663,"[0.6716990738021109, 0.6731050147839197, 0.6922653664649787, 0.6922653664649787, 0.6716990738021109]"
ames,Toxicity,classification,molai,MolAI epoch 6,pr_auc,0.7816985862575034,0.004700876066904956,"[0.7759454948377295, 0.7852030128977037, 0.7856994643571773, 0.7856994643571773, 0.7759454948377295]"
ames,Toxicity,classification,molai,MolAI epoch 6,roc_auc,0.7305042197810805,0.006592979711536042,"[0.7224891813037263, 0.734386810002154, 0.7365779631478979, 0.7365779631478979, 0.7224891813037263]"
ames,Toxicity,classification,molformer,MoLFormer,balanced_accuracy,0.7290156454992265,0.0,"[0.7290156454992265, 0.7290156454992265, 0.7290156454992265, 0.7290156454992265, 0.7290156454992265]"
ames,Toxicity,classification,molformer,MoLFormer,pr_auc,0.8457739523066721,0.0,"[0.8457739523066721, 0.8457739523066721, 0.8457739523066721, 0.8457739523066721, 0.8457739523066721]"
ames,Toxicity,classification,molformer,MoLFormer,roc_auc,0.7999177583269694,0.0,"[0.7999177583269694, 0.7999177583269694, 0.7999177583269694, 0.7999177583269694, 0.7999177583269694]"
ames,Toxicity,classification,smi_ted,SMI-TED-Light,balanced_accuracy,0.7438455814682097,0.0,"[0.7438455814682097, 0.7438455814682097, 0.7438455814682097, 0.7438455814682097, 0.7438455814682097]"
ames,Toxicity,classification,smi_ted,SMI-TED-Light,pr_auc,0.8562574009195929,0.0,"[0.8562574009195929, 0.8562574009195929, 0.8562574009195929, 0.8562574009195929, 0.8562574009195929]"
ames,Toxicity,classification,smi_ted,SMI-TED-Light,roc_auc,0.8190291566312243,1.1102230246251565e-16,"[0.8190291566312244, 0.8190291566312244, 0.8190291566312244, 0.8190291566312244, 0.8190291566312244]"
ames,Toxicity,classification,molclr_gin,MolCLR-GIN,balanced_accuracy,0.6892809728015038,0.004889071648162258,"[0.6990591160978283, 0.6868364369774227, 0.6868364369774227, 0.6868364369774227, 0.6868364369774227]"
ames,Toxicity,classification,molclr_gin,MolCLR-GIN,pr_auc,0.8156115430908384,0.0009355442254129098,"[0.8174826315416642, 0.815143770978132, 0.815143770978132, 0.815143770978132, 0.815143770978132]"
ames,Toxicity,classification,molclr_gin,MolCLR-GIN,roc_auc,0.7572092658951614,0.0035410914644891985,"[0.7642914488241398, 0.7554387201629168, 0.7554387201629168, 0.7554387201629168, 0.7554387201629168]"
ames,Toxicity,classification,kermt_v2,KERMT v2,balanced_accuracy,0.7391742544400712,0.007770081708857242,"[0.7328340088899332, 0.7491207973526013, 0.7328340088899332, 0.7328340088899332, 0.7482484481779552]"
ames,Toxicity,classification,kermt_v2,KERMT v2,pr_auc,0.85207309301568,0.0012102103869825295,"[0.8510930820856981, 0.8532982775988194, 0.8510930820856981, 0.8510930820856981, 0.8537879412224866]"
ames,Toxicity,classification,kermt_v2,KERMT v2,roc_auc,0.8139286063952692,0.006464164513527609,"[0.8089290959290372, 0.8181519121188979, 0.8089290959290372, 0.8089290959290372, 0.8247038320703362]"
ames,Toxicity,classification,descriptor_13,13-descriptor diagnostic,balanced_accuracy,0.6198876030468582,0.003312772915075657,"[0.6182312165893203, 0.6182312165893203, 0.6182312165893203, 0.6182312165893203, 0.6265131488770095]"
ames,Toxicity,classification,descriptor_13,13-descriptor diagnostic,pr_auc,0.7195313719600095,0.0014180067272858475,"[0.7202403753236524, 0.7202403753236524, 0.7202403753236524, 0.7202403753236524, 0.7166953585054378]"
ames,Toxicity,classification,descriptor_13,13-descriptor diagnostic,roc_auc,0.6665703264211165,7.754214885746791e-05,"[0.6665315553466877, 0.6665315553466877, 0.6665315553466877, 0.6665315553466877, 0.6667254107188314]"
dili,Toxicity,classification,gmolai,gMolAI,balanced_accuracy,0.88125,0.005270462766947298,"[0.8854166666666667, 0.8708333333333333, 0.8833333333333333, 0.8833333333333333, 0.8833333333333333]"
dili,Toxicity,classification,gmolai,gMolAI,pr_auc,0.9453634817670673,0.002722578207588781,"[0.9505426018656503, 0.9456965195081177, 0.9435260958205229, 0.9435260958205229, 0.9435260958205229]"
dili,Toxicity,classification,gmolai,gMolAI,roc_auc,0.9395833333333332,0.009116815202933783,"[0.9354166666666667, 0.9234374999999999, 0.9463541666666666, 0.9463541666666666, 0.9463541666666666]"
dili,Toxicity,classification,morgan,Morgan radius-2,balanced_accuracy,0.7216666666666669,0.00918558653543694,"[0.7104166666666667, 0.7291666666666667, 0.7104166666666667, 0.7291666666666667, 0.7291666666666667]"
dili,Toxicity,classification,morgan,Morgan radius-2,pr_auc,0.8164827855648762,0.015188628245856903,"[0.7978805910172895, 0.8288842485966006, 0.7978805910172895, 0.8288842485966006, 0.8288842485966006]"
dili,Toxicity,classification,morgan,Morgan radius-2,roc_auc,0.7842708333333335,0.013523224621615402,"[0.7677083333333334, 0.7953125, 0.7677083333333334, 0.7953125, 0.7953125]"
dili,Toxicity,classification,molai,MolAI epoch 6,balanced_accuracy,0.7375,0.0,"[0.7375, 0.7375, 0.7375, 0.7375, 0.7375]"
dili,Toxicity,classification,molai,MolAI epoch 6,pr_auc,0.8182009930678928,0.0,"[0.8182009930678928, 0.8182009930678928, 0.8182009930678928, 0.8182009930678928, 0.8182009930678928]"
dili,Toxicity,classification,molai,MolAI epoch 6,roc_auc,0.8208333333333332,1.1102230246251565e-16,"[0.8208333333333333, 0.8208333333333333, 0.8208333333333333, 0.8208333333333333, 0.8208333333333333]"
dili,Toxicity,classification,molformer,MoLFormer,balanced_accuracy,0.7766666666666667,0.03000000000000003,"[0.7916666666666667, 0.7916666666666667, 0.7916666666666667, 0.7166666666666667, 0.7916666666666667]"
dili,Toxicity,classification,molformer,MoLFormer,pr_auc,0.8555787996680951,0.029657251080359836,"[0.870407425208275, 0.870407425208275, 0.870407425208275, 0.7962642975073754, 0.870407425208275]"
dili,Toxicity,classification,molformer,MoLFormer,roc_auc,0.8455208333333333,0.0360416666666667,"[0.8635416666666668, 0.8635416666666668, 0.8635416666666668, 0.7734375, 0.8635416666666668]"
dili,Toxicity,classification,smi_ted,SMI-TED-Light,balanced_accuracy,0.8,0.0,"[0.8, 0.8, 0.8, 0.8, 0.8]"
dili,Toxicity,classification,smi_ted,SMI-TED-Light,pr_auc,0.9195547317574622,1.1102230246251565e-16,"[0.9195547317574623, 0.9195547317574623, 0.9195547317574623, 0.9195547317574623, 0.9195547317574623]"
dili,Toxicity,classification,smi_ted,SMI-TED-Light,roc_auc,0.9109375,1.1102230246251565e-16,"[0.9109375000000001, 0.9109375000000001, 0.9109375000000001, 0.9109375000000001, 0.9109375000000001]"
dili,Toxicity,classification,molclr_gin,MolCLR-GIN,balanced_accuracy,0.7395833333333333,0.0,"[0.7395833333333333, 0.7395833333333333, 0.7395833333333333, 0.7395833333333333, 0.7395833333333333]"
dili,Toxicity,classification,molclr_gin,MolCLR-GIN,pr_auc,0.8541072010375139,0.0025273965254812556,"[0.8520435904158098, 0.8572026169700699, 0.8572026169700699, 0.8520435904158098, 0.8520435904158098]"
dili,Toxicity,classification,molclr_gin,MolCLR-GIN,roc_auc,0.8221875000000001,0.0040824829046386705,"[0.8255208333333334, 0.8171875, 0.8171875, 0.8255208333333334, 0.8255208333333334]"
dili,Toxicity,classification,kermt_v2,KERMT v2,balanced_accuracy,0.7408333333333333,0.0500104155818232,"[0.8020833333333333, 0.7, 0.8020833333333333, 0.7, 0.7]"
dili,Toxicity,classification,kermt_v2,KERMT v2,pr_auc,0.8316366908250842,0.03529249055502159,"[0.8748609876309831, 0.8028204929544851, 0.8748609876309831, 0.8028204929544851, 0.8028204929544851]"
dili,Toxicity,classification,kermt_v2,KERMT v2,roc_auc,0.8147916666666667,0.04363153604332533,"[0.8682291666666666, 0.7791666666666667, 0.8682291666666666, 0.7791666666666667, 0.7791666666666667]"
dili,Toxicity,classification,descriptor_13,13-descriptor diagnostic,balanced_accuracy,0.7983333333333332,0.022453655975512493,"[0.7708333333333333, 0.7708333333333333, 0.8166666666666667, 0.8166666666666667, 0.8166666666666667]"
dili,Toxicity,classification,descriptor_13,13-descriptor diagnostic,pr_auc,0.8954796376521712,0.008465117364396682,"[0.8851120285743983, 0.8851120285743983, 0.9023913770373528, 0.9023913770373528, 0.9023913770373528]"
dili,Toxicity,classification,descriptor_13,13-descriptor diagnostic,roc_auc,0.8711458333333333,0.01428869016623521,"[0.8536458333333333, 0.8536458333333333, 0.8828125, 0.8828125, 0.8828125]"
ld50_zhu,Toxicity,regression,gmolai,gMolAI,mae,0.6918845421880727,0.004338261794682045,"[0.6892469033538807, 0.6967183662948557, 0.6974309146404266, 0.6892469033538807, 0.6867796232973197]"
ld50_zhu,Toxicity,regression,gmolai,gMolAI,r2,0.1666550543419694,0.006631780327323903,"[0.17205712331953815, 0.17064189311535294, 0.15500183927348044, 0.17205712331953815, 0.16351729268193727]"
ld50_zhu,Toxicity,regression,gmolai,gMolAI,rmse,0.9645870546480543,0.003831736384838853,"[0.9614631414576035, 0.9622845210140283, 0.971315534682348, 0.9614631414576035, 0.9664089346286882]"
ld50_zhu,Toxicity,regression,gmolai,gMolAI,spearman,0.4897652182674067,0.00419969288774282,"[0.4916672261607872, 0.4955578095264863, 0.4841452436384712, 0.4916672261607872, 0.48578858585050155]"
ld50_zhu,Toxicity,regression,morgan,Morgan radius-2,mae,0.7055054099066055,0.0,"[0.7055054099066055, 0.7055054099066055, 0.7055054099066055, 0.7055054099066055, 0.7055054099066055]"
ld50_zhu,Toxicity,regression,morgan,Morgan radius-2,r2,0.1685063053309871,0.0,"[0.1685063053309871, 0.1685063053309871, 0.1685063053309871, 0.1685063053309871, 0.1685063053309871]"
ld50_zhu,Toxicity,regression,morgan,Morgan radius-2,rmse,0.9635226603795516,0.0,"[0.9635226603795516, 0.9635226603795516, 0.9635226603795516, 0.9635226603795516, 0.9635226603795516]"
ld50_zhu,Toxicity,regression,morgan,Morgan radius-2,spearman,0.5149642546962429,0.0,"[0.5149642546962429, 0.5149642546962429, 0.5149642546962429, 0.5149642546962429, 0.5149642546962429]"
ld50_zhu,Toxicity,regression,molai,MolAI epoch 6,mae,0.7142818244445551,0.0011528468349231065,"[0.713340528945507, 0.713340528945507, 0.7156937676931272, 0.7156937676931272, 0.713340528945507]"
ld50_zhu,Toxicity,regression,molai,MolAI epoch 6,r2,0.15159091764158175,0.018074935183963994,"[0.1663490404197786, 0.1663490404197786, 0.12945373347428646, 0.12945373347428646, 0.1663490404197786]"
ld50_zhu,Toxicity,regression,molai,MolAI epoch 6,rmse,0.9732189798099526,0.010345696306203878,"[0.9647717541486205, 0.9647717541486205, 0.9858898183019507, 0.9858898183019507, 0.9647717541486205]"
ld50_zhu,Toxicity,regression,molai,MolAI epoch 6,spearman,0.4523529606890751,0.013369749277922558,"[0.4632693152623598, 0.4632693152623598, 0.43597842882914806, 0.43597842882914806, 0.4632693152623598]"
ld50_zhu,Toxicity,regression,molformer,MoLFormer,mae,0.6855672876834871,0.0,"[0.6855672876834871, 0.6855672876834871, 0.6855672876834871, 0.6855672876834871, 0.6855672876834871]"
ld50_zhu,Toxicity,regression,molformer,MoLFormer,r2,0.18214580642347444,0.0,"[0.18214580642347444, 0.18214580642347444, 0.18214580642347444, 0.18214580642347444, 0.18214580642347444]"
ld50_zhu,Toxicity,regression,molformer,MoLFormer,rmse,0.9555873573112754,1.1102230246251565e-16,"[0.9555873573112753, 0.9555873573112753, 0.9555873573112753, 0.9555873573112753, 0.9555873573112753]"
ld50_zhu,Toxicity,regression,molformer,MoLFormer,spearman,0.511108994832709,0.0,"[0.511108994832709, 0.511108994832709, 0.511108994832709, 0.511108994832709, 0.511108994832709]"
ld50_zhu,Toxicity,regression,smi_ted,SMI-TED-Light,mae,0.6943972884595232,0.0,"[0.6943972884595232, 0.6943972884595232, 0.6943972884595232, 0.6943972884595232, 0.6943972884595232]"
ld50_zhu,Toxicity,regression,smi_ted,SMI-TED-Light,r2,0.14787648025285516,0.0,"[0.14787648025285516, 0.14787648025285516, 0.14787648025285516, 0.14787648025285516, 0.14787648025285516]"
ld50_zhu,Toxicity,regression,smi_ted,SMI-TED-Light,rmse,0.9754021962436227,1.1102230246251565e-16,"[0.9754021962436226, 0.9754021962436226, 0.9754021962436226, 0.9754021962436226, 0.9754021962436226]"
ld50_zhu,Toxicity,regression,smi_ted,SMI-TED-Light,spearman,0.47052406444723455,0.0,"[0.47052406444723455, 0.47052406444723455, 0.47052406444723455, 0.47052406444723455, 0.47052406444723455]"
ld50_zhu,Toxicity,regression,molclr_gin,MolCLR-GIN,mae,0.7441398325631663,0.0024684525592108494,"[0.7421808077236611, 0.7479956900423814, 0.7421808077236611, 0.7461610496024669, 0.7421808077236611]"
ld50_zhu,Toxicity,regression,molclr_gin,MolCLR-GIN,r2,0.09971209831068377,0.014870945874426323,"[0.11182533158891872, 0.08316197099358535, 0.11182533158891872, 0.07992252579307735, 0.11182533158891872]"
ld50_zhu,Toxicity,regression,molclr_gin,MolCLR-GIN,rmse,1.002555440253219,0.00826626332104441,"[0.9958218337312397, 1.0117629277221265, 0.9958218337312397, 1.0135487723502496, 0.9958218337312397]"
ld50_zhu,Toxicity,regression,molclr_gin,MolCLR-GIN,spearman,0.3758978691311687,0.012721066564927852,"[0.386145575614627, 0.3572467125204421, 0.386145575614627, 0.3638059062915203, 0.386145575614627]"
ld50_zhu,Toxicity,regression,kermt_v2,KERMT v2,mae,0.6937809355186182,0.0050147867509419495,"[0.6972964477337674, 0.6972964477337674, 0.6844426189319964, 0.6925727154597924, 0.6972964477337674]"
ld50_zhu,Toxicity,regression,kermt_v2,KERMT v2,r2,0.18368845539103354,0.0020411103825050767,"[0.18264337288061883, 0.18264337288061883, 0.18776995833693055, 0.18274219997638064, 0.18264337288061883]"
ld50_zhu,Toxicity,regression,kermt_v2,KERMT v2,rmse,0.9546849627686962,0.0011946721947165932,"[0.9552966327799373, 0.9552966327799373, 0.9522960372231859, 0.9552388782804832, 0.9552966327799373]"
ld50_zhu,Toxicity,regression,kermt_v2,KERMT v2,spearman,0.512509838181749,0.007105188434396548,"[0.5176174737473501, 0.5176174737473501, 0.4995211456135938, 0.5101756240531007, 0.5176174737473501]"
ld50_zhu,Toxicity,regression,descriptor_13,13-descriptor diagnostic,mae,0.7501794066559067,0.0014612466384420944,"[0.7488886490063057, 0.74907307867718, 0.752392240739973, 0.74907307867718, 0.7514699861788945]"
ld50_zhu,Toxicity,regression,descriptor_13,13-descriptor diagnostic,r2,0.09804826629685066,0.005761256195585472,"[0.09967502085031887, 0.10401634706541274, 0.09149232079914837, 0.10401634706541274, 0.09104129570396058]"
ld50_zhu,Toxicity,regression,descriptor_13,13-descriptor diagnostic,rmse,1.0035104241312653,0.003203969616054542,"[1.0026101632559052, 1.0001899718502258, 1.007156022689861, 1.0001899718502258, 1.007405991010109]"
ld50_zhu,Toxicity,regression,descriptor_13,13-descriptor diagnostic,spearman,0.4024135461963459,0.007279342489873015,"[0.41163260542588426, 0.4064073745416438, 0.3937201430667666, 0.4064073745416438, 0.39390023340579083]"
