query_id,observation_id,core,transform,lhs_substituent,rhs_substituent,lhs_index,rhs_index,lhs_group_molecules,rhs_group_molecules,molecule_pair_multiplicity,core_heavy_atoms,lhs_substituent_heavy_atoms,rhs_substituent_heavy_atoms,lhs_parent_heavy_atoms,rhs_parent_heavy_atoms,train_cores,support_tier,mismatched_transform,seed_hash,target_hash,seed_smiles,target_smiles
597548a0c4d1c173aac2ea901062c158795e407d6440a70ff99eb6ed01bb0b01,a74a6247c0aaf231f95273f5a25f564b2fef09501d72a6b7410522fb0823e615,CCC(C)C(C)N1CC(=O)NC([*:1])C1=O,CC[*:1]>>C[*:1],CC[*:1],C[*:1],39558,8053,1,1,1.0,14,2,1,16,15,443,20+,C[*:1]>>OCC[*:1],f9941dd5de761f8155a2d05a81ebfa6e064b9d62c375169bc79c236093d85bf2,70c489424aa9bb9e4a59fe4200bb6a6ef21546a22d15eaa8f2f3bdb428563137,CCC1NC(=O)CN(C(C)C(C)CC)C1=O,CCC(C)C(C)N1CC(=O)NC(C)C1=O
135aaef57218fbd71d23c0bdf804a802b450e105f0efb7e4af564739e592d292,16dd1e3fed48489032291d8c853bb6421814ee8091996d1480ed8e0c9e923386,O=C(N1CC(CCCO)CC(NCC2CCCCC2)C1)[*:1],CC(C)[*:1]>>C[*:1],CC(C)[*:1],C[*:1],48743,23500,1,1,1.0,20,3,1,23,21,206,20+,CC[*:1]>>OC[*:1],e03fdec85edc5a0a33270fa27116d2b4431b328984b7923c553e9b695b8f1981,b0702b76f717e82ca4b8c3748564c9a9a00256bbdcaefdcc3809ea900a570703,CC(C)C(=O)N1CC(CCCO)CC(NCC2CCCCC2)C1,CC(=O)N1CC(CCCO)CC(NCC2CCCCC2)C1
40dcc1dcb2dea9c395813e1cd5d4c6a71938988f2d7302c30802da31e2a13fbe,ffb55f1530c5c5b55a1de06890bf18cbc59e1b02db9843eb13acd913634583e8,CC1(NC(=O)CC(F)(F)[*:1])CCN(CCN2CCNC2=O)C1,C[*:1]>>F[*:1],C[*:1],F[*:1],16422,35857,1,1,1.0,21,1,1,22,22,159,20+,N[*:1]>>O[*:1],1fc296b48b3fdfc879ffa2cd91e4b4f9624a3e39784af1272ce88dd69d2098ad,13931fe707d57056e160edb041756a765a6b788669e01c09c9ba7c4f0f5523d0,CC(F)(F)CC(=O)NC1(C)CCN(CCN2CCNC2=O)C1,CC1(NC(=O)CC(F)(F)F)CCN(CCN2CCNC2=O)C1
9713a54fb15107df0e91ae1097215cef8cce06505959aca9965cd64d35b05ee6,5e73334f2352b611f78d8e3ec01b36850ea2eaf2582c177355a95b4baaa602a6,OC(CNCC1CC2CCC1C2)CO[*:1],CC(C)[*:1]>>CC[*:1],CC(C)[*:1],CC[*:1],40331,15387,1,1,1.0,14,3,2,17,16,155,20+,CCO[*:1]>>CO[*:1],6bf6cc4f5eae013b78f7797149698a14bf9330654a92bca37334339b25036d75,0a47a43bea811d6f9e6f6a504a7c025b14727d681405b9bad7fb64b5dc41a9fc,CC(C)OCC(O)CNCC1CC2CCC1C2,CCOCC(O)CNCC1CC2CCC1C2
c0488235b23aa6360c960bcf93663b1b14224cab11e168ff478bf2d763ef4303,bbf49a217534726397e4e9a83891c437a7c1585a404a8f397a3ea84c43029b67,CC(C)(O)c1cncc(Nc2cc([*:1])ccc2F)c1,CO[*:1]>>C[*:1],CO[*:1],C[*:1],37873,48416,1,1,1.0,18,2,1,20,19,155,20+,COC(=O)[*:1]>>O=C(O)[*:1],5a93cb1ce5c58166d69a5119d13c8562fb7b822109e312c633fb376942b5a378,180bd7b57fe6d2bef3e9fce6cac3356ac58c6a3fe49f0b75e089096f41a732cf,COc1ccc(F)c(Nc2cncc(C(C)(C)O)c2)c1,Cc1ccc(F)c(Nc2cncc(C(C)(C)O)c2)c1
c2efa127b913e44887b9f62e06f7494d500c792056499a51bffbab27de81e37b,28f4aa34a58d612913e69f44af971fd18e147fcc3bf087b8ea08fa9eb697560e,Nc1cc([*:1])ccc1Nc1ccc2ncccc2c1,Cl[*:1]>>F[*:1],Cl[*:1],F[*:1],3617,3817,1,1,1.0,18,1,1,19,19,150,20+,N#C[*:1]>>N[*:1],d2a7df7e9885165ef5c03d5b3412f9d32010ffb3162458397d683fb1b8dc6a87,b585f8bf3a9353863e4ffc3c9401c99fb19195711a356764cbff04d016920a67,Nc1cc(Cl)ccc1Nc1ccc2ncccc2c1,Nc1cc(F)ccc1Nc1ccc2ncccc2c1
f6f9c5381bde448b87eb0d5ee1f31b1c93735c4e872a4b685d2d343cff036151,2a81ecba197a3d8aa3b61c49a4955dda6468745973cc1137fbcb101734f229f4,CN=C(NCCc1cccc([*:1])c1)NCc1ccsc1,C[*:1]>>Cl[*:1],C[*:1],Cl[*:1],14208,46970,1,1,1.0,19,1,1,20,20,142,20+,C1CCC([*:1])CC1>>C[*:1],139cce715183378e56fcfc7d708d796d28129efcf631f02fdbb970f0a8ab7383,30f8b28d5bbffa83a64a071e8716161d6fb74a1beee6f3648ff5fee92467fd8a,CN=C(NCCc1cccc(C)c1)NCc1ccsc1,CN=C(NCCc1cccc(Cl)c1)NCc1ccsc1
7ffffdc99ddb99c5df77e6e7ead7dbf131d18ed15d4cfe1305406e454c426c6c,764ad4be262144ffd7dd4d09b3d116bb3e94677fb57935245c79aac10c34156d,C#CC(NC(=O)C(=O)N1CCCC(C)(C[*:1])C1)C1CCCO1,C[*:1]>>O[*:1],C[*:1],O[*:1],13371,25768,1,1,1.0,21,1,1,22,22,132,20+,c1ccc([*:1])cc1>>c1cncc([*:1])c1,ea4b61cd6cc766a2b0e0ddd9aa6ead74479c4c3375b7369604da225c209b5de7,3379480f92e0022d7433d0d2bec7136b1190b5a6a666f7abf8c51062f8f2264b,C#CC(NC(=O)C(=O)N1CCCC(C)(CC)C1)C1CCCO1,C#CC(NC(=O)C(=O)N1CCCC(C)(CO)C1)C1CCCO1
8b0ecb30605632785db38a45e7308cc69c7d69bf21817f8cdb1235276ac7df78,7a053e35b0e3d34bb94796586027b4cd28887106ad2daf4d4f50ef709a7a328e,CC1C(CN2CCCC2CO)OC(c2ccc(CNC(=O)[*:1])cc2)OC1c1ccc(CO)cc1,C[*:1]>>c1ccc([*:1])cc1,C[*:1],c1ccc([*:1])cc1,14784,35386,1,1,1.0,33,1,6,34,39,119,20+,CC(C)(C)[*:1]>>C[*:1],da13f516f24fc25f9e470d82c09b1b733bb6ab02b170837341ba655fbd03338d,5764f5193ea0d2e0957f60e3623ed007a5a54e6c4ab7cb17c64b1d335bc03902,CC(=O)NCc1ccc(C2OC(CN3CCCC3CO)C(C)C(c3ccc(CO)cc3)O2)cc1,CC1C(CN2CCCC2CO)OC(c2ccc(CNC(=O)c3ccccc3)cc2)OC1c1ccc(CO)cc1
9d84e92bc1192e1ace2504dddf9d6e4d56ec5304a2f741b87e61516d9aad5b4d,40ed6ae426c9fdbc1a5a45b9d3642449cdeb5ff1246e3f61e19bb7089de76dcd,O=C(NCC(O)c1ccc([*:1])cc1)C1(c2ccc(Cl)cc2)CCCC1,CO[*:1]>>F[*:1],CO[*:1],F[*:1],33429,29330,1,1,1.0,24,2,1,26,25,98,20+,CC[*:1]>>COCC[*:1],479065f15ea4f5deb0b7a186268e05e7da53ba2aceb570cc395619748f47eb5a,2f2354d9caad9b45d735f0ce6774e7a59f1dd444468289b2730e7a991c12a6a5,COc1ccc(C(O)CNC(=O)C2(c3ccc(Cl)cc3)CCCC2)cc1,O=C(NCC(O)c1ccc(F)cc1)C1(c2ccc(Cl)cc2)CCCC1
3164c735e5bbd6bf561f8e961e04a2f0180a9dbd62623477f415fb5108699b97,9080f346b1f43f4894ec188d6ec155cb68086ef48c566ca0e95b33f03f7ea97b,O=C(Cc1cccs1)N(CC[*:1])C1CC1,Br[*:1]>>Cl[*:1],Br[*:1],Cl[*:1],21287,38991,1,1,1.0,14,1,1,15,15,92,20+,CC(C)[*:1]>>CCC[*:1],01cf4c3a38a5e63db410c0f9ecc408dd1bfec46af7f05bf5315079ddfb8c667f,3f0243df284243906ba3c1838b615063fb4f2ee77eebfaf36f186cd6f8260f91,O=C(Cc1cccs1)N(CCBr)C1CC1,O=C(Cc1cccs1)N(CCCl)C1CC1
66bdfc39b1dc39695d246cea6bbe77dbebf19041da88fc6713359bbcac5b402e,dc7831ddfdf53869360df104edfe7582d0c046c3523d21117f089cb1a3d294ed,COC(=O)C(C[*:1])OC(=O)C1SCCCS1,CC(C)[*:1]>>c1ccc([*:1])cc1,CC(C)[*:1],c1ccc([*:1])cc1,37220,25226,1,1,1.0,15,3,6,18,21,85,20+,C[*:1]>>NC(=O)[*:1],fd576bc6129ead6bae4f8dd995005330ee9bce266594b7c67bd5473f2cdc2557,d5162b5aea7af8964fdbf82b9c4ce6d71eb04966ed523aa0b56e4ef425dec267,COC(=O)C(CC(C)C)OC(=O)C1SCCCS1,COC(=O)C(Cc1ccccc1)OC(=O)C1SCCCS1
f7dd472a917800d081b15c5268f1796a80426cf31f38f32ff879103602e57c99,8c19a7f80f78dcb5713ee5065ffca333e1e42c0eff26758ba8f9054d1db7651a,Cc1cc(NS(=O)(=O)c2cc([*:1])ccc2Br)no1,Br[*:1]>>C[*:1],Br[*:1],C[*:1],18947,44942,1,1,1.0,17,1,1,18,18,83,20+,C1CCC([*:1])CC1>>c1ccc([*:1])cc1,39ecdb0bd4513c39fac2a52ad1fefd06e9ac476b0a2ce042b0bf3fe7eb3e5da9,8c1599fca4dbde8a5942d19a4dbf906937faf5e6c64d82e4e21a435f1021902a,Cc1cc(NS(=O)(=O)c2cc(Br)ccc2Br)no1,Cc1ccc(Br)c(S(=O)(=O)Nc2cc(C)on2)c1
2c4fc3746e377d48023734c3a445fbc4a2f9560ef49ba23007f2d23dc91aeea4,4465464b46651cff3a9aae9bf65258551f2288b990f9c4f52e310b32ce422f42,CN1C(=O)CCC1CC(=O)NCC1CCC[NH+]1[*:1],CCC[*:1]>>C[*:1],CCC[*:1],C[*:1],2552,46605,1,1,1.0,17,3,1,20,18,79,20+,Cc1ccc([*:1])cc1>>c1ccc([*:1])cc1,77aef38d122d022e3c2431c5940321d456aaac2e133f000f4ca846ef78e90232,15a27a88bf1630d98fd9f3ce061345f58866481f793d056ead523e2351c29421,CCC[NH+]1CCCC1CNC(=O)CC1CCC(=O)N1C,CN1C(=O)CCC1CC(=O)NCC1CCC[NH+]1C
7d2dc20ecb5295c86e5c0b1195751db4ad4c9562414381f041aede446116a00f,5fc5220ce5a125defa95c6a22bcf7b3be8f3cb5b7786136b8c6ece3c16391692,O=C(O[*:1])C1CN(C(=O)c2cncs2)CC1c1ccccc1,CC(C)(C)[*:1]>>C[*:1],CC(C)(C)[*:1],C[*:1],18844,31528,1,1,1.0,21,4,1,25,22,78,20+,Br[*:1]>>F[*:1],5ad9e21cc2c42a3105e94ac4093c7b05f801ffb4d4be00338c41f9f908f193c8,6169ae7ffb4392cd4aa38ffa31ca6aca490437ea534f6fb383f8cfba3942758f,CC(C)(C)OC(=O)C1CN(C(=O)c2cncs2)CC1c1ccccc1,COC(=O)C1CN(C(=O)c2cncs2)CC1c1ccccc1
123fa01617b1b023bfdb6fe32ba5c818c46fcee70a4e1169efc0a8e2b8e5e851,1804a08db2d2482e24efc508e71dfdbfb3ff9386c16326e15dd25feeee25d08a,CCC1NC(=O)C(C(C)CC)N(CCS[*:1])C1=O,C[*:1]>>FC(F)(F)[*:1],C[*:1],FC(F)(F)[*:1],3853,17661,1,1,1.0,17,1,4,18,21,77,20+,C1CCC([*:1])C1>>CC(C)[*:1],594700ab30175ee773a82e47a3198751142c1f954a6ea6901dff9d3a81c58a0d,28dd54ddc98aa117d86a93da0950c2dd25487793cc2b14592290eb6d3dc197c3,CCC1NC(=O)C(C(C)CC)N(CCSC)C1=O,CCC1NC(=O)C(C(C)CC)N(CCSC(F)(F)F)C1=O
5af67e30d56e7698e6f36f7f49ee7d348b4ea7e07b986b15e2e5dd5cec3f5aa3,f88ca1d598fe18bbb76c5a23dde768dc66828fa8c32d6e124a16607f2cb69081,O=C(Nc1nnc(C2CC2)s1)C1CCc2cc([*:1])ccc21,Br[*:1]>>F[*:1],Br[*:1],F[*:1],1755,28614,1,1,1.0,20,1,1,21,21,74,20+,CC[*:1]>>COC(=O)[*:1],338f8dd739ba7f13d01b19b9225b3d57447a69f9dfc3df3aae850474126ebefc,1c6b13219a13c648cddf4bf50a68061cd70f544e332a5e8ba131ef6e5db3d77b,O=C(Nc1nnc(C2CC2)s1)C1CCc2cc(Br)ccc21,O=C(Nc1nnc(C2CC2)s1)C1CCc2cc(F)ccc21
5cb05d78ada371f40e79893e9d5c80e0bfed44337613d4ab8000e38857543231,2eb983fee450878b35859421679efab66d4505b97fa1296e5aa756eed704f08c,CN(C(=O)C[*:1])C1CC(Nc2nccnc2C#N)C1,CC(C)C[*:1]>>CC(C)[*:1],CC(C)C[*:1],CC(C)[*:1],36483,4724,1,1,1.0,18,4,3,22,21,74,20+,N[*:1]>>O=[N+]([O-])[*:1],d6517267b4220ab418138d3080913eb7dbcc461b68a6d0e06bca6c82e399c906,fbe49cba6209232e60bf4023039d29b05c9c89ef8ad34f00f2609cd4192fff84,CC(C)CCC(=O)N(C)C1CC(Nc2nccnc2C#N)C1,CC(C)CC(=O)N(C)C1CC(Nc2nccnc2C#N)C1
c58a667e556287f893427a2e4c94f93215ac158acb4de19265e7b025bf4d66ed,08b6e647d76a1089b88a130e37538c5376294d714ebcbdc244758a1616a9cbf9,CC(C)(C)OC(=O)N1CCC12CC[NH+](Cc1ccc([*:1])o1)C2,C[*:1]>>OC[*:1],C[*:1],OC[*:1],42421,4523,1,1,1.0,21,1,2,22,23,74,20+,C[*:1]>>N[*:1],ec2c0dae6d316dfc7c11ef72bedea39dc867c637012192f7a7c9e3feb5145f11,7a0af8289f6c1b2d897633044ae78ef8e1431d24282297c4b05be7ec5c4e17a2,Cc1ccc(C[NH+]2CCC3(CCN3C(=O)OC(C)(C)C)C2)o1,CC(C)(C)OC(=O)N1CCC12CC[NH+](Cc1ccc(CO)o1)C2
ac8bc6e4090dcee343fed160355410f08334760e6edf81d375ac13c0dff39ad4,a8493d7ef60998919b4cfa14406a84e4cf78289575e1f19381bb296c68e2b23c,COc1nc(C(=O)NC2CN(C(=O)C[NH+]3CCCC3C)CC2[*:1])co1,CO[*:1]>>O[*:1],CO[*:1],O[*:1],49673,14229,1,1,1.0,24,2,1,26,25,71,20+,C1CC([*:1])C1>>CC(C)C[*:1],2be84d5bbd4346ad4d4011f816ae10fe485059bcc94d6d55007468e3a6559161,97bec373d0707ce4ab6f6d2019c4b35733ed152fd7f2767745f90b226fe1d70d,COc1nc(C(=O)NC2CN(C(=O)C[NH+]3CCCC3C)CC2OC)co1,COc1nc(C(=O)NC2CN(C(=O)C[NH+]3CCCC3C)CC2O)co1
aa27b653ace1c56ed074d7d633f7c39a9c51867f35c33b84434419aa46bb3590,8d768e1a27a2ca0d20dab76eab2f720e64be324e1d7570de72bb46272ad18f57,O=C(NC1CC(=O)N(CC2CC2)C1)c1ccnc([*:1])c1,COC(=O)[*:1]>>C[*:1],COC(=O)[*:1],C[*:1],14486,15330,1,1,1.0,19,4,1,23,20,70,20+,F[*:1]>>N#C[*:1],c043892726d5aeb5f3985a61d84dae99c3b054216fd647debb4cc5a28bd1a92d,5ddfbb364794d4d3a8755d8dfde779a126b9f98adea6e2a43b38d295e66eab68,COC(=O)c1cc(C(=O)NC2CC(=O)N(CC3CC3)C2)ccn1,Cc1cc(C(=O)NC2CC(=O)N(CC3CC3)C2)ccn1
1aa8caea7e8d2f431e72403372b7df5c4ddb622880461569f0ad0acf4a81894c,5e8eea9368a93a08a30e57117dcf600b143033a3025c9247e9bac9214d0f6889,CC1C[NH+](Cc2ccccc2)CC1CNC(=O)C1([*:1])CCCC1,C[*:1]>>N#C[*:1],C[*:1],N#C[*:1],8614,41483,1,1,1.0,22,1,2,23,24,64,20+,C[*:1]>>FC(F)(F)[*:1],65170ab7f542b14c2f87a9950eafa03306c8033ed2e8a70df7e5e32498b42a60,715926429a56244d663e268fc890ad321b717f0e95fea2740527262b1183ab83,CC1C[NH+](Cc2ccccc2)CC1CNC(=O)C1(C)CCCC1,CC1C[NH+](Cc2ccccc2)CC1CNC(=O)C1(C#N)CCCC1
79fc305c99c32f70c143f40cd9367ced4f5ae16305779c94b47b45ef95ad009d,1abb0f2a678a8aec79dc4f50bdf97c9cef6694cfb7ecaa8d2296ae58e680f801,CC1CCC(NC(=O)CN2CCCC2)CN1C(=O)[*:1],COC[*:1]>>C[*:1],COC[*:1],C[*:1],23289,17204,1,1,1.0,18,3,1,21,19,63,20+,CC(C)C[*:1]>>CC(C)[*:1],5e13b54f59000aeaab0158b2cac7f4bd0b81ebeaa6b2b2484d69b08e2913d7e7,7a8e0b3d161fd0cd6e0c3bbf80e78e2eb200ee94d3af78359bf9faf7712634b5,COCC(=O)N1CC(NC(=O)CN2CCCC2)CCC1C,CC(=O)N1CC(NC(=O)CN2CCCC2)CCC1C
ffb0f90173aab452efab773e1b2652e1d789256e75a1d7138ce79c7716392593,abbe9152365d4620aa7809366401ae84faab0d2d4740be020242f535230eab8c,CCC(C)C(C)N1CC(=O)NC([*:1])C1=O,CC(C)C[*:1]>>C[*:1],CC(C)C[*:1],C[*:1],8903,8053,1,1,1.0,14,4,1,18,15,63,20+,C[*:1]>>OC[*:1],17f33aaa10d2e43f64d45ed8293cc7a6b01eb775003c14a0910b24b60529772a,70c489424aa9bb9e4a59fe4200bb6a6ef21546a22d15eaa8f2f3bdb428563137,CCC(C)C(C)N1CC(=O)NC(CC(C)C)C1=O,CCC(C)C(C)N1CC(=O)NC(C)C1=O
4ac566cf039713d646ab8a1c93972c5fbf222cdb38e8b3e3676d65b20ee89524,3e9842c4a922aa8b8ea2a753169e6a08656cf37668215fa5dc2e8705495024c7,Cc1cc([*:1])ncc1Nc1cccc(C#N)c1C,CO[*:1]>>Cl[*:1],CO[*:1],Cl[*:1],25115,4951,1,1,1.0,17,2,1,19,18,58,20+,CC[*:1]>>CO[*:1],ef366d2c6752f9484e4ff97aa7893ce2a16ca74d7637a130dad21e64cd63703d,30ffc5a372c96071d69f333394bdbf0a8be94f04f871f07340e6997b66b5d022,COc1cc(C)c(Nc2cccc(C#N)c2C)cn1,Cc1cc(Cl)ncc1Nc1cccc(C#N)c1C
5620b880a2ad3f80bcf6452c28fba1dc8a7828fb2d8bf1959c9c2530e4a5ee9c,923e947cef9e85f4469bae386a08a26783bfa4d92d06705c3a857ee2e2ce7448,Cc1nn(C)cc1C(NN)c1c(Cl)cnn1C[*:1],CC[*:1]>>COC[*:1],CC[*:1],COC[*:1],35126,24670,1,1,1.0,17,2,3,19,20,56,20+,CC(C)C[*:1]>>Cc1cccc([*:1])c1,21c90ca3d1df8e95e3c567c212f59b0094a0e51c842d897e283da6670a8cf1c9,ff58d314c4fab2758ce3152df18973062fa42c5e8649182d1d9831c422283c81,CCCn1ncc(Cl)c1C(NN)c1cn(C)nc1C,COCCn1ncc(Cl)c1C(NN)c1cn(C)nc1C
2e4d0f01ff013785a395dd314cec2bf004d01e68afbd87e2eee20ee91005974c,76025057eb93f8f7f41df262bb602e5e9de65d384315d273c6c19bf350224621,OCC1C(O)CC(NCC2CCCCC2)C1Cc1ccnc([*:1])n1,CC(C)(C)[*:1]>>CC(C)[*:1],CC(C)(C)[*:1],CC(C)[*:1],31770,11379,1,1,1.0,23,4,3,27,26,55,20+,C1CC([*:1])C1>>CC(C)C[*:1],36322e218227d584ed5599fdd2818e55a2ed6746e6e2c72886485215ab6026c0,76bbd7ff5428bc7afa8d2efc38f6a93272828c4325e96969c5a43c0db465b48d,CC(C)(C)c1nccc(CC2C(NCC3CCCCC3)CC(O)C2CO)n1,CC(C)c1nccc(CC2C(NCC3CCCCC3)CC(O)C2CO)n1
345407f3d51c739d91b3b8cdfce0b857ea90a46af4dd0f24674932e449a4043d,5d7b3c62d76b3dca542857eac8ffe588724f1f7a15294bf3bd75ec16f6753612,Cc1c(C=NN2C(=O)C3C4C=CC(C4)C3C2=O)c2ccccc2n1C[*:1],COC(=O)[*:1]>>N#C[*:1],COC(=O)[*:1],N#C[*:1],1348,16722,1,1,1.0,25,4,2,29,27,52,20+,C1CC1[*:1]>>C1CCC([*:1])C1,70d32a78a135d52af5a880d674fd79474aedaf775fb0babd21d4868dbc3da47e,d33e419d475a1b6a318ee1b2419b1c14b372e679b9f5459b66db3e47ccc91b9d,COC(=O)Cn1c(C)c(C=NN2C(=O)C3C4C=CC(C4)C3C2=O)c2ccccc21,Cc1c(C=NN2C(=O)C3C4C=CC(C4)C3C2=O)c2ccccc2n1CC#N
8bc173cfbd19bb614248a31fe275e5213801cdbf4b6532fb70f733e5022c391a,9a7a31cff8c10213c33f1af4050c2299f0d36191d2ff8792bcd91045278f7881,COCC1(CC(=O)NC2CN(C(=O)C3CCCC3[*:1])C2)CC1,CC[*:1]>>CO[*:1],CC[*:1],CO[*:1],22803,6606,1,1,1.0,21,2,2,23,23,51,20+,Fc1cccc([*:1])c1>>c1ccc([*:1])cc1,db087b2ac2a17642ee1e3991813be4a8fc201c4aca9d7dc8848cf2681fb31fce,34270ab764dafe9fb7d99f7c80339891d49547dc30526cc7f61ca3a02fd30d61,CCC1CCCC1C(=O)N1CC(NC(=O)CC2(COC)CC2)C1,COCC1(CC(=O)NC2CN(C(=O)C3CCCC3OC)C2)CC1
78deb16e524bcf2c4eaf40f9fad9a3e3d3bfa2f98725daa25e860cfae2f17878,5c7fab1c1799f7a08df2b47be97a87a286d8b4617e0c044a7d6fabae8d99a29c,CN(CCOCC1CC1)C1CC(C(C)(C)C)CCC1[*:1],N[*:1]>>O[*:1],N[*:1],O[*:1],41057,12796,1,1,1.0,19,1,1,20,20,51,20+,CC(C)C[*:1]>>COC[*:1],ae568f714bd6d043c6cff7e3f2056d143310177152239f2f4865cfa4d4e4b4ef,be96096721f624185e98cf00a588abb7afe87a70c78540c9b3e53095888d7502,CN(CCOCC1CC1)C1CC(C(C)(C)C)CCC1N,CN(CCOCC1CC1)C1CC(C(C)(C)C)CCC1O
71af15ab4fa77822a6f4b51ca403e5b0dbb4967436f822e529f9013d9f2bae30,984b180a5a64b1d4b2ace2384a6c15c0e445eff62e6de3494907a3a36e08c915,NCC1(C(=O)Cc2ccn([*:1])n2)CCC1,CC(C)[*:1]>>CCC(C)[*:1],CC(C)[*:1],CCC(C)[*:1],4038,36428,1,1,1.0,14,3,4,17,18,50,20+,COC(=O)[*:1]>>F[*:1],d40738806f33995deb5a63e2e6ce2b19e6bb63c0eb9c00be77de75d59dabd79b,35fff26cb7e9b97a520c90af751c3f31afa5f99dfc12c7734abee97a50961a16,CC(C)n1ccc(CC(=O)C2(CN)CCC2)n1,CCC(C)n1ccc(CC(=O)C2(CN)CCC2)n1
26a82414ddb7ec4910355a8abf43b0f8c31fcd8ff58257726bdf4278bafd2f8b,a5a2141e3d1fe69bfdd27b931e3152c3d031dc51eb3048f8de9be33688519e29,Oc1ccccc1Cc1nnc(N2CC3CCCC3C2)n1[*:1],CC(C)C[*:1]>>CC[*:1],CC(C)C[*:1],CC[*:1],8055,45818,1,1,1.0,21,4,2,25,23,50,20+,Br[*:1]>>C[*:1],2cb4bc2bd335e784c8fcba316e2a06e27bae7b9dc3ec20f660ab3f0bd50252b9,69317e2b5ab8cec443bdc5992dcaf9b670b70d807f3f0da82f0afdefaef6a752,CC(C)Cn1c(Cc2ccccc2O)nnc1N1CC2CCCC2C1,CCn1c(Cc2ccccc2O)nnc1N1CC2CCCC2C1
be14eb9fbedb4ccd0acc770a632b4d1faac00699a0d39086bcfe005928962207,ddf4bdfd93fb5c1e49161c5af919bbd574083f34be8bcb82e239f5d15f048bdd,O=C(NCC[*:1])c1cncc(Nc2ccc(Br)cc2)c1,CC(C)[*:1]>>CCC[*:1],CC(C)[*:1],CCC[*:1],3651,37642,1,1,1.0,19,3,3,22,22,49,20+,COC(=O)[*:1]>>NC(=O)[*:1],954f4d639c7d4767f67b95fcfc44a7489a6cfc60020c66c867fbd50dc3d7941c,ec27521cc1cb1de8b74b7b7c5122f358d3b4978ff8ca07085227b6b84b0a63de,CC(C)CCNC(=O)c1cncc(Nc2ccc(Br)cc2)c1,CCCCCNC(=O)c1cncc(Nc2ccc(Br)cc2)c1
0b48d809e2db7e2556a6751320e97f26f4f3ed9c7bfe8b6b8479378e5dfe1c33,98be61052f90d0a8d69a1122f56f9a8ff3e877cc585ad5156038c672aac9d24a,NC(Cc1cnc[nH]1)C(=O)NC(C(=O)NC(Cc1cnc[nH]1)C(=O)NC(CO)C(=O)O)[*:1],CCC(C)[*:1]>>C[*:1],CCC(C)[*:1],C[*:1],44403,9833,1,1,1.0,31,4,1,35,32,46,20+,Br[*:1]>>O=[N+]([O-])[*:1],691ee4047576c2dd0fbef35124f9435d19cd0216f5da7fcaad6a031042901448,c225fcac0c3e43b4e0504d8beabbeb49a6ffc8050b3934fb249f085d0417066e,CCC(C)C(NC(=O)C(N)Cc1cnc[nH]1)C(=O)NC(Cc1cnc[nH]1)C(=O)NC(CO)C(=O)O,CC(NC(=O)C(N)Cc1cnc[nH]1)C(=O)NC(Cc1cnc[nH]1)C(=O)NC(CO)C(=O)O
28bb7da051dd297e1dc80134fa0944649885b6b8572199e1cdc7926ead72c4b0,413062d2179016ff1793b17dea269b2ce0091d32bdbaf56f8efe22d4be0f3b5a,c1c([*:1])nnc2c1OCCS2,COC(=O)[*:1]>>O=C(O)[*:1],COC(=O)[*:1],O=C(O)[*:1],12228,12149,1,1,1.0,10,4,3,14,13,46,20+,CC(C)(C)[*:1]>>CC[*:1],c8f4df4863cef3772d9c270ea78da46b17bb60280e8884f9cee7af7c42bb27e7,79a804a420a6adcf96a4966d47f5b2b45aaa53854360dda457054cf57bd4ca1e,COC(=O)c1cc2c(nn1)SCCO2,O=C(O)c1cc2c(nn1)SCCO2
5f553a4d3b50b48bbe927846a05e62c97822897cb631b0a9c0323932e7c49baa,09a2bfe12d438fa72a7d5efc3576c8d9bdb35cbf4e1bd89570e8f913d1dec98b,CCCC1NC(=O)CN([*:1])C1=O,CCC(C)[*:1]>>CC[*:1],CCC(C)[*:1],CC[*:1],918,27915,1,1,1.0,11,4,2,15,13,46,20+,C1CCC([*:1])CC1>>CC(C)(C)[*:1],b1fccb0b85113116830240c334a5d7ff5acde35c14982cb01007db676691d82a,ff6e6abb1a0b3e8db2c3d9d337347e23121e5e1b04d277e2420df928cbdcbe36,CCCC1NC(=O)CN(C(C)CC)C1=O,CCCC1NC(=O)CN(CC)C1=O
128d3efffe03c0f9d669ffa8b901df18209cb5ba0a1aa81f3461404fc1fa9b05,c6889b5c2135e08e6e1fd0131944fce59d0c1f64cf13fe05313b873410dcc306,C#CCCCC(=O)NCC1CC(Nc2nccnc2[*:1])C1,F[*:1]>>N#C[*:1],F[*:1],N#C[*:1],22852,16061,1,1,1.0,20,1,2,21,22,46,20+,COC(=O)[*:1]>>F[*:1],54506706944d61bd00b5c97a5eae494d094ca316691c5ba41a4571b1461a3186,cdd7bb0e1f148a950e1f3a53f5431efe279ab88e271bffe97cc853c83d15ab1a,C#CCCCC(=O)NCC1CC(Nc2nccnc2F)C1,C#CCCCC(=O)NCC1CC(Nc2nccnc2C#N)C1
2ed98e07ca90b1efb722c6ac6f200429a7889d68e9402eb914556aedb909ac8d,f1d00873a21a2385f03f7ae87e5921b94fde7dbaadeff97ea389424c89624146,CC1C[NH+](C[*:1])CC1NC(=O)c1ccc2cncn2c1,CCC[*:1]>>CC[*:1],CCC[*:1],CC[*:1],43774,47596,1,1,1.0,19,3,2,22,21,45,20+,OC[*:1]>>O[*:1],9ea627533b4ac9ce82c239c1111ba97e3a52fc6cdaf88c824ca8daab62b5a760,c7b49870c094c369d04ba6acff16fea6b3c4568aeb899e5c8a21bae701282545,CCCC[NH+]1CC(C)C(NC(=O)c2ccc3cncn3c2)C1,CCC[NH+]1CC(C)C(NC(=O)c2ccc3cncn3c2)C1
9f979347528ea78d48aa9f87ea63b0857da6e46150b1974b7486542e22d22960,32592583eb17377fe22d98cbc8e9f4edd8a73d97b1ad1b36927cd06f43136c82,O=C(CCc1nccs1)NC1CC[NH+]([*:1])C1,CC(C)(C)[*:1]>>CC[*:1],CC(C)(C)[*:1],CC[*:1],25460,44858,1,1,1.0,15,4,2,19,17,45,20+,C[*:1]>>OCC[*:1],9c9681412b6321c464d03a58f02c7b60333c947a6b46caa27caa7162b69f17b4,56e7b2692222766dd2f6398985b57bf53a18bd775fabfa4c6d7125b3e8f80990,CC(C)(C)[NH+]1CCC(NC(=O)CCc2nccs2)C1,CC[NH+]1CCC(NC(=O)CCc2nccs2)C1
11babe46e6ea1be97e1523d853f3a2e674e3eeb62ca2dc7ce8bd7ccfdefa63f4,55f26bd2a204a3dd18830bcefb58ac0c4a15796256b0d830d04f212e1ef74838,CC1CNc2c(C(=O)NC(CO)C[*:1])cnn2C1,CO[*:1]>>FC(F)(F)[*:1],CO[*:1],FC(F)(F)[*:1],27615,34158,1,1,1.0,17,2,4,19,21,42,20+,CC(C)C[*:1]>>CCC(C)[*:1],14262677c242b74de09dbad0f1cc3bf7aed7a2865308add4f31bfcd6929035fd,c29025b03c6095b20797ea1d5943cff6bdcfe63e6b21ab284806d79ae709e798,COCC(CO)NC(=O)c1cnn2c1NCC(C)C2,CC1CNc2c(C(=O)NC(CO)CC(F)(F)F)cnn2C1
fb7d4ad63a314d23eb96a35c0443648f837c0f8e4525eba9b2f83d5d8ad9bd47,a92c938f55df205dc825ead8a98db12888316ca3024e00b278066852a8c469d2,CC1NC(=O)CN(CC(C)[*:1])C1=O,CC(C)[*:1]>>CO[*:1],CC(C)[*:1],CO[*:1],44402,18318,1,1,1.0,12,3,2,15,14,42,20+,Br[*:1]>>Cl[*:1],b2780c51c62fe4aaf693a9b2e7a77263cb8e71414bdfcc9f570ca849bc750528,7b46e5508554d5c44a9c6b9536d0415cfe97afa7d20b4b2498c4919e07952186,CC1NC(=O)CN(CC(C)C(C)C)C1=O,COC(C)CN1CC(=O)NC(C)C1=O
46fecd2383594e69da3ecb93f05aa3a41c4825f3551f7b88d56fecb8cef4f52e,85ba36e6eeac47c3ea18a063aa3919691de7b288a2d9e4326bd58b6993c22c9b,Nc1cc(Cl)cc(F)c1Nc1cccnc1[*:1],CO[*:1]>>N#C[*:1],CO[*:1],N#C[*:1],5865,34774,1,1,1.0,16,2,2,18,18,42,20+,C1CCC([*:1])C1>>CC(C)[*:1],0b8044dc66323d778e94a46aa19c44808e08a3e26632a4cab7c30b2477fd09c6,f08c34ae4607bb78a5868aa82a50172a916986cb52959b64bfed49b5a02d257f,COc1ncccc1Nc1c(N)cc(Cl)cc1F,N#Cc1ncccc1Nc1c(N)cc(Cl)cc1F
d8c213e44405e509d4d0594c80f5a33424720a3f4a7475bdd59a5fe6df4f0c8e,4284cc3317590149efe4d193420b0018a104d9b51606f370aacfddb2f20ca12d,COc1ccc(Cl)cc1C(=O)NNC(=S)Nc1ccc([*:1])cc1,C[*:1]>>O=[N+]([O-])[*:1],C[*:1],O=[N+]([O-])[*:1],26698,36951,1,1,1.0,22,1,3,23,25,41,20+,C[*:1]>>Fc1ccc([*:1])cc1,ad22e89cc9b1e904eeeb87ecf666acb9cf92e39794bd0302be975dbee2f0b0ae,f25e366d2dd59714c3ac98f554b23ca002d4d0dd63a741a2ae247b495fa02621,COc1ccc(Cl)cc1C(=O)NNC(=S)Nc1ccc(C)cc1,COc1ccc(Cl)cc1C(=O)NNC(=S)Nc1ccc([N+](=O)[O-])cc1
8b0c6d0c962bf3895e956d32d39f217702d97acf7d44aa773450660529401b69,979a6ab8d53c3da218ff4ce40f7bb774db80be4fe3ab46e596475d6b3cd1b3b2,Cc1n[nH]cc1CN1CC(C)[NH+]([*:1])C(C)C1,COCC[*:1]>>C[*:1],COCC[*:1],C[*:1],15730,22173,1,1,1.0,15,4,1,19,16,40,20+,Clc1ccc([*:1])cc1>>c1ccc(C[*:1])cc1,bfdeb48756a3d44296bc0d3ead27a4ec5f802cd80f904069bc1fcfcc8b5dce11,7682eeb689a5b4783435b8aab3c10d9d9c24e9ef4dae508ca99c0893d3e9b431,COCC[NH+]1C(C)CN(Cc2c[nH]nc2C)CC1C,Cc1n[nH]cc1CN1CC(C)[NH+](C)C(C)C1
546797d8c36330426d2b1ecdf5bc62fbbb4d6e5d327e4b03b8aa8bd160e2bce5,08d7757e37e3f4e1435ce5ae8958ecc49a91be125926faabae856dc21a0c5919,Cc1ccc(C(=O)Cc2ccc3c(c2)CCC3)cc1[*:1],Br[*:1]>>CO[*:1],Br[*:1],CO[*:1],49778,24462,1,1,1.0,19,1,2,20,21,40,20+,C=C[*:1]>>CC[*:1],a32e9ec994cc585afb5f0f321056c6907c0c0a8f417023f7324e192e3c4febcc,db23c51f169a4714addca90c86995e7f58e4cdace3fca881107047cc583b00d0,Cc1ccc(C(=O)Cc2ccc3c(c2)CCC3)cc1Br,COc1cc(C(=O)Cc2ccc3c(c2)CCC3)ccc1C
36b1ab7cd18a842962718cb03e7b3490de3efed6637a91a9b88252c8c15957aa,65f709c6a3b4e5b124b52968f25d1c71af49b7b03a4cb4f4214037bf8c421853,C=CCn1c(SCC(=O)N(C)C[*:1])nnc1-c1ccccc1OC,Fc1ccc([*:1])cc1>>c1ccc([*:1])cc1,Fc1ccc([*:1])cc1,c1ccc([*:1])cc1,48671,925,1,1,1.0,23,7,6,30,29,40,20+,COC(=O)[*:1]>>F[*:1],4de59d1d377210fd96b8cbf81543bdbeba67875b7c811c710dda3404cee64384,17eb23776944a91e15ba596fba7732ae826b65192a5ee440030a013de9e8b1a1,C=CCn1c(SCC(=O)N(C)Cc2ccc(F)cc2)nnc1-c1ccccc1OC,C=CCn1c(SCC(=O)N(C)Cc2ccccc2)nnc1-c1ccccc1OC
a28b7798b6394a3216355de7371f058af23115625215823e5f92c4d43443e824,452489ac8b3db2abfae8ca76f36782c34bce0d551dec8c53c56886c4797fca64,CCC1C(=O)NC(C)C(=O)N1C(C)[*:1],CC(C)C[*:1]>>CCC[*:1],CC(C)C[*:1],CCC[*:1],41011,41204,1,1,1.0,13,4,3,17,16,40,20+,C1CC1[*:1]>>C1CCC([*:1])C1,59c9ce1bf240d9f4444f4f0c25533c966ac29f72f7e0dbd5eeab81e3dc925e92,7ae65087acef57d2d793c50458eafbad4282dcc49ed9f69d5c681c3a1cfc2817,CCC1C(=O)NC(C)C(=O)N1C(C)CC(C)C,CCCC(C)N1C(=O)C(C)NC(=O)C1CC
ee4d00036902d4cb79ff940495b48eebb547feda2ccde57eff529b88265dfea1,e10c65fdbdd7756fc429daff2eadb3fc147585a89e0592da4df513ea9b9f9f9f,Cc1csc(C2(NC(=O)c3ccc([*:1])nc3)CCCC2)n1,C[*:1]>>NC(=O)[*:1],C[*:1],NC(=O)[*:1],27630,16465,1,1,1.0,20,1,3,21,23,39,20+,CC(C)(C)[*:1]>>CCC[*:1],b0423926c01c8e5ecddd47115062b0ab95e36abc780f58f6bf1353830d97a8cf,e4d907b862673c7e9877cfd5185a9a28aad88c08b54e42200fa1022eef3e1fde,Cc1ccc(C(=O)NC2(c3nc(C)cs3)CCCC2)cn1,Cc1csc(C2(NC(=O)c3ccc(C(N)=O)nc3)CCCC2)n1
df3d2f48cf601c22f2d39236afdf926c128bcec7584dea4a368ed12c72158ade,e856e59fba86808aaafea5f381a37afba047c38bd9d3966841bdff2187371c5d,CCC1CC([NH2+]CC2(C[*:1])CC2)CCO1,CC[*:1]>>OC[*:1],CC[*:1],OC[*:1],26083,45288,1,1,1.0,14,2,2,16,16,38,20+,CC(C)[*:1]>>CO[*:1],806e8c95732ce8d18a4d11b7fb4350f4ff44ee073f0a731f6a605e0cc7b696b3,e9476412dacfab15e6229151a6d27b2b94e9a82aaced3332892d0750eb86d489,CCCC1(C[NH2+]C2CCOC(CC)C2)CC1,CCC1CC([NH2+]CC2(CCO)CC2)CCO1
556eeedfd7ed92649a7d567c42fa5e1182cb30d6aa682f0e52b00b212ad203b8,affa2c24e7466a2aa4012b21ebbf7ae3b8ceb9507542a7a8b26861239416294e,NC1C2CCC(C2)C1C(=O)NCC[*:1],CC(C)[*:1]>>COC[*:1],CC(C)[*:1],COC[*:1],6236,29970,1,1,1.0,13,3,3,16,16,38,20+,C1CCC([*:1])CC1>>CC(C)(C)[*:1],a83c914ebd6d91ba72b44c03894e0d99c86372128d6bdd0230136f11b09b0176,86c04f870e8d7b07ab65a9209868ebb405d0c3329a050c04f9814f25061e2fa5,CC(C)CCNC(=O)C1C2CCC(C2)C1N,COCCCNC(=O)C1C2CCC(C2)C1N
18453cca06bbf511d0f0528fe8ca93ebd568ad6fa1fe70b4b9182d60723ed169,3947ce2b778ae5ecd3d89b3856c15201501094b04c9c1f660f4bad1521775899,OC1CC2CCC(C1)N2c1cccc([*:1])c1,Br[*:1]>>O=[N+]([O-])[*:1],Br[*:1],O=[N+]([O-])[*:1],42323,24743,1,1,1.0,15,1,3,16,18,38,20+,CN(C)[*:1]>>CO[*:1],89a79887ee5f28225716340e18f86f844a0ec5bdba70efcb719d7c09c94de4dc,fc1cb7f924c3304c13c770bcdf1168f1cee3776b18137e8426176f59dba7f311,OC1CC2CCC(C1)N2c1cccc(Br)c1,O=[N+]([O-])c1cccc(N2C3CCC2CC(O)C3)c1
afec9445fb65db614517d7d4ccc07f2a087d02d1064c1df6e505f29ad7500772,0de3bd20c28e15cc58fb8f3f819f2edb48a0343dd8941793281db3e3e19f2d62,COC(=O)c1cc(C)c(Nc2cc([*:1])ccc2F)cn1,C[*:1]>>N[*:1],C[*:1],N[*:1],33243,39166,1,1,1.0,19,1,1,20,20,38,20+,CC(C)(C)[*:1]>>c1ccc([*:1])cc1,0daa4ae65b86de69ca9890d2f1dbcd3068c30868febfcd13add9fe24f21a7d5f,7cac8df4b064482cc23b00b2386f14fddabe5875d6ca800e7e65b9298d980e43,COC(=O)c1cc(C)c(Nc2cc(C)ccc2F)cn1,COC(=O)c1cc(C)c(Nc2cc(N)ccc2F)cn1
1f6bdde8810b5c5888aec81933479fff46c026976625de22c4aa2adef4a5d790,5a05539f59b0c07f1f9b3eeea542c16f47d14a49e4aa17a2df04b5c902c07a3e,CC(C)Oc1cncc(Nc2c(C#N)cccc2[*:1])c1,F[*:1]>>O[*:1],F[*:1],O[*:1],47903,13450,1,1,1.0,19,1,1,20,20,37,20+,C1CC([*:1])CCO1>>CC(C)[*:1],2b04fc6ce0d3323698f460569343ddb47efa048163388f26d0f8943b7e704473,728c1e650d07743b7df60bfda4a1594270cc72a8771db51b0a97aae691af5aff,CC(C)Oc1cncc(Nc2c(F)cccc2C#N)c1,CC(C)Oc1cncc(Nc2c(O)cccc2C#N)c1
c1393ae601970017d4fa64f8504f7e8d8b6b5798a153b92dd593b24163939a98,5443a9ac4cce4dc3ee3c9c6043bec6f7f59432fbbbfcde68e961a8c86496ce74,O=C(c1ccc(=O)oc1)N1CCC(CC[*:1])CC1,C[*:1]>>O=C(O)[*:1],C[*:1],O=C(O)[*:1],45542,9974,1,1,1.0,17,1,3,18,20,37,20+,CC(C)C[*:1]>>Cc1cccc([*:1])c1,ec7194b08570352a6684adb14f37e974acef2ae00b661af32ba041cb51e7ee03,c7f20b1c1a2e9e7c4acb534bda0d118e31951009ce684b2f603dcd00cfd46663,CCCC1CCN(C(=O)c2ccc(=O)oc2)CC1,O=C(O)CCC1CCN(C(=O)c2ccc(=O)oc2)CC1
f0b74f72e2ae35f46f752032c11f2d8555ed068bb02302257d55ca4524711bf6,c91be818c987db611382e193ae4337254a0fe40d3c77d7d0c1c86edbf265930e,Cc1cccnc1NC(=O)NC(C[*:1])C1CC1,COC(=O)[*:1]>>O=C([O-])[*:1],COC(=O)[*:1],O=C([O-])[*:1],3367,25839,1,1,1.0,16,4,3,20,19,37,20+,C[*:1]>>c1csc([*:1])c1,e6d5b569691fbaca67a3c3efa2b0226c8546a27adc514de5f83698ecb05ce958,cb712b474b2aa69444bfaac797a16ba61927faba13f2798cc9b46785380aab62,COC(=O)CC(NC(=O)Nc1ncccc1C)C1CC1,Cc1cccnc1NC(=O)NC(CC(=O)[O-])C1CC1
e28984e824179bfa30c7e4d9f6d0e820557e7e9e69aee0974a9539b818be34e8,e8379ca40995752efe6f8dd05f959c51b774adc7deff63826705b9b64110a70f,CCOCCN1C(=O)C([*:1])NC(=O)C1(C)CC,CC(C)C[*:1]>>CCC(C)[*:1],CC(C)C[*:1],CCC(C)[*:1],585,38173,1,1,1.0,16,4,4,20,20,36,20+,Cl[*:1]>>N#C[*:1],4eaf71f4dbd73b68517b059c45d33bc06211230cfa6cdcd8227dc0ed85de8155,899571526d358106432eedcc72ff9daae1deab9373dccec596fd885d13c3c8da,CCOCCN1C(=O)C(CC(C)C)NC(=O)C1(C)CC,CCOCCN1C(=O)C(C(C)CC)NC(=O)C1(C)CC
d3b7f6fc85d867b683eb2c18b12f4defc1cf662cea0c27ca6bde064e43a5ceb1,e127263a4e5d7121ee8f8cd56a53c5bf42ecd31ddd93c003ac68a77d7518b85b,O=C(Nc1nnc([*:1])s1)N1CCc2cc(Cl)ccc2C1,CC[*:1]>>FC(F)(F)[*:1],CC[*:1],FC(F)(F)[*:1],41863,3458,1,1,1.0,19,2,4,21,23,36,20+,C1CC1[*:1]>>c1coc([*:1])c1,81b776104656a91851682c9d86afe4ef02adc8bdbb9170eb40f77d5c295b0b1d,41b8a8b4df837741c080cfd032d11b092c8068e4a59292e89661bf167a1d708c,CCc1nnc(NC(=O)N2CCc3cc(Cl)ccc3C2)s1,O=C(Nc1nnc(C(F)(F)F)s1)N1CCc2cc(Cl)ccc2C1
5e3f613ebbfe9185d7cc54ba1cf19328f3a1474af3fca5ab95a5f9ef1b42473c,c9708625ef076ae02218e0bff604cbc05bdfbab499d04f0839a51abccce2e4f5,CC(C)C1CC(NCC2CCCCC2)CN([*:1])C1,COC(=O)C[*:1]>>C[*:1],COC(=O)C[*:1],C[*:1],44404,9867,1,1,1.0,17,5,1,22,18,36,20+,C1CCC([*:1])CC1>>CC(C)(C)[*:1],75abbeec1b8958d85b6e63e754de898cc504a14e91e660b4f602d0829aa5af5c,1daaec201f30955fe93f389520748a9eb4407b32f0d10d547402c8ed5a79e2a9,COC(=O)CN1CC(NCC2CCCCC2)CC(C(C)C)C1,CC(C)C1CC(NCC2CCCCC2)CN(C)C1
21f473cebb440c568e552337f3d6e2ec39cce26bc488e3bf28f003cf0d805728,978c4c2be0ebb807a3c3e040737464c3ef73960845f1ec3beb7d6e542af13df6,O=C1CC(N(Cc2ccc3c(c2)OCO3)S(=O)(=O)c2ccc(F)cc2)C(=O)N1c1ccc([*:1])cc1,Cl[*:1]>>N#C[*:1],Cl[*:1],N#C[*:1],14758,31709,1,1,1.0,34,1,2,35,36,36,20+,CC[*:1]>>Fc1ccc([*:1])cc1,3181ff25896ca01e8f086bfbe8e7bd60cbb69ccc8934952d4822bd8a35b53783,deb8b2655abb3b2a774ea9e87c3d44e190ab4840466f066ee1afe9b3891533f8,O=C1CC(N(Cc2ccc3c(c2)OCO3)S(=O)(=O)c2ccc(F)cc2)C(=O)N1c1ccc(Cl)cc1,N#Cc1ccc(N2C(=O)CC(N(Cc3ccc4c(c3)OCO4)S(=O)(=O)c3ccc(F)cc3)C2=O)cc1
e71f9eb4e3f9248abbd583b44d602f3c635345295a10805e36d07621b7b53447,a73738daa615ce359c0a291d3a568c94f35f057d96521ea7d5edf2caf2e690c5,O=C(O)COc1cccc2c1OCCN2CCN(C(=O)c1ccccc1)c1ccc([*:1])cc1,Cl[*:1]>>O[*:1],Cl[*:1],O[*:1],20382,32281,1,1,1.0,32,1,1,33,33,35,20+,CC[*:1]>>COC(=O)C[*:1],6b5af0a48be9ed8dd61dfec6f2548c41590ef8685013edc1630cb5bd98907abe,24130543feef6cb1260f527068ddd871173382ab945b1273853d362f20d84e33,O=C(O)COc1cccc2c1OCCN2CCN(C(=O)c1ccccc1)c1ccc(Cl)cc1,O=C(O)COc1cccc2c1OCCN2CCN(C(=O)c1ccccc1)c1ccc(O)cc1
63fe930f6c68eb0f44caaf6f584a32c1bc75ac6e743bb76d70c5eef0cac2237f,9eed324758938b84dfafaa46fd132d1fe5a176d5a4c0e5a7a657e9efc6b1e53f,CC(C(=O)N(C)CCC1CCCC[NH+]1C)c1ccc([*:1])cc1F,F[*:1]>>O=[N+]([O-])[*:1],F[*:1],O=[N+]([O-])[*:1],48013,47166,1,1,1.0,22,1,3,23,25,35,20+,COC(=O)[*:1]>>O=C(O)[*:1],4f477bb948fa257ff4acbba0f64bdc99f1c15bee3be384d51dcf79eb5534c656,2bf528016f90b0b57da299e785b3b0478af30fa7c8e140474999239d7c435015,CC(C(=O)N(C)CCC1CCCC[NH+]1C)c1ccc(F)cc1F,CC(C(=O)N(C)CCC1CCCC[NH+]1C)c1ccc([N+](=O)[O-])cc1F
d3926ed0e3f66da137b1731fa3889352eadbad8364e96b0b84314405a6712d8d,af67fb682bd149a95e0fa81bf1728cbd0929fadec9c6afafa7d8dc018925c863,O=C1C2CCCN2C(=O)CN1c1ccc([*:1])cc1,CC(C)[*:1]>>FC(F)(F)[*:1],CC(C)[*:1],FC(F)(F)[*:1],31408,37168,1,1,1.0,17,3,4,20,21,32,20+,C[*:1]>>Cc1cccc([*:1])c1,37d5ce57f99f9c1cd36469e61bd37be1d21f964ca525fa87ca9d1c0d4ef20852,1ab19fee3432799a6dfbe5443fad88bd90be0997992a402090f26a4e8cb06d3c,CC(C)c1ccc(N2CC(=O)N3CCCC3C2=O)cc1,O=C1C2CCCN2C(=O)CN1c1ccc(C(F)(F)F)cc1
f5d797eb1bfe6cfd8ba14a794f830afb1ef42e9da72e4883ad8ebfa3980315fa,017ab2be2569cbad090f65dadb48e15349944fdf5b1ed1c9cb5bd6479b379929,COc1c(C)cnc(CC(c2cc(Br)c(Br)s2)[*:1])c1C,CN[*:1]>>N[*:1],CN[*:1],N[*:1],34614,612,1,1,1.0,19,2,1,21,20,31,20+,OC[*:1]>>O[*:1],07c0c096dd09b7928c7aa7b2339b7193138c8c4ff1b177d804ea1a964a67061a,43cf4c7b554da49be35614ca7f9020a57812394313acf53fad447a9b83dc10cb,CNC(Cc1ncc(C)c(OC)c1C)c1cc(Br)c(Br)s1,COc1c(C)cnc(CC(N)c2cc(Br)c(Br)s2)c1C
4514b21840a8067d361f228e377c769d4daec14766f2b04d3530ade88be4407b,6af1fff16af89662f4a4d189fcef4f6a1b5272cb4d6757946624f8a6e84a3cda,CC1CN([*:1])CCN1C(=O)c1cnc[nH]1,Fc1cccc([*:1])c1>>c1ccc([*:1])cc1,Fc1cccc([*:1])c1,c1ccc([*:1])cc1,7923,29350,1,1,1.0,14,7,6,21,20,31,20+,C1CN([*:1])CCO1>>CO[*:1],98b1933b7df623493bf2523f6ebefc413112dd004ac36fc73147d7762e6d796f,300da51cd9854ac66d2e83e81a708da80f9c49ef9f3119d39abce9be3d3296a0,CC1CN(c2cccc(F)c2)CCN1C(=O)c1cnc[nH]1,CC1CN(c2ccccc2)CCN1C(=O)c1cnc[nH]1
2b8609cc34843719b568187c296becf400fb8392aa88cf1dc7d377937f6a2e39,f5314b0d82571545d6f46ea98d8f7988e4af40fd7a4ccef14761afdef4e6da9c,CC1CCC(=CC(=O)OCc2cccc([*:1])n2)C1,CCO[*:1]>>CO[*:1],CCO[*:1],CO[*:1],1759,43594,1,1,1.0,17,3,2,20,19,31,20+,Fc1ccc([*:1])cc1>>Fc1ccccc1[*:1],00ffe700645e79e02ffb38a856ce13454dd084a6292da51bb59de7b66b68a74c,f3b4a47e3d96206374101b9c5dbfc6b8eba13761bf509576ba0ec295ecc46658,CCOc1cccc(COC(=O)C=C2CCC(C)C2)n1,COc1cccc(COC(=O)C=C2CCC(C)C2)n1
6a261a2263358c9ed9d48f6c5a8c788cf30fa513dd00770b475929f66c038b38,be459b221a2f534f4d9f17abe19eccf9353d18de97dfff4b89ff5af5e752e9c0,O=C(Nc1cnn(C[*:1])c1)c1ccnc(CO)c1,COC(=O)[*:1]>>CO[*:1],COC(=O)[*:1],CO[*:1],2180,10672,1,1,1.0,17,4,2,21,19,31,20+,CC(C)C[*:1]>>c1ccc(C[*:1])cc1,ad6fb69c11d36ce1d3ecbe8c69278257d640354beee9e6c3317eb12162b49ac5,8b301bb36c8aa66b54369a31ce8cd12a4d86ed4198fa733102770e60febf9f73,COC(=O)Cn1cc(NC(=O)c2ccnc(CO)c2)cn1,COCn1cc(NC(=O)c2ccnc(CO)c2)cn1
4d22849d0801b785a7169ca6b1bf98694b42f63f881a5bf4dfe37117693e3948,48217cce5c7160e643d92dc54143dc4709acd34655ea8401595112000f38a9d8,O=C(CCc1ccc([*:1])cc1Cl)Nc1ccc(N2CCCC2=O)cc1,Cl[*:1]>>O=[N+]([O-])[*:1],Cl[*:1],O=[N+]([O-])[*:1],34423,5114,1,1,1.0,24,1,3,25,27,30,20+,N[*:1]>>O=C(O)[*:1],200fd5d5ba91a2456734ea601bbe5139cef183310c4e52f78bae618432947795,1cc4bd6f5954fd2c7aa3a5ff96c930399591fc7bc0b7d8ba90b331417437098f,O=C(CCc1ccc(Cl)cc1Cl)Nc1ccc(N2CCCC2=O)cc1,O=C(CCc1ccc([N+](=O)[O-])cc1Cl)Nc1ccc(N2CCCC2=O)cc1
85ba51d182b186a48706b689eee694fa1387c19585eae7101d1b023234cd673f,8dc4a526ee818841537125705f4938806933c1c649b26855743e5873973e002d,C1CC(CC2CCOC2)CN(c2nnnn2CCC[*:1])C1,FC(F)(F)[*:1]>>F[*:1],FC(F)(F)[*:1],F[*:1],37895,27525,1,1,1.0,20,4,1,24,21,30,20+,C1CC([*:1])CO1>>CC(C)[*:1],9a27505fbdc5b2e8e801805b46cf14062de7a24b9b939218d7e14d1ab588654b,2e94b3e19deed72970a42fdf89b36e732403cb2fd4d238cc76c701c859e4f09c,FC(F)(F)CCCn1nnnc1N1CCCC(CC2CCOC2)C1,FCCCn1nnnc1N1CCCC(CC2CCOC2)C1
5d6205ecc0c1fa0d68fe794d7310e5c99f9177ea688d62d14ed7e1b0af95fc7a,e02784dacb119e283c27a28273bb29d917b5589c78fcde338d2fe5048ff7f045,Cc1cc(C)nc(-n2cc(C(=O)N(C)CC(C)[*:1])c(C(C)C)n2)n1,CC[*:1]>>COC(=O)[*:1],CC[*:1],COC(=O)[*:1],9878,44431,1,1,1.0,23,2,4,25,27,30,20+,C1CC([*:1])CO1>>CC(C)[*:1],1ab4cbfba40a63bc0c245e15db4d4706c9c3f5d369df4e4f2c47f1bda6600059,f3d2d89e20f4e916cf691e49cb2cd91f45a08a51ce895f732de7c4bd0f8b4495,CCC(C)CN(C)C(=O)c1cn(-c2nc(C)cc(C)n2)nc1C(C)C,COC(=O)C(C)CN(C)C(=O)c1cn(-c2nc(C)cc(C)n2)nc1C(C)C
ff9b7902a3f4388887fcbe0bcca930ff3728a91c89edf1de8694445b76dc983d,0d7ce959a919156b22176aeeca96a6d311b3f3073a4b629de419770114d9d590,O=C(NC1CCOC2(CCOCC2)C1)C(c1ccccc1)[*:1],CN(C)[*:1]>>C[*:1],CN(C)[*:1],C[*:1],13420,20796,1,1,1.0,21,3,1,24,22,29,20+,Cl[*:1]>>FC(F)(F)[*:1],a4f71d9b959fd98f362b62a34211ce2d1c5e72b6cdd157987bb63f5d38504d76,c25494ff8bf0a1ca9d399c0d7312374f75daa8da574d8ed031a0027ee6ffc82d,CN(C)C(C(=O)NC1CCOC2(CCOCC2)C1)c1ccccc1,CC(C(=O)NC1CCOC2(CCOCC2)C1)c1ccccc1
c217eb5a96884f5fba2d64ca372a032faea4b593fcf7a0f3a4dfb7666c713eb2,3600de782d9145efb48d39cdefc96a1b60d068251d3ac8ae233fffe16524bab8,CCC(C)C1C(=O)NC([*:1])C(=O)N1CC=C(C)C,CC(C)(C)[*:1]>>CC(C)C[*:1],CC(C)(C)[*:1],CC(C)C[*:1],23341,26402,1,1,1.0,17,4,4,21,21,29,20+,NC[*:1]>>O=C(O)[*:1],c4511889e8adfd96b334300ac3a1921e7d28002ce972f37ad6a2d515cd1540aa,f91c775369b9fd8f7f19edf49abe076b587469c71c3bc9e62687dfdf6d6b46b9,CCC(C)C1C(=O)NC(C(C)(C)C)C(=O)N1CC=C(C)C,CCC(C)C1C(=O)NC(CC(C)C)C(=O)N1CC=C(C)C
2a091281ec077323a2ba41a0fe9314f46606626508c6ef4bbe595cf4edfdab87,ffcf775c0ca14223df51c8c6efdc2e04306e61e2c3084035cb7d36345aa6a55f,O=c1c2ccccc2sn1-c1cc(Cl)ccc1[*:1],N#C[*:1]>>O=C(O)[*:1],N#C[*:1],O=C(O)[*:1],12011,30191,1,1,1.0,17,2,3,19,20,29,20+,Br[*:1]>>F[*:1],4a53f2f159d116619c9200c7b5bcd54a5a30ddb6b23f0d4a79fd7dff295594d6,838240256d7f9e17443d42637d600fef73c2eaca72a8af8b178757402be2b2b5,N#Cc1ccc(Cl)cc1-n1sc2ccccc2c1=O,O=C(O)c1ccc(Cl)cc1-n1sc2ccccc2c1=O
01ee3d6c2252872cee69ce1ba5465fef7cf38929c439ed8ee4425a7e69ed69de,fb8851c71f611121c56ae6110c8729a58569d6882f876cfd69d23ffbf37a2bdc,CCn1cccc1C(=O)NCC([NH2+]Cc1cnc(C)o1)[*:1],CC(C)[*:1]>>OC[*:1],CC(C)[*:1],OC[*:1],46465,25943,1,1,1.0,20,3,2,23,22,29,20+,C[*:1]>>c1coc([*:1])c1,f9ffb523a0d00339e5d78cdf9ff77e48bd52bdd53e3212c661dc959e2f89017c,1265f14dc908a280cea471e2b8836dccb58011faa9dd18fcab636d6e5e0535a2,CCn1cccc1C(=O)NCC([NH2+]Cc1cnc(C)o1)C(C)C,CCn1cccc1C(=O)NCC(CO)[NH2+]Cc1cnc(C)o1
2c69d06f77066ddb98b03a26d16f861ce8b6d3f82732f402e9c54b957bb9e509,4d628e6e2c754354a02fe6254e0408483d17404aa92eb71133fda1ccc2545823,CC1SCCC1N=Nc1ccccc1[*:1],Cl[*:1]>>FC(F)(F)[*:1],Cl[*:1],FC(F)(F)[*:1],1912,17466,1,1,1.0,14,1,4,15,18,29,20+,C=CC[*:1]>>CC(C)[*:1],0cb788f66f4391f4ba034d6fa7bc522a3adbd614b1bffdd4fa0f51e7e3c72598,1bff6843e819a66b711f8362bc026a89cecda153277eee7d3a5b5960f93bc2bb,CC1SCCC1N=Nc1ccccc1Cl,CC1SCCC1N=Nc1ccccc1C(F)(F)F
32cb85fa3f828945ccdca886327f11295cef64a62f49c2c2d33c2096864a3975,692676c73b73becbff43070409b7f278b67974684d36b04e24fe1193808fde5a,CC(C)COc1cccc(OCC(=O)NCC2([*:1])CCCC2)c1,COC(=O)[*:1]>>OC[*:1],COC(=O)[*:1],OC[*:1],27465,28093,1,1,1.0,22,4,2,26,24,28,20+,C[*:1]>>O=C(O)[*:1],f60b8b1907a3d223890cf7d117c0fdf77e707f8bef1342809890699e7990ae93,2ad4e1f3f299c66ead7ce0decaf299c8e3e70338051040795b59008662b8a43a,COC(=O)C1(CNC(=O)COc2cccc(OCC(C)C)c2)CCCC1,CC(C)COc1cccc(OCC(=O)NCC2(CO)CCCC2)c1
9b0a1c37435c54c816b29d8ec1219332709deb72332fc8ce0a3deb41dc8750d8,34559bee346701b3a690c771e12cec580022df1190eb7e8f5dcc5e3bc3fa4183,O=S(=O)(c1cc(F)ccc1O[*:1])N1CCCCC1c1ncc[nH]1,C[*:1]>>FC(F)[*:1],C[*:1],FC(F)[*:1],44979,42234,1,1,1.0,22,1,3,23,25,28,20+,Br[*:1]>>O=[N+]([O-])[*:1],12264f63c91d3cb20ff59b6317f7613c508c68fc3166fa19801c7b9223439286,3d92f75bc41272c0ad703621ea2d18ec121ecf44158e4f1489ee5742683309b8,COc1ccc(F)cc1S(=O)(=O)N1CCCCC1c1ncc[nH]1,O=S(=O)(c1cc(F)ccc1OC(F)F)N1CCCCC1c1ncc[nH]1
b39790e448ad349681db16a04649dfdd818671ce487364cbaf68fa5b072c7b36,ed63fce37a2f09779b6b30523f0f3c920ae8cef40c36505d82c184641796910e,CC1C[NH+](Cc2ccccc2)CCC1NS(=O)(=O)c1ccc([*:1])cc1,CC(C)[*:1]>>FC(F)[*:1],CC(C)[*:1],FC(F)[*:1],15349,44856,1,1,1.0,24,3,3,27,27,28,20+,Fc1ccc([*:1])cc1>>c1ccc([*:1])cc1,0e13b5ee465089438fbeb9d8c518654318c6d552d4e657489e86f25cf3e82f15,df27a93ed53d0b33cee6dc4837ad2c58c6488d22fbdd3df16266df314d217a3f,CC(C)c1ccc(S(=O)(=O)NC2CC[NH+](Cc3ccccc3)CC2C)cc1,CC1C[NH+](Cc2ccccc2)CCC1NS(=O)(=O)c1ccc(C(F)F)cc1
f6f44299eec39093668b961b34b90c2a40da5117b7dc8ae361a3c2fccd82c163,6881f32827a8910830d49382dd761d1548ac45f6819a8dd4b374b0a9f9ffbfa0,CCOc1ccc(NC(=S)NNC(=O)[*:1])cc1,COc1ccc([*:1])cc1>>c1ccc([*:1])cc1,COc1ccc([*:1])cc1,c1ccc([*:1])cc1,49775,44998,1,1,1.0,16,8,6,24,22,27,20+,C1CCC([*:1])C1>>CC(C)[*:1],0a9742ef835ce6c25e3403e1d005d7c3a77cff5be6c8421ff3cacb8a3b71c64b,4a09ad204d3804fa5800a08ad6df03f3704823c18cbb9a2360fc901c01cc6f87,CCOc1ccc(NC(=S)NNC(=O)c2ccc(OC)cc2)cc1,CCOc1ccc(NC(=S)NNC(=O)c2ccccc2)cc1
2540b6033e0b1157a90eefe581288a72b585109ae408f1b8539bcab61b7be8f8,48d6a1c1ac0fd16817b5bae7de6e1141b832325a283c6c52113af9cc1270b07c,Cc1cc(C(=O)NCC([NH2+]C(C)[*:1])C2CC2)on1,Fc1ccc([*:1])cc1>>Fc1ccccc1[*:1],Fc1ccc([*:1])cc1,Fc1ccccc1[*:1],12329,41134,1,1,1.0,17,7,7,24,24,27,20+,C1CC1[*:1]>>C1CCC([*:1])CC1,54237189b799635675434ee9ef6b1b7d23d7491d58cfc51367bcf113590d63a3,472df53353f309b99a505147250f0514af9779017d39e9214579ea40852ec941,Cc1cc(C(=O)NCC([NH2+]C(C)c2ccc(F)cc2)C2CC2)on1,Cc1cc(C(=O)NCC([NH2+]C(C)c2ccccc2F)C2CC2)on1
b5ef73fb16392ad4170251ed701e5d95778c7862704591999ad4bae9a03d76a2,d724499be34416fa4a84fb649725fb6b9cb43730ae10a298a870bbe82b0c2b9e,CC1CN(C(=O)c2ccc(-c3ccc(F)cc3)o2)CC([*:1])O1,C[*:1]>>O=C([O-])[*:1],C[*:1],O=C([O-])[*:1],47841,46990,1,1,1.0,21,1,3,22,24,27,20+,C1CN([*:1])CCO1>>O[*:1],d1a814d3e70ceb33dedb4e5a35f94d8ac5d448a64a728cfa8b70f2ca6acaf1ee,ee4ead88aba0efda1b5abb3d77ecce602d0a19935eb0deabbbf2b81ab0c29760,CC1CN(C(=O)c2ccc(-c3ccc(F)cc3)o2)CC(C)O1,CC1CN(C(=O)c2ccc(-c3ccc(F)cc3)o2)CC(C(=O)[O-])O1
bb76c5727edc2bc176a5c5603fc212493afc7ee2e0028f9951c27ec25150f818,59ab679fb85196b6ea9682abbf62d540b16e01aeaef94b01cf64edfe83d604ff,c1cc2c(cc1CC[NH+]1CCC(Oc3ccc([*:1])cn3)C1)CCO2,FC(F)(F)[*:1]>>N#C[*:1],FC(F)(F)[*:1],N#C[*:1],1810,2077,1,1,1.0,23,4,2,27,25,27,20+,CC(C)C[*:1]>>Cc1cccc([*:1])c1,1191e2d347a582115795eed662a4020d3178b609d0914e4c9a056fc23fff4b0a,605a0edf80323a142f1b293d46d2d8773f8fe4adfb821d73d009f579991c1578,FC(F)(F)c1ccc(OC2CC[NH+](CCc3ccc4c(c3)CCO4)C2)nc1,N#Cc1ccc(OC2CC[NH+](CCc3ccc4c(c3)CCO4)C2)nc1
3d8146b636f29e614eb9db644a9b28c6cc2f04837ea391687e7a50dc57076ca2,59852e8cbe68395bc2f25843981c85eaefc5a1b554e3feede62c7e78858dab1c,O=C(c1cncs1)N1CC(c2ccccc2)C([*:1])C1,COC(=O)[*:1]>>NC(=O)[*:1],COC(=O)[*:1],NC(=O)[*:1],31528,42646,1,1,1.0,18,4,3,22,21,27,20+,CC[*:1]>>NC(=O)[*:1],6169ae7ffb4392cd4aa38ffa31ca6aca490437ea534f6fb383f8cfba3942758f,0b1a3eb35b46e682ff063cf25d3d6897af4b596e404aa2dd33a0c2dc1d5acdd0,COC(=O)C1CN(C(=O)c2cncs2)CC1c1ccccc1,NC(=O)C1CN(C(=O)c2cncs2)CC1c1ccccc1
4a51dbd212559dc69a8263863776b9b47a52cb27d4aed1b9727089762a77655c,043a6e1c77cabf9c123f73996b9d401173fb4f8c090c4a9fdeb852d193bc0261,O=C1C(=Cc2ccccn2)SC(=S)N1c1cccc([*:1])c1,COC(=O)[*:1]>>F[*:1],COC(=O)[*:1],F[*:1],34320,377,1,1,1.0,20,4,1,24,21,27,20+,C1CC([*:1])C1>>CC(C)[*:1],08f441f4e7c013611a6c63db3066e0a0b916451a26ceef9902fb4264362ba31c,7ea610367dbb0708df33c18db530da45b14b3343592c49d983faeb9fffeb0250,COC(=O)c1cccc(N2C(=O)C(=Cc3ccccn3)SC2=S)c1,O=C1C(=Cc2ccccn2)SC(=S)N1c1cccc(F)c1
f0eecd1b5a3a3fe54bce0a35f90b102ef5b056b7a4504b8dc615cfb4e44807b8,1fba40a786f89c9a3f782089a2c55494a7b24ab480c0211ee3a96bfcb436696c,COc1ccc(F)c(Nc2cccnc2[*:1])c1F,Cl[*:1]>>N[*:1],Cl[*:1],N[*:1],5473,30017,1,1,1.0,17,1,1,18,18,27,20+,C[*:1]>>OC[*:1],79d5f702496cb14386bb37eed2e018e2ea5539b6d02199cfb1088055964ce5f1,2e4a0c5c57c281a11b510ca042e22f53056897c876b51f7c87ca59b0f62bd4ff,COc1ccc(F)c(Nc2cccnc2Cl)c1F,COc1ccc(F)c(Nc2cccnc2N)c1F
a23fca12da0125360dd55070c7f2afb9572f491ec91397ece6e7f80d0357ab72,303a51ac1bc451498c124a7709998c77556ce2c7946595ff57bd07186cac8281,CCC1(OC(=O)C[*:1])C(=O)OCc2c1cc1n(c2=O)Cc2cc3ccccc3nc2-1,CC[*:1]>>Cl[*:1],CC[*:1],Cl[*:1],37319,41488,1,1,1.0,29,2,1,31,30,26,20+,C[*:1]>>N#CC[*:1],64702a3ef720423ae49c7347d563d4deeeda24a7333163fdaaf28eb6941db71c,6bb214471547f96ecce7b8cb8f5807318c201e0f6297dfcda962d8f969165842,CCCC(=O)OC1(CC)C(=O)OCc2c1cc1n(c2=O)Cc2cc3ccccc3nc2-1,CCC1(OC(=O)CCl)C(=O)OCc2c1cc1n(c2=O)Cc2cc3ccccc3nc2-1
eb783a950e022c312d71a84a1912fc9996fbffc2ec17559d160296ad49db50a7,ff6ade32a42fdc04920fcd4c0b505cd40893e20c7617f68b44fa9e775e6d3e0e,COCCN1CCOC2CCN(C(=O)c3cn(C[*:1])nn3)CC21,C=C[*:1]>>C[*:1],C=C[*:1],C[*:1],7026,37940,1,1,1.0,22,2,1,24,23,26,20+,CC(C)[*:1]>>FC(F)[*:1],2da445c5367ab460e9cc702357a8674032b122ced36482debcffd3e2a614f805,f8d75b22bfdf85a3f8db59b471839755ddba8ee28bf98037eccf9709a39f0c48,C=CCn1cc(C(=O)N2CCC3OCCN(CCOC)C3C2)nn1,CCn1cc(C(=O)N2CCC3OCCN(CCOC)C3C2)nn1
e788a7da20ceb067d3dd6d8fc51917dfb2de8a7a7631d56add840b189c8861f4,76b44c2e356511fab4d01f4b0cf6aa444c124ea1aa580c365bddabcaa711da82,COc1ccc(NC(=O)N2CCN(c3nc([*:1])nc4ccccc34)CC2)cc1,Cc1ccc([*:1])cc1>>c1ccc([*:1])cc1,Cc1ccc([*:1])cc1,c1ccc([*:1])cc1,22209,12635,1,1,1.0,27,7,6,34,33,26,20+,O=C(O)[*:1]>>O[*:1],e8761b8b82875f191c1437e93643034242e52c81d828f13eb671e4939e633858,bd0f61fb39f1e102d39c6b59bcc21c40a53b5f46f190267e9a9b73b28c7b2a87,COc1ccc(NC(=O)N2CCN(c3nc(-c4ccc(C)cc4)nc4ccccc34)CC2)cc1,COc1ccc(NC(=O)N2CCN(c3nc(-c4ccccc4)nc4ccccc34)CC2)cc1
902be6d9cb70fad40de83ba1b6e30012fc1e06086476cc107a91b1cb9704b8f6,8cbbd41f398d8c2ad2c5aa10d850756bbef345543668026fdc29b34f05d127e0,O=C(Nc1ccc(C[*:1])cc1)C1CC2C=CC1C2,OC[*:1]>>O[*:1],OC[*:1],O[*:1],19964,27961,1,1,1.0,17,2,1,19,18,26,20+,NC[*:1]>>O=C(O)[*:1],f6b72807f828049d71e4f1a7216531edf1d5c288b563f5645ae8836d6d11c851,39387964e20240479e55ddcad071a3d8ab173e31e9a49b867070c561ba22bba0,O=C(Nc1ccc(CCO)cc1)C1CC2C=CC1C2,O=C(Nc1ccc(CO)cc1)C1CC2C=CC1C2
0432a252a7ba8072b6d8b715eb34cd52c5f24a516af48a38f2f350d6a087087f,8757020d8952936621fe5dbb91f8c72a69be2d851b09279b646a25ae83a62663,COCC(=O)N1CCC(NC(=O)c2ccnc(OC)n2)C([*:1])C1,CC[*:1]>>O[*:1],CC[*:1],O[*:1],14252,47607,1,1,1.0,22,2,1,24,23,26,20+,F[*:1]>>O=[N+]([O-])[*:1],65403da4e7d2a2390232862148433c5f926a8c14456876cbe14c84581693c88d,053ee3e16766919987e4caca51465be6a48e6b815f5a03e66c1fcd632f232b3f,CCC1CN(C(=O)COC)CCC1NC(=O)c1ccnc(OC)n1,COCC(=O)N1CCC(NC(=O)c2ccnc(OC)n2)C(O)C1
c6ec47fc77eb3230a0b01201024a3336800c7cdb1885bc8c62a9f27488ebf039,02525e222c78bee0a01d7a43d76072ce71e34818a2b374989fb2a0b71dee8a9c,CC1(C)C2CCC(C2)C1(C)NC[*:1],O=C(O)[*:1]>>OC[*:1],O=C(O)[*:1],OC[*:1],43230,2233,1,1,1.0,12,3,2,15,14,26,20+,CCO[*:1]>>CO[*:1],e92b65e4fe0d645e324b96915f61508b0f6099d227166331818f98a5301769e6,3733b337ef92174450e02f74ec10293a81597cf44643df141b5eb6c2c2e030cc,CC1(C)C2CCC(C2)C1(C)NCC(=O)O,CC1(C)C2CCC(C2)C1(C)NCCO
e5ab4c3aa07f2cdf0e331287efa579be79875b3901f0bab15f818a988c354b5b,0f5f63e3573cb55c1b03a951dbfc7273759d8f16ef1c50f8005e32818ca05455,COC(=O)c1ccc(C2C(C#N)=C(SCC(=O)N[*:1])NC(=O)C2C(=O)OC)cc1,Clc1ccc([*:1])cc1>>c1ccc([*:1])cc1,Clc1ccc([*:1])cc1,c1ccc([*:1])cc1,42636,1897,1,1,1.0,28,7,6,35,34,25,20+,Br[*:1]>>C[*:1],851dd89e25fbe113aef6315339b7300e2bc94bc735ebabd58555b9f3520b3709,09c73de900d297a81b1ef93973ab75b45baf1245fef095ac308adb8995d7fcfa,COC(=O)c1ccc(C2C(C#N)=C(SCC(=O)Nc3ccc(Cl)cc3)NC(=O)C2C(=O)OC)cc1,COC(=O)c1ccc(C2C(C#N)=C(SCC(=O)Nc3ccccc3)NC(=O)C2C(=O)OC)cc1
94a40c2dc1a66d1d2e13dedef904d5e86bca634bbb8ce55adaf3f7f5bdb4def4,36623ee667a9c84387cfacadfb0192c2d218e33f815902152e70a19fb65a652e,Cc1nc(CC2([*:1])CCC(C)C2)cs1,N#C[*:1]>>N[*:1],N#C[*:1],N[*:1],3046,16699,1,1,1.0,13,2,1,15,14,25,20+,CC(C)(C)[*:1]>>CC(C)[*:1],8ec843f05de70c5802b826ac7599d67885fc24736518303285c9bdc512febef2,aef274b202f56d82eed5491a07c2b7d125f30ec3dcd648bbc84c1f195bf74750,Cc1nc(CC2(C#N)CCC(C)C2)cs1,Cc1nc(CC2(N)CCC(C)C2)cs1
c88c958e0bb8c7e434e356ecf987eef74ad25d2dab50ac973abfbd7391e78686,6ca9dbfff650362eff3251c9b4bebdfb53c19283f3a25bfa7bf531fc1371d71b,COc1cc(C(C)[NH2+]Cc2ccccc2C[*:1])on1,CC(C)[*:1]>>COC(=O)[*:1],CC(C)[*:1],COC(=O)[*:1],30407,36907,1,1,1.0,18,3,4,21,22,25,20+,Br[*:1]>>Cl[*:1],3731126df93d5581c1945f564cf2baea86255f972aa8d868a42bad82cf0f90b0,8a0c8c5bdf461f47cf7ba92d70ecbfd09f5cb70369300e63d66996c5f633a4b1,COc1cc(C(C)[NH2+]Cc2ccccc2CC(C)C)on1,COC(=O)Cc1ccccc1C[NH2+]C(C)c1cc(OC)no1
06a6c66f8a2e7ed72a2aa968ef65506536b2c918aa0d96ab676bf6cdea9651f6,2b3678b53683b5c1f3610af580608a3828140e955eea3257084317e99664e2f5,OC1CC2CC(C1)[NH+](Cc1coc([*:1])n1)C2,C1CC1[*:1]>>Fc1ccc([*:1])cc1,C1CC1[*:1],Fc1ccc([*:1])cc1,31315,22311,1,1,1.0,15,3,7,18,22,24,20+,C[*:1]>>Cn1cc([*:1])cn1,39205a0485953d09f9d59545213e2c06a9930903a3e3dd40ae29d18c28eacecb,a756164e11ff754b6e06cc6addce18a3486ed468775d5d132a6f0de094f86792,OC1CC2CC(C1)[NH+](Cc1coc(C3CC3)n1)C2,OC1CC2CC(C1)[NH+](Cc1coc(-c3ccc(F)cc3)n1)C2
32600f457bf757954fba28dad33980ab25e1f766e4a1ce073183504dbb31759f,1c68baf1beede9c72909408d756f232439dedb70775ced8cc8131dbdf652763a,O=C(NCC1COCCN1Cc1ccns1)[*:1],CC(C)(C)[*:1]>>CCC[*:1],CC(C)(C)[*:1],CCC[*:1],26662,23822,1,1,1.0,16,4,3,20,19,24,20+,Clc1ccccc1[*:1]>>c1ccc([*:1])cc1,e8c195cd2a519cd519e27f280b7b46e1ce87725ad0533dcf580c5be877f948d5,9d75247bdd1bff523fff115bc55477a35f1fdc8f10af95adc096210945196d0d,CC(C)(C)C(=O)NCC1COCCN1Cc1ccns1,CCCC(=O)NCC1COCCN1Cc1ccns1
dd00628fd45e5c0ef444581bff6723a7bfb49ce8ec33fed71d124d0427d3d809,64f689405d49e448f95d8fa33fe32f39eca36b9138b3d88d3b73de8510ac6ff7,CC(C)(C)c1cc(NS(=O)(=O)[*:1])no1,Clc1ccc([*:1])cc1>>Fc1ccc([*:1])cc1,Clc1ccc([*:1])cc1,Fc1ccc([*:1])cc1,46151,44278,1,1,1.0,13,7,7,20,20,24,20+,CC(C)[*:1]>>CCC[*:1],223f28bf7a4845e427963fb12c30414bfff0057eedcc31f9cd851e727780fbcd,245583d2af198d1635dbdacd823a0d6d117a5953c2a7f6fefe1a78e78fd9611c,CC(C)(C)c1cc(NS(=O)(=O)c2ccc(Cl)cc2)no1,CC(C)(C)c1cc(NS(=O)(=O)c2ccc(F)cc2)no1
34899dc28ad3fd58ae6dcd66f6bcb3a9c8208fc03afcadc54625868a397a0527,73d14264092fe9b3944df1e2e6c1dac52a150a1706524d905fae67b903d593a5,CC1(C)C2CCC1(C)C(OC(=O)CCC[*:1])C2,CCO[*:1]>>C[*:1],CCO[*:1],C[*:1],16485,7944,1,1,1.0,16,3,1,19,17,24,20+,C=C(C)C[*:1]>>CC(C)C[*:1],aa268dbe8af553f478689516886acc97ab92cab1bfd3d41499b6a5ddeb3b7833,2c28f6ca31e9afaa5842bc420dd0c22d1944161dd202bd759686d0d89937edb8,CCOCCCC(=O)OC1CC2CCC1(C)C2(C)C,CCCCC(=O)OC1CC2CCC1(C)C2(C)C
604870ce00fa2125beded8bac94add68d996a89d667d376400b8461b93a67c4f,79da7110cbe0798c494b020836f74ab5459599f0faed3664009ac8494d3897ee,O=C(COc1ccc(Cl)cc1Cl)NCC1([*:1])CCCC1,O=C(O)[*:1]>>O[*:1],O=C(O)[*:1],O[*:1],49017,15991,1,1,1.0,19,3,1,22,20,24,20+,c1ccc([*:1])nc1>>c1cncc([*:1])c1,634a524269b5a0f74bb3849a4f1790504a04ac4c13f9eb84e9d42ce1225fabce,c9825456199106433762ae2f756efd99c72b8d546f761a06cd41f5cb30370373,O=C(COc1ccc(Cl)cc1Cl)NCC1(C(=O)O)CCCC1,O=C(COc1ccc(Cl)cc1Cl)NCC1(O)CCCC1
768aac1146cf21cff921c7b4eba0b0d1c156ed3d784ae316b4a121754c4a4734,38161220a7905326f7f370422f9ea440b74539fe8cebe50cdfbaedfb8bef9968,Cc1cc(Nc2cncc(Br)c2)ccc1[*:1],Br[*:1]>>O[*:1],Br[*:1],O[*:1],26730,27760,1,1,1.0,15,1,1,16,16,24,20+,C1CC1[*:1]>>CCC(C)[*:1],247d341d397f77d15926aa5f1ee6777184dc660b4a2a8782721b0c5a33b2d3e9,af0c9274c2e47580ec04c3fddd8697d59b08da77b90d85afbba42840d55423c4,Cc1cc(Nc2cncc(Br)c2)ccc1Br,Cc1cc(Nc2cncc(Br)c2)ccc1O
f7e756191b48b00ea271bd246bd767f051f89a7be13fb6620dcfa395fa0dbf46,7602d5835bda590e8cec53358c7e69caa653cdca8c2a1e3d1f9339c4c36c14a3,C=CCC(C)N1C(=O)C([*:1])NC(=O)C1C,CC(C)(C)[*:1]>>CCC(C)[*:1],CC(C)(C)[*:1],CCC(C)[*:1],664,17919,1,1,1.0,14,4,4,18,18,24,20+,CC[*:1]>>OC[*:1],c21dcfde578c46ffe1def732a16141faf7a9f7551baa84e9f45d21d7563fc49a,52b6bb04d278762ae0cf331a6cd93cc65335b2fe1101a7c3147b8e2505e50605,C=CCC(C)N1C(=O)C(C(C)(C)C)NC(=O)C1C,C=CCC(C)N1C(=O)C(C(C)CC)NC(=O)C1C
8ab8d4b925461dc7d49f81c982e0b9339d967d34facc811d47081574fdf71476,cb45eb8f154b58eb7e0fcb98513fb597b0c26c91fffdab219fdfcf02dbe6ad9b,CC(C)(C)NC(=O)c1ccc(Nc2ccccc2[*:1])cn1,Br[*:1]>>FC(F)(F)[*:1],Br[*:1],FC(F)(F)[*:1],38931,41401,1,1,1.0,20,1,4,21,24,24,20+,COC(=O)[*:1]>>NC(=O)[*:1],b6806cafa51920af5b85fb994a0983f3995ba944f7444fcfeab887a570e1696f,63507ba5652d368f717d5258dcfc6e726498e59105ddb8b33a64503acf5c4fd0,CC(C)(C)NC(=O)c1ccc(Nc2ccccc2Br)cn1,CC(C)(C)NC(=O)c1ccc(Nc2ccccc2C(F)(F)F)cn1
6c063adfce0e32d521f7a2a496ac2eaeac73816355cf910702a510df86407322,2198c66b7143f02aaccc9fa5aee15200255e22de578c13d3a2b4de4f41c81d9d,Cc1cc(C(=O)N(C)CC2CC[NH+]2C[*:1])nn1C(C)C,C[*:1]>>OCC[*:1],C[*:1],OCC[*:1],13434,35122,1,1,1.0,19,1,3,20,22,24,20+,C[*:1]>>c1ccc([*:1])cc1,58cc4c8b1e4299a33d86cb116913c336897a7f735d389c6b7fb33fb3620b23df,80e1cdde29eb382f8dfd7b896a1e39ed8064c2143ac595f0432b329b8b75ce13,CC[NH+]1CCC1CN(C)C(=O)c1cc(C)n(C(C)C)n1,Cc1cc(C(=O)N(C)CC2CC[NH+]2CCCO)nn1C(C)C
e585566eb780c5fba9f1e0a30a8dc0985cb95bec7e48fa1069bae6cd94aab4e5,73cbec2e9db80e8d46ba631a5bed690fbabe1d342ecee08f2c6065b1e1f642ef,COc1ccc(C(=O)N(Cc2cccn2Cc2cccc(C)c2)[*:1])cc1,C=CC[*:1]>>CC(C)[*:1],C=CC[*:1],CC(C)[*:1],28295,33772,1,1,1.0,25,3,3,28,28,24,20+,C1CCC([*:1])CC1>>CC(C)[*:1],123122e88cf7190fb98e055d756a7221d47bd762da3341785c86d0a33739f778,1a0f1c54a306d9f18cd48abefa85382b9b05a9e3860f845ab8bafcbfdcb98a75,C=CCN(Cc1cccn1Cc1cccc(C)c1)C(=O)c1ccc(OC)cc1,COc1ccc(C(=O)N(Cc2cccn2Cc2cccc(C)c2)C(C)C)cc1
d964094435560ea32d0e937add65d6c51e9bf4ee19031acdceb11be3f891fc76,77a06fe59c156a418bbf6d45b32baff52afe75031be3847407fd6f50de5780ae,Cc1cc(C)nc(-n2nc(C)cc2NC(=O)N(C)CC(C)[*:1])n1,CC[*:1]>>N#C[*:1],CC[*:1],N#C[*:1],18374,1585,1,1,1.0,22,2,2,24,24,24,20+,C[*:1]>>O=[N+]([O-])[*:1],41adce79c9cecd634d75cbfe086e7a1c2846a9f6329a727c5599753f7ace257d,bea0f086e1ea1bd61423d0e4fac57be9107f545553dad922c14df7ca2e5a9bd9,CCC(C)CN(C)C(=O)Nc1cc(C)nn1-c1nc(C)cc(C)n1,Cc1cc(C)nc(-n2nc(C)cc2NC(=O)N(C)CC(C)C#N)n1
727292e77b70df1064a33dfb9c49d7dc5c92b84f39e3c217dd5e93308ad8644c,d403a26e10dd98a6c13a420a49b269bf5b95e3ef94437ae12ffb23268925ee65,Cn1nc2c(c1N(CCCCN1CCN(c3ccc(F)cc3)CC1)C(=O)c1ccc([*:1])cc1)CCCC2,N[*:1]>>O=[N+]([O-])[*:1],N[*:1],O=[N+]([O-])[*:1],19051,27060,1,1,1.0,36,1,3,37,39,24,20+,CC(C)C[*:1]>>CCC[*:1],41493d9766d14ccaa9227a46529b28c4c94b6f381b0ba87f8426ddbde3b5f342,c4092ff3211293c43aac4d708206f7540bd6594f3940baaaa991e105d4531dd2,Cn1nc2c(c1N(CCCCN1CCN(c3ccc(F)cc3)CC1)C(=O)c1ccc(N)cc1)CCCC2,Cn1nc2c(c1N(CCCCN1CCN(c3ccc(F)cc3)CC1)C(=O)c1ccc([N+](=O)[O-])cc1)CCCC2
679315b66718e9aaa6623b5cb02d55795ab259b8a76117ea2a9118a79513092e,d1539ac561bd536eaf85ac3ab71c15b9b4c450b1cba732759eb39351475c50b3,CCC1C2CCC(C2)C1[*:1],NC[*:1]>>O=C(O)[*:1],NC[*:1],O=C(O)[*:1],28543,5057,1,1,1.0,9,2,3,11,12,24,20+,COC[*:1]>>C[*:1],e22bff69d148a5bd5d3fc313f17daca3c9f301f34021b8d4eebd1d499fcc6de5,8a0f267b404d0194200c5d67bb6f5a0dd78017ee68efbeb9c253d37f0eb12c59,CCC1C2CCC(C2)C1CN,CCC1C2CCC(C2)C1C(=O)O
3a40dce6d31f79f19248d90a99b4ed936a10d6cb3f23971fed4a07015402f7fe,b5e8789572b7895a4b2822ae58ebde577c6e7b7cb991035d3ae6d81a6756501d,CCC1CN(C(=O)C[*:1])CCC1NC(=O)c1ccncn1,CC[*:1]>>NC(=O)[*:1],CC[*:1],NC(=O)[*:1],2900,25378,1,1,1.0,20,2,3,22,23,24,20+,C1CC1[*:1]>>CCC[*:1],b6fe6fc3544625f254b62e8afa48f91c9dfb5f4e4eb84f68fe8a3248c53fe44e,9b2c69c3d2eab92c6f6d87244d3839e17cd80c8498692d68c56aeafe70666a56,CCCC(=O)N1CCC(NC(=O)c2ccncn2)C(CC)C1,CCC1CN(C(=O)CC(N)=O)CCC1NC(=O)c1ccncn1
5eb5f4102e12709396dd80fb6039d4a8565f72af4592c31a9cfc142baa2765b3,c4cbfdffd5b9aad6e4aa7436d1caa71ff6438e9342cee293f22d24e8f9793029,O=C(NS(=O)(=O)CCc1ccccc1)[*:1],Fc1ccccc1[*:1]>>c1ccc([*:1])cc1,Fc1ccccc1[*:1],c1ccc([*:1])cc1,38613,44061,1,1,1.0,14,7,6,21,20,24,20+,C[*:1]>>O=[N+]([O-])[*:1],240096f03e009aa7c8a0f224f7f3d67cae38d9274dcf03f2c847b1f043726fe0,ee4be1c95296b3c74516077601f863049035fbbb2f104761c6a2f55d3fc27fce,O=C(NS(=O)(=O)CCc1ccccc1)c1ccccc1F,O=C(NS(=O)(=O)CCc1ccccc1)c1ccccc1
853544d85fa615ae852348c8beff61142ac613aa97007515ad53d41a12932ec2,556309aa86f963967590525a7269dc9f31ecc1de9a51c9e92f0bb8307bc9c017,CC1C[NH+](CCO[*:1])CC1NC(=O)C(C1CC1)[NH+](C)C,CC[*:1]>>OCC[*:1],CC[*:1],OCC[*:1],19717,28124,1,1,1.0,19,2,3,21,22,24,20+,N#C[*:1]>>c1ccc([*:1])cc1,29787eb12084bc8c8068fa2fd1da36cf47be8862c50f1c8f93772aa3dedada79,53cb66875d31260db7c72d7709c8d3ba0c2cbec6114bef6e0c7d1b46d8cb8f74,CCOCC[NH+]1CC(C)C(NC(=O)C(C2CC2)[NH+](C)C)C1,CC1C[NH+](CCOCCO)CC1NC(=O)C(C1CC1)[NH+](C)C
6b67a9caf695d7b3fea95a57bbdd23762c37c0b7e23944f2f8407ea7dadf122e,bea7c568d618514112621f3a8eaa84d709d1304327fdd9435ff2c7862e090959,CC(C)(C)n1ccc(C(=O)NCC2CC[NH+]2C[*:1])n1,C=C(C)[*:1]>>CC(C)[*:1],C=C(C)[*:1],CC(C)[*:1],24909,6924,1,1,1.0,18,3,3,21,21,23,20+,Cl[*:1]>>F[*:1],d921ebd1f4f6e8b9ab883ecf89d4deed7a58df92ca2c0b76d7a088451d866266,7f3fbcc5901f50d4c722dc91e48334a463b62b646095407ba5970e03e262bbff,C=C(C)C[NH+]1CCC1CNC(=O)c1ccn(C(C)(C)C)n1,CC(C)C[NH+]1CCC1CNC(=O)c1ccn(C(C)(C)C)n1
3a4e962ebde57bac6e63a41930601d1a75cca1e0318912968f7cc285c36c4528,d535e53c3ecc0d6f8c294aefddb47137acc355212dbe1de42e32431c1f327abb,Cc1cc(NS(=O)(=O)c2ccc(C#C[*:1])c(F)c2)no1,NC[*:1]>>OC[*:1],NC[*:1],OC[*:1],32284,14395,1,1,1.0,19,2,2,21,21,23,20+,C=C[*:1]>>C[*:1],6e25a0affa1b7b4af577ab5b5aaf1a86f75ae54e05a387fa94eafef5b01e6cb5,e7bf76a9c5c62a60c73c168e800b9d61bedd3c1d757eb7dbd360fbe3c8f7b8af,Cc1cc(NS(=O)(=O)c2ccc(C#CCN)c(F)c2)no1,Cc1cc(NS(=O)(=O)c2ccc(C#CCO)c(F)c2)no1
b27a28141724798fc2e185bf63b0377be7d07d0d3aa29cbbe7edd9a060b2bb06,aabad196dbfa09682b28b7d740f85469ed694ead58ff7d93e0721c8af5fe7d83,O=C1CC(C2CCCO2)CN1C[NH+]1CCC([*:1])CC1,CC[*:1]>>FC(F)[*:1],CC[*:1],FC(F)[*:1],13498,1470,1,1,1.0,18,2,3,20,21,23,20+,C1CN([*:1])CCO1>>CO[*:1],a4e46312520055cf8317f9f2602e5ebdbf556408ce942ccdcf5d63802d556f8c,33b6588cc6e6f9c4dad964e2e899952286b59c4713be6ee6301d2f33515a400c,CCC1CC[NH+](CN2CC(C3CCCO3)CC2=O)CC1,O=C1CC(C2CCCO2)CN1C[NH+]1CCC(C(F)F)CC1
1a861b89d334e16f3192e82547a0971dbae137b692359f62f27504b6e521cdd6,fc3714070b05728ef311fd11d6c21cf1604d6bcdff120e98ffe05416c5b2cb7f,O=C(NCCOCC(=O)N1CCCC1CC[*:1])c1ccccc1,CC(C)[*:1]>>O[*:1],CC(C)[*:1],O[*:1],27114,11365,1,1,1.0,22,3,1,25,23,23,20+,COCC[*:1]>>C[*:1],63e51f9a5f6e65f8733b913f42fe72f494cfed637892b5cdf6ad9bed8c6ba43a,5400f159eea064bd61cd18e4dff38a2410b6e92e8b9fcffab6de4ca39c99c094,CC(C)CCC1CCCN1C(=O)COCCNC(=O)c1ccccc1,O=C(NCCOCC(=O)N1CCCC1CCO)c1ccccc1
7aac70e62f57e94e5ff3d608d3586034bb4886a9aec5cfa37e19ba1c1d3cc18b,ee6e6b2434519f4609dd3d08292cba81c320dbdd54ee3fcd3cca85c777195c18,O=C1CN(CCC[*:1])C(=O)CN1,N[*:1]>>O=C(O)[*:1],N[*:1],O=C(O)[*:1],32609,16267,1,1,1.0,11,1,3,12,14,22,20+,CO[*:1]>>N#C[*:1],70352e357adac729fe2388d2176ce306fdee98b98d5785ad0c6e8d4547e595c8,e79ec412f1e68619fdbebfc1c5e2ba1f10f4b71bcd3806ce26e4a2e9d1176679,NCCCN1CC(=O)NCC1=O,O=C(O)CCCN1CC(=O)NCC1=O
d067f83b9df11f1f4d9d055209c2ecf8a7f406eb761687f3a8ac165370eae6ed,f77b7a3feaa3d0072ff21eaa78f513be37a6f784a332bc650ac90ebd2621c080,Cc1cccc(NC(=O)NCC2([*:1])CC2)n1,CC(C)C[*:1]>>COCC[*:1],CC(C)C[*:1],COCC[*:1],6523,35802,1,1,1.0,15,4,4,19,19,22,20+,NC[*:1]>>OC[*:1],4438349d7ad13528db4ade81056cb53211a62d3c02e4ed589a2cbf29881e5dfd,328445d440723297721076540cb84cd1650a8c30a060abb26c9bfa8b5dc97e2f,Cc1cccc(NC(=O)NCC2(CC(C)C)CC2)n1,COCCC1(CNC(=O)Nc2cccc(C)n2)CC1
a58d120d1b830ec54e0fb7908fafa33fb536e010dfdb22a12876a2529d2c80d0,d2ce81ecdc6bea21fb776091af6f3f6546ecd2a00895345729c53c4b8ee4c0dd,CC(C)c1nc(C(=O)N2CCOC3(CCN(Cc4ccc(F)c(C[*:1])c4)CC3)C2)cs1,C[*:1]>>NC[*:1],C[*:1],NC[*:1],18715,7486,1,1,1.0,30,1,2,31,32,22,20+,CC(C)[*:1]>>O[*:1],acc0e5880d3d75da3647fbe05755c23c0231e3940040b23d70ec9a2335a0d8a1,8e6f0779ed87f7f5e4579d4963daf0a8a4acb7c1bfbf07e6d098e2c2281e62a7,CCc1cc(CN2CCC3(CC2)CN(C(=O)c2csc(C(C)C)n2)CCO3)ccc1F,CC(C)c1nc(C(=O)N2CCOC3(CCN(Cc4ccc(F)c(CCN)c4)CC3)C2)cs1
8ae1b661b8f1a17faad6fc0d70d1c987f5328c04af4694b86fe107dbafb2a26a,7339969b22926643cd03344517afc83040ca0a638c2d91fbe29991f3515a9570,Cc1cnc(-n2cc(C(=O)O)c(C)n2)nc1[*:1],Br[*:1]>>N[*:1],Br[*:1],N[*:1],36557,4573,1,1,1.0,16,1,1,17,17,22,20+,COC(=O)[*:1]>>F[*:1],7e03cc1cb3ee037a4312f61eefd70f0fce81ab5d8e1af63e69089ffee30bc933,9c714ed47fa74714cb65bcbd31395e0e8ecf220cea4a8fe13c886f39f08811f9,Cc1cnc(-n2cc(C(=O)O)c(C)n2)nc1Br,Cc1cnc(-n2cc(C(=O)O)c(C)n2)nc1N
9c16b85dc02a27dbef3dc6d15a9fbd5cc0757ceb65f563f16e320b1b41192149,a9e702b9dd93e7caf009fc5acd9ee82c01698817f12cd34ccafaf933b51ac111,N#Cc1cccc(-n2ccc(C(=O)N3CCCCC3[*:1])n2)c1,CCOC(=O)[*:1]>>C[*:1],CCOC(=O)[*:1],C[*:1],10675,42561,1,1,1.0,21,5,1,26,22,22,20+,Cl[*:1]>>O[*:1],846f8b3d695b59290152605cb117df9fcf22e8fb4f91e215475647ac1fb01810,ba9a96bafb71f59d6ecf93905ce8d1fca9ea14be337c697eb6071c4ddc6f7209,CCOC(=O)C1CCCCN1C(=O)c1ccn(-c2cccc(C#N)c2)n1,CC1CCCCN1C(=O)c1ccn(-c2cccc(C#N)c2)n1
bcf0bc6cfb300222dea49ea77477135ecc8870f73eeec2f136c111a6c576d1ef,c9918b8bb3aacd4b52890701d9afa08660bfb4897690c7e9901cc2ab9ca4cccc,CCN(c1ccc(NC(=O)CCC(=O)O)nc1)[*:1],Cc1cccc([*:1])c1>>c1ccc([*:1])cc1,Cc1cccc([*:1])c1,c1ccc([*:1])cc1,4213,19499,1,1,1.0,17,7,6,24,23,22,20+,Clc1ccc([*:1])cc1>>c1ccc([*:1])cc1,684e313a74516892cc1a473b0f57e58815db9fe71f34a3baa83076d1e3e2c1bd,79c384d0a965927bab6367c12fe6cfde5c3acc422fa795551a09725abd0a786d,CCN(c1ccc(NC(=O)CCC(=O)O)nc1)c1cccc(C)c1,CCN(c1ccccc1)c1ccc(NC(=O)CCC(=O)O)nc1
2b5b3ae528e59e899f82d05c45cb4926e82f94eae835372ec5346541eb16df93,5fcd3ed52e2bd4e42bdd1c72aa41e78cc76e1ab21a35fc3204f122df276404ab,O=C(COc1ccc(Cl)cc1Cl)NCC1([*:1])CCCC1,COC(=O)[*:1]>>O[*:1],COC(=O)[*:1],O[*:1],13684,15991,1,1,1.0,19,4,1,23,20,22,20+,CC[*:1]>>NC(=O)[*:1],8258b0773871686e9a7dddc63d89007fe700b790d20e82230a03543cc41a2802,c9825456199106433762ae2f756efd99c72b8d546f761a06cd41f5cb30370373,COC(=O)C1(CNC(=O)COc2ccc(Cl)cc2Cl)CCCC1,O=C(COc1ccc(Cl)cc1Cl)NCC1(O)CCCC1
7cadc9cb690863e1ac626c62df2f2e4d7325840b5c1d6206926d2fd22cb14653,ca1902d0d400bb7876d6ae5552a037e02df9ce4052de1cec162fd6e33349384a,Cc1cc(C[NH2+]C(c2ccccc2)[*:1])on1,CC(C)[*:1]>>OCC[*:1],CC(C)[*:1],OCC[*:1],80,16759,1,1,1.0,15,3,3,18,18,22,20+,CO[*:1]>>FC(F)(F)[*:1],012a1c7800804f094ec6d4254ef72e05f203e6ae791bffd3a6b5a1651a630fe8,e9a385310398df9884d9fea2d976e8d0de5a20e04cb3bc1c4c05865bf4232de0,Cc1cc(C[NH2+]C(c2ccccc2)C(C)C)on1,Cc1cc(C[NH2+]C(CCO)c2ccccc2)on1
21fcb5d8d718a30f602aa1b69791b33d2a4e4d14102c15069d5af1216aaf4ba6,244a68eb2fd27e4857f840b06547c76b8cef3063404262631634ab9510880170,CCc1cc(C(=O)NCC2CC[NH+]2CC[*:1])nn1C,C=C[*:1]>>CC[*:1],C=C[*:1],CC[*:1],4630,11117,1,1,1.0,18,2,2,20,20,21,20+,CC(C)[*:1]>>CCC(C)[*:1],38f85f955f2befc31aa17c8b7b88092f0912abd08d2b98263c7a22779eb89c8f,43d5ef02f7d25219f61dd02cca9eb5de58430d081e5f2d0db96e6e9c7bae8019,C=CCC[NH+]1CCC1CNC(=O)c1cc(CC)n(C)n1,CCCC[NH+]1CCC1CNC(=O)c1cc(CC)n(C)n1
bd3b9f8f9e788ab8ab79b82be1a783f7a22259839ebb1774cf07ee5751ad4b3d,770df59d7b568d74af45816468f51ff579243348ad6f238037960fac87557065,CC(NC(=S)NCCC[*:1])C1CC2CCC1C2,C1CN([*:1])CCO1>>CO[*:1],C1CN([*:1])CCO1,CO[*:1],44245,48727,1,1,1.0,16,6,2,22,18,21,20+,CO[*:1]>>Cl[*:1],f37b46e92663deae61a0f33533c3363b0a9d0dc4cd791d92973cd1f1ccf9d1a0,6440213fcc31964b289bd59b02bdbe80f655d21f508d70585ee51039c1e0fdb1,CC(NC(=S)NCCCN1CCOCC1)C1CC2CCC1C2,COCCCNC(=S)NC(C)C1CC2CCC1C2
a9f9637b6d90457b9976c35c11128689c99955edd846f6463ea56a346579a97b,89abc42fda1fa43f7f2083575037825dd9529692452615ab4e57c656af88127b,CCOc1ccc(-c2nc(CC(=O)N3CCCC3[*:1])cs2)cc1,COC(=O)C[*:1]>>O=C(O)C[*:1],COC(=O)C[*:1],O=C(O)C[*:1],25887,13167,1,1,1.0,22,5,4,27,26,21,20+,C[*:1]>>N#C[*:1],569b12b053a494c1740ee2546169fe9df8a223ad2032d31f062edc1ab11f713f,11dcd89e5b69a56e6c79edeb9fc1ffcc1cef3b204aa2a0779fdcea7b5f5b37cd,CCOc1ccc(-c2nc(CC(=O)N3CCCC3CC(=O)OC)cs2)cc1,CCOc1ccc(-c2nc(CC(=O)N3CCCC3CC(=O)O)cs2)cc1
4a4a7c949ed80ea5d63ac6ce20ec471b42216e063810f06e51f229e8bce83046,ff726a8e8db2592b88cf7edee2634836e7d3ab0fee781592d39fb0dfb8465ca1,O=C(CCc1nc2ccccc2[nH]c1=O)NN=C[*:1],Clc1ccccc1[*:1]>>c1ccc([*:1])cc1,Clc1ccccc1[*:1],c1ccc([*:1])cc1,46499,9212,1,1,1.0,18,7,6,25,24,21,20+,C[*:1]>>OC[*:1],14ab49329bd2bcbece0709375dde3619982abd4de3b5e2df4d370ed0cf64cef4,90a7672cc0f0d7a9ce70655bbdd3f96a45e4a30a98dbe74029272cfd3505dfb3,O=C(CCc1nc2ccccc2[nH]c1=O)NN=Cc1ccccc1Cl,O=C(CCc1nc2ccccc2[nH]c1=O)NN=Cc1ccccc1
fc6a5b9b022981e5ad0b377821c5067b306edb4ad97ed9a4014fc04863be95aa,d87960f89e6307d682d249caf4d92b42cdfce5f8c1a83a057d8c9a7b2fda9cd0,O=C(NCC[*:1])C1CC2CCC1C2,CC[*:1]>>COC(=O)C[*:1],CC[*:1],COC(=O)C[*:1],39168,33123,1,1,1.0,12,2,5,14,17,21,20+,C[*:1]>>NC(=O)[*:1],8b4558cec5245d912bb02b5cb42db83faf1ddcea04b2507c399447ed38fa1d9c,f3f36fa64e72a8f8b9c261e27d9a72dc978d431ebabc723a82c0800cd58f6fd2,CCCCNC(=O)C1CC2CCC1C2,COC(=O)CCCNC(=O)C1CC2CCC1C2
209b97411a8d4577b932d13908733b85693c8f9fd99ba0a1bdf33f03f588a07f,fbc69e2b4936230dc387379f4d53fd1d3deb23c53e4918570c01ecd3d71a97c8,Cc1cc(NCc2cn([*:1])nn2)ccn1,Cc1cccc([*:1])c1>>Fc1ccc([*:1])cc1,Cc1cccc([*:1])c1,Fc1ccc([*:1])cc1,38885,4258,1,1,1.0,14,7,7,21,21,21,20+,CC(C)[*:1]>>FC(F)(F)[*:1],c9ae48e4abace14a8665f14480fe6414708208de5f253d8acb17aef38e2f68a4,08bb7eafebc01f9d85df4e36be422cf4174c02f75cc25f01daa3c7c5832b5883,Cc1cccc(-n2cc(CNc3ccnc(C)c3)nn2)c1,Cc1cc(NCc2cn(-c3ccc(F)cc3)nn2)ccn1
a9823132f97dc24e737ab91a34fa80449fe22c4095cba3020cb570de2d41e09f,0968dea8c76431bbe9f3783c039ef277706010ce4cec57c7641a48ea06ca59d5,CC(NC(=O)CSc1nnc(-c2cccc([*:1])c2)n1C)c1ccccc1,CN(C)[*:1]>>CO[*:1],CN(C)[*:1],CO[*:1],23390,20360,1,1,1.0,25,3,2,28,27,21,20+,C1CCC([*:1])CC1>>c1ccc([*:1])cc1,2bb63db29dc7ecf0a4b02d008a3a7395ea770055584f467cc5fda2e00ba16ead,886efdc1b13ca288e4cc02266c2d9d8e709d5a8ea734bc14b78352f23689de3b,CC(NC(=O)CSc1nnc(-c2cccc(N(C)C)c2)n1C)c1ccccc1,COc1cccc(-c2nnc(SCC(=O)NC(C)c3ccccc3)n2C)c1
537bfff1a89908acf28c9c06f99cfbc5a89b8ea14cc4dcffbc0a61455a9f03de,e71dcf2757f44fbdbbff148f59d6781008c40e0dfaf0eb66cebf640895bbcfe6,O=C(NC(C(F)(F)F)[*:1])C12CCC(CC1)C2,C[*:1]>>N#CC[*:1],C[*:1],N#CC[*:1],34649,12857,1,1,1.0,15,1,3,16,18,21,20+,O=C(O)[*:1]>>O=C([O-])[*:1],56ddc7a070fbd8ba5d984364fe8eca68d84d53dc93576ba27a9f76918924f121,1af499f420c998da1afd2b703d680830173c2f8b1f3b70d4ec63b22b021cef96,CC(NC(=O)C12CCC(CC1)C2)C(F)(F)F,N#CCC(NC(=O)C12CCC(CC1)C2)C(F)(F)F
1be4b72f2a2e9b8a2540a603f2c8057afe78244a349aab1913f72e6b1bafc023,7c08e8b9715b7765cec5b829af275af4e274ae3a346ea8316d9f706920b2326a,CSC1CCCC1NCC(c1ccccc1)[*:1],N#C[*:1]>>O[*:1],N#C[*:1],O[*:1],16503,22037,1,1,1.0,16,2,1,18,17,21,20+,C1CC([*:1])C1>>C[*:1],7ccbb03c20172947bf72c3d2ccbfe312776c7b2434a3da42e0bc60518fa7fd57,af20a3b7f542e7aa8ebd139d3a30a2f0141fe914809a9fcb519de54fc3f2f529,CSC1CCCC1NCC(C#N)c1ccccc1,CSC1CCCC1NCC(O)c1ccccc1
ecaeccf8aa48381951491be6db6c0c4a3100c821269c9e28b69d3bc022d015fc,b50289e8b63ee3f1088419ee3b9fcda152f9e5a100ce5ba327b492344c5a1452,CCc1c2c(nc3cccc(OC)c13)-c1cc3c(c(=O)n1C2O[*:1])COC(=O)C3(O)CC,CC[*:1]>>COCC[*:1],CC[*:1],COCC[*:1],35919,15992,1,1,1.0,31,2,4,33,35,21,20+,O=C(O)[*:1]>>O[*:1],1fd5222d7f359aa5373fc5a677dfabb99b805351e022ac89693852d70205511e,05c5a61fb1a0e00b7f0f5cea9f17975463c81032beb213239abf10a65c2be8fe,CCOC1c2c(nc3cccc(OC)c3c2CC)-c2cc3c(c(=O)n21)COC(=O)C3(O)CC,CCc1c2c(nc3cccc(OC)c13)-c1cc3c(c(=O)n1C2OCCOC)COC(=O)C3(O)CC
e73aa4d6abd9f61777435905bc5d73550571db19ae6ddf7a83ff2011389c2f1e,f804eb01db75663130c10ad757b0049e18a105dbd611f92ca5701a1bd056e930,c1cc(CN2CCOC([*:1])C2)sn1,CC(C)(C)[*:1]>>FC(F)[*:1],CC(C)(C)[*:1],FC(F)[*:1],7583,12178,1,1,1.0,12,4,3,16,15,20,20+,C1CC1C[*:1]>>CC(C)[*:1],a3379f1299fb504719ff790a297533ec29bda1974c772a9849426a413ce6412a,096790a2717dcfed6c0487ca4f72db5d444fbc58f2501d6458e82bec4fc94c19,CC(C)(C)C1CN(Cc2ccns2)CCO1,FC(F)C1CN(Cc2ccns2)CCO1
74a82fc9df4824a5743e8faee2a839512d97cdc6fab017b57d1c6fbee829bdcf,e15c64724b473e40186d47c206a6c5f13ed625e0a8ec2900fa0bf40fdd66e890,CC(C)(COC(=O)C1SCCCS1)[*:1],N#C[*:1]>>c1ccc([*:1])cc1,N#C[*:1],c1ccc([*:1])cc1,15240,32039,1,1,1.0,13,2,6,15,19,20,20+,C1CC([*:1])CCO1>>CC(C)[*:1],32d8be21aa6ca5934d5ab9dd42d909c32dfc254ceb61c44fbd7f084d1d0147e6,021cfd580f891c0c1a8a9f06520c21b3210dad559f9c9b55fca515f7c1d09c58,CC(C)(C#N)COC(=O)C1SCCCS1,CC(C)(COC(=O)C1SCCCS1)c1ccccc1
a667a2d5b35604fc7f14ceb8db1d53ae169a3f342867bec056cc3f15f749e57a,ba8cde749639d6574c16ff83ee8ea216c5c7d23dbd05b128b4f22e5535f34da4,O=C(C1CC([*:1])C1)N1CC2(CCOCC2)C2CCCC21,CC(C)(C)[*:1]>>CO[*:1],CC(C)(C)[*:1],CO[*:1],24822,27810,1,1,1.0,19,4,2,23,21,20,20+,CC(C)[*:1]>>COC(=O)[*:1],5b2cc05ac943e961b7d948fd2cd3b2c4b821bf193958bc345f3092a19884ba9d,790f6d857e9f928872686cbd2aa976ee99f28546086737b89ed0bd290390c25a,CC(C)(C)C1CC(C(=O)N2CC3(CCOCC3)C3CCCC32)C1,COC1CC(C(=O)N2CC3(CCOCC3)C3CCCC32)C1
061b7fe23f0b380d547a9a9e2e3ec065baac16d22a592915127d55a3bf26638a,5a972bb7b080d388574f2edde61ca2af14bc85a77c8a529052e631f99e46ec2e,CC(C)N1C(=O)CNC(=O)C1C[*:1],CC(C)[*:1]>>COC(=O)C[*:1],CC(C)[*:1],COC(=O)C[*:1],28544,32667,1,1,1.0,12,3,5,15,17,20,20+,C1CC1C[*:1]>>CC(C)[*:1],da2fd6a43816dc927fa7352781e723191c79ac6ddb3afcec2630f38605371f3f,f53c4e6fc69084c9f13924d69776fa51ab83677d4d6f8e7734f9036646bc3ed4,CC(C)CC1C(=O)NCC(=O)N1C(C)C,COC(=O)CCC1C(=O)NCC(=O)N1C(C)C
eaf836910b88879ecfce57940f3ee4d5fed53d58c43956ffd015797a18148fe3,cecde2488ccc84481f090031f52679d66ff2da7de0afdb931fe13a4d078e977b,CCOC(=O)N1CCN(C(c2sc3nc(CC)nn3c2O)[*:1])CC1,Cc1cccc([*:1])c1>>Fc1ccccc1[*:1],Cc1cccc([*:1])c1,Fc1ccccc1[*:1],3235,48082,1,1,1.0,23,7,7,30,30,20,20+,N#C[*:1]>>c1ccc([*:1])cc1,dc1481cb7053215da2068b5d1f741002055175419d14c42193104544df7428cd,b3bc160106fcc628d4ecab3963e624111e69a9ad36e3c620dc5adf1ee4e2e523,CCOC(=O)N1CCN(C(c2cccc(C)c2)c2sc3nc(CC)nn3c2O)CC1,CCOC(=O)N1CCN(C(c2ccccc2F)c2sc3nc(CC)nn3c2O)CC1
0a2222dc9b5a8c622d26c0b06d9c4ba660f52bf751e1f1003adcbd4cb65372ff,90b0a788c686abe50f0a953b4496610d513af431a15ffc9d7ea8214a48345a7b,Cc1cc(F)ccc1NC(=O)C1C2C=CC(C2)C1[*:1],O=C(O)[*:1]>>O=C([O-])[*:1],O=C(O)[*:1],O=C([O-])[*:1],5917,35476,1,1,1.0,18,3,3,21,21,20,20+,C1CC1[*:1]>>CC(C)(C)[*:1],06c90c5c71fd5b902071d98dac8177d00f3c5357826f861b99de7a64f4ee744c,b2c7db55f1e338bb67df1144388e5b966e11e69b13b269079b94993d9854257c,Cc1cc(F)ccc1NC(=O)C1C2C=CC(C2)C1C(=O)O,Cc1cc(F)ccc1NC(=O)C1C2C=CC(C2)C1C(=O)[O-]
ef6ef26f61425da9285387eca8e76f1f3e4350d8738d79ba10878beb9e739863,f6cf82950e0ac322e475e96b48f39cc977ab87a748d9335e1c20a6f69e11655d,O=C(c1cnccn1)N1CCOC2CN(C(=O)[*:1])CC21,CC(C)C[*:1]>>COC[*:1],CC(C)C[*:1],COC[*:1],18302,26270,1,1,1.0,19,4,3,23,22,20,20+,CC(C)[*:1]>>OC[*:1],9f9d80b85d5987f3f18fe67089216523188638907cd5971b06f50b9eaa6e6d91,be657d3963bb49305dac25418eecb7b3eb1e37cd33fe8765340b4c25acc03a3c,CC(C)CC(=O)N1CC2OCCN(C(=O)c3cnccn3)C2C1,COCC(=O)N1CC2OCCN(C(=O)c3cnccn3)C2C1
b06d4e0d5954481dd02d06102eb1a3b8ae2e454cf7bde306a59435a50677034a,5864d8189a8247a59ec10c433295e315b895b995dba311243d3eb3ba14697989,O=C1NC(C[*:1])C(=O)N1CCCOc1ccccc1,Clc1cccc([*:1])c1>>c1ccc([*:1])cc1,Clc1cccc([*:1])c1,c1ccc([*:1])cc1,8915,13745,1,1,1.0,18,7,6,25,24,19,10-19,C1CC([*:1])C1>>c1ccc([*:1])cc1,4c1571a450d2f2dc4e0074dfe19fae018e8958319d4ad32bf45cf67909248854,2c73a23abffe4f63a7a931763143890a12dff48ec889d712bd85fadf868dae51,O=C1NC(Cc2cccc(Cl)c2)C(=O)N1CCCOc1ccccc1,O=C1NC(Cc2ccccc2)C(=O)N1CCCOc1ccccc1
19cdfda6875c9aa5bc9213ef0635d6a9a91217d22c4a6d8132bb2545488d5fff,b87d33b1aa1f1f30bd7fc244485e6c484d307cb2653e015a89272c4ce09d34dc,OCc1ccc(F)c(Nc2ccc([*:1])nc2)c1,F[*:1]>>N[*:1],F[*:1],N[*:1],35175,48305,1,1,1.0,16,1,1,17,17,19,10-19,CN(C)C[*:1]>>CN(C)[*:1],974999e44b4d6259b40e4d6d9d78f6ade64250208066fe606f73205d11613cb7,23a8f8d4a206a20d71a8663fbe050a2c06d70cadf3a485a2238473498f154a75,OCc1ccc(F)c(Nc2ccc(F)nc2)c1,Nc1ccc(Nc2cc(CO)ccc2F)cn1
a5c1d05999128140e7d66b5330ba09734d9e430ec16f19169677fefa008c6293,ac836d674942d1c13e94b1ee0abd66220e8ff1d46c181f04afb7a2f97ecc9315,CC(CC(=O)NCC1(O)CN(C(=O)C[*:1])C1)n1cccc1,CS[*:1]>>C[*:1],CS[*:1],C[*:1],39431,31518,1,1,1.0,20,2,1,22,21,19,10-19,C1CC([*:1])CCO1>>Cn1cc([*:1])cn1,1443421cdd5ed05967d25d17635b30ebd7c11a61487475cc55fc3def469c7e40,632b155f658d4a0d608886320f4f341af188e69c7ac59c23ea6d1e8be0fcb0ba,CSCC(=O)N1CC(O)(CNC(=O)CC(C)n2cccc2)C1,CCC(=O)N1CC(O)(CNC(=O)CC(C)n2cccc2)C1
1f06914b5862fff9d5b10c6849bbfe98a16b2861864511fb7df36f8851287811,b4e5806bf7328b84b6bf267939f6d6740cee8a12a8c84046eba6b8b29d55f0b0,COCCCNc1cccc(F)c1Nc1ccc([*:1])nc1,CS(=O)(=O)[*:1]>>C[*:1],CS(=O)(=O)[*:1],C[*:1],47524,25787,1,1,1.0,20,4,1,24,21,19,10-19,C1CC1[*:1]>>FC(F)(F)C[*:1],0a1896848c329fc46f956973a988c530ab9e94165a69376ddd6131d0e24e8437,3a6de3031217e409c08ed4e1cd328d205a1d3a50a7ab0bcceee449aa3418d365,COCCCNc1cccc(F)c1Nc1ccc(S(C)(=O)=O)nc1,COCCCNc1cccc(F)c1Nc1ccc(C)nc1
1f0d82144ac08f2e9e9d570246da5de9f11f50b4e0dda222dd55801b748650c3,4349fb9e44e67f946c0c920b6f41214d2725ed69bc98a01b6ac6b8e4fc371d6a,CC(CC(O)c1ccccc1)NC(=O)NCC1([*:1])CCOC1,CC(C)O[*:1]>>C[*:1],CC(C)O[*:1],C[*:1],33561,44693,1,1,1.0,21,4,1,25,22,19,10-19,C1CCC([*:1])CC1>>c1ccc(C[*:1])cc1,b7dbac5bc41e1e324ac6f881b200245048e7f5e47d14aba63d1b6c32f31a70e4,9b51644aae3330f1dd78414d235c942dcfdcbed4a7830a41a993cc926872abba,CC(CC(O)c1ccccc1)NC(=O)NCC1(OC(C)C)CCOC1,CC(CC(O)c1ccccc1)NC(=O)NCC1(C)CCOC1
39f75faedbbb9e81878ab508e832bdff2ef1b5245bda5c92f8692b7d15bd9bf5,0246678af862bd6a16d321787f9e6234cec26141f5ecb48a285dca8dee491515,NC1C2CCC(C2)C1C(=O)NCCC[*:1],COC(=O)[*:1]>>FC(F)(F)[*:1],COC(=O)[*:1],FC(F)(F)[*:1],40030,2684,1,1,1.0,14,4,4,18,18,19,10-19,C1CC([*:1])CCO1>>COC[*:1],b2a8d20194da2a798f88807813c4ff009d943a84e27a8a72ecc635df4e0d4130,85d48601ffc2edd4838e1ebdb62fc75968187af46e465fbedf47a2ca187543c1,COC(=O)CCCNC(=O)C1C2CCC(C2)C1N,NC1C2CCC(C2)C1C(=O)NCCCC(F)(F)F
2a4f7593917775729e1640d2ad08cf051d0eac8f5ccba106ebc2ad2047202707,5a09d49ffe7f9d6f7182650bca7ae45eef01d2c05c16a8734ca6ae41633662a9,Cc1nc(CCNC(=O)C(C)c2c(C)nn([*:1])c2C)c(C)o1,C[*:1]>>FC(F)(F)C[*:1],C[*:1],FC(F)(F)C[*:1],31953,22608,1,1,1.0,21,1,5,22,26,19,10-19,COC(=O)C[*:1]>>OCCC[*:1],7a57aca69dfd912ef94fccdb290e5a2fbc58926059d9db7c77984da3dc843f1e,70321f220945aa1aab7564891678217756efd47bcdbaee679b70a2da7121d6e3,Cc1nc(CCNC(=O)C(C)c2c(C)nn(C)c2C)c(C)o1,Cc1nc(CCNC(=O)C(C)c2c(C)nn(CC(F)(F)F)c2C)c(C)o1
7707ee7b952c6eda107f2ef73da69eb82c35589e3b219de262a329d042b501c6,8a709618e387b2dec82542514a953d3aee678f0e122734440e820efb87e8d0e5,Cn1[nH]c(C[NH2+]C2CCC3CN(C(=O)C(C)(C)[*:1])CC32)nc1=O,CC[*:1]>>F[*:1],CC[*:1],F[*:1],10373,4833,1,1,1.0,22,2,1,24,23,19,10-19,CC(C)O[*:1]>>N#C[*:1],4bbedafb9d14e660318ed79fc422ce4147cdc42c690b48658aa58c18059d10fd,abafbb460f1afa716383df1379366fe7f0d424fe82e48f319350d9ed36c62977,CCC(C)(C)C(=O)N1CC2CCC([NH2+]Cc3nc(=O)n(C)[nH]3)C2C1,Cn1[nH]c(C[NH2+]C2CCC3CN(C(=O)C(C)(C)F)CC32)nc1=O
1b23bd78d46847cdc1350bfa8a6a50402bae4ff4f8e57df54eddd4c754e0b31e,07cc2399937c382bfae962c943667fb411a33623350a049ad80df14d4b41bd8b,CCNC1CC2CCC(C1)N2c1cccc([*:1])c1,CC(=O)N[*:1]>>C[*:1],CC(=O)N[*:1],C[*:1],39213,27966,1,1,1.0,17,4,1,21,18,19,10-19,CCC(C)[*:1]>>c1ccc(C[*:1])cc1,d93e0c09eb47d4c7242652aae4496a72e46e7de3afddca7960b7b56337d73554,0c5005f748db473a669a5139e4ee190d73b31d5cc127d6ad9950b2b20391162a,CCNC1CC2CCC(C1)N2c1cccc(NC(C)=O)c1,CCNC1CC2CCC(C1)N2c1cccc(C)c1
1d3f725ab4a5df4808accfe123dd1775a9cd38779625e8fabbfd1ada1170deed,d5dd677c8c232b867dbb3d39b4131fde7064550fc0229092d9e4ab02fda8012f,O=C(NCCO[*:1])N1CCCC(Cn2ccnn2)C1,Cc1cccc([*:1])c1>>Clc1ccc([*:1])cc1,Cc1cccc([*:1])c1,Clc1ccc([*:1])cc1,25304,6778,1,1,1.0,18,7,7,25,25,19,10-19,C#CCC[*:1]>>CC#CC[*:1],a9ce14befc5a8f7f400117c1bef657ce964b9171fd4160fdd7bc7b185a00de3b,7321500b57ba5724997fc6703f6d1f8230171e8f705161392782bfdcd14d75ab,Cc1cccc(OCCNC(=O)N2CCCC(Cn3ccnn3)C2)c1,O=C(NCCOc1ccc(Cl)cc1)N1CCCC(Cn2ccnn2)C1
25318b52b59da10b074b3230d0eb4516881a3c1686a5b599185a1d7db1dfecfa,67b3ffe2cedb6a1026978d7bb30eea00847161bd1db44e17ea1acec5a38f97f6,CC(C)CC(NC(=O)C(Cc1cnc[nH]1)NC(=O)C(N)[*:1])C(=O)NC(Cc1cnc[nH]1)C(=O)O,CC(C)C[*:1]>>OC[*:1],CC(C)C[*:1],OC[*:1],35264,28470,1,1,1.0,33,4,2,37,35,19,10-19,C1CCC([*:1])CC1>>Fc1ccccc1[*:1],18ff2f3a6c74af294ea8f8736c9f2d54a1fa5474a4d4c02406a284646c9d8fde,1e9135b894ef1569ab7f86d143e73efac12493aec9d1cbe68ac3d587833346f9,CC(C)CC(N)C(=O)NC(Cc1cnc[nH]1)C(=O)NC(CC(C)C)C(=O)NC(Cc1cnc[nH]1)C(=O)O,CC(C)CC(NC(=O)C(Cc1cnc[nH]1)NC(=O)C(N)CO)C(=O)NC(Cc1cnc[nH]1)C(=O)O
c6b27b459403c4e5cd94229dd9930f2c14be82ec184acf86c918ef560b557ec8,9b1b7b68e3358a147aea3fc2ca10819988ff474505e038435d255dbfe0fa1817,CS(=O)C1(CNC(=O)Nc2cccc([*:1])n2)CC1,F[*:1]>>NC(=O)[*:1],F[*:1],NC(=O)[*:1],9497,23317,1,1,1.0,17,1,3,18,20,19,10-19,CCOC(=O)[*:1]>>Cl[*:1],6f1011d880ada103c2b2e36d459c20146df26a765f8ea3d5342d6ada1f6bacb8,460f0879660449aae8a6208e49e3e1b31f5763dc4c010c3a59866410e2e5849f,CS(=O)C1(CNC(=O)Nc2cccc(F)n2)CC1,CS(=O)C1(CNC(=O)Nc2cccc(C(N)=O)n2)CC1
8bba76cb9be8bf268a5c61de219b5b0f1bbb00a0fc6dd23d760e9da4952830fb,75e53d858ee1ec72b5bf5e40bb12b84f7b3051461a0b864ef1c5134634678126,CN1CCN(C(CNC(=O)Cc2cccs2)[*:1])CC1,Cc1ccc([*:1])cc1>>Clc1ccc([*:1])cc1,Cc1ccc([*:1])cc1,Clc1ccc([*:1])cc1,798,11355,1,1,1.0,18,7,7,25,25,19,10-19,C1CC([*:1])CCO1>>COC[*:1],8124b078874b1c55c7c19a3fa27730a934df79bf141f34b341d03ce28cae3dd3,d0d01cbb3ff5a32bec4c43be51c019967b40a8c340394826a78d8c7aa7ee846d,Cc1ccc(C(CNC(=O)Cc2cccs2)N2CCN(C)CC2)cc1,CN1CCN(C(CNC(=O)Cc2cccs2)c2ccc(Cl)cc2)CC1
647ce33a1308f78513592040fba5e6e3410e64408b07ad3315d8a074cf5f9b3b,e33917c392f29b3bcb2632eb28fbdc7572507eecaff6faa028ca2c3642cc758f,CS(=O)(=O)N1CCCCC1C(=O)N(CC1CC1)C[*:1],Clc1ccccc1[*:1]>>Fc1ccc([*:1])cc1,Clc1ccccc1[*:1],Fc1ccc([*:1])cc1,1366,2028,1,1,1.0,18,7,7,25,25,19,10-19,C1CC1C[*:1]>>CC[*:1],a401505e8262e04c69187f35dc1635d990130789657154a3f274ef4f1fac2ccf,1c804bd450e63b03ec41c28ea9ad31064e44fe929ea0a3248f6e75589b930f86,CS(=O)(=O)N1CCCCC1C(=O)N(Cc1ccccc1Cl)CC1CC1,CS(=O)(=O)N1CCCCC1C(=O)N(Cc1ccc(F)cc1)CC1CC1
0f9e6ea1144d47e4079b22ce8c62ed3e654badc7da6d3633048e438970b8eec2,400a1790b5e86bd54bcc711fce7efa01c997989f16b0f254883de6af7831fda6,CCCCN(c1ccccc1)c1cccnc1[*:1],NC[*:1]>>N[*:1],NC[*:1],N[*:1],15020,17697,1,1,1.0,17,2,1,19,18,19,10-19,C#CCC[*:1]>>CC#CC[*:1],d44fbabe7cf35e86a135309a9a880b671a529adf9a56c4fe72b522fea537f48f,bd1c3f0c579fef405d48abdbb9af5870b659f1588cd1bd94d3b5c7ad6fe1edb4,CCCCN(c1ccccc1)c1cccnc1CN,CCCCN(c1ccccc1)c1cccnc1N
b3a39074df15114addcb9e92d3ec872b142e88153c847a47b3db9b93b75dd54c,b596f92741d310e552d232dc76f7100040e87551d9e92342fee69d46244a6852,O=C1N(CCCO[*:1])c2ccc(Cl)cc2C12OCCO2,Cc1ccccc1[*:1]>>c1ccc([*:1])cc1,Cc1ccccc1[*:1],c1ccc([*:1])cc1,36123,25050,1,1,1.0,19,7,6,26,25,19,10-19,CC(C)CC[*:1]>>OCC[*:1],1ee9d8b928e1b188206e28dc5a77a27f3228aed5bc82d2c54eacfc46e1954893,ef86c7ddf20d9915e405542cf06ce2598e260caf33cf774cac9e389bc5666bb1,Cc1ccccc1OCCCN1C(=O)C2(OCCO2)c2cc(Cl)ccc21,O=C1N(CCCOc2ccccc2)c2ccc(Cl)cc2C12OCCO2
4147671d4b0cad1cc018ee2c8d7c21267a6917627a6e5fb65068df2f6ebfb97b,8cfeb79cbeb114c232618a54953114c0fa90b10a9783254265350396a3883c88,CC(C)(C)OC(=O)N1CCC([NH2+]CC(O)[*:1])CC12CCCCC2,FC(F)(F)[*:1]>>OC[*:1],FC(F)(F)[*:1],OC[*:1],47833,29728,1,1,1.0,22,4,2,26,24,19,10-19,COC[*:1]>>OC[*:1],83770e3592dfe3230de162fd30f457f5ad09c665731bdab5b361b9dee58deeb6,350ab384450811cfe84076e9e97d6a168d61d8568432cf94dcc4664d601b9296,CC(C)(C)OC(=O)N1CCC([NH2+]CC(O)C(F)(F)F)CC12CCCCC2,CC(C)(C)OC(=O)N1CCC([NH2+]CC(O)CO)CC12CCCCC2
60537707ca11c9f0e9ab53e9640f4c0447a008620ade0b01b2a6164add434e63,6331b235584509172bed8ac7d261112706a3310dc992aff966a20cc96389d9aa,COc1ccc(-c2nc(C(N)C3CC3)no2)cc1[*:1],CO[*:1]>>O=[N+]([O-])[*:1],CO[*:1],O=[N+]([O-])[*:1],8310,29221,1,1,1.0,18,2,3,20,21,19,10-19,C1CC1C[*:1]>>CC(C)(C)[*:1],5698e5808c5283092c99d254ee68ac3d787ee8aa61b131f88ac570636ad76434,274d14fbadd37572e896f6d2417348668c9d8a8a3399e3499690bcead7f8c3ab,COc1ccc(-c2nc(C(N)C3CC3)no2)cc1OC,COc1ccc(-c2nc(C(N)C3CC3)no2)cc1[N+](=O)[O-]
48217b8e98a278c974f26fe607b4641085c83dc0f357353a4ab2d4a1dbfede3c,1ba90536ae0cc116c1416cb7aa7b5a70e65d1ce0cf037fc386e73566900c3d89,CCNc1ccnc(Cl)c1Nc1cccc([*:1])c1F,N#C[*:1]>>OC[*:1],N#C[*:1],OC[*:1],17879,35800,1,1,1.0,18,2,2,20,20,19,10-19,N#CC[*:1]>>c1ccc([*:1])cc1,7264931480b61a1f4a20717a98c12936270e39f793c5e5112e93d77d4ededd8a,5aebb91c0a2a77d60c8cb4786811923587da0543d7fdcedc6caff06d17e4f2e6,CCNc1ccnc(Cl)c1Nc1cccc(C#N)c1F,CCNc1ccnc(Cl)c1Nc1cccc(CO)c1F
9f8ad0ebe130681945a534b4f96873b4683db3791a5f763fe18129ccd5134123,15dff9c56884aec0462873882e0ec9b9e0eb73c9c7e5ae8a11aea551ecb7a1ea,CC(O)C1CCCN(C(=O)c2nn([*:1])cc2[O-])C1,Fc1cccc([*:1])c1>>Fc1ccccc1[*:1],Fc1cccc([*:1])c1,Fc1ccccc1[*:1],22418,22017,1,1,1.0,17,7,7,24,24,18,10-19,C#CC[*:1]>>CC#C[*:1],7038dcda39b5f83e3b1a3f28d63be9f019b9957478ddf7c896e38c4a67aa1937,69594bdcdd656e5684f8b1a1191ccecd793586c30fcd154632aeaa379b66bf77,CC(O)C1CCCN(C(=O)c2nn(-c3cccc(F)c3)cc2[O-])C1,CC(O)C1CCCN(C(=O)c2nn(-c3ccccc3F)cc2[O-])C1
5478b5542e3841fa28c94c3b602e71b22ef3949ae20fa0d88566c1ed77f87b97,25edb158b1ef78ecf16bd0eecba21d9802cc93fba91c2648d781de5d547f467d,COc1ccc(Nc2cccnc2[*:1])c(C(N)=O)c1,CCO[*:1]>>CC[*:1],CCO[*:1],CC[*:1],1276,12725,1,1,1.0,18,3,2,21,20,18,10-19,CC[*:1]>>c1ccc(CC[*:1])cc1,8a6cc82708c28311e8d2714c45e7ad27a55464d06c3d6673316756117df21672,83ba0ae9840e728e33c520efe36110b5a33a024dd35ee5b5f3d387b9d6aade11,CCOc1ncccc1Nc1ccc(OC)cc1C(N)=O,CCc1ncccc1Nc1ccc(OC)cc1C(N)=O
f59e6f3e7c571861e0cb4d3210d94096a1c2e2f4fbc1c3a3c2e784ec0e4ecb05,aeee040be1dd44f0ae788344f1930fe468aea25ed8cebe8114aaf49cd3fa26a4,Cn1cnc2ccc(C(=O)NCC3([NH2+]CC[*:1])CCCCC3)nc21,C#C[*:1]>>C[*:1],C#C[*:1],C[*:1],2767,421,1,1,1.0,23,2,1,25,24,18,10-19,CC(C)[*:1]>>c1cc([*:1])ccn1,cd8d280dac63a3c562a65e3b67bf7700be9ea8428152164d1d9c33f8f39eb053,726a5f3dfa44571d4ca2b16975768e5a9f2a0f54e9273cb18838b50df648034f,C#CCC[NH2+]C1(CNC(=O)c2ccc3ncn(C)c3n2)CCCCC1,CCC[NH2+]C1(CNC(=O)c2ccc3ncn(C)c3n2)CCCCC1
4970a177fffd641222f6423e38c021be9351c69f7ac3a69f8a88ebe2a850aba8,733ab8ab0b8b3a47f48540fcec8abbd7af1bfb64e5ad26b19849a24699bee2a1,CC(C[*:1])S(=O)(=O)NC1CC2CCC1C2,CN[*:1]>>C[*:1],CN[*:1],C[*:1],36758,46180,1,1,1.0,14,2,1,16,15,18,10-19,CC(C)(C)[*:1]>>F[*:1],be1254cd60aa0d2c4e6ee54afaace500365e97ed895e20caa908ea3c13ea75dd,64948711c1b48359e836faa379b96e2a21abb272a42d742747b35c7da10b39e5,CNCC(C)S(=O)(=O)NC1CC2CCC1C2,CCC(C)S(=O)(=O)NC1CC2CCC1C2
7e1da759de2c70efd69c549f4cff7432873ca3fe089b4b028fb54e70ab59026d,2749fa6a448db1330914366d02359c63592a09a58e6dce3221122ba90293b71b,Clc1cncc(NC2CC([*:1])C2)n1,CO[*:1]>>CS(=O)(=O)[*:1],CO[*:1],CS(=O)(=O)[*:1],35380,36420,1,1,1.0,12,2,4,14,16,18,10-19,C=CCC[*:1]>>CCC(C)[*:1],cb6a45b16a69f6c43e28c6024f683fa3807d213cbc7188db60eababe4c24fe19,be13610985256f0be4f16353e96941039f634befcf37301caadc1a6b58d97ca0,COC1CC(Nc2cncc(Cl)n2)C1,CS(=O)(=O)C1CC(Nc2cncc(Cl)n2)C1
3af833b242ca5c318c6de438a17a6dc815bc279ce2c7870814f61d8280d70235,ec7cd250a477a78a6f61d2f569a38a6fd1cea4879a6662d91834bca2862139b7,CC(C[*:1])NCC1CC2CCC1C2,CN(C)[*:1]>>N#C[*:1],CN(C)[*:1],N#C[*:1],20518,2445,1,1,1.0,12,3,2,15,14,18,10-19,C#CC[*:1]>>C[*:1],07b91ee0ee2b788aa54d20ac3b3f23d12fd9be1abce54914227573312ca284aa,40f527806127a6705a8387478ec2a7b7e35e537e23d6938bfd41dc094980ee46,CC(CN(C)C)NCC1CC2CCC1C2,CC(CC#N)NCC1CC2CCC1C2
f14099cdbff3b1aa35196c159f575d7c85d9151ef89ad5977b1fa6dcab85845d,f98c6d87cb498e502eeaeb0a60f6ac1878144b506f4f1ddf455c3db73fd359e7,NC1C2CCC(C2)C1C(=O)C[*:1],CC(C)O[*:1]>>CC[*:1],CC(C)O[*:1],CC[*:1],45193,2187,1,1,1.0,11,4,2,15,13,18,10-19,C1CC([*:1])CCO1>>c1cncc([*:1])c1,0059010971f89bc913e121c375c8fee92db2ac340065ed0ec2035c83f21c0c16,72de9cc3e4364b6077b4a176d5d05dd30970f616c5ec3177ba5ea0613eb3be01,CC(C)OCC(=O)C1C2CCC(C2)C1N,CCCC(=O)C1C2CCC(C2)C1N
0f06a95226323ffb5492a693e8922d4bd520a2ea9eea7b16406c5abd519b4269,8969ce02a93ca7278f8078cf41e5c0eabaee3cefda3660353067405128a3789c,CC1C[NH+](CC[*:1])CC1NC(=O)Cc1cnn(C)c1,CC(C)(C)[*:1]>>OC[*:1],CC(C)(C)[*:1],OC[*:1],6505,4412,1,1,1.0,18,4,2,22,20,18,10-19,CCCC[*:1]>>C[*:1],06a391d7ccfbe648ea7e764855fee717371e0479d50240af2c2ad9b24091f5f0,40c8a08b04dc853dfb750349a2aa5cd94872364b4d2e159a579e1eb8257360e6,CC1C[NH+](CCC(C)(C)C)CC1NC(=O)Cc1cnn(C)c1,CC1C[NH+](CCCO)CC1NC(=O)Cc1cnn(C)c1
66e67f91a041057de2c067dc551161b88f17591774033e1d72ba7011af3de902,abc592e729e2a211d2ada3482ca56a0b1ce8be3f98794002902a28562ff2db94,Cc1cn(-c2ccc(F)cc2)nc1C(=O)N1CCC(C)C([*:1])C1,O=C([O-])[*:1]>>OC[*:1],O=C([O-])[*:1],OC[*:1],26460,22549,1,1,1.0,22,3,2,25,24,18,10-19,c1cncc([*:1])c1>>c1coc([*:1])c1,02bd61ce2556b89dea84a5d023962565e05e055fc9f6498644e3cbd873a12c72,744ec537cc30b9fc2063755aeea17180d645323ca9185a937480b34ad2113781,Cc1cn(-c2ccc(F)cc2)nc1C(=O)N1CCC(C)C(C(=O)[O-])C1,Cc1cn(-c2ccc(F)cc2)nc1C(=O)N1CCC(C)C(CO)C1
711a3a85b015b602031ed5940b9b9742d5b8ac71ab1e05acd710974f1265d0f0,9373080596a1630f3b9976b92e6fa9529e03ddebd39da2a6b88ecafaeb61f6b5,O=C(NCC1COCCN1C(=O)C[*:1])c1ccccc1F,CC(C)O[*:1]>>CO[*:1],CC(C)O[*:1],CO[*:1],21230,8587,1,1,1.0,20,4,2,24,22,18,10-19,CC[*:1]>>COCCC[*:1],bf70e838a5d9aa2bffe5d9a5ea43473f2c8cf215d03b5d7bdb27cf8de97b3fa4,f60c305f205eca245a0fd6c51ff95faf3f24af5c3b250de9a0585c8f29755ec4,CC(C)OCC(=O)N1CCOCC1CNC(=O)c1ccccc1F,COCC(=O)N1CCOCC1CNC(=O)c1ccccc1F
4b5dd4d1948f16627020c0410f5602c961d8dde4b6c058885c70a7d80a00b65f,47734c9f79a3da4012a4d4b28d3a708c38d94aea0b606c1d610a80ba087baf45,Cc1cc(C)nc(-n2nc(C)c(CC(=O)NC(C)[*:1])c2C)n1,COC[*:1]>>NC(=O)[*:1],COC[*:1],NC(=O)[*:1],45251,31441,1,1,1.0,21,3,3,24,24,18,10-19,CN(C)C(=O)[*:1]>>N#C[*:1],c656b9b2c70a2918c1b34b37e4b75318565b7805751e9fb3e8937e2cd4093201,82a633cf6e068485c11aa8d94142a55b3d713d48058ff6d6879d5c427d9c4a87,COCC(C)NC(=O)Cc1c(C)nn(-c2nc(C)cc(C)n2)c1C,Cc1cc(C)nc(-n2nc(C)c(CC(=O)NC(C)C(N)=O)c2C)n1
498953ea9a8abe4ff71a7684d829f73986b56fb30b19dc940527270ff29a1fce,8bf4c8b015788b9891151702b5b3bac0fb0f3b26394704f7a5c3f92e064ec3c2,O=C1CCC(CCCCCS(=O)(=O)NC2(c3ccc(F)c(O[*:1])c3)CC2)C(=O)N1,FC(F)(F)[*:1]>>FC(F)[*:1],FC(F)(F)[*:1],FC(F)[*:1],49960,20430,1,1,1.0,28,4,3,32,31,18,10-19,C#CC[*:1]>>CC[*:1],fc2de93b3b91d7c7d701610be6725875f5f94b9b870731fce521590d615b26d1,5bd33bd4ee03ec2110ae28f0b5230c0debb774abd8f0b73d4b7336d0b97a92a4,O=C1CCC(CCCCCS(=O)(=O)NC2(c3ccc(F)c(OC(F)(F)F)c3)CC2)C(=O)N1,O=C1CCC(CCCCCS(=O)(=O)NC2(c3ccc(F)c(OC(F)F)c3)CC2)C(=O)N1
11f21c584d2bd5b2a21ff9c144ec7ec0098f83cc221253246124714a1938445b,9561fa016930aa145f53d917a3ab831968b8bfedc95e8c371ac69b8f07c29ba0,O=C(N1CC2CCN(C(=O)[*:1])CC21)C12CCCC1C2,Cc1cccc([*:1])c1>>Clc1cccc([*:1])c1,Cc1cccc([*:1])c1,Clc1cccc([*:1])c1,48397,41162,1,1,1.0,18,7,7,25,25,18,10-19,Cc1cccc([*:1])c1>>c1ccc(C[*:1])cc1,2e3e0387a136aea504790194f92ee5d367b5e5736a6f1743a5de214efef48cf7,fa9b33fd3cf906ca26e09445fa03a95d8dcd5eb87f6b30e6740bf41a6bdc5871,Cc1cccc(C(=O)N2CCC3CN(C(=O)C45CCCC4C5)C3C2)c1,O=C(c1cccc(Cl)c1)N1CCC2CN(C(=O)C34CCCC3C4)C2C1
eea648afc65bb398e7e175d2799a887e691ff0e2d273678dd7bdd90e3afc0359,a2ce2b8a94c8bcb7d4cd800416f70993f9b8d243042e60c2a971b7b5f36d0071,c1cc(NC2CC2C2CCOCC2)nc([*:1])n1,CC(C)[*:1]>>N#C[*:1],CC(C)[*:1],N#C[*:1],37757,37903,1,1,1.0,16,3,2,19,18,17,10-19,CC(C)[*:1]>>COc1ccccc1[*:1],0da35dce0158e919a516135279c65167b0ccf6633028c26e3a39df2182517732,7c69eafbe83ae73cbb58a127263fb1a9798efa5fe584ca9b0850c8ff390486e7,CC(C)c1nccc(NC2CC2C2CCOCC2)n1,N#Cc1nccc(NC2CC2C2CCOCC2)n1
95f88b18dfae279f187eeb3904d17b14e5b82c0d0e8b6118a539562a3c913828,274c50958c356b6a8773e3174e6aae3be1a0e05370c298fbf961cb9d3063a1ee,Cc1cc(-c2cc(C(=O)OCC(=O)N[*:1])c3c(C)noc3n2)c(C)s1,CC(C)CC[*:1]>>CCC(C)[*:1],CC(C)CC[*:1],CCC(C)[*:1],41884,38162,1,1,1.0,24,5,4,29,28,17,10-19,O=C(O)C[*:1]>>OCC[*:1],fd651a59424f2e082aabab9208557abf38634104c52d1b4a32fe4a99f6450cda,e631471eb7b0ff50520118c6980f8d1259c4fb3ec2beaade61f408cc1b65d02c,Cc1cc(-c2cc(C(=O)OCC(=O)NCCC(C)C)c3c(C)noc3n2)c(C)s1,CCC(C)NC(=O)COC(=O)c1cc(-c2cc(C)sc2C)nc2onc(C)c12
2d61b0ed456536c644db8b9be0303cac9eba5bde21f2fee1fe315a28dad46a21,71eea265dfc027a3a5d4ec989c3d0e59052c9a1a1b84c4881c5aede8e0bdbd45,CC(NC(=O)N1CC(C)([*:1])C1)C1CCC1,COC[*:1]>>CO[*:1],COC[*:1],CO[*:1],37241,5083,1,1,1.0,14,3,2,17,16,17,10-19,Br[*:1]>>COC(=O)[*:1],6ef8b2162f04e683d2cb6ce8bbe34ba6bab96fd8f4dcc458a8d8d8fc71d86fa3,e929f7d43cecc5b729f3339d4e9e7f1947ef54b064c753a8f518ac0c96135e13,COCC1(C)CN(C(=O)NC(C)C2CCC2)C1,COC1(C)CN(C(=O)NC(C)C2CCC2)C1
d0c377404a3a49b204fd7f0be73e57a3867c615027a7f86d27f129363730c045,bb487bafe8e150b0198d27194d6c291538017dcd78fdeb91eb1db41cfac22623,CC1(CNC(=O)C(=O)N2CCCCC2[*:1])CCCO1,CC(C)[*:1]>>Cn1cc([*:1])cn1,CC(C)[*:1],Cn1cc([*:1])cn1,31334,43517,1,1,1.0,18,3,6,21,24,17,10-19,C1CC([*:1])CO1>>C1COC([*:1])C1,e24822889feb44fdd027f9e1c10743f1c5b2c411e136fa8bd88b62c51e2af536,b050340eaa958cf7ac26214e80fda8fca1d571cd952065650b7954e37fb2d984,CC(C)C1CCCCN1C(=O)C(=O)NCC1(C)CCCO1,Cn1cc(C2CCCCN2C(=O)C(=O)NCC2(C)CCCO2)cn1
d2c88f8e50e3136185384a80d0ef36c6e677d287ebcb54f4586ac71b2e5dc730,24a8d960a3997c410aab151373845a4f71308798ce5840d6e257c117a00e6a11,Cn1nc(C2CC2)cc1CNC(=O)NCc1ccccc1[*:1],F[*:1]>>OC[*:1],F[*:1],OC[*:1],21545,1043,1,1,1.0,21,1,2,22,23,17,10-19,Cc1cccc([*:1])c1>>Fc1cccc([*:1])c1,342f5c075ff7f21421c4e14f5cd0afe0f9ef0d9609cc2bbc4d82bcd9f8890fb3,eed1fa03e09eef8eb89d829fc6a2cfd32813271d972ec933e97024ee9772ee3d,Cn1nc(C2CC2)cc1CNC(=O)NCc1ccccc1F,Cn1nc(C2CC2)cc1CNC(=O)NCc1ccccc1CO
22ef4284b4cb7dfbcaab331ea4f4d741b3bc557fbbc0753f3b372d129988ad72,7777cfee839e50c793bfc883c8fa398a8eb92623be3c060bd809374aa162975e,Brc1ccc(OCCC2CSCC2[*:1])cc1,CN[*:1]>>O[*:1],CN[*:1],O[*:1],36882,24304,1,1,1.0,15,2,1,17,16,17,10-19,C1CC1[*:1]>>N#CC[*:1],addd1e02b0421e1e8d19e0473b9ada172ad74db49f1b47567a975692cb93c07f,2938b0b12db5e6719f709a5421d7bfe1e6a5decbcf521a2a9d647325145395c5,CNC1CSCC1CCOc1ccc(Br)cc1,OC1CSCC1CCOc1ccc(Br)cc1
02d12ff703bfd7b4902196997ff869d6d0c6d8ffec7ed6005358327185098c42,e1ec52e4100a8a265a9173b709ec04018963f6ba7e9fa5b2fadeacde8a3c27b0,Nc1[nH]nc2nc(-c3ccccc3)c([*:1])cc12,Br[*:1]>>I[*:1],Br[*:1],I[*:1],47239,18391,1,1,1.0,16,1,1,17,17,17,10-19,C1CC([*:1])CO1>>c1ccc([*:1])cc1,c3b779123c46bcdf3e123fd42bfa7f5703723cab08976afce39198d9d70ace92,5abf22a88e30d5f10c188e7600e0458f8fdbd08c60d13682ebeb13c166887d9e,Nc1[nH]nc2nc(-c3ccccc3)c(Br)cc12,Nc1[nH]nc2nc(-c3ccccc3)c(I)cc12
675d5aef54ea44715f1c44d4c53d039725c2539f3df1a4d7c3a893f6e9d625f5,a8d33185c27521c65eecdcc47dfd3df8d68d323907eec0cbc8e19021f40c93e7,O=C(NC1CCC(CO)C1)C1CC1c1cccc([*:1])c1,Br[*:1]>>N#C[*:1],Br[*:1],N#C[*:1],38429,29451,1,1,1.0,19,1,2,20,21,17,10-19,C=C[*:1]>>CC(C)[*:1],b650dcfb595761c648083f2c5d5d4988c8bc8948c15f413b9e5892148902ee24,3a3490126d05f8a9d9a893a75854e58c88a5a6d36aa46dcbffc461eb03538391,O=C(NC1CCC(CO)C1)C1CC1c1cccc(Br)c1,N#Cc1cccc(C2CC2C(=O)NC2CCC(CO)C2)c1
7960725e31b7e22eb1b2113f8e502a1da5a39297fea0ec90e45f45a5fbc68509,0e5c246680f1d763b75d523298859858a988c7d79778699d491a42d23d6d4df5,CC1(C)C2CCC([*:1])(C2)C1O,N[*:1]>>OC[*:1],N[*:1],OC[*:1],10864,49581,1,1,1.0,10,1,2,11,12,17,10-19,C=C(C)C[*:1]>>C[*:1],e34913e5f088403e56b4a15f87fa66d3f9286278d50b81bb139d1493056da1a3,e385f0d7b38af69e5656db2bce6417a26aad36c997dbc2eda3fe76a2f65ac108,CC1(C)C2CCC(N)(C2)C1O,CC1(C)C2CCC(CO)(C2)C1O
9a5a4a60cb5e6b2ab43f0add50f45cc897881857d98b373a86b98b9ed27fd83c,3846dde0a897f50442406713c7b163c19317a7e968691559cb3041262497b6d6,COc1ccc(Nc2cccc([*:1])c2N)cn1,CCOC(=O)[*:1]>>COC(=O)[*:1],CCOC(=O)[*:1],COC(=O)[*:1],37436,28600,1,1,1.0,16,5,4,21,20,17,10-19,CO[*:1]>>CS[*:1],819ea251e77395ce5ed06a1818190931cf11a7f75d70ab4c1be7d3c8bc4240c1,d641150cd28107e2ab0e40a83018a46b919b41eb7930000681cf10fabc0e2f29,CCOC(=O)c1cccc(Nc2ccc(OC)nc2)c1N,COC(=O)c1cccc(Nc2ccc(OC)nc2)c1N
816f4b2d1b3158bb0a276df834e55d5d6ee33c56b97f46b278f147c59ce36135,911eff7b5c3c4a3da52815a109309993e49694dfcd44aae30892e2c47f301345,Cc1cc(CN2CCSCC2)oc1C[*:1],CCN[*:1]>>CN[*:1],CCN[*:1],CN[*:1],47027,21714,1,1,1.0,14,3,2,17,16,17,10-19,C1CC1[*:1]>>O=C([O-])[*:1],1e72d21517c7f45b43ac439f7985b6b4be0098af44e8f1fc1b5d78e849e92d06,17cedcaf0caeafec5d355706213ae6238c26c3e4869848455acca0ada70fe348,CCNCc1oc(CN2CCSCC2)cc1C,CNCc1oc(CN2CCSCC2)cc1C
2235aa25b5181cc5722ea9f9197a44c6526610750f5536453cea4baf258cc456,192b353ef6228839da997dc0665e851677e93dba42cdc6875f51e210fe03958a,N#CC1(NC[*:1])CC2CCC1C2,COC[*:1]>>OC[*:1],COC[*:1],OC[*:1],1992,23588,1,1,1.0,11,3,2,14,13,17,10-19,COc1ccc([*:1])cc1>>Cc1ccc([*:1])cc1,8839008f3e06a857ce94f219e6acd5dcec4419e24db7de056bab8136f5762296,bd5856937648380bf16fc4e530e75eac86ac814d3f53354b4e4564c20cb845cc,COCCNC1(C#N)CC2CCC1C2,N#CC1(NCCO)CC2CCC1C2
330fbae22a9e5aa05ff8c7f92ff0512b41b9e2ba548aa1500ddb84d704bfd745,90cbc91defee18c85c21a7cf54632c3014f6f1834d8aacb5a76162c223cc68e4,O=C(CC1CCCCO1)N1CCN(C(=O)C[*:1])CC1,Clc1cccc([*:1])c1>>Fc1ccc([*:1])cc1,Clc1cccc([*:1])c1,Fc1ccc([*:1])cc1,15178,45571,1,1,1.0,18,7,7,25,25,17,10-19,COC[*:1]>>NC(=O)[*:1],97cf14afd80a363edcccdf4549c35281e65fe2e24b16f57dc9641314e650ec96,d2c4c0ea87b2d50c9e6fc69bfb8184023b621bae3e1ed538ea0a77faa87037e1,O=C(Cc1cccc(Cl)c1)N1CCN(C(=O)CC2CCCCO2)CC1,O=C(Cc1ccc(F)cc1)N1CCN(C(=O)CC2CCCCO2)CC1
e451b889b3efa88d11520837a24cfd16f8f329f938abe48a5d9651868ea4b249,101aea213fd4c2c85dc22ea51e4ba22aabdd28b530e35a5a8517b5ca11369f6d,Cc1ccc(NC(=O)c2cc3c(cc2[*:1])OCO3)cn1,CO[*:1]>>N[*:1],CO[*:1],N[*:1],24444,8021,1,1,1.0,19,2,1,21,20,17,10-19,O=C(O)[*:1]>>c1ccc([*:1])cc1,cd0f094abe9d925c3d86493a21f5e9610f9a57d384e22178297c5570323785e2,c60c4fb463e402a411f400eaff3cf7be2eaa9b22c698b099be995edc485f2c82,COc1cc2c(cc1C(=O)Nc1ccc(C)nc1)OCO2,Cc1ccc(NC(=O)c2cc3c(cc2N)OCO3)cn1
49427520ae81f4b6597c7affdded85b06169a93dffc08a4ae78035b588eba13a,ac91e8493a22e428ca64756878e34fd2351c82cbbf22046caafe75c58871e822,CC(CCNC(=O)C(C)O[*:1])NC(=O)C12CCC(CC1)C2,C=CC[*:1]>>C[*:1],C=CC[*:1],C[*:1],17119,17423,1,1,1.0,20,3,1,23,21,17,10-19,CC(C)O[*:1]>>CCO[*:1],d29f4ac313cba6cf81d0e178eeb86c7d348ef28071b7e1ab1d70efffde33d802,5e4629a1e53c9ac9f18f7f984915c350006aec5eaa1dccde7043f61decbfda29,C=CCOC(C)C(=O)NCCC(C)NC(=O)C12CCC(CC1)C2,COC(C)C(=O)NCCC(C)NC(=O)C12CCC(CC1)C2
26972fade55ce7fb6b2d9c693abcc7b276648fd64fa9e5aa0f161fbd023d3586,d4e8fd1fa04393169537f97bd3dcaf3eefaeb686ed570f369455ca14e89abc4b,COc1cccc(C(C)[NH2+]Cc2cc([*:1])no2)c1O,CC(C)[*:1]>>CCC(CC)[*:1],CC(C)[*:1],CCC(CC)[*:1],16613,47622,1,1,1.0,18,3,5,21,23,17,10-19,CN(C)C[*:1]>>C[*:1],6aa864f13dc7d9bc8459a1fbf01a5866fbe2fe6db076d099bc989ce9f1467371,8cd2a39d249ae17173ffa228174d48f5b90f2fa6fe0851334623f1c9c5803911,COc1cccc(C(C)[NH2+]Cc2cc(C(C)C)no2)c1O,CCC(CC)c1cc(C[NH2+]C(C)c2cccc(OC)c2O)on1
c394bf12d21bd4b7e05cb32b10e893ee7a85b6bbaceda4b6b3e450955b20a7b0,feaafe6ef3c2e717e34b8a99b3072a15b513a95498649067d0bee42e8cec7c41,c1ccc2c(-c3csc([*:1])n3)coc2c1,CC(O)[*:1]>>C[*:1],CC(O)[*:1],C[*:1],43423,47944,1,1,1.0,14,3,1,17,15,17,10-19,C1CC1[*:1]>>COc1ccc([*:1])cc1,ffa2827ca91f65f902896a7b6be699bc21565edfe5be3644662b423023e4ba75,f02bcf07fe1aa73bcf1a7d44e9130636162318c0a4c60dcb5ace7713873ebced,CC(O)c1nc(-c2coc3ccccc23)cs1,Cc1nc(-c2coc3ccccc23)cs1
20701c26660a9f7707bb25d2ee97f993f1ac5089680a18a1881e8ccde1a2f42e,77c1474ef72b562d2cb4e5dd859887e5458a322415168ab252feeb6f8998fa00,Clc1nc(Br)ccc1Nc1ccc([*:1])cc1,NC(=O)[*:1]>>OC[*:1],NC(=O)[*:1],OC[*:1],49102,12422,1,1,1.0,15,3,2,18,17,17,10-19,CC(=O)N[*:1]>>F[*:1],065c271ec131121ba5368c0d7382113ed5289b08eeeff72e8cca5bb69eeae14f,0d081383e647d036c81f1aef5ba12ce18b989e964c29f25312103e6d4e386248,NC(=O)c1ccc(Nc2ccc(Br)nc2Cl)cc1,OCc1ccc(Nc2ccc(Br)nc2Cl)cc1
b918ca088a593978a5489567385a7c80d9bce79ede08b795b8c9c8af8863da26,5259257608b8f76c7dfe9c9573eaced2bb00ccea41b1b19d232648f34dec0608,CCCNc1cncc(Nc2ccc([*:1])cc2)c1,CO[*:1]>>CS[*:1],CO[*:1],CS[*:1],48581,27693,1,1,1.0,17,2,2,19,19,17,10-19,CCN[*:1]>>N[*:1],f450be6eca091d2f7dfbf06cbbbd0be7f3f608ab5e5d5230065bc94162d5e25c,17ad80687fd42b382d327fce6212a68847d67e7831d7cd06a6df145212004dc1,CCCNc1cncc(Nc2ccc(OC)cc2)c1,CCCNc1cncc(Nc2ccc(SC)cc2)c1
9c445356d7e266591d2797336494a9682964f312664089849f6e954c66a25b3a,ffc36bad3f21a1675cd7bac0d11132092cbad53da5dac26838cee276ddde0af2,O=C(NC1CC(CNC(=O)[*:1])C1)c1n[nH]c2c1CCCC2,CCCC[*:1]>>C[*:1],CCCC[*:1],C[*:1],20660,44444,1,1,1.0,20,4,1,24,21,17,10-19,Cc1cccc([*:1])c1>>Clc1cccc([*:1])c1,5a94731e49211d0a33d8ee454e69e2be2bc219a725ffb0d91f941e9469effcba,3f3beee60a829ae1a620e0d142b9b926391de2322928d6c8723f71ba39682cb4,CCCCC(=O)NCC1CC(NC(=O)c2n[nH]c3c2CCCC3)C1,CC(=O)NCC1CC(NC(=O)c2n[nH]c3c2CCCC3)C1
96f76585c2e7aa9997a81705179fdc95f2ff7453e43675c581566734bf83d279,4ff689393a49a8e7129e4099b4a14192845e908e4c709dea952a09a90caef791,CN(C(=O)c1cc2ccccc2s1)C1C[NH+](CC[*:1])CC1O,C#C[*:1]>>CC(C)[*:1],C#C[*:1],CC(C)[*:1],5421,30915,1,1,1.0,21,2,3,23,24,16,10-19,Clc1cccc([*:1])c1>>Clc1ccccc1[*:1],525b59332c5f413c816847ec8fe8f0d0987166ca342b030280946277220f9de2,3a706897446ed1ad68e3e8c5447a93cb6f14038506daa201cfb227ddb681485c,C#CCC[NH+]1CC(O)C(N(C)C(=O)c2cc3ccccc3s2)C1,CC(C)CC[NH+]1CC(O)C(N(C)C(=O)c2cc3ccccc3s2)C1
99c8356955bee284fde20b93bbd366bb0434919b661d7aa122555d5137a1e38f,2daab842f5eb87f1110618d9f2499061a0f31e7a57035e300fd8d91d3de02566,CC(C(=O)NC1CCC(Nc2ccc(-c3nn[n-]n3)nn2)CC1)[*:1],CCO[*:1]>>COC[*:1],CCO[*:1],COC[*:1],12870,19952,1,1,1.0,23,3,3,26,26,16,10-19,Cc1cccc([*:1])c1>>c1ccc(C[*:1])cc1,14410fde66468d2d7c4101cd44921369584dd1bfd168e99d3dc0491f5282bf8c,e8b39647581846dfab1e5fc8ec4ec88c1a66563241c6d17ba609c61f9195a859,CCOC(C)C(=O)NC1CCC(Nc2ccc(-c3nn[n-]n3)nn2)CC1,COCC(C)C(=O)NC1CCC(Nc2ccc(-c3nn[n-]n3)nn2)CC1
d98cf44f7256856375a67dd2797bb4e22c2459e5ee8142a0b9352ea8486ccccc,0b99061af96d53146b36858e5afd6bed95b2fdd6657743eadfe1bb198931509a,Cc1cc(F)c(Br)cc1Nc1cncc([*:1])c1,Br[*:1]>>CN[*:1],Br[*:1],CN[*:1],39492,36112,1,1,1.0,16,1,2,17,18,16,10-19,C1CC1C[*:1]>>CCC[*:1],51b45bf41788b0782fd217b1ddadefbfb80a8ea86700d7293bc86419bb2dcefe,0e28c32ff78f49d050a68709cbbf236193c3eea585481d2937ad5652dfa7dfab,Cc1cc(F)c(Br)cc1Nc1cncc(Br)c1,CNc1cncc(Nc2cc(Br)c(F)cc2C)c1
5d18180cb998ac6269c13ac19b6b3724155c2d7fb76b7bd649c22026c7226175,48e4ea82a028a438896f5046699794a37babf459ab9fc621bbbd170d3c02ad63,CCC1CC([NH2+]CC2([*:1])CC2)CCO1,CC(C)C[*:1]>>OCC[*:1],CC(C)C[*:1],OCC[*:1],19565,45288,1,1,1.0,13,4,3,17,16,16,10-19,C#C[*:1]>>CC(C)[*:1],e79767136a94adc8d7e49b3ea70bf2a231d5874caee6ee00c0f8f7ada2ad2a92,e9476412dacfab15e6229151a6d27b2b94e9a82aaced3332892d0750eb86d489,CCC1CC([NH2+]CC2(CC(C)C)CC2)CCO1,CCC1CC([NH2+]CC2(CCO)CC2)CCO1
8b545816a962a84e0d2142fa66b6cf28b8a027bf5d1b731cc10f61ca605991ff,b68a314dbdd349470396819dfd6553310c5230cf037c2aa9f56bce3a3d7a598c,COc1ccccc1CNC(=O)C(C)Sc1nnc([*:1])n1C,Clc1ccc([*:1])cc1>>Clc1cccc([*:1])c1,Clc1ccc([*:1])cc1,Clc1cccc([*:1])c1,7479,7426,1,1,1.0,21,7,7,28,28,16,10-19,C1CC(C[*:1])CO1>>CCC(OC)[*:1],a73b55701e4a3a76e6bb4cd090d5bf112bfc0b529e5c8e1d41f07abbd3af237f,5bf29df47414dbfd9027abc23bb8b0556e614f047502cc847f295337d47536e8,COc1ccccc1CNC(=O)C(C)Sc1nnc(-c2ccc(Cl)cc2)n1C,COc1ccccc1CNC(=O)C(C)Sc1nnc(-c2cccc(Cl)c2)n1C
39a1cc68132728a3f7c68402e2c664695f011ccfd3780417db3dd3244c753a57,cfe44137a2d17cf58dea28e2b465bea4591a315790bafc58006916e4275dc38b,CCC(C)C1NC(=O)C(C)N(CC[*:1])C1=O,C#CC[*:1]>>C[*:1],C#CC[*:1],C[*:1],499,37487,1,1,1.0,15,3,1,18,16,16,10-19,C=CCC[*:1]>>CC(C)C[*:1],c6b9f5afc236e40be7b294c3bf602c0e1c53f21a088073b3fa0a194769d2afe1,e70a2d880d3fb8bc0d9bb60ce283172d01823a3371fd84a5904762de5a882fa0,C#CCCCN1C(=O)C(C(C)CC)NC(=O)C1C,CCCN1C(=O)C(C(C)CC)NC(=O)C1C
0a73e1e00d00e555bb94a54877101f1b12a8b5d6de0dab4d1529fa4e8c92e278,e7d355f9103a0734d1559c0db4c18cb53aee78c2a60b97504d236ec297cf91ae,N#Cc1ccc(Nc2ccc(C(F)(F)F)nc2)c([*:1])c1,Br[*:1]>>COC(=O)[*:1],Br[*:1],COC(=O)[*:1],37935,43989,1,1,1.0,19,1,4,20,23,16,10-19,Cl[*:1]>>O=C(O)[*:1],c9948da191ae341e1cf02efda329d68fc7276cef1c2612c0bcae9bc6936746fd,b42f1b08afbe867948a215c44602a3974ea00da18735dc78f40393c23693c3d2,N#Cc1ccc(Nc2ccc(C(F)(F)F)nc2)c(Br)c1,COC(=O)c1cc(C#N)ccc1Nc1ccc(C(F)(F)F)nc1
ec0831a612fd3543bddf271db54d47723d696adc027e4d374ab7ba4beda50362,2502d90316aa008da0167eab9b869df292a22fb473325991efbba2f3b42fbf41,O=C(NCC1COCC[NH+]1[*:1])c1cc2c([nH]1)CCC2,CC(C)CC[*:1]>>CC(C)C[*:1],CC(C)CC[*:1],CC(C)C[*:1],6220,1415,1,1,1.0,18,5,4,23,22,16,10-19,C1CC1C[*:1]>>C1CCC([*:1])CC1,69be1c1a8671e9d2db9a3e0173fbcefa97e9c6cddffa7894be917cd1c15ed075,97887e08e234293d7b57354bde71708c9d83e295173825e777dea1ea983bb301,CC(C)CC[NH+]1CCOCC1CNC(=O)c1cc2c([nH]1)CCC2,CC(C)C[NH+]1CCOCC1CNC(=O)c1cc2c([nH]1)CCC2
08ae45cb7ebc7d5df03a50f87b66d442bcf2d349e690ca53eb658f7d9f1dac91,fb2db4a81950155cd39ed1827ac6e64782585393d7855144167366d0207e6770,CCC(C(=O)NCc1nnc([*:1])s1)N(C)Cc1ccccc1,CC[*:1]>>CS[*:1],CC[*:1],CS[*:1],45276,42702,1,1,1.0,21,2,2,23,23,16,10-19,CCN[*:1]>>CN[*:1],1c1898acb7bf915cfada18bcd8151979f911c4825cd7e7967c70821d223c2e50,b0b5b15996edc83b3cd6a2ffc8c9a7a357b140aad4dcc1fec3eeb1be1835affd,CCc1nnc(CNC(=O)C(CC)N(C)Cc2ccccc2)s1,CCC(C(=O)NCc1nnc(SC)s1)N(C)Cc1ccccc1
57e6696696fb7fbdd5b26139ce5238c13b6c3edba2f022a965026685e16f6a4b,cfcdeddcd09dbbe7effb7ff3890dbb53e19d9aa2ff9f985bb2fe7ed9fc22f0e4,O=C(N1CCC(COc2ccc(Cl)nc2)CC1)[*:1],CCC(C)[*:1]>>CCC[*:1],CCC(C)[*:1],CCC[*:1],10544,10175,1,1,1.0,17,4,3,21,20,16,10-19,C1CC([*:1])CO1>>C1CC1[*:1],086a14302632a576891f5f821b6ff77b9d3e19d2a094da080526be6dc99170fc,68d35932af1c2a29328c27b2526c20add91c8ef48b47c484690f50f6bcd5ae44,CCC(C)C(=O)N1CCC(COc2ccc(Cl)nc2)CC1,CCCC(=O)N1CCC(COc2ccc(Cl)nc2)CC1
782bf70c0b8852e79514ebf5b00ca9ebcf5fc189edc2898b719869984b5c4bd1,c41d8eb503ee5d228972ff7203d2b67c7b0ea2d15b4f1f7b096bef402465f150,Cc1cc(Br)ccc1Nc1cncc(C(=O)N[*:1])c1,CC(C)[*:1]>>COCC[*:1],CC(C)[*:1],COCC[*:1],38733,38643,1,1,1.0,18,3,4,21,22,16,10-19,Clc1cccc([*:1])c1>>Fc1cccc([*:1])c1,1f9ff474d70efd5b227e71bd01da27c2fbde71f02445bd190fcbb08e66ee273b,f17a7ab1a24163da1b510abb37a3fd8d92f420bb100df313ce5c015408ca97e2,Cc1cc(Br)ccc1Nc1cncc(C(=O)NC(C)C)c1,COCCNC(=O)c1cncc(Nc2ccc(Br)cc2C)c1
15d7e430c14bdc47a5380d89f1bd42ef72eeacb141498862f87fd033e8acbcbc,2213b528274fb8f070778c799bd408fc001ca504d1283a630705b41d65a41c2c,O=C1C(=Cc2ccccn2)SC(=S)N1[*:1],Cc1ccc([*:1])cc1>>Cc1cccc([*:1])c1,Cc1ccc([*:1])cc1,Cc1cccc([*:1])c1,5920,42192,1,1,1.0,14,7,7,21,21,16,10-19,Br[*:1]>>N#C[*:1],55e9171f34d2180f58fcfc2315e3d85865d479e57596fcd4ae175aecd56b2787,f8bff9e7aaa1de28b34b047376f2423d281bb36debdc75544676f30108f940af,Cc1ccc(N2C(=O)C(=Cc3ccccn3)SC2=S)cc1,Cc1cccc(N2C(=O)C(=Cc3ccccn3)SC2=S)c1
14b112de983af8188643472d6af2ce0b365ffd90fc85761b12265c98a99c2f22,87d1a8013ea2d59ac58b7b5bd8d875188150371f7d8f2d3fc29ecfb98addbe1c,Fc1cc(F)c(Nc2ccc(Cl)nc2[*:1])c(F)c1F,N#C[*:1]>>NC(=O)[*:1],N#C[*:1],NC(=O)[*:1],45395,42586,1,1,1.0,18,2,3,20,21,16,10-19,CC[*:1]>>COCCC[*:1],ffd0e58ded40500f407ecc13abdafa0ffe1526c8e9b91e4001b646315e3721bf,7da8ad7f1542bad8988162eeee616c05e90b67ffb52e5647df7c2924f9082cd4,N#Cc1nc(Cl)ccc1Nc1c(F)cc(F)c(F)c1F,NC(=O)c1nc(Cl)ccc1Nc1c(F)cc(F)c(F)c1F
b5746fad124fd4623f2db3bfb1adedb412acc2abd8225893c0f930c61c98e269,f8978c9ab5ab11606f8aa9bd6d309c5cf19a77538dc7456c93cfc947bc74d9a7,COc1nccc(C(=O)NC2(C)CCN(C(=O)[*:1])CC2)n1,CC(C)[*:1]>>CCC(C)C[*:1],CC(C)[*:1],CCC(C)C[*:1],34217,5617,1,1,1.0,20,3,5,23,25,16,10-19,CN[*:1]>>O=C(O)[*:1],12d7776f084f1135c6a2c8c54676eb18f22529c7d716b3c7ae9af79584dfe274,144fdf6b4de80345adc7a93a1fbecbb819e627ed1059e5e1037ab4bf7f1672e0,COc1nccc(C(=O)NC2(C)CCN(C(=O)C(C)C)CC2)n1,CCC(C)CC(=O)N1CCC(C)(NC(=O)c2ccnc(OC)n2)CC1
3e5cfc10b5ad415931dba882c8a94050a1e3dfd3e622d4421b6494bcccf1da2e,252e48b3f7e2e9c0d01eaf639b4d2b0376dde7d46318bef3a8fe3f39f1795883,Cc1nc(C)c(C(=O)N2CCN(Cc3cccc([*:1])c3)CC2)nc1C,FC(F)(F)[*:1]>>O[*:1],FC(F)(F)[*:1],O[*:1],37690,44710,1,1,1.0,24,4,1,28,25,15,10-19,CC[*:1]>>c1coc([*:1])c1,9e62fba0bc4bb505e73be40eb1de2a905a029c85dbf283fe56b79d05073a189e,a5fd56ce71a3179810ffe11d331115af4df9ad15fe82c64713bdf95d5879928c,Cc1nc(C)c(C(=O)N2CCN(Cc3cccc(C(F)(F)F)c3)CC2)nc1C,Cc1nc(C)c(C(=O)N2CCN(Cc3cccc(O)c3)CC2)nc1C
4e6bbbdef3bce9509beb9bdd6a63380e27ac5815ca8fb2c7e5e84d4e45e3e01c,493ed70571ce0a5d2afe763171934fe38e19ca8390be946a35cfcd10ed2b4738,C[NH+](C)C(CNC(=O)NCC1OCCc2ccccc21)[*:1],Cc1ccc([*:1])cc1>>Clc1ccccc1[*:1],Cc1ccc([*:1])cc1,Clc1ccccc1[*:1],48227,15222,1,1,1.0,20,7,7,27,27,15,10-19,CC(C)[*:1]>>CSC[*:1],e181f31bb1c72cc2056d529edf5cee9bcc4fa80289bad94b2b14dd64887487d0,6c9a26ca081709a6b85087b9425cdacb9c9621dbc355a4df7e09148b32068726,Cc1ccc(C(CNC(=O)NCC2OCCc3ccccc32)[NH+](C)C)cc1,C[NH+](C)C(CNC(=O)NCC1OCCc2ccccc21)c1ccccc1Cl
d1164b5bee5765ee83c444062e8f602622614bdcff0c5bf70ff180802bfbdc1d,2d996ddd007a626743857798b7389693bfd31f9a61361a1df4a88e98d50ff65c,Cc1ccc(Cc2nsc(N3CCN(CCNC(=O)[*:1])CC3)n2)cc1,CC(C)(C)[*:1]>>COC[*:1],CC(C)(C)[*:1],COC[*:1],28990,4511,1,1,1.0,24,4,3,28,27,15,10-19,CC(=O)N[*:1]>>C[*:1],22c90710137e908437a9da53f379ad79c02f820760475cd47fcdb3d99c981f3e,639c631ae5190ac51facce0a1ab47cfdc295e64b631662c6adb2c58ae0b90ced,Cc1ccc(Cc2nsc(N3CCN(CCNC(=O)C(C)(C)C)CC3)n2)cc1,COCC(=O)NCCN1CCN(c2nc(Cc3ccc(C)cc3)ns2)CC1
3eda466c4acbcb09339da1b0a68998674b194a0b99f55f1c7927b087af05e100,8423207603a8f18a32bf13e395cb1b3e94d6bdd2234c9f4cf23d6e230525d88b,Nc1ncccc1Nc1ccc([*:1])cc1,FC(F)(F)O[*:1]>>F[*:1],FC(F)(F)O[*:1],F[*:1],6317,8747,1,1,1.0,14,5,1,19,15,15,10-19,C=C[*:1]>>N#C[*:1],d8bf7de6fe7c58b4b7d0daf1f8a00c40e6e20d756d5a2667aaca50efeca64c97,2648612bd44606ebb46b0cfaa3dbd81c71d31283d89d03472b436f0dc51e0c65,Nc1ncccc1Nc1ccc(OC(F)(F)F)cc1,Nc1ncccc1Nc1ccc(F)cc1
8b5634d0d463be0eb28ff4cd6d23112f80af3716db3611fc755078f7e728bc7b,5d059ee52e299f06f065b2f8607f7be84e2c0ac8317056265208cbe9c71fdb57,C1CC2CC1CC2[*:1],OCC[*:1]>>OC[*:1],OCC[*:1],OC[*:1],12861,16914,1,1,1.0,7,3,2,10,9,15,10-19,C[*:1]>>O=C([O-])C[*:1],8d7b8c53acac84023c27f4cbcd27299ba62cf09135eab7c060b991195ed45e32,1ccc735244249c5bd4bebdb87b330ffcb4f53554b669c0cb0e0fa801b73e21a1,OCCC1CC2CCC1C2,OCC1CC2CCC1C2
ee0d1d0da214967ec15abe9203f3ef0d0f6709017552b3d59a33a482e5eb7d70,e68b5a6029202b25466e403c36e9a3f02fb7ea4642ed5030aa637277ccf99f78,O=C(N1CCCn2nccc21)[*:1],CC(C)[*:1]>>COC(=O)CC[*:1],CC(C)[*:1],COC(=O)CC[*:1],31438,35965,1,1,1.0,11,3,6,14,17,15,10-19,Fc1ccccc1[*:1]>>c1cc([*:1])cs1,bbf6d4c02705bcdb1f4804a0a723bdf33b8d10fa5aa2baf1aa635a8a3761144d,2c092d9266d6504c383b2a3745a76d53701b972edcf984e64cfccb1d249e9ff6,CC(C)C(=O)N1CCCn2nccc21,COC(=O)CCC(=O)N1CCCn2nccc21
b228ab6e13f9fb745544c03d9ef031252cbb5f770cba204763c8ed5e536bc4c2,74e04c5dd1d707cb3a0edf5269114c13238e68d4c7e8c25fff69f7a95775ced7,CCN1CCC(C2CNC([*:1])C2)CC1,COC(=O)[*:1]>>COC[*:1],COC(=O)[*:1],COC[*:1],47431,13822,1,1,1.0,13,4,3,17,16,15,10-19,Fc1ccc([*:1])c(F)c1>>Fc1ccc([*:1])cc1,cb72ef56b611e785247bc57b2962513464f8b06c022a292651be4ee3e6a4e4ad,37b074d8304849e91083b334e60856d84533ab856ccdf8968251049dff188c6e,CCN1CCC(C2CNC(C(=O)OC)C2)CC1,CCN1CCC(C2CNC(COC)C2)CC1
610145a1331766f698b27c9b43e44128e9e7006f8630928295442888bb67d783,16b44953397ddbd4e8029655c7e020e48339a0b11ae2d8cd86ab0b99e7eede44,NC1C2CCC(C2)C1C(=O)NCCC[*:1],CN(C)C(=O)[*:1]>>COC(=O)[*:1],CN(C)C(=O)[*:1],COC(=O)[*:1],31613,40030,1,1,1.0,14,5,4,19,18,15,10-19,C[*:1]>>I[*:1],b55fed1ca25e685b22a7a083fe83e86af815bd29664bf800433b040730bbec7a,b2a8d20194da2a798f88807813c4ff009d943a84e27a8a72ecc635df4e0d4130,CN(C)C(=O)CCCNC(=O)C1C2CCC(C2)C1N,COC(=O)CCCNC(=O)C1C2CCC(C2)C1N
a620388eeb4a6713adc1fe0ff0c9ecde143237065c73d83e99f8cb923b3295bd,7fe0e36c91e8e66fca3d912487cb1b902813fa7d5d0556e333005efdaee39445,O=C(COc1ccccc1[*:1])N1CCCO1,N#C[*:1]>>O=[N+]([O-])[*:1],N#C[*:1],O=[N+]([O-])[*:1],18431,37257,1,1,1.0,15,2,3,17,18,15,10-19,Brc1cccc([*:1])c1>>Cc1cccc([*:1])c1,55cc86699c3131cff36bcbc8d21020a826c9161b21b0709e427da65e11b1928f,6bc76e8a5d79aa297015877a44365211a1dfccea72eca7fbb1f212e0daf853ea,N#Cc1ccccc1OCC(=O)N1CCCO1,O=C(COc1ccccc1[N+](=O)[O-])N1CCCO1
98f8f874b7cb0bab92bbbe0b3de5b77c298dbaee1fbd196a9b958b1ed3e81279,d3199fefe82cdfe811c1f5492c9c9941f75bd378b8aa0bd8c7cfac0498082e4f,CC1(CNC(=O)Cn2nccn2)CN([*:1])CCO1,C#CC[*:1]>>CC(C)C[*:1],C#CC[*:1],CC(C)C[*:1],27229,22993,1,1,1.0,17,3,4,20,21,15,10-19,CC(O)[*:1]>>C[*:1],df27e3649840d52eb0f3974aabe7869fcbf81d646eec90b34212beeaeb70763e,eba04867345447e05dcd7d39e2cb3d9b10a78d21b990c4e8924cef78f13a38c4,C#CCN1CCOC(C)(CNC(=O)Cn2nccn2)C1,CC(C)CN1CCOC(C)(CNC(=O)Cn2nccn2)C1
95f069a521580a37a0ee56285496373992049c98e9d11a0e5e2405af93753a2d,2a16963099d290304ea34d764593864e30c170f904b9d9cb7faa232eee7277db,C(C[*:1])NCC1CC2CCC1C2,CNC(=O)[*:1]>>NC(=O)[*:1],CNC(=O)[*:1],NC(=O)[*:1],19265,13852,1,1,1.0,11,4,3,15,14,15,10-19,CC(C)(C)C[*:1]>>CC(C)[*:1],b539a19bfe01c2d1fe8f5270e168164e40eecc3f2315ec5f84942c242ebb5406,b13371a0c171f6daa943e7233527cbbd4d54e1c9dee15eb2a733807126490313,CNC(=O)CCNCC1CC2CCC1C2,NC(=O)CCNCC1CC2CCC1C2
d388b69461dc2ae0518d3e0cdfb71ec57cb129327d46fc7c99e7a1528089ca56,e94fbb872e30355538002d828389e70f2ad5753bd8d451a55913465b40439f63,CNC(CC1CC2CCC1C2)C[*:1],C#CC[*:1]>>CC#C[*:1],C#CC[*:1],CC#C[*:1],44347,260,1,1,1.0,12,3,3,15,15,15,10-19,COC[*:1]>>F[*:1],33510fe0e7979328205e229907a9f43523c19066780d1183f4e1c887872e1bed,6b2972b39894f745ee82385936e5f2d270bc78475e069b9077b3df398d64243e,C#CCCC(CC1CC2CCC1C2)NC,CC#CCC(CC1CC2CCC1C2)NC
ab94e6251c9febf170cd232c44b72603ae751b803b4d8fd934136cbb9e0de8ee,79498c4b17fb492b57c81c35b32ebbe30ddc661ff142aa35c141da13d80891d4,CN(Cc1ccccc1)C(=O)CSc1nnc([*:1])n1N,Clc1cccc([*:1])c1>>Fc1cccc([*:1])c1,Clc1cccc([*:1])c1,Fc1cccc([*:1])c1,41347,25881,1,1,1.0,19,7,7,26,26,15,10-19,C1CCC([*:1])CC1>>Cc1cccc([*:1])c1,ccf73d0e8c3c4a77dbdf2e3b0a354af0ddde0ceed23f7de5c66da6c1677fff24,5a5bd79c4bf4db5d5edaa3b0c9c1466f2a1c76187e132a935b8ad561c9691253,CN(Cc1ccccc1)C(=O)CSc1nnc(-c2cccc(Cl)c2)n1N,CN(Cc1ccccc1)C(=O)CSc1nnc(-c2cccc(F)c2)n1N
51c8903ff5dbcbe152fe834c75c8a68f54b3b3734f29e67cbdcec14945727dac,44cd3a1bb960b70b1ecc226b2911e7b4bd574a48656f6310c0a48eebfa84efa1,CN(C(=O)c1ccoc1Cl)C1CCN([*:1])CC1,CC(C)[*:1]>>N#CC[*:1],CC(C)[*:1],N#CC[*:1],49889,29371,1,1,1.0,16,3,3,19,19,15,10-19,N#CC[*:1]>>c1ccc([*:1])cc1,261ed3210dab7ffde02efcc93eab286fb318a1e24226cea027221dd291c473e6,fd6c3a68dc8ef2836893f650540f3b8bdae1462d18638b2803c4358e0f11e294,CC(C)N1CCC(N(C)C(=O)c2ccoc2Cl)CC1,CN(C(=O)c1ccoc1Cl)C1CCN(CC#N)CC1
239aa053f555c8c6f5c50c947044e1d469c306d3f8f57a8d595f1a329fb0267a,2e53d5260a86c3c9d12ed61023e868dd648b1fbb231a7bb9cebc65dafebc21cb,CC(CC12CCC(CC1)C2)[*:1],COC(=O)[*:1]>>N[*:1],COC(=O)[*:1],N[*:1],47784,35035,1,1,1.0,10,4,1,14,11,15,10-19,CCC[*:1]>>Cc1ccc([*:1])cc1,914f2c46dd3d5d7bba59642480f83ba3373a265b736757458214a63dba413ab5,f0329c152ff175bd6cf3f140159ef1e20a79b0ee2b86369f54aaa163cab800a2,COC(=O)C(C)CC12CCC(CC1)C2,CC(N)CC12CCC(CC1)C2
e03cf764fb8f268fb66aab9e222cafbc1bfa286164176bd1307db43017500174,17ecc719a287a3a76bdcf21c8ba03542948f81b2072a258153c025e4b1dca0e4,CCC(CC)n1ccc(C(=O)NCC2CC[NH+]2[*:1])n1,CC(C)CC[*:1]>>CCC(C)C[*:1],CC(C)CC[*:1],CCC(C)C[*:1],46540,34132,1,1,1.0,18,5,5,23,23,15,10-19,C=CCC[*:1]>>CCC(C)[*:1],1b0a7cd928b3187d5bc2cf360182d7c2e6e26d6146014aed564c4bcf20e8fcb7,feef15f8be97ee04df665872f174c6f838847abcd972ef650fd4ec8c83644f47,CCC(CC)n1ccc(C(=O)NCC2CC[NH+]2CCC(C)C)n1,CCC(C)C[NH+]1CCC1CNC(=O)c1ccn(C(CC)CC)n1
cdfa593d239af9289a893a2b575c22536f8acc3f8d0a4f2088262aa77ce36829,fca57cb009c41c423352f4b37b88db9441483efb94fb1f71ce2b3d7820ed52b4,CN=C(NCc1ccc([*:1])cc1)NCC(C)COCc1ccccc1,CN(C)[*:1]>>F[*:1],CN(C)[*:1],F[*:1],4958,15935,1,1,1.0,24,3,1,27,25,15,10-19,CN(C)C[*:1]>>C[*:1],ed9d41330345b1f9e9816c5e66bec199b8877e6e355211c3f0f85e338f11f883,d14f7942211e48cb74ec7ca16a95b5b389ba5ca1af27c35c44c400ca2fe4ff7d,CN=C(NCc1ccc(N(C)C)cc1)NCC(C)COCc1ccccc1,CN=C(NCc1ccc(F)cc1)NCC(C)COCc1ccccc1
2fa4e3d56f8c829785ee22343d541511e9938d4b725fd0dc9535e8627645f07b,879c892be832d8b49bebefb0c77f8d8a1f5083d692240c05572ff168466a4c22,CC(NS(=O)(=O)[*:1])C(=O)N(CCc1ccccc1)C1CCCC1,CC[*:1]>>Cc1ccc([*:1])cc1,CC[*:1],Cc1ccc([*:1])cc1,41797,48039,1,1,1.0,22,2,7,24,29,15,10-19,CC(C)C[*:1]>>CO[*:1],eb0464d54dcc06b4cd2c8a84bfa2c853121f9e1c8fec76b9ce105bb7a45539f6,521bc5063590f08a047347debcddef34da8e5c9f187d81884654384a20cd2ce9,CCS(=O)(=O)NC(C)C(=O)N(CCc1ccccc1)C1CCCC1,Cc1ccc(S(=O)(=O)NC(C)C(=O)N(CCc2ccccc2)C2CCCC2)cc1
27f23796ca47f8867edd77ae4458a0f41bda09ae7bb681d4151e5aed119c4feb,f79022f1ff16d43886aab59f0b4af0db4199ac55fb96c85b06779793e4f08003,O=C(C[*:1])NC1CC2CCC1C2,CN[*:1]>>Cl[*:1],CN[*:1],Cl[*:1],12362,49296,1,1,1.0,11,2,1,13,12,15,10-19,C1CC([*:1])CO1>>C1CC1[*:1],a07820b6c646c891080b35613572be274e88a47707aa4792dfaad3acd1deaf19,4300757c341796f7949fea84b72dc64f228f05ec206c6cfb30c676aa398a4338,CNCC(=O)NC1CC2CCC1C2,O=C(CCl)NC1CC2CCC1C2
4040edcf831fc2bb5dafed9328c217734a3cc196ea99cf82a157e40478027409,08effc754f63d2edbeb6f8f9a8049096ac42b310b623368e96af8ea4b23bdee8,CC(CC(=O)N1CCOCC1CNC(=O)c1ccccc1)[*:1],CCC[*:1]>>COC[*:1],CCC[*:1],COC[*:1],147,3967,1,1,1.0,21,3,3,24,24,15,10-19,C1CC1C[*:1]>>CC[*:1],754f22ef3a6d7e4bc508b2c369c63954de034245a90c5e628d6da5578523de49,b479f179b6ceed782f96ed4e829c5e81588da40330ff107d2b09d44791292bb4,CCCC(C)CC(=O)N1CCOCC1CNC(=O)c1ccccc1,COCC(C)CC(=O)N1CCOCC1CNC(=O)c1ccccc1
510e17301b7e6f80266a238f5543f89ed26e05e238cd70d454fffe2ea9b3ac33,350a1ba26c405a46f68aeb340a30063bae2e632905ae6e462d94f177e293dd41,COC1CC2C(=O)N(C3CCCC([*:1])C3)C(=O)N2C1,CC(C)[*:1]>>F[*:1],CC(C)[*:1],F[*:1],22688,30274,1,1,1.0,18,3,1,21,19,15,10-19,C1CC1[*:1]>>c1ccc(C[*:1])cc1,7a0e56c5a7fa9a14425bc20e13046595b299928fe2691d359ee5bec45e5ecef2,d1a7cf54529ab94eb0e54f4f53a4bc5dda9f4af3c1d41178286b2a767542bbb8,COC1CC2C(=O)N(C3CCCC(C(C)C)C3)C(=O)N2C1,COC1CC2C(=O)N(C3CCCC(F)C3)C(=O)N2C1
585ae835a4b87031d7801cd2900785d3f7d1ecb0dcda192994542eeb01368986,22067c0aac1579a7266973be296d1051a0c1a2a8df52393b50a4188b7fc2cb5e,CCOC(=O)c1cncc(Nc2cc([*:1])ccc2OC)c1,CC(=O)[*:1]>>COC(=O)[*:1],CC(=O)[*:1],COC(=O)[*:1],5853,31857,1,1,1.0,20,3,4,23,24,15,10-19,Fc1ccc([*:1])c(F)c1>>Fc1ccc([*:1])cc1,b9b26f9a25fa614576ddd82c735bc026f5f8cd0283ba069b21dbe45e2ea4b3e8,dbf1cbb0c5bc6a6c3115d3d7c385fc13d6e64978cf4b6cd26874024a849a9c3f,CCOC(=O)c1cncc(Nc2cc(C(C)=O)ccc2OC)c1,CCOC(=O)c1cncc(Nc2cc(C(=O)OC)ccc2OC)c1
82a66ea12b90511fc18c635c26b4c69679b4f6eb59b513accefbe60f9847467e,a4d4a5266e86dba0d3698b2126460cd8b000ddccc7d9629f204d466b3af35560,COC(OC)C1CCNc2cc([*:1])nn21,CC[*:1]>>O=C(O)[*:1],CC[*:1],O=C(O)[*:1],8779,43073,1,1,1.0,14,2,3,16,17,15,10-19,Fc1ccc([*:1])cc1F>>Fc1ccccc1[*:1],98323fca44fd2b8a6f0fb7320411276219b464c3ba29e04b5a2fe8ab9005351b,52048f1d7acc102072902e367895eb0a701ef71bd842dcb5635dabe9dee576fd,CCc1cc2n(n1)C(C(OC)OC)CCN2,COC(OC)C1CCNc2cc(C(=O)O)nn21
1de994a64ba892ca3ebc2b7d6efdf43198021ed19886e6caaecfb59cd72047c1,d334e014e3b614f66fb05eee8053a44e04419b593006b25d308d4b063b871b22,Cc1cccc(C)c1Nc1cncc(C(=O)N[*:1])c1,CC(C)[*:1]>>CCCC[*:1],CC(C)[*:1],CCCC[*:1],11761,32138,1,1,1.0,18,3,4,21,22,15,10-19,CC(=O)N[*:1]>>CO[*:1],f271174f471ad1dfd5af84c8f15931e3115d9e5102c262aa61ada418bbbc3330,363744ce1cdcf6b185a2b1c52f2021cf87cff989fd7e0d3ae4c11860c4ffe3ec,Cc1cccc(C)c1Nc1cncc(C(=O)NC(C)C)c1,CCCCNC(=O)c1cncc(Nc2c(C)cccc2C)c1
8f953a7657cb2670529ed568b75a83a1c303f5b8c2afe3c51e9840abd5bbe66a,15503ece4baa16d4f74adac07481d02cbd2d1cc57d5986cdc93d91042c1d3f70,Cc1cc(C(=O)N(C)C2CCN(C(=O)C[*:1])CC2)co1,CCCC[*:1]>>CC[*:1],CCCC[*:1],CC[*:1],35854,43451,1,1,1.0,19,4,2,23,21,15,10-19,CC(=O)[*:1]>>C[*:1],ea54de152f96dabf3d794de4330985c4a83fe268fc2b2e289ba27b83a0e3f0cf,3bb75657b9ad10dc67368fb75f2391effb1fae9ab92532318a9638cae5925b8e,CCCCCC(=O)N1CCC(N(C)C(=O)c2coc(C)c2)CC1,CCCC(=O)N1CCC(N(C)C(=O)c2coc(C)c2)CC1
95bcc26b46ebb66992d66fb7add617dc05784ae78120a92d0c9925b866ab836a,460d3a023a02c5a077d64bd4fd15a724df6f4932fe2ab8eec872a85e6068be95,CC1Cc2cn[nH]c2C(C(=O)N(C)C(c2ccccc2)[*:1])C1,C[*:1]>>NC(=O)C[*:1],C[*:1],NC(=O)C[*:1],31014,45236,1,1,1.0,21,1,4,22,25,15,10-19,Cl[*:1]>>c1ccc([*:1])cc1,651c7b2ee19ab67043c88b931d786b2e720661e02c8b8d75c493d81661da0a58,d9799c034552c5f2507e5fc77a05b9c7781b654080ac7af2da0f63bbb6db022e,CC1Cc2cn[nH]c2C(C(=O)N(C)C(C)c2ccccc2)C1,CC1Cc2cn[nH]c2C(C(=O)N(C)C(CC(N)=O)c2ccccc2)C1
30cdc53bef8ff6c1b7249f94f331f7d88065777ac5263e2406465b5a13ba39f5,89c5e6debbf1972fb770a473f88d33ecf73eebae1a800fb8bbf350a8be0e4366,O=[N+]([O-])c1cc(F)ccc1OCc1cnc([*:1])cn1,CCN[*:1]>>N[*:1],CCN[*:1],N[*:1],10948,4755,1,1,1.0,18,3,1,21,19,14,10-19,CC(C)O[*:1]>>CCO[*:1],7794254bfaa0ac2acdabf3a13b342176495fb871d4421db128fc94d041da3925,32625bfd1b3a5605964b4786127450315c67829bf46eb378d88d165fcee4c466,CCNc1cnc(COc2ccc(F)cc2[N+](=O)[O-])cn1,Nc1cnc(COc2ccc(F)cc2[N+](=O)[O-])cn1
c795c1ff72cda51b718f07bef7537aca8fd43ac057cfc75419c0ad3fbe0ece1b,2dd6151db94c505f3fd619c8cd8a034727b1742d848ba27ba6672fb74fbe8cf3,O=C(C1CCC([*:1])O1)N1CC=C(c2c[nH]c3ccccc23)CC1,NC(=O)[*:1]>>O=C(O)[*:1],NC(=O)[*:1],O=C(O)[*:1],13657,23678,1,1,1.0,22,3,3,25,25,14,10-19,COC(=O)N[*:1]>>C[*:1],b515e531adfaa10fa9fd02a0bd7fe8f27c11d083b72b1555af22343b2761e7d2,346803699635f06d0f353954afeea747332f45d3ef286d0689794888e9afc962,NC(=O)C1CCC(C(=O)N2CC=C(c3c[nH]c4ccccc34)CC2)O1,O=C(O)C1CCC(C(=O)N2CC=C(c3c[nH]c4ccccc34)CC2)O1
530c606b9e17963b435588821915ee058354cd978aa6dbaa9e00b475d2f86930,be41aed2da20824cbc26f34bad20d06aaf57b9cea51afa1c949daafc1e9c156f,O=C(NCC1CC[NH+]1[*:1])c1n[nH]cc1F,CCC(C)C[*:1]>>CC[*:1],CCC(C)C[*:1],CC[*:1],37139,33272,1,1,1.0,14,5,2,19,16,14,10-19,C#CC[*:1]>>CC(C)(C)[*:1],cb89b660133ccebd186361063e74c9b8355f57c59e85e4eb19ec435fde814e13,1f3fb010f8c0d49a4e2d39acc3f45a80f0e09afdbb56cb0283b208a1d723544e,CCC(C)C[NH+]1CCC1CNC(=O)c1n[nH]cc1F,CC[NH+]1CCC1CNC(=O)c1n[nH]cc1F
48962ee3d0d1a50ae96465bd83c795a4740a0b25c5258c790e03262885a6d824,32eccde4c397bbb9c3fa373b5dfa12fcfda542392c81608e8b3cd8fa2c5ccd11,O=C(NNC(=S)Nc1ccc(Cl)cc1)c1ccc([*:1])cc1,COC(=O)[*:1]>>O=[N+]([O-])[*:1],COC(=O)[*:1],O=[N+]([O-])[*:1],15077,33514,1,1,1.0,20,4,3,24,23,14,10-19,C[*:1]>>FC(F)O[*:1],62aae45be8e25110b657b7c3fc13ba0bd747acfceb538aff04dd287b557f6b86,9b9b4891ec834eedd80a060ceee763d45349c0b19316b24443f790bf6dccb839,COC(=O)c1ccc(C(=O)NNC(=S)Nc2ccc(Cl)cc2)cc1,O=C(NNC(=S)Nc1ccc(Cl)cc1)c1ccc([N+](=O)[O-])cc1
220e5e94334941ba76bfbbb9a2608514211c40b3d8995492b80dd46fc54b0130,22f4fdd3c5195a8972f213cfe6afa8d7c05d3c0da9bb2b03f3d8327d3f6dde53,c1cc2c(c([*:1])c1)CN(C1CCCC1)CC2,COC(=O)[*:1]>>Cl[*:1],COC(=O)[*:1],Cl[*:1],18167,32209,1,1,1.0,15,4,1,19,16,14,10-19,CC(C)O[*:1]>>CC(C)[*:1],d83db098f2e77f270132237953e02a4f8c207738af4cd7fdaf876f2990b746c7,88cfc33e047fb767ef7483f834f4aa1bc1c1ef24534190a53de393aaa27947c9,COC(=O)c1cccc2c1CN(C1CCCC1)CC2,Clc1cccc2c1CN(C1CCCC1)CC2
b3aa1e75b9fd4ef49cd7445d41e57724717e143aad20d7a928ab021172a52277,848d0d27afdb9531a4d74ae4dd9bd048bf15ca75f4d985bd1c59f131305a1a0d,NC1CC2CCC1C2[*:1],CN(C)[*:1]>>O[*:1],CN(C)[*:1],O[*:1],35284,17745,1,1,1.0,8,3,1,11,9,14,10-19,C#CC[*:1]>>CC[*:1],0b3486a730b920b94d3013f43c4b52482fb4e34328ba17d35549774d7b2558f0,41c4596d1a9699f421afc9a349dbbe89be6d77b44e1ef675794c4d7082ce4a6b,CN(C)C1C2CCC1C(N)C2,NC1CC2CCC1C2O
b548b1f95b718a9005ed09a236def7fbe99856028d1835e6569da5199ceaae6f,a32b729d01a754f5b719c0fcd499efd92b664bebc95003f144671e144c0cbb42,CC(C)(C(=O)N1CCC(C2CCN(CC#N)C2)CC1)[*:1],CC(=O)N[*:1]>>F[*:1],CC(=O)N[*:1],F[*:1],14134,17125,1,1,1.0,19,4,1,23,20,14,10-19,CC(C)[*:1]>>COCC[*:1],a72537c891f93cf4ec09bc0af1cafd278a6b3da6a2e528690d3f1004770899c6,5f68adb2fc4a24650466f2faf7ceea05a4634da58c35b022de8ef4acc8e2c3ed,CC(=O)NC(C)(C)C(=O)N1CCC(C2CCN(CC#N)C2)CC1,CC(C)(F)C(=O)N1CCC(C2CCN(CC#N)C2)CC1
978fc093da68fde941b0dc50141e042b8f09655760c920ea948b6913806de5c7,f5fae47778422bb905c65b901a68bdb586b0d365bee61a19f19169da11b150a0,Cc1cc(C)nc(-n2nc(C)c(CC(=O)NCC[*:1])c2C)n1,COC(=O)C[*:1]>>FC(F)(F)[*:1],COC(=O)C[*:1],FC(F)(F)[*:1],17724,3899,1,1,1.0,21,5,4,26,25,14,10-19,C1CCC([*:1])CC1>>Cn1cc([*:1])cn1,18f86dc78c96207f4557b13d2be1f0b5ff9ce7b4c506ece6988ab544428f3476,10378e891c6282e1774411f018710d4f0d8ad39a570d94f875c535a51997acff,COC(=O)CCCNC(=O)Cc1c(C)nn(-c2nc(C)cc(C)n2)c1C,Cc1cc(C)nc(-n2nc(C)c(CC(=O)NCCC(F)(F)F)c2C)n1
fb6f04505c693d56f3f7a4ce4a6f27c3cd711be40a0f347ec939e7c9e97b9956,b6b6bb383922177245b56435f7d479ec6c3b2fb6acc4e5b372d465e77d7d98d9,CC12CCC(C1)C(C)(C)C2(O)CC[*:1],CC(C)C[*:1]>>FC(F)(F)C[*:1],CC(C)C[*:1],FC(F)(F)C[*:1],37613,27597,1,1,1.0,13,4,5,17,18,14,10-19,C1COC([*:1])C1>>CCC(C)[*:1],70c921e380f3a7dcf75a533deb7f398bd3130a4ba0568bfa62ad46472fa67e86,009265cf710d0802889b559f7cbcd8249f2d391ebbcbd57dd33f46bc0fa360a3,CC(C)CCCC1(O)C2(C)CCC(C2)C1(C)C,CC12CCC(C1)C(C)(C)C2(O)CCCC(F)(F)F
7a74f2a5e693e3fa9c38f58cd75b6da69613b95f92b4de79e2d3e6d5debf117a,4fdf90a21430899f61e5c94cd4fc537fbe3f84acdacad74f340878a15f19e82e,COc1ccccc1-c1nnc(SCC(=O)N(C)[*:1])n1C,Fc1ccccc1C[*:1]>>c1ccc(C[*:1])cc1,Fc1ccccc1C[*:1],c1ccc(C[*:1])cc1,8506,48029,1,1,1.0,20,8,7,28,27,14,10-19,Fc1ccccc1[*:1]>>c1ccc(C[*:1])cc1,3bb0125241af56ad34d7622e0b4d6b91c36157ae781c3e1e37cc0f8cfd794b02,2804672ede6eafd51e96b7809eff160c49ef58aa0a860950a446dd57485f60fd,COc1ccccc1-c1nnc(SCC(=O)N(C)Cc2ccccc2F)n1C,COc1ccccc1-c1nnc(SCC(=O)N(C)Cc2ccccc2)n1C
cf6c0e4df0bbb2325c292f5bb38555707f8ae141e826fd6754a30619da41fd78,239fb0d289affe5b0cca536712d7af51622701509aa39a65aedb9df36b3196df,O=C(Nc1ccccc1C(=O)O)C(=Cc1ccc2ccccc2c1)[*:1],Br[*:1]>>CC[*:1],Br[*:1],CC[*:1],10160,43373,1,1,1.0,24,1,2,25,26,14,10-19,Cc1cccc([*:1])c1>>Cc1ccccc1[*:1],534cf0bf2139d6c4e9828ec87b5c2a35d07ef36c33abe1cb544a94c757f3a661,e566aa60b8ae7ffbbb24ff91c3ce81356c5d4e1fb086f483bb0c111fa164a3e3,O=C(Nc1ccccc1C(=O)O)C(Br)=Cc1ccc2ccccc2c1,CCC(=Cc1ccc2ccccc2c1)C(=O)Nc1ccccc1C(=O)O
a88827839fe0b36a874f985c26d822de78ac51ea04f3132e94aaca8008102ccb,68a16a2a14b5bce6ee00bfd8bea401daea90c07431fa075a528684be171530a6,CC(C)C1CCNc2cc([*:1])nn21,CC(C)(C)C[*:1]>>C[*:1],CC(C)(C)C[*:1],C[*:1],8263,48312,1,1,1.0,12,5,1,17,13,14,10-19,CCC(C)[*:1]>>c1cc([*:1])cs1,9f2dac152833005b9e79e0b568b087a2a7ea414dc514ddc6aa2206a7f6a209b4,4194d17fce2ab79fc47fd89cbd7399e5f075926f20da3f20a98cce84c265ae16,CC(C)C1CCNc2cc(CC(C)(C)C)nn21,Cc1cc2n(n1)C(C(C)C)CCN2
85cbccd98aff8e8a1173d2f9a0b6ebd4eac676fbdf5f9a8414c07e67e214c634,6990b23e197d87474cdfc21d65da212a1ef7e2c400e08164d114050599ebc7ea,CSC1CCCC1Nc1nc([*:1])cn2ccnc12,CN[*:1]>>NN[*:1],CN[*:1],NN[*:1],15428,27410,1,1,1.0,17,2,2,19,19,14,10-19,C1CC1[*:1]>>OCC[*:1],b36b6f2f9ded2705592b677e6ec25c5a79537a23055da33d41f6a431366c571b,ec816bc20ef49054e7dee25e77f3390b774ef27290ea0afe783123097831a4c2,CNc1cn2ccnc2c(NC2CCCC2SC)n1,CSC1CCCC1Nc1nc(NN)cn2ccnc12
93bec9f8551eea04e367fe1a8098d50dfe2c302b14b0fd7e2a991d98a373909e,5eac1eb310445286d1cf90966d330deffd04bea0013b93448a489f834af5ccc9,O=C(O)c1ccc(-c2cnc(O[*:1])nc2)cc1,COc1cccc([*:1])c1>>c1ccc([*:1])cc1,COc1cccc([*:1])c1,c1ccc([*:1])cc1,17267,3341,1,1,1.0,16,8,6,24,22,14,10-19,CN(C)[*:1]>>CN[*:1],10c0d69757cad2d68984c3110577f08f6c2c167f6e2565b0eb7ea4b53fa07e9a,e1d744c5fdd3a6b8c6e6e55a2f2bbb4e64a25f3b88e1880d1911c3f21f71a1c3,COc1cccc(Oc2ncc(-c3ccc(C(=O)O)cc3)cn2)c1,O=C(O)c1ccc(-c2cnc(Oc3ccccc3)nc2)cc1
1ee05487d096cbd54625ec805e4de676f29a3b34fc6efb91661dc612e5f367f5,77a066a80ec4e57d80163e8e82d01252e6cd145c6885a5cd08b300f01294f7a3,COc1ccc(-c2nnc3ccc(OCCNS(=O)(=O)[*:1])nn23)c(OC)c1,Cc1ccc([*:1])cc1>>Fc1ccccc1[*:1],Cc1ccc([*:1])cc1,Fc1ccccc1[*:1],26794,22548,1,1,1.0,26,7,7,33,33,14,10-19,CC(C)(C)[*:1]>>OC[*:1],e1d9baa5b6e319dbadb3b88e652fc220fec82462006b3bb070dd446c31047781,1a3f18a8aa96ca139d01c003f0283623e67cb8c7980a555cc5923b0c726c1cdd,COc1ccc(-c2nnc3ccc(OCCNS(=O)(=O)c4ccc(C)cc4)nn23)c(OC)c1,COc1ccc(-c2nnc3ccc(OCCNS(=O)(=O)c4ccccc4F)nn23)c(OC)c1
269a4923f7f558827482a5761aa264131f4cd39b17d5edb951b88efa528c3f8f,31439b0620238ee2401be7f607febe0c92f78c64f4270a6387dd3acc011fd893,O=C(CN1CCSC1=O)NCc1ccc(O[*:1])cc1,CC[*:1]>>FC(F)(F)C[*:1],CC[*:1],FC(F)(F)C[*:1],35643,38511,1,1,1.0,18,2,5,20,23,14,10-19,FC(F)(F)C[*:1]>>c1ccc([*:1])cc1,da9514837f141bd317e6f5a1bb8943f81676ad76e81ff1b0d984c391afebf35d,4115fc6ade4d19707fb3bbc36d4cd7a7c54f39553465e9e0595aaa1474f1bb0d,CCOc1ccc(CNC(=O)CN2CCSC2=O)cc1,O=C(CN1CCSC1=O)NCc1ccc(OCC(F)(F)F)cc1
cd01c57094e975ed537b828fb700ca00b3b26659841878047f93ca75b4699651,efc879cb4e7a5499a7044769f32783bbebd95b890bd87264ef734a85895a9b24,O=C(c1ccn(-c2ccc([N+](=O)[O-])cc2)n1)N1CCCC([*:1])C1,CC(O)[*:1]>>CC[*:1],CC(O)[*:1],CC[*:1],25478,23950,1,1,1.0,22,3,2,25,24,14,10-19,C1CC(C[*:1])CO1>>C1CC([*:1])CO1,3f0772ab136e33a04c8b26c24bb6cf7c8850b1d88c30eb8a97f9d6bcde13d4c6,5e55b9d3c990ab32e87d55d45f9d7d9f8c8c458bad5c55a71371dde4a7f0ad9b,CC(O)C1CCCN(C(=O)c2ccn(-c3ccc([N+](=O)[O-])cc3)n2)C1,CCC1CCCN(C(=O)c2ccn(-c3ccc([N+](=O)[O-])cc3)n2)C1
42a7f6bd05a583995653c222733000ea1ad366095a44d65b2738f665a1cbcb1c,1e301e2366b69ee3f78bbecec7a393fa3c5d00d8774c40016479b68782d76eaa,COCCCC[NH+]1CC(NC(=O)C[*:1])C(OC)C1,C1CC1[*:1]>>Cn1cc([*:1])cn1,C1CC1[*:1],Cn1cc([*:1])cn1,18459,33888,1,1,1.0,17,3,6,20,23,14,10-19,N[*:1]>>c1ccc([*:1])cc1,f12feb3763b0b00e72379d4c1f4427a543c791cf947c9b2c3f328c33ba040849,68603a3d6fc848ad09aa57af881cb97d1c5a0f336267dcae053a9fa5d321ee27,COCCCC[NH+]1CC(NC(=O)CC2CC2)C(OC)C1,COCCCC[NH+]1CC(NC(=O)Cc2cnn(C)c2)C(OC)C1
8506bc46405859b5e17f979da89e049df1aa7e432378bc638d8d4dccd426bf4b,ab7cad192a843c0942e477c1a32c7f004e8f0ca428978b696d937929c02d784d,CC12C=CC(O1)C1C(=O)N(c3cccc([*:1])c3)C(=O)C12,CC(=O)[*:1]>>CO[*:1],CC(=O)[*:1],CO[*:1],27819,40088,1,1,1.0,19,3,2,22,21,14,10-19,C1CC1[*:1]>>N#C[*:1],6c8b749b5811729b4bc419d4d054e84089f83dcd856754f0f12af80f17c909d7,17ea249909a62f2ed2f46414ef3fcd733a7a4da68287353eb79ff4a69601cf36,CC(=O)c1cccc(N2C(=O)C3C4C=CC(C)(O4)C3C2=O)c1,COc1cccc(N2C(=O)C3C4C=CC(C)(O4)C3C2=O)c1
d51c2c2c3c193e648f6c3ecd27ef151e2f24f4251047062dc48e18b4ea3047a6,dc523b8ec514899474ba356a9293c29692c52c8bf3417e963b88af5ceee698af,O=C(NCCCO[*:1])NC1C2CCC(C2)C1CO,CC(C)[*:1]>>FC(F)(F)C[*:1],CC(C)[*:1],FC(F)(F)C[*:1],32699,3498,1,1,1.0,17,3,5,20,22,14,10-19,CC[*:1]>>COc1cccc([*:1])c1,17608366ed10ed633d76c81c13647e8ece9e0f5a04932d6e0b785b40180a00e3,8398c1464262afd7a8f6856dc0b32ff7499e0d4f6e9f38cce12a47c428d92185,CC(C)OCCCNC(=O)NC1C2CCC(C2)C1CO,O=C(NCCCOCC(F)(F)F)NC1C2CCC(C2)C1CO
d9380afdd7e3ce04f9b5740d5d7faffe0da86a04a08a5b90d9d18fd49b520555,bd66667e0117f03cfc30ab1680ac63d266df0611b1a662d61367df58736e641d,CN1COc2ccc([*:1])cc21,CC(C)(C)[*:1]>>Cl[*:1],CC(C)(C)[*:1],Cl[*:1],35582,24397,1,1,1.0,10,4,1,14,11,14,10-19,c1cc([*:1])ccn1>>c1csc([*:1])c1,405f4710bc273744b092efdb17bc00a20be667c423a7d1eecd5e63555f13573c,4cbdd4ec07b8ba0e58c8df3aeef4c4e333ec34e93b753e1ce70130ffc76b4478,CN1COc2ccc(C(C)(C)C)cc21,CN1COc2ccc(Cl)cc21
0bdbb11ae4abd16e400003edbc403657f31a4e35dcde9b14468049fc73631041,74affe606f94a696a6e2e0e47325d77206db09d51906d302265cf6a742a695c7,CC(OC(=O)[*:1])OC1CC2CCC1(C)C2(C)C,C=C(C)[*:1]>>C[*:1],C=C(C)[*:1],C[*:1],39309,28716,1,1,1.0,16,3,1,19,17,14,10-19,CC(C)(C)[*:1]>>Cl[*:1],97d23fe0c46c32ce6e035b579451625082ae61845cd354968b799b402b92ac18,f925b4f3796bd3bda88a207b2cc0c8bc12f21cc683f587738277153abb8441fc,C=C(C)C(=O)OC(C)OC1CC2CCC1(C)C2(C)C,CC(=O)OC(C)OC1CC2CCC1(C)C2(C)C
ad563dc217b9cf8f56517695dfb79d521b402a13cd0f22928818deb6a75fd055,c9e193192f9cea0c3e38487ebd08ed239627bd1e22a2a419bacbcef1ca9553f0,CCCC1C(=O)NC(C)(C)C(=O)N1[*:1],CCC(CC)[*:1]>>C[*:1],CCC(CC)[*:1],C[*:1],4083,38317,1,1,1.0,13,5,1,18,14,14,10-19,C1CC1[*:1]>>CO[*:1],44214f1ebc92ca86b9853cadbb9826bf338a02e21ae335f3564b29d1e56336de,1f4a8277d420552331483e0d363a119814c3c2dddb16e9e6b0d933741cec20c9,CCCC1C(=O)NC(C)(C)C(=O)N1C(CC)CC,CCCC1C(=O)NC(C)(C)C(=O)N1C
946d4d895462537208ef25b79d1877707831044c65faa8475340060f2ea37578,8896839654961d21437ae417f5ed57a85ffb5aebf5e94ffb44da812df1737414,COC(=O)c1cc(F)cc(Nc2ccc([*:1])nc2)c1,C[*:1]>>FC(F)O[*:1],C[*:1],FC(F)O[*:1],33460,975,1,1,1.0,18,1,4,19,22,13,10-19,Cl[*:1]>>c1ccc([*:1])cc1,f57ce808f2382f4f974aa86a046f5ec9584db14f6338d4f0839dd5aa374e0b6b,4dd6544c1655ab40225e073fafa880f0e3077733fb09efc4d184492364556e83,COC(=O)c1cc(F)cc(Nc2ccc(C)nc2)c1,COC(=O)c1cc(F)cc(Nc2ccc(OC(F)F)nc2)c1
76173cf70b783bcbc798e9424e5f54132baf9aad35f226880f605cbe04565c3b,ff6ab95920e6d195b33afc98077d17adb3f2627316dcbbdd625ae8ce37c74621,Clc1cnc(-n2cc([*:1])cn2)nc1,N#C[*:1]>>NC[*:1],N#C[*:1],NC[*:1],12769,16246,1,1,1.0,12,2,2,14,14,13,10-19,C1CCC([*:1])CC1>>Fc1ccccc1[*:1],a128262719f2597eadbf417029017116721704f8024966218e7541e2dc0c027d,195d4410d9cd54b5895a91d6b878fa450dcecac07804d86619fa45d7a8a1fa51,N#Cc1cnn(-c2ncc(Cl)cn2)c1,NCc1cnn(-c2ncc(Cl)cn2)c1
14f3d58a022d9d56207191da0af5e2c12881d46f9ff5e04beef2c7e801303a66,958a25ff322be90de78e28a71c0ea68aee992706887650fabefbc43a082fdc67,Cc1cc([*:1])nc(-n2ccc(C(C)[NH3+])n2)n1,CCOC(=O)[*:1]>>Cl[*:1],CCOC(=O)[*:1],Cl[*:1],36627,537,1,1,1.0,15,5,1,20,16,13,10-19,CCO[*:1]>>F[*:1],31bc32e00d3c62a35c0c0afe45d1aac41cb40caccc6d784745d557d5a070c03e,ef7fdfbafa5bb3bb9ea842c3cc3acfdad3edfc2fb0984ee5b0d0e00324f7b887,CCOC(=O)c1cc(C)nc(-n2ccc(C(C)[NH3+])n2)n1,Cc1cc(Cl)nc(-n2ccc(C(C)[NH3+])n2)n1
079b0a02e9ad49c4e16406a211df13bc68549cd2ae62e7eee95876d497cd70d5,77b9df99ba4f11e25dba9c1419fe62f6d4122b4fec48b77c3b9df58e236efa03,CC(C[*:1])NC(=O)C1C2CCC(C2)C1N,COC[*:1]>>FC(F)(F)[*:1],COC[*:1],FC(F)(F)[*:1],31362,27130,1,1,1.0,14,3,4,17,18,13,10-19,c1ccc([*:1])cc1>>c1ccc([*:1])nc1,0f3122820ced8d81397a22bc1668a7589eddc3f573c7e812202c6072cd6444aa,6d40fa68c074ba95d539eab063a27b5187e7480e46104f3f4b5e51a6297f7f6e,COCCC(C)NC(=O)C1C2CCC(C2)C1N,CC(CC(F)(F)F)NC(=O)C1C2CCC(C2)C1N
fc6be58f5d8a8d0a3eead77824eeb73153de44624c6e4b56db32d8b7b6890704,76451d77ef9c09e485a818e68a0b2ebae0c7fa067a03ede4dfeff13010bf8bf2,Nc1ccc(Nc2cccnc2[*:1])c(F)c1,CC(C)O[*:1]>>COC(=O)[*:1],CC(C)O[*:1],COC(=O)[*:1],19318,43297,1,1,1.0,15,4,4,19,19,13,10-19,CC(C)(C)[*:1]>>CC(C)CC[*:1],023759ba32652463bc18df2524e7bfc98afe42c7d1b087ce1481281bd3bd5669,d6320a148082ee59ebb21172601f7ea0bbaf5deb43dfcf0a1b033c20d89b68f1,CC(C)Oc1ncccc1Nc1ccc(N)cc1F,COC(=O)c1ncccc1Nc1ccc(N)cc1F
73d051c6c9520999b2a57613d6365e02b34b6ec99e9ff3988380a6948ea5a440,b60e3c4c0117b54deec2b9fa0fec7617d7be5a2161b4821c14a88f796a092d76,O=C(c1ccc([*:1])cn1)N1CCCC(NCc2n[nH]c(=O)[n-]2)C1,C#C[*:1]>>NC(=O)[*:1],C#C[*:1],NC(=O)[*:1],4183,38457,1,1,1.0,22,2,3,24,25,13,10-19,C[*:1]>>C[NH+](C)CC[*:1],0352f31a70a918655c3b69fadfa50673af37afa563271b022ef95be1e56cb7d3,18a4a5eea7f0749ba164dc377b15fce1d813c12fed78225163eb256fdff42243,C#Cc1ccc(C(=O)N2CCCC(NCc3n[nH]c(=O)[n-]3)C2)nc1,NC(=O)c1ccc(C(=O)N2CCCC(NCc3n[nH]c(=O)[n-]3)C2)nc1
de01cbaafe05721190ffe6f1af9bcf1c1901a78900f38f4650d911dfd2849d01,7fd3a420d65ce2fd6a638affca74d9c3b5d9a465d7e4af64413b6bb6ccf7c090,Cc1cc([*:1])ccc1S(=O)(=O)N(C)CC1CCCOC1,COC(=O)[*:1]>>NC[*:1],COC(=O)[*:1],NC[*:1],31636,33317,1,1,1.0,19,4,2,23,21,13,10-19,C=C[*:1]>>O[*:1],8c56c72f0d9bdc2e147b686080b17017ea5d54c68b992a5fcf343f4f8232d9f2,35a687e9231ce5a906faa54ab192cd4b0f7c54ebc7a7d29fb395ab84a72642d5,COC(=O)c1ccc(S(=O)(=O)N(C)CC2CCCOC2)c(C)c1,Cc1cc(CN)ccc1S(=O)(=O)N(C)CC1CCCOC1
f9a3eaba4aa21ddb247fbf8a8d5bc2d8cc00cac294a0ae11326fac3cb23d15cd,b90916f8e284318d48c3f4a2596bdf9074a147b2b70faa81a67c0633e65889bf,NC(c1noc(-c2ccc([*:1])cc2)n1)C1CC1,CN(C)[*:1]>>Cl[*:1],CN(C)[*:1],Cl[*:1],21300,10150,1,1,1.0,16,3,1,19,17,13,10-19,COC(=O)[*:1]>>NC[*:1],5b00d649c1427423ba7e4fcd0bf7f25f65f93b73353410237a915826f3cd45d8,241c0d8cbb45c2ab5446221aeb02a0f538c855506760cfaa75bebbcbee6b20fc,CN(C)c1ccc(-c2nc(C(N)C3CC3)no2)cc1,NC(c1noc(-c2ccc(Cl)cc2)n1)C1CC1
92e04fc3b41491161b08a758e7fc9da638767308732dd9ec2196382ee79f47ac,b4e9f27eab8cea6b3d352955b85abc326feac54b276bde4e5161d8ecf6f5b78d,O=C(C[*:1])N1CCCC2CN(c3cc(F)ncn3)CCC21,CC(C)C[*:1]>>CCCC[*:1],CC(C)C[*:1],CCCC[*:1],9365,20893,1,1,1.0,20,4,4,24,24,13,10-19,C1COC([*:1])C1>>c1csc([*:1])c1,8c8651f25cc7b54eb86cab56e95a59f9123e0ebc544a3d209659e21af5f1284a,90c363fa5428e24b27312a6a29001250d7a302e14124860ec5dae95e1b4778e8,CC(C)CCC(=O)N1CCCC2CN(c3cc(F)ncn3)CCC21,CCCCCC(=O)N1CCCC2CN(c3cc(F)ncn3)CCC21
91a57a1ed38c20eb0e1f63a2608213ee0d1039e568dc8e4f85c20295699c1d78,a12b1500b8006c0546ebe53f822cca477f282951c034f9892442e81daa66f6a1,O=C(NNC(=S)Nc1ccc([*:1])cc1)c1ccc([N+](=O)[O-])cc1,CC(C)[*:1]>>Cl[*:1],CC(C)[*:1],Cl[*:1],31733,33514,1,1,1.0,22,3,1,25,23,13,10-19,COc1cccc([*:1])c1>>COc1ccccc1[*:1],226bbb20b2433b38dd9da4e82d8035633b133b84a21c5888cea1086b27f0537f,9b9b4891ec834eedd80a060ceee763d45349c0b19316b24443f790bf6dccb839,CC(C)c1ccc(NC(=S)NNC(=O)c2ccc([N+](=O)[O-])cc2)cc1,O=C(NNC(=S)Nc1ccc(Cl)cc1)c1ccc([N+](=O)[O-])cc1
cc20f0fb75b2714f5d4712f7718aa08b9e808aa41aa5ac793fc8b1598e7cfdad,6bc02d3f112fc23478a4f72fca48ca9fe454a0894e0c482316e9a2c9952e7aef,O=C(NC1CC(CNC(=O)[*:1])C1)c1n[nH]c2c1CCCC2,CC(C)CC[*:1]>>C[*:1],CC(C)CC[*:1],C[*:1],41990,44444,1,1,1.0,20,5,1,25,21,13,10-19,CCC(C)[*:1]>>c1ccc(C[*:1])cc1,70a24341b2ba1a24b2250f4fbe30f8ddf834154a5d92834c13d8ec4bcf6fe0bb,3f3beee60a829ae1a620e0d142b9b926391de2322928d6c8723f71ba39682cb4,CC(C)CCC(=O)NCC1CC(NC(=O)c2n[nH]c3c2CCCC3)C1,CC(=O)NCC1CC(NC(=O)c2n[nH]c3c2CCCC3)C1
04f9aa4ebb1c6c4c1da5001e094b84063e7735a6bb27e2c1937d3941245e1caa,cdd8cde7ff99c0104fc60da8c9d75db0d87d5459e6f02adf3bc1bfad6387b899,O=C(C1CC1c1ccccc1Cl)N(C1CCCC1)[*:1],CC[*:1]>>N#CC[*:1],CC[*:1],N#CC[*:1],7571,47222,1,1,1.0,18,2,3,20,21,13,10-19,C1CCC([*:1])C1>>CC(C)(C)[*:1],7c46d74dee6bd3e247b39f0e002eaa49382b9551dfa27b9d48edc489f7e26c2f,5b3646d4f63f90ed7012efd0d784b8427db33c82373abf7a79e1c852fbbe2396,CCN(C(=O)C1CC1c1ccccc1Cl)C1CCCC1,N#CCN(C(=O)C1CC1c1ccccc1Cl)C1CCCC1
8da866c7386bda3dc961c787587b14e0074699fe745fb4436a3ff163aada84f9,471b590fd63f8c9fd8934583a918b5abe7def3b52fa8e2e8b11774b1a97f264e,CCc1cccc2c([*:1])c3c(nc12)-c1cc2c(c(=O)n1C3)COC(=O)C2(O)CC,CS[*:1]>>N#C[*:1],CS[*:1],N#C[*:1],16997,15411,1,1,1.0,28,2,2,30,30,13,10-19,Brc1cccc([*:1])c1>>c1ccc([*:1])cc1,2e0029ee3e12452350c2188bf66e237d233ef1922673d9d993397d38ffaf18f4,87b73042a66ac684e03827c7307ead8ad500b37cf8c95414e503f39af9834732,CCc1cccc2c(SC)c3c(nc12)-c1cc2c(c(=O)n1C3)COC(=O)C2(O)CC,CCc1cccc2c(C#N)c3c(nc12)-c1cc2c(c(=O)n1C3)COC(=O)C2(O)CC
a4493f1f30e179ec3c10c2843255b1c74f0611801e3b619970367c08d75086c2,2e3b4ada49e6444ff5e5bf2cc133bc1b8be1832b2ab26c6acd325b1af8a2f59a,CC(CC(C)[NH2+]C[*:1])NC(=O)C12CCC(CC1)C2,C=CCC[*:1]>>CC(C)C[*:1],C=CCC[*:1],CC(C)C[*:1],40554,27588,1,1,1.0,17,4,4,21,21,13,10-19,CC(C)[*:1]>>COC(=O)CC[*:1],2db4a5b2f513528b024fe8d9864ae26d63a7a5c4309ec6a413167ad27c795fd0,91e63c0157dbedcf954bae024168813e0c453e24a6691ba03addf96bee91361d,C=CCCC[NH2+]C(C)CC(C)NC(=O)C12CCC(CC1)C2,CC(C)CC[NH2+]C(C)CC(C)NC(=O)C12CCC(CC1)C2
1d24db71bf7b3ee68af0283c2de439ef200d8c07d74622c31f8f46de4d00a869,b7aff1fc4a31cbd87a06a4ef81f974dc1693a7a15de1090f097530bba5e4f50b,OC(CC1CC2CCC1C2)[*:1],CCC(C)C[*:1]>>CCC(C)[*:1],CCC(C)C[*:1],CCC(C)[*:1],22823,41632,1,1,1.0,10,5,4,15,14,13,10-19,CC(C)[*:1]>>COc1ccc([*:1])cc1,d0c78682ab7d2f699b6e0d4cceccdba785ed902b9f448f1248249e9ff5583e21,8456ce9a0d54ba797b30c72f30743a7aa914ca6358fec9c9a7d31dae7261189f,CCC(C)CC(O)CC1CC2CCC1C2,CCC(C)C(O)CC1CC2CCC1C2
4913a6798c43837ee739affa17e0d8d82df21255134c3e455292be13c1a32a77,47ae5ffbe8aecc623ba78a9250fdd15916914c0477f5e215eb8ecc6b9a2da9a5,Cn1cc(-c2nccnc2[*:1])c2ccccc21,O=C(O)C[*:1]>>O=C(O)[*:1],O=C(O)C[*:1],O=C(O)[*:1],28609,27021,1,1,1.0,16,4,3,20,19,13,10-19,Fc1ccc([*:1])c(F)c1>>c1ccc([*:1])cc1,d609ffb071e782dae932677464b8910dcd2a319aac41d0d24537b5fd77b1ad5b,683b1694b5524bfd8977c916fdd17ad4544ce80decbc83d0ee4d9327e7ff5906,Cn1cc(-c2nccnc2CC(=O)O)c2ccccc21,Cn1cc(-c2nccnc2C(=O)O)c2ccccc21
8f5cb76884343cd6c9fe849f727fbc824c9d4bfbf19bdcdf87de3c81ccb45be0,0c06667314dad8cef3b9f78443903772f1c133dc76860c2d63b5d7e643dbda39,CC(C)n1ccc(C(=O)N(C)CC2CC[NH+]2C[*:1])n1,CC(O)[*:1]>>OC[*:1],CC(O)[*:1],OC[*:1],1031,26774,1,1,1.0,18,3,2,21,20,13,10-19,COCC(C)[*:1]>>C[*:1],ff2d4d18123fea18ee73c3dcc07861dad0abb3d8e11ee9a4fd1539c3722a01a8,c93d491170d1b6ad286d023e4247e15bcc84889c961dc139db52d1e4c097beda,CC(O)C[NH+]1CCC1CN(C)C(=O)c1ccn(C(C)C)n1,CC(C)n1ccc(C(=O)N(C)CC2CC[NH+]2CCO)n1
2fbd77414a7a1242b70e00acb6d12e1256fe9997d0abd47673fde354afbedb12,d05ff1514669ea98128e03f9c7cbc4f45ec24353cf39270ce63fb505a00cad92,CC12CCC(C1)C(C)(C)C2NCCCC[*:1],O=C(O)C[*:1]>>OC[*:1],O=C(O)C[*:1],OC[*:1],32054,44125,1,1,1.0,15,4,2,19,17,13,10-19,C1CC([*:1])C1>>C=C(C)[*:1],95f3f7ae20a535aae7b86f32943ff5a396e901794f61febb5d7f1984e46267a4,0ad5387d28a4e6522c0954e46133d7d1a98689c6dfa7296838ab8be7ec0d7cfe,CC12CCC(C1)C(C)(C)C2NCCCCCC(=O)O,CC12CCC(C1)C(C)(C)C2NCCCCCO
c0768f47211d6df0e19a34df96c87e874f8cf67ee48064030ec0a6fc2e6787e6,64cc66dcf17e8477fc2fcbee64d17fe981d76f144a23d36fb81bd1fc3d6e063a,O=[N+]([O-])c1cccc(F)c1Nc1ccc([*:1])nc1,CN(C)[*:1]>>COC(=O)[*:1],CN(C)[*:1],COC(=O)[*:1],32635,42752,1,1,1.0,17,3,4,20,21,13,10-19,C[*:1]>>C[NH+](C)C[*:1],7ee4f3c4a0d3bd7d8451ce0249188fcfbfad3fbd2fdb613b6efef536d02d8f30,8953e2c3d1942f74c17292e7a9a380dea43e382a17c1a59b3c561ea5648a2d2d,CN(C)c1ccc(Nc2c(F)cccc2[N+](=O)[O-])cn1,COC(=O)c1ccc(Nc2c(F)cccc2[N+](=O)[O-])cn1
b50fb4ff6f9c5916cafd9975901643b0877341a45dd5ac456317443197d4321a,f3e2981792482dcd13fe0617d98391c51ad0fc0db683deb66cf903e1f387083d,C1CC2(CN[*:1])CCC1C2,C[*:1]>>NCC[*:1],C[*:1],NCC[*:1],5146,3652,1,1,1.0,9,1,3,10,12,13,10-19,C#C[*:1]>>CC(C)C[*:1],fbc68abbfe3a0ac05bab46395ad4db87090bac7555675f1964c5191a13164fcf,55980acb83b558f2bfe3930b45c8881030cc472d342c257f16b4ad52dcd51407,CNCC12CCC(CC1)C2,NCCNCC12CCC(CC1)C2
5933f63459c7a22d693f10236702d6d5fb1d9db569fb14be7ee619816a1019da,16d9a099b729634224d2db6804418d8f33528fd05de3f2e0db71ccd6053d0fbb,CC1C[NH+](C(C)[*:1])CC1NC(=O)C1(c2cccnc2)CC1,CNC(=O)[*:1]>>C[*:1],CNC(=O)[*:1],C[*:1],28788,34419,1,1,1.0,20,4,1,24,21,13,10-19,C1CC1[*:1]>>Clc1cccc([*:1])c1,bcade6779c309a4981e8f0c24408d0c45ac955705e06aeea1547abdcd0ee8c07,2fcfeeda5efaeacdaa428da9689b5b7a6a55cab4910ef1c3f8bf06674328edf9,CNC(=O)C(C)[NH+]1CC(C)C(NC(=O)C2(c3cccnc3)CC2)C1,CC1C[NH+](C(C)C)CC1NC(=O)C1(c2cccnc2)CC1
09aa0d4e049398ee035ddb4c4f042dd09fe98392f12687ae9fc801a9a50a7329,ace3cce8fdaa074b8dc467581feba415877dd676ab2c3b31441547a498e1924c,O=C(NC1CCCCC1[NH2+]CCC[*:1])c1cnccn1,COC[*:1]>>FC(F)(F)C[*:1],COC[*:1],FC(F)(F)C[*:1],45710,18647,1,1,1.0,19,3,5,22,24,13,10-19,C1CCC([*:1])CC1>>CC[*:1],8992beb8abe51c61e958b385ca80c468864e9d281d2842035b1f7b8f1e7b31f4,432ccb651e45866b5c094bebdb223b3ec52340905d27fe0ec7f13a8e63786c5a,COCCCC[NH2+]C1CCCCC1NC(=O)c1cnccn1,O=C(NC1CCCCC1[NH2+]CCCCC(F)(F)F)c1cnccn1
01bb2de14b8ead16f75b3b6e9e8033a6df46454a345e7503bbd1854b12426281,5aca059cb96306febfd91837bf9be390b52e1824555f93b893678725ec64a9c2,O=C(NCCCOC1CCOCC1)Nc1ccn([*:1])n1,C[*:1]>>C[NH+](C)CC[*:1],C[*:1],C[NH+](C)CC[*:1],20801,13206,1,1,1.0,19,1,5,20,24,13,10-19,O=C(O)C[*:1]>>c1ccc([*:1])cc1,0edcb18b397c7100a82667544dbb0c00d7ec51dfa4edcbc44cdda346959f0281,13a95461e0a0e71dbea6a60912b51a46c2cdb8355eda0b1142d72e5507379305,Cn1ccc(NC(=O)NCCCOC2CCOCC2)n1,C[NH+](C)CCn1ccc(NC(=O)NCCCOC2CCOCC2)n1
7e00f2e0828232125b8308d6579274594ab5d4e9e2235666f9a7b0c7f4bf808c,f10fe3b443da2ecd22cec1e858b730fe460e6e911e85be4664e6e6d4bdf95350,N#Cc1ccc(CN2CCC(NC(=O)C3CC3[*:1])C2=O)cc1,COC(=O)[*:1]>>FC(F)[*:1],COC(=O)[*:1],FC(F)[*:1],2460,44982,1,1,1.0,21,4,3,25,24,13,10-19,COc1ccc([*:1])cc1>>Clc1ccc([*:1])cc1,d1ce2caaab551869c9c16598bbcd48d1a65a501da77fd333e5660d6f79f9f8d1,b6d84cfeeb81be02d384c22f84c6921d704a4da747208475848046e0cd0738aa,COC(=O)C1CC1C(=O)NC1CCN(Cc2ccc(C#N)cc2)C1=O,N#Cc1ccc(CN2CCC(NC(=O)C3CC3C(F)F)C2=O)cc1
a2bdf334241e96e370adcda967f0c8a5b19d44a541fa82174d4e5911a457bbb6,d1748b4cc636d1951a71f121e09afdce714f3e800fd946f4d8306e9bfdea9960,CN(C)S(=O)(=O)c1ccc(NC(=O)NCC2([*:1])CC2)nc1,COC(=O)[*:1]>>N#CC[*:1],COC(=O)[*:1],N#CC[*:1],29088,35191,1,1,1.0,20,4,3,24,23,13,10-19,COc1ccccc1[*:1]>>Cc1ccc([*:1])cc1,6450e4d06b354583c1b9abc89f607cd8e10930209ac533afde202dfe7f9dd744,1c4d77d8b17c60e03fce1bdf87116c99867fd76a6cfa2aa3d37396081b08b949,COC(=O)C1(CNC(=O)Nc2ccc(S(=O)(=O)N(C)C)cn2)CC1,CN(C)S(=O)(=O)c1ccc(NC(=O)NCC2(CC#N)CC2)nc1
62324185d7f2bfa7e1adac381e89b4a498711226a6c3e715280a0256f080c929,4d4d3fbee9ad806b4196aa4f1003a0b43330e0dcae1fe4844d9eca93e5f20c44,COc1ccc2ccc3c(c2c1)C=C([*:1])CO3,O=C(O)[*:1]>>O=[N+]([O-])[*:1],O=C(O)[*:1],O=[N+]([O-])[*:1],29833,49409,1,1,1.0,16,3,3,19,19,12,10-19,COC(=O)[*:1]>>COC[*:1],ded2a24f5a2843fcfa1af3db8a49c2d49d350cc0931d962a4103803e4af251df,7e39a33aef93acae22eacf3a27899274a0b8e106b335da93e9e463e1c39b6e8c,COc1ccc2ccc3c(c2c1)C=C(C(=O)O)CO3,COc1ccc2ccc3c(c2c1)C=C([N+](=O)[O-])CO3
566fbfa2c37a5d97cc66e7fd7dd562fda467f39bd5dd54aa70ed7061e154d4f1,3892ccf12a76002085207bc048e1c37909f872b0b94064d606c93637fa9e4835,O=C(NC(CO)[*:1])C1CC1C1CCC1,Fc1ccc([*:1])c(F)c1>>Fc1ccc([*:1])cc1,Fc1ccc([*:1])c(F)c1,Fc1ccc([*:1])cc1,3008,21991,1,1,1.0,13,8,7,21,20,12,10-19,C1CCC([*:1])CC1>>CCC(C)[*:1],0f96385730d0eaf562c14651f56f8b3d4a17c1140c49f95d4b3c51fdfd54bac2,4df38ed3eda6456f3e8c2d198d53bf86a57d8a20475be3815492a13035fafc4f,O=C(NC(CO)c1ccc(F)cc1F)C1CC1C1CCC1,O=C(NC(CO)c1ccc(F)cc1)C1CC1C1CCC1
ed6eaa31e0e7ea3ab45d11b2678a24f1b186e91c4fc4b4edc4a1833669ba7ef7,eeb7a91230dc985be210472532d41ed0a4a434c38a9ad982c956ca1529035000,CCC(C[*:1])C(=O)N1CCC2CCC(C1)S2=O,Brc1cccc([*:1])c1>>c1ccc([*:1])cc1,Brc1cccc([*:1])c1,c1ccc([*:1])cc1,48212,21158,1,1,1.0,16,7,6,23,22,12,10-19,CC(=O)N[*:1]>>CCO[*:1],a8aa2fecc3d66efc866db50e38684bde3327678d56da31e202341af1b66eef26,fb4ee1168ab29d45d73be17bf67e795e758264173e97496a0e86c0032deab06b,CCC(Cc1cccc(Br)c1)C(=O)N1CCC2CCC(C1)S2=O,CCC(Cc1ccccc1)C(=O)N1CCC2CCC(C1)S2=O
3422dd36a5ca83da5fa6ae4313654bef72fd4edb7f5083064d1cb028ff47724c,979672d5e115600b8f1f80fa2f4480cacbfd268c64a4a3a2ec51b61d85c72039,CN(Cc1ccc(Cl)cc1)C(=O)c1oc2ccccc2c1C[*:1],C[NH+](C)[*:1]>>O[*:1],C[NH+](C)[*:1],O[*:1],1675,13916,1,1,1.0,22,3,1,25,23,12,10-19,Cc1ccc([*:1])cc1>>c1coc([*:1])c1,8c3e36eb42c13f50c7b1bdbf8d1a43c8990d2d890c5f1b03e9bbb8d85de4b308,e0d8c3f7088fb7bf16ed9e7e6869983c8e91bb8d74dd152f572f87c1b10cebdf,CN(Cc1ccc(Cl)cc1)C(=O)c1oc2ccccc2c1C[NH+](C)C,CN(Cc1ccc(Cl)cc1)C(=O)c1oc2ccccc2c1CO
895ef492d5ec7e7654f1cf1f054af4544c906d4fc258a42a005be0abd2e9b13d,25a15e438744b86861cc89eca4a8251b018871ef92cc4f7ca59fdbc0fb198d95,CC(=O)Nc1ccc(Nc2cc(Cl)ccc2[*:1])cn1,COC(=O)[*:1]>>CS[*:1],COC(=O)[*:1],CS[*:1],11288,12314,1,1,1.0,18,4,2,22,20,12,10-19,c1ccc(O[*:1])cc1>>c1ccc([*:1])cc1,cc3a8617843f5adbdaa55bd9cb10fc57049985a6c84faaeadd5f8f2d7a88f39c,9443939d622e4a64e30939143ee09e78ca3dafd7cdad1b8eb1d96f71948408bb,COC(=O)c1ccc(Cl)cc1Nc1ccc(NC(C)=O)nc1,CSc1ccc(Cl)cc1Nc1ccc(NC(C)=O)nc1
87e7b79b66f01aba025746f5624a5d85783d6aff3b377f83e2d954f9370297a1,a6b2173c1d1a8b10ede633141feb45935f23ca6f010292edabbe5f0fd197da25,COCC(=O)N1CCC(NC(=O)c2ccoc2[*:1])CC1C,CC[*:1]>>NC(=O)C[*:1],CC[*:1],NC(=O)C[*:1],18968,2050,1,1,1.0,20,2,4,22,24,12,10-19,OC[*:1]>>c1cncc([*:1])c1,ec782c000a35791adee23492ee997d0bafbabe51393bbc51cf4340804584d8e6,04494cf9a16e6e2e350b9348dd375d84162646be235a8937c4cf701262be1bd5,CCc1occc1C(=O)NC1CCN(C(=O)COC)C(C)C1,COCC(=O)N1CCC(NC(=O)c2ccoc2CC(N)=O)CC1C
dbf21afbc852c5b4077dced27fce34700d5454eef528e3f604851b0648c0e1da,bb0143751230b121ff92595b59610e7533671ce8dda79a45dde0de7e5eb8acd1,CCn1cc(CN2CCCCCC2)c2c([*:1])cccc21,Cl[*:1]>>O=C(O)[*:1],Cl[*:1],O=C(O)[*:1],5867,621,1,1,1.0,19,1,3,20,22,12,10-19,C1CCC([*:1])CC1>>CC[*:1],3e6fac3371e13846a98572467c705c746c9f7bdd0a27b27a8cfcd377224545a7,b5a53738405836a910e6ae910f006775b7c12396a47fcf72405ba8334b828e71,CCn1cc(CN2CCCCCC2)c2c(Cl)cccc21,CCn1cc(CN2CCCCCC2)c2c(C(=O)O)cccc21
9e8895fb410406ae705eb573ee6d0eff9844a84f222cd38dcab3492e2a15e121,afe6882dab65e9bd0ea512f0f4ab62cdf70123fc36c6bc153f89a0fbebf904f0,O=C1C(=Cc2ccccn2)SC(=S)N1[*:1],Cc1cccc([*:1])c1>>Fc1cccc([*:1])c1,Cc1cccc([*:1])c1,Fc1cccc([*:1])c1,42192,377,1,1,1.0,14,7,7,21,21,12,10-19,Cl[*:1]>>I[*:1],f8bff9e7aaa1de28b34b047376f2423d281bb36debdc75544676f30108f940af,7ea610367dbb0708df33c18db530da45b14b3343592c49d983faeb9fffeb0250,Cc1cccc(N2C(=O)C(=Cc3ccccn3)SC2=S)c1,O=C1C(=Cc2ccccn2)SC(=S)N1c1cccc(F)c1
5089098cc89b2587209bb9496ce43e989db740ddba3e9c5573d6aa9823ef0046,1014687ed84ee02427a967d322576f96c7420d88116a1e318c9b5b99aaa03c05,COc1ccc(Nc2cncc([*:1])c2)cc1O,CC(C)(C)[*:1]>>COC(=O)[*:1],CC(C)(C)[*:1],COC(=O)[*:1],19400,43834,1,1,1.0,16,4,4,20,20,12,10-19,CN[*:1]>>COC(=O)[*:1],9319f4b1f18f9511f97b05da05daeafa3f1a8be256b3c84c32e6aebab16926ca,7e982f1587bf03300bb7b8185fb729ce9a375813dcef30f14e764fa767b94b35,COc1ccc(Nc2cncc(C(C)(C)C)c2)cc1O,COC(=O)c1cncc(Nc2ccc(OC)c(O)c2)c1
bc0a9ec8b28eb62f7091bb46d39227c778d7e3e5ea318e09a138b93e2e3e3e0d,a5869d315fc757d0177788ccb911eebfa364496706b1f46c0b2227cdbb301800,CN(CC1CC[NH+]1CCC[*:1])C(=O)c1ccn(C(F)F)n1,C=C[*:1]>>CC(C)[*:1],C=C[*:1],CC(C)[*:1],33595,15022,1,1,1.0,20,2,3,22,23,12,10-19,CO[*:1]>>CS(=O)(=O)[*:1],9925b0a3f9c76d2cf754b4f96c23f7ef4e899ec979f193356f56c751d20c24c6,a1b4c164432cca507272cacf4747b1f3c6e845cf2020ea5bd1bea882b8dfa320,C=CCCC[NH+]1CCC1CN(C)C(=O)c1ccn(C(F)F)n1,CC(C)CCC[NH+]1CCC1CN(C)C(=O)c1ccn(C(F)F)n1
922661637eb0a754690cfdb0a773b5ce41877c16bf475e9192c01eec26c304f1,f9a467f7579fc3769d2ae3b936da3dd9fd04712aceda3756ccb8a5dc3f534ec9,O=S(=O)(NCC1CCCOC1)c1ccc(CC[*:1])cc1,CO[*:1]>>OC[*:1],CO[*:1],OC[*:1],27637,22982,1,1,1.0,19,2,2,21,21,12,10-19,OC[*:1]>>c1ccc([*:1])cc1,fc70983275db66f213c13cbb30b58e94d666c6b164c174f78dd340289e4388b1,b696bbb9bd6404ceab272fc2bc670c7a1c0a1c8ead542967771331837b204698,COCCc1ccc(S(=O)(=O)NCC2CCCOC2)cc1,O=S(=O)(NCC1CCCOC1)c1ccc(CCCO)cc1
314a9cabb6e50479f7a811a3f173cd832e95bc6248e2a1789b5a5dff1472164f,1c4030faaa0add1d3e981c590a12f141cbf95c99c4e3e9b67bac9b8a0ad4f32a,O=C(N1COC(c2ccccc2)C1)[*:1],COc1ccccc1[*:1]>>Cc1cccc([*:1])c1,COc1ccccc1[*:1],Cc1cccc([*:1])c1,21661,17216,1,1,1.0,13,8,7,21,20,12,10-19,NC[*:1]>>O[*:1],67891a8ad79b7f5d9f54ff8e944fa24260fb6590cc95216ba237ba5fa5d8d228,b509a40ceda5d3f90efec98b469a787d9d358bc21510444cb65f3fbdcd666e5f,COc1ccccc1C(=O)N1COC(c2ccccc2)C1,Cc1cccc(C(=O)N2COC(c3ccccc3)C2)c1
ecd619a00d18cb62bb9ee82fa1b001e471c163b63fecc0218dd4adc6ba7e5b40,d0c418a54c67aeac5f021effdc7ac25f2a8d8f4ce483963f75079ca132ee0353,CN(CC1CCCOC1)S(=O)(=O)c1ccc([*:1])cc1,COC(=O)C[*:1]>>OCC[*:1],COC(=O)C[*:1],OCC[*:1],36989,25957,1,1,1.0,18,5,3,23,21,12,10-19,Fc1ccccc1C[*:1]>>c1ccc(C[*:1])cc1,b19c572472cdc618aa3f2b37b29aaeb0e8edfeffbab026dcff751439960e3982,da8bd5c751de0d4ddc862b4ba8b010a899ebd273f829c3161d560b3983c7886e,COC(=O)Cc1ccc(S(=O)(=O)N(C)CC2CCCOC2)cc1,CN(CC1CCCOC1)S(=O)(=O)c1ccc(CCO)cc1
caf547b9a2e72ed107d537f49c67fb39d92d08f61791111361cf6788a75a4a5d,95d6ee5a0c9b50d62b4b5cf18479874fe0a6f28954e40eadc003b23e2349ca1f,O=C(CCC[*:1])NCC1CC(Nc2cncc(Cl)n2)C1,C#C[*:1]>>CC[*:1],C#C[*:1],CC[*:1],26084,42537,1,1,1.0,19,2,2,21,21,12,10-19,CC(C)[*:1]>>CCCC[*:1],2bfa43a58075c9520494f595d803d43bae9d9ff3a2c8dfab57a4fb21f18ec9fa,5222198afb394f3190fa0e32f3a1f1c01e8348f2a2807a2856f4e4e640933e53,C#CCCCC(=O)NCC1CC(Nc2cncc(Cl)n2)C1,CCCCCC(=O)NCC1CC(Nc2cncc(Cl)n2)C1
1fb4ea5dc4ec2d55bc2db113d66df3113e86724c27406be0324f5dde8488398e,cf45adf450df2a5a677a60171de097459f6317ad33e09067eb1dc0132d67872a,CC(C(=O)N1CCNC1=O)[NH+]1CCN(S(=O)(=O)[*:1])CC1,Clc1ccc([*:1])cc1>>Fc1cccc([*:1])c1,Clc1ccc([*:1])cc1,Fc1cccc([*:1])c1,25934,13485,1,1,1.0,19,7,7,26,26,12,10-19,O=C(O)[*:1]>>c1ccc([*:1])cc1,684b338fbbb17de05fa05a292253622d437852816e2650b7b22efe0a57c283a5,792fb61d3b8602f711bd2f203946696ee3ec32e7093baede4629a7b320bc03b1,CC(C(=O)N1CCNC1=O)[NH+]1CCN(S(=O)(=O)c2ccc(Cl)cc2)CC1,CC(C(=O)N1CCNC1=O)[NH+]1CCN(S(=O)(=O)c2cccc(F)c2)CC1
b8e68d7b866b61ebd0ba7186b3eb1a4cb6dbf1554a1bc6f9422bf09de563c66a,f08607ff9320ab0f08fab7a1a08f2c3e27d1434b53d03e96544679a437a5c198,CC(C)CC1NC(=O)CN([*:1])C1=O,CC(C)[*:1]>>NC(=O)C[*:1],CC(C)[*:1],NC(=O)C[*:1],24892,22551,1,1,1.0,12,3,4,15,16,12,10-19,C1CC([*:1])CCO1>>COC[*:1],fa81a8ba0903db41b34959ef825ecbcf81d3359673141d971804e6eaa1b07674,de434503e2e9e89beea75530b97c585fb40e7177e44b7553b28ac47d97f3d437,CC(C)CC1NC(=O)CN(C(C)C)C1=O,CC(C)CC1NC(=O)CN(CC(N)=O)C1=O
dcd7bf3f274206b78add937af4d560b55cf2782516faf5e48f95bc0ca031a28e,c7764409a188ec86e9a5f07cf5f1505e12463ac09d5e934a422bf13fa80bd3e5,Cc1occc1C(=O)NC1CCN(C(=O)N[*:1])CC1,CC(C)C(C)[*:1]>>CCC(CC)[*:1],CC(C)C(C)[*:1],CCC(CC)[*:1],40076,46924,1,1,1.0,18,5,5,23,23,12,10-19,C[*:1]>>c1ccc([*:1])nc1,abb78f4541470d9123f535294cfda43eef1790e1b3a53492171ead86edb2a27b,c9d7a70382ce47b7d1896e89c48354776fd428f70b45e1f9ee0cf4138c8de1ec,Cc1occc1C(=O)NC1CCN(C(=O)NC(C)C(C)C)CC1,CCC(CC)NC(=O)N1CCC(NC(=O)c2ccoc2C)CC1
220f87e00a9c12863fee5a6b1f9b9268d5afc03b9e426240a472cf3dda981a49,a4113e163ca2bc84aa20f53fbd5fb3fbb048e12d1e61f77f284227e55a68e8ec,c1ccc2c(c1)Cc1cc(-c3cnc(C[*:1])[nH]3)ccc1-2,CN[*:1]>>NC[*:1],CN[*:1],NC[*:1],37750,13710,1,1,1.0,19,2,2,21,21,12,10-19,Brc1ccc([*:1])cc1>>C[*:1],f5dd97d87485f3cb8dc1d617812838aded0ca8bd47fe1a0e35204db2f7af3852,304aa87b2fcf568e1335a0a72cd44a7c5942f446946a1fafb2f73ad77b66bbd9,CNCc1ncc(-c2ccc3c(c2)Cc2ccccc2-3)[nH]1,NCCc1ncc(-c2ccc3c(c2)Cc2ccccc2-3)[nH]1
63f2d053ba76873f37306573c5047b987ede84cbdd440b1c41a414ceb48caee8,32b964bafaf5cc413a634e86b45fbfde55825cf4a852cd72667963b0592a49ad,O=C(Cc1cccs1)N1CCOCC1[*:1],COC(=O)[*:1]>>O=C(O)C[*:1],COC(=O)[*:1],O=C(O)C[*:1],30692,17012,1,1,1.0,14,4,4,18,18,12,10-19,C[*:1]>>FC(F)(F)C[*:1],ca3b6339e5cadb96145911615289bfc4894eeca506e3f24fef69e43aa3245f87,505aaabeae1fa5290132fcbeac89983cafd46ca39c4f1dba70813d964f55594a,COC(=O)C1COCCN1C(=O)Cc1cccs1,O=C(O)CC1COCCN1C(=O)Cc1cccs1
fbdd1f5860a00f6169f6a40a25ae8a5d5591c3f3b93e997b693530f45c3f16c5,968dd03c5a8cac87a941575c3b08d969ea011ba923e699c17813e6d40b4ef1f3,Nc1ncccc1-c1ccc(O[*:1])cc1,Cc1ccccc1[*:1]>>Clc1cccc([*:1])c1,Cc1ccccc1[*:1],Clc1cccc([*:1])c1,43348,23581,1,1,1.0,14,7,7,21,21,12,10-19,F[*:1]>>OC[*:1],bfa953e9225fc9dc71bf568b880c7d1a5a27507a8e974874a627fb1bad285154,608967ab8da3154db3713deb083b62853293cc5d26fff93ae7fdb00e7c9d4a72,Cc1ccccc1Oc1ccc(-c2cccnc2N)cc1,Nc1ncccc1-c1ccc(Oc2cccc(Cl)c2)cc1
5cc941d50e7b36237c6613c50a78c929d0a4adbcd9c15d8f375269c35a0ad772,dd70cabbb378fc7b192fd4cada84a3aca5ab629811fa951b4ffc2091a5359233,CN(CC1CC2CCC1C2)C(=O)C[*:1],CC[*:1]>>N[*:1],CC[*:1],N[*:1],47483,24631,1,1,1.0,13,2,1,15,14,12,10-19,C[*:1]>>c1cc([*:1])cs1,06049a98a345049655ff0d96586e5a9c4cae692ef9ec7cab22a56072587b4cd6,6fddb911d7eebeb5fa3630d8d745de1248a2f924419ef5823f49552341d3b8cf,CCCC(=O)N(C)CC1CC2CCC1C2,CN(CC1CC2CCC1C2)C(=O)CN
7890b2180011310b6831ca2c4f3f2f2b0acf36934fc252fb538d162c10a19d2c,5bf5c03038b3f2cf6f717258413ee7816147adce02df987167ece1fd32b07829,CC(OC(=O)C1CCCc2[nH]ncc21)[*:1],COc1cccc([*:1])c1>>Cc1cccc([*:1])c1,COc1cccc([*:1])c1,Cc1cccc([*:1])c1,40725,13360,1,1,1.0,14,8,7,22,21,12,10-19,CC(C)[*:1]>>c1cncc([*:1])c1,a6b1b6b70087e26859fa81ab117537f0b5c3169839aa8b6ab37f06bee51765d6,c518b20e93a3636ab8f2f49e7abebc43c83652cd1a245b49671e145eca689ae2,COc1cccc(C(C)OC(=O)C2CCCc3[nH]ncc32)c1,Cc1cccc(C(C)OC(=O)C2CCCc3[nH]ncc32)c1
18409077ebab05f5a00ecc6c0175e797e8c108b87821f8683ac657851ae355a4,5bcd396acb5c11de3c82eddef18649c6ce697ebc3991dd790bd5db7fd2f6b78e,CC(Oc1ccc(S(=O)(=O)N2CCCC2)cc1[N+](=O)[O-])C(=O)N[*:1],COc1ccccc1[*:1]>>c1ccc([*:1])cc1,COc1ccccc1[*:1],c1ccc([*:1])cc1,21846,48863,1,1,1.0,23,8,6,31,29,12,10-19,C1CC1[*:1]>>Clc1ccccc1[*:1],caac925100ce73b4baa94b93dc265f27d9b73b5d78c74a4d5f7007d45b959da6,6f1209ce76f7f80a17a0fe1137dab051ffbeabf40c294b8ed79c54bc2e850449,COc1ccccc1NC(=O)C(C)Oc1ccc(S(=O)(=O)N2CCCC2)cc1[N+](=O)[O-],CC(Oc1ccc(S(=O)(=O)N2CCCC2)cc1[N+](=O)[O-])C(=O)Nc1ccccc1
6115be980f7a12653440c6b2661607059243115ae4e3c01f5d1002a34fdfae38,5e2577aba0da15b3dfdcbbb4cf4a6e663d7d0fd9269543d6beb5806821cfbd9c,COc1cc(OC)c(Nc2ccc([*:1])cc2)cn1,CC(C)O[*:1]>>Cl[*:1],CC(C)O[*:1],Cl[*:1],44162,6977,1,1,1.0,17,4,1,21,18,12,10-19,CC(C)O[*:1]>>N#C[*:1],545f836ed74f803c4bdacdf40d7e7160ae5a6398a568502a48abe29c6183ab0c,47471432e6eb9f8fbbb9267294ed76bc0c20f316ae30f6f06dc969109ab7b75f,COc1cc(OC)c(Nc2ccc(OC(C)C)cc2)cn1,COc1cc(OC)c(Nc2ccc(Cl)cc2)cn1
3af428a9ae1b744cf7f656ca2dd8a771c511445b907353a6225b7329e7f52e78,75bfda50e29f75170ae352dd85dc505a6cab44d381d2d8fc953f9469f35fafcb,O=S(=O)(CCn1cccn1)c1cccc([*:1])c1,Br[*:1]>>O=C(O)[*:1],Br[*:1],O=C(O)[*:1],7163,33164,1,1,1.0,16,1,3,17,19,12,10-19,COC(=O)C[*:1]>>COc1ccc([*:1])cc1,93510319ec0e687a20a098ce6beddc232d29614f1e8460efb6ad82999ec88fd2,142e1c6bdcf0de3b0a19cc44d20d81d9c3bc2dc07772ef63f0a097a733c19868,O=S(=O)(CCn1cccn1)c1cccc(Br)c1,O=C(O)c1cccc(S(=O)(=O)CCn2cccn2)c1
c7401f6d7f0862c9aa1a8f9a90d43a2b8374711610bb69748b3e542e735600a5,21678627402e261d41b399b68716335b2b9edcbef80111bff25787ef2ff9b524,CC(CC(=O)NCC1CC[NH+](CC[*:1])CC1)c1cnn(C)c1,C=C[*:1]>>CO[*:1],C=C[*:1],CO[*:1],36797,41354,1,1,1.0,21,2,2,23,23,12,10-19,C1CC([*:1])CCO1>>CC[*:1],7f85b4f75fce7d80f3816cdf59d32cc4805a3b3f9fc81648cd1cafde40bff0d0,df033a0201bba6e2c2dca8242582613708ff4d9347fb16cb5060935dfa76ae09,C=CCC[NH+]1CCC(CNC(=O)CC(C)c2cnn(C)c2)CC1,COCC[NH+]1CCC(CNC(=O)CC(C)c2cnn(C)c2)CC1
e713af55672787fbde060bb63e3e43e57d0ba76d0460fad6ab7921b20fe10dce,eb3922b20db445116b843cb857b2bcbc32e0523fb1be2b1163acfbbd6d945b23,CC1(C)NC(=O)CN(CCOC[*:1])C1=O,CC(C)C[*:1]>>FC(F)[*:1],CC(C)C[*:1],FC(F)[*:1],41927,22525,1,1,1.0,14,4,3,18,17,12,10-19,C1COC([*:1])C1>>COC(=O)C[*:1],ddd4a1dbe8a6e13d7289a8a893c50738c07df9dc45528db98b8aa3b578edb23f,df91554d8a5e319c51778f0d6eada0d287b722ad2979eeea8df4adfb6d6b66e5,CC(C)CCOCCN1CC(=O)NC(C)(C)C1=O,CC1(C)NC(=O)CN(CCOCC(F)F)C1=O
61ce515275c38d5f218c769e2ebf7178ae1a00193372b6ac84222249bcc414e2,7b386144c0c5f93901d7c9ca4ffca2d62d328e2a95ce21b49a4754f57fa9525d,CC(C(=O)N1CCCn2nccc21)[*:1],C=C(C)C[*:1]>>C[*:1],C=C(C)C[*:1],C[*:1],10148,31438,1,1,1.0,13,4,1,17,14,12,10-19,C#C[*:1]>>OC[*:1],d4f6bf3ac901c0e7ad44710b6f76e8fd6ec25c87a15e2a4dc67ec5e4e9dc923a,bbf6d4c02705bcdb1f4804a0a723bdf33b8d10fa5aa2baf1aa635a8a3761144d,C=C(C)CC(C)C(=O)N1CCCn2nccc21,CC(C)C(=O)N1CCCn2nccc21
be526bce3e006ff1a949fe278c3b4bf525f62c72fabf3a096b1b30322f9d4522,1d5dfff336001640c4f4cd76efb77d70fc13a39e7897095c36d0188b23808dcd,CC1(C)CC([NH2+]C(C[*:1])C2CC2)CCO1,CC(C)C[*:1]>>CO[*:1],CC(C)C[*:1],CO[*:1],26689,35658,1,1,1.0,14,4,2,18,16,12,10-19,COC(=O)CC[*:1]>>C[*:1],d4d2d0a6de0edbbd13d6bcad9082814a059b6649840aeb4784ae900d49998d05,4860d53dbc1546f1ec1a6a4e81c81514404dc7d6384f6c12abfc9e095a355b3c,CC(C)CCC([NH2+]C1CCOC(C)(C)C1)C1CC1,COCC([NH2+]C1CCOC(C)(C)C1)C1CC1
92b50cd2cf8e012c30eed374afaa184d201e777e968098e3b69c1243019dcf69,78f03403c7ba13e1e4476e36a372f5070aa40d93cfa8b936d385248fa5fb7617,O=C(OOC(=O)[*:1])c1ccccc1,N#Cc1ccc([*:1])cc1>>N#Cc1cccc([*:1])c1,N#Cc1ccc([*:1])cc1,N#Cc1cccc([*:1])c1,18100,11520,1,1,1.0,12,8,8,20,20,12,10-19,C1CC1[*:1]>>Cc1ccc([*:1])cc1,3e00d413332c0a19776654f5fd36c1ead62c472cb3189bfe3b79bc9c7872232e,f234fc10d4a56416600ff935481a0330f3d841724d6d012b1efbf5ffac0c1d1c,N#Cc1ccc(C(=O)OOC(=O)c2ccccc2)cc1,N#Cc1cccc(C(=O)OOC(=O)c2ccccc2)c1
7e6d4fba8fc433a558579cc7ef374eb381ea0ea42191adb7ff63bf1e53ab1357,a9779327a722b8742aa3967739461b35d9f61be7fa3c54ca04c3ac929dbb74ea,C(=C[*:1])CN1CCOC(C2CCCO2)C1,COc1ccccc1[*:1]>>Clc1ccc([*:1])cc1,COc1ccccc1[*:1],Clc1ccc([*:1])cc1,44179,48130,1,1,1.0,14,8,7,22,21,12,10-19,CC(O)C[*:1]>>CCC(C)[*:1],7a6e304d91d4e370187615e0e50286c9273a958cc0fbf7f28a9300c43025a2e5,c4ca9a4e56c81804620ae418c87fe3c7528fd8457aa6dad7cfaa0ee53593955f,COc1ccccc1C=CCN1CCOC(C2CCCO2)C1,Clc1ccc(C=CCN2CCOC(C3CCCO3)C2)cc1
8ded771db80402f7797c7afefb5318c39c7fb2d4e632abe9ff325695340fa951,baa631cb1cfe4d5b69bc477d3b5b541a9921e04692c8a8438c87789ccd4b4b99,CN(CCO[*:1])C(=O)CC1C=CS(=O)(=O)C1,COc1ccc([*:1])cc1>>Fc1ccc([*:1])cc1,COc1ccc([*:1])cc1,Fc1ccc([*:1])cc1,33228,8937,1,1,1.0,15,8,7,23,22,12,10-19,C1CC(C[*:1])C1>>C1CC1CC[*:1],aa6d32e47d7eaea22ca680278b1f29a110419e4b25dd7a0f7224cc0c9a731cdf,ba878bbfc2d863cfae8eae08c3b443522db4cbeac638112e66b6c64282e5fbaf,COc1ccc(OCCN(C)C(=O)CC2C=CS(=O)(=O)C2)cc1,CN(CCOc1ccc(F)cc1)C(=O)CC1C=CS(=O)(=O)C1
344f1328a55aebb845d921ca479d04adba8c264eece75b524bcfdb9cc72b7bed,79b6a85705534ab7f93d7f8b243979bbaebdd3332e0933508d6f2e2159829161,CCC1(C)NC(=O)C(C)N(CCC[*:1])C1=O,CS[*:1]>>F[*:1],CS[*:1],F[*:1],5830,26447,1,1,1.0,15,2,1,17,16,12,10-19,CC[*:1]>>N[*:1],122245e428f9b2d726f7d02120e42d99d5d82221c68c87c08129926be1df9bd1,e88ce0620ba209d153eaacb48ec49eb07d8e70f057aebdd74ec8fa17f1759eeb,CCC1(C)NC(=O)C(C)N(CCCSC)C1=O,CCC1(C)NC(=O)C(C)N(CCCF)C1=O
b68766a3d228f85dfb097bcf4fd25f6954d6fd9b5a88fb9ae246d933f12eb0f2,056bd1d7fbcea40c05b8b5103c26c58a049071232117f72591e870871ca9c712,OC1CN(c2cc(N[*:1])ncn2)CCC1N1CCc2ccccc2C1,COc1ccc([*:1])cc1>>Clc1ccc([*:1])cc1,COc1ccc([*:1])cc1,Clc1ccc([*:1])cc1,8775,34978,1,1,1.0,24,8,7,32,31,12,10-19,C[*:1]>>NCC[*:1],a471f2c3ba223a48f910dc4d13b369cdde589ea229e3480bbdebe6db8fdd84ba,62a9225122633bcc4e9cab8a4a90ce2f2398a87bab9077720a1b48b907468ea1,COc1ccc(Nc2cc(N3CCC(N4CCc5ccccc5C4)C(O)C3)ncn2)cc1,OC1CN(c2cc(Nc3ccc(Cl)cc3)ncn2)CCC1N1CCc2ccccc2C1
e49cd0e81d5ba74649f6ec10f0385c70cbc047ae7edea99540e3dd2218d57b15,0f74f1e2d15c35a33dcc9bcbc7852585e3689ae5c6def7139428c0cc0d948b93,O=C(NOC1CCCC1)N1CCC(OC[*:1])CC1,CC(C)OC[*:1]>>CC(C)[*:1],CC(C)OC[*:1],CC(C)[*:1],10825,824,1,1,1.0,17,5,3,22,20,12,10-19,C1CC([*:1])C1>>C1CC1C[*:1],ae3b5b4627111a673beffff6407c3cf5d08e65037be5223cf52f559928825c90,bdd7adf261f482f2da90749472362045bd570110d1a14e85310c8e51898073c2,CC(C)OCCOC1CCN(C(=O)NOC2CCCC2)CC1,CC(C)COC1CCN(C(=O)NOC2CCCC2)CC1
e45562d946cd935a2a63dc0d2e71a68cf7248d8ffce48f14f6b51b0f2b5d6366,0f24bc043f180af8da39916067e55589ccfbf42db2fd87f92501529c3ed26224,CCCN1CC(=O)N(CCCC[*:1])CC1=O,O=C(O)C[*:1]>>OCC[*:1],O=C(O)C[*:1],OCC[*:1],7205,47711,1,1,1.0,15,4,3,19,18,12,10-19,CC(C)[*:1]>>NC(=O)[*:1],8f4fc1304e177adc2ec29b0c18fcc16f17a76908b3ebcf9ec37f08c6b49b21ec,4f08bbd30daccfd1dab3cc83735cb2db36e815269c32146cdfd01b6bd6025672,CCCN1CC(=O)N(CCCCCC(=O)O)CC1=O,CCCN1CC(=O)N(CCCCCCO)CC1=O
a74b893503452c050a127fd5a11358f0fda4785e77e2da4132d3751a6b78335e,56f19aab274889da35c91b49bebed0a11397d297ae60da60040081dba2d49fd2,Cc1cc(NS(=O)(=O)c2ccc([*:1])cc2)no1,N#CC[*:1]>>N#C[*:1],N#CC[*:1],N#C[*:1],48061,4660,1,1,1.0,16,3,2,19,18,12,10-19,O=C(O)C[*:1]>>O=C(O)[*:1],ea500f1d0811e9e082b261316e7ab6d0f4a1dec8e5647c5ae20702d9bf0fa14f,b785ebb321cdd250bf5894a3f354215de1a3fce9b819ff6d14f8cfd7f67533f3,Cc1cc(NS(=O)(=O)c2ccc(CC#N)cc2)no1,Cc1cc(NS(=O)(=O)c2ccc(C#N)cc2)no1
39bf4bdec525c015822f8acebd7b209fa5cf96a2c2a20ffd7973a8556079677d,adeef7751c47771a3dc73c87a276b98017f82469bebbc06f17ebab7560b2a5a9,CSCCC(NC(=O)[*:1])C(=O)[N-]OCCC1CC1,Cc1cccc([*:1])c1>>Clc1ccccc1[*:1],Cc1cccc([*:1])c1,Clc1ccccc1[*:1],3408,48059,1,1,1.0,17,7,7,24,24,12,10-19,Clc1ccccc1[*:1]>>Fc1ccc([*:1])cc1,15864bef8afce092238409f47db9eac15eef5704cdfd577fc5906a057fe8c145,2880ce80fc085e58eed90bf6a683ab865d33d3432538a0f33b72e5ddd00ac794,CSCCC(NC(=O)c1cccc(C)c1)C(=O)[N-]OCCC1CC1,CSCCC(NC(=O)c1ccccc1Cl)C(=O)[N-]OCCC1CC1
1c4db78bb0b2bdd54d6eab4e7db8d707440677745c274757166dd13852c13b08,40feb59cf7d340f13a5f0c2664de771a16c9a1097e9f8e2a597e03e0120bb152,Nc1nccnc1C(=O)OCc1noc(CC[*:1])n1,C[*:1]>>O=C([O-])C[*:1],C[*:1],O=C([O-])C[*:1],5921,46142,1,1,1.0,18,1,4,19,22,12,10-19,C1CCC([*:1])CC1>>c1ccc(C[*:1])cc1,ca7d4ab5a5dfbb151b2aa4ac2b67f9808b457268e8ac6ca6f466c47e3a6fd52a,5caa4bd9092b3365c9ad5cbaab960619c25bccf3aaa9e3161a3209d0a96c07c3,CCCc1nc(COC(=O)c2nccnc2N)no1,Nc1nccnc1C(=O)OCc1noc(CCCC(=O)[O-])n1
a27f0b3398aca051b9476c4d47a8567033d78b04e9fad8146cb01ef10bbd0921,e3e3fc927ed0736c4942a3b7550415f67381c38414257a19afade0def1f56945,CC(NC(=O)CSc1nnc(-c2ccc([*:1])cc2)n1N)c1ccccc1Cl,Cl[*:1]>>FC(F)O[*:1],Cl[*:1],FC(F)O[*:1],30081,31916,1,1,1.0,26,1,4,27,30,12,10-19,COc1ccccc1[*:1]>>Cc1cccc([*:1])c1,beed0fffea95b8475ed9121f2e57c1c0b22ab7deab26d1c8dfe1e070e38b88c1,c00b7b5f091c14c67f5107d85fda32ca071061cb1f7b7934a212bdf10fad91bb,CC(NC(=O)CSc1nnc(-c2ccc(Cl)cc2)n1N)c1ccccc1Cl,CC(NC(=O)CSc1nnc(-c2ccc(OC(F)F)cc2)n1N)c1ccccc1Cl
5caca3412b9b31839e9fe94aaa930f2c35c68a992006f52ddf9a0d665c368714,8ffe1b41703fc7f8f28abae1243b301811f6084f250dfa37f08ab9ca68602ad4,COc1ccc(Nc2cnc([*:1])cc2C)c(F)c1,FC(F)(F)[*:1]>>N[*:1],FC(F)(F)[*:1],N[*:1],28041,48755,1,1,1.0,17,4,1,21,18,12,10-19,COC(=O)[*:1]>>FC(F)[*:1],3a682f14f078f6ceb1c05a94314333138c650892de70f6c670fb07822a0b3a49,3d7912f5a0f62f2966ea336b7dac7e49773f2abd17e3b678debf4cb98c293daa,COc1ccc(Nc2cnc(C(F)(F)F)cc2C)c(F)c1,COc1ccc(Nc2cnc(N)cc2C)c(F)c1
a2b1efb9b3c082834ea4f063875eb368a9cb5fae87a3453643b6d1ca55a09ff7,4ca6f246b2cabd177e9abba8ea0886ef77d70329f5308f9d85835a4f64438965,O=C(C[*:1])NCC(NC(=O)Cc1cc[nH]n1)C1CCCC1,CCC(C)[*:1]>>COC[*:1],CCC(C)[*:1],COC[*:1],10707,40881,1,1,1.0,20,4,3,24,23,12,10-19,CN(C)[*:1]>>O[*:1],81a72f9bb35db6ebb2f43ae5a1af36c59e5f0d8ea7d53e0c9e6a756b441ca9bc,7b49fa9aaff74e756ea1e424e6e806828eac1be83e66b358ab085399ecf41232,CCC(C)CC(=O)NCC(NC(=O)Cc1cc[nH]n1)C1CCCC1,COCCC(=O)NCC(NC(=O)Cc1cc[nH]n1)C1CCCC1
a8a8ef33776dc759b32409d4991f9b4d16d38a9c3d1a39f6fcf41d0a6d6af104,9c8c8ca7c9bec085ed8f2d49ff44ad8b9958be4f0835baa7e2ff2c726057504f,Cc1cc(C)nc(-n2nc(C)c(CC(=O)NCC[*:1])c2C)n1,CC(C)O[*:1]>>FC(F)(F)[*:1],CC(C)O[*:1],FC(F)(F)[*:1],16647,3899,1,1,1.0,21,4,4,25,25,11,10-19,CCC(C)[*:1]>>COC(=O)C[*:1],8b3903bc611a069d306796e7853378ac95656013f0dd72262d39c1a9100be653,10378e891c6282e1774411f018710d4f0d8ad39a570d94f875c535a51997acff,Cc1cc(C)nc(-n2nc(C)c(CC(=O)NCCOC(C)C)c2C)n1,Cc1cc(C)nc(-n2nc(C)c(CC(=O)NCCC(F)(F)F)c2C)n1
32a1c51f7dba7d45b83d4cec02e0356cfa806de886c58d5b9ff4fda4cd7d193a,f16609ade7d57a729c9968946c4e73e2a58ff3ca9bc7479f24e1bbe080dafec8,Cc1ccc(C[NH+]2C3CCC2C(NC(=O)CC[*:1])C3)c(C)n1,CC(C)[*:1]>>CCO[*:1],CC(C)[*:1],CCO[*:1],47777,15929,1,1,1.0,21,3,3,24,24,11,10-19,CC(C)[*:1]>>CCC(C)C[*:1],068a4450ce36b39ad73ab3d414f6e1d191c05a37d217c5b233a385a8fedd809d,95256901bb9b7a22f44f8b321f7a414f3bf182b7b7f655ff1e357fc73c08300a,Cc1ccc(C[NH+]2C3CCC2C(NC(=O)CCC(C)C)C3)c(C)n1,CCOCCC(=O)NC1CC2CCC1[NH+]2Cc1ccc(C)nc1C
7dd1e236166d0b1586d09ac73e8af56759edcec3ecd577f456ba3aec0a6b1456,9a074f118ad9cdcbfd0a3982e6ed43cd67be938b23c576af268d383bb93bfe51,CC(C)c1cccc(S(=O)(=O)NC2CC[NH+](C[*:1])CC2)c1,Fc1ccc([*:1])cc1>>Fc1cccc([*:1])c1,Fc1ccc([*:1])cc1,Fc1cccc([*:1])c1,12161,19073,1,1,1.0,20,7,7,27,27,11,10-19,CCC(C)[*:1]>>COC(=O)C[*:1],9c4c31a239dcfed6ccb75fb3ed03ec756287ea1151bbd1428be2849ec41a3bdf,ab3c38a8ca4f765d8194e72bd980d392102ed568f89b89d4c388980022d563ad,CC(C)c1cccc(S(=O)(=O)NC2CC[NH+](Cc3ccc(F)cc3)CC2)c1,CC(C)c1cccc(S(=O)(=O)NC2CC[NH+](Cc3cccc(F)c3)CC2)c1
fbf4eacc44c74a338086a85cbb2fbcfb79e29769c79341b3d299a35c551b8355,a0515329a2ef814b9936b3a6a55495ac8b596cdc2fcab2021a56f45d1d03f291,O=C(CC[*:1])N1CC2CC1CS2=O,CC(C)O[*:1]>>CCO[*:1],CC(C)O[*:1],CCO[*:1],23273,37316,1,1,1.0,12,4,3,16,15,11,10-19,CC(C)(C)[*:1]>>FC(F)(F)[*:1],b471383de8be4831f1fdfe40b46d5d94d823f330865da44941144418f5300b25,3973c1c467732ca5cf4864d1e122ae609c54b489882612d1dbdb73ecab9f637d,CC(C)OCCC(=O)N1CC2CC1CS2=O,CCOCCC(=O)N1CC2CC1CS2=O
596e75c87ca799002bb257a7cd5ee0d9c7829fc08c557686338ec11a48dfe48c,ffdf414d645cf5657bacbd8f526bf228557c776c034a844e4188a3528b6f24c7,CC(NC(=O)CO[*:1])C1CN(CC=CCl)C1,Clc1ccc([*:1])cc1>>Fc1ccccc1[*:1],Clc1ccc([*:1])cc1,Fc1ccccc1[*:1],4296,47735,1,1,1.0,15,7,7,22,22,11,10-19,Cl[*:1]>>c1ccc([*:1])cc1,665f56138f312b49c9204ffddba7ca40adbf1b1d7260b7c024a7a6cb6785844f,154576801de34df78428c7008b6baffc83ee5b3454edee5e07285226c9bd8a03,CC(NC(=O)COc1ccc(Cl)cc1)C1CN(CC=CCl)C1,CC(NC(=O)COc1ccccc1F)C1CN(CC=CCl)C1
563ca86457ad05770161403b1f6d8e4efd3fa3b81ac4174e4a5bea56ce8dbe92,8741128e653ea43b76c403692cbd5673ab628cec68d53d5cdb2ccf693f0f0d59,Cn1nc(C(=O)NCC2CC[NH+]2C[*:1])cc1Cl,C#CC[*:1]>>CCC(C)[*:1],C#CC[*:1],CCC(C)[*:1],4978,37972,1,1,1.0,16,3,4,19,20,11,10-19,c1cnc([*:1])cn1>>c1coc([*:1])c1,f7d65610025b283c3495b3c891bbf9ff1bbfc6f8ad6a0139938dd2610102c230,2ebb81e72d17e4b5e05ab084ffe5ad03771f1eff92d6e3f9cd42e8dd68f9d547,C#CCC[NH+]1CCC1CNC(=O)c1cc(Cl)n(C)n1,CCC(C)C[NH+]1CCC1CNC(=O)c1cc(Cl)n(C)n1
77fb3ed89036a95cb08767ce7563b444baeba8e2f154c00cb2eedbc45270528c,2c21b1c977c69d7a125ebf97de9d1face86864ccd066a9bc7d85aaa55339b583,O=C(O)c1ccc(Nc2ccc([*:1])cc2Cl)cn1,I[*:1]>>N#C[*:1],I[*:1],N#C[*:1],49539,45450,1,1,1.0,17,1,2,18,19,11,10-19,CCO[*:1]>>CC[*:1],30dc360b1b6b81978336bef526f754d05507b308aaa3c424ba382d94c861e38e,16426a66635ea606dfbb79af26b6a5e47a80ab2e2d1989ec3bb19f2c565bba8d,O=C(O)c1ccc(Nc2ccc(I)cc2Cl)cn1,N#Cc1ccc(Nc2ccc(C(=O)O)nc2)c(Cl)c1
64f211813e0f430cc92e52f34bfacf3182392dc528a810ccebeffb21dbabc8cc,709e3a8f910f4333898aac524cff3c0e7feec399dbdb1934860342d2d664af3a,CC1(C)C2CCC1C(C)([*:1])C2,CC(C)[*:1]>>N[*:1],CC(C)[*:1],N[*:1],44172,19623,1,1,1.0,10,3,1,13,11,11,10-19,CCC(C)[*:1]>>Clc1ccccc1[*:1],50480bc137a97c09fa558b6b69fd525d68ea94f68a21d5407299ace27dc20349,ec84e2b084c992fb6642c932b298a0c1f4dc89e1ac00945cc5f910f630710364,CC(C)C1(C)CC2CCC1C2(C)C,CC1(N)CC2CCC1C2(C)C
a320ccbcc8b5a3edc395f96cad9162bdc7bfd0762dbc71f7f81f9f9915298ead,76c5401ec53ea03afac6e6d90fa5bc448bb78e9a8fe17f9d2aa79a4fadb51f50,Cc1nc(C)c(C(=O)NC2CC(NC(=O)C3CC3[*:1])C2)o1,CC[*:1]>>O=[N+]([O-])[*:1],CC[*:1],O=[N+]([O-])[*:1],15763,40212,1,1,1.0,20,2,3,22,23,11,10-19,I[*:1]>>N#C[*:1],5286135c69c7dfc9c9289d6f6292e5bee56beacf8ea5ddf857b2016dff5aa248,ca691dade63fc1c80880b4c6a19791eb7df988357d5ca8c537d0c079a88328e9,CCC1CC1C(=O)NC1CC(NC(=O)c2oc(C)nc2C)C1,Cc1nc(C)c(C(=O)NC2CC(NC(=O)C3CC3[N+](=O)[O-])C2)o1
b57aef51f1fba9b0bfc77fb62ac5d4d92c77b885c34a657d18500edae5d2a158,62d4a56bd116db119287e8951fed69175c2e12a6f4c51fde582da4ebbf9ff3fe,CC(C(=O)NNC(=O)c1ccc([*:1])cc1)n1ccnc1,CC(C)(C)[*:1]>>F[*:1],CC(C)(C)[*:1],F[*:1],48676,3819,1,1,1.0,19,4,1,23,20,11,10-19,C1CC1[*:1]>>COc1ccc([*:1])cc1,5ab4eab0cb4ce9b64e94c6357e9bbc50e7e346ef9fff0c2d933653bdb25bcaa5,8d20284f2ab2e9518df40709610d0ad85d7b953c476b2e76aa01ee22b80a591e,CC(C(=O)NNC(=O)c1ccc(C(C)(C)C)cc1)n1ccnc1,CC(C(=O)NNC(=O)c1ccc(F)cc1)n1ccnc1
edae94fa3c79a867c720d0c2aeb4095033ed7c58ab9580114d65a904a68868ab,4dc835ad1561cf7a9de6979cafc7e45d8db4929a85a357a1b147b7dc9ba14faf,Cc1ccc(OCCOc2cccn(CC[*:1])c2=O)cc1,NC[*:1]>>O[*:1],NC[*:1],O[*:1],25333,8502,1,1,1.0,20,2,1,22,21,11,10-19,CC[*:1]>>c1coc([*:1])c1,048943038e9e64dc4d3e49d3ef02d8bf16b879ef10cd97d2510e080d05e6b1cb,a1684422faea294a18fa19bdcb9fb75e4bd1cc59aaabea979de5ba1822026cab,Cc1ccc(OCCOc2cccn(CCCN)c2=O)cc1,Cc1ccc(OCCOc2cccn(CCO)c2=O)cc1
8176227c9db330f45be1873a389d526ce38fc955e6d28e06d45012b19755360b,452628592052eeabe85a21a66f66e751291b1d817e9e7d33ddee4a39f21f0561,C(C[*:1])NCC1CC2CCC1C2,CN(C)C(=O)[*:1]>>NC(=O)[*:1],CN(C)C(=O)[*:1],NC(=O)[*:1],31784,13852,1,1,1.0,11,5,3,16,14,11,10-19,C1CC1[*:1]>>CC(C)O[*:1],4771c0dd4b565f533cd683c1c2552762a8cb5fffbac0cbd0a492a29b45341fce,b13371a0c171f6daa943e7233527cbbd4d54e1c9dee15eb2a733807126490313,CN(C)C(=O)CCNCC1CC2CCC1C2,NC(=O)CCNCC1CC2CCC1C2
4ee6ddf1580904c552b2a1f9093ae18bcbfc89f26c15fde2deb99bc05903a0f1,0709251cb3243dbb1505e9bf0323947d08894275827d7b773c0582976144b43a,NC(=O)N1CCCC(C(=O)NC23CCCC2[NH+](C[*:1])CC3)C1,NC(=O)[*:1]>>OCC[*:1],NC(=O)[*:1],OCC[*:1],2745,3678,1,1,1.0,21,3,3,24,24,11,10-19,CC(C)C[*:1]>>Cc1ccc([*:1])cc1,de9b1343ac8f2ab058859d2fb7a8ae048334e23684ca828539eef6b841570a6f,415a16bdd081609acb75240fb1354a14e6a31f55ca86d3ce5debfa9f4afd4b70,NC(=O)C[NH+]1CCC2(NC(=O)C3CCCN(C(N)=O)C3)CCCC12,NC(=O)N1CCCC(C(=O)NC23CCCC2[NH+](CCCO)CC3)C1
2bb495803d36dc628f35b319640f6a18d84dd2c930f4d14760b43be314674653,b9fd1a5cbc30a3430ec9f6f3c2d5dfca104b852353336741c58cfec2b7ff9297,CCN1C(=O)C(CC(=O)Nc2ccccc2)SC1=NS(=O)(=O)[*:1],Brc1ccc([*:1])cc1>>Fc1ccc([*:1])cc1,Brc1ccc([*:1])cc1,Fc1ccc([*:1])cc1,12785,32248,1,1,1.0,22,7,7,29,29,11,10-19,CC(C)C[*:1]>>Fc1ccc([*:1])cc1,f5bdcffc5e0315c5ea6210c68a3b42ec46432d23c63acdd855dda36d5845016f,857cbd8b6089108e8875ba5683258b22f15a1c0fef6c2cab3e569d3478552e95,CCN1C(=O)C(CC(=O)Nc2ccccc2)SC1=NS(=O)(=O)c1ccc(Br)cc1,CCN1C(=O)C(CC(=O)Nc2ccccc2)SC1=NS(=O)(=O)c1ccc(F)cc1
d64993001bb3c65421250356857d97d0e48e63515a8d4d063e7210008c9afffc,385e95c89e6e51a1dbfd48bf5c98cc5638f783beb60eb9c2893e53b9106d03c9,COc1ccc(S(=O)(=O)N2CCCC2)cc1NC(=O)CN(S(C)(=O)=O)[*:1],Fc1ccc([*:1])cc1F>>Fc1ccccc1[*:1],Fc1ccc([*:1])cc1F,Fc1ccccc1[*:1],40028,40131,1,1,1.0,25,8,7,33,32,11,10-19,CS[*:1]>>C[*:1],aff412e2fe8e93f79d635ae21d0248f1e7d59a396a467670683101fd4513da02,15bb466fad37c6d4a81ad0a643ab62f69f71acf0e8c00e0db5712fc5cfd1dd94,COc1ccc(S(=O)(=O)N2CCCC2)cc1NC(=O)CN(c1ccc(F)c(F)c1)S(C)(=O)=O,COc1ccc(S(=O)(=O)N2CCCC2)cc1NC(=O)CN(c1ccccc1F)S(C)(=O)=O
10101421b1f2d92e432f95e948877ae8a2f74391402bc82149e81ee76e4ffa6a,8ea62cc46712c387ed83b7877086cd593b114e5adf24837a809647fa41e5b2f9,O=C(NC[*:1])c1ccc(-c2ccsc2)nc1,Cc1cccc([*:1])c1>>Cc1ccccc1[*:1],Cc1cccc([*:1])c1,Cc1ccccc1[*:1],49150,37692,1,1,1.0,15,7,7,22,22,11,10-19,C1CC1[*:1]>>Clc1ccccc1[*:1],c57bd6efcce0eb7c958464fcd041f0f53cbddbd15ba88ad6b3b2135301b081c6,f663d2bc81621963680ca56bd33ae99e9b8755f8325026bb47b0e4d0cb25c05f,Cc1cccc(CNC(=O)c2ccc(-c3ccsc3)nc2)c1,Cc1ccccc1CNC(=O)c1ccc(-c2ccsc2)nc1
c03177e82938736565e8dc9cf89559b717dd851f18ae4b0e8a67a25435067767,5b8782e775f3cee2533350b7908faa67a543d1f56bd5dd0b689a9549b2ee5036,CCCNC(CN(C)C1CCCC1)[*:1],COc1ccc([*:1])cc1>>Cc1ccc([*:1])cc1,COc1ccc([*:1])cc1,Cc1ccc([*:1])cc1,18251,22819,1,1,1.0,13,8,7,21,20,11,10-19,C1CCC([*:1])C1>>C1COC([*:1])C1,83ffba3ba3a23c05307b483310b7d7656475f203b1de10a1207b9f6880491ed9,7968c7c8aeacb67d69f693cdf1bd65e788a22b0b985a45cec6b8115d1d2795ea,CCCNC(CN(C)C1CCCC1)c1ccc(OC)cc1,CCCNC(CN(C)C1CCCC1)c1ccc(C)cc1
d01a8b9584fcbfbb73d9342672ba4076b218775a6207c86586c4b48123b9caae,394f761eb2c7aa1202168620ec45c4aface1496774ab9e9158a845cf55eea011,Cc1nccn1CC(=O)NC1C2CCC[NH+](CC[*:1])C2C1(C)C,CC(C)[*:1]>>FC[*:1],CC(C)[*:1],FC[*:1],10912,37021,1,1,1.0,22,3,2,25,24,11,10-19,Fc1ccccc1[*:1]>>c1cc([*:1])cs1,a8fa733add4025769d5b96beebcff98edea64f4c0d81008511310422b9155c08,72a7bd0cd9c155c9dad5e22552a8d3cde5258bc2c9e051356b4af14e07f5122f,Cc1nccn1CC(=O)NC1C2CCC[NH+](CCC(C)C)C2C1(C)C,Cc1nccn1CC(=O)NC1C2CCC[NH+](CCCF)C2C1(C)C
7906d53817bc6e84bd5752882fd825c7c596189ff41a6d436196314dc5d28f18,9868a7bee928361ff266f7c58c657e563bc3a578f0ce311079e66b1d3f2cb75c,COCC(=O)N1CCc2c(NC(=O)CC[*:1])cccc21,C1CC([*:1])CCO1>>c1cncc([*:1])c1,C1CC([*:1])CCO1,c1cncc([*:1])c1,13120,2574,1,1,1.0,19,6,6,25,25,11,10-19,CCC(C)[*:1]>>CCC(CC)[*:1],c5fcaa5035ce4dcdd149de5f2542df18619d9b0bb4bb917a73697e2ce93ca5d6,2fa176178be876dca0a9283e7efe7c1eb68780df9bb8eb60d6facbd04c8860ca,COCC(=O)N1CCc2c(NC(=O)CCC3CCOCC3)cccc21,COCC(=O)N1CCc2c(NC(=O)CCc3cccnc3)cccc21
a849220cb46716790553516061538d9698004a06890b31d23f49172ba089502b,53b773bf828359b2fe5081bd0d671ce0a997069c3594bd39ddda9c03d6980eb2,CN(CC1CCCN1C(=O)c1cnco1)C(=O)[*:1],Cc1ccccc1[*:1]>>Fc1ccccc1[*:1],Cc1ccccc1[*:1],Fc1ccccc1[*:1],33369,47422,1,1,1.0,17,7,7,24,24,11,10-19,C1CCC([*:1])C1>>Cc1ccc([*:1])cc1,5e1237c03cfd3d1d5fe8833f90bd6c4a27d57bb361bb91afa48d1c25cdd31e79,dcdb6f7d04b187d2f0e4ada66cc3df10ac606e9fcb922ae8c663295d310a4747,Cc1ccccc1C(=O)N(C)CC1CCCN1C(=O)c1cnco1,CN(CC1CCCN1C(=O)c1cnco1)C(=O)c1ccccc1F
caae1b06a58dfcd4abc95eaee0ab07b98243da2ce4d488a3dcb9f08ad69289d4,3972e789e83f35ebbf4481465a9bbd86467ff9221834bd631920d80b02078ccd,CCC1(C)NC(=O)C(C(C)C)N(CC[*:1])C1=O,C#CC[*:1]>>CC(C)(C)[*:1],C#CC[*:1],CC(C)(C)[*:1],16975,10906,1,1,1.0,16,3,4,19,20,11,10-19,CC[*:1]>>Cn1cc(C[*:1])cn1,9c2c82bc8bd73b8f24e46637fcc7b257bdad1a0c7965f3f90362e6b9b71a79f5,83df770e6fb170c8f79d47fe3f407277fe75ae10097f9454dedf826ead3d43ba,C#CCCCN1C(=O)C(C)(CC)NC(=O)C1C(C)C,CCC1(C)NC(=O)C(C(C)C)N(CCC(C)(C)C)C1=O
30decadae6d6b8a9a9feb510bd2e761cd78b400f8f577f89890db1cae882aba3,b2b2f10557131515b6d1a67eff7c54ae99428c8cfce4c7186e53189ce002850d,O=C(c1cc(F)c[nH]1)N1CCC2CC[NH+](C[*:1])C2C1,CC(C)[*:1]>>CC(O)[*:1],CC(C)[*:1],CC(O)[*:1],1422,26982,1,1,1.0,18,3,3,21,21,11,10-19,CC(C)C[*:1]>>Cc1ccc([*:1])cc1,be77f72eb719dc3e0197320b2502c7ebf591c6c30a047e388f34615454982a6b,c3eaa55d5bd5b48d83eac0b0cb082b1476bf29510e38a23c4e1123a953494c43,CC(C)C[NH+]1CCC2CCN(C(=O)c3cc(F)c[nH]3)CC21,CC(O)C[NH+]1CCC2CCN(C(=O)c3cc(F)c[nH]3)CC21
cffb447471c18f7b948e50dd7ad2c33f2d7c819235594226f8cc12b3435e4f52,ed8db37ab78b78063a69751d801ffdeed0a73cfe2b31ecb8b535b58eb9e6af90,O=C1CC(CC(=O)Nc2cccc([*:1])c2)C(=O)N1,CC(=O)[*:1]>>FC(F)(F)[*:1],CC(=O)[*:1],FC(F)(F)[*:1],31984,44058,1,1,1.0,17,3,4,20,21,11,10-19,C1COC([*:1])C1>>CCC(C)[*:1],b27d086ffd319fd5a298c54541301dfacb879047e0218ee5377c119908151dfc,322f666754a7b33f48d38f86ff54df1df6d32b84aa4d1a379e55848aa8e8a880,CC(=O)c1cccc(NC(=O)CC2CC(=O)NC2=O)c1,O=C1CC(CC(=O)Nc2cccc(C(F)(F)F)c2)C(=O)N1
b29a1cea4eeab74564b885db58d64dd6b237ae8148fe384a1f3734da2ee1c58f,14a15740cbe705aa745e62b525dd86beff9b8694845fe37feed9742bda4b044d,C[NH+]1CCC(CNC(=O)NC2CCCC([*:1])C2)CC1,CC(C)[*:1]>>CN(C)C(=O)[*:1],CC(C)[*:1],CN(C)C(=O)[*:1],7052,48410,1,1,1.0,18,3,5,21,23,11,10-19,CC(C)CC[*:1]>>CCC(C)C[*:1],fb8291c0281b63367eade4483825520072da85c6c1455cafeb34405ae996e8dd,99bec520028231ab9ea1a0c5c8974ff8cfcbdb03b946fd12839afc1bf9b924b7,CC(C)C1CCCC(NC(=O)NCC2CC[NH+](C)CC2)C1,CN(C)C(=O)C1CCCC(NC(=O)NCC2CC[NH+](C)CC2)C1
54e2a3e6d025c28b4c130c3cdb2818a53003c9d35b95ea8fd78023a7699eef19,3596b7e33eb979ffda6dd62ac850fde3965a687d633f99999c200818a90f7622,COC(C(=O)NC1C[NH+](CC[*:1])CC1O)c1cnn(C)c1,C=C[*:1]>>O[*:1],C=C[*:1],O[*:1],38526,25043,1,1,1.0,20,2,1,22,21,11,10-19,C1CC([*:1])CO1>>C[*:1],d41083191b02b7f4f61a9b174e8495e875a6830d437d7a599c9108f8a46bad2a,02d3911c193c9bb0103f53e4abc79009fed904de66ddd64d448462a301f8594c,C=CCC[NH+]1CC(O)C(NC(=O)C(OC)c2cnn(C)c2)C1,COC(C(=O)NC1C[NH+](CCO)CC1O)c1cnn(C)c1
efcca3c687f974b082ab9c7102bc65e0b67f461317c7aaa532209f85bd7eae9e,8ec8860fc98ab84732a2859e213e7684502bc33170ff59b30f3d29baa6b87884,CC(N1CC(=O)NC(C(C)(C)C)C1=O)[*:1],CC(C)(C)[*:1]>>COCC[*:1],CC(C)(C)[*:1],COCC[*:1],47099,13741,1,1,1.0,14,4,4,18,18,11,10-19,COC[*:1]>>F[*:1],3c7068175864735df62a8f18a7c4dfb658bcedf06a65252fa6a26f87f0acb2b6,6c83062d97f0ce5c307ef5d322fb30a7259996d035e033c408c5f136a74fe645,CC(N1CC(=O)NC(C(C)(C)C)C1=O)C(C)(C)C,COCCC(C)N1CC(=O)NC(C(C)(C)C)C1=O
779502d84b3c8cab35c4ef0a5d6daba830add9d145bd91047e422f6ad2ad2f1c,52cdb12ad11f8116b8d65ac0678c6bc3b7acfd1b961a77fbc3b76465e8f0d348,Cc1ccc2nc(C(=O)N3CCN([*:1])CC3)cn2c1,COc1ccccc1[*:1]>>Fc1ccccc1[*:1],COc1ccccc1[*:1],Fc1ccccc1[*:1],42395,23585,1,1,1.0,18,8,7,26,25,11,10-19,CCO[*:1]>>COC[*:1],b33f91280c5bb7ed67fc96aa326acf99f7073f281628cb6f7ba7d4400eecd10a,f70ee12ad0fbead456471d1b81631ee7a4bed95ba414a8dd42a6ac15a8cdcf75,COc1ccccc1N1CCN(C(=O)c2cn3cc(C)ccc3n2)CC1,Cc1ccc2nc(C(=O)N3CCN(c4ccccc4F)CC3)cn2c1
447f4ad69ba87c305ea3c274245edc7cbc72c432df8aeeebe09c862670f99472,31c44e55b0393d27efb250842187665d0fa06e577117ac98648f921a03c4879d,O=C(C[*:1])NC1CN(C(=O)c2[nH]nc3ccccc23)C1,CCC(C)C[*:1]>>CCC(CC)[*:1],CCC(C)C[*:1],CCC(CC)[*:1],42565,29939,1,1,1.0,19,5,5,24,24,11,10-19,C#C[*:1]>>CC(C)C[*:1],10b6c1b615004c029e519cb0ecb1957768280b19f503f0931e720f53d89d4e68,7ce5afee3886b6d562b3f240912312451182c5a2dbfefb2297e66d2d61a297a2,CCC(C)CCC(=O)NC1CN(C(=O)c2[nH]nc3ccccc23)C1,CCC(CC)CC(=O)NC1CN(C(=O)c2[nH]nc3ccccc23)C1
92f2ff7df44344a16a74c76a0d45eed046fcaf7bcbceaa3ebf1d2a6eb578fe54,ae3c0acda3b52caab301b01948a763571879ffc6a18dd720797cbc8a6b201b5b,CN(C(=O)C[*:1])C1CC(Nc2cnc(C#N)cn2)C1,CCC(C)[*:1]>>COCCC[*:1],CCC(C)[*:1],COCCC[*:1],48792,33655,1,1,1.0,18,4,5,22,23,11,10-19,CN[*:1]>>Cl[*:1],d1f283f38c2290f868a1b06be193dde9956b9ac47e8410174bf50b0ecb101d40,e3a1017030ad6ff86190c503c89f0e0ad05b18b328b5f103dd019116809484cb,CCC(C)CC(=O)N(C)C1CC(Nc2cnc(C#N)cn2)C1,COCCCCC(=O)N(C)C1CC(Nc2cnc(C#N)cn2)C1
8f4293e9f6b837cdb53beefdab7c7fdab0778c425fed15fe2b65136835e2dc93,de4d63aad00f331495597d8c09d6eb593f3530c8f681bdab50c875bb4568779a,Cc1cc(C)nc(-n2nc(C)c(CC(=O)NC(C)[*:1])c2C)n1,FC(F)(F)[*:1]>>NC(=O)[*:1],FC(F)(F)[*:1],NC(=O)[*:1],24648,31441,1,1,1.0,21,4,3,25,24,11,10-19,Fc1ccc([*:1])cc1>>c1cncc([*:1])c1,cd3521b46b11b1ad0ce52701936c532da7c601465e144ef3c22baed0b5892b38,82a633cf6e068485c11aa8d94142a55b3d713d48058ff6d6879d5c427d9c4a87,Cc1cc(C)nc(-n2nc(C)c(CC(=O)NC(C)C(F)(F)F)c2C)n1,Cc1cc(C)nc(-n2nc(C)c(CC(=O)NC(C)C(N)=O)c2C)n1
fb37e8368632c844b004011abbff4dc2eac5f6f1dc2784dc46946741a2c81738,df62ea97f41febcbdebec0b0e5751e690af95b81547ee18c59a9fc9dfc6ef00b,CC(C)CC(=O)N(CC(=O)N1CCc2sccc2C1CO[*:1])C1CC1,COc1cccc([*:1])c1>>COc1ccccc1[*:1],COc1cccc([*:1])c1,COc1ccccc1[*:1],5306,31728,1,1,1.0,24,8,8,32,32,11,10-19,CC(C)[*:1]>>COc1cccc([*:1])c1,32e839ec299f1a8ec94e39103b2af76398f0a8aa12ecee11d2778860b8a1c69a,83acdd79d886dbb5fd23d4300c48b4375700afa23a29c1a466a2841e2c85ce89,COc1cccc(OCC2c3ccsc3CCN2C(=O)CN(C(=O)CC(C)C)C2CC2)c1,COc1ccccc1OCC1c2ccsc2CCN1C(=O)CN(C(=O)CC(C)C)C1CC1
f6674ddbd9452bc5818c5e0c7b97578fae1373b23800d63b6f66b389763e7cb1,c0538fe43819b36652573c0786a727e72fdd48c881c71ec3b4a42eee7cd3c442,COc1ncccc1Nc1ccc([*:1])c(Cl)c1,CC(=O)N[*:1]>>CO[*:1],CC(=O)N[*:1],CO[*:1],40543,31466,1,1,1.0,16,4,2,20,18,11,10-19,CC(C)[*:1]>>c1coc(C[*:1])c1,8d18f19a725c19fc95f197dc9abdcfd2fce9a0021f1cab49f168e3bcea7cde4c,dcff214e58cb9a515a83ef03379fb99567fc0a0f7e6cb97e33182975a823d6e1,COc1ncccc1Nc1ccc(NC(C)=O)c(Cl)c1,COc1ccc(Nc2cccnc2OC)cc1Cl
1d3f0ed4a3b6c3ec7b2f191df628cce684abba556fcbdfedb5107b9ed6a22c94,cb781329f6bd8dc63cff3703c122a2bdf93ee0485b839a5f2670a6649e37495a,CC(C(=O)NC1CC(Nc2cnc(F)cn2)C1)[*:1],CC(C)(C)[*:1]>>FC(F)(F)[*:1],CC(C)(C)[*:1],FC(F)(F)[*:1],28850,15722,1,1,1.0,17,4,4,21,21,11,10-19,C1CC1C[*:1]>>CC[*:1],45a150466eb2fbfcd44b914b71461ddcad3ef993adea594f2ea6772770a2bd79,a1c415edd3339213b7a6ee6494733ffb0639e4f999f65f331c63d1cace9eebff,CC(C(=O)NC1CC(Nc2cnc(F)cn2)C1)C(C)(C)C,CC(C(=O)NC1CC(Nc2cnc(F)cn2)C1)C(F)(F)F
fb481dd29591ceee46f52ccd1d470b3997f26095c95c1ea0ce93465ae9bd2fd6,5a93da9e2f1ef8585e9400cfdcdd874e39a6f3b67f4a14819fc11f1e00f7de1a,CC(C(N)=O)N(c1ccc(F)cc1)c1nc(N)c(C(=O)c2ccc([*:1])cc2)s1,C[*:1]>>I[*:1],C[*:1],I[*:1],26648,8856,1,1,1.0,27,1,1,28,28,11,10-19,CCN[*:1]>>N[*:1],b12579f95a3c52b36f1d8881d5a226d42f3ac205d2f49fca96b47d0cd74c77cb,02571b1ca729a5806e0f1b496d9d81b671863ed4eb355ef11e68a8c2075d7bfa,Cc1ccc(C(=O)c2sc(N(c3ccc(F)cc3)C(C)C(N)=O)nc2N)cc1,CC(C(N)=O)N(c1ccc(F)cc1)c1nc(N)c(C(=O)c2ccc(I)cc2)s1
acd2735cc83ef358663d79862157bc3f3f8d978c76cc89f2a46031faafecb900,fea1e07940e54551bf4322c7cedbf0c59415f27c624fc2c50673b0fa02998acc,CCC1C(=O)NC(C)(C)C(=O)N1CC[*:1],CC[*:1]>>COCCC[*:1],CC[*:1],COCCC[*:1],40675,5003,1,1,1.0,14,2,5,16,19,11,10-19,FC(F)(F)[*:1]>>Fc1ccc([*:1])cc1,b08823149e224939a0074988f4a75599fcd3fb8a43da453bc75189e326f9283f,8a8317e4118b7aa9042f6e7a524c95b481e659bbb364e5f376a4fccb6a4a678b,CCCCN1C(=O)C(C)(C)NC(=O)C1CC,CCC1C(=O)NC(C)(C)C(=O)N1CCCCCOC
754558120aff19d32ba526e401f498b01aa7b24dd1200cacc00e88cc3d9475e1,e3c109aad5000e9d50d4c0c5933390d84a5ef85b32cb608a96d2d39fda0f3ff5,CC(C)(C(=O)NC1CC[NH+]([*:1])C1)C1CC1,CC(C)[*:1]>>CC(O)C[*:1],CC(C)[*:1],CC(O)C[*:1],13633,9043,1,1,1.0,14,3,4,17,18,11,10-19,Brc1cccc([*:1])c1>>c1ccc([*:1])cc1,2f8e58920409564538546e02ddb2919bf17c641f2986f7efd14b3b91424ef85f,cdde9684186dd2e4139f03f3c252f8e21b8dbdae859f211daf9de9dda216b50d,CC(C)[NH+]1CCC(NC(=O)C(C)(C)C2CC2)C1,CC(O)C[NH+]1CCC(NC(=O)C(C)(C)C2CC2)C1
f105b42e0f451d53fd51a699cf0f03c113cbd21c1d08dc95968b8e359412451f,c3c7f904751fe3c2dcbb04345ae1d5e3fd3ecdc348c93db6fa2ccd9ca8820e66,COc1ccc(-n2ccc(C(=O)N3CCCC([*:1])C3)n2)cc1,CC(C)O[*:1]>>F[*:1],CC(C)O[*:1],F[*:1],46950,31136,1,1,1.0,21,4,1,25,22,11,10-19,CC(C)C[*:1]>>Fc1ccccc1[*:1],05ae21d34b9978a89a674cb4499698d4b94d676e5fc77a40161c73d1fe61b33b,68ce3916d134ed47e645ae1af9504d914f8bef47560236bc5040ba11eedab1dd,COc1ccc(-n2ccc(C(=O)N3CCCC(OC(C)C)C3)n2)cc1,COc1ccc(-n2ccc(C(=O)N3CCCC(F)C3)n2)cc1
146210a1b17dd9ed6b9a2aa92bf2506591d1ff97b2385e4baee81657f2ddcd45,2244f65234a36bd5266ae8241eaee920f930f6ac0dc9d9e48b9ac2c8c2158de3,CCC1NC(=O)C(C)N([*:1])C1=O,C=CCC[*:1]>>CCC(C)[*:1],C=CCC[*:1],CCC(C)[*:1],33212,13325,1,1,1.0,11,4,4,15,15,10,10-19,CC[*:1]>>c1ccc([*:1])nc1,ee4a10f701c00cd15e17404023a31636f31dead0687a8d81e19ebaf3e062df19,9b83c83acc2faad7c002ff1a1dadcf1ccda5b35549b490abe106b8dd78755a9e,C=CCCN1C(=O)C(CC)NC(=O)C1C,CCC1NC(=O)C(C)N(C(C)CC)C1=O
f55d75d1a9928743fa01df10f563213f7b3e13eb3232e183520d50dc9564ce9c,bbe8b44866a6ca73f5e85a69d1eee21517f7a586633b8e56c50261a3808d79a7,CC(CC(=O)N1CC2COCC(C1)N2CCn1ccnc1)[*:1],COC(=O)C[*:1]>>CO[*:1],COC(=O)C[*:1],CO[*:1],43192,16744,1,1,1.0,21,5,2,26,23,10,10-19,CC(C)[*:1]>>c1ccc([*:1])nc1,de97a9fe2623bc86757dccb6daa7f155307c306a8fc2122a936e3cc041558243,9542dc0f461a0557997401afc09575dedb1d3c54a57fc135fb545537a856e353,COC(=O)CC(C)CC(=O)N1CC2COCC(C1)N2CCn1ccnc1,COC(C)CC(=O)N1CC2COCC(C1)N2CCn1ccnc1
038aaa1c36614fc54490d6bfc6c4ace5244a7463d2fd91679b5fc5689d6544bd,864ce021c9a897a7c3130a0754a70cf3825d5a26bbcff5129ddf89a7d1e5c9f1,COc1ccc(C2OCC3C4C(C(=O)N23)C4[*:1])cc1,COC[*:1]>>F[*:1],COC[*:1],F[*:1],44177,2908,1,1,1.0,18,3,1,21,19,10,10-19,CC(C)(C)[*:1]>>COCC[*:1],283c8c33636d776c0aa7b6977c06e70810fdeb7c00cbe9e8a5f873c594bc862a,9bf3ef302602b527c0976c9add7cd47ee02d77b60975b9157964676fea23dea9,COCC1C2C(=O)N3C(c4ccc(OC)cc4)OCC3C12,COc1ccc(C2OCC3C4C(F)C4C(=O)N23)cc1
230039c3627828ac2e8f0aab1b865feede183fceb79422c7a74d2818d0ac7a8d,3315126577845cca94e5acd52237e1fb3fff70daa05e317d5ebd2ec41ca0d0e9,NC1C2CCC(C2)C1C(=O)CC[*:1],CC#C[*:1]>>C[*:1],CC#C[*:1],C[*:1],37599,2187,1,1,1.0,12,3,1,15,13,10,10-19,C#C[*:1]>>CC[*:1],b1860a690f255083e0154d7f90ce1c3df0c2bfe781e7c3f3ddeb4fb1c56ee1fe,72de9cc3e4364b6077b4a176d5d05dd30970f616c5ec3177ba5ea0613eb3be01,CC#CCCC(=O)C1C2CCC(C2)C1N,CCCC(=O)C1C2CCC(C2)C1N
ee78957d4fe476aca147e691588130a8d4b5b9c8440513c7b3291d5796eacdf0,d9a42f8a7d61cc1b9e4455107730ce861785bf2d96cb6c107772f77bea0d2960,CNS(=O)(=O)c1cccc(OCC(O)CNC2COC3(CCN(S(=O)(=O)c4ccc([*:1])cc4)CC3)C2)c1,CC(=O)N[*:1]>>CCO[*:1],CC(=O)N[*:1],CCO[*:1],27132,23595,1,1,1.0,36,4,3,40,39,10,10-19,CN[*:1]>>NC[*:1],c1238cf55b68c265d171934f96cce0d1d02af646e9383a15185b3d8672b1df67,9661aab9832ed07981657f6080632b3d3fd69c8aa26eb829337e8d2cc8778739,CNS(=O)(=O)c1cccc(OCC(O)CNC2COC3(CCN(S(=O)(=O)c4ccc(NC(C)=O)cc4)CC3)C2)c1,CCOc1ccc(S(=O)(=O)N2CCC3(CC2)CC(NCC(O)COc2cccc(S(=O)(=O)NC)c2)CO3)cc1
b4cb8e94fe4625ef649f00316f78a6bec4c98e15c723b20aa82dfd2ebf5d6267,ff9a6157c2eb1c505e4dc056afe29915a10207c500e3e379482d7c0da552fb1d,CCn1c(SCC(=O)NC(C)[*:1])nnc1-c1cccc(C)c1,Fc1ccc([*:1])cc1>>N#Cc1ccc([*:1])cc1,Fc1ccc([*:1])cc1,N#Cc1ccc([*:1])cc1,23745,14212,1,1,1.0,21,7,8,28,29,10,10-19,CC(C)[*:1]>>CCC(CC)[*:1],214879b0ac1367f71450aac9e84049d11d4214e115a6f6bea20e9b851e5cbf4d,b8c472f872356d91ec147c8366c83b830b58f6caea0529811ae8a2ba815aad46,CCn1c(SCC(=O)NC(C)c2ccc(F)cc2)nnc1-c1cccc(C)c1,CCn1c(SCC(=O)NC(C)c2ccc(C#N)cc2)nnc1-c1cccc(C)c1
11e9a02ca3f6bb7a320c977cca687fae981bb47c189515fe8c0d587cf3b9f268,8b846927342149fa2445da96f29a0cb6f0ab0cefa942b209fec91d2a17b0c9db,CNC1CC2CCC(C1)N2c1cccc([*:1])c1,CC(=O)[*:1]>>N#C[*:1],CC(=O)[*:1],N#C[*:1],11765,10800,1,1,1.0,16,3,2,19,18,10,10-19,NC[*:1]>>O[*:1],b315358f60634453ca49509e12e1ff2a17175c82c2fc49809319a86cd6ca2a0d,6cbff6a6dcfd92494d81f9e8bf0aee82091aad709acab67c01209231fad579a0,CNC1CC2CCC(C1)N2c1cccc(C(C)=O)c1,CNC1CC2CCC(C1)N2c1cccc(C#N)c1
b77b55641952df9eafb36a28fa878e6775a12a417d5fd9f7136c2006818ea7d9,5dbd19345494074ae301f7eeaff9614152f1dbff87428e4c1ad38e3c6041bda1,CNS(=O)(=O)c1cccc(OCC(O)CNC2COC3(CCN(S(=O)(=O)[*:1])CC3)C2)c1,COc1ccc([*:1])cc1>>COc1cccc([*:1])c1,COc1ccc([*:1])cc1,COc1cccc([*:1])c1,48556,39051,1,1,1.0,30,8,8,38,38,10,10-19,Cc1ccccc1[*:1]>>c1ccc([*:1])cc1,684e6d7e13947d2bdef11f3df983f306c4b826ddabfc916d5a41b48c5978ab9f,80d33e3f158e364701920ec003935fc7bd4a2e3e0e9391350a99435f2ffcf9e9,CNS(=O)(=O)c1cccc(OCC(O)CNC2COC3(CCN(S(=O)(=O)c4ccc(OC)cc4)CC3)C2)c1,CNS(=O)(=O)c1cccc(OCC(O)CNC2COC3(CCN(S(=O)(=O)c4cccc(OC)c4)CC3)C2)c1
cf20b3a246c31610c8d29fa6563f697c95950815f08a64676a21334c8c498cee,1ba32213d62c5ea7157431397e3fdb72d341b5e2ae07f5cac2f0ec45bf644b57,CC1(C)C2CCC1(C)C(O)([*:1])C2,CN(C)[*:1]>>CN[*:1],CN(C)[*:1],CN[*:1],41008,41479,1,1,1.0,11,3,2,14,13,10,10-19,CC[*:1]>>CNC(=O)[*:1],88a52995eb9e75e70b5a05368cb63ea3c216121c81b5c111494ab4b9fbcf0c5b,fe8acadc5f8e0e42cc800a2661c007fd1fdcdc43fd59bcf324e3a540f3ca3ff8,CN(C)C1(O)CC2CCC1(C)C2(C)C,CNC1(O)CC2CCC1(C)C2(C)C
3967c44b10097bdfe37875df1539e089ecfe78784ebb55bf08cd334e48a65900,bfbe00ea5f6ddd1ba6e68e00d982356e783fc0045714e52527a3902d8f152124,CCNC1CC2CCC(C1)N2[*:1],Brc1ccc([*:1])cc1>>Cc1cccc([*:1])c1,Brc1ccc([*:1])cc1,Cc1cccc([*:1])c1,38133,27966,1,1,1.0,11,7,7,18,18,10,10-19,CCC(CC)[*:1]>>CC[*:1],35f7a7779c0908efef5c7ca494798b01c2d7758c75746dc042e9e865f4021d31,0c5005f748db473a669a5139e4ee190d73b31d5cc127d6ad9950b2b20391162a,CCNC1CC2CCC(C1)N2c1ccc(Br)cc1,CCNC1CC2CCC(C1)N2c1cccc(C)c1
65e58fbd34d21de24b8101f8ad3cde95b0730c269be45da9acaa11d8df21b920,09d3f9f8f8e12f361aa65be139466851a4da67b17a3f0c6bc72066fb69f127ab,Cc1ccc(Nc2cccnc2[*:1])c(C#N)c1,CC(=O)[*:1]>>C[*:1],CC(=O)[*:1],C[*:1],24242,21862,1,1,1.0,16,3,1,19,17,10,10-19,C1CC([*:1])C1>>CC(C)(C)[*:1],9eb089045f1d7764d66ea69d5fbc84cdcd3bd9b34dfc44659b2f1b300566f7f8,e82c90e8b3356cbc09b246804d90408e64826e425ee3ae5e36d1b35c48496b79,CC(=O)c1ncccc1Nc1ccc(C)cc1C#N,Cc1ccc(Nc2cccnc2C)c(C#N)c1
7f11d68c6703be7bcea70b5934855301285c373d2cb700f8621653563cb179dd,9937d4ee99ad2c5d92824f359e27fe5cda5df7c47dad5c270f4d3e20ddce9fbc,O=C(NCCC[*:1])C1CC2CCC1C2,CN[*:1]>>COC(=O)[*:1],CN[*:1],COC(=O)[*:1],43674,33123,1,1,1.0,13,2,4,15,17,10,10-19,C1CC1C[*:1]>>COCC[*:1],3fbb735c62da164a2ff0019b1376a66f27064fbbba82e0122c63640265e4b63a,f3f36fa64e72a8f8b9c261e27d9a72dc978d431ebabc723a82c0800cd58f6fd2,CNCCCNC(=O)C1CC2CCC1C2,COC(=O)CCCNC(=O)C1CC2CCC1C2
7a8f231ad1b53988801e146e0f92478c7c89b8f21f1478cf89003d5c397e6619,8c4fab55ea650f7c89a4744379d5f7a04bd226c1e21aa7734eb0cd6824860865,CC(C(=O)NC1(CNC(=O)C2CCOC2[*:1])CCC1)c1ccccc1,C=C(C)[*:1]>>CC[*:1],C=C(C)[*:1],CC[*:1],14930,34950,1,1,1.0,24,3,2,27,26,10,10-19,C#C[*:1]>>N#C[*:1],aa7adfd64ebbca778ee6c65d15d49791142bb61234fba7a69f1b10936c6ae41a,9e907cdf51166bb422405aea9c17db8866284731c63c30ae3ec020c1dfaad712,C=C(C)C1OCCC1C(=O)NCC1(NC(=O)C(C)c2ccccc2)CCC1,CCC1OCCC1C(=O)NCC1(NC(=O)C(C)c2ccccc2)CCC1
e9267e925728d0532e3aea33864e514e534de5a123a4033a996c3c028c70d0e9,f263a65687ee55ba3e8b889ad941bb859b568cec1cb0ced2a3b36e90d977be5e,Cc1nn([*:1])c(C)c1CNCC(O)c1ccccc1F,Fc1ccc([*:1])c(F)c1>>c1ccc([*:1])cc1,Fc1ccc([*:1])c(F)c1,c1ccc([*:1])cc1,5699,48067,1,1,1.0,19,8,6,27,25,10,10-19,c1ccc([*:1])cc1>>c1csc([*:1])n1,858601d15525114e29b3d41507bd6821e87736fa47822da84140b95422eee64e,f085a9c0e3b0c2cb5a80ac887813b4abf78aad95761223eb1c66e9e0ecb3fcb5,Cc1nn(-c2ccc(F)cc2F)c(C)c1CNCC(O)c1ccccc1F,Cc1nn(-c2ccccc2)c(C)c1CNCC(O)c1ccccc1F
4043438cdcc846d226b067d876cbd2194d8942f28e07b9b84773ba097bacc6d5,4eb768a3c1c3e968a5dc2124b45cecceff406a1bb8ad3d5655f12f9ab38f8e58,CC1C(=O)N2CCCC2C(=O)N1[*:1],COc1ccccc1[*:1]>>Cc1ccc([*:1])cc1,COc1ccccc1[*:1],Cc1ccc([*:1])cc1,713,6318,1,1,1.0,12,8,7,20,19,10,10-19,N#C[*:1]>>n1nc([*:1])n[nH]1,332f593cc009c82695e66ed9e5383321b1835fc689ca1dc615754b2180d7d54f,e064072c53296a24a77b001900f5e75e36c664b47e3e279916ceba243173b8db,COc1ccccc1N1C(=O)C2CCCN2C(=O)C1C,Cc1ccc(N2C(=O)C3CCCN3C(=O)C2C)cc1
a00a42fc1d4f9f2d1c20105edf83f875e899cc09486f3f516556882be0b35f30,7e72f76702d7473475c1b62dd80f16aa36fadfc5bfe36dcb1fd98c956455758f,CCC1(CC)NC(=O)C(C)N(CCC[*:1])C1=O,CC[*:1]>>CS(=O)(=O)[*:1],CC[*:1],CS(=O)(=O)[*:1],43787,7994,1,1,1.0,16,2,4,18,20,10,10-19,CC(C)[*:1]>>Fc1cccc([*:1])c1,226b93ffdb0548c9ec41401ad2b761cd7a50192e83df11af46ea5e7ebcc5ba56,22ba6fab772843848b3583c8be1a6df52b6f521b0bc5085a74f51b73a1f56ee1,CCCCCN1C(=O)C(CC)(CC)NC(=O)C1C,CCC1(CC)NC(=O)C(C)N(CCCS(C)(=O)=O)C1=O
439077e47b5d672c4f86962c543b9208b6de6f26e438b9adda35bbf062f07101,6d2df276505e0fd70b23cba249b9f7134bb27f1f55d458b1347cfe35baaf76b2,CC(C)c1nnc(C2COCCN2C(=O)[*:1])o1,CCC(C)[*:1]>>COCC(C)[*:1],CCC(C)[*:1],COCC(C)[*:1],27324,654,1,1,1.0,16,4,5,20,21,10,10-19,C1CC([*:1])C1>>C=C(C)[*:1],6018d877cf983762158166b265c79f403764cd4775d20a6d2fe11cdc2cfb710f,9a6d8ffb3d1d4c63236e62e6e75077777913b5f4287e88328df599af8a7bd792,CCC(C)C(=O)N1CCOCC1c1nnc(C(C)C)o1,COCC(C)C(=O)N1CCOCC1c1nnc(C(C)C)o1
496aa2e9b76e2e4655ca74a7488dd05bb21aecc885846e8b7f13ffcab1707d1d,679e323f7d13f3bed5be8718b9b1acd40826d9ec09513169acafd116cabeae67,O=C(CC(c1ccccc1)[*:1])OC1CC[NH+]2CCCC2C1,CC(C)(C)OC(=O)N[*:1]>>CC(C)[*:1],CC(C)(C)OC(=O)N[*:1],CC(C)[*:1],24860,48729,1,1,1.0,20,8,3,28,23,10,10-19,CC(C)C[*:1]>>FC(F)[*:1],fc7d970d63ce63845c20a521517d34410a9d943fc1e145f1417049cebf703db1,3d880977872901be638a0c8ae1aa25dba6e67bed6c93f3c05bcb7775899499fb,CC(C)(C)OC(=O)NC(CC(=O)OC1CC[NH+]2CCCC2C1)c1ccccc1,CC(C)C(CC(=O)OC1CC[NH+]2CCCC2C1)c1ccccc1
89c3a57b375a9cd82e55ed93368a41424b0727c8bfaa19dd07713d7a4ee9797f,2d995bdbd7a5287f94426526cfe62225919cf7c43dd8098216a1affa6a94f901,COc1ccncc1CC(=O)N1CCCC2C[NH+](C[*:1])CC21,C#C[*:1]>>OC[*:1],C#C[*:1],OC[*:1],24795,31395,1,1,1.0,21,2,2,23,23,10,10-19,NC(=O)[*:1]>>c1ccc(C[*:1])cc1,e834bd8bd617ea25c43a05d159ebb9b05b08f65976e275ab6270aa4114945e05,5782cfb11045363f639f31fe2c58ae450596708d66c66c5b5105493fab24eaaa,C#CC[NH+]1CC2CCCN(C(=O)Cc3cnccc3OC)C2C1,COc1ccncc1CC(=O)N1CCCC2C[NH+](CCO)CC21
92b58169babf21aa5708e6ca0f7820fa757a81ae99e2f3e59324986a8aa6bc5d,705daeb6def1282fd5105de84402ff4b4f93c32c3d7e596526b4bb128a8940c5,Cc1cc([*:1])ccc1NC(=O)C1C2C=CC(C2)C1C(=O)O,CCO[*:1]>>F[*:1],CCO[*:1],F[*:1],11808,5917,1,1,1.0,20,3,1,23,21,10,10-19,Cc1cccc([*:1])c1>>Clc1ccccc1[*:1],01da58d0a9a797d8e7c7a08b43d044980cb57f8d37f7d704f4ed47375d4fdd0a,06c90c5c71fd5b902071d98dac8177d00f3c5357826f861b99de7a64f4ee744c,CCOc1ccc(NC(=O)C2C3C=CC(C3)C2C(=O)O)c(C)c1,Cc1cc(F)ccc1NC(=O)C1C2C=CC(C2)C1C(=O)O
1a403ce7b0aac0b64e4d764b46f75836a8bb3bf26d93c9c420d69375aa1dff0b,2550ea742b45aee7c2670856e7f36794de42f178f2bc830d8513dd79ab3dac88,Cc1cc(C)nc(-n2nccc2NC(=O)C(=O)NCC[*:1])n1,C#C[*:1]>>CC(C)C[*:1],C#C[*:1],CC(C)C[*:1],19642,5605,1,1,1.0,21,2,4,23,25,10,10-19,CC(C)CC[*:1]>>C[*:1],cdae7c649be2b3280596e8a3c168619870ed9c13f26dbeb7c7bcc4bbf0e30400,70b1d7815d9c11445219f4d9ef2d4abdfe6d0d2e5df972e613ef3dddb0e9e71b,C#CCCNC(=O)C(=O)Nc1ccnn1-c1nc(C)cc(C)n1,Cc1cc(C)nc(-n2nccc2NC(=O)C(=O)NCCCC(C)C)n1
038ccaedae069073b38705e38110e7ecec9a2d4d516d0b22404762f6ce341a3b,e680c73c180d8bcd5c4e1ff96e85e92b292e4f91c15d71204b09fc4a3515bf55,Cc1cc(C(=O)N2C(C)CCCC2C)nn1[*:1],Cc1ccc([*:1])cc1>>Fc1ccc([*:1])cc1,Cc1ccc([*:1])cc1,Fc1ccc([*:1])cc1,33404,47648,1,1,1.0,16,7,7,23,23,10,10-19,C[*:1]>>Clc1ccc([*:1])cc1,71d106588e9e7032bdfe5169193b3cb50f728436c601af9c8c804c65745314bf,819cda97fa4107697887bddaf534e3d3a28ad65a22252ce219abf7e36cace1a8,Cc1ccc(-n2nc(C(=O)N3C(C)CCCC3C)cc2C)cc1,Cc1cc(C(=O)N2C(C)CCCC2C)nn1-c1ccc(F)cc1
fff020c08493bdf91ed77b6a7556bbbc07e5d56e4c950712a8550f8d27ec0c6c,d8d2b7e2daf20812aa4e8f762c2c80a231e422921bd5aa7d4f6ed287cdfd13a0,O=C(NC1CC2CCC1N2C(=O)[*:1])c1occ2c1CCOC2,CCC(C)[*:1]>>NC(=O)C[*:1],CCC(C)[*:1],NC(=O)C[*:1],24388,47793,1,1,1.0,21,4,4,25,25,10,10-19,F[*:1]>>OC[*:1],3d97c712041ba3fb6c45adcf1185b10c89a574752f9680d2b4a921d1566fbb29,f61e5a4a800663c10d675359f544ab668606d44e6b2b6e2bf41cc93cb247b099,CCC(C)C(=O)N1C2CCC1C(NC(=O)c1occ3c1CCOC3)C2,NC(=O)CC(=O)N1C2CCC1C(NC(=O)c1occ3c1CCOC3)C2
a7379570c7c407aa99f66e8aaa1cab869c959e6d77ff579a1e90f5fe0bdab3bc,c80fa71ece48bbc601c0cd596ae25a41ad779f1af42cc29d5a45715fd260b1b2,CC1=CC(=[N+]=[N-])C([*:1])C=C1,CC(=O)[*:1]>>O[*:1],CC(=O)[*:1],O[*:1],12647,17236,1,1,1.0,9,3,1,12,10,10,10-19,c1ccc([*:1])cc1>>c1coc([*:1])c1,01ed252257e9a313e149d4be8ea4efa72556c1bb1d857d0479f04cca1039966a,90596cb1d3467591ea2b1be60d62c06fb7808be14b4a70671bd47c48a9234d85,CC(=O)C1C=CC(C)=CC1=[N+]=[N-],CC1=CC(=[N+]=[N-])C(O)C=C1
0a92576dea10a3f04f98f23af790fea394829fef9f2e27602b2c32f451daad9c,86bf5ce5d709c3e761ed979dde7f56d688c6fb5c8e4b9107dd1caef08a6659d8,Cc1nc(C)c(C(=O)N2CCC3C[NH+](C[*:1])CC32)nc1C,CC(C)(C)C[*:1]>>CC(C)[*:1],CC(C)(C)C[*:1],CC(C)[*:1],15260,18639,1,1,1.0,20,5,3,25,23,10,10-19,C1CC1C[*:1]>>CC(C)(C)[*:1],3a7f75b252829edd2d3e9452b539d9e747ad10bbc5ef8e0c22a64c2117f04171,8e8e3f54f0d6b1f5d889001750bf0e51c7497f65bf61a6582dee969a3a699148,Cc1nc(C)c(C(=O)N2CCC3C[NH+](CCC(C)(C)C)CC32)nc1C,Cc1nc(C)c(C(=O)N2CCC3C[NH+](CC(C)C)CC32)nc1C
5a0766253e5fe3067a0c39621675ade69c8d790fc28484047768eb8c06662ab5,5e455be678c1b1329a7ad62b13ca85425e8c157f078730c448414cc8db0c10f7,CC([NH+]1CC2CN(C(=O)CCc3cnn(C)c3)CC2(C)C1)[*:1],CN(C)C(=O)[*:1]>>C[*:1],CN(C)C(=O)[*:1],C[*:1],48310,25540,1,1,1.0,21,5,1,26,22,10,10-19,CC(C)O[*:1]>>CC[*:1],38e51f5761a9be349bfdffdc125de3fc449aff308279d62f8b0a9d55f61f2237,2de68d4c5c64f15e2d26f00c96722f50bc2ab26c0f2a30266eed3feae55e2b30,CC(C(=O)N(C)C)[NH+]1CC2CN(C(=O)CCc3cnn(C)c3)CC2(C)C1,CC(C)[NH+]1CC2CN(C(=O)CCc3cnn(C)c3)CC2(C)C1
d6b1c7e1a84563d848e4b977fb37c37820d9613ce35e610d20a798efd8c66e11,67e658637b629a54f0b427f2b2dfc4f86f99ec51a82176159c93c16fe98a9081,O=C(Cc1ccc2c(c1)CCO2)N1CCC2CC[NH+](C[*:1])C2C1,CC[*:1]>>CNC(=O)[*:1],CC[*:1],CNC(=O)[*:1],33612,17828,1,1,1.0,22,2,4,24,26,10,10-19,CC(C)(C)[*:1]>>c1cncc([*:1])c1,82baf8b4ca420d1fa3c7a3f682d63676711b222607849fb17904f8da450b35f4,57fdc0b6dba6fa554d8e5f6a603ca92cb07e54c6c58279f5c9c63518a6a70444,CCC[NH+]1CCC2CCN(C(=O)Cc3ccc4c(c3)CCO4)CC21,CNC(=O)C[NH+]1CCC2CCN(C(=O)Cc3ccc4c(c3)CCO4)CC21
8fea6f0eacfd77cbe00acd25a1f3b9de756221ed4f745834d91bf04c9e039142,66295765cb32e4b60ffd30b5675e5fcb8e72dad092ff4e8a3f521e43ffb71f35,Cn1cccc1C(=O)N1CCC(C[NH2+]Cc2ncnn2C[*:1])C1,C[*:1]>>FC[*:1],C[*:1],FC[*:1],48028,39144,1,1,1.0,22,1,2,23,24,10,10-19,COC[*:1]>>c1csc([*:1])c1,e234f1c88da1a0526de370c54ac810f9eff646522ae7ab5a15fda4984e0870cc,75c92c5a29df3683cfa44b6f928119f39c181a3bcb403e9cade136e0f549d46b,CCn1ncnc1C[NH2+]CC1CCN(C(=O)c2cccn2C)C1,Cn1cccc1C(=O)N1CCC(C[NH2+]Cc2ncnn2CCF)C1
69e30cea6d34a8e67efe3c892a414231863e8faff7d4b88b9abde961093d8ed8,f4ff85415d11f1a55b918806873a75028c867b8fdc9078dabe9f283a97b61e98,CCC(C)C1C(=O)NC(C(C)C)C(=O)N1[*:1],COCC(C)[*:1]>>C[*:1],COCC(C)[*:1],C[*:1],43394,45205,1,1,1.0,15,5,1,20,16,10,10-19,C1CC([*:1])CO1>>C1CC1[*:1],9db86fcf1ae60510a22f8ec885845a5b47f0876307196467b426178ec6bca83a,1b61177b50e9f088fe521ea15a5cc83e3a18d01bddaede3e2d3d374bfa9db311,CCC(C)C1C(=O)NC(C(C)C)C(=O)N1C(C)COC,CCC(C)C1C(=O)NC(C(C)C)C(=O)N1C
0a651cf645bbff7cd2c7834e76dacbb76c9289ccb9617d501d2cffd970cec79b,5a235c6adc33a8323cd85114f29986ed576296b5af5a29785486d95fee5514e1,CC1CC(C(F)F)n2ncc(C(=O)NC(CO)[*:1])c2N1,NC(=O)[*:1]>>O=C([O-])[*:1],NC(=O)[*:1],O=C([O-])[*:1],18888,32088,1,1,1.0,19,3,3,22,22,10,10-19,C1CC([*:1])C1>>Cc1cccc([*:1])c1,ac4d199270fdc647b118d4aa6ec6da6a372ebd9e0121909787ae16057e7a906e,a34ab6c74820fb331d8790fb3484432bdabdd66272054002626ba08f750ec25d,CC1CC(C(F)F)n2ncc(C(=O)NC(CO)C(N)=O)c2N1,CC1CC(C(F)F)n2ncc(C(=O)NC(CO)C(=O)[O-])c2N1
c3c3af10c682730defaf815767821e3c224e5224d4f06a4748f4534d10789278,235a7b65b7e9bc775d462c0d35d4ff5b63e005553d7cdde8a0c6f2c56e3383cb,Cc1ccc(Nc2ccc(C[*:1])cc2)c(C)n1,COC(=O)CC[*:1]>>COC(=O)[*:1],COC(=O)CC[*:1],COC(=O)[*:1],14827,11350,1,1,1.0,16,6,4,22,20,10,10-19,O=C(O)C[*:1]>>c1ccc([*:1])cc1,793efbf706515c72ff873d7b5731fd7a863ffded463dd03f55b7515ee598d722,661882605757716fd35abc530388b68fbcb8cf27b13df30ef5ad46bc2a133712,COC(=O)CCCc1ccc(Nc2ccc(C)nc2C)cc1,COC(=O)Cc1ccc(Nc2ccc(C)nc2C)cc1
7420d7f5f6ca0dfefca758b3a146594ebb1b800358fada8553593771ae59a41b,ce8157d09eb0ef506d151bf885cf72c2b99c32bfbea4f9acd8206fede1f09722,O=C(OCc1ccccc1)C1CC([*:1])C1,CS(=O)(=O)[*:1]>>O[*:1],CS(=O)(=O)[*:1],O[*:1],37056,14420,1,1,1.0,14,4,1,18,15,10,10-19,CC(=O)[*:1]>>N#C[*:1],e04d6ca56a9e7ffa9beb07010b7c220a7d730ba6e1e376374a4329370edd3a7c,eac22114c34144591e66d1ca741d6d6249b9f52a6d36974a649275867639e932,CS(=O)(=O)C1CC(C(=O)OCc2ccccc2)C1,O=C(OCc1ccccc1)C1CC(O)C1
5c021488f06d8ce2fd58591df0f836d1a57fb129ea8b6b535b898676443fa91b,b8fac9f0c6965dba7803015bb003c6d9deb27377ffaca1bbf4f33a79db3a236d,CCC1C(=O)NCCN1c1ncc(C[*:1])cn1,CC(C)N[*:1]>>CN[*:1],CC(C)N[*:1],CN[*:1],45779,20591,1,1,1.0,16,4,2,20,18,10,10-19,C1CC([*:1])CCO1>>C1CCC([*:1])C1,db35cb477c98f66f09cae7bd4a7bda1fba048591ccde984397ceb89801d6230b,1bb1a4b26889bff502871c5710f3289897cc746fb27bbcff37af6499780e8508,CCC1C(=O)NCCN1c1ncc(CNC(C)C)cn1,CCC1C(=O)NCCN1c1ncc(CNC)cn1
77274bafc0fd396716e989cca331bc0a09d37cf80a6f3de1df966ab12f126e12,c1f927afe6fab5c421a749935a4cc486b017421fffbcd5b40734038ce6c0dbc6,CCC1(NC(=O)c2ccncn2)CCN(C(=O)C[*:1])CC1,C=C(C)C[*:1]>>CCC(C)[*:1],C=C(C)C[*:1],CCC(C)[*:1],16004,16256,1,1,1.0,20,4,4,24,24,10,10-19,C1CC([*:1])CO1>>C1CC1C[*:1],9b9309043f7d89c857922112776d507ead29324944a75c301dd83191321563af,95b2726a0078592c4c91979a932af5ef3323275008e801671c2df42a030bc09a,C=C(C)CCC(=O)N1CCC(CC)(NC(=O)c2ccncn2)CC1,CCC(C)CC(=O)N1CCC(CC)(NC(=O)c2ccncn2)CC1
e9aeaa72b844e82811c98056a20127407c3dc2bfe9155ac8e59c66b930544a2a,9b8c9b456dc545d2c03edfe6192296939ff87229c4f9fec7baa0746c901a5c92,CC(C)(C)C(NC(=O)C1SCCCS1)[*:1],COC(=O)C[*:1]>>N#C[*:1],COC(=O)C[*:1],N#C[*:1],14801,21361,1,1,1.0,14,5,2,19,16,10,10-19,C1CC([*:1])CCO1>>c1ccc(C[*:1])cc1,5140e1be1720f4941a50e2f694323bf2da6a6a315da9fab593fca9604b818ca3,02d6e51e339e8f1fba5856657a7e2aa522072a613999bce6508cb76bf845a703,COC(=O)CC(NC(=O)C1SCCCS1)C(C)(C)C,CC(C)(C)C(C#N)NC(=O)C1SCCCS1
18238eb1ba4133da1b50c956fb9a423f85fe4fc1ab3a1ede3ee2a5340f22f2fe,423a4f321066027894de3704820f45ba52338ddbf4b01dc90d86f5e38172eb62,CCn1cc(CC(=O)NC2CC[NH+](C[*:1])C2)cn1,CCC(CC)[*:1]>>CC[*:1],CCC(CC)[*:1],CC[*:1],16098,1688,1,1,1.0,17,5,2,22,19,10,10-19,C=C[*:1]>>O[*:1],0eec7f0424c6a280ec3abde31f203cd225a2cf594ffabc4fd5f761449e6c6ce8,aea6bedc1088b75f9e218bc4b5fdbc12646bf35f7d0178826d0110cb506def7a,CCC(CC)C[NH+]1CCC(NC(=O)Cc2cnn(CC)c2)C1,CCC[NH+]1CCC(NC(=O)Cc2cnn(CC)c2)C1
f16d53e5696f46c6a0eca2af3fd7b99ba1aa04e23515326a3742824c7c1de07f,0e41f873f7fe26833284968e1ac641441b94d7212d4a1c13b297387a46557f09,CC(C)NC(Cc1ccccc1)C(=O)NC(Cc1ccc(O[*:1])cc1)C(=O)OCc1ccccc1,CC(C)[*:1]>>CSC[*:1],CC(C)[*:1],CSC[*:1],38587,24702,1,1,1.0,34,3,3,37,37,10,10-19,CC(C)CC[*:1]>>CC(C)[*:1],bdf7bdef3a92dbf45fa16310222b65d3f52ff458552d568005dce01f3e7881b1,960ba3cf26995b524b35f94353efad88a9cebb2afd077f6a2f44aa3d4b645ff9,CC(C)NC(Cc1ccccc1)C(=O)NC(Cc1ccc(OC(C)C)cc1)C(=O)OCc1ccccc1,CSCOc1ccc(CC(NC(=O)C(Cc2ccccc2)NC(C)C)C(=O)OCc2ccccc2)cc1
a49748ea1df1d622428bf3a04bd7ab159f08257a89cac9034b15bf4935eadc83,a4f3255866437ff58262193b1b1cd3036b2938ff35f24c8a57fd455ef94c2863,Cc1nc2sc(C(N3CCN(C)CC3)[*:1])c(O)n2n1,Brc1cccc([*:1])c1>>Cc1cccc([*:1])c1,Brc1cccc([*:1])c1,Cc1cccc([*:1])c1,428,8487,1,1,1.0,18,7,7,25,25,10,10-19,F[*:1]>>NC(=O)[*:1],a984018ffe04e685cef021045df7f42fefc4ac78d575da5b1f95c57d1390bdd9,758985df1a31abe77ac0592f1ece942ca9d12a3ba3fb9b64bd2053252db204bf,Cc1nc2sc(C(c3cccc(Br)c3)N3CCN(C)CC3)c(O)n2n1,Cc1cccc(C(c2sc3nc(C)nn3c2O)N2CCN(C)CC2)c1
5743e68407c4ff4668cd0c6d2ac364fb7e2fac9eb782b4f3b61bfefde6891d79,bc248ca455625fc19ac98dcd48ae2ddf6e10b19b22c71bbf35fab67b5acb1dfc,CC1(C)C2CCC1(C)C(O)(N[*:1])C2,C[*:1]>>O=C(O)C[*:1],C[*:1],O=C(O)C[*:1],41479,18017,1,1,1.0,12,1,4,13,16,10,10-19,N#C[*:1]>>NC(=O)[*:1],fe8acadc5f8e0e42cc800a2661c007fd1fdcdc43fd59bcf324e3a540f3ca3ff8,afc5ab4908d01d9fc1ed4f17cf33be38fe20fefba4a79bc83470ffec970ec9ac,CNC1(O)CC2CCC1(C)C2(C)C,CC1(C)C2CCC1(C)C(O)(NCC(=O)O)C2
73ab5b29b08e76ddb7a202543edf4a8f99bae526537146eb8a847def39164589,cc237e62723d048cf3e11a3a29d9d3c8d7f367a26583e3f792cb171a3c83e92f,Cc1ccc([*:1])cc1NC(=O)CC1CC(=O)NC1=O,C[*:1]>>C[NH+](C)C[*:1],C[*:1],C[NH+](C)C[*:1],11237,41569,1,1,1.0,18,1,4,19,22,10,10-19,CC(C)(C)C[*:1]>>CCC(C)[*:1],67a695a347eafeb87be53a67bf476a82e53dec27659231ae6cfdade36f852e8f,fdcefb28a14f9422605b1fe067ef09e52544ed37b33a683b1f689d60dc068073,Cc1ccc(C)c(NC(=O)CC2CC(=O)NC2=O)c1,Cc1ccc(C[NH+](C)C)cc1NC(=O)CC1CC(=O)NC1=O
95ef19ece925ec83346306d1779773d01318b8702aeb978b17a8f259320a03ed,1155c63af552f92c8b5415b3ef55ef30c2c2f8db5c867d787c360dc8ecdc426d,CN(C(=O)C[*:1])C1CC(Nc2nccnc2C#N)C1,CC(C)O[*:1]>>CC(C)[*:1],CC(C)O[*:1],CC(C)[*:1],34490,4724,1,1,1.0,18,4,3,22,21,10,10-19,C1CCC([*:1])C1>>C1COC([*:1])C1,4ddd4308793bb696f3411e72bbe5da830dc3b3167c1f93b7f65ecdd9edbca282,fbe49cba6209232e60bf4023039d29b05c9c89ef8ad34f00f2609cd4192fff84,CC(C)OCC(=O)N(C)C1CC(Nc2nccnc2C#N)C1,CC(C)CC(=O)N(C)C1CC(Nc2nccnc2C#N)C1
e678678049717e7197f8e64804bfcba800b322828b8975d4a82a8045dae2128a,3004ceb7b7bd490ef444205c32746797baa27baaa491db5d3921be378feed2c0,CC1CN(C(=O)C[*:1])CCC1[NH2+]CCCCC1CCOCC1,C=CC[*:1]>>CC[*:1],C=CC[*:1],CC[*:1],32628,28626,1,1,1.0,21,3,2,24,23,10,10-19,C1CC(C[*:1])CO1>>C1COC(C[*:1])C1,8ecba9b27367b269fd4e733c31c2f0fec04b9ef8ff03ee5785e89ff860656ee8,fcf1b5282096cba8ab8c1f55e8cc8ee77f94e3c168c6e9f5a3c8bb8c2c783966,C=CCCC(=O)N1CCC([NH2+]CCCCC2CCOCC2)C(C)C1,CCCC(=O)N1CCC([NH2+]CCCCC2CCOCC2)C(C)C1
414d6795ed94ec82cefdda08ab59c23418782f5b5cc9de801a4fe58ebedbbc8c,d8844246a4ecb9b4a17da8017b8d502be8f9eade6e6e2411a8d283afb49b1f63,Nc1ccc(Nc2cccc([*:1])c2)cn1,Cl[*:1]>>I[*:1],Cl[*:1],I[*:1],21538,12835,1,1,1.0,14,1,1,15,15,10,10-19,CN(C)C(=O)[*:1]>>COC(=O)[*:1],2b8f874a778a9846360a0fa1dc1837fba3f514a77a8ae1afa1e160b204f65b5c,eb1602e62804e8285527c1fabc05c75ce6610c6b9043040ed07410d33d680fa0,Nc1ccc(Nc2cccc(Cl)c2)cn1,Nc1ccc(Nc2cccc(I)c2)cn1
bd3b2fa3db56cbaf8343e4a8b15e49cac2f3695d73591066feab48626ee2a1f7,fc96acfd6e3dc6d8dee6fed63dc2f5b5e3272b24b0fe42ed3f75217092627958,COc1ccc(S(=O)(=O)NCC2CCCOC2)cc1[*:1],Cl[*:1]>>OC[*:1],Cl[*:1],OC[*:1],8675,37868,1,1,1.0,19,1,2,20,21,9,5-9,Cl[*:1]>>O=C([O-])[*:1],088896a9e0dd1db829e4c031cc79d74db78673deba985f22445e13fbd45914f3,b2559d26fe58add3a4d6672132d579099e983f0c81f430b9b48b6d4b179dd682,COc1ccc(S(=O)(=O)NCC2CCCOC2)cc1Cl,COc1ccc(S(=O)(=O)NCC2CCCOC2)cc1CO
3f7cf14be9ee16fcfab60f2079de441cbfb55453c8c8eb3e0ff2a193604d8b3a,839a8265363afab603be387825d7c4d0f54c23b3cbf7d38036d5d092dd917b36,CC(c1ncc(C(C)(C)C)o1)N1C2CCC1CC([*:1])C2,CC(=O)N[*:1]>>O[*:1],CC(=O)N[*:1],O[*:1],49252,31490,1,1,1.0,19,4,1,23,20,9,5-9,CC(C)CC[*:1]>>CN(C)CC[*:1],91d36acb91072553d0dbb6e45c9f4597214edabb9ecc99b88edc7bc31d4decba,8eeec7ba3d0f685c0ea9270bbcbd6c1425b06240ffb0678942fe8ee5eb6998aa,CC(=O)NC1CC2CCC(C1)N2C(C)c1ncc(C(C)(C)C)o1,CC(c1ncc(C(C)(C)C)o1)N1C2CCC1CC(O)C2
35e773c862bfd45764e0ef2c7f3a0b26757258984a4acf7905f57af7c93da3db,dc4efc43d150f7211a80fb5a24376c72d282d31832cc7c1b04afe93c1087d856,CC(O)CN1CC(O)(CNC(=O)CO[*:1])C1,COc1ccc([*:1])cc1>>Cc1cccc([*:1])c1,COc1ccc([*:1])cc1,Cc1cccc([*:1])c1,31663,776,1,1,1.0,15,8,7,23,22,9,5-9,C[*:1]>>[NH3+]C[*:1],abad86009b8606ec2aa82009a11f970b7253b20531193b1d3cb0b17cc2bf71b7,b8608586997a7cecf0a5c0dd443c9033563f88e0bcfcbeb950dc895d82069976,COc1ccc(OCC(=O)NCC2(O)CN(CC(C)O)C2)cc1,Cc1cccc(OCC(=O)NCC2(O)CN(CC(C)O)C2)c1
ffa452dcd678a5284282867fba9be641e53f761c039a87f99d0407dd4ca8d378,2e1d327178df09406cde4474ae258f0a6d4ca5b8749af86d3c87358c1ec8749b,Cc1[nH]ccc1C(=O)N1CCC(C(O)[*:1])CC1,Cc1ccccc1[*:1]>>Clc1ccc([*:1])cc1,Cc1ccccc1[*:1],Clc1ccc([*:1])cc1,8250,45284,1,1,1.0,16,7,7,23,23,9,5-9,COC(=O)N[*:1]>>CO[*:1],51d81d2b8179280972fae4bb67333366cd84bde3cf84e1661bc997b0085435c7,e52e07a83638b2e3900b6b899e590a71a92ea3a0b0bbcde8f45dbca3ff562d36,Cc1ccccc1C(O)C1CCN(C(=O)c2cc[nH]c2C)CC1,Cc1[nH]ccc1C(=O)N1CCC(C(O)c2ccc(Cl)cc2)CC1
8c804db8b5e43a3fd096e1fd27ebc8fb2db6ecef3b04bbd6ecf3509b36a3ee8c,2243250d21871f6429e1865c6772e435ae13f143a9cf77c241299f59e2c7148f,O=C1NC([*:1])C(=O)N1CCCOc1ccccc1,Clc1ccccc1C[*:1]>>c1ccc(C[*:1])cc1,Clc1ccccc1C[*:1],c1ccc(C[*:1])cc1,2949,13745,1,1,1.0,17,8,7,25,24,9,5-9,CC(C)[*:1]>>CCC(F)[*:1],761b01b394025dffd43dcf72794ede03e6ef3bc3f04045d165aec9770fc9119b,2c73a23abffe4f63a7a931763143890a12dff48ec889d712bd85fadf868dae51,O=C1NC(Cc2ccccc2Cl)C(=O)N1CCCOc1ccccc1,O=C1NC(Cc2ccccc2)C(=O)N1CCCOc1ccccc1
785161a3d244277e37aae2b23306820195ae92e0162a2ccc493f9f1c0ceb590d,a6bbfd36f05898abe192de1e8e14c50fc55bcdc2979d17fc606cd3e5f89f3cd0,O=C(COc1ccccc1[*:1])N1CCCO1,NC(=O)[*:1]>>O=[N+]([O-])[*:1],NC(=O)[*:1],O=[N+]([O-])[*:1],38265,37257,1,1,1.0,15,3,3,18,18,9,5-9,C[*:1]>>Cc1ccsc1[*:1],2e97613901c759b658e4bd998c4aab4d3d0b0a74f4f9984c413c7fe4a537b75e,6bc76e8a5d79aa297015877a44365211a1dfccea72eca7fbb1f212e0daf853ea,NC(=O)c1ccccc1OCC(=O)N1CCCO1,O=C(COc1ccccc1[N+](=O)[O-])N1CCCO1
dfe884b34fda46018cc957edced82cf6e19be879c471609551062508a48f11b1,98c15124f913f0209d8fd4800a2f99ede063ae458465c750e25b7643aaa36b98,NCC(C1CC2CCC1C2)[*:1],COC(=O)C[*:1]>>O=C(O)[*:1],COC(=O)C[*:1],O=C(O)[*:1],12100,19247,1,1,1.0,10,5,3,15,13,9,5-9,C1=C(C[*:1])CCCC1>>CC[*:1],a63d618a3048bddcddc9992227b8f029cb2b3c3acd484a6a5bffe92d7d130b90,9dedb3f4fd818ac199a2f213573d1e44169d044c28f142906dd45b86e404709f,COC(=O)CC(CN)C1CC2CCC1C2,NCC(C(=O)O)C1CC2CCC1C2
fdb7cf7f070995f6ea606de7e9292ecabef66ff7c5a8d098873ef6c588831c6e,582654a3686f380842c453a0c95ec2f4555fd3fa7d3439ccd13720c904a335bd,CC(NC(=O)CSc1nnc([*:1])n1N)C12CC3CC(CC(C3)C1)C2,Cc1ccccc1[*:1]>>Clc1ccccc1[*:1],Cc1ccccc1[*:1],Clc1ccccc1[*:1],43035,14418,1,1,1.0,23,7,7,30,30,9,5-9,CC(C)[*:1]>>c1cc(C[*:1])cs1,d14671762ee7cb85e20deb95a5d7653d3ddac86a70c364aa3f2f0f86a985fe89,ed0dd1f01c5ea38dc94612d73bc6c2f9a97cd8d3c4dea1b6397378cf37e11d15,Cc1ccccc1-c1nnc(SCC(=O)NC(C)C23CC4CC(CC(C4)C2)C3)n1N,CC(NC(=O)CSc1nnc(-c2ccccc2Cl)n1N)C12CC3CC(CC(C3)C1)C2
3798131e7996a761b1c21d38de2328fdf6875e176f6ea0a3a89f9099c5ec48e3,2cd927b6746efc858b8396b1525a86d0b23d1d35256ac90ab32ae50633e60055,O=C(NOC1CCCC1)N1CCC(O[*:1])CC1,CC(C)C[*:1]>>CC(C)OCC[*:1],CC(C)C[*:1],CC(C)OCC[*:1],824,10825,1,1,1.0,16,4,6,20,22,9,5-9,CC(=O)[*:1]>>F[*:1],bdd7adf261f482f2da90749472362045bd570110d1a14e85310c8e51898073c2,ae3b5b4627111a673beffff6407c3cf5d08e65037be5223cf52f559928825c90,CC(C)COC1CCN(C(=O)NOC2CCCC2)CC1,CC(C)OCCOC1CCN(C(=O)NOC2CCCC2)CC1
e3c8464793648bff725e86f0657baf102d1eec2d3ac80db86d6852f5fb8c84e4,c1abd2508e4793df32c720edf7fd7124e16e43f4a5d75cb95f0a471dea5a9563,CCS(=O)(=O)Nc1ccc(N[*:1])cn1,Cc1ccccc1[*:1]>>Fc1cccc([*:1])c1,Cc1ccccc1[*:1],Fc1cccc([*:1])c1,12365,44841,1,1,1.0,13,7,7,20,20,9,5-9,COc1ccccc1[*:1]>>c1csc([*:1])n1,d01203b2bdba74a7402408909ee02f43b8b991c556e2b9656dff3932555fd7b4,3a14d19b15831bc35674a91c0ecce2a544564adb39bd785d5db272f37ab710ad,CCS(=O)(=O)Nc1ccc(Nc2ccccc2C)cn1,CCS(=O)(=O)Nc1ccc(Nc2cccc(F)c2)cn1
e5b47d7e8499cfecac46ad39d8a6e4d8913c26dccb5fa7e7b22c7b5e7b6536d3,2c30d8b65414bd32284daba56a6a3f254c88c0fe6055d9a8ba6f175cb259bdfb,O=C1CN(CC[*:1])C(=O)CN1,CC(C)(C)[*:1]>>FC(F)(F)C[*:1],CC(C)(C)[*:1],FC(F)(F)C[*:1],37982,47973,1,1,1.0,10,4,5,14,15,9,5-9,C1CC([*:1])C1>>c1coc(C[*:1])c1,56fafcdeca0f024ef1a4a0869c0bdcdf9ce542a0b5e3a19a7cacf61bd958faa8,916553cfd757101d12cd23bc837ba60dbc193b4b78f5e3dbf523effd1778d069,CC(C)(C)CCN1CC(=O)NCC1=O,O=C1CN(CCCC(F)(F)F)C(=O)CN1
8ac26ee84c10480279c1d360f039e5c554f3f893e1417b368cce2e7dbd7915fd,a32816468173ac2707d17cce4f4f52f375d1590032ef6a362ab14e9e8f16fd77,NC(=O)Cn1cc(C[NH+]2CCCC([*:1])C2)nn1,CC(C)(C)[*:1]>>COC(=O)CC[*:1],CC(C)(C)[*:1],COC(=O)CC[*:1],12837,39230,1,1,1.0,16,4,6,20,22,9,5-9,COC(=O)N[*:1]>>COC[*:1],dbcc85a0f92aebfeb76d337c1f8b007a64131174e772446b196dd383ab05d70b,2126493b78043339ead859528677756f18337c371fb6dee7ed845bb958f789d6,CC(C)(C)C1CCC[NH+](Cc2cn(CC(N)=O)nn2)C1,COC(=O)CCC1CCC[NH+](Cc2cn(CC(N)=O)nn2)C1
cb03777c275d65f7a5a44de93909035343d9bf990e2683299a0d794096e471ed,218c01c21d503c97487679cb1c6b82de962b059fa9330675ac403f7a386b4db9,O=C(c1ccc[nH]1)N1CCC2CC[NH+]([*:1])C2C1,C=C(C)C[*:1]>>C=C(Cl)C[*:1],C=C(C)C[*:1],C=C(Cl)C[*:1],16368,4252,1,1,1.0,16,4,4,20,20,9,5-9,Cc1cccc([*:1])c1>>NC(=O)[*:1],ee13c70e61a2e4668f760cc36a4f369984039708bed1b64f97f8a2570b7ebe2a,dad25bf8647e571a237a441c5305f60e09215becce74f4371109bd0b3e966160,C=C(C)C[NH+]1CCC2CCN(C(=O)c3ccc[nH]3)CC21,C=C(Cl)C[NH+]1CCC2CCN(C(=O)c3ccc[nH]3)CC21
12e0b47af89b115dfc0a15b9f9d2090eac769e5406ffa91d823eb47a8c8ed652,743318dc5d913b18a63492006615e641ef35841f461dd0e215d1e523355bde76,Cc1c(C(=O)NCc2ccccc2[*:1])oc2c(Cl)cccc12,CO[*:1]>>FC(F)O[*:1],CO[*:1],FC(F)O[*:1],41489,27806,1,1,1.0,21,2,4,23,25,9,5-9,C1CC(C[*:1])C1>>C1CCC(C[*:1])C1,259c7530a74bffa69690208e0c7de2c93df4d5abf648dcb566d24591f787d26f,a91aa0b66dde41ea88a17c5ca22dfb2c023cf8d2d49a68a54c16e80462624620,COc1ccccc1CNC(=O)c1oc2c(Cl)cccc2c1C,Cc1c(C(=O)NCc2ccccc2OC(F)F)oc2c(Cl)cccc12
21633f49cb58b45a3c377df88ed18067744ed6bf1913690547bdfe42a97dfaf8,817ebf54ebfc32cc4f7cd6950180cb1a626964bcfe6c7d807c652f03974d4bc8,O=C1NC([*:1])C(=O)N1Cc1cc(Cl)cc2c1OCC2,C=CCC[*:1]>>C[*:1],C=CCC[*:1],C[*:1],20241,32919,1,1,1.0,18,4,1,22,19,9,5-9,CC(C)[*:1]>>c1nnc([*:1])[nH]1,3ad199d738d5cf4cd55e86476deb61ce31260f6d378ba0702be13b68c2ffbb93,f7880ecbd9161a5d4425319ef4cb92d4aac69d1353091398b36ab4f62238f940,C=CCCC1NC(=O)N(Cc2cc(Cl)cc3c2OCC3)C1=O,CC1NC(=O)N(Cc2cc(Cl)cc3c2OCC3)C1=O
e999b237adea032a827c6ef8e08e964b3bd4b905f2f0a48ad4ce3a2e3a13fda0,1f48e241209528fd3323aba314086cbffe2721ed7b5faa9a60bb7359ad7cba13,CC(NC(=O)C1C2CCC(C2)C1N)[*:1],CS(=O)(=O)CC[*:1]>>C[*:1],CS(=O)(=O)CC[*:1],C[*:1],18529,481,1,1,1.0,13,6,1,19,14,9,5-9,COCC[*:1]>>CS(=O)(=O)CC[*:1],1fb629702f312ebd04f3999723a39f0c3e040074df98b50ba4b1a27cdbe7fee4,1ad8c33f27625f6a6ed91724935bbaa28820125ac2ced837235cffaaa6dd7a8f,CC(CCS(C)(=O)=O)NC(=O)C1C2CCC(C2)C1N,CC(C)NC(=O)C1C2CCC(C2)C1N
b3613f87616fd394af622a2c03a992b70dba0c8923575dce21cf266dd864f48a,d4ee1866309a79de1e21b0e16882fc3af9d0242c3569821779b01574b927c9f3,O=C(NCC12CCCC1[NH+](CCC[*:1])CC2)C12COCC1C2,CC(C)(C)[*:1]>>CCCC[*:1],CC(C)(C)[*:1],CCCC[*:1],3980,43713,1,1,1.0,21,4,4,25,25,9,5-9,C[*:1]>>[NH3+]C[*:1],89b4e8134c3e0677d7e313bf340baf5124077c1d7903020c5c4bc1a9296ebd8e,d900efccd376fbfebfba60332c55d0e96310f18ab112e5c84ebc7f58f2b08679,CC(C)(C)CCC[NH+]1CCC2(CNC(=O)C34COCC3C4)CCCC12,CCCCCCC[NH+]1CCC2(CNC(=O)C34COCC3C4)CCCC12
1202d393775ba308b57de212aebff26f2e4716abd47ecbebe1cdec1f74edb15d,7be5ed66ede93c4c9ca072fc229cc3f6c34a74920b25e26498dd0240edbc644f,CC1(C)C2CCC1(C)C(O)([*:1])C2,CC(C)[*:1]>>CN(C)[*:1],CC(C)[*:1],CN(C)[*:1],1187,41008,1,1,1.0,11,3,3,14,14,9,5-9,CCC(C)[*:1]>>c1cc(C[*:1])no1,8b7cf29e7ce949cdd682ae788bcb85be143fdc69f79ac4a346d96d75b0060117,88a52995eb9e75e70b5a05368cb63ea3c216121c81b5c111494ab4b9fbcf0c5b,CC(C)C1(O)CC2CCC1(C)C2(C)C,CN(C)C1(O)CC2CCC1(C)C2(C)C
da99179b87d8fea13ebeed646b91dd38c927ff04be32dca280506aa83a03657d,1dd341c0538bf97b1a08e6a03ada4111410546d6ef0b107a27cbf32e0ccbe221,COc1cccc(-c2nnc(C(=O)Nc3ccc([*:1])cc3)o2)c1,Br[*:1]>>CC(C)O[*:1],Br[*:1],CC(C)O[*:1],28648,32915,1,1,1.0,22,1,4,23,26,9,5-9,CC(C)[*:1]>>CCC(C)(C)[*:1],3b7a8ee6ed2ae5beb204ba1ef7bb7dfccafa2696070bf205733a5872538c11f5,0f892adedf9fc4f09732a2dac2e563e53a6ea5a6537dc4f2487d305d761abd05,COc1cccc(-c2nnc(C(=O)Nc3ccc(Br)cc3)o2)c1,COc1cccc(-c2nnc(C(=O)Nc3ccc(OC(C)C)cc3)o2)c1
87b2754fd3e49d33c339f154778416b083c48785d4f4ff80f1fc49a9f86c6dc2,fe23b421d29332b8a697a3d7001e2d647572db34df16876d08a13f432d675a53,O=C(NC[*:1])c1cc2cc(Cl)ccc2o1,Brc1ccc([*:1])cc1>>Cc1ccc([*:1])cc1,Brc1ccc([*:1])cc1,Cc1ccc([*:1])cc1,5034,38164,1,1,1.0,14,7,7,21,21,9,5-9,C1CC(C[*:1])CO1>>C1CC1COC[*:1],26cf4b4a3d77a52e97ff5ec911a921eec281fadb7235ad0893989efc72700d12,62bd01b50efe2bd255cc83875fe804d6d1b2016d498fb28ef918fb0d783e2b67,O=C(NCc1ccc(Br)cc1)c1cc2cc(Cl)ccc2o1,Cc1ccc(CNC(=O)c2cc3cc(Cl)ccc3o2)cc1
8c27de1041c7b49e8b0994ff4f538bea8f6158b6390eebd4443f62c2145017d0,08fbb63a64db2a9d3992da91c334dda5e757ecc7ec91694ce5c1bf44567d5e5d,CC1Cc2cn[nH]c2C(C(=O)N(C)Cc2ccc([*:1])cc2)C1,N#C[*:1]>>O=C([O-])[*:1],N#C[*:1],O=C([O-])[*:1],4078,48120,1,1,1.0,21,2,3,23,24,9,5-9,C[*:1]>>c1cc([*:1])ncn1,822c6860b98a953ffc52550eaf5f7dc9c991eed2a27266c651ec6fa032330590,bfcac6845513294cd7294a7e2963a40009f9f0e7969d9070b5eb60d76c3014be,CC1Cc2cn[nH]c2C(C(=O)N(C)Cc2ccc(C#N)cc2)C1,CC1Cc2cn[nH]c2C(C(=O)N(C)Cc2ccc(C(=O)[O-])cc2)C1
cb75ee62fa3a270d44dae66949502b5f674a4cbb73838010c24cf32a05f7ea2d,47461d94b070d8a1a772dae93a4bbf1e749e9caf4e5deb95da9c779e0d861f60,OCc1ccc(F)c(Nc2ccc([*:1])nc2)c1,NC(=O)[*:1]>>N[*:1],NC(=O)[*:1],N[*:1],5538,48305,1,1,1.0,16,3,1,19,17,9,5-9,CCO[*:1]>>N#C[*:1],ed70887691b573a325dd2ce04bd6d63f0df8f0dce3bf6c5f3cfe5bb99f83f84a,23a8f8d4a206a20d71a8663fbe050a2c06d70cadf3a485a2238473498f154a75,NC(=O)c1ccc(Nc2cc(CO)ccc2F)cn1,Nc1ccc(Nc2cc(CO)ccc2F)cn1
af94203eedebd3bc654f16cdce3a2b7314555465d9c2e7bcc2eaeaca57d33a44,038b79ba628f3eaaa874608f5ece72fd2efabc66a8a23d8e4cdee4954c386a4f,O=C(NNC(=S)Nc1cc([N+](=O)[O-])ccc1Cl)[*:1],Cc1ccc([*:1])c(C)c1>>Fc1ccccc1[*:1],Cc1ccc([*:1])c(C)c1,Fc1ccccc1[*:1],2709,18344,1,1,1.0,17,8,7,25,24,9,5-9,CC(C)O[*:1]>>NC(=O)C[*:1],5d5a510bfa709f78cca7f93533d1fa666431d95e77cbf05ca61743121b4a4387,3f43e94d3689e16a98368c168eb532888544afbf8bbf614372d8a404c5f18619,Cc1ccc(C(=O)NNC(=S)Nc2cc([N+](=O)[O-])ccc2Cl)c(C)c1,O=C(NNC(=S)Nc1cc([N+](=O)[O-])ccc1Cl)c1ccccc1F
76ef4e9546992ccc1fcc1b63f7162c718da20e03918f0f60b09730281a1d633d,02604c1a78fcd64c24d42ed683c671363fbc27df032a982443cf9f7963f2f457,CNC(CC1CC2CCC1C2)C[*:1],CC(C)(C)C[*:1]>>CC(C)C[*:1],CC(C)(C)C[*:1],CC(C)C[*:1],49768,13559,1,1,1.0,12,5,4,17,16,9,5-9,c1ccc([*:1])cc1>>c1cn([*:1])cn1,8587d296b3d94986e067b0ec2172fae731cc81c5499c90a7cdf0922da6acc7b3,2bc2dfe13d244f753c14fae48fd535161352b403cab6fa5b353da36364da3842,CNC(CCC(C)(C)C)CC1CC2CCC1C2,CNC(CCC(C)C)CC1CC2CCC1C2
9e462bd93749a6a34999ef0fdffc7173b1c32c761c45469d772a8c29c698f703,37b452b54edb8f5857c92886f8a8853fa9f10a99fa223641881fcbf2f2954c2c,CCC(NC(=O)c1cnn2c1NCC(C)C2)[*:1],C#C[*:1]>>FC(F)[*:1],C#C[*:1],FC(F)[*:1],22089,3240,1,1,1.0,16,2,3,18,19,9,5-9,CCC[*:1]>>CN(C)C(=O)[*:1],af43d2ee5ea76de08c105a3517a81aec72aa78999d83ce9019b0f8f7cbd527a7,59081eea806e02095dff1882f40d6ceacefbb6367ff839256c87a0dde577f241,C#CC(CC)NC(=O)c1cnn2c1NCC(C)C2,CCC(NC(=O)c1cnn2c1NCC(C)C2)C(F)F
9330fa2d75309abc5d3a8a6f2842e28d089f169e41667b7ca316fbff5b68388d,ec8d0487136f55d1dc5dc0483e285235190ffd0314d7d94ff06f68474c216331,CCOC(=O)C(Cc1ccc(Nc2cc(C)c(OC)nc2OC)cc1)[*:1],N[*:1]>>[NH3+][*:1],N[*:1],[NH3+][*:1],47381,25026,1,1,1.0,25,1,1,26,26,9,5-9,C1CCC([*:1])CC1>>CCC(CC)[*:1],5aec36759130a67b8a7f54aa5d4030b2ee57d79bf6d56dc0c641170e2fa4d780,c04f12803d6e355a9c31cc404d45ca882da810c8b4569b1d2ab0ce9caec25a3e,CCOC(=O)C(N)Cc1ccc(Nc2cc(C)c(OC)nc2OC)cc1,CCOC(=O)C([NH3+])Cc1ccc(Nc2cc(C)c(OC)nc2OC)cc1
a321cef0d54b6848a5f4ffb731f2feb1431ac51e614c356931ddf8397ee62157,afbb925576f9740a9817c1c4b1b9fac3f5593e61575f3a973fd03e33fd30ef80,Cc1ccc(CN2CCC(NC(=O)C3CC3[*:1])C2=O)cc1,CC(C)(C)C[*:1]>>NC(=O)[*:1],CC(C)(C)C[*:1],NC(=O)[*:1],30744,37359,1,1,1.0,20,5,3,25,23,9,5-9,C1CC([*:1])CO1>>COC(=O)N[*:1],48693090bd9598f5bc753dbd35d14e229d5888fbea18b32f677b9efc3635f3bb,3b48c39cfed1b17b8615af668a15450b101d9c68d073faaaa2fa17fe40588a1a,Cc1ccc(CN2CCC(NC(=O)C3CC3CC(C)(C)C)C2=O)cc1,Cc1ccc(CN2CCC(NC(=O)C3CC3C(N)=O)C2=O)cc1
31cc3ca35e1eba207566b60bd2160cba25109608fd420acf6e7e16891c574525,137830b7990ce43eec691bb39bb9676a11eabefa9a4370c91568b66c28bf56fc,CCOC(C)c1ncc(C(=O)N2CCC([*:1])C2)s1,Cc1ccc([*:1])c(C)c1>>Cc1cccc([*:1])c1,Cc1ccc([*:1])c(C)c1,Cc1cccc([*:1])c1,42566,27907,1,1,1.0,17,8,7,25,24,9,5-9,COC(=O)C[*:1]>>Fc1cc(F)cc([*:1])c1,ba004b523c3a1c4778a29c13a9ef376e4f7e664ad96a0cd8fe12e6b162a47f08,aa934357aea5e024dd7240f58066f9da8603d56cb4d4af132350d34b8d9af88c,CCOC(C)c1ncc(C(=O)N2CCC(c3ccc(C)cc3C)C2)s1,CCOC(C)c1ncc(C(=O)N2CCC(c3cccc(C)c3)C2)s1
e168152fc16beb41c6d8f506d48130096586070b83f074d78a309f36b104f2dc,ae16b8cdd4b92b46b7dd699b4c5466cec0e437d038a2acff4df62a0bd34406d0,C(C[*:1])NCC1CC2CCC1C2,COC(=O)C[*:1]>>CS(=O)(=O)[*:1],COC(=O)C[*:1],CS(=O)(=O)[*:1],2044,29117,1,1,1.0,11,5,4,16,15,9,5-9,C1CC1[*:1]>>CS(=O)(=O)CC[*:1],96098119fb1fd55353eb24a7f395ef212d9589cdf4a6d6428cf41af3d945dfb0,1e32e6d25431302df1f687ef39e8beccceb48750dc07986ce8e31bbdf028700a,COC(=O)CCCNCC1CC2CCC1C2,CS(=O)(=O)CCNCC1CC2CCC1C2
188b9ca57e21bb321eb72e5c9f84ade0140129bfcc76769cd22ac38233b71789,c3cf61d140fb3837bbbc8957d5648ffbc79fef69d11d7d5e5488d9c2b191d4fc,O=C(NCCC[*:1])NC1C2CCC(C2)C1CO,CC(C)CO[*:1]>>CC(C)O[*:1],CC(C)CO[*:1],CC(C)O[*:1],18134,32699,1,1,1.0,16,5,4,21,20,9,5-9,Clc1cc(Cl)cc([*:1])c1>>Clc1ccccc1[*:1],344293e2be7a2830d2c542f61661e0f8cdc752161126b39cb393b7e60324e7a8,17608366ed10ed633d76c81c13647e8ece9e0f5a04932d6e0b785b40180a00e3,CC(C)COCCCNC(=O)NC1C2CCC(C2)C1CO,CC(C)OCCCNC(=O)NC1C2CCC(C2)C1CO
e592b70b78ab3978165f2afa33465bfa16d18b337fbe6fe75ac0ea27ff82b357,6012b1d5186571e039d6d6f132e7fc50fa694ddc78bf076c086acad58fb6383b,CC12CCC(C1)C(C)(C)C2N[*:1],COC(=O)C[*:1]>>NCC[*:1],COC(=O)C[*:1],NCC[*:1],47635,42332,1,1,1.0,11,5,3,16,14,9,5-9,C1CC1[*:1]>>CCC(CC)[*:1],5dfe4e82175eff98e4d2173b6556aa83ab482dca294ea62609a4c0a600a10eca,539b91ae95d857dc87cdeb3c2a29e952f831bec7c9d70424026920759320d4e5,COC(=O)CNC1C2(C)CCC(C2)C1(C)C,CC12CCC(C1)C(C)(C)C2NCCN
082a9dad157e896cd7cab3bc24450399fcca16da0b761bcd74eeaa039b0468bc,cb4962a755b45c539b992012a7266a7ed778a6bb6fef6e3280987464118d57f8,CC1C2CC(C1C)C([*:1])C2,CO[*:1]>>C[NH+](C)[*:1],CO[*:1],C[NH+](C)[*:1],1005,17783,1,1,1.0,9,2,3,11,12,9,5-9,C=CCC[*:1]>>OCC[*:1],aa125e2cbd78d1ccd1685a96112b2eba0639a18d47c71e9eac61c8827ee8a3cd,0a17ee5dfe0bac678b392bf43d8be78dc106cccd552a07a9376d085c3c306d87,COC1CC2CC1C(C)C2C,CC1C2CC(C1C)C([NH+](C)C)C2
f77e7ec1cf5589a660d7bb4ed86cc692d871167ca9b01e0b8582739fbdd6ed31,95702a79873dda1d27db8cb7ccf09e1fd9b9638ec5aba5cb652d66d92664dcf5,CC1NC(=O)C(C(C)(C)C)N(C[*:1])C1=O,C=C[*:1]>>CC(C)C[*:1],C=C[*:1],CC(C)C[*:1],34268,15847,1,1,1.0,14,2,4,16,18,9,5-9,CC[*:1]>>COC(=O)CC[*:1],3edf1040658c00d372ed6c9fa07ffa18dac733510369b998f7e02ef480be81f3,d134f012e5868ece43525c6e6cb1abb955f0710243988d293c196b6fc9459063,C=CCN1C(=O)C(C)NC(=O)C1C(C)(C)C,CC(C)CCN1C(=O)C(C)NC(=O)C1C(C)(C)C
cd00cec1393dbb0933cd3ae1ed77fc6273b1e6088082eb4c2d15c2a00c7f9484,cbf4ab86c92cf208acd3f96769faeef1714bea1a8b5c4e19d324fdee412fc22a,CC1CC(NC(=O)c2ccoc2CC(N)=O)CCN1C(=O)[*:1],COC[*:1]>>FC(F)[*:1],COC[*:1],FC(F)[*:1],2050,33936,1,1,1.0,21,3,3,24,24,9,5-9,C1CC(C[*:1])C1>>CC[*:1],04494cf9a16e6e2e350b9348dd375d84162646be235a8937c4cf701262be1bd5,7c3cf609882ac05784b9713d319c1d27324664fbf51bd60714a131361e3ca793,COCC(=O)N1CCC(NC(=O)c2ccoc2CC(N)=O)CC1C,CC1CC(NC(=O)c2ccoc2CC(N)=O)CCN1C(=O)C(F)F
64decb75a6ffcab1f0291fdf587a5e509cca600cd4bd296bb5561ca47e1e4288,88eb3ae58bf2433edc8aa79943fcc644ff47d41029493854df7719bfc437f54f,CSC1CCCC(NC(=O)c2cncc([*:1])n2)C1,CCCN[*:1]>>CCN[*:1],CCCN[*:1],CCN[*:1],3361,30367,1,1,1.0,17,4,3,21,20,9,5-9,C1CCC(C[*:1])C1>>c1ccc(C[*:1])nc1,0c5dabcd48cfeff615005f0378898d6714b0255e88a65984789713aed55efa43,c2eec1da942b4af16eb1dcccb55fe0c25835ef0de68642bea59c1599c6ee2ba9,CCCNc1cncc(C(=O)NC2CCCC(SC)C2)n1,CCNc1cncc(C(=O)NC2CCCC(SC)C2)n1
51512e7de78b55676cd0d0d9f30273f0e66da1cceff4302adead118806cb4ade,6df8e0e344c94755ee098fdaa8beae93e90fb19e913564f2051ef8ffec9b0732,CC1C(=O)NC(C(C)(C)C)C(=O)N1C[*:1],C#C[*:1]>>FC(F)(F)[*:1],C#C[*:1],FC(F)(F)[*:1],25630,10735,1,1,1.0,14,2,4,16,18,9,5-9,C1CCC(C[*:1])C1>>Cn1ccc([*:1])n1,2cb45da4adfce7176d8cc6aef0a1bcc077c1fbfc43f1f823a9dc1e79c58d1088,5ffcff59bfe166da064b6e46770917376e123106417f7137193186b2c5d9be0b,C#CCN1C(=O)C(C(C)(C)C)NC(=O)C1C,CC1C(=O)NC(C(C)(C)C)C(=O)N1CC(F)(F)F
a11dced772f5c09eef41f8339ba005056da1c04f40b76e8be516d64a04fe6596,a9909cd604514c41caafb40c623a2a6dab0548abb15ecf74e83f55ad19fa47a6,COc1cnn([*:1])c1C(N)c1cn(C)nc1C,CC(C)[*:1]>>CN(C)CC[*:1],CC(C)[*:1],CN(C)CC[*:1],36354,38538,1,1,1.0,16,3,5,19,21,9,5-9,FC(F)(F)CC[*:1]>>Fc1ccc(C[*:1])cc1,262a10f13469849653c0701f70e5ea4bb63eee7dd7aa1b693671c8c201aa6326,adec8343619eb1947c7bf853ab702486f2cf85339eabef287f78a2dc76e96fab,COc1cnn(C(C)C)c1C(N)c1cn(C)nc1C,COc1cnn(CCN(C)C)c1C(N)c1cn(C)nc1C
15cd6f6fdeffb1faa85ad480fe443b0b1284008ef21a548308eae7fa9d4d6fce,370fb934484570d09ba021c4ce0006068ce8b753d7fe00cbccf82a6b80386932,COC(=O)C(NC(=O)CC1CC2CCC1C2)[*:1],CC(C)C[*:1]>>FC(F)(F)[*:1],CC(C)C[*:1],FC(F)(F)[*:1],23626,13832,1,1,1.0,16,4,4,20,20,9,5-9,CCOC(=O)[*:1]>>COC(=O)C[*:1],af82848166caa91a338dbaa257b802d2ae985606f4911a5e9c1efabc9a49b9cc,ea154d77246eeed58abba8339b67e66eb7723c6d9629058d049e2e0bd2b220ec,COC(=O)C(CC(C)C)NC(=O)CC1CC2CCC1C2,COC(=O)C(NC(=O)CC1CC2CCC1C2)C(F)(F)F
36ec6e7d42fd73cf94e25e3e77d71e171dd285cdaf45a399aabfde3bcfe78623,a303f7c82d4b7bcf5df9751d9651d2883fe0463172e11481e52f859a174fc997,CN1CC(=O)N(CC[*:1])CC1=O,CC(C)(C)OC(=O)[*:1]>>C[*:1],CC(C)(C)OC(=O)[*:1],C[*:1],14323,29808,1,1,1.0,11,7,1,18,12,9,5-9,CC(C1CCC1)[*:1]>>CC1CC1[*:1],87a2f4d56d09697fa613ed9b070b0c096b85b56ffc2f1adf13df656c32df3bef,67a6b7f32a9c5523be7a121027222059dceacdbcfad0b4b3b996efc870811be1,CN1CC(=O)N(CCC(=O)OC(C)(C)C)CC1=O,CCCN1CC(=O)N(C)CC1=O
ccb633e8b51437542268319e8b80de872dee2fc5ba3d308dbd26a6af9c9f1dcf,3e0dd7110bf9435db6912fb162343f68f00a6c6672df9f1a81438f439ee07ca8,NC(=O)CC1COCCN1C(=O)Cc1ccc([*:1])s1,Cl[*:1]>>NS(=O)(=O)[*:1],Cl[*:1],NS(=O)(=O)[*:1],8582,6411,1,1,1.0,18,1,4,19,22,9,5-9,C1CN(C[*:1])CCO1>>C1CN([*:1])CCO1,a77d8862aa44d3ed9138469d8d7fcb1edd548ae42e5ad76800e07b8781dbf2e0,53cd392d73cf7104fd63d5bdf0be75ee09b0f237e5ab35aeaad1c64e01795b0d,NC(=O)CC1COCCN1C(=O)Cc1ccc(Cl)s1,NC(=O)CC1COCCN1C(=O)Cc1ccc(S(N)(=O)=O)s1
e416f32e709bc3ad84f2c324f8f74df16a89b6d1e41d6eae903cde88a11ef118,960b3fae52e7492d7e89b5cd07f74d2e7ef55b8dca398601587c1182eae69b52,CC(C[*:1])N1CC(=O)NC(C(C)(C)C)C1=O,C=C[*:1]>>COC[*:1],C=C[*:1],COC[*:1],8456,13741,1,1,1.0,15,2,3,17,18,9,5-9,C1CCC(CC[*:1])C1>>CC(C)C[*:1],822fb00fd5a0f69fc8aa2ecd7b0578d534ac99621cf2f1ec6b0eed4a3a70a032,6c83062d97f0ce5c307ef5d322fb30a7259996d035e033c408c5f136a74fe645,C=CCC(C)N1CC(=O)NC(C(C)(C)C)C1=O,COCCC(C)N1CC(=O)NC(C(C)(C)C)C1=O
bc3eea614fb4beea72d6e9b8ad00bb8a7edbb75c5dc13715faa40b88cedabdcf,ac583bcd27ae41940167df004e30e2590ed2b26966dbb5dcf3284ab0a41c11ee,CCc1noc(C)c1CN1C(=O)NC(CC[*:1])C1=O,CC(C)(C)O[*:1]>>C[*:1],CC(C)(C)O[*:1],C[*:1],28916,24695,1,1,1.0,18,5,1,23,19,9,5-9,C1CCC([*:1])C1>>COC(=O)CC[*:1],c445e56d71ccd4718bfb96d906d7e277f84f3a712eed6a72abef5f0c1f415275,adcf76c5acb174159b2a7fefeb1c8b3be967a73f52476438937069a53eabfe5d,CCc1noc(C)c1CN1C(=O)NC(CCOC(C)(C)C)C1=O,CCCC1NC(=O)N(Cc2c(CC)noc2C)C1=O
e40961bee9d3d21d8a61de8ea51438044eb425d8efdf0bafde2d1d20644a2575,36cb282a0c78b9142cda51217e1e4e9c8c3f9764e503f6c747a21ff0da301111,CC(O)C[NH+]1CCN(Cc2cnn([*:1])c2)C(C)C1,CC(C)C[*:1]>>FC(F)C[*:1],CC(C)C[*:1],FC(F)C[*:1],47736,12325,1,1,1.0,17,4,4,21,21,9,5-9,C1CCC([*:1])C1>>CCOC[*:1],2618e5d8792fb76a5d2b2cef11b81f53130d3f81e022193643dfbdd46bd8d1bb,7b3205478489c07eb536de0f226b0dbfb08519f3caed88fa5ef049947f4e51b0,CC(C)Cn1cc(CN2CC[NH+](CC(C)O)CC2C)cn1,CC(O)C[NH+]1CCN(Cc2cnn(CC(F)F)c2)C(C)C1
21a3b0d70473a0d9a5d569cc8017e81504e87ed5a10a8f7419b41e426da09176,0826d72a86f4a536c8cf3017dc9a02ce975273829f987cb1b474c1a471cca919,O=C(Nc1ccc(C(F)(F)F)cn1)NC(C1CC1)[*:1],COC(=O)C[*:1]>>O=C([O-])C[*:1],COC(=O)C[*:1],O=C([O-])C[*:1],2812,48269,1,1,1.0,18,5,4,23,22,9,5-9,CCNC[*:1]>>NC[*:1],7890c56566aec2c00c73f0817aeef21254e2923166fee837114deef186499cfa,2812cb50e14ea90ffb67cbc89ad3dabb3de53b561d41a23e099e9208a6973678,COC(=O)CC(NC(=O)Nc1ccc(C(F)(F)F)cn1)C1CC1,O=C([O-])CC(NC(=O)Nc1ccc(C(F)(F)F)cn1)C1CC1
dfd00e45daa8c8e9b6ff113623829e2434a9e26f49061b2f56ffb5f3853ff0c8,177948ce134536b565b9e8ca5444d36b404b10afacb7be8ffc874ae33b9d4b88,O=C(CC1CC2CCC1C2)[*:1],BrC[*:1]>>CNC[*:1],BrC[*:1],CNC[*:1],27592,15286,1,1,1.0,10,2,3,12,13,9,5-9,CC(=O)C[*:1]>>c1ccc([*:1])cc1,45abccce02609810e00893ceef8fdc6e409f4f30a16986863e9c98e84cc85161,8733f4583a233043723edc6ccf20ad6427d09988a68aec3ddc91883ea7b88367,O=C(CBr)CC1CC2CCC1C2,CNCC(=O)CC1CC2CCC1C2
7e42f94370cc8a5f27df049824bd75ec67139fcd074281881dc7085254c88980,fcde0fe971625f547f066f2ce76b65745b0e35cf4ce347e66dc33351e6d3d8e6,CCOC(CC[*:1])CNC(=O)C1SCCCS1,C[*:1]>>C[NH+](C)[*:1],C[*:1],C[NH+](C)[*:1],25783,8615,1,1,1.0,16,1,3,17,19,9,5-9,CSC[*:1]>>FC(F)[*:1],3ff2018cd06078baefebb08b1a1a347b3a2e83f0358138691b1f4d553c42c71b,ea21b3753a25e164d7ee66611b25be48e6f4032535f40cea8bf849080c386f0e,CCCC(CNC(=O)C1SCCCS1)OCC,CCOC(CC[NH+](C)C)CNC(=O)C1SCCCS1
87ffccb533df9dc504d8234ef41716ffb76ee4540465e4c45a71b37faf02b6d5,1b3b3872f887c8d858046868574d5af7208821574a9fb78e95ba9c672c1bc652,C(CCNC1CC2CCC1C2)CC[*:1],C=C[*:1]>>O=C(O)[*:1],C=C[*:1],O=C(O)[*:1],35779,39675,1,1,1.0,13,2,3,15,16,9,5-9,COC(=O)[*:1]>>Cn1cc(C[*:1])cn1,5f5209d869a7e04e6aff62da236fe2ef250d21cc5ed904e9200e9fbc37d3cbe5,0aeefc64698f58a386fbf5f64216ceb4a5371c1545b107384353b4dbe0736f91,C=CCCCCCNC1CC2CCC1C2,O=C(O)CCCCCNC1CC2CCC1C2
01db1e9f3db61d28b380b5aa94fe36a1ad88376ef15d9b17712d1c879738d1ed,4d1e894ba08831bf47210c57037868ac26a6e8966bf61449023b8637baaf9c56,CC1Nc2ccnn2C(C)C1CCC(=O)NCCC[*:1],CC(C)[*:1]>>CNC(=O)[*:1],CC(C)[*:1],CNC(=O)[*:1],46367,46394,1,1,1.0,19,3,4,22,23,9,5-9,C1COC(C[*:1])C1>>COC(C)C[*:1],a3517a8774e0957dcf71d39953c22de05abcbcdeda2ad601b4b12dd8cc0e3c18,11ef4ded3001d7b33ae4fb4630217eebf10f349f1efb6d8690d946b808927951,CC(C)CCCNC(=O)CCC1C(C)Nc2ccnn2C1C,CNC(=O)CCCNC(=O)CCC1C(C)Nc2ccnn2C1C
32eb705407a3e4fcb3de1904bba53608ec415c79a9e040615e8bc8616273246a,6ecbf9fbf9b140b26bedc950c7263b88a209a6136e0a57b56336a757fbd59f63,CC1(C)OC(=O)C(=Cc2cccc(-c3ccc([*:1])cc3)c2)C(=O)O1,CC(C)(C)[*:1]>>O[*:1],CC(C)(C)[*:1],O[*:1],41452,42536,1,1,1.0,23,4,1,27,24,9,5-9,CC(C)(C)[*:1]>>c1coc([*:1])c1,35e2c042f5f5515fd3e3a53f0cbace7c92fd67650b5525f1f99783d654042db7,d061aab09f186ab182b077bfc179f8cca035db0fe75744992506ffa57f8f5dc1,CC1(C)OC(=O)C(=Cc2cccc(-c3ccc(C(C)(C)C)cc3)c2)C(=O)O1,CC1(C)OC(=O)C(=Cc2cccc(-c3ccc(O)cc3)c2)C(=O)O1
b900d9750b0002867b12486b4d84e9b33b81eaf0c2b41c4236fb70c40900267c,1172507517972c1d85e3a9532d83b275c97a42f387a9e0b3d59208dc04f2c143,CC(Sc1nnc([*:1])n1C)C(=O)NC(C)c1ccccc1,Clc1ccc([*:1])cc1>>Clc1ccccc1[*:1],Clc1ccc([*:1])cc1,Clc1ccccc1[*:1],47947,7429,1,1,1.0,20,7,7,27,27,9,5-9,COC(=O)C[*:1]>>COC[*:1],58c7b9e21f83d4088fa57062a10c0ef1aceda1fbe9a68e14abf3826fc8b0a0bd,b3f65d6dc3073ccc9bd550968cc7ec117a7b908e74a33d272ef1951bc446019f,CC(Sc1nnc(-c2ccc(Cl)cc2)n1C)C(=O)NC(C)c1ccccc1,CC(Sc1nnc(-c2ccccc2Cl)n1C)C(=O)NC(C)c1ccccc1
8079ece6e7b7989a4c02a1922651df9926fea7acd3ef2138c1c83941ba9f6535,48afcce496285c1c5b34eaee89c7edb65ba4a92eabc70b9bf9cc6f1c284e2580,O=[N+]([O-])c1ccc(OC2CN(Cc3cccc([*:1])c3)C2)cc1,COC(=O)[*:1]>>CS(=O)(=O)[*:1],COC(=O)[*:1],CS(=O)(=O)[*:1],45442,30386,1,1,1.0,21,4,4,25,25,9,5-9,C#C[*:1]>>CCC[*:1],e81802de59aebdabdfd9099a9fa7972cbf66ed0462695f4ce10ab080c6501a26,2b4e0114543b553459eb548d90385ecd0aa3168ad38fb48d1e6ca56ed2e3e67a,COC(=O)c1cccc(CN2CC(Oc3ccc([N+](=O)[O-])cc3)C2)c1,CS(=O)(=O)c1cccc(CN2CC(Oc3ccc([N+](=O)[O-])cc3)C2)c1
9c57772ad223fa1f7a669fa4364c9e15c30f56c50b6b486cbd8d726089a86263,e7a0f02ab335b705b1d768cdec6e0b09a084d80e53e32b20ffc69211155a2017,CC(NC(=O)C(N)[*:1])C1CC2CCC1C2,C=CC[*:1]>>COC[*:1],C=CC[*:1],COC[*:1],35653,37423,1,1,1.0,14,3,3,17,17,9,5-9,CN(C)C(=O)[*:1]>>CO[*:1],5b908bb1deee4faa25380b2164cb90cbbfea1c836c2c0cd136e7afd200aa41ee,e757910e3058888d3fd0e4cd65cacc72adb17a2f6f80e3eb95c7d60f5feafa28,C=CCC(N)C(=O)NC(C)C1CC2CCC1C2,COCC(N)C(=O)NC(C)C1CC2CCC1C2
902dbae4e7e3199704a4fb72a385cdaca14eb397c98580dd3323dba65f5ab4f6,4348ef9681acda94b305fbf1b87a66dbfc2d5d877d95cfb7431f241f67a5d652,CC([NH2+]CC(=O)N1CCC1)C1CCN(C(=O)C[*:1])C1,CC(=O)N[*:1]>>CC[*:1],CC(=O)N[*:1],CC[*:1],16399,9283,1,1,1.0,18,4,2,22,20,9,5-9,C1CCC([*:1])C1>>CC(O)[*:1],cdbddcdc78fcf258c01aec5f64aba138e2a80ed8644cee49a56ead52570d001d,a1ac8d41181b9e6101c0308216803971e1335b2cd8eff44cd0c2a1af116c9c1f,CC(=O)NCC(=O)N1CCC(C(C)[NH2+]CC(=O)N2CCC2)C1,CCCC(=O)N1CCC(C(C)[NH2+]CC(=O)N2CCC2)C1
ca091074d18da1f789e94df46a1f4f6d972189ca63c7da7b445cc8cc2ad71c0c,92b88cea358a651cb770e828e3ed8d0a7fa7ebc71be030995a057478983ae2e0,Cc1[nH]ncc1C(=O)NCC1([*:1])CCCCC1,C[*:1]>>ClC[*:1],C[*:1],ClC[*:1],20235,21096,1,1,1.0,16,1,2,17,18,9,5-9,C1CCC(C[*:1])C1>>CC(C)CC[*:1],2ad4fd621d02fd1924637ca12c1c4f8a699f99058cf6ace5d9dea9a24891079c,b931c738a00406c9e307dbd60599d94d9943418fadfd54def0dc72bf1688c8fb,Cc1[nH]ncc1C(=O)NCC1(C)CCCCC1,Cc1[nH]ncc1C(=O)NCC1(CCl)CCCCC1
93369956cd48729ee62d11e5d080defeb993bc61031b16df92f65bfcc52066dd,bd2ee4b7335919b88dd5151db59b953154a6629dbea60b9d7395ba16c5c5f381,c1ccc(CN2CC3CC[NH+](Cc4ccc(OCC[*:1])cc4)C3C2)cc1,COC[*:1]>>O[*:1],COC[*:1],O[*:1],32670,21755,1,1,1.0,25,3,1,28,26,9,5-9,COc1ccccc1[*:1]>>c1cc([*:1])ccn1,87f6913f6dbcd77e1a2bef377cc0fefa71834bd4dd6bff7638c7e3a6c6f5d968,721ec77b8b14bd22bb49eea71b5f88d95aec7ed05d13e3c8c1ac5a0ae368dacc,COCCCOc1ccc(C[NH+]2CCC3CN(Cc4ccccc4)CC32)cc1,OCCOc1ccc(C[NH+]2CCC3CN(Cc4ccccc4)CC32)cc1
bf05c96afee966ba788f79b55ce283bb08def64fed4712792b7a08b0965d7f23,a0460b2478327e8abfef03c3a748cd77e967cb025c6e09a81945298037aec72e,COc1nccc(C(=O)NC2CCN(C(=O)[*:1])C(C)C2)n1,CC(C)(C)C[*:1]>>CCC(CC)[*:1],CC(C)(C)C[*:1],CCC(CC)[*:1],11521,35431,1,1,1.0,20,5,5,25,25,9,5-9,CC(C)OC[*:1]>>c1ccc([*:1])cc1,d95198162a2a254b9274f08f6211423c27766ee0993f5be2a28d653ffe540dc0,5ce1071d9be9ac3d287cc233be30590bc5e8722ab29e9430176bf47186666626,COc1nccc(C(=O)NC2CCN(C(=O)CC(C)(C)C)C(C)C2)n1,CCC(CC)C(=O)N1CCC(NC(=O)c2ccnc(OC)n2)CC1C
be52069ad3d2606f643cbd5045121a70186b753fc19396b206f4c32381136788,d1db550b5db54c9e03893bbba26b421ce5eb6b731225e681d417e155de010b0a,Cc1ncc(C(=O)N2CC(O)CC2[*:1])[nH]1,COc1cccc([*:1])c1>>Fc1ccc([*:1])cc1,COc1cccc([*:1])c1,Fc1ccc([*:1])cc1,24968,27316,1,1,1.0,14,8,7,22,21,9,5-9,[NH3+]C[*:1]>>[NH3+][*:1],955604571557b5d2f96929f5eb7795fa9e332bf9b5554d487d2f2d582dc9265c,401f707a024e0c2b257a91a59613e922177347d5dd705051ce22c9aa8527d815,COc1cccc(C2CC(O)CN2C(=O)c2cnc(C)[nH]2)c1,Cc1ncc(C(=O)N2CC(O)CC2c2ccc(F)cc2)[nH]1
40b2b32e64b9c6eed678b70097efa293d854dcbaa11eae9cee8f277f39dde50a,54bbfa321c8f16ccc7606c74bca9f96f4cc27b8ea51c2073e2273892560361d5,NC(=O)CN1CC(NCC2CCCCC2)CC([*:1])C1,CCC[*:1]>>COC(=O)C[*:1],CCC[*:1],COC(=O)C[*:1],17622,12695,1,1,1.0,18,3,5,21,23,9,5-9,C[*:1]>>c1ncn(C[*:1])n1,f0363e9e68d73001c826d4d8f7fce1fd2914e06511695d1e6ffbbbeed7318b1c,d53511461d06c9383e0a72dd1024bf824c7260fdb602965a2a5bb84f1df677a7,CCCC1CC(NCC2CCCCC2)CN(CC(N)=O)C1,COC(=O)CC1CC(NCC2CCCCC2)CN(CC(N)=O)C1
e07b97190edc717a4cc36504eb15fee5184aa2ca0aa48e88e0899a5338a54a84,d3a34c55c58c6b0ffb3d790e96409a751dafc31325597044530e6dac41bce50d,Cc1[nH]ncc1C(=O)NC(C1CCCCC1)[*:1],NC(=S)[*:1]>>O=C(O)[*:1],NC(=S)[*:1],O=C(O)[*:1],145,8637,1,1,1.0,16,3,3,19,19,9,5-9,C1CCC(C[*:1])OC1>>CCC(C)[*:1],521a4c2701bb69e133c8367fe15a39c63e1a3c5db95ab81dae662ae9f8ff9041,11a428282ff3dd587bb5422a0f526963af26ef13c6963f6c01a600a739ee9f9c,Cc1[nH]ncc1C(=O)NC(C(N)=S)C1CCCCC1,Cc1[nH]ncc1C(=O)NC(C(=O)O)C1CCCCC1
3ce43ff08af7259ffb93d0951852d18f6a5f670754efb3813ba7e664477a1c8b,25bc07753f789d9749c1492e97f4ad82bf06c816fe758769bd34222b91322299,COCC(=O)NC1CCN(c2nnnn2CC[*:1])CC1,COc1ccc([*:1])cc1>>Fc1cccc([*:1])c1,COc1ccc([*:1])cc1,Fc1cccc([*:1])c1,23301,20544,1,1,1.0,19,8,7,27,26,8,5-9,C1COC([*:1])C1>>COC(=O)[*:1],01a28e986febc7940d25227c29c39655fedba61d5b1e42f5f8cbe7e47c03e493,f0ac720c4e2c7bb93131b9be180884173fa4edb0854cc388aca3d7b939ad1994,COCC(=O)NC1CCN(c2nnnn2CCc2ccc(OC)cc2)CC1,COCC(=O)NC1CCN(c2nnnn2CCc2cccc(F)c2)CC1
c9681a180d0432b18d0f7d138183a897a9433f4dbc1259545e4ddb6731b2a326,26f06187ed7e1bbd0eec701b8e8db9571a8d2b269e749eb03e150eed41557a61,CN(C(=O)c1ccc2cncn2c1)C1C[NH+](C[*:1])CC1O,C[*:1]>>FCC[*:1],C[*:1],FCC[*:1],19113,7289,1,1,1.0,20,1,3,21,23,8,5-9,Cc1ncc([*:1])s1>>Fc1ccc([*:1])nc1,b4f575e5146c386f35753135f434446c93099cc1325a85fa21f3eef0da72bf68,052f7537f00183f2efcf6555eff18680383d86d19324c07fc9e12f08b70803c8,CC[NH+]1CC(O)C(N(C)C(=O)c2ccc3cncn3c2)C1,CN(C(=O)c1ccc2cncn2c1)C1C[NH+](CCCF)CC1O
d37beb73f0063a31bacefe884f3901cf44a74ff5d723e09ec2d38651652229f5,35ddf844f81db8dd94089e54a295a10137b0db1dc9c825faf549782c183a6797,O=C(Cc1[nH]nc2c1CCCC2)N1CCC2C[NH+](C[*:1])CC21,CNC(=O)[*:1]>>OCC[*:1],CNC(=O)[*:1],OCC[*:1],28472,25795,1,1,1.0,21,4,3,25,24,8,5-9,COC[*:1]>>c1cnc([*:1])cn1,78b85b68a98341fbf4add2cd4e862adc1666994fca20df179fc0d564b283f852,81eeb9d4b722a898decda5c13834df75c5243e05fc4fbf709a609d6db27f45ba,CNC(=O)C[NH+]1CC2CCN(C(=O)Cc3[nH]nc4c3CCCC4)C2C1,O=C(Cc1[nH]nc2c1CCCC2)N1CCC2C[NH+](CCCO)CC21
461e2fa1edd966d92c44f04950f48dafbe5158560bd15e72ccc7e2caf7e97243,945e4c6d74e5897d6f49707b30188ca8fa73c3da6362c157573cc3dc167ea776,CCc1ccc(CC(c2scc(C)c2Cl)[*:1])nc1,NN[*:1]>>N[*:1],NN[*:1],N[*:1],10877,39345,1,1,1.0,17,2,1,19,18,8,5-9,CC(C)C[*:1]>>N#Cc1cccc([*:1])c1,d609f8fdb393e66274c981cf13618de94beccc9e107ce35ec4328793b0b9d5b4,77f2bcd0dcc1fdf218fda27bdebaa2abf9815a76707059d21676bb07dd8f8f78,CCc1ccc(CC(NN)c2scc(C)c2Cl)nc1,CCc1ccc(CC(N)c2scc(C)c2Cl)nc1
af4a1ab6fe52443cd5fa44d917d15a5ef6784d3143f88f05fbe17cdaaa983c46,811ec430e5a60a7685eac83853a980176d4e7d67e00544d50d9e72d58fa67ffa,Cc1nn(C)c(C)c1CC(=O)NC1C[NH+](C[*:1])CC1(C)C,CC(C)=C[*:1]>>CC(C)C[*:1],CC(C)=C[*:1],CC(C)C[*:1],8916,26588,1,1,1.0,20,4,4,24,24,8,5-9,COC(=O)CCC[*:1]>>COC(=O)CC[*:1],90537ed74f2b5056f3224dd45abb32c4f3f2724b6cdf8292598d4d1cfbd51c59,e696a8e187dc345a3a4f8597b10fb6741ea46dfcf1372e4b3b5ada9a0630a383,CC(C)=CC[NH+]1CC(NC(=O)Cc2c(C)nn(C)c2C)C(C)(C)C1,Cc1nn(C)c(C)c1CC(=O)NC1C[NH+](CCC(C)C)CC1(C)C
c834d9e0ab450df6e781b941db51f31cc6c2d55dce7fe5f383f5b7976765aeca,b6c85ef5e2c5be6ed62666529bfaae79fd411f384bfb1f8c40f73b50b379c95d,O=C(NCCCO[*:1])N1CCC(COc2ccc(Cl)nc2)CC1,C=CC[*:1]>>CC(C)C[*:1],C=CC[*:1],CC(C)C[*:1],31783,24993,1,1,1.0,22,3,4,25,26,8,5-9,COC(=O)N[*:1]>>c1ccc(O[*:1])cc1,b28a43d6fc737949a13a66810ddd93d36b4964552bc8fa5363cfba1155c79c5f,22ba982cfeb8d742a0048ef8b7d52eac2b3987c35b7ed3c591a736fc524878e5,C=CCOCCCNC(=O)N1CCC(COc2ccc(Cl)nc2)CC1,CC(C)COCCCNC(=O)N1CCC(COc2ccc(Cl)nc2)CC1
9978f868cb0412f8dfaf7789be9f38bc3ddb07dd67985a081328ab23a3c36435,83fd03b7ad106fa62b2eca97190b3420dc415208de9998cbbf3e120fe3bbe1fd,CC(O)C1CCN(c2cc(NCC[*:1])ncn2)C1,Cc1cccc(C)c1[*:1]>>Fc1cccc([*:1])c1,Cc1cccc(C)c1[*:1],Fc1cccc([*:1])c1,43667,12562,1,1,1.0,17,8,7,25,24,8,5-9,CS(=O)(=O)C[*:1]>>FC(F)(F)[*:1],e11be07a989662726f3704c43c5a73b1b23a9f8b6956a545d2fd09d10ee00dc5,9159a7fac0ca5b4a9249d89b90839f74ed0ea9219bc2d55b59b1602005da4583,Cc1cccc(C)c1CCNc1cc(N2CCC(C(C)O)C2)ncn1,CC(O)C1CCN(c2cc(NCCc3cccc(F)c3)ncn2)C1
adfca2a07aaaf836c2d01f32f2224a89737e4209c7e6dfc33e8ea1649657db2e,ecce3705591e66915aeee139c65fc1fab9535cda572422855ebe43c335e84e74,O=S(=O)(NC1CC1)c1ccc(S(=O)(=O)N[*:1])cc1,Cc1ccc([*:1])c(C)c1>>Cc1ccc([*:1])cc1,Cc1ccc([*:1])c(C)c1,Cc1ccc([*:1])cc1,28114,16223,1,1,1.0,17,8,7,25,24,8,5-9,COC(=O)[*:1]>>COCC[*:1],9abc928eb430b97988f87e0d87a842ba7e3155237a50454542ecd59deb015385,c3c81d547aaaf90258f7de1292833b402f670dffddc0ec5d73b10a583907e88e,Cc1ccc(NS(=O)(=O)c2ccc(S(=O)(=O)NC3CC3)cc2)c(C)c1,Cc1ccc(NS(=O)(=O)c2ccc(S(=O)(=O)NC3CC3)cc2)cc1
72579f927dfe9d54e2b2972e21343878af2dae22b2b4bebc111b984d58d824e3,c830510ca0327bbf50436d7c2dddca0368c2e3cd72d126f356c3750f2319e80b,COc1cc(Nc2cccc3c2NC(=O)CC3)ccc1[*:1],O=C([O-])[*:1]>>O[*:1],O=C([O-])[*:1],O[*:1],43009,6670,1,1,1.0,20,3,1,23,21,8,5-9,CC(C)(C)[*:1]>>Cc1ccc([*:1])c(C)c1,8bbe8256349528a797b2d787e67a59fdbf2e567861a7a252b4e9a65ad88610fb,494f46eb0ab8c3c7a3e0ece5fdd42ed2e0e738963e831165beef694b953609e8,COc1cc(Nc2cccc3c2NC(=O)CC3)ccc1C(=O)[O-],COc1cc(Nc2cccc3c2NC(=O)CC3)ccc1O
f1253be2f6f1da1423b249741e07b82c25c8c90513ff21cb78af824fd81bbe74,9741785339fdf439175f0ef25122b6e3b4f66acc94e3d5b45621d78ea2080c67,O=C(NC1CCCCC1[NH2+]C[*:1])c1csc2cncn12,CCC(C)[*:1]>>CCC(F)[*:1],CCC(C)[*:1],CCC(F)[*:1],11809,23208,1,1,1.0,19,4,4,23,23,8,5-9,COC(=O)[*:1]>>COc1cccc([*:1])c1,554ae3bea7be651b0f62d368afa6cd595863c713b7d0e80509ba4d2801886214,063f2090b02c1949c052ab751465ebda6fa6cf0657330572beaaa7d289657e72,CCC(C)C[NH2+]C1CCCCC1NC(=O)c1csc2cncn12,CCC(F)C[NH2+]C1CCCCC1NC(=O)c1csc2cncn12
cb1f8503f97b38bc731dda9b20e5d6463117e389508049e1d0a999179d65b832,f1ac26b1a60294d272aae0bf1fe0cf273e7199538cde936c42383e32308cf32c,CCC1C(=O)NC(C(C)(C)C)C(=O)N1C[*:1],COC[*:1]>>CS(=O)(=O)C[*:1],COC[*:1],CS(=O)(=O)C[*:1],40264,45351,1,1,1.0,15,3,5,18,20,8,5-9,C1CC1NC[*:1]>>OC[*:1],0e39494c3e197b2d82ab1f09046329085acee466675c83b0a853760a8ce210bd,51e14a29ee5a5c038b8ce60e00d0148184084f54ac5d03396e491648e418c861,CCC1C(=O)NC(C(C)(C)C)C(=O)N1CCOC,CCC1C(=O)NC(C(C)(C)C)C(=O)N1CCS(C)(=O)=O
a05fdc65ecce38eee61cb3872944ac3564e87074a68b30a94a87650730e4004c,209d7835f40e338a52580fb042f22c38fead2ce0e286fd79517b383c2346e569,O=S1(=O)CCN(S(=O)(=O)Cc2ccc([*:1])cc2)C2CCCCC21,N#CC[*:1]>>O=C([O-])[*:1],N#CC[*:1],O=C([O-])[*:1],26027,10588,1,1,1.0,22,3,3,25,25,8,5-9,CC(C(=O)O)[*:1]>>C[*:1],b30caae946e02f4b8f61a0642ea4610ba766f0bc42424ba1efed9be847237ee5,00a3cbd7479640aa240ac48e0c85b6d7b1d3508784aaefafcfe852c649ef9962,N#CCc1ccc(CS(=O)(=O)N2CCS(=O)(=O)C3CCCCC32)cc1,O=C([O-])c1ccc(CS(=O)(=O)N2CCS(=O)(=O)C3CCCCC32)cc1
d6d37c49496653b2b1cda97bde81024eddb7dca91735ec49aaafccdac8ee2fc9,188bed25f66be99618485386b53519631bcb6c6ab5edc6cfaa63c8fffe9c1d3d,Oc1ccc([*:1])cc1Nc1cccnc1OC(F)F,CS(=O)(=O)[*:1]>>Cl[*:1],CS(=O)(=O)[*:1],Cl[*:1],41336,12552,1,1,1.0,18,4,1,22,19,8,5-9,CCNC(=O)[*:1]>>Cn1ccnc1[*:1],64a2ca07ff39f1243da42bc34964a071aae78412dcc03c359b47622afcea1914,5a01101dbd1827d35f42559676de71d754aa5ca6773ceff05538b4b44568804a,CS(=O)(=O)c1ccc(O)c(Nc2cccnc2OC(F)F)c1,Oc1ccc(Cl)cc1Nc1cccnc1OC(F)F
538c29e887e571ca4cebd72ae7ed80cefa223e286ce3eba48a94fcff321737fd,2eb8e0d71d6337ab3a3df78026a4283678b277fcad3ed234d5951b160d85c950,O=S(=O)(N(CCc1ccc(F)cc1)C1CCCC1)[*:1],COC(C)C[*:1]>>COCC(C)[*:1],COC(C)C[*:1],COCC(C)[*:1],21160,8670,1,1,1.0,18,5,5,23,23,8,5-9,C1COCC([*:1])C1>>CCC[*:1],e4be7fce4c62f00f46b60217bccefd56c09e04f7550ed5a21f9ae1242c209bc3,111ddf820eb50e5213b80a7660c0ae4332356e723fb3f7c366daafe37a5e91c3,COC(C)CS(=O)(=O)N(CCc1ccc(F)cc1)C1CCCC1,COCC(C)S(=O)(=O)N(CCc1ccc(F)cc1)C1CCCC1
6d1c1f2a9783a1216a40da24c92fd66f00831cf3e7ece2cb067a60b6919c8a5a,a1c614d4689f3fb411f65a650c6e2e9bd8e95aeca12958e206b5fc1a7b204b9c,COC(OC)C1CCNc2cc([*:1])nn21,CC(C)(C)C[*:1]>>CC[*:1],CC(C)(C)C[*:1],CC[*:1],12721,8779,1,1,1.0,14,5,2,19,16,8,5-9,C1CC[NH+]([*:1])C1>>CO[*:1],a473cbfe09db30ddb85963403887c951689b04063a5f3cb3b0706577222ada79,98323fca44fd2b8a6f0fb7320411276219b464c3ba29e04b5a2fe8ab9005351b,COC(OC)C1CCNc2cc(CC(C)(C)C)nn21,CCc1cc2n(n1)C(C(OC)OC)CCN2
e510081d86c3ccdd6931346a22d6dcba614f358d519e2047bf32d61690887873,68a62d1a13e260bd882fd4e4802b83776809c12a5df462f8f8bcd6e85268ecf1,CN(CCCC(C)(C)[*:1])CC1CC2CCC1C2,NCC[*:1]>>N[*:1],NCC[*:1],N[*:1],15223,38442,1,1,1.0,16,3,1,19,17,8,5-9,COC(=O)C[*:1]>>c1csc([*:1])c1,86b95fef0836d6e7e79b38587f328671668bffe98b5a2965939f498c148fc445,7980b5d99737a8b44389d159029d31a58cdb9c702ec666a9c7f85f247a87fc37,CN(CCCC(C)(C)CCN)CC1CC2CCC1C2,CN(CCCC(C)(C)N)CC1CC2CCC1C2
a57888459e6b09e942cba61e125395666a35cae318c3fadaf244d55fffabcf91,2f615091d74a5a8def52e72a785ea4da197846c051f89cb50b182801da7fcd63,Cc1ccc(C)c(CC(=O)Nc2nnc(-c3ccc([*:1])cc3)o2)c1,CS(=O)(=O)[*:1]>>FC(F)(F)[*:1],CS(=O)(=O)[*:1],FC(F)(F)[*:1],7770,19779,1,1,1.0,23,4,4,27,27,8,5-9,C1CC(C[*:1])C1>>CC(C)[*:1],1e19bf0000976a648a8fb491bd259f3263328a9d21d451e40f4b60806d6c6ac0,32199305e40e2ba6e7dbafbfec8996cec4ea6edc6f8a7d98b7bf1d93446c27af,Cc1ccc(C)c(CC(=O)Nc2nnc(-c3ccc(S(C)(=O)=O)cc3)o2)c1,Cc1ccc(C)c(CC(=O)Nc2nnc(-c3ccc(C(F)(F)F)cc3)o2)c1
74c251dd56309dc2018bb397c9591ceae2818dc2c46121dee9b84d91582cd108,62e54b237620b38f1dc477415ed65d684c473e3c21f7523ca6c9db2e05d899d3,N#CC1=C(SCC(=O)N[*:1])NC(=O)CC1c1ccc(F)cc1,CCc1ccc([*:1])cc1>>Cc1cccc([*:1])c1,CCc1ccc([*:1])cc1,Cc1cccc([*:1])c1,40883,44975,1,1,1.0,21,8,7,29,28,8,5-9,C1CCC([*:1])CC1>>Cc1cc([*:1])no1,9b52bdcb2c5f5996ab79ada76b4bb21f380e743eb43ecb3d648a5f7141b5ab5c,7ef7093930f9eee31f983252e79dbd544c99bd7225ae49f1f63882bb06cf3947,CCc1ccc(NC(=O)CSC2=C(C#N)C(c3ccc(F)cc3)CC(=O)N2)cc1,Cc1cccc(NC(=O)CSC2=C(C#N)C(c3ccc(F)cc3)CC(=O)N2)c1
8c5f2003433e2d979c5137325bc32d964469367a1010949df4b053bb9a2640b1,efcc6a9535768738141e4fdff51a22fa01c9fb6a48edd5d59007c0daf5926413,O=C(Nc1nc([*:1])cs1)C1CCS(=O)(=O)C1,c1ccc(C[*:1])cc1>>c1cncc([*:1])c1,c1ccc(C[*:1])cc1,c1cncc([*:1])c1,43509,7824,1,1,1.0,15,7,6,22,21,8,5-9,Fc1cccc([*:1])c1>>c1cncc([*:1])c1,83e2e5087808b410e6fb6c44f90fbb9783ac7156e017776638a8a5b4310a6ce6,6ce34c788d9d2cde80b308319999ad84a1c7bbf22cefaf8f0a6ece23c9a5fdcb,O=C(Nc1nc(Cc2ccccc2)cs1)C1CCS(=O)(=O)C1,O=C(Nc1nc(-c2cccnc2)cs1)C1CCS(=O)(=O)C1
be396f573c1040165abb8f8b4d96a8895d77b76de059b6de0dc4862bf4e0b177,2a1c75e1ebba5086ecb6bd28d200d7ecfc668ab0bdc48f4950467ed91338a6a4,O=C(O)C(N1C(=O)C2C3C=CC(CC3)C2C1=O)[*:1],CC(C)C[*:1]>>CSCC[*:1],CC(C)C[*:1],CSCC[*:1],43579,18565,1,1,1.0,17,4,4,21,21,8,5-9,CC(C)[*:1]>>Cn1nncc1[*:1],eb394d6cf9dcb69c88a9604a10f1b55b1e9c4d2cff7c157222b9f940c679840e,2148dcf40497666f2351a021f0884bfd3c01a5f09497f7d0c45cc7aa7c1a209a,CC(C)CC(C(=O)O)N1C(=O)C2C3C=CC(CC3)C2C1=O,CSCCC(C(=O)O)N1C(=O)C2C3C=CC(CC3)C2C1=O
fe7a3b2c469c5bfce6c237c5eff408ed8805ea49a6df48edf98c3d82f826d1a3,8e48f22418dfb0cf4c3485e6b5005e774de189116e4f7f4577742924732260d4,OC(CNCC1CC2CCC1C2)[*:1],CC(C)C[*:1]>>CCOC[*:1],CC(C)C[*:1],CCOC[*:1],48241,15387,1,1,1.0,12,4,4,16,16,8,5-9,C1CC(C[*:1])CO1>>CC(C)[*:1],53fa914afca0368658d28c9e0bd81f15ac665c7ca1a64e93a92e8fdf9e78c1e1,0a47a43bea811d6f9e6f6a504a7c025b14727d681405b9bad7fb64b5dc41a9fc,CC(C)CC(O)CNCC1CC2CCC1C2,CCOCC(O)CNCC1CC2CCC1C2
e8a60d08c57ad1336789f912cf13aab3f2cb581efc55f8aaf8c330398262fe2a,7d405562aad31f6076969797e926013fb5a257616230a065ac39f5530be787f4,Cc1ccccc1CNC(=O)CSc1nnc([*:1])n1N,Clc1cccc([*:1])c1>>Fc1ccccc1[*:1],Clc1cccc([*:1])c1,Fc1ccccc1[*:1],30523,11668,1,1,1.0,19,7,7,26,26,8,5-9,CCOC(=O)[*:1]>>CO[*:1],714f637f5d59a388ad796868e10f88938ee5c89088b51784efedb83eec758f32,09a0009c54a7a9c8a76e8e1aff339f9abca48bb19880a2a96b5a4d3e951f9f6a,Cc1ccccc1CNC(=O)CSc1nnc(-c2cccc(Cl)c2)n1N,Cc1ccccc1CNC(=O)CSc1nnc(-c2ccccc2F)n1N
290e941f3757ff9244b1d3dc7a95a673d5da8618cadf6cb07b75a23dd1e2864b,f9697a1defc1ae904d5dcb1426e173642c12f37c1a656b1e0fb1c02ec52baa59,CC1OCCOC1C(=O)N1CCOC2(C1)CN([*:1])C2,COCC(C)[*:1]>>FCCC[*:1],COCC(C)[*:1],FCCC[*:1],29757,37239,1,1,1.0,18,5,4,23,22,8,5-9,CC(C)(C)OC(=O)[*:1]>>c1ccc([*:1])cc1,aeddc871eb7adb05d192449a5b2b219571a305041b8c064502a29f11476565d4,ab0eff8638242346cad13cefa08e7e62fff37a47c3a57bee7d88cb69ef8ffaa4,COCC(C)N1CC2(CN(C(=O)C3OCCOC3C)CCO2)C1,CC1OCCOC1C(=O)N1CCOC2(CN(CCCF)C2)C1
59447cf6c3d4046488221f52491aaf6de497a17539ee6caaf20bb3266f53654e,39251f91bd24ce328983c84bd7288bcf665e6718b0022093f74e24eb9c7d0e67,CC(Oc1ccc(F)c(F)c1)C(=O)NCC1([*:1])CCCC1,CO[*:1]>>OCC[*:1],CO[*:1],OCC[*:1],1534,2482,1,1,1.0,20,2,3,22,23,8,5-9,C=CC[*:1]>>COC[*:1],614b969bb960cf58d0e750476758c4c5b947163b831abe01ced23f15373c5420,38aa9ad7631c7bb6a363a30be614a45f97c5abdcd624ce3b570a10880426dfc7,COC1(CNC(=O)C(C)Oc2ccc(F)c(F)c2)CCCC1,CC(Oc1ccc(F)c(F)c1)C(=O)NCC1(CCO)CCCC1
0952e5702230cb6044a33954dfcfea1a9db485bd8c25eb26d0a0463835dccc03,3798ceab761a7d7388c275b6a389c4a633151fc3c3a8a6527df6ae731a9daa0f,O=C(NC1CCC([*:1])C1)C1CC1c1ccccc1OC(F)F,N#CC[*:1]>>OC[*:1],N#CC[*:1],OC[*:1],41976,17554,1,1,1.0,21,3,2,24,23,8,5-9,CCNC[*:1]>>O=C(O)[*:1],fd4626500ec5e11eccadfa7a34e0391f202284ece506b7eae253ce184674fe25,8d9e55072b457a610c987536510b22b6c5466b6be625b309391ac0454225214d,N#CCC1CCC(NC(=O)C2CC2c2ccccc2OC(F)F)C1,O=C(NC1CCC(CO)C1)C1CC1c1ccccc1OC(F)F
a7fb86c96fb3e0bdb6a0d95928c88021d2c4bb40d8eb57ed3a4f412037fb338b,6f10fdf92a56d32656d5d56a0c97ce064f49a41f3b160c89fa524d72271bff8d,O=C(NCC1CCCCC1)C1CCN([*:1])CC1,Cc1ccc(C[*:1])cc1>>c1ccc(C[*:1])cc1,Cc1ccc(C[*:1])cc1,c1ccc(C[*:1])cc1,3649,38284,1,1,1.0,16,8,7,24,23,8,5-9,CC[*:1]>>Cn1nccc1[*:1],90d5aefcf250f0f32b0656e9418d1a0b3542e1ee13cd141d9e6eedc528f74d72,3a18954613e720f7437bf83c2f1106ca366a4b39189079bf2e0e42ba51f24895,Cc1ccc(CN2CCC(C(=O)NCC3CCCCC3)CC2)cc1,O=C(NCC1CCCCC1)C1CCN(Cc2ccccc2)CC1
853348fbaed87d2460476f94295622538ff89536efbac8eb74d66938decbbadc,97a18982563cccba2a80e92ff280bf68b581190c20ca394ba4b19c5b8378434f,O=C(N1CCCC2C1CC[NH+]2C[*:1])C12CC[NH+](CC1)C2,C=C[*:1]>>OC[*:1],C=C[*:1],OC[*:1],25894,32535,1,1,1.0,19,2,2,21,21,8,5-9,COc1ccc([*:1])cc1>>N#Cc1ccc([*:1])cc1,18d906602d139460f3bbf6260ed6b59ae4e0f9684a27731e259c01238263f6fa,f67dc4b8375101b213774a092832d9966f854e5c4dffeb162f51d24a93355aaa,C=CC[NH+]1CCC2C1CCCN2C(=O)C12CC[NH+](CC1)C2,O=C(N1CCCC2C1CC[NH+]2CCO)C12CC[NH+](CC1)C2
a4cd567e04ddaa970421752c8837a82b2c8eea7d85d963859450c4f2352f6e41,e61ba98fe9c8f1b82342b7ae39f26a9720bc83ca2c03c5548d5d13c7b7fa7535,COC(C(=O)NC1C[NH+](C[*:1])CC1C)C1CC1,CCOC[*:1]>>COCC[*:1],CCOC[*:1],COCC[*:1],42133,1750,1,1,1.0,16,4,4,20,20,8,5-9,NC(=O)C[*:1]>>c1n[nH]cc1[*:1],a9cffb071330f08af611269e35587af8e91ebb2a72c05cef2a7bda75edffed1e,e489e45b9a1bcd92731bb9f4527aa7cf0b1a45acaa33df5866bce524c970458c,CCOCC[NH+]1CC(C)C(NC(=O)C(OC)C2CC2)C1,COCCC[NH+]1CC(C)C(NC(=O)C(OC)C2CC2)C1
548907f5ade3ede257e9f8000dcfbc4657b6a491a4e6ad1f0223e8463035acdc,bef36eb5310023d783a74250d29143f01f97bf3d89a3ece3d2d2642b56ff5ae1,Cn1nncc1C(=O)NCC1CCC(NC(=O)C[*:1])CC1,CC(C)C[*:1]>>CCCCC[*:1],CC(C)C[*:1],CCCCC[*:1],27670,42036,1,1,1.0,20,4,5,24,25,8,5-9,CCC(F)[*:1]>>c1ccc([*:1])nc1,80dc0a21824ca0e5449773eea410e1c666414529b3f655eefd18cdfcdd091f65,9ab8125e5d27e3037ddfea70d7479d929e6af63a2a843b02e16facb495a3cbc6,CC(C)CCC(=O)NC1CCC(CNC(=O)c2cnnn2C)CC1,CCCCCCC(=O)NC1CCC(CNC(=O)c2cnnn2C)CC1
2aade7f706d49d2d0c9f270dd09e1d5bf60636b69c93716f04be2cb0783c1f70,efe065947e4f82e8c74cd471c17d3dc9cdee64a682d6715bdf86a4030136abc0,C(C[*:1])NCC1CC2CCC1C2,CS(=O)(=O)[*:1]>>NC(=O)[*:1],CS(=O)(=O)[*:1],NC(=O)[*:1],29117,13852,1,1,1.0,11,4,3,15,14,8,5-9,C1CC([*:1])CN1>>C1NCC1[*:1],1e32e6d25431302df1f687ef39e8beccceb48750dc07986ce8e31bbdf028700a,b13371a0c171f6daa943e7233527cbbd4d54e1c9dee15eb2a733807126490313,CS(=O)(=O)CCNCC1CC2CCC1C2,NC(=O)CCNCC1CC2CCC1C2
e07d515240ca29eda7c2a5eca1f0a2205fda76c42dc418ff92b9092faf01177d,bf528d711bd1e6f0ca78134322438451ff31f836548d61e010b47c8ca1c0668c,CC1(CN(C[*:1])C2CCC[NH2+]C2)CCCCC1,COCC[*:1]>>COC[*:1],COCC[*:1],COC[*:1],17149,49210,1,1,1.0,16,4,3,20,19,8,5-9,Cc1ncoc1[*:1]>>c1nonc1[*:1],7d814b27a3774eab6298599727637c3f87f2eeb5544d1cf0c468fa49213e2d17,edd4b859703bfb9d003a2f923ef9dc87655a3c24fd3c9e3a5e6febc914421fcc,COCCCN(CC1(C)CCCCC1)C1CCC[NH2+]C1,COCCN(CC1(C)CCCCC1)C1CCC[NH2+]C1
a9df8a753489df1425e398e0e552e4abf879afc1b9d0514411e3cf1f53f20597,39be984ab989ad00682d391c10b3f286819d10d1cacb253be2c57e99cff0efcb,Cc1ccc([*:1])cc1NC(=O)C(=O)N1CCN(CC(=O)NC2CC2)CC1,CS(=O)(=O)[*:1]>>F[*:1],CS(=O)(=O)[*:1],F[*:1],7435,12404,1,1,1.0,25,4,1,29,26,8,5-9,O=C(C[*:1])NC1CC1>>OCC[*:1],c3771f9d65bd5b518d17c9deeae4d250b1115a29a2d44a0d4bb21e1c7a2a90e1,7667b4bdecfaae52bfd7aa412cdf4a488f9f21d01b8a9d7137324cb2dcf1810d,Cc1ccc(S(C)(=O)=O)cc1NC(=O)C(=O)N1CCN(CC(=O)NC2CC2)CC1,Cc1ccc(F)cc1NC(=O)C(=O)N1CCN(CC(=O)NC2CC2)CC1
d4462ae7da2f6d96bebaefebd2cb21f7b63cf94c5214f238ed14090317230198,0d1d40fd225805ef9988f21311b7d309c91bc67cd607ded006314fc6cf2df754,CCN(c1ccccc1)c1cnccc1[*:1],CNC[*:1]>>N#C[*:1],CNC[*:1],N#C[*:1],2508,13395,1,1,1.0,15,3,2,18,17,8,5-9,CC(=O)N[*:1]>>CC(=O)[*:1],76168e041db8c5b31cdc5e76589a619e70a14a932657ed38cab7c92e6251c518,68918bad10e5e93bd6ac0cf99687aee82aca902be26274eed13c1846d61a3f23,CCN(c1ccccc1)c1cnccc1CNC,CCN(c1ccccc1)c1cnccc1C#N
41e769a4781074601fd4b601d7acf4a235b4eb5d1a1327d83afcef6c4fe1b325,a983ee7fdd1c5a9459ef416ed40342e24e79d3c65053f53a2ec08bf0c8efb651,CC1(C)C2CCC1(C)C(NCC(=O)N[*:1])C2,CCC(C)(C)[*:1]>>C[*:1],CCC(C)(C)[*:1],C[*:1],31752,15660,1,1,1.0,15,5,1,20,16,8,5-9,CCc1ccc([*:1])cc1>>Cc1cccc([*:1])c1,38986df39b776cc67cb19b51a9607bc75d52f82c8a343f2f3c44f25568797d8e,c1f8fcc06c81ddeb24969a49d0a6737e05169aa77734e22fca3057a8e427d54d,CCC(C)(C)NC(=O)CNC1CC2CCC1(C)C2(C)C,CNC(=O)CNC1CC2CCC1(C)C2(C)C
99740019ec37464a4b58862dfe5ead98f50dce6a377efaa01e2b8841009bbaba,d72e90aafc02313636da75493ef6e84894f1b33813a371afb9c1e88442b57c6d,CC(C[*:1])N1CC(=O)NC(C(C)(C)C)C1=O,C#C[*:1]>>COC[*:1],C#C[*:1],COC[*:1],14363,13741,1,1,1.0,15,2,3,17,18,8,5-9,Cc1ccc([*:1])cn1>>Cc1ccc([*:1])s1,b1c6fe6e527e906fe9c34dbe42040e80334233ca9e648529f73d0099a7454f60,6c83062d97f0ce5c307ef5d322fb30a7259996d035e033c408c5f136a74fe645,C#CCC(C)N1CC(=O)NC(C(C)(C)C)C1=O,COCCC(C)N1CC(=O)NC(C(C)(C)C)C1=O
9a5430eb146ff15783e44139c10b0e372dfe2c7521f1fc90bb89fc98de40f8bd,a994f9b6648d2c69528ea9ad2268098455f1c5c009d4bb74945f4413eb26f324,CC1(C(=O)N2CCCC(C3CCC[NH+]3C[*:1])C2)CC1,C=C(C)C[*:1]>>CC(C)[*:1],C=C(C)C[*:1],CC(C)[*:1],3375,1013,1,1,1.0,18,4,3,22,21,8,5-9,Cl[*:1]>>NN[*:1],92334556b8030d1fa196c0061bf75620e5cd62c274e0437518db10ddbf4fe2f6,3415029e43c976037003e58000af86180a802fc8ae87007767a1c15f58dbd44e,C=C(C)CC[NH+]1CCCC1C1CCCN(C(=O)C2(C)CC2)C1,CC(C)C[NH+]1CCCC1C1CCCN(C(=O)C2(C)CC2)C1
db2fc1b4a016d8637bd504f20ec403819cc3eef9984db922253ca61ac68ebf75,2eaa0c5cb5b79c559976dc5181f72774094f23c16f50e109e00c974e3ba4d169,O=C(NCc1nc2ncccn2n1)N1CCCC1[*:1],CC(C)(O)[*:1]>>COC[*:1],CC(C)(O)[*:1],COC[*:1],39376,16656,1,1,1.0,18,4,3,22,21,8,5-9,CCC(C)C[*:1]>>COC(=O)NC[*:1],f3b86751b02c25c162d3e379e7d82deb7c41b800d9446293063b780872d8f5db,58a70a54c1cbda022c4f0c2ab65c8148b18b7dad90f775c622316d9c0dac8dda,CC(C)(O)C1CCCN1C(=O)NCc1nc2ncccn2n1,COCC1CCCN1C(=O)NCc1nc2ncccn2n1
7478b815179cc50bcca8e47bc0186b89f8025b6012afbe467b7495fdb9d7fdcf,dd58baa3b6eac3bd4a27c6a77f58920216544cf0ea1a2c7b0e0f17fc39916b60,CC1C[NH+]([*:1])CC1NC(=O)C(C1CC1)[NH+](C)C,C=C(C)C[*:1]>>CCOCC[*:1],C=C(C)C[*:1],CCOCC[*:1],39139,19717,1,1,1.0,16,4,5,20,21,8,5-9,Cc1cc([*:1])no1>>Cc1ccc([*:1])cc1,7fe694893b8df654e20ad8b029adf64f786b0e49b2ff7e8bf5e9412087de456c,29787eb12084bc8c8068fa2fd1da36cf47be8862c50f1c8f93772aa3dedada79,C=C(C)C[NH+]1CC(C)C(NC(=O)C(C2CC2)[NH+](C)C)C1,CCOCC[NH+]1CC(C)C(NC(=O)C(C2CC2)[NH+](C)C)C1
f48d8c1d33d00ac27f094f8126f27b8c9dd66b129ab6e91b961b84c712b1be74,638141874712427fa14258518af367b0088e59f87ce5f504be304c173690108d,Nc1nc2ccc(-c3cccc(S(=O)(=O)NCCC[*:1])c3)cn2n1,CN(C)[*:1]>>FC(F)(F)[*:1],CN(C)[*:1],FC(F)(F)[*:1],41895,40246,1,1,1.0,23,3,4,26,27,8,5-9,C1CC1[*:1]>>C[NH+](C)C[*:1],59180a268bd8c70f76fa557224deb8c93c8e75db7901999251e7ea2a561997ea,bf09dab417cec094a556da92ede69537784154ed7149ee6e2d1820a36f2f2aec,CN(C)CCCNS(=O)(=O)c1cccc(-c2ccc3nc(N)nn3c2)c1,Nc1nc2ccc(-c3cccc(S(=O)(=O)NCCCC(F)(F)F)c3)cn2n1
8823bd232773a78fb7aef1948d4df52e7ff8adf00f763d38cd1a3fc08e698782,ca91cbebda2b8d188fac66d2fa716a45313e3fb2c10346c471a107a3ff5e8d89,OCc1ccc(Nc2ccc([*:1])c(Cl)c2)cn1,CCOC(=O)[*:1]>>N[*:1],CCOC(=O)[*:1],N[*:1],2737,7718,1,1,1.0,16,5,1,21,17,8,5-9,ClC[*:1]>>N[*:1],ebd16de2405147f9186a9cb30930f16d34dbdf1a7610a2b0f9dbe3fb9ad55ad6,ff2ad182d4aed1553ea2cf3425769a722a225bde65a34b051bbf011ced245745,CCOC(=O)c1ccc(Nc2ccc(CO)nc2)cc1Cl,Nc1ccc(Nc2ccc(CO)nc2)cc1Cl
b3e9f49ccd3a1a923ed5ca9a8bcd78f79c86a436b041a4a7b8bb62149eed6966,886351a2e2fbeb13ea8ae2473d4cc0ac24f565876f7525c0f60d5b22926729ac,O=C(CC[*:1])N1CCCN(C(=O)c2ccc(Cl)cc2)CC1,COc1cccc([*:1])c1>>Clc1ccccc1[*:1],COc1cccc([*:1])c1,Clc1ccccc1[*:1],9580,34867,1,1,1.0,20,8,7,28,27,8,5-9,Cc1ccc([*:1])c(C)c1>>Clc1ccccc1[*:1],ed3cd83fe214e833a795741c7479b7cb54c07234c00522ad71f992a8c2b9a74c,9c0ee313cb8506652660df52e7b391f3e48812291b72896122255178cfc3960f,COc1cccc(CCC(=O)N2CCCN(C(=O)c3ccc(Cl)cc3)CC2)c1,O=C(CCc1ccccc1Cl)N1CCCN(C(=O)c2ccc(Cl)cc2)CC1
88232c361038bf62ad5fa01b4952968abf7628144575009aa1cd7862460f18a4,792b0f6aaf9772577656f38c1a40ce1bd65bc20e8c492c95699cbdd73e023cde,COc1ccc(C2CC(=O)NC(SCC(=O)N[*:1])=C2C#N)cc1Cl,Cc1cccc(C)c1[*:1]>>Cc1cccc([*:1])c1C,Cc1cccc(C)c1[*:1],Cc1cccc([*:1])c1C,38453,24387,1,1,1.0,23,8,8,31,31,8,5-9,Cc1cccc([*:1])c1>>Fc1ccccc1C[*:1],452ea0efc685a582c7b392523b76ee2501d296a4be68e795c99db70b119d7da5,71c6e2ebca66b43430d0c25db2311f2d9cdf2d1b8a3c63e2468441922479460e,COc1ccc(C2CC(=O)NC(SCC(=O)Nc3c(C)cccc3C)=C2C#N)cc1Cl,COc1ccc(C2CC(=O)NC(SCC(=O)Nc3cccc(C)c3C)=C2C#N)cc1Cl
b7382fc1ba94dad6181c3e2b6a263a7c2dabc097887a40966bcff8233a4c4cbc,4ee0717bf591da6bc231f52e018f56679be3fa3b7812a6b4a80896d82e2f5a59,O=C(Nc1ccc(C(=O)C2CCC2)cc1)C(=O)NC1CC([*:1])C1,CCO[*:1]>>FC(F)(F)[*:1],CCO[*:1],FC(F)(F)[*:1],42000,43070,1,1,1.0,22,3,4,25,26,8,5-9,C1CCC([*:1])C1>>c1ncn([*:1])n1,e967d6dd13ed0955bef0e85f9c8811b1ba9b11bc40e55a6ab378ff5714b46495,aae2d9acb4b9e77e7e718b23d6653d79a78c5610833d2d0a4e554f44eb50af33,CCOC1CC(NC(=O)C(=O)Nc2ccc(C(=O)C3CCC3)cc2)C1,O=C(Nc1ccc(C(=O)C2CCC2)cc1)C(=O)NC1CC(C(F)(F)F)C1
02bcef5457ebbd8658197a2e8fcca72e3cb1a3f951de40ac6ca01a8d05a8b643,fc5022cd06bd1c5c07d2bdf0577676090507ccc479a69a4379f76123bc238e95,Cc1ccc(OCCOc2cccn(CC[*:1])c2=O)cc1,NCC[*:1]>>NC[*:1],NCC[*:1],NC[*:1],1219,25333,1,1,1.0,20,3,2,23,22,8,5-9,C1CC(C[*:1])C1>>C=CCC[*:1],04f0da60deb0a5e004937abf1d093274daf712368934bd61df85faacd5d4f1fd,048943038e9e64dc4d3e49d3ef02d8bf16b879ef10cd97d2510e080d05e6b1cb,Cc1ccc(OCCOc2cccn(CCCCN)c2=O)cc1,Cc1ccc(OCCOc2cccn(CCCN)c2=O)cc1
82a226e208d7551bdf22fe6a531e4e047abbe2eb9a5018758760f6b599f3d581,068863ed1bebfc0d707b062da042fff6a20d6824ec6c6b33464acfcff8b494f1,O=S(=O)(CC1CCCO1)NCc1nc([*:1])cs1,CN(C)C[*:1]>>c1ccc([*:1])cc1,CN(C)C[*:1],c1ccc([*:1])cc1,13196,42920,1,1,1.0,16,4,6,20,22,8,5-9,C1CC([*:1])CO1>>CC(O)[*:1],70f751360491df13768e74badf7308623ed3525cab2f571ad60c486b619ad3fa,c047bed08ab84e6602a1a45021007f93257b40b52475d971797a31bba44ea888,CN(C)Cc1csc(CNS(=O)(=O)CC2CCCO2)n1,O=S(=O)(CC1CCCO1)NCc1nc(-c2ccccc2)cs1
6d6a3207857c24c1abf97e73a5387d7d419a31a39c7c8411aaf3e516637fe165,299d6c5bd0f922531f242336358cac0b8ee643471bdd6c624e69e6d3fb56c8ef,Cc1cc(N2CCCC2)nc(NCCNC(=O)Nc2ccccc2[*:1])n1,Cl[*:1]>>FC(F)(F)O[*:1],Cl[*:1],FC(F)(F)O[*:1],6313,35951,1,1,1.0,25,1,5,26,30,8,5-9,Brc1ccc([*:1])cc1>>CC(C)(C)[*:1],54e9ac5df7fbc734697e70ba17d0c7ed15c58c85bcc9bc9db1ba801b98919fba,1cb047ee1e3f2c115084d19356e9c9e508581fd68c0ba7d921dabeee029d06f3,Cc1cc(N2CCCC2)nc(NCCNC(=O)Nc2ccccc2Cl)n1,Cc1cc(N2CCCC2)nc(NCCNC(=O)Nc2ccccc2OC(F)(F)F)n1
6fa3f765315815ead4a37e128224840bd0259d3a45af6a51cf42ac4b0c4f7bfc,efeff6eba333f52f56c6f2f17f2c1bd796d64ec0b460b3c90a7b3b2d7b322676,CC1COCC(C)C1[NH2+]CC1([*:1])CC1,COC[*:1]>>CS(=O)(=O)[*:1],COC[*:1],CS(=O)(=O)[*:1],42876,41482,1,1,1.0,13,3,4,16,17,8,5-9,C1CCC([*:1])OC1>>FC(F)(F)COC[*:1],10814fbded4dbad2f2f40ed1821b539a5cc7517ed209340f5df4c43a776a50a0,238c50692b4dc354e1bb3e98f773ba31881de7b3e2e080823945f564536d2765,COCC1(C[NH2+]C2C(C)COCC2C)CC1,CC1COCC(C)C1[NH2+]CC1(S(C)(=O)=O)CC1
dc0dc27101f11f9d56bc81ecefac76ebe218cfab494437147c188a9cc91e258e,509efafeb21beb615517a3d018282c4454420b7a20e9cc07d70527a7163252dd,CCCC1NC(=O)C(C(C)C)N(CC[*:1])C1=O,CC(C)[*:1]>>CCCCC[*:1],CC(C)[*:1],CCCCC[*:1],17305,8427,1,1,1.0,16,3,5,19,21,8,5-9,CC(C)CC[*:1]>>COCCC[*:1],c7b6a844874e718e70ba30a6c8086d7f81e96cbd16c04b64f1bc408f86e66f50,a5a6e87a31d8c61daf4072b304987b0147b2be73b69af1fa40f2d43b7a768a56,CCCC1NC(=O)C(C(C)C)N(CCC(C)C)C1=O,CCCCCCCN1C(=O)C(CCC)NC(=O)C1C(C)C
7f774f21ba37ecbaeadf886c2e86531b667c10943dbb279d7bd8b47ab7b2b564,889fb7a84e174e34c810f8f4e82702bb24e848dbe1cf47a3f94feaaef2b81515,Fc1cc([*:1])ccc1-c1noc(CC2CN(Cc3ccccc3)CCO2)n1,CC(=O)[*:1]>>Cl[*:1],CC(=O)[*:1],Cl[*:1],20272,42214,1,1,1.0,26,3,1,29,27,8,5-9,C[*:1]>>Cc1csc([*:1])n1,a600f196d3c544319792c2027a2952e7d3420526239fc932c61f464d84cb5813,93a2b77f396fce80b170c4ad6161452013e1cfa0aed89e2ed983b8a0c203383a,CC(=O)c1ccc(-c2noc(CC3CN(Cc4ccccc4)CCO3)n2)c(F)c1,Fc1cc(Cl)ccc1-c1noc(CC2CN(Cc3ccccc3)CCO2)n1
8a0f31406c814dc82542e35c3e432603d9e7f375073feb70f7388465247680d5,20af4f2e03a3cad1b54034588d71803bd5b8dd9bb6ff5ab0dade8ade570c5a17,CCC(CC)C(=O)Nc1ccc(N[*:1])cn1,Cc1ccc([*:1])cc1>>Clc1cccc([*:1])c1,Cc1ccc([*:1])cc1,Clc1cccc([*:1])c1,18250,8151,1,1,1.0,15,7,7,22,22,8,5-9,C1COC(C[*:1])C1>>c1csc(C[*:1])c1,cb2a66f2647e93c1cb9cc54a1b812fb5107f1c390e06982e7a5c2f94146a8a1e,1ed0af7d307adb8d508eb4768515cb44a5351683236ad583f1a6bc2e39d0342e,CCC(CC)C(=O)Nc1ccc(Nc2ccc(C)cc2)cn1,CCC(CC)C(=O)Nc1ccc(Nc2cccc(Cl)c2)cn1
cf309713eff3eccbb8ba32276e4bde162b1d5c90373b061de4cde5971bb9bade,d3225c5231cecfde7375e6085757d01e9ca06a52dc9930cef7c041f2e570c043,CC(C)c1nc(COC(=O)C2CCCC2[*:1])n[nH]1,CCC[*:1]>>CO[*:1],CCC[*:1],CO[*:1],49915,44995,1,1,1.0,17,3,2,20,19,8,5-9,CC[*:1]>>FC(F)C[*:1],e45841023021c5677002eb58d0203e815d0ab4f2ca0964e6e93fcf9753928a89,a63a40ae85ab0ab6f6d7e708f5721049c2b1d686ad30dc0a29bb94cd85bed473,CCCC1CCCC1C(=O)OCc1n[nH]c(C(C)C)n1,COC1CCCC1C(=O)OCc1n[nH]c(C(C)C)n1
93efd775fbc087c0c0756aba0d995a383887d4f92ac7eede9dda4084d38d0cb9,96b1204c9e6524730605c80f6d5dd04020fc8bbf6ee67c340b31ed3dc3e1c9de,Cc1c(C(=O)NCc2ccccc2[*:1])oc2ccccc12,CC(C)O[*:1]>>FC(F)O[*:1],CC(C)O[*:1],FC(F)O[*:1],10858,31129,1,1,1.0,20,4,4,24,24,8,5-9,Clc1ccc([*:1])s1>>c1ccc([*:1])nc1,e082f1ab45620bf4419d2f723abee67f5800108fde2c8fe88af381db51a9c0fa,e1e965be1b4e645958efcffff13afacf6ece822c8c26993b7cd3faeab24b75e4,Cc1c(C(=O)NCc2ccccc2OC(C)C)oc2ccccc12,Cc1c(C(=O)NCc2ccccc2OC(F)F)oc2ccccc12
9632df2f70f6db5a87c061b47f576fbb1184fec30fc672890648202a45088aae,3c9a9c4f07275809b4d7663aa06a4917f363ea9c0c9dfe520c55208778a73784,CC(C)(O)c1cncc(Nc2cc([*:1])ccc2F)c1,C[*:1]>>FC(F)(F)O[*:1],C[*:1],FC(F)(F)O[*:1],48416,9119,1,1,1.0,18,1,5,19,23,8,5-9,CC(C)[*:1]>>CC1CC1[*:1],180bd7b57fe6d2bef3e9fce6cac3356ac58c6a3fe49f0b75e089096f41a732cf,5a576b5f1dc76ff77bb024f6300c1f60ec957f1f307e118f884ed6f6c7636837,Cc1ccc(F)c(Nc2cncc(C(C)(C)O)c2)c1,CC(C)(O)c1cncc(Nc2cc(OC(F)(F)F)ccc2F)c1
a656baa29344e9ba3c174d8793a7cf6cd7fdc7034bae91020fc3c209cb58eddc,3a9ae88abb97c600bd7aee802612126cafebfd15c924998b19495bd339cd3a73,O=C(CC1CCCCC1)N(CC[*:1])C1CCC1,BrC[*:1]>>OC[*:1],BrC[*:1],OC[*:1],17645,24272,1,1,1.0,16,2,2,18,18,8,5-9,COCC(C)[*:1]>>Fc1ccc(C[*:1])cc1,dec081450dfaae3199700146b16ed725cc6209315643ec2dd0ad579ac3fa91fd,670c8c57f56e41288fc4e0b616f3e9b03bf079d0d53759fc0a60b065ed748aa4,O=C(CC1CCCCC1)N(CCCBr)C1CCC1,O=C(CC1CCCCC1)N(CCCO)C1CCC1
3beef6ff9d693bbfff50ce731a6b7b210c22d970db7c99b4642eed0d1c42d4ad,fd990bb5464f6cd700977f1bf32bb41dd900554ee2ebdae706f03a16ffe746fe,CC(NC(=O)C(N)Cc1cnc[nH]1)C(=O)NC(Cc1cnc[nH]1)C(=O)NC(C(=O)O)[*:1],CCC(C)[*:1]>>OC[*:1],CCC(C)[*:1],OC[*:1],27241,9833,1,1,1.0,30,4,2,34,32,8,5-9,C#C[*:1]>>C=C(C)[*:1],6999fc736604ef6c2bb0ce3d635ee1750ddf6bf8a65fd0ff2fab17ab488b26e9,c225fcac0c3e43b4e0504d8beabbeb49a6ffc8050b3934fb249f085d0417066e,CCC(C)C(NC(=O)C(Cc1cnc[nH]1)NC(=O)C(C)NC(=O)C(N)Cc1cnc[nH]1)C(=O)O,CC(NC(=O)C(N)Cc1cnc[nH]1)C(=O)NC(Cc1cnc[nH]1)C(=O)NC(CO)C(=O)O
88eada61a47be5a0273ac18f8464025c3042b53b5a73152610f56d323c305320,3835a3bebb87b503d835234e70f9344440495cd3cacfcddffdfefe32e1f9bcf5,[NH3+]C12CCCC1C[NH+](CC[*:1])C2,C1CCC([*:1])OC1>>Cn1cc([*:1])cn1,C1CCC([*:1])OC1,Cn1cc([*:1])cn1,11659,14717,1,1,1.0,11,6,6,17,17,8,5-9,CC[*:1]>>Cn1nccc1[*:1],662f7719eaa25f264782285a6f63e75b495c631e23c86f961e7f52d6e77ce589,55ee1e6b30d98426ad4024b45d4f671c3e4dc7fdf516be7a4c45c523ae0e9a1e,[NH3+]C12CCCC1C[NH+](CCC1CCCCO1)C2,Cn1cc(CC[NH+]2CC3CCCC3([NH3+])C2)cn1
86b8d199c7f3f70f0dc6f3e0f1bd47c787f47eef1089ad19ae4d22d984acf9ee,be72d441f9586dd3cfa334275a05a64eec399198a3a34b9cacbd68e696d5023f,O=[N+]([O-])c1cc(C(F)(F)F)c(Cl)cc1Nc1ccc([*:1])nc1,N#CC[*:1]>>O=C(O)C[*:1],N#CC[*:1],O=C(O)C[*:1],38616,39015,1,1,1.0,21,3,4,24,25,8,5-9,N#C[*:1]>>NC(=NO)[*:1],9b61604b58b2b7ba58acac095c0be233a669e90f5a051eecb49a555e975518dd,c2cbd5db33a8d22e3188e665505537e15c934b9dc989799d185fea1e673a1f56,N#CCc1ccc(Nc2cc(Cl)c(C(F)(F)F)cc2[N+](=O)[O-])cn1,O=C(O)Cc1ccc(Nc2cc(Cl)c(C(F)(F)F)cc2[N+](=O)[O-])cn1
706f2f48e4f9c16dd1e02ff844674c7b5a897b7c7b6d148c69a7b5c6fefde957,2076c62ace641056c49d18b5d007dc81cf0daaafc7a46c5f2fe87e055945ce04,Cc1nccc(N2CCC3C(CCCN3C(=O)[*:1])C2)n1,COCC[*:1]>>NC(=O)C[*:1],COCC[*:1],NC(=O)C[*:1],15745,25710,1,1,1.0,19,4,4,23,23,8,5-9,C1CCC([*:1])CC1>>COCCC[*:1],818fff1d221b1a14f9f790e1dc7058c1cadbd8f7949d257f7f373cc0094c0725,af54784085296dc71f6fcff06f72f22be8bf9a0a793e278d386b457f58c280e9,COCCC(=O)N1CCCC2CN(c3ccnc(C)n3)CCC21,Cc1nccc(N2CCC3C(CCCN3C(=O)CC(N)=O)C2)n1
0ab8ace06a9119cae6ef7ec3de9bd0a046bf5360a24c02dcb89030c7233e5395,906b2fbf0b5cc91832d0691c392d600314c71e1d59f132d918c92ec7f7febb83,CCC1NC(=O)C(CC(C)C)N([*:1])C1=O,C[*:1]>>FC(F)(F)CC[*:1],C[*:1],FC(F)(F)CC[*:1],45023,3670,1,1,1.0,14,1,6,15,20,8,5-9,C1CC1C[*:1]>>c1cn(C[*:1])cn1,9327efa67bc65136d3aff2bd32d221cfc2430b4f791beb0708703a7727f51e4e,deff97cc1185ac3455a8aa78e581298cdee45677f4328ee6596d9c5618200546,CCC1NC(=O)C(CC(C)C)N(C)C1=O,CCC1NC(=O)C(CC(C)C)N(CCC(F)(F)F)C1=O
6e7abf8e4ab010931caa335d13f97fd99a285552c3ee5ff1a96c5c59974f30da,3f07c3d3b53bb6edeaf2282a2b7c83afc776b0ca3dccf857933c6a7faa60c506,O=C1N(CC2CCOCC2)CCC12CC[NH+](C[*:1])C2,COc1cccc([*:1])c1>>Fc1cccc([*:1])c1,COc1cccc([*:1])c1,Fc1cccc([*:1])c1,23213,38751,1,1,1.0,18,8,7,26,25,8,5-9,c1cc(C[*:1])co1>>c1cncc(C[*:1])c1,4798d77db7a1492e313063bd520de570f4f16897d6128e0f7a8e08658f5cf56d,b239b3f3189bee5727d1b93fa4b33f8a3b559f846aec275d6b9c4c599ceea8a3,COc1cccc(C[NH+]2CCC3(CCN(CC4CCOCC4)C3=O)C2)c1,O=C1N(CC2CCOCC2)CCC12CC[NH+](Cc1cccc(F)c1)C2
37d1d7ff3b3d27e2b9b019d2fc3c4d8fec5b1bde6fc8e993ece2a83d44fb9af1,d88d2f7757a1c5313771c94e77bf4a30b77d417973d7725e664c8e521a96d672,CC(C)Oc1ccc(C(=O)NNC(=S)Nc2ccc([*:1])cc2)cc1,CC(=O)[*:1]>>CC[*:1],CC(=O)[*:1],CC[*:1],11690,26206,1,1,1.0,23,3,2,26,25,8,5-9,C1CCC(C[*:1])C1>>c1cnn(C[*:1])c1,f9e604fa103dbbc0afa440cbdcd0860fce9729f7dc9d8b6fc020c60c927989c0,b19fb98157b2ef608f02ee03496ec601a57a8f3dcc32f974488cb6b196512f58,CC(=O)c1ccc(NC(=S)NNC(=O)c2ccc(OC(C)C)cc2)cc1,CCc1ccc(NC(=S)NNC(=O)c2ccc(OC(C)C)cc2)cc1
3eb54f311039a9200c3e4ea7457d29c9263611ba0bd841d1b962283f9686728c,616b449e9c338019f0898a88ee6e41db41e51af45c7acbc34c387d7fbcf4df64,O=C(NCC1CC[NH+]([*:1])C1)c1ccc(-c2ccco2)o1,CCC[*:1]>>NC(=O)C[*:1],CCC[*:1],NC(=O)C[*:1],24205,7374,1,1,1.0,19,3,4,22,23,8,5-9,CCC(C)C[*:1]>>COCCCC[*:1],55311f583eae4a2ad0779f31b4d9c6ef94bf0c532cb4271a839d04291f40bd59,4a1766cb7ac80c26f2274d57229700b96a8c21f165b5cbb4be4196dda7f66203,CCC[NH+]1CCC(CNC(=O)c2ccc(-c3ccco3)o2)C1,NC(=O)C[NH+]1CCC(CNC(=O)c2ccc(-c3ccco3)o2)C1
9ddbf9cb84c85b5e71659d830df259482ce5a075f0f19beea47b84bacb89d105,26c488fbe27e8c64370c37f8871f462e84a95e7f2f0d6af785204dc37260c815,CCCC1C(=O)NC(CC(C)C)C(=O)N1C[*:1],CCOC[*:1]>>C[*:1],CCOC[*:1],C[*:1],10207,14999,1,1,1.0,16,4,1,20,17,8,5-9,C=C(C)C[*:1]>>CCOCC[*:1],3165ecfde13eb8bfe1ad993395d4bd06f251c8bbfab510608174d07c000e7c4d,eb7e222c051102d5bd57f003202b137544f86a6fa7ea0783bf0085a1c122f91f,CCCC1C(=O)NC(CC(C)C)C(=O)N1CCOCC,CCCC1C(=O)NC(CC(C)C)C(=O)N1CC
db7745aafea9a1648edb833e7a76150de640554ad88ccea68fc51d9376755cf3,a1e7aca2b47873dfc11d9d0679904d8a39b0b922ced2e3100398a03bf7810a9e,COc1ccc2cccc(CC(=O)NC[*:1])c2c1,COc1cccc([*:1])c1>>Cc1ccc([*:1])cc1,COc1cccc([*:1])c1,Cc1ccc([*:1])cc1,18149,15650,1,1,1.0,17,8,7,25,24,8,5-9,CC(C)OC[*:1]>>c1cncc([*:1])c1,4bd9c0eebc01cf0732fa91f22d68eb257a36ba1df7e23bfd3bd545356204488c,d4d6e71ab99166395ae3f2a59593ad481d32bd684bb67d7184a99e53ed7d65f2,COc1cccc(CNC(=O)Cc2cccc3ccc(OC)cc23)c1,COc1ccc2cccc(CC(=O)NCc3ccc(C)cc3)c2c1
2d13343be49d8b22bb03deb583763a64bef436488928cc25ab3656a88a6bf706,b17e82e03c74a6c4144221f38339bf694b99573538039b4a96d00b1ba87dfc09,CC(NC(C)[*:1])C1CC2CCC1C2,C#C[*:1]>>CS(=O)(=O)C[*:1],C#C[*:1],CS(=O)(=O)C[*:1],8406,30048,1,1,1.0,12,2,5,14,17,8,5-9,C1COC([*:1])C1>>c1csc([*:1])n1,b8fa9b3d80a72c31b4145efbe219a933283eaf8f1e33d6a6b298f1c25e3f29ad,1ba1ebcc1b47e374a746005f2ef23e96838ba6d987b8f446fd400ae2519ee4bc,C#CC(C)NC(C)C1CC2CCC1C2,CC(CS(C)(=O)=O)NC(C)C1CC2CCC1C2
9bd4be390ef6f693eec661655fca7594c4d2d2312f0ec14344bcf4e0600296c6,7975cca56c88ad23df5c5195b3c44830535658b24204a796aa4db69cffbcef1f,O=C(CCc1nc2ccccc2[nH]c1=O)NN=Cc1ccccc1[*:1],FC(F)(F)[*:1]>>O=[N+]([O-])[*:1],FC(F)(F)[*:1],O=[N+]([O-])[*:1],31898,44853,1,1,1.0,24,4,3,28,27,8,5-9,C=C[*:1]>>O=C([O-])[*:1],4043c751bc29fc5893f64b9fe62197ef07d27782b95d9868ba225a1d4da475f4,f562c2bb377fd5a5a604cbf4d57aee0f6db48bdc04c86d04c662eead724a91d0,O=C(CCc1nc2ccccc2[nH]c1=O)NN=Cc1ccccc1C(F)(F)F,O=C(CCc1nc2ccccc2[nH]c1=O)NN=Cc1ccccc1[N+](=O)[O-]
c12e5cfe541d5d12b811317dde82777fae0814f4fd790b83cc8540e97184d70b,0002c0861a7a01a04ad1dfe033a3fc40ae95cf4dd8897276d6a63895a6a1176f,O=C(O)C1=C(CCC[*:1])SC2CC(=O)N12,CC(=O)NC[*:1]>>C[*:1],CC(=O)NC[*:1],C[*:1],21540,38249,1,1,1.0,14,5,1,19,15,8,5-9,CN(C)CC[*:1]>>c1ccc([*:1])cc1,7a53e77c9992d8d2b5b8620d7382de2d2a8ec51ed7acc873a9072b9cee15a0ab,2a03823d5a82bcefcbd7b303c5f8fd659cded5ed364b4ce36153e92b73e52f56,CC(=O)NCCCCC1=C(C(=O)O)N2C(=O)CC2S1,CCCCC1=C(C(=O)O)N2C(=O)CC2S1
e0985a3376dbf4212afbe59e476b8684aa3b65ed370feaeb65da8e388f458fc4,b06127f5616a187c6d180d0986a7994deb1d1389c7e4c00ef9cb8dda244e3156,CC1(C)C2CCC1(C)C(N[*:1])C2,CC(C)[*:1]>>FC(F)C[*:1],CC(C)[*:1],FC(F)C[*:1],26343,2124,1,1,1.0,11,3,4,14,15,8,5-9,C=C(Cl)[*:1]>>c1ccc([*:1])cc1,deadca9a0cc29f8695983cfc7be937598d0b7ad7a541b34bbf12f80a48dc86fe,b6878fc0e27b8084947056cefaa22a9adee03733c02e32f578e166c8cfc7bee0,CC(C)NC1CC2CCC1(C)C2(C)C,CC1(C)C2CCC1(C)C(NCC(F)F)C2
d43026996b1e90be8360ad79b4348c4b87a962c572a0cb56d87f277893cb115d,c37cab084edf0058a095c5d8c5bf30b08afdec335012da5bb7005a6040ed0b1b,O=C1CCc2cc(-c3nc(-c4ccc([*:1])cc4)no3)c(F)cc2N1,F[*:1]>>O=C([O-])[*:1],F[*:1],O=C([O-])[*:1],14748,34374,1,1,1.0,23,1,3,24,26,8,5-9,C1CN([*:1])CCO1>>N#C[*:1],3247d68c6d3b8b6becde4a33b859a3f7110d8b2b25457442aa23d292ce7c496e,bb8168b0b307298bc318c23ace99a7deecff90545c330156f35b9fee69919357,O=C1CCc2cc(-c3nc(-c4ccc(F)cc4)no3)c(F)cc2N1,O=C1CCc2cc(-c3nc(-c4ccc(C(=O)[O-])cc4)no3)c(F)cc2N1
f0479548359f116e7c1a4d5fd21dc810daf72bd1cd98c320d80a028f44377a7d,119d108bd42c8f33f923d2629079191eab2400941f2237330552638dd0316615,CCCCN(C)C(=O)c1ccc(N[*:1])cn1,COc1ccccc1[*:1]>>Fc1cccc([*:1])c1,COc1ccccc1[*:1],Fc1cccc([*:1])c1,5896,36314,1,1,1.0,15,8,7,23,22,8,5-9,Cc1cnccc1[*:1]>>Cc1ncccc1[*:1],f0b4ab64b6d612c2830dde742225e7e551befd906af223ae2e78e33f33696fa0,bb38a9a8f76e1928a14e6711031ceb5a500d72548dc28ee949f1181239ccac2b,CCCCN(C)C(=O)c1ccc(Nc2ccccc2OC)cn1,CCCCN(C)C(=O)c1ccc(Nc2cccc(F)c2)cn1
c6132f9310fef48c3eacef0a8c24456faf18f66edb6deeb1de74fa4591770c8c,c03cc937bc5507409b2b2a8f4c795cbc3353fd7b5784b0c450801b3b7371839a,CC(C)c1nn(C)cc1C(=O)OCCOc1ccc([*:1])cc1,CS[*:1]>>Cl[*:1],CS[*:1],Cl[*:1],22880,32095,1,1,1.0,21,2,1,23,22,8,5-9,C=C(Cl)[*:1]>>c1ccc([*:1])cc1,8e52e24dd21dc1b8434ffabd3927f559e575742c6c445a6a1a61814df443db88,4bca2cb93551434ec421665dfcbb47f4bbb5f2d63087a5b21bee18368ec3432d,CSc1ccc(OCCOC(=O)c2cn(C)nc2C(C)C)cc1,CC(C)c1nn(C)cc1C(=O)OCCOc1ccc(Cl)cc1
efdeada1c0052a4a81b8df672db82ca00a21c9ea919d77d36eb101fc632f45fb,0f9552e37cfe930be124e92988b89e4fea8270342acc19b4c7b11182b6062417,O=C(NNC(=S)Nc1cccc(Cl)c1)[*:1],N#Cc1ccc([*:1])cc1>>c1ccc([*:1])cc1,N#Cc1ccc([*:1])cc1,c1ccc([*:1])cc1,49809,26281,1,1,1.0,14,8,6,22,20,8,5-9,CC(O)[*:1]>>NC(=O)C[*:1],5d3981f2711fc5e542a31d03f211325bc153eaadc192181bc4130f25ead4ac76,91ff6e4da289c63cf76068ee6a411d1150c06705d76e5de1d86a1cd792d2f5cf,N#Cc1ccc(C(=O)NNC(=S)Nc2cccc(Cl)c2)cc1,O=C(NNC(=S)Nc1cccc(Cl)c1)c1ccccc1
d280aa47a2a8abdca076944db08bb3c5b682d7e7e9b705ac37aba0234f4c6f44,61b466b20663bc222333deb6bade667d97b405bd0b94a41a377e5276b2fb3656,O=C(N=c1ccn(C[*:1])[nH]1)C1CCCC(O)C1,C[NH+](C)C[*:1]>>FC(F)(F)[*:1],C[NH+](C)C[*:1],FC(F)(F)[*:1],21631,9451,1,1,1.0,16,4,4,20,20,8,5-9,C1CCC(C[*:1])C1>>c1csc([*:1])c1,599900087a59fef83233a4e7c60140ea6b31b47d09ba98a4d65402f2a70c3094,e2e62fd08ffe166aaa86bea22a02112f2f15e954c0f2abdb1aac57ce44d49478,C[NH+](C)CCn1ccc(=NC(=O)C2CCCC(O)C2)[nH]1,O=C(N=c1ccn(CC(F)(F)F)[nH]1)C1CCCC(O)C1
19be3eaacefd0ffab14b605654f5b4583cc9559b486dd9271333d95b5703b5d5,7938bfb5ce6955ec3e71e5e6132762198c3ceac45536737f74feb848be905690,CC(O)C[NH+]1CCN(Cc2cnn([*:1])c2)C(C)C1,C[*:1]>>FC(F)C[*:1],C[*:1],FC(F)C[*:1],14549,12325,1,1,1.0,17,1,4,18,21,8,5-9,CC(C)(C)OC(=O)[*:1]>>c1ccc(C[*:1])cc1,cfc0862eecf4fd71ba639274eb2750784da20fd74cc55a2e706094e9862d9678,7b3205478489c07eb536de0f226b0dbfb08519f3caed88fa5ef049947f4e51b0,CC(O)C[NH+]1CCN(Cc2cnn(C)c2)C(C)C1,CC(O)C[NH+]1CCN(Cc2cnn(CC(F)F)c2)C(C)C1
9facc88d2ee9b65c9c85c4328f907dbab597b8514b7bcf4157ed2480476abbbb,d42e81592548b1a2d4b8a61dbead8090a881f1033686413d9f35924df5c371fe,CCCC1C(C)CCC[NH+]1Cc1cn([*:1])nn1,CC[*:1]>>O=C([O-])C[*:1],CC[*:1],O=C([O-])C[*:1],9644,41692,1,1,1.0,16,2,4,18,20,8,5-9,Fc1ccc([*:1])cc1>>c1ccc(S[*:1])cc1,067b271feeca4d49fcf65cdbd1dc5e07fc123e2a1d012a83e9a1c55db18f35f7,db2cfea0fa21549ea5eacc119ccf17203c462400367119c823382f9c9db4c8e3,CCCC1C(C)CCC[NH+]1Cc1cn(CC)nn1,CCCC1C(C)CCC[NH+]1Cc1cn(CC(=O)[O-])nn1
e304be12f8f5d61b6ef70a131c8127989c5de93c9bf03bbcc2f79a77b6044171,0f0f9d985802e6ad40832a4b56603f8b54068399ea9862422e880cd1098b2ebd,COc1ccc2cc(C=C(C#N)C(=O)Nc3ccc([*:1])cc3)ccc2c1,CO[*:1]>>O=C([O-])[*:1],CO[*:1],O=C([O-])[*:1],39979,42956,1,1,1.0,25,2,3,27,28,8,5-9,C1CCC([*:1])OC1>>c1ccc([*:1])cc1,63aaa415a83efdff0d8646180f3a01db30a69d5c5e2c49f90d21a99a93c9a780,e3e781da2cadc7fc923435d407244bebaeb1170fd921bc0d4fe8988a30081235,COc1ccc(NC(=O)C(C#N)=Cc2ccc3cc(OC)ccc3c2)cc1,COc1ccc2cc(C=C(C#N)C(=O)Nc3ccc(C(=O)[O-])cc3)ccc2c1
db826ced56fac2334762d29ea5158f24dc1d5dc32e2b855568e45e261cbdecfb,c37bcb3446696e4b104bb4effeade52805ba43eaafd78b2f33bcb536c9f63ed9,NC1C2CCC(C2)C1C(=O)C[*:1],C=C(C)C[*:1]>>CC[*:1],C=C(C)C[*:1],CC[*:1],3787,2187,1,1,1.0,11,4,2,15,13,8,5-9,CCN[*:1]>>O[*:1],33bc8ea0c7b300e260fcddb5c2c002b4351261748ca8dc685c9ce5a6533af2e6,72de9cc3e4364b6077b4a176d5d05dd30970f616c5ec3177ba5ea0613eb3be01,C=C(C)CCC(=O)C1C2CCC(C2)C1N,CCCC(=O)C1C2CCC(C2)C1N
f4e41106ab37bee494f2196dfa52b7bfa1f1278787fa9f43cd0171cd58259f07,6769d790bc9b214fe2126a0bb7d063ada18c7cedf51e115865f6ed7f8ce5a80f,Ic1cnn(-c2nccc([*:1])n2)c1,N#C[*:1]>>N=C(N)[*:1],N#C[*:1],N=C(N)[*:1],21377,5925,1,1,1.0,12,2,3,14,15,8,5-9,C1CC(C[*:1])C1>>c1cc([*:1])ccn1,eec85e5a6f7921dd8cdbfbf03b12b940e4f8b3bc3498dfd985e22eeb1b34bf41,7e5ecfdf43634a18c721ddd5b91e67d0c77e00d609a3b0be6d866dbefc31e0dc,N#Cc1ccnc(-n2cc(I)cn2)n1,N=C(N)c1ccnc(-n2cc(I)cn2)n1
392eba541b3698485ee2a7a3e0be42e46a8b1f9054c751c196a40c0ba373a1f9,0da15dd5426edabd0b0f90da414b67afec86aa0db52bd4ba5da3828ef3b8264c,Cc1[nH]nc(C(=O)N(C)CC2CC[NH+]2C[*:1])c1C,C=C(C)[*:1]>>CCOC[*:1],C=C(C)[*:1],CCOC[*:1],15841,16396,1,1,1.0,17,3,4,20,21,8,5-9,Cn1cc([*:1])nn1>>c1ccc(C[*:1])cc1,67fdf44050aa8b214a5e82d62d4c319cec3b3950479723fa71965550cbcaa57a,0f73eb91d6465a7af256f433b3c280f49caba434339162961fa10679a1feaee2,C=C(C)C[NH+]1CCC1CN(C)C(=O)c1n[nH]c(C)c1C,CCOCC[NH+]1CCC1CN(C)C(=O)c1n[nH]c(C)c1C
99b804b5450ff4a39e9ba684a6a6aa1104407ab57e80ff7b3af64eb1e80658a7,9d646216bfa4cdeb3dd62c40273b2654b21da70c0b34e1d93f9c4267beebeda6,CC(C)CC(=O)N1CCC(C2CCN(C(=O)[*:1])C2)CC1,CCC(C)[*:1]>>CCOC[*:1],CCC(C)[*:1],CCOC[*:1],28488,11072,1,1,1.0,19,4,4,23,23,8,5-9,C1COC(C[*:1])C1>>CC1CCCCC1[*:1],b147aafad47f7dbba03f680c62d5c6059402e02c8c03c0469a313a9821f7ff61,f0a532ad0fcb0635b55548c4c1d4a3b04ec81c1b77add04810cd97118996ff08,CCC(C)C(=O)N1CCC(C2CCN(C(=O)CC(C)C)CC2)C1,CCOCC(=O)N1CCC(C2CCN(C(=O)CC(C)C)CC2)C1
175a21c43f29ae86d8bf2c67c3318e963ddb2a95bf94af8e7b0d57297552cfd5,c22414cf2bba9a4844d5ea75a19c48b57c18eed40c068f17a05d92684288974e,CC(NC(=O)C1C2CCC(C2)C1N)[*:1],NC(=O)C[*:1]>>O=C(O)C[*:1],NC(=O)C[*:1],O=C(O)C[*:1],19430,43798,1,1,1.0,13,4,4,17,17,8,5-9,C[*:1]>>c1ccc(C[*:1])nc1,85f463cb6dfed4a01a67ec36c380f3fdd4e02fc9359aa1c7d8fe5d1ef097c3d4,7ba9dede226c9a03a92f23e12d8241147b8f83833e52fbdddbf0e5cf5ecdb964,CC(CC(N)=O)NC(=O)C1C2CCC(C2)C1N,CC(CC(=O)O)NC(=O)C1C2CCC(C2)C1N
a4e756e7bbc08847873de171054b895b17abca562a33e2d3b69c80eeeaafc485,0502cbda5df3639c57aade4e27aa69bfb6df54b3d2b7c74b8faa9bc45e6c8d6a,COC(=O)c1ccc(Cl)c(Nc2ccc(C(=O)NCC[*:1])nc2)c1,CC[*:1]>>CN(C)[*:1],CC[*:1],CN(C)[*:1],5860,4299,1,1,1.0,23,2,3,25,26,8,5-9,Fc1cccc([*:1])c1>>c1csc([*:1])c1,57cd177b14a2c2b18940aa3ee880519f497810ad03b0e8adc530cdedfb609808,2ee507b79299d62e859f24b6efefbd9f5a0ff2674aed44dfb48f2181b8d29f96,CCCCNC(=O)c1ccc(Nc2cc(C(=O)OC)ccc2Cl)cn1,COC(=O)c1ccc(Cl)c(Nc2ccc(C(=O)NCCN(C)C)nc2)c1
90365bb30f6ffb27744318a69f47dde2f5aaac99392eccaa70dc56aa70465297,0b05e34e7aa2cc7b555bb7eb829b0d14ecca8cdaf1723c44e7428d89fefab56f,c1ccc(C2([*:1])COC2)nc1,ClC[*:1]>>O=C(O)[*:1],ClC[*:1],O=C(O)[*:1],28853,1921,1,1,1.0,10,2,3,12,13,8,5-9,I[*:1]>>O[*:1],285d627f3afbe45005ebb9205a2487538f5b3bcb8338b79addc717258be27f5e,6b68fd65e178f50b6c1623bc43ddad9a997d6e5380a76e2e63b9fe27e829a7dc,ClCC1(c2ccccn2)COC1,O=C(O)C1(c2ccccn2)COC1
c771c15eb8cc6f120a511a2815b6f0b96f23fb46f8a7a7798a78fb63e816f3aa,797c24feef30df7384ca37a433dea62f1f9544f61497e15edf606a4556e6a777,O=C(CC[*:1])NCC1CC(Nc2cncc(Cl)n2)C1,CCC[*:1]>>FC(F)(F)[*:1],CCC[*:1],FC(F)(F)[*:1],42537,12458,1,1,1.0,18,3,4,21,22,8,5-9,CC(C)(O)C[*:1]>>c1ncc([*:1])cn1,5222198afb394f3190fa0e32f3a1f1c01e8348f2a2807a2856f4e4e640933e53,8fb7e9517c9ca2d5896bc6681029cc028506d482a672e3938fd89a2d72b49bac,CCCCCC(=O)NCC1CC(Nc2cncc(Cl)n2)C1,O=C(CCC(F)(F)F)NCC1CC(Nc2cncc(Cl)n2)C1
25779146430a1fb973b8a9484d7994dbce3eb92ab6618237827b45cb89cfe929,237e0bb44b21ea0c8f22fb496e4bffcb7e4f3302e094e6a5b7e6a5bb5bd90083,Cc1csc(N2CCCN(CC(O)c3ccc([*:1])cc3)CC2)n1,FC(F)O[*:1]>>F[*:1],FC(F)O[*:1],F[*:1],1010,32959,1,1,1.0,22,4,1,26,23,8,5-9,CN(C)C(=O)C[*:1]>>Cn1cc(C[*:1])cn1,b571ec4249981a17b4ac61fdf13aad64f95a07aff766b3fcdec5fca59a54d07b,32b4cd6910419b82ee47c41c9023b584d42fa024ec87c7cf49b9ebbf9d3a9438,Cc1csc(N2CCCN(CC(O)c3ccc(OC(F)F)cc3)CC2)n1,Cc1csc(N2CCCN(CC(O)c3ccc(F)cc3)CC2)n1
8866135117a1407fffab106cc5272e5834e3ec1a1310d69b6c59e8d373c1d844,fa159dd351003386c623280e5c43c690835a1dec93992fe569ea763e93462016,O=C(NCc1ccc([*:1])cc1)c1cc2cc(F)ccc2o1,CS[*:1]>>O[*:1],CS[*:1],O[*:1],3994,639,1,1,1.0,20,2,1,22,21,8,5-9,CC(C)C[*:1]>>CCC(C)(C)C[*:1],42128267135814897997db4439695cdf0efcbb7d2edfd91a4b7f8153fee311f7,0b3aff4b58e68d4594de21f1fd4b96959643e09f21871d74a5cea55400c78c1e,CSc1ccc(CNC(=O)c2cc3cc(F)ccc3o2)cc1,O=C(NCc1ccc(O)cc1)c1cc2cc(F)ccc2o1
acb2fca0033e96a3f5c182b15b7c4686d9e7b4836b387e304e850021d2efdd3a,c036ff4a20d1ea1959ee5e5411ff3d0c85323f396cc2513b437834c2e6872031,Brc1cccc(N2C3CCC2CC([*:1])C3)c1,O=C(O)C[*:1]>>O[*:1],O=C(O)C[*:1],O[*:1],48322,42323,1,1,1.0,15,4,1,19,16,8,5-9,C1CCC([*:1])CC1>>Cn1cc([*:1])nn1,ed1d45e85bf527c5449e891d8f66f0cfe59b1943a52bfbbf8be291f91723de96,89a79887ee5f28225716340e18f86f844a0ec5bdba70efcb719d7c09c94de4dc,O=C(O)CC1CC2CCC(C1)N2c1cccc(Br)c1,OC1CC2CCC(C1)N2c1cccc(Br)c1
551433f7265a1fa2f5df9df43da5106a1f84c87afd7a91f945cfbca325573939,55653bc45eaef0831f7cd0fb4425b9df627575d2b7806426888650cbbfb14969,CC(NC(=O)N1CCCC(N2CCOCC2)CC1)[*:1],CS(=O)(=O)C[*:1]>>C[*:1],CS(=O)(=O)C[*:1],C[*:1],1207,16752,1,1,1.0,18,5,1,23,19,8,5-9,CS[*:1]>>OC[*:1],6d51efab983780728b9b25554f40f1cf0043d317076534ec68448791c682127d,7271863648540b966f2fdafdcb1c822900c088b359093693b08014b105a7d430,CC(CS(C)(=O)=O)NC(=O)N1CCCC(N2CCOCC2)CC1,CC(C)NC(=O)N1CCCC(N2CCOCC2)CC1
eef95c0b5c4b52391982abe817f8e1ae86607710c6d92e50fcd0820866634de9,9ee6bdca1e8ed38beefc7a94c4e32c01f96709bfefaaa2001b7422b77708eade,O=C(CC1CCCN1)NCC(O)CO[*:1],Brc1ccccc1[*:1]>>Cc1cccc([*:1])c1,Brc1ccccc1[*:1],Cc1cccc([*:1])c1,45685,15275,1,1,1.0,14,7,7,21,21,8,5-9,C#CCO[*:1]>>C[*:1],aa0f0278f3338dfb2d013633a9da48ee8435f7ded81ea9fb0a68e4cc3027cfd5,ee0f5a075a63455fb4b948b9b27dbaf6646f0ec6c338f79783caae5017776308,O=C(CC1CCCN1)NCC(O)COc1ccccc1Br,Cc1cccc(OCC(O)CNC(=O)CC2CCCN2)c1
e87bff8c7cc931e2053f9e8c0736c6f1d77faf6f09925e5f40f3dd66f62effe5,dcd52323771690d3f3c41c36dea1238f4269e96c7ae7f35d1a70fa06aae20850,Cc1nc(CN2C3CCC2CC([*:1])C3)oc1C,CCN[*:1]>>O[*:1],CCN[*:1],O[*:1],26789,41770,1,1,1.0,16,3,1,19,17,8,5-9,Cc1csc([*:1])n1>>c1ccc([*:1])nc1,b0763e6adfef5c9d2c457adb3146e0d11ba8b9b9f139fa8eda4cd0c133001f70,410300999a2d37a75d8d835efaaf409a6ef55306d3cc9a2e3cc099b0dfe2211f,CCNC1CC2CCC(C1)N2Cc1nc(C)c(C)o1,Cc1nc(CN2C3CCC2CC(O)C3)oc1C
b61d0c892d4bb9ec5d18860d39ef52b5d095db801869397a948e5635a12212e9,72b86ce6e19638a247077768b2f068d054d4476191a856a303bf27c74b528edb,Cc1nn(CC(=O)OC(C)C)c(C)c1C[NH2+]C1([*:1])CC1,COC(=O)C[*:1]>>NC(=O)[*:1],COC(=O)C[*:1],NC(=O)[*:1],470,40804,1,1,1.0,19,5,3,24,22,8,5-9,C1CCC(C[*:1])CC1>>CC(C)C[*:1],902677f1ba02ec5a1fbde03b9b5b97c41501d78ceca63959a17a91c44b306e51,1cd9c778129d923b414253e46a8bec78392747b26446a228983d597f048f5685,COC(=O)CC1([NH2+]Cc2c(C)nn(CC(=O)OC(C)C)c2C)CC1,Cc1nn(CC(=O)OC(C)C)c(C)c1C[NH2+]C1(C(N)=O)CC1
8bb1cfcff8f404022a20cac36a822f33e8c0a10529e11ec9bb2ac844c0d0b5e8,f27198d8086416a274b1ac9b57056d456674673cefb72bbcbd1a597c01dd7bcc,C#CC1C2CCC(C2)C1[*:1],C#C[*:1]>>O[*:1],C#C[*:1],O[*:1],25504,22346,1,1,1.0,9,2,1,11,10,8,5-9,C1CN(C[*:1])CCO1>>c1ccc([*:1])cc1,838d986e037bb6313c8f1426cc14184879db04364a8969e03355d3032ecdcdb3,db9fbb5d5d139e660c9a85ca738a847bd9166f974bd31e97ae996b9163eff89d,C#CC1C2CCC(C2)C1C#C,C#CC1C2CCC(C2)C1O
1a90cbb904ff72d29d08881e2e5b7095c4c763778b93e83272461d6c9b762a15,2804cc86fbf4a4ecbb9991b29b7da7c6ccc36399d7002e73e74be37b9f28c5aa,Cc1cn2c(=O)cc(COc3ccccc3NC(=O)CO[*:1])nc2s1,Clc1ccccc1[*:1]>>Fc1ccccc1[*:1],Clc1ccccc1[*:1],Fc1ccccc1[*:1],18515,21305,1,1,1.0,24,7,7,31,31,8,5-9,Cc1cccc([*:1])n1>>Fc1cccnc1[*:1],161a3f8333dfdd69e8bc66d464d1b9a54d228eb19ab76ed3690d9c6896e505ea,0240ab129dddec1bc8b68db76cc609e097550d36232fc1037d42aa17876a2853,Cc1cn2c(=O)cc(COc3ccccc3NC(=O)COc3ccccc3Cl)nc2s1,Cc1cn2c(=O)cc(COc3ccccc3NC(=O)COc3ccccc3F)nc2s1
9dd41019722aa55fd4f312f186eff91b21a63647d517d9de7fdb1f2e8a025dae,dfd17f7d4f350f69e5445d0594e960f8ec363a50651f92052b79fc8a38722246,CCOC1(CNC(=O)C(C)Oc2ccc([*:1])cc2)CCCC1,Br[*:1]>>CS[*:1],Br[*:1],CS[*:1],1340,43814,1,1,1.0,21,1,2,22,23,8,5-9,C1COC([*:1])C1>>Fc1cccc([*:1])c1,da8645beeeab89a1b7d2be83889df473ff337c24d9ef3b4db473cba5c176e9dd,7b57edf80e897732803ed3150211028858548b52ffa1ce1ae33a07ee3ced6702,CCOC1(CNC(=O)C(C)Oc2ccc(Br)cc2)CCCC1,CCOC1(CNC(=O)C(C)Oc2ccc(SC)cc2)CCCC1
cffe3df93574e74ce93fc9c5890fa5f1398a5b2463b7d864884de9ffd2aeab71,248a8699a590868d35995d1d8d8970b3f8f15fd5c4e13fabe059090e991619f0,CC1CN(C(=O)CO[*:1])c2ccnn2C1,C=CCC[*:1]>>CC[*:1],C=CCC[*:1],CC[*:1],28827,20534,1,1,1.0,14,4,2,18,16,8,5-9,CC(C)C[*:1]>>FC(F)C[*:1],2eb45e80c0cdf5915ba7d887bdbc4d2a9804a01ab2054eef11c1a99f7ec96ab3,bac60d1ff09abaea82a6de65fd66f44618329c28bb47ca7a885cc06a3142f944,C=CCCOCC(=O)N1CC(C)Cn2nccc21,CCOCC(=O)N1CC(C)Cn2nccc21
27caf508fe09686ade1171f5fd13f27cd5d76b97c414cf45d5dfb1dddebd8193,c81fb01b1947dfb372aa96385a4501159db9c270871ae5904eb9b828454fd8f2,Cc1ccc(COC(=O)C2(C[*:1])CCC2)cc1[N+](=O)[O-],CC(=O)[*:1]>>F[*:1],CC(=O)[*:1],F[*:1],10852,37036,1,1,1.0,19,3,1,22,20,8,5-9,CC(C)OCCC[*:1]>>CC(c1ccccc1)[*:1],50196cdcc3c08f270fdcd5969661450155cf4f24b9e2647e2d5b6b3607c8eb86,e51f2ce37757269d922025af2c9671f1b919598477c30022c5d6d747bb399d8c,CC(=O)CC1(C(=O)OCc2ccc(C)c([N+](=O)[O-])c2)CCC1,Cc1ccc(COC(=O)C2(CF)CCC2)cc1[N+](=O)[O-]
3ab62f39bcabf163d7c0f36ea05c1495a9f9dd5f3d79f51066fde45f0b5be1bf,45392b4d7c7d76211a5f9906ccf43db5a5b375eaac2c2b3209bf04684279166c,O=C(N1CCCC2C1CC[NH+]2C[*:1])C12CC[NH+](CC1)C2,C#C[*:1]>>FC[*:1],C#C[*:1],FC[*:1],18387,31244,1,1,1.0,19,2,2,21,21,8,5-9,Fc1ccccc1[*:1]>>OC[*:1],0fa18548f37780d702354087ef3ca6c5a30527f35bb5311872fa78cb8b70f175,eb94256c971a3eed40f98da8bae38e3ff978beceb968fe6be5e7104d02afb8fc,C#CC[NH+]1CCC2C1CCCN2C(=O)C12CC[NH+](CC1)C2,O=C(N1CCCC2C1CC[NH+]2CCF)C12CC[NH+](CC1)C2
6143bf6cd6407f175eec703aaa53ef0f9df49d7646ec1f7d880863e86262de39,8a84b19be4d9181588c7d27c2dbe6fd8f3209eb70a4ac8ab72fdf44acc02ee45,CC1CC(NC2CC([*:1])C23CCC3)c2ncnn21,CCO[*:1]>>O[*:1],CCO[*:1],O[*:1],4298,31007,1,1,1.0,17,3,1,20,18,8,5-9,C=CCC[*:1]>>CC1([*:1])CC1,ae05163ad0294ca910fe1cb27a06cdbf701ff58acb2902f4c2280998aa347b53,59b7b53a4701e5e793c6eca59a66f77d680909cb9fe38af2fcb0e77811795a44,CCOC1CC(NC2CC(C)n3ncnc32)C12CCC2,CC1CC(NC2CC(O)C23CCC3)c2ncnn21
cda02a7dfef1e00ab24821b91ae31090fb5e33bc31e068190ed8cc0ee9bacd87,b994fdd3f0d2fc90ba4dc4e080c7bd2b1eda700fbbd57d5e36c657bbc446bd58,CC1CCC(NC(=O)CCc2nc3ccccc3o2)C[NH+]1C[*:1],C#C[*:1]>>C=C(C)[*:1],C#C[*:1],C=C(C)[*:1],47180,10298,1,1,1.0,22,2,3,24,25,8,5-9,CN(C)C(=O)[*:1]>>c1cnn(C[*:1])c1,e17811f1c8f561c2cac4a2baf2651ae7f4509590974d502ae8e94a635fd71ac8,42e487337830ede3736f7c641e4df18e9cdf694a0cf9c180290462ed71b4d3ee,C#CC[NH+]1CC(NC(=O)CCc2nc3ccccc3o2)CCC1C,C=C(C)C[NH+]1CC(NC(=O)CCc2nc3ccccc3o2)CCC1C
5fbc121572a1e6f8ee62df4d2656e451b6860d6024c4de67da15ec82fc152075,d399df65c70799d7f34940242b56233d0907e99986b580865394564728d52274,O=C1NC(C(=O)NCC2CC[NH+](CC[*:1])C2)CO1,C=C[*:1]>>CCC[*:1],C=C[*:1],CCC[*:1],21472,44530,1,1,1.0,17,2,3,19,20,8,5-9,CC(C)C[*:1]>>c1cc([*:1])cs1,379ca88d9f89f624d40e19f4531a6c6a0a5a464cf4203fb8bbf71bcc96dc7dda,6d0659c6cd538d1b33f57b991f0f4a4f7b5116d88a2cdfef990291f2095dae09,C=CCC[NH+]1CCC(CNC(=O)C2COC(=O)N2)C1,CCCCC[NH+]1CCC(CNC(=O)C2COC(=O)N2)C1
a169c38c673aac352ba003b83b5869d269207bfb0c2a85e032c6356f7f901577,dfab754474f0891bbc9b813ddfe7ed049967cef3f8d8c1a67e4ecee8c334cee0,CC1(C)CCC1C(=O)N1CC([*:1])Cc2ccccc21,NC(=O)[*:1]>>O[*:1],NC(=O)[*:1],O[*:1],14531,46780,1,1,1.0,18,3,1,21,19,7,5-9,CCC=C(C)[*:1]>>c1nc([*:1])n[nH]1,aa2653ece82d728be8c08c854f767a946ff3b9ff8964d000faf15b555ef94657,a3ce5e5f6bd67199782a6e43ea37c4e7032929c1fa03303db164d68aac26b6e0,CC1(C)CCC1C(=O)N1CC(C(N)=O)Cc2ccccc21,CC1(C)CCC1C(=O)N1CC(O)Cc2ccccc21
153f5fe47b00d6c28386be8db89db6e232740ef5f10437ccec5cb497b4a6711a,2479fb3927c3225cb290ce4f92a9f1d8df5301b36eea5760632672ec36c5ccd7,CC(NCC1CC2CCC1C2)[*:1],COC[*:1]>>N#CC[*:1],COC[*:1],N#CC[*:1],5233,2445,1,1,1.0,11,3,3,14,14,7,5-9,Cc1cccc([*:1])n1>>Fc1cccnc1[*:1],c8b02f4ad8b2b55f897b280ceac4b2e432a81e3ae071e054d3b1029a566e8cbc,40f527806127a6705a8387478ec2a7b7e35e537e23d6938bfd41dc094980ee46,COCC(C)NCC1CC2CCC1C2,CC(CC#N)NCC1CC2CCC1C2
eb9b577682ea67cb3a75b62d6f772970fdd3b4ae21565d1a7d91ffcf7f98b1d9,1cadef36ad8cdc70c87cad8c7c7812a283e80309244741ef051fb728055b616c,CC(=O)Nc1cnn(CC(=O)N[*:1])n1,Clc1ccc(C[*:1])cc1>>c1ccc(C[*:1])cc1,Clc1ccc(C[*:1])cc1,c1ccc(C[*:1])cc1,47210,22999,1,1,1.0,13,8,7,21,20,7,5-9,c1cc([*:1])cnn1>>c1ccc([*:1])cc1,f96e015068d9c4f5958c48f609ca67b87c227b3c2bb08e1fc7157f5d76114849,512cead8ab1bff3b02d45c529492adab0dc48a5f267537bf53dcab452c5ac64d,CC(=O)Nc1cnn(CC(=O)NCc2ccc(Cl)cc2)n1,CC(=O)Nc1cnn(CC(=O)NCc2ccccc2)n1
53516fb073d84cf4ccadc4db5271d256c5c76d5f2cc65c55ae4eb8740e6f1d88,be0d114e7e58eba5bedae0cf7e809e6c39606bb56416d1c3fa01a2802b9d214c,CC(C)(CNC(=O)[*:1])c1c[nH]c2cc(Cl)ccc12,Fc1cccc(C[*:1])c1>>Fc1ccccc1C[*:1],Fc1cccc(C[*:1])c1,Fc1ccccc1C[*:1],12129,31705,1,1,1.0,17,8,8,25,25,7,5-9,C=C[*:1]>>NC(=O)[*:1],fee35ea6f8af40904aa3c9794cf5504cf57ac90e95549056a46a201aa0e45ce5,1aa05fd7b6878f9106ed373a07e3b10e407158313e8aa3da7f2603fe00364dba,CC(C)(CNC(=O)Cc1cccc(F)c1)c1c[nH]c2cc(Cl)ccc12,CC(C)(CNC(=O)Cc1ccccc1F)c1c[nH]c2cc(Cl)ccc12
887f219fb77f75af3b88cd19442b5971ba829c7a86bbf83538d77acb33df41e7,49209c20aacb4be1db71fe78e68deafde38b659957eff1ff2ed987659ec4d1a9,O=C(CC1CCOC1)NCC1CCCCN1C(=O)[*:1],CC=C(C)[*:1]>>C[*:1],CC=C(C)[*:1],C[*:1],687,13080,1,1,1.0,18,4,1,22,19,7,5-9,CC(C)(C)[*:1]>>c1ccc(O[*:1])cc1,13f4416e2f6b6a612971da6944f2453c0b514ce4b8e71c496cc0fc0884a10ef6,a8f3132bd4ff0fc15760c2b84a650fd85d9a6aaae28f556f6364006b9f2f81bf,CC=C(C)C(=O)N1CCCCC1CNC(=O)CC1CCOC1,CC(=O)N1CCCCC1CNC(=O)CC1CCOC1
8297444fd508fde3de67c1d129160f58fb5f36ffe4abd1cf2504e8273ef9ae7c,a83f18bfbde8db6d8ef2581f189c6a9ced3eea9b8f5c1b0cf1b06bb67762fab4,CC(CC(=O)OC(Cc1ccccc1)[*:1])n1ccnc1,C#C[*:1]>>COC(=O)[*:1],C#C[*:1],COC(=O)[*:1],19012,12702,1,1,1.0,19,2,4,21,23,7,5-9,CC(C)CC[*:1]>>COC[*:1],f08a47b5cfb5ccaab9daa502208f85132e821e5b56b7b13e8f2da787290c16e4,9e498392f85d5045e18b34d1111179e4495ff73f3d697d7ec751f17b47602a95,C#CC(Cc1ccccc1)OC(=O)CC(C)n1ccnc1,COC(=O)C(Cc1ccccc1)OC(=O)CC(C)n1ccnc1
6ff9916b35802da4c173ae290a044f464a8304a6b3211626f21d59b45be6976b,8adfeeebbf1fb4a818182467277763ae3d20054295ec4e53f5663f1c9d53983d,C#CCN1CCC(NC[*:1])CC1,CC1(C)CC1[*:1]>>CC1CC1[*:1],CC1(C)CC1[*:1],CC1CC1[*:1],9185,26664,1,1,1.0,11,5,4,16,15,7,5-9,NC(=O)C[*:1]>>O=C(C[*:1])NC1CC1,4f30cf30c0afff4ef8d513673e7dacb3e5c98665cf2fca47959912eb51b2cab2,e739d667b81fe88270f8abfcfd717a1f41e7d70c06f93484826266773351ec4a,C#CCN1CCC(NCC2CC2(C)C)CC1,C#CCN1CCC(NCC2CC2C)CC1
e0843a393adce0535093b600349f95fad052986a9e9ce490b063b8aaad4a09a0,8b70fd3d2eb88d8cdd9afff8f61639f24a81366c6fd6bf0b369a46583a44c97c,OC(CC1CC2CCC1C2)[*:1],CC(N)[*:1]>>NCC[*:1],CC(N)[*:1],NCC[*:1],13100,3358,1,1,1.0,10,3,3,13,13,7,5-9,CC1([*:1])CC1>>CCC(F)[*:1],2b4d1d8c9eb208195fb74c42e88621b7b7a9f7dfc566790f9d7c7d9071d59074,81d07af869fc4d2af3050b0b822d437068d66cfcddc8c88e589ee931d244c50b,CC(N)C(O)CC1CC2CCC1C2,NCCC(O)CC1CC2CCC1C2
68daf293a71c440e571211744624948d911d2560839fefe47f9302f920752efb,1a617c5ebbf0a03309247a65065fbe8fb041d14905c47308ff008dd18a06fff8,Cc1nc(C(=O)NC(C)C[NH2+]Cc2ccccc2[*:1])c(C)o1,CC(C)O[*:1]>>CN(C)[*:1],CC(C)O[*:1],CN(C)[*:1],43190,33717,1,1,1.0,21,4,3,25,24,7,5-9,CC(C)[*:1]>>Cc1ccc([*:1])cc1C,dd398325e4f70a927a740c595d42d540425781add2b99f3423de9b74c67bc237,fde020b4789bc30da83d53f70a5f24513c750a6c45a242ebeffd9ca4afc09ed2,Cc1nc(C(=O)NC(C)C[NH2+]Cc2ccccc2OC(C)C)c(C)o1,Cc1nc(C(=O)NC(C)C[NH2+]Cc2ccccc2N(C)C)c(C)o1
9590b3572665d32100c111c0c87d1166a7896384bc19dc7b67f9d3522978187a,7710c3519f0418646f366c74ace6ee2e9b29841e5f2793f70f968fb322628095,Cc1nn(C)cc1CCC(=O)NCC1CC[NH+](C[*:1])CC1,C#C[*:1]>>OCC[*:1],C#C[*:1],OCC[*:1],34939,7708,1,1,1.0,20,2,3,22,23,7,5-9,C[*:1]>>Cc1cc(C[*:1])no1,2cedab89bf9ec657ab3e454eaf35d161da7289de07259a75a342cd923b1dbe30,aa68b72abf3efbff52fcfbad4da7185d17abefd286feb4dc697824b2e28297b4,C#CC[NH+]1CCC(CNC(=O)CCc2cn(C)nc2C)CC1,Cc1nn(C)cc1CCC(=O)NCC1CC[NH+](CCCO)CC1
d9e0959b0107bc8c0b44c9f73e452ff047267457e503e25fbb54f0c75350576a,caa338eabf9f789569d787fe537c084e7976eec145e16aa92416b48e1d583171,CCC(CC)C(=O)Nc1ccc(Nc2cccc([*:1])c2)cn1,Br[*:1]>>CC(=O)[*:1],Br[*:1],CC(=O)[*:1],19869,33684,1,1,1.0,21,1,3,22,24,7,5-9,COC(=O)C[*:1]>>OCCCC[*:1],cf6c8980580a1bec797c3d3043ef42ffea54a75992da6340f5db8a3b26c3f91f,c1b4c054933b814244576db32345ab3b87192c2139716782282135085e12221a,CCC(CC)C(=O)Nc1ccc(Nc2cccc(Br)c2)cn1,CCC(CC)C(=O)Nc1ccc(Nc2cccc(C(C)=O)c2)cn1
a496fb23b30de37878c3f63b922ffd29fdcb9fa90f43c3258645868d739af3cf,24c77b191995e4a30836dd00eb535932951bd363e1e3d09a66144ca46b8524a8,COC(=O)C1C(C[NH2+]C2([*:1])CCOCC2)C1(F)F,CCOC(=O)C[*:1]>>CC[*:1],CCOC(=O)C[*:1],CC[*:1],7358,3671,1,1,1.0,17,6,2,23,19,7,5-9,CC(=O)N[*:1]>>OC[*:1],dd3ae564ae73311f61b3afdb1fb701a4616521403b1f062a50f204284aaa7ffd,72df31db72ab21278523138a31bbd366f7bbfa0c9cf031afa5c64b7b50519fc0,CCOC(=O)CC1([NH2+]CC2C(C(=O)OC)C2(F)F)CCOCC1,CCC1([NH2+]CC2C(C(=O)OC)C2(F)F)CCOCC1
2d66088771fb26f5d8f7ec2eda01574a3802a4a0f1e26136044265660a54d236,a3f03779dfd12fa3d888e901c12cd85ff125587c4a86ec905beefe53fa59fb4c,Cc1n[nH]c(C)c1C(C)C(=O)N(C)C1C[NH+]([*:1])CC1O,C=CCC[*:1]>>CC(C)[*:1],C=CCC[*:1],CC(C)[*:1],7599,25040,1,1,1.0,19,4,3,23,22,7,5-9,NC(=O)[*:1]>>O=C(N1CCOCC1)[*:1],fd818443d99f7402daf662377ab947b2faa9a06523f9ab6298047ecc7cd0d782,a62f537eb8c7ad9f14a1fd62cef8b3000531b4f55186c968184f70b48677f87b,C=CCC[NH+]1CC(O)C(N(C)C(=O)C(C)c2c(C)n[nH]c2C)C1,Cc1n[nH]c(C)c1C(C)C(=O)N(C)C1C[NH+](C(C)C)CC1O
853149edde0102327aa5cff492779f0862e42b5721c645fa3104d06c4fb10571,8c379cc4046baee1c188d145d5552e8f914d93a02a8dd952fc98325fb1f3d595,O=C(NC1C2CN(C(=O)[*:1])CC21)C1CCC(F)(F)C1,CC(C)C[*:1]>>COC(C)[*:1],CC(C)C[*:1],COC(C)[*:1],49359,31529,1,1,1.0,18,4,4,22,22,7,5-9,C1CC(C[*:1])CO1>>COCC(O)[*:1],7268cc682b1f0a4e045cbaef61cd9dc9df05fac072fd79e0df47ecb54298d9fa,35a03d9c1813a6760485120d33105959ce2639f3e8e029aee6fc4f12dbbc9a39,CC(C)CC(=O)N1CC2C(C1)C2NC(=O)C1CCC(F)(F)C1,COC(C)C(=O)N1CC2C(C1)C2NC(=O)C1CCC(F)(F)C1
3531f4af04022708887866b896c6e979d2f5f8b0fb8bb735b71397a95f83a4d4,bbcf644523af92132923c6b7d9268d620bb8bbc6f15c6d8cfb1ef1b20959d7b2,Cn1ncnc1CN1CC2CN(C(=O)CC[*:1])CC2C1,COC(C)[*:1]>>C[*:1],COC(C)[*:1],C[*:1],12883,6482,1,1,1.0,19,4,1,23,20,7,5-9,C1CCN([*:1])C1>>Cl[*:1],bb34750010a26700c265e3fb8498fb1312f4225adb6f6592aafec35cb060c200,7c4dbc1a6e8885068c06b60e3e647afaa182ac704466c4548ab5427a501e46f5,COC(C)CCC(=O)N1CC2CN(Cc3ncnn3C)CC2C1,CCCC(=O)N1CC2CN(Cc3ncnn3C)CC2C1
460f9bc0d9ebae1bbf27ab7d8dbdec2e08f73d87cb6fbb7a42ffd364555aad4a,99fa59a67b6cbe15d0c12e8c3c608fb78a3572d2c9a3af5353613448825bea9b,CC(C)Cn1ccc(C(=O)N(C)CC2CC[NH+]2C[*:1])n1,CC(C)OC[*:1]>>CCC(OC)[*:1],CC(C)OC[*:1],CCC(OC)[*:1],18019,6407,1,1,1.0,19,5,5,24,24,7,5-9,C1CC1[*:1]>>CNC(=O)[*:1],4979c824b61f4af239971c58aca44774749e1838ff613fde68cae547252e266b,9e3e84e4eadf2370f5b2513e4423a830d22ccea48efb2df384b136e72c93f4c6,CC(C)Cn1ccc(C(=O)N(C)CC2CC[NH+]2CCOC(C)C)n1,CCC(C[NH+]1CCC1CN(C)C(=O)c1ccn(CC(C)C)n1)OC
42d730cff285141afefacc553443e7875a8753b7d10b7e7c25510fa0b9e057d1,280ecfab32b0315b0e3ed6386f9d9d69738b8946725e4c509e0011851fdf7155,CC(NC(=O)CCn1cccn1)C1C[NH+](CC[*:1])C1,CC(C)(C)[*:1]>>CC(O)C[*:1],CC(C)(C)[*:1],CC(O)C[*:1],46898,38971,1,1,1.0,18,4,4,22,22,7,5-9,C1CCCC([*:1])CC1>>Cc1cccc([*:1])c1,ba20aac7ff3290f65645398852c9fbfc03aff82fe6fe8f3b5d4861614663d3a8,b2f0d3248caef103672ab8a6631b54a33d246b7654d9ca11974a07104ff2642e,CC(NC(=O)CCn1cccn1)C1C[NH+](CCC(C)(C)C)C1,CC(O)CCC[NH+]1CC(C(C)NC(=O)CCn2cccn2)C1
6bfd56b3ab0f6743ab8f28d65d2f3b1100bf01f58b4b4d5d850070cbe26498ad,62a6231853da6291e3c55de95c7223612b88c228c54781d10966712f6be4bd80,CCCNc1cncc(Nc2ccc([*:1])cc2)c1,CCO[*:1]>>CN(C)[*:1],CCO[*:1],CN(C)[*:1],25124,43168,1,1,1.0,17,3,3,20,20,7,5-9,C1CC([*:1])CO1>>c1nc([*:1])n[nH]1,35fbd053dea7e8125054744329bc33eeb9202c3c61cdc158d53c069642d8e778,672ab7d198cd246f9c08ceea507cbb40363051728c9d6a4c6c5f0a94ca5c3a3f,CCCNc1cncc(Nc2ccc(OCC)cc2)c1,CCCNc1cncc(Nc2ccc(N(C)C)cc2)c1
3d35f50f07963e02a9c696368b9508e6f9cbdef05ff4607b7ca46182da2be65c,a14462b1397e1546b63d883417786c8881965dd15facfcd114418df9ec8dc1ed,CC(NC(=O)NC1CC[NH+](C2CCOC2)CC1)[*:1],CCC(C)[*:1]>>COC(C)[*:1],CCC(C)[*:1],COC(C)[*:1],40994,44115,1,1,1.0,17,4,4,21,21,7,5-9,COC(=O)[*:1]>>NC(=O)C[*:1],8c8d79820690579af8e55cb57150f7d99a36d0136c3ee2b2592be1bdd5e420b1,a958608c49197ee9cb7a45f92dbe1515741671632627e2410b0b400eafdfa57d,CCC(C)C(C)NC(=O)NC1CC[NH+](C2CCOC2)CC1,COC(C)C(C)NC(=O)NC1CC[NH+](C2CCOC2)CC1
7c1ebd43d70f9f9d5dd080c60288e51d1a45aeea284cf6050c13317d8260ceac,6e854f4f2b7bfbe5b123e59e135d59e1de8cf9d1d3145ef0481cff7e1163f8b5,Cc1cccc(C(=O)NCC2COCCN2C[*:1])c1Cl,CCC(C)[*:1]>>NC(=O)[*:1],CCC(C)[*:1],NC(=O)[*:1],8725,37324,1,1,1.0,19,4,3,23,22,7,5-9,Cc1cccc([*:1])c1>>O=C(O)[*:1],058c16065d575e0ee67c23d7a4e82022d012e0d2e674de43878ff90f85a61d19,e2f8b8d7b97633ffcf54d9fb13bcbaf2d8669a8eab04eeef5b9935a8dce598dc,CCC(C)CN1CCOCC1CNC(=O)c1cccc(C)c1Cl,Cc1cccc(C(=O)NCC2COCCN2CC(N)=O)c1Cl
f13af826369f6e6b97a0df61c86a31deee3f5fc9abb0460990e8cdf967246f32,cb639f43a5746696d649770c36bf6da24e95a416d5be11cca71d2bf1bd1c1edd,O=C(NC(c1ccccc1)C1CCCO1)c1ccc([*:1])nc1,CC(C)(C)OC(=O)[*:1]>>OC[*:1],CC(C)(C)OC(=O)[*:1],OC[*:1],45178,30900,1,1,1.0,21,7,2,28,23,7,5-9,Cc1nccn1[*:1]>>c1cn([*:1])cn1,9b5b4a505ec1e15aee8129c6587590ab4ea40a393ede8ed3db3cafbdd64ad103,6828aaaeaa144103a918bf1cf3cfaf937099beab2e4818359612e7bae7488584,CC(C)(C)OC(=O)c1ccc(C(=O)NC(c2ccccc2)C2CCCO2)cn1,O=C(NC(c1ccccc1)C1CCCO1)c1ccc(CO)nc1
3f43d5a138717e30c25331f91e2645ef57d85bde250b7a6159f90d40f0c2d003,fd602dbb21b7d90c858898cb924715a249ff795b03f216c384b7eb90face3197,CCCC1NC(=O)C(C(C)C)N(C[*:1])C1=O,C#CCC[*:1]>>CC[*:1],C#CCC[*:1],CC[*:1],24846,4973,1,1,1.0,15,4,2,19,17,7,5-9,CCC(O)[*:1]>>OC[*:1],70ed9b25f3777f66e6fc9435444f9c124c9e67946b305a3dc73c41b09ab317b8,4ff0421035ecc78df5ef3883d1a9c51564aec531dc5e1805cb2b5a64d16d8a70,C#CCCCN1C(=O)C(CCC)NC(=O)C1C(C)C,CCCC1NC(=O)C(C(C)C)N(CCC)C1=O
90ef1d7827a69cbdcf513f85e214f293a8969a4ced75d81dea3c9fe0dd51281b,67a2241ea91149f17acbf130e9d5b54cd8d4446fee1d51d0b22ba32463b9880e,Nc1nc(Nc2ccc(S(N)(=O)=O)cc2)sc1C(=O)[*:1],COc1ccc([*:1])cc1>>Clc1cccc([*:1])c1,COc1ccc([*:1])cc1,Clc1cccc([*:1])c1,34459,40933,1,1,1.0,19,8,7,27,26,7,5-9,CC(C)(C)OC(=O)N[*:1]>>CCO[*:1],47f0af28e3528834458cce611a27de7946e41efa35ecfc9f7a04fe81ce608d15,1c40dead84171d5daf43a24ce075a9843d65b1b2ca3c81f146ce00cb1c6fb837,COc1ccc(C(=O)c2sc(Nc3ccc(S(N)(=O)=O)cc3)nc2N)cc1,Nc1nc(Nc2ccc(S(N)(=O)=O)cc2)sc1C(=O)c1cccc(Cl)c1
73b9c3509af6f0b89c8bbaa778385a118d97021f1dadbf19cf0e310b77c185a3,539bc83f3b307c1d8af3120def1c7dd9cc4ebb90a1de8d498c43fd90a4fcd075,OC(Cn1cccn1)C[NH+]1CC2CCCC2([*:1])C1,COC(=O)[*:1]>>[NH3+][*:1],COC(=O)[*:1],[NH3+][*:1],23263,31546,1,1,1.0,17,4,1,21,18,7,5-9,C1CC1[*:1]>>Cc1cccc([*:1])c1,36ada5b64eec68bee06f392f3c03cb19afefc38f5a53ff33addaa6ab3040990d,ae7f6d78302ebbdc3ac231a412ebf2b8ff7256a68716aed0da65a0770c94765d,COC(=O)C12CCCC1C[NH+](CC(O)Cn1cccn1)C2,[NH3+]C12CCCC1C[NH+](CC(O)Cn1cccn1)C2
7f7424190341faa5fb5f2fc13f79b0abdd15762cc4aed6b7a7e49ef30110b1b2,3ea4aed8bc9279f421c30c7fe36d319f7a10df0302f14cefe70f42bd871267b8,CC(O)C1CCN(c2cc(NCC[*:1])ncn2)C1,Fc1cc(F)cc([*:1])c1>>Fc1cccc([*:1])c1,Fc1cc(F)cc([*:1])c1,Fc1cccc([*:1])c1,19755,12562,1,1,1.0,17,8,7,25,24,7,5-9,CC(C)(C)OC(=O)[*:1]>>F[*:1],37adce1006610de08cf16b983c4064287beda90bf6322d0ef6d8bca6c4388e29,9159a7fac0ca5b4a9249d89b90839f74ed0ea9219bc2d55b59b1602005da4583,CC(O)C1CCN(c2cc(NCCc3cc(F)cc(F)c3)ncn2)C1,CC(O)C1CCN(c2cc(NCCc3cccc(F)c3)ncn2)C1
af0dca4e3327770b3ad843f3ba4f603bd30d2d4b8be5a730bfe348a024d70279,22203adb4f791879049142156bfbe47e6f161c4500472a77e96acf342d203447,CCC(=O)Nc1ccc(N[*:1])cn1,COc1ccccc1[*:1]>>Fc1ccc([*:1])cc1,COc1ccccc1[*:1],Fc1ccc([*:1])cc1,25997,25315,1,1,1.0,12,8,7,20,19,7,5-9,C1CCN([*:1])C1>>C[*:1],272f87f7b11bca3be0e4d496f23170bf05893003820f0bca953b6087d8cf6576,bd7201f2207a6a1dd7561bc66b73adae8f04dd5a74c8bdab4185088835a4b146,CCC(=O)Nc1ccc(Nc2ccccc2OC)cn1,CCC(=O)Nc1ccc(Nc2ccc(F)cc2)cn1
a7bcd3a89a7ff5b896978f92692bc45f94335e254bbf69d1863bc08e71c91ccf,05a43161d38ad3ba46dab65f8f0335cc628b23ffda40e339be066cd1205a13dd,c1cc2c(s1)CCC[NH+]([*:1])C2,CC#CC[*:1]>>CCC(C[*:1])OC,CC#CC[*:1],CCC(C[*:1])OC,34033,35308,1,1,1.0,10,4,6,14,16,7,5-9,C1CC1C[*:1]>>Cc1nonc1[*:1],a2c6c70dbb68259cd7dbdca4158a8871d96071bf0b131cee871d30d4e5b193c7,1d626fe6b704b3481b9a627efee77f516116f0c77f32a36f40a66f8d23beeb3b,CC#CC[NH+]1CCCc2sccc2C1,CCC(C[NH+]1CCCc2sccc2C1)OC
d74e097f48dbf966936b95731188e1baf8a3d662a23985768899c2563584a74f,6ab1fd0928b9c5a48bfdc94dc7706a1e89262b3d0692dd478c8cbbacf235dea0,CC(CNC(=O)[*:1])N(C)C(=O)c1noc2c1COCC2,C1CC1[*:1]>>CC1([*:1])CC1,C1CC1[*:1],CC1([*:1])CC1,1019,47198,1,1,1.0,19,3,4,22,23,7,5-9,CC[*:1]>>c1cncc(C[*:1])c1,98defa796317d9ad8f053bd7ef39f14f51c135f395cc8b665c87957d814facce,ae6c23d5a4261ce0acb6ce2ec635baf90c45481618cf45d9e1f460297fb6cd6d,CC(CNC(=O)C1CC1)N(C)C(=O)c1noc2c1COCC2,CC(CNC(=O)C1(C)CC1)N(C)C(=O)c1noc2c1COCC2
0e527c5a4362b77eabeae4704d470b3d2ba86f5808195b46d9d930dedb84e6ce,7369d65736891ff5408ddce65dc6d1be31a6b277ad2840d1f64517b0d3c974d3,COc1ccc(S(=O)(=O)N2CCCC2)cc1NC(=O)CN(S(C)(=O)=O)[*:1],Brc1ccccc1[*:1]>>Fc1ccccc1[*:1],Brc1ccccc1[*:1],Fc1ccccc1[*:1],3497,40131,1,1,1.0,25,7,7,32,32,7,5-9,Cc1ccncc1[*:1]>>Cc1ncsc1[*:1],8b06202902e7302ccfa94c214761180a9f0bef3a58bb1c493b65a7c60dcb21e8,15bb466fad37c6d4a81ad0a643ab62f69f71acf0e8c00e0db5712fc5cfd1dd94,COc1ccc(S(=O)(=O)N2CCCC2)cc1NC(=O)CN(c1ccccc1Br)S(C)(=O)=O,COc1ccc(S(=O)(=O)N2CCCC2)cc1NC(=O)CN(c1ccccc1F)S(C)(=O)=O
424d007d1166b1d5a985a851fe0a31e6d91c2d8665feaafe4ca7facf7dc10a8f,1dcd2154c8be143d7f9648134327a2b9ef963cdbdd67821ba6ede93cbb5a700b,CCNC(=NCC(=O)N1CCCC1)NCCCNC(=O)[*:1],Brc1ccc([*:1])cc1>>Brc1cccc([*:1])c1,Brc1ccc([*:1])cc1,Brc1cccc([*:1])c1,8030,38056,1,1,1.0,20,7,7,27,27,7,5-9,c1cn([*:1])cn1>>c1ncn([*:1])n1,427099248fe448c964482dcc97ebf7ef772d37a828f8314bb04fd13ca7ff8333,8c515de28d6e3c1e43de84877d2533582fc1a45ee0d0ed1a307fe86af311a9db,CCNC(=NCC(=O)N1CCCC1)NCCCNC(=O)c1ccc(Br)cc1,CCNC(=NCC(=O)N1CCCC1)NCCCNC(=O)c1cccc(Br)c1
35880e777c9538cea3b3fe5aca68ad97538c67734ae9eb8aa24f1ac6918a95bc,3d88718da3e76b871f00dc96dd1940559f96f5b012e051c012576535c690939c,N#Cc1ccc(Cl)c(Nc2ccc([*:1])nc2)c1,CC(=O)[*:1]>>O=C(O)[*:1],CC(=O)[*:1],O=C(O)[*:1],41026,49139,1,1,1.0,16,3,3,19,19,7,5-9,FC(F)(F)[*:1]>>O=C([O-])C[*:1],4ec92749cc78c45b844e1c38e8032cc4a6f296df388b0a5fdecbdf48ab93d5bb,1dae9f5198a9b65b44bb1618d758dd8e28ca5ac5ba2c28057cc6dc7fd957dd5a,CC(=O)c1ccc(Nc2cc(C#N)ccc2Cl)cn1,N#Cc1ccc(Cl)c(Nc2ccc(C(=O)O)nc2)c1
0631ef8624a44a592d173577654f7c2e7d167fc5089c1db994ffb5872d9615bd,ccd13dcc9b3e29cb1c35c02b27c7446b31b9d8fab86e9e72738612ac4cfc3721,CCN(C)c1ccc(C(=O)NCC2COCCN2[*:1])cc1,OCCC[*:1]>>OCC[*:1],OCCC[*:1],OCC[*:1],27705,24763,1,1,1.0,20,4,3,24,23,7,5-9,COC(=O)C[*:1]>>Clc1ccccc1[*:1],77f7c1a870c23a5f652d8e06385679af812142d1aafbbf4d2f57fb97ac809e7c,df070335d10395ba09af27d68b779af2bda77281a892c2cda9222d88a925571f,CCN(C)c1ccc(C(=O)NCC2COCCN2CCCO)cc1,CCN(C)c1ccc(C(=O)NCC2COCCN2CCO)cc1
066e3f332cd312ec648d9f0d75d0c04acb53419c8cd2fb5be418aedee3c0ac98,26e257830dfbe703c1680cdc2d38597a8d2e5a8c4585cb456033e8a0ebf9ed25,CN(CC1CC[NH+]1CC[*:1])C(=O)c1ccn(C(F)F)n1,C=C(C)[*:1]>>C=CC[*:1],C=C(C)[*:1],C=CC[*:1],3088,33595,1,1,1.0,19,3,3,22,22,7,5-9,C1CCCC([*:1])CC1>>CCC(C)[*:1],45efd8ad2db1bbdc91e2557f3fdba85104ee3ffa49cbad003f8095c3bca80fe3,9925b0a3f9c76d2cf754b4f96c23f7ef4e899ec979f193356f56c751d20c24c6,C=C(C)CC[NH+]1CCC1CN(C)C(=O)c1ccn(C(F)F)n1,C=CCCC[NH+]1CCC1CN(C)C(=O)c1ccn(C(F)F)n1
42128a1f1df4b56829ee10a4e2a8ba872569c04b00c57317f22f4b4a1246d4a2,cbd944f101e6d77ed2e88f9cfec76fdb029da35ba351f55477d19db8c2c2309b,CC(O)C1C(=O)N2C(C(=O)O)=C(SC[*:1])SC12,CN(C)C[*:1]>>COC(=O)C[*:1],CN(C)C[*:1],COC(=O)C[*:1],10604,27650,1,1,1.0,16,4,5,20,21,7,5-9,CCNC(=O)[*:1]>>Cn1ccnc1[*:1],d99331d68f2daa71f90e8fab49d84f3cb0c6d52aab3714d8858f3c2ad8b81a52,1645c55f2048c1b4e466b87a9d88193d85458f458c7508e971f53ea9a802733b,CC(O)C1C(=O)N2C(C(=O)O)=C(SCCN(C)C)SC12,COC(=O)CCSC1=C(C(=O)O)N2C(=O)C(C(C)O)C2S1
4fd1735a97a48715931ae7eb89c382b06e39e0ddddb3d5a3804e7cdf3261c7e8,b6055e3709e55a85bfd8bee9669d1c251368c6d88b3cc07d176654bad2132be2,O=C(CC1CC2CCC1C2)NCC(Br)[*:1],CCC(CC)[*:1]>>CCC[*:1],CCC(CC)[*:1],CCC[*:1],41876,42539,1,1,1.0,14,5,3,19,17,7,5-9,CC(=O)[*:1]>>OC[*:1],32bbf2a84a50edfe627725a30cd54dfc8bb0ff73006a80e62611c8e12ca35bdd,70dd10d4ee7df6f217504c9038aade3e0e6b3cd2edff7ffc8d18a274f84a5072,CCC(CC)C(Br)CNC(=O)CC1CC2CCC1C2,CCCC(Br)CNC(=O)CC1CC2CCC1C2
2695d7fd06380fccf1fcdf6006e120f66559fecf73d4b046b3513cf49a9dacbe,abb509c66a6574338c1ceb8b8e296b649f028addc0327d04117ab02ea5a095cd,CC1C2CCC(C2)C1CO[*:1],CC(C)[*:1]>>CCC(C)(C)[*:1],CC(C)[*:1],CCC(C)(C)[*:1],16162,1492,1,1,1.0,10,3,5,13,15,7,5-9,CCC(C)[*:1]>>COc1ccccc1[*:1],d8f9a84a1c39b196000a5f662e0558c7dfc1e4444681c85d0fa0ab66cf8f545b,b67d131908b38063e18f9d6028678463a1c547b40fe0fb5173e261e7b5eb8a1c,CC(C)OCC1C2CCC(C2)C1C,CCC(C)(C)OCC1C2CCC(C2)C1C
f9aa06776b9c56f2a4b8526ed6874880d6b4f416a858287616597e8bb84b9baf,847647c3e99768086d8cf82d7a8d5a6c1dce71ccd4206f69ba6b67ccde6c56ee,COC(=O)C1CCC(c2cn(C[*:1])nn2)CC1,C1CC1[*:1]>>C1COCC([*:1])C1,C1CC1[*:1],C1COCC([*:1])C1,2411,15396,1,1,1.0,16,3,6,19,22,7,5-9,C=CC[*:1]>>Cc1cccc([*:1])c1,82a47cd2b1b70326e9ca53e1317f0fb806d81c4d343d961689471f36c8389fd7,5c10ea9579dd6bf2a528e9b13fbf1f70b470f70aca4fe86d8486902692906aa3,COC(=O)C1CCC(c2cn(CC3CC3)nn2)CC1,COC(=O)C1CCC(c2cn(CC3CCCOC3)nn2)CC1
828e0162d6bcd78cb13aec7dcdb660c8bcb4856c13c0aad0f27a7c49e9584fef,0aff86854f34391aab483ebea4b0a66056f474d6d3f6f3b10792fd395030932f,CC(C(=O)N(C[*:1])C1CC1)c1ccc(Br)s1,CCOC(=O)[*:1]>>CC[*:1],CCOC(=O)[*:1],CC[*:1],42042,24318,1,1,1.0,15,5,2,20,17,7,5-9,c1ccc([*:1])cc1>>c1coc(C[*:1])c1,450d5ce071c51a42da318d2762a45a680865450fec38b34c5c869dfdd8d88fb6,af758b77a917d3c1b636eb59a01e0da186c4ca61c19fd61143c07a01e853ded3,CCOC(=O)CN(C(=O)C(C)c1ccc(Br)s1)C1CC1,CCCN(C(=O)C(C)c1ccc(Br)s1)C1CC1
ea9f942ed1cee5907fa7045ee7ab59385331d773f94d93f7cd56a6f0e5808e15,7b185cf3e83263d818159b8bc8cd9d94866912b248220c95c31e5fd6676087f9,CN(C(=O)CN1CCCC1)C1CCCN(C(=O)[*:1])C1,CCC(C)(C)[*:1]>>CCC(CC)[*:1],CCC(C)(C)[*:1],CCC(CC)[*:1],2794,5822,1,1,1.0,18,5,5,23,23,7,5-9,CC(C)CO[*:1]>>O[*:1],c27dd82932f6d48cb85a7301b9060b0fc6e651e9ec054047218ba5137f75d3d4,2dbdc76ffa811848acae9c82cd8cfb2bdc8c7b8196a11c2b9bdef165d4b03b69,CCC(C)(C)C(=O)N1CCCC(N(C)C(=O)CN2CCCC2)C1,CCC(CC)C(=O)N1CCCC(N(C)C(=O)CN2CCCC2)C1
5301a146313f9777e2b04df828f47774916ab24c6f031d2a5dab0251ea41c957,2194dbe85f7e3ef3b9216652d456e8cc24e686d342665e3d0f77029ba74a8e8c,O=C(CC[*:1])NC12CCC(CC1)C2,COC(=O)C[*:1]>>O=C([O-])[*:1],COC(=O)C[*:1],O=C([O-])[*:1],3585,26042,1,1,1.0,12,5,3,17,15,7,5-9,C#C[*:1]>>CC#C[*:1],0b43e85671cbcf1b12e694c6bcc50ae87fc0fa261880fbaf1387c6c5b2049a6c,3ba4b8a05ae9f4f621370b5bc0efd0f48ae9b52578853c6a1717197ec85a5689,COC(=O)CCCC(=O)NC12CCC(CC1)C2,O=C([O-])CCC(=O)NC12CCC(CC1)C2
6050d49f470ccef39c08fef7f31dce7260e33fc73d6b750734b387192500e96e,4461040bc3744f2ea40da0ff0c5f9b7ce1c4f883a1bd119b1ad7057a854340f5,CSc1nc(=O)[n-]c(C)c1C(=O)N1CCC([*:1])CC1,C=C[*:1]>>OCCC[*:1],C=C[*:1],OCCC[*:1],35357,11442,1,1,1.0,18,2,4,20,22,7,5-9,CC(C)(C)[*:1]>>c1ccc(OC[*:1])cc1,509dca66b41224580d1cb6bfc3232cf83b38e770d58ebb4b5ebc66273dafad8d,0092027e0f5eb60960496e3247f98ef0a2dbc5592cfd722680f57f2ecd7b4f9a,C=CC1CCN(C(=O)c2c(SC)nc(=O)[n-]c2C)CC1,CSc1nc(=O)[n-]c(C)c1C(=O)N1CCC(CCCO)CC1
2b4e3f96fb11a7ed21f343f2f6dc90cdf3fbd38359d251d7ec973cb9815bb52c,c278f95c2586943fc3ff5aa7a5a9d4664c5db05057478e3a90564c68318e100f,Nc1nc(N[*:1])sc1C(=O)c1ccc(F)cc1,Fc1ccccc1[*:1]>>N#Cc1ccc([*:1])cc1,Fc1ccccc1[*:1],N#Cc1ccc([*:1])cc1,35333,48586,1,1,1.0,16,7,8,23,24,7,5-9,CC(O)C[*:1]>>OCC[*:1],8e9dcd27ac57e2ce770a9f09d997c3304a3c32f970c7fa8fb9292233f5400629,125529684702fcab9331da874d40b6de635f5e6de9b0aae1fa1d35205388a54e,Nc1nc(Nc2ccccc2F)sc1C(=O)c1ccc(F)cc1,N#Cc1ccc(Nc2nc(N)c(C(=O)c3ccc(F)cc3)s2)cc1
9bac1b8f792fa2d0eee305e03dfc156bb2cb2c1c62f62ddf0aca65be3f6ae7ad,e1d0729f7cc5700d15e8268a6fc5a360bdc61a4b22aab30de6ebda01080f43b0,CCn1cccc1C(=O)N1CCC2CC[NH+](CC[*:1])C2C1,CC(C)O[*:1]>>O[*:1],CC(C)O[*:1],O[*:1],16096,32821,1,1,1.0,20,4,1,24,21,7,5-9,CC(C)N(C)C(=O)[*:1]>>CCC(C)NC(=O)[*:1],398fc1a7493b69ddd68a21132303762c8a7290cfa0e70bf4e400e1fd9b53782b,4feacaa0307cddadfc60ca67447a1dc50638b2d46b1501be41f9698c6caded75,CCn1cccc1C(=O)N1CCC2CC[NH+](CCOC(C)C)C2C1,CCn1cccc1C(=O)N1CCC2CC[NH+](CCO)C2C1
0dc2a2d9d0efb20f853e3572f7052eb13c46210762930028a9ccd99ddb5ea1a4,0a0e9f3cc5fafe10503deec9541169325fe1ae9ed64a58fa2aee82d0f98b4182,O=C(NCCc1ccc([*:1])cc1)NCC[NH+]1CCc2ccccc2C1,CC(=O)[*:1]>>N[*:1],CC(=O)[*:1],N[*:1],47118,45525,1,1,1.0,24,3,1,27,25,7,5-9,CCC(C)[*:1]>>CCC(O)C[*:1],b521424312e00fdeabf42b710b86426e1c59d0d512454d0c9820984983d10ad5,8327078ecc81a5614ae3975214c7be1d51386e4d01cdccbf6b98ad39422ec2cc,CC(=O)c1ccc(CCNC(=O)NCC[NH+]2CCc3ccccc3C2)cc1,Nc1ccc(CCNC(=O)NCC[NH+]2CCc3ccccc3C2)cc1
142c214ac996597b2181ff5746b48d3edb7ced5c337235d4367346b5acbe2eee,4123573ce151d2bcc698005e755ea42bc275a52fcf8b6b90e29100c0d452ef6d,O=C(c1ccc2[nH]c3ccccc3c(=O)c2c1)N1CCC([*:1])C1,CC(O)[*:1]>>CO[*:1],CC(O)[*:1],CO[*:1],25308,23817,1,1,1.0,22,3,2,25,24,7,5-9,COCC[*:1]>>NC(=O)C[*:1],5a7878bce6e4cc06f668f40407a4afd03ca069128d5b6d7acfdcfa8f196e1549,d233f07773c9f81ba6194d550083aff1612b622619f5a8e208bd2a47b8a33c07,CC(O)C1CCN(C(=O)c2ccc3[nH]c4ccccc4c(=O)c3c2)C1,COC1CCN(C(=O)c2ccc3[nH]c4ccccc4c(=O)c3c2)C1
0e54fa84518e2b2bb5debd090d9cf5df6a33dd7d22b16e6852d42971400d0a95,a2f64d7bd1e2b97e94df5c582ef9b619f6f42e7fd4d2a959f27490de0aaf81bb,CC1CCC(NC(=O)CC2OCCCO2)C[NH+]1CCC[*:1],CC[*:1]>>FCC[*:1],CC[*:1],FCC[*:1],31825,18034,1,1,1.0,20,2,3,22,23,7,5-9,C#CCC[*:1]>>COC[*:1],0983fb65548dd6adb91b0e25889d429dbb60f858b1d7637de3f7847d93005d1d,28ca412a1446bde0e6f6ed98b0dae01d885ed5ab6fc3031c4deafc0eb2e91457,CCCCC[NH+]1CC(NC(=O)CC2OCCCO2)CCC1C,CC1CCC(NC(=O)CC2OCCCO2)C[NH+]1CCCCCF
a7152a2d881ac86eca3af73df912ab11d48e5d9fe77785cd1e07d6e0fd53ccd1,912e944769456a35facd2332767e57a1feff2f0f1543feb2671d84f9f990a89d,c1cc(NCc2nnc(C3CC3)o2)cc([*:1])c1,CC(F)(F)[*:1]>>C[*:1],CC(F)(F)[*:1],C[*:1],49959,11318,1,1,1.0,16,4,1,20,17,7,5-9,C1CCC([*:1])C1>>CO[*:1],d7b55ae01a6c16c5cd377e5387391696509462ae249f7a9174a0c1274b275108,139a0973abb455fb3a7a38f066280734cfc9d42c8bbff235f1046e8442ff7fce,CC(F)(F)c1cccc(NCc2nnc(C3CC3)o2)c1,Cc1cccc(NCc2nnc(C3CC3)o2)c1
29f373f3d10253629d0ec92d6af9daf1716ccc67b3feae3b87cf5b235c525a91,18096559f490d09845394bb3fedad32ae93d5e7f71256d3f79b0b1d4ff13eda6,COc1ccc(C(F)(F)F)cc1Nc1ccc([*:1])nc1,CCOC(=O)[*:1]>>OC[*:1],CCOC(=O)[*:1],OC[*:1],25827,44699,1,1,1.0,19,5,2,24,21,7,5-9,COC(=O)N[*:1]>>CS(=O)(=O)N[*:1],381a661ab1000b86bfcdcee6f0024c1a7f659103df14d9f85e173ba7eab4107e,18978200b6c99fe71c74e18180997dcaaad9e8a32769e1aeb550b40c9494ee99,CCOC(=O)c1ccc(Nc2cc(C(F)(F)F)ccc2OC)cn1,COc1ccc(C(F)(F)F)cc1Nc1ccc(CO)nc1
90607277679528557b9e0a3b4228b5c49ff5aa60cc674dd19148819a78f731bb,8974f1086682472e3c40111455afb5f79b1775efdb7fde62c37171fcfd0ebc97,O=C1NCc2c(NCc3ccccc3[*:1])cccc21,Br[*:1]>>FC(F)(F)O[*:1],Br[*:1],FC(F)(F)O[*:1],26094,30526,1,1,1.0,18,1,5,19,23,7,5-9,CCNC(=O)[*:1]>>Cn1ccnc1[*:1],f059d4a9203216199c541847dad4aa057327d1bf611bd37fe632f6d915c9bb50,6e2891a28c5fc3797d49f69c0c12f16abae6f54d86cce6aabee7c4de9d790d8d,O=C1NCc2c(NCc3ccccc3Br)cccc21,O=C1NCc2c(NCc3ccccc3OC(F)(F)F)cccc21
544b2ddece75861e0dbc152d1111eb9a811bba56d7bccf362d2b1a216fe80cae,2d2bc5a0671f27b92cf9e070b2ae348c65f33b972a024a4a7a0dbbd2192053a7,CC1(C)C([*:1])CCN1C(=O)C1CCS(=O)(=O)CC1,Fc1ccc([*:1])cc1>>Fc1ccc([*:1])cc1F,Fc1ccc([*:1])cc1,Fc1ccc([*:1])cc1F,30798,44839,1,1,1.0,17,7,8,24,25,7,5-9,C1CCC(CC[*:1])C1>>c1ccc(C[*:1])cc1,888776d62a052a2e3663f7a7ad8959bd6335016747606ecb80084074e9997a6d,b839be4d2f30c10f08e7f19b0389aeb281858e4599d0b5ab6e1b592373c26110,CC1(C)C(c2ccc(F)cc2)CCN1C(=O)C1CCS(=O)(=O)CC1,CC1(C)C(c2ccc(F)c(F)c2)CCN1C(=O)C1CCS(=O)(=O)CC1
2eeb69b4f6f74e44f637078a498b3794b44922cbac87a06d40c8e3336e009140,f5dcef4f0aa47496a7d8d62ab5a114dd3c8e6e9823e362952caa23a9eb06aa90,CC1(CNC(=O)Cn2nccn2)CN([*:1])CCO1,CC(C)[*:1]>>CNC(=O)C[*:1],CC(C)[*:1],CNC(=O)C[*:1],36829,7280,1,1,1.0,17,3,5,20,22,7,5-9,C1COC([*:1])C1>>COc1ccccc1[*:1],478412c3ad9dbbd3c821b72f0f144cb9dd552020fa5b264cc8ff06b89393359d,b4792019f45852fdd23d47bdd483d4981475ddfc2db6e0cbebb8da3d9451988e,CC(C)N1CCOC(C)(CNC(=O)Cn2nccn2)C1,CNC(=O)CN1CCOC(C)(CNC(=O)Cn2nccn2)C1
c3952d0999091db377d83c2c44086a8d3ee9ab0d698b652faacb57e9cb8a587f,fefeab6a4c0d0596def8f85790601e8d1fec5ecabc311604ce7ccf9ace68ef32,CC1C(=O)N2CCCC2C(=O)N1[*:1],Cc1ccc([*:1])cc1>>Fc1ccc([*:1])c(F)c1,Cc1ccc([*:1])cc1,Fc1ccc([*:1])c(F)c1,6318,38381,1,1,1.0,12,7,8,19,20,7,5-9,Cn1cc([*:1])cn1>>c1ncn(C[*:1])n1,e064072c53296a24a77b001900f5e75e36c664b47e3e279916ceba243173b8db,244b9cdd7bb5ebb8d2c8f2f1f8315bb2787c5163d84a586dad3270165566c791,Cc1ccc(N2C(=O)C3CCCN3C(=O)C2C)cc1,CC1C(=O)N2CCCC2C(=O)N1c1ccc(F)cc1F
33dca62de5002873784b8e006042ad1ea76f5d16132742992d92d16255b1ba80,f844420b923e10dc059a1c2601c83fd88aed8595c7230a0a0555bae715668419,Brc1cccc(N2C3CCC2CC([*:1])C3)c1,NCC[*:1]>>O=C(O)C[*:1],NCC[*:1],O=C(O)C[*:1],16411,48322,1,1,1.0,15,3,4,18,19,7,5-9,C1CC([*:1])CCO1>>C1CCC([*:1])OC1,9b39b641a2989a5f1109579df3178b9a5c18e7c91f966ffac10c683e8010c275,ed1d45e85bf527c5449e891d8f66f0cfe59b1943a52bfbbf8be291f91723de96,NCCC1CC2CCC(C1)N2c1cccc(Br)c1,O=C(O)CC1CC2CCC(C1)N2c1cccc(Br)c1
c69a11b5bc789485a554f053c21cfc432f0f70aaf2b3a3fe6c856dcc932bc7d4,8cb2ba662438099a743efd8f23bc1e095cbb604b158abf56863d3f8ee3fb8194,CC(C)(C(=O)N1CCC([*:1])C1)S(=O)(=O)C1CC1,CCO[*:1]>>COC(=O)[*:1],CCO[*:1],COC(=O)[*:1],34405,37836,1,1,1.0,16,3,4,19,20,7,5-9,N#CC[*:1]>>OCC[*:1],6b6d79811ba3b35ee793f9c93d752231a26b2ac3c5330d0a5b847004eee5395e,5de75b387c199a505577252318468e20ee1195b18414a8d04ece438528e8859b,CCOC1CCN(C(=O)C(C)(C)S(=O)(=O)C2CC2)C1,COC(=O)C1CCN(C(=O)C(C)(C)S(=O)(=O)C2CC2)C1
3f912dc49d38cac1a4e12f22e0e23213ad4a734ba755be673eb9d14a7710684b,434a4a3e52178a2607ddec868ef5e85a2a8ee7fd19902b4e908839b311aa131f,CCCCC(CC)CC1([*:1])CC2CCC1C2,CNC[*:1]>>O=C(O)[*:1],CNC[*:1],O=C(O)[*:1],37827,4406,1,1,1.0,15,3,3,18,18,7,5-9,COC(=O)CC[*:1]>>c1ccc([*:1])cc1,cc880a95b4dbe23927e2e0b5a2ab4e7fc668e5c3dca9de8f017cb2b412a02d33,40fb9d63f3a2a863d22d4f2f0489c9b05bd7d609a7b949bcaa682fb844123ce2,CCCCC(CC)CC1(CNC)CC2CCC1C2,CCCCC(CC)CC1(C(=O)O)CC2CCC1C2
fca626a290022a2584287a0dc9c9ebc000bb2cf8612f26d36f4c51516fae65d5,92cbd344263c31b0d36333ab363862a9d5b00e6622b1d8b770b3319a08b165da,CC(C)C1NC(=O)C(C(C)(C)C)N(CC[*:1])C1=O,CC(C)O[*:1]>>COC[*:1],CC(C)O[*:1],COC[*:1],41950,14331,1,1,1.0,17,4,3,21,20,7,5-9,c1cc([*:1])[nH]n1>>c1ncc([*:1])[nH]1,5b907afbcadffebdb914d5dc71b07afbc260438de5df50008183a9fddea2cd57,a75884cdd81b6cf35ef55edae3c986419c732532828e1d97a470159c6c0fec45,CC(C)OCCN1C(=O)C(C(C)C)NC(=O)C1C(C)(C)C,COCCCN1C(=O)C(C(C)C)NC(=O)C1C(C)(C)C
a9d57b5b6d00a3f407d70c27fd1d5874542f3f7617c52c6b695358facf7f7496,c8572647a00ee5d57331422002dd096fe18c757c30cb7463a408e81ca2d5de3c,Cn1nc(C2CC2)cc1CNC(=O)NCc1ccc([*:1])cc1,Br[*:1]>>COC[*:1],Br[*:1],COC[*:1],32149,4500,1,1,1.0,21,1,3,22,24,7,5-9,COC(=O)[*:1]>>Fc1ccccc1[*:1],a5efb1b6cb7aa51869883ba86cb11f07c09670585f6b5dc02dae45c95105cf07,cb65b118435e604ffe909c6433d5cd66aa9c45b07bb444095bb0cc334c16116c,Cn1nc(C2CC2)cc1CNC(=O)NCc1ccc(Br)cc1,COCc1ccc(CNC(=O)NCc2cc(C3CC3)nn2C)cc1
6cd00fdd6ad6426d60a684cbf878b6bef9a1464b70425e81a5b2de015ec31e10,16052d35cc9b7e26fabfe637a342fa756c441b251f720b7370f84abc691fd178,CC(C)CC1NC(=O)C(C)(C)N([*:1])C1=O,CCC(C)C[*:1]>>C[*:1],CCC(C)C[*:1],C[*:1],20538,32007,1,1,1.0,14,5,1,19,15,7,5-9,C=CC[*:1]>>FC(F)(F)[*:1],ea1043ec5b041862b5559df33b71be26c9a47d16170e5b68ae8620b098a3c966,f2ee164f7cf3588bdc6d6333f23998f4ac7952d5d388e499b402c318005efa7d,CCC(C)CN1C(=O)C(CC(C)C)NC(=O)C1(C)C,CC(C)CC1NC(=O)C(C)(C)N(C)C1=O
a32859313517a65a252ce93806e7a53fe886153bcf7cd66c229ab1dba109d4fd,90783ebbb2114bcae9d29741f8279b1a0efa64968c77c68de64c714d4e6f3757,Cc1cncc(C[NH+]2C3CCC2C(NC(=O)CCC[*:1])C3)c1,C#C[*:1]>>CC#C[*:1],C#C[*:1],CC#C[*:1],49461,8640,1,1,1.0,21,2,3,23,24,7,5-9,C1CC([*:1])CO1>>Cc1ccc([*:1])cc1,c613a7e77965e7a49ed6eca64f4178870269b3687ca2efc7d8a0a4206cb600ef,2dd705d74cdf671f01b2249687fced2b4ea797a17a4022689bfaca3453c2c59b,C#CCCCC(=O)NC1CC2CCC1[NH+]2Cc1cncc(C)c1,CC#CCCCC(=O)NC1CC2CCC1[NH+]2Cc1cncc(C)c1
325b7b07500559c65e9c1271e8bba8604c4c6326846791b822f161f436b3dcaa,7481b4a5f5113be254e1b110d20dbd30c13ae517a8cfb252bc0f68b2f63a1278,O=C(N1CCCC2CN(c3cc(F)ncn3)CCC21)[*:1],CC(C)(C)C[*:1]>>CC(C)CC[*:1],CC(C)(C)C[*:1],CC(C)CC[*:1],30647,9365,1,1,1.0,19,5,5,24,24,7,5-9,F[*:1]>>O=C(O)[*:1],87ab2d41b891db51e4493ec126e1d7a6337d1b2ef5f33185303074c5214a2cf8,8c8651f25cc7b54eb86cab56e95a59f9123e0ebc544a3d209659e21af5f1284a,CC(C)(C)CC(=O)N1CCCC2CN(c3cc(F)ncn3)CCC21,CC(C)CCC(=O)N1CCCC2CN(c3cc(F)ncn3)CCC21
c02ae43b1d9666c458b21c1950399a4951541e47e08b13793f0a89a0b29b45da,3a653f0f23a8654f6ef226d2b309f58d084dbeb0273cc384934dd6f1f4f156fe,O=C1CC(C2CCCO2)CN1C[NH+]1CCC(C[*:1])CC1,COC[*:1]>>CS[*:1],COC[*:1],CS[*:1],29651,4400,1,1,1.0,19,3,2,22,21,7,5-9,CCC(C)[*:1]>>N#Cc1ccc([*:1])cc1,1f930024f19819acdc8a8210a0ecb7a6d05d65d808eec9301cec93fb59100cd3,f095a94e6cbba17fb8e9be2c95d96e45e7d2476f7fbc1eb7299ba046fd3e7fa4,COCCC1CC[NH+](CN2CC(C3CCCO3)CC2=O)CC1,CSCC1CC[NH+](CN2CC(C3CCCO3)CC2=O)CC1
2cf4859af918c9960d301a4e5d6c6635efd80f871312b603c53058263d7191a1,3d39a8bfba10795685373c5c371e8e849f58dde0de7a82824f20544ee5c07b45,CC[NH+](CCNC(=O)NCC12CCC(CC1)C2)[*:1],CC(C)[*:1]>>FC(F)(F)CC[*:1],CC(C)[*:1],FC(F)(F)CC[*:1],40565,17418,1,1,1.0,17,3,6,20,23,7,5-9,CC1CC1[*:1]>>COCC(C)(C)[*:1],a1a9d599a67e30843166b33fad82fa2227a096bca0bb42d8d4bd5d24be4d2208,7acf64e5fb7610f2930ddd945675ce0f05f81ef30eac45cb04172e50d5bb35c8,CC[NH+](CCNC(=O)NCC12CCC(CC1)C2)C(C)C,CC[NH+](CCNC(=O)NCC12CCC(CC1)C2)CCC(F)(F)F
b978bc1dcad542dc4aa6d6984f9dcdef77fc1528ea9ae3587d1387099f33f05c,1aa4db1138fbd9637efa38c4076b9f0c1bfe0c3426fb00d59ec6c21a030d9bc8,CC(Nc1cccc([*:1])c1)c1cc2n(n1)CCC2,CC[*:1]>>CN(C)C(=O)[*:1],CC[*:1],CN(C)C(=O)[*:1],27577,11839,1,1,1.0,17,2,5,19,22,7,5-9,CO[*:1]>>O=C([O-])C[*:1],f7c1b4ede6580efd0fa8b40b595e302473bfea901a675460d1de5a6abb99ec20,ca1f77a7731b3f9b2d2ac690aada4488a3fbc36c00b7beac41b74ea256128613,CCc1cccc(NC(C)c2cc3n(n2)CCC3)c1,CC(Nc1cccc(C(=O)N(C)C)c1)c1cc2n(n1)CCC2
907e10ad22c6cbd81a2d986771b9761ad1319068e43a99f99acf4f36815de4e5,c385bea55e3d6e00615e1019f109aea533305fae4c48181846d57ec7ac5032ed,O=C(N1CC(NCc2ncccn2)C(c2ccccc2)C1)C1([*:1])CC1,CC(C)[*:1]>>FCC[*:1],CC(C)[*:1],FCC[*:1],15483,7562,1,1,1.0,24,3,3,27,27,7,5-9,C1CC(C[*:1])CO1>>Fc1ccc([*:1])cc1,3e108c5d0cbb4a2617b21ff538152d9cc5a1f373fca40c1e09a702b8c6b33b37,d74d109c0c07fe50e50e833ea97e3a0fee7b86a11697e57e8fbd43e2c6f2e7fe,CC(C)C1(C(=O)N2CC(NCc3ncccn3)C(c3ccccc3)C2)CC1,O=C(N1CC(NCc2ncccn2)C(c2ccccc2)C1)C1(CCF)CC1
fe0aebb05f9e9eef083e742d1037152c84261d9bb904edd6dbad014949064a5d,b4db20664fbf2a4f6424f4fe2f36c0c054898f1b7fecd80fbc33096a125b4005,CC(CNC(=O)[*:1])(NC(=O)Cc1cncs1)C1CC1,CCC(C)[*:1]>>FC(F)[*:1],CCC(C)[*:1],FC(F)[*:1],37906,1689,1,1,1.0,18,4,3,22,21,7,5-9,CN(C)C(=O)[*:1]>>c1cc([*:1])ccn1,dab8b3848b2e19bf5a4cbba96b1008e9de883984dccdf9f72d04ad8ce7f9ba06,ec4769768cae719b5a128218e185c4efb2d1b0230367dc86acb890f3dc4f9537,CCC(C)C(=O)NCC(C)(NC(=O)Cc1cncs1)C1CC1,CC(CNC(=O)C(F)F)(NC(=O)Cc1cncs1)C1CC1
38b641b255a833829a6fa445ac96f9d0c819c5a3cca02a86ffc9fdcb4ed3b274,fb0eb4d75abf27f2f1c4f11692974a885f58ca0631dcf9c0d586f8634e284348,COCCC(=O)N1CCOCC1CNC(=O)[*:1],Cc1ccccc1[*:1]>>Fc1ccc([*:1])cc1,Cc1ccccc1[*:1],Fc1ccc([*:1])cc1,39818,30399,1,1,1.0,16,7,7,23,23,7,5-9,CCC[*:1]>>Cc1cccc([*:1])c1,a9abc4df61ffbca930ed4d5bb0ae79992916b120e6e2529f854b6c3d6da715c6,cca6f1af4b0086ff1954fe4d5f7b034a86b2833e6c6029f257c0e8c8c4d39c44,COCCC(=O)N1CCOCC1CNC(=O)c1ccccc1C,COCCC(=O)N1CCOCC1CNC(=O)c1ccc(F)cc1
0697ab472536cc2098c496422c9420e5820ae8fa4114dcb0fb4e99590cc486eb,4ad8c116d0b266d4618b702b9b7dc9f4afffb48b42eccd2df8ab3dc5877fe809,NC(=O)c1coc(C(=O)N2CCCC3C[NH+]([*:1])CCC32)c1,CCC[*:1]>>OCC[*:1],CCC[*:1],OCC[*:1],13134,36950,1,1,1.0,20,3,3,23,23,7,5-9,Cc1cccc([*:1])c1>>c1ccc(C[*:1])nc1,706fff8be0955c7c31e0018575c98de145db0d623a72d56e84ffb8bbe916570f,fd60cd5146a91a4735788705dc81884187a8658ae1cb6576aa67975abf0b3974,CCC[NH+]1CCC2C(CCCN2C(=O)c2cc(C(N)=O)co2)C1,NC(=O)c1coc(C(=O)N2CCCC3C[NH+](CCO)CCC32)c1
802021718da3f4637bb4ff44f8259adbf8c875efbb6b45282eea7ad7f55325e5,734709e8b4f545f5f660baa78a4a7571a482ba7851ec44cad89dd1145da30f3e,O=C(NCC1([*:1])CCCCCC1)c1c[nH]nc1C1CC[NH2+]C1,C[NH+](C)[*:1]>>[NH3+][*:1],C[NH+](C)[*:1],[NH3+][*:1],29313,16737,1,1,1.0,21,3,1,24,22,7,5-9,CCC(=O)N[*:1]>>CS[*:1],d46aa591804ceddb05c82c4010c3d78d79121102cdd42f209fa040101b5ba18e,5513e9366f4f78d517f0a15a25ce17c4961c7349172f5bc865baff7cad0ebaef,C[NH+](C)C1(CNC(=O)c2c[nH]nc2C2CC[NH2+]C2)CCCCCC1,[NH3+]C1(CNC(=O)c2c[nH]nc2C2CC[NH2+]C2)CCCCCC1
43b9457ba57e46f7f8e7f997d99bd7d21bd7868b86d359632370a63606f4b1ad,ad7c55ff04f36f07537d677ccdb03ebe1951a00615cbcd019215cf08dd700e24,CC1CCCC1(O)CNC(=O)CO[*:1],Brc1ccccc1[*:1]>>Clc1ccccc1[*:1],Brc1ccccc1[*:1],Clc1ccccc1[*:1],17505,24737,1,1,1.0,13,7,7,20,20,7,5-9,C1CC([*:1])CO1>>c1n[nH]cc1[*:1],f895366e15f87622454b4897cd6e0d9efee6e8a25bf090c5a3ee2958680f9a10,c150d127bc6bf83644557938f638227aaa34bbb9b414f8c48fbb0d65b2997143,CC1CCCC1(O)CNC(=O)COc1ccccc1Br,CC1CCCC1(O)CNC(=O)COc1ccccc1Cl
469255af9db91670279785411da6c337731175d6067950579b37f146236918f3,564b2eea042a3fcd9be424e25225bb8f337a495a7b3bb803c0e8e59ee3c75f90,CC1Cc2cn[nH]c2C(C(=O)N(C)Cc2ccc([*:1])cc2)C1,CS(=O)(=O)[*:1]>>O=C([O-])[*:1],CS(=O)(=O)[*:1],O=C([O-])[*:1],30134,48120,1,1,1.0,21,4,3,25,24,7,5-9,CC(C)C[*:1]>>c1cc2c(cc1[*:1])OCO2,928c6a76f014606d6a83d2f5f80236f252d91fb8f3a4dbb6010bbf3a540d9d5c,bfcac6845513294cd7294a7e2963a40009f9f0e7969d9070b5eb60d76c3014be,CC1Cc2cn[nH]c2C(C(=O)N(C)Cc2ccc(S(C)(=O)=O)cc2)C1,CC1Cc2cn[nH]c2C(C(=O)N(C)Cc2ccc(C(=O)[O-])cc2)C1
21e4b00b21cf7ead03aab2c141d7f5d5fedf07e089b9063bb4730e0e75996d8c,27b9a60d9748742bbc7395e5b9cf68575a5e93fa2dc401c806a3f4547e2615aa,CCC(CC)n1ccc(C(=O)NCC2CC[NH+]2[*:1])n1,CCC(C)C[*:1]>>CCC[*:1],CCC(C)C[*:1],CCC[*:1],34132,20758,1,1,1.0,18,5,3,23,21,7,5-9,CCC[*:1]>>Cc1conc1[*:1],feef15f8be97ee04df665872f174c6f838847abcd972ef650fd4ec8c83644f47,a8db6314beb61deb4d2305eaf6abd039d276dae1546bc22ec4ca287a6c9fd419,CCC(C)C[NH+]1CCC1CNC(=O)c1ccn(C(CC)CC)n1,CCC[NH+]1CCC1CNC(=O)c1ccn(C(CC)CC)n1
98926c4563ed37622a465600550ed60146a42c9aba9dd5ba9497ff82ac7d2665,c6bd459c50785866b67a325e7016f75755cc3e8b2dfa0e9a58ed384c8405bda0,CCN(C(=O)[*:1])C1CN(C(=O)c2c[nH]c3ccccc23)C1,CC[*:1]>>COCC(C)[*:1],CC[*:1],COCC(C)[*:1],22832,10599,1,1,1.0,20,2,5,22,25,7,5-9,C[*:1]>>Cc1cc(C[*:1])no1,4db88664158a88412efd04d3f5bba2f4c2ce4cee4020ac7506a95339af6d9607,786b97975e6c57628ef552a7f6d671a4d4c89f480e55030ec9982027fc3b40ca,CCC(=O)N(CC)C1CN(C(=O)c2c[nH]c3ccccc23)C1,CCN(C(=O)C(C)COC)C1CN(C(=O)c2c[nH]c3ccccc23)C1
a42dc669eff195145a051d36fcd7dba87325a5ddafb27c29784e21a1a634274b,0c2354ed0e03ae3eed9e78c661099e893c5085c3c0f3579bcf76730ed26b6ba3,COc1ccc2c(n1)C(C)(C)N(c1cncc([*:1])c1)C2=O,Br[*:1]>>FC(F)O[*:1],Br[*:1],FC(F)O[*:1],13506,29324,1,1,1.0,20,1,4,21,24,7,5-9,C1COCC([*:1])C1>>CC[*:1],7a3ff18518108c7a3c4a6ec6f80fe3c00b70256a96b61b97f5dc0e4fe35a35d1,9080ed4130c7fc86c5053e70015415932715fb301d1ccb53e7c41cb399a183a0,COc1ccc2c(n1)C(C)(C)N(c1cncc(Br)c1)C2=O,COc1ccc2c(n1)C(C)(C)N(c1cncc(OC(F)F)c1)C2=O
e29059ed1624b810fd2212ba26d572c80c80198e4bac3a8574a262e315f7c6cb,3101759f327dde23a62ee98c1d20949313bc0c8addf75d33f7821a8d0ea47a4a,CC(C)C(NC(=O)CO[*:1])c1ccc2c(c1)OCCO2,CCOc1ccc([*:1])cc1>>COc1ccc([*:1])cc1,CCOc1ccc([*:1])cc1,COc1ccc([*:1])cc1,7691,34762,1,1,1.0,19,9,8,28,27,7,5-9,CC[*:1]>>c1cnc([*:1])nc1,4fdf9060e8c9d4306349522da9b43230422865e89e4161226865e84871f44db3,768d2e008a3876ede9faf59ec0c8378b02bc78043ccb45b3cec907ba398ad724,CCOc1ccc(OCC(=O)NC(c2ccc3c(c2)OCCO3)C(C)C)cc1,COc1ccc(OCC(=O)NC(c2ccc3c(c2)OCCO3)C(C)C)cc1
97fc3cb074dc63b65223a7e954e78994322261f727f47decfaf1f20b936ba693,61d1aba77ff437ba9f4957b39e4bf271558afb380bae9c32d63e13a2b6a7588c,O=C(NCCOCC(=O)N1CCCC1[*:1])c1ccccc1,CC(O)[*:1]>>OCC[*:1],CC(O)[*:1],OCC[*:1],26471,11365,1,1,1.0,20,3,3,23,23,7,5-9,C=CC[*:1]>>Cc1ncc([*:1])o1,3e3b1252e85c3025a65a6a5f02ca262c0489fa6f3dcc093b6b7856b1a68c3d46,5400f159eea064bd61cd18e4dff38a2410b6e92e8b9fcffab6de4ca39c99c094,CC(O)C1CCCN1C(=O)COCCNC(=O)c1ccccc1,O=C(NCCOCC(=O)N1CCCC1CCO)c1ccccc1
ab2c8e0479e9fb8d422fba2652b73a16b867efec7042dce735acc8eecb21359b,b7069b5f34cbe64e395be5a34d85197bb10a2b3d5a1cd6dfc0c665bdca5ff629,O=S(=O)(NCC1CCCOC1)c1cc([*:1])ccc1Cl,CNC[*:1]>>N[*:1],CNC[*:1],N[*:1],32344,16022,1,1,1.0,18,3,1,21,19,7,5-9,CCC(C)[*:1]>>c1cc(C[*:1])ccn1,30b1c07dd7478f4269c902d5073dc3d467c0fba2745becb5b85c9422136aea15,d8ac9dcbfa458e003d4e0aa930bd8b0df975c4f46388118dfb458f111f678e6f,CNCc1ccc(Cl)c(S(=O)(=O)NCC2CCCOC2)c1,Nc1ccc(Cl)c(S(=O)(=O)NCC2CCCOC2)c1
d5ba29779306c25d69f0537aaf704b44af6faa802ade806521fb619a49a65763,505518bfded20d21555b801183a8e2ef3a626a90e8e5ddbbc0d6697034400df4,CCN(CC1CC2CCC1C2)[*:1],CCOC(=O)C[*:1]>>COC(=O)C[*:1],CCOC(=O)C[*:1],COC(=O)C[*:1],20735,48334,1,1,1.0,11,6,5,17,16,7,5-9,CS(=O)(=O)[*:1]>>Cl[*:1],7b2b25bdca7866d38c2e7b07ee22c64d482b41c43f819ba812986b8ae41258ae,e222f96898c7b722c4b87cb0bd6d2b42413fae1afb8189fb2acaa247c670de7a,CCOC(=O)CN(CC)CC1CC2CCC1C2,CCN(CC(=O)OC)CC1CC2CCC1C2
9d098ab9f59ede9ef24afa08b1eeb3b13ae0990f4415f79eb16c5849541342e6,746e0366de3f2790beec6323afbe5b49032d280b60f6d4c97b14d4598ca2da58,CC1CCC1Nc1cncc([*:1])n1,F[*:1]>>O=C(O)[*:1],F[*:1],O=C(O)[*:1],28962,27580,1,1,1.0,12,1,3,13,15,7,5-9,Fc1ccc([*:1])nc1>>c1cnnc([*:1])c1,0c22e26762b2d9081c0e0f16e2d7103ec1b157e46d85ba1d6bbf218575b11ff4,bb3df47e187321cf27f9f3a56eaba819acce769078146a9b987eb3fc240eda25,CC1CCC1Nc1cncc(F)n1,CC1CCC1Nc1cncc(C(=O)O)n1
7d389bba77889247866509f53b2ac8a94f0e8cd3eda816e26e3236499537ad92,a8dd29be94abaca659ba84f5d9db772fa3f4e86fc2d7b65e5c261d8e3ce0b23d,O=C(NC1CC[NH+](C[*:1])C1)C1CC2(CC2)C1,CC(C)C[*:1]>>CCC(F)[*:1],CC(C)C[*:1],CCC(F)[*:1],33988,12974,1,1,1.0,15,4,4,19,19,7,5-9,C1CN([*:1])CCO1>>CC(C)(C)[*:1],1e9e289501dc6899435472ebf14ba99e2a22d23a1615c7b94f8ef09a546cd292,c881c597d3b0fb9fee1b1955a4d40677aaa4e7438d076ff80163c663c2fb0e7a,CC(C)CC[NH+]1CCC(NC(=O)C2CC3(CC3)C2)C1,CCC(F)C[NH+]1CCC(NC(=O)C2CC3(CC3)C2)C1
32c79489f334c3af48f709212558abeb3ffd8eb2395d830f9d34017b328cd337,755cce7d3d06d4356a480e72fedb869210e6898e31de91bf0945a6f165cdd51f,Nc1ccc(Nc2cc([*:1])ccc2F)cn1,Br[*:1]>>OC[*:1],Br[*:1],OC[*:1],34624,48305,1,1,1.0,15,1,2,16,17,7,5-9,CC[*:1]>>CSC[*:1],601ec7375096599a161bd8d2f7e883fbf73097b1a2bf3b15baf7eab73fd8e6fe,23a8f8d4a206a20d71a8663fbe050a2c06d70cadf3a485a2238473498f154a75,Nc1ccc(Nc2cc(Br)ccc2F)cn1,Nc1ccc(Nc2cc(CO)ccc2F)cn1
bf2b2362d8ddfebbabccaafc402d8b42795a2de27d25bee3d49b6992c3b0a18b,bb2b89b71173938dbc893b2d5d195f111f66f350860a232bfde869550980bbb0,Cc1nc(S(C)(=O)=O)ccc1Nc1ccc([*:1])cc1,CC(C)CO[*:1]>>O[*:1],CC(C)CO[*:1],O[*:1],46311,38359,1,1,1.0,18,5,1,23,19,7,5-9,C=C[*:1]>>CS(=O)(=O)C[*:1],8e5f6adce11c86edf751b54f2e6228076a142a7739dbd1840b03ab8096160bab,4644845d377b243147b6e531f1fca29319b65d24292091f15ded88589da6df4c,Cc1nc(S(C)(=O)=O)ccc1Nc1ccc(OCC(C)C)cc1,Cc1nc(S(C)(=O)=O)ccc1Nc1ccc(O)cc1
5e7dc00aed811c1b76276fb44f253e14eaab6760cfda192c8336f00029d2c85a,7c0ce632fe4c2e444a9f2a6de2587777a8c8fef8ee84bc2303fc0b73c766218a,CC(NC(=O)C(=O)Nc1ccc2c(c1)CCC(=O)N2)[*:1],Cc1ccc([*:1])cc1>>Cc1cccc(C)c1[*:1],Cc1ccc([*:1])cc1,Cc1cccc(C)c1[*:1],43094,4676,1,1,1.0,19,7,8,26,27,7,5-9,C1CCN([*:1])CC1>>CO[*:1],4ff6aad915d7d4370d73bb1c047ecc7e3f5729c0876759ad4b651ab6835e4489,ede01f637027db52048759a0d2a25947a95b9c50c9dae2d2e0b0446d1e01b416,Cc1ccc(C(C)NC(=O)C(=O)Nc2ccc3c(c2)CCC(=O)N3)cc1,Cc1cccc(C)c1C(C)NC(=O)C(=O)Nc1ccc2c(c1)CCC(=O)N2
ef74e81c827b148d633c34cbd4041d1fc569bebf1cc525072c290138585aaaed,14a754dbb0d6301aac3c870fd977166330c76d9cc88bf08e976ae2b546f40ce0,CCc1c(C)nn(-c2ncc([*:1])cn2)c1C,CNC[*:1]>>OC[*:1],CNC[*:1],OC[*:1],38297,12202,1,1,1.0,15,3,2,18,17,7,5-9,C1CC([*:1])C1>>c1coc([*:1])c1,451eab5abbc72edee3df247dde014d46c8f7b0d1d8528834c227f743a064fa1b,e3e7b9cbfd7edbfc92966a426684bd0debf855adad755d93383078d464765f65,CCc1c(C)nn(-c2ncc(CNC)cn2)c1C,CCc1c(C)nn(-c2ncc(CO)cn2)c1C
5d09ccef432a96f6861af2fa3d96d8c3e81ee3c1ed3b491541b46b58085f5082,81fcdbdcb235739b51d314e493985a602b6066aa258e28ef44997fa866257c6c,CC([NH2+]CCS(=O)(=O)Cc1ccccc1)c1cccc([*:1])c1,C[NH+](C)C[*:1]>>F[*:1],C[NH+](C)C[*:1],F[*:1],44341,10215,1,1,1.0,21,4,1,25,22,7,5-9,C1CCC([*:1])C1>>Cc1ccc([*:1])cc1F,945d44bdf5b5a5bee80f1fa1c1b78edb4d42b12f8f9fd73063a8e634a88ab2ba,08300d20e2b01f1030de6b1a7802f079bcbddf48c740fa61706a0d04318630fb,CC([NH2+]CCS(=O)(=O)Cc1ccccc1)c1cccc(C[NH+](C)C)c1,CC([NH2+]CCS(=O)(=O)Cc1ccccc1)c1cccc(F)c1
2450677d0b82cb40539483434c516e51230d05192fd7c3d3bb400724b9118acf,b7a4c33254fca31ca594736124e67dbbbd1b923a12983b50149eef8715e59260,CC(NC(=O)Nc1cccc([*:1])n1)C1CC1,FC(F)(F)[*:1]>>N#CC[*:1],FC(F)(F)[*:1],N#CC[*:1],20800,16600,1,1,1.0,15,4,3,19,18,7,5-9,Cc1cccc([*:1])c1>>c1cnc([*:1])cn1,fbdb83d6eeef13e53acc97406093749613e3d035566dbd8c70c1b325af09578b,cfb6acb81735febb7f95deae61ff6e554592fdc981974bd47db1e2711911dc35,CC(NC(=O)Nc1cccc(C(F)(F)F)n1)C1CC1,CC(NC(=O)Nc1cccc(CC#N)n1)C1CC1
20764a605decb544af9008006736716a6d6a74f1084bfe90ccf83ed88ed92bc7,6467ee66a9de86cd3be440b551aad0dad5dfd3076cd866696298d2592fc2da6a,O=C(N1CC2CCN(Cc3csnn3)CC2C1)[*:1],CC(C)CC[*:1]>>CCCC[*:1],CC(C)CC[*:1],CCCC[*:1],41582,45015,1,1,1.0,17,5,4,22,21,7,5-9,Cl[*:1]>>c1cnn([*:1])c1,3da9f4e5699c903ae7f1cdff03e83227c57045570b5979dd2d342d7bbf42ac18,dfac9fc52fabbbb2994b2aecedda14d8bd3e9472eb47f42c4982a1ca27c698e6,CC(C)CCC(=O)N1CC2CCN(Cc3csnn3)CC2C1,CCCCC(=O)N1CC2CCN(Cc3csnn3)CC2C1
146b52f7779f53b72864023e9214a9e79d04af87aa2f6587d3615eee019a8a80,6b27f26c8239a53a346ed43c06e8f4b7d282c4ff7c3a422bcfc7ce3944e42a2b,CN(C(=O)Nc1ncc([*:1])s1)C1CCCOC1,CC(C)(C)[*:1]>>CCOC(=O)C[*:1],CC(C)(C)[*:1],CCOC(=O)C[*:1],37901,148,1,1,1.0,16,4,6,20,22,7,5-9,CC(C)(C)C[*:1]>>COCCC[*:1],c7dd8314ff90af155eb543f2922aacc6f53d76678efb1dc8bdaf5996332e0330,db9d38eb746e2e0c89dfa04821f0edfec006a87576109456f2d68768a5dd0f06,CN(C(=O)Nc1ncc(C(C)(C)C)s1)C1CCCOC1,CCOC(=O)Cc1cnc(NC(=O)N(C)C2CCCOC2)s1
96f58e0fa810ea0d5a40287a99a17c253fe2f9a0ef9703c16d28e1561de3e1d0,4245362bc8ea8a537b67e356495901f9ed77700970c3bdbd366459c7c3cc8222,O=C(OOC(=O)c1ccc([*:1])cc1)c1ccccc1,CC(C)(C)[*:1]>>N#C[*:1],CC(C)(C)[*:1],N#C[*:1],43354,18100,1,1,1.0,18,4,2,22,20,7,5-9,CC(C)(O)C[*:1]>>C[*:1],df73a66653b1d448888a61a8e6a98a7efba5f80a076ffb4f4f0b55cf13455cf6,3e00d413332c0a19776654f5fd36c1ead62c472cb3189bfe3b79bc9c7872232e,CC(C)(C)c1ccc(C(=O)OOC(=O)c2ccccc2)cc1,N#Cc1ccc(C(=O)OOC(=O)c2ccccc2)cc1
fcb4c80578febfa76491ac9c7244c3f449ce7cb546940877b09b5f8bd8b69683,30b2f588dc8726d10120304804b02107006da5ff1302b423ad5211bc80ef8da4,O=C(COC(=O)C(F)(F)c1nccs1)N[*:1],Fc1ccc([*:1])cc1F>>Fc1cccc([*:1])c1,Fc1ccc([*:1])cc1F,Fc1cccc([*:1])c1,7019,28843,1,1,1.0,15,8,7,23,22,7,5-9,CN(C)C(=O)[*:1]>>N#CC[*:1],88afab56140b3dc68879ddfd9cf259623eb265c2c52e2f651e4fcfaebee1c03f,a1d3f3ca44b36d79337bff049320e7e04c248c9d7d84a3568dd9fa998693a19f,O=C(COC(=O)C(F)(F)c1nccs1)Nc1ccc(F)c(F)c1,O=C(COC(=O)C(F)(F)c1nccs1)Nc1cccc(F)c1
5e58ec39547817d4f4a7af3b5456b953ca497da9b5e5f5b14a33b4bb4eef6547,c05afe30e1b48819a1ea95f2a8fd39f09a247b13335c44628ff9448255a6b963,Nc1nc(NCCNc2nc([*:1])cc3nccn23)ccc1[N+](=O)[O-],Cc1cccc([*:1])c1>>Cc1cccc([*:1])c1C,Cc1cccc([*:1])c1,Cc1cccc([*:1])c1C,3840,24075,1,1,1.0,23,7,8,30,31,7,5-9,C[*:1]>>c1cc(C[*:1])ccn1,1f824765a511bf85f91954c58b498a1007a4952ea2691424c56c577f9f0ce490,8e01bf1debb5d4416acdde5fb103dfd9e0e5148e067b1a39198f72643941ba27,Cc1cccc(-c2cc3nccn3c(NCCNc3ccc([N+](=O)[O-])c(N)n3)n2)c1,Cc1cccc(-c2cc3nccn3c(NCCNc3ccc([N+](=O)[O-])c(N)n3)n2)c1C
7d9682085935482cf659e42138e4471c3f71555b9e03c7fb150381dd4356cd0e,f76113a829ceff4e660cc50adf6fa06a51794e074edd594b11bf71ea257c8c56,CCOc1ccc(Nc2cncc([*:1])c2)cc1F,CCOC(=O)[*:1]>>COC[*:1],CCOC(=O)[*:1],COC[*:1],20145,19606,1,1,1.0,17,5,3,22,20,7,5-9,Cn1cc([*:1])cn1>>c1coc([*:1])c1,c96733fcc311bb20d713b749406ee4bb87115da47a797ea335d04a2adb899195,a2fe8c0eb82e1e361c60ca9d104340180f35e1f58bdbedd17609fc67489e0cb3,CCOC(=O)c1cncc(Nc2ccc(OCC)c(F)c2)c1,CCOc1ccc(Nc2cncc(COC)c2)cc1F
793fb9302f4b53f26df30ef57a44fa54fdadd3c218ece6414c0648dd6e542308,de482679a5929d3f503fe72dcaa59e000e37d5c9371faaf27f02d9e89a26db3f,N#Cc1cnc(NC2CC(CNC(=O)C[*:1])C2)cn1,CC(C)O[*:1]>>CNC(=O)[*:1],CC(C)O[*:1],CNC(=O)[*:1],3078,40564,1,1,1.0,18,4,4,22,22,7,5-9,CC(O)C[*:1]>>COC(=O)[*:1],e10a6aa323a861e771e7e7e4a533d7269632126780cef4504043133ad15a320f,c946dc934e185d5514d92e8fecb685b68bc2b145076959be659f4989e7841625,CC(C)OCC(=O)NCC1CC(Nc2cnc(C#N)cn2)C1,CNC(=O)CC(=O)NCC1CC(Nc2cnc(C#N)cn2)C1
9908134ac1aeb541ff6e4e005a94113656a78284f18f98f1fb3a920592ee08eb,7b0ee7ad78807f71d346ec621a282345399b13d69df11680547350ccf73df75c,CC(CC(=O)NCC1CN(C(=O)[*:1])C1)n1cccc1,CCC(C)(C)[*:1]>>CCC(C)[*:1],CCC(C)(C)[*:1],CCC(C)[*:1],9460,3115,1,1,1.0,18,5,4,23,22,7,5-9,Br[*:1]>>ClC[*:1],7f5b6cf6ec63b03e0d40d2486f89d113572ad3e5243dc19202186d38115a96b5,9e115a17185b8c449818d633d13e7f108029303846f27bf05db795c89d394dfc,CCC(C)(C)C(=O)N1CC(CNC(=O)CC(C)n2cccc2)C1,CCC(C)C(=O)N1CC(CNC(=O)CC(C)n2cccc2)C1
bb85ca81e31a7ca972cb0ec357f62d3f6612fe6942cdda71ad89261a4adb95ac,e3317fc7338fd1298e2023c4d87459e5050dabb1820389240da8e3ba72afd67b,Nc1nc2nn(-c3ccco3)nc2c2nc(CCc3ccc(O)c([*:1])c3)nn12,I[*:1]>>O[*:1],I[*:1],O[*:1],40038,18385,1,1,1.0,27,1,1,28,28,7,5-9,CC(C)C[*:1]>>CSCC[*:1],59f43fedcb8d1538fe6ab451acf520ce1115d2bb0e9387af35e0f6607aa9a9e0,9e5977d59d9162c57e8c7c50306612778a4dba077eb06249e82e5163e603067e,Nc1nc2nn(-c3ccco3)nc2c2nc(CCc3ccc(O)c(I)c3)nn12,Nc1nc2nn(-c3ccco3)nc2c2nc(CCc3ccc(O)c(O)c3)nn12
864d11d7a3f7b41a733c72cb621adc6866c1cec820e3258d3eacbd08cda38ce9,b99133ab876801850a68ec2d692e4bf62901bcf506602b5ec74b76fe0f59d62c,CN1OCC(S(=O)(=O)NCCc2ccccn2)C1[*:1],COc1cccc([*:1])c1>>Clc1ccc([*:1])cc1,COc1cccc([*:1])c1,Clc1ccc([*:1])cc1,30393,33822,1,1,1.0,18,8,7,26,25,7,5-9,CN(C)CC[*:1]>>Fc1cccc([*:1])c1,735a993cf9c88fb9f9186137585909d185b730411604fa8a4b6603420e73c624,60903e3d29fef55e4270c0c4cf8b3c7c008ed29a360239fc3821b26eeb45a1f3,COc1cccc(C2C(S(=O)(=O)NCCc3ccccn3)CON2C)c1,CN1OCC(S(=O)(=O)NCCc2ccccn2)C1c1ccc(Cl)cc1
a8ecf6cef2560f44a48404a0ed0cc1f174dc76dcbc4798cc940f682c0a0502d4,1738f67384f42fd8548d718fb65993d632776ef82c4e712928bcb9d5bb9b92e4,O=C(Nc1nnc(C[*:1])s1)N1CCc2ccccc2C1,CC[*:1]>>COC(=O)CC[*:1],CC[*:1],COC(=O)CC[*:1],31540,23741,1,1,1.0,19,2,6,21,25,7,5-9,C#CC[*:1]>>FCC[*:1],c10d9f359f4a56c03e0c152f49fd867a3536e164cc45b4dec6fe4f9633b1472b,584452bd0b3d2d654637e78f5928d7b9ef249e334ff218392c40cf035034d8a3,CCCc1nnc(NC(=O)N2CCc3ccccc3C2)s1,COC(=O)CCCc1nnc(NC(=O)N2CCc3ccccc3C2)s1
948ba821eeb450c0867f486d0081fee7698cb9bef7c4c53a68c038825813eaa6,9db51d14ca5262152562eb868754c4c656af036a41d393e70b318e13dd820172,Cc1cc(C(=O)N2CCCC([*:1])C2)nn1-c1ccccc1Cl,CNC(=O)[*:1]>>OC[*:1],CNC(=O)[*:1],OC[*:1],40912,13623,1,1,1.0,21,4,2,25,23,7,5-9,O=C(O)CC[*:1]>>OCCC[*:1],8eb43e207164747b2bcaa861a4065b2f484650f736efc02d699443690eb58b27,747de9a7bad51153d535c89b24b563dd47a6f43e33ee4603d529f93c595b09c2,CNC(=O)C1CCCN(C(=O)c2cc(C)n(-c3ccccc3Cl)n2)C1,Cc1cc(C(=O)N2CCCC(CO)C2)nn1-c1ccccc1Cl
1b5420e4e3418428c1f2bf15aa28798bd3c8fe250554c3829d1b6b5c0e711877,05ffbe4c19efaefd7a890219ba4eb9e4b6a06d4d46eb7d93a0eab2b58957d270,O=C(CCOCc1ccccc1)NCc1nc([*:1])cs1,CCOC(=O)[*:1]>>NC(=O)[*:1],CCOC(=O)[*:1],NC(=O)[*:1],21408,41167,1,1,1.0,19,5,3,24,22,7,5-9,Cn1cc([*:1])cn1>>FC(F)[*:1],a4f72711926870245ee66e45036a281b7067ab36b883e6e8eb83f83b316a4c69,022e62b2c0778dfa338d78e8135fc8ab2632741ab4c3420e4e2bb127f48cbdd9,CCOC(=O)c1csc(CNC(=O)CCOCc2ccccc2)n1,NC(=O)c1csc(CNC(=O)CCOCc2ccccc2)n1
57c7383d0f632c34ac8e2d3f2a8fa86ec008272e73cb82e995c5fdca204e0fb0,2ff1634307634df487a03b0ba8b63eac1d72f70b93bb67ff0b9a0f002accd04f,O=C(CO[*:1])NCC1CCC(F)(F)C1,COc1ccc([*:1])cc1>>Fc1ccccc1[*:1],COc1ccc([*:1])cc1,Fc1ccccc1[*:1],29211,44730,1,1,1.0,13,8,7,21,20,7,5-9,Cn1nccc1[*:1]>>c1ccc([*:1])cc1,24d572c1eb047ae91341a0eb2c0044a2f2e98066d89872dfe8a3a32254bb2c44,5960431d8a06795867ec78a70378e1e4a729febb7d3ad05a0a1687c3fa98454b,COc1ccc(OCC(=O)NCC2CCC(F)(F)C2)cc1,O=C(COc1ccccc1F)NCC1CCC(F)(F)C1
18d3a492953f0c522aea152d5a198fb69c05e2363280d47b3b4c0804305a7659,2c73ca936990fd660ad013ca92826dfa5b080f6c8617e1ab12da710cc82c9b7a,CN(C)C(=O)c1cncc(NC2CC(N(C)C(=O)CC[*:1])C2)n1,CC(C)[*:1]>>C[NH+](C)[*:1],CC(C)[*:1],C[NH+](C)[*:1],6302,21649,1,1,1.0,22,3,3,25,25,7,5-9,C1CCC([*:1])C1>>CC(O)[*:1],b881c53ffa0748a5a860238c1f01426a6fbfdde105e4c7bc5432e31ce6e204fa,c0e3cee4b8958c8e283ddbea75f73cb8809cc64b2f6da364ee5cd2e86fffc211,CC(C)CCC(=O)N(C)C1CC(Nc2cncc(C(=O)N(C)C)n2)C1,CN(C)C(=O)c1cncc(NC2CC(N(C)C(=O)CC[NH+](C)C)C2)n1
b4d13a82e6059f658105954592f1b8e8299ad072932abdc2920d2d713f0ca69a,fdc434dcdddb88b4c0d689d7a016cbfa0865b074401c02122293cb66679a13dc,O=C(CCc1cncs1)N1CCC2C(CCN2C(=O)[*:1])C1,CC(C)=C[*:1]>>CC(C)[*:1],CC(C)=C[*:1],CC(C)[*:1],5209,27510,1,1,1.0,20,4,3,24,23,7,5-9,C1CN(CC[*:1])CCO1>>CCC(C)[*:1],fa2b5a98548dc405450f86ee580a68b13ef62702e1aab961422f3df61f3b4e06,01a999f3ee102b1d7fd28ce1035a332710621bd43c4327e6687eb5ebb44a8114,CC(C)=CC(=O)N1CCC2CN(C(=O)CCc3cncs3)CCC21,CC(C)C(=O)N1CCC2CN(C(=O)CCc3cncs3)CCC21
f141d9e4124a9ea3218ab32f22b12e81875ca49564eaffbea9442559ac238214,910485088d503b5127f5adfb6b4abe56fa3f0db33f0a31cb3f37b2033440e14f,Cc1cc(C(=O)N(C)C2CCN(C(=O)[*:1])CC2)co1,CCC[*:1]>>COC(C)[*:1],CCC[*:1],COC(C)[*:1],43451,31706,1,1,1.0,18,3,4,21,22,7,5-9,C=C1CCC([*:1])CC1>>Cn1ncc([*:1])c1N,3bb75657b9ad10dc67368fb75f2391effb1fae9ab92532318a9638cae5925b8e,af86775e4407239f33a8534eda491ffde48d7b211518f3be19d825d5fcce3fd5,CCCC(=O)N1CCC(N(C)C(=O)c2coc(C)c2)CC1,COC(C)C(=O)N1CCC(N(C)C(=O)c2coc(C)c2)CC1
1df27effb982f366dabacec3bbb7b8f0930ebd59bd43e44dd8db60ba5089fd76,482a676865e846da27101165bc6632f8c0651787e2355f185ddbb5e957928523,Cn1cc(CC(=O)NC2C[NH+](C[*:1])CC2(C)C)cn1,CCC(C)[*:1]>>FCC[*:1],CCC(C)[*:1],FCC[*:1],27658,47420,1,1,1.0,18,4,3,22,21,7,5-9,C1COCC([*:1])C1>>CSC[*:1],e735d24a55ba3e059109bbe1346d03911da4a6f431627fd6b554be67133eaa79,73149b14c32d1fe41cc198b3e2f47e76fff2260a547f706ae5f3f3b503e4938b,CCC(C)C[NH+]1CC(NC(=O)Cc2cnn(C)c2)C(C)(C)C1,Cn1cc(CC(=O)NC2C[NH+](CCCF)CC2(C)C)cn1
e6d03e458eae910cd42290701694d92b02d41149c519c2e1656b0a83cedfe9fc,fd88b0d716927cc572883da56c99371b36fed78c6d8fc01e16a7ff6bfefdbec0,COC(=O)C12CCC(C(=O)NC(CO)C[*:1])(CC1)C2,C1COC([*:1])C1>>FC(F)[*:1],C1COC([*:1])C1,FC(F)[*:1],7579,7956,1,1,1.0,18,5,3,23,21,7,5-9,CCOC(=O)[*:1]>>c1ccc([*:1])cc1,23e59a16dc1bdb92b2432e67566685d0b309c6486eacf55c108a2d18890543ed,c98dc3f9405ad1d4f213ed637d76464e2cfca1e76d15e302aaed069078b3ad2c,COC(=O)C12CCC(C(=O)NC(CO)CC3CCCO3)(CC1)C2,COC(=O)C12CCC(C(=O)NC(CO)CC(F)F)(CC1)C2
df7007578703e5807db21763de41153027d92c6b76f648f42419b6774d46226e,f00ab5ee684cb4c25ba710a13ccac2077e84b683a29e36089155a4888f720927,Nc1nc(Nc2ccc([*:1])cc2)sc1C(=O)c1ccc(F)cc1,CC(C)[*:1]>>CCOC(=O)[*:1],CC(C)[*:1],CCOC(=O)[*:1],22658,9427,1,1,1.0,22,3,5,25,27,7,5-9,CC(=O)[*:1]>>COC(=O)C[*:1],36cd03af74955a768d48ece4fd4425933e8fd2348ff51507dc8be3d2400e0cee,3a897fdd7101d68d54a3ac516a9815c435fe213b183af7766f72c065b0e8a31a,CC(C)c1ccc(Nc2nc(N)c(C(=O)c3ccc(F)cc3)s2)cc1,CCOC(=O)c1ccc(Nc2nc(N)c(C(=O)c3ccc(F)cc3)s2)cc1
0e9b72e97730cb6a0f36c0df051f8974ea83ffb7320861b1c011ca2ecbadf30f,ebf5b609d37dd8e5c7033cc2c2d17e04dc0c681c8b0ff1eb2cc9635c45cc6033,O=C(C[*:1])N1CCC2OCCN(CCCF)C2C1,Cc1ccc([*:1])o1>>c1coc([*:1])c1,Cc1ccc([*:1])o1,c1coc([*:1])c1,2182,44695,1,1,1.0,17,6,5,23,22,7,5-9,CC1CCC([*:1])C1>>Fc1ccc([*:1])cc1,3fae8d39937ddcd2603ba08b68e275dfa747d9710fb1c840f62c2ec6abb1e717,bd8a86f07bad5f76da54350611e9a054374a3f9e9cc37717b18bc13ecfdb8752,Cc1ccc(CC(=O)N2CCC3OCCN(CCCF)C3C2)o1,O=C(Cc1ccco1)N1CCC2OCCN(CCCF)C2C1
43aeb95f82b7fe100953343bbdbbe66aff5c183eb897c47f1f44c11cf1a129e4,f9b59b73d98d8abd0f80ef8e62b347694b74fa0c8603ae4bd904535d73d768a4,CCc1occc1C(=O)NC1CCN(C(=O)C[*:1])CC1C,CS[*:1]>>NC(=O)[*:1],CS[*:1],NC(=O)[*:1],7961,18873,1,1,1.0,20,2,3,22,23,7,5-9,C1CC[NH+](C[*:1])C1>>C[*:1],9ed7a57c54c0fe2a2b1b6ae740d92df4f8e47aee5713aa1f9111bac12bd688e7,6b9138a7388a4be71e1c83c02ff9533faf30a956ef4ee99880efda16c804313c,CCc1occc1C(=O)NC1CCN(C(=O)CSC)CC1C,CCc1occc1C(=O)NC1CCN(C(=O)CC(N)=O)CC1C
4b737641bac7ac35611603d5d5b33a4baf23a56406674e17433e1ade16415016,e609bb75954d5c7496e5c2a3ac1cb96e03593d8a72a551d0cc116e3f1233480a,CC(CC[*:1])N1C(=O)CNC(=O)C1C,CC(C)C[*:1]>>CN(C)[*:1],CC(C)C[*:1],CN(C)[*:1],18869,1364,1,1,1.0,13,4,3,17,16,7,5-9,C=CC[*:1]>>Cn1cc([*:1])cn1,ab8e6be57c2150e2e0aafee86d3c11a948666f4f99bbfab364929c8e8c841a72,dec06df6c9586887feca2a083de60133ddf7d1117904d9ccf38426b324c954d6,CC(C)CCCC(C)N1C(=O)CNC(=O)C1C,CC(CCN(C)C)N1C(=O)CNC(=O)C1C
c30d61cf0bca8b0a534f1d17b35464214865abaccdfd1e4cfa20a2a1cd7777b3,46e6f7aef3e1d643ad69af5864688c9586c3268257d89c56dbb254fd04b8455c,CC1CCCC(C(C)NC(=O)c2cnn([*:1])c2)C1,CCC[*:1]>>FC(F)(F)C[*:1],CCC[*:1],FC(F)(F)C[*:1],18787,46004,1,1,1.0,17,3,5,20,22,7,5-9,CCC[*:1]>>OCC[*:1],6c8679c64b9d482e4927f59f75711f5af9cfe2fcad1c1776f43087ff43bffd76,57e8f7a7b767636319e6de7470338f23d01d933a7b521a26a346149d028bedb1,CCCn1cc(C(=O)NC(C)C2CCCC(C)C2)cn1,CC1CCCC(C(C)NC(=O)c2cnn(CC(F)(F)F)c2)C1
9e11275ffaa4c62c74383880ef873f781f23f154c5289335d0404a6a5b1571b5,67d860612d8590bd719d8388ba10db0df57e0c34e9ff53e388f1830947678ddf,Cc1nc(NC(=O)CN(C(=O)c2cccc3ccccc23)[*:1])sc1C,CC(C)[*:1]>>COCCC[*:1],CC(C)[*:1],COCCC[*:1],38686,30656,1,1,1.0,24,3,5,27,29,7,5-9,C[*:1]>>FC(F)(F)CC[*:1],66dd2fec1a327c020ead6411363c8f106e962ffd63818d4690815dc99561adcb,792d0e1832d36d0be8a0087bd0537b1588f92a43ed8c9378ade6a9419318c593,Cc1nc(NC(=O)CN(C(=O)c2cccc3ccccc23)C(C)C)sc1C,COCCCN(CC(=O)Nc1nc(C)c(C)s1)C(=O)c1cccc2ccccc12
bff24e4f428a4ddf2ad149d2a2eb5062c06f47c7b643328935a6c5374ad2ff00,3d31d1838d76dbb82d705d2953978e99ac9571956c28654fad97835a105e0f57,O=C(NCc1cccc([*:1])c1)c1cc2ccccc2o1,CC(C)CO[*:1]>>COC[*:1],CC(C)CO[*:1],COC[*:1],45131,45980,1,1,1.0,19,5,3,24,22,7,5-9,C1CC([*:1])CCO1>>c1ccc(CC[*:1])nc1,5b5745f0abb1b3e367d66ecfc303042fcd443c92fcb7067afc0575a01d4bc6cb,0f992ed2ad9c1370ac186ceb6b39fdd3289054f07424de6a762dc9798e2a03d2,CC(C)COc1cccc(CNC(=O)c2cc3ccccc3o2)c1,COCc1cccc(CNC(=O)c2cc3ccccc3o2)c1
947ff14b89caa4c1baed0a7bf9d7f51fa7166dad70f08b21d49889fa83ed2e6a,3173867df2d282810029e983fb35197d11c30a07e30da2343bcf44dd6837c354,C(=C[*:1])CN1CCOC(C2CCCO2)C1,Clc1ccc([*:1])cc1>>Fc1ccc([*:1])cc1F,Clc1ccc([*:1])cc1,Fc1ccc([*:1])cc1F,48130,31823,1,1,1.0,14,7,8,21,22,7,5-9,C1CCN([*:1])C1>>C1CCN([*:1])CC1,c4ca9a4e56c81804620ae418c87fe3c7528fd8457aa6dad7cfaa0ee53593955f,26c4c80275cdd32c69c8fe0e08e6ce43585811d5ee3d16b49d8a9d9e39b04270,Clc1ccc(C=CCN2CCOC(C3CCCO3)C2)cc1,Fc1ccc(C=CCN2CCOC(C3CCCO3)C2)cc1F
c5fd604e5abd0e6705c22ca8df9cba706aa781b7f4169ff2596058693088c901,a70a471b9af8031264774bcadb147d39cc9641e53c1db447160b4553c2240942,CC1C(=O)N(NC(=O)c2ccc3[nH]c([*:1])nc3c2)C(=O)N1C,FC(F)[*:1]>>OC[*:1],FC(F)[*:1],OC[*:1],20088,33389,1,1,1.0,21,3,2,24,23,7,5-9,CC(C)OCCC[*:1]>>CC(c1ccccc1)[*:1],ea78cc5f1434c96c3b5aa25736f5f051a69045a227fa4eb4bead6d3b2ef8f773,2f5c574e8a644f3feda37bfb959c310065406e02ff9473356c6abf447d5a314f,CC1C(=O)N(NC(=O)c2ccc3[nH]c(C(F)F)nc3c2)C(=O)N1C,CC1C(=O)N(NC(=O)c2ccc3[nH]c(CO)nc3c2)C(=O)N1C
5637c5d7f47df17481b7a7e5064e15c83614d940e75e59f0b2efc4e04742c952,8a241d3525594dc80a18dc22802f7da9419606b0c2f995881d1bb7e9d2136344,Cc1cc(C)n(-c2nnc(N[*:1])c3ccccc23)n1,Cc1ccc([*:1])cc1C>>c1ccc([*:1])cc1,Cc1ccc([*:1])cc1C,c1ccc([*:1])cc1,37889,14868,1,1,1.0,18,8,6,26,24,7,5-9,Cn1cc([*:1])cn1>>Cn1nccc1[*:1],aa5cd03f1016b78a2a908bfed06f94f4107edb6d8ea529e5f3526e30d054dc93,ab4f9424fa6e7351ea8370adce237532cfa65e5b5dc3f19fc08392769beb7e32,Cc1cc(C)n(-c2nnc(Nc3ccc(C)c(C)c3)c3ccccc23)n1,Cc1cc(C)n(-c2nnc(Nc3ccccc3)c3ccccc23)n1
e5ce968bb9124de58a90e0e2fdf31a6c992ede9d6b1b177b50ac5bba6e51df1a,466acc4eb972075f15faea3feefd4449a3c6d949b6e2779d3544fd827c6d5a02,CC1CCCC(CNC(=O)c2cnn(C[*:1])c2)([NH+](C)C)C1,CC[*:1]>>FC[*:1],CC[*:1],FC[*:1],25326,36238,1,1,1.0,20,2,2,22,22,7,5-9,C1CCC([*:1])CC1>>CCC(C)(C)[*:1],9319b70350dd539ebe073eaa9ed3364a016315490f191f4f9f8616b437700484,ab4e78711720a2e8a1be0f3bb8bd922e65b344a8fca05cbe867d6d54dc3dc2c2,CCCn1cc(C(=O)NCC2([NH+](C)C)CCCC(C)C2)cn1,CC1CCCC(CNC(=O)c2cnn(CCF)c2)([NH+](C)C)C1
3c7aa9b78b24ffc8363de8fd477809d95f8bb97fafdd3f26ada8da460a002546,80f549ae977b45a97748f2412ed2f9c4cf187046548df037c47021118f07bc35,COc1ccc(C)cc1Nc1nc(N)c(C(=O)[*:1])s1,COc1ccc([*:1])cc1OC>>Clc1ccc([*:1])cc1,COc1ccc([*:1])cc1OC,Clc1ccc([*:1])cc1,44794,30818,1,1,1.0,18,10,7,28,25,7,5-9,C1CC(C[*:1])C1>>C=C(C)C[*:1],3b7ade25bf322ba1e1cb2727a46da16b0246e6787c8ee1358e016fe931ed9ae3,f1f96bd717fbf27f547466f423f42c8102419fe90e7a386badb73f7b99445377,COc1ccc(C)cc1Nc1nc(N)c(C(=O)c2ccc(OC)c(OC)c2)s1,COc1ccc(C)cc1Nc1nc(N)c(C(=O)c2ccc(Cl)cc2)s1
92e286c0a012d46a4b82e9f0bcb6af89d63a5662eeb34f876a38fd6eb91cc7e6,6a6e17fa818b630e7bf806f4a633efca1f71d2bcd4a3956ea262f70c5f37584a,O=C(CCc1nc2ccccc2[nH]c1=O)NN=Cc1cccc([*:1])c1,CC(C)CO[*:1]>>C[*:1],CC(C)CO[*:1],C[*:1],3496,15405,1,1,1.0,24,5,1,29,25,7,5-9,CCC(C)[*:1]>>c1csc(C[*:1])c1,89568aaccc889e234fcca861febab99d571744398663d171df16d393af519727,4a9b2a79384d7612ec8bb24a55e66cde54cbd3fe0822c5a3ec0ce7a9a9093527,CC(C)COc1cccc(C=NNC(=O)CCc2nc3ccccc3[nH]c2=O)c1,Cc1cccc(C=NNC(=O)CCc2nc3ccccc3[nH]c2=O)c1
cf7dc5d82705140ab2e9eaaaacca4e81849aeb7fecbf4b3de211b54b0b4958f5,bc326b93e409433accb6776f52978a2b3a0f2837fddb85a9c8201073def0b8e5,CCCC1NC(=O)C(CC)N(C[*:1])C1=O,COCCC[*:1]>>C[*:1],COCCC[*:1],C[*:1],7538,787,1,1,1.0,14,5,1,19,15,7,5-9,C1CC([*:1])C1>>CC#C[*:1],000160e06df59400ae4023d17474d0badb4b8ee6e7e538d45bb17d5c3415f8e4,13f1b99d531fae9a8b925c43429b3f580b6df43c02d921ee88c49efe1d7a3271,CCCC1NC(=O)C(CC)N(CCCCOC)C1=O,CCCC1NC(=O)C(CC)N(CC)C1=O
337c07e4d55814d3552ddcc3595c78a4f5b54ba60ae3c18bc963d6e04176057b,e0c3cb4e82a0ca0e554eeaa1c5702411af2dc3bc5e8ba7841745c2eb38eb8ac1,CCC1(O)C(=O)OCc2c1cc1n(c2=O)Cc2cc3c(C[*:1])cccc3nc2-1,CC(=O)C[*:1]>>COC(=O)C[*:1],CC(=O)C[*:1],COC(=O)C[*:1],44380,34193,1,1,1.0,27,4,5,31,32,7,5-9,C=CCC[*:1]>>COC[*:1],5d4ba099c8a3a304ea2ee568804eb832c3860e12e23df5edf2ffddd980d81e1d,1e28d4e5045b628f5d10f3182f27769e6040e281ebb6b6a6edeb91c45c7288fb,CCC1(O)C(=O)OCc2c1cc1n(c2=O)Cc2cc3c(CCC(C)=O)cccc3nc2-1,CCC1(O)C(=O)OCc2c1cc1n(c2=O)Cc2cc3c(CCC(=O)OC)cccc3nc2-1
0ba0154605186d19e2cea9faaffe4aee48099feaf06cde93e06efaaf666dbdd7,89a06fc26c957897c998c0516d16237179e406bea5b2e91b767f2406998c6001,O=C1CN(CCC[*:1])C(=O)CN1,FC(F)(F)[*:1]>>O=C(O)[*:1],FC(F)(F)[*:1],O=C(O)[*:1],47973,16267,1,1,1.0,11,4,3,15,14,7,5-9,FC(F)(F)C[*:1]>>c1cc([*:1])cs1,916553cfd757101d12cd23bc837ba60dbc193b4b78f5e3dbf523effd1778d069,e79ec412f1e68619fdbebfc1c5e2ba1f10f4b71bcd3806ce26e4a2e9d1176679,O=C1CN(CCCC(F)(F)F)C(=O)CN1,O=C(O)CCCN1CC(=O)NCC1=O
c5c3459bce5a2451cdaed4e73c012e4e88f57701d43a4a1dbb7b5e4e29b16552,3b50a693432fc82fcf44db8c0940e5aee68fc32cab4624f3293de94b8e1d26ea,OC1CC2CC1CC2C[*:1],CCC[*:1]>>OC[*:1],CCC[*:1],OC[*:1],20052,15106,1,1,1.0,9,3,2,12,11,7,5-9,Clc1ccccc1[*:1]>>c1csc([*:1])c1,69f4076af090a3ab73236a0138734ec64b04b4f7eb0e94ba9da1e0626bb97a62,c1e2b60614d19246d70145ec6081aab3dd15c35fd738d168864c0d1b30685ee8,CCCCC1CC2CC1CC2O,OCCC1CC2CC1CC2O
bf270b5f53957750dd5ee41f590217a6fdcc75fbdf64f15802364094213205a1,2adb6aa94befe769a0f8cbc3a28c99e9db95dc3470da69bbe90b767d18ca9900,Cc1[nH]c2ccc(F)cc2c1CCNC(=O)C[*:1],Brc1ccccc1[*:1]>>Cc1ccccc1[*:1],Brc1ccccc1[*:1],Cc1ccccc1[*:1],47202,31878,1,1,1.0,17,7,7,24,24,7,5-9,CN(C)C(=O)C[*:1]>>COCC(O)C[*:1],3937c4ebe9185fd9276c1fe11936f3e5716796e353611e857a9981d1f77e7808,9c5473cbf9d4c807f140d12e175159cd34135a53769c8f790d1d9958cc537c1e,Cc1[nH]c2ccc(F)cc2c1CCNC(=O)Cc1ccccc1Br,Cc1ccccc1CC(=O)NCCc1c(C)[nH]c2ccc(F)cc12
22b7375483fc8f4fca8a8a1255c65d042db1e4344c8389a4d1e4e054d4b9313e,08365a85a064813f440284bb1d13f1a2b0f9427c3e4494f6076b7e0e2f81ac10,Cc1cc(NC(=O)C2CC2C(=O)NC[*:1])no1,CC[*:1]>>CN(C)C[*:1],CC[*:1],CN(C)C[*:1],43572,373,1,1,1.0,16,2,4,18,20,7,5-9,C1CC1CC[*:1]>>NC(=O)C[*:1],1de4f05a7ff1fa9978b30ebbf48994dc25ecab1711277e97bb9e5f71f5b665e4,3de4b8904b4d8f3addc08274df070aa01f9bc5c6392130e90a1a5d429fd8c798,CCCNC(=O)C1CC1C(=O)Nc1cc(C)on1,Cc1cc(NC(=O)C2CC2C(=O)NCCN(C)C)no1
28fd2d5ea3a15a74594770aa49e4bb3872bf723d4542442f245bcff03fee5441,af4aa691b053c600f3ee88a7146518e8bb123e638669c2bd2e93f52dd22fa043,Cc1ccc(C[NH+]2C3CCC2C(NC(=O)[*:1])C3)c(C)n1,CCC(C)C[*:1]>>CCOCC[*:1],CCC(C)C[*:1],CCOCC[*:1],32479,15929,1,1,1.0,19,5,5,24,24,7,5-9,CC[*:1]>>OCCC[*:1],efdd5fca7053ac46b785b8dbea10452a23b0730de21feaaa6a2ed3b44b77d3ce,95256901bb9b7a22f44f8b321f7a414f3bf182b7b7f655ff1e357fc73c08300a,CCC(C)CC(=O)NC1CC2CCC1[NH+]2Cc1ccc(C)nc1C,CCOCCC(=O)NC1CC2CCC1[NH+]2Cc1ccc(C)nc1C
ef35854f5a8d1721cf15312d48522eb79b4907e584101b315ad796cd0157668e,651601d75d19d15293528139100f79b22a7a8d83e6ffb5546f691897e485fc29,O=c1ccc(-c2cccc([*:1])c2)cn1CC1CC1,CC(C)O[*:1]>>O=C([O-])[*:1],CC(C)O[*:1],O=C([O-])[*:1],21678,37546,1,1,1.0,17,4,3,21,20,7,5-9,Cc1cc([*:1])on1>>Cc1cnc([*:1])o1,884cafad51196ff72ea064f548b41258530a3bdad4afb8e07595d679def4f28c,8ccdffab3684d78dd4fbeebf111a7a2d3ae77c2bbc7c8dc7f832aeda56e47f42,CC(C)Oc1cccc(-c2ccc(=O)n(CC3CC3)c2)c1,O=C([O-])c1cccc(-c2ccc(=O)n(CC3CC3)c2)c1
04dea6ab2d37656266845e7ce83c20b4716633780f6d11e7a017e717c89ea236,04716737cd1a058e66bd1625bf15e559d223ae3f30278a49acec52b1256ffc7c,COc1ncc(Nc2ccccc2[*:1])cc1C,CCO[*:1]>>FC(F)O[*:1],CCO[*:1],FC(F)O[*:1],2119,30540,1,1,1.0,16,3,4,19,20,7,5-9,F[*:1]>>NS(=O)(=O)[*:1],f0b5d6c54b6461c8bbd021e04f64aff1fcc55aabb4e17215d6360dd9778c73d4,6e3d479b350da096ac4c5398e8a16c9ab5da91f98d24bf86ddb7b8a25dc63709,CCOc1ccccc1Nc1cnc(OC)c(C)c1,COc1ncc(Nc2ccccc2OC(F)F)cc1C
f7406df3aa42dc42edfb36080fff5031f37891dbe82627e1320725478f62d0d5,3ad1e70848b14856eddffb9a2689dbf653f95f435940688676ca880b03716d0f,COC(=O)CC1CC(NCC2CCCCC2)CN(C[*:1])C1,NC(=O)[*:1]>>NC[*:1],NC(=O)[*:1],NC[*:1],12695,31950,1,1,1.0,20,3,2,23,22,7,5-9,FC(F)(F)[*:1]>>c1cnn(C[*:1])c1,d53511461d06c9383e0a72dd1024bf824c7260fdb602965a2a5bb84f1df677a7,f3585438f5d50a6ef719e2487ad43c2a7afbc8937c0bc59616f88d8acc7814e2,COC(=O)CC1CC(NCC2CCCCC2)CN(CC(N)=O)C1,COC(=O)CC1CC(NCC2CCCCC2)CN(CCN)C1
273f2059992869c3630f9cbe80cf378a843fe669f53186dca6d47eb29770ce2e,aac138a8404cf8cd36a2169a6378b7a9112da5f9c92dd1dd75e7dd969fae5bd9,C=CCN(CC=C)c1nc([*:1])n2oc(=O)nc2n1,CC(=O)N[*:1]>>N[*:1],CC(=O)N[*:1],N[*:1],20531,46195,1,1,1.0,17,4,1,21,18,7,5-9,CC(C)(C)OC(=O)NC[*:1]>>CC(C)C[*:1],018a4183c1c33139f40bb8fef30fe3562c045763c8616064f1e42aa610322e87,f37acdedd61ee9660c841cf474613b95c9cade0f13d1e82a6470a8db0aa09137,C=CCN(CC=C)c1nc(NC(C)=O)n2oc(=O)nc2n1,C=CCN(CC=C)c1nc(N)n2oc(=O)nc2n1
9c8380269684bd1a86761a08d8056240284c36b8b2fdbfc80180896beb4ba5fc,16c440e15aef68734b25c5c98c53961898a6bf9685bc11cf6e27a1c3e783bbc8,CC[NH+](C(C)CNC(=O)c1cocn1)[*:1],Fc1ccc(C[*:1])cc1>>Fc1ccccc1C[*:1],Fc1ccc(C[*:1])cc1,Fc1ccccc1C[*:1],31288,37608,1,1,1.0,14,8,8,22,22,7,5-9,CC(C)(C)[*:1]>>O[*:1],938d4f894f9f48ed7d1958f74064b752a8c575819801be0ec563dce9b65a51f8,aabc86a65c87ac9089a0c12ca73a43df90e79ca5b28ac9d4d2ed4beade7aa32a,CC[NH+](Cc1ccc(F)cc1)C(C)CNC(=O)c1cocn1,CC[NH+](Cc1ccccc1F)C(C)CNC(=O)c1cocn1
2b3ffb71991ea339e259de1f188f0d29bb8baef6ac8186f2e863a162d10f3c28,f5e54e6e79440cf51dfa91e91e38bd547aef9c0564a6d23ed7eac5e6e2f91614,O=C(NCCC1=CC[NH+](CCOCC2CCC2)CC1)[*:1],CCC(C)=C[*:1]>>CCC(C)C[*:1],CCC(C)=C[*:1],CCC(C)C[*:1],38234,38623,1,1,1.0,19,5,5,24,24,7,5-9,Fc1ccc(C[*:1])cc1>>c1cncc([*:1])c1,0b90db9baa74c66d6167f72de0e29b0386c00edd08acca2ca555f5a0f4708783,3735240b70d47d08839daa3c50be2a695d7eddc1a72daf50019f55109bbcc723,CCC(C)=CC(=O)NCCC1=CC[NH+](CCOCC2CCC2)CC1,CCC(C)CC(=O)NCCC1=CC[NH+](CCOCC2CCC2)CC1
5fb47aaa1535406ede9b70a1788326ef7f462ab9fe3ca485df154c14f4f0875b,86ecf0d3f5206206180a6716f84dcefdf7c376b493603cf47900465ef2e5bbb1,O=C(CCc1cn[nH]c1)NCC1CC[NH+](C[*:1])CC1,CCC(OC)[*:1]>>COC(C)[*:1],CCC(OC)[*:1],COC(C)[*:1],35441,44845,1,1,1.0,18,5,4,23,22,7,5-9,C1CC1[*:1]>>c1n[nH]cc1[*:1],c7e7d6461006c3f14f25923bbba24c88b5d8a58d432fbe0e1a93ade6d645d1d0,b5825bb75883ac23c0ab477bdfa3df989cacace281fbb18abaec43947c15dae1,CCC(C[NH+]1CCC(CNC(=O)CCc2cn[nH]c2)CC1)OC,COC(C)C[NH+]1CCC(CNC(=O)CCc2cn[nH]c2)CC1
1b0ec1be9f24174b63dd20cdc9aeebe6795abe93eae25d16a96840e267d9b840,5cad426367a111e767052896ec01a2b9262b3325b43709b471c905dd79b2d3d2,Cc1n[nH]cc1C(=O)NC(C1CCCCC1)[*:1],COC(=O)C[*:1]>>NC(=O)C[*:1],COC(=O)C[*:1],NC(=O)C[*:1],6598,30754,1,1,1.0,16,5,4,21,20,7,5-9,CC(C)C[*:1]>>Fc1ccc([*:1])c(Cl)c1,d6a717be1064bd8f7e710cbaec6c4947ad6fa983299cd3c96fb43f928c6aa3ce,b310dcb42ba8afba19567c1085f0b6096b3274dc9c955d7bb6c9026f31a34f36,COC(=O)CC(NC(=O)c1c[nH]nc1C)C1CCCCC1,Cc1n[nH]cc1C(=O)NC(CC(N)=O)C1CCCCC1
15b12464bf040a150bbaf2a3a6ad10fec2a0a84e4cee3dd311401c7ae8ff16d4,f1ed6fb205c4fd676074773b5b78643b74f5c09514a0aeee6d80ce5abe15360b,NC(=S)c1ncccc1Nc1ccc([*:1])cc1,CO[*:1]>>NC(=O)[*:1],CO[*:1],NC(=O)[*:1],19129,8071,1,1,1.0,16,2,3,18,19,7,5-9,C1CC(C[*:1])CO1>>C[*:1],3e4eb1330c4174dc72ac3a3dbee586531456af82e4e70576011a1a9697b2ada5,aadcab517b42ff62ce98a5b875466bf08a23e0bbfe427c852ac7be960bf7fb3d,COc1ccc(Nc2cccnc2C(N)=S)cc1,NC(=O)c1ccc(Nc2cccnc2C(N)=S)cc1
ce44f0f365a24f3bb8d25b0d6553e8c0ec7f7aca23de664f87f9d01582db4c8e,9eb6c8a9e1474f9cfe6b2617c2b4fd107c81d43a86adaafb13598fbb4d889b76,O=C(OC1CC2CCC1C2)[*:1],C=C(C)[*:1]>>FC(F)(F)[*:1],C=C(C)[*:1],FC(F)(F)[*:1],10716,16693,1,1,1.0,10,3,4,13,14,7,5-9,COC(=O)CC[*:1]>>Cn1nccc1[*:1],83bcdaf4c14fd67bedcd2379b4c63f3721e32ed7b4cd390c057b716a59020078,dd73d7aefce84de7ac81707675ff436fbbf1faca9b739ab112f0abc54bd7c2ef,C=C(C)C(=O)OC1CC2CCC1C2,O=C(OC1CC2CCC1C2)C(F)(F)F
ad4c6403ae4c8c28d57876ee442ee74de3491a69acf58093aed8aa1f46453a1d,220eada4f695299585729c5c21022e617c2568842387937aea0c5e0ef1884b1d,Nc1nc(NCCNc2nc([*:1])cc3nccn23)ccc1[N+](=O)[O-],Cc1cc(C)cc([*:1])c1>>Cc1cccc([*:1])c1,Cc1cc(C)cc([*:1])c1,Cc1cccc([*:1])c1,38031,3840,1,1,1.0,23,8,7,31,30,7,5-9,C[*:1]>>Cc1ccc([*:1])s1,314481e3131f544192686638c15682916ec6d7f534c752695e2217655105d08f,1f824765a511bf85f91954c58b498a1007a4952ea2691424c56c577f9f0ce490,Cc1cc(C)cc(-c2cc3nccn3c(NCCNc3ccc([N+](=O)[O-])c(N)n3)n2)c1,Cc1cccc(-c2cc3nccn3c(NCCNc3ccc([N+](=O)[O-])c(N)n3)n2)c1
031f6d78b60bb1923baba97ecaebdf05903efc061cdb606d6cf33b69839722b0,108831b8585d80f48dde0d5df8f2f7c60f6842752d2955197022c294bc6858e9,O=C1NC(C(=O)NCC2(O)CC[NH+](C[*:1])C2)CO1,CC(C)(C)C[*:1]>>COC[*:1],CC(C)(C)C[*:1],COC[*:1],9910,14201,1,1,1.0,17,5,3,22,20,7,5-9,C1CN(C[*:1])CCO1>>Cn1ccc([*:1])n1,b71c45b5e949770e3512ccea24ba173be450cb72e8dd5b3d3e40c4bdf35393ac,255d82cff0a4222d82018d162b26a2d592f175a14dbfa3de6c224f534c1d4cd7,CC(C)(C)CC[NH+]1CCC(O)(CNC(=O)C2COC(=O)N2)C1,COCC[NH+]1CCC(O)(CNC(=O)C2COC(=O)N2)C1
d7abb44d830bc74a083257114104cb0ada85d461b6704660939d74327e6e816a,bdbdc4ab72cecf1115ba930d660e6b70cf54b13eac8c754a4229189995fc4b4b,OC(CC[*:1])CC1CC2CCC1C2,C#CC[*:1]>>FC(F)(F)C[*:1],C#CC[*:1],FC(F)(F)C[*:1],42710,14616,1,1,1.0,12,3,5,15,17,7,5-9,CC(C)(C)C[*:1]>>NC(=O)[*:1],b90c4a2769ca58f614f3e9c76170f421aeaf14287ec611018af4f51978196444,8aee145fcc605a59ddf44d4a466a227299736a19607947c47a2489d44a678904,C#CCCCC(O)CC1CC2CCC1C2,OC(CCCC(F)(F)F)CC1CC2CCC1C2
086e226e070c652ae92f28f9639693ac224e6298f36d37856800dfb57ad85985,fb83cdd8f1ba7e2bd77d9d48531a84d7f15099fd638e4a6b37e9b52aef6945cc,CC1([NH+]2CCOCC2)CCN(Cc2ccccc2[*:1])CC1,FC(F)[*:1]>>F[*:1],FC(F)[*:1],F[*:1],28266,21457,1,1,1.0,20,3,1,23,21,7,5-9,CC(C)C[*:1]>>c1coc([*:1])c1,01d6d95e1ff82474fd3809f09488e077108c305ae0786606b28bb2ce97aaa987,6145084b91485c44a7e6f183b748b48633f4a555c58a7b5278cf86dee05fbf9e,CC1([NH+]2CCOCC2)CCN(Cc2ccccc2C(F)F)CC1,CC1([NH+]2CCOCC2)CCN(Cc2ccccc2F)CC1
30ca67ba0a3fcff5e4aa8a6e723d37d87c8a09e0bfb90755e58f7fc49cfa9910,3baebcfaef2eef2a2c3eb56469519793c133ea846035367f1429a217af656cf4,O=C(CCC[*:1])NCC1CC(NC(=O)Cc2c[nH]cn2)C1,C=C[*:1]>>NC(=O)[*:1],C=C[*:1],NC(=O)[*:1],29957,15771,1,1,1.0,20,2,3,22,23,7,5-9,C1CC(C[*:1])CO1>>C1CCC(C[*:1])OC1,816363749dc79eb7a3de7cc647b0ac67479e0b661b600c9b7bdf66125d8f2c90,c1fca0bae761388c272f16099969230fb6fcfc7a23251d73a522b29ccc8a6b96,C=CCCCC(=O)NCC1CC(NC(=O)Cc2c[nH]cn2)C1,NC(=O)CCCC(=O)NCC1CC(NC(=O)Cc2c[nH]cn2)C1
4516b81e9c2accb10f6d3f0c9f37b8557e5d873bb6306010d2cb3e8920fdd693,46e5fc7b47cd015e3863a500a42d5e799ef89227096fba1a1dcc189d4d2e3a1f,CC[NH+](CCNC(=O)NCC12CCC(CC1)C2)C[*:1],FC(F)(F)C[*:1]>>OC[*:1],FC(F)(F)C[*:1],OC[*:1],17418,11016,1,1,1.0,18,5,2,23,20,7,5-9,C=C(C)C[*:1]>>CC(c1ccccc1)[*:1],7acf64e5fb7610f2930ddd945675ce0f05f81ef30eac45cb04172e50d5bb35c8,8ca054511886fee8831fb6cb2cb5dfeda9ff911e546ee8a529f54a83ebffc7a5,CC[NH+](CCNC(=O)NCC12CCC(CC1)C2)CCC(F)(F)F,CC[NH+](CCO)CCNC(=O)NCC12CCC(CC1)C2
df4e89a3502198dacf4925429e6cef62bb65ef82bc0eb0a8eb36dd2a199ce674,740dff4aa99910f276fa4e8250f68328fd41f9170b4beba5e0dd89a0f32a3af8,NC(C(=O)NC1C2CCC(C2)C1C(=O)O)[*:1],CC(C)(C)[*:1]>>O=C(O)C[*:1],CC(C)(C)[*:1],O=C(O)C[*:1],24046,16950,1,1,1.0,15,4,4,19,19,6,5-9,Fc1ccc([*:1])cc1>>c1ccc(OC[*:1])cc1,2d5d67ae5138dbbdbbb2a4b8e944f043b958a71d6767e1d585886ac9ddb19277,20aff5b2bc8c89416a5dc85aa0ed7e9ee88a87f1f638b7235bfdfd9084181c62,CC(C)(C)C(N)C(=O)NC1C2CCC(C2)C1C(=O)O,NC(CC(=O)O)C(=O)NC1C2CCC(C2)C1C(=O)O
0ec6f676e34e2d0f67053a9ee1211d517ed3a46e00cf82c1c38e3600d43f3549,0e77db4ac931b967f298bebabf64824c5d99bacb8cbd4012aabec63b70e7c76f,O=C(c1cc[nH]c1)N1CCN(C(=O)[*:1])CC1,C1CCC([*:1])CC1>>CC1CCCC([*:1])C1,C1CCC([*:1])CC1,CC1CCCC([*:1])C1,28104,2836,1,1,1.0,15,6,7,21,22,6,5-9,CC(C)O[*:1]>>c1cn([*:1])cn1,69c95156fb35e5f6e2327cf287f7d496e3f5a8e453ea48102c723cebd5bed4d6,17a60722dc439f38d47e5af5c4db7bf9f68b37cb330101f3ae831b240e71aa6f,O=C(c1cc[nH]c1)N1CCN(C(=O)C2CCCCC2)CC1,CC1CCCC(C(=O)N2CCN(C(=O)c3cc[nH]c3)CC2)C1
87829f5d14e10848c72848461e0f81cad6e31130a5cde4702ffb0d476e115ee4,5ea99ff5726d921bcdfe8898efcad8f8a1708d2a622cff4c2e2a3fc342489dc9,O=C(Cc1ccccc1)Nc1nnc([*:1])o1,Brc1ccc([*:1])cc1>>Clc1cccc([*:1])c1,Brc1ccc([*:1])cc1,Clc1cccc([*:1])c1,8825,17498,1,1,1.0,15,7,7,22,22,6,5-9,C1CCC([*:1])C1>>CC(C)OC[*:1],aa2b26308ba17b3257bd6d96873bdc2d6aad92988455256a3595fdad56b58d7b,5052204dda42b56392a725fa7338abdd2c18ae0de8212e28a67efc2501b21ab1,O=C(Cc1ccccc1)Nc1nnc(-c2ccc(Br)cc2)o1,O=C(Cc1ccccc1)Nc1nnc(-c2cccc(Cl)c2)o1
e4bbfb0b0b1200fc7c66e9451b8e3efb981f730e0a6e26c1be503ba032e56a4e,046ae204bc55106ea9708bc9e7504bea697245803a39603d25bc2ef29b6b4c30,CC([NH2+]CC(=O)NC1CCOCC1)[*:1],Clc1ccccc1[*:1]>>N#Cc1ccc([*:1])cc1,Clc1ccccc1[*:1],N#Cc1ccc([*:1])cc1,4196,11884,1,1,1.0,13,7,8,20,21,6,5-9,CCC(C)(C)[*:1]>>C[*:1],1a8294f808eff7fdd528e4d09fb3cc41ab807b2cd19c19badbbfc7384bd0986e,bd82cbbaf082e9955005b924983591e89561ca76bdb18747ede99756c69c511d,CC([NH2+]CC(=O)NC1CCOCC1)c1ccccc1Cl,CC([NH2+]CC(=O)NC1CCOCC1)c1ccc(C#N)cc1
e51d67479674b558353e59db0980c5d020e08701d5cf984268a2bdd2ea4c4f33,21429d5013749edd3840a45e1ccc8b8a06f5934805a0f7f361ba9a16dcccb031,CN(C)CCNC(=O)c1cncc(Nc2cccc([*:1])c2)c1,CC(=O)N[*:1]>>N#C[*:1],CC(=O)N[*:1],N#C[*:1],11374,12942,1,1,1.0,21,4,2,25,23,6,5-9,C1CCC([*:1])CC1>>Cn1cc([*:1])nn1,3be84d670106ad16fecd12155071db567d86707f93b4d7be1098bab2a485e733,639ecd44bb65e556cd29e5c4926fb0bfd6e859d0696bcc77376fecda87f53097,CC(=O)Nc1cccc(Nc2cncc(C(=O)NCCN(C)C)c2)c1,CN(C)CCNC(=O)c1cncc(Nc2cccc(C#N)c2)c1
63032cc2cbabf6e1e59b29fc71cd74190ad72617dc1e3792ecc4f1cab2064c1c,e4d6fab0dfc893a8a60e1d5cf494c9e43affe3715d8a7d56f9e7663f763ae6de,CC(C)C(C(=O)NC1CC[NH+](C2CCOC2)CC1)[*:1],CO[*:1]>>[NH3+][*:1],CO[*:1],[NH3+][*:1],31827,32911,1,1,1.0,18,2,1,20,19,6,5-9,FC(F)[*:1]>>NC(=O)C[*:1],8a9d0740df5cc67e85bb0517510f7d3df967e613375332428c1a3d1a3bdfa4da,f6519af74269bd7024128a228e0aabf033d9265b5a362cf951d2899d743f7bca,COC(C(=O)NC1CC[NH+](C2CCOC2)CC1)C(C)C,CC(C)C([NH3+])C(=O)NC1CC[NH+](C2CCOC2)CC1
929033aa19dd6de5cdaa9679d44af21450b085f1c1ad83941e23560c98b56507,94439c5a9d3fc13ad3c04cee920879339bf88c0abec704cac97edeb7a660ee76,CCCN1CC(=O)N(C[*:1])CC1=O,CCNC[*:1]>>O=C(O)[*:1],CCNC[*:1],O=C(O)[*:1],37941,10734,1,1,1.0,12,4,3,16,15,6,5-9,C=C[*:1]>>c1ccc(C[*:1])cc1,a12e5e2ae00e3483ed62e7bae2df5f37a0283565f37351303bc8ae083fcd101b,a2da8080061c5c267d680b554c95e972cbc601004bd936417938341c83f5a7c7,CCCN1CC(=O)N(CCNCC)CC1=O,CCCN1CC(=O)N(CC(=O)O)CC1=O
7176f3e5a4cb2d1a8c7e060fc977d3cca813e76aaa37b461f469b67cb8f704be,03aa1c2f3bb3b2d5aed77f482e15b9e59ffdd2583bf982eee2259816d8784416,Cc1cn(-c2ccccc2Cl)nc1C(=O)N1CCCCC1[*:1],O=C([O-])C[*:1]>>OCC[*:1],O=C([O-])C[*:1],OCC[*:1],1096,48384,1,1,1.0,21,4,3,25,24,6,5-9,C=CC[*:1]>>c1cnn([*:1])c1,396e78fef0c40d27fbe15480ef4bea957e5381e37482779cf9308f2ddedfac8a,e660c2ec9aa60997c7e52a88c0ed233a9b2636e866211fc8ab1b1f74a2456c52,Cc1cn(-c2ccccc2Cl)nc1C(=O)N1CCCCC1CC(=O)[O-],Cc1cn(-c2ccccc2Cl)nc1C(=O)N1CCCCC1CCO
49de93be2da3425b282c6a0d89d21d114ec146036e012120e29b58552737dc0c,b7c932d8104e8a4e512c5744612bf91d2219f91e85beb5f428b5c403b989246c,CC12CCC(C1)C(C)(C)C2NC(=O)[*:1],CC(C)(C)OC[*:1]>>CC[*:1],CC(C)(C)OC[*:1],CC[*:1],27772,6053,1,1,1.0,13,6,2,19,15,6,5-9,CC(C)CC[*:1]>>CCC(CC)[*:1],c720089c5a6ba2225f697fecdda1629c748e2f35010e94511de1d81d83bc17f9,139ba2ffb8a9ce4e2b4a00afd0c285a8676be382a004fc3b7e8aba080da03b89,CC(C)(C)OCC(=O)NC1C2(C)CCC(C2)C1(C)C,CCC(=O)NC1C2(C)CCC(C2)C1(C)C
bfab72ba062e107f4b10345ecd69c7db2d8c7cb09796cbc99363c61477d99917,1c0e110611572a8930036183a0f90254736966260609e966a62e332c24226680,CC(CC(=O)N1CCCn2nccc21)[*:1],FC(F)(F)[*:1]>>O=C([O-])C[*:1],FC(F)(F)[*:1],O=C([O-])C[*:1],19055,17705,1,1,1.0,14,4,4,18,18,6,5-9,C#CC[*:1]>>c1ccc(C[*:1])nc1,560d286df528eab0e781a33fdbeac035b55bb83dbae05617d9f5cc92ff7559f0,46d0b3ddf0ca1abac61c1221a0da3eea4dbfef8076d53dc4100ef69c7be6685a,CC(CC(=O)N1CCCn2nccc21)C(F)(F)F,CC(CC(=O)[O-])CC(=O)N1CCCn2nccc21
6e94fce4ceb9bd09aedf9e27e9863e0fe1169adc12cc77c6fe99dc392bf50f53,eb7702263bd6dcf4bb3f65f0f5040698493caae348aab1b4e13b81715233a98a,COc1cc(CNC(=O)N2CC(c3ccccc3F)C2)cc([*:1])c1OC,C=CC[*:1]>>CO[*:1],C=CC[*:1],CO[*:1],38927,9081,1,1,1.0,25,3,2,28,27,6,5-9,Cc1ccc([*:1])c(C)c1>>Cc1ccc([*:1])cc1C,ae515ee5357daf080a8829b87c5e4e440d2fbcd81f7c53e7eafc1cd42b6448fb,a910235b99ce233246e7cc15548a0ad5c667b4564b9220528bacf095e2999a70,C=CCc1cc(CNC(=O)N2CC(c3ccccc3F)C2)cc(OC)c1OC,COc1cc(CNC(=O)N2CC(c3ccccc3F)C2)cc(OC)c1OC
013cba33261157b87bfd9be149ac0288192ad2e673522e404aef40bebbc8ca7a,a2d907b87f3a19425b258ee215ad036e7eec427ba0f1866b613296283bf349f2,O=C(NC1CCN([*:1])CC1O)c1cccc2[nH]c(=O)[nH]c12,CNC(=O)C[*:1]>>NC(=O)C[*:1],CNC(=O)C[*:1],NC(=O)C[*:1],9426,36512,1,1,1.0,20,5,4,25,24,6,5-9,C1CC([*:1])C1>>CC(C1CC1)[*:1],fe794d824b59b602b6785a926328993e3f369f0e09c54b46e0bd1cd715ac177b,0258da41d9952660ea62ff826065eb8691ea6d6db68de3af3fedd8408fc4e33c,CNC(=O)CN1CCC(NC(=O)c2cccc3[nH]c(=O)[nH]c23)C(O)C1,NC(=O)CN1CCC(NC(=O)c2cccc3[nH]c(=O)[nH]c23)C(O)C1
230587d590767475074325f76a0ebbf0981400cc0c679ee6989530b674e23b87,270252eed11141f872cd7696b6d143fd89c1454a7f3a26fb0d4a4ca324524815,Cc1cccc(C[NH+]2CCC(N[*:1])C2)c1,Cc1ccnc([*:1])n1>>c1cnc([*:1])nc1,Cc1ccnc([*:1])n1,c1cnc([*:1])nc1,39199,12535,1,1,1.0,14,7,6,21,20,6,5-9,CCC(C)[*:1]>>c1cncc([*:1])c1,9de31a7c7ff00f18bc9a9d688b704f6aa49d025d527bb3292c2abeb6cc8e581d,82974afa93bade6fd9141ce3044fb6b910aff7523a7b12966b55ed7a778f2875,Cc1cccc(C[NH+]2CCC(Nc3nccc(C)n3)C2)c1,Cc1cccc(C[NH+]2CCC(Nc3ncccn3)C2)c1
24591aa77f575c3d41451e8e4de7a053190a9eb43bb89cbb8a0151ae2894d839,c81a964d3530674b5e1685d14bcbabcc9c92cf7844203b5681180274560cd42d,COc1cc(C(=O)NNC(=S)N[*:1])cc(OC)c1OC,Fc1ccc([*:1])cc1>>O=[N+]([O-])c1ccc([*:1])cc1,Fc1ccc([*:1])cc1,O=[N+]([O-])c1ccc([*:1])cc1,3276,28270,1,1,1.0,19,7,9,26,28,6,5-9,C#CC[*:1]>>CCCC[*:1],584437e25bea2889b295b7c2faa0582f07098b26c91706c67e80d5229358fd4b,a2775f3bf0edca2f3de0f4388bb484c311d62c8a032fb9625bf401ecf4fad122,COc1cc(C(=O)NNC(=S)Nc2ccc(F)cc2)cc(OC)c1OC,COc1cc(C(=O)NNC(=S)Nc2ccc([N+](=O)[O-])cc2)cc(OC)c1OC
bf9564e203effe1391f9a252f8e2e8ffc4106f634d483eba449f3bdf6d1f9091,3fe9e359f854c23f43695f982bafce5a65539f1772b66f2cf5b5b594bfedcd33,C1CC2CC1CC2CC[*:1],O=C[*:1]>>O[*:1],O=C[*:1],O[*:1],33208,12861,1,1,1.0,9,2,1,11,10,6,5-9,COCCC[*:1]>>Cn1cc([*:1])cn1,82574715873d673de78fe661f83b3aaeebf4029d6132be81a71c741c83279903,8d7b8c53acac84023c27f4cbcd27299ba62cf09135eab7c060b991195ed45e32,O=CCCC1CC2CCC1C2,OCCC1CC2CCC1C2
69f7e3f96a49419cce69faab7baac524e145324591e11e9f640075c11ef2542a,66ed8d09d7bb468131089bed3ca1cdfe834722240ab7419d5c645f371e808f34,CC1NC(=O)CN(CC[*:1])C1=O,CC(C)(C)[*:1]>>FC(F)(F)O[*:1],CC(C)(C)[*:1],FC(F)(F)O[*:1],17619,25609,1,1,1.0,11,4,5,15,16,6,5-9,CC(C)C[*:1]>>CC(C1CC1)[*:1],e1b377ea7195c24f739617f4a1090c34be9b8a820d0cfeda590b90ba03ea784b,ae9790060cdbe665cda8fe75338bd8e8f84312f4aed91f05b88d3a55d61bb1c7,CC1NC(=O)CN(CCC(C)(C)C)C1=O,CC1NC(=O)CN(CCOC(F)(F)F)C1=O
0bf637270455b5cd81dd05c319250d4a99528193df204d8f4fb4468050e977d0,5e55c344687fe3c9e64a9093bee0ba814422a302c5a6e9d29638a757c5b90fe3,O=S(=O)(NC1CCC([*:1])CC1)c1ccc(F)cc1-c1nn[nH]n1,CC(=O)N[*:1]>>OC[*:1],CC(=O)N[*:1],OC[*:1],40848,36704,1,1,1.0,22,4,2,26,24,6,5-9,CC(C)(O)C[*:1]>>COC(C)[*:1],a611c19721ff184ee73e4ed1c99a6cd3a653902a0a6060fe99d9d68b696aad6d,1f9082dce7c13027601966ad5c395d2a5e602e77027fbc315c91286c3767c9ad,CC(=O)NC1CCC(NS(=O)(=O)c2ccc(F)cc2-c2nn[nH]n2)CC1,O=S(=O)(NC1CCC(CO)CC1)c1ccc(F)cc1-c1nn[nH]n1
15dfbb6c9a5e23a6d82652782a573f443612cd52ef7ca90cee131acc812a63bd,d0fd91974b217a76e1f6db1569067553cfc65be42673c17673c76e3f17bd5103,CC(O)C1C(=O)N2C(C(=O)O)=C([*:1])SC12,CC(C)(C)[*:1]>>CCO[*:1],CC(C)(C)[*:1],CCO[*:1],7029,34120,1,1,1.0,14,4,3,18,17,6,5-9,C#CC[*:1]>>CC(C)CC[*:1],5908d18123187ddba780d887d155c496523d7d1e57c38a179d5e7b4dea8cf8fb,c07c7a314b45acc3c7b653689b91473f41c8a287108bbdac57a59f836ed82c58,CC(O)C1C(=O)N2C(C(=O)O)=C(C(C)(C)C)SC12,CCOC1=C(C(=O)O)N2C(=O)C(C(C)O)C2S1
e79afb34edc2adf82d3909ad95ab25f10b6e5e2c4ed9912f760a2954ca1c3842,197459b83968c7a6a4989c7fd6e59df9525467398218aea77c4683317a81e423,c1cc(C[NH+]2CCCC([*:1])C2)c2c(c1)OCCO2,CCOC(=O)[*:1]>>OCC[*:1],CCOC(=O)[*:1],OCC[*:1],45964,7266,1,1,1.0,17,5,3,22,20,6,5-9,CN[*:1]>>CS[*:1],82dc7d98ccf4490f18ab2981b4371f25fb727e1cdf76b9eebc3bd0051f8598c9,104bc8dd63eb2b5736b975d885cc860bd72f0f4c278964421a4edbda3c58d806,CCOC(=O)C1CCC[NH+](Cc2cccc3c2OCCO3)C1,OCCC1CCC[NH+](Cc2cccc3c2OCCO3)C1
70c1b76f30dc1f2b4482634f6a815804d66a9a2ace6ff24f3a22425b36a879fa,6413ea3e29af7a115591ff151f57dbe9cf648f3f4db9375afffbf266191acfa2,CC1(C)C2CCC(C2)C1(CI)OC[*:1],CC(C)OC[*:1]>>CC[*:1],CC(C)OC[*:1],CC[*:1],32337,12474,1,1,1.0,13,5,2,18,15,6,5-9,C1CC([*:1])CCO1>>NC(=O)C[*:1],70bb345ea651704e34e85ff4e0ac1c1426549a5c4f71d52e4aa5177e97aa773a,e7e1b32848f2676b85b12a6d3e445aef9ffedf751055323067d7d7e6b58beffb,CC(C)OCCOC1(CI)C2CCC(C2)C1(C)C,CCCOC1(CI)C2CCC(C2)C1(C)C
84a9d96121b9889b085c6c1ca96fcd6488e0d25ac2bd058966e6ebabeccc036f,9e888348d7baf474f91c7e4b06305dc07c84620618546949a284be88793d268e,O=C(Cn1nc([*:1])ccc1=O)N(CCc1ccccc1)Cc1ccccc1,COc1ccc([*:1])cc1>>COc1ccccc1[*:1],COc1ccc([*:1])cc1,COc1ccccc1[*:1],27242,14891,1,1,1.0,26,8,8,34,34,6,5-9,CC(=O)[*:1]>>CCOC(=O)[*:1],a544327e2b420bd4ae8a9a19b82e32d1a5001c6b194479f3bbe8e7f9d0de284a,7ed4adac5da763223685f97917fc273da70bb3a1fb51c0d890f9ba24888c626a,COc1ccc(-c2ccc(=O)n(CC(=O)N(CCc3ccccc3)Cc3ccccc3)n2)cc1,COc1ccccc1-c1ccc(=O)n(CC(=O)N(CCc2ccccc2)Cc2ccccc2)n1
564d1e1f4e99e00e859650eee195cc6a0ff61bbf24966abf50371eef2d969101,413d0f14b6d21c43267dff1d4d3b0a0b92bba38ca940abb0da528869a122bda6,CC(=O)N1CCc2cc(C(=O)NC3([*:1])CCCCC3)ccc21,CCOC(=O)[*:1]>>O=C(O)[*:1],CCOC(=O)[*:1],O=C(O)[*:1],6242,41887,1,1,1.0,21,5,3,26,24,6,5-9,C1CC1CC[*:1]>>C[*:1],fee69622f7c82a4c781cf906850491b8a58fd2e255adcb46470ac8fabfd6b8aa,d6d8eec4ca75bf4671ac3b8f679b964bad0de2f47206b8327f8a57b05f136bcf,CCOC(=O)C1(NC(=O)c2ccc3c(c2)CCN3C(C)=O)CCCCC1,CC(=O)N1CCc2cc(C(=O)NC3(C(=O)O)CCCCC3)ccc21
089a7e56661a4a969dd6c8f8047676e6c52df72dc3a913ea844a630e6f597df3,c7cf32e87b375637f4eb36695c9d778808ea08e9d41615dbcce7caadcbf2f07c,O=C(CSc1n[nH]c(=O)n1C1CC1)c1ccc([*:1])cc1,CCC[*:1]>>O[*:1],CCC[*:1],O[*:1],8629,16852,1,1,1.0,19,3,1,22,20,6,5-9,Cc1ncsc1[*:1]>>c1ccc([*:1])nc1,d44852f31c47e930fd3a301933b600c865c181d7e65c241c716780f29b251247,32e81ac036d1487acdd6ec146dbc94d327a46e107d2344ce6fb613fd9fcac5e5,CCCc1ccc(C(=O)CSc2n[nH]c(=O)n2C2CC2)cc1,O=C(CSc1n[nH]c(=O)n1C1CC1)c1ccc(O)cc1
90c1e4ea687368a6ad583287a061d3efbd391ab545eb1e652e77cf55184eb043,44713afbcb63d5d6e3291c935f638101f6d41a93b10dd30d9f826a6d811ec71a,CC(C(=O)NCCCC1CCC[NH+]1CC[*:1])c1ccccc1,C#C[*:1]>>F[*:1],C#C[*:1],F[*:1],41400,11609,1,1,1.0,21,2,1,23,22,6,5-9,CN(C)C(=O)C[*:1]>>COC(=O)C[*:1],1f14a74c5f8d4ec7b84ffd67f15c075108e5d8cf7f104a4d002044ec8f9ed8e3,f97261400a524eaa0345d996d4b595ff85a843f1816134ca2502f83ca659b4ab,C#CCC[NH+]1CCCC1CCCNC(=O)C(C)c1ccccc1,CC(C(=O)NCCCC1CCC[NH+]1CCF)c1ccccc1
6ea0a80d4b4583f08f06a784862c6f78c26e85d7941f35c5ac9381c0ca1e19d2,cebe0c6051a0764445994ec87765156cd90b54c8187c9ec96a3a68850b2ac127,CC12CCC(C1)C(C)(C)C2NCCC[*:1],C=C[*:1]>>OCC[*:1],C=C[*:1],OCC[*:1],32677,44125,1,1,1.0,14,2,3,16,17,6,5-9,C[NH+]1CCC([*:1])C1>>Cn1cncc1[*:1],c9cffb92dab03cbc27341818352b1f89cbac1a14aa808c3e0f4c9fe87a2f3ee6,0ad5387d28a4e6522c0954e46133d7d1a98689c6dfa7296838ab8be7ec0d7cfe,C=CCCCNC1C2(C)CCC(C2)C1(C)C,CC12CCC(C1)C(C)(C)C2NCCCCCO
1a30c5f42955b5e557d47ec9e0bb291510f540c1e8c691d38e7f472b0f1c840e,b8273ae9c74059ad04f635610f1449512c9fff36e4a958d57b607459666654f3,O=C(NC12CCCC1C[NH+](CCC1CCCCO1)C2)[*:1],CC(C)(C)C[*:1]>>CCC=C(C)[*:1],CC(C)(C)C[*:1],CCC=C(C)[*:1],34188,5779,1,1,1.0,19,5,5,24,24,6,5-9,Cc1cc(C[*:1])no1>>c1cncc(C[*:1])c1,584799cf7d919de66c6319fa63e719e3bf291602093daca81e9e3e1f95b86a90,6fba3179c2b62578d8622206d9ea5b8caa170d133f8e3c5c70836924001b32be,CC(C)(C)CC(=O)NC12CCCC1C[NH+](CCC1CCCCO1)C2,CCC=C(C)C(=O)NC12CCCC1C[NH+](CCC1CCCCO1)C2
17bd8975dca1a64beb54a477b54464d7e9959c9f8b39a2bcd032903f8d0f4328,cac23141ab2d5538bef34a1badd074883ff7cc2b6f27ef339ef1c51daa9fda60,COc1ccc(-n2nc(C(=O)N3CCCCC3[*:1])cc2C)cc1,CC(O)C[*:1]>>COC(=O)[*:1],CC(O)C[*:1],COC(=O)[*:1],4979,26129,1,1,1.0,22,4,4,26,26,6,5-9,Fc1ccc([*:1])cc1F>>Fc1cccc([*:1])c1F,2192a2c4cb50abb259e1aea0568f9d20544914bd9c14cc3ce047419252eee2b4,f2332e7b08f30ddc5e154930eb3b5ea20eea59a003fb046c2c23bf0ab664406c,COc1ccc(-n2nc(C(=O)N3CCCCC3CC(C)O)cc2C)cc1,COC(=O)C1CCCCN1C(=O)c1cc(C)n(-c2ccc(OC)cc2)n1
26be961412b6ad7a4ecf191a3c54dde1c5b375a01c9e3389cd4352c97975d7df,1d263d2af5ea22bc8dceacc7c472963a430224341688da93e3237e148d3237df,CC([NH+](C)C1CCCN(C(=O)c2ncc[nH]2)C1)[*:1],Clc1ccccc1[*:1]>>Fc1ccc(F)c([*:1])c1,Clc1ccccc1[*:1],Fc1ccc(F)c([*:1])c1,13017,8102,1,1,1.0,17,7,8,24,25,6,5-9,ClC[*:1]>>N[*:1],bf7ed990d2e0ead5e421bb71e6027d219506b86c27f1189b6af50387431db375,6a51e5d2a9e03c8328a4c753c7c321bd194fb5047b910772e3a07fa490615995,CC(c1ccccc1Cl)[NH+](C)C1CCCN(C(=O)c2ncc[nH]2)C1,CC(c1cc(F)ccc1F)[NH+](C)C1CCCN(C(=O)c2ncc[nH]2)C1
a438af2487d598f577542cdd0d31595004bf2f434979b1de2272cc763b5eaf2f,ce9c83132bdfe5616fe89fa9c96c22213e4bbad9861a357364dae632993cbf45,CCC1(O)C(=O)OCc2c1c(O[*:1])c1n(c2=O)Cc2cc3ccccc3nc2-1,CC(O)[*:1]>>CCOC[*:1],CC(O)[*:1],CCOC[*:1],28061,28673,1,1,1.0,27,3,4,30,31,6,5-9,CC(O)[*:1]>>NC(=O)C[*:1],da245917b97da08e53c9c924499aaa3ad0f326fc127a1a5c6718cdd71f524125,e6a094ad69b5adb6f6280b152b968a4e68dbd9bd74a0078ee0b6ae93e6a8ccb1,CCC1(O)C(=O)OCc2c1c(OC(C)O)c1n(c2=O)Cc2cc3ccccc3nc2-1,CCOCOc1c2c(c(=O)n3c1-c1nc4ccccc4cc1C3)COC(=O)C2(O)CC
019e3ffe57fda96bbc5f7f245a1e44846eddccacd101c4c125ddcdefe5bd6a3a,f0b4a6f3c31a20d8ee6f2e0567723e93f6f97e861002bd06150d8f000f1dc2cf,CN(C(=O)Cc1cn(C)nc1Cl)C1CC[NH+]([*:1])C1,C#CCC[*:1]>>CC(C)C[*:1],C#CCC[*:1],CC(C)C[*:1],38343,1549,1,1,1.0,17,4,4,21,21,6,5-9,Br[*:1]>>ClC[*:1],12518c02f9e89cb31944325749f75ba1431cd9d4fa7e4bf3a456ed53d16eb3a5,4d1b2d8db2d577681490cdd0301b57451c0a964aa099b322340a031db70625e9,C#CCC[NH+]1CCC(N(C)C(=O)Cc2cn(C)nc2Cl)C1,CC(C)C[NH+]1CCC(N(C)C(=O)Cc2cn(C)nc2Cl)C1
25257554a81376bd82997b317eabae1c9bbf3ed402947cdab271f81d0c767ff2,02bf08372348c2f8292a760199afa23fce5fae147fea34fd3d7235e69b769d57,CC1(CNC(=O)Nc2cccc([*:1])n2)CC1(F)F,F[*:1]>>N#CC[*:1],F[*:1],N#CC[*:1],21488,24586,1,1,1.0,17,1,3,18,20,6,5-9,CC(O)[*:1]>>N[*:1],9c3b186fbcd7b92fff9e157b7bf705cec8d2a11db1e1598b8acf05eb219aee1c,4ae7f637ee82a8deac30bab2623ff4946f836f40ed4e0d4e6a6b91b9cf072c25,CC1(CNC(=O)Nc2cccc(F)n2)CC1(F)F,CC1(CNC(=O)Nc2cccc(CC#N)n2)CC1(F)F
f7c2b9503f4b20d4bcf223da1046f82cf7c246bb4a0f7eeae77e6470e778227e,f285180db44c3ecf22b3118ec92013af9657cdc459d36807a9b42bdeed5b6648,Cc1nc(NCC2CCC[NH+](C)C2)sc1[*:1],C[*:1]>>NS(=O)(=O)[*:1],C[*:1],NS(=O)(=O)[*:1],48391,48109,1,1,1.0,15,1,4,16,19,6,5-9,COC(=O)C[*:1]>>Fc1cc(F)cc([*:1])c1,7b1e954b6250b5f18fb9d907ef1829e38fab3a02e0db88a03d4246d21b00edbb,3483ecb8615bcc6ba73a622e86cd8d1f68745bc58ac6aeca39966a63a0a51df0,Cc1nc(NCC2CCC[NH+](C)C2)sc1C,Cc1nc(NCC2CCC[NH+](C)C2)sc1S(N)(=O)=O
927e5fd8b7b77251a7458be019622779d37166d876f2a2c6edda94e5b8116475,2200d07c1749f9d58bffc5e3207f2afe6e7620be967ccd59f8cdad8feac748cf,O=c1cc(-c2cccc3cnccc23)nc([*:1])[nH]1,CCOC[*:1]>>COC[*:1],CCOC[*:1],COC[*:1],37984,36059,1,1,1.0,17,4,3,21,20,6,5-9,C[*:1]>>c1c[nH]c([*:1])n1,e337846278e4303f90dc758f96137867202cb06308689b8e8f5e4f346d66ef24,1f48db3c7c8bc14447a6210b2e7e319536bbb0b1af96941a84f843dce30dea24,CCOCc1nc(-c2cccc3cnccc23)cc(=O)[nH]1,COCc1nc(-c2cccc3cnccc23)cc(=O)[nH]1
375ac15b8c1967d182fc45cd6ea8284bf99b8c09a3267130edac0dfa13c9c48b,f7412b2a0b24270ca55723ccc2d19aa6ea968b7a57a6201e98c99e1c9f89f7e2,COc1cc2c(cc1F)CN(c1ccnc([*:1])c1)CC2,CNC(=O)[*:1]>>N#C[*:1],CNC(=O)[*:1],N#C[*:1],29018,820,1,1,1.0,19,4,2,23,21,6,5-9,CC(C)(C)OC[*:1]>>C[*:1],42970b7867f43f0d6032a71aae69f413a30480718e3526a78f349a9b1573290d,30814f66e4e5660fda725a76e9fea5ad544724158f776b96ca9bf9e4e780d1c1,CNC(=O)c1cc(N2CCc3cc(OC)c(F)cc3C2)ccn1,COc1cc2c(cc1F)CN(c1ccnc(C#N)c1)CC2
ccd894097063817683dbdecaa553ebef4279b3a3c9807d35c55a877a02067c92,55f0ae9d4af07f49856bf634096e69cc4dc65ee4f969643408f4805ad21e2240,C[NH+](CC1CNc2ccnn2C1)C[*:1],C=C(C)[*:1]>>OC[*:1],C=C(C)[*:1],OC[*:1],21814,44739,1,1,1.0,13,3,2,16,15,6,5-9,C[*:1]>>Cn1nnc([*:1])n1,fd8281ebdc8075ee5c9b7bcdb7040f8f992bd7ab5456f3a2b5225366f5f0c1b2,01c3b24a6083d93fe35723a59b1457c91741e30f82aad6b310097a353aca175b,C=C(C)C[NH+](C)CC1CNc2ccnn2C1,C[NH+](CCO)CC1CNc2ccnn2C1
8ca2b56170a6fe404eeaaf9975c76668e195f5619185173c70c518b1d09e0d2f,ea10c0198ed47b1a0ff90cfbeb6b25e27844b2747273eafd00480bf817b93a28,O=S(=O)(C=Cc1ccccc1)NCCc1ccc([*:1])cc1,CCOC(=O)[*:1]>>CO[*:1],CCOC(=O)[*:1],CO[*:1],8589,32806,1,1,1.0,20,5,2,25,22,6,5-9,CC(C)(C)C[*:1]>>c1nc(C[*:1])cs1,9e854dd98da3eb3b20d2692ec20e8b8ab62c66486cd54b0ac47bd3b8cd032906,68f15ae4add3322cb62faab1237c277e384fe57e0dee5bd8a0b6a52ba86ebc9b,CCOC(=O)c1ccc(CCNS(=O)(=O)C=Cc2ccccc2)cc1,COc1ccc(CCNS(=O)(=O)C=Cc2ccccc2)cc1
704fb1f2d6017a406340d22d4dbb80d2ce9fe3c55c6f1135c38abaa97c8be216,90589c73562895285984d0cbd85a2d942f140eaba586006b5bce524d51c95077,CC(=O)Nc1cnn(CC(=O)N[*:1])n1,Fc1cccc(C[*:1])c1>>c1ccc(C[*:1])cc1,Fc1cccc(C[*:1])c1,c1ccc(C[*:1])cc1,48990,22999,1,1,1.0,13,8,7,21,20,6,5-9,COC(=O)C[*:1]>>c1ccc([*:1])nc1,8968d9f883dd7b7931b6b704025664d7033cb9e27914df99f4d6798b936fb0fe,512cead8ab1bff3b02d45c529492adab0dc48a5f267537bf53dcab452c5ac64d,CC(=O)Nc1cnn(CC(=O)NCc2cccc(F)c2)n1,CC(=O)Nc1cnn(CC(=O)NCc2ccccc2)n1
7778cfb2ae34b6fffe8302a7334c231e1dccc78b2a2d71a2e2fddc8f3347d0d0,e18772e5301a491b457e8a45979d3c67bbf8bbf53fe789ce7565a735e2969a7b,Cc1cc(NS(=O)(=O)c2ccc(NC(=O)C[*:1])cc2)no1,O=C(O)CC[*:1]>>O=C(O)C[*:1],O=C(O)CC[*:1],O=C(O)C[*:1],43654,3623,1,1,1.0,20,5,4,25,24,6,5-9,Cc1cccc(C)c1[*:1]>>Fc1cccc([*:1])c1,8fd57d9e4f7a0e7da6b72b12396b59972897e6930651bd4eaba551d32c3bdbd9,c88aa27ad29c39f0650dd2718ac5577837ad00ac6cffa8cbbbe84b1b10da2e91,Cc1cc(NS(=O)(=O)c2ccc(NC(=O)CCCC(=O)O)cc2)no1,Cc1cc(NS(=O)(=O)c2ccc(NC(=O)CCC(=O)O)cc2)no1
0abf0c375ee07e9fb1616492ccb33778face46e4b5aa23f2d6f981abf38f4bf6,6328a5be1486b034f81dc8ea0af77ec21c5bc4bcbe55b258afe00a972ccc7f15,CC(C(=O)N1CCOCC1CNC(=O)c1ccccc1F)[*:1],C=C(C)C[*:1]>>CCC[*:1],C=C(C)C[*:1],CCC[*:1],18277,35834,1,1,1.0,21,4,3,25,24,6,5-9,C1CCCC([*:1])CC1>>CCC(C)[*:1],f5f765b348a704cfffa6e1922a2633711c3b5f6d0b2431e0b77bd64c9e994a91,8514702512e58aac482680d4501ba32ee38ef5d6d7174638ddb005c2e9b84220,C=C(C)CC(C)C(=O)N1CCOCC1CNC(=O)c1ccccc1F,CCCC(C)C(=O)N1CCOCC1CNC(=O)c1ccccc1F
4eef1bb529b1f69ad944d09669d7160bd06bf2031e91ed0a8eddc5592b81698e,eab724b9397f4f63fece6561fcdb47c44735b73caf955acd3a5c4481e488593e,CCC(C)C1C(=O)NC(C)(C)C(=O)N1CC[*:1],CS[*:1]>>FC(F)(F)[*:1],CS[*:1],FC(F)(F)[*:1],43429,17521,1,1,1.0,16,2,4,18,20,6,5-9,C1CC1[*:1]>>Cn1ccnc1[*:1],de1655c27365f2e4071dc53a371878b1c6c494493ce19d824ac95442430140a6,9f3c4b1f5d34a70bd6bc12eaa1c718730388b74100081afadf15de78b944f9b4,CCC(C)C1C(=O)NC(C)(C)C(=O)N1CCSC,CCC(C)C1C(=O)NC(C)(C)C(=O)N1CCC(F)(F)F
5255621a242f5d7a3d8b2d4a968eb832b4955a58c3ad3159a7f255c5fb1574b5,351267d3414405ecf2afad60403f8a794149642e2b329c171a9602e5a74274c9,CC1CN(CCO[*:1])CC[NH+](C2CCC2)C1,Fc1ccccc1[*:1]>>N#Cc1ccccc1[*:1],Fc1ccccc1[*:1],N#Cc1ccccc1[*:1],25822,14941,1,1,1.0,15,7,8,22,23,6,5-9,C[*:1]>>Cc1ccccc1[*:1],279512cc204a58c72b357ce1290bacbfbbad4859bad8936eab76486e9e4aa86f,422a61733647794fdd9cbc585325b9816b3071522349ebb08eae37d157e2a5b5,CC1CN(CCOc2ccccc2F)CC[NH+](C2CCC2)C1,CC1CN(CCOc2ccccc2C#N)CC[NH+](C2CCC2)C1
bb0b0cee7eaf862b52ad79ec45522fb356347845ad1039ac859dfde4ca0d7f58,6d9d60f30e00eb20a8b44997fc96d03f9702f6fccb641c0b412768620fedfbc5,O=C(C1CS(=O)(=O)C1)N1CC2CCN(C[*:1])CC2C1,C=C(C)[*:1]>>OCC[*:1],C=C(C)[*:1],OCC[*:1],32197,27640,1,1,1.0,18,3,3,21,21,6,5-9,Cc1ccccc1[*:1]>>FC(F)(F)[*:1],9516bbc3858bbe85946b321eae8926938607e07cf8d7764b8800ca00e4b7fb52,6af94f406f27acb3ced6638fdc8e9d0d69f092992f2a2f32e73b5bde8e651cd3,C=C(C)CN1CCC2CN(C(=O)C3CS(=O)(=O)C3)CC2C1,O=C(C1CS(=O)(=O)C1)N1CC2CCN(CCCO)CC2C1
ad34a5f518194f9440b3edbd2fdaa9c64b30636a74e52bdc806e1d31a4a8701e,d1e02753f3858688d1507849fa539eea22f215b13f03c128a2ac5bcc779177a9,O=C(CN1CCc2ccccc21)NC1CC[NH+](C[*:1])CC1O,C#C[*:1]>>C=C[*:1],C#C[*:1],C=C[*:1],38129,49837,1,1,1.0,21,2,2,23,23,6,5-9,CC1(C)CC([*:1])C1>>CCC(CC)[*:1],55fc73f2e6b3f8cabee856c4955e168d6cdbbf04767f6ad38c63a66e29f58c70,d0b331e94f48af8ed0bb1c5bfc69f64c5f2ca34bc78b75227ca9ec169156a172,C#CC[NH+]1CCC(NC(=O)CN2CCc3ccccc32)C(O)C1,C=CC[NH+]1CCC(NC(=O)CN2CCc3ccccc32)C(O)C1
8f24bbbbf0347f1d7f0348f1a552c59dcdba994edf5aacf13c7eb3c64abc0871,4a7731083cd00b40c5b7bf3faab729e86da646c497eb26b371d8ad16b8e17f25,C1C(C[*:1])C2CC23CC13,C=C(C)[*:1]>>CCC[*:1],C=C(C)[*:1],CCC[*:1],21987,16068,1,1,1.0,8,3,3,11,11,6,5-9,C1CN(C[*:1])CCO1>>C1COC([*:1])C1,ef30c2b374b6eb89c0d490f0bd414439d9d12bf9684c9475e0b1cffceee0e69a,aeaf7e1f0a7a980de3a6711f32b31ac3a1408ffd1b5314c01c99590b0fb48004,C=C(C)CC1CC2CC23CC13,CCCCC1CC2CC23CC13
c59f798fcc328a7cb670260b19294e8d867cbbef3c1875c7942fd4d430751456,4073a1d4c5e5bc8525eff70e680aae008201ad15c048b52445a470ec1944109a,O=C(NC[*:1])C1CCC(Cn2c(=O)[nH]c3ccsc3c2=O)CC1,COc1ccc([*:1])cc1OC>>Clc1ccccc1[*:1],COc1ccc([*:1])cc1OC,Clc1ccccc1[*:1],25131,48622,1,1,1.0,22,10,7,32,29,6,5-9,C=C[*:1]>>CC(O)[*:1],0333936d8cc2577c3378bfbb3d2b5bcee4714ace6c22e4317acf1ebdc8b09b65,25f928f392fecddff2256a61b30da6f9678bdedcdb25a5821c0ad15ee4216af5,COc1ccc(CNC(=O)C2CCC(Cn3c(=O)[nH]c4ccsc4c3=O)CC2)cc1OC,O=C(NCc1ccccc1Cl)C1CCC(Cn2c(=O)[nH]c3ccsc3c2=O)CC1
99a22920079adc7ccebe495cebc9dc67589793cda9a02f490ac2d96a27ce86e8,6c2327049cba083e3b379ecc60d8de09a8d770a0bbce93403ef6490eabf7eb52,O=C(NCC1([*:1])CCC1)C1CC12CCOc1ccccc12,CN(C)[*:1]>>OC[*:1],CN(C)[*:1],OC[*:1],46732,2211,1,1,1.0,20,3,2,23,22,6,5-9,COC(=O)C[*:1]>>Cc1csc([*:1])n1,b258a65cf91408af40401dec8151eed28a204652a44cbcc570b50122fb716532,6f7027520842d7d7ae87e636e9eabeb1c68a16fcea8a8d610ca8f164f5c5fcc7,CN(C)C1(CNC(=O)C2CC23CCOc2ccccc23)CCC1,O=C(NCC1(CO)CCC1)C1CC12CCOc1ccccc12
f71c0e1a47da1c65151e46da738d3c579e74943ebc444b32f9e495d78cf8de99,90fd1823c3002e9f2b0b2716a49b70418e98597f25b3de9742ddde9c17d5cb09,O=C1OCc2c(cc3n(c2=O)Cc2cc4ccccc4nc2-3)C1(O)C[*:1],CC[*:1]>>CS(=O)(=O)C[*:1],CC[*:1],CS(=O)(=O)C[*:1],25588,21064,1,1,1.0,25,2,5,27,30,6,5-9,C1CC([*:1])C1>>COC(C)[*:1],dd83359a9d9c9fb6d4fbcfd76caf7c32f546f07e11438be4d987157582823f32,e88b6706412a248b1c6bbaeea3b68ef155f05275957b80aaafd0ccf24bd3ba4a,CCCC1(O)C(=O)OCc2c1cc1n(c2=O)Cc2cc3ccccc3nc2-1,CS(=O)(=O)CCC1(O)C(=O)OCc2c1cc1n(c2=O)Cc2cc3ccccc3nc2-1
046ddb0042dc6e2fe38bd83792e96ec8d8322fbe293207371245121ec88aa403,50b0281c2203ab3db577abb9adb48ac0cf946d7877e0f9709fc731e8678fc9ae,Cc1cc(C)nc(-n2nc(C)c(CC(=O)N[*:1])c2C)n1,CCC(CC)[*:1]>>COC(=O)CCC[*:1],CCC(CC)[*:1],COC(=O)CCC[*:1],7742,17724,1,1,1.0,19,5,7,24,26,6,5-9,CO[*:1]>>Cn1ccnc1[*:1],a3d2605df2081d7a546b3398f14d20939d1da481b266ba63405e7af60132f6d9,18f86dc78c96207f4557b13d2be1f0b5ff9ce7b4c506ece6988ab544428f3476,CCC(CC)NC(=O)Cc1c(C)nn(-c2nc(C)cc(C)n2)c1C,COC(=O)CCCNC(=O)Cc1c(C)nn(-c2nc(C)cc(C)n2)c1C
d0179dc7d10d30f0dd36f418fade02121e2d88bdbce3d6c923ce2e04015a0fe1,c084c1b2a0f13c8b08b61bb39ac1788e6f9614e9cb322b9861796150739c7dd3,Cc1cc(C(=O)N2CCCC([*:1])C2)nn1-c1cccc(C#N)c1,CC(O)[*:1]>>COC[*:1],CC(O)[*:1],COC[*:1],7079,21772,1,1,1.0,22,3,3,25,25,6,5-9,CC[*:1]>>CS(=O)(=O)C[*:1],04407976346cc6974fc1863f4c4fcf05cc9c05f50dd97a866de16377a71a61e7,3351ea4675550a9859f0565ed0365e43671176629b793c9fe886548e18e7ab47,Cc1cc(C(=O)N2CCCC(C(C)O)C2)nn1-c1cccc(C#N)c1,COCC1CCCN(C(=O)c2cc(C)n(-c3cccc(C#N)c3)n2)C1
2fefc089cd2a92208c4c5e9a3ee730905498b548a98fc946cd3c0601ab396596,cf28750a8c18dbba02a64fb6f2f9d116245ba6c5b4cf9ed8f310b6082ad0f6dc,CN(CC1CCCOC1)S(=O)(=O)c1ccc([*:1])cc1,NC[*:1]>>OCC[*:1],NC[*:1],OCC[*:1],14353,25957,1,1,1.0,18,2,3,20,21,6,5-9,CCC(CC)[*:1]>>Cn1nncc1[*:1],1553d3d3fd798625d7d03066fa77dff2552694775929093b22a38ebd23718038,da8bd5c751de0d4ddc862b4ba8b010a899ebd273f829c3161d560b3983c7886e,CN(CC1CCCOC1)S(=O)(=O)c1ccc(CN)cc1,CN(CC1CCCOC1)S(=O)(=O)c1ccc(CCO)cc1
8a48e09abd5d4f816bf4c3765bcbabd4cac97de9590e519bbccb683b94e50871,9c539e337b86596659caac8a75d3f87330bf06edc7b5c236c1c6674ed9fe1ef4,COc1ccc(O)c(Nc2ccc([*:1])nc2)c1,CN[*:1]>>OC[*:1],CN[*:1],OC[*:1],45290,42679,1,1,1.0,16,2,2,18,18,6,5-9,COCC[*:1]>>CS(=O)(=O)CC[*:1],1e83f3cd45fb066007dc56d447fe371c70d52c571449e59ff1631cac12cbd0c0,042ee09c8c71da7dc9bf8463f6226ec23ab5da10982335751d11b66650b4fb41,CNc1ccc(Nc2cc(OC)ccc2O)cn1,COc1ccc(O)c(Nc2ccc(CO)nc2)c1
a162d459f847b19b0f78ab0632a2a4fdcd24fb85440a2ab9e52796cdbee702c7,b1ea0674c1e3541f9f4855afcb5e09a5aec954dfda092b530a653aeaed19b6df,O=C(C[*:1])NCC12CCC(CC1)C2,N[*:1]>>O=C([O-])N[*:1],N[*:1],O=C([O-])N[*:1],9351,13215,1,1,1.0,12,1,4,13,16,6,5-9,Cn1cc([*:1])cn1>>O=C(O)C[*:1],77eec65bdf527a5cd0799aecc1e85830eddc5ed91cb58ef4ce6a615f77b58af6,5ad19852086054b1a94aae5a67a56471f504a06793c4e0bdf29292c3da011318,NCC(=O)NCC12CCC(CC1)C2,O=C([O-])NCC(=O)NCC12CCC(CC1)C2
0ed2f2ea434e8f4038bfe1a6ebdda0e03c53dbaef58403b45451b2e6ac90307f,ed334e0db5c637a1aea30bc6eafa6cd3b2816d5ed3323927107ef7a9fef7bc1d,CC(NC(=O)CCn1cccc1)C1CN(C(=O)[*:1])C1,CCC(CC)[*:1]>>COCCC[*:1],CCC(CC)[*:1],COCCC[*:1],10609,49421,1,1,1.0,18,5,5,23,23,6,5-9,CC1CC1[*:1]>>Cc1ccc([*:1])cc1,b4b6de13cf955461662dd906082d1782dce9e1797ab0869cacae5c7ee38f27d4,255972ddb0f18a217bce70091653377e50756844c06418f9380428bd130ea333,CCC(CC)C(=O)N1CC(C(C)NC(=O)CCn2cccc2)C1,COCCCC(=O)N1CC(C(C)NC(=O)CCn2cccc2)C1
1233e149b47a78ea25406c0f4d8fef336210eb5f054ea07eef9d05198932b014,4aec6d89211470e53e48edf2d41799eb17c46b412341093c3ce3f45767428dad,N#Cc1c(F)ccc(F)c1Nc1ccc([*:1])nc1,CS[*:1]>>OC[*:1],CS[*:1],OC[*:1],47882,6918,1,1,1.0,17,2,2,19,19,6,5-9,CCC(C)[*:1]>>Cn1nccc1[*:1],b85c208321feda5f7ae660933e2ed2e7b8074d91ae5dfa9ee4b976806a63eb0f,240b7c6e134b8c0459901c1ef24b67f28be1f9a4028730113be817c7fb7ad90a,CSc1ccc(Nc2c(F)ccc(F)c2C#N)cn1,N#Cc1c(F)ccc(F)c1Nc1ccc(CO)nc1
81ef2ff5f02e3b17aff85bf9acddc2afe7cced70269355dff028594728bc42c3,71fafae39c8eedc32062e7c9ff85ced5319f4823d9ae3d45ef51570982700d0c,CNC(CC1CC2CCC1C2)[*:1],CC(C)CC[*:1]>>CCC(CC)[*:1],CC(C)CC[*:1],CCC(CC)[*:1],13559,8603,1,1,1.0,11,5,5,16,16,6,5-9,C1CC([*:1])C1>>C1CC1C(C1CC1)[*:1],2bc2dfe13d244f753c14fae48fd535161352b403cab6fa5b353da36364da3842,545e2828cb0146af82dda233c5c33e6345b563a34ab7048bcc49b4b3f074d494,CNC(CCC(C)C)CC1CC2CCC1C2,CCC(CC)C(CC1CC2CCC1C2)NC
674b859be81f9f9c14e82fbe88c25005e9c62a52054fd3f0022a4469c89d70cf,7e7f118ee04c7b317d0c35430847bfdb227326a8dd724f9e4ed702c8099f0f6e,CC(C)(C)C(C[*:1])NC(=O)C1SCCCS1,CC(C)C[*:1]>>COC(=O)[*:1],CC(C)C[*:1],COC(=O)[*:1],35288,14801,1,1,1.0,15,4,4,19,19,6,5-9,CCC(F)[*:1]>>c1ccc([*:1])nc1,97c25f9faabfe4ac7b5ce0a292c0fdf45c99fac8c6aa85eeb5eebd3b45e64368,5140e1be1720f4941a50e2f694323bf2da6a6a315da9fab593fca9604b818ca3,CC(C)CCC(NC(=O)C1SCCCS1)C(C)(C)C,COC(=O)CC(NC(=O)C1SCCCS1)C(C)(C)C
4ba4d66f6904a271e5f697660d77419297693e970abb1b12913ecee1bc5267fc,1e3dee7603925a6ac3490900f9a8e99bc71dd1de5e9803ab35ae1cc28fb4b7f8,O=C(NC[*:1])C1CC2CCC1C2,COC(=O)CC[*:1]>>N#C[*:1],COC(=O)CC[*:1],N#C[*:1],33123,4259,1,1,1.0,11,6,2,17,13,6,5-9,Cc1cccc([*:1])c1>>c1n[nH]cc1[*:1],f3f36fa64e72a8f8b9c261e27d9a72dc978d431ebabc723a82c0800cd58f6fd2,34b2f25c3cd5aedcc109fbc9f272ff1a5efc66dee49123aec8de0e50045c842a,COC(=O)CCCNC(=O)C1CC2CCC1C2,N#CCNC(=O)C1CC2CCC1C2
8e6db5e562183977749b237edf587d518e9a36e5919a125b8af5e62e2c1fb87f,b45534068838892e1d1698dc9598dcbcdeef7a2149649655290be66b75f8b55b,COCCOCCCC1([*:1])CC2CCC1C2,ClC[*:1]>>N[*:1],ClC[*:1],N[*:1],16425,34934,1,1,1.0,15,2,1,17,16,6,5-9,FC(F)(F)C[*:1]>>c1cc([*:1])cs1,8af3ebd58b14a70b147b8c849d7415cc1544fb6dbe9b8c1acba1f40f49118438,5396ecd711f3b92ecfc7e5f00e605547a4256e331cb74e75e34a460082d6b20d,COCCOCCCC1(CCl)CC2CCC1C2,COCCOCCCC1(N)CC2CCC1C2
bf0862834e590beff9f6f9721f947b78cf9cd6fd83dfe67af926bf8bbb7ea18b,18c1ec539a2bf9f5a543cd6e148d8b117902eafae8e0500e5e39839584d17043,CN(CCCC(C)(C)[*:1])CC1CC2CCC1C2,N#C[*:1]>>NCC[*:1],N#C[*:1],NCC[*:1],32167,15223,1,1,1.0,16,2,3,18,19,6,5-9,CC(F)(F)[*:1]>>Cn1ccc([*:1])n1,cce54824db720b664dc73b4bb47e5f67604d99979ce20edfe16caf9434f991b7,86b95fef0836d6e7e79b38587f328671668bffe98b5a2965939f498c148fc445,CN(CCCC(C)(C)C#N)CC1CC2CCC1C2,CN(CCCC(C)(C)CCN)CC1CC2CCC1C2
b6adbd4000f3d927ce0064c5e7ccb345d477748fd24c7dc45e29fc2ae607bcb0,2e69d3f06d6c2dbd46ee6059df44819d2580697542d4dae0cdad9ef376b61591,O=C(NCC[*:1])c1ccc(Nc2ccc(F)c(F)c2)cn1,CN(C)C[*:1]>>COC[*:1],CN(C)C[*:1],COC[*:1],15215,10125,1,1,1.0,20,4,3,24,23,6,5-9,CC(C)OC[*:1]>>Cn1cc([*:1])cn1,f8ea45ad971a8f72d04b8b212cf8c9c07e5eda71ceb88829bb989a6a45233d9b,c4a38e13a7c9692e6ad55fec4de090e1e4fceaaeb11765c7b91d705a4b2f0dec,CN(C)CCCNC(=O)c1ccc(Nc2ccc(F)c(F)c2)cn1,COCCCNC(=O)c1ccc(Nc2ccc(F)c(F)c2)cn1
be5e4f4fac491b61a4ddeff48fdc62096925fd600b32edf609622b67b1ab23f8,aea3ffda978b3c12392c5acd8231bd268102e354ec3cc987c677d42ab3c332a8,CN=C(NCc1ccc([*:1])cc1)NC1CCc2cn(C(C)C)nc2C1,CN(C)C(=O)[*:1]>>F[*:1],CN(C)C(=O)[*:1],F[*:1],47590,1198,1,1,1.0,24,5,1,29,25,6,5-9,Cc1ccc([*:1])cc1>>Clc1cccc([*:1])c1,639e8121cee5746b1686321f37d6bcef33e56e3168d4787e4886e352b0725c03,f31db44492173f7609e6c7219fe72801e46c71ee676b9edcc188bf3b5e64d24b,CN=C(NCc1ccc(C(=O)N(C)C)cc1)NC1CCc2cn(C(C)C)nc2C1,CN=C(NCc1ccc(F)cc1)NC1CCc2cn(C(C)C)nc2C1
7f981f394d034c70ffe0031cbf43e582c4049dbf67bf15730ee0359d9cd881c3,a741c6fe420f7004746fdc8ca54f932e054c666e122be1246ed7f7a9314c8205,Cc1cccc(C=C2SC(=S)N([*:1])C2=O)n1,Cc1ccc([*:1])cc1C>>Clc1ccc([*:1])cc1,Cc1ccc([*:1])cc1C,Clc1ccc([*:1])cc1,32192,34126,1,1,1.0,15,8,7,23,22,6,5-9,Brc1cccc([*:1])c1>>Fc1ccc([*:1])cc1,f8372b949651d4b8da2bf6e2d88b3f7645f6ef07ef70bd41245fee153f4f6bb7,05677280a28d277d212c7beed13cb1cbcfa1ca36e2951b2cfdcf59c35add53ea,Cc1cccc(C=C2SC(=S)N(c3ccc(C)c(C)c3)C2=O)n1,Cc1cccc(C=C2SC(=S)N(c3ccc(Cl)cc3)C2=O)n1
5e3bae966551112a4a8282a0902c98a77307b7b1cea1af742d447b83bd9b3e21,2d54798f0d439c26dd586ee24fa95f918712ce6e1fa864ab9f7389705d5e60ee,CCn1cc(CC(=O)NC2CC[NH+](C[*:1])C2)cn1,CCC(F)[*:1]>>CCC(OC)[*:1],CCC(F)[*:1],CCC(OC)[*:1],19691,7861,1,1,1.0,17,4,5,21,22,6,5-9,C1CC(C[*:1])CCO1>>C1CCC(C[*:1])OC1,03c03519584a218154b6874450374f6faaa1c437c534dea3991ada7f6f77af19,58d17bf6bb56e4bd2fd3d336590f7634a6d9e29e3f9f990e137f252d82346ce3,CCC(F)C[NH+]1CCC(NC(=O)Cc2cnn(CC)c2)C1,CCC(C[NH+]1CCC(NC(=O)Cc2cnn(CC)c2)C1)OC
ff68e18e03d69ceeb768ed11c386b70191f815d20310ea650db45e07654f7c3c,987ba2fc65300f168c6d5262a7f9e03a6e4f7fb1505d3c6faf4be2cbfe4c1199,NC1CC2CCC1C2[*:1],CC(C)(C)[*:1]>>CN(C)[*:1],CC(C)(C)[*:1],CN(C)[*:1],30128,35284,1,1,1.0,8,4,3,12,11,6,5-9,C=C[*:1]>>CS(=O)(=O)C[*:1],5523073f3ff553ea2ea1d3ab52d64f0332fa35e9c6f73a91afbd95edafd66265,0b3486a730b920b94d3013f43c4b52482fb4e34328ba17d35549774d7b2558f0,CC(C)(C)C1C2CCC1C(N)C2,CN(C)C1C2CCC1C(N)C2
515f4848e194b7a4daac380b79e19b6a0e662b78c9a1fa9ea6ca2e72ad5aa520,03331c765c27d23938befa7218103a12f13351abc0c24ef1ec0b56d17b9ed5e9,CCC(C)C1NC(=O)C(C)N(C(C)[*:1])C1=O,C=CC[*:1]>>CC(C)(C)[*:1],C=CC[*:1],CC(C)(C)[*:1],17919,32512,1,1,1.0,15,3,4,18,19,6,5-9,CCC[*:1]>>Cn1cc([*:1])nn1,52b6bb04d278762ae0cf331a6cd93cc65335b2fe1101a7c3147b8e2505e50605,77c397f9f9e121be18141c1b2db9fa1fd2c14e7497ed50da857a4a49a07f601c,C=CCC(C)N1C(=O)C(C(C)CC)NC(=O)C1C,CCC(C)C1NC(=O)C(C)N(C(C)C(C)(C)C)C1=O
4fc96d6f94f291151c66fed58fb51467a647067e61089ab027c8c186cc206430,d05ae9fbd9b118f0bbe31581bdd6ebd2e20bd8ea489c2ac637c494161d4883dd,CC(NC(=O)c1cc2cccc(F)c2o1)c1ccc([*:1])cc1,COC(=O)CO[*:1]>>CO[*:1],COC(=O)CO[*:1],CO[*:1],12243,38121,1,1,1.0,21,6,2,27,23,6,5-9,O=C(O)[*:1]>>OCC[*:1],8638358315bcf5f2e7a9d6d751f99f0551e3d707259a4ac44b99b00479ec0e82,21bc32897739179874812eb0b1faef96cd6275111da6eb612b62d3ba249c9d83,COC(=O)COc1ccc(C(C)NC(=O)c2cc3cccc(F)c3o2)cc1,COc1ccc(C(C)NC(=O)c2cc3cccc(F)c3o2)cc1
43b45cd2c4b00e3d0a293b3e4cd1e8e0e3534c5c61d4fcaa72529d98c083aec8,c9e6aeac453755ffbaef5200cc7879672bfe78dab1d23da01b328d0aee13a733,CN(C(=O)Nc1cc(C(C)(C)C)nn1-c1ncccn1)[*:1],CC#CC[*:1]>>CCC(C)C[*:1],CC#CC[*:1],CCC(C)C[*:1],3872,20286,1,1,1.0,20,4,5,24,25,6,5-9,C1CCC(C[*:1])C1>>CC[*:1],8ebf7be00b555ae7811605fb070e80287201ee989cfc00c8c9724a74b13e7f5d,9bddcb085f17a30951580d334d35ba1cb840f94cc583bbb4b85246270a602d2e,CC#CCN(C)C(=O)Nc1cc(C(C)(C)C)nn1-c1ncccn1,CCC(C)CN(C)C(=O)Nc1cc(C(C)(C)C)nn1-c1ncccn1
ae72abf3df68994fd2d79e768d763b545f10626863c021f241006ae710bc58d2,8e5b1086a7eabda6eac2d70d2cf851bd8ba88d56d765f1492090afe8f22a8838,CCC1(O)C(=O)OCc2c1cc1n(c2=O)Cc2cc3c(C[*:1])c(O)ccc3nc2-1,CC(C)CO[*:1]>>CO[*:1],CC(C)CO[*:1],CO[*:1],44036,9159,1,1,1.0,28,5,2,33,30,6,5-9,C1CCC(C[*:1])C1>>Fc1ccccc1[*:1],4b0f9cbefbc8050ae9f99ba95291a87cd827359bc20ad247b95d7c5cceef4878,80f50f4cc7bffa262afc754322f336d198ec586cf5ec8ad777f3f849f3239240,CCC1(O)C(=O)OCc2c1cc1n(c2=O)Cc2cc3c(COCC(C)C)c(O)ccc3nc2-1,CCC1(O)C(=O)OCc2c1cc1n(c2=O)Cc2cc3c(COC)c(O)ccc3nc2-1
f9eb6f8ec04961ffc67c4998b809d49d1c8307281a98d102f74c57e2214691a7,ce321ecfce9e4241b49f45394b53d581fd1acb747dc68fafea6492a0ff159eea,CC(NCC1CC2CCC1C2)[*:1],CC(C)(C)[*:1]>>CN(C)C[*:1],CC(C)(C)[*:1],CN(C)C[*:1],12827,20518,1,1,1.0,11,4,4,15,15,6,5-9,CCC(C)[*:1]>>CCOC(C)[*:1],de5abeea6ca9bc380e5a3d0ac77537ecc691c44a703f532142a64cdd9d40ccaa,07b91ee0ee2b788aa54d20ac3b3f23d12fd9be1abce54914227573312ca284aa,CC(NCC1CC2CCC1C2)C(C)(C)C,CC(CN(C)C)NCC1CC2CCC1C2
ce707d73d65a043f0897c7001598f27046d784a82716e2d1290297e4402dc4f7,7f42526a537c07f42e3cb11c3f95dab18ca2af142fd628eb20eaa46661317fa0,CCC1NC(=O)CN(C[*:1])C1=O,C=C(C)[*:1]>>CC(C)C[*:1],C=C(C)[*:1],CC(C)C[*:1],41460,43164,1,1,1.0,11,3,4,14,15,6,5-9,CC(C)CO[*:1]>>CS(=O)(=O)[*:1],0b6066b35a528ca5ac712733d8f7e86b9d09b10f123776242afa228e80e7a34e,fbb7439d4ea050fe1ade7c57bdb502d5cdb26d604966029ff5ec3bb4c9fa072c,C=C(C)CN1CC(=O)NC(CC)C1=O,CCC1NC(=O)CN(CCC(C)C)C1=O
4fbb314d9b3c08d0f4351cbdb170613c39cb7014daa65a6d6349565dcbe5e668,927bea97915a895c64d5950fcce34b2ace44a891cccf1bcb10f7cdad3d74b045,CCN(C[*:1])C(=O)NC1CC[NH+](C2CCOC2)CC1,CCC(C)[*:1]>>FC(F)(F)C[*:1],CCC(C)[*:1],FC(F)(F)C[*:1],8082,38063,1,1,1.0,18,4,5,22,23,6,5-9,CC(C)[*:1]>>c1cnn(C[*:1])c1,2c445b194388da447e5a205694aae48250078b034defee5aa12362747fe49fe8,b484d1559924929ffc3639528ef84a094f91c1ce2d29d94570fc3fbad9c5ee3b,CCC(C)CN(CC)C(=O)NC1CC[NH+](C2CCOC2)CC1,CCN(CCC(F)(F)F)C(=O)NC1CC[NH+](C2CCOC2)CC1
1e9c63d18c92bb2ae21ceacbb60a003a2d18625014d6efebde77818bbb4fe64c,720968082eb918fef52991811b9d6ab4b57599ca3dcf11ce29e5b0ba74299241,CN1CC(=O)N(CCCC[*:1])CC1=O,O=C(O)[*:1]>>OCC[*:1],O=C(O)[*:1],OCC[*:1],12990,45028,1,1,1.0,13,3,3,16,16,6,5-9,BrC[*:1]>>ClC[*:1],9b860c8f75b4c80a71927044cfb9553a65510dbcfd2eddd2b479cf2b0062a82d,4bef3f71648027544e611c81f22ec8521cb33475f772e7478f5165e48787ea03,CN1CC(=O)N(CCCCC(=O)O)CC1=O,CN1CC(=O)N(CCCCCCO)CC1=O
85903b88180432b8da2189c449fcdcaad68c3da2c2bec4561146b12c5c42ad5a,36ec0303dd203d479553975d7e934a94d675e8a9f1b2d2d560f1514f1dd06d2b,O=C(CC1CC2CCC1C2)NC[*:1],COC[*:1]>>N#C[*:1],COC[*:1],N#C[*:1],47230,33305,1,1,1.0,12,3,2,15,14,6,5-9,C1CC1[*:1]>>CC=C(C)[*:1],94df3017d94f81a11fb7e959b80b11f93818e3933fd09ee26cc0872ae1d7f48a,b2b856b54d37904bc42c3afbe4f3a1310884869d5cc4af99e3588a554ef7f3fc,COCCNC(=O)CC1CC2CCC1C2,N#CCNC(=O)CC1CC2CCC1C2
dc584f712c6bff482892e17a406786bfbc5ff8d2beaac0e2dd61d54fa16d49a9,e82918134f2a8bd4c31283d70ac206d5a58f4621bfdc494f7e8621b429ed39f1,O=C(NCC1CC([NH2+]C[*:1])C1)C1OCC2CCCC21,Fc1ccc([*:1])cc1F>>c1ccc([*:1])cc1,Fc1ccc([*:1])cc1F,c1ccc([*:1])cc1,48987,4010,1,1,1.0,18,8,6,26,24,6,5-9,NC(=O)C[*:1]>>OC[*:1],3ef745c9feae64b3bc326dcb472336d531d4a965a93573b5c0bfb7bc76a65da4,25fc9d72217756dea374a173f2d22b4100224c0b01680e589cf054325a2a79fa,O=C(NCC1CC([NH2+]Cc2ccc(F)c(F)c2)C1)C1OCC2CCCC21,O=C(NCC1CC([NH2+]Cc2ccccc2)C1)C1OCC2CCCC21
577683a2618ca8cb4c8a34981a532bd44c22fdb6387431c62a0d35cb65dc880b,b849e055d5ed0a98644094d170b968299b488b810fa714d98e07d5ec26069149,O=C(COc1ccccc1[*:1])N1CCCO1,CCO[*:1]>>O=[N+]([O-])[*:1],CCO[*:1],O=[N+]([O-])[*:1],32902,37257,1,1,1.0,15,3,3,18,18,6,5-9,Br[*:1]>>CC(C)O[*:1],1e764c38beb9dd637d6c11eacf329c0425da1987543e77b8a7c5169d6ccf5e09,6bc76e8a5d79aa297015877a44365211a1dfccea72eca7fbb1f212e0daf853ea,CCOc1ccccc1OCC(=O)N1CCCO1,O=C(COc1ccccc1[N+](=O)[O-])N1CCCO1
9a55cc4a4cee2e5a05ebe42279c6a22abcf25eaabef1d74e814c89ea4b906fc9,46225df1d689abf26e98b352ada51e54f360615e13c811c05bc347878e6b9e18,COc1cc(C(=O)NNC(=S)N[*:1])cc(OC)c1OC,Cc1ccc([*:1])c(C)c1>>Cc1ccc([*:1])cc1C,Cc1ccc([*:1])c(C)c1,Cc1ccc([*:1])cc1C,41763,48394,1,1,1.0,19,8,8,27,27,6,5-9,CC[*:1]>>CS(=O)(=O)C[*:1],d592d11e795d433a9fae951d54a9a559ce7728c7142b555d5cc2cb177eea544c,ce4aed769247ef9653b3da532abbe647c123ad458f42e8b5275e9eb750388f3c,COc1cc(C(=O)NNC(=S)Nc2ccc(C)cc2C)cc(OC)c1OC,COc1cc(C(=O)NNC(=S)Nc2ccc(C)c(C)c2)cc(OC)c1OC
931222f5ef1fc2e96be22be6a4a27d34965653fa5b55dd2a6b30e82c4bb03c14,03c0220dfb9c45f66ed874fda128228ce65632e3a4832a20abc00f3d4c6c0de1,O=C(NC(=S)Nc1ccccc1C(=O)NCC1CCCO1)c1ccc([*:1])cc1,Br[*:1]>>CC(C)[*:1],Br[*:1],CC(C)[*:1],19044,44361,1,1,1.0,27,1,3,28,30,6,5-9,Clc1ccc([*:1])s1>>c1ccc([*:1])cc1,ba341256a5c642b2c2b39f1c63cd99413e6cefd4f4cae348dc25a3bca49f5add,794db9baf27a7cd4f6cd1a5c42e0d4d941bf42743fd87e8cb0c9a5066c67f840,O=C(NC(=S)Nc1ccccc1C(=O)NCC1CCCO1)c1ccc(Br)cc1,CC(C)c1ccc(C(=O)NC(=S)Nc2ccccc2C(=O)NCC2CCCO2)cc1
f77d0eeda525614fe79f6ed2d915d464f5a75f9b013613b0bb07f91309b8e28f,07284e765d9ef3de4d7ca4623660d59382fce3b223572ea52ca38eea86f6f704,O=C(Cc1cccnc1)NCC1COCCN1C(=O)[*:1],CCOC[*:1]>>CC[*:1],CCOC[*:1],CC[*:1],19639,38054,1,1,1.0,19,4,2,23,21,6,5-9,CC(C)C(C)[*:1]>>c1cc([*:1])ccn1,a15192c5b3404af6dcda7795b264ed0a0167eccad1d0165b6a6f2b8d79587ea7,6a246408e9e4a5b9221e0149b483a16fa67df1a19d600a3a1546247a8a0fe23c,CCOCC(=O)N1CCOCC1CNC(=O)Cc1cccnc1,CCC(=O)N1CCOCC1CNC(=O)Cc1cccnc1
cea09a024c75b2a548e531307ff2e62b39e1f55558cee75fe227e6e318bec996,94c61704cbe0e708831c70060137a7623873e983451676b9423bdc94e587cc96,COc1cn(-c2ccccc2)nc1C(=O)N1CCCC([*:1])C1,COC[*:1]>>O=C(O)[*:1],COC[*:1],O=C(O)[*:1],12145,11090,1,1,1.0,21,3,3,24,24,6,5-9,Br[*:1]>>CCN[*:1],3a1d2ec821f7803eb92268c34f577a2805b8800d84941f6d2603a34efb0d2f12,f863c3545f3da774cca57c558b3642590068c203db9d28bb4b52a08b58c0565a,COCC1CCCN(C(=O)c2nn(-c3ccccc3)cc2OC)C1,COc1cn(-c2ccccc2)nc1C(=O)N1CCCC(C(=O)O)C1
c674cad97df41a03b54711ed22c1066d9b73c04a0e6bf90029b5b11687b1fcf3,9a09c4d7944cd00fe68d5c0fff39c56fa1fb75e4abec68f5cd099f8786db635f,CC1CCCCC1C(=O)N=c1ccn(C[*:1])[nH]1,FC(F)[*:1]>>NC(=O)C[*:1],FC(F)[*:1],NC(=O)C[*:1],47079,44083,1,1,1.0,16,3,4,19,20,6,5-9,COc1ccc([*:1])cc1>>c1ccc(CC[*:1])cc1,2a3f030672ab6f58d91238d64ef395bad0e6e2aad7d9eda5a193144dd7f71394,bd4db682a4a2f62c85faf5910a223c11f54a55df7b29d941d5a0bdceea1d58ee,CC1CCCCC1C(=O)N=c1ccn(CC(F)F)[nH]1,CC1CCCCC1C(=O)N=c1ccn(CCC(N)=O)[nH]1
23608884be37861955418f6b29f4e255d7a4f2a95309c6b23d167aa452056f73,2c59c3bccd4df0a4132644c542b85b1c70f8c26599de2e435e82e0d184624bc6,CC1C[NH+](CCN2CCOC([*:1])C2)CC(C)O1,Brc1ccc([*:1])cc1>>Clc1ccccc1[*:1],Brc1ccc([*:1])cc1,Clc1ccccc1[*:1],1326,49967,1,1,1.0,16,7,7,23,23,6,5-9,CC(C)CC[*:1]>>Cc1cccc(C)c1[*:1],0b5fda81cb02aef81b91f384a26b34eea2b2a8c901310997a2bee23c7979e66e,6faab79ff323985a73825f168d71a8dd04554db5ab72f1347e3cbc60c9107bae,CC1C[NH+](CCN2CCOC(c3ccc(Br)cc3)C2)CC(C)O1,CC1C[NH+](CCN2CCOC(c3ccccc3Cl)C2)CC(C)O1
9646d1154edc61fc2edc790ed283f5e13a4921eaac78d1e7d24b3293fdda7e9b,af30059cc83b5966b62249cbfb8c25c24ca82fb7cde0d4e362e1c1fcfec354da,CCNC(=NC[*:1])N1CCN(S(=O)(=O)Cc2ccon2)CC1,Cc1ccc([*:1])cc1>>Fc1cccc([*:1])c1,Cc1ccc([*:1])cc1,Fc1cccc([*:1])c1,18633,10132,1,1,1.0,21,7,7,28,28,6,5-9,C=C(C)[*:1]>>FC[*:1],299478b8602d520a31a7f7034947391ad06f9a16fe8c7b649b178a304f4b7b26,3405669bed7ec544c1199d93bc6fe2607b8820eba1005a546d4522a5c2c121c0,CCNC(=NCc1ccc(C)cc1)N1CCN(S(=O)(=O)Cc2ccon2)CC1,CCNC(=NCc1cccc(F)c1)N1CCN(S(=O)(=O)Cc2ccon2)CC1
43af15beeac59ed2f0e020d1495cf2526fd1a0adc8ac6c2c6af6c2f7a4ef02d9,aea43aa01edc1f2320f38e72b593a113d95602e47688bb8f0aa2b30260b96dbc,CC(O)C1C(=O)N2C(C(=O)O)=C([*:1])SC12,CC(C)(C)C[*:1]>>OCC[*:1],CC(C)(C)C[*:1],OCC[*:1],21448,21490,1,1,1.0,14,5,3,19,17,6,5-9,C#C[*:1]>>Cl[*:1],d8a4731d3b94bf2afd6546317c0634f48deff798bbefe51027f2de602ce1dfb1,f7842f3bfd6151cdbf70ccc63de6400f2ed753f846eeb7997ed484926f6856f9,CC(O)C1C(=O)N2C(C(=O)O)=C(CC(C)(C)C)SC12,CC(O)C1C(=O)N2C(C(=O)O)=C(CCO)SC12
27e01070126bfcefdbab9874fc3be8c67ad36f208460296ec3d2aaf7b788b114,ffe8d7e6b79bf4f1fe964f03bb91dfcfe77bc7e3cba1004aa7c650b9b19034fc,CN(CC1CC2CCC1C2)C(=O)[*:1],ClC[*:1]>>NC[*:1],ClC[*:1],NC[*:1],41107,24631,1,1,1.0,12,2,2,14,14,6,5-9,CCC(C)[*:1]>>COc1ccc([*:1])cc1,ec1e732ef2abad18e76e0d58dd2dba2514d3afa70348b05ccf03c4349921ec1b,6fddb911d7eebeb5fa3630d8d745de1248a2f924419ef5823f49552341d3b8cf,CN(CC1CC2CCC1C2)C(=O)CCl,CN(CC1CC2CCC1C2)C(=O)CN
ea509d1ff3618b01cb39130d880e7693dab5d3abdef8e95ece4e6b6215198595,f7fda236fb11dc8a7bb50a143634104a593df536079512b2f227ab6be6bc7f99,CC(C(=O)N1CCOCC1CNC(=O)c1ccccc1F)[*:1],CCC[*:1]>>N#C[*:1],CCC[*:1],N#C[*:1],35834,38196,1,1,1.0,21,3,2,24,23,6,5-9,Brc1ccccc1[*:1]>>Fc1ccc([*:1])cc1,8514702512e58aac482680d4501ba32ee38ef5d6d7174638ddb005c2e9b84220,ac5747f654b62407bf2e9fb307a88c6a4bdd2b8ae23c6608987c3589c3775424,CCCC(C)C(=O)N1CCOCC1CNC(=O)c1ccccc1F,CC(C#N)C(=O)N1CCOCC1CNC(=O)c1ccccc1F
45e2abc0761a3d16eaf1938addda7f587d091582742829650a149c42148dbd4a,17a6d1b3efc0c1c4538f96d0882144b631b2d55626ed9999da15b1580b900ac6,O=C(NCC1COCCN1C(=O)C[*:1])c1ccc(F)cc1,CC(=O)N[*:1]>>COC[*:1],CC(=O)N[*:1],COC[*:1],8210,30399,1,1,1.0,20,4,3,24,23,6,5-9,C1CC1C[*:1]>>FC(F)(F)CC[*:1],c53a02275d4f2f50d8f8988e28e14994143072d5c829af38b7212010e84b4e53,cca6f1af4b0086ff1954fe4d5f7b034a86b2833e6c6029f257c0e8c8c4d39c44,CC(=O)NCC(=O)N1CCOCC1CNC(=O)c1ccc(F)cc1,COCCC(=O)N1CCOCC1CNC(=O)c1ccc(F)cc1
88fd1cdc47264612673e576e29ec33c4e4d1edda2425690aedccf5a69de6a99a,6fb38cd490de606857058dfdd64d01cc1ba44ee15974458e19312221346299c7,CC(=O)c1ccc(F)cc1Nc1cncc([*:1])c1,CC(C)(O)[*:1]>>CC[*:1],CC(C)(O)[*:1],CC[*:1],20615,24541,1,1,1.0,17,4,2,21,19,6,5-9,C=C(Cl)[*:1]>>FC[*:1],c8582d9b2481987bcc5b248bfe86cb36e0987fde5605658e4c874f29d57df81f,b88c2af03b48753799fb53793b36627477c54ae03bbe534c1040f30b370e8dd7,CC(=O)c1ccc(F)cc1Nc1cncc(C(C)(C)O)c1,CCc1cncc(Nc2cc(F)ccc2C(C)=O)c1
6b959e18a4639405bc65808c94cba42692a48566c9743d5deb7e6b357a16d063,e9416bbdc985de4db6cdc8f0c1dc230321278365bd38fbd4e5aa93f33cb5ec18,Cn1nc2c(c1C(=O)N1CCN([*:1])CC1)CSCC2,CCC(C)[*:1]>>O=C([O-])C[*:1],CCC(C)[*:1],O=C([O-])C[*:1],49434,44646,1,1,1.0,18,4,4,22,22,6,5-9,CC(C)[*:1]>>Cc1cccc(C)c1[*:1],de98c78c8377bbbee5f21253f46295d2f71b49a822c3e11ef1b16c212b1e1db3,2c2d1f41fbca332e7e55e077b376ee12f2b78b361c2af10145af1fdbb91c2b49,CCC(C)N1CCN(C(=O)c2c3c(nn2C)CCSC3)CC1,Cn1nc2c(c1C(=O)N1CCN(CC(=O)[O-])CC1)CSCC2
6b02870d7b6b07daf1d98b0a0c4437fb46b3faabbb6ea613b8fbf3c6a8ae4b7e,4771fcf8fbac2e928b0c32e0e03ab3eb895f11770f816f5dae60e015464af3b9,O=C(Cc1cc[nH]n1)NC(CNC(=O)[*:1])C1CCCC1,CC(C)CC[*:1]>>COCC[*:1],CC(C)CC[*:1],COCC[*:1],17411,40881,1,1,1.0,19,5,4,24,23,6,5-9,c1cc([*:1])ccn1>>c1cn(C[*:1])cn1,b3549a27f9c85591339654e544e37d2003ba6220016b173b02b2ad0898004e1c,7b49fa9aaff74e756ea1e424e6e806828eac1be83e66b358ab085399ecf41232,CC(C)CCC(=O)NCC(NC(=O)Cc1cc[nH]n1)C1CCCC1,COCCC(=O)NCC(NC(=O)Cc1cc[nH]n1)C1CCCC1
e7d4facdd70946baef6534e62c266b3b75c403c3f5f99a4a29bdaaa8f51809ea,f108c1db68254c70d9ebe290e3e6376ba6bfc31900cbdb4d6dc5deafe853df0c,O=C(NC1C2C[NH+](C[*:1])CC21)c1cccc2nccn12,C=C(Cl)[*:1]>>NC(=O)[*:1],C=C(Cl)[*:1],NC(=O)[*:1],11383,28989,1,1,1.0,19,3,3,22,22,6,5-9,COC[*:1]>>FC(F)[*:1],df09ed5c89e2e751fd8fdb6e20ccf311e7157a74042fc9ec6338772767f87bc8,57ffb99a131093a77b0bd916533650f3e4cf04818ea1754e2309afedf0b057df,C=C(Cl)C[NH+]1CC2C(C1)C2NC(=O)c1cccc2nccn12,NC(=O)C[NH+]1CC2C(C1)C2NC(=O)c1cccc2nccn12
478f5d93050616f9042703aae874c7a737c2d74220ce044a95df54fddadb60d5,db10b1f326aa99205ada4ea4a3c88be4c18aaa078dbc15a2a3cc3f5a3cd7e111,C1CC2CC1CC2N[*:1],CCC(CC)[*:1]>>FC(F)(F)C[*:1],CCC(CC)[*:1],FC(F)(F)C[*:1],21115,2163,1,1,1.0,8,5,5,13,13,6,5-9,Cn1nccc1[*:1]>>Fc1cccc([*:1])c1F,199541ecb0b060d45e5ab584aa4f183d3c17d64ab7f66dbf0728edb6f5162eac,2bb98fc07ec372eefb306772b3fbb22182e7904b25c1d60ca2e12024fdffdee6,CCC(CC)NC1CC2CCC1C2,FC(F)(F)CNC1CC2CCC1C2
f6aa03ad487c6d38d1471aca1db45c614275771a104ee783b7201ac9ab359537,10d5e7a0982820dd1a042c2bfe2c3f0ca5a7eba6e8e741178ccb3f0575656618,CCN(CC(O)[*:1])C1CCCC1,Nc1cccc([*:1])c1>>Nc1ccccc1[*:1],Nc1cccc([*:1])c1,Nc1ccccc1[*:1],43078,11615,1,1,1.0,11,7,7,18,18,6,5-9,CCC(C)[*:1]>>COC(C)C[*:1],4abfe83d4baa756cc5225021eda0e3b70eb08b5a84a3a0149c7755d24c3af9eb,d8e2c48a5ad9bc5e8412c0ebeeb8619462e44e7ae924c8f5608d9c7138f638b2,CCN(CC(O)c1cccc(N)c1)C1CCCC1,CCN(CC(O)c1ccccc1N)C1CCCC1
f0feeb971594e3722014cda6bfe6a703a3d9e1ff010c8f229364be4ffafb37ff,616ad081c1579766d8027414a6e090186637f70fbd046d32374841593104a9a6,Cc1nc(-c2cccs2)c(CC(=O)N2CCC([*:1])CC2)s1,N#C[*:1]>>OCC[*:1],N#C[*:1],OCC[*:1],670,235,1,1,1.0,20,2,3,22,23,6,5-9,CCOC(=O)C[*:1]>>c1ccc([*:1])cc1,a5563b5e7283ed6bd3d30320682f22037f75940362444b735f4ef9e7984cb2e5,ba38ca2fda7534ee53041b19893652b31d0a4eb8558dcb913eeec11994597ee3,Cc1nc(-c2cccs2)c(CC(=O)N2CCC(C#N)CC2)s1,Cc1nc(-c2cccs2)c(CC(=O)N2CCC(CCO)CC2)s1
948829ffa7af90e8fa8051350752628d72397732f1ba9f6784ac0ab123020dda,d4938db371fa40ed02314212623ac5dbd88cb0ff4760015cb1f0a6c062021255,O=C(c1ccc(NC(=O)[*:1])cc1)N1CCOCC1,Brc1ccccc1[*:1]>>Clc1cccc([*:1])c1,Brc1ccccc1[*:1],Clc1cccc([*:1])c1,7872,7968,1,1,1.0,17,7,7,24,24,6,5-9,C1COC([*:1])C1>>N#CC[*:1],4fac891a8c2b813e34d0a87d2aa1de89df22140c2e4bbb6085efe73ff1b6b745,1620ad0abb6d5491f760e70b75b47a5afc4e26300ff520338895ffd49e7bf22b,O=C(Nc1ccc(C(=O)N2CCOCC2)cc1)c1ccccc1Br,O=C(Nc1ccc(C(=O)N2CCOCC2)cc1)c1cccc(Cl)c1
9ab79c3eaa041c5b453a0d5bee37be6025d1aefcf2f7d391750180ed53685e80,0245eee017e339112eaba9049ec4fd555a962ad4189d691dbb9f896a23d2b3ca,CC(C)OC(=O)N1CC(C)N(C(=O)C2CC2)c2ccc(-c3cnn(C[*:1])c3)cc21,CC(C)(O)[*:1]>>OC[*:1],CC(C)(O)[*:1],OC[*:1],40256,3698,1,1,1.0,28,4,2,32,30,6,5-9,COC(=O)[*:1]>>FC(F)(F)CO[*:1],fefc1945597ec6f1b58ec7917cf05f33999e4de4bc3f5ef2849a0f3445e88b9e,40aa601c960283a1562158f6268d4a7219b691bd2d06c4f01d456ee393f01e3c,CC(C)OC(=O)N1CC(C)N(C(=O)C2CC2)c2ccc(-c3cnn(CC(C)(C)O)c3)cc21,CC(C)OC(=O)N1CC(C)N(C(=O)C2CC2)c2ccc(-c3cnn(CCO)c3)cc21
54cb87e7b019b9c6dc57267f6f322111235259e593d8a7eb63c6fa63c54d41fe,8f2a676a152486ca07496d9d7362548711e5066c269d46475d7307095045bda2,O=C1CC(N2CCN(CCO)CC2)C(=O)N1c1cccc([*:1])c1,CO[*:1]>>O=C(O)[*:1],CO[*:1],O=C(O)[*:1],38333,13341,1,1,1.0,22,2,3,24,25,6,5-9,Clc1ccc([*:1])cc1Cl>>c1ccc([*:1])nc1,b5a4508f6b3abcdab9977025d3d78f741eb4965d4c75e0f5862db30a90050837,e007d72f8cc5fa29c9d5c84f7286a5482c963db806fa5a47d4d1d3dae056f039,COc1cccc(N2C(=O)CC(N3CCN(CCO)CC3)C2=O)c1,O=C(O)c1cccc(N2C(=O)CC(N3CCN(CCO)CC3)C2=O)c1
44b968d2b84d7f81d56a792e660dc9e665f7fce67b96f7045e7e51377e8b82af,7179aca027fede3b8a8f6b1df612ca3f0a529a0b6a005b97a31e46b4fce49bdd,CC1C(=O)NCC(=O)N1CCC[*:1],CS(=O)(=O)[*:1]>>N[*:1],CS(=O)(=O)[*:1],N[*:1],23756,31111,1,1,1.0,12,4,1,16,13,6,5-9,CCOC[*:1]>>c1cncc([*:1])c1,e7bedfc3568d1b185fb352acd710720b57b3c9d1d38c626fef4d6ebd6f886bda,c18057838adec3ba5b878689f416134fc29f2a995959cb6134952ef020cf4df4,CC1C(=O)NCC(=O)N1CCCS(C)(=O)=O,CC1C(=O)NCC(=O)N1CCCN
db3a04fa2b4eb48d3932fb1038b2f0c030d5c3b6aac196a5afecd22d6fff2c7e,c6834415660b665d26bf737fb382d921aaedd2df70e0b8197a3bce522572e591,Cc1cc(CNC(=O)N[*:1])nc(N2CCCC2)n1,COc1ccc([*:1])cc1>>Cc1ccc([*:1])cc1C,COc1ccc([*:1])cc1,Cc1ccc([*:1])cc1C,39566,5794,1,1,1.0,17,8,8,25,25,6,5-9,Cc1ncoc1[*:1]>>Cc1ncsc1[*:1],e44fe747e15b71b69a4770924bd30a81577e9a8411577764239818309f334e4c,02e41b28b683333b9ffbec92c91c5f859c616a15b9d528266f221a1518c73ed3,COc1ccc(NC(=O)NCc2cc(C)nc(N3CCCC3)n2)cc1,Cc1cc(CNC(=O)Nc2ccc(C)c(C)c2)nc(N2CCCC2)n1
5e5424070355f5224c49372f28bf3ff43ee5d4cec28ff73e8a122d0f2822d021,b82999287bf13bbd6946225cf0ea320ac32a8cec14c14807ba8078a84d7d5a30,COc1ccc(C2CC(=O)NC(SCC(=O)N[*:1])=C2C#N)cc1OC,COc1ccc(Cl)cc1[*:1]>>c1ccc([*:1])cc1,COc1ccc(Cl)cc1[*:1],c1ccc([*:1])cc1,27385,16740,1,1,1.0,24,9,6,33,30,6,5-9,C1CC(C[*:1])C1>>CC[*:1],7df9f2e1e4e2af817cfab04cb3d1317fc0051fc9819f3c9fd55ed4ddc0e37c13,9dbf055c1489d0eb97ffc76571f0b6cc92e45a513bb5cbb0420f90ce1eceb87a,COc1ccc(Cl)cc1NC(=O)CSC1=C(C#N)C(c2ccc(OC)c(OC)c2)CC(=O)N1,COc1ccc(C2CC(=O)NC(SCC(=O)Nc3ccccc3)=C2C#N)cc1OC
07357a64c683429d51a0748aeff165627a8b9e6dc0fb47ab407853470016c8b6,08f861c705ee37d3379b0267306a53056f94f88b121b367ca6553846fe72be01,CC1([*:1])CN(Cc2c(Br)ccc3c2OCO3)C1,C[NH+](C)[*:1]>>OC[*:1],C[NH+](C)[*:1],OC[*:1],48876,23313,1,1,1.0,16,3,2,19,18,6,5-9,C1CC(OC[*:1])CO1>>COC(=O)C[*:1],5a924dfc689e2db0dcc9b3a8b9a5bb61e3b3d78342ca3a0464b4bdb0f6ed3c8f,a0356147d23fe22c7dac9ff94db1ef3cd83e43d52580f2ae223847ea4e996243,C[NH+](C)C1(C)CN(Cc2c(Br)ccc3c2OCO3)C1,CC1(CO)CN(Cc2c(Br)ccc3c2OCO3)C1
60c73c578751d98829ca295e860255a0e3f10e28896ef0559e5d509b6ad4a264,1b2ffb612a378f5f509de34e6ff5e6752a8056886db00c03c948b45b75f3f25e,CN(C(=O)c1nn(C)c2c1CCCC2)C1CC([NH2+]C[*:1])C1,C=C[*:1]>>CC(O)[*:1],C=C[*:1],CC(O)[*:1],7911,10733,1,1,1.0,20,2,3,22,23,6,5-9,CN(C)C(=O)C[*:1]>>c1csc([*:1])n1,6cda96a7b9a30bfff8139f3f70ec1895dd425a802118c90dc5cac60a96b8efa4,e89dedb7a4dfd8cb9dede56cca64554760b3fe7b372f266c98f6f5138bbc4b2a,C=CC[NH2+]C1CC(N(C)C(=O)c2nn(C)c3c2CCCC3)C1,CC(O)C[NH2+]C1CC(N(C)C(=O)c2nn(C)c3c2CCCC3)C1
5d8605e3fb65dbf0c3c34e5af35c189aa8849dbb17edafcec03a24324575d92d,a587d610a77bf24e5162f473001e4872183c2d11a87268baadef252f57ebabca,O=C(Nc1ccc2c(=O)c3cccc(Cl)c3oc2c1)[*:1],COc1ccc(C[*:1])cc1>>c1ccc(C[*:1])cc1,COc1ccc(C[*:1])cc1,c1ccc(C[*:1])cc1,26138,21793,1,1,1.0,19,9,7,28,26,6,5-9,C1CN([*:1])CCO1>>Cl[*:1],e3a26f39add0882e263cff3685440e3f205c02a380a8570cca3bb739985d4246,95cf0038c77a101aba8b252b17156d320668cfb975a8e9e7238f432ae0cbc90b,COc1ccc(CC(=O)Nc2ccc3c(=O)c4cccc(Cl)c4oc3c2)cc1,O=C(Cc1ccccc1)Nc1ccc2c(=O)c3cccc(Cl)c3oc2c1
0481dfab59d17a2e39d120f6fd606df908af4c76320c33fffb2119aa37067966,c00bd7e26b90ac4c7a99cf825f5e56ba59ee3c6762da32cf7ff49f6efa427fa0,Cc1c(Cl)c(C(=O)NCC2CC[NH+]2C[*:1])nn1C,CC(C)(C)C[*:1]>>OC[*:1],CC(C)(C)C[*:1],OC[*:1],11893,8175,1,1,1.0,17,5,2,22,19,6,5-9,C1CCC(C[*:1])CC1>>Cc1ccccc1[*:1],abc9e6521befe3da2c0276bd33dc4c2283868e77dfa126cf94861d9f78f9bcfb,1fd3c4c0fb4d747598e7f8ffca2ffbed6d8584c0acaeb802a3ec97df44c523f8,Cc1c(Cl)c(C(=O)NCC2CC[NH+]2CCC(C)(C)C)nn1C,Cc1c(Cl)c(C(=O)NCC2CC[NH+]2CCO)nn1C
d1d7f49a218a627a25709917b984aa9dc2757036fc44d8f03e227192f9c018b0,427ceec945935138c84cf8222dd7e156058855188f2c62060328d825fc3ab541,O=C(C[*:1])NC1CC[NH+](C2CCOC2)CC1,CC(C)C[*:1]>>CS(=O)(=O)[*:1],CC(C)C[*:1],CS(=O)(=O)[*:1],27143,49259,1,1,1.0,15,4,4,19,19,6,5-9,C1CC1C[*:1]>>c1csc([*:1])c1,06fbd45358f39ff14a30f6026a479bebdad783590d115c4e39f18c2b473a12aa,390af7f05860468d24dcea88d41dc40103394fa2497536fca5395e34d969747c,CC(C)CCC(=O)NC1CC[NH+](C2CCOC2)CC1,CS(=O)(=O)CC(=O)NC1CC[NH+](C2CCOC2)CC1
05a5a67f80109613ac16397b948054b8245f1b391f2c4ef700f8b6280844c2ab,ea1e3a83d78b0b8e94f96ce8e05d2260a2abf27caf78077af93895a80016112f,Cc1ccc(C(N2CCSC(C)C2C)[*:1])o1,CC(N)[*:1]>>CCC(N)[*:1],CC(N)[*:1],CCC(N)[*:1],16874,46742,1,1,1.0,15,3,4,18,19,6,5-9,Brc1cccc([*:1])c1>>Fc1ccc([*:1])cc1,35e71bff82987f59e87b77b84260127709bb4ce856607b77afb21b628ed986eb,abb8eab1f9c17451c72fd0a84a62b0d4207fc8670b16ef85247826ecd53b4de8,Cc1ccc(C(C(C)N)N2CCSC(C)C2C)o1,CCC(N)C(c1ccc(C)o1)N1CCSC(C)C1C
c971ecef731be0b90b545253cc75e6ad67bddde85ea5964cd9a0cb03d2e26695,45d7781c73af37600883d76d6665c8023ac3a965b4f68f9b0d510d8e506e85e5,COC(C(=O)NC1C[NH+](C[*:1])CC1C)c1cnn(C)c1,C=C(C)[*:1]>>C=CCC[*:1],C=C(C)[*:1],C=CCC[*:1],19050,12035,1,1,1.0,19,3,4,22,23,6,5-9,CC1CC[NH+](C[*:1])C1>>C[NH+]1CCCC1[*:1],33bc4a78c29e782eabe1f5524ba474f6dfcd8729d656a1fe6f98b8f86f0d1fda,807eddd6a5631b037ee119ebcae8ba44ff422d0b18dfb57089316376f5f3fe82,C=C(C)C[NH+]1CC(C)C(NC(=O)C(OC)c2cnn(C)c2)C1,C=CCCC[NH+]1CC(C)C(NC(=O)C(OC)c2cnn(C)c2)C1
abcc2afc6d2bb639bcc2bb1277d19ded351b9739554601e443bcc84b1337b792,b7135f6a2217d6c37faf530c0ff937879b2ed58bb6e3fb3a11053451e816ce0c,CCCC1C(=O)NC(C)(C)C(=O)N1C[*:1],CS(=O)(=O)C[*:1]>>FC(F)(F)[*:1],CS(=O)(=O)C[*:1],FC(F)(F)[*:1],40972,27773,1,1,1.0,14,5,4,19,18,6,5-9,Fc1ccc([*:1])cc1>>c1csc([*:1])c1,817a268c24df5710098e36b910a7cca4d9a1085849618bfc0c1f8bb09dd56eb4,079dfa3a57be7598c307b3389937bd2e503a2ad607f54ba598e13db63dd46883,CCCC1C(=O)NC(C)(C)C(=O)N1CCS(C)(=O)=O,CCCC1C(=O)NC(C)(C)C(=O)N1CC(F)(F)F
c89c9700e391695fe616fd7dbb35dcd605a0944e00a4efa2816b4f84589f9446,5197d275ac9382839df01eb17609ecbf932560708c8728cc43a68b56bc5f68a9,COCC(OC(=O)Cn1c([*:1])nc2ccccc21)c1nccs1,CSC[*:1]>>C[*:1],CSC[*:1],C[*:1],10882,26981,1,1,1.0,22,3,1,25,23,6,5-9,N[*:1]>>O=C(O)C[*:1],2de0897da8b9d99f23c656ec7c612187e54225c3d5fe31d9e5c12a5ebbb6494e,e320ebc225dbe81546dbccb3da6c75afb2973ee5cf6951825beee15d47d6d651,COCC(OC(=O)Cn1c(CSC)nc2ccccc21)c1nccs1,COCC(OC(=O)Cn1c(C)nc2ccccc21)c1nccs1
77f4b5a5e1510125165fc40984ec0851d580f2084dcf7bb06c27256aa8f9bfe7,f51daefef84a6540f16cbe8d95eb5cb56d723ce2c60df021931d53a7dce9874a,CCC(C)C1NC(=O)C(C)N(C(C)[*:1])C1=O,CC(C)(C)[*:1]>>CS(=O)(=O)C[*:1],CC(C)(C)[*:1],CS(=O)(=O)C[*:1],32512,46708,1,1,1.0,15,4,5,19,20,6,5-9,CCC(C)[*:1]>>Cc1ccccc1[*:1],77c397f9f9e121be18141c1b2db9fa1fd2c14e7497ed50da857a4a49a07f601c,fb5a2f1b2459dcc63e19462047a8d7286feef751a1b833f99dc89e98d1222f88,CCC(C)C1NC(=O)C(C)N(C(C)C(C)(C)C)C1=O,CCC(C)C1NC(=O)C(C)N(C(C)CS(C)(=O)=O)C1=O
3ace2b1b3bfb7a4c004b99b8425a96fb6db9620d22e903ed873ea611f4266731,102e7108c31781571b9c2c7859e2f3e42a89bb768db5ced216483778bf167e1d,CC1CC(NC(=O)c2ccncn2)CCN1C(=O)[*:1],C[*:1]>>NC(=O)NCC[*:1],C[*:1],NC(=O)NCC[*:1],15012,30835,1,1,1.0,18,1,6,19,24,6,5-9,Fc1cc(F)cc([*:1])c1>>c1cncc([*:1])c1,3b96f465aae8513b525daf6d62792899caeb77c73c193498a098f16c3241dd76,faf1377e9b21e5383dcecaf23945c7bad64ecdd4d98857bdf5bcaeb702ee67f8,CC(=O)N1CCC(NC(=O)c2ccncn2)CC1C,CC1CC(NC(=O)c2ccncn2)CCN1C(=O)CCNC(N)=O
f090d2ba7733b03b8ee2c047c6dbd305adccddfc1eacc9e537ed87e701734ed3,576640ffc85c035f717c837e507233dd716457292a566040129edceedad2624b,COc1ccc(C(=O)N2CCCN(C(=O)CC[*:1])CC2)cc1OC,Clc1ccccc1[*:1]>>Fc1cccc([*:1])c1,Clc1ccccc1[*:1],Fc1cccc([*:1])c1,3293,45241,1,1,1.0,23,7,7,30,30,6,5-9,CC(C)CC[*:1]>>Cc1cccc(C)c1[*:1],39c12298f8faabc0c76fa5ece43c5ef1d51e2bb91fb2626cc2a61f24e8bf6eb6,13427bff7e1df67a8a80d5fac466f25c99ea448cde59eda91f323c91d29ccd13,COc1ccc(C(=O)N2CCCN(C(=O)CCc3ccccc3Cl)CC2)cc1OC,COc1ccc(C(=O)N2CCCN(C(=O)CCc3cccc(F)c3)CC2)cc1OC
108d7a712967678b21c918656eb3bb64a9b0e9d8ff44fdbd7b01e5e74e2100ff,e914ff2cedd2dfe7b52a5f5b07359a4fa163fbef05e19ad467b298d31e73fef8,FC(F)(F)c1nn(-c2ncccn2)cc1[*:1],O=C(O)[*:1]>>O=C[*:1],O=C(O)[*:1],O=C[*:1],9847,17450,1,1,1.0,15,3,2,18,17,6,5-9,C1COC([*:1])C1>>CC(O)[*:1],73ccf7e3e246e6e546ed55020d8d0652cbf10426d8cbd207f7656a5c56ad539e,5b8e2ff072287f497dda207c04f4fad6560834059dffc1a07d6c7a2398aa5892,O=C(O)c1cn(-c2ncccn2)nc1C(F)(F)F,O=Cc1cn(-c2ncccn2)nc1C(F)(F)F
d491b4326b419e6244eb7621ab9852f8577c649c573b57412530930fd84d6038,30d3c36bdde3ff8a68e1592b9931c040982ead045c6dddc3c012b96972e145c0,CC1CC(COC(=O)C[*:1])CCO1,COc1ccccc1[*:1]>>Cc1ccccc1[*:1],COc1ccccc1[*:1],Cc1ccccc1[*:1],46602,34974,1,1,1.0,12,8,7,20,19,6,5-9,C1COC([*:1])C1>>c1cncc([*:1])c1,e56ec58d6a6c97ac4ccaa8aba2b57cfb50e999799bdb7a417f8e362a83d2ad0b,1c6326b5906fc0a84ab4cdb0ceb129c40e6137bb41485730dc30f08d53bfe0a8,COc1ccccc1CC(=O)OCC1CCOC(C)C1,Cc1ccccc1CC(=O)OCC1CCOC(C)C1
8ebb3757d45104894f68943c7f4cdf3c278bf0eac4693045b14399d69aae83b3,c20ccee8374ccba5465906d8f8ea435bf676e0b2afe20c30d32a61b2a9b37353,CC1CC1CNS(=O)(=O)c1cc([*:1])sc1Br,CCNC[*:1]>>NC[*:1],CCNC[*:1],NC[*:1],45039,36647,1,1,1.0,15,4,2,19,17,6,5-9,C[*:1]>>c1nc([*:1])cs1,ff4d95b8cef69628773f15620188988405215ccabdee04a19d460e123ec1af9e,a2a9c2a8c7bc56d0f722a1b1014b40bf85610fb612c692ff5c9016530d42c049,CCNCc1cc(S(=O)(=O)NCC2CC2C)c(Br)s1,CC1CC1CNS(=O)(=O)c1cc(CN)sc1Br
465cfd9a5c85ddc767e947bfed04b46a629e30a3a8f78305aa4b19fffad3731a,0677f880b98d6c3a34afec9c01b3c52ee31f8a76efdc86d4a50beea9656cb6a1,c1cc(C[NH+]2CCCC([*:1])C2)c2c(c1)OCCO2,FC(F)(F)[*:1]>>OCC[*:1],FC(F)(F)[*:1],OCC[*:1],42355,7266,1,1,1.0,17,4,3,21,20,6,5-9,C1CCC([*:1])C1>>COC(=O)CC[*:1],ea087034ef0ddee45518c51521173557d6b955969e3de82f83d0be348705dd65,104bc8dd63eb2b5736b975d885cc860bd72f0f4c278964421a4edbda3c58d806,FC(F)(F)C1CCC[NH+](Cc2cccc3c2OCCO3)C1,OCCC1CCC[NH+](Cc2cccc3c2OCCO3)C1
e1b50f4e34b2f9cda76cc5bc443587bdcf7abf93295057e508ffda2252a57117,6ea057202fd9a2f1e8c3751b35f5d74eb1ca0e5c5138e33b76a0dbb24167f66f,O=C(OCCOc1cccc([*:1])c1)c1cc2cc(Cl)ccc2o1,CS(=O)(=O)[*:1]>>N#C[*:1],CS(=O)(=O)[*:1],N#C[*:1],24174,10245,1,1,1.0,22,4,2,26,24,6,5-9,CC(C)CNC(=O)[*:1]>>O=C(N1CCCC1)[*:1],d63829bce5d57af5dad58dc7fda4177ab9cef09816406b31a31eecb33eff41d0,fe9a7cfb49aacf4e60f1cbbea17d9949af9d075421e9ef7040a40dcd3469e8c9,CS(=O)(=O)c1cccc(OCCOC(=O)c2cc3cc(Cl)ccc3o2)c1,N#Cc1cccc(OCCOC(=O)c2cc3cc(Cl)ccc3o2)c1
b3a2ad48db34821e2505e60d84a84f851abf967962544ab0e4ab8966b3336c63,3a8ad3d94d4d9a96e75f0b6d737630e8b04b11423292188f0982bb5f28404bcf,CC1C(NC(=O)C2C3COCC32)CCCN1[*:1],C#CC[*:1]>>CS(=O)(=O)CC[*:1],C#CC[*:1],CS(=O)(=O)CC[*:1],36777,2971,1,1,1.0,16,3,6,19,22,6,5-9,CCC(C)[*:1]>>c1ccc(CC[*:1])cc1,490e962017404b7afd6590fb4452334b5a66f246accc5bd60fe26d512e5bad36,4719b680a53b60f35ff98e7b70b192a1b2ed9fec9da43b3bdfca1fee57f2ce0c,C#CCN1CCCC(NC(=O)C2C3COCC32)C1C,CC1C(NC(=O)C2C3COCC32)CCCN1CCS(C)(=O)=O
273e5816f132b1fd457aef51b61adfc853abfd8993c365e31bdad4321c81e4d4,6f2056f3e6af771cf36529a836876755a37357184b96cdcf7242d8428aa0eb17,O=C(CCc1cn[nH]c1)N1CC2C[NH+](C[*:1])CC2C1,C=CC[*:1]>>C=C[*:1],C=CC[*:1],C=C[*:1],42013,23538,1,1,1.0,18,3,2,21,20,6,5-9,N#Cc1ccc([*:1])cc1>>c1ccc(C[*:1])cc1,674f2889dbd68b333752384490c953637e025235cfe3b4de913cff89e14eb4e9,b35c8f5ecb660544cf767198eb7f0b969371526d1a61e5d45a37491344bf94df,C=CCC[NH+]1CC2CN(C(=O)CCc3cn[nH]c3)CC2C1,C=CC[NH+]1CC2CN(C(=O)CCc3cn[nH]c3)CC2C1
1f37e6fb8b46e4935a15dbfa657213536b2ab885d342110366c7dabee90f7e34,d45b48d991687f4b7e56f6cdd582124eb4dcf9aa84ce8a8e3a3c3e8b442c9368,Cc1coc(C)c1C(=O)NC1CCN(C[*:1])CC1,FC[*:1]>>NC(=O)[*:1],FC[*:1],NC(=O)[*:1],21640,32033,1,1,1.0,17,2,3,19,20,6,5-9,Clc1cc(Cl)cc([*:1])c1>>Clc1ccccc1[*:1],c6b96546aa4059481a2fae09fdde1728c71b243fec09e1c8c76f0dc243fc2a40,a2b2a208c04cc56571b483632362a8eff3744667cbff2680347576e12f3b372d,Cc1coc(C)c1C(=O)NC1CCN(CCF)CC1,Cc1coc(C)c1C(=O)NC1CCN(CC(N)=O)CC1
f7a5029a364f503b1664d5ff53da9eb80827e564cb295a6d51110ce3db4ed9ef,fb072ce46050e6e3d00889a633be85fc0e8daf4d0a8269fcead577ac6f6590c9,c1ccc2c(c1)CCN2Cc1csc([*:1])n1,COc1ccc([*:1])cc1>>Cc1ccccc1[*:1],COc1ccc([*:1])cc1,Cc1ccccc1[*:1],23405,32623,1,1,1.0,15,8,7,23,22,6,5-9,C#C[*:1]>>C=C[*:1],cf739b3780bab7d54ddd3c21e5b74b06c08bc375972a88b25de24c108541189e,442771fde54a110aa4dbb2a0127d6f4a41133831910593aed989a836658f40e2,COc1ccc(-c2nc(CN3CCc4ccccc43)cs2)cc1,Cc1ccccc1-c1nc(CN2CCc3ccccc32)cs1
4cfd44ad93139ffa16b534b496e32347fc64761da63c410863275f1c9c516098,11afce72200a4a220cd5d5f549658dd15bf615f843c98c301f4eaaf4cdced67f,O=C(Nc1cc(O[*:1])cc([N+](=O)[O-])c1)c1cc(C(F)(F)F)[nH]n1,Cc1ccc(C)c([*:1])c1>>Cc1cccc([*:1])c1,Cc1ccc(C)c([*:1])c1,Cc1cccc([*:1])c1,28711,32874,1,1,1.0,22,8,7,30,29,6,5-9,COc1ccccc1[*:1]>>Cn1cc([*:1])cn1,ea1adf3fe758f61d13683698a4ba2e24000854ef554afd2ab385785a13d916bf,6433806604045518721f3c8cca2611535b5691947f6ef603963b11f531591360,Cc1ccc(C)c(Oc2cc(NC(=O)c3cc(C(F)(F)F)[nH]n3)cc([N+](=O)[O-])c2)c1,Cc1cccc(Oc2cc(NC(=O)c3cc(C(F)(F)F)[nH]n3)cc([N+](=O)[O-])c2)c1
f203a2ff1cf8c7445cf2c00f448fd31afbb0314021f4c0137a685736adbaaeab,1ceab361078f26ea8d5afe33256c11478486c1b4fe20970b9d30cadc0f1522f9,NC(=O)c1cc2ccnc(N3CC4NC(=O)OC4C3)c2cc1OC[*:1],C=C[*:1]>>FC(F)(F)[*:1],C=C[*:1],FC(F)(F)[*:1],48143,5908,1,1,1.0,24,2,4,26,28,6,5-9,CC(C)[NH+](C)CC[*:1]>>CC1(C)OCCC1[*:1],0a0d1b3f027e25b02e5116d9d1bb4601b7965d898273a56428c8e84c9a2340df,616148025a6c47c9e99f9fe542f3508c05f986283819d93ef33f8855c75511aa,C=CCOc1cc2c(N3CC4NC(=O)OC4C3)nccc2cc1C(N)=O,NC(=O)c1cc2ccnc(N3CC4NC(=O)OC4C3)c2cc1OCC(F)(F)F
3e3a788aa666abb11027c3bd1ac95482a0251466c9482550b7e44eb593b90d18,bfd2b5cbd375662d5e56f5002198efb57af8bde903751dc0394f4af7797faab5,O=C(NC[*:1])c1cc2ccccc2o1,Clc1ccccc1[*:1]>>Fc1cccc(F)c1[*:1],Clc1ccccc1[*:1],Fc1cccc(F)c1[*:1],42070,27638,1,1,1.0,13,7,8,20,21,6,5-9,C#C[*:1]>>CS(=O)(=O)C[*:1],a4caca43f43f28a68624c38d6eacc7ab01efcf2af30cbb390326fc677451b21c,03a83f9642a0fed45044bed758216c1c5e8ef851ff2fea946d54979c4401e5c2,O=C(NCc1ccccc1Cl)c1cc2ccccc2o1,O=C(NCc1c(F)cccc1F)c1cc2ccccc2o1
debe7268c30c7dccf6d58aec19c7fa9592dae7b9ad564c5d670f12f726d7ff67,4005d7b2d456f82682f52d7ae67bccc6ea660e06f2b9eef781a39385e4d17dd1,CCC1(OC(=O)CC[*:1])C(=O)OCc2c1cc1n(c2=O)Cc2cc3ccccc3nc2-1,BrC[*:1]>>C[*:1],BrC[*:1],C[*:1],40435,37319,1,1,1.0,30,2,1,32,31,6,5-9,COc1ccccc1[*:1]>>c1coc([*:1])c1,2db899abc468d38502978cf4478e8353a89623b7e88a7f51a5bdce323aea83ad,64702a3ef720423ae49c7347d563d4deeeda24a7333163fdaaf28eb6941db71c,CCC1(OC(=O)CCCBr)C(=O)OCc2c1cc1n(c2=O)Cc2cc3ccccc3nc2-1,CCCC(=O)OC1(CC)C(=O)OCc2c1cc1n(c2=O)Cc2cc3ccccc3nc2-1
16f9922482d027c86450eeff6d08240224b0cb9ebf99151e7fc34be087d19f4b,8e61c663fbca27e53a1f51f5f1be60f63fa194c008a27bcdce58b9af9be553e8,O=C(NCCN(CCO)C(=O)CC1C=CCC1)C1CC1[*:1],CCC[*:1]>>CN(C)C(=O)[*:1],CCC[*:1],CN(C)C(=O)[*:1],16692,49707,1,1,1.0,20,3,5,23,25,6,5-9,C1CC([*:1])CCO1>>COC(=O)CC[*:1],994f64ee0a0386eeaee95ea210c9513f1608db2554795a6255e25546e506b603,a870c5ae8fe62e3c6ae0b8dfa3263d1b69cd0cadff9dddfa6e567886f9b3de3f,CCCC1CC1C(=O)NCCN(CCO)C(=O)CC1C=CCC1,CN(C)C(=O)C1CC1C(=O)NCCN(CCO)C(=O)CC1C=CCC1
31842ab9ab1dc94e195dd2ab7d51e26867e18cb0b579f13ffd897747a04be49a,9717b526c92eae909756ffc90a2c20fe0050a630a37ecad14530c389b817045c,CC(CC(=O)Nc1ccccc1-n1cnnn1)[*:1],COc1cccc([*:1])c1>>Fc1ccccc1[*:1],COc1cccc([*:1])c1,Fc1ccccc1[*:1],24865,21708,1,1,1.0,17,8,7,25,24,6,5-9,COC(=O)CC[*:1]>>N#C[*:1],acdf8130b8e2cae318e4212c020a2f66b4bd901019d367a429d86fc0dce497a7,d1e954a1799c5138c94e4dd3a427281b2128d0b1d167dfe5dad6acdb252cf210,COc1cccc(C(C)CC(=O)Nc2ccccc2-n2cnnn2)c1,CC(CC(=O)Nc1ccccc1-n1cnnn1)c1ccccc1F
c2240e5432caaa8f846225d2fcdefada53e0e013443c4555fa8cc77db22fceb3,5d7fa108b224612d66d2845d80518c0edc4512f8a4d7197199027f195ca65b8d,CC(O[*:1])C(=O)N1c2ccncc2CC1C,Cc1cccc([*:1])c1>>Fc1ccc([*:1])cc1F,Cc1cccc([*:1])c1,Fc1ccc([*:1])cc1F,2559,48350,1,1,1.0,15,7,8,22,23,6,5-9,Brc1ccc([*:1])s1>>c1ccc([*:1])nc1,dbb308e6f0f4be329b887312777129571037999d1bcb5f1772c02d5447df1ad4,edb0a8c51530457319d67b9296abbc74fca82f8732f1baf42f98851e027f5985,Cc1cccc(OC(C)C(=O)N2c3ccncc3CC2C)c1,CC(Oc1ccc(F)c(F)c1)C(=O)N1c2ccncc2CC1C
616b6c1b1f20195375b8f9b4cbc5271d4f30d06524e8874c5e4ef637c286a0ca,b5d141a44a3658cb1f8905a9a1d492bd98841eeaae01b943a8f04213e4288a5a,O=C(NCC1CC[NH+]1CC[*:1])c1ncoc1C1CC1,C#C[*:1]>>CCC[*:1],C#C[*:1],CCC[*:1],32576,35812,1,1,1.0,18,2,3,20,21,6,5-9,CC(C)O[*:1]>>O=C1CCCN1[*:1],b1762741a2a2605b2797523b23fffd36d0fac72f6beee6cfc39fb8a38f44b946,40361d26a9ca90d362f74dfeacb61b484c31b211887537045242c6b73247f786,C#CCC[NH+]1CCC1CNC(=O)c1ncoc1C1CC1,CCCCC[NH+]1CCC1CNC(=O)c1ncoc1C1CC1
4ec0c2089c28064ee23136c7f24e7ea74dce059cfa61444aa570678c8628c56c,e40c6077616b0e8674e0bda4f00bf701384ad0b26937a572d9a0064e35ebe170,O=C([O-])C12CCC(C(=O)NCC[*:1])(CC1)C2,CN(C)C(=O)[*:1]>>CNC(=O)[*:1],CN(C)C(=O)[*:1],CNC(=O)[*:1],44124,47334,1,1,1.0,15,5,4,20,19,6,5-9,C1CN(C[*:1])CCO1>>C[*:1],ca323deb938eb992225c99918a80507f92dfb06ec73140ea4aab9b7654aeb32a,b8c71ba02d559c5b42f3c35b7a343b30acca30a4f8ca464ee26012b28fc095cd,CN(C)C(=O)CCNC(=O)C12CCC(C(=O)[O-])(CC1)C2,CNC(=O)CCNC(=O)C12CCC(C(=O)[O-])(CC1)C2
d4f8c51c05965664fde934a2c9bffa82be1ad1498769c6358e221fc00a0ada35,d9af099bebc17e31779c9245ae389332e7bbd2ccfad5a41c8cfe1ce8c41cf650,Cc1cc(C)n(CC(=O)NC2CC3CCC(C2)[NH+]3CC[*:1])n1,FC[*:1]>>OC[*:1],FC[*:1],OC[*:1],25002,49040,1,1,1.0,21,2,2,23,23,6,5-9,C#C[*:1]>>C1CC(C[*:1])CO1,33ac22f89527a9f3fc5ccaab5fc6e06dab1009fc89054d2e8821b79086d8d03a,71159c8b190aba0f4d1804d526eb4848408604a06260cbc372037d6b5289f28a,Cc1cc(C)n(CC(=O)NC2CC3CCC(C2)[NH+]3CCCF)n1,Cc1cc(C)n(CC(=O)NC2CC3CCC(C2)[NH+]3CCCO)n1
622f2cdb06975c42f1da5cda98ffa4873b375ac149fed188c931e99ee4b4b461,f7f371a21a247407517d78fa26bda03563a61acd38a89f1685f93778b3d3e33f,Cc1nn(-c2ccccc2)c(=NC(=O)[*:1])[nH]1,CCC(C)=C[*:1]>>CCC=C(C)[*:1],CCC(C)=C[*:1],CCC=C(C)[*:1],9589,30507,1,1,1.0,15,5,5,20,20,6,5-9,CC(C)(C)C[*:1]>>c1ccc([*:1])cc1,2a648f1befe4d4d3114e58a31ab3335dbc65e266f533fbceaa86957c78abeb9b,f601359363ff671faab5f1fd349587b39ea5349f3da49dac8be4fb63accd9c79,CCC(C)=CC(=O)N=c1[nH]c(C)nn1-c1ccccc1,CCC=C(C)C(=O)N=c1[nH]c(C)nn1-c1ccccc1
dcfcc035d0a11b31b2777713835eddc986c8b62d085c69a34485e4e7b1594d92,9c81c1ea784a18c4a742103db272e3992c6dd21d3ff64547e91a5c03056ed76c,O=S(=O)(NC(C1CC1)[*:1])c1cc(Cl)sc1Cl,COC(=O)C[*:1]>>NC[*:1],COC(=O)C[*:1],NC[*:1],33782,36974,1,1,1.0,15,5,2,20,17,6,5-9,C1CCC(C[*:1])OC1>>OCC[*:1],4653115a5d0e7be7c7a872da69b11dbd64fc01a6ef8b52163b02d5f6d92f1c31,f5f9d9f5844d3c1c6413f2ae2054aade180d64eaa3bb458606f8268eff52276f,COC(=O)CC(NS(=O)(=O)c1cc(Cl)sc1Cl)C1CC1,NCC(NS(=O)(=O)c1cc(Cl)sc1Cl)C1CC1
e2596d183ea434b7d3eb5824a757452de18f2334dc3c6f8afc37364b6c6c1377,c267115884e39200a40513e254f2eb35e4c7d9a50399628a8f29a0c6dfc2fa89,Cc1ccc(C(=O)NCC2COCCN2CC#N)cc1[*:1],CC(=O)N[*:1]>>Cl[*:1],CC(=O)N[*:1],Cl[*:1],20254,11920,1,1,1.0,20,4,1,24,21,6,5-9,CC(C)(C)[*:1]>>c1ccc(OC[*:1])cc1,568bbcb55eefa3a9b10659a180160d673131789140766ee54084bd060b84be30,a5246341136cd24d4096d77a1fbb653bdc61d57928d37602c2bfd8c5a4dd06aa,CC(=O)Nc1cc(C(=O)NCC2COCCN2CC#N)ccc1C,Cc1ccc(C(=O)NCC2COCCN2CC#N)cc1Cl
bf627666b713171d752cad99fca969b8134d5b7bb2ff5205346af70175b5553a,65957a156c8772037567ed1417f187c48353c2f51727b223c0aecb98bfa0be9f,CCC1(C)NC(=O)C(C)(C)N(C[*:1])C1=O,CC(C)C[*:1]>>COCCC[*:1],CC(C)C[*:1],COCCC[*:1],35171,34361,1,1,1.0,14,4,5,18,19,6,5-9,Fc1cccc([*:1])c1>>c1csc([*:1])c1,3ef416322f21f11e36b31f67cf31e244608fedaceed099d24d2e22aa8ccb4f99,09e700488d6dcb077260193bc9cdfdef3b28a462d6106ebae7d00de2d438152c,CCC1(C)NC(=O)C(C)(C)N(CCC(C)C)C1=O,CCC1(C)NC(=O)C(C)(C)N(CCCCOC)C1=O
1b83a54677433b716f1337721108db69b5f46e2c6e6d2c6f1f90bfe0e15bc5e2,708033654b78e9073dd59257b7c1d87cdf14ce4e7a4160d4805d1620ccf8c50d,CCCn1ncnc1CN1CC2(C)CN(C(=O)[*:1])CC2(C)C1,CC(C)C[*:1]>>CC=C(C)[*:1],CC(C)C[*:1],CC=C(C)[*:1],41009,38210,1,1,1.0,21,4,4,25,25,6,5-9,C=C[*:1]>>c1ncc([*:1])[nH]1,3464228e60d8968a160a0593a463e3fa4a188411f176a74691642a6c36b5f411,58832f0c2749428457be993ea367a72766901e2d41cb6ee37439a0edeb84b46c,CCCn1ncnc1CN1CC2(C)CN(C(=O)CC(C)C)CC2(C)C1,CC=C(C)C(=O)N1CC2(C)CN(Cc3ncnn3CCC)CC2(C)C1
02f8cd35f95be7eca71a18bbe8aaffd74564fc022993ca3bad43ffcdc5bceb95,512240769f25045d985fb63310e3bd397caad384c2ddd2cfcce7dbdd511a9767,CC1CC(Nc2cnn([*:1])c2)CS1,CC[*:1]>>FC(F)C[*:1],CC[*:1],FC(F)C[*:1],25544,24410,1,1,1.0,12,2,4,14,16,6,5-9,C[NH+](C)C[*:1]>>F[*:1],fdc94af489b71076d712900e13a6a0912edd69fde7da8f2a401907e0f07ceb34,23f8f0ddf525b1e5854686087c2cbffb7f9b7395a91b6d0df2597ce9dd4143e1,CCn1cc(NC2CSC(C)C2)cn1,CC1CC(Nc2cnn(CC(F)F)c2)CS1
54a92af50b82ee7e6afcd9c8af4e8fb72fafea8d6d109cc9a6ae41243ce9e0b9,0cb19df2f9b9d99817690c22b3a8fb6b7102b5052b8ce39227d09c8292b5d57c,O=C(CCOc1ccc([*:1])cc1)N1CC([NH+]2CCC(O)C2)C1,Cl[*:1]>>O=C[*:1],Cl[*:1],O=C[*:1],24565,38714,1,1,1.0,21,1,2,22,23,6,5-9,C1CC(C[*:1])C1>>C1CC1[*:1],563493b90d7ccdf8a54b8817f9b780e237ea7837da45934cc84fc266f0442c99,12b32a26d72938a20f82f1df426cb69548d82f6f572bb63d23c1c6e9b750cfe5,O=C(CCOc1ccc(Cl)cc1)N1CC([NH+]2CCC(O)C2)C1,O=Cc1ccc(OCCC(=O)N2CC([NH+]3CCC(O)C3)C2)cc1
658e36ccc84736bf66050ae0b7e1a28dac71828abb07b5db7e5988c876c966f7,21326ad9cbaa7ac3138cfa89a2135fb1813e22085d94b60e8af9785685e27977,CC1C2CCC(C2)C1C[*:1],C=CCC[*:1]>>CCC[*:1],C=CCC[*:1],CCC[*:1],8433,39615,1,1,1.0,9,4,3,13,12,6,5-9,Fc1cccc(F)c1[*:1]>>c1ccc(C[*:1])cc1,db8070ab44f8785c804b9f60d3548f53aa44a3fbcfb59cc2fbb1210bca5c2631,1835dda35a3f680c958d699ba504090402a611a776a59d0e4d56aa16a120b02d,C=CCCCC1C2CCC(C2)C1C,CCCCC1C2CCC(C2)C1C
a79360d717e8db06f36108f52a69d33ae8e14090aab7352f89453190e0b4874e,d0f6a76e2814950e025a0e2d42cc7249d98cb1a478cc242db5227c2ebfde6ee5,O=C1CNC(=O)C([*:1])N1,CCC(C)[*:1]>>O=C(O)[*:1],CCC(C)[*:1],O=C(O)[*:1],17390,35795,1,1,1.0,8,4,3,12,11,6,5-9,Cc1cc([*:1])no1>>FC1(F)CCC([*:1])C1,cf3301c58e8c2f6769bead87cb3295f5605eb4d189176b4a36d9690ad9555d96,51b69fe4592fa170e3ea426ffca90a66ac06dcdd98490cb0e57a1a07683cf210,CCC(C)C1NC(=O)CNC1=O,O=C1CNC(=O)C(C(=O)O)N1
af5223fada55db7c77b225b539509a34645d719da6e0bc07de8546e2ca2dcd25,4bd666a6328c572ee4f756a79b7032a94828f91d909b4e1ee7aa518584b16a25,c1cc(-c2cnco2)c2c(c1)C(C[*:1])OCCC2,CC[*:1]>>CN[*:1],CC[*:1],CN[*:1],20752,37264,1,1,1.0,17,2,2,19,19,6,5-9,COC(=O)C[*:1]>>Cc1csc([*:1])n1,0f8038fa67a6e01257943fe321445a88aab03965ce5cd304d98b97435781a327,9f5cfd6a26db0da0c4d51f9cb58837850acc057c5418a7eb2592edecd6838b1d,CCCC1OCCCc2c(-c3cnco3)cccc21,CNCC1OCCCc2c(-c3cnco3)cccc21
a52730b25fdf522d429e38c0c6dfb435ab2e93ba7ab304961fec7033cc7f6827,b81860d3348e1be3301681875f98939cc3bad1c68ea13d3ad2d54e8dc586e00b,CN(C)CCNC(=O)c1cncc(Nc2ccc([*:1])cc2)c1,CCO[*:1]>>Cl[*:1],CCO[*:1],Cl[*:1],31947,35352,1,1,1.0,21,3,1,24,22,6,5-9,CCC(F)[*:1]>>Cn1ncc([*:1])n1,3a4f65cb8a74ebf5084d27e99cfa05889c2bd583d04bb54e3ea0bccf0d21b3a4,5647ff7d018a4cb85294e57560607be20c2ed62f07b447e8b5c9ad4b84ac71b1,CCOc1ccc(Nc2cncc(C(=O)NCCN(C)C)c2)cc1,CN(C)CCNC(=O)c1cncc(Nc2ccc(Cl)cc2)c1
1ec13c936df9c520cd23fefc093025221a1d7d7a8082a2f6f9b0de415ee86912,61a297597648c634854a2c3d6f9ba773700b30e52a9e0757098bd57b3c2e8b0c,CC(C)C(NC(=O)COc1cccc([*:1])c1)c1ccc2c(c1)OCCO2,OC[*:1]>>[NH3+]C[*:1],OC[*:1],[NH3+]C[*:1],48881,18439,1,1,1.0,25,2,2,27,27,6,5-9,C1CC(C[*:1])C1>>C=CCC[*:1],045549cbea17d2c7e56145503da4a917d751695827ce0059c282e1749b830e3c,80a4b105d057a6cee418afad72b5017cfabd04a0b5ec63c3c0ad0401b6dba0be,CC(C)C(NC(=O)COc1cccc(CO)c1)c1ccc2c(c1)OCCO2,CC(C)C(NC(=O)COc1cccc(C[NH3+])c1)c1ccc2c(c1)OCCO2
da42cb9174e90c9948dcb4d44069d3b555980388d2323169ffce4497f53891a2,bc66b356bc21aa181033cac17cb61587750f1a35f6514b1a8c827a28e6aaf29b,O=C(NNC(=S)Nc1ccc(F)cc1)[*:1],COc1cccc([*:1])c1>>Cc1ccc([*:1])cc1C,COc1cccc([*:1])c1,Cc1ccc([*:1])cc1C,46714,42796,1,1,1.0,14,8,8,22,22,6,5-9,C=C(Cl)C[*:1]>>c1cc(C[*:1])no1,582fdecadd7cbc26746354531a98bb406f99e6650ad45676e87f4bffcd103750,7ebf40ade35b14bc7fcc53672fdf2b6950657c6bc949d3038596c793a1d8bb9d,COc1cccc(C(=O)NNC(=S)Nc2ccc(F)cc2)c1,Cc1ccc(C(=O)NNC(=S)Nc2ccc(F)cc2)cc1C
5a8d8d6f88cf9d357c4c159cc75af69029a12570b87979b498660674c31f7765,655876d5d9bb3f37ffeed161ffa4d55a53095a39206a8287b9372b0d9b5bbbe5,O=C(c1ccc(NC(=O)[*:1])cc1)N1CCOCC1,Brc1cccc([*:1])c1>>Clc1cccc([*:1])c1,Brc1cccc([*:1])c1,Clc1cccc([*:1])c1,19048,7968,1,1,1.0,17,7,7,24,24,6,5-9,C1CCC([*:1])C1>>COC(=O)C[*:1],77700872def2e83cac182ba7f6d9b9b4cdfb685668ac1ecd85cc5ec59737811f,1620ad0abb6d5491f760e70b75b47a5afc4e26300ff520338895ffd49e7bf22b,O=C(Nc1ccc(C(=O)N2CCOCC2)cc1)c1cccc(Br)c1,O=C(Nc1ccc(C(=O)N2CCOCC2)cc1)c1cccc(Cl)c1
81a1717f2e3a838880dc98ca71ab49ff626a89c2f07d3fa752f6bb60fa5e5174,4d3f1940a36b0007ea1d9314240f4dd9f7296a439ed6e4c8b47e7a06a61f6a98,Cc1c(C(=O)NC(C)c2cccc([*:1])c2)oc2c(F)cccc12,CC(=O)N[*:1]>>O=[N+]([O-])[*:1],CC(=O)N[*:1],O=[N+]([O-])[*:1],34262,16857,1,1,1.0,22,4,3,26,25,6,5-9,C1CC1[*:1]>>Cc1cccc(C[*:1])c1,e4e62f0b2fc07d229585ecd3d29efae08b02e32f2b94223f921c9e11a4eb4458,98f1593048b46a32eeb96b5f19be08abb6465b8f4172c13ac9c876f1e21c0073,CC(=O)Nc1cccc(C(C)NC(=O)c2oc3c(F)cccc3c2C)c1,Cc1c(C(=O)NC(C)c2cccc([N+](=O)[O-])c2)oc2c(F)cccc12
2b79c3cc7f2da616cb87735d5243c311d003dd7b6978f6559a34426aa9bf3933,607253e0f185b977bc0b1d086048b0b56f8c48498dbc1bb985e36473fced2163,CNC(=O)C(C)N(C[*:1])C(=O)CN(C)S(=O)(=O)c1ccc2ccccc2c1,Clc1ccc([*:1])c(Cl)c1>>c1ccc([*:1])cc1,Clc1ccc([*:1])c(Cl)c1,c1ccc([*:1])cc1,30904,19679,1,1,1.0,26,8,6,34,32,6,5-9,CC(C)OC[*:1]>>CN(C)C(=O)[*:1],6c12619fca595eef0088e90c25289d120834d76faef8b01580f6a71fbda6102a,0ccbaf5939ab8990b28c9f3970b80ca56be6c046b7c4e46841e1ab5362a74cff,CNC(=O)C(C)N(Cc1ccc(Cl)cc1Cl)C(=O)CN(C)S(=O)(=O)c1ccc2ccccc2c1,CNC(=O)C(C)N(Cc1ccccc1)C(=O)CN(C)S(=O)(=O)c1ccc2ccccc2c1
4e581660a0014884a3a5ba564cadc761fce1fc10204289c78759fc46f6ae1aee,fd6b1d7c70f4dfa2b56d87ceca488c3157395862cf23af1a5b1f2fd65b720a18,CN(C(=O)C[*:1])C1CCN(CCN2CCNC2=O)C1,C[*:1]>>O=C1CCCN1[*:1],C[*:1],O=C1CCCN1[*:1],18694,21740,1,1,1.0,18,1,6,19,24,6,5-9,C1CC([*:1])C1>>OCC[*:1],c615488429c39d56ddfad566bfa0726108b02a57be91616db8d582ac6202f6e8,8b20f259e2f98fd3b2b023b8dd5fb904265ffe2e1822418da793ed25e2078857,CCC(=O)N(C)C1CCN(CCN2CCNC2=O)C1,CN(C(=O)CN1CCCC1=O)C1CCN(CCN2CCNC2=O)C1
3a269b21f9b807c39ea7792a2162e012f49eebec2f0819ea85b44423d750bcaf,4f0360997cb73f2bd1a311ed9b927cc5c42760fe3fe63f568218ee58986eadc1,CC1C2CC(C(=O)O[*:1])C(C2)C1C,CC(C)(C)C[*:1]>>CCC[*:1],CC(C)(C)C[*:1],CCC[*:1],25923,27569,1,1,1.0,12,5,3,17,15,6,5-9,C1CC([*:1])C1>>CC1([*:1])CC1,1c383ce70852bae9de52c1b16e7a85a09c48a2532829312b2e3094ad2b711f70,b2ab66cf6b49e901b5c274371e44f6cb5ccb97c920122dc9ef3ef4c575f9ecd2,CC1C2CC(C(=O)OCC(C)(C)C)C(C2)C1C,CCCOC(=O)C1CC2CC1C(C)C2C
983b2494aa454afb7768cfc54fafbf139903df2bd78e495eace2c2e4814d4732,fc483a01d44223badf46ec03230e6a72b15360a8146af042e7f2e72546ce868a,NC(=O)Cn1cc(C[NH+]2CCCC([*:1])C2)nn1,C#C[*:1]>>COC(=O)CC[*:1],C#C[*:1],COC(=O)CC[*:1],36664,39230,1,1,1.0,16,2,6,18,22,6,5-9,C[*:1]>>Cc1cnc([*:1])cn1,da298a63d11d5b3f1c32248de23095896b0ab23934e326c9e89f45b3eabd961c,2126493b78043339ead859528677756f18337c371fb6dee7ed845bb958f789d6,C#CC1CCC[NH+](Cc2cn(CC(N)=O)nn2)C1,COC(=O)CCC1CCC[NH+](Cc2cn(CC(N)=O)nn2)C1
83db30154edf52a53e9799bfb8be1dc7b4aae9927ad0ba48ff1b176f1c593883,535a51690104ce47058493e1887fffe0175cc5853159a35578cb57f8c715aff7,Cc1cnc(Cl)c(Nc2cccc([*:1])c2)c1,CN(C)[*:1]>>COC[*:1],CN(C)[*:1],COC[*:1],34404,46938,1,1,1.0,15,3,3,18,18,6,5-9,CCn1cc([*:1])cn1>>Cn1cc([*:1])cn1,609869e5fc9c06bf70d021f7e5ce5ade8c1444c6b7ade38ff2e4353da20a4448,ef67ac522ab55830b7ba96061f9237d25df2a8e3fca010e075774be02f9754b5,Cc1cnc(Cl)c(Nc2cccc(N(C)C)c2)c1,COCc1cccc(Nc2cc(C)cnc2Cl)c1
4a6631944ed336fd1e6e18bf9fa2c861926dc9a0602a4aad9f990e74312ce61e,27b6ae5288c8d84626d114275bcfd08c4d0a9e92fb3174b42a798b8baf5b3fe4,CCC(O[*:1])C(=O)NCCCN1CCCC1,Cc1ccc([*:1])cc1C>>Cc1cccc([*:1])c1,Cc1ccc([*:1])cc1C,Cc1cccc([*:1])c1,32642,30901,1,1,1.0,15,8,7,23,22,6,5-9,C1CC(C[*:1])CCO1>>C1CCC(C[*:1])CC1,639c1c3760c6b2ffdd5061e2f17862bda69fa23d8b052ec5fd8d31fed833d805,44fbf7f0ed67e2901ad005bce051f4496bc3b26062e11814a4470622593d330c,CCC(Oc1ccc(C)c(C)c1)C(=O)NCCCN1CCCC1,CCC(Oc1cccc(C)c1)C(=O)NCCCN1CCCC1
a75d1f6c41f54f5e94e1932cddf3b726062c2082c8708e4d8a9e06009d5bcaad,e600d2329f1bbd25d451bc0a6efc09d7fe6de33b0f98c197f8fc59e6a7673eca,CN1CC(=O)N(CC[*:1])CC1=O,C[*:1]>>O=C(O)CC[*:1],C[*:1],O=C(O)CC[*:1],29808,12990,1,1,1.0,11,1,5,12,16,6,5-9,CCC(OC)[*:1]>>c1cc([*:1])no1,67a6b7f32a9c5523be7a121027222059dceacdbcfad0b4b3b996efc870811be1,9b860c8f75b4c80a71927044cfb9553a65510dbcfd2eddd2b479cf2b0062a82d,CCCN1CC(=O)N(C)CC1=O,CN1CC(=O)N(CCCCC(=O)O)CC1=O
a82e86847c6e9fffb75e2e13c156e705eda4f9605cb5b85a40a26dedaa0a7a7d,d7224e2f9a65b9e52077299b479bb089d65555f6510e7910ef5b30b15c639e12,O=C(CCn1cccc1)NCC1(O)CN(C(=O)C[*:1])C1,CCC(C)[*:1]>>CNC(=O)[*:1],CCC(C)[*:1],CNC(=O)[*:1],38463,21873,1,1,1.0,19,4,4,23,23,6,5-9,CC(C)CCC[*:1]>>COC[*:1],2407f0b98a5b9e92c3af80212a6fbc08e2fb3930e3a7b466f7906831176614c9,3041899bd2a4491841002e443850d1a1a8a24e2a2bcaec228af01b6d73e12a8b,CCC(C)CC(=O)N1CC(O)(CNC(=O)CCn2cccc2)C1,CNC(=O)CC(=O)N1CC(O)(CNC(=O)CCn2cccc2)C1
92601d8bf006cf396cf191f8e71d630ddf5af892d50d90c3775e729d213f0e56,e25fadc76dafa6949f1a1f7751e49fdf42dccdb088b15d49cca228eae8a46499,Cc1cc(N2CCCC2)nc(NCCNC(=O)N[*:1])n1,COc1ccccc1[*:1]>>Clc1ccccc1[*:1],COc1ccccc1[*:1],Clc1ccccc1[*:1],24790,6313,1,1,1.0,19,8,7,27,26,6,5-9,N#CCC[*:1]>>NC(=O)[*:1],2e26e29b2b7714106d2dc7cf9995312305f632fe2c0f607aebca0fc0a7896beb,54e9ac5df7fbc734697e70ba17d0c7ed15c58c85bcc9bc9db1ba801b98919fba,COc1ccccc1NC(=O)NCCNc1nc(C)cc(N2CCCC2)n1,Cc1cc(N2CCCC2)nc(NCCNC(=O)Nc2ccccc2Cl)n1
65bef2fc2f864fd11a1c0a44a1bc87c20dc5b362a80af52ac86dc64e814cfd19,b533109c965b8d0326db1dbcddddc0372e1587b3f10e887d80976e0782c28b30,CCN(C(=O)[*:1])C1CCN(CCN2CCNC2=O)C1,CC=C(C)[*:1]>>CCC(C)[*:1],CC=C(C)[*:1],CCC(C)[*:1],32883,20953,1,1,1.0,18,4,4,22,22,6,5-9,CC(C)(C)C[*:1]>>CC(C)C[*:1],e5b9b05dbadda3637a4a7b8216977673e1dcd708380809010727f2010b3e6b9f,8d25b378bb3dfc9ef7c0e4325145d661b9cf0ed6a35cf48d0ffc078f112131c3,CC=C(C)C(=O)N(CC)C1CCN(CCN2CCNC2=O)C1,CCC(C)C(=O)N(CC)C1CCN(CCN2CCNC2=O)C1
dfddc814d2c60dc19d7bf9a04c1e6e6e60a9aa58fe716f5ad0b3e33460eddc30,db1aa7d62aedcf4f45279ff548fdf39faa44a826facf77484b8e95cad2cac5c1,COc1cccc2cc(C(=O)NC(C)c3cccc([*:1])c3)oc12,FC(F)O[*:1]>>N#C[*:1],FC(F)O[*:1],N#C[*:1],17262,1516,1,1,1.0,22,4,2,26,24,6,5-9,Cc1ncc(C[*:1])s1>>c1csc(CC[*:1])c1,e220a239c8e8a179a3ae85b57152ee2a28779512ac5c45558cf557837532d505,6730681c8b95d2ea18e265d5c543cc077d74335fe8144822b69b3b34805d6bd9,COc1cccc2cc(C(=O)NC(C)c3cccc(OC(F)F)c3)oc12,COc1cccc2cc(C(=O)NC(C)c3cccc(C#N)c3)oc12
90eefab0682c283fb0396dee5f52d3dc056da0b9c1b1771ff4cb5e925e282ba7,50b1d4463f0d478fe6b11da1f12215e2b1185b3e9bec7cde4ed7834e928486b5,OC12CC[NH+](CCC[*:1])CC1C2,C=CCC[*:1]>>COCC[*:1],C=CCC[*:1],COCC[*:1],10594,33972,1,1,1.0,11,4,4,15,15,6,5-9,C1CC([*:1])C1>>N#CC[*:1],fe41e8a30ae37e93b0d760533cb63b16e2f79d99d1911181079815ccbf360177,9f09d377cf9d7f7d40bcadccc81e5051b147c5586fa4d6b04933773360bcb208,C=CCCCCC[NH+]1CCC2(O)CC2C1,COCCCCC[NH+]1CCC2(O)CC2C1
8f1171c85e4bf5e04696414f24097a4003654e39cb4646de19cd43b7c332cb38,5382166119f074ee46e8833a45124305c9ed892af97df95a0e3fe01c6dd8b160,Cc1ccc(Nc2ccc(C(=O)N[*:1])nc2)c(C)c1,C=CC[*:1]>>CCC(C)[*:1],C=CC[*:1],CCC(C)[*:1],21504,7661,1,1,1.0,18,3,4,21,22,6,5-9,COc1ccc([*:1])cc1>>Clc1ccc(C[*:1])cc1,668db307ae976330f2961305c8834ed40226ba2c77d4bc592b1a9b32825208ab,dad48aac169086f3f81b2fc89f058a7b1b1f5648d64c9af3af1cd9b0d4dd0d0b,C=CCNC(=O)c1ccc(Nc2ccc(C)cc2C)cn1,CCC(C)NC(=O)c1ccc(Nc2ccc(C)cc2C)cn1
805af9260ab9842f59899216357b38d386432210b6c01b5e8c94cb1ef66c01a3,fe8e0b672e4b873ed8961794bfd4ae7a2a0fd2f7306d3ea44e9bc567736b7235,CC(C)C(C(=O)NC1CC[NH+](C2CCOC2)CC1)[*:1],C[*:1]>>[NH3+][*:1],C[*:1],[NH3+][*:1],46824,32911,1,1,1.0,18,1,1,19,19,6,5-9,CC(C)OC[*:1]>>c1coc([*:1])c1,5863d9c0e4dae6b1ae15f9433b4f7c055f0827eb440843f7ff246414076d61b6,f6519af74269bd7024128a228e0aabf033d9265b5a362cf951d2899d743f7bca,CC(C)C(C)C(=O)NC1CC[NH+](C2CCOC2)CC1,CC(C)C([NH3+])C(=O)NC1CC[NH+](C2CCOC2)CC1
de31e49ad5f913d393ff6e5cc462f20187f05701dd6d53703d5a3e432b4dc756,35c00dca3c3396d034ed38adb2544fa358c63c42bf083b8e671e14aee3a533e9,COCC1(CC(=O)NC2CC[NH+](C[*:1])C2)CC1,CC(C)(O)[*:1]>>CC(C)[*:1],CC(C)(O)[*:1],CC(C)[*:1],18784,3720,1,1,1.0,16,4,3,20,19,5,5-9,C1CC1N[*:1]>>CC(C)(C)N[*:1],9d09d714b21c21e516166863d0853eccd70d360415f9d494d30076ecd6a8fc56,c2ba14012835b9681c4ccc4c8a371995ebc7ca625c784f75c921e555e98611e2,COCC1(CC(=O)NC2CC[NH+](CC(C)(C)O)C2)CC1,COCC1(CC(=O)NC2CC[NH+](CC(C)C)C2)CC1
2c14e32136032f1618380056b247ba26d0f9096ec91ebce41eb84abfb4f60783,c732dd2d51aa5d122be161ee090d2ca91238b48271eb5ecc4329324635bd018b,CCCC[NH+]1CCC1CNC(=O)c1cc(C)n([*:1])n1,CCC(CC)[*:1]>>FC(F)[*:1],CCC(CC)[*:1],FC(F)[*:1],18486,7014,1,1,1.0,18,5,3,23,21,5,5-9,Br[*:1]>>OC[*:1],f04f5895b0fb80f40d7167608eb2aa054f2fffb7cbe63b45198d011e297b0868,3adeef1dcdb1b2c78c7d1500d2848b9a8d96fafe496ab73360b31ba1ea656a70,CCCC[NH+]1CCC1CNC(=O)c1cc(C)n(C(CC)CC)n1,CCCC[NH+]1CCC1CNC(=O)c1cc(C)n(C(F)F)n1
2d1ee34b8c77a6e29c9855d7459b4bd07780202ff6386456d397ea92435aaf2a,9ce8388a3da20793e921b0a20430e1a6eb06312133d47f747614a563f6a2710f,c1ccc(C2CC([NH2+]CCC[*:1])CC[NH+]2C2CC2)cc1,CN(C)C(=O)[*:1]>>N#CC[*:1],CN(C)C(=O)[*:1],N#CC[*:1],12259,33455,1,1,1.0,19,5,3,24,22,5,5-9,CC(C)[*:1]>>O=C(O)C[*:1],a341bae4a1893b253af4343742b635155c811571c28e6f8352bbce4e01a7704d,3cf9403e37623e8071da45d8d60afef370d1d32ecb3b63d3dc23a598eedb50fc,CN(C)C(=O)CCC[NH2+]C1CC[NH+](C2CC2)C(c2ccccc2)C1,N#CCCCC[NH2+]C1CC[NH+](C2CC2)C(c2ccccc2)C1
e50bca0d0ee6279d80bf3aed58285bd7b12b30d15cce95bae2c2ba083c32e780,5f500c638c396d71c79d62ee622e9f351530cae8485a25a12f85e447e1afff5e,O=C(CCc1cn[nH]c1)N1CC2C[NH+](C[*:1])CC2C1,CC(C)(C)C[*:1]>>COCC[*:1],CC(C)(C)C[*:1],COCC[*:1],18395,12622,1,1,1.0,18,5,4,23,22,5,5-9,FC(F)(F)C[*:1]>>c1ccc(C[*:1])cc1,134a66a8c8abb23adc9b7fd97cf011e03124202c80b4cf7aa0f8e999c2b2aeab,389dfc49aba2d40c556745f8b7df38fe8dd7cd34a85c57788bc79f3c104f9d25,CC(C)(C)CC[NH+]1CC2CN(C(=O)CCc3cn[nH]c3)CC2C1,COCCC[NH+]1CC2CN(C(=O)CCc3cn[nH]c3)CC2C1
bfb88f3e924fcb7dfd806a0b3740ca5e039602a5af90771460fd44acb510e196,4fb7d362ecf39c5356d5835308edffda6ca8b3086a0bed2b1af17e3c1316b66c,CN=C(NCC(C)COCc1ccccc1)NC[*:1],COc1ccc([*:1])cc1OC>>Fc1ccc([*:1])cc1,COc1ccc([*:1])cc1OC,Fc1ccc([*:1])cc1,32710,15935,1,1,1.0,18,10,7,28,25,5,5-9,Cc1ncoc1[*:1]>>Cn1cc([*:1])cn1,662ffcecc3aee59f035f8c7b408596190b7abc6b9b7c768575b9fabd2cb77b54,d14f7942211e48cb74ec7ca16a95b5b389ba5ca1af27c35c44c400ca2fe4ff7d,CN=C(NCc1ccc(OC)c(OC)c1)NCC(C)COCc1ccccc1,CN=C(NCc1ccc(F)cc1)NCC(C)COCc1ccccc1
aa9f8b2b16ae38358063a22a2a434153bc18b92d10e6a748627eb41e9c757fd8,6986f35328e71aa70b20f54e1f560afcc7802d4dd9bd734f93ebc9a64ffaecd4,O=C(CC1CC2CCC1C2)N[*:1],COC(=O)C[*:1]>>COCC[*:1],COC(=O)C[*:1],COCC[*:1],45802,47230,1,1,1.0,11,5,4,16,15,5,5-9,C1COC(C[*:1])C1>>c1cncc(C[*:1])c1,bb1539d0baf4be22cbbde7b9902a9423c517bc600bd6a1ed1f065c0c8a7358a9,94df3017d94f81a11fb7e959b80b11f93818e3933fd09ee26cc0872ae1d7f48a,COC(=O)CNC(=O)CC1CC2CCC1C2,COCCNC(=O)CC1CC2CCC1C2
d1710224b3c0ccef1249760da6219bdb8276f9231bc07e912d7481715229864c,e5d91c7fb34bb7b22d2286878e2fa9ce08cc3b6ef669e15caf5cbc2f8690ac8d,CC1(CNC(=O)Cn2nccn2)CN([*:1])CCO1,CC(C)C[*:1]>>CNC(=O)C[*:1],CC(C)C[*:1],CNC(=O)C[*:1],22993,7280,1,1,1.0,17,4,5,21,22,5,5-9,C1CC1[*:1]>>Cc1cccc([*:1])c1,eba04867345447e05dcd7d39e2cb3d9b10a78d21b990c4e8924cef78f13a38c4,b4792019f45852fdd23d47bdd483d4981475ddfc2db6e0cbebb8da3d9451988e,CC(C)CN1CCOC(C)(CNC(=O)Cn2nccn2)C1,CNC(=O)CN1CCOC(C)(CNC(=O)Cn2nccn2)C1
25ade6dae3b42a948e91585e17e785364f36eee619c591152c81a8b8f11f3ee2,e4059617831a6e187404b38468bbf32abd51b2a3c67d2d970c81f8196344ad32,CC(C)C(=O)N1CCC(C2CCN(C(=O)C[*:1])C2)CC1,CC(C)(C)[*:1]>>CNC(=O)[*:1],CC(C)(C)[*:1],CNC(=O)[*:1],37014,31209,1,1,1.0,19,4,4,23,23,5,5-9,Cc1cc([*:1])no1>>Cc1nc([*:1])c(C)o1,f2dece5d015d2a45e9c3c8ee3185d8ffb85d806670e7518cc6122b5a93828911,95df0255470f7af79abe1178063fda68b112d9a105750beba21cc7ac9e1618ae,CC(C)C(=O)N1CCC(C2CCN(C(=O)CC(C)(C)C)C2)CC1,CNC(=O)CC(=O)N1CCC(C2CCN(C(=O)C(C)C)CC2)C1
5ae8b0817813b7e6da2e9bdfe446075987a3f09fb31d2b5b34bbd33d04bd1670,2fd1e1356c0c7da3c9d449edcf23df0bd3f175e168272ea6794b8ca4771b0c53,Cc1cccc(OCC(=O)NCC2(O)CN([*:1])C2)c1,C#CCC[*:1]>>CC(O)C[*:1],C#CCC[*:1],CC(O)C[*:1],21833,776,1,1,1.0,18,4,4,22,22,5,5-9,C1CC([*:1])CCO1>>c1ccc(C[*:1])nc1,4280cf2a5ac282c639ee1413cfd81bf889bead1423c5a934fde13d517e560c10,b8608586997a7cecf0a5c0dd443c9033563f88e0bcfcbeb950dc895d82069976,C#CCCN1CC(O)(CNC(=O)COc2cccc(C)c2)C1,Cc1cccc(OCC(=O)NCC2(O)CN(CC(C)O)C2)c1
f9c9df2c5a32c495414e39efcef295b0486604dfd05ac61d7880407d9e5dffe1,ebe0c95a7cf6e77d2c91363fec3b5b608f36cec7af5b4002412d5518aa9c427b,CC(=O)NC1CCC(CNC(=O)CO[*:1])C1,Cc1ccc([*:1])c(C)c1>>Clc1ccccc1[*:1],Cc1ccc([*:1])c(C)c1,Clc1ccccc1[*:1],43473,44424,1,1,1.0,15,8,7,23,22,5,5-9,Cc1nccn1[*:1]>>c1cn([*:1])cn1,bb07bc79d6634337015e2843f415f65c7f0d06ead865dce433b844ce13c53fab,c8b670bb962bb32bda37b0572b7767257f05281a1234a5f99058ee358ffe7755,CC(=O)NC1CCC(CNC(=O)COc2ccc(C)cc2C)C1,CC(=O)NC1CCC(CNC(=O)COc2ccccc2Cl)C1
8e4f339951e0290b6c9eccc6d2df5fc0473ad1aa7487a7b583e0d0ae798fe3d9,73f7af778d9432e84d911b5e1880231480b54de2cc9e07c959d6103eaec38927,O=C(c1cn2cccnc2n1)N1CCC([NH2+][*:1])C1,CCC[*:1]>>COCCC[*:1],CCC[*:1],COCCC[*:1],6474,18053,1,1,1.0,17,3,5,20,22,5,5-9,C=CC(C)(C)C[*:1]>>CC(=C[*:1])C1CC1,103b66bfc539c850c94ee80f731934d8939652824952b652b301515b8856bced,ac799b58c59f0c7fe59454ebc7b6ffba7181bf65382630b8fa77f140130e58f3,CCC[NH2+]C1CCN(C(=O)c2cn3cccnc3n2)C1,COCCC[NH2+]C1CCN(C(=O)c2cn3cccnc3n2)C1
ef0d2ee32839278ba849c7d466e227ab00d58f1b3221503d7a6e71cdebdd83e1,2486c1692777f1959afe3e7ba9f3e556c097764d5f6bc2b36a8add9aa0df7248,CN(C[*:1])S(=O)(=O)NC12CCC(CC1)C2,CC(C#N)[*:1]>>CCC[*:1],CC(C#N)[*:1],CCC[*:1],10546,12731,1,1,1.0,14,4,3,18,17,5,5-9,CC(C)[*:1]>>CCC(C)NC(=O)C[*:1],60fc8dd1c8195ccaab7373b2a34859dd19045a2eaa077a45c6bd72f16f7ac314,6fa5d01e84b67c998af218f7e047e1ab73086c94507528425cbd5143c915fb9a,CC(C#N)CN(C)S(=O)(=O)NC12CCC(CC1)C2,CCCCN(C)S(=O)(=O)NC12CCC(CC1)C2
779cd410e88c61058c713f3557b2409932617da38e7ac41e5044f299ac857857,9c4095521aea016176de66c30975baa61e7ad1d92de499ac4bbc934c224ea763,COC(C(=O)NC1C[NH+](C[*:1])CC1C)C1CC1,COCC[*:1]>>FC[*:1],COCC[*:1],FC[*:1],1750,36783,1,1,1.0,16,4,2,20,18,5,5-9,C#C[*:1]>>COC(=O)C[*:1],e489e45b9a1bcd92731bb9f4527aa7cf0b1a45acaa33df5866bce524c970458c,efabf0be36cc1d91875d31a43fc90f4cb72c15f942537a9360a65cd906eb18f2,COCCC[NH+]1CC(C)C(NC(=O)C(OC)C2CC2)C1,COC(C(=O)NC1C[NH+](CCF)CC1C)C1CC1
8135b25378f84d7ee8a445c7b2ec42a3c2a1997581b4ea5c5f6b33b056178cae,4a87be514f59eee1f5aae83c350aa3bc3e374bcb470cc765de117e1d81205c18,CCC(NC1CC[NH+](C2CCOC2)CC1)[*:1],CNC(=O)[*:1]>>FC(F)[*:1],CNC(=O)[*:1],FC(F)[*:1],22270,24764,1,1,1.0,15,4,3,19,18,5,5-9,CC(=O)C[*:1]>>CCC(C)[*:1],9b6512d0217b2bff0214d4d06bbc81e8021eb1dcde2d9bb65e040714c1eee139,97fce27cd790df7f1bd5b8f4555e04f251b550f85ca6b4fecac24722ed7a6d24,CCC(NC1CC[NH+](C2CCOC2)CC1)C(=O)NC,CCC(NC1CC[NH+](C2CCOC2)CC1)C(F)F
8db159e7bc2032ead549a6acd6dac1af07d3f108a763ba6c7e18b193caa4526b,30b3045128fee90eaf993a3bd30d31c0e70122ae5c0b0fa22226349f2f00da80,COCCN(C)C(=O)C1C2CCC(C2)C1NC(=O)C(C)(C)[*:1],C=CC[*:1]>>CCCC[*:1],C=CC[*:1],CCCC[*:1],48691,23899,1,1,1.0,21,3,4,24,25,5,5-9,Cc1ncc([*:1])s1>>c1nc([*:1])cs1,9019eb5f20fe26d277c81c0dc9c051e688dc711624c305c40ecc758147ee0001,e6c8bf42f3c297e87b9b808df12cf6565a322c17fcd395844e5ce3df3076da07,C=CCC(C)(C)C(=O)NC1C2CCC(C2)C1C(=O)N(C)CCOC,CCCCC(C)(C)C(=O)NC1C2CCC(C2)C1C(=O)N(C)CCOC
ec0bdeacf25f1deca73a1c32a9330a13aefb47203c035211b22c75985ce2d519,822e51e43f351facff3efc2d3a397d092dfd7c0b0bce5f0dab890c9bfa715b29,CCC1OCCC1C(c1csc2ccccc12)[*:1],CCCN[*:1]>>CN[*:1],CCCN[*:1],CN[*:1],13669,24588,1,1,1.0,17,4,2,21,19,5,5-9,Cc1cccc([*:1])c1>>c1nc(C[*:1])cs1,3833ee16139f297b9597762f78d74edc126ff8451913bfd446b129f88d93cb8d,9073448fd831b3c0c392f78f8463dc5f657bd0008370ecdc51f312ebd5d6a200,CCCNC(c1csc2ccccc12)C1CCOC1CC,CCC1OCCC1C(NC)c1csc2ccccc12
880c797df90c5a1915ea4c156f90d7665969c34c8965bee57171dc5429b81a92,044d337a4061b517ccf0613eaccd95e3b5160bea433d6da06bdddbeb42ab1c81,O=C(N[*:1])c1nnc(-c2ccccc2F)o1,COC(=O)c1ccc([*:1])cc1>>Cc1ccc([*:1])cc1,COC(=O)c1ccc([*:1])cc1,Cc1ccc([*:1])cc1,2915,1080,1,1,1.0,15,10,7,25,22,5,5-9,Cc1ccc([*:1])cc1>>Fc1ccc([*:1])cc1F,93d455c8a60e1d65829c5e713f6de87c29a7dd7aeb65bbc2868466a59a72a5e9,9c4350ad8c8c6887318c4b6840a8d3478a75b6140342e68be98068a6efcb6764,COC(=O)c1ccc(NC(=O)c2nnc(-c3ccccc3F)o2)cc1,Cc1ccc(NC(=O)c2nnc(-c3ccccc3F)o2)cc1
4a2aea7c8fa39eee3de0e7a6ea1ba9d045a2bf0e4dbe188c6161286532b28725,de098935d499e1e00c10acd8f851eaea77f00d0dad63e0c50971363bf0d6d966,O=C(Cc1ccon1)N1CCCC2(CC[NH+](CC[*:1])C2)C1,C#C[*:1]>>CO[*:1],C#C[*:1],CO[*:1],1371,6274,1,1,1.0,20,2,2,22,22,5,5-9,CC(C)NC[*:1]>>CN[*:1],e451ba17ed6024aa43704e40381858e13155a22b617c67864653e36c6bb2a513,45c9aeba2f21dafb2fb9420bc237d1d2bfb820ceedea4f3106e4173488f22bea,C#CCC[NH+]1CCC2(CCCN(C(=O)Cc3ccon3)C2)C1,COCC[NH+]1CCC2(CCCN(C(=O)Cc3ccon3)C2)C1
60109c05520dade922311fa3c5368b9c503e25d8aacd0aa80d92e483d1bbb673,e1371a688d0aa78e19017b8d63a56ec28d57f81aa03b479f4e173c011e175fb0,CC(=O)OCc1cc(Nc2ccc([*:1])nc2)ccc1C,CN(C)[*:1]>>CS(=O)(=O)[*:1],CN(C)[*:1],CS(=O)(=O)[*:1],40015,34330,1,1,1.0,19,3,4,22,23,5,5-9,C1CCN([*:1])C1>>C1CN([*:1])CCO1,6369c361cbf42ddbd3220be9fc9805ecff8ef7c45cbe7cf003b2f21d2869db22,24d4b9b4a38f196b59ede94b66f1b03fbd4d9da87e28e3d6a25e41bda34d2878,CC(=O)OCc1cc(Nc2ccc(N(C)C)nc2)ccc1C,CC(=O)OCc1cc(Nc2ccc(S(C)(=O)=O)nc2)ccc1C
0df600a1535ec9f8b41f6e91b37dbcc072e341a55ee12de194081b930e1c23a4,19791522f18f93f05b5086058d76a76484c23d9aa2cbad28a410f7b902b91b7d,c1ccc(-n2ncc(CNCC3CCC([*:1])C3)n2)cc1,CC(=O)N[*:1]>>CCCC(=O)N[*:1],CC(=O)N[*:1],CCCC(=O)N[*:1],14663,36013,1,1,1.0,19,4,6,23,25,5,5-9,C1CC([*:1])CO1>>FC(F)(F)CC[*:1],e39ea340c5685c8f947d65c0fccfd1350cde4ed178426ab2a8a4342ddf773757,8d11f48043c600b798a60204aa208074d19835de1303989be8d143e5d99ef5f1,CC(=O)NC1CCC(CNCc2cnn(-c3ccccc3)n2)C1,CCCC(=O)NC1CCC(CNCc2cnn(-c3ccccc3)n2)C1
6e5bc9ca8354c3e7275094ae3f2e3a071f36f68f0d8c436e73afcd90018c9e10,67a9ea1161ab0661ed7176972a1421f19df38de83847b9292c0afbdfd447674d,CC1CCC(NC(=O)CCc2nc3ccccc3o2)C[NH+]1[*:1],C=C(C)C[*:1]>>FCCC[*:1],C=C(C)C[*:1],FCCC[*:1],10298,35865,1,1,1.0,21,4,4,25,25,5,5-9,C1CC([*:1])CO1>>ClC1(Cl)CC1C[*:1],42e487337830ede3736f7c641e4df18e9cdf694a0cf9c180290462ed71b4d3ee,2b905784ac25f5def2e94ae54814eb3e6dc42deae01f8a565177b8b078f01c41,C=C(C)C[NH+]1CC(NC(=O)CCc2nc3ccccc3o2)CCC1C,CC1CCC(NC(=O)CCc2nc3ccccc3o2)C[NH+]1CCCF
7a0c04090b9d20b26531ceec676cf2d7ea74cf00e00d2ce921474df6bbff2ea3,b350ab9b338ad403d6617c36a15cda16ace6499002b7b9a1892ccc681084c9d2,O=C1CC(N(C(=O)c2ccc([*:1])cc2)C2CC2)C(=O)N1,CS(=O)(=O)N[*:1]>>N#C[*:1],CS(=O)(=O)N[*:1],N#C[*:1],35613,27939,1,1,1.0,19,5,2,24,21,5,5-9,C1CC(C[*:1])CO1>>OC1(C[*:1])CCC1,ad01384bb60df9e417f642166f11eb992cf2e54c99c626faf0d074580c4ff517,15532066d2d225ea1925a68c16824efe2105ec58ecc1eb3e2123f9c6da3e9de1,CS(=O)(=O)Nc1ccc(C(=O)N(C2CC2)C2CC(=O)NC2=O)cc1,N#Cc1ccc(C(=O)N(C2CC2)C2CC(=O)NC2=O)cc1
bba5f567d6965e1e0edff0bd0967dbeb7244dd1200e39f95428caac5ba599f22,ca1bc842cc307a556355a0027e2b7e18493f4cdbc5ca2c1fd9f07c6e0ef4fed5,CCCC1NC(=O)C(CC)(CC)N([*:1])C1=O,CC(C)OCC[*:1]>>CCC(C)[*:1],CC(C)OCC[*:1],CCC(C)[*:1],24481,31289,1,1,1.0,15,6,4,21,19,5,5-9,CC#C[*:1]>>Cn1cncc1[*:1],bfb2aa4e63efd85490328a548e7f62c208e6ebb2a3aa2fc357a3449b7ecab1b6,e63ec04a078338f4e36c2565e8ba01cf2243e8bb2b37ef4d1331f058dbca4068,CCCC1NC(=O)C(CC)(CC)N(CCOC(C)C)C1=O,CCCC1NC(=O)C(CC)(CC)N(C(C)CC)C1=O
4c4f8b9ea6049412bf8286f6bbfdbd0d43ede58beeba2c6740bfcacb72d89df0,f5c8826c2b9f6af4316bc0ffde5cbd4eb6184ef1cc3341a37da4971fcfe4735c,O=C(Nc1ccc(Cl)cc1)c1nnn([*:1])c1-n1cccc1,Clc1ccc(C[*:1])cc1>>Fc1ccc(C[*:1])cc1,Clc1ccc(C[*:1])cc1,Fc1ccc(C[*:1])cc1,36953,21098,1,1,1.0,20,8,8,28,28,5,5-9,C1COC(C[*:1])C1>>Clc1cccc([*:1])c1,31c4f3591d61780a3cd0702d82fa7b40ebddb9424308eb72a5d2e41243d99396,c0f54e4070ef85bf6c0715f823341d345b20c3070ba5ee6c92830188f61a1f99,O=C(Nc1ccc(Cl)cc1)c1nnn(Cc2ccc(Cl)cc2)c1-n1cccc1,O=C(Nc1ccc(Cl)cc1)c1nnn(Cc2ccc(F)cc2)c1-n1cccc1
73b33ebf2469cd00223047a636ef1d89032c3423361c96c710815ee8e3fb5e0c,7da781aa5ca2872a976666d4355040f732000211b127ba66adcafeb45433c5ef,NC1C2CCC(C2)C1C(=O)N[*:1],CC(C)[*:1]>>COC(=O)CCC[*:1],CC(C)[*:1],COC(=O)CCC[*:1],481,40030,1,1,1.0,11,3,7,14,18,5,5-9,C1CN([*:1])CCO1>>O=C([O-])[*:1],1ad8c33f27625f6a6ed91724935bbaa28820125ac2ced837235cffaaa6dd7a8f,b2a8d20194da2a798f88807813c4ff009d943a84e27a8a72ecc635df4e0d4130,CC(C)NC(=O)C1C2CCC(C2)C1N,COC(=O)CCCNC(=O)C1C2CCC(C2)C1N
f350591bffa7386a2dff6e3eb83f917188b97a13addc785543d260d2f5e22469,b51eb56299be7ce759cb95171db1c0b6b7cd3f225de0410834c676e56256cbff,CC(N=c1[n-]c(-c2ccc([N+](=O)[O-])cc2)no1)[*:1],COc1cccc([*:1])c1>>Fc1cccc(F)c1[*:1],COc1cccc([*:1])c1,Fc1cccc(F)c1[*:1],47966,8564,1,1,1.0,17,8,8,25,25,5,5-9,CCC(C)[*:1]>>N#CC[*:1],9c7ad6482e49473f1ff194276a68ddec785abb31ce29d403fce19357521428bb,58860e129daf59236a2eca96f25bd4a700a906fbd98db1808122f3587d3e6347,COc1cccc(C(C)N=c2[n-]c(-c3ccc([N+](=O)[O-])cc3)no2)c1,CC(N=c1[n-]c(-c2ccc([N+](=O)[O-])cc2)no1)c1c(F)cccc1F
7854ae45fc749ec827b5eb6919d294e77066e0f52b7a76ad36f1b2cffa691fd5,27b543dc4083fd3116c130ef9143d1cb007140bdf4c6ac6b34ee69b8e06447d4,Cc1cnc(Cl)c(Nc2cccc([*:1])c2)c1,COC[*:1]>>O=C([O-])[*:1],COC[*:1],O=C([O-])[*:1],46938,11027,1,1,1.0,15,3,3,18,18,5,5-9,CCO[*:1]>>c1ccc(O[*:1])cc1,ef67ac522ab55830b7ba96061f9237d25df2a8e3fca010e075774be02f9754b5,e34670e4e7c6249602b06032810adf419e0834ec75aae2880af9cf7f60b18c7b,COCc1cccc(Nc2cc(C)cnc2Cl)c1,Cc1cnc(Cl)c(Nc2cccc(C(=O)[O-])c2)c1
8b88f4ab3140a50f39a6914445c290141bc9869fdd76ced2107489cd3631a9e7,23af82c9c51dcea9cc16ebacbdc008e3aa5ca0c99474cfdf9cf31449c1c4c157,CC(C)Oc1ncccc1Nc1ccc([*:1])c(Cl)c1,CC(=O)[*:1]>>CNC(=O)[*:1],CC(=O)[*:1],CNC(=O)[*:1],39744,25038,1,1,1.0,18,3,4,21,22,5,5-9,C1CC(C[*:1])CO1>>COCC(O)[*:1],64e5b2e70a8ea9e56925c18c3165c9a9dfa43e3a83d1f42bb2a99924bdb9ec4a,ffa2046b3643c3b8a0e0fbfcb24e2a333074b9e7e3c947ecb016a285be3c662c,CC(=O)c1ccc(Nc2cccnc2OC(C)C)cc1Cl,CNC(=O)c1ccc(Nc2cccnc2OC(C)C)cc1Cl
a684d07aec5fb7f3559fa1877ebea19cff7712ea92090175a9a6d615f95b7ca5,f1c58ba1848f97c56d3179e92633c2dd641982afe9e38db3fc5d21afd0b962ef,COc1cccc(Nc2cncc([*:1])c2)c1,I[*:1]>>N[*:1],I[*:1],N[*:1],37511,26058,1,1,1.0,15,1,1,16,16,5,5-9,C[NH+]1CCC([*:1])C1>>Cn1cncc1[*:1],e6a6366534d0a1615213f5fa6502c9037238ea17fdd1a6f8ec1390bddb24c613,7f2e9c490620c45a0bf45a3037fa43e11eb39aa5b2811350999af56ee6960b65,COc1cccc(Nc2cncc(I)c2)c1,COc1cccc(Nc2cncc(N)c2)c1
ebebfbf28af938f07fb5d4d63f59517f879c2d30a294369c2bb430f6d0eee441,e3169d31bb3b73dc43cd6343938d1467698d5e6c4ebd91d0bfe012d77ad660ea,CCCC1NC(=O)C(C)N(C[*:1])C1=O,CC(C)CC[*:1]>>CN(C)CC[*:1],CC(C)CC[*:1],CN(C)CC[*:1],45983,9524,1,1,1.0,13,5,5,18,18,5,5-9,C1CC(C[*:1])CO1>>Fc1ccccc1C[*:1],d82d823a9fdb9fe7659301f79dc84e6033c8740428d3976d394ca83a1609ae2d,747c585038a393fe4ea6e8ba4ec9afb1bd8ff4a19f9dfce046840dcb629ff8c1,CCCC1NC(=O)C(C)N(CCCC(C)C)C1=O,CCCC1NC(=O)C(C)N(CCCN(C)C)C1=O
a7346e3f44253a26382e9cce5abf57442ef7bcdcc26df579d0db66b61ca7a6c0,88621d489294a9037fa02a64af810066f4a7b4388160708d708f3b17487c9405,CC12CCC(C1)C(C)(C)C2NC(=O)C[*:1],CCN[*:1]>>C[*:1],CCN[*:1],C[*:1],41277,6053,1,1,1.0,14,3,1,17,15,5,5-9,C#CCC[*:1]>>c1coc([*:1])c1,a81b952807192463a9a01f6c9bb9914e8a87bbba23c963bb277dfa87a7efd9c2,139ba2ffb8a9ce4e2b4a00afd0c285a8676be382a004fc3b7e8aba080da03b89,CCNCC(=O)NC1C2(C)CCC(C2)C1(C)C,CCC(=O)NC1C2(C)CCC(C2)C1(C)C
d04b571257e680fe4cb06f805d682ed63113c0bc91111b23ef67c2e207d4255e,ac2d570a9ddeeda6397aaef4d8c1e6c103ceb08e9cd877303c1cfd81176ba011,CCC(C)C1C(=O)NC(C)(C)C(=O)N1C[*:1],CC(C)(C)OC[*:1]>>FC(F)(F)C[*:1],CC(C)(C)OC[*:1],FC(F)(F)C[*:1],28078,17521,1,1,1.0,15,6,5,21,20,5,5-9,COC(C)[*:1]>>Cn1ccc([*:1])n1,62f4c46a66d4535d77bfda593f5d6cf44aa50650e1d906d4056f74c06e574070,9f3c4b1f5d34a70bd6bc12eaa1c718730388b74100081afadf15de78b944f9b4,CCC(C)C1C(=O)NC(C)(C)C(=O)N1CCOC(C)(C)C,CCC(C)C1C(=O)NC(C)(C)C(=O)N1CCC(F)(F)F
005b3eacfde68ab996175fce030671f49e3c55bcecbf382b865623925bae8a10,aaa67dc923139a44a79d029a285ccde583bdee23975e591b8632dc1e01c36ddd,c1cc(N2CCC(OC3CCCCC3)CC2)ncc1[*:1],F[*:1]>>NS(=O)(=O)[*:1],F[*:1],NS(=O)(=O)[*:1],31156,29178,1,1,1.0,19,1,4,20,23,5,5-9,C1CC1C[*:1]>>COC[*:1],c4e9b793145f4c3fe641d051021293ba7ad603709daa56d95a5075280eb289b0,51fe0c2a6deaad81b02ca54d5292a5616b15bfcdbe9f102ff02ae7c030f2ea44,Fc1ccc(N2CCC(OC3CCCCC3)CC2)nc1,NS(=O)(=O)c1ccc(N2CCC(OC3CCCCC3)CC2)nc1
7de280ae289a1c1ecabda4e4653b8761ce33ba77f670b832d06c4e8a13ffcd23,c5962f51f8be90ebe5b9b9ddbeee95da7639e1543fc9dab681dd1721106eeea5,O=C(O)CC1(NC(=O)C2CC2[*:1])CCCC1,Fc1ccc([*:1])c(F)c1>>Fc1cccc(F)c1[*:1],Fc1ccc([*:1])c(F)c1,Fc1cccc(F)c1[*:1],18771,44227,1,1,1.0,15,8,8,23,23,5,5-9,C1CCC([*:1])OC1>>C1COC([*:1])C1,14f4bfb29fd2bebb967085b19a9dced3db14efa0b232bf512896150ef507196d,27a2db9483b3d84774a09100e651c35d3b7d5afaedfa0d186cb75123777d6827,O=C(O)CC1(NC(=O)C2CC2c2ccc(F)cc2F)CCCC1,O=C(O)CC1(NC(=O)C2CC2c2c(F)cccc2F)CCCC1
154d366e470235dbb3e4a24913e6d2ab5739b4ebc5ca3890a9483b6b50679f0e,9a2c96e18c3a2fc098789139070414e0e58133f863ec6c790d75227a05117d4b,O=C(C[*:1])NC1CC([NH2+]CC(O)C2CCCCC2)C1,C[*:1]>>c1nc([*:1])n[nH]1,C[*:1],c1nc([*:1])n[nH]1,18265,31080,1,1,1.0,18,1,5,19,23,5,5-9,CCc1ccccc1[*:1]>>Cn1cc([*:1])cn1,35a074bdb43ba54a7671a7a9cbf609fe4609a634ed04c054d353488b63480377,6207e6f7133b2bbdb8d0e99be49526307c4d0b03f33e00836224fa21a177faed,CCC(=O)NC1CC([NH2+]CC(O)C2CCCCC2)C1,O=C(Cc1nc[nH]n1)NC1CC([NH2+]CC(O)C2CCCCC2)C1
d9ac1effb04c83694b8136807cc868486f11b8a6f4d16990e05daccbf335cad9,468d2b51df88357417cfb84b791db3a1f7f31ba6f5a17462af9e5e45502cae7f,CC1NC(=O)CN(C(C)[*:1])C1=O,CCC(C)[*:1]>>CSCC[*:1],CCC(C)[*:1],CSCC[*:1],8053,24730,1,1,1.0,11,4,4,15,15,5,5-9,CC(C)C[*:1]>>Cn1cc(C[*:1])cn1,70c489424aa9bb9e4a59fe4200bb6a6ef21546a22d15eaa8f2f3bdb428563137,65cc09ef5ceb72dc2a5a1d9b6273099d5be9634af9c1f4f83bb7bfce2887b690,CCC(C)C(C)N1CC(=O)NC(C)C1=O,CSCCC(C)N1CC(=O)NC(C)C1=O
41808893c5ed7d17b167f3b8b3f740d9d3493a4af2ae75bd3996c1f665054fc2,0144b0d5dd8224e9ebb9d5f7f8e28819d8dc8d72defcfa7405c96d7f398b767a,O=C(C[*:1])NCc1cn(C2CN(CC3CCOC3)C2)nn1,COC[*:1]>>NC(=O)N[*:1],COC[*:1],NC(=O)N[*:1],6449,39344,1,1,1.0,20,3,4,23,24,5,5-9,CC(C)NC[*:1]>>CN[*:1],5f443f2bd6af60bafb46261ba8c19f751fd37b3140c461019c875ffd240de24b,a9da2945512de92adfdcf467a693a1d794702c6b3cc3bdea5b111946205bc57e,COCCC(=O)NCc1cn(C2CN(CC3CCOC3)C2)nn1,NC(=O)NCC(=O)NCc1cn(C2CN(CC3CCOC3)C2)nn1
c72f12c8939efdc56ceae2d03fa2f5040d9554f3d6b6b2f676f04aee62f66dec,8c2fd5ac994a56220cb6770ac84b37484fbfcd4f32800c926b4cb75fe42a19a7,O=c1[nH]c2ccc(S(=O)(=O)NC[*:1])cc2s1,Cc1ccc([*:1])nc1>>c1ccc([*:1])nc1,Cc1ccc([*:1])nc1,c1ccc([*:1])nc1,15890,5568,1,1,1.0,15,7,6,22,21,5,5-9,CCC(C)C(=O)N[*:1]>>CO[*:1],be50d71593bb2726f962d73bdd8a58c9231eb6b77984995d8b25cb6f353fc9d8,1a7f1cd7a1ea12891a4bac427c498932331165f81e40a5d00e4ce346993f5c50,Cc1ccc(CNS(=O)(=O)c2ccc3[nH]c(=O)sc3c2)nc1,O=c1[nH]c2ccc(S(=O)(=O)NCc3ccccn3)cc2s1
4429358da90f87addc240eeafd9c777da7aac77213177604ebcb1260f24b9e0b,0861956f1e3327f03703a61264209668a8b3f83e4d064dee972ebea90ae3602c,COC1C[NH+](C[*:1])CC1NC(=O)Cc1c(C)nn(C)c1C,C=CC[*:1]>>CCC[*:1],C=CC[*:1],CCC[*:1],22578,25217,1,1,1.0,20,3,3,23,23,5,5-9,C1COC([*:1])C1>>COc1ccccc1[*:1],b18445673232f9aeeba52c6b276294971985366d735eb1eb611a078de87b942f,7ffa34c2c9a52a937113796eb78c25fe3e8a0e6b4e2328d6c772be066eb401a2,C=CCC[NH+]1CC(NC(=O)Cc2c(C)nn(C)c2C)C(OC)C1,CCCC[NH+]1CC(NC(=O)Cc2c(C)nn(C)c2C)C(OC)C1
c3d17c502a3f789b2c80ebd3f38af3f6be757dd0a9c0e81272ccda6c07b32638,83651f845df93865046cdd2fb58becbab14787363923cbbbae97ccf59ba0356c,Cn1cc(C2C[NH+](CC[*:1])CC2CO)cn1,CCc1ccc([*:1])cc1>>Clc1ccccc1[*:1],CCc1ccc([*:1])cc1,Clc1ccccc1[*:1],46851,32617,1,1,1.0,15,8,7,23,22,5,5-9,CC(C)CC[*:1]>>CCC(CC)[*:1],2b5c6bdc807b528e1ad164b71de23504a07b208ce9a57ade6e4d09e2b46c913e,0a30754f3da71b1f8c55b1157eb64de20f5084e3f9f5a4fe301dbc00059184ea,CCc1ccc(CC[NH+]2CC(CO)C(c3cnn(C)c3)C2)cc1,Cn1cc(C2C[NH+](CCc3ccccc3Cl)CC2CO)cn1
99cfe5843217145c1974d930328fe6f787a7887f63b83805cc84833c424564c8,a8b054333ee23bfbab7738f12e00ddc551e2931503b93d34bbb9184d21e0408d,Cc1nc(CSC2CCCC2)nc(N)c1[*:1],CC(C)[*:1]>>O=C(O)[*:1],CC(C)[*:1],O=C(O)[*:1],16336,5479,1,1,1.0,15,3,3,18,18,5,5-9,Cc1cccc(O[*:1])c1>>Cc1cccc([*:1])c1,788c339f4615f768cb332eef6b1dc914029a4f16072e16e5697c8578016beb21,6eb7ae6ed8243c827a585956fde68619f4c4466b0c580ce5160ebe513388bc3f,Cc1nc(CSC2CCCC2)nc(N)c1C(C)C,Cc1nc(CSC2CCCC2)nc(N)c1C(=O)O
621f5b06bd3b863a00295747a1f05bcd48e308b08c89f01bba227f0858ef125c,a143dca9ee1d48fe8a338b061ffd2ab64d25058a2fdff915c2a04a75e94e0c40,CN(C[*:1])C(=O)NC1C2CCC(C2)C1C(=O)O,CC(O)[*:1]>>COC(=O)C[*:1],CC(O)[*:1],COC(=O)C[*:1],33829,17599,1,1,1.0,16,3,5,19,21,5,5-9,C=C(C)[*:1]>>CC(C)C[*:1],b7ca2a8549c6419a4a2ea101840981dfd53cea0d52be909e65770e41895e62d6,dac85663eebbd3c4045e707b7136867061b1bdb00921c66f8896b16cf8c4b79d,CC(O)CN(C)C(=O)NC1C2CCC(C2)C1C(=O)O,COC(=O)CCN(C)C(=O)NC1C2CCC(C2)C1C(=O)O
6a0325f2b4b33d7522489dd72b4288f7173321f93575d340dc2740cfa95ce698,21c8f693541a51f6427e616d2189754347203fc393c2bd60f4c4e159e3d9f634,CC(CNC(=O)c1ccc(Cl)cn1)C[NH2+]C[*:1],Cc1cccnc1[*:1]>>c1nc([*:1])cs1,Cc1cccnc1[*:1],c1nc([*:1])cs1,31542,63,1,1,1.0,16,7,5,23,21,5,5-9,Cc1ccc([*:1])cc1>>Cc1cccc(C)c1[*:1],18c6c1619a679718c924b1ae1dcd5d11fcf87919b1b6ac2aecd149f52af49dcd,0424828186568af8ee86d1129d31f29fb1f7ca4b7820b3c3a55e72832335f5c5,Cc1cccnc1C[NH2+]CC(C)CNC(=O)c1ccc(Cl)cn1,CC(CNC(=O)c1ccc(Cl)cn1)C[NH2+]Cc1cscn1
b78e718dbf2d46a5f7d9571e1e7a35008c0f4a57d881d9f86e3f556bd25c1900,b2ce69ad0596a2acdf3558b6a5e44d6f6a026669c7fc524739d5f5cfa16419d5,CC[NH+](C[*:1])C1CCOC(C)(C)C1,C1CC1[*:1]>>CC1CC1[*:1],C1CC1[*:1],CC1CC1[*:1],13093,44631,1,1,1.0,12,3,4,15,16,5,5-9,C(=C[*:1])C1CC1>>C1CC1C[*:1],669c0bafb7e7fb3aecad5f5b1963da718de27af89aca9f5333660f330a52fcbe,2a71fa283a8e8328602d7be6f72dcac679c839f6ef75a75b1ecc3b1c9ee68aa4,CC[NH+](CC1CC1)C1CCOC(C)(C)C1,CC[NH+](CC1CC1C)C1CCOC(C)(C)C1
3416d578d077fd8f0aa1b69cba34b5badfbfc0da6d39ea08d588d6782bf45c59,8e995b2ee2ae22d7007eaae38b5c64aad252fb2ee57ef594b044d2ef3489aa63,CN(C)c1cncc(Nc2ccccc2[*:1])c1,C=C(C)[*:1]>>CN(C)C(=O)[*:1],C=C(C)[*:1],CN(C)C(=O)[*:1],31816,23810,1,1,1.0,16,3,5,19,21,5,5-9,C=C(Cl)[*:1]>>Cn1nncc1[*:1],624db248aaae503cd47f6f10b3588c3a3b043342f8118c3dd738a2d526110798,e30d7d36ccd424f45f1c313dacefe0cc37b00b24cba8eebe64e1f9e99004d72f,C=C(C)c1ccccc1Nc1cncc(N(C)C)c1,CN(C)C(=O)c1ccccc1Nc1cncc(N(C)C)c1
d2a1ec79de5499d16c23a54b953c3059bb2b55bf69c0e6cdf2121c43a56b49aa,39e81b21366acc74702039bd717b2aad17c8386fb3a7b20a8efda1cb07a484be,N#Cc1cnc(NC2CC(NC(=O)[*:1])C2)cn1,CC(C)(C)[*:1]>>CCOC[*:1],CC(C)(C)[*:1],CCOC[*:1],38796,1045,1,1,1.0,16,4,4,20,20,5,5-9,C1CCCC([*:1])CC1>>CCC(C)[*:1],a33c883dff0044e60220e5821888112a6fd7e306f56ef679267ba7e7f6577628,91a6660b2957d3861f1bff9e2a5516233e99e559880eda0378394e050e52f18b,CC(C)(C)C(=O)NC1CC(Nc2cnc(C#N)cn2)C1,CCOCC(=O)NC1CC(Nc2cnc(C#N)cn2)C1
c8959fb3334745dd6d6b8d60fc195a2397bf80b0d617801e2acb68c0d9c72807,5ca6ff85bab2f4e292ec2e93c2b5266c017381517bbf6b6ed4d7ffd9a7f38dbf,CC(OC(=O)C1SCCCS1)[*:1],FC(F)[*:1]>>c1ccc(C[*:1])cc1,FC(F)[*:1],c1ccc(C[*:1])cc1,32053,19521,1,1,1.0,11,3,7,14,18,5,5-9,Fc1cccc([*:1])c1>>c1ccc([*:1])nc1,cf86b777b6f2953758d60afc0e9298eb1ea90cc6c0d51cb3d3b5ef24dca0f7cb,cabbe4c4f344d272eaf8c9a620505c70812d63b9e4f036ce004d14e9f71db24a,CC(OC(=O)C1SCCCS1)C(F)F,CC(Cc1ccccc1)OC(=O)C1SCCCS1
28441adfcd633c229e1f0b18cb79328cf90d494fdb96fc620f82a94d2174dda6,568e6bb4e8e93d22705e4c28c6a8adfb9d291c2a5a8781443107f6d07bcd40ad,CCCC1NC(=O)C(C)(CC)N(C[*:1])C1=O,COCC[*:1]>>FC(F)(F)CC[*:1],COCC[*:1],FC(F)(F)CC[*:1],10846,45558,1,1,1.0,15,4,6,19,21,5,5-9,COCC[*:1]>>c1coc([*:1])c1,627b527bce6f5b8236b883f1fdbd6c906bf82c27dd323b07e8a73a3b6a7643bf,b962dcaa8280d0290cbd13c821be4798ab3b0c3e817ebafca20c537d5913e76d,CCCC1NC(=O)C(C)(CC)N(CCCOC)C1=O,CCCC1NC(=O)C(C)(CC)N(CCCC(F)(F)F)C1=O
0f9740e8582dc619ab46e356734af0180190b184fb6c8830722b970c9d0eeb19,3922213896b4cfe3cdb17483e777103764ddae984d4723f5e8c89c83a9f6939d,Cc1c2ccc(NC(=O)C(C)[*:1])cc2nn1C,Clc1ccccc1[*:1]>>Fc1ccc([*:1])cc1F,Clc1ccccc1[*:1],Fc1ccc([*:1])cc1F,6441,5308,1,1,1.0,16,7,8,23,24,5,5-9,Cn1cncc1C[*:1]>>c1cnn(CC[*:1])c1,1cae67297e5d07629ccaebfbd4fc487285a84641f6b435d2d08aa927474d312e,b6c1d0675baa00bdb262f291a79c08db5077b3c9a8b7f3d5f471410a005846f8,Cc1c2ccc(NC(=O)C(C)c3ccccc3Cl)cc2nn1C,Cc1c2ccc(NC(=O)C(C)c3ccc(F)c(F)c3)cc2nn1C
3ff647d733b3bf2dc4257396153bcf8eb8e78a9a2bd05f8c917431b83d09f40e,6ddd6fc4154a443cec5e9b65e648f8e9d6946902ff3cf506f4318750b8f69ac8,COc1ccc(C(c2sc3ncnn3c2[*:1])N2CCN(CCO)CC2)cc1,O[*:1]>>[O-][*:1],O[*:1],[O-][*:1],3229,40252,1,1,1.0,26,1,1,27,27,5,5-9,C[*:1]>>FC(F)(F)O[*:1],b036118d887ce2e0159f63902182e69c5f299bedb8ebf6cdd3cc427c3805c0cf,51ec6cdf0c97d08db368b37620bdab031f5b04d7a46a8333a2897b1c4baf2a36,COc1ccc(C(c2sc3ncnn3c2O)N2CCN(CCO)CC2)cc1,COc1ccc(C(c2sc3ncnn3c2[O-])N2CCN(CCO)CC2)cc1
7a31e56e5faa195e6f7af6ef19a64718eb3418e6e8e23f96715ea1e9898fa1a3,008110af9bc5ffa1d165daea59c184f35b827d81b2463711f89f5f44b91890b0,CCC(NC(=O)Nc1cc(C(C)(C)C)nn1-c1ncccn1)[*:1],CCC(O)[*:1]>>N#CC[*:1],CCC(O)[*:1],N#CC[*:1],39469,44337,1,1,1.0,22,4,3,26,25,5,5-9,C=C(Cl)[*:1]>>CC#C[*:1],f5a0fdd65a8a921f1e02571a4bed6890ecc5298bbc8ada58bf28ed61aed5e04c,0b2879939887e5634bb0f3424be50cc6c30841e08a7b82860ed9fd10a2e02c37,CCC(O)C(CC)NC(=O)Nc1cc(C(C)(C)C)nn1-c1ncccn1,CCC(CC#N)NC(=O)Nc1cc(C(C)(C)C)nn1-c1ncccn1
4143532e31a7c691e97b287f998d7a8955b5efa52f0a57f30d8e275173c7e33e,bd336a359137a843ee23f12cf552f11d331232ae85b6eb7d9147c10c7aeac187,O=C1CNC(=O)C([*:1])N1,CC(C)(C)[*:1]>>O=C(O)[*:1],CC(C)(C)[*:1],O=C(O)[*:1],13954,35795,1,1,1.0,8,4,3,12,11,5,5-9,CC(C)CC[*:1]>>c1nnc([*:1])[nH]1,f001bada8da88bdcc28f2b3b0dc791dde01afb5b734c41d5f66a82469c9230d1,51b69fe4592fa170e3ea426ffca90a66ac06dcdd98490cb0e57a1a07683cf210,CC(C)(C)C1NC(=O)CNC1=O,O=C1CNC(=O)C(C(=O)O)N1
1aab8626f2e8f106dd2f7b095908c0a949fcd6a6d1c3617ed3273761cdfca4ba,edbcf577af9af76a4760c4885225a652130096888f59e8a939b17e872f757e82,CC1(NC(=O)c2cnn(-c3ccccc3)n2)CC[NH+](CC[*:1])C1,CC(F)[*:1]>>C[*:1],CC(F)[*:1],C[*:1],8201,1814,1,1,1.0,22,3,1,25,23,5,5-9,N#CC[*:1]>>OCC[*:1],07e53808523247c954f40e16777a26f3fe6f66332e6a2cdd58735d0b94038f80,898118f5d8aef720800297e61b8c616d00698224aed45e6c81b0f5ecf5b0d2bd,CC(F)CC[NH+]1CCC(C)(NC(=O)c2cnn(-c3ccccc3)n2)C1,CCC[NH+]1CCC(C)(NC(=O)c2cnn(-c3ccccc3)n2)C1
4b00d58156dd7ce4aed13b4e61b02eeb8ce8971311cfbe0e88d913e63eed5f88,49c882901324396f2aff93a16e83ff150a6df6b124d41cb5a3a916ccbeb465ac,Cn1oc(C(=O)N2CC(O)C(CNC(=O)C[*:1])C2)cc1=O,CC(C)O[*:1]>>COCC[*:1],CC(C)O[*:1],COCC[*:1],24169,42892,1,1,1.0,20,4,4,24,24,5,5-9,Cn1ccc(C[*:1])n1>>c1cc(C[*:1])no1,ab6681a6803f617d4d16af5d8a7959e088b9fbc30ff016d2c55bdbce64b6794e,fcc3c87543689c8564c618dc45c031bff22c9da9647443cbbae08a66beee84ea,CC(C)OCC(=O)NCC1CN(C(=O)c2cc(=O)n(C)o2)CC1O,COCCCC(=O)NCC1CN(C(=O)c2cc(=O)n(C)o2)CC1O
ddb96a94ceb45af9997b44b8eb0a8ca5fced49a7f08b2c6ca5a3cc91b38845e5,a07a482c83390c9911974361bb624fc2ee2ad9db40d7fb25bda526d48b7feb8a,O=C(NCC1CCCC[NH+]1C[*:1])c1cc(-n2ccnc2)ccn1,C=C[*:1]>>FCC[*:1],C=C[*:1],FCC[*:1],44063,24899,1,1,1.0,22,2,3,24,25,5,5-9,CC(C)CC[*:1]>>CO[*:1],7c48ad780241a8c78f4608dc9a32e9dba6e5b895b9b3568b80aba20b6da1d874,62ad3a884c0f7ec2f8fd704b16932f89c46cb70f44576068aa2cf8ce01aaac85,C=CC[NH+]1CCCCC1CNC(=O)c1cc(-n2ccnc2)ccn1,O=C(NCC1CCCC[NH+]1CCCF)c1cc(-n2ccnc2)ccn1
3888de53e1ea53a31269b4f8f208dde0d15528f8da28e31bf8b2e8f8e8e0d936,f2742f498dddc2d5d96c419617e1612fa838e1bdd4fe92599a0849cc3779c6c6,CC(=O)c1ccc(F)c(Nc2ccc([*:1])nc2)c1F,CCOC(=O)[*:1]>>FC(F)(F)[*:1],CCOC(=O)[*:1],FC(F)(F)[*:1],28381,7533,1,1,1.0,18,5,4,23,22,5,5-9,CC(C)[*:1]>>O=C([O-])[*:1],6e50d7b06f5f52b8097cdbbf39c50663d5cc880428872ad7a0c845dc2837717c,abc4811492da9dbb11bc6b98df1fa1651e4eb568c6569123abadeebed69082b9,CCOC(=O)c1ccc(Nc2c(F)ccc(C(C)=O)c2F)cn1,CC(=O)c1ccc(F)c(Nc2ccc(C(F)(F)F)nc2)c1F
6925e5ba860a4694478bac135f1c5ed1ad286467576a188edc074924b928ecff,ac77219d9b317a9695952b330482e88ab521f55b2665af130ee93b0ebdd24652,O=C(CCN1CCCC1=O)NC12CCCC1C[NH+](CC[*:1])C2,C=C[*:1]>>CCC=C[*:1],C=C[*:1],CCC=C[*:1],22353,15446,1,1,1.0,21,2,4,23,25,5,5-9,C=C[*:1]>>COC[*:1],767fd2600c20e469ce2b09088b32d5560ca18abd172f1c20b1c547d0b7651207,a02919c546fbeba080a0e8da1611a8df278ade062369ce78690dab99a1c07e8c,C=CCC[NH+]1CC2CCCC2(NC(=O)CCN2CCCC2=O)C1,CCC=CCC[NH+]1CC2CCCC2(NC(=O)CCN2CCCC2=O)C1
c0ad2234ea927baf253bf72057836621cb7f8fedae616fa9179423658b1ed2b1,12b0cb87f5d03d7678de823ac1b71044094e5482939a7c11fc61bfd9b20b7d4e,COC(=O)N1CC(C[*:1])CC(NCC2CCCCC2)C1,CC(C)(C)[*:1]>>OCC[*:1],CC(C)(C)[*:1],OCC[*:1],18003,2333,1,1,1.0,19,4,3,23,22,5,5-9,O=C(N1CCCC1)[*:1]>>OCC[*:1],0ddc2384473e41840b96cb3d6d4c2119babbe21280efe7ff4e3f67578c39157d,192f0d4f7af06a8bded20ec4c44b60b58321aa9fb3ecb996c7f0044f1d764d4c,COC(=O)N1CC(CC(C)(C)C)CC(NCC2CCCCC2)C1,COC(=O)N1CC(CCCO)CC(NCC2CCCCC2)C1
a3d5d182b5e97b1b6b6662e2c8026a8d60669571cb2bcb5bc5fac41ea666012f,4d29605c256793878f7a5447a13326b2f0ebbb41a482269f36470003983417d9,COc1cccc(C(=O)NCC2COCCN2[*:1])c1C,C=CC[*:1]>>COCC[*:1],C=CC[*:1],COCC[*:1],41757,39392,1,1,1.0,19,3,4,22,23,5,5-9,CC(N)[*:1]>>N#C[*:1],24cf1bbc81c3a2c29b91847bbaae1e33b1d0d4fe89d311729ebdf75efb32b566,2f025c4ad998a482d7db95297bbc8a899f587400e43f9c3cf60e64e68095ab20,C=CCN1CCOCC1CNC(=O)c1cccc(OC)c1C,COCCN1CCOCC1CNC(=O)c1cccc(OC)c1C
892d2dc38069fc8597688fb9c0a148d807676e703b2bb25c4da6bd12aa0a26ae,4d4c01c47bd7c8808a819f96651b59619c269bdb1af3abaedf9b17c5f30e9647,COc1ccc(-c2nnc(SCC(=O)NC(C)[*:1])n2C)cc1,COc1ccccc1[*:1]>>Clc1cccc([*:1])c1,COc1ccccc1[*:1],Clc1cccc([*:1])c1,33453,9116,1,1,1.0,21,8,7,29,28,5,5-9,CC(C)(C)[*:1]>>CN[*:1],ff5fb3f60cb8fa32afa9be17a0366678f8cf960ce7443c5a763d756098ed1602,281afada7a79da6e562347928c8b674f48aa89648de4d9e84c1c417b6b03aa7e,COc1ccc(-c2nnc(SCC(=O)NC(C)c3ccccc3OC)n2C)cc1,COc1ccc(-c2nnc(SCC(=O)NC(C)c3cccc(Cl)c3)n2C)cc1
3a50a54bf94295b95914032074d44aa33bf9a36a0cb57a5bc55a82dc69cef22c,f238c2fa0d79fb9764ad525330bc87776d1d4e1fae3417e7fb4a580743f8c70f,Cc1ccc(CC(=O)N2CCCC3C[NH+](C[*:1])CC32)cn1,C=C(C)[*:1]>>FC[*:1],C=C(C)[*:1],FC[*:1],18203,13123,1,1,1.0,20,3,2,23,22,5,5-9,Brc1cccc([*:1])c1>>CCC[*:1],daaddf7b345507c91d9d2efd180d5d8501c1fb5ff87fb5d905957cb5b035f742,f4e3edf9ae8bff5d6d9bc3e96562f3d982f867c9fa3fea76c6b59560718911e9,C=C(C)C[NH+]1CC2CCCN(C(=O)Cc3ccc(C)nc3)C2C1,Cc1ccc(CC(=O)N2CCCC3C[NH+](CCF)CC32)cn1
f080204e2376f68b9af53c7da5c4647d8c4c2ffb38b837d925011aa367e7cc7d,fe312f43a6da8de5c52b4ee3f0a0feb65d24406487a1e2ef20c391d462081cb9,CC1NC(=O)C(C)N([*:1])C1=O,CC(C)C(C)C[*:1]>>CCC(CC)C[*:1],CC(C)C(C)C[*:1],CCC(CC)C[*:1],30374,45096,1,1,1.0,10,6,6,16,16,5,5-9,C1CCN([*:1])C1>>OC[*:1],eebdcf8e62f9154e957272bbfb46b0448b4951f254fc5098600044bad7caedef,67d2a9505754caac975fd4437567db1c9fd0c30a21f2c5eabb2a60c7ef5e82b7,CC1NC(=O)C(C)N(CC(C)C(C)C)C1=O,CCC(CC)CN1C(=O)C(C)NC(=O)C1C
304d9ea85c14a4f9dfe1018b3637100f1f5d079d21bca87204e5b88a801eebbb,911dd82f2cb89afe1e26165a2895f07273b025fe628754e21a3eb3542ceb6e01,O=C(NCCO[*:1])C1CC[NH+](C2CCCCC2)C1,Cc1ccccc1[*:1]>>Fc1ccc([*:1])cc1F,Cc1ccccc1[*:1],Fc1ccc([*:1])cc1F,23978,36327,1,1,1.0,17,7,8,24,25,5,5-9,C1CCCC([*:1])CC1>>CCC(C)[*:1],6eb7712177c4eb51bb77e6f21ec9a4223ab098261ea67769bff0a44a8a527d69,b32511b91891820f567d9f2cccf11338fb11d61d93a8b9790054260c937a171a,Cc1ccccc1OCCNC(=O)C1CC[NH+](C2CCCCC2)C1,O=C(NCCOc1ccc(F)c(F)c1)C1CC[NH+](C2CCCCC2)C1
c99f5a4f6a6fa7a54129b0fa8f1480229d541daa51dcc7f006950c89031f662b,99aed63aa7b2c3a1ec537bd6a776042a3ed4fb65505c7ee01e8920b1700c24c4,Cc1ccc2nc(C(=O)N3CCN([*:1])CC3)cn2c1,Cc1ccc(C)c([*:1])c1>>Fc1ccccc1[*:1],Cc1ccc(C)c([*:1])c1,Fc1ccccc1[*:1],15218,23585,1,1,1.0,18,8,7,26,25,5,5-9,CCC=CC[*:1]>>CN(C)C(=O)[*:1],87349605a50a48e4e8397b18a244c4e2ad5b396db8fa11f99787a1a9c674a456,f70ee12ad0fbead456471d1b81631ee7a4bed95ba414a8dd42a6ac15a8cdcf75,Cc1ccc(C)c(N2CCN(C(=O)c3cn4cc(C)ccc4n3)CC2)c1,Cc1ccc2nc(C(=O)N3CCN(c4ccccc4F)CC3)cn2c1
609d0f2fc65503675fbc37edee0b70da3001e4698d13ccfbead82caf8d449a7e,5302526d1f670c91cfd69da9b533323767a669698b3b4aebfdd735e6790403dc,O=S(=O)(NCC1CC(O)C1)c1ccc([*:1])nc1,CCO[*:1]>>N#C[*:1],CCO[*:1],N#C[*:1],29366,20714,1,1,1.0,16,3,2,19,18,5,5-9,c1coc(C[*:1])c1>>c1csc([*:1])n1,78eda18723f55c04f8b8175190f5951de689f59c5235c5de9e60711815a2f558,4bbf249687690784eab33d793d2a9860964a4180f150624ce3e7444e1754bdd9,CCOc1ccc(S(=O)(=O)NCC2CC(O)C2)cn1,N#Cc1ccc(S(=O)(=O)NCC2CC(O)C2)cn1
506b2dfee2399deb3bc8867e9de39fe1e4506b3823d9e623623d9daf4997e8d9,63bf194d21578bae1b7bb8dca0df60859c0444afb5f0b5bea40dc2bbac788201,Cc1cc(C(C)[NH2+]Cc2ccc([*:1])nc2)nn1C,CC(C)O[*:1]>>COCCO[*:1],CC(C)O[*:1],COCCO[*:1],34918,24043,1,1,1.0,17,4,5,21,22,5,5-9,C1CC1[*:1]>>Cn1ccc([*:1])n1,92f547d4dd6b59988b1d08f87f525a48d771c677968189c8952ee3cb8acfe992,a135a73cdea1075677e13b0382f28a55ceb609dd2ce17318728323c1f9031027,Cc1cc(C(C)[NH2+]Cc2ccc(OC(C)C)nc2)nn1C,COCCOc1ccc(C[NH2+]C(C)c2cc(C)n(C)n2)cn1
4a645eba28f6d14013332adfb2b61e63df1f776534c616c00afe0f7f773dbcdf,18f4a55aade60b9a42450d36558f443fa1d12bc5090cd5a72db8217895b0b607,CC(NC(=O)C[*:1])C1CC2CCC1C2,CN[*:1]>>CO[*:1],CN[*:1],CO[*:1],25598,17803,1,1,1.0,13,2,2,15,15,5,5-9,Cc1noc([*:1])n1>>c1cnc([*:1])nc1,34634c2b9b7b9352b21369136f20c6d3c37c74739de850f9d498ad26be1b8180,d1a01574cebabe5b989227d7ce4d13fec075c7141a895a6529514f96087cfde2,CNCC(=O)NC(C)C1CC2CCC1C2,COCC(=O)NC(C)C1CC2CCC1C2
68681d1282f065303ae67cb5809a3fda3d0a44a414a68a2b4c1ff62fa9421b84,dbd495ab5e2dfd64a3bd6da00a430e8fcb883aa6ece436003fd8dfffbe2f74fc,CC1CC(C(F)F)n2ncc(C(=O)NC(CO)[*:1])c2N1,FCC[*:1]>>NC(=O)[*:1],FCC[*:1],NC(=O)[*:1],34563,18888,1,1,1.0,19,3,3,22,22,5,5-9,CCN[*:1]>>C[*:1],bf4e7a9c5e2005a2f20843f28fef8278a604f0cbf0fc29f49c5b6e16d1eecea7,ac4d199270fdc647b118d4aa6ec6da6a372ebd9e0121909787ae16057e7a906e,CC1CC(C(F)F)n2ncc(C(=O)NC(CO)CCF)c2N1,CC1CC(C(F)F)n2ncc(C(=O)NC(CO)C(N)=O)c2N1
d4c68b09c940570d98aee8b5bb30a72d982aabd01f3e90c0f4002dc9789006f0,8de8303f6a8d2de25c889a93690aa24b814a7c682c8a81d4e442c234063728c9,CC1Nc2ccc([*:1])cc2O1,I[*:1]>>O=[N+]([O-])[*:1],I[*:1],O=[N+]([O-])[*:1],4986,48121,1,1,1.0,10,1,3,11,13,5,5-9,C[NH+](C)C[*:1]>>FC(F)(F)[*:1],08ad331684acd927026fcb39926eca735dc99dd505a3cc368763f0ddc1ab5834,29d414b46f9fa6f59c710b5c66fca559efd6de3734c19a31593a124c1a1ab39c,CC1Nc2ccc(I)cc2O1,CC1Nc2ccc([N+](=O)[O-])cc2O1
23176720ba9d6d9ae6d9ba35d939b0d20311d3a063f06b5d63e61749bacc519e,c9336a61aee02934ec75fd360e671afb008ebe8ae7dd092b99ad6d4beeac4ebf,N#Cc1cccc(Nc2cncc(C(=O)NC[*:1])c2)c1,CCCC[*:1]>>COC[*:1],CCCC[*:1],COC[*:1],27959,7577,1,1,1.0,19,4,3,23,22,5,5-9,CC[*:1]>>c1cncc(C[*:1])c1,a70e24329bba55e605ac867132cb4ee822334fbb9db2b04e75c74cd9fd3e7a2f,a9c994dd8612d4862d49f7cbdfd1b79b48a95ec3ffb7e5a0adba2565195c6d33,CCCCCNC(=O)c1cncc(Nc2cccc(C#N)c2)c1,COCCNC(=O)c1cncc(Nc2cccc(C#N)c2)c1
2b91348c40e1f2be126996c3d6ad5bdb0a0bc6ee3d74fd83602e5d0ac6fc8100,b1eb68615559e4e28f107868a1aaabb462b57001522bb6fb11159ef34da4239c,C=CCn1c(SCC(=O)NCc2ccc(C)cc2)nnc1[*:1],COc1ccc([*:1])cc1>>COc1ccc([*:1])cc1OC,COc1ccc([*:1])cc1,COc1ccc([*:1])cc1OC,33648,45898,1,1,1.0,21,8,10,29,31,5,5-9,C1CC1[*:1]>>COC(C)(C)C[*:1],2fe8de69e700c4a10e30ecd315c92488f7a1e1bd76e83dbf5dcdebf74113a6cf,fa1bcc28747d3a5f6fbd4cfe2dc26c8fe4912c5631eab5015c9333418cff5377,C=CCn1c(SCC(=O)NCc2ccc(C)cc2)nnc1-c1ccc(OC)cc1,C=CCn1c(SCC(=O)NCc2ccc(C)cc2)nnc1-c1ccc(OC)c(OC)c1
5908bb2370f83e3195ac6e882d87709cbe246c1859efc870cfbe65ba19975a67,29fe53c08a24cb165236eb11598daa362d7ea8677d3ed479d6a854e1bd2f0cb1,CC(O)(CNCC1CC2CCC1C2)[*:1],CC(C)C[*:1]>>CN(C)C[*:1],CC(C)C[*:1],CN(C)C[*:1],18033,20191,1,1,1.0,13,4,4,17,17,5,5-9,C1CC1[*:1]>>COC(=O)[*:1],80b7b3f53da60a3ee58b30f38f261f3a185e95d919c9e1bfa6c53195925e2e23,e13400f0eae3fd093f065f151d2326eaa214a6e38540469c46b78b822986846f,CC(C)CC(C)(O)CNCC1CC2CCC1C2,CN(C)CC(C)(O)CNCC1CC2CCC1C2
4b370164343d41821867e424b25368fbfb81f420d3b4555b4297b84b5b4f0268,9acfd52ca4012359d1f994a1c54c52c276434f6a68d15a26518bcbf2091a3e0b,CC1C(NC(=O)C2C3COCC32)CCCN1C[*:1],C=C[*:1]>>CS(=O)(=O)C[*:1],C=C[*:1],CS(=O)(=O)C[*:1],7401,2971,1,1,1.0,17,2,5,19,22,5,5-9,C1CCC([*:1])CC1>>COCC(C)[*:1],af862bcbd9d2d004960539e91e354edd2969ff151d0dafc97e74ebdf1a6817ba,4719b680a53b60f35ff98e7b70b192a1b2ed9fec9da43b3bdfca1fee57f2ce0c,C=CCN1CCCC(NC(=O)C2C3COCC32)C1C,CC1C(NC(=O)C2C3COCC32)CCCN1CCS(C)(=O)=O
b90003787c5d1f5a0a7e3b618ba84fdfca31acb3f10a7ff2364fd46cf15552b3,8c60b7b51f5c97dfa26a50a0714e2c95a2458d864a89869daad78607dc5d7c06,CC1(C)C2CCC1(C)C(NC[*:1])C2,C=C[*:1]>>FC(F)[*:1],C=C[*:1],FC(F)[*:1],34154,2124,1,1,1.0,12,2,3,14,15,5,5-9,C1CCC(C[*:1])C1>>CCC(C)[*:1],ce6e8b4d30a871cddfb21ba48a009eea1750756af68cedb78ac6f3fecd91caf5,b6878fc0e27b8084947056cefaa22a9adee03733c02e32f578e166c8cfc7bee0,C=CCNC1CC2CCC1(C)C2(C)C,CC1(C)C2CCC1(C)C(NCC(F)F)C2
87c8e92c3f87352f6ddd477c81efe48675630824bced27cc72e8d4f532372a1a,37288e9daae9cdbecb6d228a10e8298e076f80003180e9a7ee9158e6a8fecc51,c1sc([*:1])nc1CN1CCC(OCC2CCCC2)CC1,CC(C)[*:1]>>CN(C)C(=O)C[*:1],CC(C)[*:1],CN(C)C(=O)C[*:1],9176,38815,1,1,1.0,19,3,6,22,25,5,5-9,N#C[*:1]>>c1ccc(CO[*:1])cc1,46ff10d43618739eaf67ab1aa65d610f55dc0989c813e135a322b1618e030543,9de99fbff40828dc9507e52f0df13af0ef56bfd9a06fd08a2bfa7853bc0f653c,CC(C)c1nc(CN2CCC(OCC3CCCC3)CC2)cs1,CN(C)C(=O)Cc1nc(CN2CCC(OCC3CCCC3)CC2)cs1
c680d041d5199c9ce29788e99f5a6446bdd45eacbaf924c7c80ff7fcda4251bc,926f829e5443c77972edb38660586e98792d7520440a4fe04b9e90df1eea2297,CC(C)C1NC(=O)C(C)N(CCCC[*:1])C1=O,CC(C)CC[*:1]>>FC(F)(F)[*:1],CC(C)CC[*:1],FC(F)(F)[*:1],44093,46479,1,1,1.0,16,5,4,21,20,5,5-9,CCC[*:1]>>NC(=O)C[*:1],075055cdaa7fbc813358b3ca2097e3eadfea4d1183472fbd968a316d3650331f,c6f90c641d3f404029cbe7a43a1c48823a907aa56c5eff2c1f310517ff75596e,CC(C)CCCCCCN1C(=O)C(C(C)C)NC(=O)C1C,CC(C)C1NC(=O)C(C)N(CCCCC(F)(F)F)C1=O
1f25a747e6b21a921be3c9d6e712daffb17f5c5d1ce3a1d3fd9e0be7666afedf,a7349b782c45c151a576ca81f2a6b152574ed2c5230850ecb52d66eda658e1ed,Cc1noc(C2CCC(CNS(=O)(=O)C[*:1])O2)n1,Fc1ccc([*:1])c(F)c1>>Fc1ccccc1[*:1],Fc1ccc([*:1])c(F)c1,Fc1ccccc1[*:1],13667,26603,1,1,1.0,17,8,7,25,24,5,5-9,Cc1ccc([*:1])cc1>>Fc1cccc([*:1])c1,01e0864919cce92c43b0c89265f754079a6dd7a37fcb905f87e41d7de7912954,9b6324fafdbc8964fafbc8aaf9e2f71b2b53769590098227eb0108631e276fb8,Cc1noc(C2CCC(CNS(=O)(=O)Cc3ccc(F)cc3F)O2)n1,Cc1noc(C2CCC(CNS(=O)(=O)Cc3ccccc3F)O2)n1
dde5c04ef3f042272fdba2fa19915938762193d1953eb290f90d7b9955fff1e7,75e4ae6d24ae88eb577e527d37ae610324847f7b3d23cb5d9024ea356786bb70,Nc1cncc(Nc2ccccc2[*:1])c1,CC(C)(C)[*:1]>>CS[*:1],CC(C)(C)[*:1],CS[*:1],27538,49407,1,1,1.0,14,4,2,18,16,5,5-9,C1=C([*:1])CCC1>>C1CC([*:1])C1,8ae326943a8b67f12f69332e19633a23cb0aae9f99c47e785914caeb5558eae7,cb799292f86ff184add2c3e191a00ec512cf53728aa076f0d5ea6271833c5679,CC(C)(C)c1ccccc1Nc1cncc(N)c1,CSc1ccccc1Nc1cncc(N)c1
47c4df15340b45e27a3567c1b432673c537aeaa74d798ff9bcac3ab5e9455d1e,c3bc3a30c40b9cc0fdecd22eefa1e43937e78ee7454af3aa4c9afbeb484e1d9c,CCC(C)C1C(=O)NCC(=O)N1[*:1],CCCCCC[*:1]>>C[*:1],CCCCCC[*:1],C[*:1],4704,49724,1,1,1.0,12,6,1,18,13,5,5-9,CS(=O)(=O)N[*:1]>>C[*:1],7eb3503b6c8a652d1b3f4ceebb134474c575e1cac113222c7d7c7b7b8c73b838,617b2683832aa4b8995054b539d833e16e539567481e170255ced41c0fb054ba,CCCCCCN1C(=O)CNC(=O)C1C(C)CC,CCC(C)C1C(=O)NCC(=O)N1C
3e34e336d504942904037b4beaae124e691fa6fee6c8a547cad9eba3b42dbaa0,a599e93bfed05a330823b3afc9c13b86503c6475d94a5f89d6c8b11be7dbcacc,CC1CN(C(=O)c2cc(=O)n(C)o2)CC1NC(=O)[*:1],CC(C)(C)C[*:1]>>COCCC[*:1],CC(C)(C)C[*:1],COCCC[*:1],44595,28111,1,1,1.0,18,5,5,23,23,5,5-9,C1CCC([*:1])C1>>FC(F)(F)[*:1],70575194a58dc6ca373791471384d5a6a53581b77b5272b3eb3686b2ab3d60e1,d9020cf6ba8aa82e051c65ee102e784353c410ce269c01f762fd2e9ad56234df,CC1CN(C(=O)c2cc(=O)n(C)o2)CC1NC(=O)CC(C)(C)C,COCCCC(=O)NC1CN(C(=O)c2cc(=O)n(C)o2)CC1C
9035d1e74abe5daeccca581e6c2e8ef6cd41015b35f66910f5919add9780f488,9d16d87de570d326e206961b083cf5b75b64daf5fa90d4f16422711b5ec06d37,CCCc1ccc(C(=O)NCC2COCCN2C[*:1])cc1,C#C[*:1]>>CC(C)OC[*:1],C#C[*:1],CC(C)OC[*:1],37156,15866,1,1,1.0,20,2,5,22,25,5,5-9,C#CC[*:1]>>CC(O)[*:1],109b57ad3c44b906d59f9ee2188e8a79d63eb8981a4b0f9d4ff4797d952e58e0,5c7a667806d68475dfe7650c49a72616b1eaf7b224bb2403d2d822d540ddb8ef,C#CCN1CCOCC1CNC(=O)c1ccc(CCC)cc1,CCCc1ccc(C(=O)NCC2COCCN2CCOC(C)C)cc1
fa4fb7d3e1b306dfac9d2aa4eaf5c45da8c30fa787f8198b686d89b4d417199f,b145c88d52644575986fc0630c4942e98b8d47fd5e14efe001cb3c75efe634af,O=C(CC[*:1])NCC1CC(Nc2cnc(F)cn2)C1,CC(F)(F)[*:1]>>NC(=O)C[*:1],CC(F)(F)[*:1],NC(=O)C[*:1],13282,6221,1,1,1.0,18,4,4,22,22,5,5-9,CCC[*:1]>>c1cc([*:1])ccn1,94ba8afa4bf1fabab2fd2a067f150fbfdf1caff92e64ea6c6f159108c3e5c485,c687fbfdfafd301df3f2b7fed1672116366d2fcd765806fe69401a869f003ca2,CC(F)(F)CCC(=O)NCC1CC(Nc2cnc(F)cn2)C1,NC(=O)CCCC(=O)NCC1CC(Nc2cnc(F)cn2)C1
5549b290dd5fb210ab79d6b46af4845e01e0b727eb333506171ef59d484468fd,2bbab88f11e422960ed8e3d97b69aeb4bbe8b20406de60ef3426108d0f59c29f,CCOC(=O)c1cnc(C)c(Nc2cccc([*:1])c2)c1,C[NH+](C)C[*:1]>>O[*:1],C[NH+](C)C[*:1],O[*:1],44186,43412,1,1,1.0,19,4,1,23,20,5,5-9,C1CC1CC[*:1]>>Cn1cnnc1C[*:1],98f0cc55f4e396c7fcac8be22c95f478a92be0de7c575ce9a19c0355a86d463f,f7a21ee5502591f8bc638e6ad15de2c9370f63d5129cbe78473b60a69c55eb78,CCOC(=O)c1cnc(C)c(Nc2cccc(C[NH+](C)C)c2)c1,CCOC(=O)c1cnc(C)c(Nc2cccc(O)c2)c1
24f3ce10dc1e3c06d0f9ac900f53c95f881751708d4097d81103f81d1d2144e6,048825354b06d3a9596af8ee878a1109fad86a7704f61a23398e29d04b76981f,O=C(O)C1(CC[*:1])SCCCS1,CO[*:1]>>ClC[*:1],CO[*:1],ClC[*:1],17999,11835,1,1,1.0,11,2,2,13,13,5,5-9,C[NH+](C)C[*:1]>>FC(F)(F)[*:1],af7b64a43d2adca14329d1e88504c156ce0cea833f227b4f7a47276f5187e402,5f65cc3eddaac4c05fe6605b6f349e68c24ea9a46f2756de59c26c9b2a9bb698,COCCC1(C(=O)O)SCCCS1,O=C(O)C1(CCCCl)SCCCS1
481269e5d85412d10db4b15926088c028928987c1c9b58996a41db757553b883,11c00c67c719a986f99fca463fa9d4ef526bce0698df505ccb0746c0ded9d93b,O=C(O)C1C2C=CC(C2)C1C(=O)Nc1ccc([*:1])c(Cl)c1,CC(C)O[*:1]>>CN(C)C(=O)[*:1],CC(C)O[*:1],CN(C)C(=O)[*:1],45536,5345,1,1,1.0,20,4,5,24,25,5,5-9,COC(=O)[*:1]>>c1coc([*:1])c1,382be56c5395e3505670f2122f878df5807df33b509d4c655def2652d36de4bd,06579de08847187ec9ebe87b27f47fcf29ca12402454dc8ec28734c2ecc54330,CC(C)Oc1ccc(NC(=O)C2C3C=CC(C3)C2C(=O)O)cc1Cl,CN(C)C(=O)c1ccc(NC(=O)C2C3C=CC(C3)C2C(=O)O)cc1Cl
1bf2864f1e3dc3b7e4acd7662d2333fefa7824cea4de2cb70d5c43e99b25b129,d80987b0e810a523ade64eb3074992ffd5126152f6c1dd973b9dcd370698121e,O=C(COc1ccc(S(=O)(=O)N2CCCC2)cc1)Nc1ccc([*:1])cc1,CC(=O)N[*:1]>>COC(=O)[*:1],CC(=O)N[*:1],COC(=O)[*:1],43167,14888,1,1,1.0,25,4,4,29,29,5,5-9,CC[*:1]>>Cc1ccccc1[*:1],770b0598ee648898c32b2a5f117a8203e613a1c91607b6b9ab6f0d9e6c9b7bc6,1c3b0b1ed02ed6879ecfae0268de2bb8c4b4df3bb09092d11ade8de4c96d2ba0,CC(=O)Nc1ccc(NC(=O)COc2ccc(S(=O)(=O)N3CCCC3)cc2)cc1,COC(=O)c1ccc(NC(=O)COc2ccc(S(=O)(=O)N3CCCC3)cc2)cc1
aed904c5b51696b375297d17413a47edfeb45fc60042b218ef30943b3c15359b,816213032e8afe9a0470e02cf5e8562fdfe58db45424c7851e62675227c15773,C1CC2CC1CC2CNC[*:1],CC(C(N)=O)[*:1]>>NC(=O)C[*:1],CC(C(N)=O)[*:1],NC(=O)C[*:1],36415,13852,1,1,1.0,10,5,4,15,14,5,5-9,CCO[*:1]>>CN(C)[*:1],088a662460a7af082439ab2ec52ca4ad22924b0ababaf6e3a033f6c5dce96fd0,b13371a0c171f6daa943e7233527cbbd4d54e1c9dee15eb2a733807126490313,CC(CNCC1CC2CCC1C2)C(N)=O,NC(=O)CCNCC1CC2CCC1C2
2b221e9d352f76ce394b53573bac2ac63ecb18bb318f515030066fdf20a730d6,7386fa77c14fe6fd140395d4d0b225d8ef3041345be69154318e7fc60469ecd5,CC1NC(=O)CN(C(C)[*:1])C1=O,C#C[*:1]>>CCC(C)[*:1],C#C[*:1],CCC(C)[*:1],14325,8053,1,1,1.0,11,2,4,13,15,5,5-9,Cc1ncc([*:1])[nH]1>>c1cc(C[*:1])no1,0be3f57d734b7fa2a45dceabdc0bf4310578fd780e5cbaeab0ba7aaca05402e3,70c489424aa9bb9e4a59fe4200bb6a6ef21546a22d15eaa8f2f3bdb428563137,C#CC(C)N1CC(=O)NC(C)C1=O,CCC(C)C(C)N1CC(=O)NC(C)C1=O
5db9f11f5727af8c6f170ceb5589f3b0a2eec2a0e198c57694ac735305e3a337,d45a6c5b9332150b8b2e8019feb72bc361859048905c31a4c90ce14dec633254,CC(C[*:1])NC(=O)C[NH2+]CC1CCCO1,Brc1cccc([*:1])c1>>Clc1ccccc1[*:1],Brc1cccc([*:1])c1,Clc1ccccc1[*:1],29153,17403,1,1,1.0,14,7,7,21,21,5,5-9,C#C[*:1]>>Cc1ccc([*:1])cc1,077b982a641c0e5b64fdd2f3ae3eb86326f930985d976a308df48fb423cd8b2d,86bb3fc6c7fd7c5c5e9d9b65435179c9f620fa6702c6d25795177e57ddaaede0,CC(Cc1cccc(Br)c1)NC(=O)C[NH2+]CC1CCCO1,CC(Cc1ccccc1Cl)NC(=O)C[NH2+]CC1CCCO1
de6734978a8d08a6acfda7b2867978c63155761258c31b2a724f518243653c40,f05e86945ea1551cbe15f77e62a8052045fe1dbfe718e742dab71e400b54542b,COCC(C)n1c(C)cc(C(=O)Cn2cc([*:1])nn2)c1C,CC(O)[*:1]>>CCC(C)(O)[*:1],CC(O)[*:1],CCC(C)(O)[*:1],22873,29574,1,1,1.0,20,3,5,23,25,5,5-9,CC(C)(C)C[*:1]>>Cn1ccc([*:1])n1,e27c926ef15fcf0de47653461d252a11d50972082f9ee5091917de94997ff517,dadbcb77eecae3aecb03e65e156fa52e3fd96363105884943f0f2d337c7e2674,COCC(C)n1c(C)cc(C(=O)Cn2cc(C(C)O)nn2)c1C,CCC(C)(O)c1cn(CC(=O)c2cc(C)n(C(C)COC)c2C)nn1
2ffb8747082a4bf417985abf35bf0b2fb8ce6148d04c230e45196d638549cb77,76e33005a24fb3c3e2b1b33bd860435389b59a134d1d1592e1068a8e8d62f565,CC(NCC[*:1])C1CC2CCC1C2,C#CC[*:1]>>CO[*:1],C#CC[*:1],CO[*:1],7930,7170,1,1,1.0,12,3,2,15,14,5,5-9,Cc1ncc([*:1])s1>>Cc1ncoc1[*:1],e90b4a05a516539c6571a7466a06d39e4fa14b5b4f71410a731e0d9615244c23,a07188ee0e1c245323c9ff26bcd8e5bd527eda52df50d30dea8a59ef5cd1e522,C#CCCCNC(C)C1CC2CCC1C2,COCCNC(C)C1CC2CCC1C2
ee906c85f47eef0e9fc2b024bda1b28f21ac8518e53559736e729e673dfceab4,1cfd1326c0864ed2eb2c38f0cd1831fa70d5f5715f705157697c049c887def13,Cc1ccc(CC(O)[*:1])nc1,Cc1ccsc1[*:1]>>c1csc([*:1])c1,Cc1ccsc1[*:1],c1csc([*:1])c1,49497,10590,1,1,1.0,10,6,5,16,15,5,5-9,Cn1cc([*:1])cn1>>Fc1ccccc1[*:1],ba59cc2f4ae210cae82fb967038a5e7fd69d2aeee1c5986cd328ef91a8cdd63b,844333b91ff26c0d0308762f6136817a00c693efe3dc65d1886a59140871c6b7,Cc1ccc(CC(O)c2sccc2C)nc1,Cc1ccc(CC(O)c2cccs2)nc1
6f68a84191b9d3d064bfc835cdef1a1bc8b1976ed930a160e299085786bc7ba5,70cbc810f74fe12429d21d5993407832ee33701891eb4f964fd0069dc2f44885,C1CC2([*:1])CCC1C2,CCC(C)[*:1]>>N#C[*:1],CCC(C)[*:1],N#C[*:1],41680,35114,1,1,1.0,7,4,2,11,9,5,5-9,COc1ccc([*:1])cc1>>FC1(F)CCC([*:1])C1,3459b1b37aaf13c0faaf2d78b1178529cf7cebb9a2dd543d3456263913793240,11afb36b6f7cae5113f3d06fcd557c8b0a4ebdac45ece205ff25f6d35309f190,CCC(C)C12CCC(CC1)C2,N#CC12CCC(CC1)C2
079e89515ce240f7e743723c39652249b211d6b7f232291c2943a1cb3720c48f,a69fa273005dc5229e6ac3a47fb28cd2cfd55ab06f0912d40e95f01913a3852c,c1ccc2oc(CC(C3CCCCC3)[*:1])nc2c1,Br[*:1]>>CCN[*:1],Br[*:1],CCN[*:1],38,29397,1,1,1.0,17,1,3,18,20,5,5-9,COc1cccc([*:1])c1>>Fc1ccc([*:1])c(F)c1,4e30664ae92f977b67aa85227cd24078fae8113ed455c409e00584ef5aac8d0a,866c4dd0cb62636cc87a8e632add51aae8350956d008dbdb341d3ddf3b253814,BrC(Cc1nc2ccccc2o1)C1CCCCC1,CCNC(Cc1nc2ccccc2o1)C1CCCCC1
0acc7808793ff1fde926afb3e3d52c8ab185bcd829046d221b84cf3f8d487dde,ea14da27848ed8da6134f551541b0840f783b200981ae3a425530969c7061614,CC(C)CC1C(=O)NC(C)(C)C(=O)N1C[*:1],CC(C)COC[*:1]>>CCC(C)[*:1],CC(C)COC[*:1],CCC(C)[*:1],21836,39163,1,1,1.0,15,6,4,21,19,5,5-9,CCCN[*:1]>>CN[*:1],01ef04cc137607874d15539152e0afeb17efca35a3df3ad41182d7fdc8cb84c7,79f320f1581757d5f4f34314aed9b4caac946c7c2d1739369f28d2516aa9ccaa,CC(C)COCCN1C(=O)C(C)(C)NC(=O)C1CC(C)C,CCC(C)CN1C(=O)C(C)(C)NC(=O)C1CC(C)C
2f65f3898c5f4d4f56fa48e6344da66ca3df18177eb53d217290e7e2a54c1371,6a92f7026d77cdad12d192654b9b29236022081dd1f4d4f4616d984ea92a4d7a,CC(O[*:1])C(=O)NCC1(O)CCCC1(C)C,Cc1ccc([*:1])cc1>>FC(F)(F)c1ccc([*:1])cc1,Cc1ccc([*:1])cc1,FC(F)(F)c1ccc([*:1])cc1,23476,14635,1,1,1.0,15,7,10,22,25,5,5-9,CCCN[*:1]>>CCN[*:1],d602668268f81b0b7706886223dd0758d30ed2af49c7d4109e2b0c56adb659b2,a25ac50686cb3daf5c827358f674d2b7b1354a901e417fdad43692c6bb3a250f,Cc1ccc(OC(C)C(=O)NCC2(O)CCCC2(C)C)cc1,CC(Oc1ccc(C(F)(F)F)cc1)C(=O)NCC1(O)CCCC1(C)C
1c0885617c6a8a3e426601751a9ec696c858e754c40c77d2575da5afff3df6ce,558bc257b4266e9fb204cc712cadbfc0d3aaff2aa6c808fd27e3af0c3e6017ea,OC1C2CCC(C2)C1[*:1],C#C[*:1]>>Cl[*:1],C#C[*:1],Cl[*:1],22346,8772,1,1,1.0,8,2,1,10,9,5,5-9,C1CC1CC[*:1]>>CC(C)(C)[*:1],db9fbb5d5d139e660c9a85ca738a847bd9166f974bd31e97ae996b9163eff89d,7590d3c813f5e42fb0db240b633d664da0f93bdf8a482a84a8c3ab2d2719bf2e,C#CC1C2CCC(C2)C1O,OC1C2CCC(C2)C1Cl
162bfde659e1075646887e738d8532aa91a25e4049f932936ddad2580da15b58,f90824fba850fb147e8c28987c6f1ae85e3638ecf5a16b1a8e50fe5e71e2a286,O=C(C[*:1])N1CC2CCCC(C1)N2Cc1ccsc1,C1COC([*:1])C1>>CC1CCC([*:1])O1,C1COC([*:1])C1,CC1CCC([*:1])O1,28595,14904,1,1,1.0,18,5,6,23,24,5,5-9,CCC(C)=C[*:1]>>CCC(C)C[*:1],23afd5558290d2f934adec6353e83721b96cb7669980115afc4b5412691dea9b,447953d208439af8d112bbe6ba5de9457880699dd59687918f3a692152084c6b,O=C(CC1CCCO1)N1CC2CCCC(C1)N2Cc1ccsc1,CC1CCC(CC(=O)N2CC3CCCC(C2)N3Cc2ccsc2)O1
e594b3d16a71afd5b71607119dbb5bcfae6b65bfa32e1acf5bb566df6457d56b,5378d5f0964bf20d8239dbab59f3bb76f8697bf5c60b6be6f75e2a400b7c9c36,COc1ccc(CC(=O)Nc2nnc([*:1])o2)cc1C,COc1ccc([*:1])cc1OC>>Cc1ccc([*:1])cc1,COc1ccc([*:1])cc1OC,Cc1ccc([*:1])cc1,36194,641,1,1,1.0,18,10,7,28,25,5,5-9,Cc1ccc([*:1])cc1>>c1ccc(OC[*:1])cc1,3ce3e32ba1067e7388a1287954f2b1432efe6d1b5645e62de6081ca1f79d4699,ceddb19ec593a6fd6b9b075c17980e2163a029aeb747d7c814c0dabbefd22079,COc1ccc(CC(=O)Nc2nnc(-c3ccc(OC)c(OC)c3)o2)cc1C,COc1ccc(CC(=O)Nc2nnc(-c3ccc(C)cc3)o2)cc1C
7ea6547bfbbf2c3c529f9d8854479fd287042c721849301a3f4d68b993c73f97,a215f519e964212fae36b21caa24df8a2b0a5b45c217bd017bf0b02e16bdad52,O=C(c1ccn(-c2ccc(F)cc2F)n1)N1CCCCC1[*:1],CCC(O)[*:1]>>OCC[*:1],CCC(O)[*:1],OCC[*:1],48355,42354,1,1,1.0,21,4,3,25,24,5,5-9,CC(=O)[*:1]>>CC[*:1],354d15de90ccc809bb445992c66708611a0249deec444842a8b5059b03ec2389,fe10cb9df404123c99d91cd6ff7df30622cbf198562ba34b59ef707e27a23c5b,CCC(O)C1CCCCN1C(=O)c1ccn(-c2ccc(F)cc2F)n1,O=C(c1ccn(-c2ccc(F)cc2F)n1)N1CCCCC1CCO
d5b2913b1ad80073965769561c5670bd62a70704a5c172c019d1eb4b59579bfd,82969d9e0bf2124568eb24c8b756c2eb48e3144f0aa6819dd8ca0b003e7aeb64,CCN(C[*:1])C(=O)NC1CC[NH+](C2CCOC2)CC1,C=C(C)[*:1]>>CCC(C)[*:1],C=C(C)[*:1],CCC(C)[*:1],3508,8082,1,1,1.0,18,3,4,21,22,5,5-9,COC[*:1]>>Cc1ccccc1[*:1],84e588a92268d66bc26f47a21aeafc4a26f1073b039db133ddc761a6c84cf8ad,2c445b194388da447e5a205694aae48250078b034defee5aa12362747fe49fe8,C=C(C)CN(CC)C(=O)NC1CC[NH+](C2CCOC2)CC1,CCC(C)CN(CC)C(=O)NC1CC[NH+](C2CCOC2)CC1
7b9a6ee5aff31553ca4dd693aeb45911678bd0efed239cc64266dbdf2112a237,c3d234b1f246380dd91cd1c32e327b61e1e7ea166b796bcde68847acd1d15d26,CC(C)(Oc1ccc(F)cc1)C(=O)NCC1([*:1])CCCC1,CC(C)(C)OC(=O)N[*:1]>>CCO[*:1],CC(C)(C)OC(=O)N[*:1],CCO[*:1],26553,1621,1,1,1.0,20,8,3,28,23,5,5-9,c1ccc([*:1])nc1>>c1ncn(C[*:1])n1,d9d61e33f7efd9f0d6d5f7c4ec98473a605103a41e2863a0e5b6ba05efbddd27,a74e0f2c12bd5e576f07e8a45c4f5419baa7d521cfe6203106c09ae9e6c52a7f,CC(C)(C)OC(=O)NC1(CNC(=O)C(C)(C)Oc2ccc(F)cc2)CCCC1,CCOC1(CNC(=O)C(C)(C)Oc2ccc(F)cc2)CCCC1
5b8bcb067405a6899bb2d6868db30afb5e0bd113f38b3df0df1588d1a6f7312c,c8c28243ebc995863ef274bfc3f7955874f822078cad60772334b51292f7832d,COC(CN(C)CC1CC2CCC1C2)[*:1],CO[*:1]>>NC[*:1],CO[*:1],NC[*:1],14339,29252,1,1,1.0,14,2,2,16,16,5,5-9,CCOC(=O)[*:1]>>c1ccc([*:1])cc1,b6d911c438bb4783f6b90c63c9279f3ad7e532efb5cf619327875b31d673247a,2114b71c61d09e593ab6727572044e2f7399e9f0d20454c171525c3eb9933094,COC(CN(C)CC1CC2CCC1C2)OC,COC(CN)CN(C)CC1CC2CCC1C2
ca428bb43e7190e6cb6cc4e5946f71bdbc6889e2a3e2b9c97943eea8bbb807bb,70df734cdd644009631b8a574c751705b353f81faa2a0dbe55c3281a2aa0db6f,CON1CCC(c2noc(CC[*:1])n2)CC1,CC(C)(C)OC(=O)[*:1]>>CC(C)[*:1],CC(C)(C)OC(=O)[*:1],CC(C)[*:1],1630,7365,1,1,1.0,15,7,3,22,18,5,5-9,C1CC(C[*:1])CO1>>C1CCC(C[*:1])C1,0a34ee1ad89790c15c9d7c17465d431350f57fe4f4bc3a23d9a1317c5e74dcd4,4d3fc0cd554d19fadbf01e59e8d72e9d4d1c7b7ad73b044f9b1246ca72c1eb74,CON1CCC(c2noc(CCC(=O)OC(C)(C)C)n2)CC1,CON1CCC(c2noc(CCC(C)C)n2)CC1
02d33665527d72d7650decc38d2ec1967bc801acc61b90c7c1339eeea62ccda6,f4b1f8c2bca0933ef5a9682c6d3f72b4dc044c87067f42db9e55de4ab6a23aa0,Cn1cc(NC(=O)N2CCCC(c3nccn3C)C2)c([*:1])n1,Br[*:1]>>FC(F)[*:1],Br[*:1],FC(F)[*:1],4421,45588,1,1,1.0,21,1,3,22,24,5,5-9,Clc1ccccc1[*:1]>>c1coc([*:1])c1,4521cc2f9ce84c6faae8180cac3364563ada7614579dfb9cbf81f1f78461ca42,21ea9daae4f3f1959f18c97d08d61937815ca0be3878816cae6f24065273466a,Cn1cc(NC(=O)N2CCCC(c3nccn3C)C2)c(Br)n1,Cn1cc(NC(=O)N2CCCC(c3nccn3C)C2)c(C(F)F)n1
3411db9d8e279001685c2d43fcb26b7fe0eff2472b08bcbda7bce6a493e6ae13,be38b28a82471fa20f75fddf281283ddd849480a4b18c51ef77bd099caa3ecbb,COc1ccc2c(c1OC)CC[NH+](C[*:1])C2,C1COCC([*:1])C1>>c1coc([*:1])c1,C1COCC([*:1])C1,c1coc([*:1])c1,44217,22834,1,1,1.0,15,6,5,21,20,5,5-9,CC(F)(F)[*:1]>>C[*:1],226eff681e8a7982e2116257ef35018271ef0d3c284c851863fd24a73cc29903,c1f775e091eb3c7c306dc0abbaaa6e12ed40b88748dbdda438da4a3402ecac51,COc1ccc2c(c1OC)CC[NH+](CC1CCCOC1)C2,COc1ccc2c(c1OC)CC[NH+](Cc1ccco1)C2
87667da4432ce80eb6382b9b320cb2f4dacf3012321152f03f3639a6cbc0c657,dbd5adf5341df7c9d38488b7d11b440d9235833d74c6c8c3abb3f4c994571872,CCC1C(NC(=O)Cc2cnn(C)c2)CC[NH+]1C[*:1],CC(C)CC[*:1]>>CCC[*:1],CC(C)CC[*:1],CCC[*:1],9990,23965,1,1,1.0,18,5,3,23,21,5,5-9,C1CC1[*:1]>>COC(C)[*:1],da950633c1e9381338854ff7eb298ac57fa8a63adecb9a41be60ff1967760c75,458c628697a2f812f150a001ec48ca95d1f6358784fb7b560d6a0c3a7ded07f7,CCC1C(NC(=O)Cc2cnn(C)c2)CC[NH+]1CCCC(C)C,CCCC[NH+]1CCC(NC(=O)Cc2cnn(C)c2)C1CC
2a2a5e0dec6c8190be98789b59944e972483200ca0edf1f94b233da26a5bd47d,48988044f7ec33735edc709762fea625297f15ef87ca3db4fc413006793c247f,O=C(c1ccc2nccn2c1)N1CCC2C[NH+](C[*:1])CC21,C=CCC[*:1]>>CCC(CC)[*:1],C=CCC[*:1],CCC(CC)[*:1],3659,48078,1,1,1.0,20,4,5,24,25,5,5-9,CN(C)C(=O)[*:1]>>Cc1cccc([*:1])c1,d0e6f4183f227cecc0bb106ff8a6f0baa1ee02db05fcec5aa13991968c677319,64baa766ddb51c17654a8c52dcdce702c1f8691de01127d30d93cdb4b96436c6,C=CCCC[NH+]1CC2CCN(C(=O)c3ccc4nccn4c3)C2C1,CCC(CC)C[NH+]1CC2CCN(C(=O)c3ccc4nccn4c3)C2C1
d42489a7107ea278d87eec53cb9e66773b7fd6298b155459bf11e08fcb951ab2,5617495805f73b73c5dda03d2d19d0a68932285efc9413c61bc98cc826d344d9,COC(=O)c1ccc(Nc2cccc([*:1])c2)cn1,CN(C)C(=O)[*:1]>>NS(=O)(=O)[*:1],CN(C)C(=O)[*:1],NS(=O)(=O)[*:1],43849,33175,1,1,1.0,17,5,4,22,21,5,5-9,CC(C)C[*:1]>>c1c[nH]c([*:1])c1,3c5bae463b9c2ffb4a5f088e97782cd3011c7e945b7cb6c9dfbeb47981ab6686,f647b7709dd287852a2e4949ffac573c3eddfb8608f398ca02cbd12b39d8d259,COC(=O)c1ccc(Nc2cccc(C(=O)N(C)C)c2)cn1,COC(=O)c1ccc(Nc2cccc(S(N)(=O)=O)c2)cn1
c0e68c09f701d31c4f0c50e5e4c15d5ab5a423392926e176517ae4f787422fc9,65769799c05b3437208c48b1c59043d7be4850b8c74d628328ebd06aa8f5c9ab,Cc1cc(C(F)(F)F)ncc1Nc1ccc([*:1])cc1F,CN(C)C(=O)[*:1]>>CO[*:1],CN(C)C(=O)[*:1],CO[*:1],8727,28041,1,1,1.0,19,5,2,24,21,5,5-9,COC[*:1]>>c1cc([*:1])n[nH]1,b7ab89218f712e586303b90ed9938db93598da05ba9b0965653042f081b399ca,3a682f14f078f6ceb1c05a94314333138c650892de70f6c670fb07822a0b3a49,Cc1cc(C(F)(F)F)ncc1Nc1ccc(C(=O)N(C)C)cc1F,COc1ccc(Nc2cnc(C(F)(F)F)cc2C)c(F)c1
a0ffb6f0a2a7c4353f61537531981143fda8cfadd70cfe4fb5443a825bc85e51,c136d0af94153402a77ee60da4126a0737d7fd8a6abe96dd7a5b11fe0ab9cb14,CCC(C)C1C(=O)NC(C)(C)C(=O)N1[*:1],CC(C)CC[*:1]>>FC(F)(F)CC[*:1],CC(C)CC[*:1],FC(F)(F)CC[*:1],44066,17521,1,1,1.0,14,5,6,19,20,5,5-9,C1CC([*:1])C1>>C1CCC(C[*:1])C1,f8643771d368bb22a3bb2a4cafe81a6413e39c63070f03354bea65dee4766095,9f3c4b1f5d34a70bd6bc12eaa1c718730388b74100081afadf15de78b944f9b4,CCC(C)C1C(=O)NC(C)(C)C(=O)N1CCC(C)C,CCC(C)C1C(=O)NC(C)(C)C(=O)N1CCC(F)(F)F
b02fd7a5c8c15aa6a3be25700cd8090215ba39172e01c202c87f6b958bfe7f1e,6eee05fb339dd8df635f7aa185dff269185e3fd916048af4e73d151cf05221f9,CC(CCc1ccco1)NC(=O)C(=O)NC[*:1],Clc1cccc(C[*:1])c1>>Fc1cccc(C[*:1])c1,Clc1cccc(C[*:1])c1,Fc1cccc(C[*:1])c1,14227,3565,1,1,1.0,16,8,8,24,24,5,5-9,C1CC([*:1])C1>>COCCC[*:1],985324cf4e481e5b1874f1101a8e30a565a2d62b1934f43c14494bb54ba75d5d,292a0a41b221320cc436768773923db3bd63d5afcbfe3533be4f0cd200360051,CC(CCc1ccco1)NC(=O)C(=O)NCCc1cccc(Cl)c1,CC(CCc1ccco1)NC(=O)C(=O)NCCc1cccc(F)c1
16190332caae6ca72d0a479f488fb4d5fcc265a0e105640dba16fdf078cc194e,92d801c3dad84f6aa1c60e0c1beecd940840d7996f71849a848ec1d70ce696e5,NC(C(=O)NCCCC1CCC[NH2+]1)[*:1],Clc1cccc([*:1])c1>>Fc1cccc(F)c1[*:1],Clc1cccc([*:1])c1,Fc1cccc(F)c1[*:1],16575,46681,1,1,1.0,13,7,8,20,21,5,5-9,C[*:1]>>c1cncc(C[*:1])c1,8ef1245d69934595befe2c51be382c7d65fb4ea742dbf7ef08ddd40e80628dda,8f8fafa7e2582998b4c76ce26a7c909619bffbfedcbe2c376e64b213cd89fe8f,NC(C(=O)NCCCC1CCC[NH2+]1)c1cccc(Cl)c1,NC(C(=O)NCCCC1CCC[NH2+]1)c1c(F)cccc1F
2c71e9f968efc3e05fdeaacce9d03c435c508ecebbb7746e074e7bb35ef79e01,77f06f36dddab96d8fd63beed50c45e0152eef6d6fd7d33f2db49e406dd7f3ff,CC(O)C1CCN(c2cc(NCC[*:1])ncn2)C1,Cc1cccc([*:1])c1>>Fc1cc(F)cc([*:1])c1,Cc1cccc([*:1])c1,Fc1cc(F)cc([*:1])c1,2824,19755,1,1,1.0,17,7,8,24,25,5,5-9,C1CC1CC[*:1]>>CC(C)(C)C[*:1],ceba937c26a59b260a5cf52bb31a65623fb2397adb43d60392096ae762c4a9eb,37adce1006610de08cf16b983c4064287beda90bf6322d0ef6d8bca6c4388e29,Cc1cccc(CCNc2cc(N3CCC(C(C)O)C3)ncn2)c1,CC(O)C1CCN(c2cc(NCCc3cc(F)cc(F)c3)ncn2)C1
7f45fce1392eddef7502a36d4fa029f3a0a1477ec5e379af034210ca66f81f5f,a9eb1fda2b99527189f7978aa8020b1c36fac7d545a57200a012fd23419a3258,Cc1ccc(I)cc1N(CC(=O)NCC[*:1])CC(=O)N(C)N1Cc2ccccc2C1,CC(C)(C)N[*:1]>>N[*:1],CC(C)(C)N[*:1],N[*:1],19221,24390,1,1,1.0,29,5,1,34,30,5,5-9,C=C(C)C[*:1]>>CN(C)C(=O)C[*:1],4d45040484599db60ab94ae6c5591f416cd12185a4bc1395c1b9e5490c8bbf31,1d2d87aed11e1e7cb4c70e47b151f830dc29de4a0becb855c00f2dce798fa16d,Cc1ccc(I)cc1N(CC(=O)NCCNC(C)(C)C)CC(=O)N(C)N1Cc2ccccc2C1,Cc1ccc(I)cc1N(CC(=O)NCCN)CC(=O)N(C)N1Cc2ccccc2C1
59373f32a5cbf231e8d9ddba4e678884cf853e5564669604f2bd8b6b4d4c999e,19454356272937811466b47ea96b0d83efc5bb35eec237a7927f1795456bfdb9,Cc1cc(-c2cc(C(=O)O[*:1])c3c(C)noc3n2)c(C)s1,CC(C)[*:1]>>CCC(C)NC(=O)C[*:1],CC(C)[*:1],CCC(C)NC(=O)C[*:1],27707,38162,1,1,1.0,20,3,8,23,28,5,5-9,F[*:1]>>NC[*:1],12aeb9bbc3aab7b7ab09f35dbea8936603d43c3943cbb6bb702cc142086cc1ae,e631471eb7b0ff50520118c6980f8d1259c4fb3ec2beaade61f408cc1b65d02c,Cc1cc(-c2cc(C(=O)OC(C)C)c3c(C)noc3n2)c(C)s1,CCC(C)NC(=O)COC(=O)c1cc(-c2cc(C)sc2C)nc2onc(C)c12
36617827dcc2b82e0d13136417cf01b512821685dc64485e35c57edb03a71084,de4dd1426db0c3c39f9d2aa8fec61a0a75767c5bbc15055309c520bc41eea229,CC[NH+](CC[*:1])C(C)CNC(=O)C12CCC(CC1)C2(C)C,C[*:1]>>OCCO[*:1],C[*:1],OCCO[*:1],21605,44321,1,1,1.0,20,1,4,21,24,5,5-9,CC(C)C[*:1]>>Cc1n[nH]cc1[*:1],630e3700bf169436faa6a80dde11e6567838f2e40361be8bab12fb91c7a9cd52,f8f87ded31e23c47cf2a0acca58ba176e691425b8d3b6898f33a5718032d0a3a,CCC[NH+](CC)C(C)CNC(=O)C12CCC(CC1)C2(C)C,CC[NH+](CCOCCO)C(C)CNC(=O)C12CCC(CC1)C2(C)C
9ed0ab9308ad73c88c2c5ddbc6c2a64d4a31f6827b2e1354dd5e885867dc3d65,920dd7572ceb00bfcead6ab28627821d9bd68fcb063d0809853cc0d7046e3532,O=C(c1ccc2[nH]ccc2c1)N1CCC2CN(C(=O)[*:1])C2C1,CCC(C)OC[*:1]>>CCC(F)[*:1],CCC(C)OC[*:1],CCC(F)[*:1],19584,1201,1,1,1.0,21,6,4,27,25,5,5-9,C=C[*:1]>>COC(=O)[*:1],6c41ebdcfe194dea620cda5bf09c0c426953a8ebf75a3f3cd5332bcd04daff2d,26fe750a7e2b6cba7b0c767e6365c6c9bad4f69e74e80152c15c3b53b3210344,CCC(C)OCC(=O)N1CC2CCN(C(=O)c3ccc4[nH]ccc4c3)CC21,CCC(F)C(=O)N1CC2CCN(C(=O)c3ccc4[nH]ccc4c3)CC21
d56cc872312aa92a77febdae4915c9b27885dbe13e75d6e2f4ce6bb98ac5aa4f,344d4fb6500f1406be1c2f869fb837cea33d563cb36d3bea628adfb4d12a72f9,O=C(NC1CCC(O)CC1)c1cncc([*:1])n1,CCN[*:1]>>NN[*:1],CCN[*:1],NN[*:1],48429,41104,1,1,1.0,16,3,2,19,18,5,5-9,CN(C)C(=O)[*:1]>>OC[*:1],fd42c7f6b6f8a86b7247e6f46da86b77ace94377f5ae084aeb549acbeb128d73,0bdd4d6bd79b5eea9caaf61b5aaa8a3aeb3efdef43cc23969c97cc17c819db0d,CCNc1cncc(C(=O)NC2CCC(O)CC2)n1,NNc1cncc(C(=O)NC2CCC(O)CC2)n1
42d2909b1eeee60ccdad91eed6859024e4aa315cebc81df82fbeac16646a470d,ae04a4981b1d7c0deeb3318299b36723df2ba367b4101075f152563fb92a8ac6,CC(C(=O)NCC1CN(Cc2cnnn2C)C1)[*:1],CS(=O)(=O)[*:1]>>CS[*:1],CS(=O)(=O)[*:1],CS[*:1],8814,28161,1,1,1.0,17,4,2,21,19,5,5-9,Clc1ccc([*:1])cc1>>FC(F)(F)[*:1],78a9165e714babc2d8138d4f3d2f3f6dfa6f4fb165a0af22941cc1710b84ed96,fe1c87e73075bfd6155ba85f82dc0d5449645efebea35c750775c2c0392ea45b,CC(C(=O)NCC1CN(Cc2cnnn2C)C1)S(C)(=O)=O,CSC(C)C(=O)NCC1CN(Cc2cnnn2C)C1
421741e6d8d7e73741c517c862491b95afe3fb8617f52f2a33b3b6bc0ffbf194,5cc1ac28c70669a042d0838e53b1c5dc37b5874c85795474bbf1d6774d1199dc,O=C(CC1CCCCC1)N(C1CCC1)[*:1],C[*:1]>>OCCC[*:1],C[*:1],OCCC[*:1],38580,24272,1,1,1.0,14,1,4,15,18,5,5-9,CC(C)(O)C[*:1]>>C[*:1],b3e388bfe52a7993c169837c99c702e1816922a61629e4be81166b619346965a,670c8c57f56e41288fc4e0b616f3e9b03bf079d0d53759fc0a60b065ed748aa4,CN(C(=O)CC1CCCCC1)C1CCC1,O=C(CC1CCCCC1)N(CCCO)C1CCC1
805497c3665642e459d5704584eb20d2531a173baee3d15f1850fff9d8f27903,4d06bd496d33aea8c75a9bd07b84ad3532b3d98f1deaffebb5560923e2e5dd20,O=S(=O)(N1CCCC(N2CCOCC2)CC1)[*:1],CC(C)(C)C[*:1]>>CCC(C)C[*:1],CC(C)(C)C[*:1],CCC(C)C[*:1],16102,28701,1,1,1.0,16,5,5,21,21,5,5-9,COC(=O)[*:1]>>Fc1cccc([*:1])c1,173ceb2e5233f0b9372be204d8f471bd4635bd956f75fdf8ad64d407a757f153,1294cdb7adaad20c3aaacae4d9ae2138432142b0cce9efc68baaec93797badd2,CC(C)(C)CS(=O)(=O)N1CCCC(N2CCOCC2)CC1,CCC(C)CS(=O)(=O)N1CCCC(N2CCOCC2)CC1
be3735bfcbd27e973046510e0174702d035a6acbb061f6f9534d73fd7381af27,e49f30382b9aa36af7df46c7453419be53f59f99fd155a7ee49d7cf7afe15ebf,CN(c1ccccc1)C1CCN(C(=O)c2ccc([*:1])cn2)CC1,CCOC(=O)[*:1]>>F[*:1],CCOC(=O)[*:1],F[*:1],48612,48449,1,1,1.0,22,5,1,27,23,5,5-9,Cc1ncccc1[*:1]>>c1csc(C[*:1])c1,fd73fc189e929cc61838ff702d8ae8c60e173525f196dd80fcec3c8b6ede99da,d45fc7099ddeb89633425512c8a41337e15839137bd4dfc1c0833603684295a6,CCOC(=O)c1ccc(C(=O)N2CCC(N(C)c3ccccc3)CC2)nc1,CN(c1ccccc1)C1CCN(C(=O)c2ccc(F)cn2)CC1
298aef97abffd5e96b11aa0f65d5c19823dc12effb2efc5f4b6b335c271b80c7,acf4793f8b332d5c1759f26196ae7bcb1784f7d4a731bb99e4c4cd2945d55ea8,O=C1CC(C(=O)N2CCCC([*:1])C2)CN1Cc1ccco1,[NH3+]C[*:1]>>[NH3+][*:1],[NH3+]C[*:1],[NH3+][*:1],42411,34242,1,1,1.0,20,2,1,22,21,5,5-9,C#CC[*:1]>>C1CC1[*:1],420765edd54d228e60ea6a6318425f016d3f7a4422e1011c99a91d040714a3b1,b05012848aa93cad30c2e7b7389528d22078d204fed9814af0131d6fc1c31cd7,[NH3+]CC1CCCN(C(=O)C2CC(=O)N(Cc3ccco3)C2)C1,[NH3+]C1CCCN(C(=O)C2CC(=O)N(Cc3ccco3)C2)C1
ba621c08d29d4930a91a179ff9b7b44faa1e108f61e09b356b9c070d735a0c45,facd5c6be16cc67941949d48a806cccffd2cfb4846b3ec421553e480e371119c,OC(CNC1CC2CCC1C2)[*:1],CN(C)C[*:1]>>OC[*:1],CN(C)C[*:1],OC[*:1],27494,30067,1,1,1.0,11,4,2,15,13,5,5-9,CCC(C)[*:1]>>c1ncc(C[*:1])[nH]1,003fc97d8c167748b286be368870e670dda84784bce5db0cd518164e93fd0b7c,30cdbd898af5e4c147b739351583b3fe2addc0f529ce278dd30fb37e3d185a6b,CN(C)CC(O)CNC1CC2CCC1C2,OCC(O)CNC1CC2CCC1C2
2a36a2564f509bd8f803e6d078b3aa30c1643bbcafe2469ed740542353979811,3f483395176b84d421ccf7896f60ec491e2c3531260441bb1cf31a59ab6eab4d,OC1C2CCC(C2)C1[*:1],Cl[*:1]>>NC[*:1],Cl[*:1],NC[*:1],8772,25243,1,1,1.0,8,1,2,9,10,5,5-9,OCC[*:1]>>[NH3+][*:1],7590d3c813f5e42fb0db240b633d664da0f93bdf8a482a84a8c3ab2d2719bf2e,e44f7450c20b94a77064981ec90be8125dae08e7f8b2c715b6785561480381a2,OC1C2CCC(C2)C1Cl,NCC1C2CCC(C2)C1O
ef81a83bf7d60960b93c3c33d889ddb43b18619d30ea937bcc3944b944a07fe7,6f6fc2548cb8cc370d2b3001ed3b613b452371f072bb7bd639a7a729ee89cd0b,O=C(Nc1ccc(Cl)cc1)c1nnn([*:1])c1-n1cccc1,COc1ccc(C[*:1])cc1>>Clc1ccc(C[*:1])cc1,COc1ccc(C[*:1])cc1,Clc1ccc(C[*:1])cc1,11320,36953,1,1,1.0,20,9,8,29,28,5,5-9,CCC(CC)[*:1]>>CCC[*:1],20a82545f526734168bc988299450cb62a911392f289f1f29312415bae74510b,31c4f3591d61780a3cd0702d82fa7b40ebddb9424308eb72a5d2e41243d99396,COc1ccc(Cn2nnc(C(=O)Nc3ccc(Cl)cc3)c2-n2cccc2)cc1,O=C(Nc1ccc(Cl)cc1)c1nnn(Cc2ccc(Cl)cc2)c1-n1cccc1
a477c11833f4cb7ef4e5c3852853af6839ee966ef0c38ec9670e316ef45f18f7,32ef9b42b33d2caa9fecadaf44c7c7923f22e1eaad1bc9e0980a01aa8bd5f3ef,Cn1ncc(C[NH+]2CCCC2C2CCCCN2C(=O)[*:1])n1,CC(C)(C)[*:1]>>CCC(CC)[*:1],CC(C)(C)[*:1],CCC(CC)[*:1],4369,10702,1,1,1.0,20,4,5,24,25,5,5-9,Cn1ccnc1[*:1]>>c1cc([*:1])no1,c5e5a85f9c9848cfb3761a2652644059508c6443667118e9c7b0c63a8fee8a12,c6dd06e5c6cb8d7a98aad0c417a3db5d74307f6ff65d8539becd949c17643012,Cn1ncc(C[NH+]2CCCC2C2CCCCN2C(=O)C(C)(C)C)n1,CCC(CC)C(=O)N1CCCCC1C1CCC[NH+]1Cc1cnn(C)n1
9897093e7f81cea59f44373d35b16171a77464a80b92993a50a9bc27c0940b74,cf221680b0ba4917a4d1c902a08220b58800ef9c07f3f2ab43a1aa7b0aaa3d4b,O=C([O-])c1ccccc1Nc1cnccc1[*:1],Br[*:1]>>CCOC(=O)[*:1],Br[*:1],CCOC(=O)[*:1],24835,22123,1,1,1.0,16,1,5,17,21,5,5-9,C1CC(C[*:1])C1>>CC(C)(C)C[*:1],78d678c2e32a54ed198d1df821f1be92d3b90dc1ed6836db742f8d284da43e22,5ffac6952ab3fc46e11150ecd89c3e025ed956ac08269f7aecc0fda52e5d2c2d,O=C([O-])c1ccccc1Nc1cnccc1Br,CCOC(=O)c1ccncc1Nc1ccccc1C(=O)[O-]
71e30264332c09ac8145fbafcb034a44a2449b12190f8aea961e79c443d69a0b,8f3933b14adaab037b379ae5b98094893a827a60b31c7d08f688d624ede5726f,CCCC1NC(=O)C(CC)N(C[*:1])C1=O,CCCCC[*:1]>>C[*:1],CCCCC[*:1],C[*:1],17287,787,1,1,1.0,14,5,1,19,15,5,5-9,CC1(C)CC([*:1])C1>>Cn1cncc1[*:1],8570452f8006b1a5376f39edbb96d815d3786c67ce6bcd9a059823d9f5aa716a,13f1b99d531fae9a8b925c43429b3f580b6df43c02d921ee88c49efe1d7a3271,CCCCCCN1C(=O)C(CCC)NC(=O)C1CC,CCCC1NC(=O)C(CC)N(CC)C1=O
cadf37b684456629925ae4146a7ab2b50e3d55066f9baa42a00f0760c8a17716,2dd3eda2beec5eab2ad7a672d91e17ae0cf0bed4001c40491dce9c76c675650b,C[NH+](CC1CNc2ccnn2C1)[*:1],C=CCC[*:1]>>OCC[*:1],C=CCC[*:1],OCC[*:1],42097,44739,1,1,1.0,12,4,3,16,15,5,5-9,CC(C)[*:1]>>CCOC[*:1],5f24bc48bf07bcb9a741b50771da807ff701d3e8352a0b631e371f1493260771,01c3b24a6083d93fe35723a59b1457c91741e30f82aad6b310097a353aca175b,C=CCC[NH+](C)CC1CNc2ccnn2C1,C[NH+](CCO)CC1CNc2ccnn2C1
6db3b56260bc918360a6d3dceeb5db86fbe19194deef83cfcba153965718093a,158c2f9ef4d2147584ea60e1f06649fc21e292e42c9fb413fb1ce63a9138e513,Cc1nn(C)c(C)c1C(C)C(=O)NC1CC[NH+]([*:1])C1,C=C(C)C[*:1]>>C=CCCC[*:1],C=C(C)C[*:1],C=CCCC[*:1],4577,32527,1,1,1.0,18,4,5,22,23,5,5-9,C1CC1[*:1]>>c1ccc(O[*:1])cc1,9b9c83d8ac878a5e6ad8d9faeda114e34fb93e4fd5f1cd80f1ad120c3f2b8298,6f87cfdfc113fe97b6a91ee6d817251fbb533052fa3bccef8ad54ab85e36d874,C=C(C)C[NH+]1CCC(NC(=O)C(C)c2c(C)nn(C)c2C)C1,C=CCCC[NH+]1CCC(NC(=O)C(C)c2c(C)nn(C)c2C)C1
8d6909a62d79fff6bb1fdeb5f82334a210a0e5371e461fe509b624f592ba5abe,0f1a911af22293e5494b80d3bdf7ec1fee83683a3269bf0eaf8630b4153020f5,CC1C2CCC(C2)C1[*:1],CO[*:1]>>I[*:1],CO[*:1],I[*:1],48255,46462,1,1,1.0,8,2,1,10,9,5,5-9,Cc1ccnc([*:1])n1>>c1cnc([*:1])nc1,47957a7c930f5c910b9e3a4cb9c54bc46c65626149f80832d2fe0267c95d9ea2,2813654571eaa5640ac3b1f52cff26b7cf54885534e4407519e7c73f929bfab0,COC1C2CCC(C2)C1C,CC1C2CCC(C2)C1I
58a431ec51b89b1ed6eac775506e0e50a9e2cc7afc1c6ab2eab4cf9e53ee83c3,2ce549fd213c1e5f20ed051b0abeaeb2a1c38c747801b385c69ebc86cf45ced3,COC1C[NH+](CC[*:1])CC1NC(=O)Cc1cnn(C)c1,CC(O)C[*:1]>>COCC[*:1],CC(O)C[*:1],COCC[*:1],45731,33888,1,1,1.0,19,4,4,23,23,5,5-9,CCC(C)[*:1]>>CCC1CCCCC1[*:1],3bf662064c7e3a7dc869285b3815270cbb03ef07ed54733eb71a99cd11120725,68603a3d6fc848ad09aa57af881cb97d1c5a0f336267dcae053a9fa5d321ee27,COC1C[NH+](CCCC(C)O)CC1NC(=O)Cc1cnn(C)c1,COCCCC[NH+]1CC(NC(=O)Cc2cnn(C)c2)C(OC)C1
2a1652b777eb9dfa3c25bd434e9620790f0f09393d49774154604ea7dc0db061,2b0e16e2756a9c6ae087fc1a10de10bf1e00acb94bc52214c58c3a6c9f3d193e,CN1CCC([NH+]2CCCC3(CCN(C(=O)[*:1])C3)C2)C1=O,CC=C(C)[*:1]>>CCC[*:1],CC=C(C)[*:1],CCC[*:1],35001,36940,1,1,1.0,19,4,3,23,22,5,5-9,C1CC([*:1])C1>>c1ccc([*:1])nc1,432e6163e3abb608cf6f802b062f9be6128a069f36742aceda5da85a7382fc80,029deb1605490bcfbf161d5b2dee9fa6118b11113b55939bfcf79d6173a785dd,CC=C(C)C(=O)N1CCC2(CCC[NH+](C3CCN(C)C3=O)C2)C1,CCCC(=O)N1CCC2(CCC[NH+](C3CCN(C)C3=O)C2)C1
8070c87ffc5102c64314b728288fdbd35d0252b8bf96ff2b891c9c0426d75166,2f78c02d7bb5b251bcbc927c4fb189e2fd789e6f9e77762305e391c48004b0f6,O=C(CN1CCC(NC(=O)c2ccoc2)C(O)C1)N[*:1],C#CC[*:1]>>CCCC[*:1],C#CC[*:1],CCCC[*:1],48245,42748,1,1,1.0,19,3,4,22,23,5,5-9,Clc1ccc([*:1])cc1>>NC(=O)CC[*:1],d01b126ee1dd6d0ff6eea5adb8a14996015dc0d14d5c346bb764ec3513134014,fc6b7171765df4f9e3794d174dcc14399956a6faf3f8d88953a733b8364ad27f,C#CCNC(=O)CN1CCC(NC(=O)c2ccoc2)C(O)C1,CCCCNC(=O)CN1CCC(NC(=O)c2ccoc2)C(O)C1
9c840cb4c6f0a47aaa14ae924f638d859018614a6fdc5abde76265757150d534,b2e91dbbeb0b0d2680019f3562fce395acf83d549b9040f4c36eccd2eed20de2,c1cnn(-c2ncc(C[*:1])cn2)c1,CC(C)N[*:1]>>C[*:1],CC(C)N[*:1],C[*:1],22841,23523,1,1,1.0,12,4,1,16,13,5,5-9,C=C(Cl)C[*:1]>>c1cc(C[*:1])no1,77875199b575cbbe650555b8cd9d1a05adbd8be656365b92389e994d05c44445,fe6db371826019be1d97fe1eed435ec0975a96ba34aa183cb7f6f355d87fc1c9,CC(C)NCc1cnc(-n2cccn2)nc1,CCc1cnc(-n2cccn2)nc1
a358c73933f088e07e23172ed338ab62461203277ec82d9c3bbcb0989bab87a7,0f1335c45be44405b03b3446baaccdb3e400ba1b3cdbd836de5fb1299dba09ea,COc1nc(C(=O)NCC(CO)[NH2+][*:1])co1,Cc1ccccc1C[*:1]>>Fc1ccccc1C[*:1],Cc1ccccc1C[*:1],Fc1ccccc1C[*:1],46058,29897,1,1,1.0,15,8,8,23,23,5,5-9,CC#C[*:1]>>NC(=O)[*:1],00d087362d9228097ef068926de78c8622eeea202f5a1b47126f33f2432dc350,7353df7a4e374ba5b9ae76743304099787fd5de6e577226a82b940051cc720b2,COc1nc(C(=O)NCC(CO)[NH2+]Cc2ccccc2C)co1,COc1nc(C(=O)NCC(CO)[NH2+]Cc2ccccc2F)co1
5273260be03bed5390724049a02c5d5502b475177d0a6cd4bde3c353120493b5,b1ea7d600f7c7396fc659e5c643ddd2ba60b59e02fd3c532af9d5e4d9bb80fcb,CC(C)Oc1ncc(Cl)cc1Nc1ccccc1[*:1],CC(=O)N[*:1]>>NC(=O)[*:1],CC(=O)N[*:1],NC(=O)[*:1],5407,9275,1,1,1.0,18,4,3,22,21,5,5-9,Cc1ccc([*:1])cc1F>>c1ccc([*:1])cc1,e091a5f8c938e7a5f3868a70181e727ca7a29c8fa019b11976a73745e6eee59d,1f4c4505d5a898a3d001eb370b4b10878ac74c826f5c16aafa9d47a8c788d78a,CC(=O)Nc1ccccc1Nc1cc(Cl)cnc1OC(C)C,CC(C)Oc1ncc(Cl)cc1Nc1ccccc1C(N)=O
2113b82ff2db0c9922fdaaeba0c6511d1296885196a75e1a89288f11e0096abc,cc906e135cb60c18257ae377a23f38b827a443e81fb41e9f6a4d1adf6b658d30,O=C(NC1CC([*:1])C1)N1CCOC(c2cccc(Cl)c2)C1,COC(=O)[*:1]>>[NH3+]C[*:1],COC(=O)[*:1],[NH3+]C[*:1],13866,45101,1,1,1.0,20,4,2,24,22,5,5-9,COc1ccccc1[*:1]>>Cc1ccccc1[*:1],5bdaa28d5fdaa0baafed30b7607eef49cb9e93cae788044f3eb80ba517db85d9,1aeb72dffb773b1c7abdd65470ae4e8ae20e4ba603b12f0d72d7cf09061f4130,COC(=O)C1CC(NC(=O)N2CCOC(c3cccc(Cl)c3)C2)C1,[NH3+]CC1CC(NC(=O)N2CCOC(c3cccc(Cl)c3)C2)C1
ad3bbb1938181aa44e3977b91c8189a9c8e4dfbf8d8cfa54e62de61bcad77b45,38a2507e1b640a1e13a18254b3eb06fca1313c307f8135bba1f2ce16fabdbec6,CCC(C)C1NC(=O)CN([*:1])C1=O,C#CCC[*:1]>>CC(C)CC[*:1],C#CCC[*:1],CC(C)CC[*:1],2236,14536,1,1,1.0,12,4,5,16,17,5,5-9,CC(F)C[*:1]>>CCC(OC)[*:1],084996e62afddb71897a0b988135c013af8108301460f5d543bc291626e6cb24,bf640565c3f6dfc1d0cef10117e52c151c3744dc9f356be8ff1a462fc074a7b4,C#CCCN1CC(=O)NC(C(C)CC)C1=O,CCC(C)C1NC(=O)CN(CCC(C)C)C1=O
fc7236097c907de9d8d2ab705a1430a0066488c6818f7bfe94de4aa222fbfdcc,0868bd2d3f3ab4bb825a594d584ccb9adef78c4b23b00e5fed498a620b34a161,O=C(NNC(=S)Nc1ccc(F)cc1)[*:1],Fc1ccc([*:1])c(F)c1>>O=[N+]([O-])c1ccc([*:1])cc1,Fc1ccc([*:1])c(F)c1,O=[N+]([O-])c1ccc([*:1])cc1,735,17609,1,1,1.0,14,8,9,22,23,5,5-9,CN(C)CC[*:1]>>Fc1cccc([*:1])c1,0a128b7d4dfc21f1aef5579809ecabe3293d16f9560f38bb5610de04e8b9a213,75dd21f0b98e766467c866e1847cd666134131d0b30f97c30f2465061ff8304e,O=C(NNC(=S)Nc1ccc(F)cc1)c1ccc(F)cc1F,O=C(NNC(=S)Nc1ccc(F)cc1)c1ccc([N+](=O)[O-])cc1
89eaf65d41dc30207d8a714ef1e69db3c2e72115647948016ece15b8e5d9d1db,15f61ff08b9e4619b581d962454cad4654cd6fd82a9664577e3ebf3c24d24296,CC(NC(=O)Cn1nccn1)c1ccc(CNC(=O)[*:1])cc1,CC=C(C)[*:1]>>COC[*:1],CC=C(C)[*:1],COC[*:1],22641,14072,1,1,1.0,21,4,3,25,24,5,5-9,CC(C)C[*:1]>>COC(C)[*:1],971fdd7fd794e037c1eda82f2e9bb9a78b5a860af6e6d73b03a71942d9b6f47e,e236b11ddb6a1f03bfba9887e5f318465ca2e9d6cdd140c3a9f4116e22fca5f0,CC=C(C)C(=O)NCc1ccc(C(C)NC(=O)Cn2nccn2)cc1,COCC(=O)NCc1ccc(C(C)NC(=O)Cn2nccn2)cc1
8e3bc69f7deec5e1e933c8c505c0842362867b01198f2f5d0af3c61d5d1d2412,fdbf6526e7aebc67f32432bd7e276a3b0772f7621c98f07b55b3d77320c456ae,CC12CC[NH+](CCC[*:1])CC1C2(F)F,C#CCCC[*:1]>>CC(C)(C)[*:1],C#CCCC[*:1],CC(C)(C)[*:1],25233,4773,1,1,1.0,13,5,4,18,17,5,5-9,NC(=S)[*:1]>>N[*:1],c4dc476d1565eedc7fe01a565978478caa0ae9f2de31bb92a2c0000cbb1dadec,3cd5b94d3946625fdc8438a3ca3f7115ca142b78e87080a51790a6b154ccdb48,C#CCCCCCC[NH+]1CCC2(C)C(C1)C2(F)F,CC(C)(C)CCC[NH+]1CCC2(C)C(C1)C2(F)F
9dd37dcd8307d2ce9599836367b982dcfc840d6054b4a813cd62539949adffe9,b274c99fe390ccec5305641779eb354b915dddb0b0cbbc5fff5a01407fe53b3b,CN(CC1CC[NH+]1[*:1])C(=O)c1ccn(C(C)(C)C)n1,CC(C)(C)CC[*:1]>>CCC(CC)C[*:1],CC(C)(C)CC[*:1],CCC(CC)C[*:1],27723,14666,1,1,1.0,18,6,6,24,24,5,5-9,CC(C)[*:1]>>N#Cc1ccc([*:1])cc1,af5a3de9b39e396098d3cfa7e26d15b2b67ce50cf121fb923ed0f252679ffe0a,02267eaebb67634b5b63ff5853fb010733e300838ccba00a346d64767274f07f,CN(CC1CC[NH+]1CCC(C)(C)C)C(=O)c1ccn(C(C)(C)C)n1,CCC(CC)C[NH+]1CCC1CN(C)C(=O)c1ccn(C(C)(C)C)n1
0b847baa3e1814f8dbb41caf4fbae8d83787dbf32ac2150c945cfd48971f1650,886f0a999ea0469b0e508eb2e518f8c3af145d95bddc16fa9ac270b8745d9a2d,Cc1ccccc1C(=O)N1CCC(NC(=O)[*:1])C(O)C1,Cn1cc([*:1])cn1>>c1n[nH]cc1[*:1],Cn1cc([*:1])cn1,c1n[nH]cc1[*:1],5105,37393,1,1,1.0,19,6,5,25,24,5,5-9,C#C[*:1]>>Cc1ccccc1[*:1],7ae9faad9c93db19343d639ffbfbe85390e2a04a3dd677c4a0cf024bed37d077,67215939dcd3162b9ae9353d36878d5ded902266ae53eed93ede8e9e2ac01ebb,Cc1ccccc1C(=O)N1CCC(NC(=O)c2cnn(C)c2)C(O)C1,Cc1ccccc1C(=O)N1CCC(NC(=O)c2cn[nH]c2)C(O)C1
b857464110b91c6a094779f4b94320f3bc6749da9f52d3a9aab1a21f16a04653,93ce875fa6caf4a52109bd9e38b08535aaed538a0a5e618d1d142973ec49ef8f,CC(NC(=O)CN(C)CC[*:1])C1CC2CCC1C2,CC(O)[*:1]>>NC[*:1],CC(O)[*:1],NC[*:1],27409,2661,1,1,1.0,17,3,2,20,19,5,5-9,COc1cccc([*:1])c1>>Fc1cccc([*:1])c1,d0e248a9ebb1d636cbab223de0c81480db302d1c29953f114112cc090d50a15b,a2a0b779af5acd29bb1f5d0881a3edd6acd612fa000424a11ec9e44d47d8cb68,CC(O)CCN(C)CC(=O)NC(C)C1CC2CCC1C2,CC(NC(=O)CN(C)CCCN)C1CC2CCC1C2
9492db2dc2c4e9ae7dbf2d2022826b011acac2a1b6248082b45bdbf7bcdc1283,1f1a881ac40a93500ba7005e53ed85502677a0f4a3d542c2ad079c2e6997b3d5,CC12CCC(C1)C(C)(C)C2NCCCC[*:1],NC(=NO)[*:1]>>OC[*:1],NC(=NO)[*:1],OC[*:1],12559,44125,1,1,1.0,15,4,2,19,17,5,5-9,Cn1ccnc1C[*:1]>>c1cc(C[*:1])no1,eee53e49ed5a99b32439edf506ffea4ab9e732965b4cc6f0d30271d413666e96,0ad5387d28a4e6522c0954e46133d7d1a98689c6dfa7296838ab8be7ec0d7cfe,CC12CCC(C1)C(C)(C)C2NCCCCC(N)=NO,CC12CCC(C1)C(C)(C)C2NCCCCCO
61a8f2e04bdb3c5312f475e7232a8e45337173ea685068f7fa3e7595760558ae,cd90678a8eb33b240c749950cf950113a9545fe37c1fd347562e46e78d43e17a,OC(CC1CC2CCC1C2)[*:1],CCC(C)[*:1]>>NCC[*:1],CCC(C)[*:1],NCC[*:1],41632,3358,1,1,1.0,10,4,3,14,13,5,5-9,Cc1ncc(C[*:1])s1>>Fc1ccc(C[*:1])nc1,8456ce9a0d54ba797b30c72f30743a7aa914ca6358fec9c9a7d31dae7261189f,81d07af869fc4d2af3050b0b822d437068d66cfcddc8c88e589ee931d244c50b,CCC(C)C(O)CC1CC2CCC1C2,NCCC(O)CC1CC2CCC1C2
aa3364b45f55054dd90708adf31336050136a466c562ca37f5895f5900187676,e13ae542f26776bf5df3a0fda026d4ce773eae5b97b08ea3af55a4a1bc69a8ee,CC(C)COc1cn(-c2ccccc2)nc1C(=O)N1CCCCC1[*:1],CC(N)[*:1]>>NC[*:1],CC(N)[*:1],NC[*:1],42024,20490,1,1,1.0,24,3,2,27,26,5,5-9,c1cnn(C[*:1])c1>>c1ncc([*:1])s1,36215a73561a001b8f9df3e80a87b12ce7e427efbdff9cba746ceedfc7c4b9f5,aa73f66a29f2f99b0306086f318b5ca17ccfc50e907e4e97f198109aa72c0578,CC(C)COc1cn(-c2ccccc2)nc1C(=O)N1CCCCC1C(C)N,CC(C)COc1cn(-c2ccccc2)nc1C(=O)N1CCCCC1CN
9d310ed16a6e92bd6910ca443532ff7e6db33ab36d3ed5448a8255fd4a92f29d,c91e9bf0f18870580bf8b9120c25e5ca57fafc604d4e29313cfd0371d1a19898,N#Cc1cccc(-n2ccc(C(=O)N3CCCCC3[*:1])n2)c1,CC(O)C[*:1]>>C[*:1],CC(O)C[*:1],C[*:1],9485,42561,1,1,1.0,21,4,1,25,22,5,5-9,CC[*:1]>>CN[*:1],46c7bf19e9d4412d300a241b79f161aec7bb662c0d2352789115d5bec13a5b57,ba9a96bafb71f59d6ecf93905ce8d1fca9ea14be337c697eb6071c4ddc6f7209,CC(O)CC1CCCCN1C(=O)c1ccn(-c2cccc(C#N)c2)n1,CC1CCCCN1C(=O)c1ccn(-c2cccc(C#N)c2)n1
97f269c8857446e45b7198c24bcb597b0a448976c1c216d0026453776541da5c,0bef5a4d1c76401b9c1ebfae4ea65107b6e179177b848043852c09ee10e43780,CC1(C)C2CC([NH2+]C3(C[*:1])CC3)CC21,Fc1ccccc1[*:1]>>Oc1ccc([*:1])cc1,Fc1ccccc1[*:1],Oc1ccc([*:1])cc1,20510,4606,1,1,1.0,13,7,7,20,20,5,5-9,Cc1cccc([*:1])c1>>Fc1ccc([*:1])cc1F,44f17300b4ba3b941232f94a3fbd45b61e696383b58d814d78c98481c7b52b3e,d4ff18c4aec5e0dde12f7d0d6d46dbc533d05026497aeb0af5ecf3a4b9e31e1d,CC1(C)C2CC([NH2+]C3(Cc4ccccc4F)CC3)CC21,CC1(C)C2CC([NH2+]C3(Cc4ccc(O)cc4)CC3)CC21
32fe080fceea8869d24a0c0e546831f677442f56f8bc81369f0209b8668a5e57,bf8ba3199224d1697784660c5f066219e2726058e8c8ddcda02bb2c171b3d31a,CC(C(=O)NC1CC(Nc2nccnc2C#N)C1)[*:1],COCC(C)[*:1]>>COCC[*:1],COCC(C)[*:1],COCC[*:1],16670,5213,1,1,1.0,18,5,4,23,22,5,5-9,CC(N)[*:1]>>N#C[*:1],ca532d4d8ce695a6339eef3d8958c3c75980b977a09105b11af3bacd63ed24a3,da9e9d5bf58cc70f66cd0a94ebb5101ae92fb602e323f6ef07e7761638d5d0a3,COCC(C)C(C)C(=O)NC1CC(Nc2nccnc2C#N)C1,COCCC(C)C(=O)NC1CC(Nc2nccnc2C#N)C1
e0386da3c8975a7893a31c21cb5b4420edc85813e56383086f7cf54af2b72d4e,dc75b196e5bedb12dbae32ab68c235c42f2b854cc79da1960a3ff560e6501767,O=C(C[*:1])NCCc1c[nH]c2ccccc12,Brc1ccccc1[*:1]>>c1cncc(C[*:1])c1,Brc1ccccc1[*:1],c1cncc(C[*:1])c1,43329,40597,1,1,1.0,15,7,7,22,22,5,5-9,CCC(C)C[*:1]>>COc1cccc(C[*:1])c1,24a81f051fa6454584b5d13e9b6a97c0371ada9522fd7b2dd3b46fcdd04d7ccd,00b00e593d4f4b82d3a79d5dedba49374d23529c8029cc3e7ed044999716b5c5,O=C(Cc1ccccc1Br)NCCc1c[nH]c2ccccc12,O=C(CCc1cccnc1)NCCc1c[nH]c2ccccc12
cb90d45d174034202c086e7844ae2909c4dd494f9dc2f20640ffa5b350b94d61,566636cc9d43f5ba36680266610bf8e507ad8271316ce5b6c1c232ddc89c45aa,CCC1C(NC(=O)C[*:1])CC[NH+]1CC=CCl,CCn1cc([*:1])cn1>>Cn1cc([*:1])cn1,CCn1cc([*:1])cn1,Cn1cc([*:1])cn1,24986,39336,1,1,1.0,15,7,6,22,21,5,5-9,C1CC([*:1])C1>>CC(C)OC[*:1],9a715475039c057d7385ce4501c2e8711077a6f5bc38846a4526320fda82280c,63e437a50a7c979d64d7a3d3dd2d519eb6dffda3b649c52f563988700ddb980e,CCC1C(NC(=O)Cc2cnn(CC)c2)CC[NH+]1CC=CCl,CCC1C(NC(=O)Cc2cnn(C)c2)CC[NH+]1CC=CCl
2be12ddac1e306c8c8898fe9facdbe65a65379bd6975dcd46f87336303bd9b8f,19e9b2a5bfddd9812a0a0d45399a6d8ae484122f329653027a677bb9280c87bf,CC(C[*:1])NC1CC2CCC1C2,CO[*:1]>>CS(=O)[*:1],CO[*:1],CS(=O)[*:1],48372,30641,1,1,1.0,11,2,3,13,14,5,5-9,CCC(C)NC(=O)[*:1]>>CCNC(=O)[*:1],3cf26b61780c58d41e917606470965aec9aa5ccffd60e2b340ed6f1e23b54600,341c83e2285594585231ba8b5fbc7f443bb39c58b00dfb23ac2d540c82ac0953,COCC(C)NC1CC2CCC1C2,CC(CS(C)=O)NC1CC2CCC1C2
387fb698f6dc6c1631a325bf5a02dec849a8b9dda72502cad147145d0ec514ec,aac7534e6522d9adc606c2bcfab3467d40f0fca2341da61422658277a8455270,Nc1nc2ccc(-c3cccc([*:1])c3)cn2n1,CC(=O)N[*:1]>>CN(C)[*:1],CC(=O)N[*:1],CN(C)[*:1],6676,2002,1,1,1.0,16,4,3,20,19,5,5-9,CC(N)C[*:1]>>CCC(N)C[*:1],634b48938713403bfb18fba8b7bcc63a0c276e43a37c153181ee4384b6eb08ff,61acfee17a42f50411b68084059d5cd78566a70d49110facf3f4279125df28d9,CC(=O)Nc1cccc(-c2ccc3nc(N)nn3c2)c1,CN(C)c1cccc(-c2ccc3nc(N)nn3c2)c1
70b6ee9229b357356fe49eb2b379982e108e9aa19a9165a63b7052eca65b4919,6d5710099462b666341ba7e918f8db1e9b979cb48f760a5ccde4d03da8907d9a,Clc1ccc(Nc2ccc([*:1])cc2)c(Cl)n1,CS(=O)(=O)[*:1]>>OC[*:1],CS(=O)(=O)[*:1],OC[*:1],1683,22122,1,1,1.0,15,4,2,19,17,5,5-9,CC(C)C[*:1]>>CCCCC[*:1],816878a4ad210dff931db9d37c300592d81fb95132c9f7f4383fc228e7957bbd,a5fb99a0a425dbc27d662d7d1654dc67cb44a5add7a97f7e0f619058b94c32bc,CS(=O)(=O)c1ccc(Nc2ccc(Cl)nc2Cl)cc1,OCc1ccc(Nc2ccc(Cl)nc2Cl)cc1
b5ed08773cdfbc45885e4e2bd927fc51d2ac66ad39f357648007b0468bab8438,d2ffa2ca3d3ca7eced950a0bb78b8e8b68210f953569406d601ade9880e57509,O=C(CC[*:1])C1CC2CCC1C2,CCS(=O)(=O)C[*:1]>>CS(=O)(=O)C[*:1],CCS(=O)(=O)C[*:1],CS(=O)(=O)C[*:1],9969,15610,1,1,1.0,11,6,5,17,16,5,5-9,Fc1cccc([*:1])c1>>c1coc([*:1])c1,cbba116b620beaef56808f6517726b8d60f56533e4beca588a6cea35e0d45502,576ab278df1d63963df12876f7f7ccff86b6d7bf5c01189f081b869811a64666,CCS(=O)(=O)CCCC(=O)C1CC2CCC1C2,CS(=O)(=O)CCCC(=O)C1CC2CCC1C2
9c37859648ae169d55d867179a0b14e94284254abe5490b687a7d2c18a60e9dd,e291c3b43dba62a86307882ae09c4f4bf56347c15dde906d4178898afe9b681c,Clc1cnc(-n2cc([*:1])cn2)nc1,FC(F)(F)[*:1]>>NC[*:1],FC(F)(F)[*:1],NC[*:1],23333,16246,1,1,1.0,12,4,2,16,14,5,5-9,C1CCC([*:1])C1>>Cn1cc(C[*:1])cn1,886ab9a52c3af9d61a3e23855dac5fc646abca158c4b731e548856c95b3d7f23,195d4410d9cd54b5895a91d6b878fa450dcecac07804d86619fa45d7a8a1fa51,FC(F)(F)c1cnn(-c2ncc(Cl)cn2)c1,NCc1cnn(-c2ncc(Cl)cn2)c1
212aa88860588acba1b2549fdfc896ec80b9640eb965648b261b9a299af3ba79,ceff420781ef7140c908bbbed688e7cffb365561c8a018975074e6e13dd2712e,CC(C[NH+]1CCC2(C)C(C1)C2(F)F)C[*:1],CO[*:1]>>N#CC[*:1],CO[*:1],N#CC[*:1],4800,12873,1,1,1.0,14,2,3,16,17,5,5-9,C1=CCC([*:1])CC1>>C1CC([*:1])CCO1,629cf28da282d233596e88ba84df239b6ee8b6c217dcceb74c2b87041763d122,f2c1d4b3000dab73e63b47d180ac9a344377a52f13be7adaa913e9ec0eb55fd5,COCC(C)C[NH+]1CCC2(C)C(C1)C2(F)F,CC(CCC#N)C[NH+]1CCC2(C)C(C1)C2(F)F
ef2f2e22cb861939a060b7275fb8e271ec76d872c47c965bf893ecea142b432e,35272450ee8cdec96a53956ade2ed3b7f57d2963b0b42ea856d25a92ab0a178b,NC(CC[*:1])CC1CC2CCC1C2,FC(F)(F)C[*:1]>>FC(F)(F)[*:1],FC(F)(F)C[*:1],FC(F)(F)[*:1],16207,18417,1,1,1.0,12,5,4,17,16,5,5-9,COCC[*:1]>>c1coc([*:1])c1,716056b23779e24f264141133ba33ae4f9e40906af72a15d56b1b1c71453b34b,df86b0c32e88f256c18136d10ca121606e52a94681d0748ff4440bfeca9c1d91,NC(CCCC(F)(F)F)CC1CC2CCC1C2,NC(CCC(F)(F)F)CC1CC2CCC1C2
30f1d99e0db11cf7a69022a3d4eabf99f8599db2787a03f53fe9a495be020f07,af915a8a20a52c62504518cffd562ae6ca0a395a452ea0d7814cf5338eb67383,CN(CC1CC2CCC1C2)C(=O)C[*:1],CC(C)N[*:1]>>N[*:1],CC(C)N[*:1],N[*:1],11467,24631,1,1,1.0,13,4,1,17,14,5,5-9,CN(C)C[*:1]>>COC[*:1],cbd2350525aa486a6333c41aab69628b27638670c311bc98ae01af022eca1e3b,6fddb911d7eebeb5fa3630d8d745de1248a2f924419ef5823f49552341d3b8cf,CC(C)NCC(=O)N(C)CC1CC2CCC1C2,CN(CC1CC2CCC1C2)C(=O)CN
dac96f20d468d29409c8c9550f2eb03f2c4d7fc94d9a886794dab7c83264c9bb,d8c5689dd00914de2401bb256cd96fe36ebfba65429985bfc9643ba42aac8bf7,O=S(=O)(C=C[*:1])NC(CO)Cc1ccccc1,Brc1ccccc1[*:1]>>Fc1ccc([*:1])cc1,Brc1ccccc1[*:1],Fc1ccc([*:1])cc1,13775,29245,1,1,1.0,16,7,7,23,23,5,5-9,FC(F)[*:1]>>c1cc([*:1])no1,0f4d5e3a1fc268f154aa9df942474dfb539607cdfe1fa0b3a3366630b19f1831,417495e54f3ebc6ddbc7c044710f4b4d407df1d0c1bbe176e43603f5234ac19c,O=S(=O)(C=Cc1ccccc1Br)NC(CO)Cc1ccccc1,O=S(=O)(C=Cc1ccc(F)cc1)NC(CO)Cc1ccccc1
8bb6e88ad2865a0e9dedd7febc85794887548d5da3798d4f563d6b6af1ebbe9f,84f3e50d6d24450b8798bb916b726960e979bc17454620e6f0256cf2c7db713c,CN(CC1CC2CCC1C2)C(=O)C(N)[*:1],COCC[*:1]>>CS(=O)(=O)CC[*:1],COCC[*:1],CS(=O)(=O)CC[*:1],3031,44041,1,1,1.0,14,4,6,18,20,5,5-9,C=C(Cl)[*:1]>>c1ccc([*:1])cc1,550c8dbbc25a47dd6a8cd7d7f1c509332f22bbb5a69b5b3dcc5cdbb91f9a46ac,90fa1a9414855079a395ae7010d0c39d553102fb47917147f4a411942cec27cb,COCCC(N)C(=O)N(C)CC1CC2CCC1C2,CN(CC1CC2CCC1C2)C(=O)C(N)CCS(C)(=O)=O
c05b647dd1bee72a5897988214c8761a634889a0fe4719e2cf106cb0054a98a9,40ea450b63f557fcb27356e27a89c0960c4db0707c616a9185490a1203a364a8,CS(=O)(=O)c1cccc(OCc2cnc([*:1])cn2)c1,Cl[*:1]>>NN[*:1],Cl[*:1],NN[*:1],41040,48458,1,1,1.0,18,1,2,19,20,5,5-9,CCNC[*:1]>>NC[*:1],6b35ee289e2a4b1aaa1ae80fba56de2f2ef8c81ff26af82194cde6676a7beb3e,48ef30930a01ea0803a75dbd7a79dc9bee83d6d49d0cdecb619e1d1c92d5f946,CS(=O)(=O)c1cccc(OCc2cnc(Cl)cn2)c1,CS(=O)(=O)c1cccc(OCc2cnc(NN)cn2)c1
17c350e8d2e52236ac9ced9fcd3847a6f0d7829377f5b13505d608e80f7b723f,c34909520b2f84afa98be464274975e5894054c1f0c7681a9c8dc2938ad5c74b,CC1NC(=O)C(C(C)C)N(CC[*:1])C1=O,FC(F)(F)[*:1]>>FC(F)CO[*:1],FC(F)(F)[*:1],FC(F)CO[*:1],4017,22263,1,1,1.0,14,4,5,18,19,5,5-9,C1CCC([*:1])CC1>>CC(c1ccccc1)[*:1],4c6b212e86b8081ffe601558f8197df9ecc2b4726c41c87b661344a6290fc1cf,0e0a210dc3dff0f9b5fb4e36db0818244deeb981a654fe3171b067f05b1b9899,CC1NC(=O)C(C(C)C)N(CCC(F)(F)F)C1=O,CC1NC(=O)C(C(C)C)N(CCOCC(F)F)C1=O
d4e00c5c4187cbc0f0ce8a80785a3db920a2cd27ca9376743a9335418a790127,7d314e2466284bb6a740683b6fed544aa5d8a8bf596cda48428bef7e916ad0cf,CC(C)c1cc(NC(=O)NC[*:1])n(-c2ncccn2)n1,C=CC[*:1]>>CC(O)C[*:1],C=CC[*:1],CC(O)C[*:1],29582,16535,1,1,1.0,19,3,4,22,23,5,5-9,CC[*:1]>>COC(=O)N[*:1],1700092ec22b76a792f9862904f6eb9d5a2188338395547998d567d790d73609,bbda40906c62c5815e93de2781c93294df0ed13c727cd6150c926be9514e4c10,C=CCCNC(=O)Nc1cc(C(C)C)nn1-c1ncccn1,CC(O)CCNC(=O)Nc1cc(C(C)C)nn1-c1ncccn1
2f7c371b8f1acc4cbaf935ce46cba1a60d7020086af9a15a29701bea507e78cf,3fb9cb5aaf10ccd6b15d01910aa243ed41d10e88f341cc1ea7237c3ffa2f49aa,Cn1ccc(S(=O)(=O)N2CCC3(CCN(C[*:1])C3=O)CC2)n1,C=C(C)[*:1]>>COC[*:1],C=C(C)[*:1],COC[*:1],33179,49206,1,1,1.0,21,3,3,24,24,5,5-9,C1CC1C[*:1]>>Cc1ccc([*:1])cc1,570e4ca8245f1f26c6a22c12642b89e1ba688b4eef7ea047c80d1ca6ae9174da,b93471e2b606a6f3ffb477d4588a914cbaad765aec617dc172ed812987e8947e,C=C(C)CN1CCC2(CCN(S(=O)(=O)c3ccn(C)n3)CC2)C1=O,COCCN1CCC2(CCN(S(=O)(=O)c3ccn(C)n3)CC2)C1=O
6b1371d092a04e33cda3a68beb135e02e93fdc845b131c832c05e6bbdd78f968,2d6f6429381d47df1842eca23aa5874467cab69e7064740a7aaf8850358cd7dc,CC1CNc2c(C(=O)NC(C)C[*:1])cnn2C1,CSC[*:1]>>NC(=O)[*:1],CSC[*:1],NC(=O)[*:1],46913,3038,1,1,1.0,16,3,3,19,19,5,5-9,C1CC([*:1])CO1>>FC(F)(F)[*:1],71d82110e9c9b7e64515333786ca7bdc739df8d0ea5fd024c57e8e442ff4a4e9,0b7ef1076c20fdd1b2bcec52eebab5a26e880f434fef500ee4590237e9421e55,CSCCC(C)NC(=O)c1cnn2c1NCC(C)C2,CC1CNc2c(C(=O)NC(C)CC(N)=O)cnn2C1
f2b80aae9eb7ff560ade23b30c2cf1bdc1f5b337cf880e0cd81deed0f6899af2,ebf011dd9800d16121b49652a275cce58687c3d2b942f727f1286df71a1ebebd,CCC1C(=O)NC(C(C)(C)C)C(=O)N1[*:1],CCOCC[*:1]>>COCC[*:1],CCOCC[*:1],COCC[*:1],9907,40264,1,1,1.0,14,5,4,19,18,5,5-9,Cc1ccc([*:1])cc1>>Fc1ccc([*:1])cc1F,5ee7416f5c28ad41ca415a0114b859323d0091d280bfecd69c6cf176792e939d,0e39494c3e197b2d82ab1f09046329085acee466675c83b0a853760a8ce210bd,CCOCCN1C(=O)C(C(C)(C)C)NC(=O)C1CC,CCC1C(=O)NC(C(C)(C)C)C(=O)N1CCOC
51f9f32d91354813eb2a602612b84432c1fde4a0c8e3bff3e7148981922f3c95,a0fe289ff13d528dad8b9349f3c8d5cb9bc2067969158830d4dd7a6c57d874f1,O=C(CC[*:1])N(CCc1ccccc1F)C1CCCC1,COC(=O)[*:1]>>O=C([O-])C[*:1],COC(=O)[*:1],O=C([O-])C[*:1],3062,6566,1,1,1.0,19,4,4,23,23,5,5-9,c1cc([*:1])ccn1>>c1ncc([*:1])s1,656a7cf2ec60e6cf6a43b711d7d9be1c635e5178c7a6ca7c8acaa3fdd044ddfe,b1f6e495e74605d39460319b642e58fb848c9dfb0848d8e1e19b08fd34b677ba,COC(=O)CCC(=O)N(CCc1ccccc1F)C1CCCC1,O=C([O-])CCCC(=O)N(CCc1ccccc1F)C1CCCC1
3a4e09f1d28b8d50f88ceb3d5b1f1114ec7fcb65a94a103ece5d1c69cdb640dd,7c21e8062c2c147d0dac79a23e76f4180ba1b12122958df87d597d47aca5d328,Cc1c(CS(N)(=O)=O)ccc2c1C([*:1])Oc1cccc(OC(F)F)c1-2,COc1ccc([*:1])cc1OC>>COc1cccc([*:1])c1,COc1ccc([*:1])cc1OC,COc1cccc([*:1])c1,497,42313,1,1,1.0,24,10,8,34,32,5,5-9,Cc1cc(C[*:1])no1>>c1cncc(C[*:1])c1,42352be99393a87a5c3621434f1645b180d7c45dc27f8a23d92bf8b236fcc39c,d9f2e905759d47e4be0b8df743f8438adbb1fd780a4d7f7f01e12151ce3b96dd,COc1ccc(C2Oc3cccc(OC(F)F)c3-c3ccc(CS(N)(=O)=O)c(C)c32)cc1OC,COc1cccc(C2Oc3cccc(OC(F)F)c3-c3ccc(CS(N)(=O)=O)c(C)c32)c1
40c085292d6005685930575b0d6490056eb66c314779ff15361f42a7a3a5e81d,271ec333ff55ba61f64787ac799481158b6fabbdff3ccf751ea14c031247243c,CCOc1nc(C(=O)NCC2CN(C(=O)C[*:1])C2)co1,Cc1nccn1[*:1]>>c1cn([*:1])cn1,Cc1nccn1[*:1],c1cn([*:1])cn1,41392,21593,1,1,1.0,19,6,5,25,24,5,5-9,C1CC1[*:1]>>Cc1ccsc1[*:1],b3d7cfff2dde3b01d91cdb9a0c6c8a3b6d734ffe4553393982455119bce6cb05,11d168e0c3f252e6bae28532c186e458f23d3c882c74cd8cdb0bedaeaa27e2d5,CCOc1nc(C(=O)NCC2CN(C(=O)Cn3ccnc3C)C2)co1,CCOc1nc(C(=O)NCC2CN(C(=O)Cn3ccnc3)C2)co1
032fbf6d1d361b938f516cc5bd2ce65b7b4370e018677f630341f05f49dc813e,aa5a32bc7d0b7d11343bc1f9f01e095e48da9d5f2d3ba7d9a79b9618e597991c,CCC1(CC)NC(=O)C(C)N(CCCC[*:1])C1=O,CSCC[*:1]>>C[*:1],CSCC[*:1],C[*:1],31802,43787,1,1,1.0,17,4,1,21,18,5,5-9,Cn1cc([*:1])nn1>>Cn1ncc([*:1])n1,5144ec84d71b49521dbca92b107b5e6b64b2191a95866c3239935e689e0c2c7e,226b93ffdb0548c9ec41401ad2b761cd7a50192e83df11af46ea5e7ebcc5ba56,CCC1(CC)NC(=O)C(C)N(CCCCCCSC)C1=O,CCCCCN1C(=O)C(CC)(CC)NC(=O)C1C
6ed5c07de13fde4085c2ecec168037458488d770db4670c7c3ba799aa9d4dbaa,46273c425685efd7e97e31f1ede20a13d17bba699f884af8cea0c1d1220b070e,O=C(CCc1cn[nH]c1)N1CC2C[NH+](C[*:1])CC2C1,C=C[*:1]>>COCC[*:1],C=C[*:1],COCC[*:1],23538,12622,1,1,1.0,18,2,4,20,22,5,5-9,CC(C)CO[*:1]>>c1cnn([*:1])c1,b35c8f5ecb660544cf767198eb7f0b969371526d1a61e5d45a37491344bf94df,389dfc49aba2d40c556745f8b7df38fe8dd7cd34a85c57788bc79f3c104f9d25,C=CC[NH+]1CC2CN(C(=O)CCc3cn[nH]c3)CC2C1,COCCC[NH+]1CC2CN(C(=O)CCc3cn[nH]c3)CC2C1
6d8cb9dc19ed70d5e26a6fb51a21bffeb1851f9161295f450826b6350dad87bf,fe23c37094cefe9f9e76b2cd9746bdc1e8f6ea4be8a54b55b12ed7a287a91bec,CCOc1cn(-c2ccccc2)nc1C(=O)N1CCC([*:1])CC1,O=C([O-])[*:1]>>OCC[*:1],O=C([O-])[*:1],OCC[*:1],15053,11280,1,1,1.0,22,3,3,25,25,5,5-9,C1CC([*:1])C1>>C=CC[*:1],1bf70828709837d80d5dc4012cfefa53919b288afc9a462220a61b52d57fffce,a4a6aa045a3aaabf8014fda5c0f183400ce111530e83c48449dc0f52ef780471,CCOc1cn(-c2ccccc2)nc1C(=O)N1CCC(C(=O)[O-])CC1,CCOc1cn(-c2ccccc2)nc1C(=O)N1CCC(CCO)CC1
2c54f3ec066c3c1cfbf16c0a6a7bfe6a7c60438731dd77e245536cac0d6133f7,618fb44cb89fbff8db92609f0f7004bc5382679f7f66484c02879be9f7e66afc,Cc1cccc(C)c1C(=O)NCC1COCCN1[*:1],FCC[*:1]>>NC(=O)C[*:1],FCC[*:1],NC(=O)C[*:1],9782,26918,1,1,1.0,18,3,4,21,22,5,5-9,CNC[*:1]>>C[*:1],af7bcb438dfc8f67dee0a0b9cb120d866df29fbe29ee6e183281a968c37af76e,15536db4edcdc2af2468bf117cbee16fbd9409bcaeed29355302b2e119182d0d,Cc1cccc(C)c1C(=O)NCC1COCCN1CCF,Cc1cccc(C)c1C(=O)NCC1COCCN1CC(N)=O
0f86f2b57aaa10dba6453fb847ebc76419a512bd0ec529c5cf7247b8d5f51911,f9ce730b70b97f6bb29dc5e0a9121e6dd5bb1813081c2c2972ddd6d9da335755,CCC(NC(=O)c1cnn2c1NCC(C)C2)[*:1],CSC[*:1]>>FC(F)[*:1],CSC[*:1],FC(F)[*:1],26945,3240,1,1,1.0,16,3,3,19,19,5,5-9,Cn1cc([*:1])cn1>>c1c[nH]c([*:1])n1,2b8c89e335b61e12386212c774813d92942b7f01a79b46864de6344ccbfad2b3,59081eea806e02095dff1882f40d6ceacefbb6367ff839256c87a0dde577f241,CCC(CSC)NC(=O)c1cnn2c1NCC(C)C2,CCC(NC(=O)c1cnn2c1NCC(C)C2)C(F)F
f3f87e0c163cc788acbe50937aaaf4709f98819470d0030b2c219919502b8759,9090bcc32dfddbe75883128e57da36724383cbf26a0dc98c594b7a276a6df319,CCCNC(CN(C)CC1CC2CCC1C2)[*:1],CC(C)(C)[*:1]>>NC(=O)[*:1],CC(C)(C)[*:1],NC(=O)[*:1],7441,21695,1,1,1.0,16,4,3,20,19,5,5-9,CC(C)N[*:1]>>N[*:1],9e46ba1f77b0a86943c8ae7ef68d258c6a933065410ec6098fced1a6f198f0da,a19ccfa17cc2bc28b4516ae7618a8d8b793b1ed21b074610fe37ca0b6add88a8,CCCNC(CN(C)CC1CC2CCC1C2)C(C)(C)C,CCCNC(CN(C)CC1CC2CCC1C2)C(N)=O
75cadee1b0b3ee61c767c03527571727877df09aeae836d0741a9663ff7293a1,7a13f0a69d5d7563a5708a3a9640afa26c202999eae3510b81c90a81bd1956e4,Cc1nn(C)cc1C(=O)NCC1CCCCC1[*:1],CC(=O)N[*:1]>>CC(C)C(=O)N[*:1],CC(=O)N[*:1],CC(C)C(=O)N[*:1],31511,27653,1,1,1.0,17,4,6,21,23,5,5-9,CCC(C)[*:1]>>Cn1cc(C[*:1])cn1,0efff1ab3ec8c8b91c1bda3855e4f2ca4bdd15e343d42ca1d71bef77fbce403a,28f01b514c67a584bc92e7d29069a2c8e854cec7de49b89216b96987614af02b,CC(=O)NC1CCCCC1CNC(=O)c1cn(C)nc1C,Cc1nn(C)cc1C(=O)NCC1CCCCC1NC(=O)C(C)C
3714a2980e55e59fc87e40db325099ecd3cd3efa946489291794179226d32e59,0a66a80773e3955263d919637cc25e0eeddb5eac5791849957925405273c4de1,CC(C)Cn1c(SCC(=O)N[*:1])nnc1-c1ccccc1F,Cc1cc([*:1])no1>>Fc1ccccc1C[*:1],Cc1cc([*:1])no1,Fc1ccccc1C[*:1],17981,28821,1,1,1.0,21,6,8,27,29,5,5-9,COC(=O)C[*:1]>>O=C([O-])C[*:1],96ecd99d88ffce6dc091b454ad4d004c09d416b220320c27571be44c43abd5ba,be6718bce06bf0b0207db060a67e896ac04fefd3cb553d21592d9225ec7b57c5,Cc1cc(NC(=O)CSc2nnc(-c3ccccc3F)n2CC(C)C)no1,CC(C)Cn1c(SCC(=O)NCc2ccccc2F)nnc1-c1ccccc1F
ca062387f622ba409699b9fb74ada6cc928f65ce5b8229e3ce0076ae3536862a,6561cdb1f7b8d231fad04cd209f26f326b97ad64d49b2050cf822841dc01c473,CNC(CC1CC2CCC1C2)[*:1],CC(C)=C[*:1]>>CCC(CC)[*:1],CC(C)=C[*:1],CCC(CC)[*:1],28294,8603,1,1,1.0,11,4,5,15,16,5,5-9,C1CC([*:1])CCO1>>COC(=O)CC[*:1],fea9d110d28d0f5ea8942809e2f90381ad84171a01a597a702fc076d1fcab84f,545e2828cb0146af82dda233c5c33e6345b563a34ab7048bcc49b4b3f074d494,CNC(C=C(C)C)CC1CC2CCC1C2,CCC(CC)C(CC1CC2CCC1C2)NC
63de9fff43e46444c47177a76d4deefe57810f21152bad0872067acfe6820efe,94714cf8ad60c327ea2f33f2e756e572882d28e9047f10a004a6a196d57bc186,CCn1cc(OC2CCCC2NC(=O)C[*:1])cn1,CCC(C)[*:1]>>COC(C)C[*:1],CCC(C)[*:1],COC(C)C[*:1],3314,15896,1,1,1.0,17,4,5,21,22,5,5-9,Cn1cc([*:1])cn1>>c1coc([*:1])c1,8bc6c69f736c53989abbe148d954f36a676f56a71d820eac82ac9ff371783964,16362c295dbe1a8f3f0affc5fbb95783dbc27e9a8761be346c32b68601de66be,CCC(C)CC(=O)NC1CCCC1Oc1cnn(CC)c1,CCn1cc(OC2CCCC2NC(=O)CCC(C)OC)cn1
5a0430f99f3b8f21ebd2e90c0a2d5f981dc48e603f172e59afe75fb58555a789,05d07bc1511d3be752bae36c5a533db03f2b5705a6fb49e7de1cf1448025ba29,CN1CCN(C(=O)C=C[*:1])c2cccnc21,N#Cc1ccccc1[*:1]>>c1ccc([*:1])cc1,N#Cc1ccccc1[*:1],c1ccc([*:1])cc1,20611,32349,1,1,1.0,15,8,6,23,21,5,5-9,C1CC([*:1])C1>>Fc1ccc([*:1])cc1,4631201457ddef2b8447ab8a21362813ced7c24c5075155b915a06932f4a8370,37bf5283439fae790b489a3f6313027ee36afd1a835cde61bba7f0a556c5ef20,CN1CCN(C(=O)C=Cc2ccccc2C#N)c2cccnc21,CN1CCN(C(=O)C=Cc2ccccc2)c2cccnc21
2e408662c7bef65eed6be693200e666b157fc12dd18f1345017e869c9362320c,639c7fd9107508d6121d9610e652284e7cb1f3de1d7161650b36aee2aec95559,CCCC1NC(=O)C(C(C)C)N(C[*:1])C1=O,CC(C)C(C)[*:1]>>CC(C)C[*:1],CC(C)C(C)[*:1],CC(C)C[*:1],39047,17305,1,1,1.0,15,5,4,20,19,5,5-9,C[*:1]>>O=C(N1CCCC1)[*:1],443a2ab1d0e662c2d39eb599d021e7786ed6ca0f81de54a85c8dbc8269c00db4,c7b6a844874e718e70ba30a6c8086d7f81e96cbd16c04b64f1bc408f86e66f50,CCCC1NC(=O)C(C(C)C)N(CC(C)C(C)C)C1=O,CCCC1NC(=O)C(C(C)C)N(CCC(C)C)C1=O
b130103530850eb89a11b75a26a38215e1dd0e24cf16465913ab12d26675670b,01513951cf55ab6f8fdf814cc622a7c09a96fab54d3878ec1a06039acd164796,CNC1CC2CCC(C1)N2c1cccc([*:1])c1,CC(=O)N[*:1]>>CC(=O)[*:1],CC(=O)N[*:1],CC(=O)[*:1],34496,11765,1,1,1.0,16,4,3,20,19,5,5-9,O[*:1]>>c1cncc([*:1])c1,fec42bbb369a5a3999cbd9255c3c7b3909d484a6c58c181485e1b67a26556e0f,b315358f60634453ca49509e12e1ff2a17175c82c2fc49809319a86cd6ca2a0d,CNC1CC2CCC(C1)N2c1cccc(NC(C)=O)c1,CNC1CC2CCC(C1)N2c1cccc(C(C)=O)c1
52a9e1100a71fe76e9d5382b81cd7160eb7c7a8a4bd278caad11f579a14412c5,96959bf8e7883ea90fca7f6424d18610f7fb3fd115b5f71709dfcffaf2a43eb9,Cn1nncc1CN1CC(O)(CNC(=O)CC[*:1])C1,FC[*:1]>>NC(=O)C[*:1],FC[*:1],NC(=O)C[*:1],24651,29143,1,1,1.0,18,2,4,20,22,5,5-9,C1CC([*:1])C1>>C1COC([*:1])C1,64629c313da59eeab4a395e6906bafe64c4fba3bfd3b11baae6325afb0854d07,0867c314a10803e6b20ea41e5bd6ee6224e3f3d5cb9a299d27c96ea3eafaf015,Cn1nncc1CN1CC(O)(CNC(=O)CCCF)C1,Cn1nncc1CN1CC(O)(CNC(=O)CCCC(N)=O)C1
f414600ec6a5b5ac8529b289150eb8af8cf46ed174dff1328a58e16190c6ed43,c37ec6af63bf0f9c48a062d187d66da3fb56e6198e2c94544e2c60ed8b5dbf50,O=C(O)c1c(OC2CCCC2)cnn1[*:1],CN(C)CC[*:1]>>C[*:1],CN(C)CC[*:1],C[*:1],530,6185,1,1,1.0,14,5,1,19,15,5,5-9,C1CC1[*:1]>>CC#C[*:1],2fd1c85ffe0c8c915a723eed4e48a1ae9228cfdc086a4cce924ea62ce07d66e2,ac139f0cf85a87474f7c1684d02573a447c8d713f4d974f26f620c4e9c0f4b41,CN(C)CCn1ncc(OC2CCCC2)c1C(=O)O,Cn1ncc(OC2CCCC2)c1C(=O)O
92124f2b9fc11cbf79645e8fc4bacd68ac05a8d60fafefbe026f176a4659d624,e79a36bc765dbb82a00d490ebe05855212786dc62c43b89871a75fc0d0d6f487,CCN(C(=O)c1ccc2cncn2c1)C1CC[NH+]([*:1])C1,CC(F)CC[*:1]>>CCC(C[*:1])OC,CC(F)CC[*:1],CCC(C[*:1])OC,3380,47490,1,1,1.0,19,5,6,24,25,5,5-9,Br[*:1]>>O=C[*:1],23fd59cce849ee614e4536c486932115dd13f53c80c12dc2c633febdc2f69ca1,7e0c552227af7e3bbce1beffc2b77eb81ef5308b688cca05391083d797633864,CCN(C(=O)c1ccc2cncn2c1)C1CC[NH+](CCC(C)F)C1,CCC(C[NH+]1CCC(N(CC)C(=O)c2ccc3cncn3c2)C1)OC
1c6e1b47f06d290298a7a4834d3ba27c60bf222cd65e08700a6021b0f4cf9800,c903984c994258780a18ff842a858165580fc41fa119138015da25ae13f7c44a,COC(=O)c1cc(Cl)ncc1N[*:1],COc1cccc([*:1])c1>>Fc1ccc([*:1])c(F)c1,COc1cccc([*:1])c1,Fc1ccc([*:1])c(F)c1,41420,20703,1,1,1.0,12,8,8,20,20,5,5-9,C1CC([*:1])CO1>>c1ncn(C[*:1])n1,06c6cf8fd3f652f9295ee98440065fe82818c30f26cce1be606be4a858461bce,0e0c8689ede77b748c8e91bd1c11e42dd04723fb38e8b395822dba97699f213f,COC(=O)c1cc(Cl)ncc1Nc1cccc(OC)c1,COC(=O)c1cc(Cl)ncc1Nc1ccc(F)cc1F
f548c33befd0f8dfdbf6473b3e95ff659c7ac96b59c15ce8c852636650234ace,3552204ee091295fd74129829852da686fbbc1797ca4993c3d89c3716dc57540,COCCN(Cc1cccn1Cc1ccc(C)cc1)C(=O)[*:1],Brc1cccc([*:1])c1>>Fc1cccc([*:1])c1,Brc1cccc([*:1])c1,Fc1cccc([*:1])c1,14813,12839,1,1,1.0,21,7,7,28,28,5,5-9,CCC(F)[*:1]>>CCC[*:1],f420754df1705c3fdf4513f14a60ecff7b796d7e5a47324da864a9ffd09ee676,6ed8fc82fad552216da02d01f57aff7780069c00a623ae3c702e9d0493c261a6,COCCN(Cc1cccn1Cc1ccc(C)cc1)C(=O)c1cccc(Br)c1,COCCN(Cc1cccn1Cc1ccc(C)cc1)C(=O)c1cccc(F)c1
9bd0e634c16c107a6a90bac8dc3975dec285636dda37c7ac00cf9ff9b9629c46,ea7c0259ca1e8a28418e90d4feb2833bc2af6f4c635d7d6d3eb5bb447518daeb,CCOC(=O)C1CCN(c2ccc(C=NNc3nc([*:1])cs3)cc2[N+](=O)[O-])CC1,CCOC(=O)C[*:1]>>C[*:1],CCOC(=O)C[*:1],C[*:1],36900,24765,1,1,1.0,28,6,1,34,29,5,5-9,C1CC([*:1])CO1>>CC(C)OCC[*:1],c0381e217410e9aef2fd91f8427e3b56baa32c3903bdd5a1d216ee712470d311,86f59403000501afefcb48e5572c9019964d3d5147d8c0acb089cd89f0b3fc13,CCOC(=O)Cc1csc(NN=Cc2ccc(N3CCC(C(=O)OCC)CC3)c([N+](=O)[O-])c2)n1,CCOC(=O)C1CCN(c2ccc(C=NNc3nc(C)cs3)cc2[N+](=O)[O-])CC1
1a8b2929304c02998ff925d0808f3cfcf1970f6a8346379383418b7313d639e7,4f50443517280adbeda5a45954cb102a53a0ca757d2017b4241a51a0fca36251,CCNC(=O)C[NH+]1CCC(N(C)C(=O)C[*:1])C1,COCC1([*:1])CC1>>Cn1cc([*:1])cn1,COCC1([*:1])CC1,Cn1cc([*:1])cn1,10986,45318,1,1,1.0,16,6,6,22,22,5,5-9,C=C[*:1]>>COC(=O)[*:1],1569861df6cbc08d5258f51c6c61652f6acbd78c5cc2f3224e0f8a294dd54b89,5a6dbce3673c253d3daa85f2cce817e49ec22d7c9dc2e8942ced42555afefe80,CCNC(=O)C[NH+]1CCC(N(C)C(=O)CC2(COC)CC2)C1,CCNC(=O)C[NH+]1CCC(N(C)C(=O)Cc2cnn(C)c2)C1
923c6623302134549db1ff7a803b4b862ac7975ad7928ddde53a70f1cea93094,0d99a93cb8e24f5301cf3de2db4989d6fa36df633cf8feb861a80efb9224971b,O=C(CN1CCCC(NC(=O)[*:1])C1)NC1CCCCC1,C1CC1[*:1]>>CC1(C)CC1[*:1],C1CC1[*:1],CC1(C)CC1[*:1],24680,8052,1,1,1.0,19,3,5,22,24,5,5-9,C1CC([*:1])C1>>CCC(F)[*:1],5f694d304826ee16db09a6d093bb778e6c2415e0448eeef96b3ab962e94ce74d,c3b2fc2e44b1502edd8cfcdf699a9964c99ffb8e2da459f0f2fd3bbed0ba0c51,O=C(CN1CCCC(NC(=O)C2CC2)C1)NC1CCCCC1,CC1(C)CC1C(=O)NC1CCCN(CC(=O)NC2CCCCC2)C1
6c868d0ec4bf51251aa6d80b549b6347c96977861b223f5d52c6beba32133344,72d16b42652fab599b4b6925a507b97ef26a1b8e706760b8d6bce2f6f58d0a4b,O=c1onc2n1-c1cc(-c3ccc(Cl)c([*:1])c3)ccc1OC2,FC(F)(F)O[*:1]>>N#C[*:1],FC(F)(F)O[*:1],N#C[*:1],36276,13024,1,1,1.0,21,5,2,26,23,5,5-9,C1CC1C[*:1]>>Cn1ccc(C[*:1])n1,e0613c396928628b040162de05c506e949eae66a6aacbdbf79d5d0cfd0cd78dd,93de5a3a9ba23e6f70da9e91bf67fc43da0d0c7d8e5dc67f5357fab5177b27ed,O=c1onc2n1-c1cc(-c3ccc(Cl)c(OC(F)(F)F)c3)ccc1OC2,N#Cc1cc(-c2ccc3c(c2)-n2c(noc2=O)CO3)ccc1Cl
2a4cb8284a230e59ae47593f63206b53b5e1c65705d6a91a5c47c738cba6d18f,4d656c623337a238abdbe880ce9b9e78871f73f95b84b6d4f505b4a7260cf9d9,Cc1ccc(N2C3CCC2CC([*:1])C3)c(Br)c1,CNC[*:1]>>CN[*:1],CNC[*:1],CN[*:1],32114,19573,1,1,1.0,16,3,2,19,18,5,5-9,C#C[*:1]>>CS(=O)(=O)C[*:1],bd4cb6e71f41c460724a8b1f2c314ad5ead3209157fa0c06958e565cbb94490a,c1ab2429da27ba9c8b563bbc369be4c481d64cd842af98ff0c44c03afd63ff3e,CNCC1CC2CCC(C1)N2c1ccc(C)cc1Br,CNC1CC2CCC(C1)N2c1ccc(C)cc1Br
731ec604f6407aa99cedce0222f8b3a434e86daadffb4fcda38ece9621513bdf,eb759130c948e4bcaa065c6ea1492807490068c236a87e7b1431052433e4ab2a,CNc1cnc(COc2ccccc2[*:1])cn1,Br[*:1]>>NC(=O)[*:1],Br[*:1],NC(=O)[*:1],11397,42101,1,1,1.0,16,1,3,17,19,5,5-9,C1CC([*:1])CCO1>>Cn1ccnc1[*:1],0be844cf7b8593cfcc85b60e94768f203d0db99faba667694ce1a1ec6dbc9209,01c1a3e87364bb09cbec81d171ae17dc2d1b06534116dcc56c6903c72b773a57,CNc1cnc(COc2ccccc2Br)cn1,CNc1cnc(COc2ccccc2C(N)=O)cn1
f2f8be65a4544b9cc86f13e8a00542e51bd72de148decee3e39cf62449d95054,a5490253a9a7cc2eb334b569f0339d31124b6080e5cfb7b4592b3265f1d4efc0,CN(CC1CCCN(C(=O)[*:1])C1)C(=O)c1cccnn1,CC(C)[*:1]>>CCC(F)[*:1],CC(C)[*:1],CCC(F)[*:1],8936,21636,1,1,1.0,19,3,4,22,23,5,5-9,c1ccc([*:1])cc1>>c1ncc([*:1])s1,ad701f871cbcd578ad9d5fd8ec19d2c8407c843d7012315d8ad582949668cc9a,0879b85cfb49ca14be5e6b942d74f69c4b3841de45403ba8b614693579efdc18,CC(C)C(=O)N1CCCC(CN(C)C(=O)c2cccnn2)C1,CCC(F)C(=O)N1CCCC(CN(C)C(=O)c2cccnn2)C1
54786343aa1dcd31577c64661c9bbf373ebd9101ceb689f7de222777866a349d,ae6dbaf98a1bd196bc860cac2752148559d3df3ff9a2d41bd602e6efc4ff20ce,O=C(NC1([*:1])CCCC1)C1CC1c1c(F)cccc1F,CCOC(=O)C[*:1]>>O=C(O)C[*:1],CCOC(=O)C[*:1],O=C(O)C[*:1],32514,44227,1,1,1.0,19,6,4,25,23,5,5-9,CCC[*:1]>>CO[*:1],bff1f5face398f8f1d32daac0175292c972bce64f1fb9ad8702d90d166a1bc6f,27a2db9483b3d84774a09100e651c35d3b7d5afaedfa0d186cb75123777d6827,CCOC(=O)CC1(NC(=O)C2CC2c2c(F)cccc2F)CCCC1,O=C(O)CC1(NC(=O)C2CC2c2c(F)cccc2F)CCCC1
208d82e33da6df8b552df8bb553359beb76941c1a0c33d05af815e6c9baa8dc1,ede29f49548e42f22828c7220191832c0f09d8ed3b2978d83b9dbd9247806aa3,Cc1nn(C)c(C)c1CC(=O)N(C)C1CC[NH+](CC[*:1])C1,FC[*:1]>>F[*:1],FC[*:1],F[*:1],19514,49571,1,1,1.0,20,2,1,22,21,5,5-9,COc1ccccc1[*:1]>>Cc1noc(C)c1[*:1],ada55c7af68f5eba75809cc1d1cf28006fb49fb148359f01240377731286a5ef,a4769f0d932a57792bd18c78effb98e1502c75e426d42400415369b8b1100f08,Cc1nn(C)c(C)c1CC(=O)N(C)C1CC[NH+](CCCF)C1,Cc1nn(C)c(C)c1CC(=O)N(C)C1CC[NH+](CCF)C1
49c0e75514f3c5cb45e2175f04866471625aa4ff59d0582f556df57578e52c44,d22218f19e91f0e69d3d1e23dd251f532a4484fffc78c731b0abccee78e3626a,CC(C)C1OCCCC1CNS(=O)(=O)[*:1],Fc1cccc([*:1])c1F>>c1ccc([*:1])cc1,Fc1cccc([*:1])c1F,c1ccc([*:1])cc1,45926,33213,1,1,1.0,14,8,6,22,20,5,5-9,CN(C)C(=O)C[*:1]>>c1ccc([*:1])nc1,7de1fe9856f363de4a181af29aafd24c3c041b6c22a606da41213c4f0be89fef,bdd368287043597010a61d0e47e3bb51522f1ba2b064fd1a39dbbc4e0085c9a8,CC(C)C1OCCCC1CNS(=O)(=O)c1cccc(F)c1F,CC(C)C1OCCCC1CNS(=O)(=O)c1ccccc1
84df6271028cf57f9128f395805050b998f631ab229ace0ed9a04b7ecd956866,f02e5582897f8a4f8337cfb4f4d3d9abc496b153400aedd97bcaa1468d879394,CC(O[*:1])C(=O)N1c2ccncc2CC1C,Cc1ccc([*:1])cc1>>Fc1ccc([*:1])cc1F,Cc1ccc([*:1])cc1,Fc1ccc([*:1])cc1F,32997,48350,1,1,1.0,15,7,8,22,23,5,5-9,C1CC1C[*:1]>>c1coc([*:1])c1,4af20e40898970d6a0810f1b365b3c5da9daa16bee5dd94b3a959192ac5a25ae,edb0a8c51530457319d67b9296abbc74fca82f8732f1baf42f98851e027f5985,Cc1ccc(OC(C)C(=O)N2c3ccncc3CC2C)cc1,CC(Oc1ccc(F)c(F)c1)C(=O)N1c2ccncc2CC1C
da44a3783cf7eba3d97efc2bad214bc1fd56be8140f52c84adb5a6b1eacf9d2f,2783371568ed6ac036704ebfa1c51500a8f9250bbb86b6e8a0c3f49211af41a3,CC(=O)c1ccc(Nc2ccc([*:1])nc2)c(F)c1F,CC(=O)N[*:1]>>CC(C)O[*:1],CC(=O)N[*:1],CC(C)O[*:1],34461,25065,1,1,1.0,18,4,4,22,22,5,5-9,C1CCC([*:1])C1>>CO[*:1],2bd53be0b7af13a4da6db3ebc53131cd8b7ad58d67e1d896728c7db50f10c5e4,5673aef706263499a0685461c7f900df7d98241b30d4c2837f8fbd4f8874d9f3,CC(=O)Nc1ccc(Nc2ccc(C(C)=O)c(F)c2F)cn1,CC(=O)c1ccc(Nc2ccc(OC(C)C)nc2)c(F)c1F
9e7945fc66ec112616a38ce1c24a33506378843769c1beb94ad32213074ced0d,40c8c916e610f54a8da0c80fd1c5a3729117eabe86257f026db03efdbcb4d7ca,O=C(COc1ccccc1[*:1])NCC1CCC(O)C1,N[*:1]>>O=C[*:1],N[*:1],O=C[*:1],45712,15874,1,1,1.0,18,1,2,19,20,5,5-9,CC(C)(C)OC(=O)N[*:1]>>COC(=O)[*:1],8045517b6792f379b918e18872308346260b595b796e5364ecb1642567f6cd71,96bd61226138a03b1f2552758b88d1a2f3656affbbfd4a15ebf7e2ea100658f9,Nc1ccccc1OCC(=O)NCC1CCC(O)C1,O=Cc1ccccc1OCC(=O)NCC1CCC(O)C1
3f4de1fbc7710a26318ef317843d52dfe1a15ec4c452b7262b954b8acc3b9ca2,e4d77858da822dc5bce31762292e726badf9295de90dc25a116fee5a30346c0c,O=C(NCC1COCC[NH+]1[*:1])c1cc2c([nH]1)CCC2,CC(C)C[*:1]>>CCC(CC)C[*:1],CC(C)C[*:1],CCC(CC)C[*:1],1415,25221,1,1,1.0,18,4,6,22,24,5,5-9,CNC[*:1]>>C[*:1],97887e08e234293d7b57354bde71708c9d83e295173825e777dea1ea983bb301,db3df3daf27dc0cacdc2084fe3234753c93a95217b897c32f3936f99740c56b1,CC(C)C[NH+]1CCOCC1CNC(=O)c1cc2c([nH]1)CCC2,CCC(CC)C[NH+]1CCOCC1CNC(=O)c1cc2c([nH]1)CCC2
5530e1ab201d49ddebdeaa6df8b251d92f7218e5a5c62cbad1689b720d0e6235,fe68dc3df856d3822aa8d36e22d38b509abdb6a75163572cd20866450bd88464,O=C(C[*:1])N1CCN(CC#Cc2ccc(F)cc2)CC1,CCC(C)C[*:1]>>FC(F)C[*:1],CCC(C)C[*:1],FC(F)C[*:1],21275,41758,1,1,1.0,19,5,4,24,23,5,5-9,CC(C)(C)CC[*:1]>>CCC(C)C[*:1],c68c3f8e4b5140ab938bb6ff11e119e7ec42f477395773990ad93fe4a1eea2de,2309a79d61b63b6f7bd1d913835c671da2ccb28d77e01b0b3931c27ac4100e07,CCC(C)CCC(=O)N1CCN(CC#Cc2ccc(F)cc2)CC1,O=C(CCC(F)F)N1CCN(CC#Cc2ccc(F)cc2)CC1
d348cd79adf23e5e67e2da148e7470578259595644fc7d424755eb8838745d69,9835cce9dfd48cd09e5bfffedc6605b330851e59bdf41fd4abfa2a7a9a8fda9b,CC(NC(=O)C1C2CCC(C2)C1N)[*:1],C#C[*:1]>>CN(C)C(=O)[*:1],C#C[*:1],CN(C)C(=O)[*:1],1882,1685,1,1,1.0,13,2,5,15,18,5,5-9,Cc1nonc1[*:1]>>c1cc([*:1])no1,6673dcd77ed1d4e8643cbc4702471b9a7097125abcfbf0dc4cf0a1b8c04dcb2c,986269ec7d0f70d4589d09c2b1cd52b3fcc53f2be919bd75aa4492db9f82a531,C#CC(C)NC(=O)C1C2CCC(C2)C1N,CC(NC(=O)C1C2CCC(C2)C1N)C(=O)N(C)C
cf7ea63d88842a3570de9be8b111a31ab8a1246d3fb9b8928a6f2a20de30d649,d80ccfbd065dce949c53f02b79fa989171703cd45b092d616f4073e0cf30985b,CC(O)C1C(=O)N2C(C(=O)O)=C(COC(=O)[*:1])SC12,CNC[*:1]>>NCC[*:1],CNC[*:1],NCC[*:1],49657,27523,1,1,1.0,18,3,3,21,21,5,5-9,CC(C)C[*:1]>>Fc1cccc(F)c1[*:1],c362ece046ff2907312cb0d8caaf22e588eb6f0368bcdefb5d6431f239ec617d,ea01cb0e7f2c73577d5573b67589fb5c9cbfa5b19c407b351083a673def7334d,CNCC(=O)OCC1=C(C(=O)O)N2C(=O)C(C(C)O)C2S1,CC(O)C1C(=O)N2C(C(=O)O)=C(COC(=O)CCN)SC12
9c7b8949df6475f29b4b9b8dc37ecad9f9bd795887ff23b063ce6ce49b1bd984,4992e8bee4a8161e66d718a14b6b0d74860b4180777d5f35010ca5ea4832091e,FC(F)(F)c1cccc(Nc2ccc([*:1])nc2)c1,CC(C)CC(=O)N[*:1]>>CO[*:1],CC(C)CC(=O)N[*:1],CO[*:1],12770,34090,1,1,1.0,17,7,2,24,19,5,5-9,C#CC[*:1]>>COCC[*:1],cc440683432ab519ae2c350b6a04e1d707f8148f394af4ad0db4dd9b14593488,43186815c53003b0726c583cd345336afefb6d00530b636a508acdba80c9469d,CC(C)CC(=O)Nc1ccc(Nc2cccc(C(F)(F)F)c2)cn1,COc1ccc(Nc2cccc(C(F)(F)F)c2)cn1
7e13e359c12f9b601a8f714e42d9d9abee17ef82e3211bdf7b613b31361c1ed3,549b7d763c03d39de1dc2b9e959fc5d800c525734cd345b28fd861fc35758669,O=C(NCCC1CCN(C(=O)[*:1])C1)c1ccoc1Cl,CC(C1CC1)[*:1]>>CC1(C[*:1])CC1,CC(C1CC1)[*:1],CC1(C[*:1])CC1,42320,47181,1,1,1.0,18,5,5,23,23,5,5-9,CC(C)(C)CC[*:1]>>CC(C)C[*:1],b7ae50128bf3c73351e18b91f570810b92f178e20ee5f7e7d5084a345c78923a,c079ff9bf8afd82da6b889cd0f08058238337310538da4035b2aee748997f1e9,CC(C(=O)N1CCC(CCNC(=O)c2ccoc2Cl)C1)C1CC1,CC1(CC(=O)N2CCC(CCNC(=O)c3ccoc3Cl)C2)CC1
f38664cc02306bd633424aacf7d17644c58c9d6bc24cf6b09fc746b1de08c858,8acd8f7c879ec3d5daea1fc79bbdb65097dc4dd3ce6397a34c707c8e2f4f11bc,O=C(c1cc([*:1])n[nH]1)N1CCC2CC21C(=O)N1CC=CC1,CC(=O)[*:1]>>CC(C)[*:1],CC(=O)[*:1],CC(C)[*:1],4086,36108,1,1,1.0,20,3,3,23,23,5,5-9,Fc1ccccc1[*:1]>>NC(=O)[*:1],13c72929c84eeb9a250649e3417ab0f1487e675ab64f280748dc0c868e748c0f,9864357c64feb4dcf1afe6d258a7ba9208260d00aac3dfd0dc30441f41ac2ce6,CC(=O)c1cc(C(=O)N2CCC3CC32C(=O)N2CC=CC2)[nH]n1,CC(C)c1cc(C(=O)N2CCC3CC32C(=O)N2CC=CC2)[nH]n1
424b62ade6f7e053a5af819c93396a1d4f68c0e736069abd5d53f32401dffacd,aefa799f11cbf31f7de268d4fea79859248bb2347d91b263e59de089e110c115,O=C(Cc1ccc([N+](=O)[O-])cc1)Nc1nnc(-c2ccc([*:1])cc2)o1,CCS(=O)(=O)[*:1]>>CS(=O)(=O)[*:1],CCS(=O)(=O)[*:1],CS(=O)(=O)[*:1],45800,35038,1,1,1.0,24,5,4,29,28,5,5-9,COC[*:1]>>C[NH+](C)C[*:1],4011706b6e9f6d6b36a96a32039d0ecaa68a46102ea17b8ea5c22f5c8b14b7c9,7611cf1e6921614732f5ed63f0ab98f4325b3c027cdc2b35d784b5b9c4d126a1,CCS(=O)(=O)c1ccc(-c2nnc(NC(=O)Cc3ccc([N+](=O)[O-])cc3)o2)cc1,CS(=O)(=O)c1ccc(-c2nnc(NC(=O)Cc3ccc([N+](=O)[O-])cc3)o2)cc1
c24c554431cc6f68e1679e90e1b379a539c734f6bc1a439cdf7b1cc29fbe36ef,33aeda213a5a4b805e09937b123fab194665d18c03ff2ac6ae6559e5bb5ef303,O=C1NC(C(=O)NCC2CC[NH+](C[*:1])C2)CO1,C=CCC[*:1]>>C=CC[*:1],C=CCC[*:1],C=CC[*:1],33840,21472,1,1,1.0,16,4,3,20,19,5,5-9,C1CCC([*:1])C1>>CNC(=O)[*:1],aaa43580e598574efcdf328475a6f7060259216df81c72c195df85223a5455ab,379ca88d9f89f624d40e19f4531a6c6a0a5a464cf4203fb8bbf71bcc96dc7dda,C=CCCC[NH+]1CCC(CNC(=O)C2COC(=O)N2)C1,C=CCC[NH+]1CCC(CNC(=O)C2COC(=O)N2)C1
de0cddcb3bca8e95ea6bd046618682211e00a695c32a90612a70da7fccd74ece,1c634c85a44c1f00d4a5b9eb0d079af12217d08b8fcb9a853e4bcbee60cd17b1,c1ccc(N2CC3C[NH+](Cc4cnc([*:1])nc4)CC3C2)cc1,CN(C)[*:1]>>N[*:1],CN(C)[*:1],N[*:1],18018,21788,1,1,1.0,21,3,1,24,22,5,5-9,C1COC(C[*:1])C1>>CS(=O)(=O)C[*:1],e2b592d99f7ec3cc779937037cbaf268c916bf9c5211a2069a6c93c934a63bbc,adf68fae8073789095c986850d2efd092547e436c80b09916f2309e5f7abbc19,CN(C)c1ncc(C[NH+]2CC3CN(c4ccccc4)CC3C2)cn1,Nc1ncc(C[NH+]2CC3CN(c4ccccc4)CC3C2)cn1
6fa29247c828c3f1fb274c44b0b8f6603dfd92745cd7b15dc386bc121622b5f0,6ff293cee0f99bf48340a0d8c5fb9bb81b8f3b0542ce3760da47731e75dd30f1,CCC1C(=O)NC(C)(C)C(=O)N1C[*:1],C#CCC[*:1]>>CCC(C)[*:1],C#CCC[*:1],CCC(C)[*:1],2425,38531,1,1,1.0,13,4,4,17,17,5,5-9,COc1ccccc1[*:1]>>c1cc([*:1])ccn1,33dd3fef852bb933a3a92989e4d0eda5a4dcb294ccc68e03ad97d173099a15b3,1491b8a005f821249b01b105ee5a4059699152f039cb95338d9f8279f0e388af,C#CCCCN1C(=O)C(C)(C)NC(=O)C1CC,CCC(C)CN1C(=O)C(C)(C)NC(=O)C1CC
d2892617718ee2a6e5e587e1c4d75770f2a0bbdfd2b4f6b821a556219d4fdcb7,086ab8b88eba72f34f970a7009e17375246f0e69cfd7dff6b2bba7bee98b6380,O=C(Cc1cc[nH]n1)NCC1CCCC1NC(=O)C[*:1],CC(C)(C)[*:1]>>CC(C)O[*:1],CC(C)(C)[*:1],CC(C)O[*:1],20596,39301,1,1,1.0,19,4,4,23,23,5,5-9,COc1ccc([*:1])cc1>>Fc1cccc([*:1])c1,f80fa36bfa5e7828c0befeea9cb784533deb92319c8affce654ae8fa4aab5d76,fc54e50c2cd76e43aee9e411844bb209795074e803b03cbef747e3a67e9f90d2,CC(C)(C)CC(=O)NC1CCCC1CNC(=O)Cc1cc[nH]n1,CC(C)OCC(=O)NC1CCCC1CNC(=O)Cc1cc[nH]n1
ba014b2250377e1580316fe1a30aa31dc79adbe1a4e64951dfc9f85cd3728d79,4ed8c892691d122360b12ba23e95c3d193b8308170d9f656f456a37231fe755b,O=C(CN1CCSC1=O)NCc1cccc([*:1])c1,COC(=O)[*:1]>>FC(F)(F)CO[*:1],COC(=O)[*:1],FC(F)(F)CO[*:1],40873,4604,1,1,1.0,17,4,6,21,23,5,5-9,CCC(C)=C[*:1]>>CCC(C)C[*:1],2ea681c0c39c34eef7231d1601ddd452fa6dbaf6c60c023f2ee2b0191b42851c,77d2eb955e97ed5ef9d9817e6dc0e9563459b343e8a35e1349c153f97453f353,COC(=O)c1cccc(CNC(=O)CN2CCSC2=O)c1,O=C(CN1CCSC1=O)NCc1cccc(OCC(F)(F)F)c1
e99f5d1e6d708b73936c5b45818fb2a11f08f5196a05d695294c6bb3b6ccfe86,2f930a783e2708d6528ef1dcb95e56ea520236f70da5ebda38bfc4ca77be5cd8,Cc1n[nH]c(C)c1CC(=O)NC1CC[NH+]([*:1])C1,CCCC[*:1]>>COC(C)C[*:1],CCCC[*:1],COC(C)C[*:1],28365,49908,1,1,1.0,16,4,5,20,21,5,5-9,C1COC(C[*:1])C1>>CCC[*:1],5850a72ae6640e541e3d6159de0a8cab89fbdcb3e0939e4e75137f70bee5bc2c,283932290e674496200a9763cb698237fa9c1d33b64412552db22884b53f1d07,CCCC[NH+]1CCC(NC(=O)Cc2c(C)n[nH]c2C)C1,COC(C)C[NH+]1CCC(NC(=O)Cc2c(C)n[nH]c2C)C1
e5229602112f40be6256c1a68c0034651a6d9871b1a2e1e512da56f130ceeae7,a92c378acc210d7ca1eee3ddb968f2d238c1e705bbcb9f9f236dd1fed332f586,O=C(NC1CCCC1[*:1])C1CC1c1ccc(F)cc1F,F[*:1]>>NC[*:1],F[*:1],NC[*:1],10108,436,1,1,1.0,19,1,2,20,21,5,5-9,C1CC1C[*:1]>>C1CCC(C[*:1])CC1,b7e7269608ebedb3f64646a952e97447dffb72331cfc3ce47dc67fbd1489edd5,d15f8f149c129081e352a2745a0acb9a59873aef632248bcdb1943e2d77bd976,O=C(NC1CCCC1F)C1CC1c1ccc(F)cc1F,NCC1CCCC1NC(=O)C1CC1c1ccc(F)cc1F
3b236effbeba0ebaf9a5533d2905de58fd5dfa191c48ea5289faa73da2fa5234,b6d060ce4e2d466a77e8ec0cf217c334fbd8187b304901d2f88921d54df84b0a,Cn1ncc(C(=O)NC2CC([NH2+]C[*:1])C23CCC3)n1,CC(C)[*:1]>>CCOCC[*:1],CC(C)[*:1],CCOCC[*:1],28936,27706,1,1,1.0,18,3,5,21,23,5,5-9,C1COC([*:1])C1>>Fc1ccc(C[*:1])cc1,08fe9dac1f12f7136fe8bc48901a762128e046f228c2cda431584b3c8419ffbd,beaf46e0b48b9a7bcb708c22ca5f9063de8b9b4d180e55b1a6547d019ea5feed,CC(C)C[NH2+]C1CC(NC(=O)c2cnn(C)n2)C12CCC2,CCOCCC[NH2+]C1CC(NC(=O)c2cnn(C)n2)C12CCC2
ea3bdb50fbb341979eba9a37cca3beb05c7d48b3806705c8e95d543106b87043,4d73f6468c3f8c3e9bb1e5074b0067f788e7229c2981a858b64363b878fe8195,S=C(NCCCOC1CCCC1)Nc1ccc([*:1])cc1,CC(C)O[*:1]>>N#CC[*:1],CC(C)O[*:1],N#CC[*:1],24747,10488,1,1,1.0,19,4,3,23,22,5,5-9,FC1(F)CC(C[*:1])C1>>c1cncc(C[*:1])c1,3af0b37a19483a6e1b5a10532431513aee5d7b2556accac2175ef66173e805ad,e913b59579ee2e40b59a4cf2e3f1959c268d3ddd05959c5d1863b465e0052841,CC(C)Oc1ccc(NC(=S)NCCCOC2CCCC2)cc1,N#CCc1ccc(NC(=S)NCCCOC2CCCC2)cc1
9c0a6b3e4c8b3211cd181122f4023c46cbb04d8d4f59f44b99e22e4538979b28,2af534e2914428c46af20ef4d638aa5b9d32db9088abe378b05b3aa5748994e5,CC(C(=O)N1CC2CCN(C(=O)C3(C)CC3)CC21)[*:1],Cc1cccc([*:1])c1>>Fc1ccc([*:1])c(F)c1,Cc1cccc([*:1])c1,Fc1ccc([*:1])c(F)c1,47748,30929,1,1,1.0,18,7,8,25,26,5,5-9,C1COC([*:1])C1>>CNC(=O)[*:1],1fcc36d0f9c4cb9ef3fa6975bea306259f7782e050dc3ead73df12fb1e4dca01,da488bac8bedd72e5411dcd5ed05f1e2bc556c9f886c84c31d753215a74e4aae,Cc1cccc(C(C)C(=O)N2CC3CCN(C(=O)C4(C)CC4)CC32)c1,CC(C(=O)N1CC2CCN(C(=O)C3(C)CC3)CC21)c1ccc(F)cc1F
b5bee68c599a9d6f7174114add95b69910987c59d15fe78ef6b29d8fe144e1a1,3b789472a52724d8bb8d7b7a6411eed076aac37f02097c4ea8f1f1cdab2e30ca,Cc1c(C(=O)NCc2ccccc2[*:1])oc2c(C)cccc12,OCCO[*:1]>>OC[*:1],OCCO[*:1],OC[*:1],45481,42131,1,1,1.0,21,4,2,25,23,5,5-9,C1CC([*:1])CCO1>>c1cnn(C[*:1])c1,ce93b896e8a71f54fd12bf42c6249c1557d66ecb72bcdb8bcfb15c47213aa81e,7acf3c215b22de72e6f368151261a5c3b9f92d2dfe1b5ccc5bd1e98a3240d491,Cc1c(C(=O)NCc2ccccc2OCCO)oc2c(C)cccc12,Cc1c(C(=O)NCc2ccccc2CO)oc2c(C)cccc12
9742bc928653fd0389dc0d5e0974edc09f95146032f41475862210c33f3e182c,74551c3b23ace22614842d6cd68bfab676c023b5e7f52ae53097c262c18c6503,Cn1cc(CN2CC[NH+](C[*:1])CC2)cn1,C=CCC[*:1]>>COC[*:1],C=CCC[*:1],COC[*:1],34392,27995,1,1,1.0,14,4,3,18,17,5,5-9,CC(C)C(C)C[*:1]>>CCC(CC)C[*:1],9af81eaf5bdc94fcfd7a3807b0b399dfa7387adc354b1587a169fd6aecb5111d,c8dd938cc476616cc79a09e2e59a3aac4c3552f07ef3ef584df0a57900e5fa02,C=CCCC[NH+]1CCN(Cc2cnn(C)c2)CC1,COCC[NH+]1CCN(Cc2cnn(C)c2)CC1
d6d43c01538bdfe5df763a2266479e7a19b509d0237f639ea379b644a10af6c8,61e59f84e5908bdac43dae4e9b7b4419dbdcb897344a93b1a56bbc1cfcae4dca,Cc1nn(C)c(C)c1CC(=O)N(C)C1CC[NH+](C[*:1])C1,COC(C)[*:1]>>FC[*:1],COC(C)[*:1],FC[*:1],2643,49571,1,1,1.0,19,4,2,23,21,5,5-9,CCC(C)[*:1]>>COc1ccc([*:1])cc1,bcdda43b6981ad1ecf7a39443eb0c498954eb927d0c3ae288ecb454659830cdf,a4769f0d932a57792bd18c78effb98e1502c75e426d42400415369b8b1100f08,COC(C)C[NH+]1CCC(N(C)C(=O)Cc2c(C)nn(C)c2C)C1,Cc1nn(C)c(C)c1CC(=O)N(C)C1CC[NH+](CCF)C1
4dc60fc7ce619762a6f58ed0966a2e5d17a35fb64232b4b9e6f9ecde805c374f,47c916e8e8e02c1e17781d9f21feb5c9269ff5d5d43a468f216fea8bd9d505ef,Cc1nn(C)c(N)c1C(=O)NC(C[*:1])C1CCCCC1,OC[*:1]>>[NH3+][*:1],OC[*:1],[NH3+][*:1],4915,12802,1,1,1.0,19,2,1,21,20,5,5-9,c1cncc([*:1])c1>>c1nc([*:1])cs1,30e60e064f03ac74e2283baf67d2752bcaecd89b73322c7e5d5bbbc1229ff0bc,96497175448c91bac1aa2fcdc1eeda17d68657b5efff96fbfb526ac7c4aeac35,Cc1nn(C)c(N)c1C(=O)NC(CCO)C1CCCCC1,Cc1nn(C)c(N)c1C(=O)NC(C[NH3+])C1CCCCC1
b99b5f03e2252ae143a3ba21c6af1648fa2cd70338f8f6637aa537b31c74eb1e,43615f233ad92af305bfa902c33bbfd03d3ecac30742109b99d44a6ee96891ea,COC(=O)c1cc(C[NH+](C)Cc2ccc([*:1])cc2)on1,Br[*:1]>>CN(C)[*:1],Br[*:1],CN(C)[*:1],18433,42233,1,1,1.0,19,1,3,20,22,5,5-9,COC(=O)N[*:1]>>CO[*:1],9588ee6c2bc18d3c58e3607743bb806eb9e90e70ebb79fcbcea9d88dbdac3d5e,5e1d0fd88d549b5c98b965bcbd9c704fae51609242adcdfe85bfab6721fc2e9d,COC(=O)c1cc(C[NH+](C)Cc2ccc(Br)cc2)on1,COC(=O)c1cc(C[NH+](C)Cc2ccc(N(C)C)cc2)on1
bda71c8859ecc45ac7e77125120c552246265cd8f453d8f37ac0de09b01b0eae,a01fb2373181e9d89ea9cd93f98875695f070a50dd088cf934eb0ba4fc6a8967,O=S(=O)(NCC1CCCOC1)c1cccc([*:1])c1,Cl[*:1]>>NC(=O)[*:1],Cl[*:1],NC(=O)[*:1],43180,11007,1,1,1.0,17,1,3,18,20,5,5-9,O=C(O)[*:1]>>O=C[*:1],b1922e77c83fcd5840da22afced0951151d09e8b99cfa8b56fbd03c5fe437f7b,f852f79f511f0234750ddfefce935c1dae1652cbbba9b9d283041a2cda219410,O=S(=O)(NCC1CCCOC1)c1cccc(Cl)c1,NC(=O)c1cccc(S(=O)(=O)NCC2CCCOC2)c1
c439a38564824d79932335960f593c062e2b16ca2b19291a5bcd049933f8b77f,d45ee33ad83187d73ac847ec50ab2348e6646c8ebfdaa4303fce3a6beccb93a5,CCC(CNC(=O)NCC[*:1])[NH+]1CCc2ccccc2C1,Cc1cccc(C)c1[*:1]>>c1ccc([*:1])cc1,Cc1cccc(C)c1[*:1],c1ccc([*:1])cc1,46301,46249,1,1,1.0,20,8,6,28,26,5,5-9,COC(=O)C[*:1]>>Clc1ccccc1[*:1],8bc2b5bcb4471b28417e946648bfab27480f9efe374051bc70c1324744e65ce2,5e000c4670ac80b4f1be6239736f94af5a9f890d1533b5a2e9acefb283549560,CCC(CNC(=O)NCCc1c(C)cccc1C)[NH+]1CCc2ccccc2C1,CCC(CNC(=O)NCCc1ccccc1)[NH+]1CCc2ccccc2C1
ee9f96b438a3432f72a4acd31081b95829023d8d502a9595145cfae6f284a014,1f79ba5d7e6ad00ba6d3a00ce297d2505f4fa409ddbe65c1f2eaadafca973111,CC(C(=O)N1CCCC(N(C)C(=O)C2C3COCC32)C1)[*:1],CO[*:1]>>c1cnn([*:1])c1,CO[*:1],c1cnn([*:1])c1,7024,43523,1,1,1.0,20,2,5,22,25,5,5-9,C1CCCC([*:1])CC1>>CC[*:1],32a8805cd83d7b91ed631ae4957c2cee1e163f8f3c8bf74fbffbc6a32177e75a,246312def64798bf213adc019316bc6f4124abf239e472331fc94bf844398744,COC(C)C(=O)N1CCCC(N(C)C(=O)C2C3COCC32)C1,CC(C(=O)N1CCCC(N(C)C(=O)C2C3COCC32)C1)n1cccn1
c1646932e5475edeee842a2c1da3b80e9c0e80fbf2f44861fb1ef7d879e7163f,54f2c3f04f4457e3e297f85b685b08be09d46fbe16ef0d9e34127e8340ee0062,CN(C(=O)c1cc([*:1])c[nH]1)C1CC[NH+](Cc2cccnc2)C1,CC(C)C[*:1]>>F[*:1],CC(C)C[*:1],F[*:1],31884,15915,1,1,1.0,21,4,1,25,22,5,5-9,CC[*:1]>>Cc1ccccc1[*:1],3d8d6d900d12ec79e1d920aa274c97f5cead083fac2348cc867360bfa1bf8726,6dae9a787bdaea692d1507087bae45d04b2f3675c34ddf898f6a7709c215687f,CC(C)Cc1c[nH]c(C(=O)N(C)C2CC[NH+](Cc3cccnc3)C2)c1,CN(C(=O)c1cc(F)c[nH]1)C1CC[NH+](Cc2cccnc2)C1
3b8f7270acbcc6f4ac0e1d1e4110b19238e86490ad2294f12ee3f87552ff1037,fed9180ed12654cd23fc06047e8e5e98b005cf73c8053d2682ad09972cf1a56d,CC1(c2ccccc2)CN(C(=O)NCc2ccc([*:1])cc2)C1,CC(C)(O)[*:1]>>N#CC[*:1],CC(C)(O)[*:1],N#CC[*:1],3871,2166,1,1,1.0,21,4,3,25,24,5,5-9,C[*:1]>>c1cnc([*:1])cn1,d7437c12cc953405ff438e93dfd64b887108ad2bd75af455dfdd4cf5a324171b,af48bb852f0bc75f115a4dfb9000dfb84a49451d932d2cad52c25c7a760ee4ae,CC(C)(O)c1ccc(CNC(=O)N2CC(C)(c3ccccc3)C2)cc1,CC1(c2ccccc2)CN(C(=O)NCc2ccc(CC#N)cc2)C1
34bcc7a786adf2922446c91fadf58f51e4142b5b1eeca5c139253d8a5fb6e57d,51e5c2e6e23f15cac938ffaed9ee1b5e3f0b70070f6aab162fa98c375f570ed4,Cc1cc(C)nc(-n2nc(C)cc2NC(=O)N(C)C[*:1])n1,CC(C#N)[*:1]>>CCC(C)[*:1],CC(C#N)[*:1],CCC(C)[*:1],1585,18374,1,1,1.0,20,4,4,24,24,5,5-9,CCC(CC)[*:1]>>Fc1ccc(C[*:1])cc1,bea0f086e1ea1bd61423d0e4fac57be9107f545553dad922c14df7ca2e5a9bd9,41adce79c9cecd634d75cbfe086e7a1c2846a9f6329a727c5599753f7ace257d,Cc1cc(C)nc(-n2nc(C)cc2NC(=O)N(C)CC(C)C#N)n1,CCC(C)CN(C)C(=O)Nc1cc(C)nn1-c1nc(C)cc(C)n1
d7d06e580ccfbea56f7eb12bc4195f6e5e498190b7137b1b69d6aaa971a7b1e6,bc755405f9881ec20adf41272db928b906ab31b7c281ece753fb77f7a22453ff,Cc1[nH]nc(C(=O)N(C)CC2CC[NH+]2C[*:1])c1C,C#CC[*:1]>>C=C(C)[*:1],C#CC[*:1],C=C(C)[*:1],34876,15841,1,1,1.0,17,3,3,20,20,5,5-9,CCC1(C(=O)N[*:1])CC1>>CCCC(=O)N[*:1],acbef42723cfe453cddeb948797380124c877ec8d77601dd0591acc239457171,67fdf44050aa8b214a5e82d62d4c319cec3b3950479723fa71965550cbcaa57a,C#CCC[NH+]1CCC1CN(C)C(=O)c1n[nH]c(C)c1C,C=C(C)C[NH+]1CCC1CN(C)C(=O)c1n[nH]c(C)c1C
32844d861a058bb3976a3a1fdbd975149ffef99aa3c70c3b86a4277649d467ea,0ff9f67252f1a6c50a73ea3dffb1ec8d191293b3f6c87e4b35721a66ab5060b5,FC(F)c1cccc(Nc2cncc([*:1])c2)c1,CC(C)(O)[*:1]>>CO[*:1],CC(C)(O)[*:1],CO[*:1],46675,20696,1,1,1.0,16,4,2,20,18,5,5-9,CC(C)C[*:1]>>c1coc(C[*:1])c1,0e42034037b342ea5925b27f163928b8478432f31f46a8224a43a0331921c032,347ddf6bdf5371c13fb98cf186fcfc434739c77c09af8935fe068ede084c9f63,CC(C)(O)c1cncc(Nc2cccc(C(F)F)c2)c1,COc1cncc(Nc2cccc(C(F)F)c2)c1
94d7c7d0c01599da18dadde5c6107b4e6f9cf50904268bf523fbc5bbc62c86d3,7ceacbe6c8cc06da9123e7c21bb0f132c2622a828a0cfb8ed6448bb0cc0b9d76,CC(OC(=O)C1(C)CC(F)(F)C1)[*:1],Fc1ccc([*:1])cc1>>N#Cc1cccc([*:1])c1,Fc1ccc([*:1])cc1,N#Cc1cccc([*:1])c1,362,18634,1,1,1.0,12,7,8,19,20,5,5-9,FC(F)(F)O[*:1]>>N#C[*:1],561aa3f3d20f09269cf09e19e4880ad156012d5985975edc6cc52a9075a2c7be,9b6c34ed63f6a9ab1e419b7e88980a69260ee27be5ecc7589fd62a4c4cfe29e1,CC(OC(=O)C1(C)CC(F)(F)C1)c1ccc(F)cc1,CC(OC(=O)C1(C)CC(F)(F)C1)c1cccc(C#N)c1
9476273e4120d54c65b2af1d30e4c49621c7b3425e2eda99f754e3a2eca48c85,a5910a3bf3798d35b4862c7d7cc19fa4d765b9eb03ca87aaccb10f68e9d4ad66,CCCN(CCC)C(=O)c1cncc(N[*:1])c1,Cc1ccc(C)c([*:1])c1>>Fc1ccc([*:1])cc1,Cc1ccc(C)c([*:1])c1,Fc1ccc([*:1])cc1,28482,22693,1,1,1.0,16,8,7,24,23,5,5-9,C1=CC(C[*:1])CC1>>CCC(C)[*:1],8e567b242b967ff091718e69209687cee7b48b2f97b7e30c1ce038eba9f8b1a3,ace110d6a7692cfbdc19af8c6fe71401761350b418e7493a50975f96cf30a817,CCCN(CCC)C(=O)c1cncc(Nc2cc(C)ccc2C)c1,CCCN(CCC)C(=O)c1cncc(Nc2ccc(F)cc2)c1
8e097bd814969ef2bb02b94070b6411881bc935a74736074e4ca8e73e684f08b,33116d65fb60ac7f5092e86837d65d37f3180724eead9581d95e3df2cb9a14e0,CC(NS(=O)(=O)c1ccc([*:1])cc1)C1CCCOC1,CO[*:1]>>C[NH+](C)C[*:1],CO[*:1],C[NH+](C)C[*:1],25904,21142,1,1,1.0,18,2,4,20,22,5,5-9,c1ccc([*:1])cc1>>c1coc(C[*:1])c1,75862bc3510cb2bbf43f585fcd3534ef50cc885ae8a44113b8b6e981495a1ba0,1bc3b0e1c8df4ffa564acb9a901c1152b549962fe8df5edf52d02d52a241b304,COc1ccc(S(=O)(=O)NC(C)C2CCCOC2)cc1,CC(NS(=O)(=O)c1ccc(C[NH+](C)C)cc1)C1CCCOC1
be4c048300a7d1dcd453012ee4d9c25c5061dd168b6c3e9739030317fea6041f,b81ce2fc6f6eb9f63b56b39e107c2c716772779bc5ffd90068c1e6bc8093f64a,C1CC2COC(C(C3CCOCC3)[*:1])CN2C1,CCCN[*:1]>>N[*:1],CCCN[*:1],N[*:1],45777,16813,1,1,1.0,16,4,1,20,17,5,5-9,COC(=O)C[*:1]>>NC(=O)C[*:1],b1f412ba67d3f3178aae932341522a69160731ab8bff7c04c29cbe10bab7330e,204f9cc460651c49a3b59cac552d864f6cf11ceecfda4bee0b092747a20e183a,CCCNC(C1CCOCC1)C1CN2CCCC2CO1,NC(C1CCOCC1)C1CN2CCCC2CO1
a0034b8ff2977d206137453e29feaacf54197447b63ae76556a653202ef12792,e7f5aae7d2928e888b845d7fc68331ecf05d9d1a1659432eacf4911479d1916e,COc1nsc(CN2CCOC(C(C)(C)C)C2)c1[*:1],Cl[*:1]>>O=C([O-])[*:1],Cl[*:1],O=C([O-])[*:1],10552,22858,1,1,1.0,18,1,3,19,21,5,5-9,N#C[*:1]>>NS(=O)(=O)[*:1],078ac47fa458fe588cedfd2113e30969aef95eb229227b41dbabb5032d998c68,962e38dcb1ad6732d94337939c68cd006eebc539fedb48e76807743ade3dd918,COc1nsc(CN2CCOC(C(C)(C)C)C2)c1Cl,COc1nsc(CN2CCOC(C(C)(C)C)C2)c1C(=O)[O-]
e1faac5184532074bbd7c9659488a42f881e02d483a24b8ad08a33113c9d9ce8,8ab685ba4b96b0e6d6fff4d87f88605aed16cb4f764e607286ef6b955f3daf72,Clc1ccc(Br)cc1Nc1cccnc1[*:1],NC(=S)[*:1]>>N[*:1],NC(=S)[*:1],N[*:1],3808,36439,1,1,1.0,15,3,1,18,16,5,5-9,C1CCC([*:1])CC1>>Clc1ccccc1[*:1],7f8ae6243d38b22886a84c5106ebb191ad147abe26df8b702552cb83ab29affc,4971862fb9dc3993a7ce6ae18d1394e55718d33a109220a9b492c94ed4da1e49,NC(=S)c1ncccc1Nc1cc(Br)ccc1Cl,Nc1ncccc1Nc1cc(Br)ccc1Cl
0baf34fe1fdaf12b11b439e42004a05237445cf695f6243bebcb02e1c91664f1,d4313caf5cedda5da587caeda38ab80c61d5a9abd1695e4c5a437034868d7d1e,O=C(CN1CCC(NCC2CC2)CC1)N[*:1],CCC[*:1]>>N#CC[*:1],CCC[*:1],N#CC[*:1],33559,38833,1,1,1.0,15,3,3,18,18,5,5-9,FC(F)[*:1]>>F[*:1],4d965c2d439badace3e77854e078ce75f3802c234da61ca9363fcfa4b02fb5fe,12ab90a857e6a7612dddf86e1811090ada93e90f109d0a1955280ff0a4ef9d75,CCCNC(=O)CN1CCC(NCC2CC2)CC1,N#CCNC(=O)CN1CCC(NCC2CC2)CC1
1fdddbedc6b682055b8924ae81124f2302909135afbd2a8d3805b0986ccd0fb8,79e467a0d4fedd37ee0e4c70cfd46934e45fc82e06c474db2f055e9bc6072bc8,Cc1nccc(C(=O)NC2CCN(C[*:1])CC2O)n1,CN(C)C(=O)[*:1]>>OC[*:1],CN(C)C(=O)[*:1],OC[*:1],24060,18402,1,1,1.0,18,5,2,23,20,5,5-9,O=C([O-])[*:1]>>O[*:1],d3403601de201d626d81e5f26e15919fe4aa74ee8d52c0e7d9a45cd4aaab97c2,584aa3740e7497f4362e930a5fe5d62454fb53904bcaa6fb1c669d9ff9a2f729,Cc1nccc(C(=O)NC2CCN(CC(=O)N(C)C)CC2O)n1,Cc1nccc(C(=O)NC2CCN(CCO)CC2O)n1
19271b9688ca745bbfb48338f12c146b6fcaa10ce7939b75aa8b253525293a53,bca8d80ffc34db510d5b8dfabfdca775ab9be03da235dae322d62d4ca173c22a,O=C(C[*:1])N1CCCC2C1CCN2C(=O)C1=CCOCC1,CC(=O)N(C)[*:1]>>COC[*:1],CC(=O)N(C)[*:1],COC[*:1],18190,43537,1,1,1.0,20,5,3,25,23,5,5-9,NC(=O)CC[*:1]>>NC(=O)C[*:1],92cd74b71e7fd2787e591aabdcba713e399424192c6ce1c3b4f766f60f2769c3,7988bfe3a2f6b3a70bef028164fb98f7b1bfe2d91bed9cfbf619cb5ad0e00792,CC(=O)N(C)CC(=O)N1CCCC2C1CCN2C(=O)C1=CCOCC1,COCCC(=O)N1CCCC2C1CCN2C(=O)C1=CCOCC1
247cbcc41ceafe5328dee2661442f2fc91dece9fc0b61d69d799d5a47b60a127,786b3826505b331218900247ed86caf003ff559fe0255fe1cc4c3605d54aef65,S=C(N[NH+]=Cc1ccc(O[*:1])cc1)Nc1ccccc1,CC[*:1]>>C[*:1],CC[*:1],C[*:1],34406,35698,1,1,1.0,19,2,1,21,20,443,20+,COCC[*:1]>>C[*:1],be6dba6d516c3bc72add1699ff85e39edbf66b8c385b4be7cb1030fbbbd7522e,175985541f96b7947c15a55b4c5031c594aa08a0caa57b934917a2f4527f7724,CCOc1ccc(C=[NH+]NC(=S)Nc2ccccc2)cc1,COc1ccc(C=[NH+]NC(=S)Nc2ccccc2)cc1
526363da869be0ca9ebc16c1dbad2bad09688664b2788c5b77bdb463ba5b7297,6d257d5d0b8d5692c07dbcb1592a5f24cdf7045fab1e877834a8a282f4b941ec,CC1C(=O)NC([*:1])C(=O)N1CCC(F)(F)F,CC(C)[*:1]>>C[*:1],CC(C)[*:1],C[*:1],27527,19591,1,1,1.0,15,3,1,18,16,206,20+,CC[*:1]>>COC(=O)[*:1],d48e06be9e44aeaa96e0928ae6388f81b23b5e9b2e79163d8e238d5582350347,f74d1e591f86203942a0bc0b618671a1b6d53c66a00eb19d2baa9754c6a441e8,CC(C)C1NC(=O)C(C)N(CCC(F)(F)F)C1=O,CC1NC(=O)C(C)N(CCC(F)(F)F)C1=O
06d8c4a2b4db8eba55c43f69a51446a9d2643c92c59770c9bf47521613cbaa03,6d30078d6ab8b48ec76148832a638271f8a707c6b78acbf3afcab242aaaf5d14,CC(NC(=O)c1cn[nH]c1)C1CN(C(=O)c2ccc([*:1])s2)C1,C[*:1]>>F[*:1],C[*:1],F[*:1],46027,20018,1,1,1.0,21,1,1,22,22,159,20+,COC(=O)[*:1]>>N#C[*:1],0e07972006e14ac30a623db3591d5f63bb3b247ac839e553f60c22491dc2c64c,15f2bbdef3323e19bcf98f64c96d3a79124ffadcb36fbd8d7ed9962f4c89429e,Cc1ccc(C(=O)N2CC(C(C)NC(=O)c3cn[nH]c3)C2)s1,CC(NC(=O)c1cn[nH]c1)C1CN(C(=O)c2ccc(F)s2)C1
8f59f610a39646b99c8174d20b1134e5761790488bd0801605e880525f79d981,dafcc80674ec3e0926d4a9fabdc3751d80d68c3b578516d4367cafd9b8066a09,CCN1CCCCC1Cn1c(C[*:1])nc2cccnc21,CC(C)[*:1]>>CC[*:1],CC(C)[*:1],CC[*:1],16659,49355,1,1,1.0,19,3,2,22,21,155,20+,C1CCC([*:1])C1>>c1ccc(C[*:1])cc1,5aed7c512c5126ac0710db5f6a0271d41563495a4895ac6b740149de64a05d74,f526acce37ae452e20a837f10c28b9037fb5239f9c6d79911a2d773bfa8e65a0,CCN1CCCCC1Cn1c(CC(C)C)nc2cccnc21,CCCc1nc2cccnc2n1CC1CCCCN1CC
3569c0d0ac92d022cd46681bc9784428601a15dde3a21c57fb5ed49d99dad5ad,19043a0545f51a564251c1a605256ad5ae76c089d8f004dd272cc0693750ccd7,Cc1ccccc1-n1nc2c(c1NC(=O)C1CC(=O)N(c3ccc([*:1])cc3)C1)CSC2,Cl[*:1]>>F[*:1],Cl[*:1],F[*:1],7784,39292,1,1,1.0,30,1,1,31,31,150,20+,C1CCC([*:1])CC1>>CC(C)(C)[*:1],efc158992583b21be2dca96e80cd290c6b2d5dc3d3bae812bbdbc21969c1d692,e2285ecbe2ec928637a3d488bfa839bc1ec8220e4db8aa5bb89a83e264c118d0,Cc1ccccc1-n1nc2c(c1NC(=O)C1CC(=O)N(c3ccc(Cl)cc3)C1)CSC2,Cc1ccccc1-n1nc2c(c1NC(=O)C1CC(=O)N(c3ccc(F)cc3)C1)CSC2
8a62419a42f9f080da741523c654fdf79889a9b99e9218976b471c03c5d0c8f4,82555bbb7a7cb926a7cfb108b8ed367d744305db4ead1f0ea46c7d0525d7e35b,CC(c1ccccn1)C(Cl)c1sccc1[*:1],C[*:1]>>Cl[*:1],C[*:1],Cl[*:1],33616,35617,1,1,1.0,15,1,1,16,16,142,20+,C1CC1[*:1]>>CC(C)C[*:1],0d520a47d4dc53501f513c221ff7340f0162d8f89fe429dc601008bf49c60961,a95ec25179501af42b16f89ae7511c1b9abf00a1a9210aeca7676e872126f998,Cc1ccsc1C(Cl)C(C)c1ccccn1,CC(c1ccccn1)C(Cl)c1sccc1Cl
f5aacd128a639ba03bedabe77dc0e0e14b14d03fed10f90344521a49698591d0,bc750ee2317b1184f786a6e20217e500e19104866d42ffdc035d4ce7243ab683,COc1ccc2cc(C=NNC(=O)CN(c3ccccc3[*:1])S(=O)(=O)c3ccccc3)c(Cl)nc2c1,CO[*:1]>>F[*:1],CO[*:1],F[*:1],16946,29981,1,1,1.0,35,2,1,37,36,98,20+,C1CC1[*:1]>>COC[*:1],4a1a2404da24e9ac120b919adcf2bd3cb6e375e5bf0bd0313b48ef02c57a46d9,c32efb48aacf6de4ead92ec2b5120bd7813bfafc7ad8f5bb1d62177599fbc5b1,COc1ccc2cc(C=NNC(=O)CN(c3ccccc3OC)S(=O)(=O)c3ccccc3)c(Cl)nc2c1,COc1ccc2cc(C=NNC(=O)CN(c3ccccc3F)S(=O)(=O)c3ccccc3)c(Cl)nc2c1
f0999d1e6a896cc766a995d13f928224ed02fd82a7db4a887a3dc1ef2650b4dd,99bb8fa40e9cbddcf88a18667cac55ce9ccf3003173081c3fce811c4ef1ef89a,CC1C(=O)N2CCCC2C(=O)N1c1ccc([*:1])cc1,Br[*:1]>>Cl[*:1],Br[*:1],Cl[*:1],5172,26399,1,1,1.0,18,1,1,19,19,92,20+,CC(C)(C)[*:1]>>CC(C)C[*:1],715748b75957de60eb0a44a3418ec24b960bda8aaf1b3ab6f9f78769d60f7bc0,0e2d2b1366d28c565d18b3bbb4091cba8c6638305f07b5ae59adcc07bce160dc,CC1C(=O)N2CCCC2C(=O)N1c1ccc(Br)cc1,CC1C(=O)N2CCCC2C(=O)N1c1ccc(Cl)cc1
8ae437fc9f0a221ded9e0818c65a46c8c82f043abc624f3a265c8c87dd8266ea,ed7c4cee4fb103c6af58f0c52e5f0508754b4ff0c2bceddd978f140bec6a956d,COc1ccc(F)c(F)c1Nc1ccc(C)nc1[*:1],Br[*:1]>>C[*:1],Br[*:1],C[*:1],12940,14027,1,1,1.0,18,1,1,19,19,83,20+,Br[*:1]>>FC(F)(F)[*:1],4f02bb36f3cad1fa7de542e48ea377e6c6016580b6023a79f896367f3186583d,518c5b073f5dc8d11d570ad3a5c786ca28e96ca4a9d3d1b1a0899d0cf9419777,COc1ccc(F)c(F)c1Nc1ccc(C)nc1Br,COc1ccc(F)c(F)c1Nc1ccc(C)nc1C
83fe2bae3cff577bee2fa22c33a965040b340965095eb6e55f32accf5ad6d867,8deffc9add0f977d1a9135c8d9ff94e86c720488c40727993c492a843a4c7892,O=C1NCCCN1CC(=O)N1CCCC2C[NH+]([*:1])CC21,CCC[*:1]>>C[*:1],CCC[*:1],C[*:1],30761,33251,1,1,1.0,19,3,1,22,20,79,20+,N[*:1]>>O[*:1],2a0af10ed3acf8bd7a7a95178b234ae396b036fc8d1c59a05809030caf1597c1,2820a90c45c3d444e59a57cb80a1f5115cec3ce07d5a4dbe093cef51fa9c213c,CCC[NH+]1CC2CCCN(C(=O)CN3CCCNC3=O)C2C1,C[NH+]1CC2CCCN(C(=O)CN3CCCNC3=O)C2C1
f5bf64f4897f355201ffe60eb31ce85e33380128bf4db9b0641f5a2ebfc08a33,0096002b4f09fc70707e53fcdf36a76fe425121186de3732305440f5eb50019a,C[Si](C)(C)C1([*:1])SCCCS1,CC(C)(C)[*:1]>>C[*:1],CC(C)(C)[*:1],C[*:1],10668,16667,1,1,1.0,10,4,1,14,11,78,20+,C[*:1]>>OC[*:1],96ba1e444d02c085d4697d93e94394c67b86af90ce80982e7ce1df3a5986f397,8d2f4b5049d9d87f517787fa0626fb725887cd1bbd45ff0b85988bb65971a545,CC(C)(C)C1([Si](C)(C)C)SCCCS1,CC1([Si](C)(C)C)SCCCS1
ef3f856c6d60ad3dbc010a59fdc620ddbe37f9a08387f59e5d8d01aa434db2bb,46d67fd8805814184bf2b809d68be632a32760d447a25af52a3871f653ab1c5b,N#Cc1ccc(Nc2ccc(N)nc2)cc1[*:1],C[*:1]>>FC(F)(F)[*:1],C[*:1],FC(F)(F)[*:1],21739,50,1,1,1.0,16,1,4,17,20,77,20+,COC[*:1]>>c1ccc([*:1])cc1,9e71912691372dc0b4791e1ff6c32a5913839bc7d919b40c42e54a33fc0c8b9c,5bee39c17314efe7fc23caedfe88f13da1e7a10f123d6b6b9f96ac8bac6bd459,Cc1cc(Nc2ccc(N)nc2)ccc1C#N,N#Cc1ccc(Nc2ccc(N)nc2)cc1C(F)(F)F
b0b5e4681d192573a0b1e3b6f4811afda2974c814c6bf69eb39b5760bc1784b3,e11041d4533bc67aadb7cc21fb1e1b98288c1c9066d6bfe1961b2cbe8bd23d5c,O=C(O)C1CSCCN1C(=O)CCOc1cccc([*:1])c1,Br[*:1]>>F[*:1],Br[*:1],F[*:1],13504,25618,1,1,1.0,20,1,1,21,21,74,20+,N#C[*:1]>>N[*:1],1642e4e15215b280867500d6e7dddf06771aa63b4b14916447b832b8bf3e23fd,82a463bee6c87bd3384b0f12870fb57be9a8f07fc2dbc670120740a8ebc808a9,O=C(O)C1CSCCN1C(=O)CCOc1cccc(Br)c1,O=C(O)C1CSCCN1C(=O)CCOc1cccc(F)c1
1b7e0f72b1b2715d901e0f1ee982403e3daed8b689356256d747765efba62da1,f1c63d3e53cfafd3c9a80b93deff75de48f3c177746cde64ec16a96d6439b7b8,Cc1ccc(C(=O)Nc2ccc(N3CCCN(C(=O)[*:1])CC3)nc2)cc1,CC(C)C[*:1]>>CC(C)[*:1],CC(C)C[*:1],CC(C)[*:1],9300,8892,1,1,1.0,25,4,3,29,28,74,20+,Br[*:1]>>N[*:1],47cc4d42effcd1dd254ff2bdd78696dc40eedbb3f1e59ecd8bc19eff32f4f412,1af4d8c1b71fdfa4b2f931d5992069268479330358cbbb79b4fd4de2377320fb,Cc1ccc(C(=O)Nc2ccc(N3CCCN(C(=O)CC(C)C)CC3)nc2)cc1,Cc1ccc(C(=O)Nc2ccc(N3CCCN(C(=O)C(C)C)CC3)nc2)cc1
32a6d762e5e2fc1e69f9f9baa1812fe79ba7adda6c926f90d13879bb160a9eed,1e6a5240f0c66a482c4993e31469d3734692cbfe97b13cc57c2c28b359e90fd3,CCc1nsc(NC(CNC(=O)c2cc3ccccc3o2)[*:1])n1,C[*:1]>>OC[*:1],C[*:1],OC[*:1],716,22291,1,1,1.0,22,1,2,23,24,74,20+,C1CC1[*:1]>>FC(F)(F)[*:1],15be6f608cb816a6a0acf496b636883c361fe395b84a53c7b58797c36f142bb2,a1df65f8a8eba3cc281e5372bca5e6a1b31f8e267351f02f76b66cf0a2579264,CCc1nsc(NC(C)CNC(=O)c2cc3ccccc3o2)n1,CCc1nsc(NC(CO)CNC(=O)c2cc3ccccc3o2)n1
c5d73c6c5ded05518fa017edcac9af064fb50b3557b6db4fab2c1f92698ae226,7f991c605343001e2b3d2702f2a604280d727dee75ae6f472f12a11d27b9d903,CN(c1ccc([*:1])cc1)c1cccnc1C#N,CO[*:1]>>O[*:1],CO[*:1],O[*:1],6437,17825,1,1,1.0,16,2,1,18,17,71,20+,CC[*:1]>>c1ccc([*:1])cc1,01063e699689c50e9817f88fb01699bebfb0f3195aefedfb8c00007cccb88817,fccd0ffbf4e9ff5b40edb95b9cdf6a4268fdf5e1d44502b8877aed12ef6e7d34,COc1ccc(N(C)c2cccnc2C#N)cc1,CN(c1ccc(O)cc1)c1cccnc1C#N
5b02947e90be211164962cb4d14e1169a48e7159af1fe2f363e2e49e6f7c323b,dcc6830167a0fa941ccf0b7b9b9ad30a96c63f9abc5b3225131786e6377e5577,O=c1c2ccccc2sn1-c1ccccc1[*:1],COC(=O)[*:1]>>C[*:1],COC(=O)[*:1],C[*:1],22579,32536,1,1,1.0,16,4,1,20,17,70,20+,OC[*:1]>>O[*:1],cadd2c9dff4670f269019121cc792dfeab3ce22ae3fc1753059b7db5b8d714a0,563f88ea03f8baf977af9abc99d0b06c517257af2a5a5e16e99f6a229c8a0a3c,COC(=O)c1ccccc1-n1sc2ccccc2c1=O,Cc1ccccc1-n1sc2ccccc2c1=O
3dc99ea2a5355a6f9c76e76458ae98133543da962d80b78d3396b85510b825c4,f1ac0c38c1551df5b2c1f985730417cdf354b01141e6c1285df2f9f4d82745bb,CC1CCc2[nH]ncc2C1C(=O)OCc1ccccc1[*:1],C[*:1]>>N#C[*:1],C[*:1],N#C[*:1],43898,887,1,1,1.0,20,1,2,21,22,64,20+,Cl[*:1]>>F[*:1],e4517b38858bf4b15c2d62c3c1dd67ea077061f7a3d6648056dbd6ae960d6be0,396fddb4d6d1d73b60ec7663061107f18e7dd1f9a25c5216ad45b3b7c708b90d,Cc1ccccc1COC(=O)C1c2cn[nH]c2CCC1C,CC1CCc2[nH]ncc2C1C(=O)OCc1ccccc1C#N
457666939bd5b90004293e8fdb10931d1948b268d3e07235587d2f3a3c3790e2,19655de6ff6b262eb8876da53696e236317c9072b4283c24132ab9dbed99eb50,O=C(N(CCO)CCNC(=O)[*:1])C12CCC(CC1)C2,COC[*:1]>>C[*:1],COC[*:1],C[*:1],40647,21806,1,1,1.0,18,3,1,21,19,63,20+,COC(=O)[*:1]>>O[*:1],295e1960be9cfae6955ea4864ff9980b31b47b5c5fbbb895ebed4cee0a19c741,ffef8b87e7f28b7a9514583bfa485039a70965cc5c2648b2d90eb1c6847e849e,COCC(=O)NCCN(CCO)C(=O)C12CCC(CC1)C2,CC(=O)NCCN(CCO)C(=O)C12CCC(CC1)C2
1427075271597d1a47506a324b6da71833dfd515be9fa274d967659916261d62,b007ec8655b543cc6b7172ac00cb6d47c68228c03e0b17e6cca22f3f6f4e88d9,C=CCN1C(=O)C([*:1])NC(=O)C1C(C)(C)C,CC(C)C[*:1]>>C[*:1],CC(C)C[*:1],C[*:1],36340,34268,1,1,1.0,15,4,1,19,16,63,20+,N#C[*:1]>>N[*:1],819b6a241a49e844f7933269873e20a6c5553f5f00dfde24688b783bcc5724bb,3edf1040658c00d372ed6c9fa07ffa18dac733510369b998f7e02ef480be81f3,C=CCN1C(=O)C(CC(C)C)NC(=O)C1C(C)(C)C,C=CCN1C(=O)C(C)NC(=O)C1C(C)(C)C
a65e7a9d029cde6afb92b4160ee2eaa9af7a6c6b64566ec1045d90bdc07c5d35,7d48b71aa2f1928a700a5aad62e93893d6abfff6275bef41df068bb2e41cfabf,Nc1cnc(COc2ccc([*:1])cc2Br)cn1,CO[*:1]>>Cl[*:1],CO[*:1],Cl[*:1],45805,24783,1,1,1.0,16,2,1,18,17,58,20+,C[*:1]>>Cc1cccc([*:1])c1,857640ce6c2f5937099e44fc0521851fe26f72067d1c0f5be132926ad14ec7da,752d3805321e0644a999b5fc7ea8e9195cef0a9e291cbc8fb15af1de8842a3e8,COc1ccc(OCc2cnc(N)cn2)c(Br)c1,Nc1cnc(COc2ccc(Cl)cc2Br)cn1
6e210d68446f95385af60149ea99a0ac1cf5af527944d47a59dc230496936753,5f6356cb74c636992ceabe948523cf86376e1d0476adf60e5991ca9c849e8a35,O=C(Nc1ccc(N2CC[NH2+]CC2)cn1)C1(C[*:1])CCC1,CC[*:1]>>COC[*:1],CC[*:1],COC[*:1],9477,34061,1,1,1.0,20,2,3,22,23,56,20+,COC(=O)[*:1]>>N#C[*:1],f2329e0b7c3193cf1970fd2adc43e357ac4f720ff0561fb77b582bcb4ebae1ae,c700b571965996dc5961a9e34b1578c6f6e9fb7c26dc74dd889f062b219db562,CCCC1(C(=O)Nc2ccc(N3CC[NH2+]CC3)cn2)CCC1,COCCC1(C(=O)Nc2ccc(N3CC[NH2+]CC3)cn2)CCC1
572f389a90805ca3f9545474985179328c4d371a901453e2be9ecffa656ca2cd,1e8eca698b44ed686457e50d07ec9be45f84cbd009489fa32abeca6c29252f7f,COC(=O)c1cc(N(CC[NH3+])c2cccnc2)cc([*:1])c1,CC(C)(C)[*:1]>>CC(C)[*:1],CC(C)(C)[*:1],CC(C)[*:1],38704,17566,1,1,1.0,20,4,3,24,23,55,20+,C1CC([*:1])C1>>CC(C)C[*:1],228c3b31f7ca765772032ced877640f32020f1f79a7c8ba065866e7d9880ba06,7e8d575aeecb67a2af5a6e7efc4d9e4e84f726568baa2eb11c722d2eeeacd4e4,COC(=O)c1cc(N(CC[NH3+])c2cccnc2)cc(C(C)(C)C)c1,COC(=O)c1cc(C(C)C)cc(N(CC[NH3+])c2cccnc2)c1
0946fc844b55daa3af1dfeba2a2a294ff2ff5c04cef0da5916f15856b665562a,429e5322d54ec92a0a42dd6d12e0cf07a78c995ea9cb32d59745eff33563f3f1,CCn1nncc1CN1CC(N(C)C(=O)CCCC[*:1])C1,CC[*:1]>>CO[*:1],CC[*:1],CO[*:1],2604,17429,1,1,1.0,20,2,2,22,22,51,20+,Br[*:1]>>Cl[*:1],8a000dda7b676588c1035cdecc8b30ea7be9018db0dd0d9c8ae9a0167bdfd002,be1b22aa5a8706c840dfd77dfba81b1cc029e82046b4690ef80215a37b189dbf,CCCCCCC(=O)N(C)C1CN(Cc2cnnn2CC)C1,CCn1nncc1CN1CC(N(C)C(=O)CCCCOC)C1
5ee75cdf2b9124ed80a29200b42a64a0894a332671750b9663df5fb724eed579,9f6bc7f097e3982afe660fcdb9a9df575c9818afc2b5744e449f3e5ae61e2edd,N#Cc1cc(NCC2([*:1])CCC2)nc2ccccc12,N[*:1]>>O[*:1],N[*:1],O[*:1],42608,25971,1,1,1.0,18,1,1,19,19,51,20+,C1CCC([*:1])C1>>CC(C)[*:1],40ebc694ff387d96f5743e7c199f7e74e60c9c87073a04990f628d5a7124b478,9871be054449604442cfc269f1ec66388fdfa7a13f03384ff1f4309f89465a36,N#Cc1cc(NCC2(N)CCC2)nc2ccccc12,N#Cc1cc(NCC2(O)CCC2)nc2ccccc12
ba84c804a562ba6eb5e8d83c68decffc6fb3ea2ac70c602a9a3825e3c542b0d9,ad247779849df93cc3ac4640c8a05308568b699f8ac875849799b1edb4a44506,CC(C)c1cc(NC(=O)C(=O)N(C)[*:1])n(-c2ncccn2)n1,CC(C)[*:1]>>CCC(C)[*:1],CC(C)[*:1],CCC(C)[*:1],3842,18308,1,1,1.0,21,3,4,24,25,50,20+,CC(C)C[*:1]>>Cc1cccc([*:1])c1,55e70ed6184b37263371f8006ac9865404b5e72119ccf4e797d4f2d53f5652e7,370e506eff03e796097c3a996ad176c45e42500515e693726fad2a0d8927e0c9,CC(C)c1cc(NC(=O)C(=O)N(C)C(C)C)n(-c2ncccn2)n1,CCC(C)N(C)C(=O)C(=O)Nc1cc(C(C)C)nn1-c1ncccn1
e593932f2e00015a7eca3f32dd696f3c4f0ae88bd975f29de95d323599117168,cfaeac1f1160e8aaa1312c27c289d87358bfb1af82922f2e5e034858fe18355a,CCn1cc(C(=O)N2CCN([*:1])CC2)c(S(=O)(=O)N2CCN(c3cc(Cl)ccc3C)CC2)n1,CC(C)C[*:1]>>CC[*:1],CC(C)C[*:1],CC[*:1],12111,41769,1,1,1.0,32,4,2,36,34,50,20+,F[*:1]>>N#C[*:1],c5783bbb055c6c1b6ea1bc795c022a89ca58229a357a41e9cabcb9bf0a4b5a40,308dda70048a30f855873f8a3087c20e4fcee388e9614895dc20e4c26eca1744,CCn1cc(C(=O)N2CCN(CC(C)C)CC2)c(S(=O)(=O)N2CCN(c3cc(Cl)ccc3C)CC2)n1,CCN1CCN(C(=O)c2cn(CC)nc2S(=O)(=O)N2CCN(c3cc(Cl)ccc3C)CC2)CC1
e73d3251451ed1f2325d63a056f306e43b8731b88529af2d0ef5747a822a6913,4225257b9ae6d80a2ffa0a7fdeb162cc854ebd61bf7e90348cebd86b75f7f79f,CCC(CC)(CC)N1C(=O)C([*:1])NC(=O)C1C,CC(C)[*:1]>>CCC[*:1],CC(C)[*:1],CCC[*:1],32885,34001,1,1,1.0,16,3,3,19,19,49,20+,N[*:1]>>O[*:1],d598fa79b820a3758d07a5dc6048c5576d83e07d056588bd938fb0f59180b0a1,430c294160751cda65e28c72c2fa004f869a6e73ea92163973ae17124a19b8c4,CCC(CC)(CC)N1C(=O)C(C(C)C)NC(=O)C1C,CCCC1NC(=O)C(C)N(C(CC)(CC)CC)C1=O
aa517b7cb091259b641441233bde72445cd43b07e5f1776426da1abd44a24a13,df303a25ce0875635e79849e0c67e76a3c233bb6ced33261f8b2f2ccf61dc27c,CCC(CC)CN1C(=O)C(C)NC(=O)C1[*:1],CCC(C)[*:1]>>C[*:1],CCC(C)[*:1],C[*:1],33918,45096,1,1,1.0,15,4,1,19,16,46,20+,Cl[*:1]>>F[*:1],43fe16439aabcef7ae343ee3bd8fea8de354329b6a022cbd41b9e98dd1772924,67d2a9505754caac975fd4437567db1c9fd0c30a21f2c5eabb2a60c7ef5e82b7,CCC(CC)CN1C(=O)C(C)NC(=O)C1C(C)CC,CCC(CC)CN1C(=O)C(C)NC(=O)C1C
177c6bf2c37354a22e829f7a74b02c8a94b58371c49814bbf931b9a4fdba8ab7,bf63e11662ddb927b4835fdd743892f65c452b5c7fa61c7fbb5aad577c1e11cf,O=C(O)C=CC(=O)NCCCCC1NC(=O)C(CCCCNC(=O)C=C[*:1])NC1=O,COC(=O)[*:1]>>O=C(O)[*:1],COC(=O)[*:1],O=C(O)[*:1],48680,46980,1,1,1.0,29,4,3,33,32,46,20+,C=CC[*:1]>>CC(C)[*:1],265bb6c94857f03eb67c8375f4678e7dd9efd5d9a74ad2932091fa8e651d3b54,c97a543ca789294b4a61c4865949729a4ac5d7aa3dbdb63ba7c2d8743256ab90,COC(=O)C=CC(=O)NCCCCC1NC(=O)C(CCCCNC(=O)C=CC(=O)O)NC1=O,O=C(O)C=CC(=O)NCCCCC1NC(=O)C(CCCCNC(=O)C=CC(=O)O)NC1=O
00e4ad5e1e98d266d7bb1c1a04bee5547e1e24f2cf6ff4c32b86fae4445ebb26,61c043dfc0c0f1eb09aa06a51658626f523d1e1ce18766081e61288a37beb132,NC(=O)c1ccc(OCc2cnc(N[*:1])cn2)cc1,CCC[*:1]>>CC[*:1],CCC[*:1],CC[*:1],49261,44394,1,1,1.0,18,3,2,21,20,45,20+,COC(=O)[*:1]>>c1ccc([*:1])cc1,292aa2a6c087dd835dd524d9a2a0bc0a151b8fe1c3713f9bed8c021d234e1e2c,5c0197a6dfd5659feca13d9a55c48185f1c91e09542a9b5cddbe4c7a95b0feb9,CCCNc1cnc(COc2ccc(C(N)=O)cc2)cn1,CCNc1cnc(COc2ccc(C(N)=O)cc2)cn1
0a84c6c142b57ccb75b08467bea2d70557c9752f39a2102f75310459ce7640e1,8bbcdb19764865e8dc153758d9ec6181add00c9ccb9c104abe140de18c2e3075,O=C(Nc1ccc(C2CCC2)nc1)c1ccc(O)cc1[*:1],CO[*:1]>>FC(F)(F)[*:1],CO[*:1],FC(F)(F)[*:1],14283,14301,1,1,1.0,20,2,4,22,24,42,20+,C1CCC([*:1])C1>>CC(C)[*:1],b760464ec559348849964e39f8cce9973883c58d618ee7f6e2af8261aec77001,6cc51d05faa74595ba991e994dc077df112743ad5a5faea77390c1696585ad8f,COc1cc(O)ccc1C(=O)Nc1ccc(C2CCC2)nc1,O=C(Nc1ccc(C2CCC2)nc1)c1ccc(O)cc1C(F)(F)F
b782228038ede318db2374b79ae5c491c6adcf01c4d596e7d3b03c46a58dda24,f92fa584bea20b1af41152e5af72be26f25581f3108669d036738ad8201b7fec,CC(C)c1cc(NC(=O)CCC(C)(C)[*:1])n(-c2ncccn2)n1,C[*:1]>>O=[N+]([O-])[*:1],C[*:1],O=[N+]([O-])[*:1],8398,31645,1,1,1.0,22,1,3,23,25,41,20+,N#C[*:1]>>N[*:1],1a76bf40f9dbb764bb73fc0f3e4106eb37b4366f8b7f92e393628f6357fd5c77,14c812e2b59f02845df58d7ca61e7612174faa5dfda121a2c26393dda49bd097,CC(C)c1cc(NC(=O)CCC(C)(C)C)n(-c2ncccn2)n1,CC(C)c1cc(NC(=O)CCC(C)(C)[N+](=O)[O-])n(-c2ncccn2)n1
d2317afcb37e18666d41425d46cb415696ac270a946c0ff3d8256ee379fa6551,b1248cafab39877174ecfe5668400b5af750040d46516da09f438eb01d08c8e5,Cc1ccc(CC(=O)Nc2nnc(-c3ccc([*:1])cc3)o2)cc1,Br[*:1]>>CO[*:1],Br[*:1],CO[*:1],37152,47159,1,1,1.0,22,1,2,23,24,40,20+,Cc1cccc([*:1])c1>>Fc1ccccc1[*:1],19b5331c452497fcb327169e580c78be7c7e132bfcd4334170475605a9c2a033,d5693d8a0a2aaca666fc639920747d5c1f6a75583a2410a8d80600c52318d7c8,Cc1ccc(CC(=O)Nc2nnc(-c3ccc(Br)cc3)o2)cc1,COc1ccc(-c2nnc(NC(=O)Cc3ccc(C)cc3)o2)cc1
7a3dd90845a198afb2a11294940771fbf098ad2a2bf05ecf5032cdc4b2ca89c4,3eaaee3bace92a9509e84205571dc0dc22c00b29af190def1acedf674abad36e,Cc1cc(C)c(NC(=O)CSC2=C(C#N)C([*:1])CC(=O)N2)c(C)c1,Fc1ccc([*:1])cc1>>c1ccc([*:1])cc1,Fc1ccc([*:1])cc1,c1ccc([*:1])cc1,40624,30688,1,1,1.0,23,7,6,30,29,40,20+,Br[*:1]>>Cl[*:1],7ccf6c7b1cc322eeb99790e7e083ab0dcb13e60a0a198ecf9fcb422dce4a56cb,6d3acd9a02d9e4aae3790dcf2f67fc986f8e5973a5de9e95123c35b8b3c5dfb2,Cc1cc(C)c(NC(=O)CSC2=C(C#N)C(c3ccc(F)cc3)CC(=O)N2)c(C)c1,Cc1cc(C)c(NC(=O)CSC2=C(C#N)C(c3ccccc3)CC(=O)N2)c(C)c1
b8906e811d49a64eba43fe704015b9502454b104db4aca2c6af922d1aec0abda,164f5d321cd343bcab29419056e7c4babeef4ff5b0ed0f043439d940ce4cee64,O=C(c1cc([*:1])co1)N1CCCC2C[NH+](CCO)CCC21,C[*:1]>>NC(=O)[*:1],C[*:1],NC(=O)[*:1],21557,36950,1,1,1.0,20,1,3,21,23,39,20+,C[*:1]>>c1csc([*:1])c1,e9f67371a81fe2792032275d647c71dd99ee9f14c07991859539b187fec31c60,fd60cd5146a91a4735788705dc81884187a8658ae1cb6576aa67975abf0b3974,Cc1coc(C(=O)N2CCCC3C[NH+](CCO)CCC32)c1,NC(=O)c1coc(C(=O)N2CCCC3C[NH+](CCO)CCC32)c1
e790c726dc018bb20dd443cbfbc1fd7f0bb99d7c9e577e780bf1c242912d68e0,2b564413e1d945d39b75a6360bea82107bc04adac1ef6bf760bcbe749afcc51c,Cn1cccc1C(=O)NCC(NC(=O)COCC1CC1)[*:1],CC[*:1]>>OC[*:1],CC[*:1],OC[*:1],40471,16266,1,1,1.0,20,2,2,22,22,38,20+,COC(=O)C[*:1]>>N#CC[*:1],2be4245bcb6a069a2ab1e968a44e9758888194cb3ce54667e0a4e80d61145633,b400b21498869471a421172b8b70760e39e1e78e7a497bd862eee1c4369b7cb4,CCC(CNC(=O)c1cccn1C)NC(=O)COCC1CC1,Cn1cccc1C(=O)NCC(CO)NC(=O)COCC1CC1
882358fd76851821363d9d97881fe6f130533d9dee4c586d21d5cb227aca5174,a40fcd255209a4ecb309b9572fcbab84396016088a0ea36fc4c24c1f08407858,Cc1cc(Nc2cncc(C(=O)NCC[*:1])c2)ccc1Br,CC(C)[*:1]>>COC[*:1],CC(C)[*:1],COC[*:1],5478,47651,1,1,1.0,20,3,3,23,23,38,20+,CC(C)[*:1]>>OCC[*:1],35171e0fcc7baa4ac078ae60bc69bd606c787a69d8179cc4abcb1cd7f1916abd,5aff555ff40e2557a52b3a184777755108d30fbbf8399548b3ccd243f892c50e,Cc1cc(Nc2cncc(C(=O)NCCC(C)C)c2)ccc1Br,COCCCNC(=O)c1cncc(Nc2ccc(Br)c(C)c2)c1
871c67a257608ad665b506dd62b1a4470576b69651de3a75e777dd2acd0906bd,305b688912e171eadbe0c410e85f4339959456c2598d8b74661527a57de0f805,O=C(NCCCC1CCC[NH2+]1)c1cnc(C[*:1])s1,C[*:1]>>N[*:1],C[*:1],N[*:1],31832,28751,1,1,1.0,17,1,1,18,18,38,20+,C1CCC([*:1])C1>>c1ccc(C[*:1])cc1,beabe272a3e58aa40fe99272e04639eb94ca431660df8e3a813b202328d6be40,f001c3bdc9703385bd5d2eec40d7e6bfae0bfe0827269bcf61b3e5b908c40f71,CCc1ncc(C(=O)NCCCC2CCC[NH2+]2)s1,NCc1ncc(C(=O)NCCCC2CCC[NH2+]2)s1
8923a2945557d6f7006960e1851e94e7315ea971fed41d2668f7c3fb19b4da17,ff725805e4d693f5aecfee91ca3f621437e824b3e90b9ae696f29b8d1bafffa5,Cc1cc(F)c(Nc2ccc(C#N)nc2)cc1[*:1],F[*:1]>>O[*:1],F[*:1],O[*:1],30618,38408,1,1,1.0,17,1,1,18,18,37,20+,Br[*:1]>>O[*:1],5127097707e39d5aa80215a30af866589a4bd238be473f9e395097f5059d40b2,5761ae93ebb110bd68392cd84542aee8420f7db897bcd0542b1c6a1b255e8e11,Cc1cc(F)c(Nc2ccc(C#N)nc2)cc1F,Cc1cc(F)c(Nc2ccc(C#N)nc2)cc1O
2ad672dfcac4487f851b30ec12de6318777f70a8e9a416dd4e4f7ca681be4fb2,c5200e559059f7b090698ff1194d92ac3192ad473d6137d73651eb1ec7fa5e14,O=C(NC1CCN(C(=O)C2([*:1])CCC2)CC1)C1CCCCC1,C[*:1]>>O=C(O)[*:1],C[*:1],O=C(O)[*:1],28143,42345,1,1,1.0,21,1,3,22,24,37,20+,COC(=O)C[*:1]>>C[*:1],420dc0e1d1b34f30bed70006862766ad59804b9fa941da0c17961f5ffd492bbd,bf57b3cc4d78a7f70c9f28d9ae8574c546eab188f38e0be8dbe40659fc76cb57,CC1(C(=O)N2CCC(NC(=O)C3CCCCC3)CC2)CCC1,O=C(NC1CCN(C(=O)C2(C(=O)O)CCC2)CC1)C1CCCCC1
e4bc4d8fc06b259f097e2bd0ea306947f1629979d19f4f1277bac23ed05b1777,f2642aa57ace79b05ad178b03b94cedeb04cbfac4feb7205a74823732223ac4f,O=C(OC(Cc1ccccc1)[*:1])C1SCCCS1,COC(=O)[*:1]>>O=C([O-])[*:1],COC(=O)[*:1],O=C([O-])[*:1],25226,8557,1,1,1.0,17,4,3,21,20,37,20+,Br[*:1]>>C[*:1],d5162b5aea7af8964fdbf82b9c4ce6d71eb04966ed523aa0b56e4ef425dec267,590db8ea93ee43d307e76abeea67a3dd391da83b685d2c4b32bf14e44c22a027,COC(=O)C(Cc1ccccc1)OC(=O)C1SCCCS1,O=C([O-])C(Cc1ccccc1)OC(=O)C1SCCCS1
c7e68aecc812d656eb5dd16e84d53627c29101f50f8ce360a0014c9379849044,3fb58cd29533fd9d6155b5195da190c1c12e68963dec017e269305aa6f5a59d1,OC1C=C(Cc2ccc([*:1])cc2)CC1,CC[*:1]>>FC(F)(F)[*:1],CC[*:1],FC(F)(F)[*:1],16206,4715,1,1,1.0,13,2,4,15,17,36,20+,CC(C)[*:1]>>c1ccc(C[*:1])cc1,daa02f429ac0289645231c6f79371a4104ecb363256f5164e06495d41d327068,3b2920496403463f8d02ff5508c0657cc22a3c94562299a72aef05a714113a83,CCc1ccc(CC2=CC(O)CC2)cc1,OC1C=C(Cc2ccc(C(F)(F)F)cc2)CC1
a6ecc764095cf8a834875cf5ae174efcc96ddeff7c2d0d4db22acd4baf790d9b,68cee5ce5a27bad0819204943a525ef15ed642ab380aa451c2e39a5284f3191c,CN(C)c1ccc(CN(Cc2ccc([*:1])o2)C2CC2)cc1,Cl[*:1]>>N#C[*:1],Cl[*:1],N#C[*:1],26726,36066,1,1,1.0,20,1,2,21,22,36,20+,CC[*:1]>>COC(=O)C[*:1],71d34887b8d2ced770796a40880a76a88d3f4b9624f2f32de21f2fe8cbd965ff,222dd7f1a0e5eb3a6832d9c4964709e99ec99579a7f0852832311235aadc2702,CN(C)c1ccc(CN(Cc2ccc(Cl)o2)C2CC2)cc1,CN(C)c1ccc(CN(Cc2ccc(C#N)o2)C2CC2)cc1
5e78cb3b50ea905d206a1dc22fbfdb371f62f9bf0cee0158643f1100c718b86c,ec7678fecd99c29098f08c3df276614423284af7a222c324cd00775eeb3c27d6,FC(F)(F)c1ccc(CC2=CC([*:1])CC2)cc1,Cl[*:1]>>O[*:1],Cl[*:1],O[*:1],11266,4715,1,1,1.0,16,1,1,17,17,35,20+,COC(=O)C[*:1]>>COC(=O)[*:1],cf65e1475f6fcb9498743d06418e7c88b2aac446bd0f73967d8da41db78cd22a,3b2920496403463f8d02ff5508c0657cc22a3c94562299a72aef05a714113a83,FC(F)(F)c1ccc(CC2=CC(Cl)CC2)cc1,OC1C=C(Cc2ccc(C(F)(F)F)cc2)CC1
ecd0290e163a9df09063e87eb1f77c5efd11ba755fbe596175ecef70f5177608,d165be8601268d3fda2b8e53b5eb15050ea7f47a2abbcec6f04c4bb1d505fb24,CC1CCC(c2nc3c(c([*:1])n2)CNC3)CC1,CC(C)[*:1]>>FC(F)(F)[*:1],CC(C)[*:1],FC(F)(F)[*:1],2869,744,1,1,1.0,16,3,4,19,20,32,20+,C=C[*:1]>>CC[*:1],6d193da2567111566c14b5243a9640627d6ee759efb64ceb4610805f8c22ec3d,e7d55afbc41d6081f562ddeee357e692970a3b95212447239abc1aacccab183f,CC1CCC(c2nc3c(c(C(C)C)n2)CNC3)CC1,CC1CCC(c2nc3c(c(C(F)(F)F)n2)CNC3)CC1
7fb13fda9c940b4f1c9c3ddff943f5c018795e5b12e8963309a65227bc478dc8,c95c57077c149247eb63fa2a369cd3a088e7ecca5bb5bff4fc4e9fa9cb31ecbb,Cc1cc(C(Cc2ccccn2)[*:1])sc1Br,CN[*:1]>>N[*:1],CN[*:1],N[*:1],37871,33124,1,1,1.0,15,2,1,17,16,31,20+,CC[*:1]>>FC(F)[*:1],7cf623f0feebf226793139ea78f56d2dcdafcd12e486bd40159dd8ec267c2fbd,01c9d23b356d219ebb5b33e644fe1396747bce094bc250dbcfecc0f7fcd52393,CNC(Cc1ccccn1)c1cc(C)c(Br)s1,Cc1cc(C(N)Cc2ccccn2)sc1Br
1f5a48e8500b6d1aa9cab9616bd8c920ac9cd90a3a3142d5b09aefdf9ee1e4f6,d784a85fad63180cec1c92d02ed5b0ddfe062d7e6bc14ed48629e4feeb92cd62,CSCC(=O)N1CC(C)C(NCc2ncc([*:1])o2)C1,Fc1cccc([*:1])c1>>c1ccc([*:1])cc1,Fc1cccc([*:1])c1,c1ccc([*:1])cc1,34013,8209,1,1,1.0,18,7,6,25,24,31,20+,C[*:1]>>c1ccc(C[*:1])cc1,dcaa9cd93549bd99c8ac42971c6dcf69d986d07a6b74f8775a49127b1b8eca80,3bb7c4dbead32d8eb99711be2c4727c251063bba101afa14d559d49052607194,CSCC(=O)N1CC(C)C(NCc2ncc(-c3cccc(F)c3)o2)C1,CSCC(=O)N1CC(C)C(NCc2ncc(-c3ccccc3)o2)C1
52187f84ed55eede189c21b71e0fc24baebb0e9816fd807bb11cbadb57ad58cb,2b334a9fe4e17fa105d6d2589e14a67a6fa20124e06735e37fa784a43af6f72a,O=C(Nc1cccc([*:1])n1)N(CCC(F)(F)F)CC1CC1,CCO[*:1]>>CO[*:1],CCO[*:1],CO[*:1],14569,42671,1,1,1.0,20,3,2,23,22,31,20+,COC(=O)[*:1]>>N#C[*:1],9c95cb033fc7f476363859d84da1c618f57141933bc2da71c68a4a294bc5f807,4e5f01032abe906bd2844e71bdca77355ff27f56c1d74adc58b63c6300cfb490,CCOc1cccc(NC(=O)N(CCC(F)(F)F)CC2CC2)n1,COc1cccc(NC(=O)N(CCC(F)(F)F)CC2CC2)n1
4758f0e55556cb2a08b6aaaed4cceb18d9e1303fe6bd0b8e433e388046994b71,8ae6e7ba6c3289be84710133132e5f3c5f11d37fcbc8e72e8404135bd7650cf1,CCCCC(=O)Nc1ccc(Nc2ccccc2[*:1])cn1,COC(=O)[*:1]>>CO[*:1],COC(=O)[*:1],CO[*:1],25341,29667,1,1,1.0,20,4,2,24,22,31,20+,COC(=O)[*:1]>>OC[*:1],e81a9a1a8eacdca397d769c37244b4167e104271e3ab5c2fd19ef9392a641231,af666c13a2c4b065384bcb68c76f9590cc5c15cab9704857bfe0368e471895eb,CCCCC(=O)Nc1ccc(Nc2ccccc2C(=O)OC)cn1,CCCCC(=O)Nc1ccc(Nc2ccccc2OC)cn1
4df7ed26f812c43280bdebd041ddda2aa05b3c99d4c80649d939ccc8a8c822c4,b20c18ba163bf4b3cada06355ca33d4ef30040b98c83dff2cf3dcb054b43740f,CCCc1nnc(Sc2ncc([*:1])s2)s1,Cl[*:1]>>O=[N+]([O-])[*:1],Cl[*:1],O=[N+]([O-])[*:1],31302,27402,1,1,1.0,14,1,3,15,17,30,20+,COC[*:1]>>c1ccc([*:1])cc1,aad66522626a0e81d544b22500339a3f591e7a97709e494fb0b8d7617db92245,48be585292e17600c4fce54a3cd59d34bcad3dbd9418b6eee1463a63b6ee2397,CCCc1nnc(Sc2ncc(Cl)s2)s1,CCCc1nnc(Sc2ncc([N+](=O)[O-])s2)s1
b2d1dd3a465a3fa589ff9b6ad033cf9eaf3a09e279ba80e790c4577d771c78a4,d72e1f6a1000a721118268a5b9e2292f27bb510e966aa3fcfe3580828b7b4c7c,O=C(NC1CC[NH+](C2CC2)C1)c1ncccc1[*:1],FC(F)(F)[*:1]>>F[*:1],FC(F)(F)[*:1],F[*:1],23520,44854,1,1,1.0,17,4,1,21,18,30,20+,CC[*:1]>>FC(F)(F)[*:1],5bd157c24e75963e7d28932f453dc7c53bf5c1d4af99808b45b0d52366772cc0,05a8d8fdd314c5a17070f14245018ffbdcded09eee94f0bdacab8ccff5e7df06,O=C(NC1CC[NH+](C2CC2)C1)c1ncccc1C(F)(F)F,O=C(NC1CC[NH+](C2CC2)C1)c1ncccc1F
506003f71f12cca1a3efcc9fc7ef80ccc78e47ba4d527a9d573fc611f09cb9fa,1645b2f0b4f281e1c6c55a20c0bedf34bff28ccc46b783ef021ebb7cf6d241a0,Cc1nc([*:1])sc1C(=O)NCCCC1CCC[NH2+]1,CN(C)[*:1]>>C[*:1],CN(C)[*:1],C[*:1],35642,1640,1,1,1.0,17,3,1,20,18,29,20+,C1CN([*:1])CCO1>>CO[*:1],d080140e450c06cb74b66d6322d134b7ba42d34eab7c6255b405c5c728ed6fdc,96619c32061258bdf4d215fdfaaec1a45c4526333be3ea0abe9a85cb2833d220,Cc1nc(N(C)C)sc1C(=O)NCCCC1CCC[NH2+]1,Cc1nc(C)c(C(=O)NCCCC2CCC[NH2+]2)s1
90046266d5624f665003eb9bcbe9f5edf12b475108cd18a48737a44be1d2bb7a,35b7fbd04187acbba9210d10e69b2062dfee46bfa860d36b65cc6be497647f3e,Cc1cc(C)c(Nc2ccc(NC(=O)[*:1])nc2)c(C)c1,CC(C)(C)[*:1]>>CC(C)C[*:1],CC(C)(C)[*:1],CC(C)C[*:1],977,23607,1,1,1.0,19,4,4,23,23,29,20+,Br[*:1]>>CO[*:1],a22b947c748a7a8f15caa60e6946f9b4c94e7d9c70dc54a468260de903985696,25d3616636e2cb76ac2a207dae2f8dc47fe7178868699d8b021afa88b6a0472a,Cc1cc(C)c(Nc2ccc(NC(=O)C(C)(C)C)nc2)c(C)c1,Cc1cc(C)c(Nc2ccc(NC(=O)CC(C)C)nc2)c(C)c1
3e98be146797bc1d308fa9296fc7f8bf157563dcb7fa37024e9840276fb1f7e3,9a9a29b8cd30a241b6da0df5bf1d5ea908e3a995097d2155e3de1b495a89ce04,Cc1cc(C)cc(N(C)c2cccnc2[*:1])c1,N#C[*:1]>>O=C(O)[*:1],N#C[*:1],O=C(O)[*:1],28830,13749,1,1,1.0,16,2,3,18,19,29,20+,CC(C)(C)[*:1]>>CCC[*:1],d1f157098cc5fb6432f975a9a29c1e3d4327bc232e2309f3beb7eb95d1c79be6,934eb6bc9a35beb6160e64a36c09ff16515d1abb0a01e0e4d727b23275d823cb,Cc1cc(C)cc(N(C)c2cccnc2C#N)c1,Cc1cc(C)cc(N(C)c2cccnc2C(=O)O)c1
5c73d1638ca6857d213159648fbcaf9f23faefb74f25b3440c6a7ca3210b8448,18527b63434e9410349eedc934233330b1090b5d624c3f25f9b35ab5387d9da0,CC(C)(CNC(=O)C1C2CCC(C2)C1N)[*:1],CC(C)[*:1]>>OC[*:1],CC(C)[*:1],OC[*:1],40417,44133,1,1,1.0,15,3,2,18,17,29,20+,N[*:1]>>O[*:1],6ee0d4158e7ee4446a49a1a15f915c597b1b40c2727b1bebf818030f18ebf63e,0e7aea074ccba61dde007097cc8d8227780b7891c0efc1eaf639b5165c26d705,CC(C)C(C)(C)CNC(=O)C1C2CCC(C2)C1N,CC(C)(CO)CNC(=O)C1C2CCC(C2)C1N
b2ed6132ac275c0443c3cd994dc14a85f761d438c99bad78e42044e71390297f,9d8f1fb3dc23d5a5e46b4d6e2b4cf33c80725f22d943b04049ad0d4fd5ba07f0,Cc1cc(NC(=O)C2CCN(C(=O)Cc3ccc([*:1])cc3)CC2)no1,Cl[*:1]>>FC(F)(F)[*:1],Cl[*:1],FC(F)(F)[*:1],34787,21383,1,1,1.0,24,1,4,25,28,29,20+,OC[*:1]>>O[*:1],f39e134f33d3932e3e69097143da137685d0f3b9695a4f0adf8fc4d8c2cc0a46,3de7bdd432e8386195c8aa39f572851f9607f8947c76040c7617774a84f480e5,Cc1cc(NC(=O)C2CCN(C(=O)Cc3ccc(Cl)cc3)CC2)no1,Cc1cc(NC(=O)C2CCN(C(=O)Cc3ccc(C(F)(F)F)cc3)CC2)no1
5726d52f648d7161ec94fd79d2cdc5eb63b1b10d58793ad51a5be3ac164d5305,e006890dd4d9729c3e484568006a96247f08a9bd9d0f82a4fc3d533b89300251,O=S(=O)(NC1CC[NH+](Cc2ccccc2)CC1)c1ccc([*:1])cc1,CC(C)[*:1]>>FC(F)[*:1],CC(C)[*:1],FC(F)[*:1],41959,29034,1,1,1.0,23,3,3,26,26,28,20+,C1CC1C[*:1]>>CC(C)[*:1],ee34d1428d795fd594611e7c77e611fa0260199d2b92e27489c50bea64076ddd,ccf12b74a366ee18715f7778a5edaf12114baf5f2d8bffbb13df62e5995ac923,CC(C)c1ccc(S(=O)(=O)NC2CC[NH+](Cc3ccccc3)CC2)cc1,O=S(=O)(NC1CC[NH+](Cc2ccccc2)CC1)c1ccc(C(F)F)cc1
41808c3227b82a5046f7bf3343c86b54ffe780ca31f0b59f498b6125dc1d9c1d,61a13faa76d4a4e4efe82f3c582765b8c973d5c9ef0135c40d94ee2c6aaa96b2,Cc1cc(NC(=O)CSC2=C(C#N)C([*:1])CC(=O)N2)ccc1Br,COc1ccc([*:1])cc1>>c1ccc([*:1])cc1,COc1ccc([*:1])cc1,c1ccc([*:1])cc1,43552,10962,1,1,1.0,22,8,6,30,28,27,20+,C1CCC([*:1])CC1>>C[*:1],6463a0b434373902396266944be84a53c2b43f269981f473c3ec3ef7dc544a8c,6ae01660267c5d53a20ca0c662310fafe0148ee3838fb1cba7345aec8fa9daee,COc1ccc(C2CC(=O)NC(SCC(=O)Nc3ccc(Br)c(C)c3)=C2C#N)cc1,Cc1cc(NC(=O)CSC2=C(C#N)C(c3ccccc3)CC(=O)N2)ccc1Br
50ebb646767a1dede46387015bbebf1d224e5be48df5e6b972d415d98fbada17,b4c49502b829c8ef5e8549b5cd144f3a102d9cc0d2945c87d76f84b88ad7f577,C=CCn1c(SCC(=O)NC(C)c2ccccc2)nnc1[*:1],Fc1ccc([*:1])cc1>>Fc1ccccc1[*:1],Fc1ccc([*:1])cc1,Fc1ccccc1[*:1],10474,18398,1,1,1.0,21,7,7,28,28,27,20+,CCC(C)[*:1]>>CC[*:1],3248e7dc7e161928004d0c76245ff3734a955387723431dd8d4363f4d29529f0,6d058d9da6c72a293b867b55df43f8a8ffd85cb3be5bc4ff9c06a95afcae3953,C=CCn1c(SCC(=O)NC(C)c2ccccc2)nnc1-c1ccc(F)cc1,C=CCn1c(SCC(=O)NC(C)c2ccccc2)nnc1-c1ccccc1F
4248ebc4dc1aa03bd03ff4f3523224623392b02ef326435cdfb813333a1eb74c,e18a73a2a77840f6419a8e156fe8df8088e223e473dbf40d5542752efdcd8e61,O=C(OC(Cc1ccccc1)[*:1])C1SCCCS1,C[*:1]>>O=C([O-])[*:1],C[*:1],O=C([O-])[*:1],19521,8557,1,1,1.0,17,1,3,18,20,27,20+,Fc1ccccc1[*:1]>>c1ccc([*:1])cc1,cabbe4c4f344d272eaf8c9a620505c70812d63b9e4f036ce004d14e9f71db24a,590db8ea93ee43d307e76abeea67a3dd391da83b685d2c4b32bf14e44c22a027,CC(Cc1ccccc1)OC(=O)C1SCCCS1,O=C([O-])C(Cc1ccccc1)OC(=O)C1SCCCS1
216a23bd10ce2b2320a19975b23cc3234c1eb0f5cfa30082f15e197c42299e9a,c4d73e7fe514fdf40c75d01264d7e64eed551b4c86081ea889f26548f98b8aae,CC(C)(C)NC(=O)c1ccc(Nc2ccccc2[*:1])cn1,FC(F)(F)[*:1]>>N#C[*:1],FC(F)(F)[*:1],N#C[*:1],41401,40737,1,1,1.0,20,4,2,24,22,27,20+,C[*:1]>>O=C(O)[*:1],63507ba5652d368f717d5258dcfc6e726498e59105ddb8b33a64503acf5c4fd0,19c58c017c4dd0b641fb880f6682f3e77e3f524f03389cc4fb32ec6fe332f014,CC(C)(C)NC(=O)c1ccc(Nc2ccccc2C(F)(F)F)cn1,CC(C)(C)NC(=O)c1ccc(Nc2ccccc2C#N)cn1
c063cc6751323b4a3b1559fc10d05fefeb8b99bf29c4f27356872e28fceb3486,84554faae8505aab193c367d64c2362c1deca2746325c39741983c88e8a1ff4c,O=C1NCCC2C[NH+](Cc3ccc(F)cc3[*:1])CC12,COC(=O)[*:1]>>F[*:1],COC(=O)[*:1],F[*:1],26440,7286,1,1,1.0,18,4,1,22,19,27,20+,CC(C)C[*:1]>>c1ccc(C[*:1])cc1,28156791704769a70faffcdcdf69aa5fc7265a406916a8d445eb3d7bc8fcf176,759be96bdf79d0b1e3f0deba8cd9fe62518dafb9899b397638ead08305ccaca4,COC(=O)c1cc(F)ccc1C[NH+]1CC2CCNC(=O)C2C1,O=C1NCCC2C[NH+](Cc3ccc(F)cc3F)CC12
925faa9c4652c581643b7e497adb68b58365d7033ff78d634ae586e207ccd781,ede16a2ce8296e727244c3dfb48c6ada78cdefb05f5dcc13bf86c72cc8b17368,O=C(NC1CCN(CCn2cccn2)C1)c1sccc1[*:1],CC[*:1]>>Cl[*:1],CC[*:1],Cl[*:1],11940,27022,1,1,1.0,20,2,1,22,21,26,20+,C1CC1[*:1]>>COC[*:1],666ed3a1d588737b320e15c47a51173397854dddffa9af90ecb2f714fd457119,b258fc8d67b19ccf0c94753abe3720e7fcd298fd5f2c8e42c53688d8985bf8d1,CCc1ccsc1C(=O)NC1CCN(CCn2cccn2)C1,O=C(NC1CCN(CCn2cccn2)C1)c1sccc1Cl
72c61f5c1905a2931c40124fc6d7d5efde465c4e8f5bc902acff21272e1b70c0,bc54a6557bd70da9220919ec388b8d50a4a3a944d3f1d1f11b94fac2476212ca,O=C(c1nn(-c2ccccc2)cc1OC[*:1])N1CCCC(F)C1,C=C[*:1]>>C[*:1],C=C[*:1],C[*:1],8978,22154,1,1,1.0,22,2,1,24,23,26,20+,C1CC1[*:1]>>CC(C)(C)[*:1],6c34bf17923f8d7199924e70155180b799e9659b8ecd7904871b5856be752c09,911e5f777d31f7aa4b724ed68c77efb116f40e937f9ded8a0c7966bc7e46baa0,C=CCOc1cn(-c2ccccc2)nc1C(=O)N1CCCC(F)C1,CCOc1cn(-c2ccccc2)nc1C(=O)N1CCCC(F)C1
bea7d8e457bffaac601d99dfaa2b6a887927f4127b7f788b16b15a90d9ded8a1,3f01a385898f178d58f1392c6268798e8a6d12fe63606742edb57108317957fe,COc1cc(C(C)[NH2+]C[*:1])on1,Cc1ccc([*:1])cc1>>c1ccc([*:1])cc1,Cc1ccc([*:1])cc1,c1ccc([*:1])cc1,13363,1083,1,1,1.0,11,7,6,18,17,26,20+,N#C[*:1]>>c1ccc([*:1])cc1,bbb04a44cb0f2a8df1af47950443c4e44aee710398a2cf7dff09105c22ed225f,0e7d8dc8ddfa772e989a8f7d35ebab3018a9b37d499d114ef36177b24cb07c69,COc1cc(C(C)[NH2+]Cc2ccc(C)cc2)on1,COc1cc(C(C)[NH2+]Cc2ccccc2)on1
1345fa02cabb7c93efd9d1438a28b955047adb244bfe85f11f24ae943ab9f6f8,5b55e7a684defd6d76927d614c079cfd3724b81731862664e6d30567cf0a5106,O=C(NCC1([*:1])CC1)C(Oc1ccc(Cl)cc1)c1ccccc1,O=C(O)[*:1]>>OC[*:1],O=C(O)[*:1],OC[*:1],45862,16155,1,1,1.0,22,3,2,25,24,26,20+,Cc1cccc([*:1])c1>>Fc1ccc([*:1])cc1,d5a66234a08baba9d074014aa6a8346a4281374cce2d885f7bc1cf1fbc6523d6,a9a324546b88ed26c6d5b5809e88570474fd1a1fba54c44644e1f489612fb3eb,O=C(NCC1(C(=O)O)CC1)C(Oc1ccc(Cl)cc1)c1ccccc1,O=C(NCC1(CO)CC1)C(Oc1ccc(Cl)cc1)c1ccccc1
b2d9d05621a32e4834fdf14c2f4b99e290e2f4d7867075c7c0fbd21e5f874056,9ac0651224ac4ebe6f4a72acc9b474762274975b53f83341aef50540ef8237e0,Cn1c(=S)oc2cc(C(=O)[*:1])ccc21,Clc1ccc([*:1])cc1>>c1ccc([*:1])cc1,Clc1ccc([*:1])cc1,c1ccc([*:1])cc1,12340,32387,1,1,1.0,13,7,6,20,19,25,20+,CC(C)[*:1]>>COC(=O)[*:1],183c7c37284720dcf4be2f8b6058867b98fb76c926f84d7c055d8121884fa52d,f1e6a009cb8cfefed35814149cf0ca4f13c2af1a77414e4740765b781b1442a3,Cn1c(=S)oc2cc(C(=O)c3ccc(Cl)cc3)ccc21,Cn1c(=S)oc2cc(C(=O)c3ccccc3)ccc21
1a6cce48304d61c2833c3f7fc292b3606c4e1bb17114bb20017c3121b02484cf,16544cbc139620288e9b7a2322e0f0e5c1b7aa2b2638091055f8c78076725d6e,O=C(CCC[*:1])NC12CCC(CC1)C2,CC(C)[*:1]>>COC(=O)[*:1],CC(C)[*:1],COC(=O)[*:1],45727,3585,1,1,1.0,13,3,4,16,17,25,20+,CC[*:1]>>Cl[*:1],f9612f3e996f6e4ab28cd8de3f18f868077ed30a0dfde907e8a0f65952cd69e6,0b43e85671cbcf1b12e694c6bcc50ae87fc0fa261880fbaf1387c6c5b2049a6c,CC(C)CCCC(=O)NC12CCC(CC1)C2,COC(=O)CCCC(=O)NC12CCC(CC1)C2
ae5b3d6b06e3cdd48355abd67dcb691ba9e2b99ee67e4b48145cf1b52754e528,b8749bf4ff5287467f5832703e51167d5adea61ae0c6e1c6f61cc488ae998d15,CCC(CC)(CC)N1C(=O)C([*:1])NC(=O)C1C,CC(C)(C)[*:1]>>CCC[*:1],CC(C)(C)[*:1],CCC[*:1],29104,34001,1,1,1.0,16,4,3,20,19,24,20+,C1CC1[*:1]>>c1coc([*:1])c1,99faa295e912210578ca88b231ae7aefb66d86cf61c91fc21d415d222a069c96,430c294160751cda65e28c72c2fa004f869a6e73ea92163973ae17124a19b8c4,CCC(CC)(CC)N1C(=O)C(C(C)(C)C)NC(=O)C1C,CCCC1NC(=O)C(C)N(C(CC)(CC)CC)C1=O
8561a68df1af0b30195c7764c9d52eb621938ed65e01d7bb5f9b1b10dc4c410d,a2c102dea652220fabddd60268f37893518fd20a0aeb7e6eca1b28209e78fe77,CNCC1CCN(C(=O)Cc2csc(-c3ccc([*:1])cc3)n2)C1,CCO[*:1]>>C[*:1],CCO[*:1],C[*:1],10555,27540,1,1,1.0,22,3,1,25,23,24,20+,C[*:1]>>c1ccc(C[*:1])cc1,8213ff1aaad0380a061fc005dd42da18dfaf731054442f23e5a3c9b1c6cc942f,588feeeb9e245754055c128a6bb47ce8daec86f923eb9e5d87014dccf68cd494,CCOc1ccc(-c2nc(CC(=O)N3CCC(CNC)C3)cs2)cc1,CNCC1CCN(C(=O)Cc2csc(-c3ccc(C)cc3)n2)C1
33501036b408c595598844517b0a95d6b0f5905c4735818b59f4b55c7b7a6494,7a2bdc16535b0dc2c94e49c5e26394ac93e9da4005af5ab6512510cfb557a4bc,c1ccc(CC(C[*:1])c2cccs2)nc1,O=C(O)[*:1]>>O[*:1],O=C(O)[*:1],O[*:1],45584,4819,1,1,1.0,14,3,1,17,15,24,20+,Fc1ccc([*:1])cc1>>c1ccc([*:1])cc1,b2a6db4420aebd81cff49144deaed9eac2c8674b81f165a68b221303f9e9f0ec,e2d084925bb41b8be8a2a309ae9652de2c3a76b51d8d83748e0996785abc7e28,O=C(O)CC(Cc1ccccn1)c1cccs1,OCC(Cc1ccccn1)c1cccs1
0d6e555f03d561a8c765427263528dbc1a20200b775e948133974b687b209fa0,944c27d5b2ee107d2664680b2f4bed39c65eac3ae7caa4d0e215535545e568f5,COC(=O)COc1ccc(Nc2ccc(O)cc2[*:1])cn1,Br[*:1]>>FC(F)(F)[*:1],Br[*:1],FC(F)(F)[*:1],28857,30884,1,1,1.0,20,1,4,21,24,24,20+,CC(C)C[*:1]>>CCC(C)[*:1],847fa9687593ee5d842d7881eaca560d84d2fcf10cd7a43cd7b53b4f8b7965ab,4d4da2841c99d94d1517b7484674830517fb46ef9656c4225fbda272a473321f,COC(=O)COc1ccc(Nc2ccc(O)cc2Br)cn1,COC(=O)COc1ccc(Nc2ccc(O)cc2C(F)(F)F)cn1
ce6f77d3be7c66ea41e18af86c8e1aa9ea31b528daf26a2ae90ec6d4651a0250,60ff5409d038f8af2edaa1bd445e5db944a036f2a3a0ef5830621ee83f32cbcf,O=C(CCC1CCCC1)NCC(=O)NCC1CCC[NH+]1C[*:1],C[*:1]>>OCC[*:1],C[*:1],OCC[*:1],8517,40576,1,1,1.0,21,1,3,22,24,24,20+,COC[*:1]>>C[*:1],40c504f042a8f3641331efd8e916725d1b6e4bec3a5dbbc80acb99c79ccfe6dc,31d6ae02ecab90750d8a92835df67addb0c592cf51690b50c011400fd1f4b9a4,CC[NH+]1CCCC1CNC(=O)CNC(=O)CCC1CCCC1,O=C(CCC1CCCC1)NCC(=O)NCC1CCC[NH+]1CCCO
2e3997bfdc5ba18a543fcabf7973835f4af7f250a81c80ae44a7b55ecebcad1b,e1f531aadac209f7f72f3aeb9c7e24aebfa712c89c95cab5c21ee268e8d91512,O=C(Nc1ccccc1[*:1])c1nnc(-c2ccc(Cl)cc2)o1,CC[*:1]>>N#C[*:1],CC[*:1],N#C[*:1],4502,12737,1,1,1.0,21,2,2,23,23,24,20+,C1CC1[*:1]>>c1ccc([*:1])cc1,4033acd38b717faee23e69713df98114b41692bf96e1daf68d3c4ad723a24ca1,ea06c1b94c70181bd6bb06ea2f1cbcc37677e8520d39c2416ecabf3cbfd13c27,CCc1ccccc1NC(=O)c1nnc(-c2ccc(Cl)cc2)o1,N#Cc1ccccc1NC(=O)c1nnc(-c2ccc(Cl)cc2)o1
a687fa299cb9c82e64598f7dd94481951a5137f856cb1a381b2b3caf9668da61,ea048c95dabd42ed09afac8281776683a67914b4faae06281b87ebe21cbc917d,COc1ncc(Nc2cccc(Br)c2C#N)cc1[*:1],N[*:1]>>O=[N+]([O-])[*:1],N[*:1],O=[N+]([O-])[*:1],6096,13547,1,1,1.0,18,1,3,19,21,24,20+,O=C(O)[*:1]>>O=C([O-])[*:1],5ce9d7053ad168a2c89bfc230c848881ecafc041036b9c6fc8e2680c47d358eb,23e385d02d9beb636b189f579abf5f9be341da409b51f30d10ba49f56a6057a8,COc1ncc(Nc2cccc(Br)c2C#N)cc1N,COc1ncc(Nc2cccc(Br)c2C#N)cc1[N+](=O)[O-]
62fbded10cd7fcea2758a86fe323a404d949ed0a574ef291c3464b6aee4de0c5,b72a29a3ae9b44e9b2fab45b02750df4a25f103c81306ffed39d8bf55cd84c83,Fc1ccc(CN(Cc2ccco2)C2CC2)c([*:1])c1,NC[*:1]>>O=C(O)[*:1],NC[*:1],O=C(O)[*:1],9791,25769,1,1,1.0,18,2,3,20,21,24,20+,N[*:1]>>O=C(O)[*:1],ade70303c5b39c225bed1c68d273ee37e7643ea2008c884a6c200c49570b29f7,3964d6b1dbe20fe57d5962bae22e64f7afb73a5e9b9407a81c88c09b48339bd7,NCc1cc(F)ccc1CN(Cc1ccco1)C1CC1,O=C(O)c1cc(F)ccc1CN(Cc1ccco1)C1CC1
0cb85d7dfe22d23a53b3a2df0a71b6995d439739434283403dd2e9ec3f1a1415,112c0bf457d3f513ef4b3a2f3dff37452fa490f438bca0991d337e2f4ecfd46b,Cc1ccc(-c2ncccc2NC(=O)C(=O)N(C[*:1])C2CC2)s1,Fc1ccccc1[*:1]>>c1ccc([*:1])cc1,Fc1ccccc1[*:1],c1ccc([*:1])cc1,47822,33731,1,1,1.0,22,7,6,29,28,24,20+,Br[*:1]>>Cl[*:1],5e8272aaf6a8d06acebc30ae40eca851d8ba65b90f644e92ef534fa36e5c8444,ed4545e8ae381181135140700f0914430f9fba60e3865bcccc065d14c2fd23c5,Cc1ccc(-c2ncccc2NC(=O)C(=O)N(Cc2ccccc2F)C2CC2)s1,Cc1ccc(-c2ncccc2NC(=O)C(=O)N(Cc2ccccc2)C2CC2)s1
6b31f325047acc4105399b92a9977ad686ca5f3986ef473d7a6776e33b568366,c2e52c1f8cdbaa51c2a35141985170015eebea67eca49b9a8ff617ba2d10f76a,Cc1nc2sc(C(c3ccccc3Cl)N3CCN([*:1])CC3)c(O)n2n1,CC[*:1]>>OCC[*:1],CC[*:1],OCC[*:1],1581,1304,1,1,1.0,24,2,3,26,27,24,20+,C1CCC([*:1])C1>>c1ccc([*:1])cc1,7145f4a419a9d0f21db28e2c6bc5ecaef4fac3c94a162ba9b21cd08dc0163e41,75b2d234ad4217edb02bee0e42896774d05853a80db2ff8e0c234fe056812c9b,CCN1CCN(C(c2ccccc2Cl)c2sc3nc(C)nn3c2O)CC1,Cc1nc2sc(C(c3ccccc3Cl)N3CCN(CCO)CC3)c(O)n2n1
0a410ce960bcf5cce689c34637466284b24d7e7339dc08a93f0b8db7ab9f4af7,524e0cd3196aa78525c9c1d70562e8d16252eb08eb4978b95003423777837747,CCC(NC(=O)CC1CC2CCC1C2)[*:1],NC[*:1]>>OC[*:1],NC[*:1],OC[*:1],17605,14260,1,1,1.0,14,2,2,16,16,23,20+,N#C[*:1]>>N[*:1],31924170dfed77d19916a2ec4abbb41604fa769ecbf3b2483216f514840c87e0,274d6645b77706204fcd637af54b870b24921089c0f2b6589f90a52be3885d91,CCC(CN)NC(=O)CC1CC2CCC1C2,CCC(CO)NC(=O)CC1CC2CCC1C2
e367208f307f5b26f8b0516b1167930a7f1fc8c6a6cafef07b37057810888a06,7cce991864c41c820eaaba6c05a8a761a15895ec764382ed8cf6c24197157a9b,CC1SCC([*:1])CS1,CC(C)[*:1]>>O[*:1],CC(C)[*:1],O[*:1],38331,33015,1,1,1.0,7,3,1,10,8,23,20+,CO[*:1]>>FC(F)(F)[*:1],516d0e53301f1557325b1ad0074e63027cf299a0532290b1d357a3fe7837c740,b88741bab5c6f331e623f4eb023e95c63eeb88fe715a835ab9e1ec9e1b881230,CC1SCC(C(C)C)CS1,CC1SCC(O)CS1
2e83d623658af13f8bc8fc3e1330de776f3d728b57ec0c96b928a9ffdef4afd4,ea210f21a5d2e407e5e8eb71e01f20def7b8a0a5397373e6d8024982ff377d19,COc1ccc(Nc2ccc([*:1])nc2)c(C)c1,N[*:1]>>O=C(O)[*:1],N[*:1],O=C(O)[*:1],27489,30313,1,1,1.0,16,1,3,17,19,22,20+,CC(C)[*:1]>>COC(=O)C[*:1],f28d8ae03474acc8f9f364d73e790e3ad5e0f8d64d812adecb35c9aa4c531ca0,ce267fd82307acafb51079d8fc5cb0299ac167716b2b7760da719b1c44c1b0ae,COc1ccc(Nc2ccc(N)nc2)c(C)c1,COc1ccc(Nc2ccc(C(=O)O)nc2)c(C)c1
990358392d6fd694417d42ac9e71dfd9f7bb41e0a19eed60d09de273e9f1669d,b74ff08edc919eb3905897bcefadae3b04d40f97dd713ba54806879e41d882a7,CC1CN(C(=O)c2cc(=O)n(C)o2)CC1NC(=O)C[*:1],CC(C)C[*:1]>>COCC[*:1],CC(C)C[*:1],COCC[*:1],34592,28111,1,1,1.0,19,4,4,23,23,22,20+,Br[*:1]>>F[*:1],21b49df3d9d71d05810929fbad51add6fca61b482a23e3f2391a3ec58c685082,d9020cf6ba8aa82e051c65ee102e784353c410ce269c01f762fd2e9ad56234df,CC(C)CCC(=O)NC1CN(C(=O)c2cc(=O)n(C)o2)CC1C,COCCCC(=O)NC1CN(C(=O)c2cc(=O)n(C)o2)CC1C
059929795005ccea422396faca72d8015f65ce4906732d7b7b1f29bc28aea96b,5a459fb4318db3fee9031d9e3c9ad8aad6b1705a4a9e701d253d520dfde427d6,O=C(Nc1cccc(-c2nnco2)c1)C1CCC([*:1])O1,C[*:1]>>NC[*:1],C[*:1],NC[*:1],19832,17594,1,1,1.0,19,1,2,20,21,22,20+,FC(F)(F)[*:1]>>F[*:1],8d0a3cc87c7647e53628e33f2fac13f9b53ac0eabc7e8213017abd58fb3376c0,8a19de8e44435ba124b128b5521571963c00f395a3b78ef79496122a467ab535,CC1CCC(C(=O)Nc2cccc(-c3nnco3)c2)O1,NCC1CCC(C(=O)Nc2cccc(-c3nnco3)c2)O1
b90d215d7d7f331508df0ec475c8ffa51ced214e9a72f49d493f1520edf4424c,2d0078808f549308c954254da147aa8a380674170b4bb7b12ec72e3993beb07e,CC(NC(=O)COc1ccc([*:1])cc1)c1ncn[nH]1,Br[*:1]>>N[*:1],Br[*:1],N[*:1],16409,34316,1,1,1.0,18,1,1,19,19,22,20+,CC[*:1]>>OCC[*:1],e56e33e33b1376432475cff41cc648859eb88bd32fd3a1e55475114a2f620645,22bd8bf239a1d0ae5ee8aa63e76efe729c5e22cf28a5cbc119e5b3ac79704507,CC(NC(=O)COc1ccc(Br)cc1)c1ncn[nH]1,CC(NC(=O)COc1ccc(N)cc1)c1ncn[nH]1
67aeac996c4155915748963157b9272324fcefa78e3d26ea3c1493013ad93b2e,1b564c2b2f0a7f2439c590b3aadf878ac33b5c7ad56ac85f97a03c1f6b63cb15,c1cc([*:1])oc1C[NH+]1CCCC(OC2CCC2)C1,CCOC(=O)[*:1]>>C[*:1],CCOC(=O)[*:1],C[*:1],21760,34565,1,1,1.0,17,5,1,22,18,22,20+,CC[*:1]>>O[*:1],fc6a7a1d09606a5587640ec60acf7914faaca0740db737f5e031f4d8ca4070a7,3f0c3b481277944708f9dcea4adcd3fbe06aa8da8afc15275efc0df91052c1fd,CCOC(=O)c1ccc(C[NH+]2CCCC(OC3CCC3)C2)o1,Cc1ccc(C[NH+]2CCCC(OC3CCC3)C2)o1
babb7f9b1fad6dbf651dcd6ac5e7d2d8ab0928ebdeb1d2df3e35cb0f88d95271,b0e449c06fb781a94d7e432d87c787713d48698f69f0b0f49b5ead59dc04a108,CC(C)(CCN1CCC(NCC2CC2)CC1)[*:1],COC(=O)[*:1]>>O[*:1],COC(=O)[*:1],O[*:1],37426,31988,1,1,1.0,16,4,1,20,17,22,20+,Br[*:1]>>Cl[*:1],926755b5b45b103e21052e5e059f5bf208eed4cefad9b278aa2d0a7ecd5ce108,bbcb88d0677cfabd42f4fa2c72c25acc166f08e6166f6b846ca21c7028b8815c,COC(=O)C(C)(C)CCN1CCC(NCC2CC2)CC1,CC(C)(O)CCN1CCC(NCC2CC2)CC1
ffc5790ca007efd63799cabebfabcab4b42819b0861dd42479c81adb9bb42db3,14138e641fbd07795f2db6b2036a9f3030d9719aa2ff900c5dd2060918e6d049,COc1ccccc1CNC(=O)CSc1nnc(-c2cccc(C)c2)n1C[*:1],C=C[*:1]>>CC[*:1],C=C[*:1],CC[*:1],12923,15,1,1,1.0,27,2,2,29,29,21,20+,C=C(C)C[*:1]>>CC(C)C[*:1],43dd62daf34fcd18a8c0196d29644b3bff83f942769a33f9442e955c2a15257f,31a0d6d5861204660927e4c2384388327170c59371363ca751c216b3097307f3,C=CCn1c(SCC(=O)NCc2ccccc2OC)nnc1-c1cccc(C)c1,CCCn1c(SCC(=O)NCc2ccccc2OC)nnc1-c1cccc(C)c1
1f599f8b9a5e3ecfbb1bf837661fa2a95d67725cfa48696e2c19ffa0f1cea672,c5ba1110f8d6fd02da00ee5f693094723d1180cd086d26da0e6d62b9e98bf8de,O=C(C1C(c2ccccc2)C1(F)F)N(C1CCCC1)[*:1],CC[*:1]>>COC(=O)C[*:1],CC[*:1],COC(=O)C[*:1],49769,39683,1,1,1.0,19,2,5,21,24,21,20+,NC[*:1]>>O=C(O)[*:1],c8b1b2880e2828ea6209e7c21b1704e38fb7423c582fab60640c5469240b193e,859e46be743feca719621388df9bb5001e8ce59659aab64388d08278898be4da,CCN(C(=O)C1C(c2ccccc2)C1(F)F)C1CCCC1,COC(=O)CN(C(=O)C1C(c2ccccc2)C1(F)F)C1CCCC1
b1d98943bedb3eb43cf84a795166b5ea49f74c88625a11dad36e742dc63706cb,acf116949eb63610770eb4771cf9795aa184170c86fa56d2e85a4ccbde02e2f6,Nc1nc(N[*:1])sc1C(=O)c1ccc(Br)cc1,Cc1cccc([*:1])c1>>Fc1ccc([*:1])cc1,Cc1cccc([*:1])c1,Fc1ccc([*:1])cc1,721,17301,1,1,1.0,16,7,7,23,23,21,20+,Cl[*:1]>>N#C[*:1],da86c1b952b5728a342623237c8357c8e93a77587774c9e0b78b086596b6cfc8,31b37f36f316cfb64c96e3b745fcfd11a0061b9388497dd544adf0a0d9291676,Cc1cccc(Nc2nc(N)c(C(=O)c3ccc(Br)cc3)s2)c1,Nc1nc(Nc2ccc(F)cc2)sc1C(=O)c1ccc(Br)cc1
8a797b267960bf6a92062851304fcf713d8e71f1081e2c28c0eabee440142bbb,dfd06036a0673605c7fa387c64a688903c90501cd2022a5c4d53ca805e34a8a5,c1ccc(C(CNC2CCCC2)[*:1])cc1,CN(C)[*:1]>>CO[*:1],CN(C)[*:1],CO[*:1],24824,3001,1,1,1.0,14,3,2,17,16,21,20+,Fc1ccc([*:1])cc1>>c1ccc([*:1])cc1,edf04c7e0b25b10104b207cdc2b38aa9d8a87a668c1facbd2c8d517f93053881,eab8923fffa9069e1f38373450817c035965c28db75d55adfea6e262ec19ad3f,CN(C)C(CNC1CCCC1)c1ccccc1,COC(CNC1CCCC1)c1ccccc1
b9d671c9599fb842b73cc00cbc7ff01532591ff4b7a27cc445bf83087f5f3247,e39a2a66d999d7d95e1cc3f6ddc4581d7a3fcd53bd6f85a49bf5c9c98a978663,O=C(CN(C1CCCC1)[*:1])N1N=C(c2ccc(Cl)cc2)CC1c1ccco1,C[*:1]>>N#CC[*:1],C[*:1],N#CC[*:1],6882,32097,1,1,1.0,26,1,3,27,29,21,20+,CC(C)[*:1]>>C[*:1],e28e810a25137e960e381758b7d355f8a29e500e576e1a4859c0817e0ac68658,ba2e3608a162a88d09e83ae66aac9b001ed1ffcbbba74b2ff6b7fdeb3fa7f43d,CN(CC(=O)N1N=C(c2ccc(Cl)cc2)CC1c1ccco1)C1CCCC1,N#CCN(CC(=O)N1N=C(c2ccc(Cl)cc2)CC1c1ccco1)C1CCCC1
0f021cfb29ed73bf5df0186f77893be2b916e5b085b18be5fa6e6ae79d147e83,98929dfd0cb25c0e6a42720eca8f2c103ae56014f3981a3552bae1f8d4ad55dc,Cn1c(C[*:1])nnc1SCC1CCCN(S(C)(=O)=O)C1,N#C[*:1]>>O[*:1],N#C[*:1],O[*:1],7294,34935,1,1,1.0,19,2,1,21,20,21,20+,Clc1ccccc1[*:1]>>c1ccc([*:1])cc1,aa539aeaaefd8891d060159e901dbd5173176e293d2c8a0ca15bf34ae9558d23,bc992156e5a41208cb5108fd56e37beb70e6def616a1ac8d45901ef05c541a55,Cn1c(CC#N)nnc1SCC1CCCN(S(C)(=O)=O)C1,Cn1c(CO)nnc1SCC1CCCN(S(C)(=O)=O)C1
1b2a811a0f9beab548e6400676add186b6f217268bc46a4f4be8ecc76922ddca,5a31d8425e0441c9006274c123bdf6a178e48ea24ab34c4cc01956655afcb206,O=C(C1CCCc2cn[nH]c21)N(Cc1ccccc1)[*:1],CC[*:1]>>COCC[*:1],CC[*:1],COCC[*:1],42406,8842,1,1,1.0,19,2,4,21,23,21,20+,CC(C)[*:1]>>COC(=O)C[*:1],33f594f13336ecdfc26e933316d2a736dcc05cff2a33efb61270b144b886b437,838ae4de32cdff8306569ce30b94e798efe2a9fb628b9f97b99f461d2ca909e7,CCN(Cc1ccccc1)C(=O)C1CCCc2cn[nH]c21,COCCN(Cc1ccccc1)C(=O)C1CCCc2cn[nH]c21
9ff4885391f9b9ded95acfc0d0c5f24520a92aecee11f3867141510a9dccd730,ec8adbeaa9a4789c289b2db95d42079d700c80f8c108e418810c6e9de1cee382,O=C(O)C1C2CCC(C2)C1NS(=O)(=O)[*:1],CC(C)(C)[*:1]>>FC(F)[*:1],CC(C)(C)[*:1],FC(F)[*:1],16828,21520,1,1,1.0,14,4,3,18,17,20,20+,CC(C)(C)[*:1]>>c1ccc([*:1])cc1,32f5860fc05379b75dcc819f292a03f06c5bc715861165c4d38c715f4a9b44bb,2d9460d894dfa37c12546e661506743d4bdbf31d228d22e03bee005b22e2da6b,CC(C)(C)S(=O)(=O)NC1C2CCC(C2)C1C(=O)O,O=C(O)C1C2CCC(C2)C1NS(=O)(=O)C(F)F
d48edbe58449ed109aa23ae11dcb043d1f8f25dd30614449ae7adb9c96ff340c,bf4287a6e7e91e3d62edcf685bc424ace39ed9d3e86c887550779ed683053a83,CC(CC[*:1])C(=O)NC1CC(Nc2nccnc2C#N)C1,CC(C)(C)[*:1]>>CO[*:1],CC(C)(C)[*:1],CO[*:1],38853,5213,1,1,1.0,20,4,2,24,22,20,20+,Fc1ccc([*:1])cc1>>Fc1ccccc1[*:1],9fdc5c48620278cb6758c0482f9a16053d994b2a96ba0bf26cf189305a580752,da9e9d5bf58cc70f66cd0a94ebb5101ae92fb602e323f6ef07e7761638d5d0a3,CC(CCC(C)(C)C)C(=O)NC1CC(Nc2nccnc2C#N)C1,COCCC(C)C(=O)NC1CC(Nc2nccnc2C#N)C1
8bb40abeb3a52cbe08195d51bf3ace054c0cc7789729c18cc1d0200f1b63bf0c,1f2ec8c6a984b052e6a55eacbdd19c2195e3fa8e669c36eb4c69cff6f5a318c2,O=C(Cn1ccc2ccn(C[*:1])c2c1=O)NCc1ccc(F)c(Cl)c1,Cc1cccc([*:1])c1>>Fc1ccccc1[*:1],Cc1cccc([*:1])c1,Fc1ccccc1[*:1],2481,8073,1,1,1.0,24,7,7,31,31,20,20+,C1CCC([*:1])C1>>CC(C)[*:1],ed93788944eb43f21e896bbdb3589265356365a767fc8c3c75212b4bbeb3f63b,ef3a8307007acf9cd20ca02097685057d3c9a91b1abd995ee0d5105dc6561d79,Cc1cccc(Cn2ccc3ccn(CC(=O)NCc4ccc(F)c(Cl)c4)c(=O)c32)c1,O=C(Cn1ccc2ccn(Cc3ccccc3F)c2c1=O)NCc1ccc(F)c(Cl)c1
938dfe079b046e0c7973c69d22972f0fc6c7b61e36b45dcc0bba3ccf0a4e6202,f00ccfcf7a14edf03f47deb7549767f1e805c78ec5d18dc32bdc114869d44e95,CCCCCN(CCCCC)C(=O)C1C2CCC(C2)C1[*:1],O=C(O)[*:1]>>O=C([O-])[*:1],O=C(O)[*:1],O=C([O-])[*:1],1877,27898,1,1,1.0,20,3,3,23,23,20,20+,C1CN([*:1])CCO1>>O[*:1],1b7d11be65a3bebb233b867eb377e581d5adfd54d3b92adf3ded8aec3b780ac6,51f1aec62cda91bb8c9119c470e95e79469a2ffc31f2e50c4a14580ae8789c7f,CCCCCN(CCCCC)C(=O)C1C2CCC(C2)C1C(=O)O,CCCCCN(CCCCC)C(=O)C1C2CCC(C2)C1C(=O)[O-]
9ba024918a3a066dcf89eb3841d1d5ca4333271a1e9782adb9d39a4b9b98f7de,c03defa394e533729e500944d9063581b0e4a9b2b2bb761f0c60afc98202f2b7,Cc1ccc(C(=O)c2sc(N[*:1])nc2N)c(C)c1,Clc1cccc([*:1])c1>>c1ccc([*:1])cc1,Clc1cccc([*:1])c1,c1ccc([*:1])cc1,18262,33553,1,1,1.0,17,7,6,24,23,19,10-19,C1CC(C[*:1])C1>>C1CC1CC[*:1],647dd9e68b58aae4ef4a6478f48c1ef0faf4253fd145fe7115f65f4f1dd4ffdd,54961fef47eb3b7f324fd36f2227071d8d991b973e73fe250a5528f922de2e13,Cc1ccc(C(=O)c2sc(Nc3cccc(Cl)c3)nc2N)c(C)c1,Cc1ccc(C(=O)c2sc(Nc3ccccc3)nc2N)c(C)c1
dfc392ffdcc75a3ed1f2b6748ca82660e202b108fc762a0582512878056d8cbc,e631b6751524b0c53fd8c7311b8b6e8181ff5e97e99b7fb79b92288870ecda27,FC(F)(F)Oc1ccc(Nc2cccnc2[*:1])cc1,F[*:1]>>N[*:1],F[*:1],N[*:1],31861,6317,1,1,1.0,18,1,1,19,19,19,10-19,COc1ccc([*:1])cc1>>Cc1ccc([*:1])cc1,ca22e8b2d4d97867fb2d0bf6f50ce39fbf87f3cb832651c8c929943cfcd4e852,d8bf7de6fe7c58b4b7d0daf1f8a00c40e6e20d756d5a2667aaca50efeca64c97,Fc1ncccc1Nc1ccc(OC(F)(F)F)cc1,Nc1ncccc1Nc1ccc(OC(F)(F)F)cc1
50037141c3d1eeb61dbcd4d46a07ceef25738e1adb9ab8f2e3bc85654ae6ea3b,1fb0b491a7f4b9b9f9f65643297953753c8f9bd769bdf68853c85dd69811d29a,C[NH+]1CCN(C(=O)c2ccc(-c3cnc([*:1])nc3)cc2)CC1,CS[*:1]>>C[*:1],CS[*:1],C[*:1],22864,10381,1,1,1.0,21,2,1,23,22,19,10-19,CC(C)[*:1]>>Clc1ccc([*:1])cc1,881fa5a615f5b1a9f82d3d6d3fe08fe8298c1f9a6470e26195deb2952145889c,c71fd838dbf68d6a4de2ed03d4e8ceed176d1ae477b26796438a1488679543c4,CSc1ncc(-c2ccc(C(=O)N3CC[NH+](C)CC3)cc2)cn1,Cc1ncc(-c2ccc(C(=O)N3CC[NH+](C)CC3)cc2)cn1
a6f6373803f2ef0c466e2968329c4c36b999f82fcdb58c45367944f5d9c46663,2817f0412357cd934e8b235d31b7e3afc766867345002414824880f31dd6c024,Cc1cc([*:1])nc(-n2ccc(C(F)(F)F)n2)n1,CS(=O)(=O)[*:1]>>C[*:1],CS(=O)(=O)[*:1],C[*:1],31107,41285,1,1,1.0,16,4,1,20,17,19,10-19,C1COC([*:1])C1>>COC(=O)C[*:1],ff6bcfedad5a7ca2849fbfa7bfd6b7743209d7d9dfe1d23062f4689f129ea35f,d94c57b0c64dcc25ba874ab7fa4c7998269070be16baf496b748df45de3c010d,Cc1cc(S(C)(=O)=O)nc(-n2ccc(C(F)(F)F)n2)n1,Cc1cc(C)nc(-n2ccc(C(F)(F)F)n2)n1
ff6c8f29ee3683a8da6dcf5e21467318e22882aa641b8259bac3aba03c439cd9,17a51981f9fe2cafd1746c514b5d99a03993d1fb89f86e38ab8d40e9698edc5d,CC1CCC(c2nc3c(c([*:1])n2)CNC3)CC1,COC(=O)[*:1]>>FC(F)(F)[*:1],COC(=O)[*:1],FC(F)(F)[*:1],14664,744,1,1,1.0,16,4,4,20,20,19,10-19,CC(C)O[*:1]>>CC(C)[*:1],ddb300b355a01b74d75fd3f8cd7f8a9da046aa0bb119790361b69b50ad7818a3,e7d55afbc41d6081f562ddeee357e692970a3b95212447239abc1aacccab183f,COC(=O)c1nc(C2CCC(C)CC2)nc2c1CNC2,CC1CCC(c2nc3c(c(C(F)(F)F)n2)CNC3)CC1
c05117aa596a1ac532e67a187927a58d9aab5ede7ad62be3e9c7534f18d1aca9,412f827ed1602797bb118bde629126716ceff89747b429532ab8079198909609,CCCC1C(=O)NC(C)(C)C(=O)N1[*:1],C[*:1]>>FC(F)(F)C[*:1],C[*:1],FC(F)(F)C[*:1],38317,27773,1,1,1.0,13,1,5,14,18,19,10-19,CNC(=O)[*:1]>>NC(=O)[*:1],1f4a8277d420552331483e0d363a119814c3c2dddb16e9e6b0d933741cec20c9,079dfa3a57be7598c307b3389937bd2e503a2ad607f54ba598e13db63dd46883,CCCC1C(=O)NC(C)(C)C(=O)N1C,CCCC1C(=O)NC(C)(C)C(=O)N1CC(F)(F)F
f7f8ce227cfd9593a6585eedd8722273af71a6c3f1908a348f220c55a8bc87fd,f268fffee06b22fcaa8beec9fffea20b606c23bcf31246c8722ee5a539094d01,CC1CSCCN1C(=O)CCOc1ccccc1[*:1],CC[*:1]>>F[*:1],CC[*:1],F[*:1],42869,31600,1,1,1.0,18,2,1,20,19,19,10-19,CC(C)(C)[*:1]>>Cl[*:1],47a6ea319bb4eab478ab1fa721f362855534164fd27badc90e43e21fbfd58039,af9c67c12693c0328d2344ccb6c3185c1444e2664b844b337dbdcc4c4992962d,CCc1ccccc1OCCC(=O)N1CCSCC1C,CC1CSCCN1C(=O)CCOc1ccccc1F
1761f9b595086a7b99e90e8c850494ed99224a558afe18a1a62b4c30dabb5a10,4225905f42aa8708ff5f0c1632626d75c7f579cb0ee62cec3929280e8af0a285,CC(C)(C(=O)NCC1CC(Nc2cnc(F)cn2)C1)[*:1],CC(=O)N[*:1]>>C[*:1],CC(=O)N[*:1],C[*:1],28534,11555,1,1,1.0,19,4,1,23,20,19,10-19,CC(C)(C)C[*:1]>>C[*:1],904b07702593464c03c67125bb66bf2f57c5fe68eaf2ab69cefd756f894f88f3,a5265e7b96ea2d1b53da07c99903c874eb9f04bf172783161508700ef3583d26,CC(=O)NC(C)(C)C(=O)NCC1CC(Nc2cnc(F)cn2)C1,CC(C)(C)C(=O)NCC1CC(Nc2cnc(F)cn2)C1
fed910d3e81c6e07f909dfc2e9bbc41511b6346b46a9e862589c0e2c164e85a8,40cf81a8e9c4e9d19f8d55aae2817829f758ad013cfab424cb2ec5e70913e25a,CN(CCCC1CCCCN1)C[*:1],Cc1cccc([*:1])c1>>Clc1ccc([*:1])cc1,Cc1cccc([*:1])c1,Clc1ccc([*:1])cc1,38640,33491,1,1,1.0,12,7,7,19,19,19,10-19,CC(C)(C)[*:1]>>Fc1ccccc1[*:1],29d29778f419e188bb747a89185b9667764143d9ea5cdecde2cecd66d3adf193,fe9ddce1c6d874c893d9f47cdc0ca132d2e183d791479aed0ef78358a4a8acd3,Cc1cccc(CN(C)CCCC2CCCCN2)c1,CN(CCCC1CCCCN1)Cc1ccc(Cl)cc1
06d28e6b2934151ec017e8b8250b9fe705b50cda18552e8dfda0df33bbdf7480,8bfb2bb3277390ea9de10aa12c8223b0c957bdaedafa2fca73d1f55f61b35022,CC1CNc2c(C(=O)NC(C)C[*:1])cnn2C1,F[*:1]>>NC(=O)[*:1],F[*:1],NC(=O)[*:1],46008,3038,1,1,1.0,16,1,3,17,19,19,10-19,CC(=O)[*:1]>>FC(F)(F)[*:1],dd9ca51f2ae6727071e04c80161d967b9b1e7861f6b8854ddc153072e0b2a59d,0b7ef1076c20fdd1b2bcec52eebab5a26e880f434fef500ee4590237e9421e55,CC1CNc2c(C(=O)NC(C)CF)cnn2C1,CC1CNc2c(C(=O)NC(C)CC(N)=O)cnn2C1
c02925643de81b0a13d8ab69274ab89d7382065cdd5756744adcfb597367f00e,3e07a7d3fe7ad540b1446866e406ccbb95e3283ab544d09ca1a1a7843a6abbda,COC1CC(NC(=O)c2cnn([*:1])c2C)C12CCC2,Cc1ccc([*:1])cc1>>Clc1ccc([*:1])cc1,Cc1ccc([*:1])cc1,Clc1ccc([*:1])cc1,5799,11023,1,1,1.0,18,7,7,25,25,19,10-19,Fc1ccccc1C[*:1]>>c1ccc(C[*:1])cc1,5984b3dd1b65f799214373d39f5916a94bb97e2ed2aa596d94fbff8a4a2bbb36,55804b2f62220a4684a4e73f0387ebf2a68451f9c27c9009d82fd913a182e6f1,COC1CC(NC(=O)c2cnn(-c3ccc(C)cc3)c2C)C12CCC2,COC1CC(NC(=O)c2cnn(-c3ccc(Cl)cc3)c2C)C12CCC2
444e9d752de183fca03ac30f9f154d20d4e1338f75394e19fc7f7bcb4902cfa4,320b10e51701b0b22650da6cafce632a6e728b28c353b223ab7487e0a7a2c7c5,CC1(C)C([*:1])CCN1C(=O)C1CCS(=O)(=O)CC1,Clc1ccccc1[*:1]>>Fc1ccc([*:1])cc1,Clc1ccccc1[*:1],Fc1ccc([*:1])cc1,29135,30798,1,1,1.0,17,7,7,24,24,19,10-19,CC(C)[*:1]>>CN(C)C(=O)[*:1],ab9834e1269168fe06e17a5b017e603b8fc0b3ff006e3012b219771e68523a40,888776d62a052a2e3663f7a7ad8959bd6335016747606ecb80084074e9997a6d,CC1(C)C(c2ccccc2Cl)CCN1C(=O)C1CCS(=O)(=O)CC1,CC1(C)C(c2ccc(F)cc2)CCN1C(=O)C1CCS(=O)(=O)CC1
836bfb614a8f5c6749d6fea142ade78707052da8b85eae16d70944fc194b5477,ea5f3aa7e21c99a953b199fb9440c76c7627b2d8bfba7c0ae46e4dc29912479a,Cc1cc([*:1])nc(-n2ccc(C)n2)n1,NC[*:1]>>N[*:1],NC[*:1],N[*:1],9462,37332,1,1,1.0,13,2,1,15,14,19,10-19,CC(C)C(C)[*:1]>>CCC(CC)[*:1],a818cff6a8c14f372e1378db802c71f6920ad51acfdf1735ba1ef493c29de9f8,1a793defddf09355a58b51a03fd40b524135f24454472ad029fc0c781abb84d4,Cc1cc(CN)nc(-n2ccc(C)n2)n1,Cc1cc(N)nc(-n2ccc(C)n2)n1
1aa0055d1dc03e84406f9987459bacd8903d9bf0d344c7faba90c1b9cce4101e,6bf44c2155d97aad2a2789a938953be203349e7bc5634fff44d02b74854fdf31,Cc1cc(CNC(=O)CSc2nnc([*:1])n2C)ccc1F,Cc1ccccc1[*:1]>>c1ccc([*:1])cc1,Cc1ccccc1[*:1],c1ccc([*:1])cc1,18048,47509,1,1,1.0,20,7,6,27,26,19,10-19,CC[*:1]>>c1cncc([*:1])c1,51615996d804f120675de742e24e0dc20d59eff28ef4da47463a6e2474765b79,4eff4b854ff35094f68b181d2f79c97c6f8acb82c7760a228ac737ec332d643e,Cc1cc(CNC(=O)CSc2nnc(-c3ccccc3C)n2C)ccc1F,Cc1cc(CNC(=O)CSc2nnc(-c3ccccc3)n2C)ccc1F
de4bd90e0fb15454e155b4aef7437ebad755bd8ad87ba1af4c89f8f18244eaa4,34cba2af5049f0847f3244f876aaddc6b2174cc57d9f26da1402dabca6c8f57c,O=C1CC(C(=O)N2CCC([*:1])CC2)CN1Cc1ccco1,FC(F)(F)[*:1]>>OC[*:1],FC(F)(F)[*:1],OC[*:1],26368,36571,1,1,1.0,20,4,2,24,22,19,10-19,CC(C)[*:1]>>NC(=O)C[*:1],622a8911d804a2c4c3277974a24dd6e723f0f5f55018e4a0878c18a5c5443148,8f4d1c68fa2bed8e8edd7e79b0dd4a812fc61a0fc9c655f988cdf37598b53a4f,O=C1CC(C(=O)N2CCC(C(F)(F)F)CC2)CN1Cc1ccco1,O=C1CC(C(=O)N2CCC(CO)CC2)CN1Cc1ccco1
ab706379d35fef0a61fc844ab952209f1b0e6c44e2dd7d8d44afe256a0648181,858ad4952e65da319433cf1b5031defe26a8572276cad05b2c42ad5da84d74dc,CC(COC(=O)C1SCCCS1)[*:1],CO[*:1]>>O=[N+]([O-])[*:1],CO[*:1],O=[N+]([O-])[*:1],33049,3799,1,1,1.0,12,2,3,14,15,19,10-19,CC(C)C[*:1]>>CN(C)C(=O)C[*:1],967e558babe484f9a7356c63ff9694fb8009fc2d9c1249309afab1f197fc52a5,5b1f67e8b04488e37bb2e081dbd7fb8029aa6f18ce1f6555daaa637c093b356d,COC(C)COC(=O)C1SCCCS1,CC(COC(=O)C1SCCCS1)[N+](=O)[O-]
0ccec9aae2ef2155573c0b54709fc3d27b020ff47c6bf414c7f8699803103e6a,488deae0c93179d3bfd51d5138f52f67513b221c04a97500bc53b958e6329992,COc1ccc(Nc2cccnc2C(N)=O)c([*:1])c1,N#C[*:1]>>OC[*:1],N#C[*:1],OC[*:1],33375,29396,1,1,1.0,18,2,2,20,20,19,10-19,Cn1cc([*:1])cn1>>c1ccc([*:1])cc1,879827eac67325a85851c445503298ac9dea121cf9668560da9450f002aebcc2,d47688717f4fe37fdbf5486760b026f2bf1dd215226eed8608d67e933d29b86e,COc1ccc(Nc2cccnc2C(N)=O)c(C#N)c1,COc1ccc(Nc2cccnc2C(N)=O)c(CO)c1
b939d79da47d6e2e321f5e392b102a992c08da6dc38f1dc87b368163253568e3,44d72215da1cc702d200cc0a86982dbdca29a10bad95db23638218b540eead6c,O=C(COC(=O)C1CCN(C(=O)Nc2ccccc2)CC1)N[*:1],Fc1cccc([*:1])c1>>Fc1ccccc1[*:1],Fc1cccc([*:1])c1,Fc1ccccc1[*:1],30090,15557,1,1,1.0,22,7,7,29,29,18,10-19,CNC(=O)[*:1]>>C[*:1],62bde72556580d01b6e0bccdcbcbeb0d699e2781cb38e583869e7a68b9edf07c,1abcd32c8f1184832dfe7b311b216577e4a422c5d62988261867b0a434ae2589,O=C(COC(=O)C1CCN(C(=O)Nc2ccccc2)CC1)Nc1cccc(F)c1,O=C(COC(=O)C1CCN(C(=O)Nc2ccccc2)CC1)Nc1ccccc1F
8fd28ecd3116bfccbdfd6dc6dc076ed1d55d96ce5f667bb95e352678b0280a6f,0455b4fe6cb71c6bb8efc9705707a6eb3f4ca86f232a90f010a534bf6847f949,Cn1cnnc1CN1CCC2(CCC[NH+]2CC(O)C[*:1])C1=O,CCO[*:1]>>CC[*:1],CCO[*:1],CC[*:1],7167,1392,1,1,1.0,21,3,2,24,23,18,10-19,CO[*:1]>>c1ccc([*:1])cc1,55c238021cfd90951352fcb61f1d784054955a6a52d6880f705704a3cb480254,7b76e2c029c720686a8b892c8311d14a35acd5ee35b227413dc7f327c00c5bc5,CCOCC(O)C[NH+]1CCCC12CCN(Cc1nncn1C)C2=O,CCCC(O)C[NH+]1CCCC12CCN(Cc1nncn1C)C2=O
2b0754e114c8dac3aa605a8a6b2e3c96e66768f30063eb44c288cfcaa09a9191,8c4b4bd880db05f719df2160d154466e77dab992f5fb4481cd129727d4766857,Cc1nn(C)cc1CC(=O)N(C)C1C[NH+](CC[*:1])CC1O,C#C[*:1]>>C[*:1],C#C[*:1],C[*:1],42476,47667,1,1,1.0,20,2,1,22,21,18,10-19,C1CC1[*:1]>>c1ccc(C[*:1])cc1,3e7a8cf34ee99325d104cb1aad2edbb49e55df1971783fb77aef903a9a0e56d9,eced91b464757aafb833aa547fc89f603a8cb82a1e8d1e6361e5473654f23373,C#CCC[NH+]1CC(O)C(N(C)C(=O)Cc2cn(C)nc2C)C1,CCC[NH+]1CC(O)C(N(C)C(=O)Cc2cn(C)nc2C)C1
762a1f10fd1bc544a49344b3cf73ad4d55c5f3605079354646f1844379d7d78b,02239a708836da2320d2599116abcc527a5f6dc83fb1507c3cd98d68789f25af,O=C(NC1CCCCC1)c1cnc([*:1])cn1,CN[*:1]>>C[*:1],CN[*:1],C[*:1],9050,5804,1,1,1.0,15,2,1,17,16,18,10-19,Cn1cc([*:1])cn1>>c1cncc([*:1])c1,dab73a385051c20ba5d0df0625fdcd28cd4d32d49cc10196c457de93619f0491,207776a98542a08de1fd760f3630741a1e1426373857d9fbd46ccc2e4a6b9103,CNc1cnc(C(=O)NC2CCCCC2)cn1,Cc1cnc(C(=O)NC2CCCCC2)cn1
0a7c41b011523499ff2b72f2c0c75fe165fa6736e5916ac1531ea05a6d9c1fdc,d467399e4ba7934c6f70514c245ba3c72d89f3d343d765709e7881cc4cb8d577,CC(C)C1OCCCC1CNS(=O)(=O)c1ccc([*:1])c(F)c1,CO[*:1]>>CS(=O)(=O)[*:1],CO[*:1],CS(=O)(=O)[*:1],47948,14914,1,1,1.0,21,2,4,23,25,18,10-19,CN[*:1]>>O[*:1],167e01eee42353de9e7e0801dd02420128731a12f07a028c289ec3c804d5b4a3,db1905310bfe1d87b94fd95499557728069d8c64f62049cf1626404e63a231fc,COc1ccc(S(=O)(=O)NCC2CCCOC2C(C)C)cc1F,CC(C)C1OCCCC1CNS(=O)(=O)c1ccc(S(C)(=O)=O)c(F)c1
e54b5304203f8eea1a6a5c085ead94563785179f6dbbfaa4874e0ccd13744076,9a5eb211516ffe30941c93a574768651f7f7941b66514bf423eee1c8965650e1,OC(CC1SCCCS1)[*:1],CC(C)(C)[*:1]>>OC[*:1],CC(C)(C)[*:1],OC[*:1],26640,46182,1,1,1.0,9,4,2,13,11,18,10-19,C1COC(C[*:1])C1>>CC(C)C[*:1],d3cf61494980b0833c617bfa4ed8afb06da007d348ffdb91e0d85815b2abb4c3,0e5a22ffe3427075e78f7895ac7759d9c394f95616b86c54ce507663eb230991,CC(C)(C)C(O)CC1SCCCS1,OCC(O)CC1SCCCS1
5ab08f7ce096caec3ab73c7fef64b628344c0d626eb2f3eca2fb8503eaa22449,98cb07ecf49b01699b88f354dc00946c18c5bb52f27af19c325628d793d72d29,Cc1ccnc(C)c1Nc1cc(Cl)cc([*:1])c1,O=C([O-])[*:1]>>OC[*:1],O=C([O-])[*:1],OC[*:1],11587,29062,1,1,1.0,16,3,2,19,18,18,10-19,C1CN(C[*:1])CCO1>>CC[*:1],623a8dbe7360b6fbe6a417d4af1a5d4d306189aca1d19c72901f1d5b66e773d9,0965dd682cde38ea886a769d1eed8e7222a345b4b58e7802294b1606d4f7b91e,Cc1ccnc(C)c1Nc1cc(Cl)cc(C(=O)[O-])c1,Cc1ccnc(C)c1Nc1cc(Cl)cc(CO)c1
32a75568d1725d306af9bbf09913d62eb6927eacc7738a129b22a876212a318d,e948743e0dbaaeee4f5d7b2cd7698e46bc4a29ff55d56c475097e19fd4aa3304,Cc1cc(C(C)[NH2+]C2CC([*:1])C2(C)C)no1,CC(C)O[*:1]>>CO[*:1],CC(C)O[*:1],CO[*:1],39585,30776,1,1,1.0,15,4,2,19,17,18,10-19,C1CC1[*:1]>>Cc1ccc([*:1])cc1,497bae2aaf7fa5d1b8f5274a86a110ae3b0023236f0730a144093fa560319d54,dc2bb272ee4e36e0cf8471a8241b44e931da17a1012196ad0c013ea039d0ba3b,Cc1cc(C(C)[NH2+]C2CC(OC(C)C)C2(C)C)no1,COC1CC([NH2+]C(C)c2cc(C)on2)C1(C)C
49218eb727439af2a9447ab423f36cff52a4d47129d5fa7de7e84e5be6e2f62d,b0dca99c29d6088a0356f3944a318a2a5bba0957ff2bef0fa1b4a2a299425434,O=C1C(Nc2ccc(S(=O)(=O)[*:1])cc2)CN1c1ccccc1,FC(F)(F)[*:1]>>FC(F)[*:1],FC(F)(F)[*:1],FC(F)[*:1],3446,23586,1,1,1.0,21,4,3,25,24,18,10-19,C1CC([*:1])CO1>>CCC(C)[*:1],c3d4c08632a9b66b453015b897da4e252f82e97ea3572675131d80e8df33001f,8bed17c4ec1da37efc828cfd14379325594cf794423832bedf82d4fbb10a941b,O=C1C(Nc2ccc(S(=O)(=O)C(F)(F)F)cc2)CN1c1ccccc1,O=C1C(Nc2ccc(S(=O)(=O)C(F)F)cc2)CN1c1ccccc1
0e82d05e69b12c6cd562fc2660679b1ec1b33bc0b2cf64ad3acec72a1e64d7ad,712b4a8ec02c9753e59ecd05cb8e2a782f6e8e4a3a18de1bf6211f3e0f3758b9,CCC1(NC(=O)c2nnn([*:1])c2C)CCOC1,Cc1cccc([*:1])c1>>Clc1cccc([*:1])c1,Cc1cccc([*:1])c1,Clc1cccc([*:1])c1,5773,43060,1,1,1.0,16,7,7,23,23,18,10-19,CC(C)O[*:1]>>CCO[*:1],df546716dab1906189b6825715f102a368e1eb5d5d808b8bbcc1e901094947cb,cd377768377946d17216f1ee067747bdf8c52f5874966d80d2a238d19d913cf8,CCC1(NC(=O)c2nnn(-c3cccc(C)c3)c2C)CCOC1,CCC1(NC(=O)c2nnn(-c3cccc(Cl)c3)c2C)CCOC1
e29e990138bd65a94526d8db898a1367fa049e439d9b0f694b75ae177e28785e,668e1592b3a9a02902f98c9c334b5426a026f3f313d85ea9ad88e3c0a09780fc,CC=C(C)C(=O)N1CCCC2CN(c3ccnc([*:1])n3)CCC21,CC(C)[*:1]>>N#C[*:1],CC(C)[*:1],N#C[*:1],18106,16913,1,1,1.0,22,3,2,25,24,17,10-19,CC(C)C[*:1]>>Fc1ccccc1[*:1],adafc4db2398defd902bd952e94ab1e291a04bf063be3f2df7e231fc317133c5,7d02c374a345ca9dadb082141bde4125c41b5e517a8ef641a7065aa3cdb42dda,CC=C(C)C(=O)N1CCCC2CN(c3ccnc(C(C)C)n3)CCC21,CC=C(C)C(=O)N1CCCC2CN(c3ccnc(C#N)n3)CCC21
57fd8fb5f934f3cc1165373b7e279430306eb96ae213b479649235e713f23903,88ac36bd6316925ed616b53c6d014af88432dadf3f36d422db002bd22024e370,O=C(Cn1ncnn1)N1CCCC2(CCN(C(=O)[*:1])C2)C1,CC(C)CC[*:1]>>CCC(C)[*:1],CC(C)CC[*:1],CCC(C)[*:1],13458,1827,1,1,1.0,20,5,4,25,24,17,10-19,CCC[*:1]>>Cc1ccc([*:1])cc1,f7aadfa5e27e6319d4944073e9e444a725405caa5969af1b861a70bd1102034a,52e81fd358e3e46f8198796a32993027e9363624c2be18aa924107856f49e22b,CC(C)CCC(=O)N1CCC2(CCCN(C(=O)Cn3ncnn3)C2)C1,CCC(C)C(=O)N1CCC2(CCCN(C(=O)Cn3ncnn3)C2)C1
aa76eb78499caa4619701d9c02d0a93f7668ace588741786c2ddc3a127701b48,65ac31f073e164fe09ea4667660f028e22d22ddf73a1e379766d35809f271d46,O=C(NNC(=S)Nc1ccc(F)cc1)c1cccc([*:1])c1,COC[*:1]>>CO[*:1],COC[*:1],CO[*:1],25455,46714,1,1,1.0,20,3,2,23,22,17,10-19,CC[*:1]>>Cc1cccc([*:1])c1,53b9f3b95114f8e3b94ab9f767a8e5bb8aaf3fce98a37e159bb4fbafb350607b,582fdecadd7cbc26746354531a98bb406f99e6650ad45676e87f4bffcd103750,COCc1cccc(C(=O)NNC(=S)Nc2ccc(F)cc2)c1,COc1cccc(C(=O)NNC(=S)Nc2ccc(F)cc2)c1
70144514e14165b3a8b9dbdc25c255868bf0a8e631c3b17747d5c520fa7aa78e,3be3ce4f75fa98e1db0b86e6dcef590e13faac1145e5c46d73319dc506b2e890,CCN(c1cccc(F)c1)c1cnccc1C[*:1],CN[*:1]>>O[*:1],CN[*:1],O[*:1],26255,5783,1,1,1.0,17,2,1,19,18,17,10-19,C1CCC([*:1])C1>>Fc1ccccc1[*:1],c5c1f3bf609f7ef6f7acc41363d201a3caf35d6e74f7f8beb889dfa1de6dfab0,35d63f3047255e9b111efe270a56b8e77cab91e837637fc35bab5d4e27dd24c4,CCN(c1cccc(F)c1)c1cnccc1CNC,CCN(c1cccc(F)c1)c1cnccc1CO
4682eec9d1cb6ab9d7af422962aecbeefd6e6a8b25c5f48871a9612fccff9904,c40085f6dd8a71c9107dcc299b7208d0eddd4169c40ce950b9d1572745d7e718,Cc1cc([*:1])ccc1NC(=O)C1CC2C=CC1C2,Br[*:1]>>I[*:1],Br[*:1],I[*:1],22849,36125,1,1,1.0,17,1,1,18,18,17,10-19,CC(C)[*:1]>>Fc1ccccc1[*:1],b3c0c867b95de971d2ece3c53b4e443d3a2b69baf5908f7b944023274d64e840,3e6838be5ba2ce70ae61706ba45e678ec439124c9aa7a0d41c44afd65342fb66,Cc1cc(Br)ccc1NC(=O)C1CC2C=CC1C2,Cc1cc(I)ccc1NC(=O)C1CC2C=CC1C2
24b91a422b1283d3ea4702d8cfabf6983e63c3d1c51cc2d70655e87a070713a8,2d1823ef82300e3cd523dd3e4af111b1424fd9f38e3966cc14ff2fb7fe78239f,Cc1cc(Nc2ccc(N)nc2)ccc1[*:1],Br[*:1]>>N#C[*:1],Br[*:1],N#C[*:1],12389,21739,1,1,1.0,15,1,2,16,17,17,10-19,F[*:1]>>I[*:1],7f7a0b38fe0e392d15b48a107f4530f58054ce8db858379844cee8fe303d9a84,9e71912691372dc0b4791e1ff6c32a5913839bc7d919b40c42e54a33fc0c8b9c,Cc1cc(Nc2ccc(N)nc2)ccc1Br,Cc1cc(Nc2ccc(N)nc2)ccc1C#N
373cf31292f080fe88de5c2e73afd84853592c0b40d50a966e090e0059055b1a,141e8dd437140725b9d573997214590f7daa3b3bf39e9ec47a2563e5d0699ecc,Cc1nn(C)c(CC(c2cncc(Br)c2)[*:1])c1Br,CCN[*:1]>>CN[*:1],CCN[*:1],CN[*:1],9146,11251,1,1,1.0,17,3,2,20,19,17,10-19,CC(C)(C)[*:1]>>OC[*:1],e9699ceb0d6f48a6779d152ef94a4c1c0a32b8ae34468f570b11614a202c9177,d97b9fa00706e156d3c19a45499b6d242a0b3b09082ad924633cc28586f14e55,CCNC(Cc1c(Br)c(C)nn1C)c1cncc(Br)c1,CNC(Cc1c(Br)c(C)nn1C)c1cncc(Br)c1
be8e9c2e41721af95c523aee8e8fcbaef03d889f6a0f06b2d71429cd2afec10b,5816de2fcb6b260311966e13cbe03b15a7c1eb312154cf3b83eb321ef13ad2e1,NC(=O)c1coc(C(=O)N2CCCC3C[NH+](C[*:1])CCC32)c1,COC[*:1]>>OC[*:1],COC[*:1],OC[*:1],14964,36950,1,1,1.0,21,3,2,24,23,17,10-19,NC(=O)[*:1]>>O=C(NC1CC1)[*:1],6302fcc0fd7eccfb8a101382aca4a3e28aac6eea4558bb7f00ca57b0ceefa919,fd60cd5146a91a4735788705dc81884187a8658ae1cb6576aa67975abf0b3974,COCC[NH+]1CCC2C(CCCN2C(=O)c2cc(C(N)=O)co2)C1,NC(=O)c1coc(C(=O)N2CCCC3C[NH+](CCO)CCC32)c1
70a20148a38341e70ea998aec5cd83bcf187aec6a57c97d139e19069ebb905ad,19fcafb8533d62df5e26b5d4e331c51503014fb797807d41a37a65d954f2a0d9,CC(O)(CNS(=O)(=O)C=Cc1ccccc1Cl)[*:1],Clc1cccc([*:1])c1>>Fc1ccc([*:1])cc1,Clc1cccc([*:1])c1,Fc1ccc([*:1])cc1,32026,13915,1,1,1.0,17,7,7,24,24,17,10-19,C=C(C)[*:1]>>CC(C)OC[*:1],107e2e7237b91be08dedbcfef6933c8bd288e512032e768f324c252cd8b1cd24,0b18667ce3a60b2292aa55ab5275f123bfd26b71b6759d055c4d3fe55ec8c0c1,CC(O)(CNS(=O)(=O)C=Cc1ccccc1Cl)c1cccc(Cl)c1,CC(O)(CNS(=O)(=O)C=Cc1ccccc1Cl)c1ccc(F)cc1
d5b309b8e3e6675e24c688cf6fcd96ffa754a2e51be63a71b88323ede6a22273,e5b63430e02aff12a6a45b8fb85e3ac253f4b7ff07232ec616b2b61cca5fef7f,CCOc1cncc(NC2CC([*:1])C2(C)C)n1,CO[*:1]>>N[*:1],CO[*:1],N[*:1],49711,48966,1,1,1.0,16,2,1,18,17,17,10-19,CC(C)(C)OC(=O)N[*:1]>>CC(C)[*:1],359e98a64591d7efeb46ce5a78b2f936e9e155e41d0f533cc07c09140dba9190,2dc60490d8270e4baa4b448e08a212edce714de1ee4f2656832740db169c645b,CCOc1cncc(NC2CC(OC)C2(C)C)n1,CCOc1cncc(NC2CC(N)C2(C)C)n1
f4fca7f4f6aa1cc045463b617ce56ef82d8df72aedb9a6481e177ce9c29f63fa,758df26f65b0263f7d329b0a758497ad2a06906b5df995173df3d365597258b1,O=C(O)C1C2CCC(C2)C1NCCCC[*:1],C=CC[*:1]>>C[*:1],C=CC[*:1],C[*:1],49087,1654,1,1,1.0,15,3,1,18,16,17,10-19,C1CC([*:1])C1>>CCC(CC)[*:1],b0602e402dfa28b541fc4b47707c826bb49e459538cc9151c264b624671cb30d,6922f0b27bb58cd6e1667d567fa56a841942c434e6ddcac19085308412c5b804,C=CCCCCCNC1C2CCC(C2)C1C(=O)O,CCCCCNC1C2CCC(C2)C1C(=O)O
d72117f4ad9fb9c3b76a66ef4bf78da283744928eadf0464addccf687ebcc62d,9577552b80c21c1c488dffe64448c7da863dcdb565b8121d58bb3347048314d1,O=C(NCC1CC[NH+](C[*:1])C1)c1ccc(-c2ccco2)o1,NC(=O)[*:1]>>OC[*:1],NC(=O)[*:1],OC[*:1],7374,28483,1,1,1.0,20,3,2,23,22,17,10-19,Fc1cccc([*:1])c1>>c1ccc(C[*:1])cc1,4a1766cb7ac80c26f2274d57229700b96a8c21f165b5cbb4be4196dda7f66203,462e8402b1206c99a9d7450c24d5ef7e34cea9adc57c53a610dba96383292357,NC(=O)C[NH+]1CCC(CNC(=O)c2ccc(-c3ccco3)o2)C1,O=C(NCC1CC[NH+](CCO)C1)c1ccc(-c2ccco2)o1
b07604d1a7d1cc9d0aee7b35e720b0bb2bb131bf6bc5f8f54a83b7c1112dcb19,f70cb2e1510d8a613cf0620fce2afe5b9671f9e00006f8a8ea96271e902b1278,NNc1cn2ccnc2c(NC2CCCC2[*:1])n1,CO[*:1]>>CS[*:1],CO[*:1],CS[*:1],19278,27410,1,1,1.0,17,2,2,19,19,17,10-19,C1COC([*:1])C1>>CC[*:1],5934979900e496816bc8456030d6f47c013829aa0526b200a845ce204a734a56,ec816bc20ef49054e7dee25e77f3390b774ef27290ea0afe783123097831a4c2,COC1CCCC1Nc1nc(NN)cn2ccnc12,CSC1CCCC1Nc1nc(NN)cn2ccnc12
62e7b927f75f644a0fd357254fe3e6a81d2ecd02dd48373e8482d5962a519364,4904a5f37022715791509e367a2c54703ff8d259f7c1fc5b970dd006d25f86a0,CCc1c2c(nc3ccc(OC(=O)[*:1])cc13)-c1cc3c(c(=O)n1C2)COC(=O)C3(O)CC,CCCC[*:1]>>C[*:1],CCCC[*:1],C[*:1],43813,48340,1,1,1.0,31,4,1,35,32,17,10-19,C1COC([*:1])C1>>COC(=O)C[*:1],94465c2ba27200d381509c3ee8cb1e24c23721c8c14f20ad9ec4b409ee4e79ce,d780cb121c70ee15c8123140a76e4c68565f412177f21bf6fb96099aabd2207a,CCCCC(=O)Oc1ccc2nc3c(c(CC)c2c1)Cn1c-3cc2c(c1=O)COC(=O)C2(O)CC,CCc1c2c(nc3ccc(OC(C)=O)cc13)-c1cc3c(c(=O)n1C2)COC(=O)C3(O)CC
c591f135acc6b9829152ab9c8fa56a0af9db8697a9240f1003b583774690cf51,e84202feb3251bdfbd06351f42bd36c017382e79fac726876358fc89c2979ad2,Cc1cc(NCc2ccc([*:1])cc2)no1,CCO[*:1]>>COC[*:1],CCO[*:1],COC[*:1],36881,21118,1,1,1.0,14,3,3,17,17,16,10-19,C1CC1[*:1]>>C1COC([*:1])C1,c851b53a43dea08a33013f4670b17c18bee7fc578dc661fa02eddf266f913972,20712bd337ce11d5889bce47ed6ef6ff57739fd641ed163d94d16b475130980e,CCOc1ccc(CNc2cc(C)on2)cc1,COCc1ccc(CNc2cc(C)on2)cc1
e63af0c6f9e4acf08e4afe5c0849e0c18b5d58e0570b024ee79d5826952e526c,7059cf4b5e54715b2781229d08913b58f269c2deec3a2164364f7831dbb4b7b4,Cc1cc(C[NH2+]C(c2ccccc2)[*:1])on1,CC(C)C[*:1]>>OCC[*:1],CC(C)C[*:1],OCC[*:1],20938,16759,1,1,1.0,15,4,3,19,18,16,10-19,C1CC([*:1])CO1>>COC(C)[*:1],cc3d4446ff0167a5cd2159892d5b770cd87348a6bb73487acba1b833606dfc1b,e9a385310398df9884d9fea2d976e8d0de5a20e04cb3bc1c4c05865bf4232de0,Cc1cc(C[NH2+]C(CC(C)C)c2ccccc2)on1,Cc1cc(C[NH2+]C(CCO)c2ccccc2)on1
57fc1a274787d3b66ef253d60f0f9f182a59e35b7819250d8e9d8317c9545576,1d0d39c334beeef40d7d570cf1903d9b53c672f95843e4899c533d0fd1e7b76a,COc1cccc(N2C(=O)N([*:1])C3CS(=O)(=O)CC32)c1,Clc1ccc([*:1])cc1>>Clc1cccc([*:1])c1,Clc1ccc([*:1])cc1,Clc1cccc([*:1])c1,14142,29236,1,1,1.0,19,7,7,26,26,16,10-19,C=CC[*:1]>>C[*:1],496ecd12bf09ffd3298b7c7972ed394b15883834fa122d1c00a66db6153fdde2,0fce5d871a8b435db485181a650aba88cfadd62fe0cdc595e37b7f564d537c58,COc1cccc(N2C(=O)N(c3ccc(Cl)cc3)C3CS(=O)(=O)CC32)c1,COc1cccc(N2C(=O)N(c3cccc(Cl)c3)C3CS(=O)(=O)CC32)c1
9d88741d4dafcc351853698bf42699480798578ba48a12f83cf125a22715e07a,48108fd9df42247ea1dc67ec9e1c2f79ba10f296c74107c044bd4d10b8fbfc4e,c1ccc2c(c1)NC(S[*:1])O2,C#CC[*:1]>>C[*:1],C#CC[*:1],C[*:1],14945,39812,1,1,1.0,10,3,1,13,11,16,10-19,CC[*:1]>>c1cc([*:1])cs1,fc745b9d11cab2e2b9491f2dae6b794542a56c25b1e91ff34ec77f612ef5e9a2,0ca9603bdb06c0ea163d74027f11486727581a1d2204066a7527188f62c152b5,C#CCSC1Nc2ccccc2O1,CSC1Nc2ccccc2O1
6610b45e63e54f07719db6813a221f0cb962dc5c966dd3d244b05a9007bc7032,05603eeb5a1a8450b69a4c1f8ad7389bece1bb8a7b7abf1484c989a39bfca5dc,O=C(NCc1ccc([*:1])o1)NC1CC1Cc1ccccc1,Br[*:1]>>COC(=O)[*:1],Br[*:1],COC(=O)[*:1],5320,37806,1,1,1.0,20,1,4,21,24,16,10-19,CC(C)[*:1]>>Fc1ccccc1[*:1],00d076fb24b05dc7327f87b4459b619c1f5e11aeddb01bd0698a01a539e82f3f,ea8f016ff5fb6b0102d5272b3b131732d9bba9bf141ce7677239e3717ec46132,O=C(NCc1ccc(Br)o1)NC1CC1Cc1ccccc1,COC(=O)c1ccc(CNC(=O)NC2CC2Cc2ccccc2)o1
a6dc100d1d3d220ce6c9e335fa212dc22e3e98d283c41067e3037b68ae0f99d8,a9e394b89500679d5c98d245d641dd14f9cc19082c4103b18b3fd01500f6cb2b,c1cnc(-n2cc(N[*:1])cn2)nc1,CC(C)CC[*:1]>>CC(C)C[*:1],CC(C)CC[*:1],CC(C)C[*:1],32616,9507,1,1,1.0,12,5,4,17,16,16,10-19,COC(=O)[*:1]>>FC(F)[*:1],0d22f90dec30bc46d270089e302717a895889429c88987d5ac2b45eff3d44bb3,e16ecfb6b29906c12823064c9b5133ee6239937df7ec208fbcb058cac71650b6,CC(C)CCNc1cnn(-c2ncccn2)c1,CC(C)CNc1cnn(-c2ncccn2)c1
01d0630b7b5f0a667cb2834754d18b3116bfdb3464e5d0dc1934bcb3609556ed,0ebc6af901399c411e87fabfd99256097d8827fa886804fa31b2e3618df03620,NC1(C[*:1])CC2CCC1C2,CC[*:1]>>CS[*:1],CC[*:1],CS[*:1],19405,42741,1,1,1.0,9,2,2,11,11,16,10-19,CC(=O)N[*:1]>>CCO[*:1],d9eaf58c543aa7132909ca50f8b6803f38d3929cff7d2e42c4e4f36e972aba56,c071bd7e5533941ea3da6dbb62cd443b2fc46fe6ad73b1807b1d992a4de634f5,CCCC1(N)CC2CCC1C2,CSCC1(N)CC2CCC1C2
a304ffb7cc3d5ad749181a50aba3e805ea578db2e8fbbc688179fd6b90bdef30,5a04e5763c4eb14b2a29eafe42c1a33fbdcd4bf41e3e6cd2e3808116f8b1a2be,CCC1C(=O)NC(C)(C)C(=O)N1C[*:1],CCC(C)[*:1]>>CCC[*:1],CCC(C)[*:1],CCC[*:1],38531,40675,1,1,1.0,13,4,3,17,16,16,10-19,Fc1ccc([*:1])cc1>>Fc1cccc([*:1])c1,1491b8a005f821249b01b105ee5a4059699152f039cb95338d9f8279f0e388af,b08823149e224939a0074988f4a75599fcd3fb8a43da453bc75189e326f9283f,CCC(C)CN1C(=O)C(C)(C)NC(=O)C1CC,CCCCN1C(=O)C(C)(C)NC(=O)C1CC
40b56331fcd714c875373d61c697429b23fe634672fad53a9e52f121551e5659,e5de341bf39ec95b3caf275fdf69b9877bd0dc288df716b21e7352e45ab4edec,Cc1c(C(=O)NCc2ccco2)nn(-c2cccc(F)c2)c1Oc1ccc([N+](=O)[O-])cc1S(=O)(=O)N[*:1],CC(C)[*:1]>>COCC[*:1],CC(C)[*:1],COCC[*:1],16240,29740,1,1,1.0,36,3,4,39,40,16,10-19,C[*:1]>>c1csc([*:1])n1,514aa48b746886d05641230008d93401360625209b43dd6501c78c5bdfb74fff,bebcf38ab8b13e7d78bf53fb0eeb7ad75a35cf2831fe9209b9e8103ddfca2be0,Cc1c(C(=O)NCc2ccco2)nn(-c2cccc(F)c2)c1Oc1ccc([N+](=O)[O-])cc1S(=O)(=O)NC(C)C,COCCNS(=O)(=O)c1cc([N+](=O)[O-])ccc1Oc1c(C)c(C(=O)NCc2ccco2)nn1-c1cccc(F)c1
db9d59fd8d42379f2c501a0782bcd7d25402b12edece025bc4ac2d34c6b777de,b9070e9b35c03bae8f01d32bb0143ed808341bd79407bb1ac3b04d5b21f2830f,CC(CNC(c1cccnc1)c1ncc[nH]1)O[*:1],Cc1ccc([*:1])cc1>>Cc1cccc([*:1])c1,Cc1ccc([*:1])cc1,Cc1cccc([*:1])c1,35987,49977,1,1,1.0,17,7,7,24,24,16,10-19,CC(=O)[*:1]>>FC(F)(F)[*:1],5828e1f6cbb9d9373633055f877de6cebcba51813998312c20382a400e6e9abb,0c5c1a6d530a25cde72efb658ba9b59f6b5361be8bf0afee7b589d89ed1f73c7,Cc1ccc(OC(C)CNC(c2cccnc2)c2ncc[nH]2)cc1,Cc1cccc(OC(C)CNC(c2cccnc2)c2ncc[nH]2)c1
d7e5b4fd833c5217b0ce1fa052dd6c337a74228525e14ab1eca6dd9604e532f5,86baf645c525ff0de4611440c57601fab134699eedffd28716753d52188202fd,CN(C(=O)C(C)(C)c1cnn(C)c1)C1CC[NH+]([*:1])C1,CC(C)[*:1]>>CCC(C)C[*:1],CC(C)[*:1],CCC(C)C[*:1],43371,21912,1,1,1.0,18,3,5,21,23,16,10-19,N#C[*:1]>>OC[*:1],4a7b6c209747e8839d6b8796c2d91fc2d23244eee3a7ca3b1016a081af1799f9,b7791199c3f9f43ac53ac57ebd6b0ab2ee3fd7182e84057ffd6b26b77e5b30fc,CC(C)[NH+]1CCC(N(C)C(=O)C(C)(C)c2cnn(C)c2)C1,CCC(C)C[NH+]1CCC(N(C)C(=O)C(C)(C)c2cnn(C)c2)C1
7a268472b7959c3c7f652ba499104bf97414134b5009f9345eda2e85a9a43a6d,ff4faac3d8c4abac32797d3950a8a6083951b375299dcadc10c1ed0f4c809a8f,COc1ccc(CNC(=O)NC2CC3CCC2O3)c([*:1])c1,FC(F)(F)[*:1]>>O[*:1],FC(F)(F)[*:1],O[*:1],19163,45660,1,1,1.0,20,4,1,24,21,15,10-19,CS[*:1]>>C[*:1],81108b3b6d72fc7ab67b1d4cd7a784660972ca15816d7e48117be10537a9fdf5,23c671d51f70f81105aeb131305420a95c8ccc16aaf7c78f31f605d3841bfd3a,COc1ccc(CNC(=O)NC2CC3CCC2O3)c(C(F)(F)F)c1,COc1ccc(CNC(=O)NC2CC3CCC2O3)c(O)c1
d006e80102f7232582f4c74d23bb8852f3aef0ea0efeaf7af699f3b8e072fd8c,6cd42c5006ee82df159b4bae63e9b0384fc09767870cf5b07b0858a32e3ac431,CCC(CN1CCOCC1CNC(=O)[*:1])OC,Cc1ccc([*:1])cc1>>Clc1ccccc1[*:1],Cc1ccc([*:1])cc1,Clc1ccccc1[*:1],25023,31430,1,1,1.0,16,7,7,23,23,15,10-19,CC(C)(C)[*:1]>>Clc1ccc([*:1])cc1,1e20347061a840f820ba9fc960419e94171c28519259d4d76746c5566ee283b5,2de6d4c700e8525994eaacfe40bd3854735a890bd56d01d269814c2809c6ab0e,CCC(CN1CCOCC1CNC(=O)c1ccc(C)cc1)OC,CCC(CN1CCOCC1CNC(=O)c1ccccc1Cl)OC
40a65c3cf251c07ac369b74152d38d072542ea6c8689856b5b092c2f566c449f,4ca8f87feb826e4f962dfc6ef43a57c329e15ab15a3920f27c8050ab4d446415,CC(C)CC1NC(=O)CN(CC(C)[*:1])C1=O,CC(C)(C)[*:1]>>COC[*:1],CC(C)(C)[*:1],COC[*:1],26591,12742,1,1,1.0,15,4,3,19,18,15,10-19,CCC(C)[*:1]>>Fc1ccccc1[*:1],e883e11ceab57bc9aecc8b8018a1467360a2ca71cadc32609df871062231d36d,16040b17d7723cd2d50e4caea7ab50a2e0c61082433ac86fc7daed8b2ceebdb7,CC(C)CC1NC(=O)CN(CC(C)C(C)(C)C)C1=O,COCC(C)CN1CC(=O)NC(CC(C)C)C1=O
51dd4c2d9662b10dff7caa1a39c98fa5bf81dc094670207e9145018470e2efc0,6f00f450dc268e33bd3fe0fcb1a9e811a1aa9358365309f8676381e959826340,Cc1ccc(O)cc1Nc1cncc([*:1])c1,FC(F)(F)O[*:1]>>F[*:1],FC(F)(F)O[*:1],F[*:1],36849,16209,1,1,1.0,15,5,1,20,16,15,10-19,Clc1ccc([*:1])cc1>>Fc1cccc([*:1])c1,574f2bad245c42a6fcd7e855fcf6361742a406e012e303a854eb821b314cb1c6,bd91f4c8188fc81d8f5e6faa5b10529f31ca524b38cd808468a64c059a90052c,Cc1ccc(O)cc1Nc1cncc(OC(F)(F)F)c1,Cc1ccc(O)cc1Nc1cncc(F)c1
22c9fccdfd9077ff5f518228da23804f34d12573e98c403ab6532b504dbca878,8c10072b454f03e6280b9b1a7581e434ffad0388fad1df7327a981cbbdeed78a,O=C(CC1CCCCC1)N(C[*:1])C1CCC1,OCC[*:1]>>OC[*:1],OCC[*:1],OC[*:1],24272,3237,1,1,1.0,15,3,2,18,17,15,10-19,CN(C)[*:1]>>O[*:1],670c8c57f56e41288fc4e0b616f3e9b03bf079d0d53759fc0a60b065ed748aa4,bddc4f002485d0cd143f0269110043d12bd007515d679c0f202146d0bcdf61c2,O=C(CC1CCCCC1)N(CCCO)C1CCC1,O=C(CC1CCCCC1)N(CCO)C1CCC1
7e090ec31c26034706cf2cb139a53bf5fc863c3cc290b7f68bd3e36223931320,82a573cd5da8e8b127f76be345b77bdfd57ee1a6f925b7122aa444ecbdb6322f,CC(C)(C)C1NC(=O)C([*:1])NC1=O,CC(C)[*:1]>>COC(=O)CC[*:1],CC(C)[*:1],COC(=O)CC[*:1],17929,45046,1,1,1.0,12,3,6,15,18,15,10-19,COC(=O)[*:1]>>OCC[*:1],6389c5d664df34652866cfd597f5316f110040b08c3e8d497e00955124c1befd,1752aa58299c392bc5ac3136eac9930f97292237530033a899a27d2cedde7c5a,CC(C)C1NC(=O)C(C(C)(C)C)NC1=O,COC(=O)CCC1NC(=O)C(C(C)(C)C)NC1=O
9445fc2b303b29577ee46ae1f38c12b39e38732da7d706ec421150a0bcc0a4df,19bd8c50f869636c0fdf3e195586d5853d8f792e4f2ac9941954f9f1be72dd57,CC1CNc2c(C(=O)NC(CO)[*:1])cnn2C1,COC(=O)[*:1]>>COC[*:1],COC(=O)[*:1],COC[*:1],27270,27615,1,1,1.0,16,4,3,20,19,15,10-19,C1COC([*:1])C1>>c1ccc(C[*:1])cc1,1319d5159e1ea05fe0cb6a6536e3f519bfcc9b6ee4e0a817cdfb95b3786f1100,14262677c242b74de09dbad0f1cc3bf7aed7a2865308add4f31bfcd6929035fd,COC(=O)C(CO)NC(=O)c1cnn2c1NCC(C)C2,COCC(CO)NC(=O)c1cnn2c1NCC(C)C2
8e2f10d346b0f8fe85439a7f03aedcb55d997882abfc60923f33b2c2911d191e,1f289ea579ffec5d7ecc4343f6e35fb8af2960737223deeab2ab1aa9c8a7cc7b,Cc1nc(-c2ccc(C(=O)NCc3ccc([*:1])cc3)cc2)n[nH]1,CN(C)C(=O)[*:1]>>COC(=O)[*:1],CN(C)C(=O)[*:1],COC(=O)[*:1],1865,16462,1,1,1.0,22,5,4,27,26,15,10-19,COC(=O)C[*:1]>>N#C[*:1],0db1124bb7c12c036718efb0fc4e64ab95e135d9d17ac2b072010190deeef5e1,77fe71dfc97e858c55214e8c4b1fdd019136655cfa7ac0a656e268cce8b6ca1b,Cc1nc(-c2ccc(C(=O)NCc3ccc(C(=O)N(C)C)cc3)cc2)n[nH]1,COC(=O)c1ccc(CNC(=O)c2ccc(-c3n[nH]c(C)n3)cc2)cc1
99b73cd85d58947428a5702078c20fe1aaabcad8831fd52622d257c2ed15c999,b79eb71a3ad1dae84cafdc02aba9739c9c4977f2719b673e35c8964f26e1e0c0,CC(Oc1ccc([*:1])c(Cl)c1)c1cnccn1,N#C[*:1]>>O=[N+]([O-])[*:1],N#C[*:1],O=[N+]([O-])[*:1],8806,48177,1,1,1.0,16,2,3,18,19,15,10-19,C1CCC([*:1])C1>>Cc1ccc([*:1])cc1,786d10769c543c2a15ddbe13ffca699a295090d0d5a9cf5d3cfd426aefbf4daf,40c8bcb235908962fde4837b0afaa5f531d496bb50ac74960e3c5b04c1472b69,CC(Oc1ccc(C#N)c(Cl)c1)c1cnccn1,CC(Oc1ccc([N+](=O)[O-])c(Cl)c1)c1cnccn1
e2a7519ed6dd7ee22ca6b05b04b056ae2f943c35d787565e1218134f4d47dc0d,fc5ebbcbeabcca1c4699714452783d0f0707694a5f5261571d7af70dd0e25344,Cc1c2ccc(NC(=O)C(C)[*:1])cc2nn1C,Clc1cccc([*:1])c1>>Clc1ccccc1[*:1],Clc1cccc([*:1])c1,Clc1ccccc1[*:1],47433,6441,1,1,1.0,16,7,7,23,23,15,10-19,CC(=O)[*:1]>>O[*:1],e31e0b48986e990affc4e22a27369afec557e734f5649033e05b7e8a2574db2e,1cae67297e5d07629ccaebfbd4fc487285a84641f6b435d2d08aa927474d312e,Cc1c2ccc(NC(=O)C(C)c3cccc(Cl)c3)cc2nn1C,Cc1c2ccc(NC(=O)C(C)c3ccccc3Cl)cc2nn1C
7a4389a6cbfdd4697de3b75be5dcde4c8f8458391834bed577112c3d49710fcf,4d998b3d225f549769335d1ab8c803a7d0728440a8a16ff72a83df3202b4a4f0,Cc1oc(C(C)C)cc1C(=O)NC1CCN(C(C)[*:1])CC1,CNC(=O)[*:1]>>NC(=O)[*:1],CNC(=O)[*:1],NC(=O)[*:1],44916,31475,1,1,1.0,20,4,3,24,23,15,10-19,CC(C)(C)[*:1]>>COCC[*:1],47b8c980fd211a78702ba3c97557e8de0c437198a91d79fd9ac32d0cebf21281,1b75024f4dc14ab74b8a66580ec415b896516206e7d167c7165f2865cea3b918,CNC(=O)C(C)N1CCC(NC(=O)c2cc(C(C)C)oc2C)CC1,Cc1oc(C(C)C)cc1C(=O)NC1CCN(C(C)C(N)=O)CC1
db77b066e7c4d5a8d4934baca5a07d9c0dd59329cdc4145d5a4bb06d376b753d,267ba219c2adf04c3a9bc57db44791927c1b1fd230678755bc4aef948c6ad28f,CC1CN(C(=O)c2ccn([*:1])n2)CCC1[NH3+],Clc1cccc([*:1])c1>>Fc1cccc([*:1])c1,Clc1cccc([*:1])c1,Fc1cccc([*:1])c1,42957,46825,1,1,1.0,15,7,7,22,22,15,10-19,Cc1ccc([*:1])cc1>>Fc1ccccc1[*:1],6a80d062daf3f739eba177bf2cfb704e04e85e746d8740931c68d64e53a75fae,4b25156504356fc9c4d654d7be9c4fcb875e29ca7a324d99005cfad56344790b,CC1CN(C(=O)c2ccn(-c3cccc(Cl)c3)n2)CCC1[NH3+],CC1CN(C(=O)c2ccn(-c3cccc(F)c3)n2)CCC1[NH3+]
b20525401610309e9eff9cc7b6c216682e23527161be8070b73cebaa6aa9eab8,6622b4d53c775fbccd001078407f345734e3c911311bd95be06513953fb54186,O=C(CC1CC2CCC1C2)N[*:1],CC(C)[*:1]>>N#CC[*:1],CC(C)[*:1],N#CC[*:1],12897,33305,1,1,1.0,11,3,3,14,14,15,10-19,CC[*:1]>>COc1ccccc1[*:1],ef9fd5a543ce9f4bfad6ab7084cf64600d1bef790322150a08733b7309754f43,b2b856b54d37904bc42c3afbe4f3a1310884869d5cc4af99e3588a554ef7f3fc,CC(C)NC(=O)CC1CC2CCC1C2,N#CCNC(=O)CC1CC2CCC1C2
acde11fabb9701c0d5ca157dddbe01414fd957e334d354bf9da7a227f189ee02,ab7a3c1aaa5f7c7791e962264d73b1ff6ba0114ce7d9ce53afcdfc0723158337,O=C(NC1CCC([*:1])CC1)c1cc(-c2ccco2)on1,COC(=O)[*:1]>>N[*:1],COC(=O)[*:1],N[*:1],48995,25239,1,1,1.0,19,4,1,23,20,15,10-19,C1CC1[*:1]>>C=C(C)[*:1],bd8b6f91d0b390ec2ce365a7b09aaf3c3d836add31c1413e2d08ce9c376d6b27,4912f55ffa5732946d26359bcd153383745b133f85841469bf98feb800375490,COC(=O)C1CCC(NC(=O)c2cc(-c3ccco3)on2)CC1,NC1CCC(NC(=O)c2cc(-c3ccco3)on2)CC1
cbf47308a1775447e1f83c1cf3b563c3b7df4a68c94e42b1f27d91cf6cac61d0,9efa672aa53e53a4577e4f04f77cca2a1b6e5c35b447f9e140bbf3ed631ed370,CC(C(=O)N1CCC[NH+](C[*:1])CC1)c1cccs1,C#CC[*:1]>>CC(C)[*:1],C#CC[*:1],CC(C)[*:1],29726,44345,1,1,1.0,17,3,3,20,20,15,10-19,C1CCC([*:1])C1>>CCCC[*:1],9d96467fa062b306584ada1c310d4dcf386c8290313b7f6bdfc450f20512dbdd,8b0532778eda49c130167d74371fd6f87227f8c0e331ee79d924f05b0a7da303,C#CCC[NH+]1CCCN(C(=O)C(C)c2cccs2)CC1,CC(C)C[NH+]1CCCN(C(=O)C(C)c2cccs2)CC1
ca848eb1272008ad26535b0b2acab1ad1fa1b2f8ea283cec92d190919f8e7d4d,f9eb488cff53d9fd0a8fec392e95dcc9739465c3073af4cdc134c5c7837460ad,c1ccc(-c2nc(Cn3cc(C[*:1])nn3)cs2)nc1,CN[*:1]>>Cl[*:1],CN[*:1],Cl[*:1],25299,22243,1,1,1.0,18,2,1,20,19,15,10-19,CC[*:1]>>N#CC[*:1],0219684131751564b4bf692b5933661ba515e7dd1230fdf02d7dd5302a24ef5e,302fd158101d1fb05c6fe3577cebd9922ccff91c54a6b745e1688ebafa0e2545,CNCc1cn(Cc2csc(-c3ccccn3)n2)nn1,ClCc1cn(Cc2csc(-c3ccccn3)n2)nn1
7991aa0df58855525f6191216e8c68be0c7bbf498568a92c012e7509b859b5f4,9156fd70ec60cd186894d4a3bf689aa287aae4dcad2cfb317f027259267cc6fb,CCC1NC(=O)CN(C(C)C[*:1])C1=O,CCC[*:1]>>COC[*:1],CCC[*:1],COC[*:1],43461,35432,1,1,1.0,13,3,3,16,16,15,10-19,Brc1cccc([*:1])c1>>Cc1cccc([*:1])c1,609868158f1a8d431ebbb5d77986b83e554cf2dd985dba8b1870cd9150bad441,75724cc0ed4102a3f46d54f8bf41f8f59479b9d79f24f207f03161ac94cf7ab2,CCCCC(C)N1CC(=O)NC(CC)C1=O,CCC1NC(=O)CN(C(C)CCOC)C1=O
74ea8b609cb89f222cdb171aef6dfc52523b143f054bc5795c3e049001aeb82c,44976bfc8404417ef2c0fc1032c896cd4054ded654f6598b5c55070b71b96ab4,CCN(c1ccc(NC(=O)CC[*:1])nc1)c1cccc(C)c1,CC[*:1]>>O=C(O)[*:1],CC[*:1],O=C(O)[*:1],29020,4213,1,1,1.0,21,2,3,23,24,15,10-19,C=CCC[*:1]>>CCC(C)[*:1],c058f680786d9bef286634213e38c04ed075491b452715b4a2739432ba97ff21,684e313a74516892cc1a473b0f57e58815db9fe71f34a3baa83076d1e3e2c1bd,CCCCC(=O)Nc1ccc(N(CC)c2cccc(C)c2)cn1,CCN(c1ccc(NC(=O)CCC(=O)O)nc1)c1cccc(C)c1
f110a30b5ae605f1085aaa0957e7c5c9e9cb7fc70495c4d5674df2a9e60d88cd,0924aeac35a28bd2ce385baeff2ccff033d07cdd658b4d2ab118e0074d69f03c,COc1ccc(Nc2cnc(O[*:1])c(C)c2)cc1C(N)=O,CC(C)[*:1]>>CCCC[*:1],CC(C)[*:1],CCCC[*:1],46554,47200,1,1,1.0,20,3,4,23,24,15,10-19,C#C[*:1]>>C[*:1],f7885317041f2369ed1d16901dfee9865ac3bc841f22dfb09d67251c81604bf7,8e39f65d707138ae0fd9ae8941182aa4e5a7cc928c903dad10ffcd2e2e5fcffe,COc1ccc(Nc2cnc(OC(C)C)c(C)c2)cc1C(N)=O,CCCCOc1ncc(Nc2ccc(OC)c(C(N)=O)c2)cc1C
6f198b6f2443afaaf5c0a2377eeb133233b09fc037f5c26ed5e4130630857699,d330335759d6eb7b33ffd56c7f48e265eef77f50d5f7ba9c1ed78b75be428083,O=C(O)c1cnc(Sn2cnc([*:1])n2)s1,CCCC[*:1]>>CC[*:1],CCCC[*:1],CC[*:1],3228,39157,1,1,1.0,14,4,2,18,16,15,10-19,C1CC(C[*:1])C1>>C1CC1CC[*:1],fd3bd5806d6dfe50a4e9daef9e485265585991669584025c09e6faac15d40409,0b41c80323618aa1a962cfe96ef6d898d9723187bedf0dcd8cdb1e74fe704e2a,CCCCc1ncn(Sc2ncc(C(=O)O)s2)n1,CCc1ncn(Sc2ncc(C(=O)O)s2)n1
3219b3034ed65aa2457cf7081a3665c782bc983e9a758b320d800e973ac07509,1bb22e95a828aa5fc34d8d3d7b44e22c1812145975048f8f387ca049d87dd75a,CC1C([NH2+]Cc2cnn(-c3ccccc3)c2)CCN1C(=O)[*:1],C[*:1]>>NC(=O)C[*:1],C[*:1],NC(=O)C[*:1],18679,16967,1,1,1.0,21,1,4,22,25,15,10-19,CN(C)C(=O)[*:1]>>c1ccc([*:1])cc1,cc4b0b7d59117627e3c1ca7a012a06cd71ead36866af32be7dd4b3cd3a013dbe,a2a9713a11b113e963f82736dbae425ec9bad671e4f3ad4045a25e96d6b1f3d1,CC(=O)N1CCC([NH2+]Cc2cnn(-c3ccccc3)c2)C1C,CC1C([NH2+]Cc2cnn(-c3ccccc3)c2)CCN1C(=O)CC(N)=O
09637e305d286645af335c4aea5930dd0f0ccf493873e409423a33760f83942d,c2d2c2a15317e6f7ea68184932c26ca94d005811ae1630e541b053752b40b065,O=C(NC1CCCC1[*:1])C1CC1c1cccc(Cl)c1Cl,NC(=O)[*:1]>>O=C(O)[*:1],NC(=O)[*:1],O=C(O)[*:1],34430,6162,1,1,1.0,19,3,3,22,22,14,10-19,C1COC(C[*:1])C1>>CC(C)C[*:1],c37d4ee27f7d084e741ce2a2b8124e42d33895db73b270d71550938b9e7b1ee2,7fea1080ef556f39e7bdea5bc86733b95123958e757b096979ae54ad54421cdc,NC(=O)C1CCCC1NC(=O)C1CC1c1cccc(Cl)c1Cl,O=C(O)C1CCCC1NC(=O)C1CC1c1cccc(Cl)c1Cl
e31ce93f6dbb7e7edbdf6b865b0828abeaeda3f2997d5f78eb475f323ced082c,d05fcf339d5ac1b0b8c783d185e64271a1c9099834939bc452eb9e7ab882992c,C1CSC(C[*:1])SC1,COC(=O)[*:1]>>O=[N+]([O-])[*:1],COC(=O)[*:1],O=[N+]([O-])[*:1],12485,30579,1,1,1.0,7,4,3,11,10,14,10-19,Cl[*:1]>>c1ccc([*:1])cc1,de4aa0140d71097d0bdd6ce4dea6280a16ce36345b8a2c11f9e53ea72230f682,dd93a0b14d6a5ed43bfa061c03d3b5d60a74491c77270014730d16d72b03fd3c,COC(=O)CC1SCCCS1,O=[N+]([O-])CC1SCCCS1
92de4379bbb4bdc5e2c228252f955954ab349d25d79e89d5c645c9c3e6dfb353,c6900411076f341d70018794268b84d0eca5378c5e743b52ebaeeef8ee8c709c,FCC1(CF)CC([NH2+]CC(C2CCCCC2)[*:1])C1,CN(C)[*:1]>>O[*:1],CN(C)[*:1],O[*:1],42213,22799,1,1,1.0,17,3,1,20,18,14,10-19,Cl[*:1]>>FC(F)O[*:1],6a19cb47274b6a6fc6408694826ac7f2c929f26e64c6b3df46cad7d755f45c8b,056f5107f43792ade564793575e5a16cf9323be4324d7e218c6bdc1f3f771a9d,CN(C)C(C[NH2+]C1CC(CF)(CF)C1)C1CCCCC1,OC(C[NH2+]C1CC(CF)(CF)C1)C1CCCCC1
2e134b69aed46ccf4187fb8635b975687c13d0c0e628b0aae47cce43a841856f,5c01ab4476b5fc976c4bcd17126f9b60334c74ad56a270ca5226a088e22fb7a8,CC(NC(=O)NCc1cccc([*:1])c1)c1ccc(N2CCCC2=O)cc1,CC(=O)N[*:1]>>F[*:1],CC(=O)N[*:1],F[*:1],32366,31199,1,1,1.0,25,4,1,29,26,14,10-19,CN[*:1]>>Cl[*:1],25dea551f0e8538aac2f6ea7770a570262eb5688f86ce2692d083b7a6390f91a,876cdc3bf113e932172190ec302d3a29f94a80db01dfb3e298f2bd49d0b6bfcf,CC(=O)Nc1cccc(CNC(=O)NC(C)c2ccc(N3CCCC3=O)cc2)c1,CC(NC(=O)NCc1cccc(F)c1)c1ccc(N2CCCC2=O)cc1
8fa9c141335ff6285d06514953116020170050c3521f73da9e3e8553f3825a5a,732c1ce08f13eca344eb5e8b2fb37c334c267c9a645537297735f8c75b09c10f,CNc1ccc(Nc2ccccc2[*:1])cn1,COC(=O)C[*:1]>>FC(F)(F)[*:1],COC(=O)C[*:1],FC(F)(F)[*:1],26283,9399,1,1,1.0,15,5,4,20,19,14,10-19,Cc1cccc([*:1])c1>>c1cncc([*:1])c1,fe8615596a37fddf290285bc3649b2fe167df84cb936fe25aa1e1d6d51461ce8,af22926df52dbe0e6655930014d9e0ca3073e34e4a82862446d5b34b650231a4,CNc1ccc(Nc2ccccc2CC(=O)OC)cn1,CNc1ccc(Nc2ccccc2C(F)(F)F)cn1
d23458b79fcfecbc6600809cfa7bd95f4ae5cfa58f4b0e9699c0a4382df36693,3727c520cbbf5be2b9e4be02b6c7f45278478f7b79ec3220bd1b3ae5396c9a5b,C1CC2CC1CC2O[*:1],CC(C)C[*:1]>>FC(F)(F)C[*:1],CC(C)C[*:1],FC(F)(F)C[*:1],44944,26182,1,1,1.0,8,4,5,12,13,14,10-19,COCC(C)[*:1]>>C[*:1],202092aa1f6c91c5f03df1f08bd14d889dbe16bc4ed1e9809c8761593951a564,fa9bdda11be8e27cc841bc77958e74fdc857ba6344f359226587f4bb2a638ba8,CC(C)COC1CC2CCC1C2,FC(F)(F)COC1CC2CCC1C2
1ec1fb9827084aea4b303ba95c3f51a0c4ee2cd3c71247e5aceded0eec8a7519,a63256437856a9b5c335868e16ff262376dc1980d357f22c69562924255a98e1,CCN(CC)c1ccc(-c2nnc(SCC(=O)N[*:1])n2C)cc1,Fc1ccccc1C[*:1]>>c1ccc(C[*:1])cc1,Fc1ccccc1C[*:1],c1ccc(C[*:1])cc1,46396,21544,1,1,1.0,22,8,7,30,29,14,10-19,Cc1ccc([*:1])o1>>c1ccc([*:1])cc1,b5efe5c42a1dcea187fa4022ed0f38ac4c5e15b382693ed0b3b21aad50ca193d,ce3e83e22559b850a8fd26e3a39f4d198fee70e42b82c2441f4db81693be411b,CCN(CC)c1ccc(-c2nnc(SCC(=O)NCc3ccccc3F)n2C)cc1,CCN(CC)c1ccc(-c2nnc(SCC(=O)NCc3ccccc3)n2C)cc1
8dfdb14dec71587e48bacf3887c4657e3376caa7fe2427e6135660d2354f3a37,6774018a426dc79c5b736f460ba2231d8c658cd698fa1699a56483d632e1fbe0,O=C(NCC12CCC(CC1)C2)NC(C(F)(F)F)[*:1],CC(C)(C)C[*:1]>>C[*:1],CC(C)(C)C[*:1],C[*:1],8497,37569,1,1,1.0,17,5,1,22,18,14,10-19,C1CC1[*:1]>>C=CC[*:1],6831fa9df47ec3828cbf547acb9a51cb59de2b4ae985964926c13217b9839e09,e9ea021d66db2bceea36ba24a5d344302de0d0c1e01f8a22af340053e279d03b,CC(C)(C)CC(NC(=O)NCC12CCC(CC1)C2)C(F)(F)F,CC(NC(=O)NCC12CCC(CC1)C2)C(F)(F)F
a1f78c29e1794706d140da1f465cb03164bc43df3930f050aded5d56497a5f65,ef5a4dc23f6d5102372543d744bf7b438cd9223d99287f5f9c53b0c434e1b1b9,COc1ccccc1-c1nnc(C(=O)N[*:1])o1,COc1cccc([*:1])c1>>c1ccc([*:1])cc1,COc1cccc([*:1])c1,c1ccc([*:1])cc1,36263,11228,1,1,1.0,16,8,6,24,22,14,10-19,COc1ccccc1[*:1]>>Cc1ccc([*:1])cc1,8d4f8f93b933641a003aec13017826f3055eeca4dd612887e4f0463b6c301ca7,0d4353a0222141d980da978b2825e497f516bd7348427ebcf4efea3275fd960f,COc1cccc(NC(=O)c2nnc(-c3ccccc3OC)o2)c1,COc1ccccc1-c1nnc(C(=O)Nc2ccccc2)o1
ae24fa9822e7b595bf61593898b1030baef8a34595d9c17912e7d724a5b4f255,a8b671444d3d6dcb01950711613c3bc4937abf3ce0f0d761919c145080b63d65,CN(c1cccnc1C(=O)O)[*:1],Cc1ccc([*:1])cc1>>Fc1ccccc1[*:1],Cc1ccc([*:1])cc1,Fc1ccccc1[*:1],8737,8034,1,1,1.0,11,7,7,18,18,14,10-19,C1CC1[*:1]>>CC(C)O[*:1],7512c7bef51aa357486a03011575e5eb3c60ad06d5eb9eceb7bcd120a5fede70,bd8a38c04210fc0d266fd4a01fbda6c33feb08acce633408c6d15f143dd0afdb,Cc1ccc(N(C)c2cccnc2C(=O)O)cc1,CN(c1ccccc1F)c1cccnc1C(=O)O
6b1026114b72d587a1c132e95a863b55e364c6d7bbfeccd85839de2b2818cfeb,697f6f56dc3156b8f4c72f535c1480307689837b1eaa6b45f208fb9a4eda2cd8,O=C(O)CN(C1CC2CCC1C2)[*:1],CC[*:1]>>FC(F)(F)C[*:1],CC[*:1],FC(F)(F)C[*:1],12925,36748,1,1,1.0,12,2,5,14,17,14,10-19,CC(C)(C)[*:1]>>c1cncc([*:1])c1,ea90372763dd8a37391b324ec871d554718a1d6c50ff6d8e71948a7f297fe9fa,06934b29c0b4e822a79b604141e68217b05eae80d55e5f6688b45c9692c22907,CCN(CC(=O)O)C1CC2CCC1C2,O=C(O)CN(CC(F)(F)F)C1CC2CCC1C2
ff3c740f8c7c4dcfe9b63f25873b9ea442cc6b5ec30ab5ff5083206da3609395,1958987f54b6ffd3c74e2cd31084ec54ff3193b30a1e73e36813f7ce6c760495,C=C(C)CC[NH+]1CC(NC(=O)C(C)[*:1])C(C)(C)C1,C1CC1[*:1]>>Cn1cc([*:1])cn1,C1CC1[*:1],Cn1cc([*:1])cn1,43160,49843,1,1,1.0,17,3,6,20,23,14,10-19,OCC[*:1]>>c1coc([*:1])c1,6f9daf37b699921f416f0127a71bf34e0c1457bbb898f862c858b9efe544b60c,30b6487b5c221063036f92ebc6b4c583702332ae9b7ecdc349268fe6431b902a,C=C(C)CC[NH+]1CC(NC(=O)C(C)C2CC2)C(C)(C)C1,C=C(C)CC[NH+]1CC(NC(=O)C(C)c2cnn(C)c2)C(C)(C)C1
7bd72e5d64a7410eebf19d07a2bd38805e1e9f8393e2eb4c04286ea00a0e67c4,9c93a6053a103a0b656ab3f36ddd3a048dae5fd4a4b2ebec8fa170f73c1eeebd,Cc1ncccc1Nc1ccc([*:1])cc1Br,CC(=O)[*:1]>>CO[*:1],CC(=O)[*:1],CO[*:1],6414,46227,1,1,1.0,15,3,2,18,17,14,10-19,CC[*:1]>>c1ccc(CC[*:1])cc1,83f2603f4545d01f9d3fad7d5f5cb5c9bc9e78a99fd49685441228550ae36505,f211e13928bc591307b1a7307a958f15d68ed03cbe1359627d0da148bf87ddcb,CC(=O)c1ccc(Nc2cccnc2C)c(Br)c1,COc1ccc(Nc2cccnc2C)c(Br)c1
0e3e76da31eb82e44ff1de5231542b8c4f170e1b18b6fc11048237cb358ac185,bf87a71b2e5bb3007ba62a581c636646157dcefc36f040173adfe0155391824b,O=C(O)CN(C(=O)C1CC2CCC1C2)[*:1],CC(C)[*:1]>>FC(F)(F)C[*:1],CC(C)[*:1],FC(F)(F)C[*:1],18444,42685,1,1,1.0,14,3,5,17,19,14,10-19,C=C[*:1]>>O[*:1],ee1138137eafe50296a26f40158626813b38e1a4d0dcff822b205449e0e5fc02,2415a679a4041d62b60c777f5cb424f955cff9a6dfea3335ded7172aca30e58c,CC(C)N(CC(=O)O)C(=O)C1CC2CCC1C2,O=C(O)CN(CC(F)(F)F)C(=O)C1CC2CCC1C2
5ccb2b2fde3ddb6a36201a2d4a549d7f80cd20ea76d052c4c5fd76cf848c4fe8,1c3c245d568be33297987820d2a34352e0ae92802c4bc129c96afae587bf0956,Cn1cc(C(=O)NC(C2CCCCC2)C(F)(F)F)c([*:1])n1,CC(C)(C)[*:1]>>Cl[*:1],CC(C)(C)[*:1],Cl[*:1],39578,40755,1,1,1.0,20,4,1,24,21,14,10-19,CC[*:1]>>Cn1cc(C[*:1])cn1,588c6892876e1ba275122d29014be8bde04df5d6caf9b021b1e887f15499c625,7a6038ff659f70b42fdbc25c9269ec7dc381e958efce209da16d70b7f00c4256,Cn1cc(C(=O)NC(C2CCCCC2)C(F)(F)F)c(C(C)(C)C)n1,Cn1cc(C(=O)NC(C2CCCCC2)C(F)(F)F)c(Cl)n1
3a3b01923245ab2677af2fac326c9f22d2cab2e3177f73f2b45f2a82faaaca34,d57abebaf1572ff30c3a535f2ed926a501c183c5e5e8d5029ad315a9d85347d3,CC(NC1CC2CCC1(C)C2(C)C)[*:1],CCC(CC)[*:1]>>C[*:1],CCC(CC)[*:1],C[*:1],5074,26343,1,1,1.0,13,5,1,18,14,14,10-19,C1CC1[*:1]>>c1cncc([*:1])c1,269791ae20731f70d3143917a4aa73d5ee3397c15ca3d252d0174b4b5b6fbb25,deadca9a0cc29f8695983cfc7be937598d0b7ad7a541b34bbf12f80a48dc86fe,CCC(CC)C(C)NC1CC2CCC1(C)C2(C)C,CC(C)NC1CC2CCC1(C)C2(C)C
035619ec27b0e58734b91cc1893fcbae4f8f9773b173dd64d520c8c0f4371bd7,b108235b88a26cad5961c16df9a4f2cb55dc2c2d2fff1cd578737ecd57c8c8c6,Cc1c(C(=O)NCc2ccccc2[*:1])oc2ccccc12,C[*:1]>>FC(F)O[*:1],C[*:1],FC(F)O[*:1],25513,31129,1,1,1.0,20,1,4,21,24,13,10-19,FC(F)(F)[*:1]>>O[*:1],bf1173148f9fd524e16503bcafe39b27bb9634ff13d8482af145a042e59d7a03,e1e965be1b4e645958efcffff13afacf6ece822c8c26993b7cd3faeab24b75e4,Cc1ccccc1CNC(=O)c1oc2ccccc2c1C,Cc1c(C(=O)NCc2ccccc2OC(F)F)oc2ccccc12
f40dae421794eada9476ec838ef5bd84204e3f19fe96e8dea9223b11a3df4cc5,1b432b6f7cb983948f2c3991d964373dc6fb8a958b815da6842e6a38f392a7be,O=C(C[*:1])NCC1CC2CCC1C2,N#C[*:1]>>NC[*:1],N#C[*:1],NC[*:1],37878,43193,1,1,1.0,12,2,2,14,14,13,10-19,CC(C)CC[*:1]>>CC(C)C[*:1],d3914b1adf23b3b658ce58a4cf4430faf00928c142ebe8157903c35696e035a8,2fabd5efb24300be094453899e1172c1310940fee912e9af289c34c26988f011,N#CCC(=O)NCC1CC2CCC1C2,NCCC(=O)NCC1CC2CCC1C2
7901c26b206c4a46e0f90617c1fe33f04dafeb6362b9fcf1ac43c67e1e351bdc,dea33b2856d087773af8665fa58bfe649151b4d8bdf17712cc27ed5a6f806b78,NC1C2CCC(C2)C1[*:1],CCOC(=O)[*:1]>>Cl[*:1],CCOC(=O)[*:1],Cl[*:1],12053,16839,1,1,1.0,8,5,1,13,9,13,10-19,CC(C)O[*:1]>>CS[*:1],f0074c8f6d9e4322468ad2cb90993ba30c3de61da41c7355b2ad30b7fb06e7a2,2fb5e87f67143c4dc1b26a3c2f07a930c8bf24d576c5425e2ffeb5be6c8b337a,CCOC(=O)C1C2CCC(C2)C1N,NC1C2CCC(C2)C1Cl
2b2f16bd56056d9d6faed0e0b00595398a00340747fdcd9ea00158485f962ad8,f65db4315c7e6313c17bff87261d8157c3a677f67c5414a3fc363acc57e75450,Cn1cc(C(=O)N2CC([*:1])C2)c2ccccc21,COC[*:1]>>FC(F)(F)[*:1],COC[*:1],FC(F)(F)[*:1],42031,32322,1,1,1.0,16,3,4,19,20,13,10-19,CC[*:1]>>COc1ccccc1[*:1],1637fcbc5299f64dc7a9aee3af135c53f8a05600c1719483be1feb25a7df9615,df00fbb8288526adeab556cc750fd2285c94337a37d646c91b1db9a8101a3201,COCC1CN(C(=O)c2cn(C)c3ccccc23)C1,Cn1cc(C(=O)N2CC(C(F)(F)F)C2)c2ccccc21
1af139e677ba9b2dea7378c8698ec464b7aac3026e2d5b9dce55ccb50f35b1c6,d1b8e6b1fa755498921b5e5cb72f2f98534e8742a43b91eb703ce6a882244b3f,O=C(NC1C[NH+](C[*:1])CC1O)c1ccc(F)c2occc12,CC(C)C[*:1]>>CCCC[*:1],CC(C)C[*:1],CCCC[*:1],2304,43706,1,1,1.0,20,4,4,24,24,13,10-19,OCC[*:1]>>c1coc([*:1])c1,a17aa7bcbf8e31306e469741a49048133f46b879c96220104880e0719c971c9c,0d85025a78a56fa496099d694ebd08b82c3d7f5d278eb8e7f69242ad586ec691,CC(C)CC[NH+]1CC(O)C(NC(=O)c2ccc(F)c3occc23)C1,CCCCC[NH+]1CC(O)C(NC(=O)c2ccc(F)c3occc23)C1
265e2e5b2f6c051f7d77ae82f131bf86e964235dfda0268cc6f2779d53747a62,03b2a1c4464e1e94b70644613546c48349ffa8acd1bbe7415bdcd59207b373d3,CC(C)N(C(=O)C1CCN(S(=O)(=O)c2ccc([*:1])cc2)CC1)C1CC1,CC(C)[*:1]>>Cl[*:1],CC(C)[*:1],Cl[*:1],33236,10349,1,1,1.0,24,3,1,27,25,13,10-19,CC(C)[*:1]>>c1ccc([*:1])nc1,3a81e07786d9d2cdbb6818d9a9f1b8c33a9be31f5a446a3b6101215f05c6c64c,3e041a5fe7766ca143fb4f841abb3d8dbf0ca693000d4cdf186aea20dd45ccab,CC(C)c1ccc(S(=O)(=O)N2CCC(C(=O)N(C(C)C)C3CC3)CC2)cc1,CC(C)N(C(=O)C1CCN(S(=O)(=O)c2ccc(Cl)cc2)CC1)C1CC1
b0e3e477f94b72fb55619c722373cf6c9420d4407caa01cbbb089f4d3cdd37bb,8d6e2d50d7794a62989acf84f438c95b0a5b9a0f0020ce84147e0636d94cc062,COc1ccc(C(NCC2C[NH2+]CCCO2)[*:1])cc1,CC(C)CC[*:1]>>C[*:1],CC(C)CC[*:1],C[*:1],1464,36911,1,1,1.0,18,5,1,23,19,13,10-19,CN(C)C(=O)[*:1]>>NC(=O)[*:1],2a85070a58d1bd1e9daf780d05749b15fa5ba3a5694ccd34c8bbf1733e8de9a2,523f9ebc717ee337fc10a15c2e5e9f2f7cc1e9ad071c6e5e9d5536d266432139,COc1ccc(C(CCC(C)C)NCC2C[NH2+]CCCO2)cc1,COc1ccc(C(C)NCC2C[NH2+]CCCO2)cc1
6d43bf69291706256a39e2d6a7e21af100dceb390cbb6e48fb67055f369755bb,98c3e2c54dbdbc21813b1231fbc6d985ec4f33885a563afaa1670880dd4560c7,Cc1noc(NC(=O)C2([*:1])CC2)c1C,CS[*:1]>>N#C[*:1],CS[*:1],N#C[*:1],2649,3383,1,1,1.0,13,2,2,15,15,13,10-19,C1COC(C[*:1])C1>>CC(C)C[*:1],8794b102791a531451dad7907bd482ff2778bc71421028a87354d808ed858479,983040620a3fa375b6c15c3de773e3ab5b9f230cd2e75a08faa68339ce77717e,CSC1(C(=O)Nc2onc(C)c2C)CC1,Cc1noc(NC(=O)C2(C#N)CC2)c1C
5fa9afd9081bb68ef490cad8e99a54c26cae6b8387854c23dea4f6d6cdc259bb,c3f55628aee43b077f30287c4cd07b6c77d81e59c821e710fbb8400dc30b71d3,CC(C)CC1NC(=O)CN(C(C)[*:1])C1=O,CCC(C)C[*:1]>>CCC(C)[*:1],CCC(C)C[*:1],CCC(C)[*:1],20378,8903,1,1,1.0,14,5,4,19,18,13,10-19,C1CC1[*:1]>>FC(F)[*:1],06debabb744a99b1df253146e47461dce152295fce79f42647c70cbf8118edb2,17f33aaa10d2e43f64d45ed8293cc7a6b01eb775003c14a0910b24b60529772a,CCC(C)CC(C)N1CC(=O)NC(CC(C)C)C1=O,CCC(C)C(C)N1CC(=O)NC(CC(C)C)C1=O
a51b0f9fd461e4a043a883422a60ec1ff52bdfa623a4eced3470265e76a2123e,054294cf1989b153465c51deb09cc77ec05dc0f75c20e54dcee5f012bb77e8f2,CC1CC([*:1])C[NH+](Cc2cccc3c2OCCO3)C1,CC(C)(C)OC(=O)[*:1]>>COC(=O)[*:1],CC(C)(C)OC(=O)[*:1],COC(=O)[*:1],20432,42047,1,1,1.0,18,7,4,25,22,13,10-19,CC(C)[*:1]>>COc1cccc([*:1])c1,3d4ebee6565d94701c2f3f9b748929d5c24b149432bf3727de966f6490287dbc,1bc9075ed3550ff34107bc9f60f9d440184b532f98bc6ce66b59736868690d02,CC1CC(C(=O)OC(C)(C)C)C[NH+](Cc2cccc3c2OCCO3)C1,COC(=O)C1CC(C)C[NH+](Cc2cccc3c2OCCO3)C1
58edc4228ec2bfbf7c6da1478c622d125c5643b71b1917d357e48058dcc849e1,aa39721c2bfff54cfe25bc6486cd271faf7b1dc91adac74a1e6d7781b179aed7,CCOc1ccc(OC)cc1Nc1cncc([*:1])c1,CN(C)[*:1]>>COC(=O)[*:1],CN(C)[*:1],COC(=O)[*:1],27889,17842,1,1,1.0,18,3,4,21,22,13,10-19,N[*:1]>>c1ccc([*:1])cc1,d4383de05d27fc15011003ae683f4f98983400a190ed950d74e5ee87ecb29d89,8f6d33c300eb8e3f3efdc3821bb7555a55ccbb18cf3d2ddf90b0e96b3a352aa5,CCOc1ccc(OC)cc1Nc1cncc(N(C)C)c1,CCOc1ccc(OC)cc1Nc1cncc(C(=O)OC)c1
628e8003d2754e83d7397bc9766bc3be0be3a41e81851e29314db951297c8c78,3a7c19e8544888a4e4f1fe38a25553dcadc08c8e15f436ee093480b7a0745bbb,Clc1ncc(Br)cc1Nc1ccc([*:1])cc1,CNC(=O)[*:1]>>C[*:1],CNC(=O)[*:1],C[*:1],20969,41507,1,1,1.0,15,4,1,19,16,13,10-19,CN(C)C(=O)[*:1]>>COC(=O)[*:1],d1a6d677edc99443b4f3750110117261fe585f875b9fdf8e521d9519970b5dad,dc90895e1ac9a6bb594f2eac4a1a4dfb44d414f50b3811f63c1f1f8315c55d66,CNC(=O)c1ccc(Nc2cc(Br)cnc2Cl)cc1,Cc1ccc(Nc2cc(Br)cnc2Cl)cc1
90ad330eb683df8d419e301cbbb9a1c53c5804c74a169dd0f9c0ef3a7f90e4aa,2fe8767f7ccfc48560f0d9a3efe0d85f81913b23dec4d395e7cfab865596490d,O=C(NCCOCC1CC1)C1CC1[*:1],COC(=O)[*:1]>>FC(F)[*:1],COC(=O)[*:1],FC(F)[*:1],7501,11292,1,1,1.0,13,4,3,17,16,13,10-19,CC(C)C[*:1]>>CO[*:1],4d4e1599a48d75785ca3711d1842320a5f3cf7f7f1d221adf092beb879f433ff,142069271ec2ce81d065019eda42eb590bab93ac5858089f7781edc9303ed73a,COC(=O)C1CC1C(=O)NCCOCC1CC1,O=C(NCCOCC1CC1)C1CC1C(F)F
8b3b7bb90b835ede4e7e1f4a7b8e6fc578503c169b8182eab3a067e31564b5f9,353aa29869facb62c304d74ebbb56b8e45ed5b53072d123b015598618ff22d35,CC(C=Cc1ccc([*:1])cc1)C1C=CC=CC=C1,COC(=O)[*:1]>>N#CC[*:1],COC(=O)[*:1],N#CC[*:1],38732,36337,1,1,1.0,17,4,3,21,20,13,10-19,CC(C)(C)OC(=O)[*:1]>>COC(=O)[*:1],b04f11f21d7f17db95d4ddd3810dce64508df6dd162bcb99fc674feb00e15eef,f7b06c14c66e5bd9b61dfc11032ffef143b7527b9268bcd1c6f403fd2926b0ea,COC(=O)c1ccc(C=CC(C)C2C=CC=CC=C2)cc1,CC(C=Cc1ccc(CC#N)cc1)C1C=CC=CC=C1
9db641398db7c312df86ebc6459e91151ea06fb62dba6cfd3bac35120240eddc,9faccb047929f1cac2506c62115fa57574244ceb4ac3729ff325324117a01397,CC1CC(COC(=O)C[*:1])CCO1,Fc1ccc([*:1])c(F)c1>>Fc1ccc([*:1])cc1,Fc1ccc([*:1])c(F)c1,Fc1ccc([*:1])cc1,32781,28165,1,1,1.0,12,8,7,20,19,12,10-19,C1CC1[*:1]>>FC(F)(F)C[*:1],6464dc23f245f5976c54f0593362d0ee6c3187b0e50f6bd299beaba7e7a21703,b8f4aa467e0d33d90ed0004d636dce8c3702ead3980cf14dd591d135bfead167,CC1CC(COC(=O)Cc2ccc(F)cc2F)CCO1,CC1CC(COC(=O)Cc2ccc(F)cc2)CCO1
b03877fa5b2adddcc280e77c6449acf175f4ee3d9b5d8c9dcca2c41ea37fcb4d,a05be4fd9d46af8c149936e9e0b4ada3a48ed8166dd345c9ab3846ccbb363b38,C1CC(Cc2nnnn2[*:1])CN1,Brc1cccc([*:1])c1>>c1ccc([*:1])cc1,Brc1cccc([*:1])c1,c1ccc([*:1])cc1,43097,38534,1,1,1.0,11,7,6,18,17,12,10-19,CC(O)[*:1]>>OC[*:1],c4545eb11f77c68a85ad64dcce179d41e6206ccd4b86190ea329fe5e593fdd67,68e4133b9bca31346d5feca3d954ce2e0f823f06cba5bdd48d001d5512a07ef0,Brc1cccc(-n2nnnc2CC2CCNC2)c1,c1ccc(-n2nnnc2CC2CCNC2)cc1
8f91b2f5f71de27e8b1107f91d5cd3f671a59e16f49ddfa14ab5c86a3682b53d,abdc9735fbe181a6448ff9ad2d60a41b6856af49acd8d77ead9ed1695fe07b4a,FC(F)(F)c1cccc(C(CNc2cc(N3CCCC3)ncn2)[*:1])c1,C[NH+](C)[*:1]>>O[*:1],C[NH+](C)[*:1],O[*:1],3093,45962,1,1,1.0,24,3,1,27,25,12,10-19,C1CCC([*:1])C1>>Fc1ccccc1[*:1],239bea2421b1d032170910b13e676aa5f06e9770782792242a27f54602b238e2,33ee27e2c5f342443f13f31d1339caa5e6f79ede5724d8ce1b8879250b3eaa04,C[NH+](C)C(CNc1cc(N2CCCC2)ncn1)c1cccc(C(F)(F)F)c1,OC(CNc1cc(N2CCCC2)ncn1)c1cccc(C(F)(F)F)c1
51a8c750999fff844313ba4cc613a3a8b1b728971aec71af4ccadf23a274fef8,d1ab90ec5a7cffebaef224c46c96e5c8dc466216710f749848a8785df5bbecff,NC1(C[*:1])CC2CCC1C2,COC(=O)[*:1]>>CS[*:1],COC(=O)[*:1],CS[*:1],7334,42741,1,1,1.0,9,4,2,13,11,12,10-19,F[*:1]>>N[*:1],cd854f218fac108d0c8099dd972396dae033e5db1da01824cffada9429d6716e,c071bd7e5533941ea3da6dbb62cd443b2fc46fe6ad73b1807b1d992a4de634f5,COC(=O)CC1(N)CC2CCC1C2,CSCC1(N)CC2CCC1C2
2fd87370f38ad5a5f05b3202559a241297479a467c749d7cd52dc65e3829ee05,09f8d0113931357f6427cdda2cbc2d059cd8c07eee278dd2b06d5edf6dd3cbed,O=C(OCC[*:1])C12CCC(CC1)C2,CC[*:1]>>NC(=O)C[*:1],CC[*:1],NC(=O)C[*:1],27484,10582,1,1,1.0,12,2,4,14,16,12,10-19,F[*:1]>>NC(=O)[*:1],42116d58917bae7aa480f34c7a553ccd384e7c36eded15868a53c5b5a3d35ff5,ea727be2887c69958a09bd914c3a9c1ceb4b812d077cc8d5a8fe6b2df83bc767,CCCCOC(=O)C12CCC(CC1)C2,NC(=O)CCCOC(=O)C12CCC(CC1)C2
dbc2f4c082e5f800380e5f6708f5f5a52ea4134977921f903768ee8a493c38e5,3eb8e9a48cd1bebabf9471a7106f83ef01a9f821f10e20e3163b3bd7ec6c9f3e,CC(C(=O)NC[*:1])S(=O)(=O)C1COC(C)(C)C1,Cc1ccc([*:1])cc1>>Cc1ccccc1[*:1],Cc1ccc([*:1])cc1,Cc1ccccc1[*:1],32636,25920,1,1,1.0,16,7,7,23,23,12,10-19,COC(=O)C[*:1]>>Fc1ccc(C[*:1])cc1,e90c7b3842424152e602ae94f8cae808eb201ba90f94ca9a4d3bb16f78c7ac67,f94c718e4314ab1c62ac581a3d8235a8678bc38f014c419dfd306470a4b2c1b0,Cc1ccc(CNC(=O)C(C)S(=O)(=O)C2COC(C)(C)C2)cc1,Cc1ccccc1CNC(=O)C(C)S(=O)(=O)C1COC(C)(C)C1
06b3005bbd89750ccfe406111d60b8f79dbeb4c7a319501afc22deb56c192be7,999cfb9dea645e7fe5d407ee72746a93a99a77738598da78cae80ae7bfd25eda,O=C1c2cc([*:1])cc3cnn(c23)CCN1C1CN2CCC1CC2,CO[*:1]>>OC[*:1],CO[*:1],OC[*:1],14867,20549,1,1,1.0,22,2,2,24,24,12,10-19,C1CCC([*:1])CC1>>FC(F)(F)C[*:1],c3ca2ffe9ccfbb73eff9f85cb21aed8f97572fdadf2727f5a347bf1b27f01b5d,a929d679b647a3e55894a0d44781c6a7082896fca0f4f49baa98029526a53084,COc1cc2c3c(cnn3CCN(C3CN4CCC3CC4)C2=O)c1,O=C1c2cc(CO)cc3cnn(c23)CCN1C1CN2CCC1CC2
b10d5a43388f112e3fbb54e02eee287c5cb99696145d326dfc06d3933a3b7497,d3960fef9a086cecc5ce62fdba5081d9aecc1287efe6879e281cf8c3f45c57d9,Cn1c(C2CCCCN2CC(=O)N[*:1])nc2ccccc21,COc1ccccc1[*:1]>>Cc1cccc([*:1])c1,COc1ccccc1[*:1],Cc1cccc([*:1])c1,24718,2846,1,1,1.0,20,8,7,28,27,12,10-19,C1CC([*:1])CCO1>>Cn1cc([*:1])cn1,6a16905870893ee2be1e48b932e338746725ee3b10ae77ec65c6af4f6c78ca0b,bfdcfed7cdaa228a6693e0fd8bec7ffa816a57cb65342fce098a6982e640a402,COc1ccccc1NC(=O)CN1CCCCC1c1nc2ccccc2n1C,Cc1cccc(NC(=O)CN2CCCCC2c2nc3ccccc3n2C)c1
f17e1b8409a8949a5c2f410d6ca1cefc4cd342383deec57720b9b12b18d59e1a,cb746b31b5a8bae20e8e0c96c5daa34b83bb405e935e04ec4f9ae03c976917cf,CC(C)c1cc(C(=O)N2CCC([*:1])CC2)nn1-c1ccccc1,C#C[*:1]>>CC[*:1],C#C[*:1],CC[*:1],39540,16040,1,1,1.0,22,2,2,24,24,12,10-19,CC[*:1]>>CNC(=O)[*:1],e94ba0dff55b908a92881e54c9dc45a7b834aff0659a33879118a7057bf75a7e,7db1bfff4b8a19b6b48fa527cbaff6eeb26355f763d7c9a7eeb1ac877fb77ff1,C#CC1CCN(C(=O)c2cc(C(C)C)n(-c3ccccc3)n2)CC1,CCC1CCN(C(=O)c2cc(C(C)C)n(-c3ccccc3)n2)CC1
f067ea68b06c26c05e02f6a06f1a9c2e323ba40cf32addbdb9cee0a95993ce98,ac93166b489d5139743d56511ed70c2127e4376a4922d3ad6625e0b9131b513c,OCc1ccc(CN2CCC2[*:1])o1,Clc1ccc([*:1])cc1>>Fc1cccc([*:1])c1,Clc1ccc([*:1])cc1,Fc1cccc([*:1])c1,3883,9880,1,1,1.0,12,7,7,19,19,12,10-19,C1CC([*:1])C1>>CCC[*:1],bc736ceeebe8d8ba28b3b24428de36e897878deb75929ca886f6926adb4ffd24,beeda6fe8b3690316ce91cde97a8ccad99bf3bf0bf92b55267b5d274db17a44a,OCc1ccc(CN2CCC2c2ccc(Cl)cc2)o1,OCc1ccc(CN2CCC2c2cccc(F)c2)o1
6cb4a97ccb515112f4bb4229f302a550808af2f1c8293030290ea32bb317daf6,05935f9f1b6aacebe8fd3dbf50ef54f2cc8a2e7c1b0097e2af70eb0715d62df0,CC1CN(C(=O)C[*:1])c2ccnn2C1,CC(C)[*:1]>>NC(=O)C[*:1],CC(C)[*:1],NC(=O)C[*:1],37770,19483,1,1,1.0,13,3,4,16,17,12,10-19,C1CC1C[*:1]>>COCC[*:1],2f588cdf9b50f88a913859877edc857a78e6f6db67f0755b26fd7b643e4b89d7,dcaed1a5be6bcf284888fdf4ad9d76a8764a3aa0d5b7337c47688ed7ebbd54e0,CC(C)CC(=O)N1CC(C)Cn2nccc21,CC1CN(C(=O)CCC(N)=O)c2ccnn2C1
26d5aceba23e7698a971d6573896a5da4609b60690841ca3adf96e377231a9d5,dde7a719ac008bfa33c05a623e89e43e843715c9774fc726c849b93beb3bddac,Clc1ccc(N2C3CCC2CC([*:1])C3)cc1,CN[*:1]>>NC[*:1],CN[*:1],NC[*:1],15914,17197,1,1,1.0,15,2,2,17,17,12,10-19,CC(C)[*:1]>>Cl[*:1],16aaf3fd24cc03f97267bfd09ba6a6fc721189e121af806606e9fe1a826dfbac,3ff271a70c190f87f0ec0450bcf707daafaa3d20e42986f5a78af9cb4ede994b,CNC1CC2CCC(C1)N2c1ccc(Cl)cc1,NCC1CC2CCC(C1)N2c1ccc(Cl)cc1
871ebd96a87e04ef955f537773991308c2f9cd9fe2083af083bb39c68bc588ca,c458917ad55d2c53135756fee006a9bde05be142611d504990ba8c60636fce0e,O=C(NC1([*:1])CCCC1)C1CC1c1ccc(F)cc1F,COC(=O)[*:1]>>O=C(O)C[*:1],COC(=O)[*:1],O=C(O)C[*:1],44790,18771,1,1,1.0,19,4,4,23,23,12,10-19,CCC(C)[*:1]>>OCC[*:1],ead3c22c1264cb9d2b6fac44123b3311bc3e8c790aef5f13b613bb48e26e7c29,14f4bfb29fd2bebb967085b19a9dced3db14efa0b232bf512896150ef507196d,COC(=O)C1(NC(=O)C2CC2c2ccc(F)cc2F)CCCC1,O=C(O)CC1(NC(=O)C2CC2c2ccc(F)cc2F)CCCC1
0ab3793e4b82cf6d042d052d44d951d62cbc15c1588bd9a6d0e97a391463efe8,90f8fbcf38a8ee582af1a1823da6d2451fb550a8b0c69821ee234a925a4ad4a8,COc1cccc(N2C(=O)N([*:1])C3CS(=O)(=O)CC32)c1,Cc1ccccc1[*:1]>>Clc1cccc([*:1])c1,Cc1ccccc1[*:1],Clc1cccc([*:1])c1,32957,29236,1,1,1.0,19,7,7,26,26,12,10-19,COC(=O)[*:1]>>N[*:1],4dc73cc5c76f67f0e019adc0068bf63ea96f3b98a70aa0b899728c3ccfa534d5,0fce5d871a8b435db485181a650aba88cfadd62fe0cdc595e37b7f564d537c58,COc1cccc(N2C(=O)N(c3ccccc3C)C3CS(=O)(=O)CC32)c1,COc1cccc(N2C(=O)N(c3cccc(Cl)c3)C3CS(=O)(=O)CC32)c1
66b3d0950c1883c7ae6b505583c25ea6f326691de7222c400b72f5d9f49c9094,b4096a96f2ec72f6571323324e398d68d75a02689f71ed3f0b1d818f29020e46,Nn1c(SCC(=O)NC[*:1])nnc1-c1ccc(F)cc1,COc1cccc([*:1])c1>>Cc1cccc([*:1])c1,COc1cccc([*:1])c1,Cc1cccc([*:1])c1,46169,44647,1,1,1.0,19,8,7,27,26,12,10-19,C1CC([*:1])CO1>>C1CCC([*:1])C1,df2df9036a1990de0f3c580fbdb0e704c5594da66580962379765005970ea4da,1a02eb673a8c6077d16076d301a1b96738e4db35b96312d948b8e58ab86ad185,COc1cccc(CNC(=O)CSc2nnc(-c3ccc(F)cc3)n2N)c1,Cc1cccc(CNC(=O)CSc2nnc(-c3ccc(F)cc3)n2N)c1
c1f30bb79f6e312d42b6afc29bd6243c89ca6d60920b36edda9f0528deb261d8,904b559d3102b3afa546ffa2812231a997d948f17335681c043b97bfbb7869bd,CCn1c(SCC(=O)NC(C)C23CC4CC(CC(C4)C2)C3)nnc1[*:1],COc1ccccc1[*:1]>>c1ccc([*:1])cc1,COc1ccccc1[*:1],c1ccc([*:1])cc1,11221,14412,1,1,1.0,24,8,6,32,30,12,10-19,C=C(C)[*:1]>>C[*:1],62b21a4ff9fd43707933dd814c2e8e37fea32f9917282ea1dc82f180f934d180,313d7711570cf097843eba1a81538c7d5199e5db14fb5bac94bb934070becdcc,CCn1c(SCC(=O)NC(C)C23CC4CC(CC(C4)C2)C3)nnc1-c1ccccc1OC,CCn1c(SCC(=O)NC(C)C23CC4CC(CC(C4)C2)C3)nnc1-c1ccccc1
5c8e64dfc5195944dbb585f216be994a2ef792d8a33a0d8276712bd810b64b31,7d8880233e4a75ef43ff1e417d0c9e1ea0bfea99bbec44fe61db83532b73f272,CN(CC(=O)NCc1ccc([*:1])cc1)S(=O)(=O)c1ccc2ccccc2c1,CC(C)O[*:1]>>Cl[*:1],CC(C)O[*:1],Cl[*:1],43810,36605,1,1,1.0,26,4,1,30,27,12,10-19,CCC(C)[*:1]>>COc1cccc([*:1])c1,94e0a1dfe3d9fc40fbf5da9476e823978a33a76766ee23d669e7d35102755946,bb1c7b8ea57028b0f0501b5ee6b394d3730b61ddb3e3dda1fe14413c501b07e6,CC(C)Oc1ccc(CNC(=O)CN(C)S(=O)(=O)c2ccc3ccccc3c2)cc1,CN(CC(=O)NCc1ccc(Cl)cc1)S(=O)(=O)c1ccc2ccccc2c1
fcd7672f26aabeeffaa6413e9fd308bd41e5a0489810276581644a12004a4098,dfaabc721b160c2b255fcaa14abe850837a5749d7b92ca588211389ccdfabf51,CC1(C)C2CCC1(C)C(C[*:1])C2,Br[*:1]>>O=C(O)[*:1],Br[*:1],O=C(O)[*:1],25864,27929,1,1,1.0,11,1,3,12,14,12,10-19,COC(=O)C[*:1]>>FC(F)(F)[*:1],cf8d6a0644c34c2fa48ee1298b7480d8f62709958a2182f77e635a06c796c844,bdfef2933c0d86be35e57bf7534cdc5ddad9664f6488eb2d0f0e4de37bccb304,CC1(C)C2CCC1(C)C(CBr)C2,CC1(C)C2CCC1(C)C(CC(=O)O)C2
0b4d84cd312a63d340950006ef70f10b6925cbea61120ae16fa60efdcdb04d01,c463b59283c35d7002128e7acaebcadfbbc815063eaebf4f47382ceae3698de9,O=C(CC[*:1])NC(CNC(=O)C12COCC1C2)C1CCCC1,C=C[*:1]>>CO[*:1],C=C[*:1],CO[*:1],35873,3665,1,1,1.0,21,2,2,23,23,12,10-19,CC[*:1]>>FC(F)(F)C[*:1],36da435dbfece6aa55edf54b408a0e6c0bbb604b04492bf9e564dc58bbea7371,3a3ecf88b927d6f35e29a0d0d7d213acaa59104dc3e0941747bd6aee71752ac1,C=CCCC(=O)NC(CNC(=O)C12COCC1C2)C1CCCC1,COCCC(=O)NC(CNC(=O)C12COCC1C2)C1CCCC1
a7d77a645b2dbd9fdb320f8aed1b9f106032a78074b09eb825a5c7e69ea14225,3dc9c799f4e97279402139596967b0a0e203016873721e32ed0f4f01f1e123f3,CC(C)C1NC(=O)C([*:1])NC1=O,CC(C)C[*:1]>>CO[*:1],CC(C)C[*:1],CO[*:1],10299,40766,1,1,1.0,11,4,2,15,13,12,10-19,CN[*:1]>>Cl[*:1],493a40581cff5ab41746f850acbb898776d3bfbde7b1c327cc4be8ef07ca425f,d21bdb3c1aabae89655b85cca18de6af1c68d9798b6d95a5ea89bdb2d54ae070,CC(C)CC1NC(=O)C(C(C)C)NC1=O,COC1NC(=O)C(C(C)C)NC1=O
ab339b76a8ed1de825b1f23f0cd244aed1091ed0843a1e9c3f274d94a0b3b7db,ee9f7b73666266217ea959f05ec230a6fdee816a3309c0aae69b31b7871b913e,CC(Sc1nnc([*:1])n1C)C(=O)NC(C)c1ccccc1,COc1ccccc1[*:1]>>Clc1ccc([*:1])cc1,COc1ccccc1[*:1],Clc1ccc([*:1])cc1,4302,47947,1,1,1.0,20,8,7,28,27,12,10-19,CC(C)O[*:1]>>N#C[*:1],67d6a5d65abe2fb819958de644e1027294857c3577777e167ce5c422a0358c60,58c7b9e21f83d4088fa57062a10c0ef1aceda1fbe9a68e14abf3826fc8b0a0bd,COc1ccccc1-c1nnc(SC(C)C(=O)NC(C)c2ccccc2)n1C,CC(Sc1nnc(-c2ccc(Cl)cc2)n1C)C(=O)NC(C)c1ccccc1
ff6506cd642a49c23203ee999d401ae7744d0db3b963083c828eaa050ccf1033,8e7dc319fb068112e66fe0ac90d8b9873df229882aca64877f999447ab306072,Cc1c(F)cccc1NC(=O)NCc1nc([*:1])n[nH]1,COc1ccc([*:1])cc1>>Fc1ccc([*:1])cc1,COc1ccc([*:1])cc1,Fc1ccc([*:1])cc1,7070,159,1,1,1.0,18,8,7,26,25,12,10-19,c1ccc(CC[*:1])cc1>>c1ccc(C[*:1])cc1,f4710bba3cccf6d8f5cdeb8e4c52b07287ffe99b5d8600eed387288825619966,6317654544dcfda9b4a6954aea7bc24301d9cd8477db0f52a4ab4f336554fa0a,COc1ccc(-c2n[nH]c(CNC(=O)Nc3cccc(F)c3C)n2)cc1,Cc1c(F)cccc1NC(=O)NCc1nc(-c2ccc(F)cc2)n[nH]1
67694d76f24cc4125ed2a679a627242246242b419ad1c9a07d22889e66f45a9d,af2cf8a18e7efe9b3849027e3b8933728166c148f50db891f7627694eb35e2f3,O=C(Cn1c(C2CCCO2)nc2ccccc21)Nc1cccc([*:1])c1,CS[*:1]>>F[*:1],CS[*:1],F[*:1],15770,47228,1,1,1.0,24,2,1,26,25,12,10-19,FC(F)(F)[*:1]>>NC(=O)[*:1],38a446c83a603bb05544a1982f48f91f23f0c4eeee6aaf4915ac2627603f360d,c93326ee8878446cf8598d5267dcc69e9143b59c73f5bebc85e7418c17df95d4,CSc1cccc(NC(=O)Cn2c(C3CCCO3)nc3ccccc32)c1,O=C(Cn1c(C2CCCO2)nc2ccccc21)Nc1cccc(F)c1
28c7ae0dbcf897bea9144afd11afa9b0319b830b97f978bc93e69ad30f7bcaa6,71ad1a24ff581ff24ce3533d93b3d0f2c7fa375eca41f04f0810f117f947202a,O=C(CC[*:1])NC1CC[NH+](C2CCOC2)CC1,CC(C)OC[*:1]>>CC(C)[*:1],CC(C)OC[*:1],CC(C)[*:1],33364,27143,1,1,1.0,16,5,3,21,19,12,10-19,Fc1ccccc1[*:1]>>c1cc([*:1])cs1,2cc683062cc01047ffdc65de3055036d72ca572268b165cac7e1e43b5657ab8c,06fbd45358f39ff14a30f6026a479bebdad783590d115c4e39f18c2b473a12aa,CC(C)OCCCC(=O)NC1CC[NH+](C2CCOC2)CC1,CC(C)CCC(=O)NC1CC[NH+](C2CCOC2)CC1
42394e11e83add2a759a4f58f774a60c55b48b618e631728ae0144926b3be146,6811376700d6f7e646e2f2ee212f93b50bb46721e4254800823e68a1d420410a,O=C1CC(N(C(=O)c2ccc([*:1])cc2)C2CC2)C(=O)N1,N#CC[*:1]>>N#C[*:1],N#CC[*:1],N#C[*:1],22,27939,1,1,1.0,19,3,2,22,21,12,10-19,CC(C)N[*:1]>>CN[*:1],328db3d73baa152a5cef861ca0faca377f04ae9015fad6cd4c431ddfbe9855c7,15532066d2d225ea1925a68c16824efe2105ec58ecc1eb3e2123f9c6da3e9de1,N#CCc1ccc(C(=O)N(C2CC2)C2CC(=O)NC2=O)cc1,N#Cc1ccc(C(=O)N(C2CC2)C2CC(=O)NC2=O)cc1
bfef2596c2db2d8ebd81550d1ac38cc39fbbbf49d9dfe831a03976f6e7a2e68f,a04824ceaf5525f59ffa1748795664b41c8d3dec56401d6fbe412d5dbb8455a5,CC1CCCN(Cc2csc(NC(=O)C(NC(=O)[*:1])C(C)C)n2)C1,Cc1cccc([*:1])c1>>Clc1ccccc1[*:1],Cc1cccc([*:1])c1,Clc1ccccc1[*:1],39275,17921,1,1,1.0,23,7,7,30,30,12,10-19,N#C[*:1]>>NC(=O)[*:1],db1ec738a829bd58acf53b5fe12ac9a47e280ea1aa87fc4c57e67e5d595967f6,f58dc0a854184a606575db4b4bacc5dc77503cd1b83181c9b1700189e66d11df,Cc1cccc(C(=O)NC(C(=O)Nc2nc(CN3CCCC(C)C3)cs2)C(C)C)c1,CC1CCCN(Cc2csc(NC(=O)C(NC(=O)c3ccccc3Cl)C(C)C)n2)C1
a27e06468a392cd7e4a854b01830d346e6abc6c2b3b24123666bafb77a03d650,cf75aed9dee49cc17f43aebe8c899f734dd0d932e7eb6ffc86bc871e805411a3,CC(Sc1nnc(-c2ccc([*:1])cc2)n1N)C(=O)N(C)Cc1ccccc1,Cl[*:1]>>FC(F)O[*:1],Cl[*:1],FC(F)O[*:1],47907,11309,1,1,1.0,26,1,4,27,30,12,10-19,CC(C)[*:1]>>NC(=O)[*:1],6159c722c0bf542e2458b4fb4b8654e0e8c32106ca214d5b24c6bfeb614fedf6,47b05e4e956dea5ce5a83f6ebfc7b5c7d91df583afcccaf2fef5095d886b8069,CC(Sc1nnc(-c2ccc(Cl)cc2)n1N)C(=O)N(C)Cc1ccccc1,CC(Sc1nnc(-c2ccc(OC(F)F)cc2)n1N)C(=O)N(C)Cc1ccccc1
1cac0bb925038acce15975e97d72f06735f7e44c04a9f1edf4b75b1b89e8679b,491ec404d8c17d0b9ef511e86d56cd436f62e4717d397839f815afbe8ba73cdb,CCN(CC(O)c1cccc([*:1])c1)C1CCCC1,FC(F)(F)[*:1]>>N[*:1],FC(F)(F)[*:1],N[*:1],34912,43078,1,1,1.0,17,4,1,21,18,12,10-19,COC[*:1]>>c1cc([*:1])ccn1,cfff3709fb912b96d8ab124e5c603cec435e0ef0942e5e2082e98fcac6358e4f,4abfe83d4baa756cc5225021eda0e3b70eb08b5a84a3a0149c7755d24c3af9eb,CCN(CC(O)c1cccc(C(F)(F)F)c1)C1CCCC1,CCN(CC(O)c1cccc(N)c1)C1CCCC1
2c801600c932faa8d28aabfca497f13890dfe642c3b5ee08dafc2e6fe29d1a8d,1f41462ac49d83bbb8b6102ce2e37d6c79bd558ed16187c6af89be7d7cfdd957,CCC1(C)NC(=O)CN(C(C)[*:1])C1=O,CCC(C)[*:1]>>COC[*:1],CCC(C)[*:1],COC[*:1],854,2376,1,1,1.0,13,4,3,17,16,12,10-19,C1CC([*:1])C1>>COCC[*:1],3295a0ac80d16f47f22a72fad403c0a1e54ea65fe0b9ae5bca19d20ffbe26e0e,7ffdef031ae954423c1a22ede0cb7b1d86ce060237bec126106aa08a8402633f,CCC(C)C(C)N1CC(=O)NC(C)(CC)C1=O,CCC1(C)NC(=O)CN(C(C)COC)C1=O
35e230f8797a7ba4ea0158cfedb8ab95087d025ceeab3c36eb712b2af85816fb,49c71ca560cae391f7a500398b359d824b3b04393bae62a2c8af1d182d074121,CCC1NC(=O)C(C)(CC)N(CC[*:1])C1=O,CC(C)O[*:1]>>FC(F)(F)[*:1],CC(C)O[*:1],FC(F)(F)[*:1],38064,49823,1,1,1.0,15,4,4,19,19,11,10-19,C1CCC([*:1])CC1>>Fc1ccc([*:1])cc1,d280f24eb1c26c2bb722e9328811ff94d35e2d87aa3de1901b99f551cee4955d,4204bcba00b6db9d2dbac02364bfb1016c9ba85c9c5e374d867e15be65b5a032,CCC1NC(=O)C(C)(CC)N(CCOC(C)C)C1=O,CCC1NC(=O)C(C)(CC)N(CCC(F)(F)F)C1=O
3a5a10cbf18b48569606c3dbf0eff7de4027d47b6fc272c8cafd3aa05509fc31,a926f8e842149a3f81bbd45b937006a458f52a5611be3bd18b8732812c43f1af,O=C(COc1ccc([*:1])cc1)N1CCCO1,CC(C)[*:1]>>CCO[*:1],CC(C)[*:1],CCO[*:1],35587,35312,1,1,1.0,15,3,3,18,18,11,10-19,C1CC1[*:1]>>N#CC[*:1],936f9ae3e422488183c03c1ea61e121931d9e3c4506a5d16fcc8885b1b600453,72b947f77a1aac8f95f82f4d8471ce3e3eeb18942b375458f063b3ae2d9fbb48,CC(C)c1ccc(OCC(=O)N2CCCO2)cc1,CCOc1ccc(OCC(=O)N2CCCO2)cc1
8861206b238297f51f8bf595f6f93abd864558016e8a9185e3aeb0ac84d70ba3,fce33cbcd83311974ed61963dfbdd7bd302c5e3d0eab1121ca6bf5117cd67e7f,CCNC(=NC[*:1])N1CCN(S(=O)(=O)Cc2ccon2)CC1,Fc1ccc([*:1])cc1>>Fc1cccc([*:1])c1,Fc1ccc([*:1])cc1,Fc1cccc([*:1])c1,17085,10132,1,1,1.0,21,7,7,28,28,11,10-19,CS(=O)(=O)[*:1]>>C[*:1],c74f1b8571ae8983721f2b8709630c22c24b5cdc751da00bd50857d71e59a34a,3405669bed7ec544c1199d93bc6fe2607b8820eba1005a546d4522a5c2c121c0,CCNC(=NCc1ccc(F)cc1)N1CCN(S(=O)(=O)Cc2ccon2)CC1,CCNC(=NCc1cccc(F)c1)N1CCN(S(=O)(=O)Cc2ccon2)CC1
94180ac108235a62fa03161229899646de8c1b9b8fef463f2682c337345ca357,21d72045091c529328b959d4607292572c9e4b822d48aa89769ea4de7f0ffdbb,C1CC2([*:1])CCC1C2,C#CC[*:1]>>CCC(C)[*:1],C#CC[*:1],CCC(C)[*:1],29572,41680,1,1,1.0,7,3,4,10,11,11,10-19,C1CC1C[*:1]>>COCC[*:1],9467df51c1c50dbb62b98521b8868da39c6de565807135dbe1613822dcc49305,3459b1b37aaf13c0faaf2d78b1178529cf7cebb9a2dd543d3456263913793240,C#CCC12CCC(CC1)C2,CCC(C)C12CCC(CC1)C2
1c8f6b9c1b0a737c5d10b5828fffd9037f662b57b85f18647c91b669af6c2509,3b67a0cbd2c261c7bcc74cdcb323c8b77b35ee08730782e7725127041c028d9e,O=C(O)C12CCC([*:1])(CC1)C2,I[*:1]>>N#C[*:1],I[*:1],N#C[*:1],34740,20934,1,1,1.0,10,1,2,11,12,11,10-19,C1CC1[*:1]>>FC(F)[*:1],c4190276880f50ce391dd4132c4a99906426ed898a31ff200fa82a026c07c1db,a2601136bcfb6dc888cbaf2eed2081e97cb5e87e153eab3099a8fcce861a56c9,O=C(O)C12CCC(I)(CC1)C2,N#CC12CCC(C(=O)O)(CC1)C2
e6753e21e0db570b9ec5df6f55451ff56bf90c057d981b174857d9db8975529c,e99a9f3fdf492dfee976ba31941bf32b0c241efb7239caddd8ba2f2380528d27,CC(C)C1C(=O)NCC(=O)N1CCC[*:1],CC(C)[*:1]>>N[*:1],CC(C)[*:1],N[*:1],44857,26330,1,1,1.0,14,3,1,17,15,11,10-19,C[*:1]>>c1cn([*:1])cn1,f9067d621ff88289dd54274b144dfe7018f01e0ebaffa452f7728aa3954c482a,c12268dae56ee21cdbbff9218ffca95904587f24583de611d3f3ef79b073c9bf,CC(C)CCCN1C(=O)CNC(=O)C1C(C)C,CC(C)C1C(=O)NCC(=O)N1CCCN
c929dc68e83e5d9147c2d825b199f0130347033c2c6b9e3b6f9a2f81a5972877,a566e5f6516ee104ee3f149d03e66aa1869a25bf019433e6793d00aafa069a71,O=C(Nc1cnn(C[*:1])c1)c1ccoc1Br,CN(C)C(=O)[*:1]>>NC(=O)[*:1],CN(C)C(=O)[*:1],NC(=O)[*:1],32343,28000,1,1,1.0,15,5,3,20,18,11,10-19,CC(C)[*:1]>>COc1ccc([*:1])cc1,9638205e54463c59840c937078f454df34b1ee169f1ea5960da1928e4bb048fa,bb2547a05e70689e2846d0b40913b2cc34f403b6307e53a6148889783338dfae,CN(C)C(=O)Cn1cc(NC(=O)c2ccoc2Br)cn1,NC(=O)Cn1cc(NC(=O)c2ccoc2Br)cn1
fc6b5f755afc8e54d06e2fa0f68031090b2603fd40dcee9602be8438109c8640,75f93a3b94cb5e3da4d8eee705a64fd2fef47edc22f03b4d74fbef88cc116636,Cc1cc(C)n(CC(=O)NC2CC3CCC(C2)[NH+]3C[*:1])n1,NC(=O)[*:1]>>OCC[*:1],NC(=O)[*:1],OCC[*:1],44726,49040,1,1,1.0,20,3,3,23,23,11,10-19,COc1cccc([*:1])c1>>Cc1cccc([*:1])c1,f6b19e8028e66043a17e0e20914376099f82c63aaf9f9670091227e90cf198c5,71159c8b190aba0f4d1804d526eb4848408604a06260cbc372037d6b5289f28a,Cc1cc(C)n(CC(=O)NC2CC3CCC(C2)[NH+]3CC(N)=O)n1,Cc1cc(C)n(CC(=O)NC2CC3CCC(C2)[NH+]3CCCO)n1
8f3a73fed46624f5edc6b8d0d907de0b7263182b381e431fef153826742d5555,de4585a5a411d38592e9bada8a8882720e2f025f5c1c402936a5a80bf17c97c6,Cc1ccc(S(=O)(=O)NC2CCN(C(=O)C[*:1])CC2)cc1,Brc1ccc([*:1])cc1>>Fc1ccc([*:1])cc1,Brc1ccc([*:1])cc1,Fc1ccc([*:1])cc1,25214,35846,1,1,1.0,20,7,7,27,27,11,10-19,C1CN([*:1])CCO1>>CS(=O)(=O)[*:1],0383880ae1f23e62c2a6443f9fe1e5ea9c70e3b4109fdecde570b68e4578ce35,7a9ba011056a4d5f75c5ab5c18819eb68f2b3cd4ab7821941134a63bc6fbf389,Cc1ccc(S(=O)(=O)NC2CCN(C(=O)Cc3ccc(Br)cc3)CC2)cc1,Cc1ccc(S(=O)(=O)NC2CCN(C(=O)Cc3ccc(F)cc3)CC2)cc1
880b3d9c8dd49417cbc4d575153fdc74ab859dfd79c8b6243a0166defd0e6887,b9d409d168f723ccc143cd0a455cf50f20b415262046a048e9445ddd7c06f950,CC([NH2+]CCNC(=O)CCCn1cccn1)[*:1],Fc1ccc([*:1])cc1F>>Fc1ccccc1[*:1],Fc1ccc([*:1])cc1F,Fc1ccccc1[*:1],41619,19103,1,1,1.0,16,8,7,24,23,11,10-19,C1CC1[*:1]>>c1ccc([*:1])nc1,5f18e0577154945a859ecf8a0699289039542a8289e46e104dc27c2ec267f5f8,3debef3d53aca1b12179d9e7d7dbf461d7d7c1b698afa6ef07521ca1850394a8,CC([NH2+]CCNC(=O)CCCn1cccn1)c1ccc(F)c(F)c1,CC([NH2+]CCNC(=O)CCCn1cccn1)c1ccccc1F
44111cd8c23462c00df9d75100b33062823218a2556846af7710699c4aff78e1,70390e629e3fdeab5f66f44ee36c5e6be7154050a02ea21ada6f00d62004c5a8,CCN(CCNC(=O)NC1CC[NH2+]C(C)C1)[*:1],Cc1cccc([*:1])c1>>Cc1ccccc1[*:1],Cc1cccc([*:1])c1,Cc1ccccc1[*:1],42482,42693,1,1,1.0,16,7,7,23,23,11,10-19,COc1ccccc1[*:1]>>c1ccc(CC[*:1])cc1,919df379585f24e610047600ac4c2be19f64ea380114d0618cbeb238f91ebbf6,795a80c2fa042ad4ba3cc537e1c9392a6cd78356495ee1d245a91dc108afb38d,CCN(CCNC(=O)NC1CC[NH2+]C(C)C1)c1cccc(C)c1,CCN(CCNC(=O)NC1CC[NH2+]C(C)C1)c1ccccc1C
fbc597dcb8e040c4b7fa6bf5b8cc8cacb45d8c5bc4419a6e425ea14bf7a54729,d0eeeee61e1c6ceaa9f3a3483a09d338b5d3f724b6cbecbe4de301ff22738a80,COc1ccc(-c2nnc(NC(=O)C[*:1])o2)cc1,COc1ccc([*:1])cc1>>Cc1ccc([*:1])cc1,COc1ccc([*:1])cc1,Cc1ccc([*:1])cc1,11855,47159,1,1,1.0,17,8,7,25,24,11,10-19,CO[*:1]>>CS[*:1],c32383706fe88ce1feed4e5f17d243b88f6e0d62110b503c2e113a29bb498fd9,d5693d8a0a2aaca666fc639920747d5c1f6a75583a2410a8d80600c52318d7c8,COc1ccc(CC(=O)Nc2nnc(-c3ccc(OC)cc3)o2)cc1,COc1ccc(-c2nnc(NC(=O)Cc3ccc(C)cc3)o2)cc1
277df2cc58c3e8102bf033101a0ed0bdfc3f2fd7666d74d91d8a42584ab80979,f3aa9b1164596259d75a2181a07e3416a83ff148c4ce7c60cf892e52e7dde2ef,O=C(CNc1ccccc1OCC1CC1)NC[*:1],Cc1ccccc1[*:1]>>Fc1ccccc1[*:1],Cc1ccccc1[*:1],Fc1ccccc1[*:1],41800,14718,1,1,1.0,17,7,7,24,24,11,10-19,C1CCC(C[*:1])C1>>CC(C)[*:1],68129e6312974777a2f331563b6eb428fa53c38a4365e252d32dd565bf6d3738,3f2e3b8eea19cafa3ba65ce6f0fd625559eefb8c67a18686f196e38e02563aca,Cc1ccccc1CNC(=O)CNc1ccccc1OCC1CC1,O=C(CNc1ccccc1OCC1CC1)NCc1ccccc1F
776b4284e6dc6c5a030e179f6b97d530017ff87ed09e895522c4190e1526f38c,b97acca462920568fe00bacb32fed8724635276994c237ad634f95445e9793e9,NC(C(=O)C1CC2CCC1C2)[*:1],C#CC[*:1]>>CC(C)(C)[*:1],C#CC[*:1],CC(C)(C)[*:1],15440,39121,1,1,1.0,11,3,4,14,15,11,10-19,FC(F)(F)[*:1]>>OC[*:1],f975e1c6eddbbd6e724bc02df16bf8c9db1db6643a9e35520a1dfd6d12462dc9,6a5384c790d9ed2da62ad03234824f891383c0cfa4deb8e6eae27d1a2cb3fc56,C#CCC(N)C(=O)C1CC2CCC1C2,CC(C)(C)C(N)C(=O)C1CC2CCC1C2
9e85d4b865e2bafb86dce4fa3afc40d117b639d0a810658a79f2a618c976767f,5fc0f253aa23c83329f01ec44fe9f170441cae6907cd484935171d7f773fe795,CC(O)CCCCN1C(=O)C(C)N(CCCC[*:1])C(=O)C1C,CC(C)[*:1]>>CC(O)[*:1],CC(C)[*:1],CC(O)[*:1],31003,35005,1,1,1.0,21,3,3,24,24,11,10-19,CS[*:1]>>N#C[*:1],ecf4cc1bcba014f181922f9e87f310e15614e7229decf2b8fb9fd44aee3ff7a8,5bccb36186d64fa0c185ee4524b41e6a036a1882492068f6d3f6592542bc7879,CC(C)CCCCN1C(=O)C(C)N(CCCCC(C)O)C(=O)C1C,CC(O)CCCCN1C(=O)C(C)N(CCCCC(C)O)C(=O)C1C
af5669c8e2ae2243ee11d18c31dcb7adb686cf39aef5668f30f0ac8ca29178b9,56155ba088bcb1e857c92811a1ddd37ace58f7b17ff8c30d64bf8de7ffb1eca7,C=Cc1ccc(C(=O)NCC2COCCN2C(=O)[*:1])cc1,CCC(C)C[*:1]>>CCC(CC)[*:1],CCC(C)C[*:1],CCC(CC)[*:1],469,24677,1,1,1.0,20,5,5,25,25,11,10-19,CC(C)(C)[*:1]>>Clc1ccc([*:1])cc1,70a68994a775b97c8011b2d266df8b222aa173c6d366faef3d698a9f4c17151c,392909c87c6134b65b0f16d189346b7a4d6663b906661daa54126318dd2a243b,C=Cc1ccc(C(=O)NCC2COCCN2C(=O)CC(C)CC)cc1,C=Cc1ccc(C(=O)NCC2COCCN2C(=O)C(CC)CC)cc1
54b8bf27037620df46b1de56087577fdddb69d6782853f4f7355a91370868ba8,5b869b78fd4be66dc01461ea21862f7339a3aa4e14801d20562ddd3a69167b6e,CC(C[*:1])NC(=O)C1C2CCC(C2)C1N,FC(F)(F)[*:1]>>NC(=O)[*:1],FC(F)(F)[*:1],NC(=O)[*:1],27130,19430,1,1,1.0,14,4,3,18,17,11,10-19,Fc1ccc([*:1])cc1>>N#Cc1ccc([*:1])cc1,6d40fa68c074ba95d539eab063a27b5187e7480e46104f3f4b5e51a6297f7f6e,85f463cb6dfed4a01a67ec36c380f3fdd4e02fc9359aa1c7d8fe5d1ef097c3d4,CC(CC(F)(F)F)NC(=O)C1C2CCC(C2)C1N,CC(CC(N)=O)NC(=O)C1C2CCC(C2)C1N
5aa82bff46264cdf19947828cb84a885cf5111756f94146581611cc2cfa77986,1e00770ac2218dc88006313c56d0fe49321ab2a45e2c70db0a79942599e839bd,CCc1cccnc1-c1noc(C2CC(=O)N([*:1])C2)n1,COc1cccc([*:1])c1>>COc1ccccc1[*:1],COc1cccc([*:1])c1,COc1ccccc1[*:1],9668,4565,1,1,1.0,19,8,8,27,27,11,10-19,CC(C)[*:1]>>COCC[*:1],ecb965bd1e50103b39fcccf67b7bf6ea1bc4db8bc8db92f8de1ec98da66c691a,b725bfc5225426b277d4b7e8d890ad558f3fcfb4265667a51179a6c63c8fdedb,CCc1cccnc1-c1noc(C2CC(=O)N(c3cccc(OC)c3)C2)n1,CCc1cccnc1-c1noc(C2CC(=O)N(c3ccccc3OC)C2)n1
ee99ae9e04668d7f36b50946c78cae7ef93daf79e099d2bf104f15de1b79325d,47cf112a2db0440437c2598fd55f949c638ab3c5706e086974dabe20384ddb91,CCc1sc(-c2nnc(C[NH+](C)C[*:1])o2)cc1C,Fc1ccc(C[*:1])cc1>>c1ccc(C[*:1])cc1,Fc1ccc(C[*:1])cc1,c1ccc(C[*:1])cc1,13789,30179,1,1,1.0,17,8,7,25,24,11,10-19,CN[*:1]>>C[*:1],f6be5dc0e5f315557e26aaa451a18a9d95b8d6ca0d655bd57e22affcf45eaf52,3352b2f484292be759167651f9ae68c9af8fb4069bc1bdf1635c8a089f0b3e96,CCc1sc(-c2nnc(C[NH+](C)CCc3ccc(F)cc3)o2)cc1C,CCc1sc(-c2nnc(C[NH+](C)CCc3ccccc3)o2)cc1C
edebce3b258e2630c4ec7231576676c19ac086ad25f6f1d363ba1544b9568637,c804d4cf661ce29960bed27d8bb252b99ee818bfb941a0a318635e579631a243,CC(C(=O)NC1CC(NC(=O)Cc2c[nH]cn2)C1)[*:1],CC(=O)N[*:1]>>CO[*:1],CC(=O)N[*:1],CO[*:1],13443,20993,1,1,1.0,18,4,2,22,20,11,10-19,CCO[*:1]>>F[*:1],4f176c30a7419344aeee72f5b435da35286d8cb1bca0d9a188ec68cb2540f53d,f2859d9dcda11db892a8cdcedd13f5760e5ef9ede537243e3fc80aaf1d400590,CC(=O)NC(C)C(=O)NC1CC(NC(=O)Cc2c[nH]cn2)C1,COC(C)C(=O)NC1CC(NC(=O)Cc2c[nH]cn2)C1
2a08e3acd628ad0a7e52d1b2a1bc370eb533d5d1c7435a8213f3bd433b94d248,a91789bc58993e9fcbcb9f4c82f4e6acb691375c62f0dd8c929f8c37bae346a1,O=C(N1CCC(c2cc3cc(Cl)ccc3[nH]2)CC1)[*:1],CC(C)(C)[*:1]>>FC(F)(F)[*:1],CC(C)(C)[*:1],FC(F)(F)[*:1],48098,27828,1,1,1.0,18,4,4,22,22,11,10-19,CC(C)O[*:1]>>Cl[*:1],589f7b04bba10acc8d59671b077b634e72c8392a10bee3a23c3acd357fd9f969,61e094f47b2efb0a5f2aa4ea280976a4e587b557c045e29a484a91deeb7a3af2,CC(C)(C)C(=O)N1CCC(c2cc3cc(Cl)ccc3[nH]2)CC1,O=C(N1CCC(c2cc3cc(Cl)ccc3[nH]2)CC1)C(F)(F)F
0b6fbeb96fcbec46b53a9986907ef8ed22f9d7ae173ed5662765e5fadc4deebd,de7e241dcd310f57fa2565c128ca18b443146bb4b5fbcf01f9f62f1a002f299f,CN(c1ccc2sc(C(=O)N[*:1])cc2c1)S(=O)(=O)c1ccc(F)cc1,CC[*:1]>>COCCC[*:1],CC[*:1],COCCC[*:1],17343,38246,1,1,1.0,24,2,5,26,29,11,10-19,COC(=O)[*:1]>>FC(F)(F)[*:1],6c8daf088d9450898f6479cc63fdea1cf6a0857e013e1866f9fa53d8a141db6b,784a33b0f29367c8f31215e94311705320e0131a22c43cb2f51be8b319f6c6c5,CCNC(=O)c1cc2cc(N(C)S(=O)(=O)c3ccc(F)cc3)ccc2s1,COCCCNC(=O)c1cc2cc(N(C)S(=O)(=O)c3ccc(F)cc3)ccc2s1
e2f61ffc3a1cdab80b2712bae0a7544b738944906b0ea2cd91be09c0ba3814bb,4e5cd364cd58d70ba6a3376a58d8cab04af07c292ab8077514ceda9865f6c760,CC(C)c1cc(NC(=O)NC[*:1])n(-c2ncccn2)n1,CC(C)[*:1]>>CC(O)C[*:1],CC(C)[*:1],CC(O)C[*:1],19893,16535,1,1,1.0,19,3,4,22,23,11,10-19,C1CC1[*:1]>>NC(=O)C[*:1],57cfe2461ef37b6d0607b9b5f915b6d2be8e39471b5e1a32775d32c44242ca5c,bbda40906c62c5815e93de2781c93294df0ed13c727cd6150c926be9514e4c10,CC(C)CNC(=O)Nc1cc(C(C)C)nn1-c1ncccn1,CC(O)CCNC(=O)Nc1cc(C(C)C)nn1-c1ncccn1
e6d8bcf8862f46f41c87e2b946f6bfb1464f5cf47748e431d7f798c79e4dabdc,44cc70f5590af4682c56117e9412b9453b30adacdba538088b9908e4e2dc5dd4,CC(S(=O)(=O)NC1CC2CCC1C2)[*:1],CC[*:1]>>CNC[*:1],CC[*:1],CNC[*:1],46180,36758,1,1,1.0,13,2,3,15,16,10,10-19,C#C[*:1]>>CC(C)[*:1],64948711c1b48359e836faa379b96e2a21abb272a42d742747b35c7da10b39e5,be1254cd60aa0d2c4e6ee54afaace500365e97ed895e20caa908ea3c13ea75dd,CCC(C)S(=O)(=O)NC1CC2CCC1C2,CNCC(C)S(=O)(=O)NC1CC2CCC1C2
aa60e4f3c8b7116346c7eafa67f24269e6894f29d25c3ee019a5f7013a1a0fb2,0078e10d27a673991c27757a8e016cd5dc2824c003cc45bd720d0d65a80262cc,NC(=O)c1cc(C(=O)N2CCCC([*:1])C2)nn1-c1ccccc1,COC[*:1]>>F[*:1],COC[*:1],F[*:1],37665,27372,1,1,1.0,22,3,1,25,23,10,10-19,NC(=O)[*:1]>>c1ccc(C[*:1])cc1,590adc9161edb4ebc0024dcd47e7efee3dd92bad0bda30bc660d4551d4722243,b5b6f0cb0da6885a02de3e5d4a5a693a9dc799086b8f08f57bd773c1ce920be5,COCC1CCCN(C(=O)c2cc(C(N)=O)n(-c3ccccc3)n2)C1,NC(=O)c1cc(C(=O)N2CCCC(F)C2)nn1-c1ccccc1
19bb85d4b70173df792c39978dea711cc6cebe25fc0d10e45de1687b2d6dce2e,ec70a1476dcbe185b19994888d7018635c3d08a4d2d0938f94001d9f36b2abd3,CC1C(NC(=O)c2cc3c(F)cccc3s2)CC[NH+]1C[*:1],CC#C[*:1]>>C[*:1],CC#C[*:1],C[*:1],37719,2712,1,1,1.0,20,3,1,23,21,10,10-19,C1CC1[*:1]>>Clc1ccccc1[*:1],1cca6d8218c12b58d3ddabdc59bcc3f521c8a07f872f8bb65f75ed746feb4e9f,1d07cad7bc028265aabfb1ce3d2d12dc9dd9c11a05e7343e1c370cef33b12093,CC#CC[NH+]1CCC(NC(=O)c2cc3c(F)cccc3s2)C1C,CC[NH+]1CCC(NC(=O)c2cc3c(F)cccc3s2)C1C
b9d5ad7dae49575206a4f0d8fe6641195a32594cf529ec8b49ca617b5100cfe9,1f2d3cb2dbf34a791b8e84400556b8db2e1040ebcd77f2bbfef68730613b8def,O=C1COc2ccc(S(=O)(=O)N3CCN(C(=O)[*:1])CC3)cc2N1,Fc1ccc([*:1])cc1>>N#Cc1ccc([*:1])cc1,Fc1ccc([*:1])cc1,N#Cc1ccc([*:1])cc1,44190,37179,1,1,1.0,22,7,8,29,30,10,10-19,c1ccc([*:1])cc1>>c1csc([*:1])c1,f83b57b21fb57491d882bde6f909e8c10aeb3e2b1446162286241a784f27fa12,0dfc20d5002699ace7e7f5768be2c09ab2ce8230cb013d94b31f4ef6484337c9,O=C1COc2ccc(S(=O)(=O)N3CCN(C(=O)c4ccc(F)cc4)CC3)cc2N1,N#Cc1ccc(C(=O)N2CCN(S(=O)(=O)c3ccc4c(c3)NC(=O)CO4)CC2)cc1
acab46d29a8ca9ed697f5131c2037c03950af855287eb4134ec24f769ee76f12,1ec9fe5ea17ed4e4325c9444fd7afdc0afcce57493bde1988385f8c8adffa9eb,c1cc([*:1])ccc1C12CCN(CC1)CC2,CC(=O)[*:1]>>N#C[*:1],CC(=O)[*:1],N#C[*:1],32235,8816,1,1,1.0,14,3,2,17,16,10,10-19,CC(C)[*:1]>>FC[*:1],e7262d418372eca759274a04c5db114dc023b2d5fc80aee7e707e935c1e65b6a,281f2ae0811df90167c6e33247348fc28c8be9cf35ddbb6630b46ee32511aa86,CC(=O)c1ccc(C23CCN(CC2)CC3)cc1,N#Cc1ccc(C23CCN(CC2)CC3)cc1
89a64fe27cc4939297b22ae066553ae87e14b0b3dcf8bcee5f1fa4b226609ba6,b6f27b85d8a8c3bc251f5f11c6cab85db55e0c2948f3ce60d58165b26b4f83e1,CCOC(=O)c1ccc(OC(C)CO[*:1])nn1,COc1ccc([*:1])cc1>>COc1cccc([*:1])c1,COc1ccc([*:1])cc1,COc1cccc([*:1])c1,19917,19667,1,1,1.0,16,8,8,24,24,10,10-19,Cc1cccc([*:1])c1>>c1csc([*:1])c1,12f73f12ae7e5b8165ad1fba36bbf6023167c321493fe45fd8bf7e5ceb5d417c,6531b7b14b672384b7e3f3dfa80b9386e6b525e378b66ea362c9bf9443edcc95,CCOC(=O)c1ccc(OC(C)COc2ccc(OC)cc2)nn1,CCOC(=O)c1ccc(OC(C)COc2cccc(OC)c2)nn1
f7ed7b2ce58d41fa898688b9f071c6aeeb1f985861f0c7a5723a5ecbf829a188,8d3229878d9e602bfca52670a6a02597302d6bd1646aa2f903be6ab945c3a01f,CC(C)Oc1ccc(Nc2ccccc2[*:1])cn1,CN(C)[*:1]>>CN[*:1],CN(C)[*:1],CN[*:1],33410,4814,1,1,1.0,17,3,2,20,19,10,10-19,CC[*:1]>>c1cnn([*:1])c1,f78959526cf8ffdad90cbd132343c4172311853fb880b2ffb07e0e9e67f65051,71cdf32f3d8863d885e605321c87ed2a7760b3cd560a3323ef9f8ff63e9c1ea1,CC(C)Oc1ccc(Nc2ccccc2N(C)C)cn1,CNc1ccccc1Nc1ccc(OC(C)C)nc1
587fe6bbfe22952a3f205c69b3aa4335ef7c61e57469282af0a6ceba7c90ddc7,7dcf0214f23f31513e91f63bba394e2e5ede8fdc67fe3d4265c114393da159fe,CCSC1CCCC1NC(=O)C1CC1[*:1],Brc1ccc([*:1])cc1>>Cc1cccc([*:1])c1,Brc1ccc([*:1])cc1,Cc1cccc([*:1])c1,13411,1495,1,1,1.0,14,7,7,21,21,10,10-19,Brc1cccc([*:1])c1>>Cc1cccc([*:1])c1,dfdc8501e04a31cc51408a91d7d9f0f16d775d10bcaa107c2b526ca2c28b1690,c0d6b1d1665eba49ebc9b67436ec8782bf6511863dc3f068ff1eaeb5d05df06c,CCSC1CCCC1NC(=O)C1CC1c1ccc(Br)cc1,CCSC1CCCC1NC(=O)C1CC1c1cccc(C)c1
9ef99373bda7d898fba8d9a1223a88e3812e4cf0f0ede902b737f03fe387be99,0da0b7882baaa79aa7dec15099aa820c910fc59164d1a2829190018c0264c1a0,CC1(C)C2CCC1(C)C(NC(=O)CCC[*:1])C2,CC(=O)[*:1]>>C[*:1],CC(=O)[*:1],C[*:1],43481,46181,1,1,1.0,16,3,1,19,17,10,10-19,C1CC([*:1])CO1>>C1CCC([*:1])C1,d50c65fbb455e112682f75d447fc3452202260103418892395155c2df23ea124,7e3570fe95e2aef138b383c4dfcd07a1f53e6273a25da0839011a10bb1c6b22c,CC(=O)CCCC(=O)NC1CC2CCC1(C)C2(C)C,CCCCC(=O)NC1CC2CCC1(C)C2(C)C
c19fcdc3dc89304979dcf28c8dda63240a766f55cf0d919de44f18d726094933,35b63729c0379454fa015aaebfa100f37ddf06e2a1ff18406f2b8277f5af8d98,Nc1cc(C(F)(F)F)c(Nc2cc(Cl)ccc2[*:1])cn1,CN[*:1]>>COC(=O)[*:1],CN[*:1],COC(=O)[*:1],6345,27203,1,1,1.0,19,2,4,21,23,10,10-19,CC(=O)[*:1]>>N#C[*:1],52bd605deceb7d009521b280e47a38aa8c83b2490d148cae4fa3f0cc10252731,537882cda0a422b73ae9c4e02edd45af40e656f2f19ca6dd20e08515cc4f8085,CNc1ccc(Cl)cc1Nc1cnc(N)cc1C(F)(F)F,COC(=O)c1ccc(Cl)cc1Nc1cnc(N)cc1C(F)(F)F
4855e82cde89b08314ecaf3b817d1422766b158af51badadf821ebcf0c7bc0e7,6309badb8b24a46d731b2bb8c644ec1ea412471f3685f9a685dc8957873f2c62,Fc1ccccc1CCN(C(=S)NC[*:1])C1CCCC1,C=C(C)[*:1]>>CC[*:1],C=C(C)[*:1],CC[*:1],15360,34891,1,1,1.0,19,3,2,22,21,10,10-19,CN(C)[*:1]>>Cl[*:1],00a3900717be3eb4fa569762e699138b32f4ae3b6c1a0117b15a395ad058e8eb,35a478ef8cb3413e9791f545b43765938ee4b0792bf652ed58e6589bac435f31,C=C(C)CNC(=S)N(CCc1ccccc1F)C1CCCC1,CCCNC(=S)N(CCc1ccccc1F)C1CCCC1
4b3ed5eda2158bd9a33ebe03e0f4e65ffbf3bc70f464e1a105cc09883bc8db89,8d1f3fa330a7c09394f5e1db0467001a48a3ea2f0fb094dffae737922554b8c6,COCCNC(=O)c1ccc(N[*:1])cn1,Fc1ccc([*:1])c(F)c1>>c1ccc([*:1])cc1,Fc1ccc([*:1])c(F)c1,c1ccc([*:1])cc1,42816,1318,1,1,1.0,14,8,6,22,20,10,10-19,CCC(C)[*:1]>>CCC[*:1],5f665d3534c77c807bb48e90ec825dfa885cb54961c5b92d50b8cb6703a8345d,cfc50cee822bcdb982d610a7d642007cb383f2e60c3e735ec7e5414aa6a7c239,COCCNC(=O)c1ccc(Nc2ccc(F)cc2F)cn1,COCCNC(=O)c1ccc(Nc2ccccc2)cn1
ce406254f08355cd9e393cf7114a2f04d8ea504e07fb31ff67354cf3522d8fac,55610c8134ae7a0407163a4a06cb1403deba9a24c4b816b8935657bd59ce9856,O=C(Nc1ccccc1)c1nnc([*:1])o1,COc1ccccc1[*:1]>>Cc1ccc([*:1])cc1,COc1ccccc1[*:1],Cc1ccc([*:1])cc1,11228,41365,1,1,1.0,14,8,7,22,21,10,10-19,CN[*:1]>>Cl[*:1],0d4353a0222141d980da978b2825e497f516bd7348427ebcf4efea3275fd960f,0426c8fafc896f8ca49443169bcbbda75353fc9f2e7600c9692402c298dbde04,COc1ccccc1-c1nnc(C(=O)Nc2ccccc2)o1,Cc1ccc(-c2nnc(C(=O)Nc3ccccc3)o2)cc1
77f728648e070161db89fccaa7f5e67502cce62f585be9f17b407e36bfee40f6,31b3cfb6606c1514758a168955579a1680c7064ffae4b8d6f0bb8be4fe15c8e7,CCCC1C(=O)NC(C)(CC)C(=O)N1CCC[*:1],CC[*:1]>>CS(=O)(=O)[*:1],CC[*:1],CS(=O)(=O)[*:1],29394,8744,1,1,1.0,17,2,4,19,21,10,10-19,C1COC(C[*:1])C1>>CC(C)C[*:1],268acb85c34014f7f45dc5453534d6bc6b79138f8588dca900b38a235d7e75e4,8642126f41aeb20cad8051753d4025dee4f91547e1184930331fc7bcd598b6da,CCCCCN1C(=O)C(C)(CC)NC(=O)C1CCC,CCCC1C(=O)NC(C)(CC)C(=O)N1CCCS(C)(=O)=O
06688a36f75d3d1b606fc9dc58cafbd1595a3355d4dcf97005eb23346d7719b1,0e1ba9bf062aada079a581c8e59018beab4df140b6b45fda7f8c5a8bd5522137,COc1cc(C(=O)NCC2COCCN2C[*:1])ccc1F,C#C[*:1]>>OC[*:1],C#C[*:1],OC[*:1],31519,22602,1,1,1.0,20,2,2,22,22,10,10-19,O=[N+]([O-])[*:1]>>O[*:1],f26daec94cb76268831db9e3e4c557f60e4c9699d945ffc6487c5d18a2b7b130,70a62c775adbd6654ba287d9dad25ae0eb6a1d6638d0f0d196a30f4e222ca601,C#CCN1CCOCC1CNC(=O)c1ccc(F)c(OC)c1,COc1cc(C(=O)NCC2COCCN2CCO)ccc1F
884d59c70647850371901b7f929039daccc737b7eb934ac324ec4fa5cdfa659c,945383e428f435572288e0810e8cfcf20f5d19415f0a02f94baa7748dceef4f1,CCC(C)C1NC(=O)C(C(C)(C)C)N(CC[*:1])C1=O,CCO[*:1]>>F[*:1],CCO[*:1],F[*:1],45503,32802,1,1,1.0,18,3,1,21,19,10,10-19,Clc1cccc([*:1])c1>>Fc1cccc([*:1])c1,25b839744ea25c6526c9f2239da777d5dc23f785be9aebc197de6a314be890f1,9cb4c6b694319885d6ea3627529d09303e718dc8f22a4a5b5e38abc4e3aac8da,CCOCCN1C(=O)C(C(C)CC)NC(=O)C1C(C)(C)C,CCC(C)C1NC(=O)C(C(C)(C)C)N(CCF)C1=O
83e71df611d634854986f5c1dd299f800eb44ed8647bc1de18ef779df96482ba,219191cc627dab04fa212ec1b588b7a5e2c19b61f8178cdf3e109868d93143db,O=C(NC1CCN(C[*:1])C1=O)C1CC1(F)F,Cc1ccc([*:1])cc1>>Fc1ccc([*:1])cc1,Cc1ccc([*:1])cc1,Fc1ccc([*:1])cc1,23458,41276,1,1,1.0,15,7,7,22,22,10,10-19,C1CC([*:1])CCO1>>C1COCC([*:1])C1,fb97c06e69b69807170cf73f9141ae538d2b41c3fd7aabc40dfbc811aff9bc37,ade7c141fc78c9b108b33baca4c5879a9df6718e94e2ab1daecb98a55b84fcb7,Cc1ccc(CN2CCC(NC(=O)C3CC3(F)F)C2=O)cc1,O=C(NC1CCN(Cc2ccc(F)cc2)C1=O)C1CC1(F)F
b8f4203857701bcf593656791c8a9fcedf8f32d9cb49f74aaaf6192945c5f085,c290ed6af7905689cca6b2510ce09eccfdd7e06d24487c3f9b6f0ec631e29cf3,Cc1c(C(=O)NCc2cccc([*:1])c2)oc2c(C)cccc12,CC(=O)[*:1]>>O[*:1],CC(=O)[*:1],O[*:1],31110,10711,1,1,1.0,21,3,1,24,22,10,10-19,CN[*:1]>>C[*:1],b44a30dc0f7ef65f00005991409a12221596d63258d00d791bf47dc2342b19f6,b22551d1c0903b96311a16499512ec64e1f4cc55d632d8e2f6251e6701a8e0fb,CC(=O)c1cccc(CNC(=O)c2oc3c(C)cccc3c2C)c1,Cc1c(C(=O)NCc2cccc(O)c2)oc2c(C)cccc12
03010061d800b246a47b22ccfd6b96469067bf1c8069cf7f221ec0aa6d6c8844,a2d3f486cc90d7a406371c58b195bd2487ec971e6492eff8f607ebbd57cb0dad,C[NH+](Cc1nnc2n1CCCC2)CC1CCN(C(=O)[*:1])C1,CC(C)(C)C[*:1]>>CC(C)[*:1],CC(C)(C)C[*:1],CC(C)[*:1],3112,5171,1,1,1.0,20,5,3,25,23,10,10-19,C1CC1[*:1]>>OC[*:1],bd5bbd5b0955ff9130a46d157fc94498b81fa5b348be44ea7502392b157a63a4,037d651d618351d2d22af4ccc117cab50cddeedaedae6c291529e2bb9c400593,C[NH+](Cc1nnc2n1CCCC2)CC1CCN(C(=O)CC(C)(C)C)C1,CC(C)C(=O)N1CCC(C[NH+](C)Cc2nnc3n2CCCC3)C1
0d003c506061bde1e1a0918439a47c0ba1e6a76833685190e5ed149b4cae894c,c845c3c896fe077e04952d8d5b8a1d1875b745004ca30b01baa6e28e3ea0e0e2,CC(NC(=O)C1C2CCC(C2)C1N)[*:1],CN(C)C(=O)[*:1]>>C[*:1],CN(C)C(=O)[*:1],C[*:1],1685,481,1,1,1.0,13,5,1,18,14,10,10-19,C#C[*:1]>>N#C[*:1],986269ec7d0f70d4589d09c2b1cd52b3fcc53f2be919bd75aa4492db9f82a531,1ad8c33f27625f6a6ed91724935bbaa28820125ac2ced837235cffaaa6dd7a8f,CC(NC(=O)C1C2CCC(C2)C1N)C(=O)N(C)C,CC(C)NC(=O)C1C2CCC(C2)C1N
03c97dc364c612766adca08ba936462ee018f1ef1a6247b3e7bd2bbef65e4ed1,8aa96137d21d7dea7be17576190defacd8782ff2ffdd0527bc93c0e5b37b8f73,CC1CCC2=CC(F)=C3C(OC=C4C(C[*:1])N=C(C(=O)O)C(=O)N43)C2N1,C[*:1]>>FC[*:1],C[*:1],FC[*:1],35994,8893,1,1,1.0,25,1,2,26,27,10,10-19,C1CCC([*:1])C1>>Fc1ccccc1[*:1],bbde3e931e2dae115d48281c8cd4bc19138835842e18d326d595f485a5297f1a,017e7791686a187644543bdc87c487807adca24554273591a22ffce686a683e5,CCC1N=C(C(=O)O)C(=O)N2C1=COC1C2=C(F)C=C2CCC(C)NC21,CC1CCC2=CC(F)=C3C(OC=C4C(CCF)N=C(C(=O)O)C(=O)N43)C2N1
b4e303d8046c64dd05d671398a835a1be68f33797c11fc107c4f5df3f866789c,e52fedace801963691f83996fd43948969f0e2ac5bb47f22a53380bbf9c431b3,O=C(C[*:1])N1CCC2(CC[NH+](CCOC3CCC3)C2)C1,COCC(C)[*:1]>>C[*:1],COCC(C)[*:1],C[*:1],41282,37455,1,1,1.0,19,5,1,24,20,10,10-19,CCC(C)C[*:1]>>CCC(C)[*:1],728a0768537b02acee38055daa2115bb4c253e0dc2e7d72f25099113ce65becc,b23364b2626a7e4ea77ca25c650163ee5bad9fc99f3a02f0b2f0b15b5fde04bb,COCC(C)CC(=O)N1CCC2(CC[NH+](CCOC3CCC3)C2)C1,CCC(=O)N1CCC2(CC[NH+](CCOC3CCC3)C2)C1
624bff8dcc9db73f0b85b539110763979d2922ff63a69ae72a3263ac53ad46c4,e6397a317cc3449b7e2deebf76850ba2ddadb572a3d354c59331de0d28f748ec,CCc1ccc(OC)c(Nc2ccc([*:1])nc2)c1,NC(=O)[*:1]>>O=C([O-])[*:1],NC(=O)[*:1],O=C([O-])[*:1],1440,36863,1,1,1.0,17,3,3,20,20,10,10-19,C#CC[*:1]>>CCC(C)[*:1],f771e4416add3827d3faf64c33a99e6f5bd54f1578b4cc7bf7b1b99201ee32b2,f5fe56d5f107106f343a156e533037ce5efd54329e7761b69d03a53e9ecef602,CCc1ccc(OC)c(Nc2ccc(C(N)=O)nc2)c1,CCc1ccc(OC)c(Nc2ccc(C(=O)[O-])nc2)c1
36c354afe678690f354a86598816852ec7d8f788fc9444358e31289e2ed2e5f9,eb49e11358b5de5f4c2ff022c11f51b808e9f5b56b0502d1f748e17f82cf0bd9,OC1CC2CCC(C1)N2c1ccc(C[*:1])cc1F,CC(C)N[*:1]>>CN[*:1],CC(C)N[*:1],CN[*:1],46230,41771,1,1,1.0,17,4,2,21,19,10,10-19,Cc1ccc([*:1])cc1>>Clc1ccc([*:1])cc1,6d72cb6a0ff533f83f8935537161e0a38d76f94bb906ad7ddcc7e03451f57197,da057c4f6385831b67ed21537634704d80b7d14d555ca543b28574a44ab3b2cb,CC(C)NCc1ccc(N2C3CCC2CC(O)C3)c(F)c1,CNCc1ccc(N2C3CCC2CC(O)C3)c(F)c1
028d1877758f20facad5187e7ac3a6f42ae6adccad6bca07babfa3468e2836f7,ae0f3f0fc70536360087aa69b3a760d24a8d0753f33ad7117c17589a963f77f6,CC(C(=O)NCCNC(=O)C12CCC(CC1)C2(C)C)[*:1],C=C(C)C[*:1]>>CCC(C)[*:1],C=C(C)C[*:1],CCC(C)[*:1],16988,6329,1,1,1.0,19,4,4,23,23,10,10-19,Cn1cc([*:1])cn1>>c1ccc([*:1])cc1,afbae446747527cedf556095189614d8d31c96da50814ad0763a33e9da460cf0,4d86954cdf157420c6dfb813cb7533f51a08b70b84e5e4e1b60b97105bd50237,C=C(C)CC(C)C(=O)NCCNC(=O)C12CCC(CC1)C2(C)C,CCC(C)C(C)C(=O)NCCNC(=O)C12CCC(CC1)C2(C)C
77ea6ab8c52fe7de174136edb9ffb47bd26d38eb0ec4bf0ef4aa37182e6afb02,6d1237b166107b6ea24f60768e140b32ee5c334b21033f16ee40a64c1e03c599,O=C(C[*:1])NCC1COCCN1Cc1ccns1,CCC(CC)[*:1]>>CC[*:1],CCC(CC)[*:1],CC[*:1],31819,23822,1,1,1.0,17,5,2,22,19,10,10-19,C1COC([*:1])C1>>Clc1ccc([*:1])cc1,431ef9f22258bb4e37a2cd9e115e8c4dde63b0ddebbb80f3de6e5826f214cb4a,9d75247bdd1bff523fff115bc55477a35f1fdc8f10af95adc096210945196d0d,CCC(CC)CC(=O)NCC1COCCN1Cc1ccns1,CCCC(=O)NCC1COCCN1Cc1ccns1
3ec7c9a18b90a03f37cbb944b178d5c5899f9f4c13951f34d7ea02ba30c7ce6f,0d6fc130ddf8a24daf87753f9e380b78d799bfc1211574a8fdf24ddca3a63ffc,CN(Cc1ccccc1Cl)C(=O)c1oc2ccccc2c1[*:1],C[*:1]>>C[NH+](C)C[*:1],C[*:1],C[NH+](C)C[*:1],45615,14609,1,1,1.0,21,1,4,22,25,10,10-19,CC(=O)[*:1]>>O[*:1],5c590fd272ca4589620986607cc161f48345328325475e0dd930eec56f8cd324,9141e47553d57b666a731607601fc413a8986e21bf04b814f393cbaeefda3523,Cc1c(C(=O)N(C)Cc2ccccc2Cl)oc2ccccc12,CN(Cc1ccccc1Cl)C(=O)c1oc2ccccc2c1C[NH+](C)C
b484c64f487b36a4bd9fa35daa60235ab1e43286e2ec97edce39495fd9b24310,e17b220e8878d4ec526694bf07e44968f3f0c38293f57d872fe8f228f36c3e10,COC(=O)C([NH+]1CCC2(C)C(C1)C2(Cl)Cl)[*:1],CCC(C)[*:1]>>CCCC[*:1],CCC(C)[*:1],CCCC[*:1],23121,39411,1,1,1.0,15,4,4,19,19,10,10-19,c1ccc([*:1])cc1>>c1csc([*:1])c1,3a3f9b30181ecd13aef58e57bd25db00df91ecc3e2ae0eb5a27a516a6c47be57,7da40e2c6a65fdce2f1b0ff9b2dea8fa7e33ad079c0160572b835df6ae28681e,CCC(C)C(C(=O)OC)[NH+]1CCC2(C)C(C1)C2(Cl)Cl,CCCCC(C(=O)OC)[NH+]1CCC2(C)C(C1)C2(Cl)Cl
5cfb2cf1c51c88bf327685eae7299db52a5b11e4538e11565a28aaf9254fba61,63089a9c1d4e44522fff72f305281d1f478aed85a72710403123542660d4bcfe,Cc1ccccc1Nc1nc(N)nc(CSc2nc3ccccc3c(=O)n2[*:1])n1,C=CC[*:1]>>CC[*:1],C=CC[*:1],CC[*:1],13510,31272,1,1,1.0,28,3,2,31,30,10,10-19,COC[*:1]>>FC(F)(F)C[*:1],dc969e807ce86fc270e3102980944a2d3dca1a70cc4f904def5b7b9bc179046a,b448dec9c6be94d9370f55fcb76628eafd344f78faeff92073020e679d28a9cb,C=CCn1c(SCc2nc(N)nc(Nc3ccccc3C)n2)nc2ccccc2c1=O,CCn1c(SCc2nc(N)nc(Nc3ccccc3C)n2)nc2ccccc2c1=O
4d35cdd5459f89768b6cde1dac976f6878ae520606e8ebc8f009b47b6d665df6,dfb6d10382c830956aaad141c022058b0e654e1b92b5e400f2407d1e576bcde9,CC(C)(C)OC(=O)N1CCN(c2cnn([*:1])c2)CC1,Cc1cccc(C[*:1])c1>>c1ccc(C[*:1])cc1,Cc1cccc(C[*:1])c1,c1ccc(C[*:1])cc1,39399,47112,1,1,1.0,18,8,7,26,25,9,5-9,COC(=O)N[*:1]>>c1coc([*:1])c1,6ddb10ea820ce9b54198306499d5743a87beef54f307e55a058a232d0af03e0a,8008e0ec0313b35b8c218728b12fc5b4ac45ea091c78d62e926e71d10be7d94c,Cc1cccc(Cn2cc(N3CCN(C(=O)OC(C)(C)C)CC3)cn2)c1,CC(C)(C)OC(=O)N1CCN(c2cnn(Cc3ccccc3)c2)CC1
eaf4ff15fc0c8c6b425b7ff3863e94d19bafc9feeb3b9e58f78ccaa660579c58,ffc491173de3e923b2b85c98d1d30e108328ca478822cf4ddda2f5d5e3a9d4a7,O=c1[nH]c2ccccc2cc1CN(S(=O)(=O)c1ccc(Cl)cc1)[*:1],COc1ccc([*:1])cc1>>Cc1cccc([*:1])c1,COc1ccc([*:1])cc1,Cc1cccc([*:1])c1,27575,46877,1,1,1.0,23,8,7,31,30,9,5-9,COC(=O)N[*:1]>>COC(=O)[*:1],94e5898d748f31371529f3414fc81b1081853cc1b0f4dec87a3fff455ee43dca,a1d0de7b00089be320b6539a4519d912e04d39d8c458b67ea2d8b500f5f770f1,COc1ccc(N(Cc2cc3ccccc3[nH]c2=O)S(=O)(=O)c2ccc(Cl)cc2)cc1,Cc1cccc(N(Cc2cc3ccccc3[nH]c2=O)S(=O)(=O)c2ccc(Cl)cc2)c1
fd2e3def07ea6fe9a60eeafd55d3f78ce32351848f79422c71378d86c5d4b92d,df820621258c503f06ddec29b6d5554f6292a16b7265748d8deea1dcf44de9dd,Cc1c(CC(=O)NC2CC[NH+](CC[*:1])C2)cnn1C,CC(C)(C)C[*:1]>>CC(C)(C)[*:1],CC(C)(C)C[*:1],CC(C)(C)[*:1],9347,27656,1,1,1.0,18,5,4,23,22,9,5-9,C[*:1]>>c1nc([*:1])cs1,8ac33cfa94109c9db1cc706756cb69c3d77dc8b161fbb38bf288177a487e4ce5,13041ff732f3cdc89364c82960bbcf0ac96b938c6a04e3032bdb045ded7c5edc,Cc1c(CC(=O)NC2CC[NH+](CCCC(C)(C)C)C2)cnn1C,Cc1c(CC(=O)NC2CC[NH+](CCC(C)(C)C)C2)cnn1C
52f06566dd13e0fc59ef81e056bf625c6022e0f80b6bc4ed453fb280f9da5576,7efb13078ed1054367ab704f1c9108ee181dee70a0f63e28083666e4e86f3e49,O=C(NCC1CCCCC1)C1CCN([*:1])CC1,Clc1ccccc1C[*:1]>>c1ccc(C[*:1])cc1,Clc1ccccc1C[*:1],c1ccc(C[*:1])cc1,49602,38284,1,1,1.0,16,8,7,24,23,9,5-9,CC(C)[*:1]>>CN(C)C(=O)C[*:1],cb6c8a0e86966a8a23f20fa1556910e4dd3e95a8e443315276b445f2ec001042,3a18954613e720f7437bf83c2f1106ca366a4b39189079bf2e0e42ba51f24895,O=C(NCC1CCCCC1)C1CCN(Cc2ccccc2Cl)CC1,O=C(NCC1CCCCC1)C1CCN(Cc2ccccc2)CC1
1ae27f6921f62085c760d056e0c1a609fef6952d692f8b2f0dc1c38748f797e1,2cfcf36d6699c05bbd15c3fe081e5b4da3c35259694b44aa640109c5eb5c6eaa,Cc1nc(C)c(C(=O)NC2CC(NC(=O)C3CC3[*:1])C2)o1,NC(=O)[*:1]>>O=[N+]([O-])[*:1],NC(=O)[*:1],O=[N+]([O-])[*:1],29239,40212,1,1,1.0,20,3,3,23,23,9,5-9,Cc1ccoc1[*:1]>>Cn1cc([*:1])cn1,24a5cbbcc703b7d40418bc53c96eaa0353f3774abf083fd9c7cd0b39f91c307c,ca691dade63fc1c80880b4c6a19791eb7df988357d5ca8c537d0c079a88328e9,Cc1nc(C)c(C(=O)NC2CC(NC(=O)C3CC3C(N)=O)C2)o1,Cc1nc(C)c(C(=O)NC2CC(NC(=O)C3CC3[N+](=O)[O-])C2)o1
f40c674d703683ae270754182c3d8c6ae5ff73faccb7c8fc8864043fec0425f6,8522934978f4dc4db220d5ed0b0af8aadff0c749b0470cba8f8c91e066175efe,OC(c1ccccc1)C(C[*:1])NC1CCCC1,COC(=O)C[*:1]>>O=C(O)[*:1],COC(=O)C[*:1],O=C(O)[*:1],6804,14958,1,1,1.0,16,5,3,21,19,9,5-9,CC(C)[*:1]>>Cn1ccnc1[*:1],e82f395e1aa03ff12fa729d01a2592b5ac2b9217910ec9cd76d7e1b53147a45f,ba977c39357d4bb7a760910edbbbd0afcd0a4207892209abe82ff96a4b9f50bd,COC(=O)CCC(NC1CCCC1)C(O)c1ccccc1,O=C(O)CC(NC1CCCC1)C(O)c1ccccc1
8d775fd2f75718dfe02e7a9154ca25e4ea5c662b7a39da817d44e6089e83942e,24d7a78ab2c8d7cf4aaa62b149239367b10866daf7a7391571608777443dc157,CC(C)(F)C(=O)N1CC(CNC(=O)CO[*:1])C1,Cc1ccccc1[*:1]>>Clc1ccccc1[*:1],Cc1ccccc1[*:1],Clc1ccccc1[*:1],4529,48996,1,1,1.0,16,7,7,23,23,9,5-9,CCC[*:1]>>FC(F)(F)[*:1],1484d4cd9558aaf3d6484a3707e901e65957407e3ccfd04a5eca9ab0f0f01bb5,4790675b7238fbe31974f6e0cdafb4c5d03aa91aa00af2dabce18c5f30ab6240,Cc1ccccc1OCC(=O)NCC1CN(C(=O)C(C)(C)F)C1,CC(C)(F)C(=O)N1CC(CNC(=O)COc2ccccc2Cl)C1
8c419c52be4b0e42cd590e3f843b9b4978a84de10ec01c704ca511b66532ff1f,ddd683d4c9555a79187b3f8b970e46a19eee156d5e96f6607ab9f80fafb6abf6,O=C(NC[*:1])c1ccc(-c2ccsc2)nc1,Cc1ccccc1[*:1]>>Fc1cccc([*:1])c1,Cc1ccccc1[*:1],Fc1cccc([*:1])c1,37692,3962,1,1,1.0,15,7,7,22,22,9,5-9,CCC(CC)[*:1]>>c1ccc(C[*:1])cc1,f663d2bc81621963680ca56bd33ae99e9b8755f8325026bb47b0e4d0cb25c05f,2d6da1a8ff638d5f3a43596192b6d0dd2b6ee930551f80a4c7f314d54a1d6174,Cc1ccccc1CNC(=O)c1ccc(-c2ccsc2)nc1,O=C(NCc1cccc(F)c1)c1ccc(-c2ccsc2)nc1
d4f9b8c1f56dbd35a8db6e17901df2a0b536de22d6e5cef4238076c75db2cf24,538737aaabe2133bfb37167b9f3f2fb9e0b8a1ca308a34fa22e875eb72c47633,CC1NC(=O)C(C(C)C)N([*:1])C1=O,CCC(C)[*:1]>>FC(F)(F)CC[*:1],CCC(C)[*:1],FC(F)(F)CC[*:1],38831,4017,1,1,1.0,12,4,6,16,18,9,5-9,CC(C)[*:1]>>Cc1cccc(C[*:1])c1,a0eab22c2683677aa1f66e2f72950279d0337106e9b20b6588b6cf58bc5dda0b,4c6b212e86b8081ffe601558f8197df9ecc2b4726c41c87b661344a6290fc1cf,CCC(C)N1C(=O)C(C)NC(=O)C1C(C)C,CC1NC(=O)C(C(C)C)N(CCC(F)(F)F)C1=O
6ef098c89f4584988b85710948fd2c20ab62c84ec89073d53e3237a7c514d3a2,b3a46e7ced6d0635df2021fba5efbc8175bd6edbb3ba16b71d40df60002458a4,NC1=NC2(c3cc(CC(=O)c4cnc([*:1])cn4)ccc3F)COC(CF)C2CS1,CO[*:1]>>FC(F)O[*:1],CO[*:1],FC(F)O[*:1],16453,5151,1,1,1.0,28,2,4,30,32,9,5-9,CCC1([*:1])CC1>>NC(=O)C[*:1],0660c9af48cdaf3a0ac86eeb26ee2cc8dba633cb816c0cbffe71352b0d9c0bfd,60266b05707b3b08f6834e4b57703f9e184301369615bc39dc6c806852a88fc9,COc1cnc(C(=O)Cc2ccc(F)c(C34COC(CF)C3CSC(N)=N4)c2)cn1,NC1=NC2(c3cc(CC(=O)c4cnc(OC(F)F)cn4)ccc3F)COC(CF)C2CS1
8326550b8fb466de7730ba8728081e20f7873a331147bdbe9fb95225574de04e,681286937158a0e42b6cf4cce69ff301515b3c0765e4d77862421dba00bf1b61,O=C(Nc1ccccc1CN1CCSCC1)c1cn([*:1])nn1,C=CCC[*:1]>>C[*:1],C=CCC[*:1],C[*:1],32585,7713,1,1,1.0,21,4,1,25,22,9,5-9,Cc1ccc([*:1])cn1>>Cc1ccc([*:1])s1,f34a9e5d0bcbbe6a63e0a23d59cb0f7fe214485ec6eb5ab8c799153101aaaefa,3290a05925fc1e82e7d6040ca6015e79255dea36e86ddf82dc6c2a252650f5bd,C=CCCn1cc(C(=O)Nc2ccccc2CN2CCSCC2)nn1,Cn1cc(C(=O)Nc2ccccc2CN2CCSCC2)nn1
ebc5cf87d3554c642889a540ccffbacd1a5427fb4e3151626327ae818e20810e,909a99d074e42a08c20968416c21daa25111ed7738fcb000007338bafe9c2c30,CCC1(CC)NC(=O)C(C)N(C[*:1])C1=O,CS(=O)(=O)CC[*:1]>>C[*:1],CS(=O)(=O)CC[*:1],C[*:1],7994,43264,1,1,1.0,14,6,1,20,15,9,5-9,C1CC1[*:1]>>O=C(O)CC[*:1],22ba6fab772843848b3583c8be1a6df52b6f521b0bc5085a74f51b73a1f56ee1,6e5e8c07ea6d17dc5c462f44d1bec2299eaadbd7d8529b8a168e8be014247875,CCC1(CC)NC(=O)C(C)N(CCCS(C)(=O)=O)C1=O,CCN1C(=O)C(CC)(CC)NC(=O)C1C
9bd00b254011eb812385e4e43206689f3ceac340c4862cbd3f158dc423f80d8d,4f9eb2c7874d5d8ca12587da76ab9760aefb5788cf1ccc54149042573e5f0ed5,NC(c1noc(-c2ccc([*:1])cc2)n1)C1CC1,CC(C)[*:1]>>CN(C)[*:1],CC(C)[*:1],CN(C)[*:1],33755,21300,1,1,1.0,16,3,3,19,19,9,5-9,CC(C)(C)[*:1]>>NC(=O)[*:1],ff3fe821358e94e3395e06599a9cd4902fd7b36c502b08ff0707b4138ad7ef60,5b00d649c1427423ba7e4fcd0bf7f25f65f93b73353410237a915826f3cd45d8,CC(C)c1ccc(-c2nc(C(N)C3CC3)no2)cc1,CN(C)c1ccc(-c2nc(C(N)C3CC3)no2)cc1
6d685014e7f9478cebcb14d1711874656e30aef72d787e6325da6e9971840918,7825d2c2c6dc59e2ea0cfb40dd2e8f781bec6321942e0794bc36bd3e765d705e,CC(=O)Nc1ccccc1Nc1cc(Cl)cnc1[*:1],Br[*:1]>>CC(C)O[*:1],Br[*:1],CC(C)O[*:1],35853,5407,1,1,1.0,18,1,4,19,22,9,5-9,Cc1ncc(C[*:1])o1>>c1ncc(C[*:1])s1,37356b57301d2bf09831833d649b9488d249e8100e76c0a5321b95ca074e9839,e091a5f8c938e7a5f3868a70181e727ca7a29c8fa019b11976a73745e6eee59d,CC(=O)Nc1ccccc1Nc1cc(Cl)cnc1Br,CC(=O)Nc1ccccc1Nc1cc(Cl)cnc1OC(C)C
998a53f2a3f87ff10b621e195d527f1c35040e3cad3384c5ac6701b59121887d,b85a82ff662da544ac6be8be1fed4bc9ad71623f6e8bf7c62e8e0414febfce1f,O=C(NCC[*:1])Nc1cc(C(F)(F)F)c[nH]c1=O,Brc1ccc([*:1])cc1>>Cc1ccc([*:1])cc1,Brc1ccc([*:1])cc1,Cc1ccc([*:1])cc1,14402,8262,1,1,1.0,17,7,7,24,24,9,5-9,CS(=O)(=O)[*:1]>>OC[*:1],79666ec3788cc188b30b41dc567a616aa80039c7e6b5319274d5b8ab1de23518,2695f7efaf5fa1f015f4ca1a7b8f46f9c391aa8532687e9a4927dc04c4aadc43,O=C(NCCc1ccc(Br)cc1)Nc1cc(C(F)(F)F)c[nH]c1=O,Cc1ccc(CCNC(=O)Nc2cc(C(F)(F)F)c[nH]c2=O)cc1
4332c83ef6afe7d7d592c547571b49a3f00d79c0c50cad995985ebb5e33143e1,889143c20344b86cec602d9830eb674419c28519c6b6802ed293fe7883e57161,c1cc([*:1])ccc1NCc1nnc(C2CC2)o1,N#C[*:1]>>O=C([O-])[*:1],N#C[*:1],O=C([O-])[*:1],5862,24579,1,1,1.0,16,2,3,18,19,9,5-9,Fc1ccc(C[*:1])cc1>>c1cncc([*:1])c1,83cf1aa8847c2fad6e6729b0964154bb114a7f7bc8cac7e97a4495c0242b5ed0,1cdb71647d45a45829752d0d9038369d65b889d38bc996dd79ba1bfdccaa95af,N#Cc1ccc(NCc2nnc(C3CC3)o2)cc1,O=C([O-])c1ccc(NCc2nnc(C3CC3)o2)cc1
b72f66970d0730e27d8c426759a0c8d94353c0874ea57ddf25afce0c0e513618,ac2dea873a5fd806bfc880331badeefa217d3504a1b6b4ef40cb35531d08b1fb,Cn1ncc([*:1])c1Nc1cnc(N)cc1C(F)(F)F,NC(=O)[*:1]>>N[*:1],NC(=O)[*:1],N[*:1],19448,39895,1,1,1.0,18,3,1,21,19,9,5-9,CCC(CC)[*:1]>>CCC[*:1],28c88fe986a0bdb4b088717f73a0aa0f5ce36902fcf4a9b0403f6af45b496c8e,96cccb746c15fe8928ad1d2ef400600d2f639218cffcf97d73c65622d41483cd,Cn1ncc(C(N)=O)c1Nc1cnc(N)cc1C(F)(F)F,Cn1ncc(N)c1Nc1cnc(N)cc1C(F)(F)F
d1d30b81f20733b468132364856427977b622af8c3a1a3015150582239e38693,a799717061e78616d162a5f0bd4a14c9acd53a9abb3567c74312a0be9389a8a1,CCCNCc1ccncc1N(C)[*:1],Cc1ccc([*:1])c(C)c1>>Fc1ccccc1[*:1],Cc1ccc([*:1])c(C)c1,Fc1ccccc1[*:1],33325,17960,1,1,1.0,13,8,7,21,20,9,5-9,C1CC1CC[*:1]>>C1CCC([*:1])CC1,804988fc407955ecd8c534e906ef6d9384d9d706c1f74c53eeba8ec8ce379007,7647f60de4baa7253bd3f7bd8effe2e388f1b73e7088617eefa1fded5481e3d0,CCCNCc1ccncc1N(C)c1ccc(C)cc1C,CCCNCc1ccncc1N(C)c1ccccc1F
e7b7a9026fcbee95ca28253953fe41b53e67ec5dccc851b0e4daec7b2f59ed2a,41f327f0dfa7e3437f37bbe0024a952c9889bb1537273c6e54015215a1387ec9,CC(C)OCC(C(=O)N(CCc1ccccc1)C1CCCC1)[*:1],N[*:1]>>[NH3+][*:1],N[*:1],[NH3+][*:1],5170,7476,1,1,1.0,22,1,1,23,23,9,5-9,C[NH+](C)C[*:1]>>F[*:1],421135bd6ed36dd0800584003afcd4a9eee2b2738b056a01a94314a0b109df91,ab59cf5ef597a29c89ae4b40185f133b812a6f8c5776ead6f7271714e45111f0,CC(C)OCC(N)C(=O)N(CCc1ccccc1)C1CCCC1,CC(C)OCC([NH3+])C(=O)N(CCc1ccccc1)C1CCCC1
74c52b1b41d962c6a8692487dec6c019b9d6c5ddf0aec86a0ade7a4123f98f70,bac6125d67d67db4ed8afc87993dfdd2e638b237fbafbc0f580d8d4553519595,CC(C)C(C)C(=O)N1CC(CNC(=O)CO[*:1])C1,Cc1ccc([*:1])c(C)c1>>Cc1cccc([*:1])c1,Cc1ccc([*:1])c(C)c1,Cc1cccc([*:1])c1,6459,2625,1,1,1.0,17,8,7,25,24,9,5-9,C1CC(C[*:1])C1>>Clc1ccc(C[*:1])cc1,758d4bc2d2b3c4b5fff90697449b014cdc0a9bd58fbe84d3c4cb9e675af49300,a1d57ee02f216e991fbb41e2422e964662b5597400ed8ac9ae266b635036284d,Cc1ccc(OCC(=O)NCC2CN(C(=O)C(C)C(C)C)C2)c(C)c1,Cc1cccc(OCC(=O)NCC2CN(C(=O)C(C)C(C)C)C2)c1
5c29edc6f7095e89df6d2d037e9855246428771db13c221160407ba5f8d55314,502986d7f543637edfa9881fcc371a1db615ba92189f9b25aac62d716be08dca,O=[N+]([O-])c1ccc(N2CCC([*:1])C2)nc1-c1ccccc1,CO[*:1]>>C[NH+](C)[*:1],CO[*:1],C[NH+](C)[*:1],27628,7255,1,1,1.0,20,2,3,22,23,9,5-9,C1CC1[*:1]>>CCC(C)(C)[*:1],4c05a0d45cfd44255ca61eab90cc9e13ef8558fd286eee8dbbcd2ef9611bfa06,7f5cb9ca4bf602743500d4f52a9e17936a80de9579d248729935f3d284cdba90,COC1CCN(c2ccc([N+](=O)[O-])c(-c3ccccc3)n2)C1,C[NH+](C)C1CCN(c2ccc([N+](=O)[O-])c(-c3ccccc3)n2)C1
f7b59c9fd953d2b69c45a139a8d6915b95ddd7e521906c9bab2a35d23cbfab4b,101208f89b19c9c272ba5895d9207f0ae2d74f4412aa89ac5add4e631cbb59af,O=C(NC1CC[NH+](C[*:1])C1)C1CC2(CC2)C1,C=C[*:1]>>CC(C)C[*:1],C=C[*:1],CC(C)C[*:1],15335,33988,1,1,1.0,15,2,4,17,19,9,5-9,COC(=O)[*:1]>>Fc1ccccc1[*:1],1834ccfe431f4582eb61c52e8c830940c3c632b55f92b60edcd13ea6cd62e6e4,1e9e289501dc6899435472ebf14ba99e2a22d23a1615c7b94f8ef09a546cd292,C=CC[NH+]1CCC(NC(=O)C2CC3(CC3)C2)C1,CC(C)CC[NH+]1CCC(NC(=O)C2CC3(CC3)C2)C1
034a5d2738b678a9dfde86da35e7325da71f71d88f7d006a09369569d2ec05d9,1568572f904fc9fce84b3cf3e374614869c0eda082452a6faa672783257a11d9,O=C1OC2(CN1CN1CCOC([*:1])C1)C[NH+]1CCC2CC1,COC[*:1]>>FC(F)[*:1],COC[*:1],FC(F)[*:1],23013,37535,1,1,1.0,20,3,3,23,23,9,5-9,COCCC[*:1]>>c1nc([*:1])cs1,b5039e0ad02cdae35a5e3f7b572fedce062580998a4da6425286903e81019da7,881fb86dd98fa3b556bce2358001afe0d3710f9fb47b90336b5ceefa90ed4616,COCC1CN(CN2CC3(C[NH+]4CCC3CC4)OC2=O)CCO1,O=C1OC2(CN1CN1CCOC(C(F)F)C1)C[NH+]1CCC2CC1
3d1d7e98641d2df6edb26efdcb9612d5675d9f79a40c0529934c25777f05a28e,03b274f85e131264342a3b60f3e025a4016bc57a2c32116eff1c1804c3361e06,COc1cc(-n2cccc2)c(Cl)cc1C(=O)N1CCCN(C[*:1])CC1,C#C[*:1]>>FC(F)(F)[*:1],C#C[*:1],FC(F)(F)[*:1],31126,20161,1,1,1.0,24,2,4,26,28,9,5-9,Fc1ccc(C[*:1])cc1>>c1ccc([*:1])nc1,0c21710b13aa9ac01744bbf511b8d7353854b909c4a78144acafd706b5cc5eb9,c0d23c8dd75165b240926c981e9624f8e6c5a0afa4e8183c48f2ec1fd99dea79,C#CCN1CCCN(C(=O)c2cc(Cl)c(-n3cccc3)cc2OC)CC1,COc1cc(-n2cccc2)c(Cl)cc1C(=O)N1CCCN(CC(F)(F)F)CC1
caae7a5a47a4fdbbad85089954afcf5dbbdb3562dc2db02c86e433d3e9bdb875,284d32ea4eaac4456f919009dc0cf887c4b77673f962455f5384b1c8ef41bb50,CCC1NC(=O)CN(CC[*:1])C1=O,CC(C)[*:1]>>CN(C)CC[*:1],CC(C)[*:1],CN(C)CC[*:1],43164,8876,1,1,1.0,12,3,5,15,17,9,5-9,CC(C)=C[*:1]>>CC(C)[*:1],fbb7439d4ea050fe1ade7c57bdb502d5cdb26d604966029ff5ec3bb4c9fa072c,8021d715a99a427b8426083ca06f77fa0048e9d43e967dae6d4272271a9dc20d,CCC1NC(=O)CN(CCC(C)C)C1=O,CCC1NC(=O)CN(CCCCN(C)C)C1=O
d5a9d79ae27efa61b85afa656d5d1f39c44b5b459341b37c7a05164e5e8e68a1,1345768d0df4b0eea76ae4fc00c63a46f5c90510090bb975c2e180d3628df5fb,CC1CC2CC1C([*:1])C2C(=O)OC(C)(C)C,CC(C)(C)OC(=O)[*:1]>>C[*:1],CC(C)(C)OC(=O)[*:1],C[*:1],1946,45215,1,1,1.0,15,7,1,22,16,9,5-9,c1ccc([*:1])cc1>>c1ncc([*:1])s1,d6e271347d2f6889720718de601c105620e074bd6c5ae88cc77853a545406a26,b56f956d02b1a1acc0726b481e81f72322fab27702f928e900c99993c8298888,CC1CC2CC1C(C(=O)OC(C)(C)C)C2C(=O)OC(C)(C)C,CC1CC2CC1C(C)C2C(=O)OC(C)(C)C
7f9ce6d3f310e2fd23efb959cd6ecc77fda23e42978c3fc007b01dd9e365647a,56d78af44aeeddc210bb0952252a883f503b4d9ea6fb3cea9c57a87aa153db7c,CC(CNC(=O)C12CCC(CC1)C2)N(C)C(=O)C[*:1],CC(C)(C)O[*:1]>>C[*:1],CC(C)(C)O[*:1],C[*:1],11100,18173,1,1,1.0,18,5,1,23,19,9,5-9,CC(C)(C)C[*:1]>>COCC[*:1],809b7ac4e6fe910f9458124bed1df37c9205db32e8e41dce520c4a995dc6dee2,3a4cc708415462870c7e4f619c2bf6f11b07fbab2d9f8a56be5ff50a8a1095ce,CC(CNC(=O)C12CCC(CC1)C2)N(C)C(=O)COC(C)(C)C,CCC(=O)N(C)C(C)CNC(=O)C12CCC(CC1)C2
761e90da448c56b11a90a4a4e0bed8b6cb29aa7f0d23574fdd140053ac17ca08,0e9e1b4430cb38e2c99de6d0adc7d2b712f72835de501ad7c9d6533508cad4d3,CCc1c(C)nn(-c2ncc([*:1])cn2)c1C,BrC[*:1]>>CNC[*:1],BrC[*:1],CNC[*:1],20196,38297,1,1,1.0,15,2,3,17,18,9,5-9,CC(C)(C)OC(=O)[*:1]>>C[*:1],f4a9f83cdb069690d017c3fc2515a3344d23dbedd2830ff3ff2479d47a790eac,451eab5abbc72edee3df247dde014d46c8f7b0d1d8528834c227f743a064fa1b,CCc1c(C)nn(-c2ncc(CBr)cn2)c1C,CCc1c(C)nn(-c2ncc(CNC)cn2)c1C
1756366613d6572d00c4a09dfcd3598bc91d99ddd071360cfde18f3c9f251b8b,59494b8b39f1b40ded1b70414b7be2a977b419834f2cc1aa3cad74f2181dc84e,CN(C(=O)NCC(C1CCCCC1)[*:1])C1CC1,C[*:1]>>C[NH+](C)[*:1],C[*:1],C[NH+](C)[*:1],10970,14665,1,1,1.0,16,1,3,17,19,9,5-9,Cc1ccc([*:1])o1>>Cc1cccc([*:1])c1,61d8f9ad3640d61e22b2d731312765b4920896e58bfc718ba4ba37799306a4de,1022c26ffc6fa90580f07cecfd38d6726628687c7408afcafbc1b5885c601557,CC(CNC(=O)N(C)C1CC1)C1CCCCC1,CN(C(=O)NCC(C1CCCCC1)[NH+](C)C)C1CC1
99ecc57b91845ddb5a370ba4a237582e7847999dfb7c8c719fe43538e478f399,0d5493f460ab510c4149250904aa82cd0b48402b8b5b83ed6a61041995432f4f,COC1CC(C(=O)O)N(C(=O)Cc2csc([*:1])n2)C1,Clc1ccc([*:1])cc1>>Clc1ccccc1[*:1],Clc1ccc([*:1])cc1,Clc1ccccc1[*:1],27000,5590,1,1,1.0,18,7,7,25,25,9,5-9,CCC(C)[*:1]>>c1ncc(C[*:1])[nH]1,3dff1319518c86219ed385794dd73b76f6fe088443173ae4f8e57d8aa6908409,3ec8d2bc9db7fbf4dbc0aaddfdce8081f43ad58fa670a005c8b27ea143c28428,COC1CC(C(=O)O)N(C(=O)Cc2csc(-c3ccc(Cl)cc3)n2)C1,COC1CC(C(=O)O)N(C(=O)Cc2csc(-c3ccccc3Cl)n2)C1
7a570caa199df485898bc8bd91cef30bc726526ac752cb180ff9b2935032044d,0c560198fff833139608b3e03f450bc5532e0a719f843e106b20dfd0d2c6f7ae,CCCCCC(N)C(C)[*:1],COC(=O)[*:1]>>CS(=O)(=O)[*:1],COC(=O)[*:1],CS(=O)(=O)[*:1],24831,6612,1,1,1.0,9,4,4,13,13,9,5-9,C1CC1[*:1]>>Fc1ccccc1C[*:1],7839d1313a0f9ac0f17cc2ccfb010c13fca256cab51456e4aed4ba28e17e7a7d,c66bbaff155ba6cc3d5ff0137caee707242dc1eb272992bc0a4834c28b27e3a0,CCCCCC(N)C(C)C(=O)OC,CCCCCC(N)C(C)S(C)(=O)=O
d505c1e7f6fb5e2585e73b4096456ca1c684dca8c9f0ae662e00aeb96c6fa9c0,b298423f9ce6e0953f3869359f8224e617fa064462fe600b031640f5795363eb,Cc1nn(C(C)(C)C)c(C)c1C(=O)NCC1CCCCC1[*:1],CC(=O)N[*:1]>>CC[*:1],CC(=O)N[*:1],CC[*:1],99,27481,1,1,1.0,21,4,2,25,23,9,5-9,Fc1ccccc1[*:1]>>Oc1ccc([*:1])cc1,bc9bee8892b0bc1ce4d86d4542c707854e757ca66562116fe733ff4130371954,df78872a5d81e592b9cad11410ae4e51e3ce7f01b7914b9f5474f692a1f3cdbc,CC(=O)NC1CCCCC1CNC(=O)c1c(C)nn(C(C)(C)C)c1C,CCC1CCCCC1CNC(=O)c1c(C)nn(C(C)(C)C)c1C
6d260bba01e6a3700a323a736f2503fe93702ef362439fc74b0b90da3595afec,185ef0fd2dab57b431547e80bca1baf1ddc0433e7dbf70ade9f1e9e3bfe80b20,Cc1ccc([*:1])cc1Nc1cncc(OC(F)(F)F)c1,COC[*:1]>>O[*:1],COC[*:1],O[*:1],19387,36849,1,1,1.0,19,3,1,22,20,9,5-9,C1CCC([*:1])C1>>OCC[*:1],0f2c9a7ed5476f29e79e70de78b6816719584dd94c3fce8a19db4979ee1e7a19,574f2bad245c42a6fcd7e855fcf6361742a406e012e303a854eb821b314cb1c6,COCc1ccc(C)c(Nc2cncc(OC(F)(F)F)c2)c1,Cc1ccc(O)cc1Nc1cncc(OC(F)(F)F)c1
e304479cd715dabe660cef0d6875b943ad2dfc9d108014e16991576b38db91ef,97caa863e9b2cc25dd7077a952f08f585da601348640e2aa4f8cffcb79724bb1,CC(O[*:1])C(=O)NCCCN1CCCC1,COc1cccc([*:1])c1>>Fc1ccc([*:1])cc1,COc1cccc([*:1])c1,Fc1ccc([*:1])cc1,1520,45200,1,1,1.0,14,8,7,22,21,9,5-9,C#CC[*:1]>>OCC[*:1],b72cff1c29c1f2cb34cd6919025df300a36ea4f7f3330f11d20444a72ae3d108,7856b610d887b52e974ca72db45547edd808ae611d6e703f8d2853e77dd0a4a3,COc1cccc(OC(C)C(=O)NCCCN2CCCC2)c1,CC(Oc1ccc(F)cc1)C(=O)NCCCN1CCCC1
4895250556672c303f7747a8d2aa70b166c27b9c6dc290832bd72705a178b459,85fbdd2e5838c8a6334b9d85ad266413a847a36a4a9ac1fceceaf1da9ef9101b,Clc1cc(I)ccc1Nc1ccc([*:1])nc1,NC(=S)[*:1]>>O=C(O)[*:1],NC(=S)[*:1],O=C(O)[*:1],1235,49539,1,1,1.0,15,3,3,18,18,9,5-9,CCNC[*:1]>>COC(=O)C[*:1],13859518f0fed72173b26bc1b1378a585b9da00137008a0000fe91b8b5db56e0,30dc360b1b6b81978336bef526f754d05507b308aaa3c424ba382d94c861e38e,NC(=S)c1ccc(Nc2ccc(I)cc2Cl)cn1,O=C(O)c1ccc(Nc2ccc(I)cc2Cl)cn1
a702cdb37ff39156a4006f77297ff303368f8a9f5aee9e976c7a6b6f69a7fe42,4e79c2ea7cab183d4b79461b99d999ecb2d7709114875d273c76340b550aff21,CC(C)(C(=O)N1CCC(O[*:1])C1)S(=O)(=O)C1CC1,CC(C)CC[*:1]>>CC[*:1],CC(C)CC[*:1],CC[*:1],33005,34405,1,1,1.0,17,5,2,22,19,9,5-9,CCC(F)[*:1]>>C[*:1],b9aaf7adbbbe036fdcd2c71a8ddbcc53769665602c2929f5710e0b6f9ce62450,6b6d79811ba3b35ee793f9c93d752231a26b2ac3c5330d0a5b847004eee5395e,CC(C)CCOC1CCN(C(=O)C(C)(C)S(=O)(=O)C2CC2)C1,CCOC1CCN(C(=O)C(C)(C)S(=O)(=O)C2CC2)C1
276c43e9c832ad7ccc9a49b2e8f500eb5fea85f316caa6d1c7cf8d774a1141a0,2feba70d2ee47180e6a8766b7e3ac4a041640f522a99083fc669e1a572f565f7,CC1OC(c2ccccc2)CN1C(=O)[*:1],COc1ccc([*:1])cc1>>Fc1cccc([*:1])c1,COc1ccc([*:1])cc1,Fc1cccc([*:1])c1,45572,27317,1,1,1.0,14,8,7,22,21,8,5-9,C=CCC[*:1]>>COCC[*:1],02b44e6ad0253160fd9be56a09314b496f4e9cc71bf50e638066ef50ed3ad5c1,f1b194ff91f27a3b2bff96dfc71d14068d3ff6e825ccea26f323525374d8e005,COc1ccc(C(=O)N2CC(c3ccccc3)OC2C)cc1,CC1OC(c2ccccc2)CN1C(=O)c1cccc(F)c1
5f5d7a2f9b4d4e8f4bad71aa5c545b5dab7dc24d6de929048dac6b5fdad4c80a,e66c66f87d9df19a51de7ea5a61f4e0f9b43ae09c1afd981d74a0038cb292eda,O=S(=O)(C[*:1])NCC1CC2CCC1C2,C[*:1]>>FCC[*:1],C[*:1],FCC[*:1],26757,48846,1,1,1.0,13,1,3,14,16,8,5-9,C1CCC([*:1])C1>>NC(=O)C[*:1],2d6bfebdc6f0568187c1788de645cc912c707c89413297a33425f7920bb5583a,33506dd9493534bf16bfa10715c7af36a5b2d09071f67890d46ae07bce134526,CCS(=O)(=O)NCC1CC2CCC1C2,O=S(=O)(CCCF)NCC1CC2CCC1C2
a38c907dec4353c4287aa5898e7a8fdafb107301b7f9355dfdea652f8a52ed60,5355aff37f1d0e2a6cb68ce138b6df428754bfad37ca879209123722268b1b5d,Cc1cc(CC(c2cccnc2C)[*:1])n(C)n1,NN[*:1]>>N[*:1],NN[*:1],N[*:1],23544,18245,1,1,1.0,16,2,1,18,17,8,5-9,CC(C)C[*:1]>>CCC(C)(C)C[*:1],7964f3dd1d10ad9fa75978287f550d5854461851ed459ef69eebee2e7e7e55ba,9cdda70ddc9ef6efb6c14612c040b73caf0c8cbc26080560e8c9b1bdd9514d4b,Cc1cc(CC(NN)c2cccnc2C)n(C)n1,Cc1cc(CC(N)c2cccnc2C)n(C)n1
e9b4b4b8f088c21fd2810ee7cb4a485daa459e4dd25b48930ae30afd250183b8,e9d418465011e76933f36bcc18cf3a495e2a92dea2eaa882217a6ee8b0538c7c,CC1CN(C(=O)c2ccc(NC(=O)c3cccc([*:1])c3)cc2)CC(C)O1,O=C([O-])[*:1]>>O[*:1],O=C([O-])[*:1],O[*:1],34336,18824,1,1,1.0,25,3,1,28,26,8,5-9,O=C([O-])[*:1]>>c1ccc(C[*:1])cc1,c7f3d960cba21b5aa2ae5b887ba78ad731629b1e725a64b24b1f8ed16d728c9b,461f3470cf6a7623005adffda72fbe25125a1a1c9876991dce0af2ae84201625,CC1CN(C(=O)c2ccc(NC(=O)c3cccc(C(=O)[O-])c3)cc2)CC(C)O1,CC1CN(C(=O)c2ccc(NC(=O)c3cccc(O)c3)cc2)CC(C)O1
bd177041b2adc129b6db01918581b8c80c086a64e8d350aff8325431b561d414,e537a1d874bf1adf141d5716f0d72363fa12c60b3197ec58b9a5884ee4906159,O=C(CCc1cn[nH]c1)NCC1CC[NH+](C[*:1])CC1,C#C[*:1]>>COC(C)[*:1],C#C[*:1],COC(C)[*:1],37238,44845,1,1,1.0,18,2,4,20,22,8,5-9,c1ccc(O[*:1])cc1>>c1ccc([*:1])nc1,7d0506fa6faca7946c67aeee225e04940c2ba8ed5a9cab042ae4cac2c1986e85,b5825bb75883ac23c0ab477bdfa3df989cacace281fbb18abaec43947c15dae1,C#CC[NH+]1CCC(CNC(=O)CCc2cn[nH]c2)CC1,COC(C)C[NH+]1CCC(CNC(=O)CCc2cn[nH]c2)CC1
62b4bde95a3f0bb00aa99b504cf9577da51e0035a3083880d67a148d0b7aa1af,d6d6c655fa05f51b3d4a8796475c2b3814857d815c71b130efce0b46214e03b2,CCc1noc(-c2ccc(CCNC(=O)c3ccc([*:1])cc3)cc2)n1,N#CC[*:1]>>O=C([O-])[*:1],N#CC[*:1],O=C([O-])[*:1],37951,21831,1,1,1.0,24,3,3,27,27,8,5-9,CC(O)[*:1]>>O=C(O)C[*:1],3ea2b5b61c407788ee731f82f5e64a33fa8739631caf4d54495d6b83c556f54a,048a16248900ffc704b5268237e96b95b34b445e42d792e0de370b7deafcc115,CCc1noc(-c2ccc(CCNC(=O)c3ccc(CC#N)cc3)cc2)n1,CCc1noc(-c2ccc(CCNC(=O)c3ccc(C(=O)[O-])cc3)cc2)n1
3a18656ef474c9fe0d956d2892f05d6e555b11bd20f4c69a175202d8dc7a4d73,fb5aad7377033d4bdea7b9a1b0f9c3f6327632135aebe54bbf279a564572a3eb,O=C(Cc1ccccc1)Nc1nnc(-c2ccc([*:1])cc2)o1,CS(=O)(=O)[*:1]>>Cl[*:1],CS(=O)(=O)[*:1],Cl[*:1],46284,8143,1,1,1.0,21,4,1,25,22,8,5-9,CC(c1ccccc1)[*:1]>>CCC(C)[*:1],927e695fe99582aef6ed621543ada8e44dfc850b5d05215aac08a988c9736747,d34223ad604884819adbf3de3e76845c5706e94863fcab6672e082f65fd25dac,CS(=O)(=O)c1ccc(-c2nnc(NC(=O)Cc3ccccc3)o2)cc1,O=C(Cc1ccccc1)Nc1nnc(-c2ccc(Cl)cc2)o1
bddef2cc0eab4ce9a36e063b35b15c45282ff958be91bcbb61943711cc66e917,7d6971f8109cc42902e0414b12970942fca82dec286e7e17df3568930539245a,Cc1ccc(CC(=O)N2CCC[NH+]([*:1])CC2)s1,COC(C)C[*:1]>>COCC(C)[*:1],COC(C)C[*:1],COCC(C)[*:1],32231,2950,1,1,1.0,16,5,5,21,21,8,5-9,COCC[*:1]>>Fc1ccccc1[*:1],3bdc79de515447a80f88a4ac867d76923caae90f5a7adfa84636a445a9b1b3d1,2eaefac4bbc03964ff679f2f8c7a226805b2403a6c789c41d3c7f7f3592b0151,COC(C)C[NH+]1CCCN(C(=O)Cc2ccc(C)s2)CC1,COCC(C)[NH+]1CCCN(C(=O)Cc2ccc(C)s2)CC1
1f9a90abb19ca4a61b233f67e60e6953b2c8eae6985fa0f7f3c03a01771df5c4,6d16f7f1bccdace57a18f2d51a678e3386dbfaaf03405d709e02cd589a774682,Cn1cc(-c2nn(C)cc2NCc2cccc([*:1])c2)cn1,CS(=O)(=O)[*:1]>>FC(F)(F)[*:1],CS(=O)(=O)[*:1],FC(F)(F)[*:1],705,1232,1,1,1.0,20,4,4,24,24,8,5-9,C1CC1CC[*:1]>>C1CC1[*:1],05a47841f20adcecb448a47d5bb260c37c51000e131611c754297406864a8f76,e140dd0ab005f845edc0c8df0bc2a4ac7d1839e646612f717710f1e94ed378f7,Cn1cc(-c2nn(C)cc2NCc2cccc(S(C)(=O)=O)c2)cn1,Cn1cc(-c2nn(C)cc2NCc2cccc(C(F)(F)F)c2)cn1
fa172b7f0da1048333edc30ff081994fc80783034d12b74f59e05e2fff324ac4,e252d216e5234944abfba5b731173378349962590e8ab207bf9e73e8c5e95684,CCC1(C)CC(=O)N(C[NH+](C)C[*:1])C1,CCc1ccc([*:1])cc1>>Cc1cccc([*:1])c1,CCc1ccc([*:1])cc1,Cc1cccc([*:1])c1,32849,37963,1,1,1.0,13,8,7,21,20,8,5-9,C=CCC[*:1]>>CCC(CC)[*:1],4f8dc1fbe3e4ebbe58d74464ca88355a5068ef487812f1d6b0ce571b1a8669e4,c75574cf690280e25afae8b34341ca0a010eee7a3fb35aeae6c0779171e10ced,CCc1ccc(C[NH+](C)CN2CC(C)(CC)CC2=O)cc1,CCC1(C)CC(=O)N(C[NH+](C)Cc2cccc(C)c2)C1
352d8128158325d75ae82621551659135f75536e8418ab9894719f77509be341,4d63afad13b10a848e5cca448e439eae64e449d09c14ca7c2b10d0700e1422f9,Cc1cc2ncn(CCN[*:1])c2cc1C,Clc1cccc([*:1])c1>>Fc1ccccc1[*:1],Clc1cccc([*:1])c1,Fc1ccccc1[*:1],43130,39961,1,1,1.0,14,7,7,21,21,8,5-9,C=C(C)C[*:1]>>C=C(Cl)C[*:1],a08be156f83cbd21151d61909083ad139120d9340db17fd6ec5324c892bffd22,57e8223e135c6d32c1d812847255d4a57c8ff31186d3961d0c7de0c272240818,Cc1cc2ncn(CCNc3cccc(Cl)c3)c2cc1C,Cc1cc2ncn(CCNc3ccccc3F)c2cc1C
205c57a3f29b3bf2e2564dbe16c58ab7f4d7b836c7425c00092ed6d65318b717,89d615297caba38803efdb0058628acdc427351db2b1ac37d063af47f2a7539b,OC1CC2CC1CC2[*:1],CO[*:1]>>OCC[*:1],CO[*:1],OCC[*:1],44374,15106,1,1,1.0,8,2,3,10,11,8,5-9,CCS(=O)(=O)[*:1]>>CO[*:1],4975a790336bf05b5fdf8b3da260a90d3454e5cb7129991bb2a9fd01a780e7f4,c1e2b60614d19246d70145ec6081aab3dd15c35fd738d168864c0d1b30685ee8,COC1CC2CC1CC2O,OCCC1CC2CC1CC2O
f3c83fe1b4208f03ebfa3ece362c9a2e2b0e863434ecdc2703a6af47eb75f7aa,0139fa38deff81a33aac2cc5d851dc8dc377e0a9563b5df0502b103acc0a158b,CCOC(=O)CC(NC1CCCC1)[*:1],Cc1ccc(C[*:1])cc1>>c1ccc(C[*:1])cc1,Cc1ccc(C[*:1])cc1,c1ccc(C[*:1])cc1,20040,38801,1,1,1.0,13,8,7,21,20,8,5-9,C1CCC([*:1])CC1>>CCC(C)(C)[*:1],4be36f6f37a5b01080e7ba99950cac6b05cabc8bdae257247b5a720d21b5b66f,f8b4a78ba29ffaa8e95184100c4604dd52c26d65537f014af0f6d85e25b5d73a,CCOC(=O)CC(Cc1ccc(C)cc1)NC1CCCC1,CCOC(=O)CC(Cc1ccccc1)NC1CCCC1
cc7b032b2c1ce8c122f32ce29678f07176a3c17fa303a4060f1d6b100a870006,dd8e3f9665d2413f3437aea815bcf0406d62dcbdc12beec04ac22dfa4fbcfd62,O=C(C1=CCOCC1)N1CCC2C1CCCN2C(=O)[*:1],CCOC[*:1]>>COCC[*:1],CCOC[*:1],COCC[*:1],20543,43537,1,1,1.0,19,4,4,23,23,8,5-9,C=CCCC[*:1]>>c1ccc([*:1])cc1,1893b83d0f901fad7dcb1ad6d7bde12525072545a41ebf150e76bf9075cf3dd8,7988bfe3a2f6b3a70bef028164fb98f7b1bfe2d91bed9cfbf619cb5ad0e00792,CCOCC(=O)N1CCCC2C1CCN2C(=O)C1=CCOCC1,COCCC(=O)N1CCCC2C1CCN2C(=O)C1=CCOCC1
20c7c43b77af1a5426618440300fe8c5199b4cf6e8706698c52c3ed16d2189c2,0b353780b1b36f67d856e8fd8162ef1144ee22c69be52f7c7e2110c947172116,CC(C[*:1])C(=O)NC1CN(CCN2CCNC2=O)CC1O,CS(=O)(=O)[*:1]>>NC(=O)[*:1],CS(=O)(=O)[*:1],NC(=O)[*:1],29196,45065,1,1,1.0,20,4,3,24,23,8,5-9,C1COCC([*:1])C1>>Cn1ccc([*:1])c1,8fc6fea27f2eac7a3755382350974485d6a26d63fb0ed3fb656ee5b0c98ffd3b,9826d3e6471df820f8d67f7d026d1f95de53ea7418e54f26b723fc8f47f8a18c,CC(CS(C)(=O)=O)C(=O)NC1CN(CCN2CCNC2=O)CC1O,CC(CC(N)=O)C(=O)NC1CN(CCN2CCNC2=O)CC1O
4acd55daf9f3197c85ac69af33e4d9a940d3ec2d5ea9d67523bf83fbdff9ae2b,c2f89a87f57d8d502341782ed14809d711ecb02553a4944cacc18dadc18ca78d,COc1cccc(C(=O)N(Cc2cccn2Cc2ccccc2Cl)C[*:1])c1,COCC[*:1]>>COC[*:1],COCC[*:1],COC[*:1],29988,16461,1,1,1.0,26,4,3,30,29,8,5-9,C1CC(C[*:1])CO1>>C1CC1CC[*:1],692a486d0327862cba402521c1416057e8395a1e54d85ab4e026906e3a92eeef,1603f9e58eb66528d40861242a8d04cf36c393f937b063689994c2dd0f921043,COCCCN(Cc1cccn1Cc1ccccc1Cl)C(=O)c1cccc(OC)c1,COCCN(Cc1cccn1Cc1ccccc1Cl)C(=O)c1cccc(OC)c1
14a29f7136cf8c445166feda07effca62704ee597c7bff0b3bea31d9a6e79a8d,1353df3f1d68bc3dde76f82acc265f31ff8d8644aa8d3e80e73249685ad506ba,COC(=O)c1cc(Cl)ncc1Nc1ccc([*:1])cc1F,CS(=O)(=O)[*:1]>>F[*:1],CS(=O)(=O)[*:1],F[*:1],36189,20703,1,1,1.0,19,4,1,23,20,8,5-9,C=C(C)C[*:1]>>CC(c1ccccc1)[*:1],57aa4bacff9e15ec32db35e7004a06f9b1ad70bf8c340714a1b3cdbc9126b685,0e0c8689ede77b748c8e91bd1c11e42dd04723fb38e8b395822dba97699f213f,COC(=O)c1cc(Cl)ncc1Nc1ccc(S(C)(=O)=O)cc1F,COC(=O)c1cc(Cl)ncc1Nc1ccc(F)cc1F
45e27e64f54c430529ced392f6d0d01ea6a4395c5da25e19fb6ca91cf7a59c0a,ed660a23283d6e6cc58f2712902cf692e781547febaf03ad37eb92845629f57c,CN(CCOCC1CC1)C1CC([*:1])CCC1N,CCC(C)(C)[*:1]>>C[*:1],CCC(C)(C)[*:1],C[*:1],18879,44212,1,1,1.0,16,5,1,21,17,8,5-9,Clc1ccc([*:1])s1>>c1cc([*:1])cs1,c9c70cd023e100acec6f1f9cf91e67fe397f513108d19f7ce26db9c1bbd46052,f9b7af576a49b9f2afe3307e1ffb1baad47c56bf791e254509eed2cd96476352,CCC(C)(C)C1CCC(N)C(N(C)CCOCC2CC2)C1,CC1CCC(N)C(N(C)CCOCC2CC2)C1
18c489760bec28a3cb873b8eb166a8a49b28947b8f0d2c85c43d1f25b6a2ac74,4db942198bb060678f98e70f7599fa48d7cb45bddced10d60b0745fc2f8811af,CC(OC[*:1])C(=O)NC1CC(Nc2nccnc2C#N)C1,C#C[*:1]>>COC[*:1],C#C[*:1],COC[*:1],10183,3141,1,1,1.0,20,2,3,22,23,8,5-9,C1CC1C[*:1]>>c1cncc(C[*:1])c1,faa7cbba6dd59dc7ccef31b71599e79e09a225d0ef563b57cbd4a9be8a4534a4,4dbfb601901f3fd354393c65deb29d2b40f5cde2024134ca8675585396b66e52,C#CCOC(C)C(=O)NC1CC(Nc2nccnc2C#N)C1,COCCOC(C)C(=O)NC1CC(Nc2nccnc2C#N)C1
e7cd5c5bee974a64675ca7d9ff7e24f7b99923f5f875d03b0be4ecf1ef66542b,026447388af0b605c01e60b293eab26320f70532fb41b25ebd80121f92d8918f,Cc1cc(C)nc(-n2nc(C)c(CC(=O)NCCO[*:1])c2C)n1,C=C(C)C[*:1]>>CC(C)[*:1],C=C(C)C[*:1],CC(C)[*:1],23900,16647,1,1,1.0,22,4,3,26,25,8,5-9,CNC[*:1]>>N#C[*:1],ae2e985f046d725109e19a34070147c656393d816d394cdcc6eaa98d45772c83,8b3903bc611a069d306796e7853378ac95656013f0dd72262d39c1a9100be653,C=C(C)COCCNC(=O)Cc1c(C)nn(-c2nc(C)cc(C)n2)c1C,Cc1cc(C)nc(-n2nc(C)c(CC(=O)NCCOC(C)C)c2C)n1
6b67ca970361148d86cfac657757c73d5ed51c22c7690f1fd440171c9ae65f25,54a39035fc51e03a669c5ea426a40d8c06d81f331248e7aed61eae6174ecb38f,CCOc1ccc(Nc2cncc([*:1])c2)cc1F,CC(C)(O)[*:1]>>COC[*:1],CC(C)(O)[*:1],COC[*:1],49698,19606,1,1,1.0,17,4,3,21,20,8,5-9,Cc1cnc([*:1])s1>>Cc1csc([*:1])n1,5ecbe58c6d1f98f08459fd5775e71ca95f865f8f2af67b920c23ef76006397b5,a2fe8c0eb82e1e361c60ca9d104340180f35e1f58bdbedd17609fc67489e0cb3,CCOc1ccc(Nc2cncc(C(C)(C)O)c2)cc1F,CCOc1ccc(Nc2cncc(COC)c2)cc1F
6d0227c0ed43730ecf8d782ad01c3772cd856a4979ffc597af8e00b93abeab35,522b2cc5ae077065467d4bb6df9f66592792da24fc7f6c9992e1399a75a910ce,CC(C)(C)NC(=O)c1cncc(Nc2ccc([*:1])cc2)c1,CN(C)[*:1]>>FC(F)(F)[*:1],CN(C)[*:1],FC(F)(F)[*:1],1818,8862,1,1,1.0,20,3,4,23,24,8,5-9,C=CC[*:1]>>FC(F)(F)[*:1],d9311bc6ffe8eff3ddbb37780e12a2058cffa77528df9cf02d02eb6e63262269,d52469a474c5bb4d73d98d2af3e89cecc4cf8cb64541f601bba4ef2aa1ad46e1,CN(C)c1ccc(Nc2cncc(C(=O)NC(C)(C)C)c2)cc1,CC(C)(C)NC(=O)c1cncc(Nc2ccc(C(F)(F)F)cc2)c1
2a5e71aa7873cd1083e24cb6e8de16ad5cdcda093a84df440ced91d7fc1f5e9e,4c20e301f85c060de1cfd9c885a1babb4798f9d1a312b2f2f68917ca751efc37,O=C(Cc1cc(-c2ccccc2)on1)OC[*:1],COc1cccc([*:1])c1>>Clc1ccccc1[*:1],COc1cccc([*:1])c1,Clc1ccccc1[*:1],12623,48769,1,1,1.0,16,8,7,24,23,8,5-9,C1CCCC([*:1])CC1>>CC[*:1],e7389c087d2216b779be0a96a6e3b4162435273d7f7a804a25f8af25460d7bf3,c5668684afdb17a3557264a7cf903d09b03ad9b60b43dc6ee354178e828ce45b,COc1cccc(COC(=O)Cc2cc(-c3ccccc3)on2)c1,O=C(Cc1cc(-c2ccccc2)on1)OCc1ccccc1Cl
20c4309b7d1eca946127e493af428579eac25530909a4b1d8555a4a0e700604f,ceef55391f53490940d139528f4be6f186fd2734460be1c7faccef4bb8b75efa,O=C(NCCC[*:1])NC1C2CCC(C2)C1C(=O)O,CCO[*:1]>>FC(F)(F)[*:1],CCO[*:1],FC(F)(F)[*:1],34434,6784,1,1,1.0,17,3,4,20,21,8,5-9,C=C[*:1]>>CC(C)C[*:1],48a12d4873639a2edd41e132b4ef472ff62de7b53d2f841049763d9e7a7cc64d,98ee0876cc5e72c62425f9a0fb4b9aeaea34b6ef18a44c8eecb398a00f6c599e,CCOCCCNC(=O)NC1C2CCC(C2)C1C(=O)O,O=C(NCCCC(F)(F)F)NC1C2CCC(C2)C1C(=O)O
3b02a814f4cddc3c10726b1f545fb7fca57aa72bc19418ead7c10ba72077fc54,daf4d9c5eb2a4aca3cc25dc0731a8e0c3ecf03bc48ef49809c097783bcf4b85e,c1cn2c(n1)C([NH2+]CC1(C[*:1])CC1)CCC2,COC[*:1]>>CS(=O)(=O)[*:1],COC[*:1],CS(=O)(=O)[*:1],11192,36443,1,1,1.0,15,3,4,18,19,8,5-9,C1CCC([*:1])CC1>>Cc1cccc(C[*:1])c1,ee9a1ad99c04c02e692a4e9594cc3383b76a8700d9a225650fe4b356e3d56ea2,7bc2e70b6d432af5c839640ecd6a2be38f029faa0479ebe9a60f4547784c960d,COCCC1(C[NH2+]C2CCCn3ccnc32)CC1,CS(=O)(=O)CC1(C[NH2+]C2CCCn3ccnc32)CC1
3e5998f970679eb4f6749e0eda0ee86169df14702765cf0d0bd825e4a420d104,3a07238a5d2446db55e950e11a7a7cdfd5837f0fc505f440ff111e80b5bdc75d,Cc1n[nH]c(C)c1C(C)C(=O)NC1C[NH+](C[*:1])CC1C,CC(C)[*:1]>>CCCCC[*:1],CC(C)[*:1],CCCCC[*:1],35198,41852,1,1,1.0,19,3,5,22,24,8,5-9,CN(C)C(=O)C[*:1]>>COC(=O)[*:1],dcab989b65da672b08335b3b76945352f74618d2ded8fc68f01bed17b6ab8c74,4e0be521d457afcc871cdee1c14d27f6d9f131fdfe64804c3fbca2c38eacdc10,Cc1n[nH]c(C)c1C(C)C(=O)NC1C[NH+](CC(C)C)CC1C,CCCCCC[NH+]1CC(C)C(NC(=O)C(C)c2c(C)n[nH]c2C)C1
4ecac43d70fc09e6317411c4562b8bbe2858459b0d6de781f36e735071f93b7d,8b6b22e310b4b6fd0d8d5c59841d00c733c3e8b2b5247d0edc66ed5a28297cd3,CCC(CC)C(=O)Nc1ccc(Nc2cccc([*:1])c2)cn1,CC(=O)[*:1]>>Cl[*:1],CC(=O)[*:1],Cl[*:1],33684,8151,1,1,1.0,21,3,1,24,22,8,5-9,C#CC[*:1]>>CC#CC[*:1],c1b4c054933b814244576db32345ab3b87192c2139716782282135085e12221a,1ed0af7d307adb8d508eb4768515cb44a5351683236ad583f1a6bc2e39d0342e,CCC(CC)C(=O)Nc1ccc(Nc2cccc(C(C)=O)c2)cn1,CCC(CC)C(=O)Nc1ccc(Nc2cccc(Cl)c2)cn1
968e8ca028eebe8f2568932ff8198d39bfab561c18e167c42897aa6d4ab2d1f9,1378f700046317fc218614c694b0230cc362b55335bbfabfb0c2c5cd89ed0c64,CCC(NC(=O)NC1CC2CCC1O2)[*:1],Cc1ccc([*:1])cc1>>Clc1cccc([*:1])c1,Cc1ccc([*:1])cc1,Clc1cccc([*:1])c1,33309,21082,1,1,1.0,14,7,7,21,21,8,5-9,C[*:1]>>C[NH+](C)[*:1],6d5af61751d8bbc4069366996df45568544d589f235fb38c72cd0de3e50486cb,31a72e32a7c2cbe6ec3eea94a050f14ffa6d7f28ecd1f67bd57e8526acbc14db,CCC(NC(=O)NC1CC2CCC1O2)c1ccc(C)cc1,CCC(NC(=O)NC1CC2CCC1O2)c1cccc(Cl)c1
7f7b191043b4a347590f0ead3ddfc31b42df8a957947d01978bfa60d23254574,896fc07b8ddbdca4187ae262ee8df0f3897ddd9339b7570b534c4898e27441a8,CC(=O)Nc1ccc(Nc2ccc([*:1])cc2)cn1,CCC[*:1]>>CO[*:1],CCC[*:1],CO[*:1],38125,19836,1,1,1.0,17,3,2,20,19,8,5-9,CO[*:1]>>Cn1ccnc1[*:1],28bd1bc3e3d0a78a72b3bccec188016848e5b6571440d02b572c0b16d2208d6b,d07ab9a7b401d5d04289efd6fcf25eae61cb085e92b14c9bb423eb8598f0fd0e,CCCc1ccc(Nc2ccc(NC(C)=O)nc2)cc1,COc1ccc(Nc2ccc(NC(C)=O)nc2)cc1
9c11392ad499d71b212475c1f735782b7804b964d04465a5b8705e5e9bf6c420,ada8fec92f7284a1ae665b01bcaeaf8bdfd4157bdfe670e70bd3bbad00368ad3,CCNC(=NCC1CC(=O)Nc2ccccc21)NC1CC1c1ccccc1[*:1],C[*:1]>>FC(F)(F)O[*:1],C[*:1],FC(F)(F)O[*:1],39720,7934,1,1,1.0,27,1,5,28,32,8,5-9,CCC(C)C[*:1]>>CCCC(C)[*:1],76bd11f6bb391aedb55ee558c1bd84009334c9d960fe6a83d460758eeef63b7c,9a58c8e04dcc57db5d2b650cb3827b8ff5c1fa7eed420a9a000266bc51820b7a,CCNC(=NCC1CC(=O)Nc2ccccc21)NC1CC1c1ccccc1C,CCNC(=NCC1CC(=O)Nc2ccccc21)NC1CC1c1ccccc1OC(F)(F)F
5a6ca162a2b6019de10406b76e0e887ddcaafa440587c6a26d6a2e5bcabf8710,4078fb879fbdb53341de474d3bac3905fd72e5d6db2cf0e09cd2c0577aa70e78,NC(N)=NCCCC(NC(=O)C(Cc1cnc[nH]1)NC(=O)C(N)[*:1])C(=O)NC(Cc1cnc[nH]1)C(=O)O,CCC(C)[*:1]>>OC[*:1],CCC(C)[*:1],OC[*:1],13566,11786,1,1,1.0,36,4,2,40,38,8,5-9,C1CC(C[*:1])C1>>C1CCC([*:1])C1,e7faad41b8d67987212b05b97d0fff81359ea801fe1ed043c7d1a1b8cde9a298,ad5cce16c3f3013cf64e49986c845b1869e33d1b42afbb120dbe77cb9675c15d,CCC(C)C(N)C(=O)NC(Cc1cnc[nH]1)C(=O)NC(CCCN=C(N)N)C(=O)NC(Cc1cnc[nH]1)C(=O)O,NC(N)=NCCCC(NC(=O)C(Cc1cnc[nH]1)NC(=O)C(N)CO)C(=O)NC(Cc1cnc[nH]1)C(=O)O
4d799f9d810bae8b05c6002d5d6914d7bbd8b67d6dd9796278afcffac1eb9272,46499abc8181c0cf6dd633ec1e65e37da6e97f5f80fa28883c53c6f0896e1f23,NC1C2CCC(C2)C1C(=O)NC[*:1],COCC[*:1]>>NC(=O)C[*:1],COCC[*:1],NC(=O)C[*:1],29970,29788,1,1,1.0,12,4,4,16,16,8,5-9,CC(C)[*:1]>>CCC(C)(C)[*:1],86c04f870e8d7b07ab65a9209868ebb405d0c3329a050c04f9814f25061e2fa5,b371b5c890d155c1a55134dace126cfacf0d840dd2e7f3299adf292d35c5b91f,COCCCNC(=O)C1C2CCC(C2)C1N,NC(=O)CCNC(=O)C1C2CCC(C2)C1N
b87feffab09c650edd4bce045e7086740d8a6c98b41a7efae805e6fd8c77fe09,0e66a8046698a4fbc0cddacf4863032139f7c2cf0dac310b753661e86ddf25b4,CCC(C)C1C(=O)NCC(=O)N1[*:1],C[*:1]>>FC(F)(F)CC[*:1],C[*:1],FC(F)(F)CC[*:1],49724,27196,1,1,1.0,12,1,6,13,18,8,5-9,CC(=O)NC[*:1]>>C[*:1],617b2683832aa4b8995054b539d833e16e539567481e170255ced41c0fb054ba,48c8e036bbc17d82ee526e06ca94f09fa028f156dfdc3b17395853dcecbee7c2,CCC(C)C1C(=O)NCC(=O)N1C,CCC(C)C1C(=O)NCC(=O)N1CCC(F)(F)F
6f333b8a9c7c5cd036a08779696eec8d2a2d163a176cb325a9433ffd0fdab5b2,3312a348dd6418227b832bfce54ff2c03f8816aca09e7e90160386ab414bc6f8,O=C(C[*:1])Nc1ccc(N2CCOCC2)nc1,COc1cccc([*:1])c1>>Fc1cccc([*:1])c1,COc1cccc([*:1])c1,Fc1cccc([*:1])c1,35003,19497,1,1,1.0,16,8,7,24,23,8,5-9,COc1ccccc1[*:1]>>NC(=O)C[*:1],21028bc1cb5290dfb0e777db2dfe16efec3247bb576549553228b9f5f0537663,98f0d811f19e224d8f5411db2d9c2ea6f3bab8ee6954e666f846d8548b43d81a,COc1cccc(CC(=O)Nc2ccc(N3CCOCC3)nc2)c1,O=C(Cc1cccc(F)c1)Nc1ccc(N2CCOCC2)nc1
52c6aa87c9cc22ab4fc4a35d7da839ebe68b02ba85406b715816a3539577b448,e57ad827a5bfab98683b2666a1fcfb83154ef235abc8546029adb19ec519772f,O=C(NCC1COCCN1[*:1])c1ccc(F)c(Cl)c1F,CCC[*:1]>>NC(=O)C[*:1],CCC[*:1],NC(=O)C[*:1],39510,1016,1,1,1.0,19,3,4,22,23,8,5-9,C[*:1]>>Cc1ccsc1[*:1],aa2e3504ed7cad0f73f3fa48fa09cba0c1bd502814a4073c998943119e0229e5,9ae72faa6694ccfd4db3073afb55687c75edb4f09b8be1dc0740726078a5880e,CCCN1CCOCC1CNC(=O)c1ccc(F)c(Cl)c1F,NC(=O)CN1CCOCC1CNC(=O)c1ccc(F)c(Cl)c1F
92716f8927c34ec61f9a94ac0005f56a34b256235b8554fe35ab2e1a7ef3237c,ec8ad0490b35765574dc5319845db1b2d641574e5e24e0f0d8a50d94fd6144cd,CCNC(=NCc1ccc([*:1])cc1)N1CCN(S(=O)(=O)Cc2ccon2)CC1,CCOC[*:1]>>C[*:1],CCOC[*:1],C[*:1],41268,18633,1,1,1.0,27,4,1,31,28,8,5-9,C[*:1]>>c1ncn(C[*:1])n1,dd319fd51a5fa14921848627261b0978f914817d1d0b14e7b0cf7d605486a114,299478b8602d520a31a7f7034947391ad06f9a16fe8c7b649b178a304f4b7b26,CCNC(=NCc1ccc(COCC)cc1)N1CCN(S(=O)(=O)Cc2ccon2)CC1,CCNC(=NCc1ccc(C)cc1)N1CCN(S(=O)(=O)Cc2ccon2)CC1
043e8261ae6edc77462aa4d2c7f4f0b4b7810c4f2e0c4d897389fcb0b80d975a,f5abd8fe8e392336b54ae58c7ed9fbe854dea941984a45bc1dea9fefdcb9b354,O=C([O-])C1CCC(NC(=O)C2CC2c2cccc([*:1])c2)C1,FC(F)(F)[*:1]>>O=[N+]([O-])[*:1],FC(F)(F)[*:1],O=[N+]([O-])[*:1],5585,34860,1,1,1.0,20,4,3,24,23,8,5-9,FC(F)(F)C[*:1]>>N#CC[*:1],079844b230a62be6eb320db31faf1f53e250fa8285449f6132c0cce6d373e3a1,dc810e15dc4fddf12970969e4c9e18d4d6157f2f48354216e5b03ce0341fe3ed,O=C([O-])C1CCC(NC(=O)C2CC2c2cccc(C(F)(F)F)c2)C1,O=C([O-])C1CCC(NC(=O)C2CC2c2cccc([N+](=O)[O-])c2)C1
55b6ce5c01d5515ba90ee75a5787eb3b6da424fb20d8a864a22990ea32972680,e612ea976bc019555a11ef19904c942da19ebf7971396db2d1799568533047b6,COc1cc(CN2CCOC([*:1])C2)sn1,CC(=O)NC[*:1]>>C[*:1],CC(=O)NC[*:1],C[*:1],42086,28512,1,1,1.0,14,5,1,19,15,8,5-9,COC(=O)[*:1]>>n1nc([*:1])n[nH]1,0d45b9c4d96d41e446b101f47f8fddff1b7c7535736af3e0e0b38c0ebd6c43c8,df2999feef66310fee5651d7c26a8995f3673dd7ea3f7b0a3d69b2938d37b65a,COc1cc(CN2CCOC(CNC(C)=O)C2)sn1,COc1cc(CN2CCOC(C)C2)sn1
cf2c8fa3b060d3f8a3b439828694087c72113a7a40d18b59920a3d336a0b56d5,2e74f178ded883df78be871c299340fc9e1558400543c4e37cff759deda88802,O=C(NC1CC2(CCCC2)Oc2ccccc21)N1CCC([*:1])C1,F[*:1]>>O=C([O-])[*:1],F[*:1],O=C([O-])[*:1],6495,27419,1,1,1.0,22,1,3,23,25,8,5-9,CCC(C)C[*:1]>>c1csc(C[*:1])c1,9095c32467f66485dbdaad7fd92bbcd68ddfe8337c14e4a042c087752c30a41e,de55e1af3213fbd8ad01943f30b7b77100ff7728962732f5f29b6670b85af480,O=C(NC1CC2(CCCC2)Oc2ccccc21)N1CCC(F)C1,O=C([O-])C1CCN(C(=O)NC2CC3(CCCC3)Oc3ccccc32)C1
aacca4dd09a10b8393567a8967234d222da839e50c5f2f3d989ce1d7726bba19,13a460757d3abc6cfd3cc880ab0fe6acb54c03eec0adc5fbd97dbc468942a02e,CC1OC(c2ccccc2)CN1C(=O)[*:1],COc1ccccc1[*:1]>>Fc1cccc([*:1])c1,COc1ccccc1[*:1],Fc1cccc([*:1])c1,22478,27317,1,1,1.0,14,8,7,22,21,8,5-9,BrC[*:1]>>C[*:1],01ecd53fd8655ac6c820923709c305e67f610d499f07ae3f7738eb34f22d415c,f1b194ff91f27a3b2bff96dfc71d14068d3ff6e825ccea26f323525374d8e005,COc1ccccc1C(=O)N1CC(c2ccccc2)OC1C,CC1OC(c2ccccc2)CN1C(=O)c1cccc(F)c1
c14e4210f56f8cfd167247f87204ef46e285992efe29b0c95cbde6b4af743256,087897575ec3d176e2fd09b8e1d5e7aeaef8d67b772eb330849236d570bbf8d0,CC(SCC(=O)N(C)Cc1ccc([*:1])cc1)c1nc2ccccc2[nH]1,CS[*:1]>>Cl[*:1],CS[*:1],Cl[*:1],17,28870,1,1,1.0,24,2,1,26,25,8,5-9,C[NH+](C)C[*:1]>>c1csc([*:1])n1,9daaee04f775222e9225198f40e0d39d2cbb1aac666369405fb9676b192bc39c,a9e741ca4d59c2dc09e402b46d90297252f4807521e4e45b518815942695700b,CSc1ccc(CN(C)C(=O)CSC(C)c2nc3ccccc3[nH]2)cc1,CC(SCC(=O)N(C)Cc1ccc(Cl)cc1)c1nc2ccccc2[nH]1
f789343d71b7090e79dcd210641fae2fa7ece917149fcf2a8625e9f7ccc6b4f1,74b1197569b9b17e830bc8c9098d29812a745eee032e8f2641467f4a12825c1e,COC1CN(CCN2CCNC2=O)CC1NC(=O)CCC[*:1],C[NH+](C)C[*:1]>>FC(F)(F)[*:1],C[NH+](C)C[*:1],FC(F)(F)[*:1],3080,44531,1,1,1.0,21,4,4,25,25,8,5-9,CC(F)(F)[*:1]>>CC1([*:1])CC1,79255c75129b2b83a57a04b2424aac0484eb55b2348ed78027407328613cf8d3,d4db02a0f160ae6757c27b5b6955887136b0f05e9bc3b1106dc55f5f0385fa88,COC1CN(CCN2CCNC2=O)CC1NC(=O)CCCC[NH+](C)C,COC1CN(CCN2CCNC2=O)CC1NC(=O)CCCC(F)(F)F
72abf70f75bf2c31e17d6841680c36d56f984cf9d8072ac3d8e3205755af5e2e,c4ab852326590d506a28abb728b910173b1333e1928f8d17728ab007a89fcf91,CC(CCNC(=O)CCO[*:1])NC(=O)C12CCC(CC1)C2,C[*:1]>>FC(F)C[*:1],C[*:1],FC(F)C[*:1],26582,21016,1,1,1.0,20,1,4,21,24,8,5-9,CC(C)OCCC[*:1]>>CC(c1ccccc1)[*:1],9bd504996ebcb55a0a8645fcb8fbc1f4a0c50becc967264a70be63adb4aedb0d,c87c14d20d3228a10e230aec384ce6037eeb238fb128a1957f13a55daced40cf,COCCC(=O)NCCC(C)NC(=O)C12CCC(CC1)C2,CC(CCNC(=O)CCOCC(F)F)NC(=O)C12CCC(CC1)C2
8f957cfc9fabbc812b35fd19da46031d95557baf226b2bbb74ae34d6adf9fa56,cf8509e85bff600f93294779aa72331a5f69333efc0f210b9b308acdc6ccded7,Fc1c(Nc2cccnc2C(F)(F)F)ccc([*:1])c1F,CO[*:1]>>O=C([O-])[*:1],CO[*:1],O=C([O-])[*:1],40736,20439,1,1,1.0,19,2,3,21,22,8,5-9,CN(C)[*:1]>>COC[*:1],4f51e17c1f7aaaaaf95ef7290ef425a2e989e78dc2757523e760ec4514c2208b,32520817d39d1cfdf93b752ad0398846c1b8d0896ec98a87ae6de92e5c00baf7,COc1ccc(Nc2cccnc2C(F)(F)F)c(F)c1F,O=C([O-])c1ccc(Nc2cccnc2C(F)(F)F)c(F)c1F
8844bdcaebcf54154c0dcf86ca53a00553d0310fa3fb372cf5e27ae24b688193,7cccf9a5a05870ea3d6f8536668b74e963252b68bcd02aefd8ae7196f31cb2e9,CC1SCCN(c2nnc(COc3ccccc3F)n2[*:1])C1C,C=C(C)C[*:1]>>CC[*:1],C=C(C)C[*:1],CC[*:1],23555,12177,1,1,1.0,22,4,2,26,24,8,5-9,C=C[*:1]>>OC[*:1],3728448cace1329ffc9b966415fa2cf8bc40988142b83526c7be82532d55123f,3278def7f55c34d3c7f1057245c23006d064c24f61b33e70305d51e0403303b4,C=C(C)Cn1c(COc2ccccc2F)nnc1N1CCSC(C)C1C,CCn1c(COc2ccccc2F)nnc1N1CCSC(C)C1C
22ea084aa87d48015dfcf4773f03c1610660e890d0920c0687a7d78239b14e8c,ac52d502deeaa2d9b3556fcf04e425c205fc73881b8898fb82a91dc2b37d87f9,Cc1ccn(CCS(=O)(=O)c2ccc([*:1])cc2)n1,N#C[*:1]>>N=C(N)[*:1],N#C[*:1],N=C(N)[*:1],39912,13630,1,1,1.0,17,2,3,19,20,8,5-9,C1CCC(C[*:1])CC1>>Cn1cc(C[*:1])cn1,a30bcf1eee1655eaba3ea57bc2a15dcd725e5b9cbf448297f60a2d523732acbc,3a6d5f11e8eea1f47c27190627369433a62dcf247f2cbe0adfe0854606063448,Cc1ccn(CCS(=O)(=O)c2ccc(C#N)cc2)n1,Cc1ccn(CCS(=O)(=O)c2ccc(C(=N)N)cc2)n1
f16fbe5f4826a707c0d344b8540679e58ac0efee27f07157dac16725bd53a09b,b1863eddba05398ebf6b632e0fb13c6cf4f7912c32112e15127f21785a98d06a,CC1NC(=O)CN(CCOCC[*:1])C1=O,CC[*:1]>>CN(C)[*:1],CC[*:1],CN(C)[*:1],33741,41032,1,1,1.0,14,2,3,16,17,8,5-9,CC(C)CC[*:1]>>c1csc(C[*:1])c1,ffa1cf9af3f85c082d49c9b2a81aafca216c5aceddafa43944119316857dc737,a6a32e667570e391ee30a03de64bf8fd21f9496c31145a1c12d68d208fa01e49,CCCCOCCN1CC(=O)NC(C)C1=O,CC1NC(=O)CN(CCOCCN(C)C)C1=O
9750c76d101e4369884ec3ec39bd2e72ea0a92ba5302d0e57428e35f8620b453,add48353ccd5f65539b9650516371db274f97634ff4d278e75841daa7c726367,C1=CCC(Cc2csnn2)([*:1])CC1,ClC[*:1]>>O=C(O)[*:1],ClC[*:1],O=C(O)[*:1],38406,4804,1,1,1.0,12,2,3,14,15,8,5-9,Brc1cccc([*:1])c1>>Fc1cccc([*:1])c1,0e37417ea1648605f03bbec238d44b56611d6862b8d6783fcd2fa5e4699990ba,679efc2052b665bdf3b0f78bfc68554cff701d4ae27af2a0cbf6dc25143fcfeb,ClCC1(Cc2csnn2)CC=CCC1,O=C(O)C1(Cc2csnn2)CC=CCC1
21abfb7f47dcf0d1b23d6b823cd5a48a95bce07bf809230ae9c067be18bd8876,424d30cf5291bb39f9515abfadac42608aedd17e5af4943d7db61015ca474b65,O=C(Cc1cccs1)N(C[*:1])C1CC1,CCC[*:1]>>FC(F)(F)[*:1],CCC[*:1],FC(F)(F)[*:1],35844,22751,1,1,1.0,13,3,4,16,17,8,5-9,Cc1ncoc1[*:1]>>Cn1ccc([*:1])c1,ed4cc4f76156d8df678fcaa68e6f831c5e3f284216dbff44039f1add109025a8,bd7b0470e3a24f2d528cd87d6d3545cbd1f346cb1049416247c4e06a4d0316ce,CCCCN(C(=O)Cc1cccs1)C1CC1,O=C(Cc1cccs1)N(CC(F)(F)F)C1CC1
6cffbadd2949f20bfbdcf0594e2ed3e26a894bcbc7ea781a30bf87fbc84249b3,314ef5868d7f7b9480c7f6d36c2230f558791193334942177db63f1081307d53,O=C(C1CC2C=CC1C2)N(c1ccccc1)[*:1],CC[*:1]>>O=C(O)C[*:1],CC[*:1],O=C(O)C[*:1],10592,44439,1,1,1.0,16,2,4,18,20,8,5-9,CCC(C)[*:1]>>COC(=O)N[*:1],2c4e17868d7a15f922771021139f349dc1d6953fd12349d53f04e3ffb2a7dfd7,3c0cd8a3b2585965cdaec5bb18769b18ee1f71686b5573f5f165e0eea8602790,CCN(C(=O)C1CC2C=CC1C2)c1ccccc1,O=C(O)CN(C(=O)C1CC2C=CC1C2)c1ccccc1
b9a29628ba2c536aaa24f829e0132862a70af6fdf0d581d24fae756fd2a36df1,af764e81552921384a8f5601bb9152d9518e20eccb380ddad8febb3355735792,CC(OC(=O)C1(C)CC(F)(F)C1)c1ccc([*:1])cc1,FC(F)O[*:1]>>F[*:1],FC(F)O[*:1],F[*:1],23100,362,1,1,1.0,18,4,1,22,19,8,5-9,ClC[*:1]>>NC[*:1],337f1ceaea6eb53fc608f61d2cd696f66aaf99e26207e5fded3a06d39fd61824,561aa3f3d20f09269cf09e19e4880ad156012d5985975edc6cc52a9075a2c7be,CC(OC(=O)C1(C)CC(F)(F)C1)c1ccc(OC(F)F)cc1,CC(OC(=O)C1(C)CC(F)(F)C1)c1ccc(F)cc1
71eb0609fb4b4ece3dcba65663d6420a65c6fb4eb2316e470adc3ee69f644e4d,8ed5a4761cbb9a1965f6a5d333acef3e797d08957930b4c13bafa35cd46dc49e,CCC(c1ccccc1N1C2CCC1CC(O)C2)[*:1],CCN[*:1]>>O[*:1],CCN[*:1],O[*:1],30257,22425,1,1,1.0,18,3,1,21,19,8,5-9,CNC(C)[*:1]>>NC[*:1],b6416241e9d7cbd478b6f0021f81cf3b8133fdde2f18f419b64618f196e3a36e,6cbe57f23f30f364da1f9e8dbb9682848ed36582a258eea515a431d10c39c559,CCNC(CC)c1ccccc1N1C2CCC1CC(O)C2,CCC(O)c1ccccc1N1C2CCC1CC(O)C2
afc70ecdf6d8a1f9614f3d2687a55ff6ed6b77f2a2039c98c5f9378fefb3395b,355af46824ada856bcf42e6ca18ca4f2572a6148b487f59fa02f97396a141c68,O=C1COc2ccc(-c3csc(=NC[*:1])n3N=C3CCCCCCC3)cc2N1,C=C(C)[*:1]>>C=C[*:1],C=C(C)[*:1],C=C[*:1],20025,8124,1,1,1.0,27,3,2,30,29,8,5-9,CC(C)C[*:1]>>Fc1ccc([*:1])c(Cl)c1,2cab16395527ada2ca016e6a095bf4368c5bb5120003aff0ae33bb33fc2fbf95,c99aa04580a3b031a6eb66e43a6e4ee799a6fc7c1ba94705dacd78d59cd4122a,C=C(C)CN=c1scc(-c2ccc3c(c2)NC(=O)CO3)n1N=C1CCCCCCC1,C=CCN=c1scc(-c2ccc3c(c2)NC(=O)CO3)n1N=C1CCCCCCC1
efe86015096e3645d96502d288f4513ac8add9bdf5954200954b9f2a93c5a84a,9f6ecca95b69f5505fd37986d15f3027daf4ac240ae29ec018c148957d8369de,CCC1(O)C(=O)OCc2c1cc1n(c2=O)Cc2cc3cccc(C=NO[*:1])c3nc2-1,CC(C)[*:1]>>O=C(O)C[*:1],CC(C)[*:1],O=C(O)C[*:1],34429,42890,1,1,1.0,29,3,4,32,33,8,5-9,C=CCCC[*:1]>>CCC(C)[*:1],fa62bead36d68016696ce6184839fde88deb99dae4e03edefb23ac900315a212,4dfef9b6e72f9c9e2b3ff94b9a790082204421f060b1666151ae8c60fe94f113,CCC1(O)C(=O)OCc2c1cc1n(c2=O)Cc2cc3cccc(C=NOC(C)C)c3nc2-1,CCC1(O)C(=O)OCc2c1cc1n(c2=O)Cc2cc3cccc(C=NOCC(=O)O)c3nc2-1
2739dec8a8482a6e6ef9e6bfc4421435579f1df59bc6a44a420749b527243759,a6ce9d1328a63e9cc1edb0877f1f27f7db74a4b98ddb24d56210aba0023fac3f,Cn1nccc1-c1cncc(CNC(=O)c2cccc([*:1])c2)c1,Br[*:1]>>CS[*:1],Br[*:1],CS[*:1],1293,49820,1,1,1.0,22,1,2,23,24,8,5-9,C1CC([*:1])C1>>COC(=O)[*:1],c10e4e7fc142f3b1a10563a7ce9c6802062e05a6a409f4f2b99808e05d834196,638a3ce37f936ba5e05294f733799d2b553e82bfb04e8fdbd99717c90ec1aac3,Cn1nccc1-c1cncc(CNC(=O)c2cccc(Br)c2)c1,CSc1cccc(C(=O)NCc2cncc(-c3ccnn3C)c2)c1
d52fc3f6129b09057f7e89ff6c5d9f932ae8b846a22472a90d7f48dceff0e082,499b1e36bdb72faec4180484f96eb52a3f5e4106373f0e583420259c8fda436d,Cc1ccc2cc(Nc3ccc([*:1])cc3)ccc2n1,COC(=O)C[*:1]>>O[*:1],COC(=O)C[*:1],O[*:1],23395,42676,1,1,1.0,18,5,1,23,19,8,5-9,C1CN([*:1])CCO1>>O=C([O-])[*:1],b353bda07b4d1d3a00c7a45adcc571e7d6015853f988245d0654f9e8d92ceef6,58e6ce4e1885b7490cc0a7ddd7d3a9add3f245f764048d4fdeaec1c77b2829b8,COC(=O)Cc1ccc(Nc2ccc3nc(C)ccc3c2)cc1,Cc1ccc2cc(Nc3ccc(O)cc3)ccc2n1
27b8af74e75dfbb966bbc44fbca883bb84c3efa09944eea5fd554450de08f9fe,6525dc110f9662e6ab1287f6a698edf47fb34e3597b8b591f94af16b7f92fa1a,O=C(Nc1ccncc1[*:1])c1cn(CC2CCOC2)nn1,CC(=O)[*:1]>>F[*:1],CC(=O)[*:1],F[*:1],22528,26265,1,1,1.0,20,3,1,23,21,8,5-9,C#CC[*:1]>>C=CCC[*:1],66e85dcefa07bd40140fd67437883d81bd1d4d036eba84d4c5c28cb9085a258e,fa1b63a041e46042efbb1110e367400001c69592f4201c1debd97ae728198f83,CC(=O)c1cnccc1NC(=O)c1cn(CC2CCOC2)nn1,O=C(Nc1ccncc1F)c1cn(CC2CCOC2)nn1
5626fdbad5e588323479695c0733a2d0d04352067cd11a58484fc29f458602bf,5bc6f280862ce2f120d712052085450b9e805543b2b1d5eeab1de21a9738e377,O=[N+]([O-])c1cc(C=NNS(=O)(=O)c2cccs2)ccc1[*:1],CCO[*:1]>>O[*:1],CCO[*:1],O[*:1],22072,36697,1,1,1.0,20,3,1,23,21,8,5-9,CC(C)(C)C[*:1]>>c1csc([*:1])c1,0437096e51114463e9fd750c81c1f278fbcf10dc42b092055da03d39d8c72880,593f0998b86671f1d55ee6a3fb8fa1187b0f84402d445e3706e00faf716f00ba,CCOc1ccc(C=NNS(=O)(=O)c2cccs2)cc1[N+](=O)[O-],O=[N+]([O-])c1cc(C=NNS(=O)(=O)c2cccs2)ccc1O
77b5dd7695eb750937874e29dda4fbcadea538e2677f983046403aa3ffbf4b05,62eb47dfa562c89af1070ae303432736edd87b6fa9ea3d543c070b5025d3964c,CC1(C)C2CCC1(C)C(OC(=O)C[*:1])C2,C=C[*:1]>>CCC[*:1],C=C[*:1],CCC[*:1],36390,7944,1,1,1.0,14,2,3,16,17,8,5-9,C1CC([*:1])CO1>>Cn1cc(C[*:1])cn1,9d850e74cf3b2fbf79e1db2c4007c63639b4f2db3c1f4a920b022339d06b8456,2c28f6ca31e9afaa5842bc420dd0c22d1944161dd202bd759686d0d89937edb8,C=CCC(=O)OC1CC2CCC1(C)C2(C)C,CCCCC(=O)OC1CC2CCC1(C)C2(C)C
1509859f6ae926a5c9f2063e78a0cdca58ad0a4e2ee3ed92f4243f23fbdf157f,3137568e9e4d76ecbb939a2f7c3f4fa2afb6644e86111410b2ac28df384a30e9,CN(Cc1cccc([*:1])c1)C(=O)C=Cc1ccnc2ccccc12,NC(=O)[*:1]>>O[*:1],NC(=O)[*:1],O[*:1],21805,42988,1,1,1.0,23,3,1,26,24,7,5-9,CC(C)OCC[*:1]>>c1csc([*:1])n1,07e682a5df10ca6785f2d820b803bb62b80b2b0525cd511d2ba147b98bc82e2c,92e6e4b454ed1b2fa5e65413b9b725805f6ef97ad1af7e191a47ac86d0b60a40,CN(Cc1cccc(C(N)=O)c1)C(=O)C=Cc1ccnc2ccccc12,CN(Cc1cccc(O)c1)C(=O)C=Cc1ccnc2ccccc12
34a509ddbbaf52196961789c01ae2d88e1786f8e609daf015e03574735e957ed,43f91bc7ea23a8526a6df5b014d44ff56eb015c874bc9bc0aee3da5f7e1167f6,Cc1c(C(=O)N2CC([NH2+]C3CCOC3)C2)cnn1C[*:1],COC[*:1]>>N#CC[*:1],COC[*:1],N#CC[*:1],20366,11926,1,1,1.0,19,3,3,22,22,7,5-9,C1CC(C[*:1])C1>>Clc1ccc(C[*:1])cc1,5875e8b05cf3ccfe1a33418cc297ddeba120a0d5fc398d56651fda2cd1a7bf9b,5c99c9f31b73fd3936b045fc1de824b1a931a1775e2a02ffb694591f4bcf53d6,COCCn1ncc(C(=O)N2CC([NH2+]C3CCOC3)C2)c1C,Cc1c(C(=O)N2CC([NH2+]C3CCOC3)C2)cnn1CCC#N
be6ce5d53e8ce07c36ef47406ed3535fd076f5e472aaafde999c9e31d7cb0243,6ef7d8bd05cb2ee739da1d13a68e31398b4d550c982fe1cefc58d32e3e7b81a0,OCc1ccc(CCNc2nnc([*:1])s2)cc1,Clc1ccc(C[*:1])cc1>>c1ccc(C[*:1])cc1,Clc1ccc(C[*:1])cc1,c1ccc(C[*:1])cc1,48231,28538,1,1,1.0,16,8,7,24,23,7,5-9,C1CCC([*:1])CC1>>CCC(CC)[*:1],6294c76250764937567d44876032363f6d25b14116295203968d7bfb09867c35,96a0d17fe6e635862121f2c0cae5610068f6ffef040f77e0170ca3595a5dcccf,OCc1ccc(CCNc2nnc(Cc3ccc(Cl)cc3)s2)cc1,OCc1ccc(CCNc2nnc(Cc3ccccc3)s2)cc1
b6865a7c92995676203ab00d8474d0aa09db5d690b2a9c566cb5b3b835fc8197,a45f5d06916a4631fb8afb9e7f35bde1126f2251c2a7979e4133baa899ca24ef,COc1nc(C(=O)NCC(CO)[NH2+][*:1])co1,Fc1cccc(C[*:1])c1>>Fc1ccccc1C[*:1],Fc1cccc(C[*:1])c1,Fc1ccccc1C[*:1],10407,29897,1,1,1.0,15,8,8,23,23,7,5-9,C1CN(C[*:1])CCO1>>CC(C)[*:1],4fd4d4d0c0984d01bf1fb4f33c42abb977a84cd8e15393d61debd71b58105205,7353df7a4e374ba5b9ae76743304099787fd5de6e577226a82b940051cc720b2,COc1nc(C(=O)NCC(CO)[NH2+]Cc2cccc(F)c2)co1,COc1nc(C(=O)NCC(CO)[NH2+]Cc2ccccc2F)co1
7befbeeb52309323dc64b5171a7b37cf10464ab8723b6e1ac486ee665cf181ac,50f69fd4cc1241d49d23f4356fb170eefc6a4f0357122782ec29af854c3b19fc,Cc1cc(CN2CCOC(C)(CNC(=O)[*:1])C2)sn1,CC=C(C)[*:1]>>C[*:1],CC=C(C)[*:1],C[*:1],49366,31640,1,1,1.0,18,4,1,22,19,7,5-9,C=CCC[*:1]>>CC(C)[*:1],bfabe6ec70fd6a9f8a88d90ad331f12236e62540890817fbe3a7f70de5e59b37,4e20d434498159fcfcffc23f1cb54d948d0d9330ef30f897323a0f014eb6e35b,CC=C(C)C(=O)NCC1(C)CN(Cc2cc(C)ns2)CCO1,CC(=O)NCC1(C)CN(Cc2cc(C)ns2)CCO1
64e12d95476c0ccae433808657bea3f873d88bcd81f5b22408649fb7d6b44ad9,fa5fefb8c891dae72c8f3fa4fd6e73141197149582e290d8752d1d1fad535f2e,C1CC2(C[*:1])CCC1C2,CC(N)[*:1]>>NCC[*:1],CC(N)[*:1],NCC[*:1],35035,44662,1,1,1.0,8,3,3,11,11,7,5-9,CC(N)[*:1]>>N#C[*:1],f0329c152ff175bd6cf3f140159ef1e20a79b0ee2b86369f54aaa163cab800a2,457b60d610237445d84baff654f8267d9994310ca4f365d9307a7e6b06276283,CC(N)CC12CCC(CC1)C2,NCCCC12CCC(CC1)C2
a3cbef26785bc4f10c3dcd239f86ef8c512072ca6fdf0e82e48fa1943dee63ee,1b1c361b567cb447d893ef6f83dea9e19c01d72bdbce11996d08de4f929ee8a7,O=C(NC1([*:1])CCCC1)C1CC1c1ccc(F)cc1,C#C[*:1]>>OCC[*:1],C#C[*:1],OCC[*:1],15930,23644,1,1,1.0,18,2,3,20,21,7,5-9,CC(O)[*:1]>>CN(C)[*:1],b51ba03e52deb109084bbb04a9431ed1251c39c5129faf0d1a19de16ed4baee7,d0595bbb69436c70d25a571801f5800091773b7fc2148ca97b22217076a77439,C#CC1(NC(=O)C2CC2c2ccc(F)cc2)CCCC1,O=C(NC1(CCO)CCCC1)C1CC1c1ccc(F)cc1
5400509d060076e35dafdb3bbc20be9e1d1bd23c49f4833e6ee28e5a789b46b6,4bf1de54b57721aceec237c944746879eaba79f388364925e3480c9a30bcfeef,CCOc1ccc(Nc2cccnc2[*:1])cc1F,Br[*:1]>>CC(=O)[*:1],Br[*:1],CC(=O)[*:1],28347,27964,1,1,1.0,17,1,3,18,20,7,5-9,Fc1cccc(C[*:1])c1>>c1ccc(C[*:1])cc1,dc765d542ed7b497f2531e4214c1fce09409ed1188c590e6f10e0642420a60e8,31a053887a58df767f710aa89cfd9cc9293b367b05a3c240f078eda6e0787630,CCOc1ccc(Nc2cccnc2Br)cc1F,CCOc1ccc(Nc2cccnc2C(C)=O)cc1F
b30042df318f0b4f47f6f0a9e5df9141f16216b0004be45e3f9c2392a7b274cc,559ab81fa591812caf707db422a6da3dee9801ef78c23d37f229d24db7906506,Cc1cc(OC2CC[NH2+]CC2)nc(-c2ccc([*:1])cc2)n1,CCOC(=O)C[*:1]>>CC[*:1],CCOC(=O)C[*:1],CC[*:1],3737,47936,1,1,1.0,20,6,2,26,22,7,5-9,C1CC1[*:1]>>C1CC[NH+]([*:1])CC1,1c8bd7e69b5a3ca86a654048103a8a117b8730c43fe583eb2c571cee6fc1fa2c,6e71735e41458e07cbeb9c314b49805b4785f225a337fd3a093a96f17c6326cb,CCOC(=O)Cc1ccc(-c2nc(C)cc(OC3CC[NH2+]CC3)n2)cc1,CCc1ccc(-c2nc(C)cc(OC3CC[NH2+]CC3)n2)cc1
13627f81098b249112940343872b27e926b64afc491eb4dd5ea06d4737e1040e,64453b39920375e0085341b879b7aab51e1eef22deafcadb4642a87f5fb09cdb,COC1C[NH+]([*:1])CC1NC(=O)C(C1CC1)[NH+](C)C,C=CCC[*:1]>>CC(C)[*:1],C=CCC[*:1],CC(C)[*:1],48045,13722,1,1,1.0,17,4,3,21,20,7,5-9,C1CC1[*:1]>>CC(C)(C)OC(=O)NC[*:1],03edc23b2e9503b0776f2104192027980293494171af7450a442513a708ef1ef,fcb232993b6e4c3eb20ce7b5ecc9753b74482a46bee183120a9c440ecdca599a,C=CCC[NH+]1CC(NC(=O)C(C2CC2)[NH+](C)C)C(OC)C1,COC1C[NH+](C(C)C)CC1NC(=O)C(C1CC1)[NH+](C)C
81ca2a79c385ebf6814fed9aeeda60b334e067d04821db77e04836643dc1e60e,ff2a8878c36aa98630d52a370ba1113220047df366fcff4a64bd41e22f8ec472,CC(NC1CC2CCC1(C)C2(C)C)[*:1],COC(C)[*:1]>>C[*:1],COC(C)[*:1],C[*:1],4901,26343,1,1,1.0,13,4,1,17,14,7,5-9,COC(=O)C[*:1]>>O=C(O)[*:1],ed2c7e1054317056379769c4edeec7a35e4e26bda06e3c2b61b698750f43c542,deadca9a0cc29f8695983cfc7be937598d0b7ad7a541b34bbf12f80a48dc86fe,COC(C)C(C)NC1CC2CCC1(C)C2(C)C,CC(C)NC1CC2CCC1(C)C2(C)C
0417d96ab9e5a648346a4e083b5f0942fb7801560b29cfc3d3c26db9a8ec23e8,1b832452d654d7cb6db3411b57ad8cc3040c6734afa5785b0a5437e855d7b217,COc1cccc(CSc2nc(C)c(CC(=O)Nc3ccc([*:1])cc3)c(=O)[nH]2)c1,CCO[*:1]>>CN(C)[*:1],CCO[*:1],CN(C)[*:1],17967,15096,1,1,1.0,28,3,3,31,31,7,5-9,Cc1cc([*:1])no1>>Cc1nc([*:1])c(C)o1,92ee360214c3b4c86456e1f8cef5c0d2292e856c29810f367b36358ff2071472,c368c20c71431c1a805fb2dc9b1aa9e2ab11d2a4afee1419152bad350feae303,CCOc1ccc(NC(=O)Cc2c(C)nc(SCc3cccc(OC)c3)[nH]c2=O)cc1,COc1cccc(CSc2nc(C)c(CC(=O)Nc3ccc(N(C)C)cc3)c(=O)[nH]2)c1
d23e933b78922fad662af532ad40ea549cfd0a8dcc73e067b12753ec7fcbda8e,aa34d8159761f11da8b2ea683c31ab34f3643370e126b9629dbfeaccb46670b3,Cn1c(=O)oc2c(C(=O)NCC3CN(C(=O)[*:1])C3)cccc21,CCC(C)[*:1]>>COC(C)[*:1],CCC(C)[*:1],COC(C)[*:1],43546,16689,1,1,1.0,21,4,4,25,25,7,5-9,CCC(C)[*:1]>>COCC[*:1],94ea4214c35927cc4087caa25a880ed3bf7d8356cd512ceca84214920f5a2317,bcd0c1cb4b98286c967ba58f998e5e5226f3a13c2e834ea49771970cf41196fd,CCC(C)C(=O)N1CC(CNC(=O)c2cccc3c2oc(=O)n3C)C1,COC(C)C(=O)N1CC(CNC(=O)c2cccc3c2oc(=O)n3C)C1
f5c6aad6e187cdb64808207d344837507bc144f1aac97809a1d066d6dbcb216f,eb352acd86fea0c99def24c3ccf76dad74fb58591e38f27f4a3831e8785e992b,O=C(NC1([*:1])CCCC1)C1CC1c1cccc(O)c1,CC(C)(C)OC(=O)[*:1]>>OC[*:1],CC(C)(C)OC(=O)[*:1],OC[*:1],27823,15313,1,1,1.0,18,7,2,25,20,7,5-9,C1CC(C[*:1])C1>>NC(=O)C[*:1],933546ac8740f17659e44d223d031d3799db1b03ad3b1eb2229d9ca4f64080a0,397fbeaccef5efd58b7b2b9fe791e8c675f201e25a18cd0f7e056323f9c28710,CC(C)(C)OC(=O)C1(NC(=O)C2CC2c2cccc(O)c2)CCCC1,O=C(NC1(CO)CCCC1)C1CC1c1cccc(O)c1
634aface5110776005a3b3aa3347176cf2d6bd77813754680685da1d436f29e4,9b5da8bf461135b76e16dcb7c8648dcc158774ac11dd4b6d2b4ed78d2b2d74f0,CN(CCO[*:1])CC1CCC[NH+](C)C1,COc1ccc([*:1])cc1>>Clc1cccc([*:1])c1,COc1ccc([*:1])cc1,Clc1cccc([*:1])c1,871,6790,1,1,1.0,13,8,7,21,20,7,5-9,COc1ccccc1[*:1]>>Fc1cc(F)cc([*:1])c1,2a9810a0895495d61b0f80a9fbb8f7a80bbcf81f3b789cc0b0421321c5bd1a03,071fd0c0e4fecce805faa698da580ee9da63c38f524cd20a8b314553696826d0,COc1ccc(OCCN(C)CC2CCC[NH+](C)C2)cc1,CN(CCOc1cccc(Cl)c1)CC1CCC[NH+](C)C1
faa492cd5c407f693034e32beb94387060eb4689481fc2bc49306784e5ff378a,68b3ccdfba89bf9011460e9afb99d8f83a752217879a13b5d9ebaf84fcb40b6a,CCCOc1cn(-c2ccccc2)nc1C(=O)N1CCCC([*:1])C1,COC(=O)[*:1]>>[NH3+][*:1],COC(=O)[*:1],[NH3+][*:1],34437,47559,1,1,1.0,23,4,1,27,24,7,5-9,C1CC([*:1])CCO1>>CC(C)(C)C[*:1],3dc678c4b3eb9297d52d0e63f48126ce5886d332f2ed7c8eca9527234efca901,5b0dbae946db4a03bf3844971a6add6f709d64afe134602a320874c19baf052a,CCCOc1cn(-c2ccccc2)nc1C(=O)N1CCCC(C(=O)OC)C1,CCCOc1cn(-c2ccccc2)nc1C(=O)N1CCCC([NH3+])C1
00d765414a5688334a90cbd022dd276876d031c1d81f52a76d83b19ceb4f0109,3aeda8aaee769058d189c17b2f1d11c532cf88b62211c2f7dd08c1c81a9c4629,c1cc(O[*:1])ccc1CNCC1CC[NH+](C2CC2)C1,Fc1cc(F)cc([*:1])c1>>Fc1cccc([*:1])c1,Fc1cc(F)cc([*:1])c1,Fc1cccc([*:1])c1,26210,19098,1,1,1.0,18,8,7,26,25,7,5-9,COC(=O)C[*:1]>>c1cc([*:1])ccn1,2c7252c517fcf1aa0ea5a75f5896c82f981d900f8ea64a0b656c5568a0847aed,a4f90b121e5646c9d0a46269567e70788956c6610f96d24da5d9899cd8491b60,Fc1cc(F)cc(Oc2ccc(CNCC3CC[NH+](C4CC4)C3)cc2)c1,Fc1cccc(Oc2ccc(CNCC3CC[NH+](C4CC4)C3)cc2)c1
9c1a66d933bfcff6c6197becf553bf3c94f1de31dcea69241570602dc6aab8a3,2da3e5c0e8e69dbaa7e706816c170296a4d11372baef9872f596a6f489ba29e9,CN(CC1CCCC1O)C(=O)CO[*:1],COc1ccccc1[*:1]>>Fc1ccc([*:1])cc1,COc1ccccc1[*:1],Fc1ccc([*:1])cc1,13837,18347,1,1,1.0,13,8,7,21,20,7,5-9,CC(C)(F)[*:1]>>Cc1cc([*:1])no1,8d5b71188ba7fb47753907bfa5f02726790c98f1c5cac2320727498f31a61f1e,3742c4e7781a0b72fe42dfae3236501d5e474063011e458b13e1f5268ab95821,COc1ccccc1OCC(=O)N(C)CC1CCCC1O,CN(CC1CCCC1O)C(=O)COc1ccc(F)cc1
15c9706b663dd685ea98f394c080d88eb6b1b2e65fcfc1b674907d6f82e4f3ba,a0ca49500abf5a02c22f3b173a0cf527eec87e95eac9a8f57d3c3dfdeae0b8ac,COc1cccc(Oc2ncccc2CNC(=O)[*:1])c1,C1CC1[*:1]>>CC1([*:1])CC1,C1CC1[*:1],CC1([*:1])CC1,42528,11645,1,1,1.0,19,3,4,22,23,7,5-9,C1CCC(C[*:1])C1>>Fc1ccccc1[*:1],740b5e48554e68be131238bebe3c590016b262375fd2d510ad22a605352a052e,b7d0e2fe35d0fa8d33c0ff2ceca4a5f481de94c75f0fba636b8c163af4d8ae2d,COc1cccc(Oc2ncccc2CNC(=O)C2CC2)c1,COc1cccc(Oc2ncccc2CNC(=O)C2(C)CC2)c1
706919fe3132a20522a1513724a3c2b4e109a6e927be6191af19c20e34d4ba50,2ec872a492cb5a52c976bae715bce8a0d42527fe42c3425134c1594a81212f61,CN(Cc1ccncc1)S(=O)(=O)CC[*:1],Brc1ccccc1[*:1]>>Fc1ccccc1[*:1],Brc1ccccc1[*:1],Fc1ccccc1[*:1],31155,42507,1,1,1.0,14,7,7,21,21,7,5-9,COC[*:1]>>c1nnnn1[*:1],68282af6b7c69a903d7988feb4485f6c7334400e6e5a7420de314d9a87e4ef7c,febef09c1a51038c08610223af9ec1412474ffdb5cb48e761595eb2113dc4653,CN(Cc1ccncc1)S(=O)(=O)CCc1ccccc1Br,CN(Cc1ccncc1)S(=O)(=O)CCc1ccccc1F
fa055a01d08d6f88ebdf471a908cd1ad1aa42ba52bfb9e383a027903d6b1a497,e5919fff0fd8bdb811bee44a02de25b64aee964c0089a9c0dad2f29a7b05026e,O=C(O)CC1CC2CCC(C1)N2[*:1],Brc1ccc([*:1])cc1>>Brc1cccc([*:1])c1,Brc1ccc([*:1])cc1,Brc1cccc([*:1])c1,46800,48322,1,1,1.0,12,7,7,19,19,7,5-9,Cc1ccc(C)c([*:1])c1>>Fc1ccccc1[*:1],59e9d224d95c574b9cc46fdf72140dcb399fa728bdc326f579ba3288fa41a60c,ed1d45e85bf527c5449e891d8f66f0cfe59b1943a52bfbbf8be291f91723de96,O=C(O)CC1CC2CCC(C1)N2c1ccc(Br)cc1,O=C(O)CC1CC2CCC(C1)N2c1cccc(Br)c1
98270836119ce348984a03c62d50e7f9cc62723fbdd50d05385452608e4e99ab,a5f92261ffa4d5d83c146e3b8f51b4936617645d222c7b195dd2ed670a20fdb7,N#Cc1ccncc1Nc1ccc([*:1])c(F)c1,CC(=O)[*:1]>>O=C(O)[*:1],CC(=O)[*:1],O=C(O)[*:1],3856,32606,1,1,1.0,16,3,3,19,19,7,5-9,CC=C(C)[*:1]>>CCC1CC1[*:1],795de6ca7351f40de289858d65dca5403e43da19e81a7f828b42e06ca6122a98,edb03ecbf554fb2a64a92044b414b1229e95c56847c239bc4f590c3afda89e88,CC(=O)c1ccc(Nc2cnccc2C#N)cc1F,N#Cc1ccncc1Nc1ccc(C(=O)O)c(F)c1
d13f966ed1940a7d8eebccfef83d3f5119aac6a4a4381af0a7b40b4f4cfb9a1a,bfbb4371128a3ebbde1854f9ae209278d91a01b477d707cff70744c938e83935,O=C(COc1ccccc1)N1CC2CCC1C1C[NH+](C[*:1])CC21,C=C(C)[*:1]>>C=CC[*:1],C=C(C)[*:1],C=CC[*:1],35569,43661,1,1,1.0,22,3,3,25,25,7,5-9,CC(C)(C)C[*:1]>>CCC=C(C)[*:1],464f33556ebb55b8b58a1ec0b2660b2274ac6090c88bd5c858b4224a1710c711,857ac3b056ca64cf010024b98029ff4abcf211fc455750e1f72a6172a6f2a1d8,C=C(C)C[NH+]1CC2C3CCC(C2C1)N(C(=O)COc1ccccc1)C3,C=CCC[NH+]1CC2C3CCC(C2C1)N(C(=O)COc1ccccc1)C3
a7c2f9a37ca18955562ec9cc3f1097f2e168ff49466a524877c1fd5f1ee81561,15f6224fd6df740795f1c86f8c9899966989a3838e149748de8a22bd22be4500,CCC1CN(C(=O)[*:1])CCC1NC(=O)c1ccoc1,CCC(CC)[*:1]>>CCC[*:1],CCC(CC)[*:1],CCC[*:1],15691,19419,1,1,1.0,18,5,3,23,21,7,5-9,C=C(C)C[*:1]>>OCC[*:1],5788cc7efe1091d9345a1dcae09c61a488bb916ef3e85892097ee03539e2a251,df34fcc10fc136538a5f88b969aa9d2173920fbf8dc2dbc7e5f6a1b8fa91ea72,CCC(CC)C(=O)N1CCC(NC(=O)c2ccoc2)C(CC)C1,CCCC(=O)N1CCC(NC(=O)c2ccoc2)C(CC)C1
03bad50b22fc30ee30078d80991fa591995eb36a05125e6b03e243b7e8aed515,81f70a6d79076b0e40adab342c85d545fba2947a4dc10490de3dfde241585738,Cn1cc(CC(=O)NC(C2CCOCC2)[*:1])c2ccccc21,CCOC(=O)[*:1]>>CC[*:1],CCOC(=O)[*:1],CC[*:1],47547,24839,1,1,1.0,21,5,2,26,23,7,5-9,CCC(C)=C[*:1]>>CCC[*:1],7b6cbcc2128b3fed024f2731385a665fa409caa8a0696e86e0cc795d58972235,7fc569d8965227895fcdd2270be1b3a6adbe6633c448c866288d1872580e00d5,CCOC(=O)C(NC(=O)Cc1cn(C)c2ccccc12)C1CCOCC1,CCC(NC(=O)Cc1cn(C)c2ccccc12)C1CCOCC1
500f3999494b3659e44761af460a070c43ee1905ea2daf1d78e772a5d337b6bc,f132cf30fe9d89e62e211fb8899e63fedf113a959faac603e069e59c0f73f67e,Cc1ccc(Nc2cc(Br)cnc2F)cc1[*:1],COC(=O)C[*:1]>>O=C([O-])[*:1],COC(=O)C[*:1],O=C([O-])[*:1],35347,667,1,1,1.0,16,5,3,21,19,7,5-9,CCC(F)[*:1]>>COC(C1CC1)[*:1],59fe485c836e211c10132caca78b566c43b825584aa0b14ddd08b04adc3d5f10,fad8f3cf8873b5b0a1d1746ecd602e89d3065ba23d5966f00e2b8392f935316c,COC(=O)Cc1cc(Nc2cc(Br)cnc2F)ccc1C,Cc1ccc(Nc2cc(Br)cnc2F)cc1C(=O)[O-]
936623046130e7b8c907af213f483799c25876116fcdadae9c26ee5ea624c9ab,4b031836dcc52df5538d071f1088b8b3781de2d14bf9bf536077290612060cba,CCC1(CNC(=O)C(C)O[*:1])CCCC1,Fc1ccccc1[*:1]>>N#Cc1ccc([*:1])cc1,Fc1ccccc1[*:1],N#Cc1ccc([*:1])cc1,30951,27611,1,1,1.0,14,7,8,21,22,7,5-9,C1CCC([*:1])OC1>>c1cc([*:1])sn1,2f2e049c15dac8c39ab350595ee047783c07da53f3173f27a7de624e8c9a8766,3eef1f57cc1e8fdbfe4b71cad6cb280b16c4306edeb59a7a7aff835d59d78d5c,CCC1(CNC(=O)C(C)Oc2ccccc2F)CCCC1,CCC1(CNC(=O)C(C)Oc2ccc(C#N)cc2)CCCC1
2f7a6b995a4a95ac6a6d80a969677d1eda8046697b44c1b11a94117af8b2f2eb,c3ead724107240d2d230d4540889cce6d4a9ee04e80deebc6c83056e7a3b4455,N#Cc1ccc(Nc2cc([*:1])ccc2F)c(Br)n1,CC(C)O[*:1]>>O[*:1],CC(C)O[*:1],O[*:1],20737,36561,1,1,1.0,17,4,1,21,18,7,5-9,Cc1ccc([*:1])cc1F>>c1cncc([*:1])c1,0b1a7db94565a92a8b1d03a3bf22a396b7214fa42e4e3a5a20c3c0a6f73ae448,1a4dd1b1f3cf342723052d541b1c535ebc171267c59adc9ef29fb89a68a6fa61,CC(C)Oc1ccc(F)c(Nc2ccc(C#N)nc2Br)c1,N#Cc1ccc(Nc2cc(O)ccc2F)c(Br)n1
7505b880b7a24342223c3c90b43d65e90b73fb645932569eb86ebc99bc9ad2c5,7c6d0b64c2da70b9ed1131b67d1dc8f6b807de71fe302e59be96f6e6a434c2fd,CC1CCN(C(=O)C2CC[NH+](C)C2)C(C[NH2+]Cc2ncnn2[*:1])C1,CC[*:1]>>FCC[*:1],CC[*:1],FCC[*:1],19008,7925,1,1,1.0,23,2,3,25,26,7,5-9,C=C(Cl)C[*:1]>>C=CCC[*:1],9ddb56dbebc5781ecef0295ff5bd3bd05009f4197acb3a9121ad7fc3e71e14ab,56207520f601bcab2c10e54e0c0f6fc7e6817ddddf5b91367bf14a98b1f5ad68,CCn1ncnc1C[NH2+]CC1CC(C)CCN1C(=O)C1CC[NH+](C)C1,CC1CCN(C(=O)C2CC[NH+](C)C2)C(C[NH2+]Cc2ncnn2CCF)C1
cb95f0a1c72508073fd441fb73cb4ea0f370ecbd1be5f8487abd6f50e6a659b0,55e0cc2584cb0edd83636deca27da5461ba6da6ab283cf6f57c495a40e6b4d86,Cc1cc(C(=O)NC2(C)CCN(C(=O)[*:1])CC2)c(C)o1,CC(F)(F)[*:1]>>C[*:1],CC(F)(F)[*:1],C[*:1],34180,7141,1,1,1.0,19,4,1,23,20,7,5-9,Cl[*:1]>>NN[*:1],08bbd1a3aac89086fdd0cf10ccdf5d314a5574279de7f0055e626e8fe5f0fd00,4d4fbc08e2efacbf75ce85b5178b6599f2f0dd6205f784275df3cdc4ffbe45d4,Cc1cc(C(=O)NC2(C)CCN(C(=O)C(C)(F)F)CC2)c(C)o1,CC(=O)N1CCC(C)(NC(=O)c2cc(C)oc2C)CC1
cd181a718f97d0ae1faab274ae533309f542beb66f7fa2f7926b06fd3be3eaa1,f618cc728715c38b634d5a2d711519558bbb13e63d182eec67aa9e2a96929ebe,O=C(NC1CCC([*:1])C1)C1CC1c1ccccc1OC(F)F,CCOC(=O)[*:1]>>OC[*:1],CCOC(=O)[*:1],OC[*:1],36785,17554,1,1,1.0,21,5,2,26,23,7,5-9,CCC(C)[*:1]>>c1cc(C[*:1])[nH]n1,c2a6f636adfa83d0243401f0f42163941430412b0acf4bb35873d5a7eabd7d6e,8d9e55072b457a610c987536510b22b6c5466b6be625b309391ac0454225214d,CCOC(=O)C1CCC(NC(=O)C2CC2c2ccccc2OC(F)F)C1,O=C(NC1CCC(CO)C1)C1CC1c1ccccc1OC(F)F
4e6dd576a35c35338fe6da8f2c98be163b3253f5d0d030221658a87bf24b02ea,e64ea4487c1a477e8900548a3a9f9e8f7dcb086ed019d23db4104d0bec65bd8e,Nc1ncccc1Nc1ccc([*:1])cc1,Br[*:1]>>FC(F)(F)O[*:1],Br[*:1],FC(F)(F)O[*:1],30266,6317,1,1,1.0,14,1,5,15,19,7,5-9,c1cn([*:1])cn1>>c1cnn([*:1])c1,fcbd477461daecf0528043949664c9fbd65bd55ce4358d218a4752e77b1a7be9,d8bf7de6fe7c58b4b7d0daf1f8a00c40e6e20d756d5a2667aaca50efeca64c97,Nc1ncccc1Nc1ccc(Br)cc1,Nc1ncccc1Nc1ccc(OC(F)(F)F)cc1
acd7199bcff73fafba77961a9463b217b87f7fbd799544ec5d1ccc9337377292,93cc7359bb853287122e5b326f4267bb0b441f2200f441d8d400ff1de7e81a2c,O=C(NC1CCCC1F)C1CC1[*:1],Cc1ccc([*:1])cc1>>Fc1ccc([*:1])c(F)c1,Cc1ccc([*:1])cc1,Fc1ccc([*:1])c(F)c1,11105,10108,1,1,1.0,12,7,8,19,20,7,5-9,CC[*:1]>>c1cc([*:1])co1,b10ae957860d9ae09a0b2dd1b583259b473f3b6a82708efe2b580cfca127dfe9,b7e7269608ebedb3f64646a952e97447dffb72331cfc3ce47dc67fbd1489edd5,Cc1ccc(C2CC2C(=O)NC2CCCC2F)cc1,O=C(NC1CCCC1F)C1CC1c1ccc(F)cc1F
8a6bcee14222b865a71b40dfb68bbb53b90914c02ac175efd1a2c87be4ea9b46,4dba32f5ea496329a3f01b45285e6ff98b8b1c63530823f0624f4bcfcfc35eba,CCCN1CC(=O)N([*:1])CC1=O,NCC[*:1]>>O=C(O)C[*:1],NCC[*:1],O=C(O)C[*:1],1147,10734,1,1,1.0,11,3,4,14,15,7,5-9,C1CC([*:1])CO1>>C1COC(CO[*:1])C1,65e6cfecec92ee6c200848da009aa9e928021452bc26547093d3e67489d48db3,a2da8080061c5c267d680b554c95e972cbc601004bd936417938341c83f5a7c7,CCCN1CC(=O)N(CCN)CC1=O,CCCN1CC(=O)N(CC(=O)O)CC1=O
9d5767ba1e536f957c301c414e0c157e37d14f31cd1a25c9ef402d7f711feecc,aba48b07a3ac8e97550c1169b4ed3d9b766e51839e144ea8a14f652d0350f736,O=C(Cc1ccc([*:1])cc1)OCCC1CCCCC12OCCO2,CCO[*:1]>>COC(=O)[*:1],CCO[*:1],COC(=O)[*:1],4471,49629,1,1,1.0,22,3,4,25,26,7,5-9,Br[*:1]>>NC(=O)[*:1],72a2998c348cc88d340411d31933dd2916a9e9bfa773a70b59990f76ca0f02ec,fc7af196f23983dea5dfc8089d24d4aa770a9b59a3e499ffaf864912da1f9d7b,CCOc1ccc(CC(=O)OCCC2CCCCC23OCCO3)cc1,COC(=O)c1ccc(CC(=O)OCCC2CCCCC23OCCO3)cc1
7fdcb256dceedeab13c62a76fb42ffe2e2eed2224c43d3fb4a056e9f4bfa3cd3,dc2d5e38cffa499f878b5ae36f696ee692e3e7b133a7d4d903c63e69876b73f9,Cc1cc(-c2cc(C(=O)NC[*:1])c3c(C)noc3n2)c(C)s1,CNC[*:1]>>O=C(O)[*:1],CNC[*:1],O=C(O)[*:1],11703,48291,1,1,1.0,21,3,3,24,24,7,5-9,Clc1ccc([*:1])s1>>c1ccc([*:1])cc1,83273588cd06135068b41597157cc01cfcf97a92facc64859e6ef0140d1602ac,b170e726d91b2e976c2da2932512c80baa6ca95bde4507aeb155dbe72d185da2,CNCCNC(=O)c1cc(-c2cc(C)sc2C)nc2onc(C)c12,Cc1cc(-c2cc(C(=O)NCC(=O)O)c3c(C)noc3n2)c(C)s1
4537e4bc9eb482590f60078d6ce30ffe1801c38c4042a562d04c55d4cdb6bb2b,212c753b350bf6b04725de6be9e86daff4c5dc9b2f46d786d40a4cd4a466f5e7,COc1cn(-c2ccccc2)nc1C(=O)N1CCCC([*:1])C1,CC(C)O[*:1]>>COC[*:1],CC(C)O[*:1],COC[*:1],25453,12145,1,1,1.0,21,4,3,25,24,7,5-9,CC(C)C[*:1]>>CSCC[*:1],2cc27aa33130e3237ca17265b72950877a8258147da66529e15c497b60eba0b9,3a1d2ec821f7803eb92268c34f577a2805b8800d84941f6d2603a34efb0d2f12,COc1cn(-c2ccccc2)nc1C(=O)N1CCCC(OC(C)C)C1,COCC1CCCN(C(=O)c2nn(-c3ccccc3)cc2OC)C1
c2bce9c1af2ba1e115d92be8169321109f5244952abb79b858297e58015e1eae,e97951b3da736b43183f0d99f7841da710555282341f74d53b08668a694dac6b,O=C(NCC(Nc1ncnc2ccsc12)C1CC1)[*:1],CCC(C)C[*:1]>>C[*:1],CCC(C)C[*:1],C[*:1],43512,9618,1,1,1.0,18,5,1,23,19,7,5-9,CCC[*:1]>>c1c[nH]c(C[*:1])n1,bc41d43026041fe5b49bcf9db6c0407e61077a12dcbd035defe9a8ca5ead10c0,64e45a93c74a83bde71e79749e0f37750c14b79e3c8eeb628f3158b54bd7b98e,CCC(C)CC(=O)NCC(Nc1ncnc2ccsc12)C1CC1,CC(=O)NCC(Nc1ncnc2ccsc12)C1CC1
43961b68b292a1a57359b4ba8ced6804225250357176d0b30f40e52bdefbf8e7,a035c9061efa3e69d2ba66cb3bf00567d72ca747709323f8995cd55983912347,Cc1ccc(Cl)cc1OCC(=O)NCC1([*:1])CCCC1,O[*:1]>>[NH3+][*:1],O[*:1],[NH3+][*:1],16578,37917,1,1,1.0,19,1,1,20,20,7,5-9,C1CC2C(C1)C2[*:1]>>Cn1nnc([*:1])n1,4be7638eb861145cfe30cb4562c27ef89cab15e9497217c57ba299f86c3ff28a,489ec0d1b2019dda3ffb43e1436007848883633416d04989339599d56a677f7a,Cc1ccc(Cl)cc1OCC(=O)NCC1(O)CCCC1,Cc1ccc(Cl)cc1OCC(=O)NCC1([NH3+])CCCC1
25f65371f3de398d7fa75c554440b3e0d45db0eeb25b26476e0a0ad4301787b0,98e38e5ad30ec727cd4032b82de8399ced849ce1ccb5bc290fa9ccb90f76c6bd,Cc1c(CC(=O)NC2CC[NH+](C[*:1])C2)cnn1C,CC(C)(C)C[*:1]>>CC(C)CC[*:1],CC(C)(C)C[*:1],CC(C)CC[*:1],27656,27701,1,1,1.0,17,5,5,22,22,7,5-9,C1CCC([*:1])CC1>>c1cc([*:1])no1,13041ff732f3cdc89364c82960bbcf0ac96b938c6a04e3032bdb045ded7c5edc,063b4719f2d8f57d1499864974edf7a3d3798fc657c6c1b392cb7ffb4fadc258,Cc1c(CC(=O)NC2CC[NH+](CCC(C)(C)C)C2)cnn1C,Cc1c(CC(=O)NC2CC[NH+](CCCC(C)C)C2)cnn1C
64f0ce57ebd9a07384942bafb1155e2d77c1193781a5f34cf3820ad07f066927,774fee3a014252289639601509ccc8def643ca01d031c3d2b70e0e7577b2ffa2,CC(CC(=O)NCC1CC(Nc2cnc(C#N)cn2)C1)[*:1],COC[*:1]>>CS[*:1],COC[*:1],CS[*:1],15877,3281,1,1,1.0,20,3,2,23,22,7,5-9,COCC[*:1]>>Fc1ccccc1[*:1],e04adc0d048333d98577c3a0beae388020164b3d4268d660d90a1a3a7d7f36e4,bed54a465387abf9bff977abed4105ee82a725e77e0229f35d8d89a50eeca311,COCC(C)CC(=O)NCC1CC(Nc2cnc(C#N)cn2)C1,CSC(C)CC(=O)NCC1CC(Nc2cnc(C#N)cn2)C1
a1f9203756d68608a1bbe4868e3eb6526d4308899e8c57f4dce723c0877e85ba,ca43dad6108dcfb5a7501921b7e9c2d1d049d12641a39fefdf172350c364b4f1,Cc1ccnn1CC(=O)NC1CC2CCC(C1)[NH+]2[*:1],CC(C)[*:1]>>FC(F)(F)CC[*:1],CC(C)[*:1],FC(F)(F)CC[*:1],7123,10558,1,1,1.0,18,3,6,21,24,7,5-9,C1COC([*:1])C1>>NC(=O)[*:1],6f4ed04537e192b7efd50defcbd587121ae212a39d74984c1af5b6fc912e9d09,c9f38b2953d85b397a168b006106b0d259002b9ae3b154163a8aadec0ee04255,Cc1ccnn1CC(=O)NC1CC2CCC(C1)[NH+]2C(C)C,Cc1ccnn1CC(=O)NC1CC2CCC(C1)[NH+]2CCC(F)(F)F
9cc25e71025669670afb173b4d4aebc12d12dec67cfa8d5e9e153c127baac4d1,4ead58fe9ec6d8b83974aaf21509847cbb3aa0ebdab2825392b7fc5a80b23cd3,CC(C)c1cc(C(=O)N2CCC([*:1])CC2)nn1-c1ccccc1,CC[*:1]>>CN(C)C(=O)[*:1],CC[*:1],CN(C)C(=O)[*:1],16040,14042,1,1,1.0,22,2,5,24,27,7,5-9,COC(=O)[*:1]>>Clc1ccc([*:1])cc1,7db1bfff4b8a19b6b48fa527cbaff6eeb26355f763d7c9a7eeb1ac877fb77ff1,4caeeadf28cc48cf991811caa48dd2af8f736a9206d11cbf09f0248a136993ec,CCC1CCN(C(=O)c2cc(C(C)C)n(-c3ccccc3)n2)CC1,CC(C)c1cc(C(=O)N2CCC(C(=O)N(C)C)CC2)nn1-c1ccccc1
376da0beba07b234b8d33accf5b892cb0e85d543f3246e2beb5f63483899626d,a0c0da5ac55aa06c46025d47c7fb976e3e527adfb490495cb3c4a466c2752292,CC1CC(COC(=O)C[*:1])CCO1,Cc1ccccc1[*:1]>>Fc1ccc([*:1])cc1,Cc1ccccc1[*:1],Fc1ccc([*:1])cc1,34974,28165,1,1,1.0,12,7,7,19,19,7,5-9,C1COC(C[*:1])C1>>CC1CCCCC1[*:1],1c6326b5906fc0a84ab4cdb0ceb129c40e6137bb41485730dc30f08d53bfe0a8,b8f4aa467e0d33d90ed0004d636dce8c3702ead3980cf14dd591d135bfead167,Cc1ccccc1CC(=O)OCC1CCOC(C)C1,CC1CC(COC(=O)Cc2ccc(F)cc2)CCO1
b972e8758207f58d3b04ab8db3712f7d92b96376093e52a3010e76c4c6472279,b8ceaf1a0a989b977e67056a54bb45ac3fe77b7a9514a27286bce3b02763f1e8,CC(C)(C)OC(=O)c1ccnc(NC(=O)N(CC2CC2)[*:1])c1,CCC[*:1]>>OCC[*:1],CCC[*:1],OCC[*:1],44874,36918,1,1,1.0,21,3,3,24,24,7,5-9,Fc1ccc([*:1])c(F)c1>>c1csc([*:1])c1,fe499df702abe19d17b496a73b2856df805f2bb665f9606710c0c7e2177fd5e2,066687c4c2da89318c62999a142ea789a8626edd42944c28598456f8d8c62d09,CCCN(CC1CC1)C(=O)Nc1cc(C(=O)OC(C)(C)C)ccn1,CC(C)(C)OC(=O)c1ccnc(NC(=O)N(CCO)CC2CC2)c1
e93224e0361580d75a725461a33b53657c30680cec5d898c1dc8b5058c7d9891,a5fb41d15556e0b9000a10500e1ada45f09e53e7a5707a693a5bab6a3d74daa2,CC([NH2+]CC(=O)NC1CCOCC1)[*:1],Brc1ccccc1[*:1]>>Clc1ccccc1[*:1],Brc1ccccc1[*:1],Clc1ccccc1[*:1],4904,4196,1,1,1.0,13,7,7,20,20,7,5-9,CC(C)=C[*:1]>>CCC(CC)[*:1],7f68f4c3f56adb50cfd524e11f749a20504fd3676e1b685b3788b6f905b6aeef,1a8294f808eff7fdd528e4d09fb3cc41ab807b2cd19c19badbbfc7384bd0986e,CC([NH2+]CC(=O)NC1CCOCC1)c1ccccc1Br,CC([NH2+]CC(=O)NC1CCOCC1)c1ccccc1Cl
48c12ebc5bd63416d3409bd1d32fafa52ec2ecffe5f042ecbb01f12277c3733d,a054c937b8dbf28ffff5b7bf9889dc208a227cbe71ec8528c080041ef2bdf401,O=C(C[*:1])NCC1CCC(CNC(=O)c2cnn[nH]2)CC1,CCC(C)C[*:1]>>CCC[*:1],CCC(C)C[*:1],CCC[*:1],16921,42632,1,1,1.0,20,5,3,25,23,7,5-9,C1CCC([*:1])CC1>>CC(c1ccccc1)[*:1],d55214f2e9fc9a72a753844ab638ba2d01fec922f3e362bb5edba6c4f44b03b3,593a5b0e4b85b3f1c62f01f20463bff83d4801c148b590a8ad5bde4d4bb2ecac,CCC(C)CCC(=O)NCC1CCC(CNC(=O)c2cnn[nH]2)CC1,CCCCC(=O)NCC1CCC(CNC(=O)c2cnn[nH]2)CC1
bdbf221d3fd3677f2159e52f303dd2bf2ce4051900cc2daf2ab13abe2a9841e0,858bb62001df65117ad1c3a9e31045d4390ff04b377229e5491751cecafbac73,CNS(=O)(=O)c1cccc(OCC(O)CNC2COC3(CCN(S(=O)(=O)[*:1])CC3)C2)c1,CCOc1ccc([*:1])cc1>>COc1ccc([*:1])cc1,CCOc1ccc([*:1])cc1,COc1ccc([*:1])cc1,23595,48556,1,1,1.0,30,9,8,39,38,7,5-9,CCC(C)[*:1]>>O=C1NCCC1[*:1],9661aab9832ed07981657f6080632b3d3fd69c8aa26eb829337e8d2cc8778739,684e6d7e13947d2bdef11f3df983f306c4b826ddabfc916d5a41b48c5978ab9f,CCOc1ccc(S(=O)(=O)N2CCC3(CC2)CC(NCC(O)COc2cccc(S(=O)(=O)NC)c2)CO3)cc1,CNS(=O)(=O)c1cccc(OCC(O)CNC2COC3(CCN(S(=O)(=O)c4ccc(OC)cc4)CC3)C2)c1
e6f299f60a777793789f43051544126722d3845e8c082f753b2d081f55efe946,ac919f442a021391c60488b8f55bed08727b5e56412a75acd40fb43c50f1c137,O=C1CCN(C[*:1])C2(CCC2)C1,CC(O)[*:1]>>OCC[*:1],CC(O)[*:1],OCC[*:1],43890,46994,1,1,1.0,11,3,3,14,14,7,5-9,Cc1ccccc1[*:1]>>Clc1ccccc1[*:1],362dc0713165a771433574cb2bea366cb13bfa40da93afac3d77791ed0fdd617,ee11db8fa3ae6c39f31cd1e4f1f2edf2e412c6dfb5f6c6b94c1982df5acbbc61,CC(O)CN1CCC(=O)CC12CCC2,O=C1CCN(CCCO)C2(CCC2)C1
d2deac1d383610b68fa15e3b8713581af3664060ddea69433d1292ebd66717c2,13eea2df4d8bd078bd86227b4ae71e8f0879aa94524ad67c11dd77347e6cc674,CC1(C)C2CCC1(C)C(NC(=O)[*:1])C2,CCOC(=O)C[*:1]>>COC(=O)C[*:1],CCOC(=O)C[*:1],COC(=O)C[*:1],31881,28980,1,1,1.0,13,6,5,19,18,7,5-9,C1COC([*:1])C1>>CC1(C)CC1[*:1],a76aa896bf4c1af2063f126ac5d09dc2707f6210c81d4549ae05e4ea113cbb91,fd9d33a08e228bb58d192ce7daa473f1178389ec8ecb056f4c8bcff6b11c1ba4,CCOC(=O)CC(=O)NC1CC2CCC1(C)C2(C)C,COC(=O)CC(=O)NC1CC2CCC1(C)C2(C)C
587c6c4b281d6824b3d569d8f6e7ba0fa57ef4424b91b55fb98bf53601784379,ddca009c6ffc00fde91d4011f7ea62f6af1674ec1e2f9918dc7851e2ebb008de,O=C(NC1CCC([*:1])C1)C1CC1c1c(F)cccc1F,F[*:1]>>O=C(O)[*:1],F[*:1],O=C(O)[*:1],25519,21198,1,1,1.0,19,1,3,20,22,7,5-9,CC(N)[*:1]>>NCC[*:1],84180f9afbb09b0a8e6d6ba3e6ce404c7858ae352298d0f7b13bd487651cc273,4dc6b4bb4a68117d6f6640d1c12b756b3607a5439cdda40e8c7f83b278b0ac20,O=C(NC1CCC(F)C1)C1CC1c1c(F)cccc1F,O=C(O)C1CCC(NC(=O)C2CC2c2c(F)cccc2F)C1
91a003ae1a3a6a9065c17d3242e49d829cf1023a40ab8f23cd3257394c7214d9,52e806b03eb90c7c2f2655e9867ff4252d204ebe50438564e41e8f7cf6aea5c7,CCN(CC[*:1])C(=O)C1CC2CCC1C2,Br[*:1]>>OC[*:1],Br[*:1],OC[*:1],29647,34795,1,1,1.0,14,1,2,15,16,7,5-9,C1CC([*:1])CCO1>>CCC(C)[*:1],71e81a44aac75fe50495059cb7c6856cdd755575ddd078168dcf7c1607422804,dbafef8c5f61248a59a50259747a21f0aaa7c2119dfd4c80b27ed6ce17999ddc,CCN(CCBr)C(=O)C1CC2CCC1C2,CCN(CCCO)C(=O)C1CC2CCC1C2
588a23b6ddfde91ab1f05eb57d2ca86e4ffc7d56f9a8c6489050c5c425d06705,3bc746554aed6047b63d53512b77b045afe2a2c2bac8f11c04f27bc3c2c69a46,CN(C)C(=O)N1CCC(NCC2([*:1])CC2)CC1,COCC[*:1]>>OC[*:1],COCC[*:1],OC[*:1],3114,14344,1,1,1.0,16,4,2,20,18,7,5-9,Cc1ncoc1[*:1]>>c1nonc1[*:1],6fe9b040c689e2876a3e86594043313e11653bed717ec25ef5d4d2d09bf89806,6c5a81b04c859fa482c207f6f5967a9e2c4ee3a6923712c35ccad717234b9e67,COCCC1(CNC2CCN(C(=O)N(C)C)CC2)CC1,CN(C)C(=O)N1CCC(NCC2(CO)CC2)CC1
52589f65e171eba4b81082a02cac398374b90d23ccce4ec04316da13a0219031,f881326c6ab89dad5e106b284cb3cf93932f9a50b20a282f628c4e20bab85eb5,Cn1c(SCC(=O)NCc2ccccc2)nnc1-c1ccc([*:1])cc1,CC(C)CO[*:1]>>O[*:1],CC(C)CO[*:1],O[*:1],17764,48440,1,1,1.0,24,5,1,29,25,7,5-9,CCCCC[*:1]>>c1ccc([*:1])cc1,cfcf7224d557d302fe0f29bbec541b9a8346125a83a310c40902ee17fdde6f17,91b9cbc2359c7605e65f3ed57b964806401c1a139e991b76b5cd505335120aee,CC(C)COc1ccc(-c2nnc(SCC(=O)NCc3ccccc3)n2C)cc1,Cn1c(SCC(=O)NCc2ccccc2)nnc1-c1ccc(O)cc1
374748870d4442a3bb9bdf1db75f9486cb9288c9a17cd1ba53b4a149ee6b14b9,1e4a632b53056d22144f6879e3342371e14180b074518991eecb9d60448be24a,O=C(NCc1cccc([*:1])c1)c1cc2cc(Cl)ccc2o1,C[NH+](C)C[*:1]>>F[*:1],C[NH+](C)C[*:1],F[*:1],33662,49424,1,1,1.0,20,4,1,24,21,7,5-9,CNC[*:1]>>O[*:1],8b17fc6739320c6ec3404a21ad26ba9c59cdeb766323dde43eef93265e8639ce,09e3c4d48a9fde8205b4fd794442c1c39f531b6713a04f6127520f974d48f366,C[NH+](C)Cc1cccc(CNC(=O)c2cc3cc(Cl)ccc3o2)c1,O=C(NCc1cccc(F)c1)c1cc2cc(Cl)ccc2o1
5d31018b6cd3421d333f88ece013643a3aca80a3346518054ddb1fbf97e77b4c,4788c38858f172039fc50d523884606c0ca5a4f1819f0c3e1cd074d4d220ea67,COCCCNC(=O)c1ccc(N[*:1])cn1,Fc1ccc([*:1])cc1F>>Fc1cccc([*:1])c1,Fc1ccc([*:1])cc1F,Fc1cccc([*:1])c1,10125,1757,1,1,1.0,15,8,7,23,22,7,5-9,C1CCC([*:1])CC1>>COC[*:1],c4a38e13a7c9692e6ad55fec4de090e1e4fceaaeb11765c7b91d705a4b2f0dec,14ef580008d8ebcde8460c3490f8dacc7e477d3e4ed172d4d9e607a4068f338a,COCCCNC(=O)c1ccc(Nc2ccc(F)c(F)c2)cn1,COCCCNC(=O)c1ccc(Nc2cccc(F)c2)cn1
97d131b59e1c550da79dff3f9f41bef5d4eb0c71b1b2b450893ccca460cf3891,8f606342f809ab020a0402de3f744d47b2738d9a7c7386e949df5691f28bf4b8,COCCOCCc1ncc(C(=O)N2CCCC2[*:1])[nH]1,Cc1cccc([*:1])c1>>Cc1cccc([*:1])c1C,Cc1cccc([*:1])c1,Cc1cccc([*:1])c1C,26327,44175,1,1,1.0,19,7,8,26,27,7,5-9,C1CCC(C[*:1])CC1>>c1ccc([*:1])nc1,b54144ce14f0aad7bf5ad0dbb8b64d0b9285b02fac27aded8fbe198ee8089db1,e31a678a54415826d4bcd4fcce41b10805aa0c76b6d7a07520fbca5bb4734b27,COCCOCCc1ncc(C(=O)N2CCCC2c2cccc(C)c2)[nH]1,COCCOCCc1ncc(C(=O)N2CCCC2c2cccc(C)c2C)[nH]1
97c843793fa18cab2a57266c6842ea8b15caec6ba08bd2559492a964c38b68f4,3549cbc12d31aa2df45465d07afc0e394ef718fbb530e22d9f97cce516657c2f,CN(C(=O)[*:1])C1CC(Nc2nccnc2C#N)C1,CC(C)C[*:1]>>CC(C)OC[*:1],CC(C)C[*:1],CC(C)OC[*:1],4724,34490,1,1,1.0,17,4,5,21,22,7,5-9,COC[*:1]>>c1nnnn1[*:1],fbe49cba6209232e60bf4023039d29b05c9c89ef8ad34f00f2609cd4192fff84,4ddd4308793bb696f3411e72bbe5da830dc3b3167c1f93b7f65ecdd9edbca282,CC(C)CC(=O)N(C)C1CC(Nc2nccnc2C#N)C1,CC(C)OCC(=O)N(C)C1CC(Nc2nccnc2C#N)C1
00629051c6a7821477c6629cf18f7f11320a1935c2e84266d2163ff5ff1503b9,015cc00973f1e8303856535bd7627d435eaa83931f9fd55a9d77072dfa9cad56,O=C(OCc1cc(F)ccc1[N+](=O)[O-])C1([*:1])CCC1,CCOC(=O)[*:1]>>COC[*:1],CCOC(=O)[*:1],COC[*:1],12977,10518,1,1,1.0,18,5,3,23,21,7,5-9,FC(F)[*:1]>>c1ccc([*:1])nc1,144e76b209236452f8cd0aef1dac6c581c20d2a24648409f2f914978de0156c8,a7db83f827e6490eb66d1bc34174cc47e776f7410dfd33f04532eeff20e7ce1d,CCOC(=O)C1(C(=O)OCc2cc(F)ccc2[N+](=O)[O-])CCC1,COCC1(C(=O)OCc2cc(F)ccc2[N+](=O)[O-])CCC1
b48e38fae02a617c5d933c0638c4597a7a9e025917731826aac3e81508d0895d,1ad0ceafec781e30021ef2bb68ffa13bc49b5e16f7c51d3c03fe8487c7341999,O=C1N(c2cccc(Cl)c2)C2CS(=O)(=O)CC2N1[*:1],COc1cccc([*:1])c1>>Clc1ccc([*:1])cc1,COc1cccc([*:1])c1,Clc1ccc([*:1])cc1,29236,40491,1,1,1.0,18,8,7,26,25,7,5-9,N#C[*:1]>>NS(=O)(=O)[*:1],0fce5d871a8b435db485181a650aba88cfadd62fe0cdc595e37b7f564d537c58,7bbbb0f6c4a7def95bff2d60d70abc6c2b73d1ce7338613801f81d0f1934c600,COc1cccc(N2C(=O)N(c3cccc(Cl)c3)C3CS(=O)(=O)CC32)c1,O=C1N(c2ccc(Cl)cc2)C2CS(=O)(=O)CC2N1c1cccc(Cl)c1
767f497f7ceb5cfd87e1b11dafe9f6df15d6ef5c43cb08c2d03f148a55fba0df,08d90f876a13883a0dd4803bfc54fbc53fa5ebec734bfbb10966a7ecfe2e1ed0,C1CC2CC1CC2C[*:1],CNC(=O)[*:1]>>OC[*:1],CNC(=O)[*:1],OC[*:1],9555,12861,1,1,1.0,8,4,2,12,10,7,5-9,COC(=O)C[*:1]>>NC(=O)C[*:1],8d628f35b824d05e049e1617204a253d6058aede4218611892022e30487040a1,8d7b8c53acac84023c27f4cbcd27299ba62cf09135eab7c060b991195ed45e32,CNC(=O)CC1CC2CCC1C2,OCCC1CC2CCC1C2
3d14b8bad32a8ea75c10818f3996e5d0597c46caa095e7c8f82df25ed7d2bd92,7e63a74c07424b362d89073fffee80d71ce2868e959700bf4ad30b11f0386198,Cc1nnc(CN(C)CC(=O)NCC(c2ccccc2)[*:1])o1,CC(C)[*:1]>>C[NH+](C)[*:1],CC(C)[*:1],C[NH+](C)[*:1],18857,18345,1,1,1.0,21,3,3,24,24,7,5-9,Cc1ccccc1[*:1]>>Clc1ccc([*:1])cc1,2d84e8d4d5c8a41158b8de45002cf31d48660fa8623cad20a3d94407fb6e8c5a,04057e47f9adbfbd47778b972fe4f4d292997f6a509d4f009d486453578966f3,Cc1nnc(CN(C)CC(=O)NCC(c2ccccc2)C(C)C)o1,Cc1nnc(CN(C)CC(=O)NCC(c2ccccc2)[NH+](C)C)o1
c13fd3190d1a749e7516540694c9482bdf1ff1688165215823bd6597d37b90b8,51a40e538dc3fdf190d3f2ed892c9cc01218faf6ccf12010ae9bc2271fe19bc3,CC1C[NH+](C[*:1])CCC1NC(=O)CN1CCc2ccccc21,CC(C)=C[*:1]>>CC(C)[*:1],CC(C)=C[*:1],CC(C)[*:1],134,42002,1,1,1.0,21,4,3,25,24,7,5-9,Brc1ccccc1[*:1]>>Fc1ccccc1[*:1],0c1e640b3191819d712dfb08f5362fd8154884ed76f2ceb58f6b6b333bb122e0,8ee822cea6051ab26dcb82d594cca887d098ad27e35ed6e6a90dde32c2b24336,CC(C)=CC[NH+]1CCC(NC(=O)CN2CCc3ccccc32)C(C)C1,CC(C)C[NH+]1CCC(NC(=O)CN2CCc3ccccc32)C(C)C1
2d53dbfc7b085850f737fb76048a82734c6e9611eeb73269bb98a7edeceff28a,0b60407571c2bd48342eea8e9e766c984dad933969e6b5be4eb191cfad19311d,O=C(NC1C2CN(C(=O)[*:1])CC21)C1CCC(F)(F)C1,CCC[*:1]>>COC(C)[*:1],CCC[*:1],COC(C)[*:1],33379,31529,1,1,1.0,18,3,4,21,22,7,5-9,CCC(O)C[*:1]>>COC(=O)CC(C)[*:1],4d7cb6a65c7c9d82a7aacc7f616707cd636330c99f3963bf042186835cd46572,35a03d9c1813a6760485120d33105959ce2639f3e8e029aee6fc4f12dbbc9a39,CCCC(=O)N1CC2C(C1)C2NC(=O)C1CCC(F)(F)C1,COC(C)C(=O)N1CC2C(C1)C2NC(=O)C1CCC(F)(F)C1
1152ec793e476459c306df00368e60f463dd7875515213f121d89eebbe1fd2e8,7b4319d164d2c3a65ee04f22fb0edb379b94ee34e5b699f06cf6b5c86a16dc06,Cc1cc(C)nc(-n2nc(C(=O)NC(CO)[*:1])cc2C)n1,CC(C)[*:1]>>CCOC(=O)[*:1],CC(C)[*:1],CCOC(=O)[*:1],13321,31877,1,1,1.0,20,3,5,23,25,7,5-9,C1CCC([*:1])CC1>>Cc1ccc([*:1])cc1,fccda4dbf560ec5c020ff060c2d934062ef15cffc3e7189425d445512b81035f,e7b9c00e3cd73b42ecf0646f8ed55c075152d5f0d575a7b537bd82dda4b99834,Cc1cc(C)nc(-n2nc(C(=O)NC(CO)C(C)C)cc2C)n1,CCOC(=O)C(CO)NC(=O)c1cc(C)n(-c2nc(C)cc(C)n2)n1
8cf44eca32aa3ca2d262ee8c638e8ee507a74cc44f083a1f45bfde52720f8925,82e81a1c979dba7fa08abbe4f643c6eeb1416f934ef5c1b0681a14257f8bf7fb,COCCC(NC(=O)Nc1cccc(N2CCOCC2)c1)[*:1],Cc1ccc([*:1])o1>>c1coc([*:1])c1,Cc1ccc([*:1])o1,c1coc([*:1])c1,39240,22918,1,1,1.0,21,6,5,27,26,7,5-9,Cn1cc([*:1])cn1>>c1ccc(C[*:1])nc1,ac5f7213aac54b441389e0311d4a81176e895672811d1b307d66127e42d24e68,69c94274af13ff1af10b1da2fcfc8a03a6ce80f962064e0a618e6df540ff61c8,COCCC(NC(=O)Nc1cccc(N2CCOCC2)c1)c1ccc(C)o1,COCCC(NC(=O)Nc1cccc(N2CCOCC2)c1)c1ccco1
802de6a75839743486f62a9ece036c11afc361f45c165f14b664bfd20b120d9f,e4a7208160322ebe028f1913b235e78afd95732b48d470575606f19800b080e3,CC(C[*:1])C(=O)N1CC2C(C1)C2NC(=O)C1(C)CCCC1,CS[*:1]>>NC(=O)[*:1],CS[*:1],NC(=O)[*:1],38898,26592,1,1,1.0,20,2,3,22,23,7,5-9,C1CC1[*:1]>>Cc1nonc1[*:1],c5c048f001a1ce18c0d87d51d3147e115e5b02ea7ab7bc46380add23721c1269,c476fd1b6cab85d4f75b9f9b5361655d40c7b6b671ebafecb127d67295f9acc2,CSCC(C)C(=O)N1CC2C(C1)C2NC(=O)C1(C)CCCC1,CC(CC(N)=O)C(=O)N1CC2C(C1)C2NC(=O)C1(C)CCCC1
e1f8313e3fc783bafad711298c2b726fee96ba954822ffd7f37105baac6062aa,80bd6cc6fa24c3b840e0f888ad0453a01e12df8a16633dddaf4233aa83230bc8,O=C(O)C1C2CCC(C2)C1NCC[*:1],CCC[*:1]>>FC(F)(F)C[*:1],CCC[*:1],FC(F)(F)C[*:1],1654,14885,1,1,1.0,13,3,5,16,18,7,5-9,OCC(O)[*:1]>>OC[*:1],6922f0b27bb58cd6e1667d567fa56a841942c434e6ddcac19085308412c5b804,131ccb6457dc0faae3c532fc0c66f862e7da20a0388a9af61ce95b883532a9fc,CCCCCNC1C2CCC(C2)C1C(=O)O,O=C(O)C1C2CCC(C2)C1NCCCC(F)(F)F
e7e68981e7fc2a87e08e13fc332bebd894c426e2cbd6f48091ade6465f74198a,1c5dfbc3097ca21637bc16417f05f93746b25270ebdf679a50b615bd3efa7cf8,Cc1cc(NCc2ccc([*:1])cc2)no1,CC(C)CO[*:1]>>COC[*:1],CC(C)CO[*:1],COC[*:1],41343,21118,1,1,1.0,14,5,3,19,17,7,5-9,CC(C)(C)CC[*:1]>>Cn1cc([*:1])cn1,27020b46fd28ab680f4c9a1e5d3c664034d76e5f1909d6a512494e710d65610e,20712bd337ce11d5889bce47ed6ef6ff57739fd641ed163d94d16b475130980e,Cc1cc(NCc2ccc(OCC(C)C)cc2)no1,COCc1ccc(CNc2cc(C)on2)cc1
8b4ddc7017864821b3f84dc46c5965186fe53fd123a199f5f1646091500fa49a,014ff393a64ed5f5f1161b09b90465579289e051eaad8039c3fee49eb90c608b,Cc1cccc(NC(=O)NC(C2CC2)[*:1])n1,FC(F)[*:1]>>OC[*:1],FC(F)[*:1],OC[*:1],32294,25265,1,1,1.0,15,3,2,18,17,7,5-9,COc1cc([*:1])on1>>Cc1cnc([*:1])cn1,cf6dfa7bd28aa5a847a60533880540634738e76dea089274bf428c8ecea56c3d,661a2b2b83ca0a9958dbe072d027ba3ee481ed289241ae65d1403b97b286476d,Cc1cccc(NC(=O)NC(C(F)F)C2CC2)n1,Cc1cccc(NC(=O)NC(CO)C2CC2)n1
ba751e32d742b03662a7b64b15f7de5be5f9ba59eddd7ff2b74d6ef7ea33f928,5357f7257a0124c6ecb2ab8d97ccb101548383fdf8afd0840c23c14b3181e358,CC(NC(=O)CO[*:1])C1CN(CC=CCl)C1,Cc1ccc([*:1])cc1C>>c1ccc([*:1])cc1,Cc1ccc([*:1])cc1C,c1ccc([*:1])cc1,43066,31503,1,1,1.0,15,8,6,23,21,7,5-9,Cc1ccoc1[*:1]>>c1cc([*:1])ccn1,2dc1d5240830faa345f28979eee6e18d7191cdfc4d0dadaa86450fe8b7dc6600,de4b246e1412010e428b189fdfbdc209068605883ee607b6e89ba30ca35bc14d,Cc1ccc(OCC(=O)NC(C)C2CN(CC=CCl)C2)cc1C,CC(NC(=O)COc1ccccc1)C1CN(CC=CCl)C1
545387b6e47a3c2bfd94e31cc5e37e3452ddfbdf83081d241c321e00cc2dbe34,f7acc3d28f7430e6043795060b63c97c33d7a7c5b9f38a496224cd078c9e1d4b,O=C(N1CC2CCC(C1)[NH+]2CCCC1CCOCC1)C1([*:1])CC1,CC[*:1]>>FC[*:1],CC[*:1],FC[*:1],8380,6885,1,1,1.0,22,2,2,24,24,7,5-9,C1CC1[*:1]>>CC(=O)[*:1],4ab8891397f4cf76560a03824add4587e7147b60cd3e4f4a48383c85d24f7c17,f20651f781a61d987dc69f81918ae01d624e8abba0a59e8b05117bb118ed973d,CCC1(C(=O)N2CC3CCC(C2)[NH+]3CCCC2CCOCC2)CC1,O=C(N1CC2CCC(C1)[NH+]2CCCC1CCOCC1)C1(CF)CC1
50a83ad2094eed1bb5381e5d9faebd8526bec731d0441a1d9e49abdde5a3a658,b23e1d0c2615dc7972138eceb395c96be3469149ddd68626b8c754a8d6816253,CCOCc1c(C(=O)NC[*:1])oc2ccccc12,COc1ccc([*:1])cc1OC>>Clc1ccc([*:1])cc1,COc1ccc([*:1])cc1OC,Clc1ccc([*:1])cc1,45972,3600,1,1,1.0,17,10,7,27,24,7,5-9,CC1(C)CC1[*:1]>>COc1ccc([*:1])cc1,2a7a311065975d6313847b77f271a8619a28609fa2a28db2fdba98fc91415192,1ab98a8c2194262c4cc15d60dee8da42ad9a82a738488aeaf483d517ddafc401,CCOCc1c(C(=O)NCc2ccc(OC)c(OC)c2)oc2ccccc12,CCOCc1c(C(=O)NCc2ccc(Cl)cc2)oc2ccccc12
c20fbc1b185b66eb1217b007edc9c0c402fa8dcdf2e6d30ce53597207f1e6156,ee1639e8eddc9c50fef21698c1b023a1703b54a2d1107aa3b944941629fb82a1,OC(CNC1CC2CCC1C2)[*:1],CCC[*:1]>>OC[*:1],CCC[*:1],OC[*:1],3694,30067,1,1,1.0,11,3,2,14,13,7,5-9,CN(C)C(=O)[*:1]>>CNC(=O)[*:1],2584abab02e52bba3e7a2e06ff4d50a554766aaf3e73922b4d0d22e931ba268e,30cdbd898af5e4c147b739351583b3fe2addc0f529ce278dd30fb37e3d185a6b,CCCC(O)CNC1CC2CCC1C2,OCC(O)CNC1CC2CCC1C2
eae3efbec0f384b67fd3561e732fb7da7822cb270f20657e180b4a101b763a3d,6bc286a2068b926f5e2b36a658e21601ab22db2264eb82f8b52b4271290ad1bb,CC(C)CC1C(=O)NC(C)(C)C(=O)N1[*:1],CCC(C)C[*:1]>>CCOCC[*:1],CCC(C)C[*:1],CCOCC[*:1],39163,29521,1,1,1.0,14,5,5,19,19,7,5-9,CC(C)NC[*:1]>>OC[*:1],79f320f1581757d5f4f34314aed9b4caac946c7c2d1739369f28d2516aa9ccaa,c3349d29ced22a8ba9577625b9f5df6a23d3b7f43de0d1e3e441ac630576c6ac,CCC(C)CN1C(=O)C(C)(C)NC(=O)C1CC(C)C,CCOCCN1C(=O)C(C)(C)NC(=O)C1CC(C)C
165287340f9bf5b0d6e3ea491c4d0d85e09bbe20de74a7822f4dcd3ec5bbeaf2,526a9d07bc1a002b59a4cc2cb610fd691c641a9af56eede93f969a586605096f,Cn1c2c(ccc1=O)C(NC(=O)Nc1ccc([*:1])c(Cl)c1)CCC2,CCO[*:1]>>FC(F)O[*:1],CCO[*:1],FC(F)O[*:1],49104,47100,1,1,1.0,23,3,4,26,27,7,5-9,CN(C)C(=O)C[*:1]>>Cc1cccc(C[*:1])c1,a1a00e3ba46e8bca2378c826f6c8d1861e3d83e6c9667378c3301410a4a42c65,432da58b56cc654b83b41df2bffb400723e6b3199be5c3eb8f80a82a0ae4606f,CCOc1ccc(NC(=O)NC2CCCc3c2ccc(=O)n3C)cc1Cl,Cn1c2c(ccc1=O)C(NC(=O)Nc1ccc(OC(F)F)c(Cl)c1)CCC2
00f4afbd72c527e875cd4d655d0b76c5906068840171b59e4e12e4229fe57119,14ed91670cd41c3ee1176bd7b5b6ff68433fdd0e0ab7bad909f68f77911116d9,N#Cc1cccc(S(=O)(=O)CCn2cc([*:1])cn2)c1,NC(=O)[*:1]>>NC[*:1],NC(=O)[*:1],NC[*:1],45515,23211,1,1,1.0,18,3,2,21,20,7,5-9,C1CC1CC[*:1]>>FC1(F)CC(C[*:1])C1,61ae4cdf7012946174c65833f41b0b61ae47d5ca3e6463c146e972d87ede9698,805e32252e5681da02b8dc54a7cdfe9c6250b3346f3e13c9702ff4f4200d6ea5,N#Cc1cccc(S(=O)(=O)CCn2cc(C(N)=O)cn2)c1,N#Cc1cccc(S(=O)(=O)CCn2cc(CN)cn2)c1
135ef8e794238193aff70a003da9362794c38dbe75dd008e3f5f68ce967cf89b,3f91a47ac6c64cbc275a7f0441765f262f427c0d4ea35aeb52dc5a437e2a44c2,Cc1nc2cc(C(=O)Nc3ccccc3[*:1])ccc2n1-c1ccccc1,CO[*:1]>>NC(=O)[*:1],CO[*:1],NC(=O)[*:1],44348,27739,1,1,1.0,25,2,3,27,28,7,5-9,c1cnn([*:1])c1>>c1ncn([*:1])n1,dadc30a3517805139856ee24a22ace3b6fe85115e34fe8c16f03c637347ecdc8,16777c2881fb9ca336d0253773fba13402d0c064e147230a59fa98bfa01cc5ba,COc1ccccc1NC(=O)c1ccc2c(c1)nc(C)n2-c1ccccc1,Cc1nc2cc(C(=O)Nc3ccccc3C(N)=O)ccc2n1-c1ccccc1
1c21e2b317e65bb1dbd1c2d0ed82956b9b21df5904380b83ef4f7701a201b07d,1225034848c20f44e04387ecd277182789591688a57b0ab18cd28bdd065b25ef,Cc1nc(OCCNS(=O)(=O)[*:1])cc(N2CCOCC2)n1,Cc1cc(C)cc([*:1])c1>>Cc1cccc([*:1])c1,Cc1cc(C)cc([*:1])c1,Cc1cccc([*:1])c1,8085,24068,1,1,1.0,20,8,7,28,27,7,5-9,C[*:1]>>FC(F)(F)O[*:1],a6e0b7f9ed5fba64eed24e53d9f4bdead649ba605e57fccd82742d3558834f4f,29a0e95fe2fce0b71f07f8f9cd3eec396b6fbc213bf0d14fa14c69645562e9f4,Cc1cc(C)cc(S(=O)(=O)NCCOc2cc(N3CCOCC3)nc(C)n2)c1,Cc1cccc(S(=O)(=O)NCCOc2cc(N3CCOCC3)nc(C)n2)c1
7ccf342c625bf179bc0bc0ee453eb791864c0a999ce8c06186313b92bdfed9f1,0159e5d2f1802658c70a32454c24ec859a3399c2d31a57013538149cdb065c30,O=C1CNC(=O)C([*:1])N1,C#CC[*:1]>>FC(F)(F)C[*:1],C#CC[*:1],FC(F)(F)C[*:1],35064,31104,1,1,1.0,8,3,5,11,13,7,5-9,CC(C)[*:1]>>N#CCC[*:1],7a2da2b480fcc48989ffcf43ca9706a95dd8182d8abc13d642be3a6d80cd5374,3b714a2f4103694a49a9e9523fad1348e37ea72f27e53163548af8296773f730,C#CCC1NC(=O)CNC1=O,O=C1CNC(=O)C(CC(F)(F)F)N1
a44bfd9e7f0aaa145b1382c4c27086279f12b1b5c7ac18e388b422f6694a4f0e,84ede9b4f4267814266b9cdedc88b5ec7c3ec59f758f99decf3c81a506e371fa,CC(C[*:1])NC1CC(C)(C)CC1C,Brc1ccc([*:1])cc1>>Clc1cccc([*:1])c1,Brc1ccc([*:1])cc1,Clc1cccc([*:1])c1,29736,18099,1,1,1.0,12,7,7,19,19,6,5-9,C1CC1C[*:1]>>Cc1nc[nH]c1[*:1],eb0d2853635d8353274ff357997edc04d8af167e5bf7188b0fa6a1efd0486318,bfd3036a6a38216e0bc60a64cd4e575df3127cccd90862c3258d90054f326d20,CC(Cc1ccc(Br)cc1)NC1CC(C)(C)CC1C,CC(Cc1cccc(Cl)c1)NC1CC(C)(C)CC1C
5a1d75f11cfed59d733053430a8e549bd628809ef09ce1c7d29bd7e066456a12,952a4eda95674a50a2b5d8b63e3e51cc6c849504c43d478e90b8101dd0371272,Cc1cc(NC(=O)Cc2ccc([*:1])cc2)cc2n[nH]cc12,CC(C)(C)[*:1]>>FC(F)(F)O[*:1],CC(C)(C)[*:1],FC(F)(F)O[*:1],33483,44950,1,1,1.0,20,4,5,24,25,6,5-9,CC(C)CC[*:1]>>c1cc([*:1])cs1,2390476b876e100663dad5ee11f4e3aaf29580ecbe6c582cbb34ba58ae647b49,55d614b7a76b99a4f8248b8b171b7202e36ae3e8261ae8c89f7bfe2a66781176,Cc1cc(NC(=O)Cc2ccc(C(C)(C)C)cc2)cc2n[nH]cc12,Cc1cc(NC(=O)Cc2ccc(OC(F)(F)F)cc2)cc2n[nH]cc12
2b5d7c611333e09e473c23492fcd7d5f97760de06e20174e113b4c212e2e81c4,272f6779bf04a026bb48c45954543bacf04c7f58bb2c39a8c53b79d3d02fffe1,COc1cc(Nc2ccc([*:1])nc2)cc(OC)c1OC,CC(=O)N[*:1]>>OC[*:1],CC(=O)N[*:1],OC[*:1],23936,733,1,1,1.0,19,4,2,23,21,6,5-9,CC(C)C(C)C[*:1]>>CCC(CC)C[*:1],b8766cb0e95b63ab606b0a00bff5bd0864bd190abb78764725b47514372fc441,c5ce398222bee96d2f0c3962e31cf67da4725c323a1a7451ceccc0484fb17a70,COc1cc(Nc2ccc(NC(C)=O)nc2)cc(OC)c1OC,COc1cc(Nc2ccc(CO)nc2)cc(OC)c1OC
f22d74f8fbe1ed8fc180e6a3e56148388546e5d15c4d631b2da9e76b7d0df18c,c593699bd297d63b8e85a39843e61da0d5eade9ace38854aeb284ba4e7382a42,S=C(N[NH+]=Cc1ccc([*:1])cc1)Nc1ccccc1,CC(C)(C)[*:1]>>CCO[*:1],CC(C)(C)[*:1],CCO[*:1],31251,34406,1,1,1.0,18,4,3,22,21,6,5-9,CN(C)[*:1]>>FC(F)(F)[*:1],e621801b9803f26378cf8199e2c26a7bfacfc5565cdf5dc15f2f7768a7cdaaae,be6dba6d516c3bc72add1699ff85e39edbf66b8c385b4be7cb1030fbbbd7522e,CC(C)(C)c1ccc(C=[NH+]NC(=S)Nc2ccccc2)cc1,CCOc1ccc(C=[NH+]NC(=S)Nc2ccccc2)cc1
a2ba4fc11553498cc80a1df42b52075bc8a10194d99c4e8d2dd159971c755e21,f3e85bee0330466aedf09e28384095849bd442c389f943f5568af72ae9706a20,OC(C[NH+]1CCC2C(C1)C2(F)F)[*:1],CC(C)OC[*:1]>>CC[*:1],CC(C)OC[*:1],CC[*:1],45254,1743,1,1,1.0,12,5,2,17,14,6,5-9,OCC(O)[*:1]>>OC[*:1],f3e9940d04d9c1c139f5956dd6c85981632cfad7c305d947eb937fde37385f6c,1574b8a08b64cef2e75a3708a3a9706b965c7f98cc3dfdc709792fbbe3a39b5d,CC(C)OCC(O)C[NH+]1CCC2C(C1)C2(F)F,CCC(O)C[NH+]1CCC2C(C1)C2(F)F
41e15a02ee314af43a0d5e75e97004cbc705ba128449f1872b592d1440061260,44a52f50202268187971e6457a094d45659d80fae7703c243846296e6cfe9557,Cc1c(C(=O)NC[*:1])oc2c(Cl)cccc12,COc1ccc([*:1])cc1>>COc1ccccc1[*:1],COc1ccc([*:1])cc1,COc1ccccc1[*:1],9348,41489,1,1,1.0,15,8,8,23,23,6,5-9,Cc1ccoc1[*:1]>>c1cc([*:1])ccn1,684267cd9a44e2bb0a0123958d86ffbe67653812d51ac4b7a22dacfb7a35d10f,259c7530a74bffa69690208e0c7de2c93df4d5abf648dcb566d24591f787d26f,COc1ccc(CNC(=O)c2oc3c(Cl)cccc3c2C)cc1,COc1ccccc1CNC(=O)c1oc2c(Cl)cccc2c1C
6451935c1ca8dbb3974c0e5df4b517eefedc6919e84c2ce4abce7c15003435c0,c4e9587ced80a38927e096d449873ddb36567e40711bcba21652ca0fbdc4b63f,CC(CN1CC(=O)NCC1=O)[*:1],CCC[*:1]>>O[*:1],CCC[*:1],O[*:1],23180,22080,1,1,1.0,11,3,1,14,12,6,5-9,CC(C)C[*:1]>>Fc1ccc([*:1])c(Cl)c1,dfc48124e73eae445509ce89d8e0657be628897bda71f5f83047c1ab56f77750,e9b7c802f97fc363db7a65e424b6268d52a2a4eb26e8a62b7a1e4cc141b27f5c,CCCC(C)CN1CC(=O)NCC1=O,CC(O)CN1CC(=O)NCC1=O
80b9970612e374a674068fbe835554fee080ed0ef95e8ce131f273c1273cb0fc,2bd57a2c2f0c3a0c0b93b835f5661da1bea1152211a5ab68765263f777222ebe,OC1CC2CC1CC2[*:1],C=C[*:1]>>OCC[*:1],C=C[*:1],OCC[*:1],45797,15106,1,1,1.0,8,2,3,10,11,6,5-9,C=C(Cl)[*:1]>>FC[*:1],a3d41b509194be7a568906c46351c26f2ad74243bf9360005c92c68d36a72af9,c1e2b60614d19246d70145ec6081aab3dd15c35fd738d168864c0d1b30685ee8,C=CC1CC2CC1CC2O,OCCC1CC2CC1CC2O
9cc9e29560e0977544bc0b87684fc0755b8752c07b1bb9fde9238db9318a7868,171cdb758f52360651bb6f740d1d0821b6039ebb632a95494ecc13cda38d842b,COc1ccccc1-c1csc(C2CCC[NH+](CC(O)[*:1])C2)n1,CCOC[*:1]>>COC[*:1],CCOC[*:1],COC[*:1],48674,18087,1,1,1.0,22,4,3,26,25,6,5-9,FC1(F)CC([*:1])C1>>c1cncc([*:1])c1,17989e3725bba71dc127020b85b86ecb1bced87b68d7aa82917705d1bc5bdb2b,6bb8b3546ba168e17689985f2c52201fff6e1a807801e7f781e712a64d92a67a,CCOCC(O)C[NH+]1CCCC(c2nc(-c3ccccc3OC)cs2)C1,COCC(O)C[NH+]1CCCC(c2nc(-c3ccccc3OC)cs2)C1
1b9ee4bbc3719a72a7c91d9af6cf519d85770cbfc7fb9f58c05d97bb1ac0a453,ccf4d31e0fc6152d6e428eaae0f8723706a756f4ea23b0d6ffad8348c793e58d,Cn1nnc2c(C(=O)NCC3CN(C[*:1])CC3O)ccnc21,CNC(=O)[*:1]>>N#C[*:1],CNC(=O)[*:1],N#C[*:1],21274,49413,1,1,1.0,21,4,2,25,23,6,5-9,CCC[*:1]>>O[*:1],d7d8b6ed2b573e9555fe69270bc1636d3822bf5c20d828a404d317ee24c83638,7f4f23b9d7b8057a3741a0d6c7ae9e7e1854566004f289c52d90ba6399a5c479,CNC(=O)CN1CC(O)C(CNC(=O)c2ccnc3c2nnn3C)C1,Cn1nnc2c(C(=O)NCC3CN(CC#N)CC3O)ccnc21
d41c9b3d2af393c8f07673c9dc8283816e34395b2a05deade3f7bb161548db8d,b71e420a7276b836ae0c888352b02dda824a8073cfe60c9bc4fb4753ead08f68,CC(C(=O)NC1C[NH+](C[*:1])CC1C)c1cnn(C)c1,C=C(C)[*:1]>>OC[*:1],C=C(C)[*:1],OC[*:1],33917,1431,1,1,1.0,18,3,2,21,20,6,5-9,C1CC1[*:1]>>c1ncc([*:1])s1,4f28041e730863f054a5e75c2e89c0787cf98564935cb5146ea8c34df60479c4,3db29962dc40bb8ffb31b1d652a04bdfaf6fc4a5a53bbd8ea1c33af293427f38,C=C(C)C[NH+]1CC(C)C(NC(=O)C(C)c2cnn(C)c2)C1,CC(C(=O)NC1C[NH+](CCO)CC1C)c1cnn(C)c1
a72c4c3003ef13f8c24ca5a6b3aa10d91691ab674f32e13a7bc8624aa2e68aa4,6639c2b3c2333ea8a370277b481bd118e07bf77dbbae8ff90d4be3776b43bc66,CS(=O)(=O)c1ccc(F)c(Nc2ccc([*:1])nc2)c1,CCOC(=O)[*:1]>>CO[*:1],CCOC(=O)[*:1],CO[*:1],44199,45203,1,1,1.0,18,5,2,23,20,6,5-9,CN(C)CC[*:1]>>CN(C)C[*:1],4353b85e59812bd701d3fd0aed8ee3065d5b135047d0d63cd21868743c0ad9ad,fbeb482803baf326bcb1d2f7311be371f502f1c15f56b0d52f34b51a358e5309,CCOC(=O)c1ccc(Nc2cc(S(C)(=O)=O)ccc2F)cn1,COc1ccc(Nc2cc(S(C)(=O)=O)ccc2F)cn1
ae792e7f62cb344a97f5fef4ad9bdd1a6011260a407959e551ee02c7a8e4c25d,31815db84505eca5d092ad6dbf3cf202ba090f0281ff914c82ab5f2c335805f9,CCCCN1CC(NCC2CCCCC2)CC([*:1])C1,O=C(O)CC[*:1]>>O=C(O)C[*:1],O=C(O)CC[*:1],O=C(O)C[*:1],10478,10361,1,1,1.0,18,5,4,23,22,6,5-9,CC(C)(O)[*:1]>>CC(C)[*:1],6900745c5186ae9f2a6f84b767d4f94bab0f7ff49d9b33e325b7361a2b8ade04,6a899a4354523c427bca39f7c07ec3d16ea5e4629236541c67cba0060bcdcca9,CCCCN1CC(CCC(=O)O)CC(NCC2CCCCC2)C1,CCCCN1CC(CC(=O)O)CC(NCC2CCCCC2)C1
77b263a0e871a4875a70beb85e44135af2a4f7e5a979ab1375f4e8e2269fe318,e3770f202bfbb833b7c0ff0c37c4ed9cb87cfa8421e0b0ee95119254f623fe0b,CC(Oc1cc([*:1])ccc1F)C1CC[NH2+]CC1,CS[*:1]>>FC(F)(F)[*:1],CS[*:1],FC(F)(F)[*:1],15634,3583,1,1,1.0,16,2,4,18,20,6,5-9,Cc1oncc1C[*:1]>>c1cncc(C[*:1])c1,c0f4a5f0e1687ce2c49b010fe741f6ec683749c41692e98af06f41c1ab120c45,2dd59a3c9caed5e6ebb83cd54a80823c110213f53cc992d704d34a72382a7678,CSc1ccc(F)c(OC(C)C2CC[NH2+]CC2)c1,CC(Oc1cc(C(F)(F)F)ccc1F)C1CC[NH2+]CC1
2df1b5d9bbca198d1279016815035ca1aed7bf97674425d7db3cf27969648638,1b52659cdf038befd9b83f0face6f480d11fa489a4c8cd385bc620b0ac528879,COc1cc(-c2nc3ccc([N+](=O)[O-])cc3[nH]2)ccc1OC[*:1],Fc1ccccc1[*:1]>>N#Cc1ccccc1[*:1],Fc1ccccc1[*:1],N#Cc1ccccc1[*:1],24518,28153,1,1,1.0,22,7,8,29,30,6,5-9,Fc1ccc([*:1])cc1>>NC(=O)[*:1],3e99cdddf6e92548e1cad10d3e7c051e03e96059a0ba81f73be6336ec6d54c04,019770f31719d2f2489c781a24b43a06bcc3b90d2733cccb63d900d1cc7858b0,COc1cc(-c2nc3ccc([N+](=O)[O-])cc3[nH]2)ccc1OCc1ccccc1F,COc1cc(-c2nc3ccc([N+](=O)[O-])cc3[nH]2)ccc1OCc1ccccc1C#N
8ec44db3632723b39ca1c20ef89cf15e6c60c7e6abfefdad9820b5c2e8d5dbfc,6f2fbc0469994e3c42ffe6bab59b81fdec5d9d864e87de04a80f0c2f3559d039,CCc1nc2sc(C(N3CCN(CCO)CC3)[*:1])c(O)n2n1,COc1ccc([*:1])cc1OC>>Clc1ccccc1[*:1],COc1ccc([*:1])cc1OC,Clc1ccccc1[*:1],44828,33524,1,1,1.0,21,10,7,31,28,6,5-9,C1CC([*:1])C1>>c1coc([*:1])c1,39c25a75af50903847291900005ccebfdeb39ee23e0c7c8aa096e0dd347b18e7,0124514e7f1529d2897a2a15f9c8a399768707e3ee248b3d4314d593750beffb,CCc1nc2sc(C(c3ccc(OC)c(OC)c3)N3CCN(CCO)CC3)c(O)n2n1,CCc1nc2sc(C(c3ccccc3Cl)N3CCN(CCO)CC3)c(O)n2n1
e51837f218833ce4653e2874f99cbbda376a95ea905171d4e7b4ba8333002b43,0361602dabe864837d5d5702d7b1b02081f7c8fe1a217f05fc5b692ddb660c1c,CC(C)(CNC(=O)C1C2CCC(C2)C1N)[*:1],CN(C)[*:1]>>OC[*:1],CN(C)[*:1],OC[*:1],15756,44133,1,1,1.0,15,3,2,18,17,6,5-9,CCC(C)[*:1]>>c1cnn(C[*:1])c1,e01666f25bc1dbf0b3bcc1b6f6fdb171c8c66934a105ec578f8d6d77399b57ca,0e7aea074ccba61dde007097cc8d8227780b7891c0efc1eaf639b5165c26d705,CN(C)C(C)(C)CNC(=O)C1C2CCC(C2)C1N,CC(C)(CO)CNC(=O)C1C2CCC(C2)C1N
ef33384dbefa1f1c7118988ba8ab462c9ce5ee8f0a831209c77f6f3665d31e2c,550b15d9287f9c26fbb3dd6892f84f112c546fae7417824c089eecd53a7d3b9f,CCC1CCCC1C(=O)NC1C2CN(C(=O)[*:1])CC21,CC[*:1]>>CS(=O)(=O)C[*:1],CC[*:1],CS(=O)(=O)C[*:1],48261,33906,1,1,1.0,18,2,5,20,23,6,5-9,O=C(O)C[*:1]>>Oc1ccc([*:1])cc1,4b43a4462f64d798d54e388ffc82edb46e8e51c2a49697e35adab1fc809a5bc0,228d3b21520d93b40894bf40d76498739b13f1225fd6862e3517dac20cb5ddff,CCC(=O)N1CC2C(C1)C2NC(=O)C1CCCC1CC,CCC1CCCC1C(=O)NC1C2CN(C(=O)CS(C)(=O)=O)CC21
b912c00ff6f44cf228843494e552b789928a48fa86e8bd9c465f84ae9f5caa87,c7a2827ac15df26b9acce09bbbaa0faf432ad5437a83dccd6791b411150c9388,CN(CC1CC[NH+]1C[*:1])C(=O)c1ccn(CC(F)F)n1,CC(O)[*:1]>>COC[*:1],CC(O)[*:1],COC[*:1],44925,2471,1,1,1.0,19,3,3,22,22,6,5-9,COc1ccc([*:1])cc1F>>Cc1cccc([*:1])c1,9e7dffc05549771337be2533787ea2af555fc7b47fc576dd4f67c53588f291ad,e9377fdc8258a562cf93215cd3c46ecb2c8a8ffa77cae86d6ff472807c748616,CC(O)C[NH+]1CCC1CN(C)C(=O)c1ccn(CC(F)F)n1,COCC[NH+]1CCC1CN(C)C(=O)c1ccn(CC(F)F)n1
e2c072a8f79052dfed7fd5cf0e1ace8e2558e59ee76f1377a48e7dd0673a70a8,8ea382343b261199dcf88391c7774f057484dccf871d0f2b4a1fe3fe9c3b7cb0,O=C(NC1CCC([*:1])CC1)c1cnccn1,CN[*:1]>>OC[*:1],CN[*:1],OC[*:1],34863,40544,1,1,1.0,15,2,2,17,17,6,5-9,C1CCC([*:1])CC1>>c1cc([*:1])cs1,26a5d682d46284f55d3eca6e38fec9ea7eaa41121d0a81a1dc1616ed5679f284,a26548b3d39017e54e340483784930b27944d32df72721618d8ac9c52c17a2d9,CNC1CCC(NC(=O)c2cnccn2)CC1,O=C(NC1CCC(CO)CC1)c1cnccn1
e780f366065f0be787a603e461b6342109557f9875ff47e5b9957f1cc9568625,acc6d1196d90aa6b499e15018b82c062701b6ec09534fb36767a36c23ebce0bd,Cc1nnc(C2Cc3ccccc3CN2Cc2ccc([*:1])nc2)o1,N[*:1]>>O=C([O-])N[*:1],N[*:1],O=C([O-])N[*:1],34464,41997,1,1,1.0,23,1,4,24,27,6,5-9,Br[*:1]>>CC(C)O[*:1],9ffe27233c8b5edfbbd8df497666300a983b328c4ff88b0f93016e75b78a249d,d0b57a25f25a575731a9667a2fa015d9b84c86d52c1318d9ebd4f9df1ad0718a,Cc1nnc(C2Cc3ccccc3CN2Cc2ccc(N)nc2)o1,Cc1nnc(C2Cc3ccccc3CN2Cc2ccc(NC(=O)[O-])nc2)o1
ebdfc402d94b8f1f6aa434e38e50b3c113d8e6b798d366bb80740b4b310d4c94,b0161c01b106d356ad2458426fae57717ceb716854813a63569ff69865089db7,CC1NC(=O)C(C(C)(C)C)N([*:1])C1=O,CC(C)CC[*:1]>>CCC(CC)[*:1],CC(C)CC[*:1],CCC(CC)[*:1],15847,10086,1,1,1.0,13,5,5,18,18,6,5-9,Cc1ccc(C[*:1])cc1>>c1ccc([*:1])cc1,d134f012e5868ece43525c6e6cb1abb955f0710243988d293c196b6fc9459063,b4d976127945e4991f0bbbd755d3fbec3e4d7d778b0990e5de00cf9fbdb68731,CC(C)CCN1C(=O)C(C)NC(=O)C1C(C)(C)C,CCC(CC)N1C(=O)C(C)NC(=O)C1C(C)(C)C
389a22c32d32bef144c0bf388cec6a168cc2d37fed32ad2e50481b2e50a8acde,57d2ac425d960ad6699d2709ef2448ef6cee5b998205419897a98acb3885f8ff,N#Cc1cccc(Nc2cncc(C(=O)NC[*:1])c2)c1,CN(C)C[*:1]>>COC[*:1],CN(C)C[*:1],COC[*:1],12942,7577,1,1,1.0,19,4,3,23,22,6,5-9,C1CCC([*:1])C1>>c1coc(C[*:1])c1,639ecd44bb65e556cd29e5c4926fb0bfd6e859d0696bcc77376fecda87f53097,a9c994dd8612d4862d49f7cbdfd1b79b48a95ec3ffb7e5a0adba2565195c6d33,CN(C)CCNC(=O)c1cncc(Nc2cccc(C#N)c2)c1,COCCNC(=O)c1cncc(Nc2cccc(C#N)c2)c1
cf46da1fc54d0398519a742e10290030e2f0b0408d5fd82089694a666a40687b,ee5c8b7ee09bb9bc3b0b7fb588f6702a95e7442304cf6d1d99615effcd1c8f3f,CCc1noc(C)c1C(=O)N1CC2CC[NH+](C[*:1])CC2C1,CCC(F)[*:1]>>CCC(OC)[*:1],CCC(F)[*:1],CCC(OC)[*:1],19433,49290,1,1,1.0,20,4,5,24,25,6,5-9,COC(=O)[*:1]>>FC(F)(F)CO[*:1],673f069ce0268fdcbc7da600c726e46dbfa5fffb4c12560cfb49bd8c07d1b91f,2f32da24eccd89f2d7a500c241e5e5cea9c1dca24f56507dbadc24bc5e365dc0,CCc1noc(C)c1C(=O)N1CC2CC[NH+](CC(F)CC)CC2C1,CCc1noc(C)c1C(=O)N1CC2CC[NH+](CC(CC)OC)CC2C1
a5fdfd681bf6f942e895e2c6115e232c5f3a4d8fd662852aa337309490f586cd,e6be9c7bb61c520cf1fae405c5fa967e6efa455fb4e64c97a2c5aa3fe67f2698,CC(O)CC1CCCCCN1C(=O)CCc1nc([*:1])no1,CC(C)(C)[*:1]>>CN(C)[*:1],CC(C)(C)[*:1],CN(C)[*:1],43880,2296,1,1,1.0,20,4,3,24,23,6,5-9,C[NH+](C)C[*:1]>>OC[*:1],60dd19e17ea0d67cf5dd3a019a446db8f3caecfb5024e7351ee1c3c6a7a44d97,8307c8d196ea04524cc9d62e2545441134fa09737b32cf077eba15216baaba53,CC(O)CC1CCCCCN1C(=O)CCc1nc(C(C)(C)C)no1,CC(O)CC1CCCCCN1C(=O)CCc1nc(N(C)C)no1
236e936305b0837890775e0097aa3015749eeb27ed0abfcbe1fe321eab304728,92e2900d57f5424f5aa15e1d18e854eb8e9e183ea4f1d0ef3e3a4e0f2332aad9,OC1CC2CC1C([*:1])C2,CC(C)(C)[*:1]>>CN(C)C[*:1],CC(C)(C)[*:1],CN(C)C[*:1],4601,33989,1,1,1.0,8,4,4,12,12,6,5-9,Cc1cc([*:1])no1>>Cc1ccncc1[*:1],a8cb8d46474ad22bdd97482c4253e471e2343a56dafcd15e6f6aff401e7f5144,96c17291cb7ff003c02d981f48f6192ea3e03c1da2a4834da4f6f19923968d85,CC(C)(C)C1CC2CC(O)C1C2,CN(C)CC1CC2CC(O)C1C2
320350d5f747249edcdefdf1c843b7ac242ee78edf3921f5702fd3297f4fdc9f,d451a3c11a3f147865e3579cfe214e996f20230a67d974a1d9b474ce0185d6e4,O=C(NCC1CCCO1)C(=O)N1CCCC([*:1])C1,C#C[*:1]>>C=CC[*:1],C#C[*:1],C=CC[*:1],35932,36084,1,1,1.0,17,2,3,19,20,6,5-9,C1CCC([*:1])CC1>>FC(F)(F)[*:1],5b7df9171e11349df4a3eb07ad6fee551ebdc32b7b525514c39aad8a51d46dd9,9b8ac8638d5772e8e7a8e0984533693ed24ae6b7e53b4500842500a7734babcc,C#CC1CCCN(C(=O)C(=O)NCC2CCCO2)C1,C=CCC1CCCN(C(=O)C(=O)NCC2CCCO2)C1
eed9d252fc50f657b6f9949c83fcd24af7813f0b7f7c15f19baf1f030d2dcaa8,0da9c992c9ffead37857d1724226d8162f16c2bf28258175019f765b0afce073,CCC1NC(=O)C(C)(CC)N(C[*:1])C1=O,CCC(C)[*:1]>>FC(F)(F)C[*:1],CCC(C)[*:1],FC(F)(F)C[*:1],27178,49823,1,1,1.0,14,4,5,18,19,6,5-9,FC[*:1]>>NC(=O)[*:1],2446f5a6cddd2f839c364ad4f119663660bf7e779f69cf442f0180d87ffde511,4204bcba00b6db9d2dbac02364bfb1016c9ba85c9c5e374d867e15be65b5a032,CCC(C)CN1C(=O)C(CC)NC(=O)C1(C)CC,CCC1NC(=O)C(C)(CC)N(CCC(F)(F)F)C1=O
0cae2e0dac14aa3a7f62eac4195218e01bf21dbfe2e061a1935338a5b4e44bc8,5952f7ae6f4d23d43f283f20cc66692c40ac923f342b48eaea03552715971a0b,O=C(NC1CCCC1[*:1])C1CC1c1ccccc1Cl,O=C(O)[*:1]>>OCC[*:1],O=C(O)[*:1],OCC[*:1],20105,38451,1,1,1.0,18,3,3,21,21,6,5-9,C1CN([*:1])CCO1>>c1ccc([*:1])cc1,a902284f56a8e43d89c3dd87d6a5361947ae32757ff2855fbb739f5787556893,1ac0f2f3e65a5bf2c5dbe4b360f6f403aefdf371d6428bbc72a0c570894def07,O=C(O)C1CCCC1NC(=O)C1CC1c1ccccc1Cl,O=C(NC1CCCC1CCO)C1CC1c1ccccc1Cl
1ee3fe5832b7c001d22945c39206acd4ec05661660357717f389abe6a7d1387e,c97169aaabd8fe6b2e14372d8a1e5dc664d10245e6c740a3c6986b897e58e1b9,CC1C[NH+](C2CCN(Cc3cccc([*:1])c3)CC2)CCO1,COC[*:1]>>N#C[*:1],COC[*:1],N#C[*:1],43752,37526,1,1,1.0,20,3,2,23,22,6,5-9,C1CC([*:1])C1>>c1ccc(C[*:1])cc1,8698ce4c47434a6b9fe53b4c9d824bf74fc20978552d714f5e2b4d72db414998,0f6211a14cbd8d0cde6641e59c8e5def5f32f848f549c0d96c0284e29ba573e7,COCc1cccc(CN2CCC([NH+]3CCOC(C)C3)CC2)c1,CC1C[NH+](C2CCN(Cc3cccc(C#N)c3)CC2)CCO1
a09c3a0b3d72cb224bee39d58a0671af0b4f10d93eff01fa524082c07ab3a806,0f49a2c256d087a254cc6c9d6e84964f96720153ea208fb8a97b27a9ce6695ae,CC1Cc2cn[nH]c2C(C(=O)N(C)C(C)[*:1])C1,Fc1ccc([*:1])cc1F>>c1ccc([*:1])cc1,Fc1ccc([*:1])cc1F,c1ccc([*:1])cc1,34130,31014,1,1,1.0,16,8,6,24,22,6,5-9,FC(F)(F)[*:1]>>c1ccc(C[*:1])cc1,a80e891cea46e923fadbc79ccc3a300698dc4e4bdb782b05942633acd4b33ace,651c7b2ee19ab67043c88b931d786b2e720661e02c8b8d75c493d81661da0a58,CC1Cc2cn[nH]c2C(C(=O)N(C)C(C)c2ccc(F)c(F)c2)C1,CC1Cc2cn[nH]c2C(C(=O)N(C)C(C)c2ccccc2)C1
560763e4bc0ef14033fd1a2f2e84124d6a4ef3bdb13751eb0bae36b6b44c1905,67407507b17647bf112c000384a13388fe709c72d4a911ea2c6eebdac47a7b28,CN(CCOc1ccccc1[*:1])CC1CCC[NH+](C)C1,CCO[*:1]>>O=[N+]([O-])[*:1],CCO[*:1],O=[N+]([O-])[*:1],317,30485,1,1,1.0,19,3,3,22,22,6,5-9,CC(O)[*:1]>>CCC(C)(O)[*:1],7248947d28079789cadda6a758b6c6260e02abde105508a790e0f0a8518ee21b,2b28e76525b59c25144e0649c164e9d119fb97da24e25354f2c7961507654b0a,CCOc1ccccc1OCCN(C)CC1CCC[NH+](C)C1,CN(CCOc1ccccc1[N+](=O)[O-])CC1CCC[NH+](C)C1
7102df50f4c455bf35a447173483795ba00b919f912a954de4ee2f6996ac6c00,67d21792f318914ace48b988fbef889774dc679901f1065083903ac3087c8127,O=C(NCC1COCCN1)c1ccc([*:1])cc1,Br[*:1]>>CC(C)[*:1],Br[*:1],CC(C)[*:1],25322,10364,1,1,1.0,16,1,3,17,19,6,5-9,CC[*:1]>>c1cc(C[*:1])cs1,b64f082cd26ab49eca27b684aa1c202814c59cf6678f736739c7ef7a96ca6934,8d27693ea4e45c31f4767732ff22148e4ab86777688898249d66a59d608fbd94,O=C(NCC1COCCN1)c1ccc(Br)cc1,CC(C)c1ccc(C(=O)NCC2COCCN2)cc1
31c2330e3acbf41e4147230fb1e9fb50a375ae0929a4eab96ccad273e8cea3c2,1ab9163c83fc20a5ee26fc7bb8b8dff0c356efbb07c89727aadb8febde3d515e,CNC(CC[*:1])CC1CC2CCC1C2,CCOC[*:1]>>CC[*:1],CCOC[*:1],CC[*:1],3059,7485,1,1,1.0,13,4,2,17,15,6,5-9,Clc1ccccc1[*:1]>>Cn1cc([*:1])cn1,58b032d84ae3abf144d19eddac9677accf0c79aa998fdfd182d540af2737ba67,5c844e0289cb31e2d76d06da05e61b8c1ddf6f5a725394d26ebdd39d5c12d407,CCOCCCC(CC1CC2CCC1C2)NC,CCCCC(CC1CC2CCC1C2)NC
a624a5f2b53394d24fb1fe2ba3ff8116bd22fb131ac0442ea126d90a22cd3637,4ab4cc094436cc4d0912bef0e3a4da79ceab591c2c8477d94ef9d20a38103502,O=C1CC(CC(=O)Nc2ccccc2S[*:1])C(=O)N1,FC(F)[*:1]>>NC(=O)C[*:1],FC(F)[*:1],NC(=O)C[*:1],25646,49501,1,1,1.0,18,3,4,21,22,6,5-9,C1CC([*:1])C1>>N#CC[*:1],768ff99fa8fca0cf14e7bfabdfd5b4df7f580c7f02d6e3b2b3b492b5c15dbdc1,3f36c62568215ba295652c90af773c2c3bcf3469e31806760521b632ef1a1469,O=C1CC(CC(=O)Nc2ccccc2SC(F)F)C(=O)N1,NC(=O)CSc1ccccc1NC(=O)CC1CC(=O)NC1=O
1106ef89401d44676989a44987d31123b341be40613f00269c0db2890d563708,c7e09a2a88c00aa98bba52e27e2a9f0d510fe7ba122d5fed00eba2dce7da2e5d,Cc1noc(C)c1S(=O)(=O)N1CCCN(CCO[*:1])CC1,Brc1ccc([*:1])cc1>>Clc1ccccc1[*:1],Brc1ccc([*:1])cc1,Clc1ccccc1[*:1],22210,6944,1,1,1.0,20,7,7,27,27,6,5-9,Cc1ncc([*:1])[nH]1>>c1cc([*:1])[nH]n1,dec43f2d0b71dbb5980477be714bc15b6c9b121fe406938d3cf893a595fa1ea9,8d3f7c544f42ca712eec9974be1c8334c48ebd2f7257913e5c3879381992460a,Cc1noc(C)c1S(=O)(=O)N1CCCN(CCOc2ccc(Br)cc2)CC1,Cc1noc(C)c1S(=O)(=O)N1CCCN(CCOc2ccccc2Cl)CC1
b2d3a2ead4f0ba46c0190bc1a7326d6409d0007c0bf52d6d3ea3f98e03e4e87c,e9e294ea8b2819a421356d0a23888f543936177212c7427ec71cae2f0051b8d7,CC(C)COC1CCN(C(=O)c2ccn([*:1])n2)CC1,Brc1ccc([*:1])cc1>>Fc1ccccc1[*:1],Brc1ccc([*:1])cc1,Fc1ccccc1[*:1],20258,17229,1,1,1.0,18,7,7,25,25,6,5-9,CCC(C)[*:1]>>NC(=O)N[*:1],d0fd1d010c3373ce597fb690ef108a4ff505022be0f6a4b37f300721ef8fc8d3,597583e8d1ec7f6c6b9f53b20dc526ca2cdd09a87600dbd02e142726c8e3b748,CC(C)COC1CCN(C(=O)c2ccn(-c3ccc(Br)cc3)n2)CC1,CC(C)COC1CCN(C(=O)c2ccn(-c3ccccc3F)n2)CC1
84bde9ae004dac2f275791d33cfb515ccb0d41c6bfea22f1b4103db93f150c0a,02181d767860e7ecf7c656835d4ce9794ff32ea7dbbbc21f939fb2e4e67be84e,CN(Cc1ccncc1)S(=O)(=O)c1ccc([*:1])o1,ClC[*:1]>>NC[*:1],ClC[*:1],NC[*:1],9421,43692,1,1,1.0,17,2,2,19,19,6,5-9,CCC(C)(C)[*:1]>>c1coc(C[*:1])c1,ecd618b9504a2e69f4036a2b130bcf348dc349ff9f4e45c4be95c181ddd07519,161719388b800f14fa6daab6a6beb0034214feddb31f522b5b17690e1e3922ed,CN(Cc1ccncc1)S(=O)(=O)c1ccc(CCl)o1,CN(Cc1ccncc1)S(=O)(=O)c1ccc(CN)o1
4d2263ab7ef702ffaa4adf8433f03dae06eb8196a89d355b722d123f756b0a17,2d77be8c40e5fbda1a9e8dbccf00d76e23dd8bd5eb4a8acac0dc78ec1c0d355b,Cc1cc(Cl)nc(Cl)c1Nc1ccc([*:1])cc1,CN(C)C(=O)[*:1]>>COC(=O)C[*:1],CN(C)C(=O)[*:1],COC(=O)C[*:1],27442,37909,1,1,1.0,16,5,5,21,21,6,5-9,CC1([*:1])CC1>>CCC(F)[*:1],6fefc61ab32b87184000331fe486bfaf57eb38bfd121a6363b4165e40eb36aff,fd1138e23da6464e448cc61557fec753e074dce1a6cdc0fc3dd6aad6b48a308c,Cc1cc(Cl)nc(Cl)c1Nc1ccc(C(=O)N(C)C)cc1,COC(=O)Cc1ccc(Nc2c(C)cc(Cl)nc2Cl)cc1
33f8f96ebd853d713da0296a282d3c2f2e61966ab2fff2445c8f9100bb913804,4e21d5ab0b3cefec078597e6221f58b539e7c07834dc90e67bcdb0e8642efc93,NC(=O)c1cc(Cl)nc(Cl)c1Nc1ccc([*:1])cc1,CC(=O)N[*:1]>>COC[*:1],CC(=O)N[*:1],COC[*:1],4099,19618,1,1,1.0,18,4,3,22,21,6,5-9,Fc1ccc([*:1])cc1>>c1ncc([*:1])s1,a8b2c00cd9b3341aee7a06e78f51afed328892819ac9e3deb8cd306f08c19505,ab1e142042e27679e4ee62e346298cd3225bbfb2e1cfa5ec7d4eaf141122e404,CC(=O)Nc1ccc(Nc2c(C(N)=O)cc(Cl)nc2Cl)cc1,COCc1ccc(Nc2c(C(N)=O)cc(Cl)nc2Cl)cc1
91bd7a1b0c602ea44d94afc20c1a7f10183cacd2cb51aec2992db978750a7a64,8eec8ac70bd0662019cacdd68f131e21a62f26416d693b853063774c09170c59,CCOC1CC(N(C)c2nnc(C(C)[*:1])n2CC)C12CCC2,CC(C)(O)[*:1]>>CC[*:1],CC(C)(O)[*:1],CC[*:1],5875,6103,1,1,1.0,21,4,2,25,23,6,5-9,C#C[*:1]>>CS(=O)(=O)C[*:1],879660a4aea513ef0709b5e989e66a1c39be69a89aa9e70586c486804b2ad507,4f39717d348297b273991ad476db9deba90e87dcd79ec7212057f6c6f9be106e,CCOC1CC(N(C)c2nnc(C(C)C(C)(C)O)n2CC)C12CCC2,CCOC1CC(N(C)c2nnc(C(C)CC)n2CC)C12CCC2
622427cf4da95f58b4c2709ba152651d3fbfbdc99498b89f9bceb5d402dc8dd0,d0d0980b7d0bae9542a9075fc4cf360374d232662e19de59d698d0d4c53b09ad,c1cc([*:1])ccc1C12CCN(CC1)CC2,N#C[*:1]>>OCC[*:1],N#C[*:1],OCC[*:1],8816,13709,1,1,1.0,14,2,3,16,17,6,5-9,Br[*:1]>>FC(F)[*:1],281f2ae0811df90167c6e33247348fc28c8be9cf35ddbb6630b46ee32511aa86,00b095d7c8cb8a697a6e8a1334b4f27f7235b52dfecacb4cfe9796079b6efd39,N#Cc1ccc(C23CCN(CC2)CC3)cc1,OCCc1ccc(C23CCN(CC2)CC3)cc1
a2e7c7030fd580c261fcfa4aeb86d049cd1b13807d6f6f9731a582e9b07bea81,d0ba104059f379af9cab7cf49c36606794cc6b2e9e971268a6e81e6bb595e8da,Cn1cc(C2C[NH+](CC(O)[*:1])CC2CO)cn1,Brc1ccccc1[*:1]>>Clc1cccc([*:1])c1,Brc1ccccc1[*:1],Clc1cccc([*:1])c1,8144,367,1,1,1.0,16,7,7,23,23,6,5-9,C1CC(C[*:1])CCO1>>CC(C)[*:1],17ee2575983c11d29a45a59fd7f87bc7fec088a47710566d86fdd5774fa4ffa8,93ef2c31a31826004d01cf2fe1dec054b100b6aea6cdabe4ae8464473da97328,Cn1cc(C2C[NH+](CC(O)c3ccccc3Br)CC2CO)cn1,Cn1cc(C2C[NH+](CC(O)c3cccc(Cl)c3)CC2CO)cn1
27359ceb8796ace3e866cc497a366ccfcc26ea196838ec950588ee6adecef867,e1fa5d668f8d92b60caa89e0937dd728afaf94b0540e37701de426fdf39bc49f,Cc1nccn1CC(=O)NC1C2CCC[NH+](C[*:1])C2C1(C)C,CCC[*:1]>>FCC[*:1],CCC[*:1],FCC[*:1],7071,37021,1,1,1.0,21,3,3,24,24,6,5-9,COC(=O)C[*:1]>>NC[*:1],866f6aa13ec180de356b888bc86f1f01a1b2186d4573f3bb6aea115a576a6bc1,72a7bd0cd9c155c9dad5e22552a8d3cde5258bc2c9e051356b4af14e07f5122f,CCCC[NH+]1CCCC2C(NC(=O)Cn3ccnc3C)C(C)(C)C21,Cc1nccn1CC(=O)NC1C2CCC[NH+](CCCF)C2C1(C)C
7b56f6f5ca6822e8be333bfc2040e18cd9f5a6e428ce45bcff21562329782942,fb5a2be1189871def4af5e3f759d9f97b2f9ae81121635b987dab84274b01b0f,N#CC(C1CC2CCC1C2)[*:1],CO[*:1]>>O=C(O)[*:1],CO[*:1],O=C(O)[*:1],21396,19912,1,1,1.0,10,2,3,12,13,6,5-9,FC(F)O[*:1]>>O=[N+]([O-])[*:1],d26343286da41704eae949a5def63697e5c55345e4ee6075a783a14b3a213140,e0ffc7c9568576c7ebf72149a40330e285f23105a677aacc8661c0ecfa868df7,COC(C#N)C1CC2CCC1C2,N#CC(C(=O)O)C1CC2CCC1C2
a16b17961cb76ce07060d066cb658a58baf5fa43a8fae95cea955629fe368149,bd7f499bea16dce9714c2d124b747892bca9a04f99e6e948c1b3668e2bacce10,Fc1c(Cl)ccc(Nc2ccc([*:1])nc2)c1Cl,CS(=O)(=O)[*:1]>>N[*:1],CS(=O)(=O)[*:1],N[*:1],9605,31949,1,1,1.0,16,4,1,20,17,6,5-9,Brc1ccccc1[*:1]>>c1cncc(C[*:1])c1,65c052b3444c2099d8ab7472da55a1ab706f90d6d9a1dda2ca2c114c19deaf0b,7f371a07c905f22b0f4f91f4f8bf66f2ded78d9bf248406e273c3624ff9d9764,CS(=O)(=O)c1ccc(Nc2ccc(Cl)c(F)c2Cl)cn1,Nc1ccc(Nc2ccc(Cl)c(F)c2Cl)cn1
c553eb645fb08db52eb7cfa3ce7518013be9447e738946d2d29e1f01771e2a98,14166ba8edcfcd5155e1c01bff1ead927d6d78a89c6f92073c3783d67b93ddeb,CC(NC(=O)CN(C)S(=O)(=O)c1ccc2ccccc2c1)[*:1],COc1ccc([*:1])cc1>>Cc1ccc([*:1])cc1C,COc1ccc([*:1])cc1,Cc1ccc([*:1])cc1C,43685,48842,1,1,1.0,21,8,8,29,29,6,5-9,CCC[*:1]>>Fc1ccc([*:1])cc1,449942afa40b7ed3af0e00a2db8f483ecdeb6d7c22ef5ed473dcafad205c57bc,63710bcb26dd2a9d7e80728b324e72ec9169d7a6353a30063efbf5d045db9e5d,COc1ccc(C(C)NC(=O)CN(C)S(=O)(=O)c2ccc3ccccc3c2)cc1,Cc1ccc(C(C)NC(=O)CN(C)S(=O)(=O)c2ccc3ccccc3c2)cc1C
87d00931e41e5d8b7fab99c294e14969e14b7efed560a58edb4afc76e7915193,08c32870c9566efed1cb3755eca913c23673c838f6e86b73290965b3a05acbee,COC1(CC(=O)NCC2CCN2[*:1])CCC1,COc1ccc(C[*:1])cc1>>c1ccc(C[*:1])cc1,COc1ccc(C[*:1])cc1,c1ccc(C[*:1])cc1,34387,33422,1,1,1.0,15,9,7,24,22,6,5-9,C1CCC([*:1])CC1>>Cc1nc[nH]c1[*:1],d548834a3bac6674b1f901097ca25a9b7f9ef5c401f2301b74b9b9f439f6fea1,742b12f2072b9c2429758a7ddadbb8933af9f5c64007dc2b88dc3f4dba650090,COc1ccc(CN2CCC2CNC(=O)CC2(OC)CCC2)cc1,COC1(CC(=O)NCC2CCN2Cc2ccccc2)CCC1
86f41a79cc66a01e3617235e9b98211783fc3d5b6eef5e6d437fc29bd01cf2a6,01ce950ea57cf48c7920ccf9ddc3abae28c1219006c8c96a615451225562ed4a,Cn1nc2ccccc2c1C(=O)NCC1CCC[NH+](C[*:1])C1,C#CC[*:1]>>CCC[*:1],C#CC[*:1],CCC[*:1],2235,7704,1,1,1.0,21,3,3,24,24,6,5-9,F[*:1]>>O=C(O)[*:1],ef4b5d2bbdb6477e5ca5125b368ec6ad00cac6d66fcc5e9fe39078185480f0b9,3ac017c8f7fe4ef4c452e22af3b7ef8c15b3ea77c698a394a2c404b156ba6f54,C#CCC[NH+]1CCCC(CNC(=O)c2c3ccccc3nn2C)C1,CCCC[NH+]1CCCC(CNC(=O)c2c3ccccc3nn2C)C1
a198624ca29c8ad02aa8107a4ee6a0cb955d0c4a6ef23912ba7f59faa63f4c33,29bd4625f060a04a858780a8648fd8f4189582be4e39eb66f03c4d5288aa4561,CCCC1C(=O)NC(C)(C)C(=O)N1CC[*:1],CC(C)C[*:1]>>CS(=O)(=O)[*:1],CC(C)C[*:1],CS(=O)(=O)[*:1],9352,40972,1,1,1.0,15,4,4,19,19,6,5-9,CC(C)(C)[*:1]>>Fc1ccccc1C[*:1],8386a95a4c0017709c3524c1cb1a56f433df6f0a230a9aa588b0cb2b4185faed,817a268c24df5710098e36b910a7cca4d9a1085849618bfc0c1f8bb09dd56eb4,CCCC1C(=O)NC(C)(C)C(=O)N1CCCC(C)C,CCCC1C(=O)NC(C)(C)C(=O)N1CCS(C)(=O)=O
03c18d483d5c2d519a785fc1d46a290e76ccbdeba7f04d3d2f8657cb50ffe0d2,7396d99e51c2b11c0b184c3f36acba70ad48a6448181eb1dbbf81416f81b0d19,CC12CCC(C1)C(C)(C)C2NC[*:1],C=C(C)[*:1]>>C=CCC[*:1],C=C(C)[*:1],C=CCC[*:1],1586,32677,1,1,1.0,12,3,4,15,16,6,5-9,N#C[*:1]>>c1ccc(CO[*:1])cc1,23900277f521465785b36e644259490bd8cb573b6be4e342cfa381c8a96cb698,c9cffb92dab03cbc27341818352b1f89cbac1a14aa808c3e0f4c9fe87a2f3ee6,C=C(C)CNC1C2(C)CCC(C2)C1(C)C,C=CCCCNC1C2(C)CCC(C2)C1(C)C
fb163a5469a832a8b66457a3b773be1da68570113563509aacdc32644b0e4db4,c2ac5c0481a321c54ddde043ffe74440aefc25f61f3d10e4fb401f68c6b04dce,CCC1NC(=O)C(C)N(C(CC)[*:1])C1=O,CSC[*:1]>>C[*:1],CSC[*:1],C[*:1],3915,13325,1,1,1.0,14,3,1,17,15,6,5-9,Cc1ncc(C[*:1])s1>>Fc1ccc(C[*:1])nc1,cb2a19193c1a007013f9612738e6940bf4d36bfd7daf2f6273093b115110e881,9b83c83acc2faad7c002ff1a1dadcf1ccda5b35549b490abe106b8dd78755a9e,CCC1NC(=O)C(C)N(C(CC)CSC)C1=O,CCC1NC(=O)C(C)N(C(C)CC)C1=O
ac6a92ba2842af4262e2873ce8ca4e28e000a1179b0ae7c86f18a4d75cf99f8e,df5dc7d3856119006c7a66f9f8dc93d075bf24a7904f47dad7d2c47f0994dd4f,O=C(CCNCC(=O)N[*:1])NC1CC1,Clc1ccccc1[*:1]>>Fc1cccc([*:1])c1,Clc1ccccc1[*:1],Fc1cccc([*:1])c1,23993,15961,1,1,1.0,13,7,7,20,20,6,5-9,C=C[*:1]>>FC(F)(F)[*:1],122058a65ae544a6253f1018f0f7d431503503ee4d5728fa5328770b42e1d07b,e396a89c77e23cb8700527c6e5fc0a0da2bfcf158cd19e539e9adc28296ca4fb,O=C(CNCCC(=O)NC1CC1)Nc1ccccc1Cl,O=C(CNCCC(=O)NC1CC1)Nc1cccc(F)c1
d215052c794952a7bc660eb63719bb65624c9eaa30038d6b723d214c5817ee49,c41ed230d224aced7405c3d9a84113369266dafb70eb122031fe5937e3e1e949,CCc1ccc(C(=O)NCC2COCCN2C[*:1])cc1,C=CC[*:1]>>C=C[*:1],C=CC[*:1],C=C[*:1],20021,15301,1,1,1.0,19,3,2,22,21,6,5-9,COCC[*:1]>>COC[*:1],88fff108fc850283e527e0a8093ca3fc0f81397d9e58a552fd82b6848c02dfd1,371322e7f6b8db7b70df3afd6efc90d316e1001423420cafdbb7e2e3572c4179,C=CCCN1CCOCC1CNC(=O)c1ccc(CC)cc1,C=CCN1CCOCC1CNC(=O)c1ccc(CC)cc1
42fba40354bad4344de4ef2347b44a3c77288ae2060fa0419dbb97fcca2d52d6,110dc187ceac3118b12af86f653a3332b565504c40cbe1e9816102598fea9e78,c1cn2c(C[NH+]3CCCC(C[*:1])C3)c(C3CC3)nc2s1,FC[*:1]>>NC(=O)[*:1],FC[*:1],NC(=O)[*:1],6320,3566,1,1,1.0,19,2,3,21,22,6,5-9,CC1CC1[*:1]>>COCC(C)(C)[*:1],e38f6df9c6488877fb259a51aeaa842994a5d86726f676c5cc05b27ebc1e78e8,6209ec0172aae739ccf32ab8a0e8a165eeb737a81537b19328c33cf677da22ca,FCCC1CCC[NH+](Cc2c(C3CC3)nc3sccn23)C1,NC(=O)CC1CCC[NH+](Cc2c(C3CC3)nc3sccn23)C1
a5e5cbb054075be06d58886901e9fd63dd4619777ed4eb6ca9d0db6392c9923e,e89d3eba7c83ee3d2c17778115a643560bd4f75cc4d4a5844fb84de9e4aa292c,O=C(NCCO[*:1])C1CC[NH+](C2CCCCC2)C1,COc1ccc([*:1])cc1>>Cc1ccccc1[*:1],COc1ccc([*:1])cc1,Cc1ccccc1[*:1],12688,23978,1,1,1.0,17,8,7,25,24,6,5-9,COc1cc([*:1])on1>>Cc1cnc([*:1])cn1,83251f652708b2389675af31145c666ccd3e717d357d197cb22252c3e98f3f79,6eb7712177c4eb51bb77e6f21ec9a4223ab098261ea67769bff0a44a8a527d69,COc1ccc(OCCNC(=O)C2CC[NH+](C3CCCCC3)C2)cc1,Cc1ccccc1OCCNC(=O)C1CC[NH+](C2CCCCC2)C1
c09c93ea135f766a1300ebf8bd357f7f2a1d33084bf22560c8fddc37429f7a37,fc97d07f3b8aabf3481805109009f9adb430b46cd7f2207902137ca8d6cf3aaf,CCS(=O)(=O)c1ccc(-c2nnc(NC(=O)C[*:1])o2)cc1,Cc1ccc(C)c([*:1])c1>>Cc1cccc([*:1])c1,Cc1ccc(C)c([*:1])c1,Cc1cccc([*:1])c1,33536,28736,1,1,1.0,20,8,7,28,27,6,5-9,C1CC1C[*:1]>>CC(C)(C)C[*:1],05d0d60b9400799c44a08eef208fb319c48bcf3dba8a50329ba3477d700b14ab,4c86f524b3c7153f2a03a2a3fc1796e418a23f4c34ee3b3ac24a373e62b94ffa,CCS(=O)(=O)c1ccc(-c2nnc(NC(=O)Cc3cc(C)ccc3C)o2)cc1,CCS(=O)(=O)c1ccc(-c2nnc(NC(=O)Cc3cccc(C)c3)o2)cc1
e80470c2ed5ff1bcf0e0716c19f5f012696c77479e23f48f710ea256ad905487,c82f67e87a0b97050b424bc0fdc98a6714b07cd3e9829a8f8bf0fe0077b675a3,O=C(c1cc(CN2CCCC2)on1)N1CC(C[*:1])C1,Clc1ccccc1[*:1]>>Fc1cccc(F)c1[*:1],Clc1ccccc1[*:1],Fc1cccc(F)c1[*:1],29199,2537,1,1,1.0,18,7,8,25,26,6,5-9,CC(C)[*:1]>>CCC(C)NC(=O)C[*:1],bdbd601749339664087b43a4aec54345dee53b7f064e6190b5f6ef4a64d6e081,1266a88b18f52247361fa407bc617ae5a333fd8ec29d9142861e683a96e290ca,O=C(c1cc(CN2CCCC2)on1)N1CC(Cc2ccccc2Cl)C1,O=C(c1cc(CN2CCCC2)on1)N1CC(Cc2c(F)cccc2F)C1
1f31d53aebac651754dfb3ad1c442fc47e782dd9caa7b5366de0ad50ae7ce16e,a2bbb1b1ba6396cf51ef72c702faa2aa68d048ab3c50aa2bd58847f2a56f1620,O=C(COC(=O)C1CCN(C(=O)Nc2ccccc2)CC1)N[*:1],COc1cccc([*:1])c1>>Fc1ccccc1[*:1],COc1cccc([*:1])c1,Fc1ccccc1[*:1],110,15557,1,1,1.0,22,8,7,30,29,6,5-9,C1COCC([*:1])C1>>CSC[*:1],5e11dae501d318e1c338204414de22e9f99303c5836cf04cb9a433c193a4c84b,1abcd32c8f1184832dfe7b311b216577e4a422c5d62988261867b0a434ae2589,COc1cccc(NC(=O)COC(=O)C2CCN(C(=O)Nc3ccccc3)CC2)c1,O=C(COC(=O)C1CCN(C(=O)Nc2ccccc2)CC1)Nc1ccccc1F
50a3846e74763d6e322050950a800ba92a43f8e29e4dc1a1b0142611a27c9109,7bb163acf115bffd28672e0f358b6824f82e13be802b1df076a75265ab934f14,CN=C(NCC#Cc1ccc(C(F)(F)F)cc1)NCCc1cccc([*:1])c1,CN(C)C(=O)[*:1]>>CNC(=O)[*:1],CN(C)C(=O)[*:1],CNC(=O)[*:1],38460,4490,1,1,1.0,26,5,4,31,30,6,5-9,COC(=O)C[*:1]>>COc1cccc([*:1])c1,e844a1a2dbcc1f4837e6c72d5290014285e9810d29887c0116e08054fa8009de,a11dc091cd516b50d141c442bb89e5ad4c51d544cbe79b53a857b59a406d73cc,CN=C(NCC#Cc1ccc(C(F)(F)F)cc1)NCCc1cccc(C(=O)N(C)C)c1,CN=C(NCC#Cc1ccc(C(F)(F)F)cc1)NCCc1cccc(C(=O)NC)c1
517ba09b5a608755b48d07eefebac70ec6c7f1fd9d330090fa932e83e5bdad62,7759cf385e1b655e856ce4bfe90b4ab0fab3c3917eda5acce17952453e794de4,O=C(C1CC=CCC1)N1CC(C[NH2+]C[*:1])C2(CCOCC2)C1,FC[*:1]>>OC[*:1],FC[*:1],OC[*:1],23940,29227,1,1,1.0,21,2,2,23,23,6,5-9,CC(C)C[*:1]>>Cc1ccc(C[*:1])cc1,682ffa89c6582bef4f5958485e24bc78ddebc0304c8c88387e9ea904abca3733,600e859bcea233ec14b6d0e4cce012939668d7a6d4767f890bf10e89a972f2bf,O=C(C1CC=CCC1)N1CC(C[NH2+]CCF)C2(CCOCC2)C1,O=C(C1CC=CCC1)N1CC(C[NH2+]CCO)C2(CCOCC2)C1
fe8e15078bfcb7d64c91cf34c4a7ff7d33dd0ed664cf4de4177823cfa8402378,7f1e925ae06ee31d5a19dc1f238f38d0b3b9486bd5f2cead62d934feec1768b1,C=C(C)C[NH+]1CCC(NC(=O)[*:1])C1,C1CC1C[*:1]>>Cn1cc(C[*:1])cn1,C1CC1C[*:1],Cn1cc(C[*:1])cn1,44971,38722,1,1,1.0,12,4,7,16,19,6,5-9,CCC1(C(=O)N[*:1])CC1>>CCCC(=O)N[*:1],59a8805b2b2a7930d2e624b858a5f0719a41df5c0b232ecac69ae80af342579e,b5bdf46d100b5d799372e6764c5f67a53de18b10d08336e41fd08b312bf591d8,C=C(C)C[NH+]1CCC(NC(=O)CC2CC2)C1,C=C(C)C[NH+]1CCC(NC(=O)Cc2cnn(C)c2)C1
fca4d0a5e2b3553d742ec844a14d1b6c1c3e73854d8eb8f6cfa1f7ec6a0fb238,23a610cec8eb054838b1061752223cf3252b94fe265ba7651e8a47a512fd3264,Cc1ccc([*:1])cc1C(=O)OC1(C#N)CN(C(=O)OC(C)(C)C)C1,CC(=O)N[*:1]>>Cl[*:1],CC(=O)N[*:1],Cl[*:1],45640,10762,1,1,1.0,23,4,1,27,24,6,5-9,CC(C)(O)[*:1]>>OC[*:1],666ba338f82b1d3e8c8809fb051925ccb1b7cd85bfc2c9b812854837fd6fabc3,d5a13076677e9d72d4e75f0ae05db23e5f4597a5af9c002abac5598fd2657059,CC(=O)Nc1ccc(C)c(C(=O)OC2(C#N)CN(C(=O)OC(C)(C)C)C2)c1,Cc1ccc(Cl)cc1C(=O)OC1(C#N)CN(C(=O)OC(C)(C)C)C1
cd9ffd218da792acbfdccf8ade965faa38284d1bf2486334e364cd7afb08cdbe,f3b9e475de1dda71a5ef06b76b61d9acb68c486ed469f228c7f4bcc597f8cf8b,O=C(N[*:1])c1ccc(Nc2cccc(F)c2)cn1,CC(C)C[*:1]>>COCCC[*:1],CC(C)C[*:1],COCCC[*:1],36156,1757,1,1,1.0,17,4,5,21,22,6,5-9,C1COC(C[*:1])C1>>C1COC([*:1])CO1,7fa4ebb77a4b7b9dea509bc67f97616ebcb5f5290df53f1a32d5e714f97407b1,14ef580008d8ebcde8460c3490f8dacc7e477d3e4ed172d4d9e607a4068f338a,CC(C)CNC(=O)c1ccc(Nc2cccc(F)c2)cn1,COCCCNC(=O)c1ccc(Nc2cccc(F)c2)cn1
666d7c6b9144b82ea8669fa7beb3e32a6bef9eec76ddee286fe1388f7f45a47c,39738fcdee74d9cb894bc47b2fe674ea6bd01e507c92c182338bd1453f74fa1d,O=C1NC(C(=O)NCCC[NH2+]Cc2ncnn2[*:1])CO1,CC[*:1]>>FC(F)C[*:1],CC[*:1],FC(F)C[*:1],42405,30676,1,1,1.0,19,2,4,21,23,6,5-9,C1CC([*:1])C1>>C1CCC(C[*:1])C1,2378d0df390c43a4749b1dafcaf9a9542075a3b856ea6520c4a2f3c5863cd02b,7d567de5bb7c7c2b9d1ed802c064afd2cf4066d19bed83f542f14801822fbe6d,CCn1ncnc1C[NH2+]CCCNC(=O)C1COC(=O)N1,O=C1NC(C(=O)NCCC[NH2+]Cc2ncnn2CC(F)F)CO1
febaed9be34cbb84b00d66e97bae7f956e32244541a2e12b5d62aa77008abe9c,40a3ec398bc8d32b454227b393bf4a9c88ddc9a99eeca1a0ba88fa00d0b51aa7,C(C[*:1])OCC1CC2CCC1C2,CC[*:1]>>CN[*:1],CC[*:1],CN[*:1],43334,35629,1,1,1.0,11,2,2,13,13,6,5-9,C1COC([*:1])C1>>COCCC[*:1],09f9a3149427b262f66102c1c0622fd1d0cb68d62f65206d6f9ec99f33903336,8cfa2dbcbe70f82f8a512a57e5c11bdbd256932ad023fe089e5d47074055b9b5,CCCCOCC1CC2CCC1C2,CNCCOCC1CC2CCC1C2
f210555a9f6f13cb8c9a728080110b0c528c575f36c07deead8f347a22476db5,99f9e4cc4826a6f9c5b7274fb3e2f113f6d1ba6326e2de514badfda305ef13c2,O=C(Cc1ccccc1)Nc1nnc(-c2ccc([*:1])cc2)o1,CCO[*:1]>>Cl[*:1],CCO[*:1],Cl[*:1],23214,8143,1,1,1.0,21,3,1,24,22,6,5-9,FC(F)[*:1]>>F[*:1],0de33e97f3bf492d68411e72c3040b1f13778610bc260c910ad7c1cb579327cf,d34223ad604884819adbf3de3e76845c5706e94863fcab6672e082f65fd25dac,CCOc1ccc(-c2nnc(NC(=O)Cc3ccccc3)o2)cc1,O=C(Cc1ccccc1)Nc1nnc(-c2ccc(Cl)cc2)o1
6ed1546bf9529fad90ac5f9a486f5a0b70922a1c0fd05d2b8b94321045c45585,72924e7c9a092b52b12d4f141a04fa2e0a5fd52d75054fbc061865d99f8d8bb1,C=C(Cl)CN1CCOCC1CNC(=O)[*:1],COc1cccc([*:1])c1>>Cc1ccc([*:1])cc1C,COc1cccc([*:1])c1,Cc1ccc([*:1])cc1C,26146,28358,1,1,1.0,14,8,8,22,22,6,5-9,CC(O)[*:1]>>N[*:1],14795b8384406e9b2bea8b56d240dd7342b8cbf63c583388bb65aa76ada52e9e,6d8e62660a361cb59d4a7585fab7a1c08c95c75440e4bc285e1fb8adca69f6e4,C=C(Cl)CN1CCOCC1CNC(=O)c1cccc(OC)c1,C=C(Cl)CN1CCOCC1CNC(=O)c1ccc(C)c(C)c1
fc137857921898844397f709e4627e78945f6809e184a0484d833058da23204f,5714eb7ae518075942715e8495f7961e3893c1e4aeb3a691eb973f436deb68b9,COC(=O)C1CCN(C(=O)c2ccn([*:1])n2)CC1C,Clc1ccc([*:1])c(Cl)c1>>c1ccc([*:1])cc1,Clc1ccc([*:1])c(Cl)c1,c1ccc([*:1])cc1,15265,13519,1,1,1.0,18,8,6,26,24,6,5-9,CO[*:1]>>ClC[*:1],f74181ce510630addc4d0d7a8ef32b3bb3e9f3f1bbebd631d5c47ded820d56a2,084fdd30ebf63d650a5b61e95b3f53c3fa1d035ce8e00640b437edea90fb620e,COC(=O)C1CCN(C(=O)c2ccn(-c3ccc(Cl)cc3Cl)n2)CC1C,COC(=O)C1CCN(C(=O)c2ccn(-c3ccccc3)n2)CC1C
96f920a93d1b3371cb0d77e872aa5fc7eb2909cba6ebf0c4625c69d1a0ba475b,993db885cd4c5d647bd9f06d6406a8f617986b8cfde964d436fa7b4f2a2631f4,CC(C)CC(C(=O)N1CCC2C1C(=O)CN2C(=O)C(O)[*:1])c1ccccc1C(N)=O,CC(C)(C)C[*:1]>>CCC[*:1],CC(C)(C)C[*:1],CCC[*:1],25877,40870,1,1,1.0,29,5,3,34,32,6,5-9,C1CC(C[*:1])CO1>>Clc1ccccc1[*:1],32a542785741f75126c1dd9ceeb07907447951fd76d06294ba104290c8a049ef,fa1357dc0eb21619317fc49c45aea8c4e5ab56b0f5c129a55bc5cc3d6dfec54f,CC(C)CC(C(=O)N1CCC2C1C(=O)CN2C(=O)C(O)CC(C)(C)C)c1ccccc1C(N)=O,CCCC(O)C(=O)N1CC(=O)C2C1CCN2C(=O)C(CC(C)C)c1ccccc1C(N)=O
cb6817b2235664bd854d9080b5f9d3a38962a03db779a18d736ed60d16d00304,467a110b21f2a907d0c63334f9924f00dccb2fa1d5a06923a516d744298bd4f3,NC(=S)c1ncccc1Nc1cccc([*:1])c1,CN(C)[*:1]>>COC[*:1],CN(C)[*:1],COC[*:1],47249,21860,1,1,1.0,16,3,3,19,19,6,5-9,COC(=O)CC[*:1]>>O=C([O-])[*:1],dfde0f00a9d1abf4919f502b2a80091a9e160bbf1ffd7f195ae838b89a044809,8dc1a4ba72e5444526cf97b5481025502438c88d4fea12e535770771d8ef854a,CN(C)c1cccc(Nc2cccnc2C(N)=S)c1,COCc1cccc(Nc2cccnc2C(N)=S)c1
f3d009499398db08202758693980932df653bc054cb4a92c82e3ed7d1a80e0f6,1fc1a681b2c4bcde1525f6178b82e622b806130fd35ece1314bb2c190e01c3fb,Cc1ccc(-n2nc3c(c2NC(=O)C2CC(=O)N([*:1])C2)CSC3)c(C)c1,Cc1ccc([*:1])cc1C>>Cc1cccc([*:1])c1,Cc1ccc([*:1])cc1C,Cc1cccc([*:1])c1,22783,19214,1,1,1.0,25,8,7,33,32,6,5-9,C1CC([*:1])CO1>>N#CC[*:1],48c43f9308e270d85607653532a5e466c0079a7ca39c96c50bc010501288fe02,ff7373e99b2a7aa920c321e969a118c61b4af563e75f01ffa550c8e0acf885bf,Cc1ccc(-n2nc3c(c2NC(=O)C2CC(=O)N(c4ccc(C)c(C)c4)C2)CSC3)c(C)c1,Cc1cccc(N2CC(C(=O)Nc3c4c(nn3-c3ccc(C)cc3C)CSC4)CC2=O)c1
4b77e10d939b24ec89caab434f80a6cedb303fdd1a616219de5b35f9e451ba2e,0bdb90060bc88fb0e5c47e7411ba8a030059de385ede19b645fb635a821f6b81,COCc1c(C(=O)NC(C)[*:1])oc2ccccc12,COc1ccccc1[*:1]>>Clc1ccccc1[*:1],COc1ccccc1[*:1],Clc1ccccc1[*:1],27455,44084,1,1,1.0,17,8,7,25,24,6,5-9,C1CC1CC[*:1]>>NC(=O)C[*:1],7ee7cde3f7ab38b991aa14c3a963c4bdb9521eb61667e53c3bbab4bbdf5d8913,e63b6910435db3f6c94aa02b555ced1b741f0b489a54c83e5ded2008f68f549d,COCc1c(C(=O)NC(C)c2ccccc2OC)oc2ccccc12,COCc1c(C(=O)NC(C)c2ccccc2Cl)oc2ccccc12
a0cdaa8c6be22219adc201be180873bc3661036907f1091b455238b05bd44a8a,8756281496802ab2dcd3270d462a177ddc89b3c5c83d374bc43e09445e5317f3,CCn1ncc(C(=O)NCC2CCC(NC(=O)[*:1])CC2)c1C,CC=C(C)[*:1]>>CCC(C)[*:1],CC=C(C)[*:1],CCC(C)[*:1],48336,33290,1,1,1.0,21,4,4,25,25,6,5-9,Clc1cccc([*:1])c1>>c1cc(C[*:1])cs1,1df484991833c7a5024fa2bac4f8ff90b6bf8f07e6cb7bdce65e04eb4335e736,5cb8d7cd3d748741f992a4c23743e27202312fc1ee0707ce927f06a506fee10d,CC=C(C)C(=O)NC1CCC(CNC(=O)c2cnn(CC)c2C)CC1,CCC(C)C(=O)NC1CCC(CNC(=O)c2cnn(CC)c2C)CC1
a18cbde395dfb811ad66597bb95facc459615321c056c6dc86cd719577ba09f2,605371346b17c8a9c904f8508f1a03c9795ea5549777f2b8897037d3f2a6027c,COc1cc(C[NH2+]CCC[NH+]2CCCOC(C)C2)ccc1[*:1],FC(F)O[*:1]>>N#C[*:1],FC(F)O[*:1],N#C[*:1],22671,1270,1,1,1.0,21,4,2,25,23,6,5-9,C1CC([*:1])CO1>>Cn1ccnc1[*:1],6f34f48c5a3f3ad6ab93eb7dc9d5d02d5fdd5c1eb3fe26fbfeb5d66e4c1568ef,b48face3ac7bd9c1583e875cda2279b7f4d6d1a53c138cdb9e41523b78d8172f,COc1cc(C[NH2+]CCC[NH+]2CCCOC(C)C2)ccc1OC(F)F,COc1cc(C[NH2+]CCC[NH+]2CCCOC(C)C2)ccc1C#N
a0fa312e2495a1f8a4caf2fce84325fcbc78cad97b9b0718f8b3f693ce7cda50,2500e724c17ee6431dcc2518398999ef6ef00a5a30ed4c7c7044308920a80b8c,CC1CN(C(=O)c2ccn(-c3cccc(F)c3)n2)CCC1[*:1],C[*:1]>>[NH3+][*:1],C[*:1],[NH3+][*:1],2808,46825,1,1,1.0,21,1,1,22,22,6,5-9,CC(C)CO[*:1]>>COC[*:1],f8091b32b4acfd6f872e30459cf31579ff5391bece9e958ee79a73dc90b41ab9,4b25156504356fc9c4d654d7be9c4fcb875e29ca7a324d99005cfad56344790b,CC1CCN(C(=O)c2ccn(-c3cccc(F)c3)n2)CC1C,CC1CN(C(=O)c2ccn(-c3cccc(F)c3)n2)CCC1[NH3+]
ab8b5eca41dde2a1e78f133d2218fe0bd0bb5de631da652bda416d066ca5ec9c,6ad91f65d2c8f6c993c2842a58a263e617c7ab10b46cbe4868b0e8bb9d65173c,CCN(C[*:1])C(=O)CCC1C(C)Nc2ccnn2C1C,CC(C)(O)[*:1]>>CC(C)[*:1],CC(C)(O)[*:1],CC(C)[*:1],45185,38701,1,1,1.0,19,4,3,23,22,5,5-9,C[*:1]>>c1cc([*:1])ncn1,440eb4e22cd9fdc73a8f4e556d190c7773c543ad551e0a96de5cf1d2eacee11d,891ee8335249d65a2feb529cb3ddfa242d4253c05c0fb58fe480ca485cc1a163,CCN(CC(C)(C)O)C(=O)CCC1C(C)Nc2ccnn2C1C,CCN(CC(C)C)C(=O)CCC1C(C)Nc2ccnn2C1C
3a5897998d59f146eeea8f4e5f3e84c69c6f9f54c0e7232c08ff799a8ca1e7e2,176d484c18f5a87edeb9b70882d2665e9033b0beeb72b361e9c43e8e9a6cc873,CC1NC(=O)C(C)N(C[*:1])C1=O,CCC(CC)[*:1]>>FC(F)[*:1],CCC(CC)[*:1],FC(F)[*:1],45096,1002,1,1,1.0,11,5,3,16,14,5,5-9,CCCCC[*:1]>>c1ccc([*:1])cc1,67d2a9505754caac975fd4437567db1c9fd0c30a21f2c5eabb2a60c7ef5e82b7,5e0be1a1a1589081dcd0384e951b943a76d5bac5c9a022b8aa9e3f6138fbbd48,CCC(CC)CN1C(=O)C(C)NC(=O)C1C,CC1NC(=O)C(C)N(CC(F)F)C1=O
455f3c62127f79e091e64a2bd268a58823641b1917963c4511e66576eac40140,705cd3c5898e16c2e291ce279b088546a4300ac32ccb68322d667f51ab62efe2,CCc1nocc1C(=O)N1CC2CC[NH+]([*:1])CC2C1,CC(C)C[*:1]>>CNC(=O)C[*:1],CC(C)C[*:1],CNC(=O)C[*:1],3775,17514,1,1,1.0,18,4,5,22,23,5,5-9,C1CC1[*:1]>>O=S1(=O)CCC([*:1])C1,345bd135bbe6299c37e98b9fc62ad60031c174747583b7c3cb1e99639811b7a9,92c8e77f2dff590cfb879fe7e069ca563b5df2697a95f3b03ae6b60abc59a9df,CCc1nocc1C(=O)N1CC2CC[NH+](CC(C)C)CC2C1,CCc1nocc1C(=O)N1CC2CC[NH+](CC(=O)NC)CC2C1
b1903891841eea475383e0f80f9cf015a037194cd541a739ce7a2974d4570955,85daaae79484edc77cb61993c1c41758822b4a255884f7c0b994277b6687d982,Nc1nccnc1C(=O)N1CCC2C[NH+]([*:1])CC21,C#CCC[*:1]>>CC(O)C[*:1],C#CCC[*:1],CC(O)C[*:1],49564,7327,1,1,1.0,17,4,4,21,21,5,5-9,CC(C1CC1)[*:1]>>c1c[nH]c([*:1])c1,2c601dbdafc67a10f364ee1b21f824ced7b6748e75f68a836dcebfe5578e17bd,b4735db473fe2bd14503b563659cd221415326235b4c1362d293c9814e0ab121,C#CCC[NH+]1CC2CCN(C(=O)c3nccnc3N)C2C1,CC(O)C[NH+]1CC2CCN(C(=O)c3nccnc3N)C2C1
73ad884dc52e955241a5572cc68fcc390c7d77300fe709a6b1ce815d70ff056d,de0a13e39cb633ec7bdce8343674156897cbd49f154f2d85307db7b43068a7f6,CC[NH+]1CC2C3CCC(C2C1)N(C(=O)CO[*:1])C3,Cc1ccc([*:1])c(C)c1>>Clc1ccccc1[*:1],Cc1ccc([*:1])c(C)c1,Clc1ccccc1[*:1],38025,44158,1,1,1.0,17,8,7,25,24,5,5-9,CC(C)CC[*:1]>>CO[*:1],15de1447acc1bc8118105ad5fd1357d05fa954a45f4b04e97632235a45b31b28,0fdba0e9fa034ca437f1e89f9ab27c0ff743f728751b41998c0d8e9958af4eb0,CC[NH+]1CC2C3CCC(C2C1)N(C(=O)COc1ccc(C)cc1C)C3,CC[NH+]1CC2C3CCC(C2C1)N(C(=O)COc1ccccc1Cl)C3
f063f9046dd2916244f0f0d541b03c477a6cf5e3d5e658774e5984e889f5818f,9d06790cca3958c7f745003c8293446f1cc6020244bf4f9ddd8e145bbf1df987,CCC1(C)NC(=O)C(C)(C)N(C[*:1])C1=O,CCC[*:1]>>COCCC[*:1],CCC[*:1],COCCC[*:1],21455,34361,1,1,1.0,14,3,5,17,19,5,5-9,C1CC1C[*:1]>>c1coc([*:1])c1,fee6c0369050883940b2686ca4429eee1dbba09493e454fcbc219e78f95e6165,09e700488d6dcb077260193bc9cdfdef3b28a462d6106ebae7d00de2d438152c,CCCCN1C(=O)C(C)(CC)NC(=O)C1(C)C,CCC1(C)NC(=O)C(C)(C)N(CCCCOC)C1=O
1aeb5bd61a5039fdcf205838f2477869ffd88efd88a767e48cc39118274269fd,db6e74a482add2461ba475057813795ca98ff651119f438956a4f600c8145bc9,CC1(C)C2CCC1(C)C(NC[*:1])C2,CNC(=O)[*:1]>>FC(F)[*:1],CNC(=O)[*:1],FC(F)[*:1],15660,2124,1,1,1.0,12,4,3,16,15,5,5-9,F[*:1]>>NC[*:1],c1f8fcc06c81ddeb24969a49d0a6737e05169aa77734e22fca3057a8e427d54d,b6878fc0e27b8084947056cefaa22a9adee03733c02e32f578e166c8cfc7bee0,CNC(=O)CNC1CC2CCC1(C)C2(C)C,CC1(C)C2CCC1(C)C(NCC(F)F)C2
5530c196102b7a42d319b72657f8addbe4e1d47e52cea6bcb9beca5f6ccda2fe,f88a13a9282085d807c0462c2a29ff214bf09cd1cf49cc7f9ab8ae029b0b3308,NNc1cnc(COc2cccc([*:1])c2)cn1,CN(C)[*:1]>>CS(=O)(=O)[*:1],CN(C)[*:1],CS(=O)(=O)[*:1],43389,48458,1,1,1.0,16,3,4,19,20,5,5-9,Cc1nc([*:1])co1>>Cn1ccc([*:1])n1,438607bae099647b0cee168ea439ece1b549a4a1ed6becf61a1cbaaa8d4818b7,48ef30930a01ea0803a75dbd7a79dc9bee83d6d49d0cdecb619e1d1c92d5f946,CN(C)c1cccc(OCc2cnc(NN)cn2)c1,CS(=O)(=O)c1cccc(OCc2cnc(NN)cn2)c1
16d22c75f67e7cf58f772359019d862c588fbb177c82ff327d0fee02a2cd24b0,25804606fb44016617551e3ae9d3986959c1aec74abdd64922536a9de375a0eb,O=C(N(CCO)CC[*:1])C12CCC(CC1)C2,CC(=O)N[*:1]>>CCCC(=O)N[*:1],CC(=O)N[*:1],CCCC(=O)N[*:1],21806,41182,1,1,1.0,15,4,6,19,21,5,5-9,CC(C)C[*:1]>>N#CCCC[*:1],ffef8b87e7f28b7a9514583bfa485039a70965cc5c2648b2d90eb1c6847e849e,f3fcd171ce97677bca9e6fe385557c07182212e5298ac9ebae82b8e9feb956fc,CC(=O)NCCN(CCO)C(=O)C12CCC(CC1)C2,CCCC(=O)NCCN(CCO)C(=O)C12CCC(CC1)C2
c76a103d5ecca27d51c9dd234f7bda0b22a7bbcf4131fe8d30a735a3bb7c58f0,96f9f207a074307240cf61c2e344cb31c51e36d9fa0560a7b76f7af46002d171,Cc1cc(NS(=O)(=O)c2ccc([*:1])cc2)no1,CS(=O)(=O)N[*:1]>>N#C[*:1],CS(=O)(=O)N[*:1],N#C[*:1],49220,4660,1,1,1.0,16,5,2,21,18,5,5-9,CC(=C[*:1])C1CC1>>C[*:1],1e57611347792eecb958724bf7f434373b5a30fec3b6e543ff27069a64d58f5c,b785ebb321cdd250bf5894a3f354215de1a3fce9b819ff6d14f8cfd7f67533f3,Cc1cc(NS(=O)(=O)c2ccc(NS(C)(=O)=O)cc2)no1,Cc1cc(NS(=O)(=O)c2ccc(C#N)cc2)no1
7325484dbdba6e30b67bc4dc178a5f68a6cac3b4e74a5b840812b7ad5fd520b8,7b9b4937171c1405e74a7b103cacdadc9f33533da112fc86b42299e91751448f,NC(=O)C([NH2+]C1CC1c1cccc(F)c1)[*:1],Clc1ccc(C[*:1])cc1>>Fc1ccc(C[*:1])cc1,Clc1ccc(C[*:1])cc1,Fc1ccc(C[*:1])cc1,36111,21325,1,1,1.0,15,8,8,23,23,5,5-9,c1cc([*:1])co1>>c1nc([*:1])c[nH]1,d54bbdc67352cbf413541004032f570b1e58c786087163562326241feed94916,ed2a9b617d6298b8a8792263a9021e8190b1e3a488943e3278a1335ebe05687e,NC(=O)C(Cc1ccc(Cl)cc1)[NH2+]C1CC1c1cccc(F)c1,NC(=O)C(Cc1ccc(F)cc1)[NH2+]C1CC1c1cccc(F)c1
9c435d4de6fc8fd994ac81e7dcfc34558541d8e3216572d28cc26d2b11427da2,0b56c040ae00104074fd192bf701da84435d594b7ab6c044ba5f22e04ad536a0,O=C1CCCN1CN(C(=O)[*:1])c1nc2ccccc2s1,COc1cccc([*:1])c1>>Fc1cccc(F)c1[*:1],COc1cccc([*:1])c1,Fc1cccc(F)c1[*:1],46406,18081,1,1,1.0,19,8,8,27,27,5,5-9,COc1cc([*:1])on1>>Cn1nccc1[*:1],c7bec4ddb91283cb4177202ce227a6adebdfa1e096c868940bd60c7c2416bc7b,2b49342ddc5f66d22cfec24094163122de2cee501f3b9e60f6c548724287ef4a,COc1cccc(C(=O)N(CN2CCCC2=O)c2nc3ccccc3s2)c1,O=C1CCCN1CN(C(=O)c1c(F)cccc1F)c1nc2ccccc2s1
39d8054c210fb9b45e359c0472cf2e6d2ea48555cd6367d06ddf5922bd12f0cb,2e2c89b9fb53856eaad19d62588c29642b7c239e4576fb9b8fdb26872c9f89d0,COC(=O)c1scc(C)c1S(=O)(=O)N(C)C[*:1],C1CC1[*:1]>>CC1CC1[*:1],C1CC1[*:1],CC1CC1[*:1],2188,43927,1,1,1.0,16,3,4,19,20,5,5-9,COc1ccc([*:1])cc1OC>>Cc1ccc([*:1])cc1,f8733783cd53a5649291e0ea082cde4ff4db466b90c2c11b4d57b9e16db8fea3,b44222d7ae68957e1abb818e62c0b7e9e3d191f4d21e0190949526c98da77470,COC(=O)c1scc(C)c1S(=O)(=O)N(C)CC1CC1,COC(=O)c1scc(C)c1S(=O)(=O)N(C)CC1CC1C
48df20edbef03be211c49150d47751283ebd94883deee19d520cc42be05dafa4,691f118e621ffb7bb9e6d7a15ce841af1b585350a01ca4d5159d1beb922fa43c,Cc1cc(CC(=O)N2CCCC3(CC[NH+](C[*:1])C3)C2)[nH]n1,C=C(C)[*:1]>>CN(C)C(=O)[*:1],C=C(C)[*:1],CN(C)C(=O)[*:1],47678,11044,1,1,1.0,20,3,5,23,25,5,5-9,C[*:1]>>c1nc([*:1])cs1,580b5cc2acf6c0d0210d8fbe9ad9b763874b95b5411c2695575c7fb695dadac1,42412ffa1393919f4113bedefc5e8f952400431c2d73e1846f21def1811a0605,C=C(C)C[NH+]1CCC2(CCCN(C(=O)Cc3cc(C)n[nH]3)C2)C1,Cc1cc(CC(=O)N2CCCC3(CC[NH+](CC(=O)N(C)C)C3)C2)[nH]n1
51a6510f8fa335aa6b32f9f0ddd7cf53ae213c58505569733185a99529c0f433,5ece4cbbfe3dfc3e2ff9dc2cb7beb371b9cd5944bf80f508066cf74f6b82487d,Cc1cccc2cc(C(=O)NC3C[NH+](CC[*:1])CC3O)sc12,CC(F)[*:1]>>C[*:1],CC(F)[*:1],C[*:1],23608,20078,1,1,1.0,21,3,1,24,22,5,5-9,CC(C)C[*:1]>>COC(=O)CCC[*:1],31fcbeb002201d8bf35b42e3fb9f67b3f877d0c42784301961fd166856de154c,e9c9ba9bda26cf3f7d5ea1c51548bfe5a2c54bd72a4de9dbfc67b584577b2ed0,Cc1cccc2cc(C(=O)NC3C[NH+](CCC(C)F)CC3O)sc12,CCC[NH+]1CC(O)C(NC(=O)c2cc3cccc(C)c3s2)C1
5274969dde5f7105fe240b4320dbdee50c3fff569be326773e2dd58366e5f62f,9bf73fa7bf231120e92b344e5349e49d4c767c77d6d5a61d9a1a5352b8c158d9,CC(NC(=O)CCn1cccc1)C1CN(C(=O)C[*:1])C1,CC(C)O[*:1]>>COCC[*:1],CC(C)O[*:1],COCC[*:1],3186,49421,1,1,1.0,19,4,4,23,23,5,5-9,C1CC1NC[*:1]>>O=C(O)C[*:1],d937d9f21bb8ed58e6e5cddc485d0a2dc612197f4377d2fd27e3f5c2e5c6abd4,255972ddb0f18a217bce70091653377e50756844c06418f9380428bd130ea333,CC(C)OCC(=O)N1CC(C(C)NC(=O)CCn2cccc2)C1,COCCCC(=O)N1CC(C(C)NC(=O)CCn2cccc2)C1
ac7af6ab96fa89d6da4547c893c7c984a8c33d08f1f272b920ce7a279eb92dab,c422c778086ede00c16f9e3df1d2848a1fdc043b850bfca9890b37c8930c7290,O=C(Cc1ccco1)N1CCC2OCCN(C[*:1])C2C1,C=C[*:1]>>FCC[*:1],C=C[*:1],FCC[*:1],27370,44695,1,1,1.0,19,2,3,21,22,5,5-9,Cl[*:1]>>O=C([O-])[*:1],522855c4c188de95c7fe7d57337c486bb7feef0fa0352e2f60ea4340d60476ad,bd8a86f07bad5f76da54350611e9a054374a3f9e9cc37717b18bc13ecfdb8752,C=CCN1CCOC2CCN(C(=O)Cc3ccco3)CC21,O=C(Cc1ccco1)N1CCC2OCCN(CCCF)C2C1
db6c0221ba6eda1090b87efa4f1ee08a8267eca073798d867663397044a7751f,a7a14d130c3560e424914eef892ff66f201868e59c504fa1e6d4d7758e0a1c3e,c1ccc(C([NH2+]Cc2ccno2)[*:1])cc1,CC(C)(C)[*:1]>>OCC[*:1],CC(C)(C)[*:1],OCC[*:1],45537,30467,1,1,1.0,14,4,3,18,17,5,5-9,CCC(=O)N[*:1]>>CS[*:1],9e113a5be1ae052b4610e0ba3804855f1531a838a497ae8226b9fb643ae75ff1,8668d7f276d49f18b0eb98af6d353d2aff6a955c96c16945a70892c152cc6948,CC(C)(C)C([NH2+]Cc1ccno1)c1ccccc1,OCCC([NH2+]Cc1ccno1)c1ccccc1
ba36bb53c5acffc9e2aa0f51b1282bfb7eb771c34beeb86d461e6805abf05825,c7961ac1487bedffdc192257aba5ce3c206d767f030a5396aaaca40dfd4171d2,C[NH+](C)C(C(=O)NC1C[NH+]([*:1])CC1O)C1CC1,C=CC[*:1]>>COCC[*:1],C=CC[*:1],COCC[*:1],17209,36145,1,1,1.0,16,3,4,19,20,5,5-9,Cc1cccc(C[*:1])c1>>Fc1ccccc1[*:1],5a669d7eca624d435a391f991f791d148378adf0a3cc20248fe66ecf63da4438,740ad3558e2d0771ffb3fe2e8bfc846a287be673c6d7dbd1eac5fe18affebf6c,C=CC[NH+]1CC(O)C(NC(=O)C(C2CC2)[NH+](C)C)C1,COCC[NH+]1CC(O)C(NC(=O)C(C2CC2)[NH+](C)C)C1
e6dcb98336578603694c3112e2a1d3c30fa067983d7f0002065f4bac2790fc91,fb468536ee14bcf73b848960022ac96d6b77dcc3064c6c1d6ff282b46f10275a,O=C(NC1CCCc2c1cnn2CCO)C1CC1[*:1],COc1ccccc1[*:1]>>Clc1cccc([*:1])c1,COc1ccccc1[*:1],Clc1cccc([*:1])c1,27578,29656,1,1,1.0,18,8,7,26,25,5,5-9,C1CC1C[*:1]>>CO[*:1],fae2a65930e173a9106ffb24542d30c617f9d20e4c7d77fbf8bfb1a12c4421b2,ea9a00084a82d002997086d21a293d33128804cca1c4e89f48399a2361058533,COc1ccccc1C1CC1C(=O)NC1CCCc2c1cnn2CCO,O=C(NC1CCCc2c1cnn2CCO)C1CC1c1cccc(Cl)c1
2e6c715edeff768a3a852628a7df70cbd0eef415ca3dc9ec4507ad347e6aa515,b21a4e4eb26e6fc7895f3ac426f8b06817fc8d6b1e1630244908e119911cc8db,O=C(C[*:1])NCC1CC2CCC1C2,CCO[*:1]>>N#C[*:1],CCO[*:1],N#C[*:1],33912,37878,1,1,1.0,12,3,2,15,14,5,5-9,C1CC([*:1])CO1>>Cc1cncc([*:1])c1,ce87633ec99b5ecba20b0e22baa0876b66e600d96279d643f0301cb29a28a7a7,d3914b1adf23b3b658ce58a4cf4430faf00928c142ebe8157903c35696e035a8,CCOCC(=O)NCC1CC2CCC1C2,N#CCC(=O)NCC1CC2CCC1C2
85d4d84586709d6da97fb44c675127dcfaea531bab319edb4a86f1b66f0caa9f,c4df4149fe789c828e7705609e13221f46884936584116cb94b7930680cdf343,O=S(=O)(NCC1CCC1)c1ccc([*:1])nc1,CN[*:1]>>CO[*:1],CN[*:1],CO[*:1],31718,5466,1,1,1.0,15,2,2,17,17,5,5-9,CC(C)CC(C)[*:1]>>CC1(C)CC([*:1])C1,fe932825b0f85c80890e13139fc2462f858c5c3e286a7d9c60d0aa44e93be4b9,5f019f0170cd1ff7f730a88503b83a28cd49902294410dd5d5e311dff052008f,CNc1ccc(S(=O)(=O)NCC2CCC2)cn1,COc1ccc(S(=O)(=O)NCC2CCC2)cn1
44889aca4a2a84278f346aea2ece7eafeae9514970968287f7fd256b99cd4d0e,e6580caa9267da81965e59a9450666380ba99fff1092a10241e03ce70ab12994,Cc1cccc(C(=O)NCC2COCCN2C[*:1])c1Cl,FCC[*:1]>>NC(=O)[*:1],FCC[*:1],NC(=O)[*:1],26439,37324,1,1,1.0,19,3,3,22,22,5,5-9,FC(F)(F)CCC[*:1]>>c1ccc([*:1])cc1,6adc7d749a30b53e3f4eb4ea9e958bd2ea08030322d07dfbc4b762d98d3cd150,e2f8b8d7b97633ffcf54d9fb13bcbaf2d8669a8eab04eeef5b9935a8dce598dc,Cc1cccc(C(=O)NCC2COCCN2CCCF)c1Cl,Cc1cccc(C(=O)NCC2COCCN2CC(N)=O)c1Cl
a918722478d70ad7502a3f576cc61446c9ac6d6ebd10a58feb50d412af3c749c,a5607104243e901fa2947e6c7a91f20a2b3476d4a776af8faab3346aff47b989,Nc1ccc([*:1])cc1-c1nc(C2CSCCS2)no1,I[*:1]>>O=[N+]([O-])[*:1],I[*:1],O=[N+]([O-])[*:1],13035,27436,1,1,1.0,18,1,3,19,21,5,5-9,COC(=O)NC[*:1]>>c1ccc([*:1])nc1,8bf4096c092c1ee0871c847efa3a0abfb2e753c3d4779a5e1e4be65d49ba0232,cbc9a74a46b9469608cdea280a2e1526d2029259ddd1cb6bb8d2eaf8381862fe,Nc1ccc(I)cc1-c1nc(C2CSCCS2)no1,Nc1ccc([N+](=O)[O-])cc1-c1nc(C2CSCCS2)no1
771abcd2de61d9389e3ed832272bd21656a102217fa6d9490889984dfd0c9c50,8d6f78af3c624915978a803664a49cf689924d888d1983c81ff8db30b62cc785,CS(=O)(=O)c1ccc(Nc2ccc(OC[*:1])cc2)cn1,CCCC[*:1]>>COC[*:1],CCCC[*:1],COC[*:1],36426,39635,1,1,1.0,19,4,3,23,22,5,5-9,C[*:1]>>Cc1ccc([*:1])s1,5b7f527ae653ac706de38109bfcc554bd915233884b3cd83f7940a4b894b13a7,c9c66345fb846b84bd4f205ec54a2f4382c8d29393b373f233601965b2d9179d,CCCCCOc1ccc(Nc2ccc(S(C)(=O)=O)nc2)cc1,COCCOc1ccc(Nc2ccc(S(C)(=O)=O)nc2)cc1
aa68a5a8b2580cf6df8873fc8f32820a500fc4c7e0fb2e78ee042b3cd1c5e6db,9e53be9ca507a21efd28ba4b6427a167e1717c8df92cae77a7cbdfe0bcc57817,CCc1cc2c(N3CCN(C(=O)C[*:1])CC3)ncnc2s1,COc1ccc([*:1])cc1>>COc1ccc([*:1])cc1OC,COc1ccc([*:1])cc1,COc1ccc([*:1])cc1OC,29101,38462,1,1,1.0,20,8,10,28,30,5,5-9,CC(C)C[*:1]>>COC(=O)CC[*:1],9c9a6ed86ce772fc8948f25ee7ce202aa7567502583d0726868fc7b3d1be81a8,715fb0ecc535a9ea82cefbf0e9feaffd1f1fb82addf863d832365cc4cec2a062,CCc1cc2c(N3CCN(C(=O)Cc4ccc(OC)cc4)CC3)ncnc2s1,CCc1cc2c(N3CCN(C(=O)Cc4ccc(OC)c(OC)c4)CC3)ncnc2s1
f78c05467a38e4d8c263607effa2f00fac59443120d06dab31af374a55b15da4,17ba1dca8a26d60acfc8b70dd8795bd80e6fbded9c3d4cc3caef47d660dde289,O=C(C[*:1])N(CCc1ccccc1)C1CCCC1,CCO[*:1]>>CS[*:1],CCO[*:1],CS[*:1],36291,17247,1,1,1.0,17,3,2,20,19,5,5-9,Cc1csc([*:1])n1>>Cn1cncc1[*:1],cf4f22ae573b1c92595120c2f35136a0dbae015341eb4bdb675ca22cb55788ca,49e5b18a8c88f2ff772cfd2e71bf00b386f6f801cd6834690fe2df896c2821f6,CCOCC(=O)N(CCc1ccccc1)C1CCCC1,CSCC(=O)N(CCc1ccccc1)C1CCCC1
9278d7c3ea8224730cba8612ebb9c06a8f2a4e2b5db191b119f34516c4efb353,b01ae0f43b6b140728c38602cd8938e2493472d79b17a29b5c5a1af41eb97a76,CCC1(C)NC(=O)C(C(C)C)N(CC[*:1])C1=O,C=C[*:1]>>CC(C)(C)[*:1],C=C[*:1],CC(C)(C)[*:1],17284,10906,1,1,1.0,16,2,4,18,20,5,5-9,C=C[*:1]>>CC(O)[*:1],ca9f7fce82674d5806698fbf0accf728c66341dc2968c6340e07781bca7bd510,83df770e6fb170c8f79d47fe3f407277fe75ae10097f9454dedf826ead3d43ba,C=CCCN1C(=O)C(C)(CC)NC(=O)C1C(C)C,CCC1(C)NC(=O)C(C(C)C)N(CCC(C)(C)C)C1=O
3aacccb8c0ca43311e79afa472b933779603b5a78c1e3563c64d87844536d5c6,ed5140e29f419c282c10cf3d4fae00780a5825de4f4d3c2624f31c723373eb5b,CCCC1CC(NCC2CCCCC2)CN([*:1])C1,COC(=O)CC[*:1]>>NC(=O)C[*:1],COC(=O)CC[*:1],NC(=O)C[*:1],27416,17622,1,1,1.0,17,6,4,23,21,5,5-9,CNC[*:1]>>C[*:1],3e3d5099a3f8eeee806213eedd691a3f8af5d4cdcd917353b7081bca0e05d6aa,f0363e9e68d73001c826d4d8f7fce1fd2914e06511695d1e6ffbbbeed7318b1c,CCCC1CC(NCC2CCCCC2)CN(CCC(=O)OC)C1,CCCC1CC(NCC2CCCCC2)CN(CC(N)=O)C1
0ca50435c19c68cf8605897ce8fbacd964675b2f4c1b527c6eb04d38f5af86cc,d13308bb55784471544aab100d888082fc831f2647553c2004400e4feaa4d9b9,C[NH+]1CCN(C(=O)c2ccc(-c3cnc([*:1])nc3)cc2)CC1,CC(C)(C)[*:1]>>CS[*:1],CC(C)(C)[*:1],CS[*:1],38363,22864,1,1,1.0,21,4,2,25,23,5,5-9,COC(=O)C[*:1]>>Fc1ccc([*:1])cc1,5f4734d91ef47838cd7063943d7b6ec49cd8ed4afbf95e745bcccaf14cf5733d,881fa5a615f5b1a9f82d3d6d3fe08fe8298c1f9a6470e26195deb2952145889c,C[NH+]1CCN(C(=O)c2ccc(-c3cnc(C(C)(C)C)nc3)cc2)CC1,CSc1ncc(-c2ccc(C(=O)N3CC[NH+](C)CC3)cc2)cn1
42acf7295a38d2130a99e39b02dc8580ab74cfce45696c821944677f5ba03e36,a8af5b532e10473b586dfefccc746d6e0177568e2d0d5884724b710382791c4c,CC1(C)CCC(CC(=O)NC2CC([NH2+]C[*:1])C2)CC1,C#C[*:1]>>CC(C)OC[*:1],C#C[*:1],CC(C)OC[*:1],36798,41733,1,1,1.0,18,2,5,20,23,5,5-9,C1CC(C[*:1])CCO1>>OCC[*:1],98d8cd2b50919efecfc9d0a32b21eabbf82c52fcb324b50b153166e32ba869fd,ea36d27f9ace2f283b15297fb992e72787b77c044a74c85974961a42134a4aca,C#CC[NH2+]C1CC(NC(=O)CC2CCC(C)(C)CC2)C1,CC(C)OCC[NH2+]C1CC(NC(=O)CC2CCC(C)(C)CC2)C1
a2207eec448cf1a81db5e46cc2300ce0decc73e5889340aa9e3c81aa243b2747,5a1e33899aca6818156b606016e3130149ca59a9c43df9a6c39c41b74e3230e9,Cc1ccc(CC(=O)NC2(CNC(=O)[*:1])CC2)s1,CC(F)(F)[*:1]>>NC(=O)C[*:1],CC(F)(F)[*:1],NC(=O)C[*:1],2448,42293,1,1,1.0,17,4,4,21,21,5,5-9,Clc1cccc([*:1])c1>>c1csc([*:1])c1,bc9570bbfadaaf59a919a834e3f931264cf0ca1b15e9401b0edfe3b13870c0b1,d0bfc2c6f86491a35f5737a147abcc8345b7dc116c8fd0096c5d6d645c5cef99,Cc1ccc(CC(=O)NC2(CNC(=O)C(C)(F)F)CC2)s1,Cc1ccc(CC(=O)NC2(CNC(=O)CC(N)=O)CC2)s1
4fc54d4fce7d9c15ec612cc735226a591803c02d4f4a737f44449a063252754e,24ad59622c386a013a28a57cf31250f79e5ea2f27266fa938cfbf8bbdea56f48,CCC(C[*:1])NCC1CC2CCC1C2,CO[*:1]>>ClC[*:1],CO[*:1],ClC[*:1],49757,21815,1,1,1.0,13,2,2,15,15,5,5-9,CC(C)C[*:1]>>CCCCC[*:1],59bdde25d8f8153bb5c56a97ced26f15f9dbea9d883d613c2a498484669dc544,f8766df105403f6ce0ffbe053a3c7df2cb29a9f8222bd01eabc9efaceaca231d,CCC(COC)NCC1CC2CCC1C2,CCC(CCCl)NCC1CC2CCC1C2
09460c86c5f450fcbba398d9050eb0b6b1bfcc0ad24655a23a99861daa8e0812,a9a1abab69c8a34c4cd5c56bf767bea9c8f14c9af1fb022fde5f470cfcde0462,CC1(C(=O)[O-])C2C=CC(C2)C1C(=O)Nc1cccc([*:1])c1,CC(C)O[*:1]>>CN(C)C(=O)[*:1],CC(C)O[*:1],CN(C)C(=O)[*:1],35803,21981,1,1,1.0,20,4,5,24,25,5,5-9,CCC(C)[*:1]>>FC(F)(F)CC[*:1],e59076960679562f4ebd88f6c3e94e31799de4f85be3ea4efcdda73cc2606037,286a2ac572e597327e1401d4e42e40b5000c0ee19f6b7282136efdb07b77710e,CC(C)Oc1cccc(NC(=O)C2C3C=CC(C3)C2(C)C(=O)[O-])c1,CN(C)C(=O)c1cccc(NC(=O)C2C3C=CC(C3)C2(C)C(=O)[O-])c1
1c91b9b60e5221e4d7f4d761478e25b4042862827fb9a5dcd440276281b44ec7,f82ef6d01843a83583c4f1c2201c4d728bf3fda785db89f606e27a706533e586,CCC1(CC)NC(=O)C(C(C)C)N(C[*:1])C1=O,C#C[*:1]>>CCC(C)[*:1],C#C[*:1],CCC(C)[*:1],31803,36654,1,1,1.0,16,2,4,18,20,5,5-9,Cn1nccc1[*:1]>>Fc1cccc([*:1])c1F,c92103658eb5259e01839c3d77d7a6a1333e7e190288cd9d18b448e3bcd1e469,1f08c66d2fd0e72cad6adb131eefc3b38eb0e3aca3c8ed5bd33de2300dcf122e,C#CCN1C(=O)C(CC)(CC)NC(=O)C1C(C)C,CCC(C)CN1C(=O)C(CC)(CC)NC(=O)C1C(C)C
3354156ebefd648908f26e1d4fe4a556ea5821200c53340a9984283a82a71cad,77ed7f3843c24cb8552203dd5257847bcbe09318d67428ec04af0a0a82267fa3,CC1C2CC(OC(=O)[*:1])C(C2)C1C,CCCCC[*:1]>>CC[*:1],CCCCC[*:1],CC[*:1],28514,34390,1,1,1.0,12,5,2,17,14,5,5-9,C1CC(C[*:1])CO1>>Fc1ccc([*:1])cc1,5138c8d17fe8e12b4e4d36862ac46e32a85fe6e5a0e3a85a76316d9711a4e674,3e22fdce4f1ecf84cb5f9414a152681dd0179c1590d44287183425e06004cd32,CCCCCC(=O)OC1CC2CC1C(C)C2C,CCC(=O)OC1CC2CC1C(C)C2C
cbbffc56cea6a10af16c4e5918568a783e17fa977d3982b6ee1ae438cd4aca5b,e300534892cd1404afad734ef545ff844960b7a60c20de1532a2515e60c78367,CC(C(=O)O[*:1])N1C(=O)C2CCCCC2C1=O,COc1ccc([*:1])cc1OC>>Cc1ccc([*:1])cc1,COc1ccc([*:1])cc1OC,Cc1ccc([*:1])cc1,31428,35586,1,1,1.0,16,10,7,26,23,5,5-9,C1CC1C[*:1]>>Cn1cc(C[*:1])cn1,1421dfe5b17a22648733cb005a8ddc064f44c7abea3d986e50fe7a6aabd364b3,f6e32240eec4e8658525da8753f62b94732a631d3ce640988761f99521c128a5,COc1ccc(OC(=O)C(C)N2C(=O)C3CCCCC3C2=O)cc1OC,Cc1ccc(OC(=O)C(C)N2C(=O)C3CCCCC3C2=O)cc1
76fd45f99a87efe849a4a502edf183a27d716068278109f9bdd6454c2f2f7d30,00b36b144964e670c24acb6c44f448db9002c9046e3f7e053ad37ef147113112,Cn1cc(C=CC(=O)Nc2cccc(C[*:1])c2)c(=O)n(C)c1=O,CC(C)(C)OC(=O)N[*:1]>>CCO[*:1],CC(C)(C)OC(=O)N[*:1],CCO[*:1],8005,14532,1,1,1.0,22,8,3,30,25,5,5-9,C1CC1C[*:1]>>Cc1nc[nH]c1[*:1],78de1681861253d6e7073fd49b185aa7dbd102e48a0fab91a2942bff3f438f55,a5e3e7e0c0748f5c8de8be20370f17d274a20fb2944d4c9997113577c472db7a,Cn1cc(C=CC(=O)Nc2cccc(CNC(=O)OC(C)(C)C)c2)c(=O)n(C)c1=O,CCOCc1cccc(NC(=O)C=Cc2cn(C)c(=O)n(C)c2=O)c1
1ea125285643b148d96440e5b28f1c08c53b5c55feb8614a38a8498f65b1adc7,d76c22f3cc4d97b3b41ba4bb5f22be8dbff4d7911a009ccdb80944fe8e2f0bb6,O=C(c1ccc([*:1])o1)N(Cc1ccccc1)C1CCCCC1,CO[*:1]>>NC[*:1],CO[*:1],NC[*:1],37559,44075,1,1,1.0,21,2,2,23,23,5,5-9,C1CCC([*:1])CC1>>Cc1ccsc1[*:1],57d0472c4c875bde6a7e9bb002ccbec8b797f8b2cde6c034fb6f221de62bc8ce,75a349ff34d7cff9177460dfe0385417d3653f02a4c176e036fca0dc22940703,COc1ccc(C(=O)N(Cc2ccccc2)C2CCCCC2)o1,NCc1ccc(C(=O)N(Cc2ccccc2)C2CCCCC2)o1
3644285d2e53f464b5011fab2b43b0ec5e8b098912453dae1570604e63af1e2a,3eaaf14e43951cf6beca6d0a22a33593a12ec397427e6de18865d28cee75e6fd,CCC1(CC)NC(=O)CN(C(C)[*:1])C1=O,CC(C)[*:1]>>CCOC[*:1],CC(C)[*:1],CCOC[*:1],24821,21251,1,1,1.0,14,3,4,17,18,5,5-9,CCC(C)[*:1]>>CS(=O)(=O)CC[*:1],1bac6359c50df671dc0e5fefdca00aa3d579282bae606e999c83a15843a600f1,686060a511f072fda232a3f7b9da9da777334793d516d27892d423c54b0acb01,CCC1(CC)NC(=O)CN(C(C)C(C)C)C1=O,CCOCC(C)N1CC(=O)NC(CC)(CC)C1=O
948f3909f2700fa8b6ffc56c560b883598e7083bcfd21fa78f08522e2338120b,a7a6fbb687d3ac36c42ca4f50831bbd2d18a21a439b3502833e02958f20ed409,CC[NH+](CCNC(=O)Nc1cncc([*:1])c1)C1CC1,Br[*:1]>>FC(F)[*:1],Br[*:1],FC(F)[*:1],33449,35609,1,1,1.0,18,1,3,19,21,5,5-9,COC[*:1]>>Cc1cccc([*:1])c1,6118b51054bda0b130b9208481e934bdb6776ec2a3f81be278b96ab44b3e1f8b,0f8a183d5ab38e1ec04c4176975d2df6b13d2a2359a7aaf9c2cfa7ae238e6e15,CC[NH+](CCNC(=O)Nc1cncc(Br)c1)C1CC1,CC[NH+](CCNC(=O)Nc1cncc(C(F)F)c1)C1CC1
d420f66cfdcd899b1afa075134a6738519da593f9c0428f1c71f02a996e4fa6c,0c0cd9b6c751f709f5b0e4d08c977e2501b1c0d578804b02c088a88fb75cfad3,O=C(NCc1c[nH]nc1C1CC[NH+](Cc2ccon2)C1)[*:1],CC(C)CC[*:1]>>CCC[*:1],CC(C)CC[*:1],CCC[*:1],28685,34569,1,1,1.0,20,5,3,25,23,5,5-9,C1CC([*:1])CO1>>COc1cccc([*:1])c1,798078e1293c0ce29338888d80d2d1a26f9f7d885d3ec6fb54252f559da34204,3b7e24b0de309ee490ca7cd49cd04d507b2fb6bb36f6478ca3fcc2ebd9b922fd,CC(C)CCC(=O)NCc1c[nH]nc1C1CC[NH+](Cc2ccon2)C1,CCCC(=O)NCc1c[nH]nc1C1CC[NH+](Cc2ccon2)C1
44d5278de4ee15c3a11a1f099637934b89f80b0fa46f4577dd7c37949481db78,bf9a6913a2f7b6a05622088fa7fc0c1e1d8a009e30a3c37444a3adf74aefaf28,Cc1cn(C)nc1C(=O)NCC1CC[NH+]1C[*:1],C=CCC[*:1]>>CCC(CC)[*:1],C=CCC[*:1],CCC(CC)[*:1],31719,2690,1,1,1.0,16,4,5,20,21,5,5-9,C1CC([*:1])CO1>>CCC(C)C[*:1],768800465c466ebc6197f4fb9dea4e3b862b630784380b918752ef14c5731a45,01d1cdae8d7ddabfb284097ec64b266ac0e0ec676cb990502370b155c5426131,C=CCCC[NH+]1CCC1CNC(=O)c1nn(C)cc1C,CCC(CC)C[NH+]1CCC1CNC(=O)c1nn(C)cc1C
40a7a97a07cf7241cc75ab0a0f2f1e257664e1ac91e15f385f990c5bb0548af3,d68d4316ccb522ffef35e943bc127ffe01ecd3f6aea2e64418b0590617a5d424,CC(C)c1cc(C(=O)N2CCC([*:1])CC2)nn1-c1ccccc1,CN(C)C(=O)[*:1]>>CO[*:1],CN(C)C(=O)[*:1],CO[*:1],14042,6989,1,1,1.0,22,5,2,27,24,5,5-9,CC(C)OC[*:1]>>CN(C)C(=O)C[*:1],4caeeadf28cc48cf991811caa48dd2af8f736a9206d11cbf09f0248a136993ec,6d34aba0cddef56531d47994c253047ce8afb1c4909acfb6b8b0f9966a44fe5d,CC(C)c1cc(C(=O)N2CCC(C(=O)N(C)C)CC2)nn1-c1ccccc1,COC1CCN(C(=O)c2cc(C(C)C)n(-c3ccccc3)n2)CC1
5128173e3e32d71a0fa983751b3c478f94334fd2e8d9b852f6e3bf741b172f00,30656d74385954e8baba3a266f4b5fe87171e778d51271180e32269923fa9e11,CCCCCNC(=O)c1cncc(N[*:1])c1,Clc1cccc([*:1])c1>>Fc1cccc(F)c1[*:1],Clc1cccc([*:1])c1,Fc1cccc(F)c1[*:1],43979,8318,1,1,1.0,15,7,8,22,23,5,5-9,Cn1cc([*:1])cn1>>Fc1ccccc1[*:1],f8d3e04f8f33d0e85eadc771a46fe6db61471b45ee2c97fb084dd9101c75fc49,1e4c5125e557af70cd7dce2a87301ecb4f3c0acc740363de35cd5b6be011ff57,CCCCCNC(=O)c1cncc(Nc2cccc(Cl)c2)c1,CCCCCNC(=O)c1cncc(Nc2c(F)cccc2F)c1
8a9eb23424acb8bb899315dcca00cc354d09831d064f465059e71ddde7ec1795,c7e516714010345870deeb3a6a9658619a6f221f3eb71b772a777b1db172daa4,Cc1cc(N2CCCC2)nc(NCCNC(=O)N[*:1])n1,Cc1cccc([*:1])c1>>Fc1cc(F)cc([*:1])c1,Cc1cccc([*:1])c1,Fc1cc(F)cc([*:1])c1,482,26908,1,1,1.0,19,7,8,26,27,5,5-9,C1CC1CC[*:1]>>C1CCC([*:1])CC1,b40ce258e90d889d3239a5b66de62694383677cc1b9c3f10f6134a3e4e1c8088,2d862f5732be7fdb5cc600e7a11e0081c568afd0da9a26a1602b0b7ef3e4bf26,Cc1cccc(NC(=O)NCCNc2nc(C)cc(N3CCCC3)n2)c1,Cc1cc(N2CCCC2)nc(NCCNC(=O)Nc2cc(F)cc(F)c2)n1
f213c5c74538e693d6ade6ae1a5f5ab281ab04e942530c01299faf93a15e5b6e,bb09556cc5cda7c10f8a9599134b01aaf75bc704612660f4d4a71801a6ace738,c1c(C[*:1])noc1CN(CC1CC1)C1CC1,CC(C)(C)N[*:1]>>N[*:1],CC(C)(C)N[*:1],N[*:1],18047,13115,1,1,1.0,15,5,1,20,16,5,5-9,CCCCCC[*:1]>>C[*:1],cf9be6fb07d1f135f9c900153f1c4a92b11a71dbc17db2b16723e1cb6b9409ca,637000867ce08b9a7f49e0fea4962c2616b93ef6407b969160336b5407a141e4,CC(C)(C)NCc1cc(CN(CC2CC2)C2CC2)on1,NCc1cc(CN(CC2CC2)C2CC2)on1
a598de7a319fd1d6e2cb55f54e369818e37787e06bc5cdab4bb334ae0a242a10,330e479e481174dd70fec7f0a15ee8daf87960833f0b90127cfcbc57abb75aac,O=C(NC1CCCC([NH2+]CC[*:1])C1)c1csnn1,C[*:1]>>OCCO[*:1],C[*:1],OCCO[*:1],5657,4480,1,1,1.0,17,1,4,18,21,5,5-9,CC(C)(C)N[*:1]>>CC(C)N[*:1],602f10178a001393241fa751dae48e89ae72e59167fd27a1aa84dca8c288580a,6ccc8bc96147aa33eb967022c580a68f9d43c11f80bd7fc97a5ab1c85f4d5cd2,CCC[NH2+]C1CCCC(NC(=O)c2csnn2)C1,O=C(NC1CCCC([NH2+]CCOCCO)C1)c1csnn1
438f45e85487c47a9b906cb5e100128d8841ae21c341ecf9638eb3cc2329dbd4,58138be24459d739389b5c7c5754007e92c33c93eb22ed4fac9177a4afd48d2d,CCOC(C1CC1)C(Cc1cn2ccsc2n1)[*:1],CCN[*:1]>>NN[*:1],CCN[*:1],NN[*:1],21441,5125,1,1,1.0,17,3,2,20,19,5,5-9,CO[*:1]>>NC(=O)C[*:1],9e2d86a02e4b2f544800e03873def9f449cf15f6576cba9e40e71e92ef486185,995d5819b6d5dac7c8ffda64f810159bf6eaf12e59ff85c4e99d7140bb021262,CCNC(Cc1cn2ccsc2n1)C(OCC)C1CC1,CCOC(C1CC1)C(Cc1cn2ccsc2n1)NN
b467deeb847baf03db229581c3994037b648bc6508e10b988862d0ec1b9707f3,baeb7fc09ea39d5d1e0c169d8acf94b88f3a438b89deb1a2549fc4065b3ddaed,CCC(C)C1NC(=O)C(C)N(C(C)C[*:1])C1=O,CS(=O)(=O)[*:1]>>CS[*:1],CS(=O)(=O)[*:1],CS[*:1],46708,46409,1,1,1.0,16,4,2,20,18,5,5-9,C1CC(C[*:1])CO1>>C1CC1COC[*:1],fb5a2f1b2459dcc63e19462047a8d7286feef751a1b833f99dc89e98d1222f88,3e834dd544c80e2bae3679cbdacf5767f394ab15e81d30f98a5f1a7769db5324,CCC(C)C1NC(=O)C(C)N(C(C)CS(C)(=O)=O)C1=O,CCC(C)C1NC(=O)C(C)N(C(C)CSC)C1=O
786519fe4cbe72a6956964757bfd618cf3ad42629367b146df93c4a9fe2e7858,c1286f56687876de49367204b8f7e69ad2f0178decb0ae9843515140fe58106c,O=C(CCc1cn[nH]c1)NCC1=CC[NH+]([*:1])CC1,C[*:1]>>OCCC[*:1],C[*:1],OCCC[*:1],38602,30111,1,1,1.0,17,1,4,18,21,5,5-9,CC(C)[*:1]>>CCC(C)(C)[*:1],19cb1efff4f56696a52558072264fdbae963d2b8d9d9a293085676b5e52f22ef,f6d514f0816f55dbd8920fb394dc8f4ae994f8ef7f13b756aa4eba05914b1ea8,C[NH+]1CC=C(CNC(=O)CCc2cn[nH]c2)CC1,O=C(CCc1cn[nH]c1)NCC1=CC[NH+](CCCO)CC1
88b79fde439312a892276b2d70dc35b51a69348653c2d819132857cac7454f17,90b8011adbcf8c7b675d022d80d7295db78045577db2e581b9fce34c47857fda,CC(CC(=O)NCC1(O)CN(C(=O)[*:1])C1)n1cccc1,CC[*:1]>>CSC[*:1],CC[*:1],CSC[*:1],31518,39431,1,1,1.0,19,2,3,21,22,5,5-9,CC(C)(C)[*:1]>>CN[*:1],632b155f658d4a0d608886320f4f341af188e69c7ac59c23ea6d1e8be0fcb0ba,1443421cdd5ed05967d25d17635b30ebd7c11a61487475cc55fc3def469c7e40,CCC(=O)N1CC(O)(CNC(=O)CC(C)n2cccc2)C1,CSCC(=O)N1CC(O)(CNC(=O)CC(C)n2cccc2)C1
6901f44143022a0ba456b2a12d625bb224336b5986094ab25bc56e3149c49340,18b7a3d5144269cfe6cd028bbd4df2425e7405f367478aafdb01b06f115b193e,CSc1nccnc1C(=O)NC1CCCCC1[*:1],CCOC(=O)[*:1]>>F[*:1],CCOC(=O)[*:1],F[*:1],42259,23536,1,1,1.0,17,5,1,22,18,5,5-9,CC[*:1]>>c1ncn([*:1])n1,246ed42fc10aaf1bdd5b961c6bb80c45067560af808bd2fd6857fbf46a7ed655,6bfc953842953318b7c84f5ca8534da773f23da14b580c0b7ce9f26834bc3c27,CCOC(=O)C1CCCCC1NC(=O)c1nccnc1SC,CSc1nccnc1C(=O)NC1CCCCC1F
cc72bee21fd5e4e8b92939e84df5cb31ec1411f493501a25f8e6478b89193595,5c13e535f2e4bf54695a8f6d502ca484aa09312604ec5bf5984f632a2e43e06a,O=C1CC(=O)N(Cc2cccc([*:1])c2)C1,Cl[*:1]>>NC[*:1],Cl[*:1],NC[*:1],1300,46984,1,1,1.0,14,1,2,15,16,5,5-9,C1CC([*:1])CO1>>CCC[*:1],a5ce8b5f33fda5f28e3f88652f395e1e1026d8210c40a0b22579eb9ea266a327,b6a86a21cfcb40b1366a494b58fbf7b77b3c114cd47cbe7e2bd9ddbb231a6b9a,O=C1CC(=O)N(Cc2cccc(Cl)c2)C1,NCc1cccc(CN2CC(=O)CC2=O)c1
7ecbe88148838d48c225353a2c4e9f2382f9a8bed2ef29d5c76788b04ef53eb0,04b2a9ffe2616c381cbecbdd88c1d2b182785dd51b46f7bbbeb4e3d080df9f11,CC(C(=O)N(C)C1CC(Nc2cncc(C#N)n2)C1)[*:1],CC(C)(C)[*:1]>>CCC(CC)[*:1],CC(C)(C)[*:1],CCC(CC)[*:1],30350,37297,1,1,1.0,19,4,5,23,24,5,5-9,CCC(F)[*:1]>>Cn1ncc([*:1])n1,85048dd66f6a3290d3271f50c27416aa5f1aea37e3328767c60b2b306d443007,939d10416c688fe23edc130d6875b3c28bd02b8178ddab82755ca80edd881cd5,CC(C(=O)N(C)C1CC(Nc2cncc(C#N)n2)C1)C(C)(C)C,CCC(CC)C(C)C(=O)N(C)C1CC(Nc2cncc(C#N)n2)C1
1b0ce94e06632d7e44b77cc876be9ae7f7ac05b149befc5c950a9bd19ab4c3ca,90edce459c5db7bc40e0f052ef1087c13f2479ac731941e2fcbcda2bb7bdeeca,Nc1nc(Nc2ccc(F)cc2)sc1C(=O)c1ccc([*:1])cc1,Br[*:1]>>CCOC(=O)[*:1],Br[*:1],CCOC(=O)[*:1],17301,47699,1,1,1.0,22,1,5,23,27,5,5-9,Cn1cc([*:1])cn1>>FC(F)[*:1],31b37f36f316cfb64c96e3b745fcfd11a0061b9388497dd544adf0a0d9291676,f89603ab4d6ed84033dc7fa3c03e350f0f47afd9b2cbb7c8716cb1accf504a28,Nc1nc(Nc2ccc(F)cc2)sc1C(=O)c1ccc(Br)cc1,CCOC(=O)c1ccc(C(=O)c2sc(Nc3ccc(F)cc3)nc2N)cc1
c7ba4bcb51da66634072cbaf89dbd44277b23c0a3944cd2c9921ed217f2c0137,e9ef353a85b7c0283f886937a4fb531d199062e5e7348b6202957e692d033c8c,CCCC1NC(=O)C(C(C)C)N(CC[*:1])C1=O,CCCCC[*:1]>>C[*:1],CCCCC[*:1],C[*:1],8427,4973,1,1,1.0,16,5,1,21,17,5,5-9,Cc1nccn1[*:1]>>c1cn([*:1])cn1,a5a6e87a31d8c61daf4072b304987b0147b2be73b69af1fa40f2d43b7a768a56,4ff0421035ecc78df5ef3883d1a9c51564aec531dc5e1805cb2b5a64d16d8a70,CCCCCCCN1C(=O)C(CCC)NC(=O)C1C(C)C,CCCC1NC(=O)C(C(C)C)N(CCC)C1=O
d5e6bc9acc548ca11306691816b3132b110b680f2b37f92ae2761508a9466768,ea2f298ff96842640e7ca861cd78e819ac3defa3d3bb478b944ef1450a2efe0c,Cc1onc(NS(=O)(=O)c2cccc(N)c2)c1[*:1],CO[*:1]>>I[*:1],CO[*:1],I[*:1],47375,47645,1,1,1.0,17,2,1,19,18,5,5-9,Fc1ccccc1[*:1]>>N#Cc1cccc([*:1])c1,b9af7aaf86412b36121ea0addbe650acff8a0ed292eed6a44933468c6c7b4347,bcd7a8aaae78337a05b2538f5da591e98afe028bd433e4325e602c3750d4f6ce,COc1c(NS(=O)(=O)c2cccc(N)c2)noc1C,Cc1onc(NS(=O)(=O)c2cccc(N)c2)c1I
82e4ae6f15db59eadd2597d703d5238d0eb127730e8de4552b8b42c5d70a806c,7cf91f41cccc31050d2a5000907921254d455cf8c54f8834714d15fea9fba53a,CCC(C(=O)NC(CNC(=O)C[*:1])C(C)C)[NH+](C)C,CC(=O)N[*:1]>>NC(=O)[*:1],CC(=O)N[*:1],NC(=O)[*:1],19863,4731,1,1,1.0,18,4,3,22,21,5,5-9,C1CC1C[*:1]>>Cn1cnnc1[*:1],e536d0c21ed55680a4957618672b0c01c6767f3252b189cde4dda8a4664725fe,b9216d53b461e72c4d3ed608aed18cf36dceb8b541cf82fc77cb10ab03a54953,CCC(C(=O)NC(CNC(=O)CNC(C)=O)C(C)C)[NH+](C)C,CCC(C(=O)NC(CNC(=O)CC(N)=O)C(C)C)[NH+](C)C
611200bf577a96d0c809d4f78d93fc2a54fa1fd09495f0dc5eac5e736283cc2a,3a81b63020d0a08dac7241cbd20eacc01cda87a3326a7ba23286a86aa405b5b7,COc1cccc2c1CN(C(=O)C(=O)N1CCC(C)([*:1])C1)C2,COC(=O)[*:1]>>[NH3+]C[*:1],COC(=O)[*:1],[NH3+]C[*:1],30114,5589,1,1,1.0,21,4,2,25,23,5,5-9,C=CCC[*:1]>>COCC[*:1],58420f74e24d157d6dc6fd0888070f8a98fd763fb851d33b22fbe6d2bbc1a98a,f4dc96de3cd8f7331246cf12c3e93aeeb3a7d425d688a1a295dc5767257466a6,COC(=O)C1(C)CCN(C(=O)C(=O)N2Cc3cccc(OC)c3C2)C1,COc1cccc2c1CN(C(=O)C(=O)N1CCC(C)(C[NH3+])C1)C2
63248472f2d68fca00ca301deb189fb8cee76b603faf903d89c4dedb8846dc43,0de20822495cfd1fd76c638d7e696ae379ad30c4e2ca519849ce2fb91f799954,CC(C)(C)C1CCC(O)(CNC(=O)[*:1])CC1,Cn1cc([*:1])cn1>>c1n[nH]cc1[*:1],Cn1cc([*:1])cn1,c1n[nH]cc1[*:1],36015,40077,1,1,1.0,15,6,5,21,20,5,5-9,CCC(C)C[*:1]>>COc1cccc(C[*:1])c1,fcedaed2bf1f0194707076aa5ec3e754c68a8efa62c1ebb10dc6733dc7f44ca3,3bfa6cb810c0486a087e35b9078eec4e724a2d7fa58f44b315b3a000db6dd406,Cn1cc(C(=O)NCC2(O)CCC(C(C)(C)C)CC2)cn1,CC(C)(C)C1CCC(O)(CNC(=O)c2cn[nH]c2)CC1
110ef11c1e8821d60e64c41b30c56db0a8e390bd691e8f4e79a1dca88b0eb8d4,3708a75089d2e2af41b5c6a75dbc58db27716f17dfd9d5c0616cf93f587b14cb,CCC1(OC(=O)[*:1])C(=O)OCc2c1cc1n(c2=O)Cc2cc3c(CN(C)C)c(O)ccc3nc2-1,CC(N)[*:1]>>NC[*:1],CC(N)[*:1],NC[*:1],16141,7749,1,1,1.0,33,3,2,36,35,5,5-9,CC1CC1[*:1]>>c1cncc([*:1])c1,2e24ce6c19649410ddca14792e1713b0736a8479f106347d85554aec57fcc307,8f61b513550574efd99ab3cfeb4e2136257d7123e795d7cf2a559a02ea27962e,CCC1(OC(=O)C(C)N)C(=O)OCc2c1cc1n(c2=O)Cc2cc3c(CN(C)C)c(O)ccc3nc2-1,CCC1(OC(=O)CN)C(=O)OCc2c1cc1n(c2=O)Cc2cc3c(CN(C)C)c(O)ccc3nc2-1
788351df223637a3c93839c7c83d64f3f438e2a1093a38c3139bc3191ce69835,a04099991a0ab4178dda7aae76d933f8bff80452281e31dc708825bf8c16429e,CC1C[NH+]([*:1])CCN1CC(=O)N1c2ccc(S(N)(=O)=O)cc2CC1C,CC(O)C[*:1]>>C[*:1],CC(O)C[*:1],C[*:1],31844,41861,1,1,1.0,24,4,1,28,25,5,5-9,Cl[*:1]>>O=C(O)C[*:1],4dfb6833f01e13b8d5e300994590531c08be056ff12ba72e354121be7d6a1ad8,7ebb738c817ae3435e546695fd0e69dce0450f34639fdfd406f953ee4d7d99b4,CC(O)C[NH+]1CCN(CC(=O)N2c3ccc(S(N)(=O)=O)cc3CC2C)C(C)C1,CC1C[NH+](C)CCN1CC(=O)N1c2ccc(S(N)(=O)=O)cc2CC1C
4b46df41b6a7e936169b60df8b20986996a49017797784b7203c426ebc0ec389,b8dffcc411a1a5452c77f2d840328e2e10e6922ac4e6091a842c290b435dcb85,O=C(O)C1(CC(O)CO[*:1])CC2CCC1C2,COCC(C)[*:1]>>COCC[*:1],COCC(C)[*:1],COCC[*:1],8678,47956,1,1,1.0,15,5,4,20,19,5,5-9,C#CC[*:1]>>CCCC[*:1],5167e702b79ef256e22537387d043590f8d5390adf5ccf2239a4c3cb42dbd868,b600fb30bc8dc2a0bc805d6f3eee002f2ba7e6259a15568feccfa68eda29effd,COCC(C)OCC(O)CC1(C(=O)O)CC2CCC1C2,COCCOCC(O)CC1(C(=O)O)CC2CCC1C2
a0d4b560d0a8f06120326359bb251e963bd642180b2f68d0289b98efc75af648,f2a865e49b825edc7618525eec359f067531c2406e065d5d5e75692294165038,Cc1cc(CNC(CO)CNC(=O)[*:1])on1,CCn1cc([*:1])cn1>>Cn1cc([*:1])cn1,CCn1cc([*:1])cn1,Cn1cc([*:1])cn1,43204,28407,1,1,1.0,15,7,6,22,21,5,5-9,C1CC(C[*:1])C1>>C1CC1C[*:1],1f7f08f8915af92e6436e3adf49d02e9b16d9f1b0f71e3cebe178ade60b8ed6e,a401ab902d55285fa6180a9b494a27cd2812c83e0f90b49704655f7d7bb6085d,CCn1cc(C(=O)NCC(CO)NCc2cc(C)no2)cn1,Cc1cc(CNC(CO)CNC(=O)c2cnn(C)c2)on1
b7e621fc88ddc2146ea54c3b1959a2c37243176edd3964b9694a20c336a256a5,363328ba7e735296bd3a42d4c935821c33413c14ce896adba6a5732527fbd510,CCOC(=O)Nc1ccc(N[*:1])cn1,Brc1ccccc1[*:1]>>COc1ccc([*:1])cc1,Brc1ccccc1[*:1],COc1ccc([*:1])cc1,28732,17670,1,1,1.0,13,7,8,20,21,5,5-9,F[*:1]>>NS(=O)(=O)[*:1],8bd0d9912b4c68bb32c5c94c5132baa773ad9e93ebb8da3c6b23cdee32776e58,f5c08c2e1d1e209de554994f3e2ed5bbd0f54f51b8ed1fab09a8ed58319a739b,CCOC(=O)Nc1ccc(Nc2ccccc2Br)cn1,CCOC(=O)Nc1ccc(Nc2ccc(OC)cc2)cn1
3fc0fffe3f50d0bfd2945b889290156a8878536e5b2653c6b319e7ef8c767e2e,c2804f98a5323ce4b54b7be17ca3dfc1ba0290d6aeffd957ffa88bdd440708cd,CC(C)C1NC(=O)C(C)N(CCC[*:1])C1=O,FC(F)(F)C[*:1]>>FC(F)(F)[*:1],FC(F)(F)C[*:1],FC(F)(F)[*:1],46479,37410,1,1,1.0,15,5,4,20,19,5,5-9,C=C[*:1]>>CC(C)(C)[*:1],c6f90c641d3f404029cbe7a43a1c48823a907aa56c5eff2c1f310517ff75596e,508cbc04d6e515bd4338fd34b2f17d170007912d9631d55265a7115225ccb1ce,CC(C)C1NC(=O)C(C)N(CCCCC(F)(F)F)C1=O,CC(C)C1NC(=O)C(C)N(CCCC(F)(F)F)C1=O
6d290b3a3a67861eeaa2f15466709489de385d8c99bf4782fd41e4a016719a34,4a7b9b33db600a2c5adcf79b4c8def0151ab9d953c1f2d18afa265e985d22250,Cc1oc(CN2CCSC(C)(C)C2)cc1C[*:1],CC(C)N[*:1]>>N[*:1],CC(C)N[*:1],N[*:1],5661,36883,1,1,1.0,16,4,1,20,17,5,5-9,CCC(C)[*:1]>>c1ncc(C[*:1])[nH]1,bc4eef759837fdb3494873488c9b0cdbecab3f7b0932b1e09158a9d9b5621154,22bf25aaefa61c7d2cb6e3b538ce5a1f66dc4c1e1480a4bb403cdd2516f5bd2a,Cc1oc(CN2CCSC(C)(C)C2)cc1CNC(C)C,Cc1oc(CN2CCSC(C)(C)C2)cc1CN
de5f551566d15c35898172ad703f4c4c95c13b48e4fb2ed72fb2fc70ba2829cf,8fb9e10c8d3d94ee9072f323c2136c481b3f689661cc9c403149bf425d0336c5,O=C(NC1CCOCC1O)c1cc(Cc2ccc(C(=O)N[*:1])c(F)c2)c2occc2n1,CCOCC[*:1]>>COCC[*:1],CCOCC[*:1],COCC[*:1],5638,46810,1,1,1.0,30,5,4,35,34,5,5-9,C1CC1n1nnnc1[*:1]>>CN(C)C(=O)[*:1],db6462bfbb2053c3da633e8f35dff05b2e01c18f23e1ca0a0c9902eb94f41326,bfc8745a11cc5a7f9cad4ba5687f5efc41c1c399bdbc4d1ad207a52db25d948e,CCOCCNC(=O)c1ccc(Cc2cc(C(=O)NC3CCOCC3O)nc3ccoc23)cc1F,COCCNC(=O)c1ccc(Cc2cc(C(=O)NC3CCOCC3O)nc3ccoc23)cc1F
d30e8011e26ef165b2db3373535a6de45b6b2f407f443d13a764c3a8bccfb392,004f4696cce5a05ebf8e4b637447746956c192e64164810d6f9c6fe85b60f7c7,O=C(CC1CCC(C2CC2)O1)N1CCSCC1[*:1],COC(=O)[*:1]>>O=C([O-])C[*:1],COC(=O)[*:1],O=C([O-])C[*:1],36852,19945,1,1,1.0,17,4,4,21,21,5,5-9,FC[*:1]>>OC[*:1],942431d111933aa3bab8df56473bb7667e261fded1469cc838f60597090173ca,4f3f0061626e5d2de929f5427d9dc6711f46493cec481be92ba0fd01560f5ae0,COC(=O)C1CSCCN1C(=O)CC1CCC(C2CC2)O1,O=C([O-])CC1CSCCN1C(=O)CC1CCC(C2CC2)O1
3da507049d3b8e969f0b97707be1a0ed366eb52184b00a3c50231241f00ed4fc,6ec37b32c517cbb671be33e1abf36bd6bbec924692aa1945f94e28b3f25402ae,CC(NC(=O)Cc1cccc2ccccc12)[*:1],COc1ccc([*:1])cc1OC>>COc1cccc([*:1])c1,COc1ccc([*:1])cc1OC,COc1cccc([*:1])c1,22398,4043,1,1,1.0,16,10,8,26,24,5,5-9,Cc1cccc([*:1])c1>>Fc1ccc([*:1])cc1F,5f2ae46e82963c88a3463311a8524c71bb68321a912fb387bd15d5072f3cf96b,f6584ac4a787365d387d6e58fd9c8be3daac29858953bd5ab0e6978671a3cdbe,COc1ccc(C(C)NC(=O)Cc2cccc3ccccc23)cc1OC,COc1cccc(C(C)NC(=O)Cc2cccc3ccccc23)c1
3b37ce38a9cce01e91dd317df0bf02d7a161f75910ad2fafd7febd4e5e39e5ac,f8e3457bd466658ddaadf7b8415592133e5dd1ebd2506db647cfff4143abb9dd,CCCC1NC(=O)C(C)(CC)N(C[*:1])C1=O,C=C[*:1]>>COCC[*:1],C=C[*:1],COCC[*:1],347,10846,1,1,1.0,15,2,4,17,19,5,5-9,CC(C)OCC[*:1]>>C[*:1],1e7a605bfd87f128f9b3d822d1beea70e4940b5cb67e671045904e986dc1b84f,627b527bce6f5b8236b883f1fdbd6c906bf82c27dd323b07e8a73a3b6a7643bf,C=CCN1C(=O)C(CCC)NC(=O)C1(C)CC,CCCC1NC(=O)C(C)(CC)N(CCCOC)C1=O
780af862d839ff102c9756b5d2e89d7f4cced142eb5330cd08170f236bf6414e,167d3c026d7c444d8e27af29ee3338a0e9c666e2b191926e41675c0d31eb0eab,C=CCCn1cc(C(=O)N2CCC3OCCN([*:1])C3C2)nn1,FCC[*:1]>>NC(=O)C[*:1],FCC[*:1],NC(=O)C[*:1],19426,38790,1,1,1.0,21,3,4,24,25,5,5-9,C1CC1[*:1]>>CCOC[*:1],8818fd82319f1d794edc053caa28ecd059d2f818ad6d6d8fca4c7ec49e04e169,654bb5a99ee5fe7e123332bc05fba97cba11cfd1caddfcdde9e06d12b9a9bea5,C=CCCn1cc(C(=O)N2CCC3OCCN(CCF)C3C2)nn1,C=CCCn1cc(C(=O)N2CCC3OCCN(CC(N)=O)C3C2)nn1
1de8e2f8ee8dddaa17a9529962ccd611d7978c0681d762e0c3380af90ea35b3a,0354954f18cb5bf106707428a587ce4fd212eaeec3d50ad6c0b97f1fa7c1ea8f,O=C1CC(C2CCCO2)CN1C[NH+]1CCC([*:1])CC1,CSC[*:1]>>FC(F)[*:1],CSC[*:1],FC(F)[*:1],4400,1470,1,1,1.0,18,3,3,21,21,5,5-9,C1CCC(C[*:1])C1>>Cn1ccc(C[*:1])n1,f095a94e6cbba17fb8e9be2c95d96e45e7d2476f7fbc1eb7299ba046fd3e7fa4,33b6588cc6e6f9c4dad964e2e899952286b59c4713be6ee6301d2f33515a400c,CSCC1CC[NH+](CN2CC(C3CCCO3)CC2=O)CC1,O=C1CC(C2CCCO2)CN1C[NH+]1CCC(C(F)F)CC1
2307fe87d45d0060a1d00a27d98bfb3bfd2c2ad012110fc135af5322e4e480fb,9c799765ca5837dada52a209e36f1963f42bcd9ed6a4d5a1ddcd57d8198f1638,CCS(=O)(=O)Nc1ccc(Nc2ccc([*:1])cc2)cn1,CC(=O)N[*:1]>>CC(=O)[*:1],CC(=O)N[*:1],CC(=O)[*:1],20708,47417,1,1,1.0,19,4,3,23,22,5,5-9,CCC(CC)[*:1]>>Cn1cc([*:1])cn1,4f61ca36c868abcc0858cd00b89d835bc8252ecd26a0c89cffb4a13d65b197cb,d3ba80ade856d343bc6eae9dbbcfcc56e68cebf6d9efcd6a77b3f46966cdd08f,CCS(=O)(=O)Nc1ccc(Nc2ccc(NC(C)=O)cc2)cn1,CCS(=O)(=O)Nc1ccc(Nc2ccc(C(C)=O)cc2)cn1
8db7ba8eb2e5e65df9e98b12ac2cee07481c153e9117c221a827a7b484897259,0e4b4f799709a8f6e8a9070a1ebf0cc92fcdf4bad10fc04a5eea06aa59ff79ff,O=C(c1ccc2oc(=O)nc-2[n-]1)N(C1CCS(=O)(=O)C1)[*:1],CN(C)CC[*:1]>>C[*:1],CN(C)CC[*:1],C[*:1],18855,5556,1,1,1.0,20,5,1,25,21,5,5-9,C1CC1C[*:1]>>Cn1ccc(C[*:1])n1,81667774266fb63494b63238b5a0147afada82cd90b76a924a486b40144e96db,6e6ecdb913e2eecd45cf67bb5e41bd23467edff7065b33a8fef8735d5c2da838,CN(C)CCN(C(=O)c1ccc2oc(=O)nc-2[n-]1)C1CCS(=O)(=O)C1,CN(C(=O)c1ccc2oc(=O)nc-2[n-]1)C1CCS(=O)(=O)C1
6b0eb922c117b55bbc6c00d9fa897ec574c1b6a7e617e934ce37a4947553cb25,7f1cdfeb6bb13da64006fb18b8289158789618c0091a84fbde4742b9795de37c,O=C1CC(CC(=O)Nc2cccc([*:1])c2)C(=O)N1,CC(C)(C)O[*:1]>>FC(F)(F)[*:1],CC(C)(C)O[*:1],FC(F)(F)[*:1],12553,44058,1,1,1.0,17,5,4,22,21,5,5-9,C1CC([*:1])C1>>c1csc(C[*:1])c1,aadd8a929b9938a4eed5e37b246830155e2040929da72c2d91d31628c62f00cc,322f666754a7b33f48d38f86ff54df1df6d32b84aa4d1a379e55848aa8e8a880,CC(C)(C)Oc1cccc(NC(=O)CC2CC(=O)NC2=O)c1,O=C1CC(CC(=O)Nc2cccc(C(F)(F)F)c2)C(=O)N1
74997d0fa2d8d2aa8a960e2b28630ef3a9b102e32272e5205901fcdd12a16874,88ed2afeedc642d0c2d716c866a7c0b52c339d2e141a4aa591b5b9dd7ee7aa9b,CCC1(CO)CCN(C(=O)c2ccn([*:1])n2)CC1,Brc1cccc([*:1])c1>>Fc1cccc([*:1])c1,Brc1cccc([*:1])c1,Fc1cccc([*:1])c1,38675,27809,1,1,1.0,17,7,7,24,24,5,5-9,C1CC(C[*:1])C1>>Cc1cccc(C[*:1])c1,c93429ef0b671a1b05e0a9f1f921bef473fe4eae3fd933e0827030f6a120bccd,3a7f3743336c23a53fa0aadb98a7bb177d3ecffbcbee247223188c30b5df171c,CCC1(CO)CCN(C(=O)c2ccn(-c3cccc(Br)c3)n2)CC1,CCC1(CO)CCN(C(=O)c2ccn(-c3cccc(F)c3)n2)CC1
fe742619c3ea114302b0bba57740b6071e991bafb2beff28ec89ddb6fee49da6,47820c4bcd3662ed1c4e435205e03edf3fc6c46d37bc584297fbe31b9826499b,Cc1cc(C)c2c(c1)CN(C(=O)Nc1nnc([*:1])s1)CC2,CCOC(=O)C[*:1]>>C[*:1],CCOC(=O)C[*:1],C[*:1],15153,30977,1,1,1.0,20,6,1,26,21,5,5-9,C1CC1C[*:1]>>c1cn(C[*:1])cn1,7ca6b9b7b5fc124e84296102924fe4ad89d5f4ffb04c0eca7021ea8ec44bde87,70ee4cf3c6bf73c30ef62ef32ed308ab87ca918a6422afd4094918b8b0f71d99,CCOC(=O)Cc1nnc(NC(=O)N2CCc3c(C)cc(C)cc3C2)s1,Cc1cc(C)c2c(c1)CN(C(=O)Nc1nnc(C)s1)CC2
f92dc4679990d248e90402eebfb9cd0a440c1951f0dfc4de74acbca74f695caf,1a7a9ddd768dee348a71f91b873a6534eacfdaaa6395145443cccb76f4a1f6b4,Cc1nccc(C(=O)NC2CCN([*:1])CC2O)n1,C=C(C)C[*:1]>>CN(C)C(=O)C[*:1],C=C(C)C[*:1],CN(C)C(=O)C[*:1],11911,24060,1,1,1.0,17,4,6,21,23,5,5-9,Cc1ccc([*:1])cc1>>c1ccc(C[*:1])cc1,3baec0b9b5923064963b973e6a5bcf03255f1272c1d6aa9531e1490ce87cb5b5,d3403601de201d626d81e5f26e15919fe4aa74ee8d52c0e7d9a45cd4aaab97c2,C=C(C)CN1CCC(NC(=O)c2ccnc(C)n2)C(O)C1,Cc1nccc(C(=O)NC2CCN(CC(=O)N(C)C)CC2O)n1
6188a577df03ea827cdccb18234a3faca108f642df0c8070e09bcbd4d37130a5,e378442f81d3e92b57768579d3c1ff8e3c26e9f3dff26a86f4283311a200f37e,COc1ccc(C)nc1NC(=O)NC[*:1],C1CC1[*:1]>>CC1(C)CC1[*:1],C1CC1[*:1],CC1(C)CC1[*:1],30564,40091,1,1,1.0,14,3,5,17,19,5,5-9,CCCCCC[*:1]>>c1ccc([*:1])cc1,8f6a41fd02dfa1062a1065490c19c267a0e813c8998e517e4bb1f971f55e0238,951a718cbe7942c2a909473f9f6f255fc34b058359694d5467e7a5525e7e1f00,COc1ccc(C)nc1NC(=O)NCC1CC1,COc1ccc(C)nc1NC(=O)NCC1CC1(C)C
4c4568cacacd50c4f0c6baf9fd0cd0faf44a623370f710ad241762c862ff824d,9ff54148ca284425134ad107b554ca206accaa764535898fb68a5070270f0ee1,CC1(C(=O)OCc2ccc([*:1])cc2Cl)CCC1,FC(F)(F)O[*:1]>>N#C[*:1],FC(F)(F)O[*:1],N#C[*:1],7727,46107,1,1,1.0,16,5,2,21,18,5,5-9,C1CC1NC[*:1]>>O=C(O)C[*:1],4616b3dcd38f340236bfdabda3bc649fbf07bf81e3ed046fd004cc7b90d3887e,0b6fabf7dcafedbe0780119b569dcba42d69dfa4ccdb70bb895d05c3af1bb938,CC1(C(=O)OCc2ccc(OC(F)(F)F)cc2Cl)CCC1,CC1(C(=O)OCc2ccc(C#N)cc2Cl)CCC1
374eec67407bd6722d1b2556c9d6645ce4f63013c438ea884a64dbf26adc503a,e53c06db0cb5de48fc8ed3323b28aff7d8718e3b94632e68e2470f45ec915c3d,NC(=O)c1c[nH]c(C(=O)N2CCC3CC[NH+](CC[*:1])C3C2)c1,FC[*:1]>>F[*:1],FC[*:1],F[*:1],3127,9693,1,1,1.0,21,2,1,23,22,5,5-9,COC(C)[*:1]>>Cc1cccc(C)c1[*:1],8a7ca72497f528ee04c177af3a81ad75c347aca1815a124938b7878729e57f6d,76cb22cbf9abd5ba18269e43de831509f462dc32b5d79327b4519b96bc41d863,NC(=O)c1c[nH]c(C(=O)N2CCC3CC[NH+](CCCF)C3C2)c1,NC(=O)c1c[nH]c(C(=O)N2CCC3CC[NH+](CCF)C3C2)c1
25ea3185b1e01f8e4b58c8fdc5951206b71d64889cc7b1050fc86c84d94865ea,835f22ff4108cfc8e49efe2883d5c38e17ab19ec1c2fb0047b842c5f0c413adb,CCC1CN(C(=O)c2ccn([*:1])n2)CCC1[NH3+],Brc1cccc([*:1])c1>>Fc1ccc([*:1])cc1,Brc1cccc([*:1])c1,Fc1ccc([*:1])cc1,28332,6883,1,1,1.0,16,7,7,23,23,5,5-9,C1CC([*:1])CCO1>>CCC[*:1],697301bc7489d7924cbcc9167846fea7a9cb1577032eb51d25573bcc6b7c6806,da9fe2d9886aef6a024d016ab3a8346a3f52c04c50b5c48f6835df7fcc13f39f,CCC1CN(C(=O)c2ccn(-c3cccc(Br)c3)n2)CCC1[NH3+],CCC1CN(C(=O)c2ccn(-c3ccc(F)cc3)n2)CCC1[NH3+]
8cc90bc17abfb15728a37ce84e0aaf67264e0e1c2b045e1a774e852245a88eaf,08e75906047a46969f50c8ee69eea96d4516c09a4785e0558b61a60799fbaa97,CC(NC(=O)CCC[*:1])C1CC2CCC1C2,BrC[*:1]>>ClC[*:1],BrC[*:1],ClC[*:1],28299,6481,1,1,1.0,15,2,2,17,17,5,5-9,C[*:1]>>O=C1CCCN1[*:1],512973b0e7a1c343d0a540ab529033230166dd0f711d2e547ca1c92dbaa50c59,69643cc7ad873a67e8bccaf12a19f18efd440bbf4b7123b0c772a91ab6091db5,CC(NC(=O)CCCCBr)C1CC2CCC1C2,CC(NC(=O)CCCCCl)C1CC2CCC1C2
d75ca3d80bdc5bdab04ae9e7bb9c45f4076d8a40d94da719721f4f492b4bcc13,81317972485d5e86a4054661ccb75b567aa2fececb329df8010ad3d890c773d0,CCC1NC(=O)C(C)N([*:1])C1=O,C#CCCC[*:1]>>CCC(C)[*:1],C#CCCC[*:1],CCC(C)[*:1],6793,13325,1,1,1.0,11,5,4,16,15,5,5-9,C1CC([*:1])CO1>>CCC[*:1],e34ccbf2e67f311662692bd72ea7703aed3d82fbc0a32544b8c6f72aa6f922ed,9b83c83acc2faad7c002ff1a1dadcf1ccda5b35549b490abe106b8dd78755a9e,C#CCCCN1C(=O)C(CC)NC(=O)C1C,CCC1NC(=O)C(C)N(C(C)CC)C1=O
261918fa5c7fa0377023ee2dff367a0bfd50d2b8a1035bdf4914463ead8d1044,635680f7c363a2743aa66921ca40feb28ae903279cfb92a626c5b5ac042a86db,CC(NC(=O)CC1CC2CCC1C2)[*:1],CC(=O)[*:1]>>CC(C)[*:1],CC(=O)[*:1],CC(C)[*:1],23043,21939,1,1,1.0,13,3,3,16,16,5,5-9,BrC[*:1]>>CNC[*:1],57154d541b9baf07e592321d75b21b34f3654b8f8472f89edd5bdf7837270e25,4333314bbca45f2f7d3bb6c9c4abfd5ef38721bdfd47f44ea31b0c1730f3b0b5,CC(=O)C(C)NC(=O)CC1CC2CCC1C2,CC(C)C(C)NC(=O)CC1CC2CCC1C2
64295cb74698207cc22aea63fe24b255ec2614cbd88ad23c842cf1bd7b5573b9,8e65decfb026951ae18d896e296fbe6827cc706dad31646c5b07549ba6134c6a,O=C(Cc1ccc([*:1])cc1)Nc1nnc(-c2ccc(F)cc2)o1,CCS(=O)(=O)[*:1]>>CS(=O)(=O)[*:1],CCS(=O)(=O)[*:1],CS(=O)(=O)[*:1],28650,21351,1,1,1.0,22,5,4,27,26,5,5-9,CC(C)C[*:1]>>c1cc2c(cc1[*:1])OCO2,776dc063d2a294f84130ea9886dd4d287c10278201200776fbf2cd27b37659bf,da99ee4b64d085d0ee07d355d27f3a3999e0de49ec19c4ffa87a31a316806e24,CCS(=O)(=O)c1ccc(CC(=O)Nc2nnc(-c3ccc(F)cc3)o2)cc1,CS(=O)(=O)c1ccc(CC(=O)Nc2nnc(-c3ccc(F)cc3)o2)cc1
2ca628f7a0b03f5c431378ae15c758ffc602bb3346a16969c8a711ed87f7eb9d,5b09bc332d379eb3368c8c675e013030d6ab00d5ed42ac79086eedc4b316de4b,Clc1cccc(Nc2ccc([*:1])nc2)c1,CN(C)[*:1]>>N[*:1],CN(C)[*:1],N[*:1],35798,21538,1,1,1.0,14,3,1,17,15,5,5-9,Fc1cccc([*:1])c1>>c1coc(C[*:1])c1,ddbe4898163f8a6382e0a30b3479a0038e821ec294b7d1cc4097f103c03e719b,2b8f874a778a9846360a0fa1dc1837fba3f514a77a8ae1afa1e160b204f65b5c,CN(C)c1ccc(Nc2cccc(Cl)c2)cn1,Nc1ccc(Nc2cccc(Cl)c2)cn1
142de210a37dd290c2e6939e099701a4c3c1af3f3b35a948ae3e4766bdedb4a1,a4fa32446afcf70923d27b3a3cd6b964590d0b30bc6f7b2449f3646622e437db,Cn1cccc1C(=O)N1CCC2CC[NH+]([*:1])C2C1,C#CC[*:1]>>C=CC[*:1],C#CC[*:1],C=CC[*:1],14567,6534,1,1,1.0,17,3,3,20,20,5,5-9,C1CC([*:1])CO1>>COc1cccc([*:1])c1,8996e488fd044963fcc44bcbed928151dcc2152b0edb070f7965d9e989e255d4,3e09df226e5e03f65d96c9aaeca9adaafbac17d7bb6cc7898037c82027c294db,C#CC[NH+]1CCC2CCN(C(=O)c3cccn3C)CC21,C=CC[NH+]1CCC2CCN(C(=O)c3cccn3C)CC21
083d13a232a0db4cc7eae7d8f1b8a7e789cbe58bc4d9e5932910fdb93f54e699,1c6c5b1c5f0acf8da22634f1e25d28c5b488a597ac09fa47ab12a962c784b1b3,CC(C)CC1NC(=O)C(C)N([*:1])C1=O,CCCC[*:1]>>COC(C)C[*:1],CCCC[*:1],COC(C)C[*:1],20747,19377,1,1,1.0,13,4,5,17,18,5,5-9,CC(C)CC[*:1]>>Clc1ccccc1C[*:1],efeff91895ee0aca2bdecc50d17e1316281b2611340251b37387b8267ee689ff,feb04717dc1282a55a46a89625c843fb399d6680d9d54e3ca621c834871f865f,CCCCN1C(=O)C(CC(C)C)NC(=O)C1C,COC(C)CN1C(=O)C(CC(C)C)NC(=O)C1C
45d296b7b861eff042e5e8ac615b95888787c51ea87c5fd1600d906444712bf8,04cc838f04beaa20cc8b6adb92bf9a7cac9ddc8dfd8dd0b6dd51604c2a6476f0,NC12CCC(CC1[*:1])C2,F[*:1]>>NC[*:1],F[*:1],NC[*:1],37211,49598,1,1,1.0,8,1,2,9,10,5,5-9,Cc1cc([*:1])no1>>c1ccc([*:1])cc1,0e70944b54c6682f0b8d5a011411dab4d86a453898215743813a0ad74684a5ae,2857665f8d5aed6bd6996b6588db5a139b7d6a2a98f3ff8f0e4f525698a0c81d,NC12CCC(CC1F)C2,NCC1CC2CCC1(N)C2
c6dbfe33ca069f7e4c96ec34541175df756b61249c9d292c8e75faaa8e851fb1,27b87dbcfced50c0a9b48b1af262767ac95d567393e5f9b0dfcb4f271e677988,O=C(Cn1ncnn1)NCCC1CCN(C(=O)[*:1])C1,CC(C)[*:1]>>CCOCC[*:1],CC(C)[*:1],CCOCC[*:1],28360,5402,1,1,1.0,18,3,5,21,23,5,5-9,CS(=O)(=O)C[*:1]>>FC(F)(F)[*:1],2205e56a605e056d0ceba89a8303b5be27d929f07a72c8d7e349073095695605,c90dc509c3bbac0258503c1ec26316058fd69ba194e262e328724d75feae3853,CC(C)C(=O)N1CCC(CCNC(=O)Cn2ncnn2)C1,CCOCCC(=O)N1CCC(CCNC(=O)Cn2ncnn2)C1
abbf52687e7e0fcbed3d39572b7ebbb6bf22dc93fc07f0b4accb5cc1c33a2514,7e84941c84e2b82be12047f1fc45fb26677aeb17a2c42f8b751c693c718e6df4,N#Cc1cccc(-n2ccc(C(=O)N3CCCC([*:1])C3)n2)c1,CC(C)O[*:1]>>N#CC[*:1],CC(C)O[*:1],N#CC[*:1],13312,30537,1,1,1.0,21,4,3,25,24,5,5-9,C1CCC([*:1])C1>>Clc1ccccc1[*:1],ff7984bb5a01b4eed1219cbf5b8a08844e72e139b9a120faac66a36dc52a5659,3d6ff45986994b02fc3bef945633508bb08783a3aab9efb0329eb9adb21bc046,CC(C)OC1CCCN(C(=O)c2ccn(-c3cccc(C#N)c3)n2)C1,N#CCC1CCCN(C(=O)c2ccn(-c3cccc(C#N)c3)n2)C1
9845baeb08fccbca1febe36004360bf5ad0bc5da6c05dd88d8fe12fbebb82483,56e7839023d94c87e73e5332f655cb02d61f5e386d458c366bc0d45f485aafdc,Cc1ccc(Cn2nnc(C(=O)N[*:1])c2-n2cccc2)cc1,Cc1cccc([*:1])c1>>Fc1ccc([*:1])c(F)c1,Cc1cccc([*:1])c1,Fc1ccc([*:1])c(F)c1,39297,3589,1,1,1.0,21,7,8,28,29,5,5-9,C1CC([*:1])CO1>>c1n[nH]cc1[*:1],c0246d802b13f93bc74ead7c41cc0ae1427ef3f3b1eaa327b2633bb0fea0e309,126b2871fcc8ec6bfa362db98e735ca96e4bab2dc0a2ab5cacf2dc95495fb4fd,Cc1ccc(Cn2nnc(C(=O)Nc3cccc(C)c3)c2-n2cccc2)cc1,Cc1ccc(Cn2nnc(C(=O)Nc3ccc(F)cc3F)c2-n2cccc2)cc1
3c3094aa1b915da8f216b1a35bf947f724b9de89977720045653d1695ee9e952,861bb9dcd78c0e02870a9d843b2b5a916c8bd6072803b5cba0a39835fa687d51,CC(C)c1ccc(-c2nc(CC(=O)N3CCC([*:1])C3)cs2)cc1,OC[*:1]>>[NH3+][*:1],OC[*:1],[NH3+][*:1],30158,28062,1,1,1.0,22,2,1,24,23,5,5-9,C1CC([*:1])CO1>>CC(C)CC[*:1],4ba444c934d59ca35cae3667afaf60f8828f8b0f19bbc164767fd2e7022bd319,7d221336f79cc3cd49477853cc1f2f06729ef93b6b27974c971ad65120a53929,CC(C)c1ccc(-c2nc(CC(=O)N3CCC(CO)C3)cs2)cc1,CC(C)c1ccc(-c2nc(CC(=O)N3CCC([NH3+])C3)cs2)cc1
bdab231920d0fac66eecabf99b467cb98ada936eab655b0e9b41c4c23b386b92,4032348ba21d8ef2ea4b5bb564d23f63412bea227ac0df893767adaf8adfdb39,CN(C(=O)c1ccnc([*:1])c1)c1cnn(C)c1,Br[*:1]>>CN(C)[*:1],Br[*:1],CN(C)[*:1],36979,47580,1,1,1.0,16,1,3,17,19,5,5-9,C=C[*:1]>>CC(C)C[*:1],0e65e529a0e608cd720cc5723de8f9262e18e1348dfde15e7fe07639db63c7b7,b2f894aa268ff93e2be8631df855adde2229581d200f0bf5931bd29df288d025,CN(C(=O)c1ccnc(Br)c1)c1cnn(C)c1,CN(C)c1cc(C(=O)N(C)c2cnn(C)c2)ccn1
06d938786fd6c9410aa39479f7ff869ccfe556752e0e640114872f6fd690b0ce,dfd31ca249c9ff483651188dd3c849706122cbbd50bac16a343963e680c34f49,c1cn(C2CCCC2NCc2cc([*:1])cs2)cn1,Cl[*:1]>>NC(=O)[*:1],Cl[*:1],NC(=O)[*:1],17896,7778,1,1,1.0,17,1,3,18,20,5,5-9,COC[*:1]>>CS[*:1],445e4b251f9a37d8943cfd3d17107044be78e185157afc4f59032c8ff98ee33e,43bf8b1d75ec7eabe286f17ef25854d229809108298e280b46b8478b09d50253,Clc1csc(CNC2CCCC2n2ccnc2)c1,NC(=O)c1csc(CNC2CCCC2n2ccnc2)c1
dced54a24442425ff84803475c69a751001581bef340213cd16be655d06a597c,e2b5f1c51d01da589eabbc3bd564f9871d5d1bea5eb98545c55c8ba45cee6ade,O=C(NCc1cccnc1O[*:1])C1CC1,Cc1cccc(C)c1[*:1]>>c1ccc([*:1])cc1,Cc1cccc(C)c1[*:1],c1ccc([*:1])cc1,42552,24450,1,1,1.0,14,8,6,22,20,5,5-9,CC(C)CO[*:1]>>NC(=O)[*:1],98694443d69698890db51bb4c2a0fcb3c5a913042444014ab01e503db2eb067a,d918f04c0129aa22390f6ac6712af7d713a6d0e62d1cd6fd86e26f67b5ded408,Cc1cccc(C)c1Oc1ncccc1CNC(=O)C1CC1,O=C(NCc1cccnc1Oc1ccccc1)C1CC1
0b36f40a22e748c89ca38ba4a9fb5c8e447dbae1b93b64761d7a6adfde787be9,0d25b34e23d43ad5519eb1c73333daa401298a399a84d1991f3dd6752cb3dc84,CCOC(=O)c1ccc(Nc2nc(N)c(C(=O)[*:1])s2)cc1,Cc1ccc(C)c([*:1])c1>>Fc1ccc([*:1])cc1,Cc1ccc(C)c([*:1])c1,Fc1ccc([*:1])cc1,47175,9427,1,1,1.0,20,8,7,28,27,5,5-9,C1CC(C[*:1])CO1>>c1ccc(C[*:1])cc1,34e30185eac196039b4b841079631de4d5dc18992a3a28a344875a53ce4387da,3a897fdd7101d68d54a3ac516a9815c435fe213b183af7766f72c065b0e8a31a,CCOC(=O)c1ccc(Nc2nc(N)c(C(=O)c3cc(C)ccc3C)s2)cc1,CCOC(=O)c1ccc(Nc2nc(N)c(C(=O)c3ccc(F)cc3)s2)cc1
9b32e6873945b938e9c86f6c44707b7deac58706a82e33a2a18795f74780d22b,53f53201a28dd95d47aeb26131f652f3c150ad11dbb6e60c16d42d499499a996,O=C1CC(CC(=O)Nc2ccccc2[*:1])C(=O)N1,CO[*:1]>>C[NH+](C)C[*:1],CO[*:1],C[NH+](C)C[*:1],42197,33293,1,1,1.0,17,2,4,19,21,5,5-9,C1CC(C[*:1])CO1>>C1COCC([*:1])C1,092be58111c969a92c9abc6a2895b86fd682d8b8361c86a8bf97b43f4b4f79a3,2ffbf82c2a713b2b00554aa20b9aceaea8ce95d2f6ffdddbea4d793c59c80487,COc1ccccc1NC(=O)CC1CC(=O)NC1=O,C[NH+](C)Cc1ccccc1NC(=O)CC1CC(=O)NC1=O
3f18c1989b046b5d124538cd7c7f9c73fe5b86b63f9a6e25d0a795ec9fa79b2b,4d7a0df21994992d0bccc62caa22112287c76bee9a7f08ab719ef05c40677bda,CN(c1cnc(C[*:1])cn1)C1CCC1,CCCN[*:1]>>N[*:1],CCCN[*:1],N[*:1],8186,31011,1,1,1.0,13,4,1,17,14,5,5-9,C#CC[*:1]>>Cn1cc(C[*:1])cn1,1457ed91fadc8fd03bbbf088647732b3601fc412d81559ada3c5d8d569c6be4f,8607265da5d73bb63a5d20f73654ad5c9f2145987d5fd26645aca6012d855782,CCCNCc1cnc(N(C)C2CCC2)cn1,CN(c1cnc(CN)cn1)C1CCC1
9addcd212148cb993da1a29f277d06af20f405edbb81d6f745f3b9a56477c6b0,884bd568cf18111cc019c9e5877487cc4697cd19d8e81a94236160d88a96fa23,CC(=O)Nc1ccc(Nc2ccc(Cl)c([*:1])c2F)cn1,Cl[*:1]>>O=C([O-])[*:1],Cl[*:1],O=C([O-])[*:1],44584,23952,1,1,1.0,19,1,3,20,22,5,5-9,CCC(C)[*:1]>>Cc1nocc1[*:1],cfa20fcb0366ce161b9455ffeb5190bdd2b71668aa21bd64989e1ac892f31eff,269ef6e44fe22e9596d05634cb7fab38a31dc29e3c986fd8b6fc47a704fcd6e2,CC(=O)Nc1ccc(Nc2ccc(Cl)c(Cl)c2F)cn1,CC(=O)Nc1ccc(Nc2ccc(Cl)c(C(=O)[O-])c2F)cn1
e4148855e9618a39bc2982ff46aca5569391b21544e931cf016326250902972b,2679249665832cab3a6d810f7841278d24c4c22831fc996bb43e493cc196a9d5,Cc1cnc(CNC(=O)C2([*:1])CCCC2)o1,NC(=S)[*:1]>>N[*:1],NC(=S)[*:1],N[*:1],42189,30732,1,1,1.0,15,3,1,18,16,5,5-9,CCC(C)[*:1]>>O=C1NCCC1[*:1],1e70cce6026a0403893aa686ed9c1402f1e9a4f99cfd65fd4146dfce087479b5,c5f17c3b0c96bf30c7a73bfd079172309367af8a0731ff99c0b225eb7a614735,Cc1cnc(CNC(=O)C2(C(N)=S)CCCC2)o1,Cc1cnc(CNC(=O)C2(N)CCCC2)o1
23b98f323430d0f67be0b2cb1d4736c22d4e1ec92b6b090e019297416648e7fa,713f8c28bd4e5290fc8196c287924360cc572d2a1bc27621d5672f53ea784612,CC(CCc1ccco1)NC(=O)C(=O)N(CCc1ccccc1)[*:1],CC[*:1]>>C[*:1],CC[*:1],C[*:1],5872,10141,1,1,1.0,23,2,1,25,24,443,20+,C1CCC([*:1])C1>>C[*:1],9753b603271b34428d11f82cf19d2c134dcf554f5eedbd921bf5bbebeaf9f068,0f685918ff8e6e235b2af3bf51d754cfc0ee8f7bd811922f7e4885b9370f1bb2,CCN(CCc1ccccc1)C(=O)C(=O)NC(C)CCc1ccco1,CC(CCc1ccco1)NC(=O)C(=O)N(C)CCc1ccccc1
a760f49c85aafd83622a487d9667f831fed5747610cb9a002ef0226ba1258d12,b5f59a090a910109eea1398409949c3936fb7c7a33027d24f693432ffad080b8,CCN(C(=O)Cc1cnn(CC)c1)C1CC[NH+](C[*:1])C1,CC(C)[*:1]>>C[*:1],CC(C)[*:1],C[*:1],14742,42634,1,1,1.0,19,3,1,22,20,206,20+,Br[*:1]>>FC(F)(F)[*:1],f01ca6fdaed540663c41b1f182a46e21e2f4017a8d0ab0de18c45aa66999668c,7d001e709c66548dd0cbaea706104763fade021094d30387201c40325bd01004,CCN(C(=O)Cc1cnn(CC)c1)C1CC[NH+](CC(C)C)C1,CCN(C(=O)Cc1cnn(CC)c1)C1CC[NH+](CC)C1
6e26b4b7d7d075fdbac1bcba3182c189dcbe98acc9e3114aa8435bb3a2c44e7e,24b80a3da1c8826158399d6796964c38d14e8afdafda93ef5ec08c7738e64973,COCc1ncsc1C(=O)N1CCC(c2cccc([*:1])c2)C1,C[*:1]>>F[*:1],C[*:1],F[*:1],7660,13911,1,1,1.0,21,1,1,22,22,159,20+,N[*:1]>>O[*:1],61901f120603a78ffd1556e0fb2a540c92158e2fd0cb6975f458c1aa71a311e0,42faca45f8ac8c08dae1bb287f9be9273672473f4ca5117a4f29092d0d583c4d,COCc1ncsc1C(=O)N1CCC(c2cccc(C)c2)C1,COCc1ncsc1C(=O)N1CCC(c2cccc(F)c2)C1
579c6d4b41f0e4e6e64f53b59fc99c2e1f194dce059636054510fe5a5e25a6e2,c9d508e136188a944e4161d87188a7bf27422574192072b60e932cb0259247cf,C[NH+](CC1CC1)CC1CCN(C(=O)NC(C[*:1])C2CC2)C1,CO[*:1]>>C[*:1],CO[*:1],C[*:1],4411,39890,1,1,1.0,20,2,1,22,21,155,20+,C1CC1C[*:1]>>CC(C)[*:1],8b178d5c7b40c94a139e931213618ae3c175206dbf4af09c1106be1a8d43eec8,d5c732698971be3e3f5fae6cb26dac943de9936775b954233601d0ef6d294f66,COCC(NC(=O)N1CCC(C[NH+](C)CC2CC2)C1)C1CC1,CCC(NC(=O)N1CCC(C[NH+](C)CC2CC2)C1)C1CC1
993a32566341bd270849a34114ddbf2c0bf43af7eff2f5f3944fe73aa7c4f279,c16a307a79e88af641ddc9ebee06b436ccdbd6b251726622d74c5c81195d5f93,CS(=O)c1ccccc1Nc1cc(Br)cnc1[*:1],Cl[*:1]>>F[*:1],Cl[*:1],F[*:1],11658,4138,1,1,1.0,17,1,1,18,18,150,20+,CC(C)[*:1]>>COC[*:1],7024ac698661cf682ce3e520d8600ba6395c319841073e6d65009b7b243c7b0b,fd4ec4ed48229276fcc8fca0eb47f33f67768f76b080cc15d4f9070d7aeb6c7f,CS(=O)c1ccccc1Nc1cc(Br)cnc1Cl,CS(=O)c1ccccc1Nc1cc(Br)cnc1F
8e85b1d3525276bd0d33291d54687cc5c3bc4712b122fccf301b0f2ded94c562,6fc4ad93bf12e6aea0ff6722a71ec362cf7beda91290c0390c486190b8ab7ade,COc1cc(C)ccc1CNC(=O)c1cc2cccc([*:1])c2o1,C[*:1]>>Cl[*:1],C[*:1],Cl[*:1],22509,9042,1,1,1.0,22,1,1,23,23,142,20+,Br[*:1]>>CO[*:1],d9350518ed0521618dbf24f67ca06d8aacd573c35577f820a28443b35b11e19b,0384c3fda8c4427294444ad1a4517d6e21d321767b8b86fe9500fac80dbb9a78,COc1cc(C)ccc1CNC(=O)c1cc2cccc(C)c2o1,COc1cc(C)ccc1CNC(=O)c1cc2cccc(Cl)c2o1
bac70f53b1080f00921a922526fd2cd2907db01e0002b0e8b434f8ee76e6ddf3,e0fa069231078ae6a4ff59802c0dd028fd0b6728e6e1954a0448c37b2735ddcd,O=C(Cc1ccc(S(=O)(=O)N2CCOCC2)s1)N1CCC([*:1])C(F)C1,C[*:1]>>O[*:1],C[*:1],O[*:1],47766,46390,1,1,1.0,24,1,1,25,25,132,20+,CC(C)C[*:1]>>CCC(C)C[*:1],ac3e3a7cfc9639c07a1ad2ab9662bfc5ec32bfe18dcf8b39cbf7e3e93786ae57,553efaaebc8c76361b7e3962b8549b5dac0228ac0052ed2ed8d729d5e93f0b4a,CC1CCN(C(=O)Cc2ccc(S(=O)(=O)N3CCOCC3)s2)CC1F,O=C(Cc1ccc(S(=O)(=O)N2CCOCC2)s1)N1CCC(O)C(F)C1
5168968387aef2ae595832a332f3da345734a38739466ebb217098023ea2075b,18b3ea34d7bcbcc94103e2039daa9da837d231c8d0c9bf753e328a64ab0e053d,NC1=NC2(c3cc(CC(=O)c4cnc(OC(F)F)cn4)ccc3F)COC(C[*:1])C2CS1,CO[*:1]>>F[*:1],CO[*:1],F[*:1],42028,5151,1,1,1.0,31,2,1,33,32,98,20+,Br[*:1]>>N[*:1],f2507a3f8c9f41efa7ad34a3a260bc0178815d217e09a9d5018c8ca3356cefe1,60266b05707b3b08f6834e4b57703f9e184301369615bc39dc6c806852a88fc9,COCC1OCC2(c3cc(CC(=O)c4cnc(OC(F)F)cn4)ccc3F)N=C(N)SCC12,NC1=NC2(c3cc(CC(=O)c4cnc(OC(F)F)cn4)ccc3F)COC(CF)C2CS1
97906f647237683f63d6bec1a4e74389c8aa01f35d55fb7542abbacd0fcc2633,76c976847d985a10413b771c8ab61345ca743173e56279b50185ff39caf0fe5f,CC(NC(=O)CSc1nnc(-c2ccccc2F)n1C)c1ccc([*:1])cc1,Br[*:1]>>Cl[*:1],Br[*:1],Cl[*:1],35223,18150,1,1,1.0,26,1,1,27,27,92,20+,COC[*:1]>>C[*:1],a64081799bdc0dc45cf0e4a125043945498706c0335d8506f86c7ffbfb8668df,c55a278eea31e37c7ba600831a33a2df1899af8d2a5278bc500d000fda47ad37,CC(NC(=O)CSc1nnc(-c2ccccc2F)n1C)c1ccc(Br)cc1,CC(NC(=O)CSc1nnc(-c2ccccc2F)n1C)c1ccc(Cl)cc1
44c54d5bab9810527f82bb4dbe65f078f6a8f52a4c313a7aa698c71c45676868,38487acef6ed2911978d747a43190f83c6612575356a52e69eaac6ad5be9d32c,Cc1ccc(Nc2cc([*:1])ccc2C#N)cn1,Br[*:1]>>C[*:1],Br[*:1],C[*:1],33391,31797,1,1,1.0,16,1,1,17,17,83,20+,C[*:1]>>c1coc([*:1])c1,f532077ca3353362f9baed38397151c9d517dfa191f05c45384f6724b5410b81,42abc8afcd1853ac9ed89d22fca2ba4a9b52d36997b527ae0980b0aa6f7743e5,Cc1ccc(Nc2cc(Br)ccc2C#N)cn1,Cc1ccc(C#N)c(Nc2ccc(C)nc2)c1
ef7031461c75125667c0e841f6d66f8444cd0fc290ceacd0360803a96471cdcc,6251763bff6fe96ab350f0e1dafd01d0cfad9ca1dbe327653d224f608b1345b9,CCC1(C)NC(=O)C(C(C)C)N(C(C)[*:1])C1=O,CCC[*:1]>>C[*:1],CCC[*:1],C[*:1],48453,11649,1,1,1.0,16,3,1,19,17,79,20+,Cl[*:1]>>N[*:1],55b1365babe24c75843b51abd709a5ecb234a6d60d2b1567ad6d1e983e0b9c7e,601eb49b8403df6863dfeeec57d616d6ac09c4d1e68b07acf4bf2f81ba131aaa,CCCC(C)N1C(=O)C(C)(CC)NC(=O)C1C(C)C,CCC1(C)NC(=O)C(C(C)C)N(C(C)C)C1=O
095586ba068c86b92679f3eb11fa64ee5c3a08c87ad946f511890582d88f62fb,142d3d79e0562d083ac34a0e3c038a0cd872ed34f9b8e180ca9a43cbc1194244,CCCC(C)N1C(=O)C([*:1])NC(=O)C1C(C)C,CC(C)(C)[*:1]>>C[*:1],CC(C)(C)[*:1],C[*:1],40302,41228,1,1,1.0,16,4,1,20,17,78,20+,C1CC([*:1])C1>>C1CC1[*:1],967aad0027fda4992cfbaca95396a423b4078ba65929af9db613ca3c8fd29652,ab42030b6276f7e6ef8d8ce845ef1bbf579e6b1601a6dae1a68be9d22ba0ac8e,CCCC(C)N1C(=O)C(C(C)(C)C)NC(=O)C1C(C)C,CCCC(C)N1C(=O)C(C)NC(=O)C1C(C)C
4ad2fccd7be77e9884855d80a06c3f429ec605609555617598afbc80d0c64767,53ad8e718c09f199c58c1827687d4254d34b6872d23074ee93b4bcd21d007684,CCNC(=O)c1cn(C2CCCC2)cc(C(=O)NCc2ccc(O[*:1])cc2)c1=O,C[*:1]>>FC(F)(F)[*:1],C[*:1],FC(F)(F)[*:1],28192,37514,1,1,1.0,28,1,4,29,32,77,20+,C1CCC([*:1])C1>>CCC(C)[*:1],1914e883d0c8f97ba5a2fdffebcce18ed916ad44969e1d2a628f249778cf4af5,56cbc419c0e3e41e064c8ab1c61ee19371c887fe0afebbcdfb50db79d367c8b6,CCNC(=O)c1cn(C2CCCC2)cc(C(=O)NCc2ccc(OC)cc2)c1=O,CCNC(=O)c1cn(C2CCCC2)cc(C(=O)NCc2ccc(OC(F)(F)F)cc2)c1=O
7e0e2f31a92a06fa489153073f152498fb36c126e885a1b49128989c7cc5b1b4,b8b07ba6144a98233f8e5ac81f726869963ebee36d8582f3996b14d68faeea3b,O=C(NC1CCN(C(=O)[*:1])C1)c1occc1-c1ccccc1,CC(C)C[*:1]>>CC(C)[*:1],CC(C)C[*:1],CC(C)[*:1],26114,19252,1,1,1.0,21,4,3,25,24,74,20+,Cl[*:1]>>F[*:1],4705ae9ba8463793d30aee73712794697fb87f9cc3befa85ac3a193d534d0563,14e57967957ee0afafc1088952b11a2ef9f565971e2d8637e35eadaa2a983060,CC(C)CC(=O)N1CCC(NC(=O)c2occc2-c2ccccc2)C1,CC(C)C(=O)N1CCC(NC(=O)c2occc2-c2ccccc2)C1
b6adfa982774ed5bfeb2e752fbb6b3a6c1b55a10daac0ed38f98b57c4870b69f,dafb0df34f6f616347d8fa11f5263f521a848196f0484a009aa1a1d1ab4d39b5,O=C1c2cc([*:1])cc3cnn(c23)CCN1C1CN2CCC1CC2,C[*:1]>>OC[*:1],C[*:1],OC[*:1],29483,20549,1,1,1.0,22,1,2,23,24,74,20+,CC(C)C[*:1]>>CCC[*:1],55f603276d2cbec867433cce1e59f0ef0a0f74cb00549bd046c550f50c78d512,a929d679b647a3e55894a0d44781c6a7082896fca0f4f49baa98029526a53084,Cc1cc2c3c(cnn3CCN(C3CN4CCC3CC4)C2=O)c1,O=C1c2cc(CO)cc3cnn(c23)CCN1C1CN2CCC1CC2
b3a89c721c4f2b2f9f8e5c32663e0828b5a52ceb19b609864de9b96738899c62,bb27195cfe46ce51fc9bcdacd08ee4fd79a41c97db713e3a0fb715466a6eabab,COc1ccc(C(CNC(=O)N(CC[*:1])C2CC2)c2c[nH]c3ccccc23)cc1,CO[*:1]>>O[*:1],CO[*:1],O[*:1],32068,5463,1,1,1.0,28,2,1,30,29,71,20+,CC(C)C[*:1]>>c1ccc(C[*:1])cc1,584e63bba1cd03a461db225aa5ccfa345954b68465d0c6657cd7c9a7b173ffc0,e795484e65ab2bbe12f045feb7468f7b4ab7fdcd184337e4b71c444a54c18803,COCCN(C(=O)NCC(c1ccc(OC)cc1)c1c[nH]c2ccccc12)C1CC1,COc1ccc(C(CNC(=O)N(CCO)C2CC2)c2c[nH]c3ccccc23)cc1
538116e0e6dd571498a529065a38b68142e54c2a6cbfda2709366bc2bf967ed7,b03289c596427acdec9ea69b7914da682e01e5a66d3494ce2aabfd17a04ae1ea,COc1ncc(C2=NC([*:1])C(=O)N(C)c3ccc(Cl)cc32)c(OC)n1,C[*:1]>>N#C[*:1],C[*:1],N#C[*:1],29464,32543,1,1,1.0,24,1,2,25,26,64,20+,COC(=O)[*:1]>>O=C(O)[*:1],f98c1a48e92d5be04baf7a6deba89dcf5f9e3fb4823a26e5e2f680bfad050205,e150b06a16d08cf119658b8e80f6fcb85c9eae8cd727ff8f35d829e1e967b9bc,COc1ncc(C2=NC(C)C(=O)N(C)c3ccc(Cl)cc32)c(OC)n1,COc1ncc(C2=NC(C#N)C(=O)N(C)c3ccc(Cl)cc32)c(OC)n1
342e070c0db55faa66ee9ac63c27329fd7a741c6dfdfaea0c9ee98b793cb034c,3fc8ab16bfd30563064623a181848a5f6c88f5b8f69404c125b08265b2b1dedd,CCCOCCN1C(=O)CNC(=O)C1[*:1],CC(C)C[*:1]>>C[*:1],CC(C)C[*:1],C[*:1],36655,28108,1,1,1.0,14,4,1,18,15,63,20+,C1CC1[*:1]>>CC[*:1],37ca2ed8e27c6bb06c63c0d952d7a6a9ae638003941504ebad3d9ae680dd96f4,63221c3210fda203ebe8577dd6e74f9346ff8c4f68e28509b64e3b5d12627f8f,CCCOCCN1C(=O)CNC(=O)C1CC(C)C,CCCOCCN1C(=O)CNC(=O)C1C
d7cfc30c4a8b40e9efc2d2d6f83da797cc79567606649a96224a48fe1032f8ea,124e610fa59bf420a4019b18d827aac6c33fe3a1b94fc1f6965c7683189f1553,Cc1ccc(CNC(=O)c2cc3cc([*:1])ccc3o2)cc1,CO[*:1]>>Cl[*:1],CO[*:1],Cl[*:1],1129,38164,1,1,1.0,20,2,1,22,21,58,20+,CC(C)[*:1]>>c1ccc([*:1])cc1,a136f2ac3c7498e3f337860d80efa3ff4655865dad7617f52a1d947195e40dfa,62bd01b50efe2bd255cc83875fe804d6d1b2016d498fb28ef918fb0d783e2b67,COc1ccc2oc(C(=O)NCc3ccc(C)cc3)cc2c1,Cc1ccc(CNC(=O)c2cc3cc(Cl)ccc3o2)cc1
690a772a8665d56a961f11610bef6a40c18276de8965bf4cde529c6ebab3c3cb,9ccc65e1161bc02a29ddc2dbcba9afc27e931d2e16302dbec1b5f66894a1bde2,S=c1cc([*:1])[nH]c(Cc2cccnc2)n1,CC[*:1]>>COC[*:1],CC[*:1],COC[*:1],22143,22494,1,1,1.0,14,2,3,16,17,56,20+,CC[*:1]>>FC(F)[*:1],e0004ef76d6c80a5f0f8319c1b031f64d7574765096d0534b03735e73ad4d811,04803452f65f886f5a396cb47ea12cdfaa368f343fa52bc72fcbcb69bdc5e470,CCc1cc(=S)nc(Cc2cccnc2)[nH]1,COCc1cc(=S)nc(Cc2cccnc2)[nH]1
de59244043ac19b3c73635f5aebd3d7db030f554d37a6ad436d746d7e3dddaf4,9ec7fd0b6a1d9c7289b61cdc5b503d55fa52db8cbd5ae783e3e5d4a129c91f9d,CCC1(CC)C(=O)NC([*:1])C(=O)N1CCSC,CC(C)(C)[*:1]>>CC(C)[*:1],CC(C)(C)[*:1],CC(C)[*:1],45337,15213,1,1,1.0,16,4,3,20,19,55,20+,Fc1ccc([*:1])cc1>>Fc1ccccc1[*:1],3b2059bf407acbfb5d86fd75f17da78e7761e86cef5dbde531e4859a2cdf88d9,3032bafb5097c27c0737a2ed6ea8b13fe812762d0bf797783fff34d08a8bfcd7,CCC1(CC)C(=O)NC(C(C)(C)C)C(=O)N1CCSC,CCC1(CC)C(=O)NC(C(C)C)C(=O)N1CCSC
abf0c17cd943aabf2a8ab34adad1d223000a38ef635b1340c7f28c3d15821889,73af88503e535e60e2de57a813f8920212ba8b4b345ddb5ea9fd73264b171759,CSC1CCCC1NCC(c1ccccc1)[*:1],COC(=O)[*:1]>>N#C[*:1],COC(=O)[*:1],N#C[*:1],1323,16503,1,1,1.0,16,4,2,20,18,52,20+,CC(C)(C)[*:1]>>CC[*:1],591a1b25f35ed8069963190e0e836426abf1475292e5b60f61740c0c7bac6dea,7ccbb03c20172947bf72c3d2ccbfe312776c7b2434a3da42e0bc60518fa7fd57,COC(=O)C(CNC1CCCC1SC)c1ccccc1,CSC1CCCC1NCC(C#N)c1ccccc1
bb5cef5769cfdfa1d8cfd31fb490e41641e6a2b2a487466b373e7bffb998187a,231e4fb058f52c1b94b80a87911574a4b62ac6dfa9383e7e332d3883fe10d4e9,CC(C(=O)N1CC2C(C1)C2NC(=O)C1CCC(F)(F)C1)[*:1],CC[*:1]>>CO[*:1],CC[*:1],CO[*:1],7775,31529,1,1,1.0,20,2,2,22,22,51,20+,COC(=O)[*:1]>>N#C[*:1],0558ac339b557dd390e53907ec0d2798f8a667c4aa8b9c8203735cc368dd52fe,35a03d9c1813a6760485120d33105959ce2639f3e8e029aee6fc4f12dbbc9a39,CCC(C)C(=O)N1CC2C(C1)C2NC(=O)C1CCC(F)(F)C1,COC(C)C(=O)N1CC2C(C1)C2NC(=O)C1CCC(F)(F)C1
69a3d4a4414af72ddd34752c6dc3612547d80cfbbd0c1569b17c61daff5f2613,16fe0916ff4b592c52403b1941f4086161b4b518b194240cfcfd562669972fe6,CC(CN1CC(=O)NCC1=O)[*:1],N[*:1]>>O[*:1],N[*:1],O[*:1],27128,22080,1,1,1.0,11,1,1,12,12,51,20+,F[*:1]>>N#C[*:1],8d548ea08f7ae8a6c51f92e4aec7d9574d7834ff86027b0d00848be0e931ea61,e9b7c802f97fc363db7a65e424b6268d52a2a4eb26e8a62b7a1e4cc141b27f5c,CC(N)CN1CC(=O)NCC1=O,CC(O)CN1CC(=O)NCC1=O
53e9bde06ddb135e2a843118f5b28a9fa3ae61bc0ce7c88c986c679fd75cc76d,091c5c4f70e55f3f72ce22ddaa9f554e8a2f3cfdf03e365c8b113daf7288b526,CC1NC(=O)CN(C(C)[*:1])C1=O,CC(C)[*:1]>>CCC(C)[*:1],CC(C)[*:1],CCC(C)[*:1],47879,8053,1,1,1.0,11,3,4,14,15,50,20+,COC(=O)[*:1]>>N#C[*:1],128a25693f68b47edde6af50ceaf616e623534d36884e892def6574d7b3de668,70c489424aa9bb9e4a59fe4200bb6a6ef21546a22d15eaa8f2f3bdb428563137,CC1NC(=O)CN(C(C)C(C)C)C1=O,CCC(C)C(C)N1CC(=O)NC(C)C1=O
76294f182073960c89e88cbc6955e0684d84f56c67f8440749c8a9cd7d0156f9,53e68a6430e162418ce4f49f0975f7e430f1206f972404af7f36abc6f5c305e0,CC(C(=O)N1CCC[NH+]([*:1])CC1)c1ccc(Cl)s1,CC(C)[*:1]>>CCC[*:1],CC(C)[*:1],CCC[*:1],31758,26008,1,1,1.0,17,3,3,20,20,49,20+,C[*:1]>>N#C[*:1],7cdb4165b42084b4f8bbc50ad1bcb36aa06bf9f8c7e7137aa6764e8958dfeb1a,62e69d97f1f2a8dd89fff62d8162d7408c2c25a357110752e03643b1cc447d0d,CC(C(=O)N1CCC[NH+](C(C)C)CC1)c1ccc(Cl)s1,CCC[NH+]1CCCN(C(=O)C(C)c2ccc(Cl)s2)CC1
de1de7399b277f97ec390637ecc2f47ccdcf2fb3350e124970b643bd4309ac86,ca208e6f31ddad86fda1f7674359daeb619db50f405580ad948fc667fe8c6c59,O=C(Cc1csc(-c2ccccc2Cl)n1)N1CCC([*:1])C1,COC(=O)[*:1]>>O=C(O)[*:1],COC(=O)[*:1],O=C(O)[*:1],36018,14602,1,1,1.0,20,4,3,24,23,46,20+,CC(C)[*:1]>>COC[*:1],7f921025b26a51cbdb8ff3910af148287d3bfc85c5546f6df1c0ca4d7d402806,88d6f8c4f7abac83d13f509f82c6965e20b147bb509fb442efeeed823f5c80b5,COC(=O)C1CCN(C(=O)Cc2csc(-c3ccccc3Cl)n2)C1,O=C(O)C1CCN(C(=O)Cc2csc(-c3ccccc3Cl)n2)C1
7c5c9c09286fa48a624e68df5bc4f5d689e42c22426038a48bf51e1f427c1ec2,836d96ae4a58e132b3d918b39314ed375a2e35a7087c72feb77e33651e35c2a1,CCCC1C(=O)NC(CC(C)C)C(=O)N1[*:1],CCC(C)[*:1]>>CC[*:1],CCC(C)[*:1],CC[*:1],6371,14999,1,1,1.0,15,4,2,19,17,46,20+,CC(C)(C)[*:1]>>CCC(C)[*:1],8d60e2a2bee98c67059c165828bf2d38f2104d15e4a6741ae81998f1239e85e7,eb7e222c051102d5bd57f003202b137544f86a6fa7ea0783bf0085a1c122f91f,CCCC1C(=O)NC(CC(C)C)C(=O)N1C(C)CC,CCCC1C(=O)NC(CC(C)C)C(=O)N1CC
1dca5378303a12cd9c232e4e86fbb3039a89b979e6c9ea5a5c2b26ad85b3ce55,ea75830321fc95abc594ad3bad4ca95784aae411a3021f26d9dd3876705a379e,FC(F)Oc1cncc(Nc2ccccc2[*:1])c1,F[*:1]>>N#C[*:1],F[*:1],N#C[*:1],2989,6942,1,1,1.0,17,1,2,18,19,46,20+,C[*:1]>>FC(F)(F)[*:1],13a8e130a731a24dd358250fe86c803a585b71601c3f113505cf0506b3f871a7,05900a0d16557b3541b7e6209fa492992ecd19264e0f116150b48c0d6739f4db,Fc1ccccc1Nc1cncc(OC(F)F)c1,N#Cc1ccccc1Nc1cncc(OC(F)F)c1
f37b76c4c4cde6b593bb33b3c9ab1d73da0a25c3dc0c059327aecda411f13323,f2342d4a3057dcdc970b14f24d1ddb3d6c2435e3e37c95da7a6ecc7236c8153e,CCC(C[*:1])C(=O)NCC1CC(Nc2cnc(C#N)cn2)C1,CCC[*:1]>>CC[*:1],CCC[*:1],CC[*:1],22469,13823,1,1,1.0,21,3,2,24,23,45,20+,Cl[*:1]>>O=[N+]([O-])[*:1],b8c5cc4102f231f047f9f492a94a3debd05193a148066fc28e6266cecb2ea6ee,7d5b4b7aba305eee6b44676ee481163d48c72ada72f17b9cbeb28e8a138801e8,CCCCC(CC)C(=O)NCC1CC(Nc2cnc(C#N)cn2)C1,CCCC(CC)C(=O)NCC1CC(Nc2cnc(C#N)cn2)C1
d3ac2992dc44f7734277220effbb0a4b8ab09356009fd98efd41d87380e86c8f,33b4f4dafda34b2c7d2b342fe00d5dab517fe1325136bb41f3ab9cdc2c955716,CCC1C(=O)NC([*:1])C(=O)N1C(C)CC(C)C,CC(C)(C)[*:1]>>CC[*:1],CC(C)(C)[*:1],CC[*:1],37566,48701,1,1,1.0,16,4,2,20,18,45,20+,Br[*:1]>>C[*:1],30abe27599222a51c31d981b1700cf46e8a24390d5301700c21584039e606648,c68c2446ff1e4b90657c1fb26ff5cc6c3ee72750a9fdf583a5898d3bb8eda6ab,CCC1C(=O)NC(C(C)(C)C)C(=O)N1C(C)CC(C)C,CCC1NC(=O)C(CC)N(C(C)CC(C)C)C1=O
396bfacc290bf94f8562682650ba4a88ac55d59ef06c5a6d97cc00c3aa6344fd,0a50979c219b8af23d2f95519d3d75d6e61c4898041d4850bbcf14ac1affd91f,O=C(O)C(C1CC2CCC1C2)[*:1],CO[*:1]>>N#C[*:1],CO[*:1],N#C[*:1],47665,19912,1,1,1.0,11,2,2,13,13,42,20+,CC(C)[*:1]>>c1ccc(C[*:1])cc1,2e68694b5169bd540a0ee865b558c754efd04af7ba15465299f26b2d944ec769,e0ffc7c9568576c7ebf72149a40330e285f23105a677aacc8661c0ecfa868df7,COC(C(=O)O)C1CC2CCC1C2,N#CC(C(=O)O)C1CC2CCC1C2
c7b1f164b2ad73d2403879deee2b489f1335ed4cd5cfcf23da75a01a70957779,19d493f5852baee90dc3eba1dff748cd81fd02b2d43d3dfd1eb741cc07a131c7,CCC1NC(=O)C(CC(C)C)N([*:1])C1=O,COCC[*:1]>>C[*:1],COCC[*:1],C[*:1],5444,45023,1,1,1.0,14,4,1,18,15,40,20+,C[*:1]>>c1ccc(C[*:1])cc1,6b27181a6a3b6042b5cad6b9291851fa486df078688cf9a4fa13ea4f1c9f8aaa,9327efa67bc65136d3aff2bd32d221cfc2430b4f791beb0708703a7727f51e4e,CCC1NC(=O)C(CC(C)C)N(CCOC)C1=O,CCC1NC(=O)C(CC(C)C)N(C)C1=O
b9de3f7b5940ee407a5ad5e382cc8709b49ac6b8150ab08811c59bec996cc01b,5c6a90ac23d4dc732e517448dcadd3504bf976d85ac67e2306d7da21aa34cca7,CC(Oc1ccc([*:1])cc1)C(=O)N1CCc2c(noc2-c2ccc(F)cc2)C1,Br[*:1]>>CO[*:1],Br[*:1],CO[*:1],44042,3790,1,1,1.0,27,1,2,28,29,40,20+,CCO[*:1]>>C[*:1],ff046f63b5a7a647793cdfbdad11ee4352130f22318fbc3bc66891cc011fc071,8add1451678ce42d636a4c965a6f6bf62765c076a75f6257d6b529c5d40231f2,CC(Oc1ccc(Br)cc1)C(=O)N1CCc2c(noc2-c2ccc(F)cc2)C1,COc1ccc(OC(C)C(=O)N2CCc3c(noc3-c3ccc(F)cc3)C2)cc1
c12e23dec82193d7faf87ede156517c2cb249d804b19e32255f278a260e78bcb,14239bdead2fa2742199825605243a1d176ceade74a79624b105f453988fdbb5,CC(Sc1nnc([*:1])n1C)C(=O)N(C)Cc1cccc(F)c1,Fc1ccc([*:1])cc1>>c1ccc([*:1])cc1,Fc1ccc([*:1])cc1,c1ccc([*:1])cc1,7231,19578,1,1,1.0,21,7,6,28,27,40,20+,C=C[*:1]>>C[*:1],793e97ae0092dec54fba1e873cf000483549f1a274c397974e5b162036096fe0,21d6feb26eb61256cf7f6cd2dda46a1f12939b2f153ddeff1160a22495abdf29,CC(Sc1nnc(-c2ccc(F)cc2)n1C)C(=O)N(C)Cc1cccc(F)c1,CC(Sc1nnc(-c2ccccc2)n1C)C(=O)N(C)Cc1cccc(F)c1
03f3b4f6cc7427858daf69d95db00417919998f8ebd3b81a91b3efda2460dbf2,5d57b43426e8c03b93437dbb4f160259e8a407b5c7750fb3d1d6d6cb5709a24a,CC(NC(C)[*:1])C1CC2CCC1C2,CC(C)C[*:1]>>CCC[*:1],CC(C)C[*:1],CCC[*:1],9619,12476,1,1,1.0,12,4,3,16,15,40,20+,CC(C)[*:1]>>COC(=O)[*:1],5735fe794b4dd0153d27d779311d1b918839ec1390a2e64f4e4f0b0a2e3964bc,69d80d1372491bc7af75188831de0eb8b5b7239daaa90070802bfa607b5527da,CC(C)CC(C)NC(C)C1CC2CCC1C2,CCCC(C)NC(C)C1CC2CCC1C2
fa1fcf46ed2573f27c815ad46aa7f51bcdd62cb33d8bb2fd055e233f732bb6cd,d1aa8740aa41deaac3724beb8bd028d30b4af862e71fbc13159d4642e5a6eda4,CCOC(=O)C1C2CCC(C2)C1[*:1],C[*:1]>>N[*:1],C[*:1],N[*:1],23806,12053,1,1,1.0,12,1,1,13,13,38,20+,Cl[*:1]>>O=[N+]([O-])[*:1],ca043e95fca90ffc460cd22496883483823181c5fddbbf41bac717a51fb1be3f,f0074c8f6d9e4322468ad2cb90993ba30c3de61da41c7355b2ad30b7fb06e7a2,CCOC(=O)C1C2CCC(C2)C1C,CCOC(=O)C1C2CCC(C2)C1N
ce49458e316ebbebecbfe29b7d5d5744cc98c711f7856a98607ff49530341a20,19f8cb1c9654136f01d2632428b8c018ae42ef0780cebe4089f026baba0739e3,CC(Nc1ncnc2ccsc12)(C1CC1)[*:1],C[*:1]>>O=C(O)[*:1],C[*:1],O=C(O)[*:1],19652,14438,1,1,1.0,15,1,3,16,18,37,20+,Br[*:1]>>C[*:1],ceb7f13814429a5433f7b9633ea8030bd1d007f83f1855d4b2f763892a365727,13016fbdc63ea81dea3292794fb4ce58209279e4f9a568f03bab7d2d0beba0ad,CC(C)(Nc1ncnc2ccsc12)C1CC1,CC(Nc1ncnc2ccsc12)(C(=O)O)C1CC1
7ae3d59249a2bc35b0e28eae918b6814f9deb0f3312004123ea33d9a43da0d5b,c6e87f6e9df269873c8fca1fc76605d4754a408982a7050eb67408b68d25bed3,CC(C[NH+](Cc1cn[nH]c1)C1CC1)[*:1],COC(=O)[*:1]>>O=C([O-])[*:1],COC(=O)[*:1],O=C([O-])[*:1],5420,24918,1,1,1.0,13,4,3,17,16,37,20+,C[*:1]>>Fc1ccc([*:1])cc1,5b0645f43edc0635f8a6ec114f80be347fa419d7b4478aae0b09be922b480926,67df66bc419cf27c983de7ac05dfe1a9e6677c2b4cb5e378c230875a59a9465f,COC(=O)C(C)C[NH+](Cc1cn[nH]c1)C1CC1,CC(C[NH+](Cc1cn[nH]c1)C1CC1)C(=O)[O-]
b724b08a2c7e3a24bd36bf21bdb85734ca102dcfe2c3ec808eb3a60b6c2749af,b0f9fe99803342c4db7c96950247878fef70fa646e27671cb45c7c3662bf7844,COc1cc(OC)c(C2=CCN(C(=O)c3cnn(-c4ccccc4)c3[*:1])CC2)c(OC)c1,CC[*:1]>>FC(F)(F)[*:1],CC[*:1],FC(F)(F)[*:1],12385,35890,1,1,1.0,31,2,4,33,35,36,20+,C1CC1[*:1]>>c1coc([*:1])c1,bab5b3d0f54fa38e75a517b89e3597619747658779b11d3413dc33c10e409aab,fdf00b6b201b9de20002c0bcfd80b56db44aed856e729f2e3038d45870159c5c,CCc1c(C(=O)N2CC=C(c3c(OC)cc(OC)cc3OC)CC2)cnn1-c1ccccc1,COc1cc(OC)c(C2=CCN(C(=O)c3cnn(-c4ccccc4)c3C(F)(F)F)CC2)c(OC)c1
b24e9b9aa7a971979401f605850c4edbee809dab6da8771ea1dbce20940a2b2c,de165e8bd6665264132555b4a807019a9d742b03006008bb06a20cc48fdb6ce9,O=C(NCC1CC[NH+](Cc2ccns2)C1)c1cc([*:1])c[nH]1,Cl[*:1]>>N#C[*:1],Cl[*:1],N#C[*:1],3212,49010,1,1,1.0,20,1,2,21,22,36,20+,CO[*:1]>>Cl[*:1],92b14326ec61b6909e754a6f46b07670e207052a66747330fb2d4c4f25b4dbd3,622cfe8b74d1e43362c11111fa8e1d0aee8f82dcc7226c43aa54a87963793768,O=C(NCC1CC[NH+](Cc2ccns2)C1)c1cc(Cl)c[nH]1,N#Cc1c[nH]c(C(=O)NCC2CC[NH+](Cc3ccns3)C2)c1
863a7cf56e61258c1efd3d77fb367b6ebab37b9e77a15c92b656037190b39072,a390f3d7952fc453782c567b508af823f953d41727db324e9e01111e3d76a721,O=C(O)C1C2C=CC(C2)C1C(=O)Nc1cc(F)ccc1[*:1],Cl[*:1]>>O[*:1],Cl[*:1],O[*:1],40293,46247,1,1,1.0,20,1,1,21,21,35,20+,CC[*:1]>>FC(F)(F)[*:1],935466f4f284c102fb41035aabd7abe22f20319a7ab420f501b8edcf54884526,703e142cddb19887bd9a119e0ddbf4ae898d8048ff327f89b23ec82992c86f6a,O=C(O)C1C2C=CC(C2)C1C(=O)Nc1cc(F)ccc1Cl,O=C(O)C1C2C=CC(C2)C1C(=O)Nc1cc(F)ccc1O
764e53b9e255b6bc44363e592c4f4186ba9c9f8d75fad92226fc88c81c9eeef8,6755a1fa6fd5ce64382d9e31ffc5b847f94170d3d1fcbb4cc7a1be41e703f62f,CN1C(=O)CCC([NH2+]CC(O)c2cccc([*:1])c2)C1=O,F[*:1]>>O=[N+]([O-])[*:1],F[*:1],O=[N+]([O-])[*:1],11391,19677,1,1,1.0,19,1,3,20,22,35,20+,CC(C)[*:1]>>CCC(C)[*:1],b751a7550182318739b928dfeefa7e0d8ace763651cf358a533964a955de1235,80613c954db177ec14aca243d15116eff8c000c6c7ba3f7e8aaf80f715b32b15,CN1C(=O)CCC([NH2+]CC(O)c2cccc(F)c2)C1=O,CN1C(=O)CCC([NH2+]CC(O)c2cccc([N+](=O)[O-])c2)C1=O
45317c413c8046ce137666254abdc5f567e6f06fb1ded9fb23f1791adba3deee,a10d4bc8651b01a8fcce61e27e703d159eac04653b777e44bb75ed438db03cea,CCn1cc(C(c2cc(C)nn2CC)[*:1])cn1,CN[*:1]>>N[*:1],CN[*:1],N[*:1],28744,16847,1,1,1.0,16,2,1,18,17,31,20+,c1ccc(C[*:1])cc1>>c1ccc([*:1])cc1,9a5ab0d57dfc350c2ab2fa5a172a2f4cc751fc05dda4c76a086a04bcfc51569e,3fc2f260f1c0e6e24499a5ca5e54c56c6b903828cd5849ed8dfe7f5357dde20e,CCn1cc(C(NC)c2cc(C)nn2CC)cn1,CCn1cc(C(N)c2cc(C)nn2CC)cn1
f66789eca6707457f3dfd287293219bf35986e3d3d527186dfb88d236acee4c3,a2bd97c0d83dde5d710ca893d412ff48dc5365f6cb6abe4eeabdef7c8a7c171d,CC1CN(C(=O)c2ccc(-c3ccc([*:1])cc3)o2)CC(C(=O)[O-])O1,FC(F)(F)[*:1]>>F[*:1],FC(F)(F)[*:1],F[*:1],29061,46990,1,1,1.0,23,4,1,27,24,30,20+,C1CC1[*:1]>>c1ccc([*:1])cc1,f3bfe3f24d4b980f0f22f19dd87b69054f46f47475244ef986fbf28a469d7d10,ee4ead88aba0efda1b5abb3d77ecce602d0a19935eb0deabbbf2b81ab0c29760,CC1CN(C(=O)c2ccc(-c3ccc(C(F)(F)F)cc3)o2)CC(C(=O)[O-])O1,CC1CN(C(=O)c2ccc(-c3ccc(F)cc3)o2)CC(C(=O)[O-])O1
09d7b707c3f8656f6befa00b2e4906324000da354c482003e52adc361fc87004,7c8be6558c4cc8abea5eb2f989471cfa17941c8c316818cb7687f54764d0752d,COc1ccc(-n2nc(C(=O)N3CCCCC3[*:1])cc2C)cc1,CC[*:1]>>COC(=O)[*:1],CC[*:1],COC(=O)[*:1],6736,26129,1,1,1.0,22,2,4,24,26,30,20+,Br[*:1]>>Cl[*:1],8cb792ba9c852cfe80b4169ad7e3ffa86857b6a4fc276e4c1821613b96ce8c85,f2332e7b08f30ddc5e154930eb3b5ea20eea59a003fb046c2c23bf0ab664406c,CCC1CCCCN1C(=O)c1cc(C)n(-c2ccc(OC)cc2)n1,COC(=O)C1CCCCN1C(=O)c1cc(C)n(-c2ccc(OC)cc2)n1
5f431ff1531e00ce383614aaacf828e6040fd14c5696c345b42fe367fa4f50bf,6cbc9d23e800d82d3a7fe176832b2b3a361c18f42197aa7090a938ef2285c426,CC1CC(NC(=O)C(=O)NCc2ccc([*:1])nc2)CN1C1CC1,CN(C)[*:1]>>C[*:1],CN(C)[*:1],C[*:1],15703,21617,1,1,1.0,22,3,1,25,23,29,20+,Br[*:1]>>O[*:1],41cefa9906e6c64d071bf5b19f6361cd8ae498aaed3582d75dbe5d9cbc1be974,6b6b50ac1ebae6667b8ececbc84680c780b1920780df29dd143686943600ab59,CC1CC(NC(=O)C(=O)NCc2ccc(N(C)C)nc2)CN1C1CC1,Cc1ccc(CNC(=O)C(=O)NC2CC(C)N(C3CC3)C2)cn1
61bec78815edd49972dd1e1947fcd7a8bce07c70d4edc7293911f3c90f1fa575,7ae8c1ff5c5260c166bfeeaf3e88f7d76263f96c075a19281c808b3dc207abf9,CC1C(=O)NC([*:1])C(=O)N1CCCS(C)=O,CC(C)(C)[*:1]>>CC(C)C[*:1],CC(C)(C)[*:1],CC(C)C[*:1],4559,26336,1,1,1.0,15,4,4,19,19,29,20+,CC(C)[*:1]>>FC(F)[*:1],d02ed0e872dea65f0b04e6ab717cfb90647f31d53b6469966cb49c4f83a46854,4bacbd34a5653896052ed2e733d5c234185e1fb735588c250ee74dcabad19144,CC1C(=O)NC(C(C)(C)C)C(=O)N1CCCS(C)=O,CC(C)CC1NC(=O)C(C)N(CCCS(C)=O)C1=O
342ecc0a0463bc94d7076a117c1d1e9d5a6ea1c73e7f171cec6a2d8a4aee2c0a,b5d879d6b9293d81722c9bd5076667b8ac5b8ac358fb84babe13812717f3c4c0,O=C(Nc1ccc([*:1])cc1)C1CC2C=CC1C2,CC(C)[*:1]>>OC[*:1],CC(C)[*:1],OC[*:1],48584,27961,1,1,1.0,16,3,2,19,18,29,20+,C[*:1]>>c1csc([*:1])c1,ec7cfe52498742f7975f46957c5b1798ea4aa3496ecc96d99877469c020fafc2,39387964e20240479e55ddcad071a3d8ab173e31e9a49b867070c561ba22bba0,CC(C)c1ccc(NC(=O)C2CC3C=CC2C3)cc1,O=C(Nc1ccc(CO)cc1)C1CC2C=CC1C2
193c464c07ecbc3ffb794aedf563c1f8988efcc6f83c88b774a3e846b5433178,f31a7558c63244af9679df980ad443c67143e4f9882e915a20bfbf9ce5e9d2bc,CCCNCc1cnc(-n2cc([*:1])cn2)nc1C,Cl[*:1]>>FC(F)(F)[*:1],Cl[*:1],FC(F)(F)[*:1],27448,41870,1,1,1.0,17,1,4,18,21,29,20+,Cl[*:1]>>F[*:1],a5df1c5329bebbc9b6f5e8f4469f022fad22ce7033f19cff9ff09254e7b91aa7,52641f91dd5af92b6e125880354db9e737660a716eb1fc0ab2a8adf1bdc6b555,CCCNCc1cnc(-n2cc(Cl)cn2)nc1C,CCCNCc1cnc(-n2cc(C(F)(F)F)cn2)nc1C
b735dc2d82170fa4845ba1b5dc66cc2512d858410aecf2feba8ea54798068554,e39adaee994c28bf6a5f0e089fb1c8999a5422c99aa6af1eef703f81ca0f5848,O=C(Cc1cccc(F)c1)NC(Cc1c[nH]c2ccccc12)[*:1],COC(=O)[*:1]>>OC[*:1],COC(=O)[*:1],OC[*:1],42989,28997,1,1,1.0,22,4,2,26,24,28,20+,Cl[*:1]>>N[*:1],cd84ce08dce6482d17019b0a12dfb7f9cfa6a8f43b2dbb8a6aaf029369016646,7ee6acbca427defc850193a9de8c88848c90bc5b65a344e40a5de649761c9b33,COC(=O)C(Cc1c[nH]c2ccccc12)NC(=O)Cc1cccc(F)c1,O=C(Cc1cccc(F)c1)NC(CO)Cc1c[nH]c2ccccc12
537716b6055a73061d720b98318e223d78e762286433cf976d652cceaaab5305,1139b36471492c77e2a67b0db8fdf3a39c50384894c388d70a915415a38d771c,COC(C)C(=O)N1CCC(N(C)C(=O)c2coc([*:1])c2)CC1,C[*:1]>>FC(F)[*:1],C[*:1],FC(F)[*:1],31706,37781,1,1,1.0,21,1,3,22,24,28,20+,Cc1ccc([*:1])cc1>>c1ccc([*:1])cc1,af86775e4407239f33a8534eda491ffde48d7b211518f3be19d825d5fcce3fd5,a0e2b815fc576d3ab0d5ae87540fd2ede7ba6b8978cd24dad15b506806d51e16,COC(C)C(=O)N1CCC(N(C)C(=O)c2coc(C)c2)CC1,COC(C)C(=O)N1CCC(N(C)C(=O)c2coc(C(F)F)c2)CC1
31088ad70ff17a886e388bc4b1f49ee90a053ff2636a1d59afad6a931bbabb96,c1a0e40961ecafbed1910db38e54c373ae1b9fd45266679ef93a002f2cb18c25,Cc1cccc(C[NH+](C)CN2CC([*:1])CC2=O)c1C,CC(C)[*:1]>>FC(F)[*:1],CC(C)[*:1],FC(F)[*:1],11153,44150,1,1,1.0,18,3,3,21,21,28,20+,C1CC([*:1])CO1>>CC(C)[*:1],6560758992b0f551f3964927ee2afd0529b7aa1df1bbdf57fa7cab7a71fc292d,33259ff6a3350e303aceb573c45caac77a8e618db10a9e3c0d28597eaee51bae,Cc1cccc(C[NH+](C)CN2CC(C(C)C)CC2=O)c1C,Cc1cccc(C[NH+](C)CN2CC(C(F)F)CC2=O)c1C
44dae9d45ada6932d489a8ccf40c9b119ceeca08a1aa4cf53ea0454b91844076,55d3938ab9d01d32aee21de848fda18d375f0ec8a3cff132cf0f342fd27f7df1,CC12C=CC(CO)(O1)C1C(=O)N([*:1])C(=O)C12,COc1ccc([*:1])cc1>>c1ccc([*:1])cc1,COc1ccc([*:1])cc1,c1ccc([*:1])cc1,45485,23723,1,1,1.0,15,8,6,23,21,27,20+,CC(C)[*:1]>>FC(F)[*:1],69731e8ac62943d38f030576e9692344f45b1cc279f59c20e51a20c9282a4535,5be59447732592a35b40514b5ebb4f11bd51fea7b7cbc4d5bb9a49a76ed4e12e,COc1ccc(N2C(=O)C3C(C2=O)C2(CO)C=CC3(C)O2)cc1,CC12C=CC(CO)(O1)C1C(=O)N(c3ccccc3)C(=O)C12
556bbdb9e8b508f68bb40673d533ca68fdced85e892bbc070c92b47e4c51f638,0c2d7726f052c56cb37781bfdd4d0afb861800c3657c48b64bfc266017a484b2,Cc1nc(C2CCN(c3ccc4nnc([*:1])n4n3)CC2)[nH]c1C,Fc1ccc([*:1])cc1>>Fc1ccccc1[*:1],Fc1ccc([*:1])cc1,Fc1ccccc1[*:1],12899,34128,1,1,1.0,22,7,7,29,29,27,20+,C1CC1C[*:1]>>C[*:1],dc4dd745ae91ff0b6789532980f7f4645f552145c76ed908ed1e6e3aa45b1be5,1301b75bb1e57e79619eb27f9bfd205f8f414fd5144006d95e78261456f5e832,Cc1nc(C2CCN(c3ccc4nnc(-c5ccc(F)cc5)n4n3)CC2)[nH]c1C,Cc1nc(C2CCN(c3ccc4nnc(-c5ccccc5F)n4n3)CC2)[nH]c1C
ce3062df564b6e81381ea97fc5deb9733202052f2187977c5bb28c8124f4bdfc,38acff8d84aa9a24c68c27950cf30fea99c39c366eb184dc700e2742b402a11c,COc1ccc2oc(C(=O)N(C)C(c3ccccc3)[*:1])c(C)c2c1,C[*:1]>>O=C([O-])[*:1],C[*:1],O=C([O-])[*:1],37183,30515,1,1,1.0,23,1,3,24,26,27,20+,C[*:1]>>N[*:1],c1da9beec13f08ab16797ff5c9622470753bacdce5b66dd280fe6c9a779ff073,6c31d313af3057e1e5949852acc92e10e7cf09cbcb1535d5d9c44854413f377f,COc1ccc2oc(C(=O)N(C)C(C)c3ccccc3)c(C)c2c1,COc1ccc2oc(C(=O)N(C)C(C(=O)[O-])c3ccccc3)c(C)c2c1
d9bbf9357b0f2255093da56a21c5d1a2fc909778541400863f549e52a4f311ee,299f03a8c188a3020baadb811b187634c54219bf4ffb0672d681bd4d8e4ad371,Cc1ccc(Nc2cccc([*:1])c2N)cn1,COC(=O)[*:1]>>NC(=O)[*:1],COC(=O)[*:1],NC(=O)[*:1],45427,19391,1,1,1.0,15,4,3,19,18,27,20+,Br[*:1]>>F[*:1],e8ce6eab28c2ebcd8de2e6202826fcabcc3efbad9f1c03501466ea24666245e2,484de38f0354348a20221712191a7bd5d299d25a8e10e3db245b370cb68bb808,COC(=O)c1cccc(Nc2ccc(C)nc2)c1N,Cc1ccc(Nc2cccc(C(N)=O)c2N)cn1
abec1b5b1c0af3d9c24edc5c98d32ad77c9190844bec3f6b355f515f7197e3b2,04c1185f51dc81ec88cb2970372d365c3da2d5152fca7efe647ba59e1c359dc1,O=C(Cc1cccc([*:1])c1)NC(CO)Cc1c[nH]c2ccccc12,COC(=O)[*:1]>>F[*:1],COC(=O)[*:1],F[*:1],25464,28997,1,1,1.0,23,4,1,27,24,27,20+,CC(C)[*:1]>>COC(=O)C[*:1],a511d56d78dcd52d4b1d420379192e106f2d360ea215d40abb13bdecca9e6475,7ee6acbca427defc850193a9de8c88848c90bc5b65a344e40a5de649761c9b33,COC(=O)c1cccc(CC(=O)NC(CO)Cc2c[nH]c3ccccc23)c1,O=C(Cc1cccc(F)c1)NC(CO)Cc1c[nH]c2ccccc12
ea679a38eb8b33dfe1a101edf6b3a4f4b9588bb9664bfdeacfa25a3570c681eb,65ae36d940461b53465c577372e91b9a0224f674b537ad46e43a67472f3fb1fc,CCn1cc(NC(=O)c2ccncc2[*:1])cn1,Cl[*:1]>>N[*:1],Cl[*:1],N[*:1],15645,6259,1,1,1.0,16,1,1,17,17,27,20+,C[*:1]>>N[*:1],a43124af1b8f3bb852577eb20d4a96a9100e60d45be781bcfaff91da0eb91d00,469b6611521627f849a3f5e7ae2cbd9c710965339946be0875a18fd51eb5893a,CCn1cc(NC(=O)c2ccncc2Cl)cn1,CCn1cc(NC(=O)c2ccncc2N)cn1
8fcf27608251085e46c76a0aaa418b7f8b4c347f80135fa759a97c76de24f9f4,b0ce3ce6a534b84d6d4b3d2e91e0455f47fbf2ca44a709ecceb99e1ff65d00e0,CCN(CC)c1ccc(-c2nnc(SCC(=O)NCc3ccccc3)n2C[*:1])cc1,C=C[*:1]>>C[*:1],C=C[*:1],C[*:1],26574,247,1,1,1.0,29,2,1,31,30,26,20+,Br[*:1]>>O=[N+]([O-])[*:1],02f9f919389c3719fa19da997279fbb77307c0be9932e43b77b392f281915ab6,aac9928ffe1ef0b2e0fc251f254988b12fabd7a83648352ac5088e5dbbda1b9f,C=CCn1c(SCC(=O)NCc2ccccc2)nnc1-c1ccc(N(CC)CC)cc1,CCN(CC)c1ccc(-c2nnc(SCC(=O)NCc3ccccc3)n2CC)cc1
0a856875d5684b2071d369302df82c1f4c568ba836b9b96360b1221c546e58d6,e5f07802a689624a333df58acaf5075e70528bdf084c4f2254d8a54a49d01479,Nc1cncc(Nc2c(F)cccc2[*:1])c1,OC[*:1]>>O[*:1],OC[*:1],O[*:1],11819,42750,1,1,1.0,15,2,1,17,16,26,20+,CC[*:1]>>Fc1ccc([*:1])cc1,83f0d9143caa7e2c70aef80f9e26a5fe251138f08ce7a181c850813c6bc74a35,5ce8b8d7a9be5d51cb116c13ce9c032478cc8fa5b19c59d60aa78af2e8f383cd,Nc1cncc(Nc2c(F)cccc2CO)c1,Nc1cncc(Nc2c(O)cccc2F)c1
761486be79fb903ecbc8c6f2b52c72e02f5dd4cf6deb358293d7e6c7d559b8b3,55392a1d3818c10935cfd511beed5adb6e0ee19c906309d4af5cacb870982d42,CC1([*:1])CCCN(C(=O)C(=O)NCc2nnc3n2CCC3)C1,CC[*:1]>>O[*:1],CC[*:1],O[*:1],13698,7819,1,1,1.0,21,2,1,23,22,26,20+,CO[*:1]>>N#C[*:1],f104765f2d07bbebbfcae5485726969971f2628dc322345dd3ca9d62c439c419,1c16433860c42e0658dca3aef93da06092b652b398a9100bb8de37ee1e62574b,CCC1(C)CCCN(C(=O)C(=O)NCc2nnc3n2CCC3)C1,CC1(O)CCCN(C(=O)C(=O)NCc2nnc3n2CCC3)C1
f784a09d524976042de30bf18fb89864f06990a5e3fe73945f26357e0a09390d,aa8e409479a17d4218d5586525c2a783e32eebcd1419a1dfc19b089cc98ac338,CCCCN(CCC(NC1CC1)[*:1])C1CC1,O=C(O)[*:1]>>OC[*:1],O=C(O)[*:1],OC[*:1],41449,17373,1,1,1.0,15,3,2,18,17,26,20+,C[*:1]>>N[*:1],f60d11f739a442933d103cf2aacbe459cf3f25477002ce863e8d5cfb21cc6954,588a3385db021e7dd36cde37c53c7d582eb8b406791a3f6d7eb5f7e0b2455660,CCCCN(CCC(NC1CC1)C(=O)O)C1CC1,CCCCN(CCC(CO)NC1CC1)C1CC1
9acee3c83050490422f09c2278bda0abca07f659dbe7cf7e8cb89c3d37e21844,d929545990a6f7ccbae531965d17208f88395dcda6302c14947bc6543bd1cca4,OC1CC(CNc2ccc3cc([*:1])ccc3n2)C1,N#C[*:1]>>N[*:1],N#C[*:1],N[*:1],30174,43315,1,1,1.0,17,2,1,19,18,25,20+,Cl[*:1]>>O=[N+]([O-])[*:1],204f12644cbc14fb2f66ed5224aca7ecba1b1bdc80ecb5352533573a48be2117,8ba2536369945ecf40f11f02e177dd986d439fbf761a4206e7662ac331f140db,N#Cc1ccc2nc(NCC3CC(O)C3)ccc2c1,Nc1ccc2nc(NCC3CC(O)C3)ccc2c1
ef276b5c5b5fae6663a4669bff0d8d29659dd2bf8087c03b22aad5051a05e8ea,e036c54f8ea15035e87634326845c67e3c2ac70d5b44861ff2caaa60d5ef5832,CC(CC(=O)OC(Cc1ccccc1)[*:1])n1ccnc1,CC(C)[*:1]>>COC(=O)[*:1],CC(C)[*:1],COC(=O)[*:1],11978,12702,1,1,1.0,19,3,4,22,23,25,20+,Cc1ccc([*:1])cc1>>c1ccc([*:1])cc1,7b1e8beee002c6016c37370a00e895791952cd6e84947f4622757d3a5287d68d,9e498392f85d5045e18b34d1111179e4495ff73f3d697d7ec751f17b47602a95,CC(C)C(Cc1ccccc1)OC(=O)CC(C)n1ccnc1,COC(=O)C(Cc1ccccc1)OC(=O)CC(C)n1ccnc1
7b501f3186ece3d5fb03f039a02d5b4fffc663f3bfbc0eb478a199523a629860,03fb312a7f3776152cbe703048324d13a7c263db1d0e6a5e46945a542665fccb,CCC1(O)C(=O)OCc2c1cc1n(c2=O)Cc2c-1nc1ccc(OC(C)=O)cc1c2[Si](C)(C)[*:1],CC(C)(C)[*:1]>>CCC[*:1],CC(C)(C)[*:1],CCC[*:1],42017,15830,1,1,1.0,33,4,3,37,36,24,20+,Br[*:1]>>FC(F)(F)[*:1],bedb09a02f9cf34178568780456c0c348edc91f6f9bad415bf892ecaa3713ffd,098b2bff4a42300a810a2e3c85c69459cca7a5b86804dc4173845443d1dae4a1,CCC1(O)C(=O)OCc2c1cc1n(c2=O)Cc2c-1nc1ccc(OC(C)=O)cc1c2[Si](C)(C)C(C)(C)C,CCC[Si](C)(C)c1c2c(nc3ccc(OC(C)=O)cc13)-c1cc3c(c(=O)n1C2)COC(=O)C3(O)CC
1d23aa90bd9222db568263b8cc274842a965edf103987b46d5e11ed14f6ec32b,663bc911075fbf4aef8588dc9397b2ff20422adf6cf075dc8fdd0efa891c8a05,CC(C(=O)NNC(=O)[*:1])n1ccnc1,Clc1ccc([*:1])cc1>>Fc1ccc([*:1])cc1,Clc1ccc([*:1])cc1,Fc1ccc([*:1])cc1,14468,3819,1,1,1.0,13,7,7,20,20,24,20+,C[*:1]>>c1ccc([*:1])cc1,35a9fa2b2b72e7a7ac17babad1d28c3beea5173715d0ea4b5ec5c2feeb57aab4,8d20284f2ab2e9518df40709610d0ad85d7b953c476b2e76aa01ee22b80a591e,CC(C(=O)NNC(=O)c1ccc(Cl)cc1)n1ccnc1,CC(C(=O)NNC(=O)c1ccc(F)cc1)n1ccnc1
ddef105b333c935ce471d3ec06d08d625a503a65a4d732db7de3626b707693d2,fa266cb28896e7896e029994ea9f28e40d87f9205e041423f67322b67e66744d,NC(=O)C(=O)N1CCCC2CN(c3cc([*:1])ncn3)CCC21,CCO[*:1]>>C[*:1],CCO[*:1],C[*:1],38567,32570,1,1,1.0,21,3,1,24,22,24,20+,CCC[*:1]>>CC[*:1],45b76c10cc5090df7b11acfcb7a48487945341bbf772c2d0cbd7322aed206d9f,9cee332e46c775ca098030c121278fc4096bf002ee65c82a0fef92289cf8a626,CCOc1cc(N2CCC3C(CCCN3C(=O)C(N)=O)C2)ncn1,Cc1cc(N2CCC3C(CCCN3C(=O)C(N)=O)C2)ncn1
a4fa998034cd6b75c5d9a96b7a33d529d436532e4084683140371f629973c1c4,d52242b676f7964634dd9420dc55b5f9b5d34d79feb1577baf913314f78462e8,O=C(OCc1ccccc1)C1CC([*:1])C1,Br[*:1]>>O[*:1],Br[*:1],O[*:1],21059,14420,1,1,1.0,14,1,1,15,15,24,20+,CCO[*:1]>>C[*:1],d89e6013134600e370a567f2892350a1f554206cb9ca173426fb508046fc6c53,eac22114c34144591e66d1ca741d6d6249b9f52a6d36974a649275867639e932,O=C(OCc1ccccc1)C1CC(Br)C1,O=C(OCc1ccccc1)C1CC(O)C1
5d5e47571b034d6bcd51e49914db7f6297f1621ca457da58732ea41234106808,4507fa24c860e0cc667a14a6463fc2af474935768e4176e92da177bd16160cc0,CCCC1NC(=O)CN([*:1])C1=O,CC(C)(C)[*:1]>>CCC(C)[*:1],CC(C)(C)[*:1],CCC(C)[*:1],7705,918,1,1,1.0,11,4,4,15,15,24,20+,C1CC1[*:1]>>Fc1ccc([*:1])cc1,357c0fcaa868fe760520302c9d215b7fb6849132cafc4c5480f38630e5629d1f,b1fccb0b85113116830240c334a5d7ff5acde35c14982cb01007db676691d82a,CCCC1NC(=O)CN(C(C)(C)C)C1=O,CCCC1NC(=O)CN(C(C)CC)C1=O
425e8cde5c2421187e22de2e93ebefaa592cfd16545776426a0abbe37059016a,ba9badc6b7dcb15173770f8bfdafa63e6819476f409bb6a442142ea2c90cbcfd,O=C1CC(c2ccc(NC(=O)Nc3cccc([*:1])c3)cc2)c2cn[nH]c2N1,Br[*:1]>>FC(F)(F)[*:1],Br[*:1],FC(F)(F)[*:1],20687,21859,1,1,1.0,26,1,4,27,30,24,20+,C1CCC([*:1])C1>>c1ccc(C[*:1])cc1,d95461c278bbb2c3e65fcf22f449e66671d5cd1c72ea42f3ddcba2515101d2bf,4c5417451cf8ecf31046ca2c06088504bfdfd0f4c21f6a539b0de4f9abc9ba73,O=C1CC(c2ccc(NC(=O)Nc3cccc(Br)c3)cc2)c2cn[nH]c2N1,O=C1CC(c2ccc(NC(=O)Nc3cccc(C(F)(F)F)c3)cc2)c2cn[nH]c2N1
415169eb92a48386f3a627fb2a160141a417e436c1658855bb0162438260780e,4323464192e70c0d11d4004d867f20857162a9812e68a5778f93541fe3336e55,CCN(C(=O)c1cc2c(F)cccc2s1)C1CC[NH+]([*:1])C1,C[*:1]>>OCC[*:1],C[*:1],OCC[*:1],38150,12547,1,1,1.0,20,1,3,21,23,24,20+,C1CCC([*:1])C1>>c1ccc([*:1])cc1,cd4edf1c6e9f1e199929ee229894682c282ea72c3eaabcd61419b4d0af5971a7,c01a28e6f51bfb68de98a45b4736af32b481f57c1055ca6e5adfb25e9ca350db,CCN(C(=O)c1cc2c(F)cccc2s1)C1CC[NH+](C)C1,CCN(C(=O)c1cc2c(F)cccc2s1)C1CC[NH+](CCO)C1
4e921d965919cf2e96772e29d91447ebe289c4321c8d2288dd2abfbc94eaaf23,421c8abb2f1c376236082cd3499eabc0e4d17bfe4af719ae969da2c0ced1f1ed,O=C(Nc1ccccc1C(=O)O)C(=Cc1ccc2ccccc2c1)[*:1],CC[*:1]>>N#C[*:1],CC[*:1],N#C[*:1],43373,34567,1,1,1.0,24,2,2,26,26,24,20+,C[*:1]>>c1ccc([*:1])cc1,e566aa60b8ae7ffbbb24ff91c3ce81356c5d4e1fb086f483bb0c111fa164a3e3,97de87258cd290c04e26b296a364ae856c2e4fa36fadf623845b2453feef6fd7,CCC(=Cc1ccc2ccccc2c1)C(=O)Nc1ccccc1C(=O)O,N#CC(=Cc1ccc2ccccc2c1)C(=O)Nc1ccccc1C(=O)O
52343f880bdd0a227417453df5514447f4be7eec8fc3463c34f1318f39d27309,9fe620c93c8f46b439f4944d65ff968689f3df4469ebcbbf375cce90299779ce,CC(NC(=O)COc1ccc([*:1])cc1)c1ncn[nH]1,N[*:1]>>O=[N+]([O-])[*:1],N[*:1],O=[N+]([O-])[*:1],34316,41580,1,1,1.0,18,1,3,19,21,24,20+,O=C(O)[*:1]>>O[*:1],22bd8bf239a1d0ae5ee8aa63e76efe729c5e22cf28a5cbc119e5b3ac79704507,6967605a69b8cbdc976fc562f9a9c26c9d24fd19171394ad95e95d229f7fb24e,CC(NC(=O)COc1ccc(N)cc1)c1ncn[nH]1,CC(NC(=O)COc1ccc([N+](=O)[O-])cc1)c1ncn[nH]1
8ec1fe4e841bec344c6be359f6834079bfac68f10888a4f867c7c190781ac415,21a2e722cd0d2f6600b7bac3f9e928c92adc4e63ab9b7b0baaa9a2edad06594e,CCCNC(CN(C)CC1CC2CCC1C2)[*:1],CC[*:1]>>NC(=O)[*:1],CC[*:1],NC(=O)[*:1],1193,21695,1,1,1.0,16,2,3,18,19,24,20+,Fc1ccccc1[*:1]>>c1ccc([*:1])cc1,1d7551493b2bc7b20bcad5f0742ffcf3d24b4b4b0172f7ec3fb9e271e34de21b,a19ccfa17cc2bc28b4516ae7618a8d8b793b1ed21b074610fe37ca0b6add88a8,CCCNC(CC)CN(C)CC1CC2CCC1C2,CCCNC(CN(C)CC1CC2CCC1C2)C(N)=O
07055ebc8e0bd661cc3a1bf1234a67f8eddef4e6367a0bd1f5d41539ad400e42,3bda0bf1dcbc92062c3212b5a5c10ec4f485f24b1d8578a64e08ed279f9f1651,CC(NC(=O)CO[*:1])C1CN(CC=CCl)C1,Fc1ccccc1[*:1]>>c1ccc([*:1])cc1,Fc1ccccc1[*:1],c1ccc([*:1])cc1,47735,31503,1,1,1.0,15,7,6,22,21,24,20+,C[*:1]>>c1coc([*:1])c1,154576801de34df78428c7008b6baffc83ee5b3454edee5e07285226c9bd8a03,de4b246e1412010e428b189fdfbdc209068605883ee607b6e89ba30ca35bc14d,CC(NC(=O)COc1ccccc1F)C1CN(CC=CCl)C1,CC(NC(=O)COc1ccccc1)C1CN(CC=CCl)C1
0c78668b49907902c9c952d09ecaa5448494ef3a046ae1abe3745507f74c11c3,ac211c68e86964954656fc010d45e20c196734a27b66e4f81b81b715f895a70c,NC1C2CCC(C2)C1C(=O)NC(C[*:1])C(=O)O,CC(C)[*:1]>>O[*:1],CC(C)[*:1],O[*:1],12051,17137,1,1,1.0,16,3,1,19,17,23,20+,CC[*:1]>>O[*:1],dfb34b777278e02a8930027ae12a412aa5bf1facb44beef422dc6270cb55a292,b4febee93e7c9cc911b0241909af18faaca92b559038f18d17301bfa5eb41ca0,CC(C)CC(NC(=O)C1C2CCC(C2)C1N)C(=O)O,NC1C2CCC(C2)C1C(=O)NC(CO)C(=O)O
659287b40af35d15029e3d929bd85cfbe639acae531ce06e5256f500730de8ea,118d926ca8e0328e5ab403d21813d94c431472bf69a0e4a8ae6c226c70586ed6,CC(C)(C)OC(=O)NC1C2CCC(C2)C1[*:1],N[*:1]>>O=C(O)[*:1],N[*:1],O=C(O)[*:1],38263,21362,1,1,1.0,15,1,3,16,18,22,20+,C1CC1[*:1]>>CCC[*:1],694a77c609aa4f95c3aa20e04015e1b8f09c3375ae594d147464d88c57aa3064,47058b632cbc41a5376c16833fc6c4a8822b147ca8039b82836c2c2d670c490a,CC(C)(C)OC(=O)NC1C2CCC(C2)C1N,CC(C)(C)OC(=O)NC1C2CCC(C2)C1C(=O)O
a3f9b84e3b4b1aeba4421710225355b335ed332cda401d746e8b5f78332ab228,9564fdaab5786fdba51139c55359b507f42a73233c344404b93ceab9eb41a2a4,Cc1nn(-c2nccc([*:1])n2)c(C)c1Cl,C[*:1]>>NC[*:1],C[*:1],NC[*:1],1308,215,1,1,1.0,14,1,2,15,16,22,20+,CC[*:1]>>COC(=O)C[*:1],342631eed8c29d6bf3d8586ff2701aa26bba526f1de22e939847cbea6829363b,8e6af7ebfbcd0ee596a6df4c7734163f1b7062868eaaeba82f83a94639d7f9ed,Cc1ccnc(-n2nc(C)c(Cl)c2C)n1,Cc1nn(-c2nccc(CN)n2)c(C)c1Cl
3054b754d30a174437e652120f4e29e62480ec0d6be6fd47ded144bc4c4d36a0,96dc418384cd7069489bb4c0df580742d058205b6f8a958680f0664c31b3b56f,Cn1cc([*:1])c(C(=O)N2CCNC(=O)C2(C)C)n1,Br[*:1]>>N[*:1],Br[*:1],N[*:1],3626,47036,1,1,1.0,17,1,1,18,18,22,20+,CC(C)C[*:1]>>c1ccc([*:1])cc1,db43f9634676e9d78dadabc85d39afde0517a2d126ff8bec75068880c3b0c26a,a379cf75fe86de112f9013a3e50ed5a8986edff9ee282b7ea5c79b63cafe8226,Cn1cc(Br)c(C(=O)N2CCNC(=O)C2(C)C)n1,Cn1cc(N)c(C(=O)N2CCNC(=O)C2(C)C)n1
193211bae869dce0b4084332463af3e316f08d8aaecb43042320bf011a009a3d,05def8c1c904af0beb638a3f4c3b0af75459e693c545591c90c75130557c13b6,COc1ccc(C(NC(=O)c2cc3cccc(C)c3o2)[*:1])cc1F,CCOC(=O)[*:1]>>C[*:1],CCOC(=O)[*:1],C[*:1],16078,40067,1,1,1.0,23,5,1,28,24,22,20+,O=C(O)[*:1]>>O=C([O-])[*:1],ebed7a479289b14234f4959fde6aba1c49dedc648e69454a96c29330bcea78dd,f6909faffbe70f6de67064f55c3c1ba175928bcef37746ad756d837c589c1db0,CCOC(=O)C(NC(=O)c1cc2cccc(C)c2o1)c1ccc(OC)c(F)c1,COc1ccc(C(C)NC(=O)c2cc3cccc(C)c3o2)cc1F
11a4a34db97eaf54ef3d35034f9a0de53fa18434c893bf04a56ef37fa3d1dd97,e5cb234b65903fc40cbf7d88faca4093e5755ef3897b62bbf1dadc8b1f1fefd3,COc1ccc(-c2cc(CN3CCC([*:1])CC3)no2)cc1,COC(=O)[*:1]>>O[*:1],COC(=O)[*:1],O[*:1],40976,21054,1,1,1.0,20,4,1,24,21,22,20+,CC[*:1]>>NC(=O)[*:1],c4ac04b4cafd07f9bf26aceb654b8f2c20b764136cb58b3eb220a21832a44f2f,8e5d7e4d2f9f5acca56b2d98ed0e92c57ecd6d15788f636d401280150e123814,COC(=O)C1CCN(Cc2cc(-c3ccc(OC)cc3)on2)CC1,COc1ccc(-c2cc(CN3CCC(O)CC3)no2)cc1
3ee85d60bb90666bfedce3e2b4aaa0e955a9b28dce11f994cade59a9cab751ec,d9c6e89463a4e84e6b3c3498a802eaaae1305926099d0c8789ca1d3cd13d8a1c,CC1C[NH+]([*:1])CC1CCNC(=O)c1cc(=O)n(C)o1,CC(C)[*:1]>>OCC[*:1],CC(C)[*:1],OCC[*:1],4871,301,1,1,1.0,18,3,3,21,21,22,20+,FC(F)(F)[*:1]>>F[*:1],838523dbe9a281587df56b990c2527e1808cca7566a83cadee3eb39c6743ce7e,4cce52b460c9e6655bbfb14e420f92583c2b05203f302f456220c23c82a92d60,CC1C[NH+](C(C)C)CC1CCNC(=O)c1cc(=O)n(C)o1,CC1C[NH+](CCO)CC1CCNC(=O)c1cc(=O)n(C)o1
a6bbc0bb7a69490242223058616f51eb9462a1c9828eb0db2eca15b629c26401,0ba2da1ad0a47b817bab9e1cdea66c9cd59fe2cbf95301fdbdfd83a82125d679,O=C(NCc1cccs1)Nc1nc([*:1])cs1,CC[*:1]>>COC(=O)C[*:1],CC[*:1],COC(=O)C[*:1],20516,34109,1,1,1.0,15,2,5,17,20,21,20+,CCC[*:1]>>C[*:1],6c451a20169c04456d8a503d593be5141dbd22c56c0ebc3096a14e022a175300,be05d91ff2e7c4926e86b76307345706c90905e8afe51e3d7ada56c3dfaf0a17,CCc1csc(NC(=O)NCc2cccs2)n1,COC(=O)Cc1csc(NC(=O)NCc2cccs2)n1
f8d836c748c07f57286fdafd6ea2acf7cb6e00f552bc343fb9f51cd8a48cdda1,72ab0ae9f1ef0b5bf05d9269452a38b977d472a7d6623980d71056e994c8c2c3,N#CC1=C(SCC(=O)N[*:1])NC(=O)CC1c1ccc(F)cc1,Cc1cccc([*:1])c1>>Fc1ccc([*:1])cc1,Cc1cccc([*:1])c1,Fc1ccc([*:1])cc1,44975,47243,1,1,1.0,21,7,7,28,28,21,20+,COC(=O)C[*:1]>>O=C(O)C[*:1],7ef7093930f9eee31f983252e79dbd544c99bd7225ae49f1f63882bb06cf3947,fa406e5f2d24d1dbe9cc78b033250ce4c1aa778d394ae15a3d8b1a7c4d473825,Cc1cccc(NC(=O)CSC2=C(C#N)C(c3ccc(F)cc3)CC(=O)N2)c1,N#CC1=C(SCC(=O)Nc2ccc(F)cc2)NC(=O)CC1c1ccc(F)cc1
ba7fbd0a20dfb8cf1c15080ba402e64dd828542b0da65bda3a35cc8372e7e24c,dacb3693ddd4c6b0fa2288579b9f5a9f006b4b6dff0712dbed80d95821c5d379,O=C(Nc1ccc([*:1])nc1)c1ccc2c(c1)OCO2,CN(C)[*:1]>>CO[*:1],CN(C)[*:1],CO[*:1],24431,40721,1,1,1.0,18,3,2,21,20,21,20+,C[*:1]>>c1ccc(C[*:1])cc1,11bb23d6164feb00453f9ddb92a823e692c1c78534e4ed78971bd2b700a12933,2a1c267f627e51dd81c0c7f8fc49cacacbcac422bcd3052051ffec2dadda8963,CN(C)c1ccc(NC(=O)c2ccc3c(c2)OCO3)cn1,COc1ccc(NC(=O)c2ccc3c(c2)OCO3)cn1
98d333f6fd3933ba64617d7d96de82da022489f7eb11851c27d72f65df38dcc2,01b4ccb79fe8177a50e5ff14ad6151698dc10676db424ae6a50a5ec75256982d,S=C(NCCCOC1CCCC1)Nc1ccc([*:1])cc1,C[*:1]>>N#CC[*:1],C[*:1],N#CC[*:1],945,10488,1,1,1.0,19,1,3,20,22,21,20+,F[*:1]>>O=[N+]([O-])[*:1],c3f1c114d55e8dfe40acfe911ff86465aace8e6611566d14d2e27fd8a20f68bd,e913b59579ee2e40b59a4cf2e3f1959c268d3ddd05959c5d1863b465e0052841,Cc1ccc(NC(=S)NCCCOC2CCCC2)cc1,N#CCc1ccc(NC(=S)NCCCOC2CCCC2)cc1
0bd8c85e326cfd6d75fa403ec9b7f89f7a84c1209e91a75c126142e7e01e3660,a0fc206f6a626afbd7e92d3e6a051baeeb35345f73e4616bf5c98f39409ad20a,O=C(c1ccn(-c2cc(F)cc(F)c2)n1)N1CCC([*:1])CC1,CC[*:1]>>COCC[*:1],CC[*:1],COCC[*:1],44819,28471,1,1,1.0,21,2,4,23,25,21,20+,F[*:1]>>O[*:1],3942626eb52741d5c9ba65cdbe966bfb0506891187c356dd91caf8e68ad0be36,33b68e5a44fbdf838673e687b73c22f14e878416a9736b244f4ee61de00331dd,CCC1CCN(C(=O)c2ccn(-c3cc(F)cc(F)c3)n2)CC1,COCCC1CCN(C(=O)c2ccn(-c3cc(F)cc(F)c3)n2)CC1
2433be07f3baac01178c0dfb0f855ad612e40b3738c8d08d0b2bd5caee830d9f,e55a4a2d45e286eabf97acc8ff5a4771198beaac872c93a3586f1c07c171e7a2,Cc1nn([*:1])c(=O)c2noc(C=Cc3ccccc3)c12,CC(C)[*:1]>>COC(=O)C[*:1],CC(C)[*:1],COC(=O)C[*:1],20646,11435,1,1,1.0,19,3,5,22,24,20,20+,C[*:1]>>NC[*:1],18e210547e0aa7ee96a8e3bbb79d86b9f8b71e1779a7f61ba575c171e5e5e904,0073eebb1465dc57be580ecb2a7a454f0476c48f7398bc476a8b0654c1dbe953,Cc1nn(C(C)C)c(=O)c2noc(C=Cc3ccccc3)c12,COC(=O)Cn1nc(C)c2c(C=Cc3ccccc3)onc2c1=O
75ba2c4280769b1315f58a61faabf7472e22747321d3c5b6993e8ac284c4420c,083105cada4b6b0747377b417f1cbfc6531ccac7173742336ab070862403a5c6,COc1cn(-c2ccccc2)nc1C(=O)N1CCCC([*:1])C1,O=C(O)[*:1]>>O=C([O-])[*:1],O=C(O)[*:1],O=C([O-])[*:1],11090,18233,1,1,1.0,21,3,3,24,24,20,20+,C1CC1[*:1]>>CC(C)(C)[*:1],f863c3545f3da774cca57c558b3642590068c203db9d28bb4b52a08b58c0565a,6a3684c3cd71a80ddc912bdad12fbe62bb8ba2795f843887aef8d063d9b8b5de,COc1cn(-c2ccccc2)nc1C(=O)N1CCCC(C(=O)O)C1,COc1cn(-c2ccccc2)nc1C(=O)N1CCCC(C(=O)[O-])C1
a49ebc22ea6eda243362c599dd460d8706f4c8a8d9d65a8a7314e7ee0b114c2d,fdad2b169cf856bcca170e3487ca270a44568cc187ccc30a0efb593a902ea704,Cc1cccc2nc(CCNc3ncnc4nc[nH]c34)n([*:1])c(=O)c12,Clc1cccc([*:1])c1>>c1ccc([*:1])cc1,Clc1cccc([*:1])c1,c1ccc([*:1])cc1,14608,26123,1,1,1.0,24,7,6,31,30,19,10-19,Cc1cccc([*:1])c1>>c1cncc([*:1])c1,4caab13b586ffc65b22bb0d429e20e5d2f4870739048a41c301d996e409bccca,f514b9bab5bdea15f0882895c8120d49bd889aa5154fc1887a6475019f2408d4,Cc1cccc2nc(CCNc3ncnc4nc[nH]c34)n(-c3cccc(Cl)c3)c(=O)c12,Cc1cccc2nc(CCNc3ncnc4nc[nH]c34)n(-c3ccccc3)c(=O)c12
1852435b91b08df090691cb6a6486fc1b0aceca71b3cf1d903412e822dc7dacd,d9238a15f27d77728c910574ecaf81b3e998ef6d5a58db78f168fee6e2b8003d,c1cc2c(cc1[*:1])CN(C1CCCC1)CC2,F[*:1]>>N[*:1],F[*:1],N[*:1],32784,9726,1,1,1.0,15,1,1,16,16,19,10-19,C[*:1]>>Clc1ccccc1[*:1],91901b958b62068df126d2ec8e84280bd01fee6720d6e789349abbbf0a220f6c,07294e72ceba59f826bbb7d77ef3221a296e0dd9df793d443fc3ce49691538c1,Fc1ccc2c(c1)CN(C1CCCC1)CC2,Nc1ccc2c(c1)CN(C1CCCC1)CC2
f50a8b2f248522e6366b59cf57c85d5050ba7f5f787d4b784290df332a921e83,74856e6e17e6b90bafbc9f24b4cb7b0e036095cc3fc19def23d193309ca2c0e3,CC1([*:1])CCSCS1,CS[*:1]>>C[*:1],CS[*:1],C[*:1],20630,43527,1,1,1.0,7,2,1,9,8,19,10-19,CC(C)C[*:1]>>CO[*:1],cb14acb688c81e86b24155bf3ed0a2b0c4f4558af5b97544414caaf3b99cef1e,1f2cb414b113ac46678955b42456ebfccb5ae6fd6d5080bc4897b0a3209055f6,CSC1(C)CCSCS1,CC1(C)CCSCS1
8456d56453a6201a94392832fd56cd07b4d16a35c73935ff4cb759f9ae4e1617,e80bc8426067149d1daac43faedb730103a1d14d8652ee613ca82494fad025f5,CC1NC(=O)C(C(C)C)N(C(C)C[*:1])C1=O,CS(=O)(=O)[*:1]>>C[*:1],CS(=O)(=O)[*:1],C[*:1],48332,38831,1,1,1.0,15,4,1,19,16,19,10-19,CC[*:1]>>c1cc([*:1])cs1,d414ea9377d443b76fcc6e725c6e6ceb3e9ad8c2f95075cab016e27d847865f5,a0eab22c2683677aa1f66e2f72950279d0337106e9b20b6588b6cf58bc5dda0b,CC1NC(=O)C(C(C)C)N(C(C)CS(C)(=O)=O)C1=O,CCC(C)N1C(=O)C(C)NC(=O)C1C(C)C
2d9616eb59b5e45b96d8cd56067067e8959d935571e5830d4778d1ace38a50a5,67619f09dd182d36491d5828f40e7aac58d29a247553ae37b003ca35b13eb8f2,O=C(COc1ccc(S(=O)(=O)N2CCCC2)cc1)Nc1ccc([*:1])cc1,COC(=O)[*:1]>>FC(F)(F)[*:1],COC(=O)[*:1],FC(F)(F)[*:1],14888,36590,1,1,1.0,25,4,4,29,29,19,10-19,Cl[*:1]>>O=C(O)[*:1],1c3b0b1ed02ed6879ecfae0268de2bb8c4b4df3bb09092d11ade8de4c96d2ba0,7e0b2d903d7ad193cf9932ecc100269032e961e98f43bbbbd9c4588d17f26fa4,COC(=O)c1ccc(NC(=O)COc2ccc(S(=O)(=O)N3CCCC3)cc2)cc1,O=C(COc1ccc(S(=O)(=O)N2CCCC2)cc1)Nc1ccc(C(F)(F)F)cc1
1e822001fe6b935653084b986b249df620ea355b2cf83c914f7cf7cb3462e766,ec5abb749762056f7184cf91adb5977fc358a66cb66549a2efe112a6965e1d39,Cc1ccc(NC(=O)C(=O)NC2CC3CCC2N3C[*:1])cc1,C[*:1]>>FC(F)(F)C[*:1],C[*:1],FC(F)(F)C[*:1],15038,18667,1,1,1.0,21,1,5,22,26,19,10-19,CCC(C)C[*:1]>>COC(=O)C[*:1],50da5347df35deccb6d045b9255fa9c5f278b3f0a377271310f86db43e7c09b5,1ff74d7731c20b2b3b8885efac70d8ba4c89ee82ed46c55ba278f55ea9331851,CCN1C2CCC1C(NC(=O)C(=O)Nc1ccc(C)cc1)C2,Cc1ccc(NC(=O)C(=O)NC2CC3CCC2N3CCC(F)(F)F)cc1
d7822afa231d6882c4ff5867b750d75cc6c8411b244db75ead1577c0efef4fd4,d07d044f5bb0ac1af03e575b3276390026b4bc1031e684a57207779e4c4b11b5,O=C(NC1CCCC([*:1])C1)c1cn(Cc2cccs2)nn1,CC[*:1]>>F[*:1],CC[*:1],F[*:1],37515,39105,1,1,1.0,20,2,1,22,21,19,10-19,C1CC1[*:1]>>Clc1cccc([*:1])c1,96f9d46909a077d1a08e4386f313eb0f5bd1d29cfcc97e35703a47c13f097e60,bd37336cdaa0153ccc779a49ebec95396b4d0a1ef5ff95f1c04025114579dc3d,CCC1CCCC(NC(=O)c2cn(Cc3cccs3)nn2)C1,O=C(NC1CCCC(F)C1)c1cn(Cc2cccs2)nn1
8b87d3c49787a46afbcc6dfdd0b7e102b9dcad1872067b62de663fcd661df593,0d91ce81a78a0ca2aec1622599014291bf0b2a2f6b8e94e87666a45acb2351f3,O=C(CN1CCC(NCC2CC2)CC1)NCC[*:1],CC(=O)N[*:1]>>C[*:1],CC(=O)N[*:1],C[*:1],18412,33559,1,1,1.0,17,4,1,21,18,19,10-19,C1CC(C[*:1])CO1>>c1ccc([*:1])cc1,696188cf4456560e077df2e5301fd76cd83108064bb913b78561e3ec8b9b0d03,4d965c2d439badace3e77854e078ce75f3802c234da61ca9363fcfa4b02fb5fe,CC(=O)NCCNC(=O)CN1CCC(NCC2CC2)CC1,CCCNC(=O)CN1CCC(NCC2CC2)CC1
29ae60b7d667f510c18efb484117b27064e4519fd92b8d0af4f3dacd1e3da5ef,aed3c3a930f5ef2dd00a57b4f25252a31eb6f821262b1030ce0ca85d0da03c42,O=C([O-])C1(CNS(=O)(=O)[*:1])CCCOC1,Cc1cccc([*:1])c1>>Clc1ccc([*:1])cc1,Cc1cccc([*:1])c1,Clc1ccc([*:1])cc1,22109,41437,1,1,1.0,14,7,7,21,21,19,10-19,C1CC1[*:1]>>FC(F)(F)C[*:1],6979704081b08a7f89195ddab0e56d9ce5f6c3caf0a52e647c44a01cef6fb6e9,026c459f036bda5a7b86050fff16f0b0c617b30ec3fd697f61588e6ceac327ef,Cc1cccc(S(=O)(=O)NCC2(C(=O)[O-])CCCOC2)c1,O=C([O-])C1(CNS(=O)(=O)c2ccc(Cl)cc2)CCCOC1
04b0beff48b841dadbae22e3a032297f75f42aecdcf77453f687f911a68e36cc,a3a0f007d8a0a91a1ba309faf5c6af900d8e2349d32c301827b460363b3d6d5f,CN=C(NCc1ccc([*:1])cc1)NCC(C)COCc1ccccc1,F[*:1]>>NC(=O)[*:1],F[*:1],NC(=O)[*:1],15935,16366,1,1,1.0,24,1,3,25,27,19,10-19,I[*:1]>>N#C[*:1],d14f7942211e48cb74ec7ca16a95b5b389ba5ca1af27c35c44c400ca2fe4ff7d,acde72e43cbad5b8ed46bfae00de535e59c2ef3566b08df2c4737a3e748c3317,CN=C(NCc1ccc(F)cc1)NCC(C)COCc1ccccc1,CN=C(NCc1ccc(C(N)=O)cc1)NCC(C)COCc1ccccc1
c39ae6ac2425e5e6df0c01d6dd7fb9fb0656c31041cc813561b966cd5e923bf7,af62f4434dcec2788716af1db91b1210bda1a7179d39d14708e825d3ed4da2be,NS(=O)(=O)NCCCCC(NC(=O)OCc1ccccc1)C(=O)Nc1nc([*:1])cs1,Cc1ccc([*:1])cc1>>Clc1ccc([*:1])cc1,Cc1ccc([*:1])cc1,Clc1ccc([*:1])cc1,13904,7363,1,1,1.0,29,7,7,36,36,19,10-19,NC(=O)[*:1]>>OCC[*:1],9254ef550e74a5e5b77c31f6a8a3f09275dc487d33df06dfcb8b3b183eac334e,d6223c50d496b4a93ebb98bb7eeb4de9ed5c4b0cdef9efd418d680aeeb39ad1b,Cc1ccc(-c2csc(NC(=O)C(CCCCNS(N)(=O)=O)NC(=O)OCc3ccccc3)n2)cc1,NS(=O)(=O)NCCCCC(NC(=O)OCc1ccccc1)C(=O)Nc1nc(-c2ccc(Cl)cc2)cs1
6dee7b2ca87ed324ebae10213e2b66f652ecc435c591a7fd1bd360fc9e285085,98709a4ef19ec28281e78c5500cd70238cb1dff065d39b40922f204facc7f3c0,CC(C)(C)Oc1ccc(-c2noc(C3CC(=O)N([*:1])C3)n2)nc1,Clc1ccccc1[*:1]>>Fc1ccc([*:1])cc1,Clc1ccccc1[*:1],Fc1ccc([*:1])cc1,30858,4457,1,1,1.0,22,7,7,29,29,19,10-19,C1CC([*:1])CCO1>>C1CC([*:1])CO1,5ef1d402b6a5f94b70ae855ac22a049326c06d5c77c33c58e2a5574708e1f644,6eba14944e1a830cb9fd4859ab5a79f6d40c9ffdd97e39b9fd7cef6f0b2a34dd,CC(C)(C)Oc1ccc(-c2noc(C3CC(=O)N(c4ccccc4Cl)C3)n2)nc1,CC(C)(C)Oc1ccc(-c2noc(C3CC(=O)N(c4ccc(F)cc4)C3)n2)nc1
e7e80738f081c1515e03e77225b26a6081684bb5355c87a669a17838efd7be98,83c5bd4ecf52166a9f143e46efc184f6fcaab258da732f57d258f155e58184a4,CC1COCCN1C(=O)c1ccc(NC(=O)[*:1])cc1,Cc1ccccc1[*:1]>>c1ccc([*:1])cc1,Cc1ccccc1[*:1],c1ccc([*:1])cc1,34874,26417,1,1,1.0,18,7,6,25,24,19,10-19,CN[*:1]>>Cl[*:1],9ec062953e9107a353ba49f33ff8a3c6b31ff9b013f832ffc89402978fac0548,3e384afa78b6611c2ea83a5af677a87822b63dc190951b16ce1e7c398deaab97,Cc1ccccc1C(=O)Nc1ccc(C(=O)N2CCOCC2C)cc1,CC1COCCN1C(=O)c1ccc(NC(=O)c2ccccc2)cc1
70e48ac6291133869c9a399e85972a8dffbb4d798905917cfe31e37bd2c17321,8d8d64640dd9b84923f5bd46d205531000300118d62a5b885e354575bd6e18de,C=C(C)C1OCCC1CNC(=O)NCC(Cc1ccccc1)[*:1],FC(F)(F)[*:1]>>OC[*:1],FC(F)(F)[*:1],OC[*:1],25422,32466,1,1,1.0,22,4,2,26,24,19,10-19,CN[*:1]>>C[*:1],c9e0be8a9906a42f3ceed442af22bd2f302e39cd5f799aa49a5df49add698e54,130f82271d835fcc415a23741da0310e0a25c605a09717efcdcad66bac58f801,C=C(C)C1OCCC1CNC(=O)NCC(Cc1ccccc1)C(F)(F)F,C=C(C)C1OCCC1CNC(=O)NCC(CO)Cc1ccccc1
eb973a4f51bd69739146a2cc36c3d4c0791fdb097f9fd05fbee1bc96ebf2cf13,2fdb07d82296ef107cae81f140cf1be08aafc13a9a2650069e64dda69a5e189e,Cc1cc([*:1])cc(C)c1S(=O)(=O)NCC1(C)CCOC1C1CC1,CO[*:1]>>O=[N+]([O-])[*:1],CO[*:1],O=[N+]([O-])[*:1],24948,20592,1,1,1.0,22,2,3,24,25,19,10-19,C1CCC([*:1])CC1>>Cn1cc([*:1])cn1,a90384ab66ce3d4b02a1f16d59a1435a59a34267e7bd6a88fe21389d8b9f6c08,f121db4e5a225518f9be6d9282b03d6c3daaa2489f375d7dbdddecef9711a271,COc1cc(C)c(S(=O)(=O)NCC2(C)CCOC2C2CC2)c(C)c1,Cc1cc([N+](=O)[O-])cc(C)c1S(=O)(=O)NCC1(C)CCOC1C1CC1
1f61a0dac6dd7635caddf77853bffc3cc5d1db9f27053f3146a9d59ca3456eea,faa1d0af256934651d1264748820cd6e6e4a642826f02170bbc811d840243a00,Cc1[nH]n(-c2ccccc2)c(=O)c1N=Nc1ccccc1[*:1],N#C[*:1]>>OC[*:1],N#C[*:1],OC[*:1],6285,21782,1,1,1.0,21,2,2,23,23,19,10-19,COC[*:1]>>Fc1ccccc1[*:1],34e09021aaebcd3715b309562eb769e666dd5a78b1442c6e3408830bb7201c6e,0dc578a37c0698758110c89de50b9d9285fa6c1a41e841c67a98c5542f2d1e1e,Cc1[nH]n(-c2ccccc2)c(=O)c1N=Nc1ccccc1C#N,Cc1[nH]n(-c2ccccc2)c(=O)c1N=Nc1ccccc1CO
a8e636690907b06b12b8d42fdbfd2bb7e569869ab5e7b0ddf6b5a32e08ff7c22,653b1033e21971b324eb781d3c3b8e127b9e88bc7257384bc0f6481be6ac7431,CC(NC(=O)CO[*:1])c1ncn[nH]1,Fc1cccc([*:1])c1>>Fc1ccccc1[*:1],Fc1cccc([*:1])c1,Fc1ccccc1[*:1],7212,35574,1,1,1.0,12,7,7,19,19,18,10-19,COC[*:1]>>FC(F)(F)[*:1],8acd419c31f4d6df1349b616de82803174e6cda252ac59ba27b384c3a373117e,801259d4fe1c5617639a7a5cb28659b54661759c97b141ae22780f42ecff6878,CC(NC(=O)COc1cccc(F)c1)c1ncn[nH]1,CC(NC(=O)COc1ccccc1F)c1ncn[nH]1
5800ad256838fda225df3bc70bcf75d29f871e2701bb511647103841947062ac,552fc9b491d12ff5781e2b77f1bd10cf00c9b33e4df59e5018f3a8d67333fb4b,Cc1ccc(NC(=O)NCC2C[NH+]3CCCC3CO2)cc1[*:1],CCO[*:1]>>CC[*:1],CCO[*:1],CC[*:1],22878,9313,1,1,1.0,21,3,2,24,23,18,10-19,CC(C)(C)C[*:1]>>CCC(C)[*:1],e8c4aa89758d358f70a190c344be633d5935b44dd7d3fd03fb06c3dc5505afcd,6bc7ea1c863646e0f616909d04d87ea0566f628aa3193a33e61009eaa83fe618,CCOc1cc(NC(=O)NCC2C[NH+]3CCCC3CO2)ccc1C,CCc1cc(NC(=O)NCC2C[NH+]3CCCC3CO2)ccc1C
22a28e6abf424d714b2bd8157e342f1fb81dea5261d13dde1ac96baedde96941,d1429b2711e246d7ce596638109f4ae88700697f05ba94661b5d19e731da2560,O=C1NCCCC1c1ccc(-c2ccccc2[*:1])cc1,CO[*:1]>>CS(=O)(=O)[*:1],CO[*:1],CS(=O)(=O)[*:1],19994,14910,1,1,1.0,19,2,4,21,23,18,10-19,COC(=O)[*:1]>>CS[*:1],0a1e26993206a02a1640fd8d11cf4758220fc4cf492be86271159cad6dde94e0,d9a22160cc508a26f3a3bb4a176a099e247536ed115c043037ce20d3141f9a66,COc1ccccc1-c1ccc(C2CCCNC2=O)cc1,CS(=O)(=O)c1ccccc1-c1ccc(C2CCCNC2=O)cc1
3e349f539daebdb37001e149bfea81315a8a1b74c914a88ddc06e437e4de6fbd,166a6e9db3cc06789a0f2eed8dd7c4d1473d266de81b30aa8dc7a274a7f58c24,Cc1cc(=O)n(C)cc1NC(=O)NC(Cc1ccccc1)[*:1],O=C([O-])[*:1]>>OC[*:1],O=C([O-])[*:1],OC[*:1],41738,22523,1,1,1.0,21,3,2,24,23,18,10-19,CN(C)C[*:1]>>C[*:1],d2d59f78da5065ffa95c2d6629d545cc2682d5ba0f9e51fc2bbf3c66f98e84ee,868c17d9a652406b9eef407106bc6a829901fbf8bef698f06d36aa0391d3a502,Cc1cc(=O)n(C)cc1NC(=O)NC(Cc1ccccc1)C(=O)[O-],Cc1cc(=O)n(C)cc1NC(=O)NC(CO)Cc1ccccc1
4a545468f7452517f6e9bb31d3a638a2c0f5490f0fd63746e892a4906844f3ae,1891b99589889a9bf2d1b1b9b46ef65f947c32deba03b7e2699ae215b7f79fc9,CCCc1ccc(C(=O)NCC2COCCN2CC[*:1])cc1,CC(C)O[*:1]>>CO[*:1],CC(C)O[*:1],CO[*:1],15866,39573,1,1,1.0,21,4,2,25,23,18,10-19,CCO[*:1]>>F[*:1],5c7a667806d68475dfe7650c49a72616b1eaf7b224bb2403d2d822d540ddb8ef,ea4e0b1cf45086d17165ee6a7d76f4940ca4013a4ca0fbf92fa161d5613ca22d,CCCc1ccc(C(=O)NCC2COCCN2CCOC(C)C)cc1,CCCc1ccc(C(=O)NCC2COCCN2CCOC)cc1
d70c64c9a8229141983d7707bd49241365e4f9817c65eb02c5bc9fa6589664f7,3580721e7835905a3c4f3476bea98afe3db450adcdd97a1ea03b32ba9e589e4a,CC(NC[*:1])C1CC2CCC1C2,COC[*:1]>>NC(=O)[*:1],COC[*:1],NC(=O)[*:1],7170,5575,1,1,1.0,11,3,3,14,14,18,10-19,Fc1ccc([*:1])cc1>>c1cncc([*:1])c1,a07188ee0e1c245323c9ff26bcd8e5bd527eda52df50d30dea8a59ef5cd1e522,d9c98aca79e9564f6f5e6c0458c98790460c1091e4cd27e82475fa38d2b402ee,COCCNC(C)C1CC2CCC1C2,CC(NCC(N)=O)C1CC2CCC1C2
49685c65eeda9deaa3e0f7d4e51afb73ae421b5dc639b161f21398450f0d9448,2ad10be389262fcd0a2d077d8a429ff2c1314737da58423bf42ec0b37d156714,CC(C(N)=O)N(c1nc(N)c(C(=O)c2ccccc2)s1)c1ccc(O[*:1])cc1Cl,FC(F)(F)[*:1]>>FC(F)[*:1],FC(F)(F)[*:1],FC(F)[*:1],13318,48014,1,1,1.0,28,4,3,32,31,18,10-19,C1CCC([*:1])CC1>>c1coc([*:1])c1,20e8a48aacadb2fb98a435f65b926389747d5ff88a8f1178101e79353a88a884,09a3f1bbbe8c6c81c5aa100ea8d134dffcd87d38eb7d8ac2d8c6b17a3fb90214,CC(C(N)=O)N(c1nc(N)c(C(=O)c2ccccc2)s1)c1ccc(OC(F)(F)F)cc1Cl,CC(C(N)=O)N(c1nc(N)c(C(=O)c2ccccc2)s1)c1ccc(OC(F)F)cc1Cl
77b9527fb4005c98e5e2daed9149636b6c16667cf6b19dbe83bb200d584a12df,cd8e62e629d3e3fbcf6cd08954008f026b92dd93a67e9c66826c720e52e7c8eb,O=C(N1CCc2n[nH]c(=O)cc2C1)C1([*:1])CCC1,Cc1cccc([*:1])c1>>Clc1cccc([*:1])c1,Cc1cccc([*:1])c1,Clc1cccc([*:1])c1,36121,25447,1,1,1.0,17,7,7,24,24,18,10-19,FC(F)(F)C[*:1]>>c1ccc([*:1])cc1,396d25f2694a8615240a908112393d42a6fba487f9b9a1f295127250cf53e7e9,05a207ccb52f71655d7c16fb03443af141c70ba0df919589c6a2116cecb13393,Cc1cccc(C2(C(=O)N3CCc4n[nH]c(=O)cc4C3)CCC2)c1,O=C(N1CCc2n[nH]c(=O)cc2C1)C1(c2cccc(Cl)c2)CCC1
6be0e2a045cedc6d88bda258d1c0ef94184b6b924ce0d00f32b4b92528a91a21,949930863264e91ebf0609d1a23525466abc57aef032ddddba8c8c1abbfc5086,CC(CC(=O)N1CC2CC1CS2=O)[*:1],COC[*:1]>>CO[*:1],COC[*:1],CO[*:1],22719,14461,1,1,1.0,13,3,2,16,15,17,10-19,CC(C)O[*:1]>>CC[*:1],7f905adb41cd36e5c06262418fd2ef20ebe0ac34dfe4b2c67daf950a01cd52c1,67c03dac7cd08a88e4d2810642e2a9632086a0b2ea6528dfcac37296c7d152c8,COCC(C)CC(=O)N1CC2CC1CS2=O,COC(C)CC(=O)N1CC2CC1CS2=O
a71d4261c8b79a4d684e6a87d2e162fe1e1ea8679e493514707dfded76957620,a3c08ba1d22e26de41110a389adac9841c8c352c9382e0a54d315393620727e8,Nc1ccc(Nc2ccc([*:1])cc2Cl)cn1,Br[*:1]>>I[*:1],Br[*:1],I[*:1],38290,26651,1,1,1.0,15,1,1,16,16,17,10-19,FC(F)(F)O[*:1]>>F[*:1],b2460a07dcb96c60a528ad08414aca0e4d1d74e834e0207e6bd39a6c5e8acfce,7b56f346404e944fb5e75e93e6723d14ba0b87dd212ea19c175665ffe17594f0,Nc1ccc(Nc2ccc(Br)cc2Cl)cn1,Nc1ccc(Nc2ccc(I)cc2Cl)cn1
de27e17e0e2efe35462d4a98d4966a525043631178fdaf40e07705a9e390b2fe,f294a8f1e175fc72a72d1db60502c074e2de98b76a14b4f463dd5aa9872ac47e,Cc1ccc([N+](=O)[O-])cc1Nc1cncc([*:1])c1,N[*:1]>>OC[*:1],N[*:1],OC[*:1],27067,36484,1,1,1.0,17,1,2,18,19,17,10-19,CN(C)[*:1]>>COC(=O)[*:1],280f441b8e2497badaa6e088c6f91532dcbaac39dc066e01cb66d100c61f5c5a,75a97de6a32a5e49a7a5593afa86f8b36a96b8bef84b14070117eaa1ae5651e4,Cc1ccc([N+](=O)[O-])cc1Nc1cncc(N)c1,Cc1ccc([N+](=O)[O-])cc1Nc1cncc(CO)c1
2f3b26e308e4a1f041a9a46c91a140acf255566f9258e12ae7717096bcd54283,f539d69f2083ee2d05aae1da30857cf5e4ae2b9c3f47651383f5b5efeafe3f98,CNC(CCOC1CC2CCC1(C)C2(C)C)[*:1],CCOC(=O)[*:1]>>COC(=O)[*:1],CCOC(=O)[*:1],COC(=O)[*:1],17547,49302,1,1,1.0,16,5,4,21,20,17,10-19,CC[*:1]>>c1csc([*:1])c1,cb40bdc2b4ef8c87c33f67114de381e03991e5a0431954e145df08219daef7f7,e702ffa40631e7bd332c8f5aab17a6dcad5a3e2594631e16ca8db7e951eab158,CCOC(=O)C(CCOC1CC2CCC1(C)C2(C)C)NC,CNC(CCOC1CC2CCC1(C)C2(C)C)C(=O)OC
697e8bb1e79b722e029a497fd4e03053b4fd331b730fd8a0964b96364c04e104,264cd92f36e5d9cc952f1dbd62c105e67af380c0824b67592d23a6b4f8239adb,Brc1ccc(-c2nc(C3CC3)c(C[*:1])s2)nc1,CCN[*:1]>>CN[*:1],CCN[*:1],CN[*:1],35465,15484,1,1,1.0,16,3,2,19,18,17,10-19,CO[*:1]>>CS(=O)(=O)[*:1],eba3960fc31db80c5f91cd4287f5869faf23b3f3ceca3fab9907c76d403d63e6,8ab710b7c4bc1f8cda8e281ef1f48c68d123f7c4979f4213a4ceb617fcf803a7,CCNCc1sc(-c2ccc(Br)cn2)nc1C1CC1,CNCc1sc(-c2ccc(Br)cn2)nc1C1CC1
800806e991cce7dc198aa740d296e9cfe7440871c15ef36e8d3d8c9cf92d367e,e8e396c83f850f2fc09d334db745a63e36d1a3db5baf19c618c2548d61ef7995,O=C(c1ccn(-c2cccc(Br)c2)n1)N1CCC(C[*:1])CC1,COC[*:1]>>OC[*:1],COC[*:1],OC[*:1],31703,30247,1,1,1.0,21,3,2,24,23,17,10-19,CCC(C)[*:1]>>COC(=O)[*:1],7ece3da606808a3066e1c6822e678b747e038e94d85c67b8e68402d450cf574a,d0aed3e2bc229a8bcd4317e387d080677531099aad405255b07e29daa73925e8,COCCC1CCN(C(=O)c2ccn(-c3cccc(Br)c3)n2)CC1,O=C(c1ccn(-c2cccc(Br)c2)n1)N1CCC(CCO)CC1
fba9870a57807404fe94e3ff7935c32695d5596cc3b2f96abb7e9ec8e7a8747e,6761c03f958ae77d790b42fe05cf180b882fafd380218bc842ba8c81c0436d9a,Cn1cc(C[NH+]2CCC(CNC(=O)[*:1])C2)cn1,Clc1cccc([*:1])c1>>Fc1ccc([*:1])cc1,Clc1cccc([*:1])c1,Fc1ccc([*:1])cc1,4783,49229,1,1,1.0,16,7,7,23,23,17,10-19,C=C[*:1]>>CO[*:1],cfdd272b8f3e0dd171f9c7dce0de4c3be71fa186ecab6c0ac384e92888ce665e,93146bc9973eeb568ee892fe2271742a04addc82434beda48596bd0145e796c6,Cn1cc(C[NH+]2CCC(CNC(=O)c3cccc(Cl)c3)C2)cn1,Cn1cc(C[NH+]2CCC(CNC(=O)c3ccc(F)cc3)C2)cn1
75121c8b832d5d79627c9b551dbd0f9f34e44ce6fad7fe3470dad8eb2b3cf6be,5565d5f98ecffcf59b563f16e3d378d0b9a2c67967d0e2e972f64252dde7eddf,CC(=O)c1cc(Nc2cc(F)ccc2[*:1])cnc1C,CO[*:1]>>N[*:1],CO[*:1],N[*:1],24085,10211,1,1,1.0,18,2,1,20,19,17,10-19,C1CC1[*:1]>>c1csc([*:1])c1,1cd5a2a5257cdb4f1bb8770dd728677d8f3b1bece7f3f2ca3b0743afc2e8d0db,571ddbd3f0df7a003eb5568b9769183c0076746022058df850901f54ff44f6ae,COc1ccc(F)cc1Nc1cnc(C)c(C(C)=O)c1,CC(=O)c1cc(Nc2cc(F)ccc2N)cnc1C
66cee140aaf05f5efdd5a7c2c6aaf26ffbf484e580b16a2eb0463ecf27da5ed3,056554aa65a14599bb2100a36c3d6b412b48d41eae73dc974aeaeb8e20d2bdba,CN(Cc1ccc(F)cc1)C(=O)CSc1nnc(-c2ccccc2)n1[*:1],C=CC[*:1]>>C[*:1],C=CC[*:1],C[*:1],19275,31370,1,1,1.0,25,3,1,28,26,17,10-19,COC[*:1]>>c1cc([*:1])ccn1,05f141d5f8328354a18677be393636c4551b01a1c8c2d0e96571a4da0e399837,21b8d694a6bb80783e380b84bb593f05f905e85efe9323365124399b7a7fc7e5,C=CCn1c(SCC(=O)N(C)Cc2ccc(F)cc2)nnc1-c1ccccc1,CN(Cc1ccc(F)cc1)C(=O)CSc1nnc(-c2ccccc2)n1C
1139f76d9e36bd51f5d62c907ee7ac14691824a14e52a2b27dfc846dafe398fd,f9cd53300e5867edb062112f5f378d7d9bad8b80041561dcb9a376e0961ab76b,O=C(CCn1c(=O)oc2cc(Cl)ccc21)N1CCCCC1C[*:1],CC(O)[*:1]>>C[*:1],CC(O)[*:1],C[*:1],18154,21953,1,1,1.0,22,3,1,25,23,17,10-19,Fc1ccc([*:1])cc1>>c1ccc(C[*:1])cc1,4d690251212691973067124ecf6595f37b0b7306f3cd3bfee01b4b9d274c23e6,eccf203b1d974a219c5cb47e783d0780c06309015902da82f174f746aa5f895d,CC(O)CC1CCCCN1C(=O)CCn1c(=O)oc2cc(Cl)ccc21,CCC1CCCCN1C(=O)CCn1c(=O)oc2cc(Cl)ccc21
5815f270d36250263d5a199d3f73992991b0af3216fb7d4491786cc74f4e6172,c21e0414799781a7f04e168d1b99fc979f245ab84980819e37ce53eb6ff5baa0,O=S(=O)(NCC1CCCOC1)c1cccc([*:1])c1,NC(=O)[*:1]>>OC[*:1],NC(=O)[*:1],OC[*:1],11007,40756,1,1,1.0,17,3,2,20,19,17,10-19,Fc1ccc([*:1])c(F)c1>>c1ccc([*:1])cc1,f852f79f511f0234750ddfefce935c1dae1652cbbba9b9d283041a2cda219410,c18da230792f6e0af7752398531bdd4cc05113d7f4f18247ac0796c8dd7b35c2,NC(=O)c1cccc(S(=O)(=O)NCC2CCCOC2)c1,O=S(=O)(NCC1CCCOC1)c1cccc(CO)c1
443870b59c77eacc4bc327443169f8e0860b961d18b11a2dd8dae5182ffd971c,466335f72481f16078bfa3d9e156f22d8bf3e2437b38079ca9529189f4b5630f,O=C(NCC1([*:1])CCOCC1)NC1CCCCC12CC[NH2+]CC2,CO[*:1]>>CS[*:1],CO[*:1],CS[*:1],38597,23613,1,1,1.0,22,2,2,24,24,17,10-19,C1CC([*:1])CCO1>>c1cncc([*:1])c1,e385726617204b570c83ff5c8f862c7ab135a0a107389e423be3935998505224,0d320227fe72ea62dff6fbfc35a4e758e619bd5d3b67d18d88c32ede2496732c,COC1(CNC(=O)NC2CCCCC23CC[NH2+]CC3)CCOCC1,CSC1(CNC(=O)NC2CCCCC23CC[NH2+]CC3)CCOCC1
4492bd4a6a693d097d4af02b555196a4d25581d60f77c55c4be06bc3d02ae159,7e9bb32c56ba0c6eee4382f20e943639d4405cf92c805c60c0dd9f2c2059b7b7,CN(C(=O)C1CN(C(=O)c2c[nH]c3ccccc23)C1)[*:1],CCCC[*:1]>>C[*:1],CCCC[*:1],C[*:1],21074,3691,1,1,1.0,19,4,1,23,20,17,10-19,COc1ccc([*:1])cc1>>Cc1ccc([*:1])cc1,6623a8b2878ad436cc1c5d528634a9a5eaeed6820c2eb7ae8fca501e60ad84ec,13d23347b629cdd7069ca008867fd615cb5538a549aa675d77ab1ea2834641ef,CCCCN(C)C(=O)C1CN(C(=O)c2c[nH]c3ccccc23)C1,CN(C)C(=O)C1CN(C(=O)c2c[nH]c3ccccc23)C1
c2879bc8391574de4a59ecb98dbaa334ec5a72de92d86988154eddaff54f41a4,ff8c4ff4525cbafb7a5355cd17767547f757ca42a39b5c69ac12a49b40b72b0e,C#CC(NC(=O)C(=O)N1CCCC(C[*:1])C1)C1CCCO1,C#C[*:1]>>CC(C)[*:1],C#C[*:1],CC(C)[*:1],23376,32374,1,1,1.0,20,2,3,22,23,16,10-19,C1COC([*:1])C1>>CCC(C)[*:1],fe6e0cbb9bbbdb7a9bfb896a5945599952f6b723a2d0a6a273bcfe2ebf1e63a3,7d0443d3fcb459d7593d1959dcba4184ceb9efb19b86eed0694b9c8fd99764d5,C#CCC1CCCN(C(=O)C(=O)NC(C#C)C2CCCO2)C1,C#CC(NC(=O)C(=O)N1CCCC(CC(C)C)C1)C1CCCO1
c53b9bb73063050b2ad3bf3bf3222e289ad58d748651b901bd21969c7ab7cee9,2d4ec9a706f81a20ee79f57941374461794517b7fb3de828da04e2ae49260506,CSc1nc(=O)[n-]c(C)c1C(=O)N1CCC(C[*:1])CC1,CC(C)C[*:1]>>OCC[*:1],CC(C)C[*:1],OCC[*:1],36946,11442,1,1,1.0,19,4,3,23,22,16,10-19,C#CC[*:1]>>CC(C)[*:1],47431bf36beab63624253a953d684a4340b57a08963f836631b48f5d870bb47a,0092027e0f5eb60960496e3247f98ef0a2dbc5592cfd722680f57f2ecd7b4f9a,CSc1nc(=O)[n-]c(C)c1C(=O)N1CCC(CCC(C)C)CC1,CSc1nc(=O)[n-]c(C)c1C(=O)N1CCC(CCCO)CC1
0f0fba7b3132ea1c9a16f968ad77e9c550aa37af8541701bde0d47ae47ff6a0c,dc7740523043677503e0a8f40c66f02cba3e1a968c6c8bc0dc122cd962718630,O=C(Cc1ccccc1)Nc1nnc([*:1])o1,Clc1ccc([*:1])cc1>>Clc1cccc([*:1])c1,Clc1ccc([*:1])cc1,Clc1cccc([*:1])c1,8143,17498,1,1,1.0,15,7,7,22,22,16,10-19,Cc1ccc([*:1])cc1>>Clc1ccc([*:1])cc1,d34223ad604884819adbf3de3e76845c5706e94863fcab6672e082f65fd25dac,5052204dda42b56392a725fa7338abdd2c18ae0de8212e28a67efc2501b21ab1,O=C(Cc1ccccc1)Nc1nnc(-c2ccc(Cl)cc2)o1,O=C(Cc1ccccc1)Nc1nnc(-c2cccc(Cl)c2)o1
0ebfe0076c0d2a18d03d264b6a10199b3dc67a4979ae2a4575caa6130f76ed21,bcd89edcbcb8e84a2426766f536ad9aa0eb267c2462919c3f0ba960f868a76aa,CC12CCC(C1)C(C)(C)C2NCCS[*:1],C#CC[*:1]>>C[*:1],C#CC[*:1],C[*:1],14985,19680,1,1,1.0,14,3,1,17,15,16,10-19,Cc1ccc([*:1])cc1>>Clc1ccc([*:1])cc1,1b8c3f1b8625890c140b04602af44d26c246fa2fb6c2c71e60ff158cf125e13f,b14f11d162708e1ceec840a54bd58fcab20829d6332e793cafea45eca3e1198a,C#CCSCCNC1C2(C)CCC(C2)C1(C)C,CSCCNC1C2(C)CCC(C2)C1(C)C
346f100baa82a849466e5818bc1693c3780a38cff1b64d1b15663aa5a7e455de,1ba710e0384589e1b682322aa19a6ad761c28471b2d77a68f6ce9ba61d8ac2d4,CC(C)CC(=O)Nc1ccc(Nc2ccccc2[*:1])cn1,Br[*:1]>>COC(=O)[*:1],Br[*:1],COC(=O)[*:1],20734,19139,1,1,1.0,20,1,4,21,24,16,10-19,CC(O)[*:1]>>CC[*:1],9f93dc52719f1176cea5b757f3f2f559ea12a84a5eb716f18f8244377dfdaf6b,972535c0f0374bd4f1228840854c69582768935b83c6dc927fc4aa8127013075,CC(C)CC(=O)Nc1ccc(Nc2ccccc2Br)cn1,COC(=O)c1ccccc1Nc1ccc(NC(=O)CC(C)C)nc1
e4bbd99d3de0e0bfa92b3f60111076f88d3ae49c7b0abb7720a36e410bccec31,699859c0c0b76abbee7f9194cd8a08b2b9fdbf6a029904f5631c246bba15b93f,O=C(CC[*:1])NC1CCC(=O)NC12CCC2,CC(C)CC[*:1]>>CC(C)C[*:1],CC(C)CC[*:1],CC(C)C[*:1],49172,9796,1,1,1.0,15,5,4,20,19,16,10-19,C1CC1[*:1]>>c1cc([*:1])cs1,e8b47aefc64d8203ca2c682a5d217d24c13b684a9f3ec7269104003d178ada54,2fec20a3e064ed73d60a213d30dcc8a6953e747e92dcaa8e33b5a7ec58eba00f,CC(C)CCCCC(=O)NC1CCC(=O)NC12CCC2,CC(C)CCCC(=O)NC1CCC(=O)NC12CCC2
74b231c7fb973b67f39aecabd3890977b6e1c383e2659c0c28c3556b7eaab2f8,6bbad0dc024ea508e57f4d1fe3ea441c3e0ee9d5b19fd33cddeb6b800b115cbb,COC(=O)c1nc(Cl)ccc1S(=O)(=O)NCC1([*:1])CCC1,CC[*:1]>>CS[*:1],CC[*:1],CS[*:1],27272,37853,1,1,1.0,20,2,2,22,22,16,10-19,C1COC([*:1])C1>>CCC(C)[*:1],125358e71d0067f33cc22510cec8b82cd718bebbb4cf0289dccecab06dc3d84d,2993c0c54cbf404f973c16f1e20309f3ae41c19c0757d02ccad1243ce04219b6,CCC1(CNS(=O)(=O)c2ccc(Cl)nc2C(=O)OC)CCC1,COC(=O)c1nc(Cl)ccc1S(=O)(=O)NCC1(SC)CCC1
05963261c27d08d661b7b6f974d34602f1ae8fdcff62c6b20414eae946dfc102,f4d6ef04411cd9c6c9dbc94a9ae138a7119306c889ef8f93bf011420af1f3ed3,CCN(C[*:1])C(=O)Nc1cc(C)nn1-c1nc(C)cc(C)n1,CCC(C)[*:1]>>CCC[*:1],CCC(C)[*:1],CCC[*:1],5796,47338,1,1,1.0,21,4,3,25,24,16,10-19,CCC[*:1]>>Clc1ccc([*:1])cc1,b8921075af71e5fc5305fcf90de26025a623d9fd619bdb71f076011ee9ac7f38,fd79aa48e597454bd2c51c1035483fe6d2318fdf9e48a9e5513bbf7b1d854e52,CCC(C)CN(CC)C(=O)Nc1cc(C)nn1-c1nc(C)cc(C)n1,CCCCN(CC)C(=O)Nc1cc(C)nn1-c1nc(C)cc(C)n1
bd1cfa4750abfd330794cd326a3abc5820e7c327b195f787ffa7070f0a56bb88,ddf61a567663c19ed9f605d015702477594442e26bd3ce93d700f0cf57d3dacd,Cc1ccc(C)c(CN2CC(Sc3nc4ccccc4[nH]3)CC2C(=O)N[*:1])c1,CC(C)[*:1]>>COCC[*:1],CC(C)[*:1],COCC[*:1],5227,4419,1,1,1.0,27,3,4,30,31,16,10-19,COC(=O)[*:1]>>Fc1ccc([*:1])cc1,c944810b54f2152f8cefdb2f5e0b9288c5612d237cf22c9aea220b88b0cd9e2e,05c289a2a440f1724d7814321346d8248be535660bd660d4f0562265a781730e,Cc1ccc(C)c(CN2CC(Sc3nc4ccccc4[nH]3)CC2C(=O)NC(C)C)c1,COCCNC(=O)C1CC(Sc2nc3ccccc3[nH]2)CN1Cc1cc(C)ccc1C
10dedc05e2489552bdcb9ba065ae721c4cda88914cb4bc3c589b2e0dfd90c0f3,a776fcf79062f66138e9bf029a771e46e87b3520308d81653114260edf15c558,Cc1cc(NS(=O)(=O)c2ccc([*:1])cc2)no1,N#C[*:1]>>NC(=O)[*:1],N#C[*:1],NC(=O)[*:1],4660,26240,1,1,1.0,16,2,3,18,19,16,10-19,CC(C)[*:1]>>N#CC[*:1],b785ebb321cdd250bf5894a3f354215de1a3fce9b819ff6d14f8cfd7f67533f3,520ad1259f09ce981384e216b8929b9e92bbc918d0d7101d3edecf01e0e10ec6,Cc1cc(NS(=O)(=O)c2ccc(C#N)cc2)no1,Cc1cc(NS(=O)(=O)c2ccc(C(N)=O)cc2)no1
5d1d26e7a0145454652c292465222ad6e5bfb321aab96d44c846bc13aef7c7a7,341804d1aee0799e18015c708701c83dcef211abdd10637e50e93b1db2251bab,N#Cc1ccc(S(=O)(=O)NCC2([*:1])CCC2)cn1,FC(F)(F)[*:1]>>O[*:1],FC(F)(F)[*:1],O[*:1],35538,21656,1,1,1.0,17,4,1,21,18,15,10-19,CN[*:1]>>O[*:1],47d7be83c6a2c8a31d21bad9a150884e111900c1ca0a0381186aaa0898e6053d,295e4e90746ed3e034d4c0358126bc0ec3e26d3ee99a9b5ca737a7b11fa0ead1,N#Cc1ccc(S(=O)(=O)NCC2(C(F)(F)F)CCC2)cn1,N#Cc1ccc(S(=O)(=O)NCC2(O)CCC2)cn1
d624c201205be3a9b8d5e9682d03761e8ee8611355c9d88c0263255c7070268e,67a77c1eeae5c8dd707868736bc711f9ac20737865daae93385830dfb0f41f5c,Cc1cc(C(=O)N2CCCC(CO)C2)nn1[*:1],Cc1ccc([*:1])cc1>>Clc1ccccc1[*:1],Cc1ccc([*:1])cc1,Clc1ccccc1[*:1],34185,13623,1,1,1.0,16,7,7,23,23,15,10-19,C1CC(C[*:1])C1>>C1CC1CC[*:1],e9271f23d966af1e5cb962b1a13ab6aea229d6e999c36e054ef4d6154a7566f8,747de9a7bad51153d535c89b24b563dd47a6f43e33ee4603d529f93c595b09c2,Cc1ccc(-n2nc(C(=O)N3CCCC(CO)C3)cc2C)cc1,Cc1cc(C(=O)N2CCCC(CO)C2)nn1-c1ccccc1Cl
cf0db97d52173d528d2c2df5b7d2951a22b57baf24edb7fda6d84a047ad1a075,e9e0bff1bfb3a457afae73a0ad21ae92ddea5884023b5de00e44325f65b57922,CC(C)OC1CC([NH2+]Cc2cc([*:1])on2)C1(C)C,CC(C)(C)[*:1]>>COC[*:1],CC(C)(C)[*:1],COC[*:1],23389,47385,1,1,1.0,17,4,3,21,20,15,10-19,C1CC([*:1])C1>>c1ccc([*:1])cc1,03ea3d4f226c7eec0484eca2375a414695775f7e283f963d3b34b14f474c34e7,60ccf3292cb3afe658f760f788c2f277ada331bc0e04452ae53b14bc57bc3495,CC(C)OC1CC([NH2+]Cc2cc(C(C)(C)C)on2)C1(C)C,COCc1cc(C[NH2+]C2CC(OC(C)C)C2(C)C)no1
a031a4b634bca356c02c475b41d8d4e8f5497957d3c60b99097d0c0b7a34ab46,8c4c93115b5f4d606fef29046c6f16a435e9c5eed4e84be234379c2b0317d12b,Clc1cccc(-c2nnc(CNC(C3CC3)[*:1])o2)c1,COC(=O)[*:1]>>COC[*:1],COC(=O)[*:1],COC[*:1],42254,23248,1,1,1.0,18,4,3,22,21,15,10-19,C1CC1[*:1]>>CN(C)[*:1],9b5103c1c7026ed3ea17d5f822090eb50cf5e88509092449ac46099e3118a71f,b2c81dd07fca7b493c0e8794506558f1ca4f36fd21f9a271f7a711133aa55d77,COC(=O)C(NCc1nnc(-c2cccc(Cl)c2)o1)C1CC1,COCC(NCc1nnc(-c2cccc(Cl)c2)o1)C1CC1
e8776dc2114cc504218ee0d594e130df3369832c6285daf040eaf87b9895ec9a,f08c3c150a142b4efea1de62328d438616c31595284a219ef97ba2d1531e9a77,COC(=O)C1C(O)CCCN1C(=O)c1ccn(-c2cccc([*:1])c2)n1,N#C[*:1]>>O=[N+]([O-])[*:1],N#C[*:1],O=[N+]([O-])[*:1],44121,42993,1,1,1.0,24,2,3,26,27,15,10-19,C=C(C)C[*:1]>>C[*:1],a98c7f0f34b64b0dedc29079f434e892a6189aa7f809eca00b6df925ab2309c6,08271ea19d279559f0f54ed6439df8cad1fe33e25e68ed7b7691eb8400478b2d,COC(=O)C1C(O)CCCN1C(=O)c1ccn(-c2cccc(C#N)c2)n1,COC(=O)C1C(O)CCCN1C(=O)c1ccn(-c2cccc([N+](=O)[O-])c2)n1
4a85a55958e51842e989f0621f52a1d35c78ef6137ed75c54eccc303b963cf08,bc3d5739c8deadf989a4c75d3d01d0df67c731c4eea938cb78c0d2ce80b7255e,Nc1cccc([*:1])c1Nc1cncc(F)c1,CNC(=O)[*:1]>>NC(=O)[*:1],CNC(=O)[*:1],NC(=O)[*:1],1716,45396,1,1,1.0,15,4,3,19,18,15,10-19,CNC(=O)[*:1]>>COC(=O)[*:1],0454bc10f67e1868bb73a342c4eeb5ec7637d56e67dc2a98e9f0ddb7b3b0fff2,bd5415cd5d8ee5d9c2cca987c3734bb103819d6211ef1dadf2424f01040fe1a7,CNC(=O)c1cccc(N)c1Nc1cncc(F)c1,NC(=O)c1cccc(N)c1Nc1cncc(F)c1
d970d6d724066455986b8d008fdb864d61d98aa32f18a4d88eb6475c9bee679c,5a88fa95124ea8de22ba42b5f73fa24e6b54228e4eebf266e24704c926187bd0,O=C(NC(C(F)(F)F)[*:1])C12CCC(CC1)C2,CC(C)[*:1]>>N#CC[*:1],CC(C)[*:1],N#CC[*:1],5161,12857,1,1,1.0,15,3,3,18,18,15,10-19,CC(C)[*:1]>>CCO[*:1],d33d88e4b82fbeb29079e50ee70fa7e3a3f2f508062dfddf586887526880842f,1af499f420c998da1afd2b703d680830173c2f8b1f3b70d4ec63b22b021cef96,CC(C)C(NC(=O)C12CCC(CC1)C2)C(F)(F)F,N#CCC(NC(=O)C12CCC(CC1)C2)C(F)(F)F
d08d423f71e5bdfedcada5f3dc8e1fcf388cfa4796c49e0ee3662557d09129ec,a6493663b61e2119c17ec715040f70851997916b6cc9f56b5c839f1fe4d2c716,O=C(O)c1cncc(Nc2ccc([*:1])cc2)c1,CN(C)[*:1]>>F[*:1],CN(C)[*:1],F[*:1],47545,36020,1,1,1.0,16,3,1,19,17,15,10-19,C1CC([*:1])CCO1>>C[*:1],be95967f77f9f5932137309aa83507041931171314c863e096d3ea72eba98450,ed0949b0ecfcaad71ca120b193da3eee79452053dc2d7d3707b5fb340d8f4ca4,CN(C)c1ccc(Nc2cncc(C(=O)O)c2)cc1,O=C(O)c1cncc(Nc2ccc(F)cc2)c1
99d0af96ab43a235b0825186099739904c5be63b6bbca266fd24cdefc65a08bf,4fa785f1975fe6da11a7ca0b08c2880843e356862ac5dc88f280a156aea2d12d,O=C(NCC1CCN1C(=O)Cc1cc[nH]n1)c1cccc([*:1])c1,CC(C)[*:1]>>F[*:1],CC(C)[*:1],F[*:1],9401,20312,1,1,1.0,22,3,1,25,23,15,10-19,CCC(CC)[*:1]>>C[*:1],cf3809ead6850c69f3be23bf0eb61bfeb90dc97ae93080f9f1b421595cf6bb2c,6cb8ae9378073c4ea3f9e8c3d9350a67b4a851c832cba4ef945369c349410b03,CC(C)c1cccc(C(=O)NCC2CCN2C(=O)Cc2cc[nH]n2)c1,O=C(NCC1CCN1C(=O)Cc1cc[nH]n1)c1cccc(F)c1
781ceb9e1437ff1afc0b1bb155ddcf546a9c0819cf74e73c473cadd53737fa68,45448e6638f874e9b4768453fcaff458c56907c8acf85c0bbb73d6f3591c71c9,Cc1[nH]c(C(=O)NC2C[NH+](C)CC2c2ccccc2)c(C)c1[*:1],CC(=O)[*:1]>>COC(=O)[*:1],CC(=O)[*:1],COC(=O)[*:1],15755,3332,1,1,1.0,22,3,4,25,26,15,10-19,c1ccc([*:1])cc1>>c1csc([*:1])c1,118d33d37cf66b0978d81057b24610496cc79ec8b260b65972f3a7185520922e,25cb68e866cfbc4ac50320abc8e54c6407d7cd1ea445c8a190e04985eceab956,CC(=O)c1c(C)[nH]c(C(=O)NC2C[NH+](C)CC2c2ccccc2)c1C,COC(=O)c1c(C)[nH]c(C(=O)NC2C[NH+](C)CC2c2ccccc2)c1C
52ad9210b5b680f82165b74abc3bfb25a970ec7ec2318d9379d1ec861e5c3962,6e9976ec42026ef5242205da10ad1da5b375f656de56d0e0797b43578bef32bf,FC1([*:1])CC2CCC1C2,CC[*:1]>>O=C(O)[*:1],CC[*:1],O=C(O)[*:1],31201,42724,1,1,1.0,8,2,3,10,11,15,10-19,CCC(C)[*:1]>>CCCC[*:1],27d614b7ceb5d38c2b54c06accf8ab5ea22197b53e7cd25e9a2b48bcc2985bb5,6a5d4c2a58b3b790a0d9b62fe55fa46ee86485aa43b9ed59023d305c23a2afe4,CCC1(F)CC2CCC1C2,O=C(O)C1(F)CC2CCC1C2
ef4a8e010121cb1dd33306082aa7fac74edd2daef05007e48332fa0641849780,1b9e3de7fe0b81dccd3ce4470ef0747c69ee17c52f70ede2e325cfa900e2d87f,CS(=O)(=O)c1ccc(Nc2ccc(C(=O)O[*:1])cc2)cn1,CC(C)[*:1]>>CCCC[*:1],CC(C)[*:1],CCCC[*:1],23174,14901,1,1,1.0,20,3,4,23,24,15,10-19,CN[*:1]>>C[*:1],b326b82f633eb6a470570ab70b9037444953255e4fff380d50cc63c040731ea0,0f354d3e26d844a4c5f1f244014e82d2776c08479bd6e0ef8aabaac4c72547a6,CC(C)OC(=O)c1ccc(Nc2ccc(S(C)(=O)=O)nc2)cc1,CCCCOC(=O)c1ccc(Nc2ccc(S(C)(=O)=O)nc2)cc1
bd5ec4209907312a0d68169fe442e573d93b2b3b6a9b43e834c5fd87d7c2ce3f,739ad2cac5a9edb87127f0ade5010b8afdd58794676a26f708620a9d57cea013,COc1ccccc1Nc1ccc(NC(=O)[*:1])nc1,CCCC[*:1]>>CC[*:1],CCCC[*:1],CC[*:1],29667,25997,1,1,1.0,18,4,2,22,20,15,10-19,CC(=O)[*:1]>>C[*:1],af666c13a2c4b065384bcb68c76f9590cc5c15cab9704857bfe0368e471895eb,272f87f7b11bca3be0e4d496f23170bf05893003820f0bca953b6087d8cf6576,CCCCC(=O)Nc1ccc(Nc2ccccc2OC)cn1,CCC(=O)Nc1ccc(Nc2ccccc2OC)cn1
4f0fb68b3d2299f77333a754c1fe912483bd58bc185078844650dcd009d06a6e,2d52767558bb11f7c8f28cf1f03777d595a2aff8dc7000fc6734292975751de0,O=S(=O)(NCC1CCCOC1)c1ccccc1[*:1],CCN[*:1]>>N[*:1],CCN[*:1],N[*:1],11630,12920,1,1,1.0,17,3,1,20,18,14,10-19,C1CC([*:1])CCO1>>c1ccc(C[*:1])cc1,17961ca188147dc117310a2f367c766a5d7fd5ddbc0d5181913eca26376af453,6231a5458a242f5209b04392e86bb249f64092924b0b7e866f6e81aab0338476,CCNc1ccccc1S(=O)(=O)NCC1CCCOC1,Nc1ccccc1S(=O)(=O)NCC1CCCOC1
a2301d3375664ca12e8a37d7e267d88e65d35e134d153a4491ddb57922660809,5772d8deb2544d8c0ddeb941c3d8d42403c9acbe86fe330c364a171b251264b5,Cc1cc([*:1])c(Nc2ccc(I)cc2F)cn1,NC(=O)[*:1]>>O=C(O)[*:1],NC(=O)[*:1],O=C(O)[*:1],6724,18063,1,1,1.0,16,3,3,19,19,14,10-19,C[*:1]>>Cn1ccnc1[*:1],40c9f1ac5d5b344d66687204a696f2b2fe3fc2d13467182060e3501272fa6936,7ae78571b03c466fb3f1247d1e4927098fcacb21914201902145e369b23fbba3,Cc1cc(C(N)=O)c(Nc2ccc(I)cc2F)cn1,Cc1cc(C(=O)O)c(Nc2ccc(I)cc2F)cn1
bfd7967522bfbdaf3a3de05292e1cdcc34f3f08bed097c80f0535fd6000eb03f,f5a369b3e1878016a9d16facd37f779098acc64298a6de4bdfdb0ffd9c37fe93,CCCN(C(=O)NCCOc1ccc([*:1])cc1)C1CCCc2cccnc21,COC(=O)[*:1]>>O=[N+]([O-])[*:1],COC(=O)[*:1],O=[N+]([O-])[*:1],45870,21809,1,1,1.0,26,4,3,30,29,14,10-19,Cc1cccc([*:1])c1>>c1ccc(C[*:1])cc1,56d481c520c55de0ee26c11099c29f3ecee426fe79a40b58a93127edc92a74df,99a712c25979f97080f0f25352cdfdad85052dc19d6193e4e250151a5b7d94c0,CCCN(C(=O)NCCOc1ccc(C(=O)OC)cc1)C1CCCc2cccnc21,CCCN(C(=O)NCCOc1ccc([N+](=O)[O-])cc1)C1CCCc2cccnc21
1e1241e339da582822d0ff15864128e41fd11a4833f68761b804e07783352aff,1e2ee7eed8df228169d45ab221eb6c4052c205769737d99cb2fe2e432ce670f0,c1cnc([*:1])c(Sc2ccc3c(c2)OCCO3)n1,COC(=O)[*:1]>>Cl[*:1],COC(=O)[*:1],Cl[*:1],28228,29431,1,1,1.0,17,4,1,21,18,14,10-19,FC(F)(F)[*:1]>>Fc1ccc([*:1])cc1,c43c6dbc4fa2878002246d38d03807ef2b3506fc1718d8c6af42be95352ee318,770f59002cede68c1a7072fabaf48dc02654c893daad3d553aabf3c79065f8fa,COC(=O)c1nccnc1Sc1ccc2c(c1)OCCO2,Clc1nccnc1Sc1ccc2c(c1)OCCO2
ef7c01f79d81eb9e2f28059ed298e1c3434ea66a7ab0a53c1e1b3bf08a2d0388,1cc21c4cc6bfc02a4e35c71d04f8285d0ba5ed135c0b0f0bed33f109a5be9dcc,COC(=O)c1ccc(N)c(N(C)c2cncc([*:1])c2)c1,CN(C)[*:1]>>O[*:1],CN(C)[*:1],O[*:1],29751,25962,1,1,1.0,19,3,1,22,20,14,10-19,CC(C)[*:1]>>NC(=O)C[*:1],78c759a9efd208670f6a0e2631819764a5b89b5224ad96921a6c2d4fa7d5ee27,771152ff7d376395d264bd9ec1b5e0c31a1ef442a16a7a7a532f3cdd5e657d11,COC(=O)c1ccc(N)c(N(C)c2cncc(N(C)C)c2)c1,COC(=O)c1ccc(N)c(N(C)c2cncc(O)c2)c1
c98a512067419625f6a3e9ee9716154c65ba873389bf51606a570e4fb13616de,26546b8f347b7ac5803b21bd666d3dd12a19628575bc61e6ec5c405cb7135553,CC(NS(=O)(=O)c1ccc([*:1])c(Cl)c1)C1CCCOC1,CC(=O)N[*:1]>>F[*:1],CC(=O)N[*:1],F[*:1],38664,44624,1,1,1.0,19,4,1,23,20,14,10-19,C1CC1[*:1]>>c1cnn([*:1])c1,53b546eb5bcd44652854f976e7af5b41ff2f856a5d897c89dea0e7a47b9bb14f,6819a1f1e8f5b40b6151507852c076cd0fee9495419bc703f6f8d28c6a1f93f0,CC(=O)Nc1ccc(S(=O)(=O)NC(C)C2CCCOC2)cc1Cl,CC(NS(=O)(=O)c1ccc(F)c(Cl)c1)C1CCCOC1
edba6e847ecc15f4b5046d8c853037332f05f5d29f1524021b892fdf5e46db33,6e635063ea584418a127684ec60e7a0b75044126ab15ad4e4b4f2262175f88f1,O=S(=O)(Nc1ccc2sccc2c1)c1ccc([*:1])cc1,Br[*:1]>>CC[*:1],Br[*:1],CC[*:1],12348,32870,1,1,1.0,19,1,2,20,21,14,10-19,COC[*:1]>>FC(F)(F)C[*:1],50c4d1c0ce574df7ca3bcd8999aebb72108fd14ddc8de865356f7ecd973f69ee,0e5e4bc3a72d57c967dc39dc2f4821d99841539fbbe1b3e222465bd2778f5eaa,O=S(=O)(Nc1ccc2sccc2c1)c1ccc(Br)cc1,CCc1ccc(S(=O)(=O)Nc2ccc3sccc3c2)cc1
bc8ba62415a94f4e518200e02ad8c13a27fbddd68eeb291469696f290b00cc1a,2b79dc6ff1683e788a017b93dc30d79b6488a4224b6e7a1509e018159ef69b8b,O=C(CCc1ncccn1)NCCC1CCN(C(=O)[*:1])C1,CC(C)(C)C[*:1]>>C[*:1],CC(C)(C)C[*:1],C[*:1],43532,17545,1,1,1.0,20,5,1,25,21,14,10-19,CC(=O)N[*:1]>>CO[*:1],5deef969b9bbfc3fd4f0dc4a8773c7428e74b5ebd815aab69bba036b82469ab5,9b131ba80149f7dfdd3f617c2060ecc01b34256586b414ce02bbd8413d5a87d5,CC(C)(C)CC(=O)N1CCC(CCNC(=O)CCc2ncccn2)C1,CC(=O)N1CCC(CCNC(=O)CCc2ncccn2)C1
d15abe23b44c439bf33139db053f73fe2dc55fddd62db22a4c0502f48b7ddd51,667efec112f0989e228f2251b710e54db86927746d993830163538c19960e364,Cc1cc(C(c2cc3cc(F)ccc3o2)[*:1])n(C)n1,CN[*:1]>>NN[*:1],CN[*:1],NN[*:1],48338,18356,1,1,1.0,18,2,2,20,20,14,10-19,Br[*:1]>>O=C(O)[*:1],8f4d01adb9bd87243d28003d724e3022e9149da591993a84f1029e347b85dbed,9e22cb9ccc09d99a9cbfe814a0deea5c8e52cd0d69e13b27ee06dfe314066e66,CNC(c1cc2cc(F)ccc2o1)c1cc(C)nn1C,Cc1cc(C(NN)c2cc3cc(F)ccc3o2)n(C)n1
4820b62d4a7c354851a3714677253b8f026561177c83acac8b54fd1b790c7152,6bbcaa64c6e669538e29e8fd9a68e285c843fca856c10a080040105f24729f3f,N#CC1CCCN1C(=O)CNCCNc1nc([*:1])cs1,COc1cccc([*:1])c1>>c1ccc([*:1])cc1,COc1cccc([*:1])c1,c1ccc([*:1])cc1,49586,15714,1,1,1.0,19,8,6,27,25,14,10-19,COC(=O)C[*:1]>>FC(F)(F)[*:1],3871ba36889763dddd182cefdb48175a9b5ecf96ba99276a503476038e69d7d3,4a77c31f62da84b2eeaaab6bbb5eba4db66d68dd6665a6c95ebdd6617f506836,COc1cccc(-c2csc(NCCNCC(=O)N3CCCC3C#N)n2)c1,N#CC1CCCN1C(=O)CNCCNc1nc(-c2ccccc2)cs1
77fb32652fd83ebbbbf0e4d5a637ca7fb790fc45fbd9d8413daa97bac678c6d6,c5b22361896c329797f68e3c14a7f9a01af0471ac4a1923e985a03d725c11c69,CC(C#N)C(=O)N1CCOCC1CNC(=O)[*:1],Cc1ccc([*:1])cc1>>Fc1ccccc1[*:1],Cc1ccc([*:1])cc1,Fc1ccccc1[*:1],4682,38196,1,1,1.0,16,7,7,23,23,14,10-19,Br[*:1]>>O=C(O)[*:1],55da5eb863f2387e4db5ed02c76bc993168790795998e245418949dbfec8f7e2,ac5747f654b62407bf2e9fb307a88c6a4bdd2b8ae23c6608987c3589c3775424,Cc1ccc(C(=O)NCC2COCCN2C(=O)C(C)C#N)cc1,CC(C#N)C(=O)N1CCOCC1CNC(=O)c1ccccc1F
3e4e1bacd3db5b077044dff337d759b14f69871373f1abf848920bf64a8e3492,4f77d360b3902e0035193c49298e5788bb0faa403dd30592ba0c1c6f95e2b812,CC(C(=O)NC1CC[NH2+]C1(C)C)[*:1],C1CC1[*:1]>>Cn1cc([*:1])cn1,C1CC1[*:1],Cn1cc([*:1])cn1,26955,14647,1,1,1.0,12,3,6,15,18,14,10-19,c1cncc([*:1])c1>>c1coc([*:1])c1,0b01b5614be5874508665552f7d984def9edc2a58796976a47485e2348621852,91121eb99eb2951349334abe084fe3a007866ea9af432c387bd563e2f6e2a1ac,CC(C(=O)NC1CC[NH2+]C1(C)C)C1CC1,CC(C(=O)NC1CC[NH2+]C1(C)C)c1cnn(C)c1
003ec383c683cc0d1e1ccb966f86f73d62bc284292a3267b1089b3f84f331f24,a709f54cc3edfd5ed394ec60d9b63331e597c9e212cf6210d4a0ce639307ab6b,Cc1ccc(NC(=O)C(=O)NC2CC3CCC2N3C[*:1])cc1,C=C(C)[*:1]>>C[*:1],C=C(C)[*:1],C[*:1],49119,15038,1,1,1.0,21,3,1,24,22,14,10-19,c1cncc([*:1])c1>>c1coc([*:1])c1,f084db845aedda574513a30fea04ccde3f9af0dfd1b19597da54b4395584e621,50da5347df35deccb6d045b9255fa9c5f278b3f0a377271310f86db43e7c09b5,C=C(C)CN1C2CCC1C(NC(=O)C(=O)Nc1ccc(C)cc1)C2,CCN1C2CCC1C(NC(=O)C(=O)Nc1ccc(C)cc1)C2
543239c2ff729a7d69090c323a0fffed621be169991c37dfe5904de8b2653dc0,a8809c41173865a20944e0e5a7a868591696917ad9d00b0042b2810ea80f143a,CN(Cc1nc(-c2ccccc2[*:1])no1)Cc1nc2ccccc2s1,C[*:1]>>FC(F)O[*:1],C[*:1],FC(F)O[*:1],39265,22709,1,1,1.0,24,1,4,25,28,13,10-19,CC(C)O[*:1]>>CCO[*:1],0f39a7da7400ef5f21248853319950605fed9ef21acb47f63544235c29ecff87,a0ec49f301bc5e354eab386a8f45d35f70133f7a147b724542b4fc3cdbe7c1e8,Cc1ccccc1-c1noc(CN(C)Cc2nc3ccccc3s2)n1,CN(Cc1nc(-c2ccccc2OC(F)F)no1)Cc1nc2ccccc2s1
8429911f516cbe0f80f5feefddb3d6ce638a014505fddb5bd7bcd30f6fb9fb91,e8fca95c9d90cbbab2ccb8dbd142f8e3968527ece245a9db650f6a8198239128,c1cc([*:1])ccc1-c1nc2cc3c(cc2[nH]1)OCCO3,N#C[*:1]>>NC[*:1],N#C[*:1],NC[*:1],26385,27913,1,1,1.0,19,2,2,21,21,13,10-19,c1ccc(CC[*:1])cc1>>c1ccc([*:1])cc1,785f6807e4892918f9c89acad47a5c9740e6defe4522bd6dc4cf48bd31ea1927,ad5a74df6836d089537e4b222e6db1f77a8b3af97b2b2a4ef1d90d5bd0a45677,N#Cc1ccc(-c2nc3cc4c(cc3[nH]2)OCCO4)cc1,NCc1ccc(-c2nc3cc4c(cc3[nH]2)OCCO4)cc1
cf52a50329fa7ba1743c89d456c81b1ccfb3313e7b3d6c1231190a95b7c41937,a112f1e1a687e760c2e732a832f392d73e994d0e3675bae34b2519eadcdbbd84,Fc1cccc(C[NH+]2CCC23CCCN(c2ccc([*:1])cn2)C3)c1,CCOC(=O)[*:1]>>Cl[*:1],CCOC(=O)[*:1],Cl[*:1],23281,26318,1,1,1.0,23,5,1,28,24,13,10-19,C1CC1[*:1]>>c1cc([*:1])cs1,4fb2a1d31d5c63e6599f7c8e7ac43c5cc7d552814260c38abfedb498635c5258,f32ca7f38ff5c3a6f084057b9ed015624c52abcfc5f1c52822b0bd1d2539bf8e,CCOC(=O)c1ccc(N2CCCC3(CC[NH+]3Cc3cccc(F)c3)C2)nc1,Fc1cccc(C[NH+]2CCC23CCCN(c2ccc(Cl)cn2)C3)c1
c3cb2e6038cc768248948bc1e7f2272cddabe157cdd85f9107e2fb54d0fe1c88,649d8bfb70a81abfb32b5c3042f929642cabc4201bef73800e67359034ee45bf,Cc1cc(-c2noc(C3([*:1])CCC3)n2)cc2nc[nH]c12,COC[*:1]>>FC(F)(F)[*:1],COC[*:1],FC(F)(F)[*:1],18913,43738,1,1,1.0,19,3,4,22,23,13,10-19,COC[*:1]>>c1cc([*:1])ccn1,be21bf091a93a60bd20d2ec8b4c9c95210b323b9c0b5c8e019a28ff3cf604514,dccae6d83fd4749df3e2256900b00672b6d5e97b542cdbf8654aa8d9da9b42f0,COCC1(c2nc(-c3cc(C)c4[nH]cnc4c3)no2)CCC1,Cc1cc(-c2noc(C3(C(F)(F)F)CCC3)n2)cc2nc[nH]c12
67b83661ed33dcdb79c689fdfca80fe9bc4d1e6f5754b798e32093c20d501e6a,653fc481bf3284a1e6c3c7b13c205b688efdc02293003822d63766a6b4d7741c,CN(CC1CCCOC1)S(=O)(=O)c1ccc([*:1])c(Cl)c1,COC(=O)[*:1]>>NC[*:1],COC(=O)[*:1],NC[*:1],3168,4426,1,1,1.0,19,4,2,23,21,13,10-19,CC(C)C[*:1]>>NC(=O)C[*:1],430ba235c4d6a3a26992b9098d15e9aa19b78286394f378841dc969fc56231df,8c565ee1691693e321fecf91df0bb54bba2e27a3351533306f0780aefc66f66b,COC(=O)c1ccc(S(=O)(=O)N(C)CC2CCCOC2)cc1Cl,CN(CC1CCCOC1)S(=O)(=O)c1ccc(CN)c(Cl)c1
80b536aceb7650f197c9a44b556c5e832c0ca59abb5f529df96b77e8a45424ff,6849ac576e7d6a7ab92a33759606c2f1c6af97dc77423b3b221d19714397266a,COC(=O)c1ccccc1Nc1ccc(NC(=O)[*:1])nc1,CC(C)C[*:1]>>CCCC[*:1],CC(C)C[*:1],CCCC[*:1],19139,25341,1,1,1.0,20,4,4,24,24,13,10-19,COC(=O)CC[*:1]>>C[*:1],972535c0f0374bd4f1228840854c69582768935b83c6dc927fc4aa8127013075,e81a9a1a8eacdca397d769c37244b4167e104271e3ab5c2fd19ef9392a641231,COC(=O)c1ccccc1Nc1ccc(NC(=O)CC(C)C)nc1,CCCCC(=O)Nc1ccc(Nc2ccccc2C(=O)OC)cn1
f0cb0e2f826c4eda6e6da82cac648d452eb3686171dcbef3d0d18d18f87ca55a,11ac0acf47a56cec9bc1c49468b3d7a6a055bac3e1bf7c72890d4a962e32b1cb,O=C(Cc1cccnc1)NCC1COCCN1C(=O)C[*:1],CC(C)CC[*:1]>>C[*:1],CC(C)CC[*:1],C[*:1],25573,38054,1,1,1.0,20,5,1,25,21,13,10-19,CC(C)C[*:1]>>CCCC[*:1],6a988aca01408aaf377931ff8cd0d59e0cf4bc0d4d24aaf976ac1ad516fb0434,6a246408e9e4a5b9221e0149b483a16fa67df1a19d600a3a1546247a8a0fe23c,CC(C)CCCC(=O)N1CCOCC1CNC(=O)Cc1cccnc1,CCC(=O)N1CCOCC1CNC(=O)Cc1cccnc1
cef6519b61ac825c9b467e46c257c2d0bce61fc79d356f0042ca578f51775d9c,ab8537eb16e440273fd479358555327c4aaf71c40fac805bec83b54513c429e2,Fc1ccc(Nc2ccccc2[*:1])c(F)n1,CS[*:1]>>N#C[*:1],CS[*:1],N#C[*:1],23417,33921,1,1,1.0,15,2,2,17,17,13,10-19,c1ccc(O[*:1])cc1>>c1ccc([*:1])cc1,3bd86edaff4156f9b58e3c9e7751dc7e3915927fce465166ad39be70688a5d39,2e8776a54aeed35dad49a732ca7fdc1d179145d97086d9c8e86e96907ec52d46,CSc1ccccc1Nc1ccc(F)nc1F,N#Cc1ccccc1Nc1ccc(F)nc1F
23ea26266bb3448d026a601367a958fb5a6e134f7b8c5d826af434db21dcb414,d2dc80097cca5d546a21a300c945ce8170a35f9d0711f74d9b65a6b26f09f6a6,CC(C)(C)n1ccc(C(=O)NCC2CC[NH+]2[*:1])n1,C=CCC[*:1]>>CC(C)C[*:1],C=CCC[*:1],CC(C)C[*:1],6479,6924,1,1,1.0,17,4,4,21,21,13,10-19,C1CC([*:1])CCO1>>c1ccc([*:1])cc1,a07b3e47bedbfc0786b59dda17ffcd39af18fa17c7548ccfe32f87dbdcdc7f05,7f3fbcc5901f50d4c722dc91e48334a463b62b646095407ba5970e03e262bbff,C=CCC[NH+]1CCC1CNC(=O)c1ccn(C(C)(C)C)n1,CC(C)C[NH+]1CCC1CNC(=O)c1ccn(C(C)(C)C)n1
73a62c3b52dedc2d30263da76fe816919f1509f7ef73a57008631e67b9de4fe6,94cb5a53cdc4efa944995128eac7d3c50de7d3a8938a8a1c8c154f7f5bb6103d,CCN(C[*:1])C1CC2CCC1C2,O=C(O)C[*:1]>>O=C(O)[*:1],O=C(O)C[*:1],O=C(O)[*:1],20728,12925,1,1,1.0,11,4,3,15,14,13,10-19,CCN[*:1]>>CN[*:1],2f6cabf004fa3544e8a9ec9e0ec9a84aa79aba59b3717a25572df2dd6125a1f8,ea90372763dd8a37391b324ec871d554718a1d6c50ff6d8e71948a7f297fe9fa,CCN(CCC(=O)O)C1CC2CCC1C2,CCN(CC(=O)O)C1CC2CCC1C2
a8275b2a616bec334c607cc6013bea2562b805f530a93f872e896cdc701a621f,eac2de3eec54866c556e8630ec29369609f2f34014800ae71cdec96ec28ec0de,c1cn2ccnc2c(NC2CCCC2[*:1])n1,CNC(=O)[*:1]>>C[*:1],CNC(=O)[*:1],C[*:1],11057,48431,1,1,1.0,15,4,1,19,16,13,10-19,Fc1ccc([*:1])cc1>>c1cncc([*:1])c1,fa7b9a9bce1deb9ce3669b69f2e02204c810024c786022c9a78d46997b7e79bd,fee7c200ab01710369cc52037ce8ebbe9ab238198275566faab103c0c26fac7f,CNC(=O)C1CCCC1Nc1nccn2ccnc12,CC1CCCC1Nc1nccn2ccnc12
81edd6d76e69d7c6f231e89cd668b1cbe69ad44bdfa4a9ded37063d813d2987d,964962eb58fcaafce76484caa532dd7a6540d9befd99a6ab8a5e710195c44d36,O=C(NC1CCC([*:1])C1)c1cc2c(cn1)OCCC2,COC(=O)[*:1]>>N#CC[*:1],COC(=O)[*:1],N#CC[*:1],35498,1841,1,1,1.0,18,4,3,22,21,13,10-19,C1CC1[*:1]>>c1cnn([*:1])c1,a5311bdbf0e428bb6463defbc1291085ce3ff6971ca137b4aebd2b2a94f77052,2bf2791c98206d3490aaa5f1a3f23e087ccc28058d9dc4093a4aa1e7bda1612e,COC(=O)C1CCC(NC(=O)c2cc3c(cn2)OCCC3)C1,N#CCC1CCC(NC(=O)c2cc3c(cn2)OCCC3)C1
12f07e6f52753568e90585822a2ae243cf0e14de0a179589de969743da7d100c,84d05e698d462e0665307410c520b6b1c8919d3bb06aaf3fc4be4513f0985898,CC1CN(C(=O)c2nn([*:1])cc2[O-])CCC1(F)F,Fc1ccc([*:1])c(F)c1>>Fc1ccc([*:1])cc1,Fc1ccc([*:1])c(F)c1,Fc1ccc([*:1])cc1,47759,33709,1,1,1.0,17,8,7,25,24,12,10-19,CC(C)[*:1]>>Cc1ccc([*:1])cc1,115ecfe440a60a3139f14bda3c3981cc97897c4bd9e94a37567ea4c09a0af19a,f2fcbf4ca2e3839ba00b4611e51803ddd4e45808f2f9057e1495135304b60b49,CC1CN(C(=O)c2nn(-c3ccc(F)cc3F)cc2[O-])CCC1(F)F,CC1CN(C(=O)c2nn(-c3ccc(F)cc3)cc2[O-])CCC1(F)F
34e7bf54565f373c077e28161cbe8f5fe5b112622b8a9f386b401cb4de05ab26,20a5f92b285e7faee8d4ee67ee0e9e199cc1695cb42acfd09a11cbcfc244ea77,CC(C)C(C(=O)NC1CC([NH2+]Cc2ccon2)C1)[*:1],C[NH+](C)[*:1]>>O[*:1],C[NH+](C)[*:1],O[*:1],6196,47688,1,1,1.0,18,3,1,21,19,12,10-19,CCC(C)[*:1]>>Clc1ccccc1[*:1],8df074a17e97c5cfb96d11136005db6e6aba5b7d1b7b6666d8ad53084ccb9e9e,7d17a8e2713c80b78868082b3b7ab3b00222c13255d2c9f8c5f8944e0da707cd,CC(C)C(C(=O)NC1CC([NH2+]Cc2ccon2)C1)[NH+](C)C,CC(C)C(O)C(=O)NC1CC([NH2+]Cc2ccon2)C1
7ac9b2c9fb12d237c6a5aee0e88496c0b44063c99ae10eb1ae75de5ca957f3fb,e06d429443963e0267c0108e9cbea09fc94af6546438d31f1b85989b84226127,CC1(C)CC1(C)CNC(=O)Nc1cccc([*:1])n1,COC(=O)[*:1]>>CS[*:1],COC(=O)[*:1],CS[*:1],46119,3148,1,1,1.0,17,4,2,21,19,12,10-19,C1CCC([*:1])CC1>>Fc1cccc([*:1])c1,a13ce7026028633c026c5c0a4745f083d82be3887da40065a8a17684b5e8251f,affb772e97911048abb810089dc6cbf59fb19080a2914caa6e08ca50b2ef2f23,COC(=O)c1cccc(NC(=O)NCC2(C)CC2(C)C)n1,CSc1cccc(NC(=O)NCC2(C)CC2(C)C)n1
7e31485a101b9d29c48b8272e4bd3e6fec9734fb86e274aae0cce3e9be625ba7,c9f45d909ba2ea1fe5eef750bffb87f0e7ede375c444ed9d40f580ca6abdf675,COC(=O)Cn1cc(C[NH+]2CCCC(C[*:1])C2)nn1,CC[*:1]>>NC(=O)C[*:1],CC[*:1],NC(=O)C[*:1],6420,8355,1,1,1.0,18,2,4,20,22,12,10-19,CC(C)CC[*:1]>>C[*:1],9a99961d790170b907ebb8fab431ef0545da0900a1becc47605e1fe536152ee2,387640a288131f7e7b34ce6d3e7ddf907f0c985301418c3c74002349258b0c4a,CCCC1CCC[NH+](Cc2cn(CC(=O)OC)nn2)C1,COC(=O)Cn1cc(C[NH+]2CCCC(CCC(N)=O)C2)nn1
9197e2b4c784ce6e430449fd8aec34c19b1f0c2a9a9d6cfa00cd0d29236ab86a,907e02b3a51ecc786d5d50ba55aebfe907f37e855fee5359739304d33121f364,COCC[NH+]1CCC(NC(=O)N2CC([*:1])CC2C)C1,Cc1ccc([*:1])cc1>>Cc1ccccc1[*:1],Cc1ccc([*:1])cc1,Cc1ccccc1[*:1],18189,29899,1,1,1.0,18,7,7,25,25,12,10-19,CC(C)[*:1]>>c1cc([*:1])ccn1,522f8e0733b1550382133ed00a6caae3553300b348d68ef67304504a4884905b,35b0cbfd428d1c342e2b939bf54b1c27d234371b2456d5b2cf425a4daf23a306,COCC[NH+]1CCC(NC(=O)N2CC(c3ccc(C)cc3)CC2C)C1,COCC[NH+]1CCC(NC(=O)N2CC(c3ccccc3C)CC2C)C1
c4019cc1bbaf84b22dbde981ba6a93782f28e8c5b4a7e991e656b3bc71733d3e,429f4d55c7863a48268b5cb256c35c82867de3545215091e56a7071cafdae713,Cn1nc(C(=O)NCC2CC[NH+]2CC[*:1])cc1C(F)(F)F,CO[*:1]>>OC[*:1],CO[*:1],OC[*:1],46048,28019,1,1,1.0,20,2,2,22,22,12,10-19,COc1ccccc1[*:1]>>Cc1ccc([*:1])cc1,b2d9bcefb897be68cf1b788a00c04eb1a431b827da0eb6e5a450f2542df4608f,d28b7dee2e5efc1640f93314ef86cfd177fa51644082a0966a3bdd5a658247cb,COCC[NH+]1CCC1CNC(=O)c1cc(C(F)(F)F)n(C)n1,Cn1nc(C(=O)NCC2CC[NH+]2CCCO)cc1C(F)(F)F
38baebb1d6eb12386466253e1e656ab25911be8f091732bd83e1abfab5433e1b,b8ec703072f8b1d908158d30c4f5c3bff84f9a1457f3b07d6d99835dfa13ac3f,CCn1c(SCC(=O)NC(C)c2ccc(F)cc2)nnc1[*:1],COc1ccccc1[*:1]>>Cc1cccc([*:1])c1,COc1ccccc1[*:1],Cc1cccc([*:1])c1,26506,23745,1,1,1.0,21,8,7,29,28,12,10-19,CC[*:1]>>FC(F)(F)C[*:1],29a0b52894b79fd3f7e7bc53019e12b97d1bfaa6d4fd96863837ca1a49246686,214879b0ac1367f71450aac9e84049d11d4214e115a6f6bea20e9b851e5cbf4d,CCn1c(SCC(=O)NC(C)c2ccc(F)cc2)nnc1-c1ccccc1OC,CCn1c(SCC(=O)NC(C)c2ccc(F)cc2)nnc1-c1cccc(C)c1
f7fc8f930368b0f72215b1c699c3a33a6300cd713393b565094b5a02878a76c5,ae13d396c1f5ce7e6fad92c22c883dcfdae995f1d2aa621022fa543e34a60cfe,O=C1CC(C(=O)N2CCCCC2[*:1])CN1Cc1ccco1,C#C[*:1]>>CC[*:1],C#C[*:1],CC[*:1],40802,33037,1,1,1.0,20,2,2,22,22,12,10-19,CC(C)O[*:1]>>CO[*:1],51e4d5240103e0641c5f8b4dc7cc3fc991596e03fc64ff640f0d137a1d7db19b,25a5ebe05128c49ab81781cc8295eaba245d0459827b1afb12d7e63877844655,C#CC1CCCCN1C(=O)C1CC(=O)N(Cc2ccco2)C1,CCC1CCCCN1C(=O)C1CC(=O)N(Cc2ccco2)C1
2ae808aa997aac77b6f618727537d98840167e4b7b981e0f5ca55bfdf7e9b219,1fbec99abce9992569bd20d19b0a4987d14edd7a28bd0d399a66dabaf8590da2,CC(C(=O)NC1CN(CCN2CCNC2=O)CC1O)[*:1],CC(C)[*:1]>>NC(=O)C[*:1],CC(C)[*:1],NC(=O)C[*:1],10662,45065,1,1,1.0,19,3,4,22,23,12,10-19,C1CC1C[*:1]>>c1ccc(C[*:1])cc1,b1b68254d79d3c97a5def32fc6b9c79b10ac9cdc7d80cfe9f4805a044adc6879,9826d3e6471df820f8d67f7d026d1f95de53ea7418e54f26b723fc8f47f8a18c,CC(C)C(C)C(=O)NC1CN(CCN2CCNC2=O)CC1O,CC(CC(N)=O)C(=O)NC1CN(CCN2CCNC2=O)CC1O
c9b58c3f6f270fb773307a3881e66eb9b861de33acceac150e54ee1bf4bbc218,77b30b692ce7c4ed309ab8c59fb43610807a503cb19eda4148aa4cbaea3dd5d5,FC(F)(F)c1ccccc1Nc1ccc([*:1])nc1,CN[*:1]>>NC[*:1],CN[*:1],NC[*:1],9399,465,1,1,1.0,17,2,2,19,19,12,10-19,C1CCC([*:1])CC1>>OCC[*:1],af22926df52dbe0e6655930014d9e0ca3073e34e4a82862446d5b34b650231a4,6d96a82772d81ed25f7b61fc5806a8d4470f44fd0c90a1a6f4a1c2bd04674581,CNc1ccc(Nc2ccccc2C(F)(F)F)cn1,NCc1ccc(Nc2ccccc2C(F)(F)F)cn1
4cbc007f3f125717a844ec39c331e211c08d038dd362ad4915aae2d79cb4a96c,da4e17860cd8488af0daa937c9c2140f0703d85eff818a3aa6661828f74a82a4,NC(C(=O)NCCCC1CCC[NH2+]1)[*:1],Cc1ccccc1[*:1]>>Clc1cccc([*:1])c1,Cc1ccccc1[*:1],Clc1cccc([*:1])c1,36290,16575,1,1,1.0,13,7,7,20,20,12,10-19,C=C(C)[*:1]>>CC[*:1],066f68a6adf61796ad651729d4a28d13fdfe8c142d9df9cc22f310074b951815,8ef1245d69934595befe2c51be382c7d65fb4ea742dbf7ef08ddd40e80628dda,Cc1ccccc1C(N)C(=O)NCCCC1CCC[NH2+]1,NC(C(=O)NCCCC1CCC[NH2+]1)c1cccc(Cl)c1
ad3a4489a1cf9b1c019e31c8b6d6469cde6bc30960649acf4ff34a8bdcd238ba,03c01545ad2febda39ed6e6adaad0f1f54404008bb944a0ca3e3f322c83b63e4,O=C(COc1ccccc1[*:1])NCC1CCC(O)C1,CC[*:1]>>N[*:1],CC[*:1],N[*:1],23701,45712,1,1,1.0,18,2,1,20,19,12,10-19,CCC(C)[*:1]>>CCCC[*:1],ee7d953741ef07fba7982d2aff7a34e17e655e70af7fdde1f288c4292765f1a8,8045517b6792f379b918e18872308346260b595b796e5364ecb1642567f6cd71,CCc1ccccc1OCC(=O)NCC1CCC(O)C1,Nc1ccccc1OCC(=O)NCC1CCC(O)C1
3446097c378cf510606eaef1b9062e586fb8f454bc0d0bf779a0f0b7d3b1d237,6d86952e58b9ee5b50c1e5681222d80f5e7f20c6762f2011234e2a9b8d40b9b3,C(=C[*:1])C[NH2+]C1CC1c1ccco1,COc1ccccc1[*:1]>>c1ccc([*:1])cc1,COc1ccccc1[*:1],c1ccc([*:1])cc1,560,25206,1,1,1.0,12,8,6,20,18,12,10-19,CC(C)[*:1]>>CCCC[*:1],a6314ff6032a4261a0df63fe0c835b659e1e0a85aa3458ca9c2be12e71a188fb,68bda8275881b853144c2fab9ee58bb6b25e6e82f6aaf6c6972176559e02d429,COc1ccccc1C=CC[NH2+]C1CC1c1ccco1,C(=Cc1ccccc1)C[NH2+]C1CC1c1ccco1
a307806061e5141c5f80a8fc6ae12b2fe173ca2d3bcfb812a52c88b3866e8046,09d0966053e66b2e87fa9eff729760ca3e47bfbb02be11bddb81be89789c231b,Cc1ncc(Nc2c(F)cccc2[*:1])cc1N,CC(C)O[*:1]>>Cl[*:1],CC(C)O[*:1],Cl[*:1],11048,44772,1,1,1.0,16,4,1,20,17,12,10-19,CC(C)O[*:1]>>F[*:1],cadffce6bfd9b0782cff84066977dbf87198fbf34e1e59810f95eb1fdabdda8e,22d116a19e65095cfe65d18c1ea798581cb43863fa86df078f9e8b5a46025452,Cc1ncc(Nc2c(F)cccc2OC(C)C)cc1N,Cc1ncc(Nc2c(F)cccc2Cl)cc1N
be8103a619dbf4c2226af9ef0b234be89595fdb35a727ccfa7294b3cc28b3069,8caf7d366b7e72dd315321935b845ba85e5b92afcd6e6ebf0cae1f1157168655,COC(=O)C12CCC(C(=O)NCCC(C)(C)[*:1])(CC1)C2,C=C[*:1]>>CO[*:1],C=C[*:1],CO[*:1],22765,5764,1,1,1.0,19,2,2,21,21,12,10-19,C1CC([*:1])CCO1>>COC[*:1],5defc06a5298da6da0cb68361d87a2da0e8580ca1aea3acc59d835b67240097b,daf3355892bb24fa0ed71b894df48abb5fbc4316451c1ff0eb0e731689c43078,C=CC(C)(C)CCNC(=O)C12CCC(C(=O)OC)(CC1)C2,COC(=O)C12CCC(C(=O)NCCC(C)(C)OC)(CC1)C2
adcec548a80145b338970f273b7268179fa559ac7b2061663df5068746fa8982,61ea57fca90216f4c0b9ba5a6fb107deaabed837bfb136c0c1a619afc9650eae,CC12CCC(C1)C(C)(C)C2NC(=O)CC(CN)[*:1],CC(C)C[*:1]>>CO[*:1],CC(C)C[*:1],CO[*:1],32296,48824,1,1,1.0,17,4,2,21,19,12,10-19,C=CC[*:1]>>CC[*:1],13b1d71496d667cbd51acc5d524ef7c1ffba8d5f8e62bba0ed0dd505fbf56a62,cf7f3a8a421f33ef6720a020b67d111a130df68917e616292daec8c46e049277,CC(C)CC(CN)CC(=O)NC1C2(C)CCC(C2)C1(C)C,COC(CN)CC(=O)NC1C2(C)CCC(C2)C1(C)C
cc783fe49dab8c45b481e8680c0c0af25a9b60c1a9789c465b5972e7b252e3d7,8df22818f8792d25c3459c58c82cc130428521130bf39848923c76dc08a627f5,CC(Sc1nnc([*:1])n1N)C(=O)N(C)Cc1ccccc1,COc1ccccc1[*:1]>>Clc1ccc([*:1])cc1,COc1ccccc1[*:1],Clc1ccc([*:1])cc1,49566,47907,1,1,1.0,20,8,7,28,27,12,10-19,CC[*:1]>>COCCC[*:1],1ae7b937e55435b90eaf49d674db5a0bf695d06db093f7024535bb97a40f466c,6159c722c0bf542e2458b4fb4b8654e0e8c32106ca214d5b24c6bfeb614fedf6,COc1ccccc1-c1nnc(SC(C)C(=O)N(C)Cc2ccccc2)n1N,CC(Sc1nnc(-c2ccc(Cl)cc2)n1N)C(=O)N(C)Cc1ccccc1
eb69b41c34120195918c32f9b5d42b5e1595fe22f6f1e8aa26f2fa17255dc3be,80dc4219b5c81785106cf4f9ce4f3de28269dbcca71acecff3bfc954126a1107,CC(O[*:1])C(=O)NCCCN1CCCC1,COc1ccc([*:1])cc1>>Fc1ccc([*:1])cc1,COc1ccc([*:1])cc1,Fc1ccc([*:1])cc1,4198,45200,1,1,1.0,14,8,7,22,21,12,10-19,OC[*:1]>>c1coc([*:1])c1,2ed4f218b98188c3a0fd6b2251fc08638aaa6ed305ce843e4fda6b0a5539261e,7856b610d887b52e974ca72db45547edd808ae611d6e703f8d2853e77dd0a4a3,COc1ccc(OC(C)C(=O)NCCCN2CCCC2)cc1,CC(Oc1ccc(F)cc1)C(=O)NCCCN1CCCC1
7f92f0f746780e0dd9c64636cc5e5c331e540a3c39c2bd9d8563a980306e5aff,71c1ee7beead4aa2ccb3c661b8008d2a505214b9b0f90f8b9582b86217f7de37,CCC(C)C1C(=O)NC(C)C(=O)N1CCC[*:1],CS[*:1]>>F[*:1],CS[*:1],F[*:1],13402,30117,1,1,1.0,16,2,1,18,17,12,10-19,Cn1nccc1[*:1]>>c1cc([*:1])ccn1,28b5ae540213fd5a35410e36bca377ebcf4c9499f42470d523519fe0f8ad7e36,1f73d9ad1b808d9ca91be078bafc1b272d4e8ec4a0c195f8ef1b18335650b8c1,CCC(C)C1C(=O)NC(C)C(=O)N1CCCSC,CCC(C)C1C(=O)NC(C)C(=O)N1CCCF
6fb3e2ee06906d4595483b60a545b012effd451abac49a6484538e367fec1b0f,11fc49caeca9ef0ac5fe21c1eaac6ea32a86ba7cc79d8126848ff896df87efff,CN1OCC(S(=O)(=O)NCCc2ccccn2)C1[*:1],COc1ccc([*:1])cc1>>Clc1ccc([*:1])cc1,COc1ccc([*:1])cc1,Clc1ccc([*:1])cc1,42160,33822,1,1,1.0,18,8,7,26,25,12,10-19,C1CC([*:1])CCO1>>Cn1cc([*:1])cn1,d912f8a7020ba622882ff69bd7e30433d229cc5f1a96c698fcbd4dc1477e6f58,60903e3d29fef55e4270c0c4cf8b3c7c008ed29a360239fc3821b26eeb45a1f3,COc1ccc(C2C(S(=O)(=O)NCCc3ccccn3)CON2C)cc1,CN1OCC(S(=O)(=O)NCCc2ccccn2)C1c1ccc(Cl)cc1
6dcbc7ccb457af2edb2a55a4a7c16f9566bdd8e80935032d0d5582095d51344c,6b873c9591d0182c51582c7a6d8c8657f7531407eafdfe005170b8c8ba514389,O=C(CCc1nc2ccccc2[nH]c1=O)NN=C[*:1],Cc1cccc([*:1])c1>>Clc1ccccc1[*:1],Cc1cccc([*:1])c1,Clc1ccccc1[*:1],15405,46499,1,1,1.0,18,7,7,25,25,12,10-19,N#CC[*:1]>>N#C[*:1],4a9b2a79384d7612ec8bb24a55e66cde54cbd3fe0822c5a3ec0ce7a9a9093527,14ab49329bd2bcbece0709375dde3619982abd4de3b5e2df4d370ed0cf64cef4,Cc1cccc(C=NNC(=O)CCc2nc3ccccc3[nH]c2=O)c1,O=C(CCc1nc2ccccc2[nH]c1=O)NN=Cc1ccccc1Cl
c7ffcdbf4de58b9876776564fa7a6c1aa08ba37274ca6f3f8f1d00f3f53371ec,898f0c879d87eab715c93ed511eb569e0457e0ac86a28e45650f1295ccac7fb1,CCC(C)(NC(=O)c1ccc(Nc2cccnc2)cc1)[*:1],C[*:1]>>O=C([O-])C[*:1],C[*:1],O=C([O-])C[*:1],10710,9938,1,1,1.0,20,1,4,21,24,12,10-19,C[*:1]>>Clc1ccc([*:1])cc1,d2bb9f47ea4d959bba132dc3124b8781de8c7264ecac45a82f9cd27e5331484b,b0ffb7db42582c3648ecab02e0aac06f3b0ac23335a1938abaf3c2d63c3f911d,CCC(C)(C)NC(=O)c1ccc(Nc2cccnc2)cc1,CCC(C)(CC(=O)[O-])NC(=O)c1ccc(Nc2cccnc2)cc1
5648c81fcf4fd1665d5e6fa09d3ec0299878bc4caf273d2ad2eeb97a8f747ebc,ae1719a3e411c0d5449ddd06486e098e37d6bc10cd19446ea7e3b994a37e2571,CN(CCc1cnccn1)Cc1cc(F)ccc1[*:1],Cl[*:1]>>FC(F)O[*:1],Cl[*:1],FC(F)O[*:1],5326,15651,1,1,1.0,18,1,4,19,22,12,10-19,Clc1ccc([*:1])cc1>>Fc1cccc([*:1])c1,315dcfb59e6a9aa8be7639f1ac496d886c796c37745aa2d7aa062fdc3cc482bf,d53af3c4a58190bf24443d0b3d7ba743c856d70d3859f61a32b7bdddec201760,CN(CCc1cnccn1)Cc1cc(F)ccc1Cl,CN(CCc1cnccn1)Cc1cc(F)ccc1OC(F)F
9d5ab0107c4611d374cb2edc15969172331152c86d1495685b29e800785bd17b,2e8cf4013f03354589b809721c609021cad2b952bfeb64a1088022b2dd565ac3,COc1cccc(-c2nnc(C(=O)Nc3ccc([*:1])cc3)o2)c1,CC(C)O[*:1]>>FC(F)(F)[*:1],CC(C)O[*:1],FC(F)(F)[*:1],32915,26595,1,1,1.0,22,4,4,26,26,11,10-19,CN(C)[*:1]>>N#C[*:1],0f892adedf9fc4f09732a2dac2e563e53a6ea5a6537dc4f2487d305d761abd05,5c0ecc212a54aec6ddc0c73453a7ae970bf9fe61772c380e0aadd88c881cfe09,COc1cccc(-c2nnc(C(=O)Nc3ccc(OC(C)C)cc3)o2)c1,COc1cccc(-c2nnc(C(=O)Nc3ccc(C(F)(F)F)cc3)o2)c1
d3d4dab62c317181255cab00560524a3c625bdcb0d3e974f8d872838dee9266f,bdc672e41f37c68f87fe1889c6bca72bf193a951a9576a0f20cab2fb469c36c0,OC1CCCCC1C1COCCN1c1cc([*:1])ncn1,CC(C)[*:1]>>CCO[*:1],CC(C)[*:1],CCO[*:1],31446,29661,1,1,1.0,19,3,3,22,22,11,10-19,Fc1ccc([*:1])cc1F>>Fc1ccccc1[*:1],99f49f6940fd36e2be21c061a2940ebfb8eb4e27c66b6b5c073733a39b826522,2921464218644de9860dc720f6cae955db0513b370c57fa8ea086094d144ab97,CC(C)c1cc(N2CCOCC2C2CCCCC2O)ncn1,CCOc1cc(N2CCOCC2C2CCCCC2O)ncn1
851a5a080c6a630d6447830bce3eafd8758489c8283486ff7f473c40f55b5130,a44e690382bebc0cb3feb4d94c4fd30d73b9eeb2e51a537e455f9cb95877f5d7,O=C(NC1(CNC(=O)[*:1])CC1)c1ccc(F)cc1F,Fc1ccc([*:1])cc1>>Fc1cccc([*:1])c1,Fc1ccc([*:1])cc1,Fc1cccc([*:1])c1,12154,46511,1,1,1.0,18,7,7,25,25,11,10-19,Fc1ccc([*:1])cc1>>c1cncc([*:1])c1,5684abd0909e91e4056c5646d5566635b477e5d522acbfad50a8c0493277d01c,231d0528df658537c294b549572717f8cde216c0f68af95f969dd02928b0f06d,O=C(NCC1(NC(=O)c2ccc(F)cc2F)CC1)c1ccc(F)cc1,O=C(NCC1(NC(=O)c2ccc(F)cc2F)CC1)c1cccc(F)c1
16a83fea65c7c25c111b5ec2bf58ac6a9ca4a5dce165aa2e06623396fb5dc979,44ac0ffee7451a66779fa2e8961bf5f135d87581795ea95489e1cc35735eb894,COCOc1cccc(F)c1Nc1ccc([*:1])nc1,CC(C)O[*:1]>>CCO[*:1],CC(C)O[*:1],CCO[*:1],30227,22297,1,1,1.0,18,4,3,22,21,11,10-19,C1CC([*:1])CCO1>>C1COCC([*:1])C1,8b0bb6893a3ed046d891dfedd81e91eb7f421810bb1f2558e51f4e5568c05698,534a46f25c9f1848d598fa507f20988544554c16c49f0011826f3b8c97bad568,COCOc1cccc(F)c1Nc1ccc(OC(C)C)nc1,CCOc1ccc(Nc2c(F)cccc2OCOC)cn1
b025b4e953bb80b8d3ce5722bc1ed7e61f27502a260af3ddcc155dd11100cfec,59aaf8e63e56aaa0f27a7d06cde3596a7099ca15c5ec799f3698ba3d956f4d6b,Cc1n[nH]c(C)c1S(=O)(=O)N1CCN(C[*:1])CC1,Clc1ccc([*:1])cc1>>Fc1ccccc1[*:1],Clc1ccc([*:1])cc1,Fc1ccccc1[*:1],17478,35899,1,1,1.0,17,7,7,24,24,11,10-19,CCO[*:1]>>CC[*:1],c36e53631af4604afeaf13eddefd35b7d7d25a48b7a1c992a25c6149b8123ee7,fc86420fcf5415441f32ce03d9119df665283f803baf99b15c022c4981ed7451,Cc1n[nH]c(C)c1S(=O)(=O)N1CCN(Cc2ccc(Cl)cc2)CC1,Cc1n[nH]c(C)c1S(=O)(=O)N1CCN(Cc2ccccc2F)CC1
76e32551f0db06da6425faf9cb568f9e14dae52f3de238b41ba13c9ca0d976c0,556142dd9927324f2ccb12c7b5374f5acd59d22f623eb50ac011e395fd01a19f,Nc1ccc(Nc2ccc([*:1])cc2Cl)cn1,I[*:1]>>N#C[*:1],I[*:1],N#C[*:1],26651,13754,1,1,1.0,15,1,2,16,17,11,10-19,F[*:1]>>OC[*:1],7b56f346404e944fb5e75e93e6723d14ba0b87dd212ea19c175665ffe17594f0,3430f1a37034fee153b74c107f22189c16777a603fd1998373d68e1be7e2ca93,Nc1ccc(Nc2ccc(I)cc2Cl)cn1,N#Cc1ccc(Nc2ccc(N)nc2)c(Cl)c1
975f705fc39ac80a5aeba782b0153552fd92a2cd346659a6774da74f8f1f5d92,ed0eef45d450580d6fcfe442b34ff72b499f60c318e960b68f2e063d0fd8538f,CCn1c(SCC(=O)NC(C)[*:1])nnc1-c1ccccc1OC,Brc1ccc([*:1])cc1>>Fc1ccc([*:1])cc1,Brc1ccc([*:1])cc1,Fc1ccc([*:1])cc1,29681,26506,1,1,1.0,22,7,7,29,29,11,10-19,CCC(CC)[*:1]>>c1coc([*:1])c1,39f4b9b871c3adf0c1acadcaa38d6b505f595613f4abd634527dcf25ae629a36,29a0b52894b79fd3f7e7bc53019e12b97d1bfaa6d4fd96863837ca1a49246686,CCn1c(SCC(=O)NC(C)c2ccc(Br)cc2)nnc1-c1ccccc1OC,CCn1c(SCC(=O)NC(C)c2ccc(F)cc2)nnc1-c1ccccc1OC
974bf0a1d4459dd4e8e00efd351ab9637eda48f1150a690f148a59bb824b7025,bf4f0c76559180f69448abd8f62c53605b2be8b0b5a25b9f6aeb4c04686a78a9,CC(C)C([NH2+]CC1CC2(CCOCC2)CO1)[*:1],Fc1ccc([*:1])cc1F>>Fc1ccccc1[*:1],Fc1ccc([*:1])cc1F,Fc1ccccc1[*:1],42129,2091,1,1,1.0,16,8,7,24,23,11,10-19,O=C(O)[*:1]>>c1ccc([*:1])cc1,e21ea994d0ea33325fad04d5de242138d7cf41aa76293531158d057676c9878a,362f2b463b4cf274446f5a5265ce40b8c68ba9d6e1aa69f73c77988ee0530e20,CC(C)C([NH2+]CC1CC2(CCOCC2)CO1)c1ccc(F)c(F)c1,CC(C)C([NH2+]CC1CC2(CCOCC2)CO1)c1ccccc1F
9f1400b55ed1b37d16426646c3584b9f1bf0ca9bc6b5a8bec3ba4b5bf7d0f3d3,4a765e48ceb61e3879615225093b3eb111afc64e4a7a18775af1acb221894bbe,Cc1nc(SC(C)c2ccccc2)[nH]c(=O)c1CC(=O)N[*:1],Cc1cccc([*:1])c1>>Cc1ccccc1[*:1],Cc1cccc([*:1])c1,Cc1ccccc1[*:1],2870,14064,1,1,1.0,21,7,7,28,28,11,10-19,CC(C)[*:1]>>CCC(C)C[*:1],7a06367ec0cc6a2fc2c3f32c74664d43bf732db4b90dab072e07e28ac01beb34,b52ca693dfc31ce0d68a9e530b620c978f4e7e69cc328af7c0255f7599d1ef52,Cc1cccc(NC(=O)Cc2c(C)nc(SC(C)c3ccccc3)[nH]c2=O)c1,Cc1ccccc1NC(=O)Cc1c(C)nc(SC(C)c2ccccc2)[nH]c1=O
5edaf63921e872fe8c9e6857469d789e3b23b181c03d8419a067bf6abe47f3aa,9e872c6384fa62db6bc6bf30ff1d95ad44eafebe4daf54be7f86c1ad305c88bd,CC(O)C[NH+]1CCN(C(=O)NC(C2CC2)[*:1])C(C)C1,COc1ccc([*:1])cc1>>Cc1ccc([*:1])cc1,COc1ccc([*:1])cc1,Cc1ccc([*:1])cc1,34393,46524,1,1,1.0,18,8,7,26,25,11,10-19,CN(C)C(=O)[*:1]>>NC(=O)[*:1],73ce9a6f59d74f7d5a497f1c8ea0e2013f5540ec109340696365ccf735bc8858,4440fe7e3e7f7173b5e53c25f24a96ccab90d47672c22a2dfcf0c00012f360b0,COc1ccc(C(NC(=O)N2CC[NH+](CC(C)O)CC2C)C2CC2)cc1,Cc1ccc(C(NC(=O)N2CC[NH+](CC(C)O)CC2C)C2CC2)cc1
415f4ce94e2cf7aebe367c4d35228b2d46a64515a28ef9a023b2b5aab6ba5fa5,f330e500f5275014bc25bf027d4b774c0a90ec0e0b00f38caf3bb22c05b39394,Cc1[nH]c2ccc(F)cc2c1CCNC(=O)C[*:1],Cc1ccccc1[*:1]>>Fc1ccccc1[*:1],Cc1ccccc1[*:1],Fc1ccccc1[*:1],31878,36787,1,1,1.0,17,7,7,24,24,11,10-19,CC(C)[*:1]>>Cl[*:1],9c5473cbf9d4c807f140d12e175159cd34135a53769c8f790d1d9958cc537c1e,ebe703da7323127f6fa199209f9ba41e6e1a1e776f2cf4f1d5f47efe28fca2ac,Cc1ccccc1CC(=O)NCCc1c(C)[nH]c2ccc(F)cc12,Cc1[nH]c2ccc(F)cc2c1CCNC(=O)Cc1ccccc1F
98c775aa8c65587ceb8e934ceabead479a73472cb2777ef9727ab8a2f7c546e5,ef553234517a4ca43665680df9a160f4916a1d73521edc3f49cb1468965bddc5,CC1(C)CCC(CNC(=O)C(=O)N2CCCC([*:1])C2)O1,CC(C)[*:1]>>CC(O)[*:1],CC(C)[*:1],CC(O)[*:1],27629,25186,1,1,1.0,19,3,3,22,22,11,10-19,CC(O)C[*:1]>>CCC(C)[*:1],2b22a611c7276cf1ef262e94ed55eae72c29a01468f62163ed5e301f6fc93efd,352494e84dcda798a7180fed8910df1e56c61c0ebbb1b0ea6955a93b7de4b7ba,CC(C)C1CCCN(C(=O)C(=O)NCC2CCC(C)(C)O2)C1,CC(O)C1CCCN(C(=O)C(=O)NCC2CCC(C)(C)O2)C1
7da37edc1ab354b28b234d41be238206c9ff7aca6b389049d59d9cb3cc08128e,77e30ab0c6922110ca86b30654b750cdaed4d23a8cd89917a1a159b7616b69d2,O=C(CC1CCc2ccccc21)N1CCCC([NH2+]CC[*:1])C1,C=C[*:1]>>O[*:1],C=C[*:1],O[*:1],4208,37907,1,1,1.0,21,2,1,23,22,11,10-19,C#CC[*:1]>>CC(C)(C)[*:1],14efda626734358303345f40b0e451379a0a5346983d82e841aef70e54cf7762,72de60d137cd6ec8cfba39c3e478cc1f8ee73cfd4f1a29159a88bf9d3af93cb9,C=CCC[NH2+]C1CCCN(C(=O)CC2CCc3ccccc32)C1,O=C(CC1CCc2ccccc21)N1CCCC([NH2+]CCO)C1
da49e3182a334c443e429ddb00ef972c98ca6783d8418c8f245d3f696c2d3c32,f1dee56fcdf643e2422a671196802894e3f1c0bea3aa2c9112dd7af97952e7fb,CC1CN(C(=O)[*:1])CC1C[NH2+]CC(=O)N1CCC1,CC(C)(C)[*:1]>>COCC[*:1],CC(C)(C)[*:1],COCC[*:1],32791,10311,1,1,1.0,17,4,4,21,21,11,10-19,C1CCC([*:1])CC1>>CC(C)CC[*:1],b394fe11a26a23f995446b799d7839c9871cce85b581bd37215d5c12cfa66276,53ebb828cc5407a2592aab81ce8b003620b844bd423a8dadfac6c69c41e3bc70,CC1CN(C(=O)C(C)(C)C)CC1C[NH2+]CC(=O)N1CCC1,COCCC(=O)N1CC(C)C(C[NH2+]CC(=O)N2CCC2)C1
8d0defe7b0332d1848be665427336bb87d9491ba2c62de5f42906516b30135dd,d141e86a61d9720125ae52e54e5e157c1ad6bdb45907970f6d39e40031d7041b,CCNc1cnc(COc2ccc([*:1])cc2)cn1,FC(F)(F)[*:1]>>NC(=O)[*:1],FC(F)(F)[*:1],NC(=O)[*:1],44863,44394,1,1,1.0,17,4,3,21,20,11,10-19,C1CC1[*:1]>>N#CC[*:1],dc77bb9fb98ee6161f014474fd709eb1e451e01977bd74a84c1ef32ca88e53f1,5c0197a6dfd5659feca13d9a55c48185f1c91e09542a9b5cddbe4c7a95b0feb9,CCNc1cnc(COc2ccc(C(F)(F)F)cc2)cn1,CCNc1cnc(COc2ccc(C(N)=O)cc2)cn1
5d25ccbc762133c35113dd4e64c61e4702b646ef2a15a9fe2b63a32e3d1cc1c4,3a806c49c05d319467c728bedc3b7129a278925b90640c0c1b66295f38502fc9,Cc1c(Cl)cccc1NC(=O)c1nnc([*:1])o1,COc1cccc([*:1])c1>>COc1ccccc1[*:1],COc1cccc([*:1])c1,COc1ccccc1[*:1],6219,30357,1,1,1.0,16,8,8,24,24,11,10-19,Brc1cccc([*:1])c1>>c1ccc([*:1])cc1,879970f8fec11a8a52f19604d2f11ef75c455d6077615523c01db706ba0b78a6,0c5fa24a5c6b1cb36e759c9b117cc261d597602b5320b62ee127951f336dae63,COc1cccc(-c2nnc(C(=O)Nc3cccc(Cl)c3C)o2)c1,COc1ccccc1-c1nnc(C(=O)Nc2cccc(Cl)c2C)o1
c6491b1c4bbf4c3fdbcd1b811df261a50028a05847197af36db0b41abd7035ff,3979fc0306abaf3ac058b19205c9ae2fd7e68835fa83bcb6e224362ebf2a3579,CC(=O)c1cc(NC2CCN([*:1])C2=O)ccc1[N+](=O)[O-],Fc1ccc(C[*:1])cc1>>c1ccc(C[*:1])cc1,Fc1ccc(C[*:1])cc1,c1ccc(C[*:1])cc1,35955,49984,1,1,1.0,19,8,7,27,26,11,10-19,C1CC([*:1])CCO1>>c1ccc(C[*:1])cc1,e8b96a28f982a8ea313f659da0353496f9558078442862d079ffcd0022f33449,1e4d5616f455a8d6a4bfa04a07f2b9e456a3bd067e5a8db747a611f866f452ce,CC(=O)c1cc(NC2CCN(Cc3ccc(F)cc3)C2=O)ccc1[N+](=O)[O-],CC(=O)c1cc(NC2CCN(Cc3ccccc3)C2=O)ccc1[N+](=O)[O-]
b433c787ed2e256f366df922d44c22e1ccd3e07df970cee1d3d89861b0a37805,a78a95c9b51df00561f26ffe4eb6a614b1ed74bbf0db5b36b32b4e5b403a6050,CC(C)C(C(=O)NC1CC[NH+](C2CCOC2)CC1)[*:1],CC(=O)N[*:1]>>CO[*:1],CC(=O)N[*:1],CO[*:1],14401,31827,1,1,1.0,18,4,2,22,20,11,10-19,O=[N+]([O-])[*:1]>>O[*:1],2b27d1a40548446f497de2d8381bc9eac094475019f25dc597b85a00d5e88909,8a9d0740df5cc67e85bb0517510f7d3df967e613375332428c1a3d1a3bdfa4da,CC(=O)NC(C(=O)NC1CC[NH+](C2CCOC2)CC1)C(C)C,COC(C(=O)NC1CC[NH+](C2CCOC2)CC1)C(C)C
0669371835dbe788915e58ba224fb5a240e99f1cf4c3ef763f30349cf792ffa6,938071c79c4c89ef6631c11b0572ce206071f0c4c7396361528526e3e3955f59,O=S(=O)(CCC[*:1])NC12CCC(CC1)C2,CC(C)(C)[*:1]>>FC(F)(F)[*:1],CC(C)(C)[*:1],FC(F)(F)[*:1],32529,12653,1,1,1.0,14,4,4,18,18,11,10-19,C1CC(C[*:1])CO1>>C1CCC([*:1])OC1,211a4134c4d330f24ef9d7ae8f2279394a04c71a3713ce82fe4d8b465666fac0,07aa0fe7467b9c6f6ec2bf2635d86d90a9f2193b97555429087cb5a91a05c943,CC(C)(C)CCCS(=O)(=O)NC12CCC(CC1)C2,O=S(=O)(CCCC(F)(F)F)NC12CCC(CC1)C2
4f3cb0908b044136c216c998e4ff87a6d439f45796564c581f876ca8c1b6f550,a9e3266807221d14ff483503ea76df68853aac6c11701c994804cf1d8d00cfa5,Cc1ncc(C)c(N2CCC3C(CCCN3C(=O)[*:1])C2)n1,CC[*:1]>>COCCC[*:1],CC[*:1],COCCC[*:1],2535,44551,1,1,1.0,20,2,5,22,25,11,10-19,NC[*:1]>>O[*:1],99a2039b32503ad4baf3e5a0339dff20d195575b0af93320b85943bfd9b269c8,a2a763e7a4d6ec7e662c7c4adfe13272d2c35eae7c656df8e6ba78e333540838,CCC(=O)N1CCCC2CN(c3nc(C)ncc3C)CCC21,COCCCC(=O)N1CCCC2CN(c3nc(C)ncc3C)CCC21
e6e68bb64ad389cf43c2133b8ec0b6ab954501814c82cc74b83dcf5a37133870,ef6a8ac043fc1e4160e665a63519da937adef8f8cbf031a81e12070f0906ec5a,OC1CC2CCC(C1)N2c1ccc([*:1])c(Br)c1,CC(=O)[*:1]>>N#C[*:1],CC(=O)[*:1],N#C[*:1],9624,31674,1,1,1.0,16,3,2,19,18,10,10-19,CCC[*:1]>>c1ccc(C[*:1])cc1,db2d3f6222847dfcbdea8dca927ff3213d01ccea961a12166e3359d8f2bb2e7a,a58d5a08af960f6fa038097883e31587a4621ea6fcd0cf22f44b7c78d9bb73aa,CC(=O)c1ccc(N2C3CCC2CC(O)C3)cc1Br,N#Cc1ccc(N2C3CCC2CC(O)C3)cc1Br
6e0d0ba249a442baf80c9fadbcca3f381d28b418bf281548518e27569b991324,21e379ceba2b451e089fe138865e34731761f3639ebc6003bd5b0be96290a4c2,Cc1ccc(Nc2ccc([*:1])nc2)c(Cl)c1O,CN(C)[*:1]>>CN[*:1],CN(C)[*:1],CN[*:1],42235,39118,1,1,1.0,16,3,2,19,18,10,10-19,CC(C)O[*:1]>>CS[*:1],7602ebc66350c8f0b0ed2496c022d79a3f019344c0a7dd11c31dced2b58eb4ea,532bbdc299fa080325f8035547342296bf027750e4e9db3eb9655545214b2c52,Cc1ccc(Nc2ccc(N(C)C)nc2)c(Cl)c1O,CNc1ccc(Nc2ccc(C)c(O)c2Cl)cn1
7b1a9da26e63803235857cb45c0df56345052bae64efd20eef89b75bfad4765a,7501afe4b5c86a04261ee11b0c16c1d311b90f368df6fa80f952d65ca416021e,FC(F)(F)Cn1nnnc1CN1CCCCC1[*:1],Fc1ccc([*:1])c(F)c1>>c1ccc([*:1])cc1,Fc1ccc([*:1])c(F)c1,c1ccc([*:1])cc1,19891,49181,1,1,1.0,17,8,6,25,23,10,10-19,C1CC([*:1])CCO1>>C1CC1[*:1],6f6ebd933cedccbba358cff60d596bdc51c3d65d68b47e11421e8b7c61031414,16f7b44dd32890dc9b20e72d472bd3eb1296fdb1eb39a5f9cabdff8fee1770ba,Fc1ccc(C2CCCCN2Cc2nnnn2CC(F)(F)F)c(F)c1,FC(F)(F)Cn1nnnc1CN1CCCCC1c1ccccc1
b30dd914986df3fe8ff95a5fbbb44b137a0abdea618deed534803cbaecaff00d,98c156ef8dd287de5ba00a2f2fc693e2c74fa84a7f12b57f8f8bef386f4196eb,O=C(COc1ccc(C=NNC(=O)c2ccc(CN3CCOCC3)cc2)cc1)N[*:1],COc1ccccc1[*:1]>>Cc1ccc([*:1])cc1,COc1ccccc1[*:1],Cc1ccc([*:1])cc1,24149,13181,1,1,1.0,29,8,7,37,36,10,10-19,COC[*:1]>>c1cc([*:1])ccn1,9f432a75691a6376d3fb8b367eeb46fca3c4d5bd8313fe7d1ead82e1ef78ca53,77bb445963a12b0fded42377a1f2d7d1ba8910d194a91e05b2d607f04708493d,COc1ccccc1NC(=O)COc1ccc(C=NNC(=O)c2ccc(CN3CCOCC3)cc2)cc1,Cc1ccc(NC(=O)COc2ccc(C=NNC(=O)c3ccc(CN4CCOCC4)cc3)cc2)cc1
e1a68266a515aac4c31b54de5e9c9de34079632f09cdbb482b82b76ae5f061a0,1cd6d3970b8df9f7afa973e88470022b6482fd4865b8e8990991c7ad5136c1b5,COc1ccc2c(c1)CC(C(C)C)CN2C(=O)C1([*:1])CCC1,CC[*:1]>>CS(=O)(=O)[*:1],CC[*:1],CS(=O)(=O)[*:1],31978,23857,1,1,1.0,21,2,4,23,25,10,10-19,CC[*:1]>>Cc1ccc([*:1])cc1,ec37d27270dc85363d0a045c70e9a174d3c30b8abb9024fd85e751c86f399746,79addc12d216e5e04b94d270b2f8f8c47df35b48311b53c2eda4fd8301b57aa7,CCC1(C(=O)N2CC(C(C)C)Cc3cc(OC)ccc32)CCC1,COc1ccc2c(c1)CC(C(C)C)CN2C(=O)C1(S(C)(=O)=O)CCC1
6065280e9132acdf9d9ea7e3020fd4bc03071647179e9cc379107d26bead1ac4,349137a496995dbff747612feaca171eae46c5f407d0071c358c6954943dcd93,CN(Cc1ccc([*:1])cc1)C(=O)CSc1nnc(-c2ccccc2)n1C,CCO[*:1]>>F[*:1],CCO[*:1],F[*:1],15105,31370,1,1,1.0,25,3,1,28,26,10,10-19,C[*:1]>>FC[*:1],4811437b2f88994374695de07670414f760842113a77c040926a42a752af8d5a,21b8d694a6bb80783e380b84bb593f05f905e85efe9323365124399b7a7fc7e5,CCOc1ccc(CN(C)C(=O)CSc2nnc(-c3ccccc3)n2C)cc1,CN(Cc1ccc(F)cc1)C(=O)CSc1nnc(-c2ccccc2)n1C
89d0e7c77086e8a33d2538ae8259c4c39d02d9e47092b177681d92bc48983341,0eedea5511c3142ddb3dcffa61bc2bc3dac52b029e0f0ddd603f76e59ecb9acc,O=C(CC[NH+]1CCC(C(=O)[*:1])CC1)C1CC1,Cc1ccc([*:1])cc1>>Fc1ccc([*:1])cc1,Cc1ccc([*:1])cc1,Fc1ccc([*:1])cc1,10167,12517,1,1,1.0,15,7,7,22,22,10,10-19,FC(F)(F)[*:1]>>Fc1ccc([*:1])cc1,59e1347079985099ff8a62f68602719d8f5335b7fa78b5a2d2584a21a2d674ce,95ee522db94ba47c4c9a0e4b533ab448a11927f8f5334ccd30403b8b374d74ef,Cc1ccc(C(=O)C2CC[NH+](CCC(=O)C3CC3)CC2)cc1,O=C(CC[NH+]1CCC(C(=O)c2ccc(F)cc2)CC1)C1CC1
ac728b8a881732ce9567509f0cd6fd535985ea68280d533eda233627f82d2c1d,17f2071ce5c0a2b6707375da201b9c8068bc7e8f463acd1db72178fedc8b7df6,CC1C(C(=O)Nc2ccncc2[*:1])CCN1c1ccccc1,CC(=O)[*:1]>>O[*:1],CC(=O)[*:1],O[*:1],30700,15726,1,1,1.0,21,3,1,24,22,10,10-19,CC(C)OC[*:1]>>CC(C)[*:1],3e68852928c82e2b5fda871bc4b8c5c0806c6bb1079f516c569d0f1c64a8586e,2b1eb305f2e4b88e01f8465a77aa9e9971e4c35b96d47d54b5cace6304930b88,CC(=O)c1cnccc1NC(=O)C1CCN(c2ccccc2)C1C,CC1C(C(=O)Nc2ccncc2O)CCN1c1ccccc1
4fa4ef8e95dba97e48827e1bf963c1fbc70f29a16cb061288a27f18aaadfb8bb,4d161e285b6a3a602fd535a3f6c1b84183ec1684fc3933f410249ff39edab64b,CC1CC(C)CN(S(=O)(=O)[N-]c2ccn([*:1])n2)C1,COCC(C)[*:1]>>C[*:1],COCC(C)[*:1],C[*:1],12697,39641,1,1,1.0,17,5,1,22,18,10,10-19,C#C[*:1]>>OC[*:1],14322351ec9030fb41a7c519382ed2b82309c115356bacc4abc89aaa9e3f2379,9551aba107d149e3ecaa1a8fe71f528d4a0ab8fe1cd3d0cb80d4658ef91ee185,COCC(C)n1ccc([N-]S(=O)(=O)N2CC(C)CC(C)C2)n1,CC1CC(C)CN(S(=O)(=O)[N-]c2ccn(C)n2)C1
95c38dfd311c936942aa5811b2a0e600cf7ededb4c4393954acc194e82cc9517,24d3f7d34680e371a21370a85b5c44ee60076e9cc0c81faeb3b8bd1ffd18baff,Cc1ccc(Nc2ccc([*:1])nc2)c(C(F)(F)F)c1,NC(=O)[*:1]>>O=C([O-])[*:1],NC(=O)[*:1],O=C([O-])[*:1],31164,48228,1,1,1.0,18,3,3,21,21,10,10-19,COC[*:1]>>CO[*:1],6143516ad36e6908e62573d546c7631378e3e8d96b0d0e77be924b41010e56c7,39101c9d6684980c0a0f25c5468d3fea93ddebef07d12134f98bf3b86022fb2b,Cc1ccc(Nc2ccc(C(N)=O)nc2)c(C(F)(F)F)c1,Cc1ccc(Nc2ccc(C(=O)[O-])nc2)c(C(F)(F)F)c1
c695d6b344faa5f3b95e471a99ed792c15c0db32c66d275ea5c7d67cfe8a36c5,042d990f3221f83b61155934f14572c349bb8b15c2959f5e1599ee6f17f13c56,CN(CCC[*:1])S(=O)(=O)NCC1CC2CCC1C2,CC(C)N[*:1]>>CN[*:1],CC(C)N[*:1],CN[*:1],25750,30780,1,1,1.0,17,4,2,21,19,10,10-19,CC(C)C[*:1]>>Clc1ccccc1[*:1],76a2dd22d45bf22ddc9f4fd8a16c8e285b0a7ed1f05e9e31a352b02b9e37bab8,efa7ee77d147842715c6ec15bcfd5ff90449526907c15869bd5de7f5d0360364,CC(C)NCCCN(C)S(=O)(=O)NCC1CC2CCC1C2,CNCCCN(C)S(=O)(=O)NCC1CC2CCC1C2
b730a84f2b7e53d715b34ed301180e66144f9adc16176624f36b38b4cd6cff69,55af627d51a0c43dc1ce31ffcd1b062828de613331a620c270ddc6b1d63bd4fb,O=C(CCc1nc2ccccc2c(=O)[nH]1)NC1([*:1])CCCCC1,COC(=O)C[*:1]>>N#C[*:1],COC(=O)C[*:1],N#C[*:1],28592,20113,1,1,1.0,22,5,2,27,24,10,10-19,CCC(C)[*:1]>>COCCC[*:1],f15344b66df6c8c9dc5dc044929c0bbb4d074eec9adaf2bc7649654e196597bc,fc5047e3e1e4446567c0d8171e4f55458d037f1544cb22ab43fe63e75066e827,COC(=O)CC1(NC(=O)CCc2nc3ccccc3c(=O)[nH]2)CCCCC1,N#CC1(NC(=O)CCc2nc3ccccc3c(=O)[nH]2)CCCCC1
c862c173b23e1a05d4c54969cf1538c50d067f7a5a18b470ba7f27c20abb17d6,2a64d79ee11a2045bf2a28b7a73c21a274415e4aa3d2cb1a700d867847204b40,O=C(Cc1cc2c(cc1Br)OCCO2)NCc1cc([*:1])no1,CCC(CC)[*:1]>>CC[*:1],CCC(CC)[*:1],CC[*:1],8793,6614,1,1,1.0,21,5,2,26,23,10,10-19,C1CCC([*:1])C1>>CCC(CC)[*:1],a0e945cc87bfa2cf45e2068229d325584b1cc2d5aa587d3ab11d6b96e871016a,34752e37d2c6ce78d6c7acf1776b0d1445d646383163140e40a7c9baf7c5e486,CCC(CC)c1cc(CNC(=O)Cc2cc3c(cc2Br)OCCO3)on1,CCc1cc(CNC(=O)Cc2cc3c(cc2Br)OCCO3)on1
2434ab6eb19d6787eeb3ff7d6df87826bc59898a7673dc63cfaa77e88dba9f0b,3f8a378857593b62d746bc657c5cdb75183b98a4a05e63759d2e64db49f5af3f,COC1C2CC3CN(C(=O)NCc4cccc([*:1])c4)C1C3C2,CC(C)[*:1]>>CSC[*:1],CC(C)[*:1],CSC[*:1],10861,5863,1,1,1.0,21,3,3,24,24,10,10-19,CC(=O)[*:1]>>COC(=O)[*:1],cb5a8225b3870902342afdb3d5d9fa4b4c863cbd1268c3070f7535d22a83c2f4,26fffd75f5c0ba727445f82162a5dec70e20a9ca24a3de1d522eb926bd9d0a47,COC1C2CC3CN(C(=O)NCc4cccc(C(C)C)c4)C1C3C2,COC1C2CC3CN(C(=O)NCc4cccc(CSC)c4)C1C3C2
91c19070dacf04a829ccb37b7dbf1b88bd807d6da674c1c0a92516d12df4eaec,48e73a4e9475d34345623b79d4216b80067b22eaf69e130e17152a8fb72f1c9f,CC(C)C1C(=O)NC(C)(C)C(=O)N1C(C)[*:1],CCC(C)[*:1]>>CCCC[*:1],CCC(C)[*:1],CCCC[*:1],16614,19783,1,1,1.0,15,4,4,19,19,10,10-19,Clc1ccc([*:1])cc1>>c1cncc([*:1])c1,8635debd5b0419316bae4965837c7e59d32aedd74a9689f4d521348efeedb896,e257ffdb77e61724c5c714a66ed79bbc31a82b3fcea88fbde656215207efab9c,CCC(C)C(C)N1C(=O)C(C)(C)NC(=O)C1C(C)C,CCCCC(C)N1C(=O)C(C)(C)NC(=O)C1C(C)C
a617b85bf34bc776d4416e2fe40abe2bdceea650684349f88c4175b0dcdcaf02,42638574dec3da51d6597efefd1ade3875ed3eaabdec5a145b3b3f3709d75a7b,CCn1cc(S(=O)(=O)N2CCN([*:1])CC2)cn1,Cc1cccc(C[*:1])c1>>c1ccc(C[*:1])cc1,Cc1cccc(C[*:1])c1,c1ccc(C[*:1])cc1,16132,18742,1,1,1.0,16,8,7,24,23,9,5-9,CC(C)(C)CC[*:1]>>NC(=O)C[*:1],d29c9abc68f62225c6563d486629ffb933f6f66d59eae1d33ef9068badefe18d,f65c94e71178385d4ceb419af671b79f362cdf5532cb352926709da92ee8a11f,CCn1cc(S(=O)(=O)N2CCN(Cc3cccc(C)c3)CC2)cn1,CCn1cc(S(=O)(=O)N2CCN(Cc3ccccc3)CC2)cn1
101a1bc43c596090fbb553675574c7c5e4352b5e3ad50684f85fa42d3b910113,2cd068ce5d611e88dacb28db407c05267957b42c098c0b7f1b25210ba10917cb,O=C(CN1CCCC1)N(Cc1ccccc1)[*:1],COc1ccc([*:1])cc1>>Cc1cccc([*:1])c1,COc1ccc([*:1])cc1,Cc1cccc([*:1])c1,10655,22626,1,1,1.0,16,8,7,24,23,9,5-9,CC(C)[*:1]>>N#Cc1ccc([*:1])cc1,f86d70f7c73c2c5fdee5c4e2f35a4bd97f81209ffe094b50184eaba119b3a782,80a2e08c0809b493987dc68d23a67a809080647121d9a48c92ca35f48099d8ac,COc1ccc(N(Cc2ccccc2)C(=O)CN2CCCC2)cc1,Cc1cccc(N(Cc2ccccc2)C(=O)CN2CCCC2)c1
303532b7339b99ef210d3621e554e1418d0acc0e2d76e3fd4213566db2afbd11,2c2b7cd5acb62abf5768016db192df996a71b38d2326a940c7151f1e18d8e1d8,Cc1ccc(NC(=O)CCCCn2c(=O)c3ccccc3n(C[*:1])c2=O)cc1,Cc1ccccc1[*:1]>>Clc1ccc([*:1])cc1,Cc1ccccc1[*:1],Clc1ccc([*:1])cc1,49029,49364,1,1,1.0,27,7,7,34,34,9,5-9,Cn1cc([*:1])nn1>>c1ccc(C[*:1])cc1,da39ce63c9fa049d188d314403bd94a90e93711e7a0ecea05662b5e39271b549,fa9ee98ea3501aa4a771de0e5554343bdf89eaa23bd186801d1390f647373653,Cc1ccc(NC(=O)CCCCn2c(=O)c3ccccc3n(Cc3ccccc3C)c2=O)cc1,Cc1ccc(NC(=O)CCCCn2c(=O)c3ccccc3n(Cc3ccc(Cl)cc3)c2=O)cc1
58df41bb77d56c2213916b9cfaceaf74fd7f8cda698c4a1d285073b2ae2e0090,c07475aac1c7ff57c99ec0c992832a563d4cd006ecb2ce53ace8155a681ef911,Cc1cc(NC(=O)C(C)Sc2nnc([*:1])n2C)no1,Cc1ccccc1[*:1]>>Clc1ccccc1[*:1],Cc1ccccc1[*:1],Clc1ccccc1[*:1],20369,12194,1,1,1.0,18,7,7,25,25,9,5-9,C=C(Cl)C[*:1]>>NC(=O)C[*:1],5dfbafd408cef812034fe82e096ac916498a85116cee9495178ca5304a2fbda2,7cef3863c29a36d8fb70c3bb72902112e9151c61ff368ce251bdc2ec107d00d4,Cc1cc(NC(=O)C(C)Sc2nnc(-c3ccccc3C)n2C)no1,Cc1cc(NC(=O)C(C)Sc2nnc(-c3ccccc3Cl)n2C)no1
6e6f8d53a92eaa0d931b784b6e2e1296c77cef0efcf3fffba1ede868fd933178,0b196ca611f85ec2566af3566a4537289248c4b7a02a033114f75925c1a41136,NC(=O)C1CC(NC(=O)N2CCOC([*:1])C2)C1,Cc1ccccc1[*:1]>>Fc1cccc([*:1])c1,Cc1ccccc1[*:1],Fc1cccc([*:1])c1,48675,9855,1,1,1.0,16,7,7,23,23,9,5-9,Cl[*:1]>>c1cnn([*:1])c1,49f81f6bd5040752177b05b59aaf052ea8b6c673a8388fd1afb2a57c042a0037,10ff1ef49a5dfaaf768cd6e04a738b4f67733e0a9ef420bfa91ee90707e56a73,Cc1ccccc1C1CN(C(=O)NC2CC(C(N)=O)C2)CCO1,NC(=O)C1CC(NC(=O)N2CCOC(c3cccc(F)c3)C2)C1
9f9744c2b7bf8800401782b902c4e6ce0118326f1def1885af4f461fa52f583a,e09d349514badc9af40756d1c8c0951309b7097e95fc4ab431f9387e4a0e368a,O=C(CS[*:1])NC1C2CCC(C2)C1CO,CC(C)(C)[*:1]>>FC(F)(F)C[*:1],CC(C)(C)[*:1],FC(F)(F)C[*:1],44473,35259,1,1,1.0,14,4,5,18,19,9,5-9,Cc1ncc(C[*:1])s1>>c1ccc(CC[*:1])cc1,e25b2dd4586ea3efa776b8d9bc07db9ecfefa0f0c572a10b3d50fdacb4fc54b0,dce7bd398ca6d86c474ed2b4105d710c7a64255b41d0e796eade8b8d9e7216a4,CC(C)(C)SCC(=O)NC1C2CCC(C2)C1CO,O=C(CSCC(F)(F)F)NC1C2CCC(C2)C1CO
1bcc9edd8f39548d880eadec052c5a6ec1c9925e7e271100c08ccf49ced44de7,22af5ada05e4dd645a6c1a907cb7b8db85eeea04f3a7401254eeb8203fc2e381,COc1cc(NC(=O)NCC[NH+]2CCCOCC2)ccc1[*:1],CO[*:1]>>FC(F)O[*:1],CO[*:1],FC(F)O[*:1],42967,33253,1,1,1.0,21,2,4,23,25,9,5-9,Brc1ccc([*:1])cc1>>Clc1ccccc1[*:1],5a5003e1b88088a4c4493e1ee64f7f1465c64af3696c60a8020ff9543cad2d7d,4379bfa0acc705b683da3cefd55ebac3f06a6e9d6de7b33fc66bd737317295ee,COc1ccc(NC(=O)NCC[NH+]2CCCOCC2)cc1OC,COc1cc(NC(=O)NCC[NH+]2CCCOCC2)ccc1OC(F)F
37ecb909355a26ccffaaad39d79b058221b9aadbb5caaf4a67b18b2491d39089,543c975ebf2253ea8a5a483c9a7107ef1dd783fc50718fededf5ce5bfa47a7a3,COc1cccc(Nc2ccc(NC(=O)C(C)O[*:1])nc2)c1,C=CCC[*:1]>>C[*:1],C=CCC[*:1],C[*:1],40425,9454,1,1,1.0,21,4,1,25,22,9,5-9,c1cncc(C[*:1])c1>>c1coc(C[*:1])c1,668f5d471ce4d1e8dd901fddabf436b6d9903f396472bf84f793eaf69d465a21,98f238cbe4855cdb2564bca9412060f798671323499ee066a4a5240c467e12fd,C=CCCOC(C)C(=O)Nc1ccc(Nc2cccc(OC)c2)cn1,COc1cccc(Nc2ccc(NC(=O)C(C)OC)nc2)c1
fbb0e856d4390f8c1a6a989707b8b3eb0f25d8c280a9775834c6e0f5293439dc,abdf3d1a4a867a4526ac7a3b1013eb2e38a6658286cd412d92067e03f27bb36f,CC(C)C1C(=O)NC(C)(C)C(=O)N1C(C)[*:1],CC(C)(C)[*:1]>>CCCC[*:1],CC(C)(C)[*:1],CCCC[*:1],39955,19783,1,1,1.0,15,4,4,19,19,9,5-9,CN(C)C(=O)C[*:1]>>c1ccc(C[*:1])cc1,d5173a987bd680f4085052f91c7ef35bda63eb9dc79176c32137511c31f3bffd,e257ffdb77e61724c5c714a66ed79bbc31a82b3fcea88fbde656215207efab9c,CC(C)C1C(=O)NC(C)(C)C(=O)N1C(C)C(C)(C)C,CCCCC(C)N1C(=O)C(C)(C)NC(=O)C1C(C)C
e08ed1f634ca76a14dd9fd22abe0da6e1c16e5ceee5d051d90ccee256c792294,0b7f1be6e17ad030caf3f3a33687023f72a4a0d6215b763c9e7cafaff56c9888,Clc1c(Br)cncc1Nc1ccc([*:1])cc1,N#C[*:1]>>O=C([O-])[*:1],N#C[*:1],O=C([O-])[*:1],47436,9221,1,1,1.0,15,2,3,17,18,9,5-9,CC(C)C[*:1]>>CCCCC[*:1],fa4df2ec4a139421da98016b059e7aaaff096a396b59990066c1f111b649db6c,cf305bb5345d2b033fbd6e29528d66926180920ed321384a0eb855b1e75a3650,N#Cc1ccc(Nc2cncc(Br)c2Cl)cc1,O=C([O-])c1ccc(Nc2cncc(Br)c2Cl)cc1
eb9b9f803f18933192fe1cd2529047888ba994c6c4274526f65fe78b94ef2991,af765242cd716413a93dae25e5d7c03dd21010211a4706480f92892b10ef5623,O=C(NC1CCCCC1[NH2+]CCOC[*:1])c1csnn1,C=C[*:1]>>CC(C)C[*:1],C=C[*:1],CC(C)C[*:1],18714,10398,1,1,1.0,19,2,4,21,23,9,5-9,COC[*:1]>>c1nnnn1[*:1],51b061e3fe674e6072bb0d17483394ec96b24e568d3d34f99a4c83c31621791f,3b113402e718026c7fb161ce78310cf9097277a4b04c359c84b2f92dd4e6a6ab,C=CCOCC[NH2+]C1CCCCC1NC(=O)c1csnn1,CC(C)CCOCC[NH2+]C1CCCCC1NC(=O)c1csnn1
8747a4b06ef8b16c9a1f12fa72c61ffe8edba8a342a701fd7959a575f692a9dc,c53fa55c56c891ff77a2a108480360098766d95337612702bb616ea0612c5cce,Fc1cc(C(C2=CCCC2)[*:1])ccc1Br,CCCN[*:1]>>CCN[*:1],CCCN[*:1],CCN[*:1],25758,39255,1,1,1.0,14,4,3,18,17,9,5-9,C[NH2+][*:1]>>O[*:1],652ddd23776ab26c60f2960a9f5d7d1433b844b7e04659b18d3a33b33aff169c,d59d75405371ae51191d8e6547942d88c81e18be8192992017ac7b1ca7bd7779,CCCNC(C1=CCCC1)c1ccc(Br)c(F)c1,CCNC(C1=CCCC1)c1ccc(Br)c(F)c1
d4cd6daa778cbf7c553664906951826a4b3921fbcb1af117d553d7145c907dfd,4a935b20050360460ba29983d34778da6ea53c9e0868b61213bfe1c34a1c4849,CCC1C(=O)NC(C)(CC)C(=O)N1CCO[*:1],CC(C)[*:1]>>CN(C)CC[*:1],CC(C)[*:1],CN(C)CC[*:1],28431,46108,1,1,1.0,16,3,5,19,21,9,5-9,CCC=C(C)[*:1]>>c1nc([*:1])n[nH]1,23817cad44c57fad6aaa08be2c5fd4f7174c793ebe7668cdae38cf41cfa88b64,6b9bb198960385f6cb5c1e9e2b0faefb4be00a6049254e1a4e95daeefa497947,CCC1C(=O)NC(C)(CC)C(=O)N1CCOC(C)C,CCC1C(=O)NC(C)(CC)C(=O)N1CCOCCN(C)C
41377efb1e0fc3c21c8773d25561ac2d940bae260109df8ed0de6b0630b1b9c7,bd174df035cfafcd0e3ee7ab909aae838c541cd6c87f85a113c5888e645d93fd,CC(NC(=O)c1ccccc1O[*:1])C1C[NH+](Cc2ccccc2)CCO1,CC(C)C[*:1]>>FC(F)(F)[*:1],CC(C)C[*:1],FC(F)(F)[*:1],34715,5778,1,1,1.0,25,4,4,29,29,9,5-9,CCC(O)[*:1]>>OCC[*:1],6094dc00ccba1dab081cc8f75e1c04a37c641ff4457b16ddb6af4abe3c876c3c,313f3e1d30000b0b87d347f877b3aed61d150ada21359a8c7c796a761d119e37,CC(C)COc1ccccc1C(=O)NC(C)C1C[NH+](Cc2ccccc2)CCO1,CC(NC(=O)c1ccccc1OC(F)(F)F)C1C[NH+](Cc2ccccc2)CCO1
30a6cc3987352b82d96db9568cc7f7608fc3b26817df9c19eca5cb9c8ddfd9cc,8732119599cfff3f2a118c5decb2de86d62310c595967f131bd1de9aff9600e7,O=C(OCc1cccc([N+](=O)[O-])c1)C1([*:1])CCC1,CC(C)(C)OC(=O)[*:1]>>C[*:1],CC(C)(C)OC(=O)[*:1],C[*:1],17398,22308,1,1,1.0,17,7,1,24,18,9,5-9,C#C[*:1]>>Cn1nccc1[*:1],8f5f46d2c692c57ad3266dedfaf240e208b822b992996809fe7a5dbdc11f72d5,cee45c6112ffdd58198a1da119a8b571430b0b1cd118f8594c7f11e031088c2e,CC(C)(C)OC(=O)C1(C(=O)OCc2cccc([N+](=O)[O-])c2)CCC1,CC1(C(=O)OCc2cccc([N+](=O)[O-])c2)CCC1
4b1dc759387c19f6c36dd4b669c444f39741452bcafc88bb417a05f0789b4eb4,96a08b8a868ab9a34a20a88b748763a099b56150ff004bf3ce3bdcb6936386cd,COc1ccc(C(=O)c2sc(Nc3ccc([*:1])cc3)nc2N)cc1,Cl[*:1]>>NS(=O)(=O)[*:1],Cl[*:1],NS(=O)(=O)[*:1],19915,34459,1,1,1.0,23,1,4,24,27,9,5-9,C1CCC([*:1])CC1>>c1cc2c(cc1[*:1])OCO2,b30126784c9f0e4774006038a32d321523a631e4e783f81a8959fe2f31fa25bd,47f0af28e3528834458cce611a27de7946e41efa35ecfc9f7a04fe81ce608d15,COc1ccc(C(=O)c2sc(Nc3ccc(Cl)cc3)nc2N)cc1,COc1ccc(C(=O)c2sc(Nc3ccc(S(N)(=O)=O)cc3)nc2N)cc1
a7cc72772ec5925f9e57cce88637224937cf114f09b053d347a07d921c23d5aa,5a3a3e4f2295c5e41b76d731b6d6f3acba8d9d7072833030f2945453c4d237f6,CC(C)C(NC(=O)NCc1ccccc1)C(=O)N1CCC(C[*:1])CC1,C[*:1]>>C[NH+](C)[*:1],C[*:1],C[NH+](C)[*:1],16538,7604,1,1,1.0,24,1,3,25,27,9,5-9,C1COC([*:1])C1>>Cc1cccc([*:1])n1,0f1cb1cd3234a24da6900600023e00b1f525ed0081a8bcd5e56663151fabe8aa,d314eeb6fd4e92016a8240c96269dc5a8228baaf54ae4b5ef9f373668b41a802,CCC1CCN(C(=O)C(NC(=O)NCc2ccccc2)C(C)C)CC1,CC(C)C(NC(=O)NCc1ccccc1)C(=O)N1CCC(C[NH+](C)C)CC1
d67170aba0d905abc43e8c8fa4bfc772bcc607b71c4ea5c7e9d45c0fd474fd1d,57264c19c7a8b5682bc0b42abf0e80139c81887fca94e1a21204fba57972f385,COCCNC(=O)CN1CCN(CC#C[*:1])CC1,Clc1ccc([*:1])cc1>>Clc1ccccc1[*:1],Clc1ccc([*:1])cc1,Clc1ccccc1[*:1],25166,40310,1,1,1.0,17,7,7,24,24,9,5-9,C=CC[*:1]>>FC(F)(F)C[*:1],da4b12d2a517db964ca4daed15c9218edf1cc4baf87a2130cd0193c5afc7eb28,ed85591ec0d7341a67052e7dab060d31c061767291a993d211958b8668886f2b,COCCNC(=O)CN1CCN(CC#Cc2ccc(Cl)cc2)CC1,COCCNC(=O)CN1CCN(CC#Cc2ccccc2Cl)CC1
a59a2224d556fe868ff12d936a640bfdeb317b5bd16e6a22d2db7ea95a084866,94f2f55319c5ffb455d5ca87a5e4815878af5f4259df1fec3528eb39225a94a3,c1cnc(N2CCN(C3CNC3)CC2)c([*:1])c1,COC(=O)[*:1]>>CS(=O)(=O)[*:1],COC(=O)[*:1],CS(=O)(=O)[*:1],30868,3011,1,1,1.0,16,4,4,20,20,9,5-9,COC(=O)C[*:1]>>CS(=O)(=O)[*:1],40d90dc7b79d830450a606a490ed03d8a8949d2cf4d584024bf284745eacf6b8,7a1d1aaca7626865c8d8727b4730baae1bd6592c98e39c44cef9d1469dddd9ef,COC(=O)c1cccnc1N1CCN(C2CNC2)CC1,CS(=O)(=O)c1cccnc1N1CCN(C2CNC2)CC1
8b5dfd745cf49a65ca845f9f62c1b4d00f87bb1177fd160432fba9d7de94cd4c,e3ffd3ae4ab4da30ebfbf5e2234fd0bfa241eb07232b84634c62f061725223dd,Cc1cc(NC(=O)CS(=O)(=O)c2cn(C[*:1])c3ccccc23)no1,COc1cccc([*:1])c1>>Fc1ccc([*:1])cc1,COc1cccc([*:1])c1,Fc1ccc([*:1])cc1,32972,13769,1,1,1.0,23,8,7,31,30,9,5-9,CN(C)C(=O)[*:1]>>Cn1ccnc1[*:1],745f7cde2b624b0acdaa4415597bb1fd413b1dce4bf5a6f9f76e05f23a0c64a6,afdee656bb4afda702e6059f7c4788d7bf8e26056de0c9e6c6d8aad483e9ff6c,COc1cccc(Cn2cc(S(=O)(=O)CC(=O)Nc3cc(C)on3)c3ccccc32)c1,Cc1cc(NC(=O)CS(=O)(=O)c2cn(Cc3ccc(F)cc3)c3ccccc23)no1
6d13594c14281e13caa2037dc211a23db1ae8f46a4bfb4a13782437abd51fddd,815036e278b4a24b2d38ff2120a7ace83f991eada5460f859b8342e34bbd11b1,CCCN1CC(=O)N(C[*:1])CC1=O,NC(=S)[*:1]>>O=C(O)[*:1],NC(=S)[*:1],O=C(O)[*:1],18707,10734,1,1,1.0,12,3,3,15,15,9,5-9,FC(F)[*:1]>>c1cc([*:1])ccn1,394d5148cdbfcb48cb4b220d1d12a2148a69bcb19154a26e2a5d3371be9f7fde,a2da8080061c5c267d680b554c95e972cbc601004bd936417938341c83f5a7c7,CCCN1CC(=O)N(CC(N)=S)CC1=O,CCCN1CC(=O)N(CC(=O)O)CC1=O
26c185d1b175bc9a8d13b8e5bf7cbc6aff5abeee622f5366769cb15d0222e24f,d1595dbfd9016c9a6678eb87946122c0ede5d8c942b23ae930d47c5ffa4b6e10,O=C1C2CC=CCC2C(=O)N1CCO[*:1],COc1ccc([*:1])cc1>>Fc1cccc([*:1])c1,COc1ccc([*:1])cc1,Fc1cccc([*:1])c1,32963,6075,1,1,1.0,14,8,7,22,21,8,5-9,C1CC1[*:1]>>Cn1ccnc1[*:1],ff10e5ca583c3c15159a706bb751ca47c3c8832b622000b482840162959f896d,62c30917583239f2c9a92defbf9e9af94a8c915f652eb4783b8fc958e3afe08b,COc1ccc(OCCN2C(=O)C3CC=CCC3C2=O)cc1,O=C1C2CC=CCC2C(=O)N1CCOc1cccc(F)c1
335d0992d8144243c4c7f7c546678a815bebf2a4c5fc7d7ea02d3570301df8b3,b2cd786009a4b222659552a3f8e2dcfe3a382b9693c174cf094a6438f2cf4e3f,O=C(c1ccc(-n2cnc3ccccc32)cc1)N1CCCC([*:1])C1,C[*:1]>>FCC[*:1],C[*:1],FCC[*:1],38145,8946,1,1,1.0,23,1,3,24,26,8,5-9,C1CC1CC[*:1]>>CC[*:1],983162406d0bed2b3cd09cf02dd109a855900882d4e2328a40c977ef38b5870b,67f4800a324818e3147709aa01fb6fb650309f5819031dce15c0f5740d61bffa,CC1CCCN(C(=O)c2ccc(-n3cnc4ccccc43)cc2)C1,O=C(c1ccc(-n2cnc3ccccc32)cc1)N1CCCC(CCF)C1
1b913686b781c1f7cfee103196efb38d85027923b486701f9650765bf0359d91,f95173533466c2a6afe9d58c714bc6fed57b9cd3f35772afede37d3bde139e01,C1CC2COC(C(C3CCOCC3)[*:1])CN2C1,NN[*:1]>>N[*:1],NN[*:1],N[*:1],19590,16813,1,1,1.0,16,2,1,18,17,8,5-9,CN(C)C(=O)[*:1]>>Cn1nncc1[*:1],36aa886146b1e28121edbe6ea7847089723755faca507f160c1a0b190ce542dc,204f9cc460651c49a3b59cac552d864f6cf11ceecfda4bee0b092747a20e183a,NNC(C1CCOCC1)C1CN2CCCC2CO1,NC(C1CCOCC1)C1CN2CCCC2CO1
59d4b032b6c0585c3598725114ec190156a12c565e4ab036b3a9128678e431c4,f64f02dc48d535a879b5a9e58d5cc070026dc0032848047d3ed4d2e51a7febae,C[NH+](C)CCn1ccc(C(=O)NCC2CC[NH+]2C[*:1])n1,C=CC[*:1]>>CC(C)C[*:1],C=CC[*:1],CC(C)C[*:1],47749,32540,1,1,1.0,19,3,4,22,23,8,5-9,C1CC([*:1])CCO1>>Clc1ccc([*:1])cc1,7a00bce34d7b57e8320f7445e11297fed18607d6776ad00bd7ed475849096a1c,d6c7804ffd666a2be335b0c7204fd8e20582bf5db2ff89a4685934e74b733f1c,C=CCC[NH+]1CCC1CNC(=O)c1ccn(CC[NH+](C)C)n1,CC(C)CC[NH+]1CCC1CNC(=O)c1ccn(CC[NH+](C)C)n1
96df51aadd14bcfce8153483fb42d1af7fa68d11e4a01366bf153cbda3e89df8,7406bfc7ec5aa818f60e7f305f223d0e5306e19825a678851327de61884bb648,CCOC(=O)Nc1ccc(Nc2cncc([*:1])c2)cc1,O=C([O-])[*:1]>>O[*:1],O=C([O-])[*:1],O[*:1],3511,22913,1,1,1.0,19,3,1,22,20,8,5-9,CCC(C)[*:1]>>O=C([O-])C[*:1],c1075c3693f72439e9fceb7210082ad8a0a057a83bd29fc249aaba3ba2f4206e,a7359062af57a3d62d76cdb428311eb03e7e3c514207d3eaad809f27c3ac8512,CCOC(=O)Nc1ccc(Nc2cncc(C(=O)[O-])c2)cc1,CCOC(=O)Nc1ccc(Nc2cncc(O)c2)cc1
42f5d51274c498f08069c8798640b6454b3bfea3150f076d94f5d3ce75c41137,04ecc53fa9d6d2b4c1298880501918a4eddae887271dfe49a1e91bcbc9fd0e65,Cc1nn(C)c([*:1])c1C(=O)NC1CCN(C(=O)c2cc(C)c3nccnc3c2)CC1c1ccccc1,CS(=O)(=O)[*:1]>>Cl[*:1],CS(=O)(=O)[*:1],Cl[*:1],46829,24886,1,1,1.0,35,4,1,39,36,8,5-9,O=C(O)[*:1]>>O=C[*:1],61ef98c4f94651f1a13621ba5da513a52eb364ce10b3c906d11ffbdf0f4b01ec,15af78935727c989676d886f9418e3214f0de17e0acfc4bbd64eaee84f199bd0,Cc1nn(C)c(S(C)(=O)=O)c1C(=O)NC1CCN(C(=O)c2cc(C)c3nccnc3c2)CC1c1ccccc1,Cc1nn(C)c(Cl)c1C(=O)NC1CCN(C(=O)c2cc(C)c3nccnc3c2)CC1c1ccccc1
09d1861929b64f9db507ad51f2d758449b5dee27014b3dc6d173db140acf8e4c,bc38fdc9621996317f5668941d1bb522f21970321d60f5d630130cd00d9d2f09,C1CC2CC1CC2N[*:1],COC(C)C[*:1]>>COCC(C)[*:1],COC(C)C[*:1],COCC(C)[*:1],34869,48372,1,1,1.0,8,5,5,13,13,8,5-9,Cc1ncccc1[*:1]>>c1csc(C[*:1])c1,d6e3a7cce762e03b5bfa5bb0965757ad28c7ac85b03cd0f6d6622a8e59a1ab67,3cf26b61780c58d41e917606470965aec9aa5ccffd60e2b340ed6f1e23b54600,COC(C)CNC1CC2CCC1C2,COCC(C)NC1CC2CCC1C2
c99c8115d15f5fa4b9114b40e4354519ffcb599df04de7d2a6eb9434f27feba1,2d0f339d0f8cbf0c42b7fca7827102889b053ad0a0e9c89ed8b5d2b85ee46666,Nc1cc([*:1])nn1-c1ncccn1,CC(C)(C)C[*:1]>>CC[*:1],CC(C)(C)C[*:1],CC[*:1],1799,2566,1,1,1.0,12,5,2,17,14,8,5-9,CCOC(=O)[*:1]>>F[*:1],c7a868927422d0923658865943050497aa8dcbb1be3a3570e0ac6f5840dc54f8,2a641a6ad69f8f6300f7534f972942cf5d2d04fe5483387fc330fedc89100ca3,CC(C)(C)Cc1cc(N)n(-c2ncccn2)n1,CCc1cc(N)n(-c2ncccn2)n1
4df73d2904506288e74760a69de9e8fc30ce13802295a02aa1039f0fd1168ffc,752ea9610e7b357b2b6af8a65465a48af2c527048915825561325cff392c4928,CC(C(=O)N(C)C1CC(Nc2cncc(Cl)n2)C1)[*:1],CS(=O)(=O)[*:1]>>FC(F)(F)[*:1],CS(=O)(=O)[*:1],FC(F)(F)[*:1],15941,30673,1,1,1.0,18,4,4,22,22,8,5-9,CNC[*:1]>>OC[*:1],274140c4304542342ac872f0ac36e25dedfdc468f6780cc9d6a2d2321bd077d0,076cb3b88a74a2a934dd661680200a26613fff5fde79d7e3820eede230456416,CC(C(=O)N(C)C1CC(Nc2cncc(Cl)n2)C1)S(C)(=O)=O,CC(C(=O)N(C)C1CC(Nc2cncc(Cl)n2)C1)C(F)(F)F
a4b7543290471acb1a209d953aea6f630425d1093c16cbced07e7969360ea3a3,75fd47c14086617b321ad6ba37d7682f061bed3e0854dc456f2c3168b6d8806e,CC(C)(NCc1cc(-c2ccco2)on1)[*:1],CCc1ccc([*:1])cc1>>Cc1cccc([*:1])c1,CCc1ccc([*:1])cc1,Cc1cccc([*:1])c1,35707,1407,1,1,1.0,15,8,7,23,22,8,5-9,CO[*:1]>>NC(=O)[*:1],2be48cc2fdc62b5c1d0605a6926634d9e1e8da40cd38781ed8c93889940d50ee,80b58b5f33cf12ef4c38c25dee87f1a1309d54a89eea450fc11c38230f658121,CCc1ccc(C(C)(C)NCc2cc(-c3ccco3)on2)cc1,Cc1cccc(C(C)(C)NCc2cc(-c3ccco3)on2)c1
65e34ed8b8bc34a85af6113a1f63b5e6cedbb1b35ffee720b01d0a1185cc7102,136178627861458be8e07bddf7525beb62d97b8bfb00a163670e1b9ad074d8eb,CC#CCN1CCOCC1CNC(=O)[*:1],Clc1cccc([*:1])c1>>Fc1ccccc1[*:1],Clc1cccc([*:1])c1,Fc1ccccc1[*:1],27200,6616,1,1,1.0,14,7,7,21,21,8,5-9,CN(C)C(=O)C[*:1]>>Cc1ccncc1C[*:1],52207d7ea5e54d145292ca95f31b7199c7473377b78c8b12ab21eb2a7f627555,f2fd08b5e5df33f8f0485586b7a1ecb0ab992908c32292cba8a0933f446ff6ed,CC#CCN1CCOCC1CNC(=O)c1cccc(Cl)c1,CC#CCN1CCOCC1CNC(=O)c1ccccc1F
56ef376305f303941a5c5117e9c1838395d9766d4a4e85c12198813c5bb018b4,25caee23620a4c8a32ed88f6b52c0c7cd6de85627dc9f69888b545dcf185a2cc,COc1cc2c(cc1NC(=O)C1CC(=O)N([*:1])C1)oc1ccccc12,Cc1ccc(C[*:1])cc1>>c1ccc(C[*:1])cc1,Cc1ccc(C[*:1])cc1,c1ccc(C[*:1])cc1,10288,16434,1,1,1.0,24,8,7,32,31,8,5-9,CC(O)C[*:1]>>OCC[*:1],27f8ec2ee76a47df2ab123e160b7f27829a7bbad5b04584a4335b36fe5351996,96dfde2d06b93023633ba3aee506a03dd1ecba4a247713032ab3842b6977adfa,COc1cc2c(cc1NC(=O)C1CC(=O)N(Cc3ccc(C)cc3)C1)oc1ccccc12,COc1cc2c(cc1NC(=O)C1CC(=O)N(Cc3ccccc3)C1)oc1ccccc12
eb3a4dae3ac4be82f6317828b1511902ef7ad0ba010242a9155f4c8535340e80,1dbb0900d2a2ebbb96b517ec19a72bc8fb181473a26fd8a578b3a801056f68dc,Cc1cncc(C)c1C(=O)NCC1CN(C[*:1])CCO1,C=C[*:1]>>OC[*:1],C=C[*:1],OC[*:1],20632,32981,1,1,1.0,19,2,2,21,21,8,5-9,CC(C)O[*:1]>>CC(C)[NH+](C)[*:1],97a1d17c89b6cf33bd335da029f19dc8bfac5b8f19de73004d8bad748b588057,259b886d8957e581e59bb068358bc11bb4e8a708922978955eef6bee27e39b44,C=CCN1CCOC(CNC(=O)c2c(C)cncc2C)C1,Cc1cncc(C)c1C(=O)NCC1CN(CCO)CCO1
7f57bf13302c9936f2af796b594a2e91e691d5167a80d8d1f0038f60618a60d8,f130ae1d968db733ce6305d985598de39a530032aa6aff3ff277c9412c34775f,Cc1cc[nH]c1C(=O)N1CCC2CC[NH+](C[*:1])C2C1,COCC[*:1]>>COC[*:1],COCC[*:1],COC[*:1],368,37522,1,1,1.0,18,4,3,22,21,8,5-9,Brc1ccc([*:1])cc1>>Fc1ccccc1[*:1],2e06225816bebc5bdac5b1e48f8a88fcb1b9002196051929b76fa82a21382556,370d4d5490d8ecaffe1a5add79fb43da50b41845a7464d3250a90b9927c758cb,COCCC[NH+]1CCC2CCN(C(=O)c3[nH]ccc3C)CC21,COCC[NH+]1CCC2CCN(C(=O)c3[nH]ccc3C)CC21
2e3c27b5eb740ba34f95450630625e4d408e0729e99df24df2f44553bf83692c,0fa0a407cd75deda2cefa7f310f28081f18e0394d2654a2100b8725b75b55500,CC(C)(CNC(=O)NC1CC[NH+]([*:1])CC1)[NH+]1CCc2ccccc2C1,C=C(C)C[*:1]>>CC(C)[*:1],C=C(C)C[*:1],CC(C)[*:1],33862,24585,1,1,1.0,24,4,3,28,27,8,5-9,C1CCC([*:1])C1>>CC1([*:1])CCCCC1,cb36a4ebd0f045e6ce31effe19fd90c935db483386181d1c9e3d353c16d6d56e,0988c4c97c0f2010435e9bc9a3f3eb9ec97f99791305d5273806f78c7c4acf9e,C=C(C)C[NH+]1CCC(NC(=O)NCC(C)(C)[NH+]2CCc3ccccc3C2)CC1,CC(C)[NH+]1CCC(NC(=O)NCC(C)(C)[NH+]2CCc3ccccc3C2)CC1
c53346c68dc64e841892cbbb87f42e88db06b156a662e23e5278b4c7bc530fae,e1ee2e3505b5ceea77611044653b209172d79e7c5462f43dd6c932bbc00c900d,CCCN1CC(=O)N(CC[*:1])CC1=O,CCOC(=O)[*:1]>>N[*:1],CCOC(=O)[*:1],N[*:1],49786,1147,1,1,1.0,13,5,1,18,14,8,5-9,COC(=O)CC(C)[*:1]>>COC(=O)C[*:1],5c0e9057bbd8b1506d51622f0ea23e56ed7e7d13723649d4ce7305131ec4951b,65e6cfecec92ee6c200848da009aa9e928021452bc26547093d3e67489d48db3,CCCN1CC(=O)N(CCC(=O)OCC)CC1=O,CCCN1CC(=O)N(CCN)CC1=O
fdbee4fba1f8d4f238904f72520f50ea992955c4182e4c20ef7399d31285562e,7b91e789f84cbb25b247f1970600d220b436346a844fdd3b04ea0b2f1fcbdbe8,CC(C[*:1])NC(=O)C[NH2+]CC1CCCO1,COc1cccc([*:1])c1>>Clc1ccccc1[*:1],COc1cccc([*:1])c1,Clc1ccccc1[*:1],5443,17403,1,1,1.0,14,8,7,22,21,8,5-9,O=C(O)C[*:1]>>O[*:1],1ffbc4adbea6f8d1dd952becbc00b27b098bd0f35779814bf6fda69b1af75a6a,86bb3fc6c7fd7c5c5e9d9b65435179c9f620fa6702c6d25795177e57ddaaede0,COc1cccc(CC(C)NC(=O)C[NH2+]CC2CCCO2)c1,CC(Cc1ccccc1Cl)NC(=O)C[NH2+]CC1CCCO1
aaeb46812ea7ebe6d1dad594bed7c11e0173c6575132695972699f924ba944c6,937db83a8673e6e670ac6c7ed6d8e4d59ab6c460f68d337671e032b974843ed2,CCC1NC(=O)C(C(C)(C)C)N(CC[*:1])C1=O,CCO[*:1]>>FC(F)(F)[*:1],CCO[*:1],FC(F)(F)[*:1],31301,37281,1,1,1.0,16,3,4,19,20,8,5-9,Br[*:1]>>ClC[*:1],8454ef5747cfa658ac423f68eaee25110018c53535d94bb061e7fe1c16a95a0a,12a79871e15329676630b78d3eeecc8ce90830a19e02eabab7966f152d33cd23,CCOCCN1C(=O)C(CC)NC(=O)C1C(C)(C)C,CCC1NC(=O)C(C(C)(C)C)N(CCC(F)(F)F)C1=O
ec8fd6fdc58c3b58d7f58a1c0732398afea4f01e5aaf91bc91632adb8571c3e3,f21fcd247618c3ae2699ee8da6c3345ac83f59661217cb0d6c32aa9a28bfbd4a,NCC1CC2CCC(C1)N2c1ccc([*:1])cc1,CC(=O)[*:1]>>Cl[*:1],CC(=O)[*:1],Cl[*:1],41366,17197,1,1,1.0,16,3,1,19,17,8,5-9,C1CCC([*:1])C1>>COCC[*:1],008dd029e1df15a2f001d81cb935ac849ac444156aa1486fd0229e17a73be53b,3ff271a70c190f87f0ec0450bcf707daafaa3d20e42986f5a78af9cb4ede994b,CC(=O)c1ccc(N2C3CCC2CC(CN)C3)cc1,NCC1CC2CCC(C1)N2c1ccc(Cl)cc1
9a1474963a12d997e2f0a7af1a769318d7808a2cc606af6b6ef330a8cbe90727,bc9172fab1656c16f608eb0a8c3da36da9a9e4fa999dd0effbd4871cf97e4766,CCn1c(SCC(=O)NCc2ccccc2[*:1])nnc1-c1cccc(Cl)c1,C[*:1]>>FC(F)(F)O[*:1],C[*:1],FC(F)(F)O[*:1],3609,44139,1,1,1.0,26,1,5,27,31,8,5-9,CC1CCC([*:1])CC1>>Cc1cc(Cl)ccc1[*:1],87e0c71dd51cea803650ee7b7862b629c02711312ce7a0f77a4c7f1ad35acbc9,5227927954c9107d112d4eddaf475f1320f5b407f9cc154209f40ce1d2a088a2,CCn1c(SCC(=O)NCc2ccccc2C)nnc1-c1cccc(Cl)c1,CCn1c(SCC(=O)NCc2ccccc2OC(F)(F)F)nnc1-c1cccc(Cl)c1
bc0d6c3366662db4c1e9ef010d894d1c9dc92a5f405841965ed671729170eb32,8440a18989e27057ac57efb5cf4f5827682f1b566e06725654178ff870d58321,Cc1cncc(C)c1C(=O)NCC1CN(C[*:1])CCO1,CCC(C)[*:1]>>OC[*:1],CCC(C)[*:1],OC[*:1],43335,32981,1,1,1.0,19,4,2,23,21,8,5-9,COC(=O)C[*:1]>>CS(=O)(=O)[*:1],6efae3d3c17368fb4b1b178cd82010aaced5dcb9ea8cc9e7de4d0feec73c869e,259b886d8957e581e59bb068358bc11bb4e8a708922978955eef6bee27e39b44,CCC(C)CN1CCOC(CNC(=O)c2c(C)cncc2C)C1,Cc1cncc(C)c1C(=O)NCC1CN(CCO)CCO1
70927a682a1b2a25c30870e929a6983d53b713d7552df4a03a1f4277ea8c6d3e,9d3849d2ce0520190082778116c1266cdcf83e29360823a9e43323ef264f8197,Nn1c(SCC(=O)NCc2ccccc2[*:1])nnc1-c1cccc(Cl)c1,CCOC[*:1]>>C[*:1],CCOC[*:1],C[*:1],7208,30523,1,1,1.0,25,4,1,29,26,8,5-9,C1CC1C[*:1]>>COC(C)[*:1],3aa936f042a4e9df1c7a2266796e6cf46cb5ca1dbbc18a88bdf77f0d1a4c7a16,714f637f5d59a388ad796868e10f88938ee5c89088b51784efedb83eec758f32,CCOCc1ccccc1CNC(=O)CSc1nnc(-c2cccc(Cl)c2)n1N,Cc1ccccc1CNC(=O)CSc1nnc(-c2cccc(Cl)c2)n1N
09877c469d4915492c88361bc5fd251cafa998dc23d08b57468654c1dcd4a4e7,af5206cb7c2e4822144f54410e4f2a973a9f8235fb2ea1193685146eee4c6869,CC(NC(=O)N(Cc1ccccc1)[*:1])C(=O)N1CCCCC1C,CC(C)[*:1]>>FC(F)C[*:1],CC(C)[*:1],FC(F)C[*:1],21807,13593,1,1,1.0,22,3,4,25,26,8,5-9,C1CC1[*:1]>>C[NH+](C)CC[*:1],ee2447dca2a22edc916bda59919450cc8809079bf5982e3274dd74828cd67696,0f78537d205fa8515cb33d8d14c575dc5b198e7644a9663150a2a74c9afd1348,CC(NC(=O)N(Cc1ccccc1)C(C)C)C(=O)N1CCCCC1C,CC(NC(=O)N(Cc1ccccc1)CC(F)F)C(=O)N1CCCCC1C
e68b8d34f3553803a4cea5ef6a96deea333bbba475594648b01763e678fdacf4,5f9a3c0f74f406f17c9e47dc917d1dcf351433497fff98bb91d0c9a420f6b147,NC(=O)c1cc(C(=O)N2CCCC([*:1])C2)nn1-c1ccccc1,F[*:1]>>O=C([O-])[*:1],F[*:1],O=C([O-])[*:1],27372,27358,1,1,1.0,22,1,3,23,25,8,5-9,C1COCC([*:1])C1>>Cn1nccc1[*:1],b5b6f0cb0da6885a02de3e5d4a5a693a9dc799086b8f08f57bd773c1ce920be5,37cf658d2a6008df5608bd1d430ac9b4e1e991a2a34a766e534b540f21e56696,NC(=O)c1cc(C(=O)N2CCCC(F)C2)nn1-c1ccccc1,NC(=O)c1cc(C(=O)N2CCCC(C(=O)[O-])C2)nn1-c1ccccc1
f885e4417134210b6576e88d4e80bffc4ba756fe705b488e3a1109da361d38a7,a8b5c233962dc5b33cd33bbfadc9217ae77e472a85f64b24ef9dbcb7eb901b6a,CC(=O)NC(Cc1nc(C(C)(C)[*:1])no1)c1cccs1,COc1ccccc1[*:1]>>Fc1cccc([*:1])c1,COc1ccccc1[*:1],Fc1cccc([*:1])c1,2593,8894,1,1,1.0,19,8,7,27,26,8,5-9,C1CC1[*:1]>>Cc1cc([*:1])no1,77b692a1bb317276c9b7efabef9c4deb50fc9e156633f99dd9b41097e049bd99,0edf5b061b306a6d164a9785949c38f8c7536e6222f009f427e36f54a31a2075,COc1ccccc1C(C)(C)c1noc(CC(NC(C)=O)c2cccs2)n1,CC(=O)NC(Cc1nc(C(C)(C)c2cccc(F)c2)no1)c1cccs1
7fec59ca156a559bf04e768e3598ee47d0573f2ad4d29051f9089461f84ab48b,0be40d2a32379efce9a0840fc0e3c0cb49b099a7805ce9999c03fc1574afa364,Cc1nn([*:1])cc1C(=O)N(C)C(C)C1CCCCC1,C[*:1]>>FC(F)C[*:1],C[*:1],FC(F)C[*:1],21686,7385,1,1,1.0,18,1,4,19,22,8,5-9,CC(C)(C)[*:1]>>CCC(C)(C)[*:1],132bf6f49d9bef9df192f5a08428dd0ed111ea8dc0f30fb990c613da61b96445,868791417da26ee441b0e4bcda58dfcc8cf7ece68b0439feaa2343895c2f004f,Cc1nn(C)cc1C(=O)N(C)C(C)C1CCCCC1,Cc1nn(CC(F)F)cc1C(=O)N(C)C(C)C1CCCCC1
df808f9d4e0e99c7169c100eec7a23877574af04a9f7aa0471d920f9dfc2e952,2a2ec6e11fa175ca6ee6133e9ebf1c4c33522938e72361b89a5ec3c6c6beaa2f,c1ccc(-n2ncc3c(N=NCc4ccccc4[*:1])ncnc32)cc1,CO[*:1]>>O=C([O-])[*:1],CO[*:1],O=C([O-])[*:1],18581,49831,1,1,1.0,24,2,3,26,27,8,5-9,CSC[*:1]>>NC(=O)[*:1],0e147522b0690d543e0e74de8d85b105a39de3535d2af6aa7cdcb958d5c5e219,96daf0d826d07d13bfab6ee27c7000fc74deec09cc6163e0c381f7ab8d90f8e7,COc1ccccc1CN=Nc1ncnc2c1cnn2-c1ccccc1,O=C([O-])c1ccccc1CN=Nc1ncnc2c1cnn2-c1ccccc1
bf92e3af17197728759a2ace3b75be8b5e7f5f57ee2bbb08c7c392dc8c8d1eb5,6176f46348a40ce79cfd3845e4ad4f7c22992f68ac385f031c59ae25275bba2b,CCc1nnc(N(C)C2CC[NH+](Cc3ccccc3)C(C)C2)n1[*:1],C=C(C)C[*:1]>>CC[*:1],C=C(C)C[*:1],CC[*:1],49861,21202,1,1,1.0,23,4,2,27,25,8,5-9,C1COC([*:1])C1>>COc1ccccc1[*:1],b4f4b0ca8191fa400c3e95655afd1581c4c445975a33368ac9403422d2da036c,486fd51b334b8c46d98c6afa0742ae833f790aa98c6600061c7ba884fef7f9cc,C=C(C)Cn1c(CC)nnc1N(C)C1CC[NH+](Cc2ccccc2)C(C)C1,CCc1nnc(N(C)C2CC[NH+](Cc3ccccc3)C(C)C2)n1CC
1bf66288b54b06e93904e5142ddcd1b60cc04b1c4b89097274c1aa14f7a50cc1,db456738b8aab1c9b23431cb44e265589ab96015853e81b70c63df3749c32ca3,CC(C(=O)O)C1CN(C(=O)NCC2([*:1])CCC2)C1,CC[*:1]>>CN(C)[*:1],CC[*:1],CN(C)[*:1],35329,35221,1,1,1.0,17,2,3,19,20,8,5-9,CC(C)[*:1]>>O=C1NCCC1[*:1],c7edff610192764e5041c165750c90dc09e4fcd165051ae6c2d28a1520802c0e,8c3e51f6290b8298cd233d80fd5c1dff979809ffb6b88aec24e7cbf6fa351559,CCC1(CNC(=O)N2CC(C(C)C(=O)O)C2)CCC1,CC(C(=O)O)C1CN(C(=O)NCC2(N(C)C)CCC2)C1
6f1bc611d2285f61d9a9bb4a836d937d1279fe1a6fef2d3bf94b6b5880cbdc33,dca5fe4b5235c7bc2f5bbafc27981ae476104822a1c4b744fba44de92d0929bb,CCCC1C(=O)NC(C)C(=O)N1CCO[*:1],CCC[*:1]>>FC(F)(F)[*:1],CCC[*:1],FC(F)(F)[*:1],14799,34988,1,1,1.0,15,3,4,18,19,8,5-9,CC(C)N[*:1]>>C[*:1],2715dc21e601fed2553baddaaf81cd12cea9a5d4afbf834a6e305c1e85ed856b,f555cacca5ccd669dc199e99d7c7f0e0424521907e88a0294117801ecbcc109a,CCCOCCN1C(=O)C(C)NC(=O)C1CCC,CCCC1C(=O)NC(C)C(=O)N1CCOC(F)(F)F
e451f01d69e18675a624716273d74b733c6bd566845035c620b7c1260ac2a072,0e332d0f9520e643e2b6c9d968c24a43a4bd6b48f851553b791b2be2abe3d07d,CC(NS(=O)(=O)c1ccc([*:1])c(Cl)c1)C1CCCOC1,FC(F)O[*:1]>>F[*:1],FC(F)O[*:1],F[*:1],38913,44624,1,1,1.0,19,4,1,23,20,8,5-9,C[NH+](C)C[*:1]>>O[*:1],63b15d1da10fb8836b973cd04fdc1f07c0a4209c51c048377eccf15825c4cbe1,6819a1f1e8f5b40b6151507852c076cd0fee9495419bc703f6f8d28c6a1f93f0,CC(NS(=O)(=O)c1ccc(OC(F)F)c(Cl)c1)C1CCCOC1,CC(NS(=O)(=O)c1ccc(F)c(Cl)c1)C1CCCOC1
d5a333d25f1799f2659a72e84d5ea381a455445df47213671effaeb77fad954d,233d80aa079e6e979edecf3bfa9e67c24cf831fc9ac0f3c4966e767fe026bdd0,Cc1cccc(N2C3CCC2CC([*:1])C3)c1,CCN[*:1]>>O[*:1],CCN[*:1],O[*:1],27966,22866,1,1,1.0,15,3,1,18,16,8,5-9,Cc1ccc(C)c([*:1])c1>>Cc1cccc([*:1])c1,0c5005f748db473a669a5139e4ee190d73b31d5cc127d6ad9950b2b20391162a,e7c3e489d4d927717c1772d3814743966fd392edcacf7e7a490f9a5afda15477,CCNC1CC2CCC(C1)N2c1cccc(C)c1,Cc1cccc(N2C3CCC2CC(O)C3)c1
32cde93488a5b170788a2eb3fee7940ea703152065cbd44d7fbe700d630fc387,d750f4e15975d20e2ea957419eb389b894a9b48c20db353a04890d5bd63c232e,CC1(C)C2CCC(C2)C1C(O)C[*:1],C=C(C)[*:1]>>C=C[*:1],C=C(C)[*:1],C=C[*:1],46563,38370,1,1,1.0,12,3,2,15,14,8,5-9,CN(C)[*:1]>>OC[*:1],1fe4c463c6b104459e72d1863db31dccee4813a0515a49decb28e67cb8aeb6b7,ac8e399cc7e22a963296482af67f0d235ca25260fb9ea1d862f72de9cad22b49,C=C(C)CC(O)C1C2CCC(C2)C1(C)C,C=CCC(O)C1C2CCC(C2)C1(C)C
b57c9a9b1f04eac7d9ca3fcafcd7dc31599470510c8532cb8500966bc4b4c02f,cede77dc3cffa9655b91a78c6b6cccbbd37564b0d154f087b84d5932503f431d,NC(=O)CCC(NC(=O)C(Cc1cnc[nH]1)NC(=O)C(N)[*:1])C(=O)NC(Cc1cnc[nH]1)C(=O)O,CC(C)[*:1]>>O=C(O)C[*:1],CC(C)[*:1],O=C(O)C[*:1],4588,40546,1,1,1.0,34,3,4,37,38,8,5-9,FC[*:1]>>OC[*:1],2f20d3f28da967690fb634d9411bf1ff347a7a7b7172c502707a9363e692dd44,5058b9d18a608a5551f93e5e968a18b72bba5d131546ed91eea7a5b1ad594838,CC(C)C(N)C(=O)NC(Cc1cnc[nH]1)C(=O)NC(CCC(N)=O)C(=O)NC(Cc1cnc[nH]1)C(=O)O,NC(=O)CCC(NC(=O)C(Cc1cnc[nH]1)NC(=O)C(N)CC(=O)O)C(=O)NC(Cc1cnc[nH]1)C(=O)O
104a638ba12c65abc5d358a564e69855038133ddd2f2bc89af30975a83bf15b7,babea63c98d478407a55e7f81e95b6965545b6fcf39859cb0313bf79776b80f1,CC1(C)C2CCC1(C(=O)NCC=CC[NH2+]C[*:1])CC2,C=CCC[*:1]>>CC[*:1],C=CCC[*:1],CC[*:1],47705,35335,1,1,1.0,18,4,2,22,20,8,5-9,C1COC([*:1])C1>>Cc1ccc([*:1])cc1,538b9357b647aaf0f6d3902325854cb38302106345640bf342c1949045a847e0,3214faccd91974dbc0e11446d31d79db974eb13a6aac0f1ed32a9d4d5c396264,C=CCCC[NH2+]CC=CCNC(=O)C12CCC(CC1)C2(C)C,CCC[NH2+]CC=CCNC(=O)C12CCC(CC1)C2(C)C
251660308d45f5a140dd94d3acac14effc72e9332b06c43e22058bdba66ad402,d42795a46d05d2584958872474ce8e9253f7df4688c582e7b99d6f13db4d3766,c1cnc(NC2CC([*:1])C2)cn1,COC(=O)C[*:1]>>O[*:1],COC(=O)C[*:1],O[*:1],31495,27211,1,1,1.0,11,5,1,16,12,8,5-9,CCC(F)[*:1]>>COC(C1CC1)[*:1],98b5bb34b3726f9ee55ef64597c13679548545ecbbe64e46350574efd8b3c43a,df0db964d2a4e284818ade9d319332205954f36d4451cd5f48e53578bde035a6,COC(=O)CC1CC(Nc2cnccn2)C1,OC1CC(Nc2cnccn2)C1
09851cfe4b9c380019e4c6e30444d9ce944e130b9c5821bcde30627d29489a27,5be3aaa963cb95baa86ab1e13b0f4013ac5121bd67d139e373c6bec2476656b2,CCCNc1cncc(NC2CC([*:1])C2(C)C)n1,CCO[*:1]>>O[*:1],CCO[*:1],O[*:1],35205,33771,1,1,1.0,17,3,1,20,18,8,5-9,CC#C[*:1]>>CCC(OC)[*:1],36cf16abd3593482d2f664f1ff952bb3b6476ec63d736b9143a4c980ade9db99,af7984a51ff142fbc32f44fa054e989e1f009b516473636781718b64cf2a2afb,CCCNc1cncc(NC2CC(OCC)C2(C)C)n1,CCCNc1cncc(NC2CC(O)C2(C)C)n1
d54680c7c0e0a6bfdf225d9207a43f84a1e70352369dae52c6354bd18d2799b7,11f14d6a381c2d9caf164c45fd2f51222d994e5c19b826c63d5274d7a8d15e02,CC(C)(C)C(NC(=O)NC1CCC(=O)NC12CCC2)[*:1],C#C[*:1]>>OCC[*:1],C#C[*:1],OCC[*:1],24439,34590,1,1,1.0,19,2,3,21,22,7,5-9,C#C[*:1]>>CC(C)(C)[*:1],f0c5c7fc602e30a497b9fa377393b5dcdb0db00969f5b0da879670816bb05147,e34f242b2f40f60cc91be697d8cbb05a0defc0ec558ac1167cbd8bb73ec4f441,C#CC(NC(=O)NC1CCC(=O)NC12CCC2)C(C)(C)C,CC(C)(C)C(CCO)NC(=O)NC1CCC(=O)NC12CCC2
7d3e0dfafe88024628921a08e2b415ebd29bb46cd9f97e06150d9bad9992eeae,55773e9044a1f5ccaad2660794c5785a080102cfadc46e200f408102c95419e4,COc1ccc(OC)c(Nc2c([*:1])ccnc2Cl)c1,Br[*:1]>>CC(=O)[*:1],Br[*:1],CC(=O)[*:1],46159,22471,1,1,1.0,18,1,3,19,21,7,5-9,C1COC([*:1])C1>>CCC[*:1],b9cc9b1fd3e5d1dae9c0a24de7c935f871609baa8c758a46a5df6a81daf98199,c98236fb2f89f8d1d6de594df1efb13621c5a9b96084ebe64d099dce765495b7,COc1ccc(OC)c(Nc2c(Br)ccnc2Cl)c1,COc1ccc(OC)c(Nc2c(C(C)=O)ccnc2Cl)c1
7148822c3dba0fd6c6b602fd6d4f39cd75627640eaa05362ec03c0fbe285652f,94b6b1496a0558bc904fd3db7828e7ce17b61b8064186c74c2fef71437ff9ac2,O=C1CNC(=O)N1CC[NH+]1CCC2C1CCCN2C(=O)[*:1],COC(C)[*:1]>>C[*:1],COC(C)[*:1],C[*:1],26159,9976,1,1,1.0,20,4,1,24,21,7,5-9,CC[*:1]>>Cc1ccncc1[*:1],9077fb8faa2348f7348f22322724193bc22324a1c30544de7c627816189d0ad0,18e4ed6d9519af4af66fbc86e035534731d0b89aa7771bebeb1e684549da6efb,COC(C)C(=O)N1CCCC2C1CC[NH+]2CCN1C(=O)CNC1=O,CC(=O)N1CCCC2C1CC[NH+]2CCN1C(=O)CNC1=O
814c7ef479842a36f9a24a2dd52c8a115c53daac73be31099ac4c8cbd6b37d5d,c9ca8325f0fd62ec596b1dc8e00e7e9e93c182e4ed11e1fc89b340efe1715b56,CCCN(CCC)C(=O)c1ccc(Nc2cncc([*:1])c2)cc1,CCO[*:1]>>CN(C)[*:1],CCO[*:1],CN(C)[*:1],4424,10816,1,1,1.0,22,3,3,25,25,7,5-9,CC(C)OCC[*:1]>>CCC(C)[*:1],de0dedf3224f55c9b4738a14fb1d49b83fa349a620e6f8276a2f903d2e177dab,f3389617e3758407086b65ca6f96f6bf1f47d7c07e7df3eeae6e34c834e880b8,CCCN(CCC)C(=O)c1ccc(Nc2cncc(OCC)c2)cc1,CCCN(CCC)C(=O)c1ccc(Nc2cncc(N(C)C)c2)cc1
30e38956f16b30af6d28530b7cec158c96e3284679127e0a5d90e4551098fd90,8c809c6349802dc53859ce5e21cd1450b78d0614b12afb504ef3d2891a3c2c11,CN(Cc1ncn[nH]1)C(=O)CO[*:1],COc1ccc([*:1])cc1>>Clc1cccc([*:1])c1,COc1ccc([*:1])cc1,Clc1cccc([*:1])c1,43239,31830,1,1,1.0,12,8,7,20,19,7,5-9,COc1cccc([*:1])c1>>Fc1cccc(F)c1[*:1],73e3323e85c4330e419111dd6dbe7f5454a030edfe897ad52be4da1ac46ed309,ea31aec297142ae3d2328e354f62aeb4d50ac9d5b98792da71193255c8ad4beb,COc1ccc(OCC(=O)N(C)Cc2ncn[nH]2)cc1,CN(Cc1ncn[nH]1)C(=O)COc1cccc(Cl)c1
d759110277ef2e677b7e214637da6518fa5ce8825c73393e7f5f990fa6df48e1,b7fa8d22472f82171b075cf42a2663aaa4f9b1b38f8b9d340588af81fb229ead,COCC(O)C[NH+]1CC(O)C(NC(=O)C[*:1])C1,C1CC1[*:1]>>CC1([*:1])CC1,C1CC1[*:1],CC1([*:1])CC1,13023,19815,1,1,1.0,16,3,4,19,20,7,5-9,FC(F)C[*:1]>>c1ccc(C[*:1])nc1,fe7856dea0fff1e7736b4bbcefd928cb937c902620f485332cba71153693a08a,5d1f33606af71c0bdacaf0848d941a116f893c5e4f43ac0a335f8d3a354faad7,COCC(O)C[NH+]1CC(O)C(NC(=O)CC2CC2)C1,COCC(O)C[NH+]1CC(O)C(NC(=O)CC2(C)CC2)C1
046bbfdaaa4b7aae1e0bdc93c85e12e9308552522c1d7bd7792f5063884d9eca,3699a25c1976402965d941587353da8844043c5a06f6c646d134927408b09a14,O=S(=O)(CCN1CC2CSCC2C1)[*:1],Brc1ccc([*:1])cc1>>Brc1cccc([*:1])c1,Brc1ccc([*:1])cc1,Brc1cccc([*:1])c1,10738,17293,1,1,1.0,13,7,7,20,20,7,5-9,C=CC[*:1]>>FC(F)(F)C[*:1],1faae5ad0fa73edf8dcda95520b55f278afa9b9dacbb5f09c119746e9fffd8a9,1adb0bf2acadd7c8dee39048710e794d206dd020bbdd1971da0254adf038204b,O=S(=O)(CCN1CC2CSCC2C1)c1ccc(Br)cc1,O=S(=O)(CCN1CC2CSCC2C1)c1cccc(Br)c1
686b92c297fcd15334311676107a165e2fe2311f1c736e454a14c76f67296248,b375056afb04230ec32f45c2167bb79c8a1ce162881a9804e19b275ace6b9bd7,COc1ccc(Nc2cnccc2[*:1])cc1Cl,CC(=O)[*:1]>>O=C(O)[*:1],CC(=O)[*:1],O=C(O)[*:1],4114,27124,1,1,1.0,16,3,3,19,19,7,5-9,C1CC([*:1])C1>>c1cc([*:1])cs1,e346cb82c66d80a7322a0be9f23d62e98a85b66aaa666296d2379ef9d2e9760f,78478a3894f17a795effacd5179dbe80adc452db0a6f461fb938e736a892bc6a,COc1ccc(Nc2cnccc2C(C)=O)cc1Cl,COc1ccc(Nc2cnccc2C(=O)O)cc1Cl
b35fa01dc682ebae7afbd1390abeb79624f386b390c6bccab22ca380be176d7e,8c1b09f859c927d172e7fc9b303bc2efff6ae6ee55c71eba0b41f7c5f1d13d6f,CCC(C)C1NC(=O)C(C)N([*:1])C1=O,CCC(CC)[*:1]>>CCC[*:1],CCC(CC)[*:1],CCC[*:1],23550,37487,1,1,1.0,13,5,3,18,16,7,5-9,C1CC([*:1])CO1>>N#CC[*:1],27cc26ff12ef999bd1c6bd7655c8c4aacd81dd7ba8e1d2442ebf2fa8c788a908,e70a2d880d3fb8bc0d9bb60ce283172d01823a3371fd84a5904762de5a882fa0,CCC(C)C1NC(=O)C(C)N(C(CC)CC)C1=O,CCCN1C(=O)C(C(C)CC)NC(=O)C1C
6a060bf7a1f0762a32be44015c79d83370336c878b078113009f8941ec979d4a,2c7a741dcc34e9a82ae2087f86b970feb85dc12d103ee2296e50344dbf612b1e,O=C(OCC[*:1])C12CCC(CC1)C2,CCOC(=O)[*:1]>>CC[*:1],CCOC(=O)[*:1],CC[*:1],44491,27484,1,1,1.0,12,5,2,17,14,7,5-9,C1CC(CC[*:1])CO1>>COCC(O)C[*:1],6ec60befc917eaf073609d6ee6480e21b3acfdfdc71aace598a75797d916ebb7,42116d58917bae7aa480f34c7a553ccd384e7c36eded15868a53c5b5a3d35ff5,CCOC(=O)CCOC(=O)C12CCC(CC1)C2,CCCCOC(=O)C12CCC(CC1)C2
1da173738117fe299bc3ffb26979e6d88e16a0935cda54c42429496e2c8036c7,ae1a4587e4184dbe234730f525d062030f0be3cdcd06dd63946528287fee3924,O=C(COC(=O)C1CCN(C(=O)Nc2ccccc2)CC1)N[*:1],Fc1ccccc1[*:1]>>N#Cc1ccc([*:1])cc1,Fc1ccccc1[*:1],N#Cc1ccc([*:1])cc1,15557,23722,1,1,1.0,22,7,8,29,30,7,5-9,C#C[*:1]>>COC(=O)CC[*:1],1abcd32c8f1184832dfe7b311b216577e4a422c5d62988261867b0a434ae2589,d00d59653275453e7703ea8fec0c75211b82556ccdc13f069345acfde218abb2,O=C(COC(=O)C1CCN(C(=O)Nc2ccccc2)CC1)Nc1ccccc1F,N#Cc1ccc(NC(=O)COC(=O)C2CCN(C(=O)Nc3ccccc3)CC2)cc1
e3f830df8e0db423e712b2e99e28f3d5ca081288adf0d486d55b5ba165432dd4,757d18996fd0384d419355c5ef399596a532bde73a45f13e0a252db3495291ee,CC1CC(NC(=O)c2ccncn2)CCN1C(=O)[*:1],CC(F)(F)[*:1]>>C[*:1],CC(F)(F)[*:1],C[*:1],47083,15012,1,1,1.0,18,4,1,22,19,7,5-9,Cc1ccsc1[*:1]>>Clc1ccccc1[*:1],d0db04042a22a7864f840185df2a3e051636adb07d3d6e3b9a1718cd27bf2ff1,3b96f465aae8513b525daf6d62792899caeb77c73c193498a098f16c3241dd76,CC1CC(NC(=O)c2ccncn2)CCN1C(=O)C(C)(F)F,CC(=O)N1CCC(NC(=O)c2ccncn2)CC1C
9a4a3b5a9d4b868853e0a62f107f55ad671c1cd96f591b3abe0b28ffd8166ef0,c43ac78a6f1ac90c345b712ef3608f93992c38a0ea6adc586065d8214c6f16d6,CC(C)[NH+]1CCCC1C(=O)NC(CC1CCCO1)[*:1],CCOC(=O)[*:1]>>OC[*:1],CCOC(=O)[*:1],OC[*:1],11245,28976,1,1,1.0,18,5,2,23,20,7,5-9,Fc1ccccc1C[*:1]>>c1ccc(CC[*:1])cc1,2151548c68377733a77aa421b78a2ae25062095292f1a70ccc05a3a85cf157f3,e9ca0d08ed3053cea3593b7cab2c4532ce38e9d7a89213070ef78af612d22585,CCOC(=O)C(CC1CCCO1)NC(=O)C1CCC[NH+]1C(C)C,CC(C)[NH+]1CCCC1C(=O)NC(CO)CC1CCCO1
7d1be0a3a18c509f6ac48663c49a753695ac506bad813cb6a5e38be72e6ea990,52995b2732e2b9cd9e36ae6d11a2bd0458755764c92b9aefb12f141abb4e3771,CCCC(=O)Nc1ccc(N[*:1])cn1,Cc1ccc([*:1])cc1>>Fc1ccc([*:1])c(F)c1,Cc1ccc([*:1])cc1,Fc1ccc([*:1])c(F)c1,1671,14529,1,1,1.0,13,7,8,20,21,7,5-9,CC(C)(C)[*:1]>>Cc1ccccc1[*:1],5dcd5e28e28e0caad8d62f9e71c2fe4c539a0f2c282d1d155140ed03ec3d9772,9a7b6bdd5005d1fc4b58e71b89f2101c075a74bcf70b5a5f683a7967ca0d76bc,CCCC(=O)Nc1ccc(Nc2ccc(C)cc2)cn1,CCCC(=O)Nc1ccc(Nc2ccc(F)cc2F)cn1
149a13c01afe5a4ee19722cb90557f681923fc460a2d3cc6730db30c1449d365,c50fdfd794c447d8dcf9aaedc4da7843399bcbe1cc8b868f3b05cd8f0a5baf27,COCOc1ccccc1Nc1ccc([*:1])nc1,CCO[*:1]>>COC(=O)[*:1],CCO[*:1],COC(=O)[*:1],27305,43392,1,1,1.0,17,3,4,20,21,7,5-9,CC(=O)[*:1]>>CC(N)[*:1],537d20aadd40e58cbd14a68b167d8152eeb921fd5d36b6aafab782d528d01abc,8f575eecda9bef242ba5ecae45db575fd9e0f3c43ff8d6861108c7f5573a1b73,CCOc1ccc(Nc2ccccc2OCOC)cn1,COCOc1ccccc1Nc1ccc(C(=O)OC)nc1
3819c31212841a14a796a38bbfead96a13e828378dbcc12f9357899afa5f5dcb,3e9c8eeafe2355a622ebea59950010dadf3e85dd18816319024017616e07deb0,CN(CC1CC1)S(=O)(=O)c1ccsc1[*:1],CNC[*:1]>>O=C(O)[*:1],CNC[*:1],O=C(O)[*:1],2942,44397,1,1,1.0,14,3,3,17,17,7,5-9,C#CC[*:1]>>C=C(C)[*:1],b39f6b562992b9bee14127bb25de1635ef137caad7a30431aadfb12913f9eed4,97fb68c2bdfa2592421bef50c59fd07cf0a5d5f3efbddf2445a71fbe9cfc89c2,CNCc1sccc1S(=O)(=O)N(C)CC1CC1,CN(CC1CC1)S(=O)(=O)c1ccsc1C(=O)O
dce74f632f9f1dd214fa03b514038a8d770987f1732349a583ecaf754957c5a8,7bdb8567404400468d02364aa36bd6f75bf698a673b092466e19e2160a63ee37,CC(CC(=O)NCC1CCN1Cc1cnnn1C)[*:1],COC[*:1]>>CS[*:1],COC[*:1],CS[*:1],28987,13982,1,1,1.0,18,3,2,21,20,7,5-9,Fc1ccccc1[*:1]>>c1cc([*:1])ccn1,c344bb638247c04eb0b4d56f5136c76bebc261693c1983e2065fcad4ad193e28,5b6ce83f27841e31c2fe366e825c6c2863094fff2458e08cd9b544128907e17a,COCC(C)CC(=O)NCC1CCN1Cc1cnnn1C,CSC(C)CC(=O)NCC1CCN1Cc1cnnn1C
