query_position,target_index,target_hash,correct_source_index,shuffled_source_index,nearest_wrong_source_index,nearest_wrong_distance
0,206298,76ba545b065545d13549d32b924ecb50e27d29ff69e424c3cadb442a1d9d73fe,206298,162385,542272,22.322996
1,209923,05cd36bccb8968d338022bca66690cbcab39d528e6c1af4fd5873cc016e3906e,209923,335827,677886,18.11887
2,594249,ccc8554e4b07d54e3fe7e4c4a2e45a9a17a77a42406c61a4842e23343a7436f6,594249,320304,348893,25.718151
3,304846,f70c9e31785f953cf8ca83f4ad0f4a2c580c3a1db09750e38575cfd8358eb77f,304846,440275,787791,21.133972
4,819085,490c2691e286176e79f6a70310661f2207a8078eb41241c2d14d6e450fb575b7,819085,485697,812769,20.340984
5,938326,d8483f8c429805e6790edd6b1ef91112d1a9679af533d4fe6b664646dd23ab66,938326,644274,242504,20.78235
6,377200,d11aa1730cb54d5f9261b55cb3f448fbf777d0e2135af62188b74a46c43ab7dc,377200,853110,470717,21.073439
7,199199,116f9f286448cd27c8ca8acf6236d654c784a37234ba37474d6e732247ae3329,199199,27656,267716,21.856853
8,399515,cc4e461a4d7e2bd4c80c3a0cdcc1badb7a88cfdf7598d87071f75c4f3735b20b,399515,833888,431427,12.04125
9,102569,3e3f0991789d5387730ef73d59b3a410cdafbaea7d04b39d1d323cf4513fffae,102569,70247,100870,19.30047
10,796064,a615ae54d866b39f60eb87922ef7abba2f65b7e7318fdc25c0ba38a56a3277d8,796064,791408,922742,17.295986
11,106838,c18c15e44fd952ec37fec5ad46e1fed46cce6a3f367cf40628961d5b188bd7cd,106838,972823,516131,24.745264
12,221231,54acfe29792f8511415687a363b3c423731e8ce0ba08ec406dbe8610ac52f54b,221231,439957,423564,24.260876
13,796049,cee09f9592d4f9ea733a7f934cb9754d0e4e569f46bd100a8d0c5c507af0adc7,796049,427019,935826,16.23709
14,724096,11c4c64e72aa5bc499877e2ae8880137244f1d7c70b50c5873dd3defe6ff0fe5,724096,284537,72163,21.643045
15,734182,d51ad06287a5dfdc0b574ab08a3b5ca4cd226ebd7e6071565b22205f318637a2,734182,985315,953932,23.115664
16,721374,35641cd69d8d3f06eb0fc2743af2c4a9135c57017631a8031f7445563a090672,721374,850941,925435,27.46622
17,721352,eefc9a28b1e988a4bf1d9d0bfdabb286c337e3232eb51a3fabe8254a32074945,721352,227940,733899,24.935572
18,852085,5243aa9b28f40dc881fee60509ba5934a321294bb4aae84dc7a043496f2de17e,852085,375334,651616,22.221571
19,453812,1ee899380598586912989f9509c0d0ce241a333263ae91389416eb419a7e3e49,453812,631779,455744,17.945936
20,362122,f9e9d6eab0791157a105f578f11afd4c7d0117cbab1b0bd9ec1ac9b380816eb4,362122,473277,164263,18.74554
21,179612,751ee68330686b560c5d1abd3bc6722ef288ed1c37ff356e75715fc459489c3a,179612,554981,632949,17.736492
22,369368,64c370cd9872572039fa36e777bb0ba46652d6afbcc6a60552f00f7156530cc0,369368,13876,6793,19.343119
23,164836,b0d108d2ae1a1483f84b2340e97cdda6a58abd7b88ab40a349f9b1e347287ea0,164836,812641,656616,22.669102
24,6437,a051c12136d3e472ca4d6ca5f662397989c0ec5f9b6acfee3bd01ef71846b77d,6437,993034,22884,29.91846
25,874399,f1ad1dd77f7f38f82eb85c0b95a4fecd4bc981143b6b901cebefb1841723734a,874399,882801,189327,27.393736
26,908355,cf62cec7fb30cca9b5e1b3c7584bca7dd448ef266c29b45c08700ed34956889e,908355,144383,538628,25.185163
27,92689,68618399734511133c5fa7da2494e182d1b92a113949f600f236492dcc7ae578,92689,54522,757634,20.551058
28,567296,efa80d0a739a557aa3a40f0a7f812148f3b694f4ac42c95d29cb108ffd2105bc,567296,675797,363290,8.808205
29,335686,558ddefcedd7781683cacbaea7e620a3625779c9e0a427ee3c85ec7009540b27,335686,459723,472590,21.376423
30,255801,c7f11297321d646c9e034f0d75700740296ddf9b5a5a640dae19e0ad89870df5,255801,908223,316575,16.01476
31,299352,500e3b3497104f417f4052797fe119cee229448df80e4268f50da9f250e154db,299352,579059,656996,10.672596
32,47869,28d9e049a46e8d5ee3d4c0fc492e3bf4d9f8ba1050b8e9386a84ccf54bdb3e54,47869,764358,902253,29.514608
33,745989,1a2efa7317baac3265368cce939dc81f52d49c567268f5052ec4118e6872284f,745989,709828,371763,18.385344
34,296344,3f397f67d6b5fa8dd9f0bef847407cd6aba8de1408fc3c9d4fadaaf2cbd9ef97,296344,323567,351451,20.312243
35,639391,9cc46067f72073e8b5d5f532052d9f8c983dcb7d6576c4cc2840d6df9dd2c8f4,639391,531897,775161,23.287462
36,19486,746ae4f35a8be7f563da0dd56b4fea7948f5cc813940c731ec1ea9944abe3832,19486,242760,471900,23.808825
37,591223,59cdccfb7b33f558bc5377f0b6ad337874967b2e9decf10e4833087f79cf3e8d,591223,858396,712852,15.920119
38,544279,84af747a9f435929804001c2d890aaf492dde1c4957e00afba2ced64a9548b84,544279,747083,35227,18.624588
39,84248,d40631ffcc8da6e337e5687fc2babf6c82cbb5068379caf4da69428d96e4576a,84248,3241,729719,21.652222
40,505835,af556271ce1cfc8b02d34146af691fdbf18339ebc8cdeb5928379fad2b811a59,505835,54355,495454,14.586894
41,276832,9fa3e9da67d6484d7c4ce40194fbf79f2e82961a2575992c58bff19e6758de5d,276832,307067,395712,16.568409
42,809026,1fe6c0dbb1661f7890bbb6f20d6c5b3d97987e9bedef860eb378225d1803d754,809026,193885,552296,23.773767
43,836643,becbfcc83e7f699bdebec2ba6cbef39e0493ddc0a03bf20fa8acb40792e1047d,836643,385025,437845,25.503872
44,826301,76883ee2236cc58748134ef69b093bfff65bcc4edf2fd3dd361828e3e5517cc7,826301,752257,440274,26.273254
45,326636,14f7e13f1e1164dccdd7060bf6db77f8c0c9a74b4e6fb915641b8e51241b6960,326636,657433,49149,9.369164
46,270421,7529f6500a413920cda8058fdbec91839b626a5c5e619145b8da813808c305bc,270421,694462,431204,13.408781
47,186221,dfd909b93b55f866d571392be7f0e75a1fa71918bb0c44b379d8c7a3ed303de0,186221,770556,248052,17.573347
48,962870,ec9a11da0049d19e35ede098f989353fbfb01c31e86db97f7ddfe8b6fd7398f3,962870,516249,455920,19.658995
49,762127,c5ee29e657be365184ab98059edbc5d72ea22ef587ac377bdb5bd874ebf237aa,762127,731743,732342,21.490528
50,681012,ceb8e8807b971733b3db5975903b11720afb7226ae683ac33b776379aaba5645,681012,817464,966146,22.991331
51,895548,82d544b0af74ebc122d7fbc928ea0d25002a16a2415a56b608c9cbc9e19049b5,895548,547076,648920,22.098131
52,922899,2ef5a0c8a520f552b58461f1a70bcf5fa50285d837240cdc0e3c46642f849539,922899,929008,277659,28.092047
53,643383,d18a1b110d09789677e4ebc78fa93320ba80a065dcce758c7805d20f35e2a061,643383,732878,559437,13.635868
54,345317,0a08ce3105be8296efdf02bf7fdf2ce370cc67fa8b524792d1325f171407d5d4,345317,148504,419740,24.532719
55,41882,014c81ed13afcd30f06ba77ee4f34ec3e92d6195679da3a1cda08a3d7151c0b3,41882,921833,201311,20.385593
56,729084,67e66ca05591755a01d3b05cc8e3cfb96f5d3d222967e9eff2d08d69f8dffefd,729084,878207,728162,20.877619
57,488692,5360d82769454398aecf2107c69a6de6eca7be4bb0d00945576674a589901b69,488692,251462,626273,23.690153
58,983573,9a5631c739fb0bf1470f5c4062e10ffa27078a7a1378dee0f25e0d647a08ed40,983573,767807,176279,24.396673
59,698284,0d6e3b1ee96d88314823f37c680a0d392ffbb0e680c3fcb598813b74be17bbec,698284,211334,748673,15.420695
60,465872,993aaa87f5e56b99e34dd0e9d33275a6467e4efd48ad58fbdff854c5e81d9266,465872,188243,222838,21.198795
61,270360,1f2f8f6f20b2b4589c486ea69b84199425a935e266fabe6182da29ae28deab2d,270360,32520,55241,22.553644
62,357425,ccb65aa1d02ce80756a7dc9095932a92adb2909580f0459b218a5b5b15172389,357425,69888,846169,17.161057
63,68546,29ba495defb613f2137a0a40e1a801ceed69badbff30459ed0be9c60358dc62b,68546,670378,173383,22.803583
64,74614,c17be9f24bba7564a31dc26d6ed5779e3e293120446449d6017bb787e3602a35,74614,110572,261037,22.01961
65,879413,9beb18895c7bcf515ebd75aa54c851cb529a463c0d54a8eee0f25fd4e024c216,879413,296262,442179,21.876345
66,14494,adf58c506ed52d6b33aadcf44e3ec36ca690e67a8b2bdfcb6259450f413eac9b,14494,703355,501894,23.227123
67,307466,4f3f874c98215e582de7ebb757621d58e5e374cd415d0c6834f1556484d734fd,307466,13807,308129,17.186577
68,884434,4e250460ecefc91235ee29c051eb9b7008ba273db945dae206808419b33bb53d,884434,7044,768092,12.099997
69,876394,f91970989925a6d3fe0c378cd6461b02f3400d06ac430ce32fffd8c352a5fc8e,876394,678622,212246,20.66677
70,215482,f7b31ec73769fff1885b414a4278b435f3a2c22fb765e099c849fdb162e45b11,215482,701988,804024,21.004307
71,4883,eb68eb21494e4b8f3458251ec296249fc2848bc39c206deff298f52de450219c,4883,779999,613627,22.313305
72,332787,2b5658733fcbfb44140da03370b27fa8c2451cc452043df2fdc5332b476de9ef,332787,756408,779797,26.202415
73,439957,2b2e1aaa2b9018ef1aade7458122f1acb65063913001018da00b4db0bb994952,439957,927507,817965,22.438425
74,805366,64b2dff38deae1ae5163d34e5894333f585c2ffc1dec8a30452755beb91d6364,805366,764778,872570,14.317659
75,429549,e628058bb0ec58462e158c74f4ec8795befcae0ef790c75994e98e0657410191,429549,786919,540675,10.785043
76,971335,cf854dd74f5c838266abf814d27b5f4b8b0cd56238aca9245beca6d5cf4b640d,971335,657849,703897,20.202696
77,660536,fa34822fa9dd6970b3c2c718f812dcba3d0ddb43aaa689c2cafe9217880e8731,660536,418351,249026,15.382838
78,879256,384cc1a8b8417aad010fd594fd76c66cfce8a026c589bfb44bd4e94a1ef786ab,879256,761921,605491,26.560423
79,897075,1e26f2faae6b3cd6756f76e83f0b2c909e943d306740e65a867c55cb7b70b963,897075,706817,836793,23.561495
80,325183,dec8f9dd3afeadd1af34b99bba735022a22321bd9373d83e6beca26f5773b82f,325183,522247,442850,17.649591
81,559777,c64c01a57093af4345dade2280714414c8963b5f68c1e9d2ea9e10a8db93fc3f,559777,799916,742455,14.071034
82,796164,4a6d1611a11a588eb9c8acb8a649ee02fe14fb073e95766230f8be4aa272c0d0,796164,17742,744564,16.397371
83,221379,c75fb39042dc555c324acc67f021d774bb36384cce3aef348f8bad4cd46fdc93,221379,886058,113536,16.658724
84,776910,d0bcd41ea10e3104802f07484a360db0b219752bcf2db52396c3c9cad3140e94,776910,477593,983425,23.11539
85,640679,919bd93e8179dc61abdc6303a3d5022d6146659998613a68946bd30d8dfec350,640679,949495,584454,15.122373
86,877947,26394309a8b6102b3b0ca2209f876952d847326e926262899f984cff78aa9951,877947,306777,473203,26.524858
87,695509,2142ef9cd2ec0f18f1de298e6ed73e0d127c0c1028f1697947fd106b1ff1aa58,695509,224866,899862,5.952438
88,557981,7aa2181566ded283f04a8873e5d281322703ca65810a922cf15397bd34fca0cb,557981,774280,57281,15.830446
89,529421,0dcd5269059e7aec066f71dccb68197a2db1f7bfffeb8f596355a66e1c9576f5,529421,661334,339511,25.411655
90,101345,1d4ff367fe3c2bba41dc5e63d8e069f064c4d32e0928ce7dc2636cc7dde632ae,101345,343246,310825,24.6395
91,326731,cf9adb54e740628ae654f87473c52596799df4203ffaec3d192a27e495d363c9,326731,394672,486649,25.428316
92,827230,e899470ecef5f542de1edcb75e590d9d34cad09372d58062db1c1063654b083e,827230,172266,825490,22.686747
93,750435,94254157a3d5b307c76931c07b0fdcd886ca564745e8bd67f2acb4dccf13ee86,750435,650626,74526,20.954065
94,470259,f835318c565ae1fe0c97a84233f8858104f11a02524da1d90701ca77a634420d,470259,745044,598569,22.665173
95,933473,f0f22e78b93265910e59b1098b8b5b0a255ddfb1f70afb8d0f4d9dd36c91eff3,933473,506241,576958,22.321888
96,918323,e1d20f63a397097294a704bb3189348ff76157f2d951c693c520434a5025b2bc,918323,178855,286513,22.261162
97,604359,8ab479803ea0671476260319c98aafc27025d574445f5f539695055540048800,604359,339142,417542,11.104209
98,459562,3d08da6b3c146160844cd8e04e5f038c41277499263b08153b626a5bd8370b0b,459562,712683,458879,21.951746
99,103044,08991c223aed7578296308e5320a13457648205edd48b2079ba1bc339e064743,103044,252008,703323,19.271463
100,276802,79c857abeec30e0cabfaf93cd7667f2e8270f50f39cc7eae788e10ac35ae1bbc,276802,930117,879522,28.64319
101,469079,5e80a1f0099e769665cfffa4a7d4743b42bbe0f628600c96d2a182c7b97f2714,469079,270486,133837,12.378225
102,277856,f81a412e15213c4927c7590e3e7e1e29fc65398993a45fe07c341aa102f7ed4c,277856,774592,185864,22.345367
103,982159,1eb17e9b4405b4b06abd8cc996f5a280f8a93bb201ae30eaf69bc86471738095,982159,41726,502290,16.325212
104,421020,08db4b1f9f048bdc9c7a6835765cc71832757db42bfff45a960ddcade48d0da1,421020,58684,92708,22.539326
105,381608,2a3be0615cb860f5c19f881394cd0ddeecb30b3bb6f230d607fab9cb14f0fa7a,381608,877514,217373,21.930916
106,296262,be112d6a3644bc630fef682c6a9602050e721db6889703eae60936b33a8115a0,296262,426524,744564,11.4956045
107,965091,32547050f0e306fd23299cfbdc23b6ca34d3ebfb9a9e6f53f508f3a1b9ec94e0,965091,723126,354572,23.165186
108,300826,169fe6199c87dd39477d17d66715fa6866743042b67ff323e838235c55958cd7,300826,142480,836793,23.111162
109,320304,7247919ba3b9470fb4f761047ecda12834514361dec44994ec8a476796f0a664,320304,588063,716060,21.32682
110,725038,74b05f409744fface433abe60ac3ec4faa8d68717ccf04d5a1c19d187cf5940f,725038,528347,30058,17.106325
111,445967,f2ae69b0fabbacb9ca6b896b66069394bfa35d158f6576bc982bc8f42f092e3e,445967,539652,677770,20.828934
112,136284,408941d8679733137f1fa9a438286f1e22e55fd7a7cd2729531e511889e8f9a2,136284,578714,274014,22.144215
113,711932,cc00e7581f89a55136709181b549c3b364c337ce993708e4a74fc416d473bf57,711932,632965,712499,18.933842
114,877000,3525e42b5fc3c480ea8d040564de31e3d57cda5172f07513ae8b101eed984a95,877000,837859,980472,20.897612
115,253175,8fbfb4d1d4d13e2a5fd81b2cafe990f1b61ab0d80813a9be3fcde371332d0efb,253175,538357,727962,17.284584
116,273850,f76adf784aad416f8f47857f70217ca6c811c6e5d91d04bbe6f6446a94bebd3e,273850,197662,693383,16.08545
117,845959,0291154a8e7163c9e6bdb74ace00b7653eef9aff2d7eea399bc387c14ccca705,845959,869598,373045,21.377506
118,1109,56807ae05e69bd7d83b5f0672b04d8be244c66728100555f65f4590f663527d5,1109,314298,550341,13.93912
119,191747,8618a9d1d191ec89ddd01356a35239eeb1dab4d15b4c75e24a68cadf32e15e26,191747,567180,219322,22.403273
120,709077,15ca89edbdcf4f3bc0fb03ef032e7ecf46c610b4722ce1decd3193e88444db24,709077,982503,250431,15.363833
121,685833,3fab9d7472269f32a26b1d3ae5e1b76fcf92517b28aff14efc9ecc04033c54dd,685833,335908,891447,24.084368
122,741504,faa491a9356270dc5eb477709450c165e3f5f5de2449881303c24fa8501eb5cb,741504,111491,38076,9.534355
123,211277,b98d129b6c47932450269a629c5df2f953a59be019fcac3ef3ad7d74c40e8934,211277,673191,856023,24.14788
124,169568,e60353205540220a2cb4da825285130b72b72503e48410b8d968dacdfc53664c,169568,810870,142157,23.226488
125,86382,6cb7a79e22ee266f499284b2f638f424b02f53f40256f59fc8b5b39e809283fb,86382,775780,497269,19.9925
126,840653,bf046797c063e0572fd16734487219a3eead895efe17ae31d8fa9522c9817f87,840653,122422,895099,22.575981
127,899384,5a17f7006b7b2d66e7c3c90257de1953c7ce8dc20ed5fe9094aa78bc8f6a40ae,899384,913721,286953,17.102724
128,908405,7f636726677c3e06d4363c347611660e1a4f71b2302b38b240d20ad0c9b36703,908405,440289,345102,20.793182
129,376305,d357574b436a088d2e1b1a93726cd14f298466585cb1cd3f6caeea8acba78c26,376305,381705,351998,19.956896
130,751597,133e6e6cdec04a3ed3d87b79655fbbf92693eb1153aeaa3adfa82fdc825b52e6,751597,857452,223561,22.841362
131,761908,2bd8089b934743a8c6083b7c801fe4104089899d8c44d87b8495f24c72b68eae,761908,124418,936319,18.619953
132,737863,d5ec21f50f3e3400a3772028a40749f26b9a5644d5f15693f352e0957806e0d7,737863,370420,603738,21.691782
133,176279,4c0d2f6003d4865a9a30f6c4d0c3dc09af3b75460d466ee667a0297527d80755,176279,44471,763878,21.413214
134,35227,f2c6e8d1ffdb7edffe580345f51ba871f4c1bd8ccc7aafffd398415b8668e373,35227,181915,544279,18.624588
135,50209,43850c77f9593af5509f74dc06b5c86dc3d8ddbf517330fe403a5842d75365f4,50209,329719,568534,22.396399
136,328103,f8f411fffea8dd08427c305e2f8b2a875cd4b4b1b90ecc10f3fbbd8cff8694f5,328103,396776,543108,14.89142
137,201516,66d9ad7a3a879ad1c78ad2e5755403c7c24c455c98e117e939a4a516a3149edc,201516,356537,565036,19.409943
138,795978,3188cdb603f4bece25b3e104d8a6f7e98f4ff31a46cacc0e3ea9fc935d3822bf,795978,999814,120277,19.363272
139,676432,7f562bff2bc98c1ae724205d7e8cadc4e9b836daae15224a5d8b4772c491c13f,676432,463849,39206,7.4418974
140,327951,6e1288361643533d7633998a4fd32a9bdee5e5dccb388d87a087f362651d427e,327951,458102,670830,27.930754
141,539652,e1de98d540f24efeddab38880732a9886a75d1a1808bb08188083c631208f575,539652,278393,635892,22.286684
142,291291,f70d8b2e95c4e55f8fe6944bd751d4c5d780d5e84f33c33dab8aaee515930bb3,291291,203520,323518,38.303253
143,122067,d96868d57c473142651880560417ab1912937708701a97c9cf71b8d90c70fbca,122067,75490,261087,20.21939
144,973649,89663990b67b977f1d93acd911f3091df704745883cdb00f03b8df89748d738d,973649,695509,453750,18.238518
145,850941,96a6680cf64041d183d7bd2f53fb4943dad395caf35622ea212d99e2ab5d2b65,850941,933473,45534,22.243437
146,798641,200ef36ff81d9ed6d58a347396a4b7c57fe94ea70b3aa58df986bb4a19e1cf39,798641,351998,424917,16.614437
147,187763,0dc16533ccdbbd3c3fe05944d606a8f7c8f9e9c91d30216a4fc8ec26ad480f5f,187763,178290,276824,22.159826
148,448084,47c3e476303a96daeff8c7ee9bcd50ddc79783d9c92430f744cc7068327e1ebf,448084,233549,390783,8.088454
149,671541,ec72d582857c81170f72dac8c125cc9324c9566756ce5f3ff341d90afeab2bb7,671541,557981,788576,18.529722
150,972823,8b4a8d7cb61a3baa7768b15ec682063d751d64e0f248016e3f6ccf2d47dbc311,972823,776539,347628,19.036852
151,531217,9ca0d65cf2fc378e0e9663653e41b617b1c220d0636cdea662f4bc1d6cf19845,531217,120883,176329,19.165813
152,309799,2b7a9ffee1a9c39053085eccf42b3237f5f873ce37dfb85660fa5ee1494d6662,309799,404072,934368,25.283886
153,436607,80fbffacc5fec90efdaa3757a93f69002c623475247af0b24f684d3a17f662a0,436607,751597,677537,25.432892
154,562313,a2d56082bebffa97d1138b638bc988d7de35a29e74532c4d132483fce0bca62f,562313,502014,560499,14.312355
155,663299,8b16ade505d2e2a9ab1282e7fb5dbf58278a1d8853fa06d16c52d7f9a7b3c40c,663299,167805,297590,14.055245
156,912481,9e6274f380de641605e356e4f5eae05b159b8d2c88c04cd4bc7168c601731f0e,912481,37298,885896,21.292429
157,528024,ce5f61a4a07e3be8c1c0d7b59482fda639101d3916adaaecbca0755d18899b59,528024,772135,169151,28.89314
158,512347,4937df54a3050aeb8053d05ff1331bbd18be5eb6b412f3885d5320be1d83cb70,512347,628181,510439,15.577047
159,855605,d93e0ac8f18dd9f9153077e2cb320ec0c451ffc78e9c4cd7f716d796da6d7414,855605,91090,362877,24.341278
160,145327,00aa6d7a310e9cf84439c7b145722044089a40b874664ca2d270c2870ca71bb9,145327,136534,27357,15.8824835
161,112376,92b44091c80f62667a94b88b76967b9cfc5e95a9ebcfed8e04e04322af339050,112376,51378,765186,22.389692
162,354397,78e49442a5ff40e40f338cb9fd4add681b3ae61624bd78fdc86d01cc0ecb56a6,354397,155822,732489,25.171215
163,67122,296a30bae392740a3ede5bfb67d4f27d22122c820a967ffe210f9142c95a63b8,67122,306271,574648,23.402521
164,571547,43012a7a8cf7d797e7dbbca09ce6438f1e339098b50ed024b027e043e93981ab,571547,928406,218719,27.106297
165,715864,c419161a0ae0d53f895da054d2e261184aea5abd4e589fcaa063ada0a57cd2fe,715864,793963,483923,21.72955
166,532068,db3492623d2393f59c2d4a3edcb8c82bc71cf3845e54760576810a9851967c0c,532068,644360,766533,27.857271
167,585403,f45c0e20cabbe2bab347485cfa4862541e50b508a1b50e8c12825010a726608e,585403,249147,433471,21.809175
168,13876,a98b040724ee87e2f3ac3ae2cda4f2bba0b6d346d475a687c48d66055ede3442,13876,520726,160617,13.425412
169,761921,726dd19bed6124e81b6b1048984395993424cff0ba7b79466e692a29802463ba,761921,98928,478639,18.549685
170,760341,be0c728a0d7f4a0b1a72bde4c2bf5cbd0e590c1b99d624db3545c7c8cee01c86,760341,656023,846095,25.396477
171,982158,4a581379137b26afe10cc569b9f1b7ff5121f6a9ed41a84eab0964d72546c3d3,982158,850191,218566,22.840357
172,186332,b9a0c84ea4044aee3dd8670439cbd0cca3e911a3c9a77ed172758662439247ff,186332,609957,464208,22.32608
173,884760,440f1d597115f6fb793e3174ddde153f042551b20e9b9f76d6eb80a1951959fa,884760,593875,259516,15.562272
174,298444,130d1e4cfdfb32c0628673aabdfb2f96eb98cf40a5a46951f938d7fd5130a1c1,298444,475461,657761,19.317062
175,738442,f25b4cfb9b6222e0d3492884e413246ef9082276859c33add6fe1f47885a5491,738442,326310,401035,16.010353
176,47891,e7dc3fb2243f5f80421ed2136327570065e1739897e158527996c94447c3b2a7,47891,953974,727334,19.645538
177,296031,88486de3549b0bb1176d36bf4f2a068045d2a790e73368c9a8497953aaab7312,296031,309618,56286,20.06961
178,986554,8d68c9f3e08a00024026415b488843c94025316c1d7e720474a8e540a5609959,986554,647722,756994,11.728288
179,77458,a6def81ff1752fdf8f5be3382d8b859f0757a90611062b8288cff9865b13759e,77458,874208,618426,15.833238
180,592515,53b1192040d459b0ef04b7b86095a5d7b3ed1063af22a91659b6146f82859c7f,592515,725201,101310,23.116041
181,995608,136f05dddcd0ff208f8cc7337a51f74aee425846ce515142f31aadf268cca186,995608,496461,857917,25.613432
182,782148,fbc6eb0dd4d4c4b6f44433be747a995789359862b99fba25a8a808138dd36195,782148,314211,722880,20.50584
183,825156,31ca079f4afcfdad5aebd17e78eccc8eb875ca3c25605c4918de518fdde5d46a,825156,23898,610016,24.579763
184,982503,4a1c8ba5eeb416ef2c0dfa6098fb96ed03dbc75ff25cb9393e68942dea050f4e,982503,701231,26383,18.591518
185,43554,493db5bd610f43902f5adb4cff62630d175e0b01aa30bb8045ac181751d862e4,43554,362122,374225,17.787977
186,787728,1ddad1214d611fd3188fb01b4b4c0b8e8d371d1e73c261043ed6d5d63dc144eb,787728,806280,963847,10.801583
187,662559,b2d086260f27dae6a18569eb9f9ef95b0d13f2216bc73f73f80fd40be1b4bcae,662559,32262,287504,16.778769
188,794875,8cf88a5fa4cd264111c8d845185223675a5b8739ef3d71bdc062c686da1f4690,794875,523104,327123,23.435719
189,184693,a1301523f76fa9bed70c5182772a93d23f1a7cad9b2688500483f621f5119ecd,184693,807351,960647,17.719975
190,699427,3197203358356e1339fe4ac0263ffc273be34553568c814ca510d3a42ee043bc,699427,389868,353961,16.514568
191,268432,3f65ec1e2d445eaad1f6c12681d7e1d446c0d83fcbc6b48a91574e39a5810a68,268432,363590,32394,18.30067
192,10530,463168370b07633761eed8ef5d0ec371dc147b9f8a11760345dd434dfee11930,10530,118178,10251,19.526052
193,174715,4958202c178b341c5b3ad339cb731eff6e5e65cf4f82afa5fd1ea3c377792322,174715,429066,587877,27.94127
194,56921,41141045587dee58e3b83002f94a5839313bfa957cd9763149469291511340fd,56921,928302,31668,17.980541
195,954678,c783755e84e01e34f6f7eea37f4dcec79118fb81b99002dd1b9f73c5b371ba3c,954678,783345,448087,13.600164
196,805886,438221f5e163a572ee7bd234577876b97fe6ff9f5e1a6dc7d28111ff44a7656c,805886,58273,129516,16.04364
197,337155,ad314ea843e3cd486fc3fb366bed443c93e300a6260fd0262cf1782e89a403a7,337155,362169,776707,17.564102
198,188243,51079f00b1388b5f58553fd40ea873cbf014efc6248e1b7410cfe37b9a6f6851,188243,643383,793049,13.813596
199,776539,b0f81fc13d3f1ae8fbe4f1c21c9df7408f713b53c6d120a50fc13d1d871dbc24,776539,349818,258613,17.536152
200,283118,184ab890e9daa96815dd3a1a0a16afedc18e66146d0bd7dfbe1b77b8938b91f0,283118,587216,514871,15.992285
201,806482,0c33ae7a42d53da234e038efa53dc43e7aa01d47d009bc1629c647b6d995a87e,806482,286265,78593,9.373756
202,72510,f5c0720e365744dfbbcdbb7c97ddc4f7bd2bd6ea8292e08b8d43b976fb090691,72510,330526,612052,18.636591
203,110750,ccc5debd27b41efa5362d2a3356b6203ca3c1b67c2e7eafe1b926d958d8c4a5c,110750,583955,507021,28.468004
204,589529,1d1520d636ac77cd631f2551bf835d833c5722400de7045e3e61ecf56c08ce0c,589529,982159,890539,19.068039
205,999814,425538a594ee85b6e6e7753b4161ed3006b996b951e57b05623954fd2faaf41d,999814,276802,355274,18.873095
206,871908,174d6c4b1c569f78f0c7548970c5e785661a293303aa64fb89e4865d3b089043,871908,96480,774330,17.229548
207,760066,1af64997086723aef372481da2fb33b8b58abee5656b22f24001586e1ec4f506,760066,991021,173775,21.037668
208,270486,4fdf0fb1dfd5daf533a2690cf2454cbd3d8c52a8bd67884d667112bb0383f3ef,270486,745437,548184,21.969847
209,311703,37328e1616b9b0631541c00f31326f6c419246595f8ccefb8d74916ce4ddb97a,311703,477901,321490,17.773016
210,632735,534fba1af080ee13fa08b84cc7210296eeece4224333248c5189830dbb0ae63c,632735,693433,968258,20.923565
211,32368,280f4b8cd43e9730193e2a2dce04ca26ed7627a993554f1b7e68f22e0d939378,32368,688306,117606,20.360407
212,961657,d75b772145ad902cc83ec119dde8f8ed413b6dc1782cb7f06c453633678bd88a,961657,724343,282930,23.43239
213,745044,169eb5dff2484248c6f8641ab06d868e782e5ac2cc73c87c01d39220d9f4ab28,745044,398171,28725,22.373587
214,760318,7bdcce1c8c81d4a2feabd7ce18079f5a3375af42c23eab7499213d035f6085de,760318,309738,862964,21.579353
215,130194,b6044310d37b5be8a6119cc141c3d8cadf9940db98b64e93b6354db75adfdbce,130194,731255,135949,10.617018
216,782771,fd6f6346b672782df353497543b47794276adcfdda11e317e1983f0d02d6cdbf,782771,298444,944955,29.165623
217,155822,b01c1a7fff9357660e17255b9e733db2ab021f9c4f6c1f5e9c7fea8659230ed4,155822,779831,301028,37.45196
218,173104,a2467fb7b339ded2bfc98bf8d1de0bd3c6eea4dab5c309f08a5e4e2f754eed81,173104,643597,837353,22.370136
219,533067,4c2e184c744bfb36c4d16e4f609106cbe18b7144034c2d154a4b5304dbca0b02,533067,649944,59489,23.539772
220,10882,1cd03110ed0ff8d2ef75d14aabf4663bd2c41e22b04a4e4d87e6e3d4aee6e468,10882,44878,942483,18.813843
221,908223,03b869bd11a251f7aa53c7822036b0b08fed1f3ed47f670e492b929435fcb34a,908223,504719,539332,31.520758
222,713460,a91e28f9979ac5b7fa803d1cfb96a43982d074bc926f6aba3465298ae018ec49,713460,971971,586569,11.665928
223,926514,8aeae1fc04fa6a45dc5ed9c12bf52aff5d81d8db25c8af9a4be554f8a7fbd0e4,926514,463618,789975,17.447634
224,698127,8e50e260bf7c9e20dcff8dfe13fd5a4d8e7780580d0dd0eff16b17ee140a0f9e,698127,623454,146164,18.424088
225,313566,160a51ce320ebaad0cda735d8478cbe9fc7eeed25013ece819fbdef1ef96f0fc,313566,258038,452019,19.623526
226,843480,ad8beb99aad6b6f55e4d5336b275090b56453d47c9dc9f75af3585264a90b73e,843480,846407,557657,21.12792
227,163640,08d123558f0452c22477014b3d03ad5319b67a0bfe75f3df551893f69e8c65d9,163640,288431,660310,22.097336
228,880601,7857a1344a1b0a583e8e3e0b88137051982a7e731a6ce3a1262f117d5cd800a6,880601,664380,91190,21.512482
229,152842,d3a133e14f1c5d2e669ce970ae445b2df0db0e75ce7a5f9a8bf7f65af235da06,152842,382568,882259,19.275047
230,428765,3fd2feb23285bda3e9b07084caa0a8d38e6c919bc89e9338dd0568687193cad6,428765,562272,223063,22.5474
231,397171,2804b7e516c0083ecc22901441c5593042065bbf5010868156a9e532a89e72ec,397171,607148,668777,20.955793
232,96480,eff007fb6ef0ba70a8e532b27c1f4adf26048a5ffa6f6d7ac686583cee9e8e6a,96480,555640,94352,19.577913
233,304863,647607ecf38b141c150661b36735752c5ded5d47265541104dc02024e400623e,304863,112150,98155,23.775711
234,706817,929108faa6df0fa42ed4c8d11b6c87791374b36ee99d1bc2bca009a08b8b9094,706817,145431,31668,21.723347
235,8907,21e88650f3ffa7e1fc94016f7331dd5b502be11530bdc192a5d4c4208b4c3f27,8907,818076,347171,17.02586
236,301725,bc7011ff39477d4648f9da2d50b3af78b42ecafe76304b0b3b837e57fbe3c603,301725,30601,639470,13.143142
237,58273,d57b79d30fcd77d96b82913bb4192629b4d70804795e410f2db0cb6fe24baba4,58273,660596,865587,23.431515
238,615810,6653ecb6fbd02c9f70384f6fb7754c6032e606d6343fd53577634f1f1aae318d,615810,269046,208476,27.006998
239,425593,9ee7ffc203e988255a180794001ad3cc0fd128e73c431a39b0ff1c01c13357c7,425593,871710,11322,25.588684
240,953974,7162c3b8b84400d3e44f43b1f376ef4217af6cb2f95567627a1e5f13bb8dff19,953974,860269,889473,18.72053
241,131787,1b84b43271c17dbf1bb9e26f98c1d5830ce985b061fa8a7eaaee19dfbfd9f352,131787,760341,611647,8.599288
242,477593,cb56a0a92bfe4645580b05b6ba2e4a2665db07cad433e63e47fdf8d61641a671,477593,582098,186591,21.043264
243,474261,4d1dc511793e348a7c49ba79536baaf643677b358b6dd91ef6bba1df56daf36d,474261,860392,37130,12.325753
244,364400,901a311f616e19f7d624982f71ed1e60a583570bafba4d0b6cc328f4816c3ae0,364400,856918,598974,24.650606
245,105023,85cd4197c83ee0cd43b541f7a0bcfeb1a344e5a941f88ab8369b02ae2118d05f,105023,838768,284421,23.201057
246,286265,c7ee64cb92be82e5857ac24b99101c4b9bf7bb7715dd700bc4eea99f4c53bd96,286265,798641,712683,22.145603
247,319307,e73184e5c24feac0d58669edbb04018e3b88c3c739421a047dd851708a342d96,319307,937613,588905,19.476435
248,179513,3a397184566b912feded50ca2043c1c8aa79acff43beb531d879f2f9c317021a,179513,10882,878951,18.899391
249,834989,922e5254f9ebb4b0671dd348a1a20a8ba9cfba898f4229e52c9389d0da30d927,834989,56950,623353,27.081131
250,607783,c2694a3af841711efd2aca3285cda3c3ba1985d412a9b326fe7b461a58731ca6,607783,367792,221956,30.240612
251,583955,a48aa8f1983de274c97eb977a6b1790bdd7bb7bda920f1172cb536b9147dde66,583955,436607,662918,14.665809
252,257920,a925eded5a20f1ed7da06762dba1ec8230602c7f1eb50e7643a92955439e8960,257920,86382,924380,16.716574
253,289917,45a0a8e21adf38ab4f945000004ce58a84aa7cdb0f42b9bfe4efe823bf2603ea,289917,26867,212908,22.37512
254,509474,b5d0f7ec1a200ed03cd18ac17fc71af24d55f984898cfb0a21f9be6caf28f3aa,509474,697101,507001,17.37906
255,794248,459c7a2aca9e5d3aedd05725c967205e4ac2913cd594b4293a2672dd325fd19f,794248,430949,342135,18.899973
256,779073,6c09dbf00767a29858062d0417b410fe69bb0f431580293a2f5df4d4511c7fd6,779073,257821,692073,25.875439
257,574133,5f27e687e44b406914fbf3fdf2509be3d86f96b34d84c8d71136a25ec6000063,574133,309799,526379,28.471712
258,618594,4a51f4152e710047c653b013d82a268a9c0503f3922054d2afd0bb6903b002cb,618594,497305,842917,24.10987
259,759356,949ebc3b3d2e622dfe59abe8ed6c0a980e1f3277c7f14693eed62d02e0cb1d23,759356,198126,214974,18.271412
260,520109,c103462184c8b9f215427bd6031fc1a45461dfc905674ef112ff1288ad3c568f,520109,815292,513395,17.14724
261,497581,f29b4d08ad3a0fcd9ba7089470b13994e87d8648585b54cceaa460034b0073c6,497581,363224,232751,16.174517
262,933050,e4a2c76fd8ad0936d16fb2ebbe05485463b91b6e1b849ef880fb804ff66f27ce,933050,708478,479244,24.537699
263,816198,ac45fe6f0ce871a5e6e6151c779b4a408f0838ecfc70ba04ca25730ac5b62259,816198,431146,816628,23.088453
264,493832,fafd65c59eb3e5f5b5ad3499e89943aaaaf77420c6ae35a8483e892c1ea8c07f,493832,643028,116968,16.652313
265,560808,53ceb8c749aa201a5bc2d59244335cb1a36b9804987e2fb1a48bb2def7cca87a,560808,167883,794428,25.43212
266,703355,9c44e8228f8c7f122dc8f80892d9463381b8bbf6214f3e1a5a843d732cd0d96c,703355,773835,555984,10.430118
267,101048,db3a47458481ce8abec62c59cc991b9c062b4eb7fb810c827150cf8a155760ab,101048,869326,968513,17.034342
268,224866,70056ed4780544acdddd25398350fa24002f625a9c73ade36529bbd880999b47,224866,689882,598191,16.201498
269,673191,cc0cea4d46f95ca7d6311c9b3352d3751f1ac81752ee9135a104e7aa0e32b1bd,673191,819085,847494,16.24023
270,872370,9e8b6021522df336d93b8a50d23c43d4a485f0b9895007a7782ed9ac8e473553,872370,736269,500692,24.706589
271,602932,a1b3b7c2cf0294d0b31e8e7091f2be96cb955b9305b3b560f155f0dc2cd18fd6,602932,818733,706935,18.540842
272,230960,31dccd5027dbc4a907811714a04485a6faf7503a8d7f05ca00b1ea544ba49cf6,230960,88202,710365,17.740084
273,956742,154afddc127c93426722de259fd81515fe222ff5bb91d2c8bc0b11529155a525,956742,591223,741428,22.209562
274,367792,0d2ca1b813a4e7cddc97928a977a38bbae6c5a7e881e02594fb2fa980c72de6a,367792,102408,45254,23.530119
275,6845,f40b002ee40091073630780a398e1948b1884a7027a6db59947d4910bf45f5b4,6845,122067,86979,14.578284
276,586278,8b6f7beb6cd9047a0c0b15eec5eda0e86c9a1f161ed3f7c5c5a9c33570a381b5,586278,432136,377834,8.916893
277,317327,b0fc7bcea588c2388c3665ca19fca989e4b9cc53b0ad39766d2e796ee4e8c3fb,317327,899384,223004,18.683182
278,202147,ee68527959d2d53bb686ed77ed73206e78229fdc36db6d25b38f9b52cd0b0ab3,202147,844002,899261,17.13336
279,271091,0df3dbb7958959fdd529e478229392aa8f39b2e9039753263665814cd689e860,271091,958626,765593,18.335283
280,567047,e797152aa6b111378dd2864ed27897bb9110180e73fa949b7aee116938bc75fc,567047,291598,302401,21.736654
281,871710,3c5afad2e20f9118f6e06e2eb2ecb400e6e1699db4578aa17ab6c8ec2b12fbb4,871710,413567,986018,27.487692
282,267902,cd97edf7895425208c4175d17099245b69e35ba7e595784151a1df59c8f40197,267902,244747,268514,17.702812
283,306451,139acca6d1380f6340f2abab0b48204ebb7dae8aa3db2fbfc7d8034a994c81ed,306451,601775,910504,20.628864
284,110572,fe18865377d96818a890340af9198f4350b2033fecad62c644979fb26e3a47ab,110572,266738,245366,21.425703
285,773638,1f9937be1e48c1fd95ba4181b11f5818af6edbeb62dc600495f08ee35fef757c,773638,428765,628200,19.115252
286,555157,d7f7d8d11c70c93a41329db5964672ea1f4201ff84f84daba44446eb63cb2303,555157,878660,946882,20.650995
287,613969,692eefec81b92b97ae92dcf78d32b276e4f41d9a11f50e645fc3d89d0225c791,613969,302454,231105,24.558727
288,222379,09e5924b2296cdc1a7a3fbbfede5934d3b5df7f1d2b4be10ce8eae6369613812,222379,130590,434415,17.112413
289,306271,02a9e12d7b2c7c2c3d4a84b971a2bb8b795cb5785be3bb5b6e94f3ca6319411d,306271,877000,323964,17.512457
290,736269,d955c450581e59f4fd2ba44e2d0fb5aa8f77aed15efcfa3651cec97df361a655,736269,901012,961071,16.128996
291,788029,49b5419a23620f96900e48c3ea8cbd62548a089e4969c831a6ff3ce291a685db,788029,761908,39604,17.032082
292,269985,3910836e9b11e7e701775713636bb6f6bbf542b8ec0f4dbf17cc90dfa243a365,269985,189314,431485,17.604986
293,365344,88abe5892d993f2cfbd87beba47fe1189751e222285b74938e6df914c32e7902,365344,808888,988873,15.016328
294,870676,1900f9244d2c52488f2530bb21e389995ee4f843c7dfd042b8c5a394bc0cc653,870676,693552,170892,20.76749
295,10365,7a47eadb77947e43f09e5e6298c8784ed56fbed363dd7f37a48cd0be41165044,10365,35137,929642,5.50661
296,824577,b71c685fea2e2149019d2e3f694486366c7e66408c473b4af83310ea615abe1d,824577,5500,347628,12.129208
297,138580,7437eae0cc791adbac0838209e4c6ccaf05355579bf92ca7efd7218f9b42161e,138580,745984,172759,17.452126
298,385025,3a630996ecf683ee5dcdb577801f570010080086aa89a6efbd7d81d5e9d690da,385025,503249,248497,22.614601
299,244747,b6575952b4454c448426747bad88f35af4fed5e9341f0706456e770be51c05ed,244747,593807,979402,20.973322
300,35137,951f264d6fd7138cb4caae8450d5c5270508bed82e375c2d98ddc49c1544c453,35137,78706,304433,16.87155
301,221300,e02079901146091886aab3a2394c9bd70ed28d05c3c131053b755e2d3d59ca90,221300,55702,194180,47.542664
302,610787,7751defc7e65e40056194743ae4a1765481da0e6bc0b4d11993c36194ad29028,610787,607783,715356,21.115665
303,931424,e19a4bcd3f159be2e23926e8dcd505b5f90df8e8b64b3befc629c49baa93b563,931424,769933,939019,20.253159
304,385775,0996368250ab27d177379229da24b43cbb2a3d18bc997a5f57c076f66ed7d171,385775,129801,893805,21.722075
305,833858,9a4115a52e4c769a686b5395c423c657e81c5ad79bdb8b08ffbc0ec69d892119,833858,275426,333174,20.740839
306,111491,f562dde72a8848ec78ea7bc54febee854899d3421ce9c5d5fa1ef50a0496378c,111491,211156,195726,20.943045
307,107690,e79b195ea194ca6da5d282e4bd2ce3f8fe3e8cb8311765a1aa6147562abfc502,107690,480491,445473,29.287344
308,607148,b9991a5d9c9edf7c17a5a8201b012f29b5289aa123f9104bd37ff7fe15f6c120,607148,192666,527808,24.15905
309,965206,08d9f40a93d1589553ec8f0c96461c588c8e1ecafc46dd1ea64ba2b3bb931d96,965206,564114,402876,19.930616
310,833134,0c28ea508b510e9b4e96cc213c876bf1b6ce1167070320d4c09e7dde2d7dcfcb,833134,976281,834351,24.666882
311,722756,53ebe4fe8a0e3bbabedba891e45348bf274998401d114c302499cb5645138d48,722756,886459,632156,11.000055
312,120759,85526d6feef1d2c6f14f0c205b72dbb2e253fdf071be28bd12a29abfbe94d888,120759,233787,379466,20.123108
313,839249,464a98468de6154560265d079d16ee214d73059f1e8fafc5ccf914a62211aab7,839249,905668,57836,14.488137
314,275533,7873bcdf0034502fd973f5fb9f9feb793cdc44e5cb4265171cebba0d64301d5c,275533,103155,878026,15.165968
315,887500,09fdce5abdbb5270bd89d8698420d638fc994a0a6e9c9d8b8b23f89971e54a7f,887500,307466,199597,16.761568
316,932364,40bf9a81c8ccb96eeb6938c587f1fa2467a4a5340ff7679b47801ebde500c50a,932364,624624,960227,22.642221
317,44333,f9762b2afc77e872544e09eca3c3d4d08b91c7a891ce96967faaa04e505419c0,44333,683975,546691,33.21037
318,395682,8aa7b19a8704015c49a73df9d7fd21ceb9a9a6fcf9e0691b53bf41f74642a1c5,395682,875384,657693,20.453976
319,759164,a6421a4e65dd47d4f7da8099fa4aeaa105256a738f38a1ca2a09c6edaec5a2d8,759164,376822,387434,21.069344
320,25140,cae803d5ef118f0577f17c0975d3895e0050e1b384c5bad3cfe283cec5acf9b9,25140,229790,893515,12.372543
321,646707,116d8d7d36ca50945688f68ffad942bc87e8371007f25e56f18896fdbbb9d648,646707,531217,876312,22.701214
322,138684,413a2bdf7b7c3b7df08a62ea97fef687c83e1644e03271430caac87a3f9f022a,138684,666374,759218,20.943388
323,198126,4bbc3fb5f23065c67eb0b5e6576fdb3e31b5bf2992574a2fd3f3e0c7856576f1,198126,601712,332294,22.275438
324,364575,5f9c95fa24ff9918113167d6dba586c036100981e389be7bdc53200ce4026a02,364575,700851,522785,24.339994
325,828260,e22abc553c3540b0391eace3dbbb7a6da08e4b2807e5eeeaa4323fa21939d213,828260,806452,717233,20.58963
326,833249,eaf38c2703f8550b5f1a11990cabd05e33198e154f1fa6e816791c93633f35ce,833249,615141,468965,23.573046
327,204938,2867e3e8ebbae9a684d24847de6dadea0581834e80d77c5c69de49741714efd7,204938,633256,372509,27.32996
328,684404,b43fff62e81a7e4190703fc891f81762591211a9f815d0e8320372fa403cdd35,684404,273396,282619,22.039776
329,212333,166c4106c59d699b45ab80ff04e7995c6d44857c3f4792b78d10cee10e5730e3,212333,401853,15776,15.802894
330,302114,403f61c4d594803a1165662010fc544ebcc867eb53c29874079520b8d53cb1d5,302114,776700,599287,24.200665
331,909691,9b769ffd5c795a92099a29108a525a402b2adc3ea872325618f349ee15ab354b,909691,128170,91430,19.11873
332,991027,c1860e9470fb111bad6146910991963c82274046396825bc66d53dea5ea04779,991027,216466,324082,19.419298
333,582614,7a0c2b27eace6a9006538190f990767a5c379aa1f1326f95c8335150eff10fd5,582614,788176,53837,17.876236
334,562287,c089add0b6b520c823144aad09f17846064091bd1fe892b64270bb44916ac265,562287,825579,37289,16.645437
335,976281,0e8d60afa8ccec4a09117b933a2bbfadc53d291fc65bd8a79c46148f3321ee90,976281,202566,129331,25.602419
336,797636,88c2c1d27668054b425f79fba82cdaa82b6e5bbc9896e36f77f821c364b475a2,797636,307429,411291,30.4702
337,902253,636f61676134ecc501f1a94f276cbad6709c4c5a4ab2d71028d9b60014fce3e3,902253,749356,645133,23.876095
338,356537,ee893817c2e793eb9520cf0637b1875c62f2d6538c29f91c5a28d0abdfd9cfbb,356537,626489,983071,16.691727
339,440275,8414d13e44a219a3aab9afbd9fe11b8417d0f1774620b2ad6f3d73d0b7076e07,440275,78232,556755,34.159046
340,322014,99c7d1912835aba5c79a8d1613fa48813682a668f40ac3003dee19424d50d6d5,322014,179109,241683,12.11386
341,318517,1c56c05d6df5593f6932d2105d2ef3f4df6b357af07e8e43af128669e99c8f01,318517,898135,681761,17.09552
342,731081,aaaf0d1f656a19f0b54ac6878f18b550bddc79cd4a9c3cb0a6ee9095db6e7323,731081,882444,894008,13.083537
343,93550,394716ba5ccdec1d55292de1cbaa83608f64f689702a709f3f4c393f162e78c5,93550,226911,470424,19.547724
344,748750,3347e5fd990613cd52baa5f6f4e6494eb818f28ae9736d9beb16e23ca73e95d1,748750,426274,739756,16.380798
345,69888,b2118e7f5be6650ad6a2dfe03b7713014ddecac65298264def3da664078f9ded,69888,389971,994295,25.59002
346,587216,80e0bef01fc89a5942c14145d924df9ea2e7046704b773b898f5640d788f31ef,587216,486218,260555,18.941332
347,884764,db1a109fdbefd864c755669eda78429292862e854c6f61b767cecbb1fa123ba4,884764,625218,971292,20.09666
348,542264,228b4ee49755e284bc2c3a41d6ca82325e7acaee1722a7b3db0cfe2a7fd35b6a,542264,487407,903046,13.750915
349,120909,8c97d6a9f2943e7ad3d83d4651143da67b65f062f12a46ac8bf1beafb88c79e6,120909,107420,753425,22.010418
350,215939,d23ae056da6ab09fc1dcb6c376d8e69ca9251d9612e7ffc994de50639cd222f3,215939,640370,854101,20.093956
351,968987,2d3bd5f80a2f1fbf2e490d883f5a0e7085f4c3c48b9b8d61be314b57c2976bc6,968987,542102,811820,14.058411
352,597620,f3da2f65f52801dcd533d215c1b67f30b91cca5a8be19b037e7dc2fabf2dfda2,597620,887087,109596,18.981413
353,957101,c183d7895c2bc880b521073563c6a20ac3a7ef879881ba4c75218895a27d7f17,957101,545900,736847,19.722708
354,383099,1499c1724958d360749b3cd49632af26bde1ac5aa31f1820390c27e9bb9a3e6d,383099,708141,281928,21.376919
355,979238,d2b5ff725786b55741fcea42e9095cf0864b613920355df877c31ec40c85ad9a,979238,931154,15067,20.061806
356,405579,76cb376d1814311fe50f1be480092d69b795c68291e4df3d1b72452e932872c3,405579,77458,841124,24.110224
357,523104,041fe31ab6c878cd1a1eb2e72a0cd29316a2c8b5ce372ba490e791cddd5faaac,523104,331765,480491,14.587944
358,605442,32a12c2c45d2ce67b49a8aff1230dc916a137fc902a9786ebf3843704dd8bfc8,605442,487816,697846,13.611994
359,431146,29078884485ee58b7a0903f3ebe908eaf35e0eebc098c05fb0e43fed6c69ad82,431146,796164,651636,24.757025
360,618778,17560a2116171e85428cc874f7823f23efc5452a76428589220d080cf8920e3a,618778,76223,954150,13.129775
361,793963,c1a35c85b52a26b75624f6cb863a4a84a113549f3172748af2d573111c49f250,793963,397171,918965,25.387142
362,76223,739e7c029cba4e68dcaa3dc4559edaf3faf57fa8c29727edac2a683130d65751,76223,878765,866544,14.425104
363,136534,a75cc3de799b4fd2cbb02913f64945ad1857708a5c43309fb747eb90b76f9138,136534,834301,804871,22.091404
364,432136,22363e956f181efacb31167746b5e1e4ce4282ce49e6e679b74873f2e5681bd5,432136,454112,214974,26.135698
365,335908,ec22544bf2e375d53fc874c7eae4018303a057df1d3ffa42839bae136dec0aa2,335908,265920,333804,21.08819
366,487816,23323cd84207a5d325d187ec42d280695b66c1c79669392bed9f5647b84a2095,487816,172092,137777,17.206013
367,693383,9a4b21a3aea3ce86a9e8749bca80f8fe1ea0751338f33baf47b4df7470ce9ab5,693383,956273,719999,10.650057
368,622982,1e3a6856f63aad18226a37b2e8593a3c9c55ba1f3a64e0031abd9cbfa37f27ee,622982,202147,369378,17.727701
369,452478,6cd64fb661b792f6257d70910b1303799f0583a4c1f5fc379d9c704e9a46999e,452478,40750,278393,19.758509
370,12454,ae6203eab9e744d726af87545812bb4c306fbc97dc172098e09691e821fec177,12454,914054,710855,34.71482
371,905592,1e6d94c8d5548329258661eab8c202bb352c732e9e416421fbf503a2771c3a74,905592,979238,838226,23.04576
372,963926,be4d23f11207c92838f66f7d972d43c31b86afe96f4aad585b22afbea661d6be,963926,734182,434028,21.930126
373,224631,e42bdd1acb48ddad3228136ed57de2d054eff20f0e486a58776696e1106cbfaa,224631,663299,717817,15.535831
374,403748,c9e9e0fb20a7d60808e9a6ca6a805598de1d832f1069863c801a2eda12ee6978,403748,784863,643319,25.516342
375,597415,5e8e35b0b175e05f2049e0dddb099b7f4cb2d7d1f7441f01e4a73ee4b509557b,597415,988627,752459,21.31716
376,739835,88e87bb7d84b5cb43f723fbc6203263374d16e175c086687693b0bdd137684e6,739835,907744,432416,17.711393
377,172773,e7281bfd29b49293f3f0ca7610dd96f8e6b95e66b91a1770aa9bfce44e8ac1b5,172773,385584,172333,3.9215636
378,604404,9565cb2d2161df61f2f9fe12be65d263c8d75b71bd6214fd0580fe5fed661451,604404,251900,131963,13.816212
379,731205,cf4bbf18833d6679b1970ae271c9762cc8a9a25cf1a4e1434ba70dc52cf8b5b8,731205,629994,938585,24.696888
380,211314,dea80ca52b6c58315a88ad1977fb8819776684489b1244fadc6d0b53b61ae653,211314,205258,516298,16.088793
381,267054,f1d2897cd020159ef31426a6e5cb471e6f54bfb2206031b66ea5e51562295913,267054,579720,276120,11.962211
382,958450,7d76337eb4d99393238a1908dc2b5d87785b3fd12836277c6ffe300019471700,958450,738442,693315,16.291365
383,178948,9686feeaa730d51c773cde42e9e337187f68c3b131cb0501093bf2ca672d40c3,178948,50595,731530,21.493269
384,181915,a29e9e2388ad2d590d5e9e332c857dbe8a89390042ab296c38d8271936c3140e,181915,980836,772147,19.858929
385,538357,cc13ebd83242b6ed9e483573c511a7a07e812edd6a0c5c23103aca863cf92f9a,538357,737863,124009,26.497425
386,473288,7b0a80bc3a1b448efd70f61a9fc89db922ceb65125e9e33ff60267afb7e11016,473288,532068,703978,16.755413
387,539899,593a8129b5f95b9447238b8cadcc855fbe19dcdedf5ed2f1fb4cb381bef1df9a,539899,114816,54089,23.758356
388,415681,e656ab34a7b65e82180c57ebe3bd7a4970980690e69df6a7d43acd78ab4ad670,415681,872267,738976,15.852797
389,888180,52aebd4fd834df0e9eca3cb1d512ee72509a1a420eedca8d517692ff2453734a,888180,313566,890227,10.460444
390,341181,a94f3197b9a33121eaf3558fb80741d53a46ffabe377ae5361e2d28d5dd6e7c7,341181,804633,57836,12.149962
391,21900,cf181765b0a268dc6ca1f3c1c9f9b166d2ecdd7af60c5dbeee44445e57565b19,21900,261863,905532,19.881456
392,876594,da5d364869f474e4f6244a4e9a8acc52a3562c152a301025e7e23b22a946c0e9,876594,300826,63583,14.116952
393,881295,b51be3930d5852a5c4aa335a93fd60441d41b3451a49f542a03b7cab0eee8cab,881295,805455,938712,22.96067
394,556518,9746094afaf25eae838cc46072a8e4e9213405dd1cb7c0583e8941624c947f4e,556518,81172,375359,23.146181
395,764358,05b575cd39d0c54cd5415be5b165c4b694e41af86cdaaf756cea519c0b57d375,764358,328103,353102,22.589525
396,751413,0773eecb5a2b2a1b76525ddf150940aa3642a87b4fef726dd04c1415c675574e,751413,804996,147309,13.980787
397,599758,683b6f566cee19118831c46301b11dc4709182be24620bbb36b2703a025d5b38,599758,802044,958929,13.460668
398,281438,088a9b24edd1efc430133d6f7bc0e9917c5e8094d2d78328f3f2d9893eb64368,281438,505835,712077,16.778475
399,660310,c16e6799e5e94d46aec16d856f9db6beca1c0ac371b494fec434f1b00e3fb829,660310,855712,391320,21.366928
400,602651,2e1db650e6f53f9f98559aca01002791c96051acc6123c67fa9c7b94e5634442,602651,467252,326837,17.87851
401,514193,bec43542a9a4a0d218ed7cd4a3e2e8f2d1093def3c9d26df15a84d0ea12f3b0f,514193,273850,13765,39.213196
402,951542,4456471ac5508124c0eaf4677e54cab70361adb618f81a707607121dc69e8423,951542,392572,729489,18.837835
403,597566,4ab07bbf8c412fd82c3ddf6d1e00bba9e122cdb0bb72faf5bc0dde588a878e20,597566,10530,148688,17.920877
404,385584,bd6900af99964ed7b3a6dc01532e0a2c6317aae20784aabdf9227906e4b27350,385584,316732,14297,23.573538
405,854383,c8ce95f5b2945675d1d440c47b109d9997f0ecf37e1a3679fc7c05f5ee1880ef,854383,99349,449802,21.86784
406,417396,29fd634ac6d4ba41d7fc024ed187a93bc263342ff2a9e35fdce8353c96b5ceff,417396,326636,285921,17.725756
407,467657,006d44e4bd462a1f6b9d19ab7167cbb67b0b877ba4b19ea98c96fc8082ad4809,467657,549692,960744,27.524977
408,451853,5499085b1e0bd53b769b31f4bee2b0bc122208705c7a34ef9219ab500573d612,451853,401249,102764,17.243927
409,392572,533a9d8121b08e68dc2c6cefbc1781f045ba5732b6c9ec27148de7689ef30e16,392572,340422,848058,18.095247
410,375664,da1c724466a7db51e9f1162996b25c6ccf916916e15cdfcb2e182559ad8a516c,375664,127002,866339,17.920588
411,622462,83e3d479670bacc518bc30bc479ff93de5a0a98aa50606bc5b4c2515d2807f16,622462,54927,775949,11.699067
412,128170,19aca45cc31c301c4b02e519e22054f8aa428ed7b5538295566c70db0bc68fc7,128170,547974,233520,23.32614
413,625218,50bc1f82c6641a4a37d57a2947faa2a72b7f08f65b51c9394a0396d1d86e88ca,625218,733249,443889,18.540293
414,200405,29b827489cbf9348f0499cbad1686fc45ceabff1f8b9768d236a9a97064c61d7,200405,332787,731738,4.069165
415,861614,04b31bc5f33e0179d15223a759120c7755add9186cefaa7ae71411d31cdcdba0,861614,693449,445888,25.529907
416,506905,7fe60fb04711f032673b35ebe1be015eb4e8529935659c748e2c13197af75ff6,506905,866837,164551,12.873824
417,454836,349423f451cad10f2453a88e8c3c7994e4edee0b221ed1c9eb8eab672aaece40,454836,833134,232943,19.63912
418,833587,023becb826a6afada70d6531a329bf854ad6c0583229a27fe5b8afc9247b1cd0,833587,163178,238066,23.826757
419,875384,a17c43382314e27f71e3d0d892d0ba629622615a62dce80b81b857073bd99711,875384,847340,890928,19.568645
420,196836,0bda0d4e9f0e6510d96308859d0917a3da13f00ea6d9fc5166cd8808ad42e5ad,196836,452355,649013,28.47053
421,127002,4f934da00bfbdd8e963237a53466faf28f3a2c6a456db23f837d9ef6d6bf0629,127002,726281,543824,19.648642
422,604818,eb20bd481a3197736aa32f07342d16503d3466b15963b40a2308d3884faa05fc,604818,694569,794299,14.026029
423,18081,5ea83d28d7eb43a860f6e675a449428e6e78f63fcd316fb73923506eb3d097bf,18081,115076,680494,11.895203
424,124418,e069acfdd3a42e0bb29ca342aadbf9e5a86d485d03edad65925c1706b22768a6,124418,458201,761796,20.830791
425,463849,a2b4e1f00b1468a818a069326d58ee3aa92dba9219f4713692113665aa368f0b,463849,888068,269927,16.390707
426,691670,aa8d3fb012929a7d11f27c454d2b61321dc273721123336277462c1da35cbfb9,691670,646890,939055,15.568919
427,379962,e46cff5458fb3cac0f92d5ec1d1b59d02e4aa1096f7a32fc4c503d6bcb8ed5bc,379962,291901,842228,19.398115
428,569950,f34a12c4f58b13e13a26cc414e817eb0ccafd43d54a4cea5879bf3cfa177d363,569950,876924,978570,23.61484
429,817464,ba53f55319599d4ee3485a8b76985c30c47e6ee0c9dd197f6a1758b904d95110,817464,163034,765982,29.783936
430,756811,8cb0a13e412393838e3fbab9954735b3fbbdcebf5e22a71b5d4cbdde29a0688b,756811,764770,956499,12.132358
431,726508,2e414603c4d03a06a0567fb8ae9ed5514b87bbc8cdd928be35bc8ec896b886d9,726508,43554,983614,21.580297
432,650387,7ff68ed51966d04c35dc75cd8233441cf17aa2775878136d37788710b36b6c04,650387,556518,787436,20.459963
433,189327,32007e3a81171ab6eba350cd96fe70eb4689df737200bc128c048b998a2a4902,189327,598220,984684,25.846367
434,307429,5302d4773e7f558fd5331f3b046f3312806855681ff1b243c26771390ca8a66b,307429,733698,939745,16.973562
435,693449,87ecfadffecddf6e28d023e1f0a137d5312ffa96c657094d9c034f1a6f2f8b47,693449,736032,627708,18.870913
436,611692,6ed39a728773b00ed448d2925ae957876ecf10e2d140d1c603ba5c55b0c2024f,611692,87367,763984,20.78243
437,27656,8c54c6b5346837ec882b6735efe07b8e91ce0366f9ed489c3a22b1ed3b2b1e40,27656,348993,860467,27.89589
438,328441,5ae0ef29e758dd5c00fd4875c08e210ca193c7e337dec78f7e4e3786e0a0a65b,328441,372783,710365,24.7423
439,158965,9b24280c3ba1b5e60622aab77844425532a4d6e167be43b9a91e45cf3d353e9f,158965,169486,28670,20.833323
440,444866,abfd86c799a319902b432624343aa1929d87fb2ad2b99b5beb99f1b637acae3b,444866,199199,136181,15.844713
441,343971,d0c1f6c7e7ace43850126dc6da159da942e5965828d445a19e3bb87d6d9d3944,343971,639391,993421,10.817997
442,531897,ab396452a7f3e3c41418d634e136bc22cad65cdfb092f945b3b73ef672e3ebc0,531897,395352,840155,15.060729
443,822613,b7d493c733c11b5f16c78b53329e713bcd3af09524fbb0a6824f378170fce66d,822613,364575,149139,21.447708
444,733249,1dd98db6ac80d2429816f0c0ceb4f1c97d91fe0b4692ce69446a0f7568e00ade,733249,747897,887021,25.435303
445,751608,747e53b3f8bceb38ffa44021cdb98cd775b50ab537402e826f795e2d1f4af8ea,751608,973340,589483,20.717363
446,660596,735b4df5f3cd4193dc7866eeb3775eb25aa15afd551ea2a24fdf3bce08bde3f9,660596,446860,248893,13.732891
447,855712,7bd299e257e3b265a8e2f8ad9c611f5c68b351e61235b58378b3198ee19a4c54,855712,280909,443039,25.939293
448,583118,719da230a4c98a70eef2448a6b511f9a8a800bba69d7910201d2ae4208923830,583118,963926,689952,22.882278
449,211334,aecdb415e68c486c0bb21ccd26ace77064008d02b682b3d2f4a9bb52eb878475,211334,789119,87376,27.042608
450,815966,71689ee1161ee38bc2cf17c83d48e8c8e68487a5156402472a0ce858b34e5660,815966,761875,562232,20.228321
451,357079,b2f076d912931d58b7b31dd22a68f8b0d17be45cf7bbb4f4d4be66c1fa7fa1a7,357079,21346,837140,19.397587
452,48635,d80318b4639409ce75d324bdd64772da6a06aedd70da4856c2e524b36fdc8dd4,48635,452514,566971,21.4014
453,364066,bf2845f431aa25416041737f1173788e5502966cafe88127539a23e33d9a70f8,364066,862295,509519,14.116974
454,314298,cb1f0b66af9ad16211375e630bebe3d067314385135ab9ea0da77c9a78bb2a2b,314298,569950,552183,24.609524
455,503249,1dd1002bbd42f29adfebee50e3844b3d8ae57182f5a80496788927335f03614e,503249,815432,979859,22.496004
456,806280,39d34f4a297d20d85f7b7008066d85fd6164132fdd4aa3e68b8867d9c20bd679,806280,981417,947449,19.551857
457,810870,0c5aa937af9284d07eff58f5d1ea50b88ef03d48e3375929be633c3c56355ea5,810870,238328,508464,20.227453
458,258074,bbe02ff83b1e497421d1da4585082835a21ed368efea6fa2451376d9fb28e513,258074,582079,828343,11.524287
459,532099,b434b666012ea8b6bfa6a12c95fad74bc221f770f5498f57c359d269e5cd88e0,532099,873791,396301,27.02711
460,742072,6803e2947e13e807ee25de88ec65f9da13d1400b8b25820bd9ba6aa8df7c8151,742072,796224,282632,27.956963
461,561937,cec4760bb09bd826b180fbcfdad8f6810b280635f872ca9432684ab9a7ed7f3b,561937,698398,713645,25.67673
462,121657,c603727ca8f3930b792681043d4c505147a213dd85a08a06ef90fe7d58dd8d93,121657,666794,329035,19.926723
463,59639,ffab25407ef5176db22494db9308a1c964071b9897b40aae02292bf0d2dba446,59639,124564,60127,18.876846
464,502014,5a30074b2992268acd278e6e615df98581397cd93f819d702bd2cfdaea66f9fe,502014,415043,258809,26.418596
465,882119,44509953148f3812bd292d69fc253baf4fcfb3ed6fad1b86a572a97deee5fa57,882119,573120,777599,24.631199
466,337125,e66a9a635c6f05906c15f74bd701b018d5caf1abb0f971b221d01f4a579e5f04,337125,604765,72528,17.801685
467,195175,2a2d796454c6dc5b1f56b7c56ddaac6b7b7e8bd739563187c9309e0875fa2678,195175,421441,57718,28.55991
468,716966,64e83f23308d89fbdb668869b88e4e82986f8f402f30810520428f5498fa0e90,716966,972920,409098,14.523041
469,192854,8256ea3b2b3a05cca4699d83ef4317c148afb34c20bf73edd4e4695bc31a32a5,192854,136801,489350,27.484543
470,260447,e4074ca1286540c5a3686697344abb0732311115abd1c0bd01d2ec5b3d19654c,260447,121657,871497,25.768541
471,630795,6f02d1458587a2303513b0023ee99417fe76fff469c84e9b27f61888cb25d1f7,630795,805366,55120,22.120049
472,229980,2e0e4772d6d094ec0e324903e0a5b88fcc46ca88125ef5fd2a8a4d98747017f3,229980,84248,439872,25.65116
473,737466,ace707a72dfe789f41a90c42368b27bdef27650b6871025788e4c20692ea43d6,737466,982411,653014,7.330007
474,793811,8e4485a2c160d8e389a72482cb456661ff79899d507fbe7b8204fe33af168c2e,793811,824654,735462,20.896444
475,602822,2a6d84653b0f8a5b3f2aba574009e7baa118ac65e4ddd5b272148765dcab5b04,602822,774638,360622,18.817982
476,127100,f577213458db3afb6060a040a39cfee3253cf4672b8846954e348bb9b703366a,127100,338941,695770,20.77678
477,977395,9f44436ba10687befd3fef662e313d6c50c391b475aef766951af1bee952b037,977395,523389,705773,22.209568
478,942457,c4a52a51e74dd1bf864bdb26d7c20653dd758cac56428d9e7959a3e3fa254294,942457,985964,692815,22.242664
479,644360,09f8ebef8ba2a2bf544bc781ef455b7cc8bc09c241c69d85424d026fbc48b630,644360,448532,643366,15.9650345
480,800059,e9e41bb6198fb4c1f39c319383df58f47869eca8d1de80aa313915b849444247,800059,102897,802774,22.369003
481,91090,b159f07fc10b980e36789cfab87f656a08d8a3be0ad107eb92c0fa4cbb81b3b6,91090,62440,696095,22.876764
482,169522,165dee54a4d8e2a8ea4133c15a962bd259b9a907fbc34d88d03d75c1226d2128,169522,300114,135457,21.820345
483,135877,e915ca55294b0df82147b7200e3c3060c4a16bc9fdfba56877da23f425c4a0af,135877,68138,626643,18.1895
484,886459,bdc0a70a7aa4c5e2c8f7d9ed738bc0e1e5947dd382ca3e3319ae8e8a47868863,886459,737466,234060,23.460972
485,348993,45eb0081ab3d320af888ea2885fc7670bce352d395c12e2d5577b50d2702ef6b,348993,504582,8522,15.152851
486,178855,f908a4c4ce393a76c14dfd0c5342fdc3b49c9c61a0ac2ed61c6c4f5deeda70ed,178855,869105,784565,24.906235
487,812075,0cd6417cc74bdcd708716526001da1c4f4e3d044b8c0f00a3c6b0276887e72d5,812075,192422,713478,16.949356
488,486218,d000c4f5710569d3039ca52d32b3234527b06ec4b399b11f60b0f1dc5a4c3cd7,486218,183894,380941,27.142317
489,331091,46c928d6f508759baa1b293b07018c92adf114594e66dbf2e2fc7b43b26501dd,331091,208005,541041,17.942066
490,100400,3dce7c9f88edf3f6123bd0bc0966cce9d0a57f204ac37f50e3f9dd1308feeb48,100400,543860,755178,19.144716
491,888068,c664d4a7184871e69ee40d68ea9b5edda70b834a951903a5acc5d701c2f385d4,888068,342509,99047,19.555935
492,525247,306aca914a087330c707813874bff188b2fdb459fb8499bdfea28855076e6975,525247,442994,625197,22.017477
493,314643,143285d29dd5640d19cc58ad659f1f99611b5ff9874e26631197de7f18a07191,314643,186680,850312,18.918316
494,774643,4db273b466fa64cfb74ef3a82f41cbfd3e243cfdec087118b60450061cf436b8,774643,767469,574964,22.816395
495,606227,16fab6ea1903f970cb5795f0350bd08d4bf391731a2e23f7f93f675992e45ecc,606227,565261,802549,22.831644
496,866306,039bc9aac24bba25946486a71d2fe376a725550da9691b4bdcad0661ad4cfc37,866306,216280,648232,11.81608
497,329240,2a72c683fb5ca1e5af1ea0a58360366467cd05ba83d4f988bc9852fb0c6876ff,329240,647243,338724,21.684315
498,920871,1ef6e4cec6f13447814f6894661815e8e2f9ead73a2b328b3ab7d97b48a2027b,920871,372382,29707,15.613753
499,257821,531e2ed7847199d88f88d7d4ba6b99858db18963be2cb09d6b4eff48544c9f68,257821,148032,723729,4.781505
500,333174,1582312a253d02a707c801e423159a2dc92564a7ba26fd7dfa3ecd1c85117c57,333174,78859,833858,20.740839
501,882284,f1f9e3280d7c674103d99d25d40b8517ebefb25911844694e3b68df2a0057c23,882284,922550,882473,28.461784
502,103329,61cf2fbca7f06c4f0d8c1c3d9791aa25c95e2754089a817575c2c99bc355788e,103329,635433,278345,10.727834
503,426365,6754f1ee4d0264b456f7091b2db21027411c1d29118a84d1eed1e5d084813b5b,426365,553317,22373,21.33965
504,283528,d854925d4412df31bc6521cdddfc5abbd61c01b2b27482e05854d8aa4f04afed,283528,602368,429097,29.458988
505,375334,33f093a3cf6cf8a08f0fea5f79b235d2eb79ad4e17e4c21442476ede197964b0,375334,917762,378027,3.3589208
506,193885,275a6cb445a5964c52c0a7aa2a57c8684a040d8105592873ee7f34a34dc6a62c,193885,296344,597639,22.366247
507,631711,a3372dc1f4a1e2563f67cf0c6acc2938ca483a3e8b0445752db069f1948e0a65,631711,921746,612503,18.706154
508,168090,19f9add95aed9571ed59fc47dd54f4b89e25d604ccaaecef96626e38c66466de,168090,503216,529421,26.158682
509,781935,d0457168e5423540ac49183d24376916a0d58d1e6e77650038a84e78584e41c1,781935,18233,801594,21.340124
510,322285,4299228a250e4d1f9feb4c8f18d29f2eaa509d1098053b3730bdb56b13154dfa,322285,831524,14073,16.41538
511,42842,c5f36abb0aa7cfa31b6a3e99363bfac60c48e6d88af7128516c08c05776bd932,42842,76903,599503,9.319406
512,143507,7d5ceb559d29e92e59c97d73d9e53c47c032e0f0b643cad81820adef1b777e70,143507,260447,935676,33.226334
513,309415,b8cb1654ce2e10582922d0c76823221ceefa3dbd53473c45f445c3d6ad0e0a51,309415,338165,261833,26.253954
514,227940,695af78eeefaf085174efbe86c60ebf969c5bee2efca4f1ee62233b909e5de06,227940,208875,535931,24.643776
515,556840,cbad17adae8fb3947676b946d8f5af17a0ecb86b680098a1b8ba1fd30e8a2ed3,556840,791631,563710,2.9965394
516,78859,1d35eb5d19fd5aff87d957403e7b40c2cead19e7dd3a37feb85b9cbf9f62215b,78859,602651,294554,14.941467
517,788176,f6dcd488a01ae3782bcc6cbaf91cb882c3c06bcbaa651a38b9b85c888a1b9032,788176,896911,103456,22.524057
518,149899,a1619e29835c5de9e356ff15d7c1bb5af038bd039295d3a961d10f0b5167ca50,149899,268432,594188,24.904661
519,974589,405d2efaafff7fa23b36dedfa75799e09620d868aeec21aa92296c0d16f1d6ba,974589,922899,861725,22.145355
520,886084,62634dd51bac715301f5fbf4cfc26adef8fb79aa4efb7a3a89d321126337c47c,886084,278223,886009,17.818481
521,732878,640d2cc6e3ed2ac879249944133dd1772c00f2ff71bdced3007868d50d75c762,732878,782148,90899,23.074692
522,557651,042101fb181a36147969d91b75b362982603f87bd6a4f9e1f2b5fd4d50ebdbe2,557651,522074,452896,22.87498
523,25113,a3da7f46e3857b1074d6c6702eab175f3e88765ebc6740e65b7729a0c9765c32,25113,858275,663997,10.973184
524,808744,e2e5e5ac6d8e0cea4d5f00652b2aabb48116b1271ddf8177faa25dda6f531167,808744,828030,305374,20.201723
525,488349,67cd8d19ed9d9947056a0667753013097fd81efa34a6648975904646de5caa6a,488349,50209,283971,26.724323
526,40750,76e3b7de8a7745928abdc4a991520cd6c0eec8b37d5a860621ed08af176393ec,40750,471802,678585,12.543703
527,70320,c64601eefdfa331f51eec12cbc4bf80a6a922e320995b5fb5c5ce9604a6399b5,70320,732495,80643,25.511927
528,771099,62afe922335795d15092373d2d75f5bf08b58a595ee46d945d17cdb340b51efb,771099,146892,525667,28.058624
529,172956,b0c59a9f464872f3df455ce056b3074205baf413269da98815096e1c58040815,172956,352424,379761,22.197483
530,277631,1b6551129e17ef2570f9961feab7a07b22fb1ac92a8eb0da1f35ce1ff300c160,277631,932497,766404,23.708937
531,589552,6beadf67b235a5b7c733df7d61bae7435887c137cbca0f4c374601e5659fe032,589552,452646,650296,14.598023
532,575257,f6bd240adc51d21e360e3024de9c8e81ad03b5005ad698404f9090893f1a7d1e,575257,376810,383740,17.702236
533,954453,bde5d55a70de322dda553b18c8ceef0494c6eac86899e0fb1b5968f1aafec853,954453,614250,806242,11.859225
534,911173,249c5aec3d630f7dd9e07858ef157c818f0fccac3b5fc0bf58c8c0c900cc0556,911173,916650,263507,26.209469
535,434055,e2154a82d0e74290e8cba599b277317953d337c7c5d5dee467bd4bd507db2171,434055,961443,60379,18.747051
536,956722,5831a1974b54e8ebb44023773068c7bd0f65c5bf39ce015ccc2d8c9c62a58a9f,956722,876394,954150,12.975595
537,364994,5d599daa84025eaca4b358d9965713af464295bca65fd0e41b5243602cece9a3,364994,525247,710099,21.723026
538,130590,d94782f88ab0767f00c72667b828caf3f4dade75d917400fc1b4760a40e5136a,130590,832208,975158,22.35421
539,776281,f280d8471515ba31fa0c8d80694e7013277d1df3baafcba1273645d1c7c7f02b,776281,129528,342123,15.094021
540,99349,47d34c098b7276d08b8bdbbadc964e9974404faaebbad3a244435870f6980a83,99349,935826,78232,18.191406
541,966515,f71f2ca2320596eef8dc8d456d4ca2f2e32348fa4e960020478a9c521325a642,966515,6845,273044,2.878946
542,575531,b497f1f86d67b2068f37376a3243a3a66d4d82baa70d5ae339a67c2c3c667eb0,575531,452478,111632,23.31874
543,743850,f6d14d9959dea5222157e6e462285b326fa6607ee13886d8a67843afb37b6370,743850,419234,349652,14.766361
544,250133,2e4d8e210f673b6e7c375cfa5b01cdc0ad61c30e017b6d59ea5c7dbebe791836,250133,433956,69960,25.007643
545,23898,7ae2e65c5cd4c75dde0c35eca3dc75bf656dd07f1d25370a503d743ebfbc213f,23898,86060,217554,24.176096
546,701988,9732452284bb067e56efa51c10f1d25aacdb3354d0f8bf38fc5616ac4d8bb0b8,701988,560808,966034,5.78873
547,292365,4e7368beb5de20ef1e34d7ce7dc6ad05b6b0bae81a66932f2189c6a72c52c8aa,292365,94971,396018,22.96379
548,767875,3b79814051b59bbd76e9120636a8c406f7d7d3adfeb992b83a3041518fbd2b49,767875,904980,524158,20.323753
549,47116,fe043daf34eadc67c2c1b8b7e6a05c522a10dace83d587ee0923128233c5416e,47116,1109,801451,43.384567
550,57134,27bc1c794b654aab577c514152db4fd772a0e2b3fb71be4e57d959bb1752ff8d,57134,309415,424470,26.82464
551,197804,58f6fe884548e0b5786d7f3946fb53893fb4cf520f196634690184a9718a2b5e,197804,51982,710365,22.852654
552,633291,673552962bd8243dfdb12d8a8635ff432007796354879eeafdd0a79e7bacc10c,633291,910384,508704,9.411446
553,941845,d18a6407ce392ab2d22beecbd0600870a7e90bde6707d94c7a995773849df41a,941845,75294,376656,14.234859
554,170509,a23419597d8f356fb5af6c13fe97734d15614746f8cf83147314a191080b57d6,170509,366230,886084,23.267317
555,796224,d653d7503027a8625e1959e5f83926a152a43704eda31f6928e49272ac125f9b,796224,840653,29018,17.449078
556,505433,423321a85e9b350c59d02e1ed091cd3d13b703998251343e74033baa5a193d22,505433,302114,175906,23.674892
557,329719,4aa8b10db79b1667e0c32d1e84fb5e31d52a1fe1c9a7c13af92d9c13871f1236,329719,248264,234768,22.765867
558,580557,6b54dfb31b390a37d94857e311a54fd995c42294ba8bea57e061dfd34185081b,580557,313911,448562,20.898453
559,439023,b0811967b122eb714d98465fc92b71ba8b3c80bd92aa80b377cc85a5a53b82ef,439023,230566,695030,20.55668
560,684515,880f1ee4d8fb79ba0c001095e7424a368febf2e4adbee8342fb26831e25f8b87,684515,642015,76927,13.255214
561,258543,c0c6fa561213eaabd9a37198c7d7c2e98161fa43845c4be2dda9ca7ccf11c7fa,258543,533039,348217,15.539611
562,234258,4ec42333de27e06b84c3a26d2b3d0dad5e423ab2f6f4fc29cbd91f62316ec70c,234258,548878,380358,21.913593
563,647722,57fc6a6a9218b7d6a1f2783569f185fddab0dfa91ae135ee9a98f484d196cf88,647722,796049,684964,17.160625
564,676325,7f66e8a6338edde0ab1f860badcc9be4d3fd2450d334e7fe85497908a88c5103,676325,281438,870687,12.606383
565,951675,2340a8f8c043b8ac8447d1f209c53e29e52a96e86981dabbef7320fd7b61a09b,951675,421190,683387,7.9789305
566,457090,2a2572dbbb4c68f41dc769035cf56ef0bb7a7219da3c2105964d9c0255acd9c6,457090,535498,458991,23.118902
567,689991,a2dd73cdead2b9a82df0fcb102e4130c4cf30db777f547f7d51290c91ebac136,689991,138684,551715,17.645424
568,787480,e886a6ae3b590e87bd2252ec5e01877531195a76aebcfd099225053b9bea6e56,787480,575160,925079,18.233604
569,1902,23fbb08b92441dfcd31106cee2471ab015a1e97cee156a8bc9ee14313509c4c0,1902,613969,478639,13.412864
570,882801,95ed9a2b2544cc21ca918cc0d1e6c7bdfeb6cd3e939e6518b8c640e2bd501a07,882801,332630,273850,19.72839
571,588063,37fd3a62ab0938cee5f7d44c79a2869346964d7c5448b8eef2e0d69c99109dea,588063,234258,733992,27.709475
572,897423,62ee9fa6fd8b893cd2d3700fe8776e5ae4d9338ec1a6824cf67d91d682901984,897423,375664,157826,22.37232
573,493561,81e74f6aa8ea24b809e74697db87084cab46b1d0002e47dcb1eb0326a54f5fdd,493561,283618,493846,13.985562
574,582690,ed2dcdaa09bb958766469d5a6a755943ae304a22210c97311d5d1d6e05713e16,582690,685833,64297,12.702991
575,133893,78d876ba157d7d9a43f3a5bbf67c769f373ba50a3355b59787b155c86f6c605c,133893,400824,865909,11.121724
576,401249,6575ecb6c5be868a8ed7c4d331e3802256e564b5b67f77fbd537ad6f90895f30,401249,809348,495213,18.670404
577,65467,f87ae0d803c3bce8722b1ec48eb120e14244bccfb57feddd7fd4fe6bfc2d83fe,65467,618675,661005,20.032505
578,430949,2df8e74db3d745fa68436baf4e1af23d4cf60429ebefa0c02927994111e70ab2,430949,776910,441703,20.99899
579,585506,6734dcc2782dabc44a7c10066b16e730a15f78d6e6a9cbbffd378578224d50c3,585506,762216,985079,23.260838
580,620602,7c589236a94b5d63ad2e06be4370d9e8109cb1c5b8c352c69703a684d3f3eae5,620602,529982,617399,15.851472
581,361666,9b3ade0ff0c781848a28495b13b082fcf521278ac4dfc69bcb4b498a40bb1bc5,361666,794824,46885,15.422674
582,661682,5f39fb153540528de13a5d58b21c390bf833bb33ff4efa5c6ee5cb897fd83a1a,661682,761887,4553,9.152196
583,965850,3035f780340461c19bfbbf385b416d1cfdfc3f6ba897ddf5ad0c126b474e4c62,965850,973649,845156,22.365734
584,709844,69d64b8463a352a232856c64cbe93c15cf0734671d5e2c6c16ce2e717eace46b,709844,214176,625447,19.447319
585,927607,bc05337d2583d166c02a0b06bf9c8da504280d815cd2a3173a1918ebb58f8be4,927607,124523,558313,16.539633
586,657849,437d2fa109b55bdb5203bd9ca22df9c6ec80cff4cbc0801476fb652cb9d9c574,657849,779073,829106,22.301462
587,24324,77d1ead43fa490b8b9bad28122a5acd1e1651709c0ee9ab8e1c7347646e05383,24324,502529,560945,22.724262
588,202566,1fce453e21a223f11069c08d07db0d1d89295f018dfd990a1b3285eb11e7a743,202566,567296,301780,16.584824
589,857452,e478cedc3101e7457fcb48516128ddcb5997a1f8da120fd8022002f9c0b9f578,857452,696841,87367,31.576103
590,18595,a96ef1ff8ce7b0e966dc188ca8e74d0fae5cde9b3e2c80f6b7a784c8f8acc29a,18595,59639,576464,18.13784
591,835719,1e7ca25849b1e05068bef104428c8d873fac09577fbe0b1bc00fa421c9d6bfeb,835719,805886,110014,21.84187
592,776700,273df252bbaeb552ddeae18e2c60603f3249f810a9d0259b4ef4cd1bfe22217c,776700,630795,731877,21.949055
593,914003,2153282c5df8f09f9585730c2f9643c2eac12d3cb5695b3ab3932255cf18f9b4,914003,371257,707982,17.278502
594,762274,7588c8ec32feb7d9a26a76a1d9cee9c594dc13c87244f2e94b1e8d210546195a,762274,548615,672245,21.124249
595,440289,37fc8e3c24c0dda1100c7dc16406e72ea050904da5090db8b1f430a8529d76eb,440289,463454,793963,29.245098
596,814148,45f0bdf9b579dac909c95fd05051d90509b57ac6ce10a3c4d5893f9822f7c962,814148,592515,969176,27.005415
597,834301,d88c06197007c213a50480d6db3e14799d8d2c0ef4766251dd667c90003ea7df,834301,579633,28774,24.450249
598,246454,a7384f9256fb9f5671efa89c1dc13d3f6cb1420d10ad869af08e07e92b8f87fe,246454,920228,605491,19.524761
599,879746,36124645651dd99f80898d652081b76b2b11db91f582c784e8ccc6ababddd311,879746,727052,733976,19.05932
600,892884,7265c4f959bf1ef96b2fa8566c312cea8b4c003229d2544a2549ab7cdca05dfd,892884,974695,854792,24.540653
601,944122,a4d9da9861b78fb94b1c91cd03fbf267c02dd3cb53018a4c0f959c7239ef9fe1,944122,149899,898135,13.658127
602,694569,b4f013d3bd779a6c55b990f297386502ab10a5c52a4428e8d2144cb4221bd3d3,694569,194203,387250,16.983656
603,464256,b1ff52ccca4a23451146a7cb33d8f3a37ec0af8efb4dbe4d5c547288bcf906e2,464256,212333,831342,23.3475
604,162385,752db24fa7d0433350ae5da87d8e946f7c772308913981dadb6f996373e9bc29,162385,445967,878764,18.942566
605,203520,31c48665b8d0aea09ccda32cae1e3edb6c071a90965d9ae4b0d01751b87544ff,203520,968812,257317,23.818815
606,227336,e927f56f88b2fb1160b98d18834fb60e46e4cdc92426c9ebd4b2ed6a49b246a6,227336,735117,818317,23.295067
607,56997,c1d311bae40e515cc9f0ccd412c12b76f54d38e3d9678e4e09dccde291c1fcbf,56997,591099,831896,18.282099
608,134119,42eab2e834670229bc2bfb834a2e9201a23bb65b5a843d80862786b1564f8fa9,134119,183902,596729,26.605293
609,837859,939803e50d6ac439275334693f0cc602567f27022da1567b8bc77585b5f95040,837859,824577,633241,19.998667
610,581390,759845e4d858758ca8e47dc5426cf0ac7059bee075cb373e1c92e13ebed893da,581390,962926,618855,14.359384
611,192666,5bed5ec6dc3879b023d2270d10ae60332aacdbb21ad1a22256f154d20397e848,192666,861614,750621,18.751602
612,550341,39ed5f17015663fe8b7e9dd74eee94c53097e6888524c8e11ddf8e27a59391d1,550341,229980,1109,13.93912
613,761107,cf72fc4ef36a8b88738c1e92f6601959202dbe83c7707e447c0a6623e4d3e8cb,761107,538124,433031,25.09236
614,974292,c9a1cd3f755cefa30a6e7a0f6c3d058ad81b7344ae98a3631ae6ddd125b88d73,974292,369939,454677,23.384981
615,529982,242b3129e09e0a4dee98831cf0669baef39a3f3393309d523d3be1f3917120b8,529982,261438,290942,24.370369
616,664125,dd5033366be427a431555e95dd3f351efcbaee4d323dd685984206e14d94a7f0,664125,714001,543548,20.633207
617,349997,7949d48fc12ff70931214e64a62eeb948cf28c058d471421b8aa7bf4fb5ac438,349997,586382,575606,15.774201
618,610033,7d8ccfca184c2d27a90b4bca4112cb706879843b370c62d12f93320ad2ac8ed6,610033,176263,690155,24.494558
619,658854,8f56ece7b8809eff5413b023d2e4a9b7de78510d693da8ec617a146241f72bda,658854,842084,659204,16.21042
620,582919,a4d1953679234abdee40682e7f0dba04a88c325b337501e5d1492bafafe50425,582919,187513,90769,27.963346
621,880604,2705bf8aab19d4e68a37cc5fdad383995788f7b9e617ae03e936fa5b7c824395,880604,30874,178665,20.444344
622,106301,6597fe776ae17a80270f34f13d4cf6673a06b40d8606744d7d5ff6d028376d4b,106301,54287,526879,16.808586
623,413567,512a4a4742453bb12c0f4250b2049e94c1483cd3890fb1a9668aa5ebe60ea109,413567,370044,475345,17.002726
624,578714,b19624fa8021c5a7fcf12c84133bc05428454bd908a465edcf56bad7986572e1,578714,546322,632262,23.986753
625,430189,c7def7377b5f5154ecf43a6374acd84ce19257701371bd5c87f74c795a998102,430189,373385,555990,15.154848
626,332170,dffba355ebfaf9a39145c2448aadb7ae8773472a8f7497fe671b3e9e5b089f80,332170,822613,485016,26.07061
627,763257,693d25895b9dcfbec14c7794ed77921643955ed490a86d6d77bf8078f8b96ded,763257,658854,670208,20.60284
628,294467,1d6132ef787ddc2303358cfe9b7c72ace6bfc38740d524d053fd8cb08826e852,294467,697238,576966,15.535635
629,326310,785ad3a3691850fb1f16438f20944ee071c38c90af97c917e1c7f497331c6149,326310,278091,319934,20.978388
630,75294,692953380752a0c8b5813a3b022fc70f8229d6dd0553f550f7e4d4a0202bab47,75294,459562,873221,10.770273
631,979795,7b6de8f1376a2fd846fb591c60bb4555ae50f4663e1e49c0fd87dbc740bbd525,979795,776281,314699,21.166477
632,710882,b34f281374c115b4f77be5656abfd008b01260c26ee83697800dd886616a2e4e,710882,301725,941202,11.3147335
633,846949,26eece3550ed29a11adf5c0f2ad10bf0627dae71a2a1d46802c1a8c470cc3127,846949,932741,409293,21.300474
634,858275,9184078469717355c29dbc1e3040e8e3d9ee64f6aadcde3c155a4679f9b644c5,858275,595724,687215,18.081167
635,851743,5dfa9016d0251c998eb211531cdd0445c431a044b4e8b226e75981506f8ffc07,851743,541787,126925,21.486954
636,784012,046c7d29d2faea97ed2507f85b855149ffb3ea617935a00cd64970e00fd49c20,784012,271300,424554,16.735403
637,876777,d21e81a5d8d027d9c3e4b37a2946f78bd93dda7f0e699f80d5cba16963407ebb,876777,258527,778289,20.795246
638,961250,936fd0a398ac348c5c4e16dfe584bb58731004c80a8004a10e02d4c41c7c63d6,961250,918323,116185,25.94875
639,988342,21072722ccf1b9a74b54f7739767ace0044e0bcb2a959af23bec9d3a3c44371c,988342,508349,428710,26.58572
640,735678,36b3373eb275dbebf919ea75f3292671da082b40df16704d487f4beea4213784,735678,460489,737031,27.606531
641,736394,ab1c772f849982e97262cbd2f9b147e089e88e614a7cb207bcc34870317203f2,736394,515069,278597,9.6147785
642,703945,84325eaa7754f3e990b07b13e92eb0d85124515cdc0f4209ffcf043a06063f9d,703945,580557,822599,25.62026
643,44878,5de8c9fd208066719b7b040a66df66186e659f54e7db9dcdaf2314c3515c3ae1,44878,361666,26383,21.008432
644,111202,4831bf88233ca6c957fe908b4ff31adbb86e5bfbcea0dc597efaa6bd2066d4bd,111202,920871,851935,14.885501
645,114816,830a3977882a5c99e9ad4fc505acb3a9223f3a7b98603c4ab7936a64ce3a50d7,114816,211314,660293,27.38343
646,582057,24a7e099059dca51257a05fdb59e8c2446f210a18275ec3661f163503893b7a8,582057,755744,342177,17.498137
647,921746,4da7fbacfad9cddcb45b48698245238b3ad4274e71b93e289b6b361e512c6a8b,921746,266012,765790,22.577719
648,403552,1f7a62ed7a6d1239c1b2fe80aa09afa4a7e93d4026ed59792e2f711989ad60da,403552,127100,971779,27.105577
649,832568,be279ed745ca415e10e8cad0771e0bc5b0b1d5395f92df4861d440e5f88b60b8,832568,117175,344024,21.835472
650,107420,be61b1cd5bc4f1a67ca54e698d1dbfb9134b09f4774ffcd4e25ab39c208d1058,107420,899447,960647,24.191374
651,690910,ef37d2ca8e8918cfa5193b824b1ef01eadbbfd19dcc01b56fab77eb0067f806b,690910,659678,238843,17.796247
652,561166,b5af405b90b750ef58700d4b896696b79efd96193dc158c010d4e9349bcd4382,561166,603034,788272,16.684551
653,995500,a11cc1bcbc816acc129634ad08b331c249b1bf9df1591872d0012bed58f543f3,995500,478914,46456,15.795148
654,817176,5e798db6bbc7bc9b59b358ab22e60d9071245b087486ca2d5a0296d01fcbd0a6,817176,362219,801594,27.969269
655,828617,3ed5551524a42b4d979236ee20298f179aefbaefa75d718760f13ba12d6ee15f,828617,379962,352386,8.210191
656,869105,76df73793a0e81d0e89fe20cffe175bece3f7d78f15bb9b3ea153bc7b0624d66,869105,196836,393492,20.709297
657,360728,9f3ee410a408c886d46c8aa98501a0653e4cd01b2677061f90ba1bcf8fcd2970,360728,247665,963785,16.855501
658,786111,45b543333de43a84c7aa55653f3c4cb1fa5237bb0030c7254a0ba092e4f78b91,786111,348215,772536,13.1633
659,323138,338118cb812fd738f2ab933b93d3dedf26b613c67070ebd880c7f1ea6862bdab,323138,2297,145396,22.876019
660,954123,4f63e4088385834b7ba4ece5740e75449b7580809a568970ffe39185ed634a78,954123,892884,345866,25.87234
661,338590,4ba1380e7ef49618ab5cdcb15391cc3a1626036822e940b15725b55bd05a6cb7,338590,179612,269172,19.671247
662,168160,8d42d8f8e34553f0288bc3a791fe5934bd4cf8ea6cf01520c5e246767ab46227,168160,711932,712593,29.779156
663,363547,f3b700c8892ccdd79b8ab70d32ca1097ccc552a9eb3d77b2ad3817613fa938db,363547,801064,640004,20.19302
664,112492,4864fb5aca0cb3d213cf9783a35e8e599181f3a38fe43867827bf984961c38d2,112492,255801,824604,22.910902
665,158981,44112097d64f5edd240156e98a8228fff863deff3e475e7de2452ccd880a9f8d,158981,444258,96825,17.978067
666,860269,ba7f28c90d7e4586bfd75300c6c6401ddc9927300c74664379099ca8c9306f25,860269,184633,732419,20.099476
667,139214,6f0d8813e76469c54f86a500530723414df1caf5afab19d1bc3995133c7caf0b,139214,762590,85744,31.288843
668,58124,19ae93f7beb4a351c41bcff660e89346f24e0365d664cd464e2c757fe6253e18,58124,89687,766227,20.254126
669,896312,4981d706bd1828002db1c4b78e1d149eb9f35634443cb9e20d5d2f43f0688efa,896312,328441,40965,22.08844
670,953333,24abf3c33b537a99da4063c19c3445075d79715ba6f94d1bfb3a7b8f83f54d81,953333,770925,75172,12.807282
671,36662,1535b88a49c8bafe9e94ade8c9b1d9197f889b99e6ff469a0efb576daa1729af,36662,785434,939703,14.848675
672,118178,aece721ac7a1dab6ddb05e1480af3c6862293cc1cfa720d526a925045efbe98e,118178,485579,566002,20.170141
673,612288,e1d8672118838964c5b9ef8449ba8f3e95eb0d253c75b6fe5c4068ceaecf9c42,612288,834458,711932,19.58623
674,409605,41073e8ec59fa08083a3b400c1efef729053b88b244c659bf1e1fa8986bd2034,409605,550341,106969,27.6091
675,844047,f11ce72546c3525af64cd0a24546c299f9f6921cd197beac2c413bae8d9ef653,844047,580604,46810,23.21217
676,878207,f44eaf306d1b629e8cce5c548bbc4f9d7adee911877932fbb650a98446609b2d,878207,427043,994447,20.580135
677,467285,cbec65e34c05cad3fc38842d9b53172b0fdf3fe49215ca54df34c557fb0c5aa7,467285,554600,231529,15.377945
678,458102,33c7acee2c4f8a353445546cfc0892fce9a5367577f5c18188953b7996886d04,458102,671541,439069,26.401423
679,224915,93f2e427fab5d1cd06f6a4494c1372dfb31f5330937cadcc6df8d050d5e184dd,224915,809026,692444,22.455921
680,988627,19e03181b41c70e45c36b54d41c7fef92281abb61b5475201e4e134dd7cb16a0,988627,90913,62247,25.81769
681,278492,7678bc7658fa5963c3d34e396bd02f00549dc974f26bd90db2805d1ebd82dd9a,278492,266576,563321,4.9442573
682,524874,87b0c386026708233e539056ef85d772a2b1dd534c895737df83fb588b710c86,524874,689991,945250,24.483809
683,936084,453ba285d9f92bf4182b21e9baeec89c19b1000d7478268654fe2237088183f2,936084,767976,770106,23.035881
684,302454,42d89d12f77d1fd32230ba7b2d8cf832a98a327e695a7e088cedb5d5a0f67bf3,302454,141056,560354,15.500425
685,26867,3de7ecde591c9311b8cbf8ea37b76528a572161c5197b51d9fcad7290f0d4b1d,26867,986554,697000,21.987177
686,205258,a606771e9535d759ae7401e1a3da50f49e29e4a93e46632f021779c13d29d0ce,205258,9167,822480,23.802147
687,194006,489de6d2a010919ccbacbba3e030fc555d4dbac3cd15af3b6cddfc1bb3e91756,194006,277301,752185,24.10592
688,901012,c1dcc88e64c497d28f0caecffa545dcbe4be7e5d820f4cd6041ba68d594de583,901012,731081,542255,17.96447
689,762216,14d0ca3d62d3358fea2b7c4ee0b2211a4ca5289e9e93129efed19d9515abbb5d,762216,8907,399209,28.797235
690,372283,5be5c365c5cad510cdbfec6b1d5f9b8cde43abb6bc7e63a9d5f8863895abb1c8,372283,873820,373915,10.237321
691,998520,1a165a7a57ce5f2f8ee38cb06e1d29b3d1bf2a29ea68a633ec596c0f5c90c925,998520,457090,254355,25.882317
692,163034,1b770d72015079a5de3d372d5759737194a0a2f2d26d1f530305408b30a29be1,163034,900712,63406,16.274387
693,564832,3a3f13348ae327b671f46658ef21f6df64ccd204f4db589db9229129a7f7b038,564832,570419,201138,3.811107
694,808707,359cc41e059f487b455827d71cd93381c7504693fde3da1a9f38245ad98e27ce,808707,548019,699703,9.899926
695,170600,2f27536ad1f112d53b5efdec24400c5f74a42d49154c80d0fd703c224f773678,170600,916701,212326,41.24441
696,425357,adc8a948770d4f5f283ccf7ee5758c9530fef3dafb6d4bca6ee76a8ad893a719,425357,253195,784650,30.564825
697,767364,bcaf91805aa26c8acaf702aa70462238e18f30cd91123c18f84aa755671423a1,767364,781935,692638,21.91801
698,295847,1383d465cb66b22198b447d1cc9595925bbcd7e2741ff47c424bcddaca88fc60,295847,248873,474408,11.779022
699,705812,e46e2762f0ae8522d4b80445aad10bf03ed59f569288d1b04e46283cfd0d8c35,705812,101607,609981,24.367422
700,176549,ce3ed0a6371597fafefe3dd6ed1a16df302d4c6729099c46d6cdc3dece7e4628,176549,292458,518348,21.844597
701,855920,ccaa792daa10ec23db4c9251bbb2e0f8709b889750c2fcceb9a8a9ca32873e56,855920,289917,49600,19.80532
702,893873,b6a4cd68e98af6a7e650c05c54c3337da8ea40d16c49d18fe139eef7b1b43529,893873,532099,438136,22.633932
703,421620,7bfd6c0d4fd212fdb58511c9f0d3f94a7e8b15bd1af70e59a4726ef1517aea68,421620,194551,10165,25.244488
704,968346,595002068df3c6fb0692166e94509872f70a98f5b6017787ca40c1ed597fa02a,968346,872370,642909,23.422699
705,230566,0a4a1cff26f027c16b56c95f1728a126ba6f0a65f97ffe6055bc01f9aedeeee4,230566,358786,434047,16.156496
706,774460,c36eb0de7d16d5549d632a0ef7134503430b8d6620dc80203fc3c75fb041a49f,774460,170541,976382,18.052286
707,609957,8c418df347c18e0610887f10f6eed395728d222a0f9ae78017b76d2ee561e0ec,609957,143507,381435,17.352877
708,539571,c75e67f3170c893672042507160bb14e743d62107370617d60a6e22030af3c74,539571,582057,143765,21.930756
709,774592,65825abf74ad8b1c9a71b9d730ec63b0e2209d3b2de1155260a779f65e4dd2cd,774592,866306,877514,25.99685
710,284537,952a2da2055189d3e4eb4f6f8a780adff349fc368190e10a0f9eefa7f18da391,284537,155455,546743,29.50229
711,559884,64c1ffe18ab40cf56b65a955fa05dd99c75b3c7473e488e82955e26cfdc94db4,559884,796064,273742,24.048151
712,68975,61dad63de7b5b4942c7caa8d1133448c7afc3a83423a2c40d52267d4255e15ae,68975,459152,267017,23.052317
713,94427,2936fd100c27f49209688cd50e54de2e0e6882f9d34364a4ce8b12238f77313a,94427,942533,371425,24.910727
714,29154,33de59588f12f99a4349402aab7deb5073d1da38fd95425d37a26a46c00648f2,29154,92689,534497,22.504076
715,598191,99c423c59fdd908e5d522d7d679398785ed29d48c3e61e1b46e0427eca44534b,598191,902253,681835,15.561225
716,568534,e719e88314d65a79167a7e57591c6643b18eab4c0c3d9a7ca2c1df6704e1e8d9,568534,954123,50209,22.396399
717,107084,954a1dac9c6a63d8ec25074ad2dab84b8385f2dcb333e849e0890ba8e62695c8,107084,243680,404935,20.430122
718,664080,b113173034548a3aac2cd6d2408fb49328c876483100fb39eddc262919354fe9,664080,118260,850723,19.452093
719,991935,974d40553a8302f7ccc7ccd4819fdd193513838f6a4945df6a76772682a0f6cd,991935,115488,858964,26.078651
720,607451,0db6b2d5175cfee42bf514c98e575faedbfbd1b589a7644a690071e89a1f6471,607451,131787,161664,24.211498
721,167736,51e7149a17c0cd7219547e67278a637ae3972cd72d42e7f5af9c2195d07492d5,167736,65529,159084,24.845787
722,207627,a0c380cb87093ef677e9375978eb7545d025ed136c7c5ea082364f9f31f98d24,207627,603830,694459,22.885878
723,440133,e1bd973518859aa916c993df363142f4e9496eade0862eb1a43a52081debbc3d,440133,606835,746237,31.264902
724,85247,74c7268f58c7de3ed460f20f32930c40d18c04d7caf7b9bea3e6f9ebb839b9b6,85247,403748,866157,15.525916
725,815409,f79597047e653400676bc6d70fbebd544d9a5185b0509c077f8d94928b3b229a,815409,172773,721634,24.025444
726,192422,6ce3f686710552d330be2771de1b2c873c465e98ed0e2e188fc45c98b62318a6,192422,50441,821517,17.355478
727,861941,7b578f0986a8034bdf431a98f25f9d4baa29be21f4b940dc9b78e8cbca4f24e9,861941,925172,619372,18.299633
728,809348,c271fa3b65fca75808018d44ab20abc72a10dd8ba812fc57e115fe6ed7068852,809348,569926,857458,23.632048
729,812641,b7b99fc6ed74a5f7f40381906f63a8528b3a011f4b2982c47dc28d8506d17054,812641,552593,258543,27.988186
730,307067,4e11d66c44c72b288ed77f6156a26a9f4d900176e5176b4613d2a23a12d12ced,307067,327762,837040,22.707754
731,613829,e5ff24bb98ee4b9121ec536924aa7b3ceb3813759ee3b25efddde51270fb6944,613829,137495,560137,21.055922
732,719999,13494c03f162093172eb4781f8d0ad06675952dc4c54131f5e8abf7003d035f2,719999,922536,693383,10.650057
733,818076,1df4ccb718e6c2c06b1a5fbdffb98a219b773a78f8418030eb7fde64198a1848,818076,512347,800031,30.173727
734,698398,d6da186cfa82c2ff64659da732465150d87d5fa5d6fe03e3941681ca1c655548,698398,463644,160564,19.114471
735,55702,a9ddbc0f3768772e539d297ffbadc765e9cbdd0980c6cfa04554c0542957c1f9,55702,457046,371648,22.39446
736,448532,3dcc185f27166e4e947ebebddcc9788689d37870ef4aa52d819517d705fd61ed,448532,545253,888944,16.674738
737,573120,76423224d7845bb55c274cb4170d8233cb77cc8751fd075804a0bad19afe086e,573120,604818,991027,20.258516
738,452901,b5a315f2f4a8ab00909cb3f7104f332df198725e4342730ae386999c24a9b2a4,452901,497581,384874,18.920536
739,850213,0806331edaf729125865cdf08cad8ef21503ea0e29074c169dc2a1faf50bb165,850213,363547,472723,22.230474
740,822469,0e22cf62caa908bbf7283c569f48f69ac376bb4fe3b79db4e8d21d62e3ae285f,822469,913212,231673,21.320786
741,904650,792e8015aab24b42e898e81d60729ba430715b8c17bb091d4269a383b761cccd,904650,797122,403345,13.148217
742,187513,94e6a18d892468331c76c3e7c843f00e41b156e2423f42af905f17daa1d2d269,187513,334595,981992,21.185806
743,546322,8d6ce4a5b23ae81b3b782bc113a02f465d348dccc9f7d13722cc16780efd190c,546322,454836,207392,8.762464
744,376810,b073a142cc76af2e5c6532bf5bb56dcc4510b27c4a99e1d4d9c86f8fb566219e,376810,276824,23992,18.995897
745,648253,6ac60b241b0a0d8bbb1b6d2f4aba55e132bba37158cf27d5acdfa3cd95395ff2,648253,983846,623587,13.221165
746,414369,a5743ae13805f8de093d3582b8b71e5a155740032fe3c88b414199e7b2c5ec21,414369,4883,742755,20.87069
747,769741,3d327b115a90b937ac0c3866f2dfedfb14d5a8feb67747d44abc4e92bd0d3d4d,769741,778738,280752,21.124977
748,875112,569ad3aa55e711817ae2df513a8b30c208f770be9211aa45b3ede69cf0f003ed,875112,774643,283978,20.509075
749,452514,6eae4575db722c835a7533da3b3df06dbe03f3adda3219bbe4910db591dbfaa0,452514,352974,32085,18.277077
750,832978,f005cd6075ba7afcac90a958112e42c546dffe9c1085743c54c92f031ec6fb0c,832978,581800,77824,23.677393
751,904980,90184cdc7c1c61e967b2db0e9b21e935ee59a963cf4b7375261a853a6b68c799,904980,895548,316838,19.477388
752,415043,e7025b717daaebadff317da2b5d51ec7782a6db33b5107cb23aaa9c68adbed79,415043,713532,744132,21.28067
753,278223,9d373e0fc071b574631f4d8f3044738d9c99adbdce7fb43b42b0b11c770ead3f,278223,66494,414032,10.845551
754,630805,4e96f0011a05286826ca25f73616802ec7356f60b9b88f1f5fce6d6e6ec80f74,630805,594249,709740,16.454557
755,154182,247f225a39e7c95dfa6bb3fc90c98f6d571bb87878d42dc20cf7c680d1bed5ce,154182,965091,871336,18.78438
756,398022,ad0fc2b297663be78e63f8c39fad76f75838024f94c62dd67cd3ce49cb09c136,398022,395682,292426,13.659222
757,828565,acb5e9f342639389a6436d7e9585409465c6f09f5f09e93ad6f24545636853d4,828565,780646,145183,25.830961
758,66856,12631774a3764ad0d038691b8f97e68bc1771188ca3eba91f4c47c04b81316c2,66856,594049,172759,18.812916
759,863564,3d3e1faa003503e6c07dd9c6fdf32beecd833668771036853a34e38aabed6176,863564,547273,481264,23.46925
760,288431,a59f145f4123787a6ffdbab6cc0d77cfc9ed04bc648fbe574cf8f9622ee22949,288431,439023,974701,21.272541
761,171007,e0d05ced705da10b14d37d57a26c6bf082ede447c582c311973293d8ba0f6d11,171007,968406,927401,27.953968
762,166349,2dceca900c3ef1a2895f3665f249a7da02d9ece80d7ce583ebfeb83ce725fce6,166349,863564,883832,7.625736
763,280824,ca1ae7ce569c14f2b23bf468f66f799704f8af73fb418abb1f97c4fc5cae895d,280824,723917,278419,15.990556
764,309618,a3d34583eaf1eb3c209334116c90686b2b1526db6b1a0461304dcfe327ccd124,309618,69960,221827,25.147272
765,694462,934636ad6181ac1e908771699dcc58c99b49ef0aaf8e4419634b75bf9ccb4c5b,694462,831988,197950,23.816154
766,605467,3a6ae2e3a51ffd5426974fa043d172d8553cb34e6d6f76c87d62a8670217d134,605467,962788,869517,22.728956
767,170541,e975499c2d04387c36793674abf667c1e8b6094f22523a854d7a610fd84ff99d,170541,922439,775018,23.1066
768,714552,95b1e57843e0fa378182b0a2ca40218bf8ac12f954461c771d0a804650d040ea,714552,690910,644856,15.754301
769,16279,640a32934dd93b1cf53a49f0c7d63056d7a25a60e911a27d2ecb28776b18a2de,16279,29810,142821,13.565272
770,92421,96e8313f6ea3654199a82b3a830d45d21091939d1d76e3a43a596e7e56eae0a2,92421,80989,910341,19.499737
771,94891,204ace844c1514ae2228eabf7d0b64d887dd079af62460af30ff2f5b982084ba,94891,44866,25938,24.453405
772,349818,2fb9cb0afd09200f68a7b875281c122c00b013a23585df1c35af8e86f0c715a4,349818,165401,31071,13.555316
773,618957,16569995707b454ecc0e1e713a60a0e576fe837c5b791c7834149f6e2336dbe6,618957,932364,101247,13.847263
774,73382,38df3e918e1d6798b6a57b8620d9844b76b66f1e0167d6bddb14ca2fec39a6c7,73382,790045,691327,21.5542
775,550418,c79fa37ee7ab513557ea5711d81445440ca30c4d9adba4a1747956cc4f6ec4af,550418,789592,477606,16.386879
776,389971,593320bc42a7cd1aed0ca1d1ae06e364425db32647872ba8e232c24092c53a48,389971,193809,254549,24.436031
777,618095,ac9db2be600788f2fc7a42d34e655b83b85a7693433fdffe90ea58b885422401,618095,267054,187772,23.865602
778,152297,7ec63d13be9fa9e2868a00c19881122f657227846db1add2911248dbe847d5ec,152297,386824,151983,29.252663
779,30601,7a868df50c964b309931eaa26a90f7ad06ed14499e7556008b12961b0fbbb525,30601,912303,349205,14.315519
780,601712,cbbf3fc5e650d3c93dcb61a026068732475ff9c7cdb4e91a32347cef3cfaa1a9,601712,214723,721424,29.338566
781,869768,dfa495f18f5d5de9d0847b84ae2d8e7a27eec55923f1e75f9e66f52f3422b1f7,869768,273211,298589,24.32731
782,917762,4013a7c5f5dc151c1bb45f1295eb3c4463c5d41f7703c61534dc1626f001dbf6,917762,444120,683932,26.475437
783,458201,fff2e7871e73295375d41cca2c63c0c389c2613a45886b9a8c6bb5bbae451086,458201,533901,881044,21.398932
784,40270,64766ac6eee0d401a934db600ffb57005beceda7c389ae0e0bd5b8fccab11f0a,40270,892740,247992,20.204834
785,710616,f438a578a79cd7ebef3f838982fc8986b4c80a1419509869982a5ff6baa15802,710616,575831,934336,25.527243
786,37298,6a784a9dac16f1a10b5b191b81b0d799a480baa833998d1e58a8071f4d488d7b,37298,836643,190399,21.61102
787,196474,c98b3e3bd07a94332f31099ac1153adf964bf2d003564f53d574aa224318e822,196474,425357,39859,18.039371
788,236933,39f5b9e846a27c1cb3ebd32de302a836c288db572d0908dc5323e4d589c0d1f4,236933,519660,91220,20.576849
789,788655,666850c10af089af1fd710359456bcecf6904627b9edf05b2a7d11a713ea3436,788655,327283,181972,24.055122
790,427671,f2916bb3371522c489bb7d4f8becabc1af65ab88544234874d1119ba88b89dd4,427671,537467,387520,18.547533
791,594049,39765cc1f23ad672ef74cbe83be030d81470b00a399cf519b43b8923fddd41fc,594049,696049,664125,21.745432
792,535285,1ef34dd0fea30763f1c7f6a28b202c225f41b9dc43f9ee3c6c1c71ad3435b5d1,535285,253175,729474,26.100832
793,220819,28f670a97b883f176ddfd3e5a67b530fb127314c450993256702c17012badc7c,220819,900435,282104,25.703121
794,783345,0f659ec7e79e3c81424191ae6a062307a267d88d5a3d354a5c4d0078deaa9b07,783345,717033,605887,24.869562
795,256116,070a01cbd7eee3df583a8c0a3ba92254cfe61fee33b2017eac9035c13321c76b,256116,64269,719422,14.561574
796,928302,7ef77e987a2909b66137c69cf30121ee31cbf2dc1843f4378a32467eece25c48,928302,851234,533039,32.982727
797,101142,8e5dca3e9b7b4f50c027a106f0c4fe833a5d1336c75f42002748d730afdadda1,101142,632735,942566,15.24438
798,824147,bae439abac76ebfe92a87456fcab518b98679fd532a2712b2ecea466762d2414,824147,208173,597672,30.149788
799,501894,334a7e6a26397bff3d5ed0b7c01c8dc0c363edc8a7bad0df0bfa41b9f831577d,501894,476067,569514,21.42726
800,898976,d72b665db937baca0a759a48e5d53e076d9632b0ba29c0635d3b001c4499cda8,898976,229041,500349,23.986826
801,615550,df2bd0b954346dbc82fed1019f3a7932143eb7aa9a59f9d83254e5d546eee9f7,615550,178948,996104,23.406242
802,339142,76b503ebfb9c391d260548ddc65d096f5dd2a5699f15a6b595ac8f17021f9a47,339142,138580,472306,21.414711
803,101607,72c20af400520fff68dabd7b428805bb04a1182077ce7a586898a8416b886974,101607,814381,154701,20.200594
804,515486,26406246329e71d517c05c95cbdea9dee017790f2fea67b44848b79d6885c978,515486,280824,95020,22.429115
805,115488,f7b39385bc37d1b6adaf422c56288fa790df163e5040ee6dcd54cd80e8603fa7,115488,840149,787201,20.96946
806,834458,af98711b3119b009e69c9c6e6a41eeb97db109427ef2aba0abee01a6c3323f4e,834458,101345,955813,26.357676
807,374584,284d5534228602f6b67de6c7a78336eaca179231369bc8ea825bed58604a4fec,374584,262143,545381,23.548992
808,73465,19d345005992eaef7771bdc669c73407ff1580202aa4921260ac9ec49cea7709,73465,377186,303076,17.347431
809,970237,6af88d6a7b8259320ce6182f58190e4faa29345a14505e7375c6293574bf72ed,970237,898706,840270,18.58848
810,825946,d2449dcb1d3bf7a22361373cff869058f3f0c388516ed0cdbc492b1fac23a758,825946,721352,770630,22.709213
811,381705,273e74bc5bc8dd2b26c27c0bc4deabc1b33a2d29e5a584c70b3a71fdfc510461,381705,618095,811820,15.732645
812,110701,29faaac09488306ec71231e35f7d6faa916d869656d0f7cef619ece6d66b4471,110701,518437,557611,21.036888
813,713761,9f8468d4a1fa05299825666288cbe64c4476b2b0630ff9ef568b6d9a9834013e,713761,514206,479142,13.823976
814,27361,2428b39e0983c0ad8434506e0a5ea70da5afa4f5f9ac6d294a4a33317da007ef,27361,173104,416436,17.254107
815,309738,1b448c40bf8afc0fe074bb0f8d34217d3c0f395e48fc36abd0e196e630afb2e7,309738,327274,246557,12.09216
816,748892,c9d0705da35189af55f1ef9bbaeaa7ee093b34dde5d517933ba7707aa953b03f,748892,926641,153755,18.032022
817,942533,9a03b4795618e75ed0ae0547551ee135ea16f3e158c8841eb9f80dec7663c477,942533,175688,155206,20.603415
818,7333,33e3e880ff8894bdd840ec7fd688408de2f14ac223be883f2d7d3acaa8869e8f,7333,845959,652025,14.025307
819,671924,2d9ca71890f4ee6a7dda67b24b730b3d8496d24b4d3b00af45f7464431f00026,671924,928429,292736,22.787271
820,370420,13d6e2aef7391f6b0ea75ff0ab44a08f7704ed4b0fb44a88b650f400c53639f3,370420,874399,426586,17.724743
821,604765,90d0297fcc44e5c2d0139060b5b4da6aa9dd5b2298bef5b6427c70e92598a1da,604765,599758,73576,19.272682
822,277301,27751799416c70e3f8e135f2f305c15bb55624790ebaf3aba84e70baff43868f,277301,374881,548441,24.946217
823,999927,6665573de157b0de1f29f65bb1d88fb55a597ded2a797e115cf24532b6196b1f,999927,326731,278968,22.898024
824,693433,48f7ec1b19bf4412c7068fcc96720e109a5443614a9178995f3c293983c272bf,693433,953579,792305,32.54165
825,634258,73006446315bbce2df2c70a59f8d7a02fe29ed3e2919daffb1ae16eb217c3a32,634258,99292,506096,20.078428
826,53608,9597dc22d3cd126a11a40d330c793e70f5e4d3e8082bd81edf6ffebb0f73d5c7,53608,550418,265803,24.13534
827,247665,ae1a2eb089fe4974d9d68a9d30bd0786d6eece5993900b2ba4bc4b955016f859,247665,99618,977061,14.62055
828,775052,8fcb4df0e2b55b289e7c6a0ea2b29da4d5e86380bcc9ad656cbcc0ecc1bc18c2,775052,740881,636775,15.826783
829,886411,abfa96d910391f68e03956d3366b8a830ed4dae178ad5d924c1f77790f0fc977,886411,991935,441242,26.224
830,818733,1042be875a6be686fc78b1799099dff291fd66c82499d1fc9333b1908d971999,818733,41882,574133,34.281807
831,708186,8cbc4801eb9862c7550f966238055fe8d373a3b810f776512245bb344f69e8ec,708186,684515,31504,23.46932
832,526879,dfb1db2bc31d94d273c4703275e9b9e3af1bd6dc8742c13530ce55be49146808,526879,429549,106301,16.808586
833,537467,4f16968c97b233e738a7d07e32f1033c4b805993af216ffc0c524f65580e58a9,537467,253211,535833,24.53859
834,654132,79cc8a54573a8edcc96b25646cc6b277eab51e2273af1a071d15f3b111c8d494,654132,926514,12455,16.907175
835,276052,b4383515e969b63557bb5bf6784d0a6faeb75d18f51d6a6d6322b43fb2dfb777,276052,750435,258063,15.234783
836,772135,2ed843882fe7c9919f1ea09915d86c1cf5a4582c37f63e25883e2b8fe07ef187,772135,562313,180468,20.237732
837,891943,bd315615762f692d607194855ab39b67e98b38d08817150c8caaf59e8e0aafd2,891943,348612,748446,26.686234
838,341752,8b49054534686dde8cbfd5490e8128d081e2bc915f6cdb745165a86a50ce9793,341752,702038,159157,19.998035
839,251491,400bb4b0bd9c40030028ae416b46cfc5fe8ebc5c08306087c4d276e451824802,251491,245777,518348,21.324936
840,463926,a0798f80ad176742a27963c69e5117393e21eaec15f55914ca7938647dac1f60,463926,775052,543054,16.876764
841,876884,7cb578801dfd4d55ffecf6335dfea0859463520446ce0e9035d90d3d6885df10,876884,404434,319934,15.766144
842,199013,121baff938347e48ef8bcd89bf18893ba78ffdba32aaf68e4c195ed91009c151,199013,117596,17778,25.084803
843,505658,cba6f76434cb8bf1ee25d442f7eb8c50be0727a006dee78bb414d3a6d1f0252a,505658,390783,383219,16.681252
844,820931,726e98e73feef775aac728df1f1bfb42af55970c52bb02e61e3a8e80def96d36,820931,710925,423013,24.15769
845,194699,8deacf4f6f6c3e1892fb1f911b9bc94b139f06a54dcb7d6c67d4a9065c04c83a,194699,7591,214561,26.808199
846,110375,c043fabaf9de34069d038b777344ddb1465f6ffd041881dffacbcc999484b1ec,110375,115600,603916,21.312859
847,846769,af89d81279a7920f2472baef81d577c60173cebcff1f2bf3fd9d98408669cb42,846769,582690,684505,32.827347
848,671094,9996215ccf793cecf623d6dda9274c8a620311156a1cf4cadf382d72585360a9,671094,27985,558094,16.384674
849,334595,1aafcd3ffdfdd5713dcd7a22e10066b778354c386a19597bebf75871f1e77213,334595,217681,709879,19.41113
850,681251,09e24a1c73b396903d13e8bbfad6663086bfd40d1143fc508e6c1446f2196a98,681251,309103,378604,16.931637
851,427019,b5b9ed6800caa34da40f991758c11511ecf3d8fc320b6d01a50fa8b6f7765c85,427019,239180,805060,20.35014
852,319702,7bceee113fcdbe5d76aabc296c31667a486ec9cf44b1c6c0353d9aaf9128f162,319702,252013,789363,19.628162
853,21346,6bf40bbf2ef6d8f0e95174691452abcd2361f485eaa71b3d7f3135e83c19ff55,21346,760066,275426,13.746133
854,275198,4459f6d1087f1d9396dfd2ac42e295031e4e1938dfd0fa8182d76eed7dc331a4,275198,201516,344819,21.589752
855,332767,f3c0f6fdc5b14254d8726bb423e6efe2a24d25c46e97b82ebcd4ba532746e392,332767,696980,974695,23.857487
856,802566,176571627f1b08e5953342b94459c59275bb798a45722b01606989f08120f76a,802566,304761,638825,28.644926
857,805806,4c2d71119ef9d0d7452cb419524b0261a26e637431c6294b535a650447aa4936,805806,740027,560077,21.273611
858,280972,c3dddacb5fd04e36041abb7e594e64c4cf4a861e7bcdf78cceed88e6aef6f3f4,280972,778731,166489,18.896122
859,7044,cc27bda972a2f139f79f565ba785a32350c0b6a4e76a4e5ba9e763aae5aa6a48,7044,420863,381399,20.6607
860,922536,0007347dd829cfd0d8f30e88c137419b1c7cc6403fa2582032329b7a6f4d5084,922536,421020,713595,14.72147
861,142480,4c625cebf6d5787b7ac174bf8059ee4d169dd0b496c62d3e10e22b05fa23fc27,142480,768780,981385,23.234428
862,720408,15dd4e1fd0717d28c5dae3673ed3c510d18df693ba04f476af580394357dada0,720408,813146,38529,16.519224
863,279425,4498e21bfc6d347c2488beb6e72a576ccb145be731fa25ffa4e2859f2586c002,279425,383519,125876,17.898146
864,403574,8fb218d996be022f306449b23c348c2629a460800a12fb31728aabd125004ea4,403574,615550,994447,15.411823
865,103155,a6929a1449e12dd4c0c0aac9b9fcd3ae05cfab31bb9e304a326b98c94b158aba,103155,297421,133830,26.552294
866,922550,a071bba21c36cbd776d03cc15ee8f5d9366c8a477b9c9a5af0d5eb4faa36be64,922550,184711,74171,19.428617
867,396776,bba68f08413c1a5647f841b7511b9ce43b348bfb5fe9d7c119ccdb41199e6142,396776,338590,302638,27.42198
868,117596,74eb4d48a9e14c22db940c333eeb4f75952462dddeab004dc01e2ed1407cf529,117596,870676,461331,20.517942
869,481436,af35c375c2695f8ccaf87e6fddb5959fbcd9572b6cbb2cbd4be895590d62461e,481436,169522,348140,14.040008
870,692874,e5af7e20fe5e95e50e56d938dece095b7da53b2b38551d41e08db2c1b2db9ea3,692874,247887,687754,16.199297
871,449987,c4d97ee8c337173ec72ca2a7f5d996be23a0f7e426433be7af38fd4a2428d9a9,449987,269453,374769,21.93736
872,106039,12851a95d7513d71c8396b224087522eb048abf25231e838d62d0bb2387e9320,106039,373553,984795,21.29717
873,402225,ef355a71095e5426b3c8a4bd12c27dc1aefb6145f1e92b94083c642c0573fe13,402225,635736,57897,21.089424
874,137495,af46376d9bf3c6903d53bc45b1b2467476d4ee6b46c5b139604f50f6df17ef87,137495,995372,275495,29.449863
875,281664,9147247349b89792c07223ad09506eb6b4bdef60adef529248bc3605d88438b3,281664,84023,196699,26.544895
876,878660,04955e7ad635e1457f61aaa224d1d45753e3aec49911e5b543d2284a67b712fa,878660,374584,270245,18.74836
877,700669,6bbed980cb69a1d0638af2b168dbd3fe8ca6988434b835660f57892035e64dbe,700669,977395,231007,13.205011
878,184711,2a792b7c2bff329df7f97c4a8088c11f71edce4f3aac29103811487814d0a0c8,184711,146984,999810,23.885138
879,173406,b664eead75e4cbca0fa4661891c794e684d5f5273119a03eae7e8b64126c4fb8,173406,882028,172096,23.994217
880,739529,f6b1039b6513f43015d006d327fea4c4d3b569938d08bc5f74c72b205f8d9fb2,739529,667336,432059,16.43418
881,99269,a2d725a22c89f936ad2b9638b03943f13514a1da59f0a2508c1e9fb7feec3964,99269,506905,825876,15.936833
882,272972,81b61884e090c81c26b12882600b36f8c181c746fda290b1a507447705e6de4c,272972,568534,712598,22.149271
883,393310,eac694a79f7fa3e808f702f4ef4f4e36c8725d7670c4b1d644539ebbcbb3eec9,393310,935922,514717,17.439995
884,603830,160fa7e323c1e2efa9dfc44eb96909d630eabadbff99929e88965d9fb2f50d9b,603830,216876,818317,20.55323
885,252008,39048ebb32b4946fb865a06c86f2be37236af5639e5b8e68858542d9cb8c17a1,252008,493561,635866,27.210703
886,926599,dc0696520dfb57a4e4af566f1ae2309f7e11b759b6f72076194fca402c31a858,926599,134119,150829,18.381807
887,194551,c7e1472cc2b4e1a8f9f6cf08f1b8c70e18b8429f82a602786b02d4b5b7684bdf,194551,192854,191687,28.274559
888,898706,23b8278ee0b821c2b2102ac57f38a6d8615334410a186582d6f4874a00a3a337,898706,258543,652686,21.207748
889,984132,2c9f9366a4145ba22a946e9b076c11736e15af8b68c2c1c2ad121d27563081eb,984132,493832,900731,21.890831
890,909293,4e09ed8867a24b734fe67795274f960749e96758596c5aae7838f84aaf55b406,909293,774071,193987,27.229322
891,582098,603bfc7a848d6e0e9c89e47aab3c0bfeb4f56cca7dcd6511803e670ab6beaa42,582098,449987,505588,19.814215
892,600057,4b3c210c1192c8d1117d8491cf2c7932ce093965af24352753175872c4f88537,600057,288371,707719,13.931876
893,167805,6532895d8cd1e6f3a950b556134cf1dbc68b4980aa5000e58ee368621cf8f01c,167805,884434,391877,19.994287
894,691666,0b13b327744c50e4ef7b4c6ea0c4a73f7cf4a6969e7e95facb5b38f1fc78911b,691666,961180,644645,21.479153
895,459390,9ae6dda3f885c3fbb28c61d9ae17c2c321e7f821fde5bb021d26737ba4a86c06,459390,699427,816813,20.325224
896,99292,8a9ee447b67d5b49f92ebe963b92d427d36ad9498f333f4682a396301f2ac585,99292,831938,954453,15.97745
897,774280,3954fa48c342aa5e2fd7f7f469a6e258c697d2db6ba2049ea5eb3cd68f8b49ab,774280,156654,548988,19.553051
898,253195,761ee56892519915e9219d644e13678d00f2caf66124fe696f112a4ab0e55c0c,253195,56921,702752,19.075323
899,778731,208f96ebc3f3104d7f52182a97b1285c2774ffc309a013cbf7cb629b64e202ba,778731,502755,718144,28.326914
900,814381,bb6b4e10c20bf93a4002c9daf4ee8182a491902e5960b0338b86e439e1c7d004,814381,896312,758086,23.027676
901,781604,bde5276239324290f7c75e506ac3a396350707c7706d49ad24bf5c56b6f2acd9,781604,403574,208173,26.548416
902,480547,0f24103a1b9e5f0f3af3f4e6a0fcb8500a8d0a1e383debcf3fd1841104bb9d3b,480547,110750,379114,15.104559
903,148504,989f4a344cd3a5d5ea077e508f25d98bad55915cf54eaecf501029af8ef6df66,148504,106838,328936,44.79352
904,548615,86eef60f86afd095caf6653a389d04ee2161dec58bf0037c70a951d53b3df83a,548615,318517,310685,10.360718
905,983846,2e8c173bea84b3234a218dcb16cdd568623db74f83376ee211d99e80381b3bbf,983846,224631,890227,12.627582
906,178290,30f4ea72afdd60772e35ce7b74710268a14abc3986423c72d3fc1594f90ae876,178290,960867,442782,19.540232
907,824329,77b98fb2fa8214be169e562fc9cf63381f1510072cb1a146615d42a0e11a5f3e,824329,144947,471900,22.40627
908,5500,7fa6f9c10c78eedd8a8b3d3dc6f19cee5c8b9c01c95e8c965ff10e2cd2f57155,5500,162905,288028,21.002953
909,845912,aa465404cbf11577ff594853dd8be0792b9cf0d9a6b7135eb9759bac1849091c,845912,594188,13811,26.81342
910,939809,0c4acc630a4095a59eed21431b10e2fabf389f0acf176283e0e99dcbd9b8a56e,939809,347545,719422,14.672137
911,930117,e0805f983cd4d2638ff9cf15c747309c78a51d5d418501a6be6d86c03802a37c,930117,462601,323176,22.115124
912,297726,ee4ff70ac336a4b906a7af8e2d7e9245f3957bf4a42c07eb5da4405c60625a41,297726,101142,575257,22.31458
913,516249,e8b334007fe43150e1f0cab8eda5eb046fc0a2ee86a5484ccf2271f821e7c2ac,516249,705812,467460,19.868399
914,214723,554b35e7dc920aca677a4c07c3a96339e0a405f4e19ec36d9294d21f5916892a,214723,537465,280740,25.369308
915,579631,42f3bfcd9acde4839189c5d54b2320d959f719106e38a9e2fe5a31f353f4c520,579631,256701,348355,15.121465
916,834135,dfed7a5ffa7daa867e07a3bd3acbe7c5cf5b6c519814528bca4f40cd1bab0abf,834135,293822,647663,23.918951
917,610233,678eb3c8a6ba961754cd6edcfb922a1ba3c43e13bf8aaf21d0d03ecf9c95cb75,610233,488599,972269,22.738874
918,120191,f1451ca9951f6e658b2f4141149363f99974217d9f1be4b77755dcef7d1b0ba2,120191,136617,884351,16.166431
919,58660,eea97a1ecb95c6b3028aaeffa15ea8a51c47ddd1b23c271b41d368d52f50ea4d,58660,202809,788994,29.735525
920,833992,5c5c683ebbb809535bb80f55f917639e9d75948678256b78c5278aed73c26f02,833992,19118,962065,21.546207
921,844002,3b5da2248a54930eff7a1ad09a8c4606c315c7a9dedf7b6141ccbcadc4c799ff,844002,120214,567834,27.259026
922,810300,bc53d61b4ad676a18a894de99f0260e627fb9451db1e671d12addb853281a960,810300,182865,254678,21.899097
923,603702,a94e9a56e10d1ead6f73d94ade8173fb8c19dabda7250f2888fbd733a92dad2d,603702,276052,255521,12.574587
924,244196,957f32b1bfcdd201befeead47b7f8681d18a480a00e86efae3d714eac594cf1b,244196,204784,974866,6.0391583
925,661825,9aae31d5396a9d4916243032a53e3d6b410c82301c29a5410bc813a8a9b202db,661825,311481,677183,27.073792
926,582963,70d7046bbe9179f4fb28bdbaf8a4370951f089524afcc459fa10c6ab1afed63d,582963,949233,509496,17.094349
927,596241,746e810db087d81ddc3cd7a063a8e044c2918c60346e65c86237b31ebf32c9ac,596241,865587,20254,21.418846
928,935826,2d917e9e54aef49d029d23484b0b840def8fb050c0b3c2dbea945819f4abff6e,935826,4772,796049,16.23709
929,826153,7af546f41ec17ba4fbeeae24b42d22c8aaed74d3d594ccec6a1e7b1ea7a66534,826153,999193,258543,22.314743
930,869326,eb5a49d62dd53504332969c23bc2148391415445d37badc4adf2fb11a9b3f27c,869326,136181,533499,21.553167
931,162598,295c36d33dee2530578461f0dbf60adccf43127948c5b284a873947d3161b515,162598,366499,108814,18.374718
932,712257,c0de61d564c28afc1fd3963be0cc4794d7128cd1c0b741aed1b87cdc50cd03c7,712257,463926,544542,15.8953905
933,821017,b8472fa1330069df40b05e5872cf570a978a65efcfce35bb3cb9b4248ff0b66a,821017,623594,57971,27.467794
934,548481,2da78d8aecfa3e3775709271224cd46f2c4a88a397489a4538eb85ae6f539c7d,548481,580626,736681,29.220964
935,674414,264c40b8f467c77db385fb8de6af85f59b05bed1f148ab24c1732827832050b8,674414,597973,400655,21.49876
936,54522,89798098b1afb12ea9d498157873c179abcfb370e91598e9afeaaae2de800a4d,54522,174715,836770,13.296783
937,974701,e22940024a473f1f73207c13eb1511cb5929e1a5872ef5c1957ba079ee778bde,974701,763257,492991,20.465183
938,580626,1c2ffa1bc8ca3e72c31c23e29a3cb308f6895d159a4f3c49b7533748d12e5f6c,580626,482904,202431,8.306448
939,95759,50a432ee7b29be6569f9ac5d50b1e89c18227749f3b1b7def4221588d29a80b8,95759,575531,49917,21.449387
940,433956,f486cbb8ef1e730fccc9def85b85573de7decaa73ec9fd2190781c9444d2da3a,433956,904650,306363,17.364521
941,122094,9b71496397fff130e3f65ffa583eb2ca58ac6f6ddf4d9187d74a54b12c67adaa,122094,974292,544842,23.558401
942,165401,65503d1017a506062b24e0907bf67365bf868f525ebad414a239a5e56ac08119,165401,351840,298291,8.38227
943,373772,a1238b312853719023688c0859ae1e3b4e291107d7334fca325240929a91cb11,373772,787480,658886,13.353538
944,169486,a11933a73ed38af9e4dcb11f87d7d0a199b25eef642f832effd73833fc1047f0,169486,917485,709269,22.243284
945,972739,fff88465e1ccaac2b1b6749f71aa3b5a2372044e749284d54b21d8cba151112b,972739,769741,17895,20.060638
946,618675,31199e2b01536c5cefb73cf568bcc2f0674c33a0eaddf2e02cce1b5c35212bb1,618675,488692,67737,30.06618
947,34136,d014d9aded7e567171163051baa95843100b51341ac56aa5dd3f3f0fdb2e4582,34136,585506,731928,16.608221
948,656861,b1a2cde3426a5eecf8c7b887e7740cbd8e867da412949b7ceb43652d8941f7e1,656861,298017,613593,18.1945
949,396550,ab06cea5c1d3ca48a822c45128ae83c05faf30175cd2aabd69f74108307d4ebe,396550,99269,305700,18.779684
950,492937,df1c34632bb3c46ca77eba1e684a56c7f146ed5b9e17b6c03f4ce0cf25332d85,492937,419074,31711,19.33169
951,167883,2335411b8d084d7ef2782e9b8790547699edf23434b5e6e39e1ddb979f51712d,167883,922742,261231,13.378203
952,740881,0274d2b7f2434ccabb726120316684906ac5b058282457c68947b92613fe8738,740881,635558,742019,20.753527
953,104074,fa05517b642b7c37a12a2770076a34f4348b8949ce98920ed713467c61c114f1,104074,105023,479142,27.647314
954,163178,dbef3f65e8531ecdff6a6951f0ef1d2e199c4cdd459c6ab04fb41258cc680df4,163178,767364,568389,25.10545
955,822437,12ac2460a55b695532cf6f6ed9a1e2dab9c0a25592165765cbe40cdd004a171f,822437,521395,936103,22.965673
956,327274,d90c770bb23eafc6cddf1512d3a62466b61b6ede681babc20fb47f82d91b39b9,327274,328097,113798,30.812069
957,64269,5c442aa8a467dd719775b8d59f22c943adc6804b22cc31e7f1038ec81e537f58,64269,168160,378604,23.06258
958,999193,c0416be5af3d882e8a12fbca11888810138cb52af2a061ba417c73772ca6bef8,999193,983573,611930,29.98992
959,427043,ee719eab49207c6b752b74ef70bf0a8add5989a40fb2da383933f0bec1b3a5d5,427043,304846,839798,20.389679
960,756066,76ee80bf0c6397f0d532d267c8bd4e9c81902b39cfdc8b45eb4299b23c0d3d0e,756066,832978,79643,18.042973
961,343246,a3e385de15722f0eb18e04a021ee2bcac68f802ebd7ab5f24af48c1ddf63858f,343246,93483,935023,22.428663
962,160665,a5a5f4bacb6112a7bc4fb5abf744ce5d736193c5b79660472c4b2e4315e8f6aa,160665,67325,778076,20.582663
963,363607,df742bfc3b6948955e32a6cd91901d59c6e5b4cccddf048eb6327a90c13c4fa3,363607,135877,47084,23.585615
964,429066,705bc3fd83bf2b744755d4da61da97882ae6ad62631a24c0eccadf826d1b19f9,429066,487531,347516,20.195541
965,508349,98905831ce59f2328cb210d1f81e5091e2249ee6d86d22adb8375e79796515dd,508349,109699,576925,20.492598
966,351064,8f6af0c0965126a2ab122511a03a7e195a7a9012b0f035cc3e7d01afb8b34bc8,351064,448088,368292,16.67465
967,469651,1b8b3dfd915609ea2c9e0a43046e0f5ef502b0894a189b22ac46a9189959522a,469651,574464,932306,15.525763
968,30874,766974304281929dca46c9b3f203796c3b02270824bcb7244a08998fe4e5cf46,30874,184693,166229,13.80105
969,686156,52171a7d5a8035607e17e6a7e480941a77396b277821e0f3744d87cefcad3ff6,686156,370445,717472,22.225525
970,884292,9ab3db27bbc2c88f2a5200031769801c1fb837946ea89b8eabd4ff4b120ac50a,884292,37265,793503,18.180294
971,738567,cf5d6add010f84b1f0e879cc4b7a9ece69878e20c2a45d99efe1acb9e7f49f0b,738567,792968,31165,18.13199
972,124523,ac6a854f7734c55bb8f02c2e7ea1a93e58445b7cad867ad568e6a7639bf72561,124523,195568,261087,21.333801
973,169473,53f1a012607719908cfefd5cdeab7c90f77b7dd3cf1fd6d6f884ccfb15a2a5ae,169473,74614,169992,19.446642
974,363224,cfc7aa6ecafc89652a05f36588708c3ba26b0cbed3bb9e4ca8b729da2b097cbd,363224,794875,189853,26.849777
975,236996,68b9e09ab3e0af8067367aa27b138ff4ed88ff43333dc67a04dcba626ae27cdd,236996,549891,235442,22.452045
976,903180,d743b1e3f5bf3a62814dfda449288ab6dd9735da701d5665a68f071eaed0c50c,903180,36099,247537,17.84861
977,401853,8424eb1df10757538d51cc43c6883069a0b4cdb9ffdd836437a96d291d0342a9,401853,145327,391917,20.406897
978,459723,647fb7b6b7d5875896025857cec603190f17ac4db82bdfcd3271721444a11a9f,459723,230151,227925,28.067146
979,991021,31609a1609aae70922be1e8e591afd6d728d971b27e38da120332d4de4657228,991021,788272,823658,15.721933
980,317211,fd22606332afd0c3f5731f701fac38875b21e7039d3da74a00f09cdcf72c249d,317211,1902,836646,10.622984
981,143427,dcc47ceae57a2c194f0c916b01d0bebbc3bdfa5ead608f90d8ea3c33af5a9a4e,143427,103329,961861,17.177845
982,229790,36709b00d9bca46d140bcaf0b060557b0ae67edf8b505dc591b62a7d60430047,229790,814031,459155,23.374228
983,390770,85df7180eef266bff5dbc39544615f6018075431e524c7f3d46da0cad62e18c3,390770,521536,505132,20.53117
984,860215,619cfc90fd11ff17d2dbac5ecf836fde4b75376707501bd0e574d0c95d84bfe8,860215,834208,351349,22.498415
985,713532,29f4ce970b1bffc68a5a66bff42b592946577084f19ede0be164eca1f7661f01,713532,520109,32158,20.694693
986,311983,bf5105219d11d72ef3164403096f261a6d556bd66ec70b523e7ecc84f7042159,311983,349338,704764,21.399876
987,802044,31bcb0efc853799b50d7b010a77a88913b24d0286cae4a992568e52ddb8d2a68,802044,550690,347516,11.269178
988,144947,c13def49974fb099b5312cd847cf20835b3025a72af8e6730156b7fcc7019dbd,144947,611692,794824,12.699948
989,847340,592000e5e9cc2eac6545e41031f40556461213bf7765f330a3afe41e7cc652e5,847340,635621,328545,21.437464
990,249147,1618d5bd76d6a35ca4248ae423a1daf08badb72e19226f4d06bca8ac2e128539,249147,747717,972900,19.547705
991,7591,ed92edcb8fde580212bf192b56e2920515b52781526d7cb916b23c2d9b446f79,7591,603966,656262,6.1280785
992,183894,b51d1464304ef0ad5cded94f47605ed3cc0dea1444013d854b41d038681d8121,183894,802323,511362,20.93255
993,937613,5df8d6dbe96cfee190745521bb2029bc827b0ab798a72f2175d66ccf70d35b53,937613,488349,258216,15.164954
994,722562,e0deeeca4d9863f5f09578032106e2c640c89bce1677780a521b8243d0e772bb,722562,24324,198217,11.31155
995,805455,5a2ec707ad96007a1bc1ec3ea4618020deebfc9c0021dcc54e678979acce8329,805455,735829,629905,11.631949
996,690331,4d91059d88889a674ca6de5ac2a3ef917b917e5a651b14567b940f15deeeb64d,690331,719999,589616,20.189074
997,913212,8a8a041848c69d1edd910dbdc86b025099445c39e2c5b9eb768118791dd34dcc,913212,978880,177,21.483994
998,298589,c81be98e1b3e05da3294e3afb0c28d8990f5f36d6e1de07da7bc270391f91805,298589,501894,872533,21.714169
999,928406,646a715bbcf0b10445b10e6ee87e96fec57096cf3dcf86a855c887a5a0ed559e,928406,907409,486716,17.190695
1000,29810,667b661918addcda941a9cdb0729769a910cabd9fc9134b54abc46cde5b81637,29810,609879,765982,25.161074
1001,488599,fc94dee41fae0ff7b15af142226111cf462197437374667012b42b5ccdc713d1,488599,92421,965978,16.243155
1002,20505,3cea6b1523c8f183c78c8ddc90b0375efd76d9558ea1d3f689a4098d8a00472f,20505,846769,195151,22.320398
1003,667336,b5e460ef8c977a1125713f68e8a22f15ef5dc5afd7a9f0a75c8586ea2ea125fd,667336,294467,227363,27.488464
1004,103379,c11401b282a457d391f78dcd8f919be8809b8b7829c503af2b13e1f739d9248d,103379,286953,882500,25.632498
1005,248264,438791fee2189e70a5988dbc60d44a50bc0206f436f4d0388c868bbfc028d765,248264,542255,247530,13.812262
1006,635558,392d64ba48c0cee88041482b2f23cc2ae8e1684f151208bc05039f744b65995e,635558,749101,868127,14.168709
1007,239102,b0a98532ad4215a63c640eea0f76e0708aca7fd57b7415cc64eabea6ef1002d8,239102,834177,943500,23.442884
1008,677476,7f6f3235446fffd7b28baafe6079d135fcdfa85777efc8604b691aab1669e01c,677476,897423,307867,20.704514
1009,554711,ff1a9276947ff1e6ed31384f918829811abe4061e8361edfa210c5720a817456,554711,898636,310049,22.685621
1010,371257,78a2d3db73d66e6ccb2c5cf642b93d0d221942fcf121359aeef89374d76883e1,371257,552296,373110,11.5035925
1011,348215,9d2de726590e67d7ebe3fabe78c2d67f6a99bef118697f622554a51741e1f910,348215,14063,192791,28.720926
1012,542102,308edc5f89b8d1c8d1f867ee026e412a9fb001376b9a7af72fdd44569d5b32fe,542102,944457,483814,30.045074
1013,762193,bc8c2b1691132dc5fb4bdfba905f3c58a29d9d076983398ee23e91444adf9ea2,762193,302680,92477,23.877743
1014,383519,8b0b03c2713f7b65296deceacbb6937e539eb9ecf74dffce2209ae997f845f43,383519,664080,790045,30.851707
1015,463454,ee1c27892ec1e07bcf79f155eafd32b91fbe4db2eede905bf841ed82eb5493cb,463454,603702,556510,11.103473
1016,769083,def8e69bb6ca5861ae54efa260873f4bfbb53f0ace1a1c9e7238a30c1263e27f,769083,415681,854678,28.864378
1017,931154,b015a739e89ba9ebd2742392cb097160eaa2efc43c19b5186edc0fb7d22afc18,931154,604404,230409,23.320772
1018,640919,de330842af2e371534a757a14123372c5642a144a40783cb8635823db40296ee,640919,187763,708691,20.000769
1019,840135,6b9e09c42314ba87dd1b8c78e3bf335accf9e72bfe7d965eacf510e0e41e8c34,840135,884760,410238,20.146385
1020,362219,0a110f026fc370ca93c2be4427cd01bdd022f5e70140d733425383d751f6821d,362219,353785,552022,14.105394
1021,144455,35bd9471d89cb011487a5552d85a35df3ed9e5b4f4ae34e0a91fd4373f996e25,144455,473288,270231,19.829695
1022,795286,43f1701ec92815e7b9b60b4fafc7a1e168771406ceb957a84949b5769150e059,795286,484159,339511,21.700785
1023,322374,9f71ec602642529eff67210f0fe19547e94fbb94ca2e575f05c8f88e2ccfdd2e,322374,886411,343514,21.21283
1024,926641,d2b7c8e40c93ec710bcb56308de22cf5752dd5afad4b59a5e8943f87077cbfdc,926641,936084,539916,24.0753
1025,309103,a959385f0933baf276bff2f1478aecd021d0257b1c2dd1fd7e59a725f7169ad0,309103,845912,863459,22.633272
1026,606095,16763fe67658b6e5ba044d77228d72698e79c8084165b8bb0c945b48ac073fa2,606095,989139,891358,23.12199
1027,614250,36c8e94e00d2e7f6f87f5fb49042c0677fc1c1e1cd942c991d85b39f76ed7530,614250,508901,525898,22.572178
1028,261863,b9c46a5a7e0bdead4e1afb1347c671863b11964eaa71ace61b7052f7d085c440,261863,898883,63055,15.878633
1029,634099,f61dcfca1443dcf0fd002890b386febcc6935ba44348a486414b5f8990e636ba,634099,269985,240862,19.131094
1030,549803,cc68279fdcdf3958ac44f36b1c7f4a441a7c412a6489cb16cca4517db416a98d,549803,35227,50209,25.786018
1031,124564,98cce4b4577bc8e5ea8832ead0197f5618db678f2e87215878319d73e11659f0,124564,549274,68096,24.595615
1032,932741,8bad974a5219d3c41e0e7c429c4c3c776fe8efc664f7023eca22d30b22f01506,932741,364400,935580,17.998274
1033,809790,6afa994ea6749359a4d905c172d2e63c8f2db893af2e42ab179626dd1ef0e942,809790,925762,811690,20.806402
1034,61606,8f55a8f2229570648e08f6d74b8de73eeadb384313ca2cbcdad86804615bfc7d,61606,551715,904100,25.245712
1035,774071,a796e5c12be2567a04d4af9b410e9993ecd7bd1fb8305e86276836743f49dbf4,774071,809551,742990,19.92903
1036,286953,02f65ffea8fde1b453ffb9223ed391fb0cade0d336bbae46e4f128bdb3cf3e3e,286953,729084,116753,10.774556
1037,702038,ece0e9eff5abb39c001ac12fddd0dce1435fa9c79c412cd66fcdcc7eae3c339f,702038,164540,700147,15.71783
1038,865587,f5373178cdd5f9092839d004de9b262cb510a4c0ff1005ae327fde17b4c529af,865587,698127,58273,23.431515
1039,533039,befaeeab6bb609688ab08580403f6ed03a2b02e9b7fe3fbcb20b3fc749e5dea2,533039,66271,712567,28.41675
1040,113370,154a8fd325b769f6a09a6451ca2f3f4d7b053d148cba03766ac3ac10dd85972b,113370,89738,214950,28.079233
1041,601775,9de0be80f4ad74678afcc76e857b0bfa07e22c5e9c0c30e75b755c55d082f10c,601775,615915,145401,15.282824
1042,931304,e767bc00a7fa4ee686882772de1cc2bbc8aeaeb7d9272c2d234c11b02f0a1f5c,931304,716966,512017,23.938398
1043,467252,0901394bb082a64b141324033da9cb19581aa8a78f246c8e5db635626cdd4a89,467252,335686,982619,20.556067
1044,475461,5998b8fc3818ced7d55a592ae0ffd2c1e86422a2185e83a890c6c1e35da4d8d6,475461,47891,954453,21.3113
1045,515069,fdc09c5f4109d18f7cf42dd988eacff3cf37d26c429aa6823291704796fe051e,515069,633291,162598,21.739895
1046,115600,d979a729ed09e742d63ebc516a0f494699a0b9b34e918a2f44b9fd388c1ac062,115600,759356,56913,12.3603525
1047,195975,ead0971c9df4b87c4fa335f671b904951236c365da7b857b47586425fa6f2f6a,195975,773638,601860,24.851847
1048,968812,1ad89623f98196e117464f8e9065a3c6231ab3668940f4da75392aa52bec9bb3,968812,613829,879144,19.149015
1049,208875,94d5a86517bc81d7e67d01d9adad407ee8f53160d283b23b73763938ffc93b66,208875,999927,636557,13.044601
1050,41352,e70e11edcc35485dd8090ea477f51bbd101e593132f4f95076cfded078e5d98a,41352,618778,313424,18.898672
1051,67667,d85c244252d05c4425b161a1f44bc52430b1b5aefc771c437d7815fb2f1be3fd,67667,947169,674642,37.825718
1052,858396,f173563f4ea11f54a2631b39ae1f0e12e36e6b88acfc9e6afe7dde6c38f55939,858396,364682,843794,20.839352
1053,542255,d94ddcd1fecf5001d7919b8b0f585c3bc97262201b4c7c33a206e683e97ecf73,542255,585403,901012,17.96447
1054,179323,00748f7f8bd6957d9746029937f848f89c9ad67f50533f7fe4a7bec940a8e3b9,179323,731205,178819,15.145317
1055,818020,8bcd02e2273fea808f7f9a8788d1130a5181b9acb826f8d205b0f74adbe7abbf,818020,866919,91740,23.059298
1056,739717,505e37918469c75c1d9428f783ac5bacf3b785ccde418aca409286c9ba3ca00d,739717,762274,73033,12.837519
1057,156654,c9961d4623b54184da41383fa869f8d137470e009e77cf3c9e3366f542ce5077,156654,666613,613627,18.834057
1058,948523,4f6060a4be6d0207c92f9dea48486c2d8f4355ead34cde7019f44856b994dbe2,948523,717233,602368,13.525281
1059,802323,7c8b1cb94cedfe35a74d20e2871c85e1b9fafd0385c0d265c447918659b7a27e,802323,596685,479275,19.044971
1060,886058,25ab753a6209172866ad8036de484c1b7feb2893ca47b981e08f7d44cca5c1d2,886058,213005,884147,17.791853
1061,649915,74d2f2a2a1de9c850a7e1272fc931a5fc70eb693188eb7e953c0b1a7b22c76c9,649915,879413,442782,19.883884
1062,842084,416a5050a96ee8dee43327fff02992623519f35c650497e2df45f9adb0b449d7,842084,727211,903728,21.118967
1063,310569,cf1ca6944bc8066eb0129cb0df73405110cd6da85a7ec63369081f2b645ffb77,310569,615810,583678,21.883785
1064,306777,cfcb6ee15344784b7ed0be72926e0b54ce1370a13212ff079a8c3cf10be3ce1a,306777,793811,130565,16.830648
1065,336787,e17c522c5fb7b8bf83486ccfcac6a29225b7975198d8aa1238d44b88dd6d96e2,336787,933603,165508,18.782137
1066,420817,b58966b51a56f8a4b348d64de09f40bac5a75d022e293b879d1264d5d933167d,420817,285280,872144,36.63793
1067,32297,f47a2dd3ab2e45f2792828f2ce3f67c482b471600e53793cc50bf4b0f0d59c24,32297,7333,734052,22.900917
1068,687672,a55d33c26141a38d7a0fe135b5a41fd5c3dcb6b4af58fc87ea9a8edab9c35206,687672,674414,544219,25.172724
1069,243229,36632e46456340b6e3d187a38f5e2a2d670b42d41950280002e4b5a4745c3491,243229,257621,556654,11.03396
1070,27617,8a9c7b735db7b2fc0150d5a971485ef5013771c9ca2697fbb20b502af08a9387,27617,795978,631050,11.961006
1071,789119,c8856308a8d8eab6bb8afc413716431d6c53f9174818d1c6635e36cbb97439b2,789119,735678,389060,19.87098
1072,808888,94b33f813f5ee1677dc568ab1088f2fa3b2bb839e9f83c39fbe0bd1cade8e650,808888,692073,154701,17.79982
1073,8425,7335f51f22a50b20d68583483ff4bd0ad7ee0cff6d78426298771057a6a32551,8425,891943,209171,31.135572
1074,332630,fc98e316727548e699dfa4f01704165a3678a9745c3819d899b474351770a872,332630,806149,135065,29.698292
1075,261833,09e003b79dfeb152fa0eb91e4d099874218654e8bccd0a3003caa2e6a0352739,261833,831763,487720,22.448118
1076,504582,f5ce3da64e9e81bc4b29cff361260fb6f79869f3d8d3bf500fd478202003bd8e,504582,857658,625777,22.454922
1077,189314,0c780d70450c4b12f16da6d9b0e7cac9a3ca6832276c27c832420a6e822e9da0,189314,932782,755541,26.032742
1078,677215,9c815fcdc3f7c7700c9bf8364e57ada19eb622b5f3f39c572bbab7b44cc49c24,677215,81443,707685,21.286592
1079,247887,f154547bdd63afc953d60881d78882e1ded685a2b9c32c9240225ba7bf26f087,247887,606227,79577,22.138544
1080,122422,2a5941537eb636f252e0a9db47a82f212093651cf5cead441ef7e89c6528ddb5,122422,662559,125319,22.580183
1081,603966,b17cdf93560fb1636d10979948d35fdfc85c1d4b7b595e88dab824c48533fccc,603966,659705,629784,21.38691
1082,564114,16bb770a9d08d0d18be498ae278a5056073b828dbee14a118fd6131f1f5337e6,564114,382873,185085,24.65619
1083,3004,ae24af9658c7397665145ecc51365bfc8110fb52be031a8a9c24432cc082761b,3004,533067,595872,19.891146
1084,971129,181f355d4568ebc1a9088319ea79c900b12c5515a7512d84fbc28e196fc74595,971129,111202,245256,13.691379
1085,578255,5d1976ae2d3a36afface70fc3525e002710db64014237c00cc84826fd2263bba,578255,655520,899103,12.866241
1086,947169,26ad947a055cf97e198d5cbfc77dd7e7002c10d16ca2a73fcc516ee6429657c1,947169,704872,945712,19.170137
1087,580604,4b89571fe5011c3ba5806e8d889935c4758f37af4bbece44a980668f5e60435b,580604,139214,210972,16.48296
1088,822266,367ce10b863e6b8e2abae444f6dde0a1a8b94d2c9578af61106981382272c6ad,822266,101048,254181,15.973245
1089,549294,24a34d94aac70728574be2ad857429d18d14211c4a79942543a3e12005232807,549294,571547,543315,20.402367
1090,112150,c3f11f8a1a2d32c805eb2c3d90d113bc994049b77efb98e0c554923c6e0765df,112150,554711,298437,22.49832
1091,426274,2f67920679e07cbb0be935690a4c1cb13aaa0a09b65e62210791aedf353c7321,426274,620171,293872,25.355219
1092,629615,9c35e6276e5858db4fb14dfd191ab8b784f037701454dcafd90d9978040e65f3,629615,299352,720368,19.132303
1093,597973,887ab0b92208dcd488e0dd30d988ba95f077ad470f7a3ea5669aa21ca72538ec,597973,373772,555428,25.345655
1094,991554,1f25b3b2f384b5c3c41776f78f50af00a67b03a5c9eaefb340fd391d754c961d,991554,815966,822407,22.92145
1095,670378,60aade0cdfa07e953569a7a01a5a7630fb72c1a37d73d00d8d4ab4d574f97839,670378,814148,934336,23.840284
1096,883668,a5daca02aa693538ae4d0addc0d63b0e7f7a3e24dcce308e737a1058d844c63b,883668,164836,297018,9.453306
1097,8340,4da5cd0d894dd79a986a0d3717099fd040d03f67d87888cc3d1679e4e2981110,8340,182457,274682,20.792925
1098,136181,0da0f30af359d7b7a50e29ff8dfc89848ebd0c88dcde377754aa3eac8e870752,136181,655516,21526,13.368304
1099,689071,8b7bcba906a0ffdfc29e1b9b91cb0d216470ecaac63d033470d01afa6175f049,689071,373508,16042,15.668163
1100,477901,f62090fa6a213cdae1d59919429e9c794a5cd8a692b8f0594d248cd0c7c5dfe5,477901,981913,464921,12.794347
1101,643597,a0ca7c02d93d2d4ad03aa3a599ff50f070534f684497bec220a617e6f4396f05,643597,975207,642573,27.12067
1102,454112,772999cd4221dfbf273fd8f1e71c711e6934debe2a8e39df8cb98acae82cb66f,454112,462013,516718,23.090626
1103,982411,f94bd8728a2a80510659fce015addad4d03e6afbcfd5a72b333c15d766bde12d,982411,130194,372956,23.972643
1104,914054,13c87ef2c33e5e0902669e95c601e61c3510f84e3f7fe329cd45c1ec63d2ce83,914054,135966,750535,14.921196
1105,196916,0b396e427bedee83575e6d58c409a3350a16a680537a361ae3b91d7dd9432bb7,196916,995386,937106,26.67824
1106,615141,67887dac5916dd743688c7da45be0efcf7fc84222adf166e3ca2bc5a20db6814,615141,535371,402090,17.858349
1107,593875,7e4f81d9e37568dfaced6122c8fd80f81bf5b6ac06d6fe1f39ed35b00d14a40f,593875,432959,663983,19.158573
1108,34420,520e0bf05572efccea174c39862b27c7e54f9faf9de467c3acffd2a431432f8e,34420,499911,38540,17.296988
1109,227633,fc15f423ad950b1cd947b172dd64153bf6870ac43d7fe9ca402f96983fe73a7e,227633,311983,537056,17.241669
1110,177656,3eeb9a59fc6fa135bf9b50d5ec169e133c5df15675ed9def19c33208ccd4ec70,177656,564832,681835,19.607931
1111,809038,ccc518857083e792d74233b2f3af906979435db39b59d81e01da1ba33bd8b016,809038,319702,484160,15.280874
1112,241784,4f1aa8f3f8bcb6ba34615dd479e6c19363150aaa7cab9e1451e54b81acef03c2,241784,997747,495173,23.549036
1113,562272,7b4851632ea4d8e82f1fb19c3a538f4d7b85f7bdd55bc7f4e9f31044669f1556,562272,196474,499232,17.402182
1114,266576,952602dd6d2da754c5ac5faf565e7bda2e2494f2ed81cd6a794cc4e4adc2d890,266576,953333,414904,16.146233
1115,81172,6acc8c05cb542ec198033a6b402ffcc3b30c1b66f35e0e50714cc2719a24ed41,81172,381111,213027,19.64717
1116,504732,4e724aa6488ff5ab52e621b781e36a697eca03969bc778e28d1d00c596c7bcc3,504732,767729,963014,27.011343
1117,153657,7c6ac9ed1402fa3b5fef609dd7098d1c36c7dbe6b2e0279d09394b8d7358e470,153657,855920,962407,20.610815
1118,328097,1df729cc93445522d20f88d2395da1c41078fdffe084c94545ef5e1c19049d2b,328097,221231,487328,29.150673
1119,204784,1d900963f605f5bc5f204fa6e97bd5fa78f15cf1cb3c251aee46ea43064c77e3,204784,661052,302476,22.015032
1120,831221,b6c3fb01127692ef53b847d17cecb5daaae83e96324d8336ce350bfae6a8a369,831221,294856,828402,19.132126
1121,245777,1c722de9ecab1e4845f12348cd4c15720fbd563138bd882f1a663bd4bfb4e5ae,245777,332767,197426,25.94696
1122,415756,f2995def0ed184efc32f57660c179b73aa95c480001c167752541cf55d58135a,415756,171007,178239,23.186642
1123,975207,0cd5015a2a8d9c814114d385b5bbf37de571cd655a87252812c2e08c48f4e43e,975207,249026,391254,18.836988
1124,627454,ed58da0b79b64231089c7684093bfe8c157c572000254bd11abe6bed4295adfe,627454,737609,769774,22.138102
1125,437127,9dd64ecff8dd732b1a324490eecb8715ab8c77ff6a31621189bdc8cd0f29003a,437127,561166,634097,23.96819
1126,602368,967256b8f5fbd320f5cb2ece7773adc621ea6fb10ba89fdd4edc93c2aeac65c8,602368,649968,948523,13.525281
1127,278393,dde5ac21fb409eb9608d9e287c5307ce92a67a59f00eb2ab6d3d11d7853d7b60,278393,600057,452478,19.758509
1128,211156,4e6f67a65a54b8228137f9253f6bb94c2171bf65d09a0dce9d5472c4bbcf4443,211156,357425,435502,17.794708
1129,850191,e92b5e40261a9e4d9c2a362bb47604df629214245d17a08d830656b7f6d1470f,850191,300817,583506,15.932559
1130,554600,aee43ba1b66b17d9caa403029963ae969d97756dc9d492bf89797e6f806fcc26,554600,440527,960982,16.562412
1131,42987,4cf8b548eb10f13912ad6f30c73a4dbb6598f590718846668aca3982cf39449c,42987,357079,397092,21.776186
1132,2297,cbbfd4d9d12737bcd53808ebaa44f32f8a33f52e679950dfab11b3df2e072aa0,2297,908405,574648,25.39089
1133,635433,b4320ec6cec71bce11fc6f626dcb6a443c43eedb97339fea6f6fcac43c0d65d2,635433,844047,994447,15.915357
1134,717233,e955073f9b076e6837a9da069f44670eec5c5879e13dfcdabc7653925d4a569a,717233,330545,151081,17.777693
1135,834177,cf8f93cd70e14a722dddce0a4e5c63c1c5a5bee9680d82efea1bed7070657fdc,834177,333174,67466,20.72695
1136,834208,cd27d6ddda7d6aa1ad3b757a9d87aceae38ac1a68ca7e8f6a8a2bc1daff7491a,834208,334840,416264,23.505558
1137,151475,9fe172cc731d640485e8387b8f53d4e176ed1d35dddaedfecb1715c2e431ba41,151475,371510,887433,25.059732
1138,150441,631fe1a264c11900a7c8706c3c81cf349b699446b9ef793511dfdd2e1f8bff1f,150441,201840,825950,20.616867
1139,678809,f642b493b751bd7218aae43cca4b929d4bc8f54a5dab33d6459112bd663a246d,678809,649915,144483,23.584229
1140,32175,d9fae47351073c43812eb35ad073e2e893e626b89fd1fe10ba90240777accadf,32175,372810,245822,21.098518
1141,460489,590715ee7cd9f92b7bd0f56e19eb1f6e89eea29d4595e4a0e1f22832665d981e,460489,933050,459977,20.816547
1142,98081,8276134d381be46bc4bbc54c0fbc73ed48bca791780fe79707261319b27f181f,98081,594660,26543,24.01841
1143,988401,0ae1525ca4d109ca833bf4b3044c12fab21a4d3f109038a271380d661404fc6d,988401,627454,964170,20.394117
1144,921833,e88f3340427d751e35d6fe3fe3b1e3e3a8d1bca2d28e138e32108d95b6e7581c,921833,965206,27812,12.69383
1145,316732,d58be31c53b9d0485a4995dd4dbebe1a395105ecb56e50f5bbfcf5237c18641b,316732,198568,598992,13.434211
1146,704872,c5db871522e3cc3d3871e1d2020b373b6e900714ac93dfaa56b7c7e72e8dc820,704872,58124,702032,23.920937
1147,452646,98797d66ee40b4e569bdc7c4b35f915631f5235b35878401c9f826882a38aab9,452646,221300,298435,28.177858
1148,445888,4ac5c477079a525a2f7368809a8b83a3632d560a1d54352efe75e78939031aa0,445888,709844,342757,21.419857
1149,420863,fb8ad254702b4c4cec603eafb14f6a015a689a40c718aa4668404d0e855ae12b,420863,596241,773225,24.704489
1150,795007,95e01efa912d809f396f89d943a94837ddbb5f509d46595ac88270da4d810184,795007,854383,937920,18.034168
1151,962788,a6a860a2abb0c2c52c48e2613618210810ba6f87aaecfb745abbecfe1a713d30,962788,169151,899384,17.2335
1152,175267,a408c0651308529d9cb81d9b7e476d6b554b9d93fd08aafa76086d74cf345c63,175267,751608,575697,25.063896
1153,553317,f18ac026ff18eafd6023a8809c2d5a969b18565d8ec4d2ab9b7f31a7d33b7c9f,553317,254626,519353,11.656502
1154,487531,24a060fddfeca29b0989bf6093ad03c8cc1d4cc18ccc769c0c9f4ae7e3892ea3,487531,870640,213970,23.137096
1155,696049,83b4ed940435483d02ae8b93fdf1b219188806286f8e02dac8802dc886fac1ae,696049,414369,261193,23.102901
1156,208005,89e454dd48c69c601e023a86d1c89ee13397d83da5aa32ed9f508469cf84595b,208005,196533,458495,30.374372
1157,715932,06572c66d559e261758f534f86943884e60d9bb26ef06595e7324206070c04ca,715932,227336,404079,12.142042
1158,51144,5f2e4226d4f7773f6b2aa8cde959cf05b425bb56eb0991a67ef0f0c385f00cb7,51144,329240,788040,24.92086
1159,47084,119e37a1bc6dd9e4382f3339325e7a96a4eebc69e9657ccbaba8fc68cf0fc989,47084,58660,363607,23.585615
1160,373553,e69513d8202d16292d2d93756b178cdaff14bfbf8091fcb04ddf8a5a802e115b,373553,987624,714378,17.625616
1161,697806,f5537bdae8b504f958c4d38dccc667c659926d93682f37ae7b136417d3c08215,697806,721374,315367,24.837082
1162,960867,7e64afe05ad3b08ccb04c776500670c68d5735c353a58ea66123233b201b4aa3,960867,87899,25969,15.985906
1163,886539,c17fa4192de5fe54261e005015df53009dfdfea9d4f1034a72432da566c12cad,886539,111349,640500,21.438223
1164,506241,d125edbe4aa312510e355c272e409d101c121684856b197792bb9f9eb2a95ce9,506241,147952,504585,4.7406363
1165,807598,1a748e402bb3dc563f473cf539c08ef4a6ed9c35879a9628c5cfe2a077d7b684,807598,812942,972586,23.337349
1166,54355,62aca9f9562d668e67ec1e4bb50dfae278ae28a37ec71054a9291dd73385071e,54355,713460,377360,16.011951
1167,638027,390de15ee534d2fe1ab0364d92baa42a28a592729b450985c0a2774c52fc974b,638027,307983,657190,11.851519
1168,519020,55e920cd9fdb0aba0bcf412fc561b871775d5a82dbf64bd4ddae3c54fb3e154c,519020,581475,57722,21.354538
1169,280909,df326a14d755750e662b97f6d8f8d806fa5bc6835bb88cc90beffdf05cb2385e,280909,588514,940715,18.140474
1170,991061,8074b226b700d9f86a7887cb078d5cf962472cb9ffe9d9d2d70c020659b33130,991061,57134,539238,19.56227
1171,874208,f6fdb34bf082d86198cc47299cd7c0e902fd938dc34450081e7a5a83ad40bc60,874208,569050,527022,12.18004
1172,382873,662e15f19358f05c790f89747f25043ff0a824651481477e8bd91b77f3baedfa,382873,327951,92808,18.735308
1173,478824,fee73deff433d4254c27829181a65685a9f90ea1958bd0f2bdd7b5dca4b8d261,478824,127,110805,20.687647
1174,363590,5c88e27b511cc8ea2be50e52394736e81acb07a8bf2e3051bc50931258114f74,363590,938326,838528,16.861593
1175,746511,ea45b4fe81c36c4cbfc22e0ef1d9a5a23af274a4a2ecba9b4c02a4c4f0056460,746511,313175,249207,17.49433
1176,105844,3452f20c6cb2641cc11ab4cec1ed0f54af398d4c9e7e939d68e5978c2a689e3f,105844,582030,731255,23.50551
1177,263005,96961be94dafc64829699ada8f69bd34eeac195ab8abc02cee5b2d4fdacc3e2e,263005,715864,683144,18.431295
1178,68138,1a4914620be38f8fdf61364888f78baca74c456f08ed6a3f75c4e0c6b10f0557,68138,958770,173572,25.123081
1179,860392,91049cf29766b2bce880667af68e96b91d4dff58babd829860df9a3e42299778,860392,761107,325359,16.245327
1180,522247,6961fd521d635b4abbb78ac7a2fa9b496582bb6db76f0de89c351f5c958cf8d7,522247,826301,972020,17.444086
1181,462601,fea1d3fdb8226dfe24f8b04d20b7a93195fd094e0f517e63f5ab4aeb3463afc5,462601,815381,575725,19.283476
1182,730965,49b02dd5cf98c7ff3090adb0a6ce5703ef742522549d458ab5875afd465f970e,730965,444849,294400,19.452614
1183,383297,9c44df77d84a3ddd9cbf234130454dae245275af10251b541a4e7f13a06572c8,383297,32175,300867,21.242565
1184,172092,3bf57de25eecc824bb1120fbe2b96a3cf2b2c7c4e1cd987ed6a4b12c8445802c,172092,901521,138135,25.038792
1185,288454,b06e7fd9c4be9ef9da67a8e8a99e70111e56f516d74b2f1d1b52b7a2d87e4af8,288454,299621,938127,16.364008
1186,148032,a4d205abbddeca052b7e98fe6d0936c585811438a35c2cc1b89347a9863a7714,148032,925852,745984,18.408504
1187,386824,8003c81d386703414e12b150d620635a6ebf59a9306fd4beab4cc2c42b5eaaa1,386824,68546,897842,12.981729
1188,910384,cfd67ad03c2bbb6f01825ca90acb303eccb8fa643269d9e1c7bf4e3865511eac,910384,677215,692204,20.713783
1189,761875,9bec060e151290ea82995eb694be86943061ac702d0d824b9b196dcaac4d6f23,761875,784012,785360,26.021313
1190,915611,a7805b385ac4fd46c4df82e4b8b81c7bea08d19fd815926be8e69f839ecfb9ea,915611,581390,358816,23.991474
1191,794824,2e0f325a86be95728174173df2b0e76a18d3b681c18136da4ab802a8dd4b4f38,794824,835719,577070,9.336366
1192,194203,52909825a543c1f8ac8e904ea066e40657c8d7a988ca6aa7a83c8542257df534,194203,788029,332639,27.566862
1193,598220,eba0f67d6d8e180d6767d0d30ea693e08d2180ab2189e640c1c28e6bda5ac212,598220,337125,384516,25.196106
1194,333022,2034567898674188a480435c33b198e61f0f99210504aed7a3dbdadee53a7fa8,333022,55292,332855,19.343132
1195,806452,70abe9b102ee59e8f047680bb1b7f28c7ffd36adaaf3481162760a729f3b608d,806452,267902,812207,14.752971
1196,404072,1d96e3c0c6a8dd40ca73c6984f01dc9c8ed5e9dbdf90ea921d29201066d02ea7,404072,94719,407114,13.824501
1197,575160,8ac40c86239f69dc88df8454692002650ace3438b844b3c2b362c1da598bc62d,575160,34616,920655,17.631838
1198,379020,76bd9e4101a384715a819ba34792e31289808eb45b57c8cf70b8ecc727b0a804,379020,260141,44878,21.734358
1199,413,f63534638bb06842e2149363f545a00b83d21084f356a7a39e5a7c6cedcdf2aa,413,130039,120426,15.8151245
1200,764770,f91bc5f02965fc9dc240439f8ef7fdeb3f562f8cc04843a343336bd31afcb9ef,764770,172956,892259,23.520365
1201,718484,16577813ae8b789dc94b6e0b4132b2d39d41c830e46044836c1a0e7978c7ad31,718484,624007,541066,26.68101
1202,732838,c73530ef1fdc735c5ca0979a12ba184bd1cb46016ffca1f002a1935c784623ca,732838,87646,630397,29.961397
1203,150778,420b415bb8a820c84e9a6cb88358c82ff6fdeb91e9ecdb2bf5a5117c7b320fdc,150778,19486,798997,29.946432
1204,19118,172cd6543df9b6ae3a19218b94aeb41b9b262724463fb9352891ca691c60daa7,19118,991554,963982,16.438927
1205,351998,33b21f1c94b00fdbb1c21f7935418eb862dd8cbc6f0d6f6db8abb141a9df0dbd,351998,221379,298437,17.906914
1206,450693,30e9c087602813409c0f25245972357b0890b0c8a724f16e8f8d778eb25cd182,450693,709077,768370,18.629162
1207,925172,cb09b8a5ba401c7281e6236491de7b3acfeba7964ded3c5b4439a72304ad03c3,925172,834989,56997,24.156532
1208,151834,b68b385e61dc23ad3f166009f1aa15988bc3b72fa5f1fcfb74d51e3e4ac120b4,151834,825583,79208,21.97681
1209,418351,8b32421b11ce7fb7ec2b92459b68e27418e54a8433cc5efd66e15a4ffd1a3ddc,418351,809776,595079,21.333462
1210,978880,8eeba1653100cf96e0b4c27ea521e12f3eafc465d0e860eb2a55f24ce00e14ee,978880,971129,472108,24.13454
1211,873820,d89bb721b67f37ba0195c649297bacce83c06300d87aadbd28b292391c790e33,873820,687672,497031,20.064756
1212,533901,b6281054cff5176721ee4a85dd4e1859ad7a9eb627e9262301ddcfab5dbc49eb,533901,521153,55864,14.474347
1213,51378,2c72b51cde1fc36e7628f63f31eab692898649028947e4af1067272342222fd9,51378,237461,115501,11.060426
1214,169151,ab34a9e0831ba4d06fab4aedb4069528ae36e5c487985973ee81e1cc22c1ac70,169151,120759,999810,21.687014
1215,925762,10a20a3b3cd39a41a20ef87895c55c5ef11d2e9f1ee864e6ec916c2e4ef02276,925762,239102,299913,23.228533
1216,14063,86be78597a04bb7bea853bffcc48370df4bc4269dd4560d58af63cb2d0014677,14063,361927,973831,20.657148
1217,37265,f6d6c33d02d8860685cf4b98f7b201ca39e52b9f8cbb6772aa4e5865220901b6,37265,656861,738372,15.916143
1218,370445,b9b94a74e9951257672e23121757a6fe517b24b7e046b2cedb4b987cd87b5786,370445,979795,574727,24.60272
1219,831988,544fa1b87a029e0102c185b50cd2c4e0174eb0bf77a8385b6ada297978c0b45d,831988,530416,970498,18.464302
1220,524882,0696143ed85a4d660e61681480c7e9f9ab10ec65d864992482eb0904034c8285,524882,254048,501894,23.531244
1221,596685,58e86019c4d1c42b9d26453512409a70f2346deeef1236e208adaff66f38e9e9,596685,268789,712598,24.706558
1222,995386,f4cd96a25bb5f1d363be9323bfa58bfe31d87bc7251d4e31a5c3bda2676232f2,995386,528024,104371,20.192368
1223,552593,b3fdc3aea9d1402090fbb6715009123646075b72f2a6ea2b30f5115ed0762aa6,552593,102569,710131,12.052735
1224,884484,aac28be00e7eca306f3cd22b86dd32c9816929f3a1875ae8f85877abf45feb59,884484,764402,300377,16.2291
1225,129528,6eef43e9300469cc26430f83939718822d08cc0dd0cc3ffd061a75c240ffdf5d,129528,962870,998328,19.572618
1226,922439,02f3333f8791205bcfe94295a446b1782112f753ba6a0446d543e37560c45aa4,922439,1545,659480,23.891798
1227,356240,3e5523e3574a8d3ac7e77a220661fbb526f139c26209ef007fac79458525c6e3,356240,275533,898673,15.414955
1228,848634,20901bc4cd9513cf217977b61126d0976fe2f8a42ee777d205e2446be778862b,848634,153657,699504,24.166521
1229,659705,f0ed26691fe368e935b2d9cbbf70d22b9ce402a91d08913afb00cd4b0304a945,659705,283528,969922,15.729944
1230,229041,2290dcfad807b519fdef624f28fd9f82bd0fd4c65d94edcb1fcb706b969b8ff7,229041,423651,830388,27.176516
1231,530416,9ba3b71b6a9b50529db0d57c9da575b8169f65e212ed5af41dea8ba1da5a4d79,530416,2137,194702,30.3867
1232,307165,8b5a48a1e61617d31a7dbedd217737c5864ae19633e07f56804849dcd6fb8f09,307165,364994,681553,17.1682
1233,120214,65e8628ddfc79fc0ee810f418e513d80e673421c37b1d46cacf62ed624dee2be,120214,597620,299460,19.114054
1234,348612,4a761a4e211051e70c5d282fa04b6d1b91b35600925e64d2d05339ab3e38f395,348612,548481,733606,16.878036
1235,66494,bf02b9ab05b65a09588c1c4e07a50d6767af08fd08f7a381849955c36c00de36,66494,56286,111890,19.235523
1236,831938,db8b67f77af8d1086c24cedad72d28cc1a98017a35494fbb379abec2f9da4720,831938,275198,417465,14.3175955
1237,526147,71a7f51b8d914d5db75c72fe1113698c711dd8af9ba10180d9099a71a495ed44,526147,881295,871336,13.096481
1238,385318,4b787527613f9687f805b5cf0b547397fa93417e92745463b62d2f4f423e4e32,385318,781990,251819,27.063251
1239,928429,48381eff321d01af58ebf60969945c8e0647ceea12db432c882f120076048238,928429,880281,402237,21.108433
1240,181941,a1a497b657c5b5eb9e94f4153c4612a492b095976dec4a080a50a2d4738463ef,181941,967548,772981,12.206156
1241,661052,62aa8c53df8b405acf58ebb38b4f7deeb087bc3a2cfefb72c423d1e89c7ca972,661052,353178,315152,22.38586
1242,780598,e8bb33e5be316fcb84fa923dad1869aeee07312e2d9d7ee7643e658f937f85f4,780598,816093,787169,22.30259
1243,56950,cca8625e9438d60df90dedd107c050112e4b6505bc9f062a3ac555459e41568e,56950,308055,207383,8.136163
1244,646890,949c88e22661ed6ba81098dea0034222570be6d0d3bc1d1537543fab8ad2f05b,646890,634099,995513,20.7677
1245,55292,e0bdf7b2d9cd4ac706fa44e01b73347a1a0828ca0d7e882f2856f3633d4f5639,55292,684404,373392,24.565216
1246,147952,6338579aa8480bc48b24d7249501410b2629d6acd135dfd7191b1d1848a8cfa7,147952,27361,83638,14.850767
1247,149232,889b89d494765d54de24ff8e97afc9079989bf78d094a2836811863bad1c721d,149232,195975,605442,24.64592
1248,362169,43583683c4b4cc41db8ac6312c715a3700c2e6e5deb3264d278b9a0e66a18c41,362169,166349,483923,17.264431
1249,785434,aba78119aff8cb3936b064f00b146ffeba9afa02b7f1826115501c1a086899d5,785434,20505,893515,10.727049
1250,419074,0e1667b027bbcfcb7d695ab9212b1a3a030399989cce9c9ff07e9ae7960b4b99,419074,252704,421698,20.24112
1251,565261,6107428519e54649a2317fb246799b686d6102ec1b5cd85dd23d4ba3cdb40d79,565261,384566,540881,11.02819
1252,327762,29e008c1e4cb135136b7c44fe69a494abbb42c67b7dc4fd73c21d8c303e31fa7,327762,244196,920964,22.61185
1253,300114,96c53a1f05e8f36a4699979dcecab061b72ae90f7e4e6d33e70b569b4e2a34f3,300114,949957,129516,14.280936
1254,954764,327a35b43a8386a83b3088a1cfd7dc0c92b71abe84f19068e0bfbd12cf7b2965,954764,756811,99047,15.771071
1255,809243,09a5a84f21c350743925dac7acb072ba2be238c7dc08101a3c732b0bdd9f7b1c,809243,215939,381776,27.557224
1256,848058,0c961494c07a5fab3000cfdfdd0d377a445dcce0334d3a90acb84c0cb56faeb3,848058,589552,392572,18.095247
1257,869517,8b70e55e1e16d94094b1905b2520de65d199511747516f7a01aff9b02f81c79c,869517,876594,823372,21.987368
1258,252704,cf3e17d275c499b83d26f630f1cbbeb90961701d80d0b0338f6ec767115cb377,252704,809790,165508,20.98253
1259,576421,d7c79d17711ebae2f9ca101b3fada1e119a44927962292b5e640139cdb612e4f,576421,278492,610876,19.63347
1260,546604,78dad2fa4f694c42fb9195eee5dd57ecc23121e5a976729cfbf091b4c289cd3c,546604,385775,753518,24.685482
1261,735829,61c30816cec543db2e62ca97e73b46f9230dfc191b804fc3dde880f607eb4fe1,735829,339695,518149,18.604864
1262,521153,e5a0e91b0927432acebd01267eb42e9482f61c72a0c79fc1dd54734a2b06f2d4,521153,882500,770376,15.530613
1263,727359,2bee9c39ccbc95e10e6271e99d614cfb4680080b5793f4522f4acd29e75375c4,727359,732052,60856,29.079645
1264,576165,134bf9776703d1a447e1e7cdb9866e74e073041887c373a9e593b1605c57b6ba,576165,410973,334043,20.253908
1265,366625,0649f5a1d8900dc3d0c93d9f4d8ffdc509a4177813da5fff803a33519b698ca2,366625,607509,377022,18.21314
1266,44866,3f20ccd9cd78be476897b28d8e5c8c053da80878977dcece977eaa5fb68dbc13,44866,800669,691984,16.428165
1267,660824,230d906514ec292225ef63fe0386051e2162e069b31816146ce7886060f3df70,660824,49467,162246,17.009304
1268,723917,aee0e716dcccb6ec38bc82cb38d7be3194620d9d1630fca6c214147a2e99f81c,723917,343971,156871,18.215841
1269,649968,24086a60b931830ec28ddd3af8604db9763e48375d464906cd672c99835e5c91,649968,42987,806408,20.767422
1270,708141,179d1b369af0c0caef0cb9d4b5eb2d45b30db6342f1fc44b31d9263e75cf79c8,708141,802566,358176,22.761421
1271,873791,b7237d9ff4089b02ffbbf861e56895a1e97926f1c3d480e2a5c32a5ece45f175,873791,589529,387250,15.935386
1272,995372,e61f2068b64329b1cd8f656659f19374417188f8d9d9cda490b75ac55d89fccb,995372,588565,774138,20.162893
1273,520726,c5ccd838f1509b0837d1b2af34c64e479294aa2c0d5eac4e0ebecfbf849b0c02,520726,107084,296623,16.272291
1274,949233,7915ce41c2d0e9bfa7144c4bec94f5bec133189c621fcbe3a516f17c2579dc16,949233,105844,487328,31.96545
1275,697238,d9673235ba7fcf57a585c1ac51c63274d95cee23ea0e6b2148cdf688d818c66b,697238,948523,448743,9.940257
1276,176263,e0bb41f0854bf010887c90cabf58f136ff4f25fdab64018fc87f8c36215c7326,176263,179323,953932,23.848194
1277,809776,b85fadf8d1247dcf5e5492313582641c898e3592663db65c3194a1b0548a4daf,809776,469079,542449,15.771841
1278,567180,caf6b52912c24f4e0321b2860aee00af58f96ea0c45c9719e5635d47101ce39f,567180,875112,569170,14.9620285
1279,89687,7a840d48176002fe081f9fc21ad077da6519fe4919441061609233aa19b4927e,89687,536729,357152,22.838411
1280,581800,c6dd193ef749cb9f400b715e80a9c44fa0a5262e3ce230ab34fe011544bee747,581800,965850,962738,27.437134
1281,779831,7ba549f01461457e92ab1e77268224029dfda03ce4e4bacaa3bedc1b71f7d049,779831,926599,480468,8.273641
1282,569926,f96832afe1a98da8e32a394d35ef90a62cb88afddcd8f3eb2d28fbf1681fc5a3,569926,434055,126285,18.54624
1283,709828,01f12ebe4184d2392b641bb222b81e83891ecd607184833c739e7214faf8a96c,709828,710882,698312,5.4070177
1284,389868,ab8e4cb4fcb3680af2d547ae9859f820a3b3d3e3b5c37f6d8161ff197b86a780,389868,288454,319768,22.861437
1285,421471,cc013413788afe3ca84dcc80ba4e2dcb2583615474fb9c57edc3d5ad53c85d04,421471,748750,759584,18.187849
1286,673603,52a079c42f1d9ebbd951f88671b37e32e042ddf9413c26db491f8e225ed0a915,673603,876884,599091,17.820654
1287,84023,f8b34ba51978876baf5ef7cfcbafe9885112aa8db44600f07ae6a191de2b4c5c,84023,433457,733992,24.426283
1288,797122,c6a21bd10755fb51d9b6dd2e762b7cfe936d9f19df8b1b3cac6e804f5cfcf633,797122,686156,478987,26.46018
1289,366230,49f43b593382e71326fd7a60bb5b4346c009307b650f70ed8c92ce0d9aff50ba,366230,828565,342177,19.285847
1290,157008,2211d5c31a323d26d3d964a4860de0a0ac46cdaacf2acd01468dddcb4e51db75,157008,524882,511767,17.187315
1291,237283,bf69c83f56fea16b14e769c67d8e39db23ab4cf58d477c453a06a069163b01b2,237283,493343,921605,22.735003
1292,688306,5310b02522aac82dfa88642e07b068ce997b29092d66356cad32c59022529575,688306,691670,747633,17.000843
1293,308474,5c7e04b2e99abc8b682a1f784aae0809e9c490e6de979d58328f434019a17368,308474,94005,736681,28.973478
1294,678622,e1cb885bf675c5f77b3f10250b902c9f8f5adc569c5753aa6b7f2482073fa760,678622,782771,408414,16.815855
1295,274014,e3eed3568106aca3b20a00148ff57803aef3fc727c143b9331273095f6b832c9,274014,526147,748496,18.561415
1296,78706,621b885ca9e1a3a7b78de85cf03b17232dba1290962bb5995b6b07f5a612b462,78706,379020,36323,20.450224
1297,307983,e00d4367e7ffdb5b4ff9e422e0c286c2b2c9a0f26e20ea7ddcb53443035ab07a,307983,580396,426355,25.207033
1298,70395,ce4210780310f1eb4d501f48734c7b80e3abbafbc56bc98a06490a14c5daf2d5,70395,122094,512436,21.425644
1299,331749,e828d523c0f10883c2e863dea51de4b331b94ebda752212fd0d5d066cd8b6a34,331749,869768,618023,16.529663
1300,547832,100ed38baa3adb54bfd71f0c7e0a5349cf092e4e6b42d8b2cc08dfb33353cd78,547832,843480,2258,14.139381
1301,235266,6afa7823f8a3090d65a09bc0f5d4855369029d3a3ee38ecf7faae3544fe9a1c3,235266,127306,562640,20.544992
1302,382568,65e03e7f7b92e6d7a2767701e62961f68c918489282621331d440539dcba3235,382568,417396,765500,19.508749
1303,323567,bbdc55313446b62eaf3cfa3514766cd3e0fd4473e39a6bbda9791591c7030416,323567,7104,921905,25.34081
1304,381111,56862940c1f74b0a57f66f5a2988bc010dd7e9a028b375a0c99369b412ecc0a5,381111,465872,848922,26.912573
1305,256701,f46564480090bf311c71aad62655cd2c3d7b067ce772d7e14e2b3ebbb32a1db2,256701,480547,982752,17.991762
1306,195568,123b609f6108498704f328addf60d54861b51c8e1f57ae7e14ec0b7b54a46088,195568,574133,77574,22.45872
1307,283618,711ea1fba6fe058ee1b2fff8d07d293c7c1947a643d41e345ef0a7715f9e6466,283618,412746,869105,21.942123
1308,179109,b4e9d025a2541b8eb5164a9de6039f6b04360b2d78d829021af5cfae4a040141,179109,512886,47809,23.077522
1309,269453,a30735d57ea50297133c8a901e5f5ba6ac8ba3a6165ce2c29394ae6ef1d7dd79,269453,504732,739670,20.54928
1310,984795,1e2082a9bff4f271d6dfb0c78507996fab60b7d879998669efeb6ccc626beadc,984795,167736,987652,20.463245
1311,352974,b3dcdf50161a0901bdeb0e43b924e5902222511bc831d7176247bc76800c5ab6,352974,612965,603916,17.188704
1312,87646,7bb48a8194867b10c89f0bf8f13aa36912caaca0a2176427f69d6ad5cf8b212f,87646,51144,949817,22.04719
1313,640370,2c5d3fac952cf812612f2657731171e1ab42b993a0881df5c0a824358139a6b8,640370,760318,230733,19.316156
1314,74931,e67c86ea4ff9489b0fa4a0bb07928a22cddb4a3e7d427ea18ff8f1bb71cd1c8b,74931,224915,276112,21.1115
1315,123550,8c35a4919ec9d26b500ff31ec87af9a819213b1fd1a698d5ca2c4b52e2721c19,123550,464256,121192,18.32512
1316,866919,33b14fd56218b37c59fd5823300543e861b2f04e32d5e96254ba7e4598c7cc23,866919,826153,41811,19.103613
1317,444258,ecda7d27cc04246377750078c21f269868d71dfce58ed88559196ecfa00b4a4f,444258,861941,763277,23.205263
1318,935922,c588756c8c1d94ee8daa7593a895a5d7ce59b674f3a467666fbdfd495b05cac2,935922,605467,13627,17.17791
1319,229014,3cef238fbbfeb7fd0c63407a28a988f653c71098f5079299c4e6d589a1134afb,229014,189327,762835,22.486742
1320,845449,be6a3a2ed891ad49b61159b0662d7d902ca462f979d4d109723432eaf59066f8,845449,692874,208186,23.761038
1321,781990,88db3e4007d4deb66318ac5959c240a2ca2da8217e612368eca2c9a06f1b587f,781990,147547,442976,12.647181
1322,899447,f3e5ec32bfb483ce55d10e556bf66a9733acd00e2bf969bf57abdc42033cdbc2,899447,879746,645031,24.724014
1323,243680,129a8ae79696debd292f9cebe65a2bdfea1921b5b0aedd311e8d4563daaca054,243680,700669,650626,19.785982
1324,327283,b17030d0d854d90f88406c96e25c1e3808306543bfc940787700867e879ee5c2,327283,540957,821501,18.691908
1325,273396,231fa08b714446e680721440e72398be0b7e03f38ed216a239822b6e9c8aabe2,273396,852085,697834,19.696308
1326,44471,c742de4d3eb287cce771e8c5e16478ca3b74b38b132e2b2f91be6e19fe127fba,44471,845339,873525,18.120047
1327,757098,44f6329957b9d70092ae5f34f378102c84c00232fd15736a1829a073d3baed22,757098,186221,920224,23.446608
1328,649318,e93d179e0ff713ffdd2ad4468bc1bbec7ddf2f9296be5e3e41dba412244f91c4,649318,970360,390340,15.9252405
1329,867677,e49d796db47f2ae89bc2df20c811085f1b4b97f995d918a597c5981d08110f0b,867677,271091,568298,20.927332
1330,146984,00be6c3c6a688b99a1e74675ab5b7158ea73a9d647506e6cd61c260bf51990e9,146984,337155,144641,17.423325
1331,201840,cc7798f76eb2948c2987bbad86e92d053335a5c626cd8b557fa0aee735d03293,201840,805806,676575,10.934324
1332,549274,061f496621de42756973965d1073877cda8dd5b53cae8c3bb9ab3acb97034f23,549274,642218,837590,16.027748
1333,579059,8ba6c1a0bbef6f363ce7ba1bc9141c8ae0d867c3e57e28ddd26a4bd9a0994a60,579059,741504,896681,14.358002
1334,51982,1d22ffb28b4182ade0e1d060b73af16f35dec0afdf6b0ee46e40395d305249b1,51982,32297,409293,20.847878
1335,473277,e0b4190fa07883d15ee291639114ece51a7a19cff5a50f3b1f8e8ca7ce3a56c4,473277,490671,773799,15.777007
1336,444120,ff73dae00176ef011cacf051b8e233d5d21e29b652de4e5f03cfe56fcc76090b,444120,625531,627868,23.734436
1337,767469,3a512b0652389b6c8b16c7c8a86028950d47cbf3309ece244407300edcd4084b,767469,413,425174,25.997173
1338,507021,e493e7d9fc237c55fdf20bd001d2baf5a2ab4a53a580d0d428bf439890163b11,507021,481436,509474,20.136019
1339,258038,447b1bbcca1def91a544e1189447db629f6e0046b9d2582971e956c7f3ea8f1e,258038,421471,203677,22.967075
1340,925380,719d3a948620eab2d3e34384fca784570f38675691b9151d516d418109435788,925380,627367,15724,17.497286
1341,339695,faf1b338bb00d00a4156102cc7ac5bebd7a3bfa2ac20659b51d48d160edb8fda,339695,505433,148196,8.89324
1342,94005,afad68a40590db903667344334eff233e72befb397f0151784c64088b29ee038,94005,482109,285094,11.716573
1343,117175,7bf965f14b23f9648f53ccdc1884bffc966f98cf65921d4c347c66771152c1df,117175,899443,644156,14.414781
1344,806149,c27c3898f6893279db1a664376a40b9653857c676c5c41e202480e5647736388,806149,654132,795697,15.773424
1345,987624,55d5546112250822e78bcb390013d3f11c2ff073875d3c8f798e78ec5b1c6472,987624,425593,1310,23.224049
1346,559426,5cab4a7493e8a5e01fb3505a6fc321afc9531f5028df7e772c6552e936b8beea,559426,664125,559977,22.0746
1347,137310,9943f25ac1e27106b17bf65532dae93da24b499758157c1172bff31ccd64fb53,137310,860215,972753,22.039188
1348,815432,b6d319db33a9a888027c575b36fa2e4a22e9b94a650ff104758756cf5be1d664,815432,97482,131403,16.733383
1349,99618,2f398e082bc58501f04d15331581ed7b5532982490b3031dab7d1507c40c580b,99618,984795,336787,23.793087
1350,799916,77de41cf7785ad72adee458272b5af89f67d6629eaa35a4c440120c207060c0d,799916,597415,691621,22.9275
1351,609879,5df9a7488a73426d45ef246e210fe5f9401a4f7790d6d46c880135ea80f3ab64,609879,912173,183702,13.808703
1352,166639,0664c7def490c46284c5fbd57618026c4c5c9ea03132d2a213352ad3ab1da5f9,166639,576421,657190,17.468803
1353,63553,77863dcfdbe467beb572f1f58c40c2e44e9bf94155f26858c2e0040234c0883a,63553,832568,719237,15.419326
1354,615915,e666b3c4476eecf77f501258c70f0c7737447b69552eadd38eb69d1f9efbb3f1,615915,912481,45161,8.387991
1355,747717,3ad583ab8f116fe10d7c0e088a462649eafce85d819f996be597de1c932d98eb,747717,954453,443853,22.595566
1356,118260,4a922fa2fcb967ce92b5e1cef0a87f5fd6324f161ec1426738a3173f6b4a47b9,118260,883668,805867,24.055222
1357,400824,99deccc48b8b4b5c00cbd7aed5c572b5a059b7109c69cb90d34b059f11c855e4,400824,941845,399665,22.528742
1358,208173,3ef6669aaca78f5193892ab7f27b66d35ec1cfa87b3ca20b734e3c7a7591b092,208173,61606,781604,26.548416
1359,547974,fae7c2a13cd14a9f5a0ce4911635cca0566850fdb1cccdcc171de092399a507e,547974,596313,635598,15.654028
1360,980836,3be0103df2d760a3a57b0628d972cb0ff2d140690a4799594fb97f31cb31cd86,980836,546604,772799,18.802114
1361,41726,ebde3669bf2094c6e844a630f72cfe665e6cd65f69c64901aaa4399bdce54555,41726,8425,645756,13.787519
1362,650626,621cceb57624a95ff0a55eeb7d50164059326b33617ac2db394da74deb2a99a5,650626,320986,165639,18.808067
1363,596313,7305cfae3986a0783ca00a35dc2dbccbfb53c6038dce2e6ec7e559f11c11760b,596313,451853,869599,24.096668
1364,586382,2adb3c5ec1efc705419eec7bf6c5331bb4f88ab0d3dacb71e75b21407aff0921,586382,847572,618229,22.448671
1365,314211,50599454037cc057997212e14d6929210d1528909a0a47cd6a6f19f02c382406,314211,236996,552381,23.902645
1366,512886,0db2ae279b3b74527035f319d6f7791e1732ea3fcf9330aa3b5442a9e8d81a87,512886,354397,730782,16.878548
1367,887196,ed6bc4d724fb4b8487e8468dedb7e7726bec296fbf78d500ec4433544f8405b5,887196,405579,973340,26.135876
1368,251900,2f9a0f562d863472258c182531123734bea1f68fa9d4c3def887f641b6738909,251900,610274,262228,19.658737
1369,728162,bcdeee7db1a091ae78a9de16e7cfdbe1eb8312db2c34acd10443b35d846a1015,728162,742072,729084,20.877619
1370,521708,af6ce983bcbef9c9ba5e3ccbc9a46f1b1b7b5b32b4de019e0e64ed6aeb458ba2,521708,555157,765290,26.217726
1371,88202,66b94fad35def03921663d31c701c1514a12eb0e1244094a8ba8bfab032a0982,88202,149232,746918,23.39012
1372,724423,e0fd9c19fbf25f677f6f801060b6df750456460fa7b0b5fd2b7e36495a6aa0eb,724423,10866,70953,20.168123
1373,476067,076bbbc0cc8b3e7157815b1d091c7cc7446e0b1ae3f606a3ae790d2a20fe25f7,476067,661682,694006,21.525726
1374,376822,c72e11d318e224dad85e9426ff27873931339e8b23b00817bad68c89474d4958,376822,467657,641381,10.7508745
1375,439090,5f9bd0a89d505991b25b662394d23ffabb68220a5b6c951e3b7b3c16422f0224,439090,545284,438066,24.65666
1376,141056,4f64a520aa4ccccc09a75c94222a882fabce9f50c6fdc20b12de919dbfb5b20a,141056,106039,948431,22.239634
1377,583933,eb3c1d7474b6218a2a87d4933d48559fea7194677e23b5cce68b91716be7a9bb,583933,786111,326310,23.354416
1378,791408,8a415d75014a8411b12e25995fe9c2e7b02dd50fe4d1956c3f881f2677d40904,791408,801934,372813,16.007746
1379,747083,2279e25d57b6eeb3f5e999a10fd7268c7c9bed6847e3e8c117472d495c22624e,747083,827230,461138,18.1298
1380,2137,f5fa4252d89c4e0e4e7e75da0ee8ef43602b5e8dbd285db2d167813ad03ab81c,2137,833249,960567,14.003714
1381,497673,a3f291135988d0fa8dc1196749b554a1f5efb00e4e882e4ab1b070bbd991a63d,497673,448084,39692,19.40578
1382,144383,1a49e329dcb66157f1da223e38ad77518f28b2817609ecfca81c2245a7fbe96e,144383,739835,176425,23.972376
1383,666794,e8cdcb15b5c03126b3d287d6bdc2291f0428cdaec6c3d0903e3683751f2839da,666794,254004,666246,28.4533
1384,792968,b719d4f24bee4af58a67a4a4f29cb30418ac62491a1185c624f8b4faaf8234ed,792968,722756,316575,14.7520895
1385,937894,edcf259aa72b98415360b469bde7642c700b9110da85c8ba78acf36412e26b76,937894,269157,372469,17.137772
1386,332859,5bef825809171a95ac45bf98645c99064024c21b70d24732c35479fbd041b045,332859,968346,286953,17.127117
1387,958293,06555d91d74a4a7bc704f46e60d6878ab6c25f2a5d0acbe857ddd8f803878486,958293,111950,234027,20.231207
1388,274907,92a1b4854b21e33a0e27a83ede602c0df5ce165ca41bef9c24b22f7cbda3e775,274907,685994,9470,19.028202
1389,586603,e4d705170738e601ffdde73b37d1c70f5b1efeacf4a1ef6cc0b6c5bc631e58e6,586603,886084,754403,16.87284
1390,932273,23f9384fc7cfe9dd808e241f4d940281f14569fee0eddab686ce522cc2cc7e4a,932273,910341,49707,17.533258
1391,269157,81f7d7398f838cd5c415a04c45f9bdb5ea8b5aea78660c2f63b53e19cb25646d,269157,246454,145737,21.96999
1392,35900,53745437bd732d946cf7d5752b3c373e326e0e0045e82b2d4906fc9a9d82fa8a,35900,618957,542867,23.591022
1393,949661,61e49a443ecebea5784ad63b6ccff5cfdfa43c791f939d2084c924133712cf5e,949661,829734,259195,25.461378
1394,800395,9dd30a48018bbd63e5606f804bd2ea7e30e6e42d6c1f6daa9dcb3c54907be022,800395,604359,602052,18.616274
1395,394672,b60d5e022f2d6f20846d12e607c8d3b7e99f27fc32ba65ea2c0958873ae9d010,394672,505658,201370,27.457024
1396,549692,43fa8290a01cb2c3bafea6a824d299747fadb27fe1169589df66f2b6d8dfc892,549692,229014,861505,32.754993
1397,443037,941de0223c22349f6c99e64e881424e0ef9de59bd5f0f0386722b8f390a43491,443037,796307,703645,23.354122
1398,985315,2cd7c45f77f57574808c4b850cb911f833c23b94256cc499d2b4a1cb4b92c400,985315,589874,574387,17.779074
1399,444849,8cde4e6a91a552f28dbdf184a7f5799e847d216db1c700943f275d8b785e2046,444849,718484,537254,20.998953
1400,226911,f152c50704a13d8d118d5372786988a26591067c7d153efae04508ffd8fe2a9f,226911,891627,538274,23.64016
1401,523389,d010c0e2e892b3c80c70f9c859aacc1e794e56dd8c6149b6b4715c181a487749,523389,915611,287169,20.905523
1402,338165,078f57bb0a89f4f7dea15eeb72fd2e64026bcd742af29a695a7fe9076ed24182,338165,974701,41640,18.89448
1403,253211,dd7f378e9d58d4ad33aa5f31673236c3e64fb77157082cedd5d4c775d59b75f0,253211,822266,717891,25.41989
1404,717833,b4bb6e0cf4e8e579994783fe0a1b87f01d772f3a890c13c63eeaaabd56dc639b,717833,132748,57694,15.825896
1405,801934,62bdb164feeb9bbcfdb84e69758a1f9477eba5aedbd08a876523cb177c6324bf,801934,526879,189223,10.50498
1406,547273,7829689827df4fd27a920ba7136b430c6c648564dc93d9122268b6ee3f0deff2,547273,660310,231808,22.397367
1407,693552,caa71b52186346e1d061b020daa390ad02272877955ee5da0ac2c2bf85405d9b,693552,342948,618855,23.62839
1408,727211,2bbe0c7ebf175e3f89be04b31bccd23f17f820f3f24423efd62e27568e5a9d07,727211,893873,407842,22.123116
1409,594178,5017f83e17718f36ed7a2cd52d82bc063481e79df2adef5be4e90207a16995fa,594178,36662,845807,27.014862
1410,104781,d4ad73f56da164c3a9353d8a6f9a6b21e11bbcbf6b28aec49c04b9d8f1ae5ef9,104781,179513,941647,29.87936
1411,724343,5b63838f0cea41bf94db64d35dbfa7030832cd6e4c69c92120252c557f16c878,724343,173406,723924,19.935633
1412,900435,1b3168fdc3f580ec068b24a99c82fcecf50d9c68544571e4e2ff82e2dcfddb78,900435,916030,945945,26.390547
1413,313911,03b0f194cca929f01c11bdecd5b010a9e9bef9596dea23f383a3c6ba70331ddf,313911,559426,838106,17.682379
1414,390522,82e21ad0bc407d0bc534ab4c9b57094775ba935f174ccacc7523a94cca285d4d,390522,640919,251491,22.912212
1415,620873,13e9ab1de03ad4fa6766ddd259710ae6e4083104817d6bf78de18e64819ec898,620873,677476,277659,30.263132
1416,940065,e7a2a0202ad2c6b922b66acb499d3367c8bd969a3249806eec3ab21edf8b5815,940065,331091,299176,11.992145
1417,181377,f9aa2c3f5c84935e777d67311cb5f64cf484d5fc027a66794c92e30420ce0970,181377,306451,777798,22.143084
1418,262933,92cc7ee00282165535ae840a2d21908b6461a51857774a30e75b9f8a5d17d4a5,262933,788655,995305,21.505726
1419,818797,82b3b71ae34dbe547387c8ec314b21ac2b239185b49a517fb11addbaca4b1dc7,818797,821017,74743,26.550894
1420,162905,b4ae4b445ddc0268bea73597754d2e22b75031223e81b4abfa97d5a7f19dd6c8,162905,444866,40965,25.38466
1421,623454,2e73bec83adff6754a5fd4f2b90de8705ccff6158aa3c3c23e107651c60167da,623454,957101,208305,14.256509
1422,66271,f4a1d35cd50f24b0291b0dc957a7c44a65890d19c8969d238e5144f238f8d568,66271,297726,641010,17.934921
1423,880281,f42776c63fc601be4d24088a4d0bc4276903af79dab8693f1e5acf2b43580251,880281,769730,808131,23.970095
1424,813146,fc8dd3c0997f2c5100523d08697d2138240dc4d9b457f57930c8e8208ab3092f,813146,884484,850501,24.838144
1425,660407,82f149670d3a981f15e12414ba59680ab926cbe215cab0d80371f7907298bd29,660407,377200,182920,19.663372
1426,917485,f6d6eced03ef1e5a96d13a5b7c091857ca45d5b1f7e1180c370e675f7fd80e58,917485,94427,445767,15.733576
1427,997747,134c506312e8db2ad65d44ce4c6ddadc687c170faef6b1503bc434215caf82af,997747,539899,499885,20.837723
1428,944457,6c44cb35020ac59c45f2f9b5a08ddd2effd16194ae66cbb80c128b43787f6639,944457,681251,580106,11.13481
1429,764778,61821a9c03e4588191327cc8a45159cae3f0e7c611e79cc2700c5cb934b0f06f,764778,381232,565111,13.771897
1430,693315,286924de398836740436bcd9770aaf8c5f6b7959691a03ec12b22babc0001367,693315,337177,958450,16.291365
1431,273211,3699e8993eb91b0e1446e819121b3f1bf6d19245ce5b01e8a00aab6e8e84bd53,273211,409605,601654,6.6571302
1432,774638,db6503ea58537a650f6c011c650bd4ba237d1395aea686c2e6c86f846da083b8,774638,276832,288810,14.089228
1433,278091,a74d34fb3abb35e25cdb3d1ff3f4009417a8e46eee13148180d164a8c98d5117,278091,787728,605085,20.631308
1434,574464,46cea52f4f78b1e6fa41ca63fff386cfe0917990e05d7d01ff836a8f0ecbe9c2,574464,969486,982364,25.414738
1435,925267,dae341a480434d5e4a48b7dc5790d5b39d6bed33de1e0d6eba1b80d3edc88788,925267,497673,574930,16.620234
1436,901521,5d79d3b5f91718365b46437455489ff753a99d97e4a9ccee3a295ca8e14c952d,901521,759832,364468,22.107643
1437,912173,9da8fbace04b406908a40e763af2d600819e5c843bcdae94edd99a5548b6dd4f,912173,467285,899600,17.838896
1438,567054,7a8d3c1a9d6adade676fab09d720acbfcde7ce850dbc327da8054b49184b9f45,567054,790030,300856,20.268011
1439,828030,46a758c2a00b764f98459466f1d866e3dc414c8c9999c84110e5fd300cdc99fb,828030,123550,193885,28.581926
1440,929008,11cf4826a024d296ac4611a033ea2267ea0c3350b21ac1115234537a0e1f6104,929008,376305,462721,23.38253
1441,402108,98a2b8ca665dd3baa4c4de1f80bfe8279006df1e20955eb31bb8f80f8b747d03,402108,558208,372994,20.398178
1442,40972,9063483bccfcbe8ac39dd7bbcaa4cd09249fe00d91a21ce80e0a419f1f564751,40972,336787,308346,20.136446
1443,321961,0f7041c0f1c03aca8e1960ecd5b67de181c2eeb1dc45b60172ec81269f4bc9f7,321961,689071,961151,21.459028
1444,114604,2ae6223bb2c2e93c2d5a15afe8d9f6a6ff8cf3f8f8561d897595791222ba71cf,114604,103379,312488,19.692596
1445,579633,b4cdbd724af452effbffbac8753e89b197ba789a46f6f5edbd728bf53d06566f,579633,855230,586736,13.735361
1446,353785,b4c7485bb6a82db87f2f39bd755fec7a163a1dae4d9953484bd84a7fa6fb428c,353785,622982,449884,19.605276
1447,635736,29343c988881d84262385830bdd2dc9c9db35120e5ef4213226de03d553f5504,635736,151475,552188,23.164562
1448,907409,9a63d3485144e39d64028b2783cfdd2bf95913ba83d3fc7c0bdc4da450218c7d,907409,515486,925380,28.668434
1449,603034,030c19ff83be7d1991738456ab170417f025d6e8e9037b753625940aa0ffc740,603034,16279,403258,24.396845
1450,640098,130c85604b90b44b5aafdee74bed119d9a734aa8c6a4a25f6ba85ee2e13179d4,640098,608740,231513,6.998526
1451,191467,4c4dfdfcd83ca73e4fee0b8a1c58af16a1deaccbe678c9c1abb582f7f23abb5d,191467,657856,133659,21.19417
1452,395352,30f718e05c883da4c7c0c2a3fc22a1dde33fcdbc2330cd206c0f11044708c290,395352,940065,844971,30.128424
1453,428359,956d494653e53fc5ba2e0ffc6dcc9d8311a3a78d5a69584e44bce044b44c772d,428359,988401,744890,23.927511
1454,898636,27c33e18992e7ea73febfcbea3b7fbf61515965619075d9779544fb6cf82439e,898636,67667,142282,24.194271
1455,216466,05898da69fe2a6dd890a19990542adbe1df8e46a8a51fff7329e0d7db65bd52f,216466,767044,230306,27.657177
1456,242760,d07947fc7f45a1a8563a6b42fd41337563a8f4d70d492f2ea586ecade0138605,242760,775522,287143,18.867626
1457,925852,185044072a82a6c4daacd126dcec3a4ce18b369a322d7ced8782d0509ec22121,925852,786963,38899,18.638405
1458,86060,321ceeafa92e260eb5e5864a3cd185e95931538ca794409af5398791ac40948d,86060,846949,106952,28.915758
1459,265920,9dedc8d3da9a197273cb93258f7dc1b12bb708917878409f47a0c97b414d8087,265920,390522,277388,16.40631
1460,981913,0c1dfe39129df851e1e2c0ff53c1ac401cef8ccc91d09d1a2db0b2d300af7c21,981913,163943,719863,20.394947
1461,145431,2500577c7b4e4bb18237bec21f4fcc642d2d3e9e7e1d7f147a34aef05bb85227,145431,154182,146734,11.692961
1462,218620,3249a5a09d26091f4e708c18a9363cb61b67e8c54726bebcebdeee5343f5fed6,218620,591397,749535,24.438951
1463,94971,f0ff4fe5e207f47fa364d0f593a04a5c344aa61e3f3c8f1ccc795e39653df5e6,94971,47116,216021,23.50957
1464,184633,ed85fb6c3c3d83c31aaf0c5480b59a312f649dd378caf1e9f6d3c2a2a2dbb0ba,184633,954764,775140,13.756968
1465,933603,73a045a4ada65c57ba90c0f7195a3d5699c82a43e707e4e8b3c8b600b5bccb25,933603,848058,746509,23.717094
1466,780646,5e9cb282656779ff7b93dbf448751a40d32b1dcc105aeb7fcdc3346b6761ca28,780646,236933,329325,24.52152
1467,459152,1fb3f7be4943bac17a24894786b6ae01596ea5738615163fec172755d84e8970,459152,877947,58416,25.819168
1468,409019,3bbe72ad1244e7ded7a196a62aa2a86bd24d47493f79bca0645fdff70313cf23,409019,854589,143446,20.361788
1469,98928,275a13876954a058cee589ac33f5f580a99fb8975da587998a4531cbd45b0e77,98928,296031,316904,26.558718
1470,213005,83659db3eb2d4eadd88489b2009fa22e5d3e956884389f83a42786cc12884fc5,213005,333649,762904,15.909607
1471,312343,f5963d9f9633fc77d58ef4493de40b2d1a4b35a12ec51d7e21c57abace1aefc3,312343,274014,487823,8.649959
1472,87899,ad0a244610627e48144216d3c68c2e223cec9b08aaa8c77cd63817ad9e4cf1a8,87899,739529,21526,11.279957
1473,749101,bb46b346e3d789621e0a3ee5a6feb27ab7f300119b9a2d01e72e3c16ddccdeb7,749101,345317,772147,22.826563
1474,555640,9964969284f61aea743ee39a56f01de23324a61bfc783806a638cc61bd80ab9e,555640,591101,533913,24.87869
1475,20212,2e5a56ad2c2a3f5afeaa9d7e952b3faaba4dbd1b777141bfa0afcb572f30ac2f,20212,630805,64603,18.899466
1476,300817,fb462f3ff482a2676b4514d8dcb03acc3c805912239a7fe50d6c828e3e30fec8,300817,307220,39705,15.7237425
1477,661334,4ad91b34c69cbb1b6240000526182ee1015a3a21a9ced31027d958a6abaf1698,661334,582919,859010,14.31485
1478,135966,f948aa00a16faa035ccdb4f63acffa15b7d507ec34786ea0166e8ce56502045f,135966,6437,989385,23.081072
1479,69960,ef1838d130f2742094e93d6ee5a424840f1fbbfc4f273db5e819c387983ae21c,69960,719028,251896,18.30117
1480,421190,3ba3ce49f33aadcfe931b2dcfe2a2ac5f1f70626b9cf5afadfa8b88660d8fff2,421190,374261,404178,28.833956
1481,896911,40a5163384f871f74c3505b84a3ad96cb4a8f081234fe1ce6317c8bb8862920b,896911,158981,526173,26.706236
1482,230151,7034cefd6b0bd732d1fbe137b93e2b06ffdc010b994fb79cf05128b4519c18bf,230151,931424,535934,28.197996
1483,954265,18c244c24806415637c9a690ac9711c0308b396bf8f09bdf4c1fd8e2e2523548,954265,677161,687037,22.984045
1484,877514,7c3c1e7ac4be762102bd5f6d7bf622b4e36282d9f6042e9bbde775a5691abcd2,877514,157008,52581,16.787737
1485,67325,a542c9d30dee1019631841c7594e73b5f51a7268a8ff4aa58316214744fe32da,67325,713111,956205,21.316648
1486,589874,d0b4c3c36ac97c333ba5887907b936debc4aba76012362670fb2ea4f2f7531cb,589874,150778,757304,18.602722
1487,655665,a7ae0c55f2a76731af61958a5d8938f3612a3bf2ce35f7ff842ce1790e71846d,655665,739717,400421,16.231386
1488,238328,cf6af9296b5e4371d022d3b2566ab4f7e444ccc249f54249e2c95d9f5d5b4150,238328,743850,117921,9.855555
1489,804633,46409e24614c5b9863b8b805dc902b5e1db7e6f4b7a4707f092300e3dd288aff,804633,298589,949955,22.833382
1490,714001,a68676fed3fb163df9cdbf31e3cb24bd939537f97c843a054e04a3fc60b1cb49,714001,55966,723907,16.724443
1491,18233,c8fff9d9e21bc79ec0227cbe840725f2fe2da8add9e48cdf46af38c6082caa1c,18233,958450,87317,23.838911
1492,768780,c3a9baab8a0580572676b62303c55a6c6114677085b2cac1d3f012dc0b56c09b,768780,396550,753573,21.414454
1493,288371,84fb848d1dd95f97a1df84541bedc298c1bb42d2507f69e78a588071091c7e88,288371,602932,145249,15.731578
1494,731255,01f7eea52e597ca1cc0ec354cb2934d53e730ab9b8dc8848a801954b6efe68d4,731255,674415,105844,23.50551
1495,633256,e7ad75782671bb4244fda7f0f0001f928ebad30028c5ddbd6f89e45dc9dc9a60,633256,34420,505651,22.9089
1496,657856,fe55f88d006493d532a16bd3e34ea1c45342b8344aefdd1f1a27b02f3d84f000,657856,795007,746052,26.063133
1497,13479,084f7de6d4f6cd48d7155117d142d987ceb7828d2d2e37ded14bccfc7623316e,13479,888180,708771,19.526844
1498,95189,69eefcb309e4dc49f6d1c2524c91699573dd8421a424fa696db93716a41e08f2,95189,14494,213491,22.245752
1499,856918,5a2b9f886a9c1f9fd77b346977ce46fe71c4632603ab91d4db4d357c320cd04a,856918,431102,413946,17.50976
1500,478914,27e79a407cc8898cf6333a5e16dfc9713ae33101f9e4e87cdb4f034e911d79a6,478914,341181,442645,22.38118
1501,502755,1dc11fd5aff838d8570a899776bf23e0f0f758df5decb75c427a588b7de32dac,502755,933119,552461,20.394304
1502,49467,37b07d0f681797e4ee10e388318c82d034868349ce444c7ada9f7afefcdd2ae2,49467,762193,157205,15.422267
1503,490795,0972154d2f674be1b2952688876fd18f04febdad0e953beb7ac43d58ecb26d6e,490795,586278,769572,12.638549
1504,696980,3e9b0680b7e1fea0852e8c7e25a71ca200ceebbb08da90036dc002779c6b94bf,696980,257066,24827,19.316772
1505,770556,f14931dfaa37fcfc303f33582e1204c8424c30cd8edef5a92e952c84e7a4fd17,770556,891682,317223,17.746128
1506,412746,c981617ecf970a09abbb1127df70b5177ad187d56816dc73117c0238fe9eefc2,412746,169568,507205,23.863253
1507,307220,f943e53d78e0f7a8b07fb8f7f8725f702ae2509f4acee9d1af6db5755e376908,307220,712855,473464,16.601215
1508,291598,bc2514d1cacf8ea0ef755abcbb16382eb0860b79d4a132c316e8ec4d87daade1,291598,181941,396206,16.050922
1509,540957,1fff55d32d0776b7d44420e04ac0e4a70075c5e18796b8864102d6d11a77e8f0,540957,152842,165632,21.973003
1510,352424,94a594c2faaeb5bc2db67e45e51fef51f0c3d355b57c23b4251e266a9718bee2,352424,478824,248873,28.59145
1511,364682,4dfd5f32c9be76a4f8ac3c2b0ad479e3a5e24c593713db41c310b5fb18ca6ec5,364682,780598,623587,15.810108
1512,58684,4293a41ef12015d926d0a095b8a3b73c28bde28e0cecf56bcdc380354c5c51ff,58684,69600,245772,14.964268
1513,891682,45af6b8e7b06cfe3952183e9815d9de80a0ec3fb3f81e859b72031f9da7cfc6d,891682,351523,817265,15.352022
1514,829734,e242654f794f1dd226aa8cc5bb12b119279be0e3dcdd69b85ebcabd062aac87d,829734,268574,402810,21.431213
1515,608245,51dfdaddbf78636b47141ae048de9ed8defce719cb58b69b4967b1a1fccee28f,608245,681761,36533,15.470715
1516,798637,472d4a02f6dc3cf93d2140b2228764ac2c3acf11d8505a294661946fd2b4d1e7,798637,74931,796592,23.89154
1517,340422,ee8408084625c97bb9766dd4429314fdde8c6789b1358c145d33663d763c0c47,340422,365344,519353,14.370193
1518,239180,0b85b4360a45054f157e2377a3dd7efb9de0a8ee55be484d0892a667462c5df6,239180,833587,945651,10.923685
1519,746070,dda4a87a7ad069c50f4fb9e9895b64f3285e677ac7d0806c844720bfc03bfda2,746070,662918,808131,19.32196
1520,961443,2cc2025dcf94352c61e85f665f62d141a5b5ea7362ec46c04f8997a06f23e777,961443,301519,895255,15.297893
1521,949495,2eecb2c895bf3d2e22a0ce6cd4c432b434b7cc327fef0dd17d11e2dd6c72cba6,949495,887183,27227,36.000942
1522,878128,7e34b01a2f091b6fceb10f5c82a9919c6aebbd3dc32ae3d6a4d45932a728e087,878128,144918,929490,19.45571
1523,968789,39bf12196ed895987b41e5a93c2f450942d0cd5bf5842cfea66edb70ecfc74b8,968789,908355,970498,11.931813
1524,462013,a2788d5080f43808efcd3679c62c84ef7e9bc887ff4c9c41159302aff1b4f158,462013,751413,485125,21.314762
1525,410973,37ce3651973025130e91c5ea3ee67cc2a3c7d6026f0ae9af5989a3d432bf60b5,410973,125183,971971,24.37584
1526,912303,6dd6787f3241b898640b0cff119f19a4d70f9c7516e220a13727bfc3da032761,912303,840135,247704,29.050543
1527,712855,7b792285359b654203a68544e94710c30077bf9dda4d71c262592620f0ac9045,712855,459390,464771,18.580618
1528,569050,9ab5bbe508c1022ef5a74d3ec5b74e417be47950cd9d771acd66c13d5c8a52e3,569050,612022,827187,20.572157
1529,769933,ca2cc50a602af74ed38c4e2d96b5fd063d66be4ef81902a1152a0b2769be5330,769933,439927,577582,20.622269
1530,76903,9a09493a8dd0787e161c352ef4ff4304f7ca5aa3b5acb8ed7c22896cb1f0bca6,76903,269993,239529,21.085571
1531,969486,c73dd6fbfc4c0309a7a76be0fb8f49c9cb463d663b9457ef49da536c6b99879f,969486,789270,275052,18.634268
1532,216876,4375ce470e2ca2dcb4b379e2e198c9019594abeb2be8b3263ae6cf722b6f732f,216876,67122,849661,20.551273
1533,482904,66ed5fd4b444d816c25bd4066c9463af4f060bcc9167f9dbcea76401160008df,482904,186332,367553,16.096706
1534,689882,5e133b3e14841cf63ff25c3161977599d7800d542e533f503f44d4a86063058f,689882,655665,31542,24.579369
1535,109699,187cb5d97b6431a2fbafdb9572976bc9072726330507a81653726b6f616e4c3d,109699,727359,176269,23.866678
1536,970360,9803ab913a30e1e72d64c2a950e537d92f64c76b70b81ade663098154b2aae05,970360,514193,555341,22.173075
1537,582079,b1184ee0147cd0aa28e431e7efa918756096dfe10a27e41b7740c01d3b3669c3,582079,58003,332610,27.310707
1538,89738,6dcc510ae37e5a9ecfaa28fa9bc53a066b0beb26d0a976ba34d648e5981c8538,89738,331749,289924,19.14468
1539,333055,1385d617eeab3128544274cd72d9883aca2282f7f450227a1e9626f0fa09f296,333055,150441,526379,28.04241
1540,846407,da2ab4c6c72e90ed592b05c71c8b9d30acb44d5aefbd8a37917d78ce31ab4688,846407,567054,280937,24.443869
1541,775780,b5e51f5e7ebcf851de1054b3277e12905710f1968583fcc7d51310955f1a64cc,775780,314643,500330,21.407139
1542,521536,a1615ce9fb40877e2a4d25d9dde5c5d89ee31ac377deb0f1b0c98deda1109d64,521536,895323,898446,16.702467
1543,962926,db602e77e777490a73fb1439c8a42fed45b9b9c00456a897a6b10541a84d4232,962926,197804,479275,14.349697
1544,381232,b800a757b338d4260395e4e841c7a1276456c5061ac5d52c610644b919d26b6c,381232,524874,143368,15.32384
1545,767729,d8959f52d71e6df4097f93c3e5b4672ed759ff8fcf5627200c3445a079bd17ed,767729,310569,875439,19.519115
1546,347545,3b0f2dabc67c2e13170ddf2fd06c8027a00b4fda6d2773ecfb2244a1ce58507e,347545,618594,244685,22.64296
1547,102408,011d4cc5f275c8187c0a80f9578a0b29ff4943f64085e6c5d6e83404a302cc8a,102408,456897,759344,20.757084
1548,612022,13eb179a6a219acce6283569a695f8ff86835fa42c5908c6f64b48919e850447,612022,20212,416825,10.521404
1549,807351,33f33a22bf925c3317a4f4f1457d35358db75246dc172266a72d43dfc0bffc5c,807351,181377,463979,23.50442
1550,447271,e3c46768f376bea6beff551a64a0745fd13b4db74fb5548dd4ece1d6d8ee0bae,447271,607451,132472,15.5942545
1551,183902,d27c8711bfef1e292a366985d220df9ba6582c59142ad29961c30b54317a50cf,183902,820931,247045,16.3142
1552,940151,87f19a9f1111344957ca5151adbccb74c06a03775fc92bcc2941c9120cd62aac,940151,521708,768780,23.266336
1553,877293,4b11c3974e4738a90d6f0ecb497a0f5dad94199d236e260029a60cb103e3fef1,877293,98051,852152,17.40684
1554,706895,06237211a83b3adb35c11dcfc90867648b54a21c1169449067e7ecc49986d53e,706895,227633,72510,23.135586
1555,655516,ef91aa37005c20fee8eca89936f5e7a5956345540639de3fe66476c5c9ef1010,655516,309287,288387,24.571892
1556,591397,b91e569f9df563cadfabf0d9208138e924332347adfc63e9ab5fa9b14f6d2afa,591397,583933,524388,16.140398
1557,763637,2218012daca9d89400bc51651b35462a1bfd2e0684dc34835b1f29b65979c944,763637,693383,200405,21.856253
1558,144918,ca9c2ea6ad5ad5e8708b0cee75323d4dee466921049f71181e3981d758e8b244,144918,144455,475494,15.172422
1559,97482,0aa58acac01e83bd21b1a9e6226512aa2c9675a0cec8ab7a42b415c6460c2acd,97482,170509,410238,18.692709
1560,854589,ba8b327e0a4ad090c9ae0fac7a8ae2165bff240bfb9da028293e497360404fb3,854589,785364,568419,23.841301
1561,471802,b90c34b2a50a20357fe89b08e7f3a926915081b53ffb4c08d7a1ebf93f50def9,471802,745989,486732,22.989061
1562,373385,485c01e8683c162b78575823dc54b9b2179b3490fcc877cf0b7624fba4292b9a,373385,551966,525280,18.60871
1563,804996,94c9f0737b8e1f569b6de5f50c68b47ce94e3e9d31e66889ce71c2fb38ac29e1,804996,230960,274840,23.872648
1564,666613,264af63772a54962f0416d48c554ed024750d9a05226ee69527a732fc33b3731,666613,817176,346350,22.07441
1565,643028,629d247df94681ecb1f4912f2b7a20e35d49b30d9a39a666cb7563780f7a8251,643028,170600,634906,20.040487
1566,989139,d5a13c6f33e9d4481833258ce4feedffb6bf3da3bfca56796df3ebf8145052b0,989139,880604,778114,26.869076
1567,318061,f23e8193586503dec51fdc8c376d7014c227112ffcec8674854155a408a3948b,318061,887196,226339,16.882694
1568,241683,afe266c98c0b384d538913ca68baeb92e6ac383d24081c808e1e25b50bf30128,241683,623987,322014,12.11386
1569,560654,d44e0be0f4fb9ab6a1696e289effffac8695ede1fe34b820b96cbffbd670f0d1,560654,488698,909784,25.162966
1570,548878,4f09e5b2841bb2c02fd6b62d35b26ecc3523f8a4bac076e39510781625262bdb,548878,47869,742128,33.34649
1571,488698,7cdd1d4d7a3dbd371e1ce6da9c2c89a833a74c3b281c2bac20768ed7e4b4aadf,488698,567047,823131,27.193565
1572,25579,7b364ac0564522cf798e72f48bb39a5689238135e99c21065160362442b24367,25579,73465,734091,19.851162
1573,891627,e1baa94678250c80f38747149ffc025458f8c36ebdc5eaa3b9f6bc560d8f9d3b,891627,763637,543243,15.349035
1574,254048,887050b0ddccd67e06956c88b9f5f2227307b1e0de8757603a952388b4c2c1e2,254048,136284,940550,10.435704
1575,196533,45a172c2f5e0d17cdefb279a518beade38d97334840e7e17c99cc3d0474a8bbe,196533,713761,147427,20.785477
1576,248873,a1cfc824547fa85caa8019b81adf803e7101cd99b92cd0092878c7545b6a5fb3,248873,332859,321328,25.57576
1577,814031,957680bb7aba77ed8f69b3d56451df236335274b3ce1d3b388865e12363371db,814031,199013,120613,24.640635
1578,974695,cc7c763ce0dc97be439fed67dc5b95e72b358e201175a9b4ab58c98c8ee129a4,974695,341752,332767,23.857487
1579,486064,a8d104d42779604874df503c53fd0f75210df0015d522b624fa161e43451eec9,486064,32368,190670,20.035038
1580,110385,6021dee318b1ec069d3aadcba2212f83597bf43822118c91a7a075031eb98271,110385,720408,848922,29.389208
1581,932782,458b636c3c9df54f33c336e062140f6830f45499c8af434e6027b46be80fe203,932782,10365,884292,18.7136
1582,378784,ca81f3004829216a8dcecaedc1972b087906b7edaec213c7db4af039da8dbdfc,378784,700198,367553,17.797989
1583,257066,2631533774144ee63aa36d5dd6834b11bf5a2cfb479a727d3c0b49afb5506de9,257066,816198,722761,16.470758
1584,421441,339bc463aa6eb983764eaeeb7b9e89a2218b3afea1f035ebb6fc836249bdb609,421441,453812,74251,30.055256
1585,801064,8a44e2e92e3b1f501a7228aeaf2fe8b02a94eb5c4bf647f959b651f75782cf73,801064,163640,803133,10.745059
1586,624007,49efac890dda81cc471c6916b74d044fa010f1002bd029995707960c470d0965,624007,676922,340422,18.584616
1587,791631,9c5b75584d48759eda7a61eb4ce89a9260e1e95d35d7b1cbd8b068d70650a3e3,791631,939809,848234,15.825672
1588,726281,df5121559a7aaf0f5a1647829e7a57e8d6ed6653746ceea2baac7c9fc8576af9,726281,579631,262143,18.062784
1589,163943,5b43956eae51ce88b61aa474313cea38eee2ff3586289853c425b473d2d56e63,163943,697806,511834,22.235764
1590,628181,81ff961737b5288ddbaf00ff5fc28735c87d484af8b88199f1672cff3214dbb1,628181,715932,786295,12.709273
1591,769730,c287989684a2d5e42097cf329830e9080a661287e57fe339fba2b1a93c41bd58,769730,192592,109629,30.290787
1592,439927,11fe5d4e1a9a95e829af391bf402e3dd00352ea8e399a262a9b05fa19352f0da,439927,317211,229117,20.284367
1593,770925,86fdb10168c9652247414ab5375f0768e0f42473d5b2f0614a67ded1811da3ff,770925,291291,626014,19.08335
1594,831524,b2ee6b68da400171da23ddd5a972fa11bdc473451c701cbbe06650aad1640035,831524,220819,275052,13.765439
1595,405296,23c4155e0847a294eef6d337a7750e5b72f82246eac0864ee003b2e4707c2313,405296,241784,316785,22.822609
1596,769043,86c07705b36f31fbe6aa347a26d34a8872e83cb8e03c58aee5651e7a1fd94e15,769043,970237,954035,22.999823
1597,767807,3fe04415b91e5419d068a9107f7c7d1b312ce53c9e258a0ef2cba681fb0d142b,767807,797636,130565,1.9822824
1598,463644,f81ee064e467c87644d98b70b097ecf8b20a1c796d6e5aeeff027f0c380d6134,463644,100400,319702,21.393791
1599,882028,f9782203aff325a8e9c642ee1e13ac287b70e38ea7e88a1b75aafab4d586e898,882028,582614,522792,20.50655
1600,683975,2edbfd999980b2c0c0999479b5870e7c8ac7f6a8375776547109cc43541c9a96,683975,984132,994295,20.367666
1601,499911,b5d2405a5dde1973324a8af4fdf5280bb95a3108a6437289cb18081a298e0faa,499911,35900,981992,22.556797
1602,498102,2bf93d7f732b4a9409a126e0ba361faa0a4307b833f9d6a12210bbd40da2573a,498102,640679,564365,11.971157
1603,258527,42e1c6633a2a3744e10664ebabae8dd1cbbce2591860d5c5cf74f9d09f175eb7,258527,409126,619958,21.949171
1604,630106,b521189e15535ca5b02a4fa02c2b1b5f36fe05f1fe36a371286828b1bdda6d63,630106,648253,166155,13.32622
1605,262143,4594f94e7f96c2f9e037341753da92f6a2368694316109295f4cd0a313cc39a4,262143,70320,726281,18.062784
1606,182457,4158c28b7a2e4325c12d5b25b635033e18f62ce7778fb8f90b69745976680da4,182457,351064,988325,19.643839
1607,522074,31727f56155cfe989bdc9827fca556ea6e587d0e597f2ecde16bb00e3023e321,522074,469651,94381,16.332527
1608,535371,2cacf4df7da60bf5b4d6fdca753fce1c48f8be974a62d730ce1fa352050b5089,535371,724096,984259,27.824305
1609,34616,04459e8ea4d3bbfaf3804a2f13edec9a23f5605be6a734d656baae45b23e6f61,34616,94891,771561,18.043827
1610,233549,06d360e28006e1a64b1238d32849edc5f60eb181abc9619b55b104c8ff7d11e6,233549,714552,237759,12.585072
1611,610274,850bb585f78c5e2ba85fbb6c7a03c6b67f9fba0efd48ca1620e2fbce0fa4b3f3,610274,211277,70395,25.854738
1612,351840,f079a69b0ea28c431dfa337f4891cec678d131aeb2533bd8eeded40a8eac7de9,351840,961250,763264,10.676232
1613,833888,9befd4b18d10f5d0cf362d86861cd4e597411e21a8eceaacbff5851bc59b0cbe,833888,991061,964400,22.375294
1614,144101,2c00fd1e9ebb255226c9b5cc6950985c515278452255a517b033abc430376d08,144101,27617,27251,9.639745
1615,878765,be7baff9bc5362d190a411eeb8945e2c017d3ffd42d93d65688f44b143a2cb2c,878765,98081,305147,20.802118
1616,907744,da932580ee3f1abdf9cd26ef8c83ffcb5b8ccebcc1eee44b244f2b88f053cce6,907744,110385,198180,27.302612
1617,409126,12f038f838a9d3c0e0c573c5f6b1aacc026510666002806404eaccc866780c5a,409126,898976,805867,20.873295
1618,560949,35fa585d8b6e367502be10a35555aff40c4f3b8f966dbb86e02ae68c65348374,560949,304863,691473,26.146751
1619,98051,3c1beec10404ff72d2a877bb1f210f02347600b4650f3e7475d5a4eaae248cec,98051,274907,101094,21.972004
1620,271300,ef709ab680643c216df8ba1493cc89985d0fed472959efba5c042e27a3af577b,271300,200405,136121,27.076944
1621,761568,e6c8ab74adcbfd5474d0a7f7a02300edde67fe63d3a9a46b36ea326bcbe38b39,761568,544279,649163,23.869272
1622,200739,3edc4d2787e6091f5af8f7c90938fa8af4d9662345cf025a564d578d3022d8d9,200739,104074,599891,26.020756
1623,713111,7aa3b3e495ac3fd4f923248bb52d7a62b77ce76f7aeb326d554b197bf71b2ccc,713111,445888,56913,19.306223
1624,55966,f8343a1dafd770e447a7ccf0051afc88708ce8e4cd924e754e2e9ad2d4201d1c,55966,277631,86979,26.738758
1625,732495,1ba6983bed74b3bd387cce802edb4b9e1573e6565072e369f1bb6049176762f0,732495,63553,872023,22.537539
1626,939055,d2f9d4dc8df335d355e28586aadaa69e6f599c44180ba890d45eb04c0984ffb3,939055,176279,493964,11.476964
1627,815381,79cc27846255f020c2817cf5f08a14b1876606ac8918be74357ac7854470c274,815381,542264,815293,26.449604
1628,361927,b91c8ee8dde49b167fc0cf5d5289ff49cd2b6ebeb2340a11a460e3f7f18b5d9a,361927,195175,851935,16.960533
1629,736032,04544cd5b673ace1db3fb5819ac6e6fde7192c9b40d8a12d5afd436f66b90829,736032,966515,403872,21.973967
1630,276824,273777116925bed22303bf79bce73a07a5d3d252aef4300e33b1b77c5b577be0,276824,12454,187763,22.159826
1631,125183,466944f0de17536317da08b7298123a0de64c7f9208c76acc50bbc2dc0924d7d,125183,602822,974960,24.701939
1632,685537,837a97531fe00732deaa5a58f6372eb264d5edb02c2305617405d3e56af89e7f,685537,968987,915381,25.412148
1633,483758,c9ae7e1d729438cc3adf0c32c1b42a7c4458214ba715285845114488b7ffd1db,483758,238892,707733,18.956629
1634,968406,410bf117b2eda734cdabdf88b9327a6b1dca08de6b704d526d5d05e2c1db15ac,968406,299752,962456,22.815748
1635,102897,26bdeb12f120c1c05e8c697dcddd9d91f26c2480fc46134653d1f0dbb9a40023,102897,280972,431204,18.314943
1636,70247,a6a7c45132951e03c634047939cf00df7912d60a2cbad8fd8162005ce71a9e31,70247,754640,832096,24.7355
1637,676922,ee4448fc2cb4196750e3afb77eac6ffc0c2bf65d283bb6954519fecc357c42dc,676922,956742,241352,15.125787
1638,313175,ced3f35986700138ca278e8f9629c91f1b0a49ac8daf09090d10a7b18e4da32d,313175,230620,263435,19.78803
1639,237461,25caff294f4c4623b2029e9d97793f1bd4f74e2dccae4ce67e5cbaf8131c4b71,237461,607367,964500,21.087725
1640,291901,a53ecdbd2dfb53ff76a4585ec8db4a630715f7393f62940814882434f6c42140,291901,277856,779401,15.312707
1641,697101,a92ccca2aca9a2bf1e90ecf9ddceb356e97ecbf031ce4d745f5c8bcd0e79b45e,697101,372283,709740,23.263489
1642,50595,94b30b3ce0a97c0b0f16069a9fffb40011a9ba04cc2635eae205c0460892a3a8,50595,443037,526299,29.018064
1643,304761,92b7da0dc353b5661341760fd2e10736a223341245da28f9755bf52fe6452a9f,304761,856830,927743,24.004444
1644,973340,af0fbc1576d720957eb84cbb6885763e5e65ddea2aba38aaef26e017bd40fe03,973340,279425,650626,22.753149
1645,626489,bafda2a4225a7bc031403a432589d651c1d64ef067203176b7f5339e2f817efa,626489,402108,333619,21.138199
1646,482109,b91279c5034ae210dec0f7a19fe6d66e205f951f5593c78b037a7de6e39cbdbb,482109,440133,434631,26.203613
1647,480491,36d02fea58e5f8567779a6bdd4956d41878f1093ab33f175e0db62bad37e84f0,480491,808707,523104,14.587944
1648,212741,1c4cd3046a4209d33638a40ead734b10ab23c9b03de87284d9880cb4d2a03af9,212741,982121,343431,23.821936
1649,214608,8c507988a4c5913e9f6db8694e462fb7bb79827759538f1737f33c8b8da2ece2,214608,452901,660229,20.124939
1650,518149,50b4ad8f794b016c0537592d354d26f4fd77b06dc7da7f0643e4172c4e787a38,518149,18595,31089,14.248968
1651,862295,af32ae80a7e9b04b0e5f3db82809e2f543d48f8f7cf867438b9b192b82f7c86a,862295,670661,309963,25.881863
1652,289457,fc6335ac1876316be52e477bef3410c955428288373e94ec1cbe1a58f787a98a,289457,151834,994827,13.581891
1653,310825,35a695fdaa170ce74a1a9ccf59d52d6a980fd2fea3c2fd18a46fc0e051aa1d44,310825,113370,3241,17.178009
1654,32520,b7456d1a32b0324c4ed72af3aa37bf487e188d835a411a2414859d38baac959d,32520,77867,200649,19.20406
1655,887087,9611dee47736d4932861e4d19708d5ddb62f6cade92e8c360383fb96b130b9eb,887087,640098,38899,18.675123
1656,157416,5f2aecc6ef1b0e6422b21734aa3c0f9070839ab25f9a9e3d25ce8e712510e5a3,157416,661825,73033,20.39647
1657,299621,37e524da632649499a9c411bbfab5f62b6de8cb004a911dbd260cdcbf5949c33,299621,53235,991158,18.479326
1658,892740,29055da7a3100ae21e7b588d923c14acd0363e37595ef6b41fecdb620046a742,892740,954265,452514,19.596638
1659,635621,d8fc914a4b2590112610be34a934b8ef6a7e97cec3207e5b28f4fab5ef1a19e0,635621,605442,626083,21.148985
1660,538124,376ad2ee56fe27bf897f040067067c2109384f86b372cd622b7978e199b45a8c,538124,951542,120193,30.737
1661,700198,d286291c5482441996956c8fbf6ab00a1361cf9e4f2b2a85164500c6c880f245,700198,629615,172130,23.450985
1662,747897,f95c80e509bcee10267c8254c5e86262dd54ac170adaec173335a6fa999b4f41,747897,18081,265783,21.036066
1663,866837,eaba47cae4f1ed51ba853cf222104400138308dd47d4b22f324c67bb43a94b73,866837,610787,679661,18.704906
1664,644274,ed5dafeae7cc7d776b876036882b08768770b29b426085ecff15d191db408464,644274,42842,42908,13.213647
1665,812942,817326e87b41150857542fbc66d52a4ad4e98b9666f4a46eec275046e951935e,812942,393310,815966,23.35579
1666,459139,9db4a5668f7385d25a8bc5de67d35846bf13b95286f4eb219e21617a31741460,459139,929443,151652,23.755089
1667,899443,5629392d466e978468919f3270ce1d761b0f4704f537710bcfd9cb6b33b26196,899443,575257,646805,26.651354
1668,545231,7dfdd197abcc07da815f5c8461e5fcce73f86024395b3c0a6af9d0965bbc3dd7,545231,795286,499848,17.68454
1669,767044,8957dc1f6e54bc04b7d5fd4e543a7f6907a809ddb78985ed146f9e635270738d,767044,698284,503705,20.152277
1670,627367,a8f3e7abe0934686e4fcded72c07931123db3daa44a843b3e896eb9473f6377c,627367,971224,704755,18.194576
1671,192592,99bd4b07c9c1790436324dc50225daa4b69c058f22ee5359413201ba32d5a229,192592,867656,381176,10.62608
1672,376597,3575b727e73d0e329f61ca17150c51f3208df28093a48cf2f43db6c4655c3a2c,376597,509474,500145,18.937723
1673,398171,41d7b602d6b3b15b14cc3516c48ee0e31b7e7753a15db8169bf385e26c75f980,398171,25140,123496,30.54403
1674,17742,787f18e7bf6bc5f3178bd87512e1ffd3850f793d4c0bbe4e12c297429a5c74de,17742,728162,225614,16.61944
1675,543860,96def38d3a5d352f8004f273270d16de885bae32ef68d9d2966b57c57daa2f33,543860,757098,31076,24.30663
1676,558208,a4d802f341ae4362519b14e908aee8c5f7c6e5fa8da7e2388e31f349fe553f22,558208,578255,861529,18.530289
1677,662918,7e60e55b6ad4ba198d84461e58e36a717b595c7df35e0651e01148e18dc38443,662918,756066,552856,14.040617
1678,374261,3d30cfa8921b007ac9c2a15098e8b667b228d0d0ecb0c9ec564397469f62cec7,374261,112376,556510,18.329817
1679,825583,23b3a13d6a98ab625bd5a821bd7498feb5b784b8bbf70bdbdc8edec924d68932,825583,958293,595079,24.65469
1680,864430,4fc0614dd350c5e8dcf07a46f55d7f4f667cfc55f5079a977c27f615a489d361,864430,25579,179780,16.082186
1681,910341,49b5a0527fed34cb9794e88f3bcda8e36d2828e850456cfe6b74d10a9838b62a,910341,865605,509474,18.534088
1682,182865,64555923c68697fe317305ada1645b6985a7c85fc6ae583f6fc618f3d093a1ff,182865,547832,267679,24.38276
1683,41077,6bb46f9c1c84014c6ca7cd1a61042c71df8321180fb3c87118ffb424661ea807,41077,256116,899193,26.825472
1684,759832,65a98a224d167d181b8293f3641453f171a03c2bb32d9f4de2c23ab5c7e6f07e,759832,864706,716442,24.083479
1685,299752,c562dd619579c7d3b6223142d048139ed7b954aa0c99fa0a13480a968d86b174,299752,60408,612022,20.62829
1686,353178,10a7f4baba8c69a6b112d4633948d75a50bbbbfe78afb88d0827f0c9cb1b1d13,353178,483758,769305,22.30335
1687,330545,e55d14369eb6a72d6d57d95ad99d316b342c511ae6d847f4a1c763bf9ae05c28,330545,825946,300817,26.79667
1688,402317,642a5d60be0fa929c229a5bbd4c89716e070d03a3ff5d22de5ade33d2fb19190,402317,995608,353606,19.13075
1689,80989,f1f78400616569db71cbdfa38250793384ec34411ec0a634401e29d7e892f40d,80989,402317,835206,23.973415
1690,175688,3cf593dbe7c27d3594caf3a130771df92f62877c3ffcb2c9a63256d429ada79f,175688,251819,143652,23.698616
1691,373508,3840e22c3a81f113a1b436dfb5a36964378009fde14ed294e058a372106d7f4c,373508,66856,153087,16.924183
1692,620171,dd1a0481695fa4ffedf8f5b35b59a430f8c25dd286e638cb848922cc3c73b9cd,620171,427671,943762,18.90062
1693,825579,6646902f7a307d5e145180abfef34daede9ad459fdec21712f10a2fcb9f96d2a,825579,660824,149972,22.777456
1694,838768,4560e5a28184b9070fc83a2cebdd67771aa362309099f4932343bf333391379b,838768,934730,846766,20.57306
1695,536729,e426379398fdd8a0b49fec43f51fd01c233f263ad0163650caf5a8b65a32f947,536729,162598,541455,28.95681
1696,426776,79bcb904cf32a2e08f6843e283a0a624eb896791e58e964614f93223e1d1e9bc,426776,112492,291592,10.647483
1697,62440,3925389842298eb122b88f9f3c0113e49f7680a128a66c0d7752ddff4eb284ce,62440,25113,434415,14.455637
1698,594188,0a49fc3dde370b27ed79f50707a21418c548c2121cb7e2490e043242f9f69ca2,594188,690331,149899,24.904661
1699,949957,76ff5c9768876d312f3ebda540b46e782972c2d1e198f35166a476d7bebb5da8,949957,194699,792715,28.179146
1700,939637,8f14127364b71bf6dc3dc89fe9b49ff3ea1483604b6394c352732323565a8c97,939637,746070,451171,17.725101
1701,895323,012216bcf02a1ce3a00bca7ea9a766fac4ecc1efaf060ba2eb359670b88d4ea7,895323,175267,619958,21.42569
1702,249026,ace3e6fcb9d483a33e09319b270e2ad43a5f8aae5b9bf18b37ede020adc77456,249026,383297,803303,13.233955
1703,824654,665fa627bf0455df1bb225e8b28b2c942df3fe17a728f459293229b9d9fc318d,824654,671094,609122,28.697107
1704,969233,f8937de65435a957651a32ce45eda3484820a298e5cc61f425f61e8acc365a8a,969233,685537,726080,20.16707
1705,366499,5f467156ef5035e548b4eaf6e7cf3c45008d250c6cb1ff188b96a46c7f0e0c0f,366499,824147,775740,19.9367
1706,710925,1e9cf8ebfb59cb7e627f136e14a0074b8f9c1d9da780c1ea6091af854f286fe3,710925,597223,858991,17.576044
1707,308055,a1f9fbb711ad28f69e3082e1ca65d1885cd0c338f3f1bd56ed869763e4d3f130,308055,878128,478817,11.977192
1708,496461,e7e5db8ec2070a2ecaba3d8f638b3fba29e3451b443f2c760f936c93e0169f9c,496461,574372,399729,23.080292
1709,579720,ef99356b475c9ad66ec67942bad14426538dd300fa49bc2a75de9639c129854c,579720,161254,581447,22.568262
1710,120883,22c163713342e9dc519119d6f304142cc03ce93f72592dab224e81f0135d4580,120883,925267,997387,18.478952
1711,320986,d7cf453eadc1b8380952339176be7542a28f2872a1926befc0a0a3174bf5315c,320986,200739,972646,22.582258
1712,717033,4eed316b7471cbf7d421b975ae1dcf683300df5e47f66aa96cef952bc2bfa48a,717033,676432,435344,21.954226
1713,217681,3bf1b115d7b352115da9b60bbc7cb651355342beb1cb3563ff3c49ab3c0f8b79,217681,166639,281162,28.82582
1714,656023,4e8f5c6f3ac965e9e006acae6b209ed21d59053a28356e157daec730e2266744,656023,383099,285653,13.933344
1715,548019,afbd2b557f84e7cef8eb881c108af997d36a40c6e1c64bfc431635acc47c306c,548019,8340,461904,26.150906
1716,298017,5c4009a1f31acb246c42c484660a6004ad759d8cf1faac4ac1d5a9cd4283f6c9,298017,769043,120191,26.855894
1717,77867,8c90d5e98c23d0fb87a38725fb886fe3bf04ccf081ae9fcc361dc42cda7a98b6,77867,492937,76118,19.827675
1718,27985,1f269d9be0174f149edae0fa84a0a2da99d380917f3184349cd2dfd2e25c437b,27985,638027,354923,24.317938
1719,423651,b29b9e1e0e0386190a4d23126f3c9e762da0d2cb4975a7c68ff439227621461c,423651,337649,112638,27.254452
1720,745984,7f5259d89518d22784fa4ab90f1e6c675a22edcbb440e60b5d363f2972ce7916,745984,148776,579983,13.260696
1721,146892,5283bad021c6bc56257768b6e83fb0c79882345caf6155c2f7e885730c6eb099,146892,168090,10642,13.25933
1722,463618,37193342bec46573a35d201880c064567e808b4b6b021cf22490ec7ac8d02b51,463618,241683,561611,19.514227
1723,608740,abbcc5d90350d06657255e94004b441b0811898034d13976b082db7c5b66ccb1,608740,845449,415520,27.929197
1724,785364,de7957d0d83e816d00960fa24c8baf3e73383502b320f501f0067a528852c9ff,785364,177656,55241,22.502447
1725,708478,b2f627afac026616ced5c41714efd8eee2392e5c9f573492f6c0faf535bab998,708478,887500,930660,17.75772
1726,289919,55c40e21c45b6d301ce2f5b7e4af10fd0c9c12def9e86b0e78bf13efbd9cdcd3,289919,463537,786059,28.872692
1727,411237,ff45ae2588f5191415cae0b78cd1d074b96d045e7c6766ef6412777212dc7023,411237,7165,986554,19.125435
1728,335827,f892767817fe4bf1ef9a932211887f647450949445213cb8bc010b1bbd5f8ac5,335827,65467,466215,18.545406
1729,916701,c51a395c222430862b81fdea6d864ea24fc978618270fe15fef2a712e72d202e,916701,608245,604720,19.807877
1730,696841,d777393975c12f175ada1955ed4b9bcd3a7715d2d80c2cad6596f8a4861cf1b5,696841,781604,944883,18.599596
1731,786963,2d29a357aaa09fb7b516b7fc6adbbdd139744c6b13024d74a73f9d0d868106e2,786963,818797,127790,30.823631
1732,762590,2bb1b25519822423b0771b91a35140f59fb8ecd3a2805380ac30d044c1abbd64,762590,214608,561611,21.569279
1733,853110,db6cee5556d180a7da7ce7ac71e032adc0c5385dc4a50b3ec4576fcf3bf2d397,853110,822437,480491,22.193167
1734,65529,2e1b1afe2ce519a3c5145ac367938cb798fef877daf613d2c81d93e3966d4f9c,65529,332170,776622,18.33397
1735,514206,57cbadff53470a4236f147b149ca9bb565dcd515077ca4f3f529a9f2034876a0,514206,937894,226854,23.308132
1736,719028,523d53aa769ff5ff84f00c1f83f6fc3552b35e52cf743462f7fadb54db16354b,719028,95917,234482,25.120098
1737,81443,bce60c1f20af9177c0edccc6f062b6a9265d7e25482eb4adee3e6f52d83331f3,81443,634258,448729,16.160198
1738,623987,bb226380379db5ab50b4706501119d969f35fddce76d59d0910ee7cffe2935cc,623987,70395,576758,27.303854
1739,588565,340ea146b3043e27f32263e570ff598b0f782b80b7c4f64eabeb6d7cf45be2ee,588565,710616,79971,4.5246987
1740,831763,7b90eb83dcdae0c0e60facc18d6b6ba5310bfd98f32ec03c4250c29106a47605,831763,470259,736724,25.442719
1741,675797,7e1ff54eb781f5795429b4fdcda2ed9cdf3dfbfd6380bc0b5b078a49a1d7a71d,675797,806482,674547,23.376698
1742,972920,c9e5f40f3a0d1acb9455872f9b0388f990fc26ce0e5cacf891c316e2b4086549,972920,450693,876346,19.489893
1743,681761,652eafcbe50e7d48220fd1186eb598e13ffe4edd0fecf74e068a3be32fb40834,681761,120909,318517,17.09552
1744,34479,25f663889e8a4e2fa300c8095ef37c4eb11596ab890271049efdd753ff3eecd5,34479,206298,701231,25.231743
1745,431102,9af562288b94aab33c0971720c28dd2891135c3721e16aaa282c0382cbb47fdc,431102,34136,928214,5.2937284
1746,78232,8d4367c7dec038251d55e091ec3b7a9ef2c1b0217600eb6ced2e55568dcb83df,78232,998520,629905,15.96599
1747,216280,ab34a3d4a04e2a58ee164137049d41ab3588caa438a5f774f1eddf322d17b137,216280,646707,419597,31.434835
1748,155455,b6b52eb3cc0eff44655e5c3d801d3e8a2d45dfb54d31a62074e3165c40d777af,155455,311703,409411,8.293843
1749,920228,dde9290ee7ed355de7818b852808bd3c1f6f4cce942da65a615c885d94873bec,920228,41077,692415,21.160534
1750,732052,6e51885d5fd66b08ac202114f69bfc79a761c869d162bf71124525b94ddc08a9,732052,194006,884567,18.629122
1751,306288,7cb41cac6a0a0f443cfe77ed27daf70d8d278f110792ccd0040ed7b8186f2642,306288,864430,554429,21.677755
1752,692073,b513a7a7990deeac6af7711bf4695d70be4e0b52d0027f08d209e46b36e63263,692073,507021,982280,23.40508
1753,876924,b549bb8071c6fd571f5453b39336b826ad1d82e31abe51540b5cc92604546e8a,876924,215482,155271,16.879217
1754,111950,bb954aebe8857b214244a3683c5e26c2561bb658dd29de2522588d08532bffda,111950,557651,284521,22.44102
1755,756408,921889b2f2fc2f9c3059f0c3526304cf2aed3ec1fcd15b72889ef127371a2bbf,756408,610233,363455,17.821362
1756,551715,0ddb3202846819e36ed55fbcf14ca800101bc3e6faf79c78799bf826b9da1b75,551715,97524,689991,17.645424
1757,186680,3c54b49c15d5e4d6704ebf7163f165a72e889e385affaffbf08573a4297e2fa4,186680,822469,535833,21.45235
1758,172266,90da992390bbac55616be5f21d316958621ddfe13ab4a36359937b1b0df9011a,172266,308474,931579,23.97176
1759,231139,b3f63b2857bea03681e3da7cd039ef5238cc8b8ce664ecbefff6d6e4d101866a,231139,209923,239180,22.375994
1760,845339,6d61a64e255cadb2eb00f9c55b2e6187d7ad0f7d5f2305dd7602f24a434872a3,845339,940151,994696,21.578787
1761,10866,e212b4ce160a730aa0c23abcfc6c6dfd13b3e993bb027bb5f3b2fcf0d115da51,10866,519020,837966,31.243608
1762,832208,317b31872846a0deb966dba2981addd636f4ba8bad773be70cb0f9ba7b65e9de,832208,576165,710661,18.081764
1763,937306,8a8e3e1cbbc6fb6ee9d98d06dd3c050afabc0b511c421a3883aa679244a51509,937306,712257,1762,20.820011
1764,851234,8578ee8cd92224bafc787996a2196c7d76231fc10e6641d876af99b17051d311,851234,939055,82669,19.704668
1765,342509,d4a7a0ea52fd649a5e8c23546af2aea8b36534f0292acd1b1817a2328b20e467,342509,103044,715711,16.588434
1766,617654,bed368827507df733d3e0ae504c54e8616dde7ec1fe53f87583185403de175d3,617654,951675,590421,20.127493
1767,485697,8bcde02224ba465fbb72be6405b02bdaae09b43b512b155198e200de858222ae,485697,839249,167352,20.42682
1768,458333,c1998b256af9e30a8010731200fe64cdbbffdb9d20699f87ea07d8dc8fcce471,458333,270421,129364,26.241219
1769,358786,3aca71c6931f0361a66a3e5b33a64cd1cc745c8a3c39703d77b8c835def480a1,358786,95189,524772,22.527164
1770,743815,3a1c8bbd2066fc3a36e67aa84617a0040e67d90e5745ae01f7ede747a80332b1,743815,160665,255673,14.46961
1771,607367,5c63b6d6fc2976e53c9f313a3c782b75a847d5fdafbf0a1e1c8e3092eb2c9ec2,607367,759164,131354,24.978971
1772,981417,264088046fa176d898d0d60133780dcb53dcb9bca9cbc25a8a2e6727d94e833d,981417,366625,454711,17.071533
1773,735117,0306da12e6b7199e0a2e6b82775a674a15e1750bb5aa2afb66a6db62cf28d40a,735117,971389,461107,21.103212
1774,764402,f746c138a7bdfcf663a35da39b98240e2527f067c3a4c2ba6542f3926cbf0094,764402,631711,472723,16.243584
1775,547076,ddaebb2b745f6d429589f0b1bfa4582984464c0e9144a9613ac7cf3d75dc0e90,547076,897075,722811,13.537365
1776,670931,73d3647830850f6abec4cc780159b6dc2c611fd44959f228207aa8ed36966d5d,670931,361215,354206,23.001432
1777,448088,ad5b5c21967f71f9bf6812291fde72ed9880872b29f434e286fc204ab3ade68f,448088,670931,520592,18.181793
1778,404434,777ea44b410dba4f5052e1b98a49f77ea1785c99a4737218646584934ae01689,404434,942457,985213,23.312302
1779,595724,796e781a9cd7a963c9831ae8620fb582b660e2101c443aa48a4ac69ed3afb62a,595724,806579,398117,20.773327
1780,612965,a75ae8dbf54a959a970d0524d2a40901b0495a72305bd81020a4487cdc24456f,612965,678809,979814,18.99029
1781,297934,2c14a04492743c6655248b5a5a9c15a90ba0cf78b129aca4ce60857b9f2e8bcf,297934,321961,630600,9.803527
1782,197662,d1e77581c3c635d7565c06b01abc0e45efcf249dd79dada43b339a35e3d10be5,197662,761568,229023,25.718355
1783,97524,4bc53668de0f10606b1048fbf318a48a264354ac2ed254737208339e87d24367,97524,257920,776622,15.789904
1784,87367,c3b904eca3808bf95479aeaec9002d6eb460c2888815dbe73762c75d04cffc6f,87367,726508,394668,23.857353
1785,916650,3e3f4b5fcf84272e833e2d7aba9b66429b6d52a57103a1304c0a73efe3fa1cd3,916650,399515,191138,23.7445
1786,329712,678802bec5e2f1978651aee79b6796bc9bb0a9d77af3f5f575fd59430a2a6fb3,329712,263005,931185,20.147467
1787,119416,0cfc6f60e838ffed7868f87c206b867d94f7cf6f4737597f54847384d4a8c820,119416,931304,277276,19.148102
1788,570419,ac60392af72d4bf33a862e595c64b7e18e982c6fef56312243cc06e6d0e42843,570419,363607,442673,17.072538
1789,247992,39b685c783e4a885aba0a8ddea8e99f3c06eee2872e15ca9c2f8e1b4541c6d41,247992,693315,973256,10.077749
1790,550690,07fa35347243e655b0c331d42428773f7471cee429d0c36945aa03e7eba06790,550690,561937,534527,22.857405
1791,594660,767d5d08db3b68dfdb85d6356865ef284067ae5cbc02e30c50d1c750cddddbc7,594660,620602,418936,20.41122
1792,754932,6d56fec91f86c60d3ff50baa0181e0c5e3ecfa23a50bdf347b504d7eb89d347b,754932,741623,126634,20.358578
1793,388601,5e37c07064160ef84c3d17799f7457e05ee74920eace11ea752146ee8a9f83c0,388601,556840,689071,17.001343
1794,487407,ee66a3d32033c446af88af737fc42b5196e7af075b1eb6af4823162fbb383fce,487407,972739,525004,27.55354
1795,806579,d601b43e9da398fa9cdd5652b8871bea4eac45d7cf9b47dc6fa6a51cdb2de52f,806579,909293,579619,11.701477
1796,816093,c5fa55c49009b8d04a1b550fc513e0c367fd0ddefde0631866856763b3341042,816093,526524,970169,26.205664
1797,535498,5531a6cc16ed4dae1008c2db3afe13cc2480d671b50c8d9af8dba765dcd51106,535498,243229,538326,22.140955
1798,790045,3525546c16a17a6f33c39d84a29bb548ad7b20d197f76ef3d0c7151192db9512,790045,730965,854271,18.13679
1799,75706,0ba41dab64a2aed51236cc9f7abe1960351bc27161ea810a3648fb92db237eb3,75706,961657,414221,23.22507
1800,293822,bbf16c0199583ad03d5793e265724954d4fe0815fbdbc63257e07fcda1408629,293822,968789,276440,24.121696
1801,971224,bed609031565b786aa4211d3c72f5c3d87c99f315e429b41e94b0907a5e7add0,971224,606492,259663,11.116197
1802,677161,24e676b81212e7fc6ff27c1c08abc06bc93f3ee21b54c959797473a72b8bdd84,677161,297934,855069,11.943357
1803,597223,d5697b62c1f36a426d20dfc4c89ae5b5293ecca076d8be93c1369f17d5e7276a,597223,559884,821501,22.589779
1804,526524,aec3e2a5645019fee6a556ef34055f71470de4b1c2f0e2481f63ab1b37c9c551,526524,925707,100084,23.78551
1805,754640,2f45ff3d5c591aeaa3465453c8babaf8405077e74466ef575afd7c7f4e804fde,754640,310825,947081,20.064356
1806,432959,de63bfd146b2eccb0afec77331df569298494de5d34d762d35df9e343fb6819c,432959,808744,798997,30.29453
1807,700851,68c9a47fd47328dc7d4865f7a084a212f433ecc3e036faabcb6736b745d555fa,700851,428359,152909,19.462273
1808,503216,924584d831c0422ed2d8c5e1d7d9a23fc5d2c77eb8fd55171af4c4beb669fee7,503216,143427,524492,22.56846
1809,993034,62435cb2117a449edbeee56395b8420be1534d4e445f6316fac68dd37d35cf17,993034,833858,621728,12.145174
1810,741623,e2681f8eae6ae228fa9b63f046110583ea380c598f3356188386dfd960e6640d,741623,235266,136121,25.151363
1811,1545,fc7addf2abbb49b76b8f52c37658cf58ecf84bf0ca6297156fc4b8f0161a9d27,1545,815409,500030,18.363518
1812,9167,aee725932b9a09300ff83c3e9f3cb71c5fe918fb9a4fd39417b3d0c322f55a28,9167,746511,976382,14.778066
1813,958626,a80694afd0491ef4dd08987a1321a8d2e4b2b9679c63cdfe99d6fd9445794713,958626,617654,810079,8.207796
1814,580396,9a3863d665fd689d1ea518a248c96b568ad823ddaf590cac9237141f301a0bea,580396,133893,875112,26.368788
1815,268574,91161193c982b4586c9ae71082ec9325c8f4ed30ef9d4a5e087db45f70bf925f,268574,620873,72610,18.957817
1816,311481,408a03bf4db46df248fdd79411de98ffe8e3f8a5c288a4e778d71a85a99920c5,311481,880601,558143,12.636404
1817,624624,49a9fc6d9ff1c9881d583ac8a66a0773675c7ce9818012e66c1d449045ec2c43,624624,676325,250365,16.075111
1818,199711,b116a0ce0dce606af2e1e9e64d7b48208530d7b7569b6b7ada82f6b36950a774,199711,798637,333649,12.869357
1819,136617,4d92983eeb0e924aaa7effd03bc7335b53e57a1e56535e13f8bc2fb04254032f,136617,385318,966524,16.566252
1820,882500,e20f08d518785d15ce9849b45062320ebc25e286386bc4927049818aec1ff196,882500,261833,796224,19.836071
1821,372810,7268db3f55827cdf5cf4fe49e21531b7ba82dbd11a880456e214e8d4e1ec833c,372810,612288,26382,25.968084
1822,148776,7e774cbc821d31f23ea4b63ce438629a8e97628a4662a7e835145b0ad66ce2ce,148776,250133,832661,36.612225
1823,737609,e3a0dfd6175bfbe3e3c5f364eb9b63273d0034de0fc9df7d9606b8df54711027,737609,110701,496328,23.093607
1824,452355,9c51d524fe3f539977647d2250a254ceefb1d7c60366703f39217fb4d6e9a8fe,452355,48635,209601,18.12741
1825,659678,45d84fc1bba551097e3d00b15d2466514b70a21e4df9163b68d2dfca5bcf65a9,659678,144101,940065,23.872211
1826,309287,5feea826039939fee3644d01b4d5615f97cea2855c429f56ed79cdc33c2826f2,309287,260528,832202,18.759958
1827,334840,9a30d7d20202dce51a730e6cfede8327f8ac2da7cf83892e13fe71f1d45b3b08,334840,649318,851296,19.294804
1828,796307,b3d9d128ac611152850b2ab3c65bf8458a594f1069c83e644a1c92558226a2a6,796307,542003,924027,17.440638
1829,956273,215e40b36dee713c5156c80813ce0da5634bbce424342d15793eb1056e1bcfb4,956273,535285,593062,17.797726
1830,773835,32c1d22fb190fa867f4e6095271b3ba487e25ce3f421cbf7f80cf4c6f831cb37,773835,743815,994696,23.78351
1831,442994,22c2e36772a535237c09cfb88a6d76c589fe99269bca49db0e8f1808423898b9,442994,723605,703477,24.731014
1832,50441,dbefbc4486996bf859627afcbd90555008e8151c8f5b10f649f31f882c3581fd,50441,458333,664884,14.873671
1833,788272,b694b00124b792724fe9ce6d858cc10843ff0f6c917d313a5ce069292f5549e9,788272,349997,444954,16.198988
1834,266738,aebf6a26a6c518c5a11e2c8050af6bd2596510d110f4c5df75953f1173f4098e,266738,317327,581078,20.815186
1835,775522,67da30b9c4443f3ebeb15969289168bd76134eae4348028d9a8094f80c2afd36,775522,974589,510100,15.457619
1836,870633,348b9d4fad6a396a3eb04ee4c93c9a7ce8f82dacee8313341582e6719e4b0d38,870633,877293,651360,19.135302
1837,463537,692f558c292d426b79875ba87e3f43d8586f20716aa97103f5b8ceb589666448,463537,768458,8388,20.288225
1838,685994,c6af9d22dfe4efbb26f5192a42caa2019756c0e6702823c1d856db4c879efe25,685994,850213,569571,20.497665
1839,456897,3e98c292be7a55093da5bb9590eba5661cdf84209590ab9f4c778edc6bb2a077,456897,971335,928611,11.164322
1840,342948,e6f3dbcbef765a178e0119cc9daf6f59633d670eb9bfbd525f83c41a8ccb303a,342948,498102,685611,15.448906
1841,390783,b48664eea4ef2d64bba95be1d96acdc2f4b82cd8dc4f4d22738b529051655b7d,390783,560949,448084,8.088454
1842,115076,2a6ce39c13a3586dd4723c523b863369596782b47d420fcf93497bcd3b3c4db8,115076,882284,709731,18.819221
1843,745437,5d02e756eb0232d94f585b8eb0e156c2c13c8fd4d0bb7289fa96b77bdfa8c9ab,745437,207627,577867,20.663042
1844,75490,fcf458753ff682a28d0ad3ef4568aa0a4cbbab0eedab3c97d41a46753a5564f2,75490,903180,593276,18.367634
1845,337649,927e3b9b45a3ea944c4ec9addaafb4dde54986742505681c1c9335aa0e44624f,337649,882119,146975,19.432085
1846,541041,7bf62730f7cdd8bf73f32a51efe76f58304afa74e0ef812edb9c3a21a76b5135,541041,673603,331091,17.942066
1847,56286,498ee1f565c0e187f9e29d9a87b101f8d10c51069acbc96a2d66d5cf2d7205df,56286,325183,348217,16.291698
1848,755744,6429736d64976343dd04489a44b397d8300faeb1e6f3a2327737cfb2d3616fe6,755744,800395,987095,18.848951
1849,202809,55fa4adfe9e992c11a69360c4275d05ae1744390e33d6df7cb59cb2532c27061,202809,717833,201840,10.992635
1850,800669,0aacf75dc5e8fe945e1d1d0d2a981720b45cd098ddcf0b20cb38642a6a14ab8d,800669,77824,49061,27.942074
1851,268789,cd969264ef4c72b1e7e205806bc636dd5d2109ea557e115432fdb70bab3d9326,268789,708186,74345,24.25878
1852,361215,a7ac9617e3bfde8829e5f9c13da636ac1a753b9f0ae30303302f2a032c23d1b5,361215,106301,126672,24.125278
1853,674415,7612d89fec74ea68597d647d66b1fc777d4a3ec38aa99bc47d803ca44336fe9d,674415,369368,557064,21.30405
1854,130039,0dc9f6db518ef4e0cafabd541deb39fcf4422d1d3a178d8be61cc307b2719fa6,130039,322014,828660,18.46481
1855,301519,81196963bd6f47366494e497b1d157ce0f5b3f7f087c581792bd149135036a3d,301519,725038,454008,21.990726
1856,706939,f4dab5734605cda9b7132cf68172f7ff849dba71b4179969aee3b369fa0ec0fb,706939,586259,36912,14.563732
1857,260528,c22f74f899fd1de015a9ed0bf6291189fa49ca1e238357d346488a85aee2363c,260528,378784,259195,25.804777
1858,593807,cecb957c1d0d97e35c4b10f78cec33185959624bb35818cc536a78b9912d4f1c,593807,35822,30067,23.40922
1859,446860,e1d4a857d0b9fba0053e67e157df5fff3ef7b7f96fdc4ddf8404424977c0b6e7,446860,518149,392202,9.278988
1860,864706,7131647bbeec4666c40fb1d60f2c7510c38001830eace78cf4d194218d10bb7d,864706,738567,601489,10.219742
1861,551966,1293118cf2c755c7d5b30e2c281ba8efaac887e186fc431cb201500575aa7b33,551966,212741,923211,23.687243
1862,642015,7fe5e1893da0eced2d767bf4e119ca791326ac40e065a64688950432a42b2508,642015,606095,1222,20.163685
1863,371510,d94aa6ae8f6b5cf508502a93831559e6444ff59cea4caa610a4af4d370b8df13,371510,825156,690208,9.543339
1864,789592,f9c993a18721b8204e2db624517b96a6e729179fd9866c5310450b8eb2e4f45e,789592,231139,116721,14.758381
1865,731743,039ea0c044efcc40f896e998c86e01ebd85351c421b352ec05c33a1a3265c1f8,731743,237283,764394,17.992918
1866,426524,4c1445cf9383010539e3a4e26c3814db9093bd49a5b042e907d75d3821fe697f,426524,762127,132326,23.921896
1867,285280,31e1d0a5fc912996443f016313742506dd9d5670521fb66db2d38b1f71751b37,285280,437127,735491,17.54588
1868,238892,729e5650b48d5a9efded5d7eaa1906fda5df9e03eaadbaecc366b2c7fb42aa0c,238892,56997,700403,13.313692
1869,934730,0f9e514d9dced371310a4031ec2315c8ab1268800d09cb6471ff9d039ee81d6b,934730,870633,443075,21.08787
1870,971971,65a496cb83e2df878578bd0b4ee383e3178f8519f7bf63dadd2625f219ebf794,971971,582963,147503,15.737342
1871,257621,8774bd0157d031d7bd1c7e32613fc33689ea4a2e3e8bab86da98ca251596b6c7,257621,939637,913210,22.080095
1872,784863,55d466f1ec243d077805187cdadb2871c6437f73987484a4125cb80e73972fef,784863,40270,782012,13.743882
1873,54927,19f46e5956dca5d0ba47cd7a05e610234224abe331bb31e87f3ee6657ee00bab,54927,671924,564591,20.36943
1874,3241,4ae1c6e74eed356ce23ed7499326beeb9ed3e2a869619f7b4cb3b95d9d5a56fd,3241,681012,310825,17.178009
1875,377186,6a5d9cf4414ea8ff4af4c18c804217b80392db85a919b0800912cbce9cf6342c,377186,743197,957630,13.954319
1876,14448,39579291d0478931b438ea59da00e532998a9d917fd49bf8d8184cfb3dc1fd95,14448,262933,253907,9.343757
1877,629994,7f76a25e14637d5e87c5bfebff6f3708bdb5450f28e49cc48e45518c6bda5f79,629994,529421,101607,20.638985
1878,749356,3196da20882f7161ec9de4190cca357438330e361fc37e70d4d46e7b51d5ed84,749356,41352,562054,15.172941
1879,147547,785257010232613318bea7a18bb23a800c260f574955dbe5828bf0e6239f7db1,147547,420817,293070,18.982597
1880,927507,77e433708673b88a1f444f391efa9070a584071125c5d65f71d250592f4b4e0b,927507,995500,869441,19.74699
1881,13807,59dcdcd79bd06dcb2699811e2e2ff957d82d1cdeecb32ce1b31c5ff2d7a30256,13807,307165,600295,8.549774
1882,657433,a44aafe9faa656f2c8eb805246ca2f5b17d7133789f606ef5a8c2088da292699,657433,306288,751217,22.435095
1883,985964,b15331c92a27c4357dc989c85f8822a0c8eb74b44b18f5a79d18e5bd42a97857,985964,832608,872213,18.28234
1884,815292,d5281b3c2e2230f22afb2785e861b9f68a7bdcc6ea26d0fd379662064231db31,815292,95759,527821,10.645247
1885,631779,19dbb3dd69dd451abccf0319f39628eeeda23ffa912ff12127713c9f38e37057,631779,376597,977878,20.601318
1886,484159,4875bb93b46983a2cdc7dffd007e092365111db40b3687046b19bd79c9d1ded4,484159,562287,836506,21.05971
1887,508901,876ff35222f44ff97ef750f4cbe000edbeffc0bc5cdf5a9bb36d146a5543e165,508901,527644,253907,22.410748
1888,761887,40d6a5d7b1a7fd5f2c119c4d29b69f3d00f971059fdd10008961aa7df7aa66b8,761887,767875,186233,29.663744
1889,542003,2037532f099c59bc0e66e0af435832ca6ab2cb2c806d9dea0de9396abbe3a1e4,542003,415756,786211,19.793848
1890,847572,412b2f6f79513dfee7f77a97c081a2c3b999e56d48dde83a21baa05155af4f86,847572,120191,404980,20.185
1891,870640,5fd4066a15bf59edc50c6063eb61f3b39b553c509e681adf901b19a7526d2b93,870640,110375,301050,25.791021
1892,869598,da20e73e119e47590b61ac7d583606495b39927f2aa4e887edd03b859ca37cef,869598,75706,983819,16.933773
1893,251819,bb9a4aafcc70ca28aafa8a636ce40e5e9a407951e0798d7bfd0ba864c68d0e1a,251819,398022,718422,24.583302
1894,58003,b6310697a3b3393c18854df738aa887f647b72052e61e715fff7c88bdd78ac1d,58003,281664,470424,22.296213
1895,632965,91c353fcc18e3d9f89e8c5612b25713c9321aa21724c71f30bdc7c3f4529f48e,632965,879256,233208,13.997262
1896,94719,387bab2eefd774d2730cc98126d256979ba7a31d2a557f0040ce2c1a13e1f460,94719,884292,543054,22.903425
1897,161254,b50d656c37cace3e854c0b0acda4b4261bb27f49d3d696412874f24a43d62aef,161254,867677,549592,18.84472
1898,485579,3790318faf347f3f7338b1cd4e2f5824be352e2c9a5381df68d00a47076b8b9c,485579,909691,906163,25.47346
1899,840149,f50cf1a099ea6d08ec2b6ad81f82b2a6ace9a57a15828ec7e68150b7a31cb4c3,840149,53608,143652,18.64496
1900,743197,8075ee0e24fa1063ecaadd60bc404c9f967373d20cf2a408455ec9df49e4e68c,743197,34479,275400,26.941252
1901,703468,8d3c975e92ffe6033bbedbd52a6d4cb13832ec819c123b8fe3d054947b7348b2,703468,258074,890928,23.572636
1902,384566,fab96892e04f61323881b5ec2af1839981163b63dfedd300b6ef7e32b0683019,384566,628008,636229,21.449337
1903,625531,46b1111ca6e53fd0406adff2d5f6816798210aea95d847d928d19af5650f0a29,625531,360728,548384,24.539957
1904,826086,0243334576529b0c6dc147820ba0225fd9298417fc3ffca4cac7a6faf0afb66d,826086,426776,393492,24.456635
1905,664380,cf9bf713063ada6b83c9036583d69065916f22b8b41a42492848b943e80aca3c,664380,430189,93602,17.63115
1906,701231,858094a6d858d8977a4d54c5af9f9e6d2ec0acc02aca9a450b0d32d1dad96348,701231,85247,892539,10.899975
1907,786919,86cb880cc58afa626f29006c6af8b091f1a6a11744794953078f46629ff45ec1,786919,333055,119656,25.674082
1908,628008,f9118782daf40c2ae69003b1329201e6ab8b152cd1dbf256d265ff269fa89847,628008,911173,779999,20.213835
1909,440527,623f79c01d3cac06b2d1d6cace857e75c990b16a1e0997cae3abd6fed4ac9d05,440527,800059,998468,22.682264
1910,575831,b88108b44b0ef2b0bf23eaec7b2b8a3afd70fcab16edb74ab0cf3febd72cc28a,575831,812075,610781,17.4911
1911,856830,3d428876abde81e166443093361765451264ac59adc02c7fcadba5db9cdd836f,856830,388601,188289,22.950647
1912,591101,ae4a57164423920bd796e5e6f531e89b4e8426635b9fb059622982b193295c98,591101,169473,33536,15.084281
1913,330526,d2bcec2ffaece9b8cbc84c76ab4b745ba7ff91539bccde6b6efe95d0836cf88c,330526,68975,805096,22.962454
1914,111349,4992a76aa9a2a8e37b17f9aaf8eaa1992f6f8b8282e35f90ba9e57aa56064061,111349,176549,882444,19.05238
1915,419234,7bb863fb8cc685741526ddb99fb4c48a5410241889380fc099912171e95f1ef9,419234,876777,244196,25.771034
1916,607509,a1e21394ff2b71dce1716df9a690881a9d0b3736473b942bb21868462282d059,607509,40972,485016,19.328901
1917,95917,9dc9d128f61d59bb5c444479af1055a47877543180821bb91044c947e4dbd718,95917,93550,411099,24.428022
1918,666374,3512121e4f7472fe75f81bb30453a9d04624736b511c399f5a12fd044571e54a,666374,289919,179636,25.82288
1919,983349,f700cb36a6da9f36cf015160217021947f6583693a545db3019e5aa7ae3b82b0,983349,691666,249245,21.988897
1920,982121,438cdedf12a8b5c9e4eacd131c64193441cd727e3d2bd3511aa55804537d94a2,982121,586603,492829,20.686924
1921,337177,6ae2be07a65b58d0deab227d3826f83f32d8844810a40b288578c43e935105e5,337177,703468,179780,21.124842
1922,372382,d57e67e68394e72722971976623a8c36a879b7e11483db12382cfe5df97e0ec3,372382,44333,71952,12.496454
1923,905668,7f1ac418e3bdf788c5f01bb90fd8eba9318d64cd99ef3625d664f639f0d14166,905668,769083,285653,18.265982
1924,233787,03169fb4bac2448c5fbcef90dec87660fc55274b5685de315badf2035a6ca4d1,233787,322374,108276,15.794684
1925,36099,ad87b9edcdcb0f83046055e48cfbebe11e38187f8c76d51b5bd0f0aa32fa5898,36099,722562,703399,10.938705
1926,929443,2ab10a85af7d5c1c098bd06d31dbd9d3d19e9cc2e9f595532853ce95c3a6cb13,929443,196916,342079,14.3259945
1927,932497,019dec8c13ef12abf354382372561c98f653344f89a7d399800beb1e2c236371,932497,818020,599879,14.676608
1928,953579,eb22462242e21a80ff0fe3b19ccf50119c69b0fedbc677abfaa34628675f1f2b,953579,323138,528184,19.660814
1929,302680,a1db87cd30b2fe2417db45ef7d7eaa18ca4ce7dea43a671990dc4d3b0464fdb1,302680,754932,997638,19.263554
1930,519660,fe6ff7e722e71080c02d0bd060ff710c8db443ba5401d2cd4a4219a2b318b447,519660,247992,815737,22.114708
1931,35822,af10e9dda5bc0165b532811d81dbd11a1c7ba9ded65c0e192cd9bf9210c74277,35822,137310,736254,21.09334
1932,93483,1a4b3eb3ea126af3f7ba4b537838a03db84b556d045bfcebb34bbbe8b833eebb,93483,748892,533913,18.761211
1933,261438,070e38ba7b21c316ca439557381e2b3442c26bf4c608ecf62c8604f0b4e1673f,261438,545231,296433,16.794237
1934,362931,b55d4583ffb3648584a11e3f9b6f5f44d6eabc37da0a8c66cc4f2aa3bb8889a1,362931,972646,622919,17.366426
1935,254004,c436021319acbb840fc6586b3c6f8c8a7aeb14e865a76bf989e0cdd5bb5632d5,254004,199711,656717,23.141829
1936,723605,3100337b8dc5769e7dba33a5e3c7de0fc7391794ebeb4a521ceb1f6a26338f84,723605,956722,284627,20.063532
1937,7165,8ad834a0729dfa4983cdd52ca9355e14aad3ec624e05831f102698a89a164d76,7165,848634,169320,21.543436
1938,349338,6fa880aad1c2b24052368d85ebf8ff14cfbd6a6e7b18872432e49a5daf5b3bc5,349338,794248,698222,15.947194
1939,132748,e579af7ba67086883dc59462009405a562d6e670f5c7c1abe86fa932686bb0e6,132748,594178,713381,17.624529
1940,331765,33c023de0e6f0eb78c48d41c1f8c5b8aeb9a5d75d4ddfc525c19642edd5db686,331765,312343,331112,18.420198
1941,32262,48dac4fa8cb3955dadd16053edafb4a5fd400f8b5d43b050e61222e6e47c3e85,32262,390770,479454,17.357273
1942,4772,d24efafb4f421173e2339b1fed5563e25dbdc3443d0730a286fc80b39811a6b2,4772,362931,789769,7.0007935
1943,727052,c6556460165034400aeb499e8c6c8be3dbee16e600ba3e46241a282ad0fe5a5b,727052,855605,409289,21.137053
1944,606492,9fe2bcb17e4a743515acea9b002bb24f31a0f3709d04de95f22e3aa9b7d7ab9b,606492,630106,797665,14.090545
1945,527644,37392db4107274727c73df4aaaff15a00bbf7f096688daeac5b40504909fe161,527644,991027,812734,28.575502
1946,655520,8674d240d3594e71bf9a495f764ace7687c9177af6fb7e4a24c7ed3c164a4e34,655520,831221,663447,15.494699
1947,865605,f042493c7b307e38a68f343cedabcd383dc439a039515d0dc205517deb0b0956,865605,486064,775488,16.02938
1948,922742,63247bc6e2a4e4fc4806005b6590e537f2668a414ead312e29b2ef33b0cd8cae,922742,925380,796064,17.295986
1949,214176,a7e070820ede520d9767bcfe48f38d307275e632220b82ae751647f46d799840,214176,795697,821678,15.359177
1950,545253,2de44d4c9a3082173d8909adae0adfd00cafa8d90ab2e370e1491eb01d25885f,545253,937306,779999,14.265796
1951,497305,bb7434b3611277ec480b154d515668a4c4f266f2a4e15d552fdce072b7eacccd,497305,583118,15851,27.186552
1952,790030,9e0cec5ecea4d41199a8817991df382a91a60097c1138eb55529e23c9958d711,790030,650387,448091,24.469608
1953,832608,ec6a51a04f0c87b9f69015c2ac1c13b95927aa57ef4f18e0148fdce8f76b558b,832608,869517,480291,21.060127
1954,528347,794f43f0fa7065270c8410a29ebfc6aa885c9073db617d86c3eb86df0af62813,528347,251491,321055,27.631407
1955,925707,4d9e6f869fb18893d3b4dc2938e5f49d75c2778cb2be3deb37285c78f8929b33,925707,927607,258063,22.194489
1956,127,c64aecd7f85c06809d4bed73554f9b42709156a086b53de8d2c3e804a90ff6d1,127,598191,541221,15.019454
1957,372783,e452cb4be68679fe1569f33688e92cd9158acd035be8ad91d2c0f3de17b8e1aa,372783,809243,922787,21.192202
1958,900712,670414611a6c4f4c6555278fcc8734921148f9f3c431614d502c87006e600e69,900712,622462,568298,19.96277
1959,269046,2b6dbe369ce19369597ffe5aca53b9bed2d421af3c696aca019c2de4fb3aea38,269046,403552,167512,21.264816
1960,961180,4307813bffe4dee3758a7ee5b6268a2ec752311544ded6ae8a0937d72558da1d,961180,932273,224325,13.740107
1961,725201,c97c764c8e460dd88ea95c618997bf0209b894b60e5c3ece2edbcc42e48f5706,725201,969233,37482,17.9225
1962,77824,a6ce6560cd64ee6ce5e8cc9e093734eef33adda2215c7ed4901f3569a5c85769,77824,47084,832978,23.677393
1963,493343,6232ac35876babaffc265da8f7ccd1808027c97cb8d4e4d4f268f06ee2164fa7,493343,474261,95029,23.745365
1964,90913,14e25faf170673efed11a7c394938fc409c15c6c07c462e8ab14808442f1cfb7,90913,318061,6167,20.278563
1965,198568,2c361b386539e72371edc6f6aa2d4408a4755ea5582ef03fb04119de30185ed8,198568,364066,400869,23.575836
1966,292458,492c3c30b1559cfff450e75351a2d3acf29025ad60ae1673551e58f034fc7b38,292458,295847,70915,17.639082
1967,712683,0aea995d7a39e2a3c1d0e0ce211b2b9648ffe58fae5d7db584a880930c0ffa09,712683,411237,722722,12.790195
1968,723126,90d365d4e030650e7568846a45e12e4a0dd81f05add51b6d418cb9ead1180c6b,723126,988342,725639,18.217253
1969,541787,33ad24a76814893e5cd132970d2a66bc18dc807e1f263647aedf1dbd95829ee0,541787,660407,425533,25.311708
1970,275426,44933f8e375c3cd4ba2d0a17eabf1288d7145e336b3c7cbafeed15fe7e18439d,275426,107690,679218,7.9123616
1971,504719,54ce1241ce389f1fdda3f2e3d805949cc89f95e30ebc3b4cd18d195e4c910e4d,504719,21900,504157,21.230265
1972,647243,a8de83ccefd26fd4503d48190d47515b835ec239fd5647b02efedcd0ac42e87e,647243,414486,624087,18.64206
1973,433457,ff5a1bc98e2ee4397398ee9e987ff93ae19133f052e17ab7e3505dbc5abd66cb,433457,218620,722811,27.893526
1974,294856,f76bfa6219abcebf35748ec463168f207cd383a798dd6bf4011e52b13818c6ec,294856,381608,18233,25.162638
1975,586259,1ce6a379320215f413e055f87a15395f2ab8687ac6dd76440bfcae43007bca04,586259,828260,563851,23.987396
1976,552296,1540923ae68292b52adc063d5437d9eda35e97eb6b144bc2e44f73b4eee5e739,552296,809038,101548,22.714687
1977,967548,9b2fa872535e5007f02cc60cf6322915415697a252df0481b325bd6799f850d5,967548,541041,745878,27.526611
1978,69600,386175162c5802d3c7441e3276724492a2485b5cfabe3c3489d15cfe3b89eb21,69600,329712,383740,21.31948
1979,369939,8bf248ba769629420dfe1dc5aac7b4abfa963e33b3923b07e1a0aaf27c0b6d4d,369939,322285,369733,20.621857
1980,795697,289d1584424feef42cc5cc2778a47b904feb0eff83fa115b54b974ab5f396e84,795697,610033,806149,15.773424
1981,767976,2b8e07ffc6006ea9d481c429be178f1b3f2bfee57f036e2794975f01a7f12e68,767976,871908,102179,17.191761
1982,351523,ec142c73436799b555d557bf4fb43ebcfc79f1d04ded79b53d2ce35d2f630f79,351523,597566,218259,25.679283
1983,549891,6f5fa80030093af4d7e4bbc82e252b3b0e2da2cdadff027f7c19d7dfc896bb9a,549891,191747,709283,27.690472
1984,252013,2591fd488c40a0be1b592d959217784cd5422e3fb9df6818804563874c56a033,252013,982158,714062,17.152826
1985,502529,49000d4d8969254728ebcfd1010e4b511f712f6198fbebf348923cac26c1dc04,502529,272972,882473,24.869991
1986,752257,7a129e170d1817f203d47df5cab2dfe4aec5d3cfb85e05229e3899852a3ff38d,752257,409019,768601,25.15593
1987,164540,f8e92b6850aa5908e025c91329a4386374c8f5f6b95cb989a00ee71a4bc240c9,164540,771099,336459,21.4569
1988,778738,617660f6c463680134d8d3d8dc79a3ca24bce5aa0c41b29f07e5d259d8c2425c,778738,55995,732235,19.77559
1989,136801,c76d268b5daf4cb3f81c3fdf6a53c116aa7a99cf7b0726ce8409682f881f926f,136801,72510,761191,21.45763
1990,898883,f4c3186b7b8d7c72665bfa98d7e9e44cd7caa5a73fc9d92128758702f435c8e6,898883,3004,524772,23.072334
1991,129801,c8b69bec3085b657acbdb9036bf247af802c27919e78d83015e01a5d31916016,129801,828617,861333,15.570318
1992,581475,38f948c6d2c1f25c2f24432d38f7b70cb32559264fe49c6ad1269e087ee37531,581475,283118,620403,27.418646
1993,768458,690961e718b51346b9dd0bcf1007577cbc36689b77baf8dbbfad4313863d08d4,768458,73382,768601,15.044287
1994,779999,0ecef10b61135a10cf2e7c85c127d19c4bb97a7fbec012e162ffe091a251fa4b,779999,157416,545253,14.265796
1995,872267,3362e31171a360641bf79e635b7b60cde36644d5197c24ca61c56d3ce3b66a5c,872267,660536,75259,23.05063
1996,297421,87c8d285d8bd82b5f074bbca06973fcc82cdc18796a96d6a0169097617aee6c2,297421,104781,145396,26.600117
1997,457046,8070d11294774c35392db83cd4d69a66fdc38493e213a72fde2285cd43afe185,457046,824329,409495,19.233757
1998,582030,9a2f4443325ffd51ca1b77f0191ea6d2a4c39fd168d0e7dd6c3f7081cfb61b32,582030,983349,95029,20.401165
1999,333649,cdbad67ab0bacc5487a8b7df59499fbf293e50bd7f1b6ce8954454de7b00f678,333649,944122,199711,12.869357
2000,193809,c2d179645960d55c471f6333145de43069cb66b0faa339a1fe9999408d871c59,193809,954678,164598,23.618464
2001,521395,cded9a81b2fd2629667f642980aed82d079e6cb4c0899c855d723b4c69a5bb69,521395,119416,378510,17.683449
2002,898135,6816d5e8605cfcf0efe46ff20a21dc956e0073d29fedc8d62ec670be6819b5b0,898135,703945,895255,12.502324
2003,642218,50d0ff425dc2eb3987865300c8060bfcd4826826ed0fe9e6c00f2320784ddf2d,642218,560654,737349,7.547182
2004,518437,2db0fb46bf88f74e32572dd32d42d79456fbbf9ae76de90c762ab77b5983c8e0,518437,549294,251615,17.985704
2005,260141,364686ec66713c371a88c3486e69b9f0758abb01f37fdab41c1378de536ea7a1,260141,807598,295998,12.9711685
2006,266012,b6bbbf787ee3014c15095577a919c2831661ceee49ea3c88b2b1bf06d7c72fa6,266012,539571,81926,23.43641
2007,733698,fb33ce81ce89e463cab98a786dd961223b87cc8cc20b473b9a78abb12cbccd1e,733698,14448,931273,18.113882
2008,230620,b2edde54acd45d3a3b02f168ab0e53a6748e707f8754c154dda1b761bccb8a00,230620,114604,197457,21.524094
2009,867656,236639e91b3980b99bac92d5fbeeeefe9c499f5c42456b41f946ed2047022d61,867656,333022,619486,21.82647
2010,789270,97ead654389e460b14020be08b4c08acb4af01aaa3922e82c8e21c79818416c8,789270,426365,977318,23.963083
2011,857658,7fffab46985be71971621294aa73b11093b705b50099051df820978d10cd1a7a,857658,851743,855832,27.934118
2012,649944,aaccfc7085a01c19e5c7bc673841af7f49b3585201ceeeb6783335f3ccb3b230,649944,736394,620589,15.904738
2013,588514,b2bee405f7c2f815061efb53c7e977cb91303cdc4a55d3f39f3e16daae9f74c3,588514,222379,79704,14.531557
2014,60408,1398819962a0d2c6f9ffd1201d9124eee6b88166261349227a49722f421b37b4,60408,706939,552461,21.515911
2015,251462,b767b456aad9b40ca3053bee68863e7146f2a1d96815e461fb9df53c54181c18,251462,152297,612271,14.567989
2016,53235,5ac011db391b0ce5698cc084044cba8e2b04ec9ddbe4e071a5d3745d4a6bbf0a,53235,29154,699703,22.839838
2017,916030,c0755dfd11d102d90153ee3f0582616a385f7512c91fab3f6b4613a695697698,916030,706895,703323,21.863764
2018,740027,6631d0ff1da6e0393b80c90451f7bb56e33d8787364afd850772e2fc892b001f,740027,439090,35326,10.421079
2019,971389,c1f5d06d20e357b1f192c6fd6041eebafbda1d8451e21070ef079fd6156b0a53,971389,826086,56286,19.636063
2020,882444,e7a563a94256c9ee92afb95ad392073856f1bae4339efb77fc62c87fd977398e,882444,292365,934784,17.34979
2021,490671,77957809dcba99c5bf37f61545e28c45aa3d60fbd22586a1c92a50ee5084c89a,490671,886539,721424,29.231281
2022,623594,05d8e37fbebfbdc98745c19b8bcd932479bfda752b6918b5fac84d483085103b,623594,810300,306374,20.289362
2023,574372,c0c77bc946dc99b6c80e2aace2695cab3fb00fc6067ea478e862decde0119530,574372,204938,74526,21.815346
2024,414486,fa3c0b9308adbf5b06c288564c5a9b10bd305670ad3c0bdf9468d819a6a032f9,414486,549803,37289,14.252835
2025,127306,358896a87416ea1ca337fc1872d0e7c532e17daa5784b24603e9e7e387294992,127306,905592,723917,20.27449
2026,554981,0b6de0fdf1f07693c359c9d018931ef388bc0d376991f187985ed2b86d348a74,554981,405296,504653,16.404606
2027,591099,e54e70d940934866830383f7f9d2d67bacd3e1e9d7a2067f99ef1026a323b896,591099,402225,621045,19.936079
2028,855230,5694051f8e25664d9d11202e44b0be50a54cd7f479cd3100b6e9f0d9a47f12a7,855230,270360,904251,21.344845
2029,7104,f6122dd9ae6e134d943eec352b799d06a6cf886a44ec4546aebe1cc4302e6379,7104,732838,643438,19.71158
2030,670661,2ba65e37416409f57f5e5a5225f0e75525acc294547b68600c691dae25c79188,670661,559777,163640,23.450127
2031,958770,e7fcf633b3043cf919bbdf29a35d71a1285d9ee393c17577175ccd0c754eb0d9,958770,884764,964722,21.938375
2032,269993,baa8239b44ab5c5033bc083ccbab4db077845fc5cc34a676eee4df76d8bec8b3,269993,833992,270486,22.990929
2033,545900,8a5e6ce5e6e1b800b677925a099f86ce701717f3e86c6324071a9fbd844ac0c1,545900,319307,164940,22.290714
2034,374881,e78f25252fb20c4ea001497227ee57206fd006b242e0392d0e3d1f97b8761ec7,374881,13479,259366,17.820599
2035,370044,1d971ade2d084b2afed9d21842418340915035e720843cc81484d13eadd158a8,370044,774460,111074,21.916649
2036,972646,720d4658a22a45b3fca4ccbb2e78bb38389de71faf3ece9f6c6822069cff2ac1,972646,724423,830395,16.954403
2037,913721,249945d7eae15db64027d9a469180a2e21eeb0be6cf98d9b54dfaadad3eb1289,913721,191467,695489,19.803238
2038,933119,5628ef35d603ba5ff1b405582a8d0275e233c67b240511dac2418566d1077dd2,933119,421620,903874,14.017532
2039,545284,79be9e367903460eb636dfffe81dbda61e8611db617f9e4bc7979cd4ab412ed9,545284,158965,263446,25.318382
2040,54287,0faded7129a4bd8dec5d62acd5112dc2f13bd6ffb98ec732af7265e7175b9ee9,54287,949661,378625,14.913259
2041,338941,70813b4dd447f1c195738cf06e10f172703a7ef97a0892aed64693ed4874f4b7,338941,834135,632512,9.482907
2042,537465,dbcf830b1f927a99a09cb4c44cf888a67f64e18ff26484f42eede0d33f772e17,537465,459139,227097,21.822414
2043,254626,f0d2a446fb90721d1fe6d77602a5888828b82f777d9229821108a5764427d5f8,254626,490795,58541,22.802216
2044,887183,e3e1723be8fd586a42b963858471aab870dada28ad02615a28a1bf52fabc11a4,887183,289457,11445,25.53012
2045,809551,a16bde8a57c9624198be26bf19af79ee084ce1795f7a04bf6a2cedf8094853b3,809551,914003,637218,21.231598
2046,606835,511cf1bb1a469c1d6f111a9a3316166743eca9327433c4e6431d26ad86a3283c,606835,356240,596520,18.678562
2047,55995,db8187ff202957967036ebc68ab21525fe526b14b3d30bad24937cdbf692f3be,55995,447271,55120,15.689429
