query_position,validation_index,shuffled_source_index,wrong_molecule_source_index,wrong_molecule_distance
0,35591,43293,46033,19.89786
1,25678,7664,42928,10.525093
2,3713,8603,40566,11.601229
3,33919,41445,33904,19.463194
4,38353,11394,15099,15.493848
5,16742,6767,38120,16.79625
6,873,1476,21112,25.66618
7,32673,38169,28270,4.0011597
8,16948,42694,29428,22.05529
9,15922,4938,30967,12.210905
10,41236,39051,46728,17.106728
11,24864,14109,20283,16.532505
12,25325,2459,40812,9.946285
13,6405,2032,38874,19.78738
14,13950,9252,34574,15.455613
15,42090,8581,7506,18.491829
16,31447,38670,37629,10.966513
17,33011,47864,28090,33.0355
18,5906,29338,4378,13.572932
19,7342,33607,48302,28.03901
20,26390,22417,46395,1.3786352
21,39089,39923,3352,26.626307
22,36927,14480,7090,6.169946
23,36112,32426,15442,8.525066
24,47314,12659,9065,23.343452
25,38530,34751,35397,21.911716
26,2656,28312,21038,9.814814
27,1640,49192,31832,11.16793
28,34019,16818,14690,19.324585
29,41435,9287,16428,8.530341
30,47230,11484,33912,8.907483
31,6713,43703,4662,12.856746
32,21772,30687,7079,9.51635
33,33405,26089,5350,13.590323
34,20691,39559,6153,24.332098
35,41903,2133,4269,10.110963
36,11952,479,49805,2.495357
37,34506,34495,38096,7.958572
38,26854,44490,31175,23.751392
39,35153,42672,28394,13.120968
40,43712,46457,9602,17.397594
41,1374,10552,32859,13.549821
42,47714,44900,29246,21.5944
43,36346,27438,27163,17.397398
44,15023,3866,22145,10.507403
45,408,16202,34223,20.826431
46,16163,37779,19416,23.340006
47,27994,5582,38612,28.94917
48,19133,46911,30971,23.90414
49,10313,5422,16281,17.083399
50,17768,13363,25320,21.684217
51,19201,3886,46891,20.586433
52,36533,5089,23101,19.389822
53,25112,4312,25922,17.920376
54,2642,29507,6270,2.856043
55,49280,4602,31449,16.187817
56,36105,22807,30390,21.48095
57,30497,231,42328,11.881351
58,19093,18228,11933,16.394781
59,44607,32925,26034,18.795437
60,8545,34346,6040,20.197828
61,26140,25967,27568,1.9268862
62,27228,19554,26369,2.8469248
63,36166,46316,38545,11.827062
64,38392,1304,30940,21.17293
65,6907,15280,23098,8.226217
66,22957,13045,8515,15.462041
67,41032,16087,38553,11.122147
68,24109,10974,6232,23.952238
69,27421,30058,28228,19.538368
70,28352,20176,20388,24.754221
71,15417,16358,12315,4.956131
72,31088,42550,29930,4.8919477
73,31364,19444,15266,20.896801
74,43939,17614,8191,25.354673
75,47203,27225,33235,9.403401
76,11164,12790,14517,27.441376
77,47887,9416,14097,22.209076
78,19785,37348,13239,18.63283
79,3830,43617,44492,20.396769
80,46752,17911,17785,19.675816
81,49682,45163,32641,10.546528
82,29462,6968,10117,6.7051644
83,4854,22512,9663,19.757662
84,14770,6729,42752,10.944384
85,25934,49973,13485,7.91685
86,36555,11242,16190,22.061853
87,2316,20666,17724,15.749489
88,41859,10224,37855,19.381544
89,27124,39496,47790,9.852427
90,37685,1752,29200,23.32462
91,33904,49804,35748,15.467977
92,22815,32367,34331,10.368656
93,41497,680,25659,24.710934
94,29823,42844,47009,10.07603
95,11728,22824,33808,25.074451
96,8893,29470,35994,8.684605
97,6211,29353,25298,21.505627
98,24991,24241,21119,10.5462675
99,5002,49947,31621,19.35004
100,27276,47457,34048,25.337261
101,8417,42560,2669,19.2627
102,4572,30412,15953,18.670048
103,1612,17950,24970,21.19474
104,49721,1659,7398,12.386792
105,43342,21897,49075,13.633804
106,7741,7582,9250,26.939789
107,14117,6044,37910,22.97349
108,10366,9762,29918,15.257627
109,10874,29565,36229,11.29252
110,12570,29402,15876,9.211736
111,21098,46925,36953,6.739358
112,16502,24767,34520,22.611938
113,24728,1717,49693,14.937761
114,39543,39662,25099,12.82872
115,14365,23298,10208,13.904415
116,24211,49580,49262,27.82423
117,10008,9032,19758,19.078913
118,6047,10969,19137,22.998089
119,23486,36401,41272,16.105259
120,4927,20627,29943,16.62055
121,40989,35756,22459,15.136803
122,22788,49055,38937,19.503092
123,27519,27977,37429,20.15238
124,29550,47045,21898,14.086065
125,15917,42759,48950,15.994597
126,16073,21351,31811,24.198584
127,27801,41784,7836,13.388446
128,47966,47276,34524,15.620265
129,4046,16112,37218,17.372612
130,35497,41283,2663,17.951126
131,44355,26567,23399,20.904644
132,29987,18079,35309,13.969537
133,28722,38268,44864,21.281004
134,30651,49482,1049,23.792484
135,3008,3646,436,11.916632
136,17830,17084,29095,19.646894
137,7290,33367,30415,5.1982193
138,4023,30604,41156,20.67403
139,45712,16528,15874,15.828152
140,30183,11144,25778,12.594439
141,25018,31634,40351,15.632194
142,49411,21980,3752,12.945301
143,4113,3010,29671,8.563555
144,43185,32845,9599,23.075613
145,35533,30599,25474,12.16287
146,26707,34516,7875,8.592699
147,19977,28408,49215,9.119032
148,42512,23324,32211,5.463882
149,34258,23354,28605,17.342222
150,49814,18730,22077,13.958452
151,17949,44661,34505,18.35899
152,29576,578,48049,17.133545
153,2449,12064,35876,19.270864
154,31072,24714,25691,24.25688
155,32887,24050,39995,20.331583
156,458,9865,30896,13.20288
157,11043,46719,25634,22.299618
158,34525,39639,545,19.014576
159,14979,29654,30412,20.388475
160,29710,23797,2226,13.285605
161,24237,1411,26811,8.554156
162,1276,31610,17261,10.587139
163,24563,28161,32451,35.77545
164,29598,44863,29856,7.1316614
165,903,24224,202,19.73996
166,10521,12444,46811,22.959124
167,13210,14683,4822,24.478033
168,19186,46009,17307,14.322028
169,39508,6619,8269,7.0795565
170,43455,35099,2147,16.893545
171,13842,2844,3170,21.241703
172,11626,6247,40828,18.451525
173,28813,12583,28050,16.608192
174,20822,34689,37425,13.916078
175,17156,2827,20058,16.762115
176,14496,41793,41884,3.4517815
177,417,6217,14030,10.178401
178,37940,37927,7026,10.653523
179,34078,29136,6059,9.420761
180,45151,20015,4246,14.766675
181,34654,28303,49494,19.299538
182,47366,22827,6313,24.066807
183,48449,6884,17335,15.910409
184,47352,1640,43012,3.6973848
185,35385,19948,38192,8.756331
186,9119,46800,29279,13.805145
187,27372,18906,37665,11.385083
188,2610,28958,11524,10.874203
189,8213,8271,5526,18.075836
190,32897,39091,47254,11.344848
191,23212,39538,23535,8.046944
192,26522,15081,31519,10.874708
193,45578,10720,40539,21.046696
194,30025,12737,47300,21.076683
195,27411,7456,36452,17.828173
196,16192,23907,20319,7.6562343
197,826,7929,41691,14.607645
198,42131,20404,17882,9.759379
199,35188,3412,35009,9.017649
200,37473,44875,14015,22.59359
201,36875,40477,20540,25.109243
202,27957,16377,6549,25.604641
203,27160,48373,38569,22.131466
204,33739,47342,28800,22.016846
205,42753,11290,21581,16.94694
206,17203,43131,41463,10.725934
207,47011,43184,46541,6.217592
208,16011,45480,47773,21.033682
209,40824,34405,46425,21.936365
210,25103,21923,28524,17.753632
211,3685,36553,9142,20.064878
212,19032,41682,45926,11.67234
213,42687,6801,15341,17.757631
214,4711,41065,40560,17.179728
215,29403,7391,46977,44.18803
216,39269,28382,33052,13.460936
217,13020,20238,16780,22.344648
218,20976,30318,42429,20.735275
219,46794,46873,26871,12.524157
220,49966,25708,49650,15.853678
221,28453,43236,20669,14.1112175
222,6425,21979,17724,21.947573
223,42842,23861,25249,19.42633
224,41805,39778,47657,9.859926
225,7523,8740,20222,8.283652
226,46042,27852,15731,29.809551
227,29505,45276,7638,16.31256
228,44037,42785,25437,22.22
229,14490,38530,36451,10.360942
230,22398,49841,18149,10.255203
231,35728,28996,18214,16.836277
232,45750,43336,22037,13.215933
233,19565,43966,26083,8.92561
234,4916,46107,46151,13.412686
235,39277,48361,44338,12.36685
236,18388,42952,38793,18.541187
237,39413,8814,41056,17.841356
238,26846,5648,32544,21.040697
239,22698,46314,43814,13.588662
240,18259,42378,6717,16.852253
241,30604,25440,49024,20.861738
242,48287,8152,13754,9.298988
243,7547,43580,32380,9.7765
244,9175,4400,29511,12.375098
245,7783,36216,39040,23.365042
246,39397,6615,43145,16.933867
247,16668,40270,38740,6.6841407
248,33637,13422,15583,12.756777
249,6377,46973,31882,16.438696
250,22565,42271,43523,9.772523
251,465,33683,7265,11.71081
252,30477,15018,25314,5.584096
253,34354,8857,22396,10.573473
254,46769,35971,35766,26.767202
255,18385,29262,40038,13.701958
256,14576,45062,16329,10.710279
257,2278,41151,41460,11.93258
258,10535,25952,7340,19.873768
259,899,32963,11501,12.365112
260,5039,23912,2045,18.328625
261,15948,36389,28915,11.314054
262,14519,9848,34758,11.251584
263,31713,23557,12299,15.972144
264,43721,13611,11476,20.218393
265,37419,2757,35724,17.83394
266,17471,29373,29332,21.577576
267,46497,44931,3474,17.396788
268,40158,4534,18911,36.59319
269,49068,8016,16685,15.20693
270,33860,1244,3787,11.35945
271,47671,618,8934,20.399382
272,47775,27961,13300,19.35004
273,6932,49576,11821,21.629131
274,4307,38191,2511,12.451601
275,40248,11598,26420,16.022057
276,3411,29520,27455,13.3779335
277,25645,44889,32932,15.061374
278,31499,23711,473,19.92201
279,31305,3760,38048,12.641437
280,6337,25112,41599,8.559776
281,17329,17446,11258,10.684867
282,19810,38796,39500,10.853309
283,11237,417,30629,12.492605
284,9483,6229,24424,28.503483
285,30251,951,19849,17.979317
286,7492,18388,36680,19.475552
287,3560,2319,16898,20.087233
288,49404,793,45747,21.683672
289,28553,8822,26858,20.948097
290,35235,48389,13513,8.122987
291,32722,8507,28931,22.312174
292,45277,46360,21191,21.581005
293,4804,6110,38406,31.829226
294,46857,12293,26641,14.750794
295,804,18072,26987,27.25379
296,24091,9769,22855,17.35991
297,9675,24196,17218,18.067932
298,42537,8836,34686,12.320438
299,44569,27669,41265,26.133352
300,32742,41202,31028,28.190817
301,24683,28327,20696,13.338763
302,23176,939,37401,13.878866
303,11921,13670,27089,2.6914487
304,15890,18929,2753,3.1328807
305,25463,46539,6023,8.699393
306,22729,25748,39743,28.647972
307,45052,8668,26408,23.380281
308,46360,9105,23579,19.239546
309,9892,29138,14882,19.401966
310,29293,23410,43705,20.214647
311,26832,12155,378,20.783035
312,11933,33245,19093,16.394781
313,18495,7186,1695,20.44492
314,31630,12915,595,23.010452
315,43815,2527,47171,12.645385
316,1154,26688,21951,12.57895
317,9257,38759,45321,15.989334
318,38557,3323,10700,21.436794
319,15221,27830,48673,19.24603
320,3511,42535,826,14.80363
321,41344,36199,30947,14.868634
322,2777,26400,8967,19.109419
323,39657,6713,9428,17.848503
324,36327,19229,12688,19.596607
325,37206,37439,4202,15.529799
326,42274,44301,15525,8.861442
327,30926,45186,40451,17.16527
328,22022,49521,22354,0.91629666
329,38070,23977,11540,17.913158
330,38646,46461,10049,19.043102
331,8345,5503,11240,21.118458
332,37256,44576,34241,8.642532
333,7471,18200,13300,24.091381
334,11144,8307,12959,21.310844
335,4234,33860,18806,10.838751
336,14428,30176,15351,25.647253
337,43341,14403,10003,20.747688
338,20278,36640,24001,26.561724
339,13121,31169,2964,7.5763206
340,318,39510,19180,20.12278
341,2287,13100,26865,16.19757
342,42157,17766,6785,18.68513
343,17657,43784,13239,18.61289
344,24809,32781,3019,5.5789127
345,42909,9188,14354,12.894195
346,25974,29681,45169,10.61957
347,7664,30555,24028,17.81557
348,5187,9113,32741,23.356276
349,35360,8893,29091,26.13358
350,40187,48303,24830,13.871867
351,48742,122,18794,20.615765
352,11274,21688,15690,16.184084
353,16102,15961,28701,10.331895
354,25962,20577,18575,11.327015
355,42907,41649,25998,16.245125
356,3696,28250,38003,24.260017
357,9957,29057,27461,13.649545
358,1099,221,38294,9.972949
359,7583,45283,41886,22.212738
360,8970,48493,12267,14.485842
361,5476,2871,26654,13.282435
362,24492,19515,41569,9.924938
363,260,45973,26301,8.264045
364,9853,10192,47374,19.807142
365,37805,43775,22690,19.639954
366,1681,20727,46153,28.046745
367,36000,24694,28378,14.414738
368,6084,41078,30042,8.712658
369,17643,20241,39445,20.04126
370,32347,7705,32950,23.61551
371,4896,45378,14234,12.691963
372,31524,12963,42076,7.4668703
373,20230,30939,6942,13.345013
374,30862,22999,6445,6.89175
375,32083,11626,7563,15.182605
376,19783,934,48453,4.495766
377,5582,36700,540,8.154873
378,5988,49691,37375,11.779985
379,17153,42233,14168,12.81431
380,39051,4310,48556,1.9704233
381,33702,16772,1549,20.275574
382,39562,35787,2522,22.028585
383,35067,41957,37707,22.507181
384,13808,4175,905,21.724117
385,11713,20651,3061,15.316692
386,15874,26256,2320,8.4440365
387,41196,32386,45743,18.055788
388,30667,23507,15524,23.92883
389,1060,2591,18765,8.343633
390,45764,24252,35466,17.532259
391,3036,49406,39446,2.4201355
392,8682,20611,30821,9.101989
393,42040,28845,40744,17.834478
394,28577,36059,20131,20.910604
395,43814,29557,1340,12.8247175
396,21394,11722,13242,12.556707
397,18487,12605,7027,17.084618
398,10190,35008,9046,15.042912
399,46852,48060,22364,12.660141
400,43411,26269,21236,22.563187
401,29889,21103,5790,7.4341674
402,11142,40198,37005,23.639816
403,13641,12327,1797,15.174055
404,34850,20536,22849,12.773339
405,35947,34010,34790,10.417722
406,10634,49411,36274,23.872852
407,36098,10800,49973,9.860316
408,46691,49232,36918,21.075605
409,2319,1259,12377,14.051454
410,15982,25928,20806,22.225092
411,20118,34163,31552,9.8498125
412,42864,43768,37383,14.417058
413,35449,9924,1296,4.697957
414,29542,13215,39779,5.980151
415,20360,8892,4302,8.6206255
416,36352,3389,23594,10.863556
417,20290,16720,29837,18.306847
418,11110,5515,38760,22.56991
419,44504,14736,4334,26.446903
420,17884,48139,22413,21.587973
421,22048,9828,6337,15.246573
422,9325,36639,14302,12.654591
423,19238,38370,49472,24.72632
424,14394,4967,42516,18.303005
425,28534,17353,11555,15.449092
426,47807,7455,17417,16.820732
427,6408,27410,19425,12.468883
428,27111,18642,8745,7.5133343
429,37123,33001,46964,21.15329
430,29882,21277,13796,20.354027
431,27723,38707,14666,9.825913
432,27619,41461,10299,10.8569355
433,13891,49958,21723,13.316699
434,44158,7398,43267,10.169619
435,600,12415,35736,14.682745
436,34140,46443,6472,23.078049
437,28346,13514,17672,13.421484
438,7721,2969,4567,14.6469145
439,22462,15514,48340,11.21419
440,20241,42882,9570,12.017484
441,15528,13477,30493,20.458555
442,39629,41495,45245,5.504437
443,27702,47220,28385,21.673561
444,21043,45237,9821,15.7824955
445,26583,12008,18766,11.657968
446,35863,15874,6247,22.199183
447,21051,37923,25774,18.910772
448,40550,40129,40988,23.337416
449,19049,35286,15970,36.725674
450,43862,36821,17439,22.029476
451,30866,48940,18378,20.891945
452,28368,12654,15309,13.129705
453,24206,48781,41875,12.025602
454,32991,48274,20974,16.345505
455,6116,47325,8251,19.05586
456,30169,49561,25613,18.51529
457,12265,19942,1995,8.725887
458,256,16547,39450,18.96756
459,14209,33440,45153,20.440199
460,47338,19809,3218,7.7928505
461,1763,15752,49077,18.964554
462,10779,5804,23214,18.420706
463,18574,3238,6423,20.139462
464,918,38625,43164,5.6476755
465,14856,15024,23420,19.202177
466,11013,28706,3228,15.299245
467,38833,2017,32557,15.970707
468,33775,16600,47576,9.045587
469,49604,3609,16185,17.951805
470,40972,37813,47272,5.2102523
471,37104,13249,13563,9.73677
472,25402,2789,4435,2.331897
473,3459,1702,32035,6.4133725
474,19504,27547,43181,16.040285
475,41745,23634,19081,13.588523
476,16147,22703,11395,19.767925
477,11060,31517,38700,14.333645
478,17568,6403,18040,15.780821
479,31212,29951,44281,18.826252
480,41307,16914,37007,15.8894615
481,22949,17865,31405,20.052229
482,23969,6898,439,16.454512
483,28455,22041,9796,14.758828
484,25296,39296,5644,8.175638
485,4961,10845,1146,25.672583
486,378,45195,26832,20.783035
487,36355,7279,11659,23.647755
488,8004,42598,47187,10.884935
489,49155,4495,25762,16.998959
490,10018,14547,10752,13.769553
491,32758,29595,45619,17.378527
492,34664,9192,13592,19.014322
493,12584,48129,20782,24.99361
494,43134,2493,48027,8.161389
495,1610,45492,29854,9.274224
496,2171,34209,591,4.888528
497,41818,2063,44961,28.065815
498,28860,16304,39469,7.387734
499,43479,37060,24582,19.1988
500,21935,47549,42235,4.763345
501,32232,24991,17469,11.159773
502,5005,15178,40529,5.6605215
503,38396,26108,21357,23.348644
504,46082,8953,24739,11.430283
505,16211,42129,33238,7.2577286
506,43114,5829,23846,21.467493
507,19948,22871,18005,16.834768
508,11102,37675,35060,14.061719
509,1710,3925,18269,7.320075
510,1350,4711,30174,22.751493
511,12759,30356,26429,7.0521393
512,35256,26455,39382,21.289726
513,35426,11490,813,26.603916
514,47917,31630,41278,19.59316
515,956,37171,17547,12.478027
516,643,11050,27836,23.111286
517,9782,35026,27627,12.380552
518,46425,49949,40824,21.936365
519,34114,2358,38079,31.412655
520,46742,25198,16874,5.793041
521,34658,37057,32122,23.348791
522,41404,35664,23826,16.124477
523,14212,7368,16401,6.944271
524,43077,22812,38886,24.211597
525,37442,13668,19465,15.822965
526,43707,7511,8686,26.423058
527,8318,29273,23645,10.084645
528,8784,48230,25520,11.349968
529,30950,21935,32289,17.084553
530,12275,24394,20969,13.395939
531,23597,38354,21164,17.930346
532,15390,46763,8320,20.082973
533,6290,43512,1797,18.648573
534,26014,11164,15667,13.0547695
535,43812,16324,35881,23.099009
536,43183,11156,16896,21.218203
537,30511,7991,16586,17.396057
538,8729,21218,34163,16.136662
539,41679,10314,19489,13.323376
540,2723,456,38552,24.075098
541,42949,8025,10200,21.8253
542,29565,23326,33597,5.903066
543,30084,47958,2168,9.578469
544,24706,10729,39395,14.129441
545,3447,31777,14912,14.116001
546,23560,28702,43095,6.7436314
547,44254,41302,6958,7.0694795
548,15064,33500,12021,24.48064
549,42844,22061,9260,29.275826
550,41075,10491,814,8.572467
551,35911,25897,22256,14.096344
552,44250,11278,4313,11.674238
553,5707,41310,22683,19.559616
554,22628,4725,14567,14.587467
555,2499,10892,24962,13.1115675
556,48986,13311,33635,13.100629
557,47267,46267,36911,13.128831
558,14993,3153,35148,13.8840065
559,43988,43927,49938,18.441446
560,3835,15813,349,1.146975
561,25891,4236,49727,8.868987
562,49590,43695,42278,15.599095
563,28779,40408,31351,17.911274
564,18735,43110,42471,19.615213
565,20009,4887,48347,2.7714891
566,30108,10253,704,10.538527
567,8330,37742,30654,3.4553514
568,14789,15371,19987,10.79752
569,3069,4961,18205,19.723133
570,26646,47905,36323,37.399914
571,47455,34458,44188,21.610027
572,24125,33188,12306,8.484217
573,19771,48992,49690,11.002441
574,3361,41115,30367,5.14523
575,45463,23597,16293,6.852128
576,8642,47286,10935,13.438145
577,34418,10432,4953,11.480112
578,15471,26146,79,13.330511
579,4597,277,46725,11.386134
580,42472,14050,47918,21.3777
581,2482,47735,1534,12.393191
582,29951,40871,24023,13.466969
583,19875,42307,43100,4.7554193
584,43645,44007,6409,14.782307
585,21044,39904,49493,7.9436493
586,44814,41487,11612,9.008005
587,25193,48449,9526,11.590033
588,42888,44192,36572,14.966568
589,44137,38828,29382,17.936323
590,11301,24997,48959,23.52629
591,48808,17755,33422,21.340366
592,7854,17416,33159,14.317395
593,48295,39163,49108,25.234198
594,21512,18805,26232,23.66122
595,13215,43001,26042,18.728022
596,9872,18145,11683,16.951649
597,5410,18670,27607,8.047057
598,7398,41923,49721,12.386792
599,13307,35064,30044,11.066704
600,28891,25180,28615,12.097505
601,8192,16601,24264,17.397026
602,4509,18421,30856,9.784843
603,47380,29698,41613,14.076659
604,10995,32975,28194,9.886576
605,25458,44794,12553,17.268234
606,30705,24945,15758,22.977594
607,19976,14914,29729,20.588276
608,32544,14428,21396,16.010738
609,8174,24237,31915,8.248224
610,9079,7826,13321,4.861786
611,26183,39647,8592,22.288498
612,43557,22611,46293,10.547812
613,27840,3499,49759,19.270544
614,39307,5377,37470,17.383112
615,4887,4494,20806,24.184078
616,7076,33878,12546,19.860662
617,13099,15187,167,20.232674
618,28315,31812,40994,15.142584
619,41116,7868,3468,5.0310316
620,9311,6537,3458,24.463232
621,2244,16871,22838,13.573171
622,42713,18165,4085,5.0538483
623,30755,48564,35983,14.250308
624,25398,12207,48606,22.34789
625,29042,5065,3566,16.163313
626,40690,8735,20519,11.086485
627,28006,42829,34601,18.538034
628,10334,14053,30787,18.011227
629,27015,5265,31696,15.63199
630,11392,15405,41515,14.728036
631,19747,18076,33955,14.957422
632,40978,4455,19036,16.008059
633,32946,4558,1195,18.409277
634,36942,20552,35854,9.12514
635,25942,17542,36251,24.700264
636,35744,45573,3471,13.773258
637,34967,49376,47447,19.024593
638,42680,43836,35159,19.976751
639,31993,18292,5459,17.8553
640,14849,39253,19642,16.94765
641,12772,9479,8638,21.47635
642,40534,5880,35097,22.031637
643,41992,32360,41546,22.567835
644,9653,2706,48535,10.194842
645,34419,35067,28788,16.015602
646,17242,42840,6401,20.849495
647,13093,40089,26478,12.498515
648,14729,40437,13813,26.350384
649,22144,42089,44178,9.011617
650,12249,11323,34356,27.456213
651,36022,12111,38477,11.772429
652,35541,34967,34294,15.360917
653,44007,15638,1784,11.561592
654,46696,10602,38436,14.382293
655,32783,46187,1011,10.641497
656,37605,40607,21837,13.280763
657,23086,9007,45254,24.950375
658,30167,49675,14292,18.01004
659,47561,21801,28837,23.088165
660,48484,22075,25419,13.444893
661,34978,20429,8775,10.944986
662,7419,42864,49132,22.01776
663,15316,27747,11621,19.593794
664,38942,30936,9224,7.698092
665,10710,8445,20769,10.755222
666,14053,29060,23276,7.810453
667,25504,34498,35774,28.277468
668,17886,19484,30092,18.81206
669,5115,48369,31812,17.551098
670,33150,2565,1132,11.95773
671,45036,1161,7990,13.320649
672,8053,15436,44402,5.2509766
673,4439,25005,38966,17.413437
674,14956,41435,35959,18.885904
675,39043,9360,42805,17.450005
676,38503,42941,45524,16.159779
677,37946,22453,21469,16.11183
678,40778,44747,36727,6.5167303
679,27236,32872,16851,24.801025
680,36047,39687,12028,15.1867285
681,49254,976,24174,17.321516
682,29093,28579,7958,14.658578
683,2695,19776,23093,11.503566
684,16106,39178,18921,21.363575
685,15707,47501,14842,3.8122277
686,45427,5090,28600,10.876224
687,11214,21574,18977,18.36985
688,19489,44758,38036,12.338755
689,24114,34115,9357,17.096771
690,35808,42977,16183,6.009839
691,49370,14066,24734,23.070406
692,15364,19920,40880,19.540648
693,3792,991,14230,17.55594
694,8993,28726,40774,13.470091
695,44594,9564,40413,24.777826
696,47681,28662,48885,21.69569
697,13962,34594,48150,7.5735006
698,11649,28139,43290,6.3229337
699,15767,38837,35749,17.167356
700,33222,39323,7946,5.98617
701,29242,4807,10680,14.254287
702,16239,28378,37882,7.025067
703,33668,34446,35575,24.304842
704,41052,39252,46657,15.008689
705,5360,18567,2577,11.370213
706,43085,46006,30435,10.487995
707,44577,27399,7126,31.477018
708,18670,44932,14167,22.527576
709,11229,14366,41127,11.360987
710,36985,41394,17769,13.537108
711,46901,8049,46531,15.730414
712,23318,29936,33135,17.717268
713,526,18924,5622,15.162515
714,20153,27831,28654,22.644693
715,5899,45670,42729,10.583328
716,35734,40619,46780,12.244548
717,39559,13314,22124,10.329366
718,6325,9122,24786,22.610601
719,3270,31232,36049,13.367788
720,43092,7330,30804,21.847963
721,17202,3523,30062,26.803944
722,21358,34019,19981,11.867648
723,10038,4257,28397,5.6236324
724,15638,16152,24379,10.869212
725,11358,29870,19662,11.5271
726,42672,26183,48214,10.463495
727,29391,37509,39375,4.061448
728,19152,21183,23867,14.977057
729,27347,45254,15757,19.34524
730,1770,25018,49682,23.232384
731,13326,8059,41310,24.340729
732,49981,38777,8254,19.049683
733,18939,27681,13125,12.199513
734,12598,31490,31545,26.212091
735,27220,5722,18087,23.764292
736,46546,5389,48723,7.7397394
737,1586,27128,34154,8.290973
738,8869,43963,44661,20.114595
739,11156,38027,41121,11.049184
740,40268,44688,32698,16.952671
741,10573,25347,3543,24.165617
742,37812,33706,32397,12.400926
743,21996,27095,39876,11.746691
744,36582,4943,11648,19.188786
745,29274,22954,30056,12.182641
746,44974,8512,11136,17.566275
747,38524,12202,22459,19.06216
748,2173,18299,3186,15.708161
749,37001,33874,8098,24.097702
750,21686,17191,34859,15.855099
751,2747,21705,4850,17.20926
752,22042,35486,35100,17.768394
753,36618,36047,40348,20.77951
754,14914,4537,17304,13.023904
755,33274,26756,35366,21.028902
756,37558,43862,7296,24.30444
757,12242,29032,12309,6.7739735
758,6428,34588,776,8.8121195
759,23449,38935,32042,4.382555
760,29817,35187,4789,13.264291
761,13024,43697,8104,9.311831
762,9516,48506,44850,24.794325
763,3423,8614,31189,10.453306
764,10034,30909,42597,18.724749
765,6629,12187,38490,4.9182525
766,37707,16118,1006,18.72697
767,45893,19178,35332,19.534002
768,16255,18424,49228,21.323946
769,451,17597,36631,13.99318
770,19625,30382,44920,10.762239
771,28702,16091,43250,15.744515
772,18424,25382,33441,9.87165
773,3687,39154,25918,18.130684
774,34810,41595,2755,29.563272
775,4073,21672,26915,8.1068
776,11312,28205,28429,15.912465
777,49846,2098,21515,22.532084
778,34676,34765,6727,16.768486
779,2909,4888,44703,17.939665
780,27097,5003,22116,25.10603
781,34874,42534,26417,10.269536
782,2805,39292,17985,15.388718
783,44179,4634,48130,17.529606
784,27556,27220,38264,15.335227
785,7767,32097,22771,12.821181
786,5260,19859,20675,12.819682
787,10146,12114,33149,8.474593
788,15587,2631,29589,19.259333
789,24780,39068,17525,19.858072
790,26269,19186,20480,10.602388
791,19546,28730,38977,25.521322
792,43553,48125,3971,15.151795
793,3185,42894,28883,22.208115
794,33898,3997,5526,23.92461
795,35544,12367,31210,13.637783
796,9710,38492,2045,19.071325
797,1376,14841,1940,20.12916
798,22806,17389,32632,17.856258
799,15306,4248,20546,19.82606
800,48739,5476,27139,17.233574
801,29619,46724,29570,6.4697123
802,49192,15256,23296,24.243536
803,4278,20118,21762,19.651554
804,49710,24616,9612,26.149454
805,35636,41632,36897,6.6789427
806,44674,41745,12973,1.0175463
807,35599,28055,20969,16.156145
808,6694,21473,5307,12.810146
809,5669,4999,15732,31.192228
810,5389,11478,32287,11.987716
811,49691,3015,21308,21.52206
812,29740,35284,16240,8.193625
813,30305,4552,12899,20.763163
814,33546,30381,28773,11.345945
815,38738,35633,31175,19.139566
816,9583,22073,49108,21.859314
817,26855,9456,32372,18.83946
818,4957,36098,1283,22.097534
819,17130,34908,21375,26.29533
820,30103,9997,838,11.469974
821,7135,6100,28410,21.187027
822,12081,44607,35191,15.786717
823,226,7894,48218,11.142959
824,4650,2217,40699,18.871601
825,5676,845,21777,12.233691
826,12410,15541,44913,13.93478
827,3043,37450,22270,14.669454
828,730,29239,40308,13.445347
829,28060,22801,26229,13.341591
830,21272,47671,8170,21.608593
831,38548,5850,1648,20.517101
832,12764,2792,1572,22.305977
833,13655,22982,40231,5.690869
834,30873,34556,24068,21.575787
835,16495,35542,21212,17.404524
836,38966,22588,4439,17.413437
837,35864,3843,3183,16.957113
838,27758,38602,44359,17.141024
839,18215,31550,25274,20.10199
840,32039,14965,19521,10.994483
841,20881,4968,38374,12.103829
842,34365,42319,26859,12.050837
843,29233,34370,30908,10.301936
844,12102,21823,47682,21.893476
845,13200,43134,34317,19.089537
846,22637,45776,36619,13.790893
847,9965,10351,13369,14.283438
848,22885,28709,28884,16.836443
849,3980,4421,43713,16.528429
850,39964,17700,5634,15.146542
851,29032,11274,14838,21.133898
852,42082,26988,29748,19.93736
853,3746,42556,19990,23.90901
854,17807,49996,37447,29.129278
855,49564,3685,49141,14.416279
856,33782,17965,43115,18.669947
857,34646,42466,30963,5.0312986
858,1460,2988,17124,24.032927
859,41308,30970,41716,26.066856
860,34791,11654,1871,25.79453
861,6169,19898,6030,26.364225
862,23652,4050,34624,7.8696346
863,7769,35123,42593,14.770477
864,12693,25864,24507,5.6495557
865,17479,16844,20762,23.497847
866,3810,16265,19615,16.05959
867,35756,38539,181,16.968225
868,18830,41716,23872,22.562754
869,14249,26141,37582,21.607414
870,883,40694,14374,7.236821
871,31589,13326,35585,6.8656096
872,48142,2759,41594,26.151676
873,2276,5444,47530,15.440105
874,22904,41674,20579,24.07908
875,27437,7854,2832,17.197071
876,32066,33604,42594,13.59687
877,44302,29962,32098,21.096296
878,49833,9856,47587,15.286122
879,21840,21175,7145,31.275173
880,19849,40140,13139,11.294524
881,5783,47891,26255,10.270155
882,36557,34578,45705,7.625064
883,44900,10441,24249,5.7083025
884,872,20680,37962,13.562914
885,32792,16308,32348,8.941727
886,10958,28676,37022,11.161883
887,28184,11463,18474,9.703942
888,42835,46071,32914,18.316608
889,38509,44994,47634,17.569345
890,33179,19250,49206,13.921402
891,30244,44254,37365,19.529112
892,35283,11785,27966,12.709447
893,38707,26390,46529,12.705719
894,1291,17742,7958,2.3987048
895,3610,22563,26849,10.998879
896,36968,42782,23558,8.522245
897,37162,19603,10575,16.814924
898,38863,8962,18629,25.883116
899,25848,41108,20580,27.496145
900,28161,13184,13982,8.935355
901,10949,14733,47559,12.122996
902,8850,560,2981,10.739861
903,12724,34188,15964,21.692368
904,32190,48818,47938,18.881304
905,48503,37673,24022,23.216442
906,36297,18980,27107,15.915326
907,30586,662,581,22.912985
908,16946,16771,9080,7.8733335
909,25241,30025,37615,22.433977
910,28360,26274,47730,8.404319
911,40136,26555,11425,6.0681553
912,42767,7356,24420,24.15934
913,5793,26074,5733,16.311205
914,12474,23498,32337,14.132464
915,48772,29542,35110,12.636525
916,22343,25881,6976,14.719894
917,5672,40458,17258,15.089301
918,42568,9655,35896,14.045876
919,10982,46311,15562,13.969545
920,36803,35373,1561,11.651641
921,13722,42828,19717,14.841817
922,1568,10978,43473,10.082824
923,9032,3856,41493,26.668036
924,33722,47018,7205,19.729519
925,18037,48224,43176,10.318583
926,32208,14096,17165,22.651926
927,13604,11142,15337,21.133333
928,45011,17675,42011,14.68799
929,34585,29598,14246,11.867092
930,6764,48999,9748,13.21779
931,37991,35461,7876,13.344381
932,16308,19639,11000,30.042238
933,11702,36555,20124,14.3299265
934,11245,35950,28976,19.985107
935,34498,44918,25925,20.471695
936,33596,18971,21529,14.078108
937,35930,47548,9606,23.217672
938,46256,20392,29301,21.7327
939,26533,24389,24629,11.985282
940,13240,31005,13649,7.5438175
941,5703,5402,9345,14.694521
942,41691,36327,29794,5.8486466
943,37561,38353,26618,12.498476
944,35701,47013,31290,9.777043
945,6597,24895,18945,10.526183
946,25563,3838,46526,26.89123
947,37927,21509,14629,19.7018
948,48097,20334,37740,23.90765
949,26756,30708,13346,12.950185
950,32077,15810,43525,21.266518
951,28938,46901,4013,25.531599
952,30141,39572,4507,10.234918
953,16867,15547,29072,13.576246
954,24273,37205,18358,3.9833791
955,2855,25766,37628,24.398607
956,31023,1822,33159,17.717958
957,13551,30518,34723,9.241835
958,14153,49564,11279,14.611606
959,42649,44594,6902,22.295856
960,3651,16590,37642,9.367236
961,2087,36944,7173,13.706723
962,11261,33979,26024,26.346872
963,12111,19941,41769,5.3216143
964,25840,48066,9273,15.42269
965,29851,27179,4994,10.362968
966,25741,876,46689,15.796674
967,28719,32140,39707,25.37715
968,21388,41004,10534,18.189714
969,42959,32349,4084,18.698826
970,12561,7732,27573,8.5528145
971,15796,26975,2345,2.8834794
972,20747,23989,14999,4.3420634
973,12047,37148,11373,12.364994
974,37935,43477,24550,8.159721
975,16062,14549,41565,18.334435
976,21007,18465,19602,15.194226
977,35182,13726,36843,23.817059
978,49708,27797,42943,14.354222
979,17878,13093,27178,5.054778
980,34256,22597,12604,15.095052
981,18364,1646,13600,14.996182
982,2030,46715,16049,4.2865787
983,7970,28194,15613,23.351877
984,29186,29505,1585,19.121157
985,18928,46834,13708,2.1951318
986,43607,42392,25892,25.804913
987,30585,45488,31259,17.713003
988,21620,1249,572,14.2455015
989,47765,37017,40279,12.311875
990,24386,46327,15796,21.027618
991,26340,31940,27851,23.327248
992,47551,49647,6629,13.527379
993,44452,5809,1720,19.947392
994,20736,2679,48281,15.866393
995,36899,7498,9773,10.724283
996,36944,34385,48573,21.675209
997,17074,46776,13997,8.782098
998,6796,39992,41132,51.847923
999,119,39401,11429,16.492004
1000,24857,34232,26719,17.540174
1001,10563,11350,18409,9.622653
1002,14101,39549,33600,11.800321
1003,3799,48924,37220,27.336924
1004,49734,989,11503,9.651091
1005,45185,12759,38701,10.31089
1006,19767,39233,4579,24.184214
1007,36333,44303,21892,16.381767
1008,22601,49583,36982,21.567236
1009,49875,25605,12240,17.77745
1010,13204,11043,43858,10.633223
1011,36650,25571,14039,17.158327
1012,4179,44172,46139,14.101569
1013,14687,5410,30929,12.509898
1014,17220,33660,12780,15.3523035
1015,23372,8142,35683,16.182568
1016,33245,21995,11042,12.57828
1017,6442,33764,33558,16.704645
1018,35486,8912,31635,20.877052
1019,35148,44765,14993,13.8840065
1020,25546,43406,8971,18.565361
1021,3554,2650,10778,13.576767
1022,42693,619,42482,4.130501
1023,15153,8728,23741,19.19797
1024,44783,10697,17454,10.762359
1025,1174,46281,35955,11.803196
1026,5221,11301,21641,24.278334
1027,40204,8345,9216,18.57974
1028,4618,21251,8675,11.841281
1029,23938,43000,46628,24.478456
1030,49489,24136,34758,10.220482
1031,31938,15161,31971,21.658115
1032,38837,2963,47572,15.840514
1033,48781,3111,44962,8.601886
1034,5853,15551,328,9.554263
1035,1239,9115,4825,14.527243
1036,30940,15100,2042,17.188803
1037,32140,35734,13544,12.946102
1038,37157,12649,3790,10.176068
1039,44145,33257,34411,20.730005
1040,12015,5522,37956,22.353565
1041,14529,48135,2807,7.5330815
1042,19623,10018,48076,13.809212
1043,13856,23858,47692,16.805986
1044,1353,8637,16247,17.170221
1045,38301,27645,40035,17.769026
1046,29868,22367,38442,10.15524
1047,3482,42687,23432,21.662565
1048,12084,14597,23567,10.051965
1049,14700,2021,19284,5.1916633
1050,35787,48894,27535,24.302532
1051,2475,48915,10682,18.535011
1052,42516,20367,9540,16.558697
1053,48392,2618,36502,16.000168
1054,48413,47833,44665,14.977343
1055,15398,30515,40513,13.897408
1056,23140,29078,7230,27.593317
1057,49420,16942,11367,9.542258
1058,31267,42662,31053,21.90691
1059,17741,4386,8738,22.252348
1060,35293,34321,490,15.617053
1061,20015,16,17277,19.5326
1062,33764,34585,21430,16.45564
1063,29190,1651,16590,19.7373
1064,41765,7497,16608,21.23441
1065,42431,19189,2764,5.5347357
1066,34294,4484,30057,14.329066
1067,7868,43275,27749,18.945723
1068,5740,13307,28539,21.234215
1069,9456,2656,7920,1.9176147
1070,36523,14614,14788,19.95042
1071,37039,39578,31747,22.572659
1072,32458,34154,7473,16.139612
1073,18804,28767,3516,23.980852
1074,49996,31998,27303,20.649872
1075,10470,26234,47231,16.718853
1076,17444,648,45068,25.542116
1077,47286,19514,9066,19.32396
1078,30756,28603,15999,19.570822
1079,19229,30511,9365,19.549786
1080,41477,14910,9697,11.832717
1081,33539,24576,8599,21.917019
1082,9967,26855,34433,10.244937
1083,27961,38148,19964,6.7543206
1084,24895,26576,33658,8.802022
1085,37774,40644,11153,4.110593
1086,33055,40522,8403,8.10363
1087,22195,41985,26935,22.378841
1088,15841,5356,34876,14.876379
1089,3940,10563,1026,8.927709
1090,30052,47242,38683,24.637787
1091,35216,34737,46709,22.451239
1092,21546,12704,13682,20.44192
1093,30729,24291,17641,16.151632
1094,26730,37876,35260,7.309678
1095,45673,30560,33388,7.8511543
1096,39416,2533,27587,17.25639
1097,5290,4266,12177,9.725386
1098,49860,9471,5798,20.56977
1099,27878,47404,25203,17.939255
1100,4757,4572,9680,12.300855
1101,31240,41956,22713,20.070086
1102,1923,8101,10247,17.815603
1103,40280,43721,17689,17.096811
1104,25060,30667,3443,19.731411
1105,6343,33520,19113,13.963374
1106,8126,11261,24998,5.793062
1107,46384,5399,7672,23.354494
1108,13475,23976,17930,23.6348
1109,43477,20526,47068,21.54685
1110,43695,49250,18798,21.41049
1111,41632,46756,17049,5.5175056
1112,39249,42322,37717,18.706081
1113,22047,34654,28401,19.326012
1114,9513,28085,40030,13.956081
1115,38602,44920,30111,16.232924
1116,16790,33583,48506,16.115187
1117,29762,25433,17017,22.632315
1118,18072,49814,15445,24.66467
1119,15230,26515,2331,20.375992
1120,32798,43517,15030,21.504005
1121,24041,12793,5816,23.152847
1122,49076,11088,37434,19.463627
1123,9865,2669,45196,21.581491
1124,5424,7605,29604,14.964264
1125,12727,29412,4374,15.254086
1126,27724,12901,5064,23.00848
1127,7826,13847,11364,22.54419
1128,46731,8336,16940,9.666023
1129,2757,46508,14995,19.012482
1130,24662,30668,33296,13.458296
1131,24768,4150,49552,22.376072
1132,28739,1568,40231,23.454561
1133,33479,43231,17506,27.222347
1134,29520,42302,26013,16.988478
1135,4191,48392,11477,15.117428
1136,12219,47278,5809,15.699491
1137,35575,18364,46705,23.680006
1138,4508,7259,39586,21.623201
1139,1799,3310,25654,12.775442
1140,43959,31362,20410,16.917229
1141,18073,26865,26790,12.739426
1142,13894,5584,39537,15.314644
1143,14467,45673,7611,19.91118
1144,36867,35899,20625,15.118364
1145,14885,45802,2684,12.603517
1146,22775,8292,49288,19.761875
1147,4193,28184,2899,12.265715
1148,34080,2644,14827,8.568436
1149,23314,4189,8459,20.081955
1150,9258,36875,11566,20.176039
1151,34160,41914,3549,24.14878
1152,37916,30293,26131,19.691193
1153,38699,31316,25967,15.873624
1154,5850,19261,17598,15.921737
1155,35572,22006,13525,24.761992
1156,23273,10839,22719,6.8430543
1157,37149,16633,66,19.624891
1158,42118,4697,2551,21.88879
1159,46558,46994,19835,17.265074
1160,46873,12632,16056,10.679708
1161,49789,39865,47527,30.544065
1162,14870,19327,45392,22.031794
1163,1986,10535,5679,6.922228
1164,13812,46787,35075,24.673073
1165,44427,18092,46374,3.2166445
1166,14096,34575,31944,21.815964
1167,41514,24273,12872,22.038784
1168,6018,45346,40885,22.293718
1169,47973,265,25609,18.765814
1170,31654,4023,43938,17.022804
1171,264,14954,38737,20.216394
1172,29213,23585,34276,5.74486
1173,45698,4949,38344,18.42504
1174,12901,6644,16865,15.469365
1175,12366,18367,7844,18.033903
1176,13509,27355,44516,13.211267
1177,24491,16163,13755,17.565828
1178,22679,19625,10060,2.2903287
1179,7304,34607,17990,14.60589
1180,10291,43645,32061,18.58051
1181,13879,31216,22308,14.725681
1182,45973,44591,44276,8.199538
1183,14461,2804,22719,7.7310123
1184,47014,16196,35189,28.476467
1185,32572,45520,36851,20.917233
1186,38970,49051,5240,18.226383
1187,3856,39787,41026,10.989141
1188,15234,2006,14318,18.079117
1189,14878,4280,15892,14.644352
1190,6966,1934,26895,12.2563505
1191,14988,31481,6085,10.865859
1192,27988,20036,46522,8.673254
1193,15835,31653,24341,3.3798432
1194,26194,41459,46876,19.010841
1195,13134,33590,14964,9.631859
1196,12079,7166,34443,8.841134
1197,36964,40066,45166,29.48933
1198,1045,32633,18584,9.280737
1199,12327,553,18804,24.334738
1200,31777,47351,27585,12.7712755
1201,30936,25926,12429,22.85147
1202,12114,12240,35222,18.169443
1203,7356,21744,12621,18.493883
1204,44595,24535,34592,9.771735
1205,3302,38808,35076,11.396956
1206,42908,3840,13145,3.1520896
1207,4888,41095,10675,8.617028
1208,4126,37545,49735,13.147312
1209,47815,15103,40261,21.124928
1210,19103,31860,11772,13.378185
1211,15576,3861,22162,17.13575
1212,7187,2487,16639,17.10036
1213,45346,17295,12433,23.575972
1214,22872,25379,25580,11.841632
1215,36802,39446,32231,14.220613
1216,18330,49453,11716,16.61258
1217,46151,32092,44278,9.442673
1218,5353,25338,21963,20.55631
1219,5663,37011,17467,16.638945
1220,946,42288,38124,21.641996
1221,37151,6172,2651,11.824523
1222,31892,48822,44348,13.557495
1223,9861,42454,12861,17.552488
1224,46358,38147,8076,9.944279
1225,38511,15597,4604,3.2947452
1226,24526,32945,24279,14.06733
1227,3863,29576,28417,31.530104
1228,47976,20472,12879,9.783235
1229,40089,32232,43206,11.803832
1230,43174,44793,43725,13.317872
1231,14709,39165,12943,37.89254
1232,20635,23629,9824,9.256161
1233,25608,19298,39586,20.407187
1234,25419,21226,22500,11.495116
1235,11869,43398,10211,11.356344
1236,43482,49931,49300,13.242186
1237,20159,398,2973,15.482372
1238,13596,24338,26837,1.7069196
1239,46787,7282,27072,20.176186
1240,15675,2204,22432,15.900869
1241,39906,39158,45721,18.819565
1242,11206,17156,42060,21.072067
1243,32284,29760,27912,2.0019827
1244,17166,1045,4336,20.871643
1245,12350,21582,42510,14.33963
1246,12270,10999,13879,20.334496
1247,4441,4143,45715,22.755869
1248,18134,15146,32699,5.537338
1249,21801,3327,48527,22.527729
1250,4815,48248,19904,13.886529
1251,15293,705,35010,27.917582
1252,47149,798,40124,9.575844
1253,13391,45463,32074,18.804453
1254,30329,23926,33017,25.266447
1255,23764,23621,987,22.119715
1256,15632,31646,29974,18.451742
1257,47868,40256,49317,10.713818
1258,40356,14587,43755,12.235373
1259,46486,24125,37524,8.538287
1260,46176,19057,48837,22.398197
1261,34268,9166,664,9.485701
1262,1633,26564,33786,16.071875
1263,36879,48458,31318,23.925508
1264,40665,9727,17253,23.266296
1265,43768,13475,36372,11.055403
1266,19189,32143,29651,21.229988
1267,12282,38252,32891,9.808792
1268,12205,36582,26137,16.634455
1269,36652,36699,18673,19.761225
1270,10907,49955,7435,13.22428
1271,45601,24971,21150,7.103019
1272,38039,13531,30753,16.93099
1273,38289,5988,14172,29.45206
1274,2804,25032,44720,11.429664
1275,3898,10181,29759,10.720469
1276,24336,1738,3442,14.538246
1277,21635,37204,28398,6.21219
1278,524,10772,4089,24.134243
1279,2541,17931,4597,18.944221
1280,16112,2610,49640,18.793777
1281,41987,35188,23474,11.333479
1282,47158,22747,9079,15.413423
1283,3760,21455,27703,15.819747
1284,22859,35219,45318,10.134399
1285,11277,42730,48732,9.100567
1286,61,20358,27371,21.619297
1287,25203,43289,42717,13.411485
1288,8837,13451,22626,21.4224
1289,27651,25583,14618,17.349257
1290,15167,30502,37046,11.122718
1291,21632,27052,37963,9.928332
1292,48443,30755,48657,22.317862
1293,36027,30896,1105,21.555672
1294,43302,38301,27087,10.380482
1295,12458,35744,13282,16.00306
1296,6833,31814,376,23.093174
1297,37042,32462,5849,20.577099
1298,33618,34724,32820,17.961065
1299,20416,33951,32660,12.853612
1300,45155,41297,19245,21.10178
1301,31733,30980,44455,8.600296
1302,43807,10920,41144,23.293402
1303,7927,45117,24259,13.700461
1304,11803,910,28621,21.689478
1305,22532,13195,34693,9.867011
1306,5006,29200,37170,18.179672
1307,40573,30559,16740,11.0540495
1308,40681,8092,13407,14.078879
1309,48493,18001,30425,21.869967
1310,45975,41323,27071,17.554365
1311,48381,23176,8972,19.966806
1312,43927,15296,2188,13.011995
1313,8529,1933,34119,14.498451
1314,30262,18255,22103,10.533788
1315,10170,26794,39911,12.135284
1316,24906,12776,22034,19.36426
1317,22557,11865,49282,23.250069
1318,5350,35148,2638,9.064863
1319,48501,31528,5503,26.925879
1320,44656,32875,25625,4.1369677
1321,948,31023,5762,17.66745
1322,16152,8760,40989,19.215977
1323,15049,29243,46149,21.264572
1324,38904,12693,21890,24.616066
1325,28399,47562,45319,18.978626
1326,9301,29831,42553,20.83931
1327,46317,22457,44390,5.40076
1328,46314,46291,2625,7.1183496
1329,38111,5371,19041,19.083548
1330,17828,39953,33612,16.005613
1331,34888,17030,30712,24.186808
1332,21641,31858,23954,10.436693
1333,32040,20448,12410,14.456672
1334,18920,1242,34218,13.740977
1335,35994,4479,8893,8.684605
1336,9267,28429,5465,11.368011
1337,15719,14316,3037,23.766754
1338,32430,44270,41721,10.21642
1339,47404,47835,31875,20.531101
1340,47044,34581,24337,30.451866
1341,37369,9555,49322,22.437138
1342,3989,2348,22790,17.918203
1343,16585,40917,35534,18.446413
1344,37626,45485,7944,7.272594
1345,15873,26328,24433,8.828498
1346,41721,12604,32430,10.21642
1347,41339,27327,42990,29.559402
1348,1855,31848,15100,27.488447
1349,21223,12890,27662,9.77517
1350,25752,25907,40977,24.128263
1351,27018,32041,48188,21.109022
1352,22808,40962,37963,9.210113
1353,30672,38953,27790,12.994538
1354,47520,15196,7104,19.982561
1355,33387,3940,18786,12.215023
1356,21902,18259,27105,12.81432
1357,31429,35910,20287,17.928446
1358,8061,13088,8580,20.065292
1359,14152,13140,23306,13.632936
1360,46891,24870,19201,20.586433
1361,8180,22136,46252,23.932749
1362,3364,2347,41526,12.979768
1363,31456,29710,820,14.182904
1364,31812,15681,5115,17.551098
1365,16418,45563,41159,22.595825
1366,13002,31821,3962,9.607126
1367,18580,18720,6704,5.7881293
1368,5613,28813,31186,13.557567
1369,20611,39597,32349,16.656485
1370,9114,29225,34348,16.248156
1371,21955,22229,25751,16.531109
1372,40792,35953,22575,10.902455
1373,43855,49932,4573,18.89538
1374,39117,28589,17066,8.481454
1375,13645,33203,14074,23.546606
1376,29068,30322,42535,13.699926
1377,32697,42266,34962,19.199434
1378,8251,11280,6116,19.05586
1379,11772,47464,6086,12.9060135
1380,26455,44299,41165,18.79138
1381,40917,19720,48701,4.8128552
1382,47150,40993,20323,18.041666
1383,46443,856,17326,21.467783
1384,42977,46044,35505,22.167862
1385,11937,3873,37665,11.592318
1386,28410,34615,7135,21.187027
1387,40563,31965,19070,8.524809
1388,34142,12233,3626,11.9292555
1389,31322,25309,44786,7.128854
1390,38878,30953,20190,23.1781
1391,17146,4010,42580,14.100296
1392,14182,26543,15367,14.959005
1393,11680,32722,8329,4.2109303
1394,45345,17759,34940,23.762615
1395,32780,14894,27621,11.565493
1396,26719,49676,24857,17.540174
1397,35642,43034,1640,14.653984
1398,48072,1635,28271,5.1791396
1399,49804,33070,44398,16.51377
1400,39407,14558,37897,26.37979
1401,5475,6143,34643,29.884853
1402,44741,7494,4399,13.9235935
1403,8381,32697,17052,12.316197
1404,18393,44975,962,21.466734
1405,24723,22462,45396,11.497559
1406,588,18753,48932,14.341486
1407,9502,16846,23694,7.709548
1408,27186,42208,20872,15.681585
1409,4468,44454,4203,20.043694
1410,35759,34936,5945,16.203932
1411,15196,9923,27369,20.15433
1412,26306,35330,26528,17.918
1413,36347,7965,19658,20.70096
1414,32378,28674,26991,21.058933
1415,42141,5395,8349,22.21026
1416,22827,8511,27454,17.807472
1417,2570,17384,46465,9.251564
1418,16358,25411,25555,27.36488
1419,4310,43565,509,12.725812
1420,36859,7017,12336,12.073688
1421,1238,24994,33107,18.49175
1422,43641,10310,34712,17.957766
1423,29304,654,24436,7.866136
1424,4374,32511,12727,15.254086
1425,45403,31176,3627,11.425631
1426,27970,32758,1994,20.25781
1427,39002,11713,2873,4.1329675
1428,43289,6905,47280,16.086937
1429,26220,13832,39548,20.86527
1430,9788,12115,29793,15.631444
1431,46457,35908,22518,21.052553
1432,22756,32054,28513,9.96747
1433,42354,18831,14473,3.9878354
1434,2071,33546,19305,7.8739457
1435,36857,48988,49741,19.788586
1436,2779,40889,46906,20.214928
1437,3233,6428,21078,23.349287
1438,7488,35871,27460,10.618179
1439,26400,19085,40934,13.46128
1440,9693,25849,3127,5.6643806
1441,2490,36469,7535,18.852917
1442,29692,36551,28901,24.319094
1443,10432,23111,26999,22.171022
1444,10331,2701,31852,13.817457
1445,44091,19230,616,23.754198
1446,4606,1353,20510,18.780157
1447,12571,21955,22231,9.664161
1448,36224,32674,25435,16.573654
1449,25671,28453,23891,13.277794
1450,33350,1099,4696,6.275164
1451,488,15153,30697,11.8575115
1452,26360,44428,5703,16.78608
1453,36393,28269,2879,18.085901
1454,4634,47794,31397,19.971115
1455,33338,13894,31774,21.548178
1456,10023,33059,23044,6.7025604
1457,27229,35299,22993,16.522705
1458,15915,48278,34280,13.76367
1459,13137,14870,20660,22.397978
1460,29493,31356,34432,14.677569
1461,16089,1218,11606,17.61668
1462,20862,33338,1068,19.088299
1463,35953,26827,33735,12.777993
1464,12821,19280,45224,15.734041
1465,38971,49693,47398,14.003286
1466,49232,36920,39180,20.540403
1467,44671,2007,42062,5.5565825
1468,17986,9653,16194,13.4450245
1469,2957,49563,32823,19.699314
1470,6672,25654,49090,19.352196
1471,7730,13063,2789,17.051235
1472,49885,43465,45453,20.568157
1473,42064,23752,6090,18.016602
1474,40052,23339,48585,20.959614
1475,539,26832,17458,26.487219
1476,12920,22653,11630,13.076319
1477,29185,5746,48730,25.309286
1478,41698,12314,15991,5.9674306
1479,3972,3713,6553,13.932121
1480,47796,23424,26021,20.255814
1481,39615,40755,39689,9.411128
1482,39920,18820,11247,11.622658
1483,23809,43631,44319,19.939215
1484,41303,48443,29079,20.969975
1485,44986,12749,11544,15.417837
1486,21979,34874,9158,21.241117
1487,10275,3468,32618,14.33634
1488,26234,32911,3834,9.781468
1489,25952,26281,49716,17.878967
1490,42684,15631,16049,9.544662
1491,14146,37001,8133,21.083508
1492,7330,43183,29068,18.797426
1493,3483,32052,40483,19.348621
1494,48547,8459,20677,28.122608
1495,15407,42678,24135,11.438994
1496,39877,1528,14561,13.2
1497,38625,1422,23594,14.132905
1498,23194,34122,47787,11.327047
1499,20033,19872,34946,15.546428
1500,30898,22370,25787,10.718123
1501,16262,34291,48316,3.2980597
1502,27838,38412,28074,17.788593
1503,24067,35459,31492,21.623743
1504,38153,27723,41037,15.02939
1505,3766,41514,11628,23.604126
1506,27821,15487,22204,7.4850845
1507,42319,35410,21734,17.854555
1508,9373,29391,11103,7.9077477
1509,47509,18537,18048,8.848097
1510,11985,39614,41863,13.310785
1511,28061,37734,28673,8.486044
1512,12514,45668,14965,5.8571453
1513,32092,36964,49733,19.1146
1514,41015,28414,11439,17.26923
1515,32906,41024,49560,30.807814
1516,34633,12143,28687,24.139244
1517,25970,28496,31076,23.549301
1518,45638,5807,30942,16.428377
1519,4383,37717,41087,15.853744
1520,20869,44559,24619,16.654257
1521,1175,6182,13640,21.614809
1522,30611,28986,5069,22.213709
1523,42727,31524,18921,31.218195
1524,43963,4921,22482,6.988167
1525,23778,3380,2469,17.162834
1526,35633,22778,14681,16.580599
1527,47502,44822,2474,6.468863
1528,3237,18672,24272,6.685729
1529,5279,21777,37637,17.961723
1530,26309,1921,17477,11.084564
1531,15100,49481,3852,26.168419
1532,13447,47289,7606,12.294493
1533,25682,49048,47422,18.286337
1534,41047,7536,23858,17.930483
1535,49707,30993,9554,18.924023
1536,18108,27100,45064,10.824167
1537,32888,5509,18084,13.895927
1538,17519,48674,37235,31.239897
1539,28277,36347,26144,21.167925
1540,49797,31798,38481,17.440681
1541,39973,38282,23634,13.736281
1542,45249,17379,43821,16.354666
1543,31264,23303,25416,14.46099
1544,46680,10295,30231,19.817232
1545,2003,8970,44125,12.264062
1546,33486,27878,21112,21.744892
1547,15156,44999,27451,10.877722
1548,3956,16424,20379,21.843275
1549,28312,15119,45934,10.794704
1550,39671,2171,24432,14.231553
1551,13277,9428,19191,18.293116
1552,2217,28583,6070,7.645544
1553,12739,45759,19301,12.724939
1554,30473,39976,5800,25.952349
1555,1658,41992,3724,19.804485
1556,47939,48679,30597,23.260624
1557,24970,9587,28541,11.392045
1558,28429,23466,11312,15.912465
1559,549,5544,32496,25.55526
1560,25265,8071,16674,15.075741
1561,5747,37889,43866,16.784752
1562,663,27702,18884,20.270407
1563,18816,46578,46773,19.679184
1564,29030,39089,688,16.78939
1565,31461,11828,37764,7.8705034
1566,3424,2087,4680,16.67145
1567,11663,44892,27545,22.981155
1568,16598,43731,3245,9.039782
1569,33598,43092,27106,19.43103
1570,39736,10264,13531,17.66319
1571,37404,23316,48365,3.0116553
1572,43793,23761,44314,15.134835
1573,35255,43271,49089,48.647488
1574,26274,43866,24509,18.985464
1575,806,13204,24441,21.38178
1576,37838,3455,18260,9.621429
1577,7582,23096,3094,14.611965
1578,3238,45744,33100,11.490209
1579,6112,26653,1053,23.705952
1580,8324,27816,26634,21.065931
1581,28647,30027,22163,28.329718
1582,49467,24174,48554,12.9336405
1583,10547,19520,11211,8.240258
1584,31021,42595,29918,22.17521
1585,18318,37360,39918,9.859833
1586,47173,34119,30990,11.531393
1587,22289,34694,27995,19.942556
1588,26962,27576,8405,21.690523
1589,47564,21913,48499,4.419638
1590,20577,42848,41266,19.261766
1591,34155,23833,20560,18.273014
1592,24551,30327,35940,21.138844
1593,18042,16133,46465,15.147791
1594,46119,5851,49597,17.449127
1595,16374,26857,15190,24.550037
1596,1210,7513,5291,5.829172
1597,36261,11766,3596,18.938215
1598,24764,16812,30484,17.96345
1599,37238,3743,27756,11.189343
1600,9558,10455,3718,19.577736
1601,38929,27134,21404,14.76238
1602,37460,8617,46489,26.09809
1603,3146,21541,31046,15.526793
1604,36741,37688,17187,10.327073
1605,11825,8938,25420,19.157396
1606,4485,44288,35207,8.960307
1607,621,46128,34251,8.173682
1608,14354,40136,2303,12.649487
1609,20905,4694,25208,3.3062294
1610,41145,28458,36858,21.92658
1611,13939,7132,6694,16.651955
1612,14858,6715,11147,20.490383
1613,29402,28909,599,28.60384
1614,36593,49855,7073,9.352969
1615,10981,25997,30302,20.648933
1616,15256,27545,27269,12.02279
1617,24224,8504,45051,28.720892
1618,46299,49484,13101,13.222628
1619,49544,35818,17847,19.115934
1620,3834,3163,26234,9.781468
1621,25399,14270,12576,22.292324
1622,27397,33731,17588,19.269806
1623,19741,27061,36588,15.6753645
1624,23795,42558,13084,22.442102
1625,39597,48197,2596,17.988861
1626,3527,29817,11935,14.747103
1627,44174,6572,18665,20.526993
1628,35894,45280,20948,29.720581
1629,23585,35642,48899,9.438832
1630,13533,31138,33107,13.595204
1631,21372,10150,11524,10.784895
1632,30034,8004,2440,7.8884277
1633,46444,6914,46618,19.046299
1634,30687,29244,44938,15.209732
1635,7717,9267,44352,21.182167
1636,43725,2166,29143,10.754791
1637,798,36335,11355,9.23645
1638,2859,23652,16551,20.536963
1639,23046,31118,5555,18.989815
1640,24460,28747,2597,15.933195
1641,39303,37375,11313,14.712479
1642,18295,43024,16897,13.033156
1643,42654,6594,31413,18.432343
1644,44472,44974,26294,4.2163186
1645,26688,7652,22968,22.990158
1646,7676,18854,46370,11.947793
1647,1028,25759,7811,30.597773
1648,41716,13115,41308,26.066856
1649,19655,31359,10017,10.067958
1650,6312,41955,14717,25.663214
1651,35074,1288,27783,21.035603
1652,33095,7948,20895,24.324928
1653,14683,7174,49119,14.4076605
1654,18262,22486,21628,3.230712
1655,8049,4316,46344,22.382467
1656,44666,4562,45034,30.263338
1657,29791,3246,17704,20.350733
1658,29925,20847,35546,21.68628
1659,7850,33971,35771,19.552725
1660,40235,5008,39720,22.268997
1661,20628,6874,12431,23.988691
1662,27172,13696,3742,19.962288
1663,28646,45160,32192,10.525174
1664,44425,1554,2400,3.755042
1665,18945,30777,44376,7.0661807
1666,12733,17741,47247,23.649588
1667,9592,39059,43897,22.069757
1668,27438,36812,13969,23.580374
1669,42260,24611,19647,46.91571
1670,28743,18338,10786,13.802519
1671,4569,18402,41103,19.048311
1672,27476,43105,1309,16.963404
1673,7847,3638,7012,10.151074
1674,23498,2707,8457,16.63139
1675,19779,34791,48668,16.260347
1676,47300,30924,20993,13.34429
1677,43159,42706,48822,6.395055
1678,33057,47209,6215,12.608958
1679,21415,6850,3302,19.919657
1680,28349,16630,29806,2.126895
1681,34269,21727,33758,20.74035
1682,39242,20059,333,16.179096
1683,381,18736,40186,11.512964
1684,10747,10193,13139,10.450111
1685,26103,25614,29802,11.384863
1686,19676,36978,20143,18.0892
1687,46708,4193,48332,6.639467
1688,170,2264,13824,2.8564277
1689,48995,5696,19790,17.230366
1690,7877,43793,45106,1.5817564
1691,32868,39015,24544,31.032776
1692,33590,39014,2079,5.3911457
1693,4503,7442,34523,12.564001
1694,27836,12467,37581,17.295837
1695,8735,11563,31087,15.172358
1696,23025,14598,16735,8.772766
1697,37204,31968,14701,19.932362
1698,23776,29606,265,11.70592
1699,32386,11916,41359,16.354053
1700,27445,48012,17408,20.384129
1701,34099,19546,22538,15.897207
1702,40661,28037,48219,21.710531
1703,26889,40356,24980,11.415579
1704,36436,7912,20384,28.42401
1705,5209,34177,27510,14.6123495
1706,23425,9964,29139,22.301512
1707,7292,40514,40294,19.039183
1708,10991,474,26326,22.961872
1709,2239,7979,43656,11.99193
1710,3084,38841,10955,31.650677
1711,7156,15503,33602,6.0201077
1712,49676,18498,30120,14.326736
1713,36943,12941,17640,13.335139
1714,6850,19893,17561,24.32823
1715,15543,47124,42568,21.621855
1716,39957,23141,47603,23.116495
1717,30842,6699,31801,11.070431
1718,15224,9867,25664,13.433466
1719,23918,16048,38246,20.779781
1720,5889,23234,21236,20.765913
1721,40522,32864,14036,18.804585
1722,13301,12099,4962,16.684889
1723,37231,12845,48601,16.758999
1724,2044,27309,16601,13.295195
1725,30915,41926,41168,7.9022346
1726,46829,39131,24886,12.817415
1727,33129,2354,8635,23.115053
1728,25126,25951,19660,10.372752
1729,39506,7055,1854,4.4301767
1730,9368,33680,7943,19.129622
1731,1980,31938,21897,17.898012
1732,14549,20108,42370,11.328373
1733,8698,39786,9062,19.227554
1734,29338,47046,19512,11.081827
1735,10004,18016,25122,17.35284
1736,32423,27196,5545,12.020572
1737,31550,37419,37017,14.148841
1738,39315,7135,43101,21.893383
1739,3948,48450,13078,17.17083
1740,43719,44963,48114,7.742909
1741,46863,46636,21538,11.597856
1742,5875,49907,15768,7.2703276
1743,3144,30612,3450,19.023403
1744,45278,34497,30175,17.114668
1745,37396,43342,8371,12.608126
1746,45946,35458,19544,21.788326
1747,28491,33777,7855,16.230516
1748,1137,36156,32548,13.670357
1749,35832,38417,44644,18.07144
1750,46834,9524,23729,24.335833
1751,1233,29973,40387,20.964966
1752,49475,14529,35244,16.3215
1753,6462,19176,33821,20.87231
1754,33102,39728,48932,4.063281
1755,41072,13068,3866,15.714634
1756,310,20196,39205,20.922226
1757,49651,40690,15688,17.267092
1758,30924,9109,36030,24.674324
1759,41830,29663,25022,27.14134
1760,674,20782,47256,12.312302
1761,26887,21325,30008,25.67903
1762,15884,15839,9886,5.5855823
1763,15611,47810,26311,12.979786
1764,671,8298,37615,19.325808
1765,29140,23440,29049,22.187592
1766,41148,11581,48406,17.003544
1767,45658,13353,43726,13.990981
1768,3307,44769,30713,5.5381203
1769,24694,25456,9716,19.606316
1770,18179,22607,38629,19.321556
1771,46402,47917,48435,18.524757
1772,9878,784,33681,10.961001
1773,7539,27842,29992,17.73846
1774,28477,39617,42873,8.484138
1775,4943,44778,38875,19.557951
1776,39188,439,27460,18.016632
1777,16607,37399,18680,11.575172
1778,45204,41563,39085,21.89539
1779,46056,20142,8304,17.025747
1780,43212,29704,33143,23.126347
1781,47484,41730,27916,17.038387
1782,9252,9649,40572,21.076555
1783,44637,1057,49569,14.372949
1784,28695,10958,28142,20.191273
1785,12793,36753,41534,14.02118
1786,21793,45999,26138,12.619371
1787,39129,17193,15186,15.799421
1788,36328,17140,37648,18.32165
1789,38888,32217,19497,19.638458
1790,43686,31543,474,18.111248
1791,24264,14153,25601,15.906426
1792,24908,26881,12431,17.095764
1793,23753,5803,27372,17.348743
1794,13059,21538,14550,11.32639
1795,41794,6932,26404,2.1252873
1796,23797,30154,12892,17.808733
1797,18779,17617,41333,18.529936
1798,47778,49150,44790,18.18454
1799,30644,3159,9555,22.02828
1800,20622,32544,13907,17.493198
1801,16493,8801,37521,10.466196
1802,479,35208,2177,5.913211
1803,21908,30847,47658,21.976255
1804,13453,13227,5799,17.187561
1805,18261,36022,41871,22.71708
1806,44830,37691,15539,27.858013
1807,1149,28602,42993,13.309483
1808,2374,20558,26308,21.882647
1809,28230,13706,12837,14.7896385
1810,12430,27619,4802,12.196611
1811,5623,29905,25940,21.983469
1812,38214,2796,2552,15.015348
1813,28915,34268,15948,11.314054
1814,11096,38382,22037,5.5694304
1815,23111,47639,44676,16.709614
1816,27999,13596,2480,10.560813
1817,11811,7343,2358,23.522377
1818,31680,3095,20809,16.343971
1819,16753,21371,38081,18.935843
1820,4180,30788,18268,16.729326
1821,49693,44060,10961,8.84375
1822,12088,37300,3613,21.58369
1823,47879,13539,8053,8.691967
1824,21860,4673,37481,13.920038
1825,28569,21548,45907,19.543783
1826,33654,789,7407,17.100052
1827,29531,22943,22083,8.584398
1828,40437,30489,1748,14.16169
1829,43122,35948,4146,18.798826
1830,14390,26195,22735,18.687794
1831,7062,46893,46340,25.719662
1832,49047,27633,11240,20.941273
1833,49103,26730,24604,19.21537
1834,15139,663,27403,22.629482
1835,33952,18487,8957,19.411518
1836,22677,10820,35034,19.137053
1837,41730,34005,13932,10.038889
1838,3907,38829,1080,8.253003
1839,46066,4805,29657,17.678953
1840,41617,29635,28871,12.767404
1841,32812,11024,19627,7.9782877
1842,7106,27213,19847,15.575116
1843,6328,3221,49081,15.835365
1844,36815,3411,14383,9.260749
1845,2980,10855,27155,12.596449
1846,18566,18541,41733,12.820367
1847,27100,22413,26575,16.914465
1848,8445,43733,23431,18.581917
1849,29163,11488,10827,16.964333
1850,35387,4471,10311,13.690665
1851,17681,7630,34388,23.365389
1852,32219,25899,37152,9.264703
1853,40907,6462,24191,7.8150854
1854,27780,36926,26588,11.587926
1855,13925,49734,49331,18.318285
1856,3827,44174,24454,22.13644
1857,34581,49331,7479,6.127849
1858,678,11786,39932,9.6965685
1859,39278,45000,40120,7.5247636
1860,37846,28817,7830,10.459668
1861,2540,14912,38908,24.234262
1862,40688,40821,33198,16.590092
1863,15529,20836,4245,11.569297
1864,34607,46056,28254,9.865106
1865,14384,45896,46117,9.760861
1866,20195,2507,6959,20.286474
1867,3906,42259,48120,18.597015
1868,29261,9486,28575,18.656479
1869,8297,21275,44110,24.806934
1870,26881,5853,14216,13.449749
1871,38594,44939,25987,16.860914
1872,46163,929,31486,20.471512
1873,25766,352,25914,12.657986
1874,12387,34977,4992,15.622547
1875,6937,13645,45281,7.3465586
1876,39510,41093,23727,10.844673
1877,6172,41818,43831,23.802307
1878,36358,7640,35451,14.153102
1879,30559,31383,7896,8.349176
1880,22852,9293,26084,12.124013
1881,23051,10221,5513,17.146044
1882,9255,17274,49289,13.657827
1883,12391,6610,8886,5.8041563
1884,1095,40960,36113,14.415822
1885,48238,39264,8709,9.305262
1886,6991,19547,19978,22.91119
1887,31498,25231,28187,12.80785
1888,3145,16180,4982,15.077623
1889,11113,27487,45663,16.726192
1890,24338,34205,35971,24.839754
1891,7466,7723,14343,5.9200196
1892,13515,47813,35803,6.342865
1893,10765,8090,8279,13.498951
1894,31528,14640,42646,15.867863
1895,20782,6211,42176,22.444794
1896,22171,27084,46075,18.011675
1897,45700,23554,1652,10.153089
1898,47635,27029,28826,12.610614
1899,8892,39058,9300,4.8037663
1900,19926,39085,4113,9.276593
1901,24043,19345,34918,16.308987
1902,49650,18381,42358,11.114791
1903,14376,28277,10821,18.567642
1904,29955,276,23524,9.353635
1905,23303,16479,30566,2.1677682
1906,25589,35387,47550,23.417097
1907,28622,30594,13343,22.338827
1908,6730,25848,47976,19.520329
1909,46621,33997,41594,19.78895
1910,44461,10331,12096,21.593264
1911,30445,46607,29648,17.166653
1912,30547,16802,8780,16.98733
1913,22101,25410,867,9.51615
1914,44225,4404,35198,27.066072
1915,36187,10779,19950,10.308451
1916,4464,44177,9046,16.339142
1917,4570,2781,18494,18.476194
1918,24157,9782,33092,20.230927
1919,5855,34220,27520,17.693531
1920,7836,30445,27801,13.388446
1921,27507,36756,29167,11.27573
1922,34435,38881,21621,22.45063
1923,2348,5827,33735,13.694285
1924,44904,42491,16002,14.0887165
1925,45112,10714,7046,3.432738
1926,29526,8171,20397,20.314552
1927,29715,20569,1750,15.53294
1928,31255,24091,33306,13.524158
1929,17415,15390,26554,13.65511
1930,19819,40219,19439,9.297754
1931,16290,22852,18579,22.684532
1932,7384,25576,28488,3.1824408
1933,20304,45916,13916,12.896182
1934,49629,22552,4471,14.000941
1935,23820,46214,7899,27.624996
1936,15998,15948,25367,25.328836
1937,25382,32818,8546,11.788625
1938,45976,31203,32320,20.173107
1939,17447,6235,36451,20.088936
1940,13897,32227,3636,4.5487003
1941,25917,21178,2701,3.845401
1942,69,29564,5849,21.386738
1943,31998,3651,35784,12.169834
1944,10698,2990,31453,21.418564
1945,8534,28257,29678,5.5033393
1946,43957,5887,49765,27.492008
1947,45970,42827,18316,14.165681
1948,41088,11961,42736,11.938297
1949,2844,29022,40900,17.825645
1950,16933,49357,29904,20.294065
1951,21454,955,20806,21.52291
1952,17930,34443,701,23.484589
1953,11790,11933,28819,9.70703
1954,21245,37826,16997,10.765841
1955,41821,3712,9079,11.606388
1956,15114,42744,26937,25.171991
1957,35842,18543,47583,25.336685
1958,29467,20708,31173,19.78872
1959,40221,7612,28971,18.974476
1960,3861,3822,44700,16.609066
1961,17114,35129,30689,16.451382
1962,21484,33119,55,20.954994
1963,17617,19938,6532,14.180529
1964,12045,24276,1920,3.6094258
1965,5900,22582,25203,20.69911
1966,34149,19711,21105,13.209151
1967,29055,21068,6245,19.631287
1968,19343,48397,9640,15.559496
1969,42393,13152,36574,21.010214
1970,8090,4273,3496,6.5717382
1971,47566,1149,1239,14.711292
1972,1431,44800,20149,9.675326
1973,48988,2884,42185,12.276498
1974,22313,17444,43927,24.310904
1975,9276,34366,39508,7.384511
1976,21548,47225,39052,19.205114
1977,29671,40811,4113,8.563555
1978,4029,11903,2884,17.289314
1979,18292,28083,14833,25.952274
1980,47508,1573,24989,19.356686
1981,21786,27535,22549,11.214931
1982,38334,39949,36498,11.891744
1983,6060,39129,33326,12.889063
1984,25201,13391,46816,11.046333
1985,16936,47596,3355,22.683596
1986,49072,7670,45920,19.684422
1987,10844,23344,21266,24.129751
1988,17434,34622,32972,20.872898
1989,32101,3247,30385,25.56865
1990,242,27880,25860,23.240902
1991,43371,43457,21912,10.419134
1992,607,46153,30028,15.459767
1993,21709,36477,9498,17.236132
1994,30412,39004,49932,15.202555
1995,45212,47440,20244,15.8200865
1996,28579,47463,32517,14.755329
1997,48599,12799,5402,10.144585
1998,20117,23814,15635,18.88062
1999,17137,11940,14080,11.766901
2000,6064,32353,25843,11.581883
2001,6231,17082,45931,24.077253
2002,36044,44407,33092,19.074856
2003,5135,15217,344,4.6133194
2004,29376,15462,48603,16.550312
2005,10400,46479,13698,16.67877
2006,21310,29510,49408,10.872721
2007,1491,38392,5774,35.250282
2008,39347,25623,49328,27.337387
2009,30580,19897,8047,27.660778
2010,46400,41421,25683,22.37166
2011,7861,24149,21869,5.8850374
2012,8184,49542,10524,24.062586
2013,15696,29493,8692,14.1923
2014,26515,5830,49238,15.2122555
2015,40589,45946,4208,23.344168
2016,48223,47976,29942,15.996376
2017,13361,11245,45854,21.404955
2018,14366,1093,33163,16.480547
2019,33840,47300,21472,6.1175017
2020,38195,363,11210,21.14705
2021,47220,38944,18224,18.621555
2022,8450,25546,13621,18.756357
2023,8769,8333,32619,26.004019
2024,14144,1343,6436,16.000038
2025,24465,2095,8651,12.537824
2026,374,42061,31524,12.598435
2027,3323,9515,10526,25.147474
2028,36156,31733,24992,8.558914
2029,32541,18261,33902,21.903234
2030,38366,8993,42115,17.56957
2031,6515,49083,33335,16.480108
2032,23454,4326,26624,21.627708
2033,37941,39520,16353,11.475517
2034,8003,19326,27912,13.452041
2035,28008,14182,43239,13.92255
2036,4515,48006,40485,19.667286
2037,37709,45681,7006,7.6603146
2038,2937,41075,38081,16.784378
2039,19417,28558,16372,17.158215
2040,6334,7148,4011,19.651094
2041,3826,8091,17527,18.34991
2042,14665,44577,19561,13.134789
2043,2871,12500,4150,17.843271
2044,49813,43884,30558,18.56705
2045,18222,13499,44921,14.346409
2046,19928,37914,17610,8.706631
2047,39365,31198,20973,11.789826
2048,10890,9308,19031,14.252043
2049,27346,12045,32585,19.39353
2050,28960,34560,8563,9.94213
2051,21038,38699,2656,9.814814
2052,46479,39037,37410,6.192233
2053,45488,27202,34693,10.517877
2054,16618,1636,29667,13.784921
2055,49077,20021,1763,18.964554
2056,5766,12219,10503,28.169743
2057,3502,43247,11041,9.40246
2058,34219,36000,39478,15.092634
2059,9924,21335,16992,12.767691
2060,28674,1763,8859,25.559038
2061,7259,18406,15940,13.636969
2062,41225,44871,17353,26.082346
2063,43823,28479,34368,11.914081
2064,4783,10434,49229,9.474956
2065,22582,22578,5100,11.109968
2066,7978,42645,7085,20.99857
2067,21752,44633,23848,21.170145
2068,363,36719,28778,18.624905
2069,31372,18561,18305,12.585829
2070,16449,35935,35753,13.334535
2071,35065,31113,3934,29.477486
2072,45995,1492,19153,4.226353
2073,1540,2134,40160,16.398123
2074,9040,26416,28078,3.5734482
2075,34670,25818,38150,12.470208
2076,45668,24583,28593,11.773
2077,45062,6286,32321,28.193016
2078,14916,43792,45733,18.161528
2079,16268,17521,44367,19.016344
2080,32975,36803,16231,7.7115192
2081,39196,49590,11564,13.418555
2082,47048,14146,46447,16.08989
2083,25280,47490,33115,20.846119
2084,34908,39878,25236,20.578745
2085,3153,14231,43642,19.6063
2086,26567,26807,19927,10.038294
2087,31659,21158,46392,20.740414
2088,42570,14536,33342,4.5946536
2089,44944,21038,4148,10.171887
2090,30932,43799,14786,19.433575
2091,12643,31784,45138,10.617621
2092,36685,1456,36373,22.654972
2093,8208,28582,7078,7.1892323
2094,19066,25265,47563,5.5024962
2095,40234,5006,35005,19.850319
2096,43013,38039,49183,16.231812
2097,27105,27840,26885,11.385673
2098,21705,32759,4004,21.748102
2099,40017,7787,11089,14.055888
2100,28817,43261,7807,11.430241
2101,26525,38942,24459,18.000183
2102,23680,35175,10967,18.092245
2103,40998,24157,37800,22.06666
2104,44372,4360,47690,20.052458
2105,36630,46070,33988,15.12538
2106,16521,1959,25773,17.01437
2107,44751,46216,36171,9.494512
2108,35373,33057,38088,18.852915
2109,40409,25280,43360,24.179985
2110,27399,8381,37155,10.478569
2111,23196,35195,13390,25.404194
2112,3815,6621,43581,17.917332
2113,33384,1466,28409,18.4059
2114,44661,3390,21379,15.877322
2115,39711,17598,27964,8.807983
2116,28730,24567,47233,23.14784
2117,49074,13166,7048,21.696386
2118,21354,7290,17559,17.657846
2119,13892,45532,35754,21.35993
2120,26405,16337,35621,10.836076
2121,10676,40133,19328,16.39563
2122,42520,8416,14831,14.30367
2123,36649,29602,32854,23.274246
2124,17247,23478,36291,12.003997
2125,29419,45581,45746,6.6460915
2126,37015,47215,24555,5.505723
2127,45060,33991,19043,1.204646
2128,24442,44319,22767,18.505756
2129,14564,40977,17491,11.422046
2130,39774,35282,8342,22.67946
2131,27202,16072,44126,6.6385107
2132,19348,29888,20596,20.69373
2133,30538,14770,49663,9.153803
2134,42600,47737,12256,9.213068
2135,393,48748,43677,25.50558
2136,38229,22185,989,22.05935
2137,4672,16514,34366,13.379708
2138,47018,30538,33110,28.667536
2139,2769,42874,5175,14.677365
2140,24497,12795,39536,14.648752
2141,22597,21747,33823,6.4470687
2142,12167,17820,6589,18.941477
2143,19719,45351,2357,8.706126
2144,14,11314,29037,13.20832
2145,8172,31301,48271,11.913322
2146,39593,17702,24679,8.975988
2147,41793,39875,26625,19.639475
2148,4853,13948,27783,22.371382
2149,38759,6674,44209,10.57891
2150,41013,1006,24135,23.337296
2151,32900,22460,30701,12.466767
2152,44591,5692,18244,29.64597
2153,37588,36026,9076,12.237119
2154,39592,35806,45857,15.891339
2155,8912,15543,11629,12.309317
2156,20243,971,8526,11.918506
2157,46006,34149,44274,16.308601
2158,48683,34090,39695,17.43178
2159,6746,9298,13736,29.40943
2160,45555,27266,43708,18.734924
2161,39767,2525,294,26.937014
2162,6716,46989,11427,5.6147475
2163,38469,8553,36516,18.336475
2164,14535,13041,30438,16.22444
2165,5719,38612,23058,19.414318
2166,33819,22140,32432,1.3383795
2167,26617,2490,22417,16.601133
2168,33624,11905,44768,5.8100004
2169,14936,2559,24044,21.982588
2170,26653,40654,4430,15.2601385
2171,19542,28351,17272,18.346046
2172,21837,44137,37605,13.280763
2173,15550,1480,7573,11.420555
2174,49426,16607,30044,8.144178
2175,29200,18546,15125,18.06477
2176,2200,35174,49690,11.803154
2177,156,6167,2063,22.487915
2178,38383,6747,452,4.2198205
2179,13716,40335,35760,16.768763
2180,4097,7089,45325,11.623183
2181,31139,13716,47599,17.226263
2182,3637,32780,47152,18.270718
2183,42229,10634,41766,12.90921
2184,13207,31264,29784,16.931747
2185,23977,48,30079,12.049864
2186,20156,22201,11061,10.497471
2187,46951,25038,31274,11.973894
2188,29702,3708,6173,14.735294
2189,40922,8716,31095,43.65464
2190,23400,31249,18360,18.324535
2191,1928,25318,22622,17.489656
2192,5275,22171,47446,7.6550064
2193,4885,41443,13664,10.999118
2194,36999,16476,40723,21.504656
2195,17476,41833,31562,21.007833
2196,3658,39768,4001,13.12772
2197,44077,15848,45472,8.350492
2198,40994,49351,44115,11.17844
2199,43243,17970,41075,14.408304
2200,12778,29547,14389,11.256617
2201,35115,32119,36996,16.185162
2202,7878,35065,42385,24.378971
2203,3166,27216,43481,17.438725
2204,39791,11808,42249,37.104923
2205,19554,3896,24378,39.360847
2206,35014,38820,4232,24.25896
2207,12851,25310,40112,14.243745
2208,4280,37634,49662,22.061604
2209,45486,45212,48083,22.635174
2210,18402,8921,34096,12.68827
2211,48708,23643,44882,13.873606
2212,29012,43265,16954,16.457453
2213,30712,23191,12935,22.405996
2214,43611,30384,44212,14.839704
2215,23736,15472,46906,14.41854
2216,2526,11060,4710,16.428616
2217,19754,13181,39718,18.203896
2218,32822,1726,15754,11.797423
2219,33738,10297,11824,15.124693
2220,13885,48307,7051,20.538105
2221,38508,31654,989,13.751447
2222,12908,18626,44637,22.190592
2223,35573,1725,7566,10.023142
2224,31645,45444,6765,18.771927
2225,32700,21531,25200,18.470366
2226,13779,44829,10790,19.294481
2227,2507,15628,3764,7.51556
2228,25988,38683,17490,22.045534
2229,3154,33233,12079,20.00702
2230,14426,47967,36902,23.756481
2231,19261,40986,36634,12.668735
2232,39158,39314,22045,12.221857
2233,15547,3792,3979,17.900335
2234,28712,21316,37918,5.1267147
2235,3794,15583,28599,6.4232244
2236,33607,27863,2888,19.191427
2237,14541,47308,4860,17.84786
2238,23538,6672,42013,5.1928625
2239,26731,43180,10428,15.437492
2240,24655,33496,8589,27.707579
2241,31815,1460,7646,15.1411085
2242,47373,24191,44273,10.159194
2243,7940,34135,31452,15.839357
2244,3724,9203,1658,19.804485
2245,26141,14716,465,15.374286
2246,27750,26799,25271,8.4982195
2247,10852,44560,37036,14.407334
2248,23408,46698,4576,6.5994864
2249,9690,27770,16127,19.047644
2250,14297,33331,6064,12.71046
2251,28458,20009,28334,15.791318
2252,648,40025,40823,12.1710825
2253,40337,14946,20241,21.276821
2254,34918,4155,24043,16.308987
2255,41222,48601,27158,21.971354
2256,48224,5264,44570,18.06194
2257,20346,28466,8226,26.959229
2258,4033,13193,25893,23.640472
2259,10678,46124,16234,29.447773
2260,4714,22070,39456,23.260405
2261,4386,12514,42325,7.999161
2262,554,40360,28410,25.505207
2263,36692,30441,38198,12.967719
2264,34240,25925,47216,20.006557
2265,25512,16109,47060,11.325108
2266,41161,5511,17459,9.080504
2267,12067,3424,24038,12.622689
2268,29412,15869,24320,22.721876
2269,39578,45960,42140,11.689787
2270,33483,17247,14980,12.174803
2271,48118,18004,49081,18.427082
2272,47054,4993,4549,13.206989
2273,29328,42180,932,21.156204
2274,18543,3339,49407,9.355709
2275,15743,45104,44519,17.157616
2276,4283,32443,18463,21.496147
2277,17862,14689,4345,7.891785
2278,4592,35533,37259,13.021223
2279,16118,11101,16595,17.032963
2280,44203,5663,10228,17.82114
2281,38989,19676,24963,9.297578
2282,8507,5039,28503,19.336239
2283,35582,9779,22005,24.094662
2284,42473,6604,22430,5.47087
2285,2857,46977,44016,8.608368
2286,737,23594,41446,4.197603
2287,22777,3567,27472,11.015237
2288,9471,4488,29558,14.5772705
2289,15568,5613,20688,13.9671335
2290,24714,38987,42656,22.870314
2291,44889,35672,1626,25.133139
2292,42813,3998,1988,21.003475
2293,40219,46325,28462,21.37447
2294,25943,1772,46465,17.006971
2295,4087,47638,41831,23.267908
2296,30598,45419,29499,19.445505
2297,3784,43599,24897,21.448162
2298,28445,22045,8906,16.731392
2299,48419,38559,13511,22.561558
2300,44918,1705,38539,21.509382
2301,42162,2013,34906,22.119333
2302,10677,19388,6508,31.377287
2303,41808,44250,9320,21.793407
2304,9613,26999,5896,8.561017
2305,48854,13121,327,6.538255
2306,9839,40864,20313,16.87181
2307,291,19620,10564,21.133163
2308,18264,19699,13449,18.51486
2309,43742,42077,2617,12.174432
2310,6640,21578,19182,18.267805
2311,41723,16242,42787,12.538826
2312,12233,16903,1205,10.581056
2313,6825,21853,3631,19.794765
2314,48646,24569,34229,28.98475
2315,44994,4570,16292,20.857914
2316,32956,37842,31581,22.298512
2317,27588,6411,30562,6.8224554
2318,40784,38956,34196,16.278341
2319,16804,5669,11217,4.4167647
2320,33736,24584,15971,15.38763
2321,9639,31440,44917,16.38518
2322,31248,29987,23060,21.127094
2323,5025,42260,16442,13.040324
2324,29885,3540,13550,12.59751
2325,11024,15978,17402,21.943659
2326,7328,28129,8442,19.167885
2327,20680,28228,5133,8.228027
2328,34221,45836,44102,17.834053
2329,16109,47234,10273,20.27122
2330,26802,14686,44021,28.628195
2331,21919,17146,23739,11.784079
2332,43209,42933,45772,21.271938
2333,9564,42972,29010,20.451376
2334,42273,23776,22648,18.242868
2335,6747,36999,38161,25.766848
2336,47241,17153,38099,15.818242
2337,13147,10573,9895,14.838436
2338,33878,4226,18325,14.733244
2339,35594,3809,39957,27.235966
2340,30556,2475,48222,23.25517
2341,3161,24925,38482,20.932844
2342,14689,38511,49198,25.271338
2343,42024,34866,20490,5.8953896
2344,21943,41190,22503,18.79916
2345,43997,40268,8730,11.335558
2346,5948,16262,16970,15.015893
2347,29854,6128,1610,9.274224
2348,33502,27203,365,14.396506
2349,26876,22733,369,21.176786
2350,2164,37970,4793,15.125056
2351,42021,21076,7192,20.190666
2352,22320,2899,13679,13.509057
2353,19190,27881,47085,15.889727
2354,10156,49266,36015,12.209841
2355,20600,38537,40282,21.474281
2356,22999,13487,48990,17.116886
2357,3838,17735,16560,24.550678
2358,25866,33898,12785,23.116774
2359,43028,6794,46838,16.712887
2360,40081,34064,7545,18.525934
2361,47420,23211,6792,10.742258
2362,30004,35508,44363,26.043585
2363,47759,30012,33709,11.286572
2364,43037,35853,43514,7.2849874
2365,1051,48854,28602,26.817953
2366,37252,29791,34079,13.336595
2367,35135,43957,18636,7.63981
2368,34011,14088,45154,22.71117
2369,5312,4371,30618,10.022424
2370,21619,21943,6539,21.119707
2371,1882,3933,481,18.381523
2372,16286,45935,33452,20.255087
2373,11903,2094,2660,17.612684
2374,14775,40221,30778,13.0233135
2375,12165,33065,134,10.012498
2376,30503,14144,42174,19.50698
2377,8723,13418,16434,11.312413
2378,17723,48362,24300,9.521261
2379,24615,8213,32774,14.782349
2380,22982,20138,27637,10.114771
2381,9138,3893,2569,14.275338
2382,4260,47044,17703,10.012419
2383,13175,26749,13131,19.03985
2384,27747,46680,36065,24.532967
2385,26557,26356,23479,6.7757936
2386,16824,13361,14362,4.922495
2387,34694,24910,20813,7.3930855
2388,29557,23142,31656,18.088028
2389,21887,46505,7127,14.407025
2390,15319,42393,3367,15.827419
2391,5812,48441,45169,11.895008
2392,48826,18155,22164,13.279692
2393,924,13485,40470,18.665396
2394,16265,43301,10405,12.647552
2395,35291,49891,45788,6.6843233
2396,45484,6971,20069,20.741774
2397,38215,41308,46619,19.58656
2398,7058,48826,22411,19.307873
2399,4703,31706,25790,11.058019
2400,47416,46157,34548,16.227133
2401,8409,22411,20389,12.221268
2402,48135,5221,30126,15.617092
2403,27853,39141,26258,12.176407
2404,38078,46179,10297,16.863607
2405,11899,26295,22913,12.839539
2406,44294,21552,19831,26.61566
2407,37879,6409,34480,18.840443
2408,26865,11116,2287,16.19757
2409,47276,2791,17445,22.329727
2410,22449,33782,12592,14.164716
2411,36605,41501,31290,8.781292
2412,41458,7827,23905,9.659448
2413,10,7739,23467,21.150791
2414,2948,49735,3160,18.721567
2415,2183,42473,39715,20.746456
2416,28681,34109,7128,11.790168
2417,34043,24425,8147,23.486115
2418,17743,23564,49405,28.166782
2419,25767,6015,10300,18.014236
2420,49343,26646,30778,15.409399
2421,22135,36524,42185,13.147758
2422,36513,37268,22370,23.899702
2423,37843,9079,16092,17.17176
2424,3136,31856,29724,17.5826
2425,14649,9809,4540,19.709345
2426,25738,48717,5609,13.847065
2427,42851,46842,22553,7.858412
2428,43541,38481,17429,14.299308
2429,11764,10754,44140,21.658865
2430,24174,9026,44375,12.254763
2431,37196,36616,10874,16.351784
2432,1196,45978,35918,8.925733
2433,34193,43691,26337,7.274004
2434,5940,41864,6001,16.960278
2435,37609,6649,47999,6.794109
2436,14598,29233,12533,19.469046
2437,15377,7717,13169,11.9398365
2438,5422,28217,24870,11.5071945
2439,35949,42258,43433,22.654224
2440,24291,40824,7102,18.818735
2441,15018,49339,11493,20.557411
2442,32280,1239,30605,11.565614
2443,49060,46621,6838,12.473888
2444,15338,23641,42976,15.7370205
2445,43036,32159,48150,10.285452
2446,7646,29211,7006,14.792465
2447,28682,49117,12462,11.07445
2448,34018,28349,4576,18.063858
2449,21299,49343,27012,19.733454
2450,41317,12355,28113,12.25285
2451,28303,29141,37867,11.002086
2452,27309,37473,36561,9.264993
2453,25429,25176,22962,16.67724
2454,34109,40511,34224,12.829467
2455,39857,45700,30808,13.790348
2456,47209,13842,46957,22.405975
2457,2644,21817,11572,11.550965
2458,15125,25516,29200,18.06477
2459,37072,45484,42494,15.767452
2460,25271,26205,27750,8.4982195
2461,47351,39551,12633,2.3926156
2462,40076,20914,46924,8.313998
2463,41383,8542,44089,14.744371
2464,25305,18108,779,25.55139
2465,6143,25955,14173,15.397182
2466,19527,1610,4700,5.305165
2467,27653,36301,31511,8.034661
2468,19018,49155,1487,26.99772
2469,20427,2492,14098,26.44292
2470,35552,28647,48821,22.504091
2471,9427,20117,47699,0.80737567
2472,14516,40702,187,7.284418
2473,43489,34867,47392,18.208261
2474,43884,13505,32932,15.422873
2475,1657,23404,19766,16.594397
2476,2567,2089,36342,8.575008
2477,41202,38616,40066,16.662859
2478,22222,18576,47856,10.77997
2479,18126,9639,23563,10.173783
2480,36719,27613,26503,6.3856087
2481,32809,31878,29747,15.790553
2482,35856,34201,14040,19.463287
2483,40077,26525,33248,16.169807
2484,15356,47764,35358,29.554377
2485,20210,12275,35998,10.927886
2486,18489,17908,47033,16.001183
2487,10074,25618,28546,8.750747
2488,44621,4431,2069,11.596582
2489,48043,34903,28816,8.87229
2490,20445,11633,10085,20.40057
2491,21600,33774,17503,17.007254
2492,18165,28371,4883,13.128794
2493,4521,4912,1958,14.443628
2494,17268,9902,32885,7.1983614
2495,38829,11937,31325,15.609031
2496,23833,18846,45528,4.1885786
2497,32985,34937,1934,20.070724
2498,46150,39301,17724,18.126677
2499,34188,13453,5779,17.352335
2500,11246,13169,16230,19.583044
2501,42144,25419,41714,12.164201
2502,41985,47364,22848,30.397207
2503,23608,18594,20078,10.488443
2504,45950,4222,12930,12.962668
2505,18864,6408,37356,22.044275
2506,22075,1252,36984,20.606682
2507,38918,16789,25602,20.4802
2508,5398,42903,35378,21.803213
2509,33984,24980,4745,6.0995965
2510,122,926,47183,21.691242
2511,19451,29285,9666,7.7137113
2512,49099,2926,35911,21.920433
2513,5009,20173,33867,9.706288
2514,37842,44091,23003,20.915129
2515,27331,25461,1453,21.676764
2516,29700,14254,1697,9.855301
2517,46124,36280,40435,9.909466
2518,23520,38982,13110,18.177893
2519,32229,49017,35671,24.186172
2520,39175,8720,15746,16.437181
2521,21819,13655,9574,17.08465
2522,17083,25296,41023,20.581226
2523,28287,30647,22938,12.134349
2524,35219,37238,14868,25.806053
2525,11635,42655,28690,15.769523
2526,30871,44518,41014,21.606396
2527,45720,13808,9624,6.218436
2528,1466,17393,9209,21.753525
2529,13932,28969,41730,10.038889
2530,41784,30756,49104,13.573777
2531,29205,14656,7432,27.97527
2532,41094,30965,31535,20.267324
2533,39992,31072,39064,5.7265997
2534,3633,12947,14974,10.134743
2535,30462,16690,25573,12.275257
2536,25997,19894,475,7.8777432
2537,46363,17284,10529,27.865482
2538,7013,31248,17771,24.325203
2539,2354,11411,5302,26.813484
2540,25095,1634,38865,20.329044
2541,6728,365,11433,24.715322
2542,42709,27074,22434,21.160381
2543,8542,45223,6851,11.567693
2544,42710,614,44347,14.482276
2545,28747,21793,22196,14.158862
2546,41254,1377,3533,13.562473
2547,46756,1881,28231,12.504511
2548,41413,38591,16548,21.103424
2549,17598,9590,5850,15.921737
2550,3704,39465,34732,18.401442
2551,33551,28398,32419,14.366892
2552,6537,8776,11794,27.785221
2553,21538,17893,30266,9.913358
2554,4904,5541,4196,6.548478
2555,40679,42432,6739,22.351698
2556,6403,48203,49217,8.32163
2557,18421,45151,40260,20.999256
2558,45777,5489,16813,15.212075
2559,30176,2305,33039,23.832256
2560,13292,8653,29551,17.489206
2561,26799,739,21985,15.455139
2562,46273,21394,45509,15.620835
2563,42637,15585,7380,19.344904
2564,2759,19969,34356,27.364668
2565,35562,17918,43162,9.51592
2566,12627,1658,4586,18.002384
2567,45308,5899,45787,19.941818
2568,39228,47211,14274,15.088945
2569,28331,25022,39371,21.678791
2570,44498,48725,18396,10.5093775
2571,6137,260,24729,7.561055
2572,48850,33748,30531,17.226841
2573,6938,23954,37375,20.662569
2574,11591,32538,19340,30.61827
2575,36524,27687,39584,6.133922
2576,21665,39212,14461,18.163813
2577,21472,13614,33840,6.1175017
2578,26988,13891,34159,12.589717
2579,23053,30103,31019,13.186648
2580,48774,22740,42663,19.316483
2581,17953,39102,12855,23.030901
2582,3436,24565,34122,3.2172894
2583,41439,35951,49637,11.837946
2584,31457,19850,9161,22.559046
2585,38180,31220,15144,10.545138
2586,13322,14758,46740,15.022647
2587,47485,3737,47668,20.197638
2588,34368,38824,43823,11.914081
2589,35872,25682,19714,19.572275
2590,854,15686,24821,4.027554
2591,34965,47448,3139,20.598658
2592,11863,44563,30840,7.950884
2593,31900,28489,16891,23.443026
2594,14302,31090,9325,12.654591
2595,40027,42493,35365,8.191912
2596,49652,14297,46383,22.89393
2597,39786,45060,24543,18.546118
2598,34724,45641,42228,24.602617
2599,35200,18566,25204,15.733048
2600,34116,2743,6737,15.48845
2601,6784,25549,14885,20.611715
2602,9105,44838,24484,12.864253
2603,17592,40745,43495,6.7441745
2604,49357,36111,35265,16.678635
2605,1931,3605,11112,13.580355
2606,13311,18977,34482,16.009375
2607,13640,17924,36557,19.196455
2608,39301,37536,40881,11.464609
2609,10938,47588,2941,19.349138
2610,36900,49876,24765,11.543693
2611,48261,5875,16865,12.00175
2612,19493,35861,8034,5.8194265
2613,35005,14519,31003,10.734864
2614,4805,31602,7668,25.083134
2615,31679,31001,29905,20.968477
2616,42129,14467,13302,14.138769
2617,7612,39592,21756,7.671461
2618,28859,26859,40819,28.364334
2619,16684,47011,19337,12.424204
2620,31856,10959,16589,15.147863
2621,16864,20195,33368,23.956198
2622,5880,19133,39935,13.844597
2623,45500,38711,49657,12.513567
2624,13670,29907,4639,13.694989
2625,25830,22369,20000,15.169111
2626,39469,30848,28860,7.387734
2627,36065,48205,16920,18.170498
2628,21054,31006,913,18.498083
2629,36895,41355,6890,17.3718
2630,6777,44485,38040,25.074411
2631,11088,45331,8731,14.260541
2632,2799,10890,30183,18.268639
2633,14928,19411,44484,15.297661
2634,461,37151,4081,29.351345
2635,48404,7056,18386,3.048357
2636,11116,37594,7502,12.809903
2637,7080,25458,8512,23.111742
2638,31207,44286,49092,22.020878
2639,43987,42975,24951,25.08958
2640,33039,25463,22931,20.97911
2641,29409,39835,26950,19.79355
2642,16893,5437,47316,14.849497
2643,13056,22617,4579,17.947304
2644,46018,43707,32109,10.469811
2645,4010,8850,2271,18.536
2646,23248,9766,12951,16.319057
2647,23752,7003,4578,27.913519
2648,22263,21534,18038,12.844767
2649,25744,21422,15282,22.057417
2650,13847,40170,25497,10.912314
2651,14954,19417,7818,18.172598
2652,20351,44714,26295,22.13285
2653,18649,20676,16603,22.576357
2654,29802,11229,19732,11.294962
2655,49647,36785,10943,19.22376
2656,25902,2933,34400,14.993451
2657,36153,5072,17426,20.372213
2658,45471,34160,11499,14.24303
2659,47098,24365,31559,14.067161
2660,48203,30629,23185,16.423466
2661,42256,2761,30178,18.9117
2662,34472,38508,39380,13.91614
2663,31741,32835,35739,12.376864
2664,16848,34918,23548,10.830836
2665,44947,1931,3918,17.894445
2666,26729,41884,43232,16.036922
2667,48339,19779,35510,11.242196
2668,37742,43073,7564,13.179787
2669,41930,43816,27492,21.036957
2670,27487,34162,19347,6.3986235
2671,26496,11720,6042,11.168919
2672,30848,22248,23131,22.995268
2673,15290,8955,31180,36.17144
2674,25320,7206,27473,20.793095
2675,13770,1291,25079,15.099733
2676,10552,42568,49812,16.71889
2677,47204,10103,33694,27.394396
2678,23163,15475,17966,19.833818
2679,2973,43574,20159,15.482372
2680,28688,27445,30675,13.807254
2681,47409,13533,27588,11.627436
2682,17630,21977,35964,26.569838
2683,6160,18664,49586,18.957115
2684,15541,22504,11287,22.273853
2685,20311,6547,17134,20.142807
2686,6148,20243,1156,8.597088
2687,19114,46708,35462,3.091737
2688,26973,23830,44842,7.710807
2689,16548,21814,25266,8.04384
2690,328,4904,5853,9.554263
2691,34619,34015,7037,16.560135
2692,21531,28833,12110,18.081488
2693,30313,35263,39618,6.4365897
2694,31428,23051,18300,17.39215
2695,28218,20555,28939,18.475365
2696,17011,14226,33196,21.849342
2697,47129,37042,37688,24.784615
2698,38314,18473,22856,17.74224
2699,23088,182,37030,11.933951
2700,8549,10190,41102,21.626076
2701,44633,49710,22813,22.504343
2702,789,7013,26204,19.672924
2703,45422,28623,18178,9.787189
2704,27338,34534,38043,17.49678
2705,42840,22656,314,14.667157
2706,38987,36124,26154,18.790451
2707,17124,26031,27493,17.451685
2708,12050,10301,9087,14.084885
2709,5438,26263,35637,10.967704
2710,28812,31637,11533,21.789024
2711,11278,16378,36075,15.564465
2712,44999,34681,40742,23.099651
2713,25334,13024,13839,23.052717
2714,10645,17828,47184,8.005529
2715,22552,11341,27142,12.31868
2716,23306,18928,14152,13.632936
2717,25889,124,21669,18.416594
2718,44758,12711,31761,24.934547
2719,40440,38215,11644,19.956232
2720,16612,15108,4145,13.875088
2721,3373,20977,47306,10.120128
2722,42521,37888,21457,11.499183
2723,9848,29684,49486,4.107206
2724,2323,42574,13485,4.0585017
2725,16903,4086,47620,10.630215
2726,8271,27276,24413,12.86941
2727,18576,22255,1532,12.34898
2728,20561,21996,48658,23.390556
2729,9891,12102,10127,13.828787
2730,7829,26229,7790,18.360418
2731,24156,45425,19583,19.731707
2732,33190,20368,29023,21.897974
2733,8962,28891,14704,24.229866
2734,12467,13289,46977,22.082996
2735,47715,45036,26142,12.432749
2736,8008,9878,33580,10.216934
2737,47598,8180,4623,13.312867
2738,35658,11277,5984,10.98363
2739,41835,32341,24538,14.97365
2740,21894,8369,32111,10.218989
2741,29658,7974,5337,19.475082
2742,11428,29259,32464,16.22392
2743,38520,38312,23534,9.284564
2744,10753,35460,29821,12.529341
2745,11397,34088,46168,16.014812
2746,33061,40878,6570,16.067242
2747,42364,40309,23619,13.382729
2748,31083,29534,43655,8.25139
2749,780,1051,42252,13.509171
2750,41407,19754,16135,21.41474
2751,13193,14715,24465,15.784491
2752,15597,15498,19918,18.764206
2753,22616,24156,10323,8.310914
2754,1422,28006,26982,12.836981
2755,30594,24327,20112,23.18909
2756,38553,38411,41032,11.122147
2757,16958,29042,25969,24.12252
2758,36335,9840,194,18.104485
2759,17079,30921,34989,16.540758
2760,28830,49074,5325,14.931435
2761,42646,9861,22562,14.882868
2762,19329,19377,29569,9.418143
2763,29418,33745,42938,14.411333
2764,1822,37168,8109,6.1017976
2765,17637,34237,4728,9.560189
2766,6247,31645,31296,18.837828
2767,2715,32700,8813,11.271746
2768,28431,15386,38064,1.9929074
2769,24008,25386,34574,19.261892
2770,14587,9399,47558,29.747644
2771,5851,43541,12722,27.658443
2772,12982,29261,260,17.447634
2773,14601,25284,4391,23.520956
2774,34941,49822,49796,17.42654
2775,20469,3714,28172,20.260748
2776,32963,9583,6075,13.697458
2777,5492,11480,43258,18.898724
2778,38465,17752,3887,11.6861105
2779,41037,3447,23501,9.626776
2780,12833,11147,10267,16.65581
2781,29456,8338,18955,24.400127
2782,23301,27580,20544,12.903052
2783,15093,12851,13860,31.980265
2784,13835,16375,38626,14.061093
2785,13088,28443,19001,12.476717
2786,12718,41163,32761,17.81121
2787,17539,21620,20426,24.182276
2788,10224,35062,39811,22.568392
2789,31184,21850,9341,17.167196
2790,18055,38115,45981,13.568466
2791,44719,15623,33723,15.250076
2792,42563,35252,20287,17.45274
2793,3655,27001,29228,16.81828
2794,7501,12764,43448,19.402508
2795,23055,35923,43599,17.644732
2796,2250,21433,902,24.488832
2797,4189,38974,41588,23.199627
2798,8016,16020,6867,4.636046
2799,14844,33615,3056,9.327915
2800,4722,165,3187,17.900352
2801,15686,34643,14186,18.072601
2802,33001,36649,35731,14.648235
2803,16033,24479,44989,13.085068
2804,502,49535,33688,12.068247
2805,10489,31492,46529,14.038026
2806,19069,47612,44200,16.095465
2807,34988,30107,15575,7.5048485
2808,28151,2282,8842,16.508354
2809,26416,29115,9308,19.225729
2810,43799,49629,11264,19.915937
2811,19090,31363,17100,20.726025
2812,5727,49923,18018,23.189363
2813,26481,4738,29602,18.690989
2814,18906,22093,16264,5.052423
2815,8508,39629,39565,17.383724
2816,21821,9066,25633,26.16004
2817,8939,24286,7533,11.455075
2818,11101,45658,33919,19.502804
2819,47548,2820,42659,17.82853
2820,35460,46412,46653,26.630964
2821,49965,24353,43143,16.324274
2822,40694,30871,44700,18.300884
2823,40275,2853,9927,16.422964
2824,32999,33468,5522,5.2449985
2825,17389,47819,40386,20.97091
2826,4517,13722,34199,23.256687
2827,41938,25399,46836,8.613224
2828,17742,48708,39650,13.3231325
2829,7343,45968,5525,28.29628
2830,48658,36578,16072,12.136994
2831,45390,22565,34508,13.177786
2832,4967,31447,22466,12.374324
2833,18200,41037,18748,18.800583
2834,30939,49076,44586,11.67771
2835,42560,25353,37868,14.885915
2836,1758,25943,4789,14.242254
2837,32936,48547,43796,26.484411
2838,38053,16774,30330,14.662058
2839,23142,21305,13331,19.16195
2840,35284,40646,33989,16.931532
2841,27765,30547,44795,17.177149
2842,34061,20099,9477,10.602608
2843,3811,35872,7481,15.545403
2844,32586,48407,33649,19.575954
2845,45948,31265,9035,19.904066
2846,20430,47299,49960,10.159723
2847,5929,47564,40448,19.66642
2848,46276,23766,30340,13.256236
2849,27173,42186,30209,10.911006
2850,23635,33039,1211,26.820766
2851,48278,13740,38641,13.499376
2852,3310,27531,47186,19.411518
2853,37462,42688,33645,13.894957
2854,40646,13277,25327,13.536937
2855,29273,41713,31329,16.036968
2856,25804,35961,19245,28.41572
2857,44511,3511,34174,5.3747272
2858,19362,16760,19381,8.410475
2859,3005,39611,32076,18.800323
2860,1514,35531,5371,19.477613
2861,41854,47434,15976,17.91751
2862,26180,22866,23819,17.200972
2863,3305,8712,1736,20.472351
2864,35668,49381,26174,21.38175
2865,1933,42881,23632,25.471952
2866,39396,8067,32074,22.334745
2867,11809,22388,23208,10.374982
2868,25621,35526,45606,4.967202
2869,49250,31729,30205,9.338026
2870,34740,21619,3522,19.054096
2871,24402,1434,36856,20.226696
2872,15498,28445,35867,22.53673
2873,20246,35285,4629,13.983267
2874,22224,20717,42872,11.864402
2875,28083,46966,14995,22.38894
2876,27720,44025,18914,20.251554
2877,18109,18659,7991,12.385915
2878,41718,12647,6427,20.157442
2879,41250,11428,42684,13.119344
2880,45461,11597,13004,16.55616
2881,1647,33252,13676,23.358189
2882,37577,5063,2472,25.322428
2883,11460,18735,33747,11.610731
2884,15217,7996,31912,19.528856
2885,27613,10530,25754,4.4646096
2886,20596,6504,7939,9.212796
2887,3149,48715,38443,16.96482
2888,31588,19875,28568,10.674276
2889,27252,16089,10728,15.505559
2890,19908,28798,10960,25.141272
2891,40654,23693,30190,22.033344
2892,44088,3724,19338,11.94209
2893,24565,31564,38714,18.232708
2894,20569,14396,46527,25.168243
2895,35459,12772,48505,18.083544
2896,44793,40265,37531,19.956478
2897,41594,34482,46621,19.78895
2898,13422,46256,11360,31.647568
2899,10641,34128,48863,20.429005
2900,8581,47129,27796,22.765335
2901,14427,26405,43329,12.132106
2902,49935,20288,45033,16.282637
2903,2533,42642,1396,22.450945
2904,35041,17327,23020,10.015229
2905,21967,22729,13383,21.606934
2906,32550,1962,6593,29.457588
2907,45064,42521,18108,10.824167
2908,36001,30006,21778,10.727492
2909,23165,46073,29539,8.894318
2910,13100,47345,43539,11.961405
2911,1492,44914,16162,11.242358
2912,8931,29795,48921,22.366657
2913,34431,7501,36935,17.037197
2914,27262,27947,36281,21.61106
2915,30496,33736,38240,17.538198
2916,10967,36943,4155,5.3803344
2917,6036,46010,16445,12.773836
2918,13234,14622,49647,21.686285
2919,17478,1131,35899,10.109134
2920,6483,32871,10577,18.607
2921,3743,31563,20912,16.002632
2922,33399,20291,36275,8.623238
2923,18406,44226,43680,19.632622
2924,5307,20409,6694,12.810146
2925,18932,5027,11940,14.094196
2926,21275,32906,8805,13.3544445
2927,7047,21894,24953,16.7805
2928,9902,6442,3463,15.216055
2929,6136,48306,35391,13.554113
2930,44288,13812,21515,14.5855
2931,36716,30448,3034,12.324089
2932,41674,15675,30320,9.21634
2933,8716,2904,43325,27.524399
2934,13580,47883,9451,19.221277
2935,2827,7809,31954,24.665953
2936,46925,45867,28958,18.524595
2937,31837,27604,37754,29.297546
2938,39139,31934,48045,13.874965
2939,2013,15528,20951,25.292507
2940,34958,34116,29173,9.25029
2941,30285,43355,40192,5.154853
2942,18336,37350,17461,24.850368
2943,43568,14706,2445,15.815155
2944,31436,32586,22717,24.441341
2945,41010,9288,14718,11.934846
2946,20260,1710,41451,11.553005
2947,25085,2245,44329,19.739687
2948,15422,20802,43979,10.505637
2949,7402,2729,14628,26.555511
2950,38061,36183,36463,18.590141
2951,28693,48816,28500,18.444933
2952,18736,41640,22478,19.628695
2953,22617,4317,26599,35.545444
2954,24505,1174,10007,10.810219
2955,11418,16738,32577,17.621252
2956,6829,16371,3519,24.197397
2957,11511,34461,30093,13.7932205
2958,14868,4647,18502,17.695179
2959,369,12538,31890,16.204952
2960,12660,37442,41606,8.484318
2961,43697,30273,40939,21.32567
2962,5934,17869,47871,21.135134
2963,46282,6483,784,16.16602
2964,37249,25046,26756,17.162275
2965,28958,28346,7191,2.7374537
2966,25022,6405,41830,27.14134
2967,49802,16667,30772,26.385078
2968,39025,18094,39702,16.433033
2969,41445,21860,26975,19.620995
2970,25301,2572,34091,13.296351
2971,24191,26275,40907,7.8150854
2972,46782,4541,13816,13.869175
2973,26003,17928,37777,9.8308325
2974,14403,22634,10499,20.605928
2975,11376,13580,40198,17.915104
2976,22246,2449,19883,9.140705
2977,12709,22118,4815,23.682562
2978,10772,5458,14667,21.236502
2979,10661,42637,2289,22.3436
2980,49931,32259,32282,9.313253
2981,9769,17912,25273,17.137342
2982,19515,18304,3793,11.859457
2983,21092,22797,28710,21.453564
2984,16045,43634,40424,30.205664
2985,15058,49148,9444,15.169251
2986,36046,24017,35335,8.891765
2987,4068,34633,15148,16.863173
2988,47686,34018,44525,11.524113
2989,34059,24640,38285,29.753628
2990,45916,19382,5386,22.927008
2991,9964,5812,36205,17.32632
2992,24584,16920,2047,18.357698
2993,45238,3062,17251,12.267043
2994,20448,11996,19424,14.894764
2995,25213,9558,11986,17.301723
2996,22791,33077,32821,16.833782
2997,26451,6998,35430,21.354734
2998,14736,33664,34315,15.829259
2999,23591,40280,48845,13.430567
3000,28209,34269,27495,19.951742
3001,30788,12965,34831,20.069246
3002,37594,7769,43060,23.823935
3003,4209,42907,35439,19.477375
3004,42809,2300,11299,27.938614
3005,1259,20747,17051,6.904058
3006,42747,47272,37526,10.463233
3007,13539,16639,35011,21.054266
3008,33748,1928,43967,15.568006
3009,31127,48295,3054,16.966022
3010,47841,40998,27162,19.12485
3011,35858,17478,5601,26.942688
3012,11195,28906,37375,15.951258
3013,9293,10167,21337,11.652616
3014,41990,18220,20660,6.3989286
3015,45960,24733,38333,10.499442
3016,38748,26336,22854,18.195948
3017,7108,22048,16979,18.145813
3018,44664,4704,19129,14.908273
3019,33342,23062,42570,4.5946536
3020,34105,28569,8269,10.517158
3021,41507,26983,35260,8.5655365
3022,26607,11821,696,3.493367
3023,22232,14512,26539,5.948694
3024,2823,40922,25620,11.897706
3025,40943,43243,8380,12.485519
3026,24359,26451,3620,21.973898
3027,9479,1233,45478,27.611824
3028,13008,47973,28947,21.706701
3029,43935,35449,19017,15.752462
3030,35961,12725,49947,21.73037
3031,8888,36797,26318,20.984364
3032,46009,26557,34598,17.61744
3033,48330,38706,33113,21.884459
3034,13487,17370,26512,23.694141
3035,2969,38185,3139,14.0840025
3036,16365,45950,39751,22.42763
3037,2798,18264,38367,14.461889
3038,14109,4113,27048,20.390177
3039,49151,4502,24968,16.228434
3040,22033,5438,12888,12.702904
3041,38394,6446,37919,15.568656
3042,46212,1022,36037,26.579138
3043,17792,44566,3756,20.386925
3044,34178,34096,22181,15.219383
3045,6794,11541,15698,18.06599
3046,14774,17876,5959,14.589241
3047,30813,39196,32236,16.505259
3048,39849,19527,38048,14.202012
3049,45744,33165,35590,6.519764
3050,34010,10638,17730,23.862482
3051,7276,13463,4274,20.548449
3052,11541,33425,8563,21.78083
3053,41310,24593,1442,18.00343
3054,38879,47176,31260,11.64647
3055,16375,8405,7491,22.320538
3056,21754,1146,13601,18.264261
3057,15871,8444,5193,18.053171
3058,29534,24105,21151,23.241535
3059,9288,26989,16044,12.279839
3060,8612,25443,45673,9.885452
3061,19989,27507,48397,18.807346
3062,34681,37788,17948,12.484042
3063,30560,27737,38946,15.628976
3064,44518,19729,8941,10.833737
3065,8091,535,31545,23.084366
3066,7036,18580,43886,4.8177223
3067,8797,37786,11923,10.372676
3068,31492,47113,7375,21.558262
3069,25143,7348,14876,14.760218
3070,12572,8003,8655,25.572279
3071,21175,13002,46200,23.788462
3072,20526,21299,38433,4.03585
3073,46796,36794,35363,22.178467
3074,8298,36170,21683,26.43944
3075,15233,19391,3552,21.046473
3076,28058,18134,20457,21.493496
3077,44143,34658,5628,20.729342
3078,18272,19771,10556,20.903708
3079,34217,15184,5617,10.405928
3080,16364,9011,27302,29.60531
3081,35162,42783,35209,20.604109
3082,4062,48079,6314,15.48607
3083,29383,5,30250,11.873006
3084,47873,35539,29275,12.905852
3085,15970,17079,12078,12.091256
3086,31273,13663,17650,11.172334
3087,38312,1954,47889,29.411953
3088,44411,2805,32357,21.093773
3089,1480,15734,36983,17.842587
3090,21078,17568,13403,8.016112
3091,10679,8924,39007,17.57865
3092,22797,9788,36155,20.470146
3093,48690,2753,10485,22.874311
3094,37057,17643,25914,3.5356202
3095,46868,22853,37589,7.735093
3096,3510,44038,19606,11.061088
3097,15205,44944,26172,14.585609
3098,4380,20078,227,16.140957
3099,118,6160,2625,10.107189
3100,12947,48258,49791,19.34751
3101,5008,32897,37327,8.90285
3102,12770,49965,3794,6.5695276
3103,27532,13770,25496,26.56148
3104,35854,20908,12029,8.874567
3105,18358,36393,24273,3.9833791
3106,38890,3482,29636,6.859215
3107,34481,35994,22381,28.09323
3108,17295,30227,18513,6.847869
3109,46275,5312,44259,18.806448
3110,11048,6312,17533,2.3450518
3111,20409,10470,42175,28.149477
3112,4738,8779,19857,17.830984
3113,4715,2494,11266,18.898623
3114,24083,25258,4902,17.106834
3115,2928,32888,6476,25.723705
3116,14267,15587,48875,6.0907245
3117,43410,15937,5472,19.33705
3118,16057,30181,28538,9.309445
3119,23339,17656,11250,16.494102
3120,38445,5914,3173,15.641136
3121,44055,16737,24283,22.132042
3122,18565,20829,43579,14.222698
3123,33047,21539,25457,19.4899
3124,27128,21819,22080,9.431186
3125,12603,30185,28637,7.7774997
3126,9247,39422,37192,14.892826
3127,10221,11815,760,14.096695
3128,33367,13192,18846,14.403119
3129,6406,32370,43790,19.354803
3130,29831,918,25876,20.123884
3131,17831,9418,7106,17.823345
3132,24958,41681,33551,16.802048
3133,49148,42557,45347,4.8830814
3134,15376,41830,36377,15.584413
3135,41676,31297,39504,20.933407
3136,22095,2047,33396,26.276793
3137,46594,35419,1505,11.835853
3138,41562,7551,29842,6.218878
3139,3273,4380,23888,22.707281
3140,34090,42059,37031,13.405313
3141,10343,49614,35290,26.113169
3142,28908,9936,40301,17.219505
3143,9099,48287,9235,22.882046
3144,41926,8808,34936,15.348738
3145,10892,36230,45799,18.370605
3146,40617,40574,5741,9.189559
3147,31751,34011,79,10.106332
3148,45283,37403,38047,4.3633494
3149,48674,13366,18087,4.592142
3150,23919,29279,3807,14.234294
3151,22367,48763,46403,19.734877
3152,15431,47775,36781,11.479155
3153,39141,36593,2412,14.497567
3154,5722,1205,6242,20.63963
3155,31842,16665,31156,13.196152
3156,24482,5115,2544,16.72961
3157,44286,36662,11545,11.912344
3158,48429,32324,40069,15.130898
3159,5003,49459,49522,6.4299483
3160,31362,49714,37423,9.434848
3161,19775,15639,7517,22.345362
3162,18924,17424,13918,25.427216
3163,22110,40704,1921,20.304811
3164,37328,24134,42340,23.815477
3165,41169,49204,19278,15.844143
3166,13177,10334,2552,18.598469
3167,40362,47969,13130,12.797628
3168,42562,2173,2927,10.818764
3169,27797,6294,17425,26.879124
3170,4334,24412,1046,17.212566
3171,10455,1633,22514,16.609669
3172,25906,30994,36334,11.3615885
3173,10697,34431,21445,17.831394
3174,25924,6323,29109,9.131994
3175,2050,28570,18873,9.409092
3176,42686,23744,7649,25.679028
3177,28337,40282,39787,10.020109
3178,6948,37680,12672,24.700031
3179,26146,40681,29606,11.00359
3180,27216,25464,49877,19.847952
3181,39599,5242,27358,22.637152
3182,11939,20295,22920,21.013182
3183,43691,657,9905,13.754376
3184,36465,37256,44667,18.715006
3185,34177,10844,35726,7.6325045
3186,17908,17354,6701,9.556115
3187,15624,2526,18600,16.71909
3188,9329,18042,12467,22.756207
3189,13366,1564,49510,21.703884
3190,21744,31535,36197,17.98732
3191,42645,28309,13727,25.630978
3192,40233,3954,46211,13.600919
3193,29510,14101,36014,19.94491
3194,37816,18416,22545,18.434189
3195,3896,2287,36850,27.357256
3196,42918,34155,40177,10.231166
3197,14536,26908,44857,4.7421813
3198,14710,19354,20925,11.172067
3199,24412,10597,1870,4.8482842
3200,14547,13292,6375,15.577804
3201,33853,34099,12028,17.301376
3202,5363,29584,36474,21.600437
3203,21251,45225,30625,9.271868
3204,12597,25676,19079,15.190321
3205,8013,32363,30609,25.828505
3206,38559,20525,30440,20.837095
3207,10081,11511,12501,20.149372
3208,9417,45517,43452,6.3405066
3209,35174,17022,15980,18.959316
3210,49839,44940,44410,13.579222
3211,14103,36924,49070,12.401797
3212,3420,27999,37966,16.341446
3213,14396,21354,28376,16.29934
3214,7003,39699,34005,9.818805
3215,49973,28693,36098,9.860316
3216,41608,46402,16671,19.252892
3217,20697,29927,40369,12.386176
3218,48717,644,44315,30.368505
3219,31653,23524,31068,18.397295
3220,44175,15181,26327,8.690401
3221,47501,36769,4573,15.31419
3222,25189,30360,13452,9.74387
3223,23555,7468,12177,10.862489
3224,33198,7221,25726,11.267787
3225,22366,27228,27485,21.678013
3226,9922,2050,20344,25.42958
3227,23109,8769,33909,12.240944
3228,2204,13255,4090,28.82316
3229,48407,24655,6555,6.762548
3230,27361,3475,47955,23.595312
3231,11785,3730,10358,17.157104
3232,28290,49966,15253,13.63298
3233,33168,42227,223,7.586714
3234,31483,38367,29270,24.543688
3235,6102,1993,45492,45.909084
3236,39176,8037,5357,17.533861
3237,6182,7446,2804,13.021176
3238,18812,20697,41230,21.519619
3239,39016,47931,26312,23.437712
3240,29268,2857,48284,8.542289
3241,12367,6851,18739,21.056084
3242,18967,11225,19585,19.90352
3243,9304,44,38360,20.171112
3244,11554,2965,34734,23.456612
3245,29351,32263,45000,22.896288
3246,17139,37937,43869,9.933427
3247,24082,3212,46290,12.883549
3248,4195,32554,23064,11.714635
3249,24547,21709,32650,12.122312
3250,13255,34659,23749,25.349731
3251,22037,47127,11096,5.5694304
3252,10660,11025,5269,15.231931
3253,31636,49243,3168,10.654812
3254,19621,30811,32169,13.000254
3255,26545,13005,21707,19.218674
3256,934,19306,9030,9.792426
3257,43110,37810,21615,17.014505
3258,40764,28781,30159,14.656987
3259,35979,12768,15474,9.495759
3260,7175,48484,15463,17.547298
3261,16871,8192,46601,8.87808
3262,31437,18582,25022,28.347687
3263,13585,43276,32780,12.458432
3264,15956,27780,24314,2.920705
3265,43792,19542,16834,5.7656674
3266,36577,23212,20193,11.461462
3267,46169,19856,22204,7.918885
3268,23834,4503,13471,19.114012
3269,19899,1969,27460,23.675417
3270,30493,30873,15528,20.458555
3271,19014,43302,28704,5.1150103
3272,23814,47352,17927,16.063772
3273,25411,17760,28852,26.286568
3274,36170,43013,40511,20.115614
3275,25893,37359,30290,8.752274
3276,13695,15615,33588,14.964656
3277,2904,27966,29722,21.693735
3278,8333,4963,30819,16.588158
3279,23354,34356,21624,23.45514
3280,6324,7792,24812,15.063797
3281,19729,35523,17530,13.65844
3282,24593,14670,17359,21.820578
3283,30168,7402,34056,1.2665892
3284,25032,10548,2016,16.256706
3285,47865,29093,39593,21.988356
3286,20603,27222,29606,6.6502504
3287,40970,6728,22974,18.905983
3288,43236,49551,38375,19.930523
3289,46412,23029,9873,17.495605
3290,24437,2030,11561,18.448301
3291,45684,11237,48067,13.17899
3292,49611,17145,18920,21.721754
3293,3918,11813,44947,17.894445
3294,9021,20899,31992,7.8255205
3295,40788,33675,25244,26.35505
3296,27029,22788,48311,16.944727
3297,7543,4362,25809,5.190958
3298,18104,30915,37703,18.010258
3299,41386,18629,29687,16.237902
3300,44454,8053,34828,6.5944905
3301,8776,34187,40974,20.297215
3302,34729,21766,30447,13.523074
3303,45268,45380,2916,19.818638
3304,47127,27331,10583,10.657516
3305,10469,45949,39230,16.079214
3306,40962,3237,21196,12.302354
3307,33077,45829,27610,19.452925
3308,27770,33557,48372,16.029346
3309,39168,32559,9555,16.295189
3310,2054,30503,16275,20.048574
3311,46327,42364,38101,13.175897
3312,19859,35181,45217,10.825718
3313,45935,14810,28934,17.888912
3314,11280,46317,814,3.992027
3315,25614,36815,21233,23.276363
3316,29584,30158,2834,23.885576
3317,1198,8425,47590,18.429123
3318,42571,7637,18330,17.098415
3319,24403,19858,12824,28.473963
3320,40025,22620,26170,13.316607
3321,37757,13686,31446,21.08348
3322,46635,41835,21728,10.321031
3323,560,4776,25206,16.489965
3324,43909,29871,13648,15.761738
3325,21823,26876,45924,29.62819
3326,47161,11635,16370,10.27303
3327,1365,34151,42203,16.663372
3328,46724,22428,15633,17.738222
3329,32247,11048,1679,13.275265
3330,41079,2784,12285,18.0482
3331,1185,22918,19583,25.89271
3332,7841,1603,40424,32.394222
3333,44418,27811,35613,13.967159
3334,4999,35582,15391,12.531313
3335,7966,15914,4808,18.790829
3336,35531,5291,25392,16.978498
3337,21732,18358,143,19.20725
3338,27396,14972,30910,19.414806
3339,21130,30496,47773,12.996389
3340,14600,21044,13149,7.087587
3341,17350,16787,252,13.047352
3342,27891,9448,22886,8.77047
3343,41065,26600,39158,17.319986
3344,19199,22674,6774,10.953816
3345,25967,21157,38699,15.873624
3346,34403,21345,32548,14.959646
3347,28187,5615,3416,7.495539
3348,12008,1874,24809,8.556952
3349,5321,38738,5048,19.126455
3350,14614,32439,42427,10.958874
3351,41056,45395,13845,16.779112
3352,7787,29017,2916,24.199549
3353,47463,24662,32980,17.298794
3354,11919,45403,12070,26.509306
3355,6916,1829,8026,27.457808
3356,9332,39779,5830,5.248721
3357,44963,36650,25067,19.247318
3358,20036,32105,10781,10.125572
3359,48915,38679,26099,15.899863
3360,35501,43353,27837,20.798096
3361,45237,37985,14563,21.051243
3362,6691,2200,36253,15.0420065
3363,28818,32460,35049,21.909348
3364,25711,21947,44674,19.79143
3365,15166,33868,6436,10.921819
3366,38219,13780,39231,18.29618
3367,30306,8679,34026,12.961933
3368,36069,3508,16447,5.3265667
3369,25351,1439,37548,12.532692
3370,49150,18349,37692,4.1825123
3371,5688,41789,24662,25.665792
3372,48851,6117,8677,11.661464
3373,13362,17713,19204,15.581329
3374,142,30289,16923,18.84717
3375,1879,28960,518,20.944279
3376,2808,25329,46672,10.396016
3377,18013,44422,31498,13.115901
3378,11573,41236,20216,23.873753
3379,42849,2928,19651,20.223045
3380,1651,32710,35584,18.361576
3381,27226,34804,21727,20.395672
3382,910,33808,38960,6.070267
3383,32676,25504,8524,24.235834
3384,19326,3696,5689,23.183947
3385,46646,34825,21343,21.60732
3386,19496,36003,2323,21.395725
3387,25782,15087,36756,19.516888
3388,25273,48250,47094,17.025122
3389,14658,30932,22090,19.005716
3390,8884,16499,48585,24.591822
3391,8336,5232,11223,5.144399
3392,19498,42067,35010,21.018614
3393,26209,21102,28306,25.63844
3394,21335,14811,44029,18.793335
3395,439,39278,15671,12.981122
3396,45163,34911,37930,19.47118
3397,38370,22149,46563,8.69427
3398,739,17347,725,22.220566
3399,30068,42328,21580,19.149035
3400,4963,2863,24357,11.114966
3401,553,19264,3567,25.774925
3402,47488,32404,25323,24.753284
3403,34885,4453,2944,20.905409
3404,11967,9839,31109,22.5573
3405,11895,42822,14576,16.670406
3406,6593,15757,20116,8.250533
3407,44817,18385,12257,17.160124
3408,30384,6148,10088,20.648247
3409,21305,41952,18515,7.004916
3410,42331,30065,11531,12.990277
3411,47701,8662,30285,20.22458
3412,20853,34850,29972,19.759321
3413,3618,9398,45110,21.386013
3414,23399,12015,9190,10.913858
3415,48780,40994,45344,12.744149
3416,19409,44834,39957,23.711256
3417,12407,17878,16129,18.898106
3418,16690,41912,38063,20.511215
3419,39623,22524,25228,12.636144
3420,34495,31305,45953,20.578526
3421,10035,39315,37427,15.089702
3422,15087,6808,19573,11.930585
3423,16879,19621,3545,21.128782
3424,32401,39562,30751,23.259506
3425,47783,34365,613,21.770262
3426,19932,24049,19599,15.210883
3427,568,20360,8552,16.728167
3428,40513,23611,44651,10.7935505
3429,7974,1612,30545,16.589626
3430,29308,20366,13603,23.990112
3431,16219,19980,13134,16.456915
3432,27737,17095,9970,9.282059
3433,12843,2948,44989,23.208447
3434,29342,17539,4245,13.779674
3435,38881,33150,23464,18.210058
3436,12172,25154,34536,13.545983
3437,49392,39540,15207,12.448213
3438,1459,11176,18056,2.6855006
3439,39595,18432,44161,20.663548
3440,24097,23053,20141,13.453933
3441,2134,46366,38356,7.4169555
3442,31265,32075,6976,15.182291
3443,29416,48855,6362,7.333337
3444,26696,33381,28154,12.941429
3445,27880,32280,15103,11.122668
3446,39560,36324,29040,18.823692
3447,40443,19283,6990,12.080399
3448,23037,21779,358,32.4881
3449,43251,10894,8210,20.842077
3450,42952,32898,24151,27.914778
3451,25864,37072,901,16.771034
3452,26300,5962,24248,14.448758
3453,35567,22313,36008,12.387964
3454,9524,41245,35111,8.532609
3455,26069,12497,31315,21.457989
3456,43617,17830,23547,5.3824325
3457,41580,31357,41552,23.10517
3458,34254,5906,25223,15.093685
3459,40986,24403,44344,22.143486
3460,7516,20242,32236,22.718676
3461,36144,49370,41959,11.241674
3462,15146,14861,6865,22.761873
3463,35926,36224,48834,18.27783
3464,22362,461,35035,13.343896
3465,8292,49327,10734,16.235254
3466,4262,15125,24205,11.936007
3467,36232,46474,47,13.015775
3468,44488,45748,14449,22.53684
3469,49585,13097,49630,5.718259
3470,10267,28920,12833,16.65581
3471,45276,25429,42702,11.009938
3472,43001,44992,28098,24.36883
3473,34454,17513,35783,21.663864
3474,11019,43479,49520,23.497314
3475,10527,16594,17868,7.900195
3476,35868,3989,13078,26.774694
3477,1165,24221,4430,15.077919
3478,49270,10785,36240,15.3967705
3479,22118,166,14011,17.368837
3480,3859,8888,44568,9.698595
3481,7004,48804,3944,21.182896
3482,29750,14037,36104,23.201698
3483,34446,12598,23994,11.91934
3484,29057,8794,48796,19.362572
3485,29950,34885,20989,25.434364
3486,35263,38833,1367,13.737556
3487,24567,21283,36568,18.741592
3488,28413,41613,366,21.100485
3489,38065,4127,41181,23.792704
3490,45949,38594,5546,6.446766
3491,25318,9329,37310,22.753294
3492,34239,5677,3653,17.969799
3493,47184,4792,11447,7.192975
3494,991,21489,30080,19.962826
3495,8988,49997,30437,27.946718
3496,45017,32134,19511,6.263579
3497,48369,17722,32627,30.703594
3498,45027,47318,10325,8.803173
3499,42391,3815,16943,10.688322
3500,2819,41959,13936,13.373138
3501,29070,15818,24257,24.331753
3502,5631,38188,42016,20.174625
3503,37877,33220,32988,17.657812
3504,38246,38955,1920,10.503574
3505,34088,123,17383,12.684214
3506,40766,32792,35837,17.95282
3507,25555,45180,1236,8.43161
3508,16678,16373,5574,19.475006
3509,24616,36355,4171,7.73548
3510,46209,3918,37980,18.402065
3511,27535,16618,40710,11.710748
3512,3111,34258,46446,17.51046
3513,11350,23297,13948,7.746211
3514,47830,20055,28663,11.670463
3515,18080,40234,30813,24.842384
3516,7995,37719,31412,7.0583854
3517,12099,31949,31640,25.097612
3518,48904,35913,47682,12.397869
3519,49092,8324,31623,17.792227
3520,31910,37709,47426,22.590292
3521,34956,18336,21343,13.395209
3522,33611,2973,37619,23.67239
3523,773,39636,31245,23.153835
3524,30293,8199,31735,9.9708805
3525,20291,36665,13070,11.164574
3526,15918,1964,8799,22.158297
3527,45194,49615,2366,20.259193
3528,46420,1257,20628,24.740292
3529,47743,3658,30980,13.23218
3530,49822,14117,741,19.650116
3531,23241,20304,14489,10.588033
3532,41959,46425,44386,7.6030197
3533,33252,25572,35352,5.8570933
3534,17393,35969,39031,10.545787
3535,45395,25462,22026,11.741187
3536,36821,16362,41485,22.541718
3537,35181,35372,39476,13.905074
3538,15164,47854,13022,14.67744
3539,23727,48956,39510,10.844673
3540,36230,13234,29721,19.852556
3541,33030,30580,41613,11.959506
3542,5180,11407,9534,19.12844
3543,23440,43568,10956,16.372988
3544,6988,29403,49255,17.87662
3545,33777,29227,14173,19.24865
3546,49179,15599,3146,19.778318
3547,14668,23486,18777,7.4510937
3548,35378,43212,31486,17.442337
3549,29812,28079,43739,4.656119
3550,8887,18118,10240,13.827992
3551,20552,16239,26727,16.370481
3552,24555,10991,37015,5.505723
3553,31965,41859,22929,15.7019205
3554,43775,35453,39094,23.448648
3555,28595,33819,14904,10.56161
3556,35968,47962,7147,19.510513
3557,40325,38773,24068,21.719095
3558,15978,14365,42131,11.473433
3559,25057,40443,11616,18.963594
3560,20538,44618,39163,2.27943
3561,44060,10982,25039,24.73818
3562,24069,27788,22312,20.609991
3563,18019,45429,6407,5.014797
3564,22072,45813,15246,10.936964
3565,42706,34272,42324,17.878906
3566,1301,3173,43641,24.519045
3567,28623,33689,49574,17.085022
3568,4679,20730,46266,11.441518
3569,28511,38462,36377,9.215531
3570,12398,37015,31172,23.184572
3571,36967,46731,36062,28.862923
3572,436,18126,3008,11.916632
3573,48924,41805,18497,18.482628
3574,38129,16126,49837,9.955376
3575,18076,43553,36288,7.297862
3576,17354,1374,32016,26.318674
3577,10920,28595,35111,9.464495
3578,232,29851,44842,8.062931
3579,20053,2285,85,23.206066
3580,32954,27985,34420,10.531041
3581,25310,34441,9699,26.82382
3582,6941,378,47410,38.238083
3583,3557,19504,39382,19.902184
3584,32510,19043,40629,13.656322
3585,8459,44615,43404,10.118186
3586,8491,46099,47518,11.218054
3587,49923,19047,4260,15.7049055
3588,39154,11175,35453,15.529521
3589,42421,44733,4523,13.017181
3590,44721,47518,28589,15.356661
3591,35840,29812,13788,22.91899
3592,23409,29802,46559,22.54818
3593,4110,17268,14139,20.541948
3594,29781,18877,35096,9.141119
3595,48286,31391,47038,22.327753
3596,989,14426,49216,8.695365
3597,18897,6380,44664,16.632803
3598,44150,31751,40762,5.3325677
3599,10256,8894,23569,19.907648
3600,317,18864,871,8.000778
3601,40982,36105,26828,11.303411
3602,22658,5187,21628,13.079675
3603,7012,35112,7847,10.151074
3604,27171,45372,23878,7.988364
3605,8971,25129,25546,18.565361
3606,38288,45308,8955,11.544692
3607,6099,20619,23689,19.941265
3608,22918,38918,39240,8.139831
3609,12959,42959,11144,21.310844
3610,2883,4014,43146,19.253712
3611,30456,873,28195,24.862377
3612,34130,40764,13784,20.09918
3613,44095,40503,2916,20.782326
3614,8616,91,36566,18.460968
3615,40977,30009,14432,21.320225
3616,44122,39973,35040,23.383532
3617,2848,16011,7703,8.134535
3618,36736,1967,42707,16.591955
3619,39520,14262,12794,21.424877
3620,16513,34676,14121,18.745306
3621,46251,19553,8861,27.515345
3622,12864,11809,31519,8.325303
3623,27841,16234,13341,18.239338
3624,44086,24090,12115,12.776914
3625,47135,41821,22113,27.714134
3626,42975,10698,26056,25.219543
3627,1717,17519,43239,21.848753
3628,21095,14209,32453,11.2279625
3629,2707,2499,5504,19.668287
3630,12101,24649,44063,17.358057
3631,5477,17285,41165,18.50963
3632,7517,49833,16433,20.517172
3633,25338,2978,49833,24.606056
3634,19897,45093,38938,12.33113
3635,34463,20601,12877,15.200491
3636,36169,40626,36642,21.344208
3637,46450,42866,10781,7.857868
3638,13266,4517,48406,27.278698
3639,17909,16814,14028,21.204945
3640,11150,1647,40827,26.65783
3641,36945,25619,33578,16.874464
3642,9852,21732,28999,15.4436035
3643,36721,20550,41588,21.45044
3644,36364,30248,31199,16.599241
3645,10820,15624,37569,11.58779
3646,32113,49465,822,23.764912
3647,29996,25127,46659,18.41308
3648,32684,35189,15506,11.888217
3649,23119,27651,15513,18.991993
3650,28291,21004,45131,16.590918
3651,17597,31597,5110,6.5122705
3652,21262,34121,20595,7.279984
3653,5458,45336,15821,20.36555
3654,44886,31353,14765,9.162281
3655,20727,13099,27929,19.85766
3656,1867,19201,45338,23.92189
3657,44872,21611,20523,8.744299
3658,47931,41356,44506,22.700815
3659,31147,30004,34406,8.234301
3660,23911,31499,9269,18.742159
3661,45481,30060,43679,8.345725
3662,24467,36811,27771,15.859868
3663,20462,3916,19788,20.786386
3664,21923,31083,14731,25.22084
3665,42785,11682,32061,24.448013
3666,17950,34139,46419,19.523924
3667,29962,13385,36310,16.324453
3668,27520,47865,10998,10.659652
3669,19994,38153,10104,9.858075
3670,709,7492,1079,24.360983
3671,23858,42090,41047,17.930483
3672,2360,15208,10773,18.060709
3673,45384,47765,40982,17.65484
3674,63,25201,30610,11.989854
3675,42662,31640,20327,19.18829
3676,8555,6696,49143,20.15573
3677,16156,4191,34441,22.4641
3678,39484,24721,9562,29.098457
3679,8894,11663,2593,15.678237
3680,35190,17496,36715,27.666018
3681,16083,43455,14548,15.277619
3682,22381,45720,23920,21.204254
3683,14605,11731,31818,11.177839
3684,31637,47348,14220,13.395985
3685,45485,20540,40088,11.190948
3686,24538,9965,41835,14.97365
3687,28676,17220,32642,23.64521
3688,34968,42082,12305,23.184418
3689,23824,46497,10205,28.748386
3690,845,44656,28107,6.6994634
3691,46847,15093,599,21.321089
3692,21386,4829,7560,28.612282
3693,49428,41593,45179,27.22754
3694,34461,11081,45372,12.949836
3695,31057,42719,25415,24.526701
3696,15446,47160,22353,8.102869
3697,39687,32644,29237,18.923233
3698,33059,49159,19486,15.373777
3699,11996,4344,31245,9.302257
3700,38359,35567,45786,15.89622
3701,17911,13301,11896,3.4841473
3702,30415,42391,7290,5.1982193
3703,44270,42746,39652,18.324768
3704,1489,1790,48889,19.269691
3705,23985,29418,47030,19.23819
3706,27531,36204,7814,15.688683
3707,16693,16102,35712,23.084772
3708,13439,14591,28445,18.590086
3709,48862,620,12741,16.403362
3710,39493,8202,1368,22.652613
3711,49625,34221,42101,21.212536
3712,839,12366,32084,25.449207
3713,15600,44664,24608,16.712637
3714,20683,2777,26916,15.231033
3715,26353,15659,32279,17.549303
3716,38148,5766,49559,19.14841
3717,48230,6988,23578,25.58659
3718,26866,49607,1697,10.45769
3719,15485,44150,25323,21.80286
3720,10067,12189,7370,19.242085
3721,11412,12775,37789,9.5708065
3722,7494,27407,40205,19.35547
3723,18954,14026,7064,12.428428
3724,24136,25653,35196,9.773459
3725,14965,26232,12514,5.8571453
3726,39409,27361,44040,7.346658
3727,8363,27396,17179,19.259813
3728,15908,20857,35228,24.729712
3729,46187,37661,14420,18.232882
3730,1476,43807,7076,29.219187
3731,15208,61,33828,7.393564
3732,22578,38476,31105,10.404783
3733,14100,24599,34741,17.259933
3734,35545,3726,39728,10.585439
3735,22332,49005,23305,5.116108
3736,13537,32150,3485,23.937893
3737,48250,49305,39187,17.160006
3738,48012,17637,26042,17.445353
3739,23060,25398,31248,21.127094
3740,36401,46590,11092,15.847009
3741,15960,31902,19599,13.77254
3742,34853,27198,45984,14.42383
3743,21564,17476,22339,24.162434
3744,28344,10679,13045,25.119879
3745,9343,13660,4990,11.596777
3746,31934,49875,11310,22.706507
3747,3471,28410,17401,12.76036
3748,33158,36945,48264,27.277634
3749,41232,41886,18489,22.566135
3750,36391,44671,17735,24.708946
3751,10575,4908,29294,8.525246
3752,22393,33970,21780,23.96707
3753,47345,27813,27648,17.30034
3754,18971,34437,13242,21.002127
3755,4205,253,6961,25.27045
3756,12537,37991,14451,20.664812
3757,30158,18262,27540,12.902707
3758,48071,40597,41229,28.336975
3759,6945,28553,48856,6.553556
3760,37767,28203,36395,25.847845
3761,36840,12084,41253,18.156855
3762,40591,8401,46673,23.122313
3763,37338,49860,6183,16.284054
3764,15792,44055,19492,8.600325
3765,39739,30556,25365,18.391043
3766,32723,183,28741,19.989609
3767,38875,16135,27429,14.908035
3768,18389,41493,44960,18.876804
3769,42010,16268,817,16.083378
3770,46431,12350,38166,14.250129
3771,15631,2672,43027,22.42516
3772,10950,9138,13461,6.3497314
3773,40195,40454,3536,5.825569
3774,10714,12939,24540,14.716548
3775,29113,4365,49233,17.647146
3776,9779,38445,33309,16.463238
3777,41528,16066,36859,13.666758
3778,44923,22859,43112,15.820403
3779,35377,49166,35246,13.673379
3780,37205,38666,15548,22.511723
3781,26656,10489,40888,13.341454
3782,33203,23040,3934,22.986012
3783,39004,33840,44328,20.378864
3784,10279,6629,25238,14.599521
3785,28064,21546,30638,16.402843
3786,48450,14339,22592,6.047541
3787,32358,36997,8902,11.153892
3788,12965,34007,4275,19.63638
3789,43833,15708,46522,12.570931
3790,40395,3,12485,19.355484
3791,28205,29213,9480,22.341885
3792,7674,264,19734,15.016211
3793,6531,27796,6737,7.207191
3794,9382,28660,35551,8.938675
3795,19553,21598,43671,15.665269
3796,29936,18979,7788,16.26744
3797,45886,32042,30497,14.730754
3798,35186,31242,7244,16.08095
3799,32494,738,28985,5.5194526
3800,16092,36358,43827,14.510389
3801,27412,43436,6769,10.537676
3802,16217,47338,18429,24.42902
3803,17357,34305,23867,15.180651
3804,13155,18370,1462,13.74366
3805,7698,18172,29252,9.556984
3806,47639,2957,34336,19.789795
3807,47410,8837,34359,26.23879
3808,6779,40248,20137,20.075909
3809,36717,19238,925,6.347482
3810,49675,34731,7980,10.79303
3811,47242,516,10866,24.392067
3812,27327,29342,4200,10.343443
3813,33425,29448,41665,19.25233
3814,45383,45878,8321,20.234478
3815,27863,46881,13988,23.351032
3816,4685,38503,1199,17.975664
3817,1646,49544,48338,7.015625
3818,38822,40972,9013,6.681766
3819,20794,5114,454,16.762545
3820,22688,22390,1215,10.04888
3821,23323,25103,29345,23.657576
3822,39875,42865,9049,27.081484
3823,14037,11680,2676,21.611156
3824,16091,32692,32135,3.9433086
3825,41914,3510,23205,18.967714
3826,39218,26656,7727,16.243614
3827,14242,20198,5437,23.408878
3828,46866,17873,37013,20.347494
3829,4242,17491,33340,18.632948
3830,16874,9691,46742,5.793041
3831,1327,29959,4644,21.086157
3832,39131,184,3302,15.466533
3833,31227,45821,327,10.5908575
3834,19856,13155,31578,13.281535
3835,46474,39671,11886,24.432384
3836,1371,26194,8905,14.269321
3837,31356,48381,11873,19.711023
3838,24221,12393,12427,16.204165
3839,42060,27519,20606,14.424304
3840,12301,9119,39337,14.48786
3841,32004,35360,30423,30.078365
3842,18074,10269,3429,8.907353
3843,48816,32687,42977,27.992392
3844,46267,16857,25127,28.098007
3845,3163,35441,47373,16.901487
3846,46823,23195,21269,3.5305586
3847,5332,11554,2389,15.287959
3848,37924,39774,29370,13.680685
3849,4938,22035,48487,21.522148
3850,9418,24622,47729,18.371784
3851,3726,28646,42521,17.415625
3852,49005,26724,13274,17.90356
3853,644,8754,42906,13.305365
3854,33510,47686,13049,17.188267
3855,41420,43826,4925,8.873198
3856,31780,18368,40407,12.257377
3857,28327,21836,37809,17.0442
3858,2761,16441,49950,20.697071
3859,26618,37104,33289,10.02814
3860,19175,28287,1411,16.487247
3861,22867,18080,2305,9.270024
3862,26281,16219,4696,11.42945
3863,27579,4679,5963,10.797101
3864,32438,37008,16997,9.763863
3865,41099,41903,14398,18.765417
3866,13152,13962,20866,19.6875
3867,13115,41725,18047,22.778292
3868,48106,12988,7268,22.429941
3869,41115,13950,24123,12.467589
3870,27731,3084,7558,17.251328
3871,20173,2071,40936,16.05461
3872,25154,46546,5511,31.293447
3873,46973,22894,11215,24.438648
3874,17214,12290,30656,17.307528
3875,49985,29868,13734,14.97032
3876,5159,13079,14431,8.521629
3877,705,38781,41143,19.903625
3878,15296,38806,35967,10.107093
3879,20108,16073,49514,24.476357
3880,44098,23560,5149,18.87528
3881,19264,3794,35425,19.912968
3882,21658,13175,31618,13.327355
3883,38193,14868,10283,26.680243
3884,48258,787,21018,18.210215
3885,13202,31838,33085,11.538822
3886,34439,43114,6360,20.630693
3887,36535,8255,2665,22.740808
3888,25948,17495,39908,29.992407
3889,12970,30898,18185,10.264805
3890,22054,24809,23598,14.03773
3891,29612,8971,26745,12.191325
3892,20305,18318,4073,27.100948
3893,41597,4685,17230,17.494482
3894,32818,12643,6754,13.719987
3895,34119,15167,14596,12.064868
3896,7991,45149,18109,12.385915
3897,32139,19976,30544,10.780565
3898,44828,6276,632,10.041953
3899,37545,26444,2560,6.8815045
3900,5997,49224,35974,16.355309
3901,48057,2622,38909,26.319458
3902,42917,7970,28029,10.519281
3903,24105,40240,49118,22.506756
3904,2021,41580,48359,20.362598
3905,30460,422,39424,19.082083
3906,42987,23501,20177,26.966805
3907,5065,42124,29400,23.110832
3908,35299,45249,13716,26.392157
3909,16535,17411,20383,9.733491
3910,12018,3527,48698,17.269499
3911,6729,49744,8425,11.63006
3912,42061,22804,39484,30.740582
3913,34643,28812,23689,24.612604
3914,32041,15781,45239,28.66445
3915,6096,2588,6403,8.658563
3916,20829,32978,12827,8.002411
3917,34737,26533,22475,24.708012
3918,29045,31842,39284,12.295664
3919,44779,19493,23411,14.932718
3920,8809,29437,18808,12.498759
3921,10863,317,9948,23.256516
3922,44733,4472,41145,24.538586
3923,166,30394,34829,20.353943
3924,43433,32113,35949,22.654224
3925,35913,39041,38027,11.719849
3926,10800,19032,10859,6.0174713
3927,38538,24722,24657,15.8109255
3928,42307,41110,27463,12.220114
3929,8193,27298,37352,19.837088
3930,28085,24526,42917,14.520703
3931,28659,44595,3992,13.794875
3932,39037,4814,31629,20.197767
3933,43373,46005,10160,10.930042
3934,35441,35979,44845,4.7261686
3935,36700,19358,3666,31.94221
3936,28895,11318,74,14.675419
3937,30125,10858,38027,9.651129
3938,34689,17867,41741,28.575857
3939,9712,34435,7834,10.684724
3940,39949,48254,882,14.884943
3941,15468,49036,1129,14.12726
3942,20525,26694,21149,12.503222
3943,32067,42957,29478,17.286488
3944,39491,29268,15292,35.658
3945,31063,40775,29003,16.700096
3946,23777,22542,35722,20.30314
3947,7282,40403,40096,30.269436
3948,5224,16260,12716,17.565687
3949,11682,42431,49419,13.639175
3950,25811,39175,31085,25.412333
3951,6533,31372,6833,23.20483
3952,5541,28460,40899,10.170855
3953,29602,18027,4101,18.413792
3954,16852,12763,18420,11.67027
3955,22061,29440,32950,23.075712
3956,10029,16114,13402,7.411127
3957,35371,37149,11096,18.062635
3958,36120,19362,49959,20.361761
3959,40618,26224,32059,18.097805
3960,12253,48117,30348,12.156813
3961,34804,24907,47698,17.941507
3962,47633,24043,26438,23.7719
3963,42321,388,6026,24.673552
3964,27407,16521,14652,19.121853
3965,48813,16255,39336,4.94522
3966,15096,43722,17967,8.335414
3967,46887,25580,27598,14.496178
3968,4117,15000,46107,15.559088
3969,41243,48658,46093,14.104296
3970,11436,14629,39066,11.986952
3971,21102,37382,11976,8.564973
3972,47638,44047,45243,12.142002
3973,37688,40380,37352,20.76021
3974,17589,42526,43976,28.81853
3975,39422,26386,15575,8.974247
3976,39059,35900,37935,13.143337
3977,20340,17896,43763,20.869888
3978,41897,9304,34192,7.2537956
3979,32426,11639,22497,14.027735
3980,41947,693,30869,16.894333
3981,24807,3560,46302,20.998795
3982,41923,14593,25858,18.113352
3983,2160,11599,37819,14.506127
3984,33759,25804,42601,9.902442
3985,8228,33505,8108,20.216957
3986,39296,26617,5757,15.184449
3987,26453,46818,10133,2.257799
3988,12775,31636,1889,25.469593
3989,16114,33702,13584,18.646727
3990,19776,28370,46663,17.650324
3991,30397,22677,42465,25.378983
3992,27074,24751,25694,22.990429
3993,39369,26130,34624,3.8410814
3994,27001,41938,4950,12.721571
3995,47311,18132,14942,6.016599
3996,867,11358,41884,7.7856255
3997,11290,45474,49724,10.496162
3998,38820,9152,12999,10.627217
3999,13878,44898,46957,19.670301
4000,49897,14118,45223,14.395409
4001,37397,16261,47594,13.108057
4002,14339,42317,29252,15.119478
4003,23935,37577,41612,20.371681
4004,49319,38735,38223,22.655867
4005,29381,6047,6568,18.051588
4006,48576,4082,48326,9.675105
4007,46846,44069,34736,12.77742
4008,1242,29427,17469,10.988958
4009,30527,14059,604,6.2386813
4010,8112,31134,49582,2.287849
4011,23121,5622,39411,12.56007
4012,5423,43118,45674,19.511808
4013,48254,8510,31359,10.770874
4014,30760,33399,7254,11.95821
4015,22804,48261,726,9.2768955
4016,36578,12950,14405,22.020002
4017,23177,15065,9175,14.8954115
4018,27067,23121,22576,12.560731
4019,7010,12634,23067,9.053282
4020,44541,30462,29165,15.845372
4021,19322,4278,33569,16.681961
4022,5591,49254,41623,25.29662
4023,6128,44049,13824,24.042906
4024,27230,26705,46484,14.382182
4025,26205,20057,31117,21.108965
4026,41297,7841,44858,12.355384
4027,39862,47635,49685,24.179756
4028,4471,44489,40979,10.728597
4029,6380,38386,5073,19.518051
4030,11653,41370,35694,17.33547
4031,30886,39623,21399,22.94421
4032,45748,14514,8668,18.238867
4033,14331,15023,34190,5.484553
4034,16899,9059,17633,25.141237
4035,38185,43368,44804,7.4802313
4036,29494,48107,45000,21.03337
4037,46674,4449,6670,15.782055
4038,49206,7940,33179,13.921402
4039,13801,16804,19055,22.6568
4040,43380,35030,4125,10.582567
4041,23128,6325,27390,19.153975
4042,44377,17784,7379,13.596686
4043,35060,44231,11102,14.061719
4044,619,9516,34302,10.520245
4045,32687,33969,43137,37.339306
4046,14667,5512,10772,21.236502
4047,19484,23454,21443,5.343944
4048,41563,27230,40545,17.924002
4049,15681,21898,26405,14.776972
4050,1964,7069,6311,23.144318
4051,5292,7250,28077,23.369638
4052,13408,39199,14737,23.523088
4053,28558,29814,39078,13.200148
4054,22733,31991,32193,24.99435
4055,44688,28291,23954,25.512768
4056,47921,4179,3942,20.974152
4057,36812,43037,4035,23.586506
4058,5974,37607,29161,13.6445
4059,39922,40516,27976,19.17998
4060,41360,539,5599,4.6490088
4061,25655,32574,7086,11.829343
4062,30318,24336,15738,22.467495
4063,49351,28331,33661,18.06719
4064,38824,40362,44257,21.505825
4065,47362,32040,32551,14.392232
4066,37150,12325,32267,16.610672
4067,38335,15099,45972,7.072863
4068,1576,3145,12190,24.686743
4069,45813,5616,11370,20.720104
4070,10020,44418,5379,19.371283
4071,5567,24159,20662,43.220604
4072,7414,13550,27685,16.892067
4073,17053,13745,43358,10.490882
4074,7648,5627,17801,14.908035
4075,29661,20153,31446,15.148749
4076,46797,34178,12175,10.250828
4077,17698,36557,44701,13.886635
4078,34416,20897,25245,18.834757
4079,24949,39884,26879,28.241379
4080,17755,19887,1692,2.840722
4081,38268,34680,19266,9.756195
4082,44550,45974,27775,21.327444
4083,28726,12253,39434,5.219218
4084,9548,35573,26794,7.381403
4085,27932,5832,2218,13.889333
4086,18674,14027,38692,19.547499
4087,35318,7261,29582,13.242462
4088,25918,48142,3687,18.130684
4089,11230,19103,29258,25.224354
4090,31134,6805,16127,16.487411
4091,13660,249,10102,4.2659397
4092,13614,44524,47636,15.981374
4093,44524,37049,11360,19.718243
4094,46586,11573,38643,6.775361
4095,23404,924,24818,6.9319725
4096,38974,38557,13376,20.381676
4097,4273,1165,27360,18.698713
4098,6061,32067,47635,19.823359
4099,47770,37846,18273,9.423158
4100,27779,42021,23864,17.996836
4101,33070,24019,21983,18.936062
4102,33914,25670,28969,20.087473
4103,31563,6473,32210,23.643532
4104,8720,49354,31521,16.789621
4105,16825,22164,11630,9.808008
4106,43180,16496,14340,15.764959
4107,42111,7424,48896,11.613359
4108,5804,42738,9050,14.728144
4109,5232,13910,44865,23.085243
4110,18390,35668,49287,26.307043
4111,27975,1540,3715,3.3081672
4112,15905,19750,25078,15.053551
4113,30058,35842,23391,19.238558
4114,32506,3166,21109,14.559583
4115,12415,24097,3920,8.666144
4116,23662,3150,37925,9.394154
4117,20045,42897,26788,19.507025
4118,5725,44349,47251,11.52549
4119,15438,6869,44834,24.776106
4120,48940,25305,43106,23.019375
4121,28358,32903,39785,9.732926
4122,19872,25741,10282,19.09164
4123,18353,41739,25312,20.883495
4124,4785,35854,15151,15.128592
4125,5316,36736,1506,19.911188
4126,44405,33061,35875,3.3771152
4127,20073,16192,36122,19.535706
4128,42642,20016,39316,20.01169
4129,29262,15139,14997,8.692297
4130,15450,32928,31666,8.936148
4131,7098,23969,18674,23.35465
4132,45223,33272,8709,5.4889135
4133,42882,27469,42502,12.110211
4134,25882,18757,14473,9.13196
4135,7122,11949,5045,20.705233
4136,26980,5397,36076,20.446812
4137,11891,34631,43019,12.759643
4138,30006,42162,19745,20.583054
4139,5800,30035,9740,21.513542
4140,24649,33954,29853,17.139492
4141,42495,14100,26915,9.330625
4142,14716,400,3048,21.457767
4143,44528,35858,36606,24.715322
4144,31383,7710,41965,17.763666
4145,36396,502,3316,23.06875
4146,38106,36802,4050,19.222504
4147,43052,23443,12765,20.09643
4148,23096,49099,7569,15.919766
4149,46325,17470,1619,17.424467
4150,15178,24563,45571,9.244376
4151,41912,10327,17154,20.020714
4152,2639,45749,33814,18.928797
4153,8393,15735,29659,12.962324
4154,39135,37150,22766,23.920492
4155,5901,28934,27080,12.169237
4156,49491,1030,44603,6.117053
4157,15420,13200,2479,18.938368
4158,37568,19069,43354,20.916851
4159,32885,49757,22360,4.173367
4160,30287,46247,7391,22.888641
4161,43810,14617,43685,5.458752
4162,5616,48429,17133,21.39105
4163,41963,30346,45873,11.402332
4164,11813,35368,30271,27.845364
4165,25907,35768,39601,22.82187
4166,10434,15468,3414,15.773257
4167,44744,44257,22054,14.059006
4168,25464,4463,38354,12.739473
4169,5502,2110,35906,16.424559
4170,12634,27988,15980,19.082098
4171,26564,35591,14291,27.029768
4172,9775,42814,45328,12.617224
4173,1362,23727,48050,8.811863
4174,3962,6941,13002,9.607126
4175,2588,24492,13829,9.348151
4176,2958,36020,11090,10.479414
4177,15599,40940,2492,10.3829975
4178,3517,21339,4484,7.4362197
4179,23222,36328,19539,12.892642
4180,22972,38214,3044,15.389903
4181,44277,25765,10866,14.965186
4182,39538,26894,12822,13.834824
4183,22919,25563,49415,19.0508
4184,48124,14785,1806,19.389946
4185,32042,31175,43467,2.9346313
4186,37436,7262,28600,4.7581396
4187,10093,25942,34199,21.756105
4188,25572,24768,12870,15.808717
4189,13728,21415,34565,3.8634531
4190,12915,35808,30179,21.011536
4191,25282,8928,43613,14.499756
4192,43078,19740,11615,5.701712
4193,16914,16115,12861,11.5213375
4194,46324,42683,31064,36.758476
4195,12649,47966,35721,18.118156
4196,20142,10146,13480,12.532526
4197,10673,26973,47650,17.666765
4198,6167,15243,1145,11.602486
4199,40309,44770,39278,20.456038
4200,16296,41010,21682,20.515816
4201,41651,2819,25184,11.602843
4202,3131,872,10513,27.944708
4203,3118,14152,34313,25.113344
4204,41761,31284,15718,12.000773
4205,44920,6347,19625,10.762239
4206,16787,19114,14572,6.8876657
4207,42262,20156,27956,19.325956
4208,530,348,6185,21.692152
4209,10103,2482,31479,14.673614
4210,9486,30866,47386,14.298079
4211,4673,22240,22377,19.717432
4212,19028,1770,45604,18.494549
4213,34776,15233,2106,9.254776
4214,12763,49002,5424,18.634893
4215,416,8208,40172,16.734396
4216,5303,45277,22255,22.319683
4217,30694,36887,15244,11.540964
4218,1969,1139,21985,20.739738
4219,12293,952,48035,12.496459
4220,14915,18649,45010,23.163597
4221,44896,33171,31657,4.1189585
4222,41864,46904,48435,18.942032
4223,17231,37843,18465,17.159718
4224,8025,28418,29744,18.033903
4225,7573,49077,49011,4.0330663
4226,35861,18206,10610,22.86607
4227,14984,28477,6278,15.142056
4228,7658,45074,9527,16.817415
4229,43731,10527,48826,19.273544
4230,11555,24467,9061,9.428804
4231,35951,10544,47905,12.380109
4232,14514,25212,40353,9.745166
4233,37744,21372,29478,13.111428
4234,25094,26441,20176,13.537699
4235,3959,15632,29374,23.79864
4236,15778,4990,30665,8.831125
4237,4552,27975,26259,12.183853
4238,15042,12050,1537,23.332695
4239,25231,15471,24324,20.887732
4240,24910,21772,9338,13.295103
4241,48391,21298,49020,18.040705
4242,43532,9061,954,10.186649
4243,22380,3118,5408,19.541136
4244,7691,3965,34762,3.7590387
4245,21508,10278,25343,19.489105
4246,45115,7098,27257,18.082474
4247,46159,903,18213,11.386617
4248,48205,30758,36960,14.684574
4249,456,40077,12782,29.26882
4250,6140,6350,39906,19.996195
4251,3893,34733,33818,18.89899
4252,25487,36385,6624,6.7767844
4253,22943,35014,11481,17.239841
4254,15776,44037,15838,18.563128
4255,13686,18272,5192,14.996891
4256,10651,45486,10537,21.82746
4257,7055,31723,36186,13.525773
4258,22430,44229,29519,4.105333
4259,11478,33511,34922,10.53238
4260,47515,26339,21,5.911115
4261,40819,48756,11562,17.728283
4262,15839,46166,12042,21.36092
4263,42302,21838,40442,13.207683
4264,21727,13979,33234,19.437048
4265,48855,10435,45008,11.926784
4266,5444,5475,37313,6.700812
4267,20293,16941,5945,17.120209
4268,31899,13421,1282,25.321405
4269,24499,37668,34890,15.548979
4270,7211,49393,8349,12.37717
4271,39291,38798,25270,14.123634
4272,48144,15156,20257,21.278055
4273,46552,3525,19984,4.180527
4274,33160,30352,11762,17.369596
4275,14165,7392,168,17.562792
4276,23549,18589,18596,5.409004
4277,34710,21176,3365,22.050995
4278,41349,33644,30297,23.096863
4279,23564,15989,39666,14.251867
4280,18188,25237,36566,12.8852825
4281,29374,12213,49738,20.142916
4282,27198,14496,5270,18.311407
4283,40852,21448,502,13.897583
4284,15073,7850,36787,10.388041
4285,21688,1930,40781,18.7237
4286,38322,15450,42166,8.951735
4287,44979,29925,38899,9.337202
4288,3646,49882,44103,20.661186
4289,2007,42909,25086,14.365426
4290,9658,16290,14712,19.983212
4291,16124,36169,9786,15.105473
4292,16789,7488,32330,29.619099
4293,43276,32058,16986,16.56592
4294,35664,41381,33801,6.1032677
4295,37260,10019,21777,19.898369
4296,1218,3131,18374,18.147762
4297,46872,12067,3377,25.990744
4298,22490,34824,692,18.710976
4299,48601,3564,11119,15.328786
4300,15637,48097,24438,15.492564
4301,21854,15594,9317,21.151512
4302,33583,45777,22297,14.465363
4303,12538,14471,37795,22.074785
4304,39317,6796,43287,19.179903
4305,47854,22076,13359,19.717339
4306,18027,35867,13254,16.555342
4307,20704,17357,13781,18.786072
4308,18409,35636,10563,9.622653
4309,12798,11347,40305,23.471407
4310,27584,37838,34746,14.494611
4311,3474,44504,46497,17.396788
4312,11815,24615,6734,19.036098
4313,10094,48072,6868,16.298574
4314,46427,44153,11888,21.379147
4315,45619,27437,32758,17.378527
4316,10140,24418,30502,10.187458
4317,48326,32812,48576,9.675105
4318,48487,22679,4938,21.522148
4319,30324,33102,13427,18.255873
4320,11175,11995,22154,15.332616
4321,34096,30941,18402,12.68827
4322,5019,28097,19993,16.936512
4323,46005,8174,12714,11.489338
4324,1030,12172,36960,14.159457
4325,30618,3436,5312,10.022424
4326,22486,49601,25136,14.361211
4327,41734,48740,11371,20.365915
4328,41300,27579,40170,13.219119
4329,40993,12936,23087,19.319534
4330,27813,27746,43200,27.395748
4331,17803,17949,7643,13.477385
4332,46607,39172,39351,23.832533
4333,22755,11591,9895,15.420783
4334,43144,49489,25635,14.347622
4335,44331,41169,30757,18.376326
4336,19817,318,14874,19.039509
4337,27738,15164,35548,25.078573
4338,19960,23177,37737,14.254514
4339,769,11669,44353,13.66573
4340,8692,39193,36209,12.409457
4341,37392,11803,37751,12.902083
4342,39476,5274,35181,13.905074
4343,27576,11398,10692,24.727673
4344,41328,12584,10204,17.576462
4345,6808,42705,4872,21.332708
4346,7809,26296,43280,11.460434
4347,42046,49205,45054,16.964556
4348,15687,17615,37680,27.075123
4349,14386,5955,15933,20.85083
4350,46698,6716,20587,7.8557553
4351,17154,7471,41912,20.020714
4352,48274,1865,24388,12.556163
4353,34672,36065,18249,14.600566
4354,5048,8279,40691,15.049836
4355,39923,28,28873,19.140173
4356,33349,5741,11319,23.279514
4357,7424,37162,25092,20.798983
4358,27390,45238,31468,11.560304
4359,7498,8706,14897,26.87014
4360,23623,39491,17979,17.418953
4361,4834,23592,41141,19.071043
4362,21433,8683,49434,18.276957
4363,14463,3863,11873,17.907341
4364,24241,46427,10774,21.427715
4365,17082,42743,2409,18.63997
4366,32353,20278,11385,15.6799965
4367,7732,38040,22871,29.230337
4368,45272,647,32716,22.063705
4369,44397,38150,35241,12.535745
4370,30032,15480,34182,16.338999
4371,47405,43174,33938,19.47866
4372,40743,30270,6834,20.845823
4373,46853,4252,25256,20.315289
4374,12659,30007,44908,21.937912
4375,15051,41099,4416,16.57976
4376,17678,28310,5335,6.5555954
4377,4501,19655,42299,26.803257
4378,20242,44979,18223,11.619622
4379,21814,11326,20451,8.3510475
4380,13127,42214,44369,21.595762
4381,25268,4470,8371,16.941622
4382,18368,13127,30659,20.472597
4383,29353,4441,25275,12.805786
4384,26413,36232,4080,13.961206
4385,34440,12624,42622,10.182682
4386,27764,37676,3911,19.175312
4387,1874,44814,13274,5.0916047
4388,32052,39086,15194,14.520909
4389,25654,48452,9297,12.383569
4390,27606,42040,31657,9.125308
4391,5956,39906,27363,2.0020437
4392,41956,32187,34673,15.338757
4393,20066,7421,26114,7.213311
4394,45160,13778,11179,11.558065
4395,31066,24724,28950,12.59469
4396,8067,36741,38432,24.91558
4397,13353,22647,20204,21.857618
4398,14758,6912,7464,8.45799
4399,11011,44351,13102,4.019909
4400,41501,28511,35879,14.803646
4401,11865,48986,37593,23.118158
4402,39335,43380,17711,13.997437
4403,42852,16271,5099,13.458673
4404,1742,38520,11394,21.81232
4405,42957,40187,28332,8.474665
4406,4381,27415,34308,15.3804655
4407,3120,29205,42145,24.22964
4408,38750,5423,19543,13.4185915
4409,31727,30200,45324,10.314411
4410,38944,38000,31152,22.147326
4411,29653,42739,15904,19.445744
4412,28706,24311,38269,13.8377
4413,6188,27262,5473,2.9697778
4414,45138,46472,12643,10.617621
4415,9428,23938,40214,16.090105
4416,4926,20080,40768,5.6865234
4417,36826,2958,4860,24.778925
4418,38782,14718,25896,16.79915
4419,528,39117,2986,23.692196
4420,20368,21307,39207,13.21379
4421,23210,12354,30955,22.423086
4422,19605,17616,46638,19.970211
4423,6117,13187,36919,24.450405
4424,43490,22097,28800,14.238366
4425,23594,5303,36352,10.863556
4426,9298,37904,18554,19.205645
4427,1650,45862,11280,7.355542
4428,9484,3005,34889,1.2282283
4429,39253,30694,8574,22.23825
4430,25416,19456,27158,12.009548
4431,33244,2060,34982,13.9885645
4432,32203,7573,9127,24.676601
4433,16771,40776,31114,20.248962
4434,18079,40208,47753,21.614916
4435,22140,42024,14586,2.3706787
4436,15659,32706,16277,19.772667
4437,40133,29467,49911,22.100924
4438,24258,33011,24331,14.725512
4439,45733,22380,14916,18.161528
4440,10625,40661,9170,23.967955
4441,36389,3859,11232,19.527227
4442,38379,5078,20580,18.503206
4443,13874,7004,8858,5.2477207
4444,42328,43050,30497,11.881351
4445,3718,24027,13787,14.875779
4446,45804,15687,46386,11.3401985
4447,29860,6966,48112,13.60872
4448,8924,30285,24794,15.838641
4449,14742,3121,42634,8.035937
4450,19250,709,9235,14.791859
4451,18094,49463,37103,1.1482514
4452,40516,13557,985,3.955471
4453,35659,45698,7545,22.345537
4454,2565,40589,39669,7.138197
4455,1934,1736,32985,20.070724
4456,27148,46965,8894,17.837723
4457,29151,6779,44418,14.895035
4458,34135,36398,25304,10.995316
4459,38415,3811,1309,17.172592
4460,2965,49935,28064,18.024296
4461,7286,43742,24038,16.851154
4462,39401,29770,653,15.978127
4463,12169,18779,34703,11.622637
4464,10425,9311,41407,21.765709
4465,15472,10660,42637,23.472235
4466,11078,15746,19230,8.338598
4467,40505,45638,30355,11.805574
4468,34569,20222,28685,7.694595
4469,22001,45471,43572,10.001404
4470,30170,22867,46761,20.868338
4471,11463,6188,9181,13.46516
4472,19078,16299,2993,15.509818
4473,48596,33292,35934,21.17533
4474,33586,22381,46726,14.023235
4475,6692,14005,39827,26.184351
4476,29243,8075,33660,9.65529
4477,17424,7414,11525,16.03352
4478,27330,3096,8009,15.486192
4479,27469,10380,5554,25.691786
4480,19285,40324,2878,10.773866
4481,16307,18983,11066,19.357754
4482,12354,13921,39769,5.651133
4483,44750,43708,1049,18.292906
4484,7554,48118,44157,16.170738
4485,18255,16142,45839,18.190664
4486,40192,8330,30285,5.154853
4487,15757,291,2658,12.419939
4488,35124,23657,23424,15.330876
4489,5566,40069,9515,7.827002
4490,47013,30262,36005,4.776422
4491,32465,17576,44756,11.985282
4492,33073,18956,6335,9.196942
4493,21853,47887,44361,8.171039
4494,35462,31073,19114,3.091737
4495,32462,41328,41014,23.478241
4496,18441,31427,6300,22.06381
4497,25005,30305,15804,16.630844
4498,20176,22738,25094,13.537699
4499,39805,24364,36024,25.98355
4500,9235,37554,19250,14.791859
4501,44177,27692,2908,13.888648
4502,4758,42199,7049,15.5057955
4503,32702,6531,36134,10.912136
4504,15628,18495,22350,29.215645
4505,24971,21887,48956,6.810206
4506,33188,17003,45208,12.187945
4507,47883,30455,7533,6.2595043
4508,10193,39739,25770,17.49221
4509,15546,19213,28334,22.875288
4510,18860,18411,5068,20.553373
4511,47211,24929,28940,12.427868
4512,36872,33186,42310,16.777452
4513,5863,21632,12381,11.948559
4514,2245,8546,40393,19.44778
4515,25688,6377,24075,18.061357
4516,36003,41015,47729,25.98312
4517,16378,29781,18845,21.271215
4518,25818,9292,22034,10.994477
4519,31359,19551,48254,10.770874
4520,48740,2902,45774,15.485731
4521,40511,38457,16082,17.537766
4522,14506,34714,320,8.791503
4523,25379,18957,3589,12.427308
4524,46099,43903,15221,20.849617
4525,6074,43542,13465,20.017412
4526,17327,23232,12330,10.031925
4527,793,46082,5379,13.802284
4528,15629,46053,12680,17.455482
4529,8137,10273,48883,8.896212
4530,16942,3307,5216,24.45312
4531,42322,27554,2520,19.993902
4532,2631,40784,27883,21.259237
4533,38315,39052,42183,20.63649
4534,22862,4897,32442,20.922668
4535,49787,198,30204,10.667665
4536,9461,3459,16416,21.474913
4537,46201,42356,35586,9.525126
4538,41288,36006,19799,14.188038
4539,5803,6904,18995,5.314384
4540,40626,42455,5267,14.398321
4541,18956,26629,10136,21.817923
4542,1591,15804,22510,14.931607
4543,198,36583,35703,12.715664
4544,10472,28639,16173,15.408009
4545,20057,45541,21234,9.723076
4546,44299,43122,4010,20.198936
4547,8291,15559,20478,20.20535
4548,719,29757,25600,26.293463
4549,16448,45435,46108,11.920626
4550,10966,4600,47168,19.57275
4551,34162,30912,47210,19.834406
4552,30346,29012,7266,7.3898487
4553,34578,22775,24534,10.57027
4554,4495,49068,15625,22.84063
4555,13579,12739,28120,13.205981
4556,2527,12165,33701,14.246286
4557,26875,9276,3751,19.852907
4558,3590,16585,36471,22.53541
4559,36665,35864,31137,20.72381
4560,11604,11939,32306,16.339163
4561,22542,3620,25218,21.172388
4562,28097,44611,6229,23.543375
4563,39052,24499,21548,19.205114
4564,46153,4114,38939,23.268517
4565,4915,16350,12802,12.42269
4566,21469,39454,13262,15.978898
4567,7979,4329,45305,24.93968
4568,742,21854,33861,9.271525
4569,12691,46273,22386,15.624344
4570,22391,9483,37517,18.030115
4571,24944,46122,11735,12.655628
4572,12810,34955,35812,18.727295
4573,44351,46313,48197,12.443544
4574,19391,23995,950,6.494119
4575,36021,29381,29549,9.42023
4576,21509,46552,21792,18.563572
4577,34613,24405,20423,13.266646
4578,10788,41769,28864,20.827627
4579,23600,39269,16897,16.350628
4580,10043,1188,8819,22.727646
4581,8577,13779,9704,21.161407
4582,41345,23025,33215,22.345585
4583,49631,32401,49885,21.1441
4584,40066,28034,7043,11.723415
4585,29225,46451,8313,8.834089
4586,10832,32523,1673,18.228899
4587,25549,25948,25664,12.068737
4588,12679,41477,10220,15.948426
4589,15989,4446,4389,12.59894
4590,7511,31488,48502,16.242016
4591,38262,33222,33489,11.496263
4592,15192,19191,40423,17.795889
4593,41205,45384,47252,15.921837
4594,47891,35083,23105,11.730582
4595,18455,14988,19425,16.603502
4596,2650,28058,25096,20.584442
4597,8706,29799,4855,18.488792
4598,32150,37123,37821,19.400639
4599,746,30620,7158,17.734154
4600,32927,14160,8202,13.684931
4601,29684,30585,7292,22.55462
4602,29285,41907,49768,6.1396112
4603,7391,27803,14043,21.205738
4604,45429,19091,21214,23.84483
4605,29239,15524,25844,14.733406
4606,38566,26003,43895,23.79901
4607,21424,42224,29360,7.57823
4608,9044,22195,34359,26.636717
4609,7577,12727,12942,10.859488
4610,24015,14915,42031,13.858027
4611,19893,38163,34167,8.809023
4612,7008,526,3700,23.733948
4613,46966,42152,33557,16.460712
4614,17667,21262,16265,20.54093
4615,7948,31827,32974,12.705383
4616,6547,47410,21788,27.035751
4617,4472,24379,1610,22.425892
4618,9210,15707,30717,19.779535
4619,6077,42747,41510,21.627287
4620,18646,14729,2511,10.28071
4621,24062,1857,17480,8.324812
4622,3294,22087,11240,20.588844
4623,27763,44461,48243,4.7257037
4624,26794,41748,40836,6.1231165
4625,19135,20223,5519,24.38154
4626,18354,17884,3346,20.857933
4627,12251,17975,6914,24.016987
4628,32833,5492,4448,17.823517
4629,16791,28002,46253,17.350252
4630,12116,22018,1433,23.124578
4631,45104,6612,23310,17.918299
4632,23024,2799,22597,10.169108
4633,43307,13020,47715,14.279121
4634,42534,36895,44329,9.953597
4635,35700,38532,20640,25.241606
4636,2820,29405,5989,24.031214
4637,28414,45027,12753,17.734385
4638,23218,31732,3633,11.284198
4639,44611,15851,36980,18.740095
4640,39086,39593,49606,19.32172
4641,16774,30373,42145,19.794563
4642,48748,31079,30124,20.860142
4643,15559,44158,49348,17.632257
4644,23215,8639,33642,28.88475
4645,34977,38880,48536,20.416811
4646,30278,13372,27108,15.434732
4647,19551,17441,38450,26.84103
4648,25177,38359,45599,23.454311
4649,43599,21073,23055,17.644732
4650,34292,40138,29878,30.68832
4651,1790,336,13235,8.851876
4652,47434,40395,17145,23.201937
4653,33604,37940,7115,18.42228
4654,10613,9693,14178,23.371038
4655,14761,25983,48457,22.46444
4656,42223,29526,46554,8.069083
4657,28975,1301,7849,18.592857
4658,11318,8318,26702,20.218273
4659,41313,29079,45401,3.1650944
4660,28194,25859,10995,9.886576
4661,34163,9040,8729,16.136662
4662,17347,2385,43081,3.9462638
4663,47289,37310,9399,10.401334
4664,31640,7587,26662,13.52274
4665,9876,44634,44496,7.3528533
4666,49481,36871,3357,28.752174
4667,35372,22005,13276,9.883427
4668,34056,6283,30168,1.2665892
4669,8444,4260,30912,12.124582
4670,17975,47940,35525,16.518381
4671,17821,5209,47765,13.918797
4672,5832,32506,46331,22.09744
4673,10525,33813,11689,12.602384
4674,23283,42888,49159,26.314629
4675,14888,22904,23932,10.841656
4676,40310,27606,25166,5.2628193
4677,7587,17114,18095,10.588817
4678,25462,46769,10974,17.434088
4679,20618,25871,5369,9.914977
4680,40377,38548,5151,24.922749
4681,8199,29537,32259,21.61696
4682,44822,14916,42973,24.167526
4683,35695,36652,2256,18.036787
4684,10572,42567,42712,20.001648
4685,18396,12781,44498,10.5093775
4686,12845,29546,27445,31.452953
4687,10182,41160,45340,16.661709
4688,29677,5703,31188,24.421415
4689,39637,9325,31235,13.241024
4690,20016,37935,3470,18.579945
4691,18440,39249,41410,13.995962
4692,31176,22284,40791,18.19624
4693,10278,12959,38008,5.2056346
4694,21361,44096,47329,20.749489
4695,28162,41013,36824,20.503746
4696,3747,38884,12991,16.495724
4697,28836,30032,44013,20.205458
4698,7951,3364,26355,15.376397
4699,15183,6324,41827,19.49248
4700,37673,1308,48719,11.816638
4701,17446,31384,32606,11.896619
4702,43509,4105,34772,22.038263
4703,48494,1282,17348,14.614584
4704,6971,21360,458,22.647493
4705,13421,5307,39282,11.186878
4706,24933,35157,370,19.190496
4707,26600,31207,15237,11.802906
4708,31061,41581,49563,26.0369
4709,47967,49428,30973,18.128193
4710,38867,6691,16021,17.23693
4711,5196,23556,13780,6.87127
4712,28798,16692,27046,20.50483
4713,31535,37805,1726,10.502325
4714,1709,35190,19271,8.213253
4715,44922,6496,14324,5.0101705
4716,20366,47386,11926,13.272396
4717,30007,41940,22814,27.336285
4718,1473,37898,34919,21.269741
4719,981,17154,38259,9.982706
4720,49241,42274,35825,10.276417
4721,14640,25671,46895,25.295128
4722,17189,44872,44454,8.935027
4723,46094,4048,45542,23.685274
4724,37987,13494,21223,28.67737
4725,12240,23608,49875,17.77745
4726,38272,49179,19488,21.350006
4727,31203,10156,18324,24.453733
4728,43271,42537,49422,19.06987
4729,43566,11489,44169,11.209481
4730,16594,42901,16376,5.70092
4731,23905,40770,41458,9.659448
4732,29902,3471,1136,18.33243
4733,18950,597,27952,12.467536
4734,12117,7646,41888,12.989338
4735,20908,44550,21452,21.556963
4736,12393,4596,45419,14.318231
4737,36017,31672,6023,7.608284
4738,37788,43213,32263,13.675901
4739,43231,41963,44346,14.284557
4740,4438,23603,13273,17.705687
4741,22524,34454,38176,18.473951
4742,39572,30804,34879,22.30421
4743,2530,5202,17864,15.987269
4744,39199,39469,12535,10.930087
4745,12781,5749,35424,22.783195
4746,19616,23902,42806,9.73351
4747,38939,17807,17413,22.039526
4748,32978,40604,8049,22.444963
4749,12632,49151,39976,27.95678
4750,36199,31067,30352,6.1840467
4751,31706,45583,43451,12.649584
4752,39082,35378,12696,21.641115
4753,23290,46991,13572,23.247417
4754,4660,42562,48061,14.778285
4755,37567,3203,15745,15.482881
4756,10113,21786,46889,19.160831
4757,10609,1576,3115,5.52037
4758,38536,32783,49684,9.173765
4759,42933,12251,21978,23.73101
4760,9061,44377,11555,9.428804
4761,25092,32833,15827,16.385077
4762,22954,38553,48753,19.350683
4763,49249,13641,27703,21.011076
4764,38935,25107,21222,2.1329699
4765,29601,16791,6447,9.952537
4766,21836,10096,45623,4.6811676
4767,35224,32430,8458,22.367718
4768,21659,7674,11498,11.476847
4769,13745,17459,2949,13.036925
4770,35079,2541,32802,8.195756
4771,10181,30167,11643,31.122234
4772,22046,14,23127,7.0687714
4773,16126,38327,28381,10.535492
4774,27386,20246,26598,23.553547
4775,49601,38315,21408,22.605295
4776,17924,43159,24968,18.381851
4777,6564,27724,11750,22.716751
4778,34139,28748,32199,9.072354
4779,24596,33384,2796,31.16371
4780,18718,43939,10219,12.236001
4781,49744,45397,9927,13.24142
4782,4502,10953,12606,10.499942
4783,40198,41345,32366,14.84264
4784,25971,42913,42608,6.7715225
4785,1022,29619,11279,7.2106624
4786,36085,24949,25747,12.855112
4787,18983,25963,8638,12.177209
4788,43336,14541,11161,17.843504
4789,28772,41555,44403,1.5532539
4790,29244,26140,27141,12.724047
4791,8928,40813,41375,14.542011
4792,34073,39931,18506,16.710987
4793,22005,27970,37458,24.074226
4794,18970,37189,37486,16.063837
4795,16973,5727,46814,25.601013
4796,14559,49682,10638,14.0530615
4797,20857,27236,17421,5.0620418
4798,12276,43411,47237,21.87462
4799,48370,3036,36040,24.525509
4800,48060,29059,33071,20.39964
4801,11123,46980,8591,20.37198
4802,348,2920,35922,11.673956
4803,9585,23538,2326,18.758755
4804,28343,5034,3392,15.477756
4805,3250,33914,9515,12.679858
4806,22738,5826,8295,1.8910123
4807,11489,42949,19582,22.00676
4808,26694,17636,23728,19.191965
4809,8225,5502,14908,9.559334
4810,13367,25056,49360,11.05394
4811,26074,32572,34663,15.523915
4812,21157,39964,32979,14.203108
4813,20055,22072,17540,14.306149
4814,14378,7834,25278,11.60278
4815,48257,9338,19949,23.426535
4816,11316,33600,30667,25.861542
4817,5527,39317,37292,3.0895846
4818,4050,33923,37006,18.117718
4819,7513,44947,10674,16.58807
4820,19750,349,15929,14.67991
4821,7892,47311,40099,20.921099
4822,48123,5350,9200,21.792938
4823,14226,38111,15428,17.805674
4824,25308,45115,31987,6.097875
4825,14436,42707,13371,15.081298
4826,12859,6692,45479,5.629035
4827,1349,42421,40324,11.555509
4828,49684,25320,32064,8.778156
4829,23297,14793,13592,15.494391
4830,5433,30722,32159,13.609546
4831,35920,36150,4674,14.981201
4832,29887,18124,31878,5.7642274
4833,11176,38717,10411,12.772269
4834,12123,9823,40838,18.225168
4835,11821,4196,6932,21.629131
4836,36009,3881,27400,11.243993
4837,45492,19152,22519,34.345364
4838,28781,28162,36960,27.671703
4839,24364,568,49199,5.307017
4840,24922,23318,33982,19.5809
4841,42405,22033,30676,15.902121
4842,24141,8988,42769,24.961832
4843,43261,33773,1007,19.856308
4844,9727,48501,7336,9.65515
4845,9423,10503,14573,19.644789
4846,39099,32941,24216,10.43402
4847,25347,14878,17289,25.53602
4848,30055,18954,17511,22.502213
4849,13068,27655,3030,21.970413
4850,30599,19775,26855,24.03249
4851,37914,39484,21077,10.189656
4852,3708,13559,35512,23.891752
4853,34497,12012,29114,23.26424
4854,45253,44452,20568,26.77096
4855,6594,35318,6299,6.2387595
4856,12791,10425,47028,18.31086
4857,6196,30712,48277,12.275792
4858,17817,3434,32504,21.423443
4859,47365,44277,688,17.715347
4860,13045,25177,13331,18.635633
4861,9338,16661,24910,13.295103
4862,44489,27639,6276,21.574587
4863,47176,4420,44176,20.706514
4864,37403,35749,47131,13.432567
4865,41461,41052,19427,17.748955
4866,39058,2769,48559,18.412346
4867,5202,26618,17236,13.316828
4868,23715,45345,33589,17.061813
4869,30684,46696,22824,10.824675
4870,9856,13282,20770,16.361412
4871,5749,23408,41365,21.862652
4872,1954,36364,26839,30.686888
4873,42019,36330,39950,17.675812
4874,47596,30329,43774,5.685289
4875,39264,34481,32422,10.676038
4876,47864,41218,37566,8.048862
4877,25759,6406,2100,20.302088
4878,571,10547,43496,12.020364
4879,28404,33576,38248,18.192654
4880,32872,16825,19933,18.161728
4881,31606,7062,34180,14.953141
4882,29440,34762,1146,23.922886
4883,8953,10687,4667,13.758015
4884,36804,41832,36833,25.01276
4885,21468,36899,40034,20.071957
4886,9840,7054,23470,11.75027
4887,27410,20445,19278,10.234709
4888,20897,42600,10429,12.592063
4889,38828,23248,42045,6.963712
4890,38299,22046,615,41.501987
4891,41739,42978,26463,11.313239
4892,11314,41250,19647,35.558437
4893,43246,13932,23750,13.246766
4894,13372,25843,21117,13.256323
4895,40447,48646,6486,27.558868
4896,41748,14874,24185,13.295379
4897,33940,33582,43621,3.6449645
4898,20774,932,28937,15.57082
4899,49535,14086,45943,14.510688
4900,827,1868,1189,14.320247
4901,48139,26032,47083,21.087942
4902,4897,38029,26774,11.4224415
4903,45351,12403,26837,6.9536867
4904,46107,2870,12852,14.361109
4905,17054,30950,15750,19.851843
4906,48905,31224,41552,23.292221
4907,42304,45187,46426,25.027563
4908,2536,43754,37063,20.05518
4909,23995,34525,4934,26.649654
4910,8836,33919,12997,9.920608
4911,22453,35426,435,14.965896
4912,40294,10541,7292,19.039183
4913,33675,25085,41394,13.648623
4914,45254,38971,1743,14.956398
4915,27380,2750,30563,20.95653
4916,6699,12167,49452,25.54976
4917,24425,26545,28821,13.637542
4918,16514,13202,48861,22.964235
4919,16811,14871,43214,23.694118
4920,30994,26028,26816,16.570553
4921,47435,49241,30747,15.891405
4922,16995,49182,7805,17.62793
4923,1003,6402,24462,2.6653337
4924,19344,5682,16094,23.724226
4925,33060,6137,26943,11.759813
4926,11808,24607,45536,9.549585
4927,29083,42019,33507,14.702569
4928,37379,19413,37230,2.8137584
4929,17441,12541,14454,21.180473
4930,8338,44753,40113,25.8219
4931,24475,25402,6473,11.46282
4932,35330,47031,37845,18.390938
4933,12190,24489,15409,23.185493
4934,41421,13412,19700,16.170433
4935,10649,42494,48173,16.305857
4936,45715,44621,21204,18.051785
4937,10638,46809,14559,14.0530615
4938,8779,23095,14424,11.12986
4939,30804,36365,38909,18.191809
4940,24379,21052,15638,10.869212
4941,17285,45762,12313,14.181088
4942,2552,30278,46605,9.689857
4943,26599,1221,38835,26.22132
4944,48553,36568,7981,17.139439
4945,16479,20853,48033,20.746105
4946,35616,5960,32595,26.147795
4947,9780,15407,5993,18.490536
4948,16115,488,4105,23.599792
4949,13314,35544,44149,28.837097
4950,20588,19584,12089,15.877292
4951,49955,22001,26964,10.927897
4952,856,36968,22760,20.284801
4953,12504,23246,9476,13.4434395
4954,47272,2639,40972,5.2102523
4955,1304,35337,33524,4.5375495
4956,38591,48916,38442,9.731152
4957,22853,35293,37873,9.9233885
4958,12369,28652,42155,27.341557
4959,28250,12079,5899,21.88054
4960,16528,35124,13471,16.48436
4961,36551,16660,1520,23.791819
4962,36568,15469,24567,18.741592
4963,37826,21284,16590,13.153494
4964,9572,23449,4563,20.50607
4965,35129,23140,1978,14.167283
4966,43301,47873,26497,18.04172
4967,26381,6144,7362,22.538155
4968,49757,10004,5233,6.0107327
4969,44884,643,49998,31.560759
4970,2713,10852,1455,11.809069
4971,5264,3144,41571,12.236191
4972,12076,24475,7609,7.573517
4973,26543,31575,23127,7.2639112
4974,2084,38782,49050,4.924156
4975,3681,4703,37924,28.403513
4976,44566,14384,48445,10.2550955
4977,31634,30813,3524,9.169306
4978,19639,16474,23638,10.258618
4979,35574,22887,7212,5.495204
4980,36460,8549,1617,17.328457
4981,7094,24758,13204,16.781155
4982,36920,28885,30173,7.1461363
4983,16702,15418,10850,23.262426
4984,8754,35720,23483,22.286226
4985,18092,36773,3506,9.742234
4986,37864,43433,1925,17.505667
4987,47745,39222,5579,23.505905
4988,47961,46400,39784,14.743825
4989,7568,44958,697,10.958718
4990,13016,10275,11986,13.557098
4991,35625,44203,47563,11.465876
4992,27554,37998,39726,8.756666
4993,11239,35580,45177,13.406086
4994,19268,5652,15178,16.897114
4995,26974,44702,39495,15.67302
4996,48766,17622,19330,18.78474
4997,37889,15096,32762,11.408219
4998,11398,17054,44771,11.668512
4999,31496,38842,1701,13.351341
5000,16066,4898,28367,11.692188
5001,19721,18389,49432,17.470448
5002,19283,15566,7167,26.31406
5003,19142,577,43594,14.2898035
5004,35389,3618,9550,1.7954478
5005,2781,40550,32653,19.530603
5006,29697,49787,14900,25.325186
5007,32781,9247,28165,14.832524
5008,20723,32423,11806,12.511104
5009,38539,45138,26711,20.00841
5010,15942,9451,5034,6.4404955
5011,19518,9210,9078,19.159792
5012,3867,3302,17760,29.038338
5013,20335,4126,45709,5.5302567
5014,15523,49008,22234,16.457064
5015,38457,28962,4183,16.340538
5016,18279,15356,31229,25.85547
5017,31427,25761,12461,19.681087
5018,31942,44181,8052,14.365189
5019,42186,38415,13353,23.791012
5020,40745,46885,23685,15.164213
5021,23556,1003,27502,7.213701
5022,21218,297,39156,28.61161
5023,43265,30493,5484,11.833882
5024,8055,26370,45818,8.394538
5025,24027,49123,7359,19.90253
5026,45195,2329,44692,12.311781
5027,49008,22178,21832,16.7501
5028,7965,21388,13975,22.103361
5029,44604,3907,34608,9.904242
5030,47436,40787,42166,7.527813
5031,43247,42665,24797,10.116412
5032,21768,31036,49686,16.247942
5033,15151,24723,4785,15.128592
5034,32845,31089,6977,6.343192
5035,39304,12916,24005,25.767406
5036,2060,24114,47391,16.378063
5037,25963,23273,33008,18.569723
5038,49204,10981,41179,19.940622
5039,45670,46558,7903,9.965358
5040,12239,256,14692,11.718828
5041,15931,2746,40121,26.697548
5042,39639,34361,34330,14.3851185
5043,28570,41808,13732,16.982946
5044,2583,25092,31296,23.698006
5045,11107,5520,9979,13.762024
5046,22006,13954,44644,23.837723
5047,35526,11907,7620,12.507791
5048,16463,28634,24776,5.9103613
5049,35910,5999,24279,4.861535
5050,1093,36577,8676,22.867773
5051,21565,45090,5918,16.153961
5052,20598,38379,6420,19.3675
5053,32290,19386,38657,19.3333
5054,1922,18225,30381,23.559746
5055,31575,42713,13069,17.986845
5056,5274,22514,24303,22.360394
5057,46989,15776,45076,15.850406
5058,17086,14813,11959,11.508277
5059,41110,21978,32586,24.63588
5060,4623,44660,4684,10.77037
5061,24535,36120,40953,22.707045
5062,32258,5784,35955,14.073906
5063,32633,26979,1947,10.098901
5064,24311,32151,3510,11.1285925
5065,20111,4256,48080,22.293785
5066,8818,3361,16881,12.592514
5067,8037,3930,5690,26.23198
5068,10571,34414,2887,20.59468
5069,35197,44622,27857,19.720285
5070,33514,5948,47986,0.46245778
5071,9113,26025,11611,18.456352
5072,13535,23778,22720,16.302021
5073,146,45253,15015,16.208624
5074,25580,4957,42078,10.756652
5075,10380,20608,4219,21.723488
5076,8569,19721,41738,3.6743176
5077,26229,44909,28060,13.341591
5078,17470,24538,27367,15.0444
5079,43903,23079,31491,17.46794
5080,33685,27043,2129,9.572809
5081,6806,11534,44565,22.525095
5082,42894,9264,25275,13.243647
5083,38476,8225,14571,7.3282084
5084,12711,25487,27694,5.5771184
5085,388,42693,22773,13.929939
5086,22714,20881,38751,16.306541
5087,15569,3091,12862,12.58123
5088,21345,7951,30458,10.884223
5089,9491,47650,4810,14.339068
5090,22700,3948,48394,14.670461
5091,8903,12323,20378,6.3297067
5092,33069,44828,19621,24.720879
5093,25443,35894,12068,14.844392
5094,15566,27742,42916,13.898721
5095,23466,156,27946,25.63633
5096,23040,4046,18168,22.844599
5097,7605,41930,27340,24.338585
5098,41381,33034,1613,12.013817
5099,43743,21884,25019,18.13116
5100,45523,6730,46080,22.178751
5101,2988,744,21570,22.918274
5102,9378,39291,30838,9.671168
5103,6144,11209,21502,20.698454
5104,47350,8506,44535,23.449293
5105,4898,32676,13051,16.04651
5106,14656,1349,34764,26.979065
5107,47068,15413,17503,19.351467
5108,17752,37757,14220,7.576498
5109,18664,37146,48381,21.279902
5110,2056,34872,31607,20.99069
5111,744,37864,34045,10.00205
5112,16759,8323,18548,9.32264
5113,19720,3343,36292,13.361924
5114,27852,23217,24550,13.968899
5115,49949,46951,1297,18.47411
5116,27848,1276,25098,19.6031
5117,3095,42210,26724,12.982297
5118,11432,28664,31174,24.764797
5119,43487,4464,42672,17.803257
5120,13558,29442,49170,14.185667
5121,9253,41775,43571,10.54779
5122,14686,17137,47431,24.11758
5123,31902,44343,41460,11.222013
5124,18432,49839,43975,16.41496
5125,2881,22022,41051,9.3974085
5126,49393,39119,44395,19.357544
5127,10385,30611,44767,9.850048
5128,21552,18939,790,38.24996
5129,44192,13601,44983,18.590878
5130,11323,6593,521,8.678264
5131,36607,8851,34138,22.580563
5132,23293,8452,6237,16.689856
5133,35008,13535,2472,23.829311
5134,398,9853,3755,18.514431
5135,10017,30751,19655,10.067958
5136,3518,1268,20444,19.933752
5137,1146,3045,32667,22.583336
5138,19739,671,32382,4.2725306
5139,37163,14276,515,12.380918
5140,26441,24109,32102,10.833321
5141,16818,41765,47604,25.228376
5142,21378,32956,10773,19.775911
5143,13726,21748,29380,14.664293
5144,39015,32927,38616,17.105736
5145,10491,27891,25017,10.085547
5146,31220,46163,23760,12.961848
5147,20021,1591,15301,5.21133
5148,12776,3185,7627,20.284367
5149,33967,4089,49884,13.641421
5150,17416,3746,5825,9.4385605
5151,5078,41617,5354,19.005293
5152,37841,22623,31829,16.638685
5153,16511,30244,49406,26.108006
5154,5777,8297,37798,7.185368
5155,6313,6806,482,8.37293
5156,21312,8858,16133,8.938968
5157,3203,49383,47017,18.743925
5158,30430,24766,24395,14.360782
5159,14262,32004,14923,13.469353
5160,28962,9674,1390,19.481123
5161,30647,9427,9365,9.523883
5162,6968,4381,9366,23.848373
5163,38735,11131,26076,4.2947154
5164,3247,25959,22056,18.244465
5165,49780,13835,20288,13.616504
5166,43220,4412,3780,20.452223
5167,10438,36513,33893,14.356761
5168,20878,43532,38266,22.052578
5169,42007,6332,16321,18.27904
5170,19196,4834,10929,19.63548
5171,22442,27824,20546,14.124326
5172,4755,40513,10948,12.377998
5173,20422,39466,363,25.690693
5174,24514,33402,3222,15.684625
5175,7592,40618,28507,20.368427
5176,44875,5885,18833,4.7258844
5177,16328,26641,32419,12.177164
5178,21068,20822,31699,15.816001
5179,41649,3233,43808,14.767931
5180,40065,45390,46148,25.853363
5181,3577,33262,37931,20.003908
5182,27604,2183,17665,25.980137
5183,15708,34502,42885,18.650871
5184,5357,20210,1330,9.72745
5185,37313,83,10207,5.740843
5186,18118,13640,22776,19.918829
5187,16202,25324,26552,17.362728
5188,26264,42570,37949,21.246809
5189,40954,47150,41443,17.721327
5190,17384,17794,25293,24.15861
5191,45093,19077,36049,17.473055
5192,4207,32510,22374,27.391985
5193,17841,49249,31689,17.994648
5194,37719,46953,2712,12.84415
5195,36769,14667,38294,12.911338
5196,25708,30251,6197,5.406837
5197,10804,9052,46010,7.335168
5198,42603,13728,48150,16.129911
5199,18367,10067,30153,17.665926
5200,40928,11758,8284,20.110134
5201,1953,13357,48549,21.385775
5202,8858,5527,13874,5.2477207
5203,15475,7520,40525,18.100603
5204,16299,20976,35989,25.235514
5205,24137,44640,24789,15.922619
5206,29495,25970,35707,25.956657
5207,15384,43373,629,10.0218935
5208,26033,45684,895,12.035475
5209,24176,27186,15228,23.243929
5210,48422,7437,31956,4.6064873
5211,44298,43365,5911,20.364584
5212,16371,33618,8725,12.865653
5213,44781,47569,25812,20.646
5214,18857,45427,18345,17.550562
5215,44859,45383,3078,5.3246875
5216,14735,27067,10145,17.346582
5217,14807,37964,17088,8.979285
5218,43368,31483,10603,5.6456113
5219,47630,24402,17523,23.226414
5220,48804,27421,48254,10.961637
5221,43073,10815,76,20.750565
5222,5070,42320,1373,17.162443
5223,30980,13885,47743,13.23218
5224,38461,44353,16188,20.14792
5225,32341,12570,48661,20.782595
5226,42265,30807,47981,27.047169
5227,49497,20305,3428,12.911602
5228,30784,5567,46313,21.900064
5229,22084,22595,34853,15.153455
5230,38955,8061,20126,39.41797
5231,24622,31320,5197,23.710737
5232,34044,8569,15737,16.797485
5233,12465,38904,36873,24.094383
5234,30023,40505,30161,19.72138
5235,29449,38736,33491,16.977423
5236,3355,10832,9145,4.8801303
5237,42310,17219,36872,16.777452
5238,28660,27124,46508,22.092394
5239,4217,14858,40914,5.485176
5240,15103,18504,27880,11.122668
5241,30382,45804,26099,22.841848
5242,38808,48850,45741,19.231258
5243,2273,14192,15909,15.261238
5244,2926,5758,18427,18.44445
5245,17379,16252,5243,24.630491
5246,23254,23372,24742,36.715027
5247,46216,29304,34731,12.900053
5248,48397,17098,41162,9.914539
5249,21582,36132,2838,24.237347
5250,35475,45261,38902,6.3081284
5251,34366,19265,4672,13.379708
5252,4256,14888,7075,18.585247
5253,1237,835,22064,22.85615
5254,2174,25781,31309,5.100049
5255,19038,18905,7784,23.857597
5256,8659,10093,12506,10.810727
5257,4226,45995,28139,22.21078
5258,2156,44781,27655,14.211924
5259,44881,49003,28053,21.065525
5260,17766,43187,45136,25.144737
5261,43293,7285,44719,17.619549
5262,25260,34013,21377,19.769966
5263,48229,36716,37155,26.812422
5264,5864,15520,12079,17.481646
5265,19043,14548,45060,1.204646
5266,37168,20214,34921,15.455076
5267,6805,15422,26561,27.013742
5268,15371,41045,4075,17.229094
5269,49406,12970,3094,21.703901
5270,8553,36144,18678,23.567856
5271,15818,1855,23452,18.699926
5272,6294,26534,27348,21.08263
5273,31490,36166,49252,18.540607
5274,26493,20359,9279,7.3478713
5275,24766,7658,29799,16.27353
5276,34903,49478,17489,14.710131
5277,12300,14990,49820,13.594096
5278,37317,39918,20258,12.468353
5279,14480,31429,39252,13.692565
5280,9292,33190,36843,24.49428
5281,34910,21752,3992,19.478874
5282,16891,11061,7981,4.796137
5283,44521,5901,26206,11.76342
5284,25433,38049,7509,21.266832
5285,16527,36849,40461,24.21808
5286,22656,48561,29372,4.2096834
5287,10019,9922,9355,14.7039385
5288,46010,4766,10804,7.335168
5289,49737,46849,20073,24.172092
5290,5371,30141,5206,18.962378
5291,7692,34509,14550,17.980812
5292,9069,28622,29525,2.489529
5293,45563,22299,10505,22.743027
5294,37844,12410,33588,19.473515
5295,35923,12603,7863,7.7126746
5296,31878,49684,29887,5.7642274
5297,47914,27105,47547,17.52027
5298,33058,16948,3531,9.258798
5299,1415,35564,6220,5.1936383
5300,46350,159,36158,22.116232
5301,26662,49927,26435,11.023778
5302,28480,20478,12025,8.1714115
5303,13469,11702,39195,24.74035
5304,22887,27632,34591,6.7308574
5305,17145,20826,2581,19.860641
5306,41495,22373,781,13.280666
5307,46800,33182,48322,3.2282174
5308,5677,46659,20797,22.487492
5309,35508,35658,3950,17.387136
5310,22634,17698,36076,10.11561
5311,41968,25126,41782,22.306593
5312,48246,15485,15117,12.756274
5313,46166,26493,10808,16.731041
5314,20238,41158,13872,12.76934
5315,28589,42157,44721,15.356661
5316,6973,36465,2651,8.464266
5317,22041,39409,11061,12.184079
5318,33813,19633,40363,22.202295
5319,30518,13464,10328,15.016649
5320,44563,24551,4992,20.547823
5321,35680,12866,49199,9.929444
5322,49339,14532,26471,13.187907
5323,5627,29715,48506,17.466444
5324,15313,22686,21624,17.752485
5325,34509,8172,31989,14.930054
5326,9591,10486,27703,7.4947248
5327,32893,25510,14712,23.19869
5328,46881,5929,7462,12.21906
5329,8748,10849,13686,16.591139
5330,1295,49162,27608,9.746769
5331,1618,13874,4652,9.660762
5332,20080,13856,34176,10.959593
5333,15493,20351,20703,4.9855747
5334,15378,41458,32439,22.275078
5335,8632,30578,47395,22.746998
5336,6504,42118,24494,11.821084
5337,39085,24067,49399,21.130146
5338,40755,49611,38985,13.832154
5339,25897,45278,709,32.647583
5340,48298,13681,2319,23.20192
5341,9066,29433,28516,18.587559
5342,8669,47701,27313,29.415974
5343,4643,30140,29144,13.400311
5344,25748,19767,29870,15.371085
5345,21838,30586,6929,19.686192
5346,46247,30466,5917,12.485812
5347,29211,9148,7105,13.417968
5348,49456,15183,25242,12.039709
5349,11961,38787,18136,16.623245
5350,6350,45011,5424,18.22108
5351,30115,38516,45952,21.561817
5352,33829,21007,4061,15.733956
5353,9007,40204,37836,15.759731
5354,23976,247,8429,24.169695
5355,12132,47444,25566,11.716208
5356,30461,26306,46329,15.051993
5357,27545,41072,662,22.451836
5358,32054,35545,6323,13.782463
5359,32086,32203,40753,17.101536
5360,42584,38461,5938,11.361309
5361,32773,27720,32271,13.359046
5362,30463,48322,6386,18.314753
5363,43683,45268,20101,8.791308
5364,6904,24150,32692,23.420376
5365,32197,18055,27640,18.658266
5366,49205,43209,16559,22.467545
5367,48458,25260,41040,21.293558
5368,19545,5631,5759,21.817436
5369,49801,29563,3247,19.919884
5370,14113,11811,24154,24.361364
5371,37675,6640,29844,22.66747
5372,13451,43988,32894,14.395395
5373,21675,31364,42264,9.915956
5374,22883,10804,34395,18.866125
5375,15119,436,38031,14.3172245
5376,34761,791,11826,20.648558
5377,24870,19616,5422,11.5071945
5378,16015,13134,49755,19.624111
5379,43618,21635,34581,7.158953
5380,38637,9926,31470,10.902421
5381,46106,42235,25208,12.878792
5382,29489,8014,31573,11.27849
5383,38244,12081,16462,19.139458
5384,28810,38750,25933,23.45579
5385,21551,10559,3941,21.683039
5386,1995,48851,12265,8.725887
5387,34201,49467,23155,19.827232
5388,2664,27289,4520,20.282345
5389,27355,38989,9430,19.723925
5390,27742,34471,39888,13.561735
5391,39779,17456,29542,5.980151
5392,22284,15595,806,24.17731
5393,6740,25213,22892,25.622236
5394,44119,22101,22824,22.596073
5395,11770,34240,10065,14.0494995
5396,5955,24355,7454,10.732141
5397,27691,27980,10227,18.256367
5398,208,14984,39155,22.099882
5399,26986,47759,17215,26.346159
5400,15961,30313,23993,11.051239
5401,541,36840,47678,6.0118294
5402,2743,23552,5251,26.410473
5403,49521,15278,31776,9.003309
5404,34169,9978,20834,18.48615
5405,43434,12969,31446,13.615715
5406,28252,11206,45587,19.664576
5407,1490,10268,17012,23.504662
5408,40116,2188,42458,30.981565
5409,46911,34078,46306,19.226389
5410,1377,11921,23909,10.976481
5411,39406,29671,35705,15.1686325
5412,7723,48430,13062,10.500755
5413,37832,3557,8974,19.196177
5414,2753,14331,15890,3.1328807
5415,8152,47508,19026,18.416235
5416,1249,45906,32816,18.483364
5417,42567,19010,41995,5.159859
5418,46994,5770,43890,14.514405
5419,37272,944,19231,19.778097
5420,41496,26117,20229,24.851526
5421,24095,44446,49544,28.770275
5422,44931,33514,26706,21.082172
5423,9627,44674,22267,18.977127
5424,21339,22857,24564,17.263582
5425,48247,30661,19927,18.672869
5426,15551,6425,41546,20.90478
5427,41882,24919,35549,20.754177
5428,21813,39857,40460,23.93469
5429,26031,3355,11183,21.81941
5430,26807,9136,31570,8.761028
5431,41593,15727,11244,14.454721
5432,42214,5159,20272,15.153705
5433,45517,46524,45972,12.329348
5434,29973,39124,8645,9.294433
5435,662,30886,27545,22.451836
5436,4553,15917,8123,21.13445
5437,18541,40573,30597,18.19692
5438,2373,20628,32902,27.035408
5439,6962,14141,17167,15.099782
5440,34549,16307,46406,16.245714
5441,45074,47892,39109,19.577396
5442,47813,9015,15457,10.783605
5443,34867,40209,37950,10.804561
5444,26827,47901,13752,19.736534
5445,36758,26974,12617,12.611418
5446,47653,47496,41547,14.437073
5447,5770,1520,14975,11.12376
5448,8405,30705,26962,21.690523
5449,35062,37249,3210,27.601261
5450,29942,10572,48223,15.996376
5451,44576,22913,3951,15.459558
5452,5105,15126,32744,15.71797
5453,39988,4223,43573,11.216019
5454,43398,5070,4043,13.405918
5455,25686,854,16949,22.539722
5456,14912,13133,3447,14.116001
5457,46686,2721,10274,20.942379
5458,3099,34439,21185,19.108328
5459,19327,49420,12577,15.265665
5460,37522,36333,368,5.949587
5461,27071,37561,45975,17.554365
5462,7152,45173,22447,21.46109
5463,39333,24780,13915,18.255909
5464,12355,6533,7907,9.23497
5465,23641,15723,4649,28.075045
5466,44547,31212,3300,8.590866
5467,31597,30477,34964,15.066799
5468,17820,46691,25193,21.149797
5469,29141,12694,39719,18.870304
5470,6220,5623,1415,5.1936383
5471,29913,45015,23978,15.784726
5472,4784,23549,32833,18.99734
5473,24238,27801,22769,17.607607
5474,23507,16684,3854,8.068856
5475,37915,40122,25186,9.377064
5476,14785,18396,30853,26.246485
5477,42707,14390,10711,12.021297
5478,23232,3972,12735,7.432624
5479,9809,26962,0,10.5669365
5480,4562,35786,47261,14.949369
5481,14706,4320,18710,3.922093
5482,13181,14518,24149,6.8666587
5483,45014,22748,25794,20.316887
5484,35955,423,12672,10.932605
5485,31403,48513,11232,16.637796
5486,10264,11195,15123,1.4100642
5487,38773,38314,646,19.696688
5488,36924,31227,49450,16.668558
5489,48041,21043,39652,19.763256
5490,45316,49737,13661,23.80942
5491,28996,26103,5449,15.20339
5492,7687,22278,37928,4.4338675
5493,47819,41232,30971,21.578035
5494,43318,16958,12053,16.139967
5495,24758,21095,3957,24.715406
5496,10839,17447,33236,23.020601
5497,2098,4110,13299,24.510576
5498,3380,5021,47490,9.965388
5499,5827,446,26324,6.644613
5500,43365,15835,36282,5.6620526
5501,8865,44138,31053,20.725069
5502,3626,25710,34142,11.9292555
5503,6446,23932,17045,25.899183
5504,33874,7638,40502,9.902522
5505,32968,38502,26934,20.981638
5506,47738,742,17757,21.973782
5507,8991,24728,39731,14.519055
5508,2598,34157,8788,14.726722
5509,15413,26889,19510,24.471798
5510,48079,10595,13450,6.1823487
5511,42392,8294,40744,20.728481
5512,1462,40141,43120,9.682912
5513,41789,4521,25867,12.987439
5514,41886,15529,30151,13.966574
5515,44622,5131,14654,25.447233
5516,41474,34294,33005,19.15884
5517,27890,35235,25814,15.068415
5518,8202,27750,6922,11.527608
5519,30107,23905,14696,11.042288
5520,15386,44923,49233,16.251965
5521,11490,47042,2523,2.262228
5522,27985,17667,37787,13.756577
5523,23926,41631,46941,34.888844
5524,7740,1875,11029,13.707743
5525,34936,38509,41926,15.348738
5526,43580,12821,40732,13.813384
5527,17867,12627,26532,33.873867
5528,22417,5977,26617,16.601133
5529,37189,27838,33339,6.956723
5530,35195,24482,35813,14.743974
5531,48066,2950,45117,17.953594
5532,4320,33598,45871,13.161009
5533,38027,20598,30125,9.651129
5534,41682,34958,39915,18.36159
5535,6644,43959,18194,16.958675
5536,9762,4468,27402,19.937696
5537,876,8748,47672,25.885056
5538,13166,12537,3978,7.7957006
5539,29665,17020,31742,4.074801
5540,33195,14928,4956,7.0075555
5541,1434,12076,48292,19.88148
5542,41725,11512,38234,16.467808
5543,6131,47119,15497,16.485582
5544,43105,41352,40795,4.1309586
5545,1257,23037,40903,24.658667
5546,34872,47332,16660,11.543069
5547,8369,38556,1529,21.338413
5548,44932,42520,4728,24.5505
5549,551,33654,22648,24.054682
5550,36532,47054,21659,15.075243
5551,25805,39710,2869,11.22036
5552,7946,38566,33222,5.98617
5553,35461,31102,17608,18.879759
5554,28228,20184,32690,4.684895
5555,21328,7767,28160,11.119403
5556,21748,11791,22138,14.022269
5557,20288,44666,49780,13.616504
5558,32665,11107,20215,20.729376
5559,27633,11063,17419,21.480064
5560,15280,20457,45602,6.993021
5561,38842,20532,4390,19.87842
5562,11633,41970,17872,16.268543
5563,4968,21310,22126,27.90792
5564,38040,28577,6777,25.074411
5565,2784,37013,16548,10.919841
5566,7710,26583,36870,17.71993
5567,25959,28397,5584,18.032928
5568,44132,31802,27971,16.141275
5569,28127,9490,855,18.536545
5570,2534,34254,11163,9.142134
5571,49231,35541,3030,18.904827
5572,39931,37656,11709,20.2457
5573,47728,32985,4649,14.560722
5574,26576,15290,49286,20.554354
5575,7132,49651,47236,21.808279
5576,2750,49650,12518,11.881526
5577,19444,41287,28758,14.473866
5578,12256,41300,42600,9.213068
5579,18327,30497,31155,20.090439
5580,49542,14556,19842,18.54301
5581,46333,47852,9027,18.633957
5582,35867,3747,47606,21.410404
5583,16424,18433,10546,12.076033
5584,2796,33637,45020,29.246862
5585,43826,1878,42215,21.624865
5586,25993,39640,43566,22.265787
5587,28309,4180,3056,23.888556
5588,21579,21962,26957,8.739412
5589,12155,419,15117,17.260601
5590,11180,41691,48838,25.392202
5591,24548,43857,1197,10.049833
5592,44082,42046,28694,15.259867
5593,35003,12387,8935,11.985414
5594,41218,9942,24250,4.954394
5595,19969,46420,8685,15.219789
5596,13310,32680,27611,17.074194
5597,10544,32866,10175,8.009074
5598,29908,4952,19690,6.7552605
5599,48679,44903,37031,9.60105
5600,19804,20869,36102,24.321365
5601,10974,10677,16051,17.312296
5602,19927,44817,26567,10.038294
5603,10301,21607,4524,7.2834544
5604,26961,6099,19103,21.037327
5605,21371,38180,37884,13.869245
5606,4596,26496,44727,23.3175
5607,48763,29070,43552,5.8078675
5608,9115,611,22466,12.629515
5609,41955,23244,18900,20.246655
5610,38613,37743,44061,15.27656
5611,24721,10673,23514,12.048891
5612,16941,26852,31390,21.847578
5613,20698,49885,11597,18.705494
5614,6898,4915,5839,11.57977
5615,717,48739,33879,13.561465
5616,33923,38460,36104,19.86329
5617,4326,16185,23505,14.510919
5618,26385,25739,976,17.198732
5619,38387,30125,9819,21.645977
5620,19905,8865,29990,17.157204
5621,2660,46794,11903,17.612684
5622,45791,35385,26860,18.67664
5623,38311,7783,2717,11.070652
5624,32074,4286,13391,18.804453
5625,11341,22490,26753,15.822054
5626,48307,19945,41769,12.254633
5627,8801,47630,46607,27.995985
5628,25710,19509,32570,13.567882
5629,37300,21844,47536,3.269809
5630,3809,2239,29589,7.39117
5631,22228,32990,17058,24.443193
5632,25042,4313,41165,18.196552
5633,40775,34988,35419,3.243853
5634,17277,47048,10754,6.6194882
5635,48129,29190,24476,18.980095
5636,47794,8409,34789,21.417824
5637,28397,4592,10038,5.6236324
5638,19176,7592,32686,9.890575
5639,44939,35989,17113,8.574325
5640,41443,37499,40954,17.721327
5641,30847,48204,21713,20.119097
5642,3053,26930,1004,19.561602
5643,16855,35468,6877,13.202117
5644,15524,38442,24154,23.017561
5645,16261,48742,8114,18.089108
5646,42266,44547,3626,19.322124
5647,6619,37987,39997,14.298544
5648,46366,1021,16291,20.682259
5649,46977,36533,12467,22.082996
5650,17760,23119,2562,20.8708
5651,4446,15364,14140,21.198675
5652,30555,47267,44829,25.332169
5653,15984,49174,46529,11.078814
5654,19382,43482,46694,31.412624
5655,47549,43185,38913,11.87043
5656,8740,18353,42882,18.37049
5657,23989,48329,2090,19.559177
5658,48389,29462,37718,11.604485
5659,44800,15523,44338,21.606844
5660,27655,15384,45710,6.7192225
5661,49551,22332,28934,19.155703
5662,14910,3053,1706,20.531408
5663,26195,12771,29420,22.514957
5664,33257,47149,3106,18.017183
5665,33838,26422,13233,14.146528
5666,9281,27779,31594,15.717104
5667,17576,19415,25784,27.601278
5668,9497,4896,38464,16.227543
5669,3,2808,3133,19.648125
5670,26160,15058,23256,12.669842
5671,2942,44497,43576,12.368448
5672,12877,4509,41081,12.657793
5673,45008,35798,34666,10.270624
5674,23062,46151,47842,14.198681
5675,35321,20719,44541,16.285744
5676,16180,18460,21285,6.878887
5677,45419,35371,14353,9.352316
5678,10978,44886,16287,9.768218
5679,28002,45733,47546,23.993845
5680,8204,746,44608,18.798813
5681,5696,20835,1666,8.752469
5682,6569,27602,33267,13.976892
5683,21539,26599,28977,17.052954
5684,26979,41317,24235,14.596911
5685,18831,14920,35577,15.575594
5686,14724,22609,9546,21.285748
5687,4793,24206,7883,15.013507
5688,8255,20905,41309,11.44507
5689,20429,9852,21731,19.638481
5690,44218,23422,12324,22.04723
5691,31118,15338,29180,18.973696
5692,35956,21870,21758,25.63016
5693,24252,37,30021,20.905117
5694,32662,30913,46123,21.395365
5695,21277,48808,42063,9.282972
5696,32866,40166,41299,6.582633
5697,7532,36315,37178,29.128223
5698,860,2823,38858,25.075043
5699,34209,4519,31557,18.004583
5700,13870,43220,35893,11.890748
5701,40324,29453,1349,11.555509
5702,18203,45017,13123,14.103811
5703,45336,28358,40182,18.89216
5704,22229,37252,47741,12.810956
5705,15184,14775,48733,15.445318
5706,14787,10737,14016,24.148102
5707,40122,16904,23132,9.583502
5708,41989,4033,35002,26.191439
5709,4527,24137,33393,14.006015
5710,35900,2544,46328,17.089632
5711,2107,18215,39900,24.130793
5712,38188,19412,41697,16.078907
5713,39768,49270,29628,13.131239
5714,16233,16207,35184,22.630814
5715,25618,10029,13504,12.168189
5716,4121,17509,46933,20.661852
5717,44096,31679,30900,19.954342
5718,16441,25608,8621,20.685158
5719,44446,13096,8039,12.644111
5720,48020,31913,49812,22.681984
5721,41245,23434,36670,18.656286
5722,30941,27380,8408,22.537607
5723,49907,32208,29215,25.046368
5724,13531,37217,21360,15.418891
5725,29704,21378,42652,20.882122
5726,34947,9572,29026,19.642294
5727,3842,38704,18308,5.4621167
5728,28079,21579,18977,16.446068
5729,12988,40584,39932,24.166557
5730,37876,7175,1013,14.982583
5731,23326,37626,13993,20.06067
5732,13249,46915,46992,11.37134
5733,28934,8529,45935,17.888912
5734,19230,34531,11078,8.338598
5735,18974,10613,19648,14.435856
5736,5331,29195,11340,25.907923
5737,29890,42256,32202,6.7667437
5738,11215,30041,28074,18.968994
5739,30332,35911,26577,23.270132
5740,4412,46752,48886,10.74148
5741,28037,14847,1988,8.036325
5742,38083,17277,41391,21.403484
5743,5505,5196,41007,9.779091
5744,47650,12733,37718,10.686438
5745,27669,8524,47407,19.643826
5746,8523,21051,36147,18.079655
5747,10486,27641,29443,14.108328
5748,24913,29293,43566,18.879478
5749,40758,36826,35710,8.19376
5750,22388,25962,27282,24.895226
5751,42440,1867,31718,17.639095
5752,23316,25740,11158,21.337193
5753,17022,27267,8076,10.939598
5754,1456,48297,14492,22.103064
5755,41832,32438,31086,17.692965
5756,48564,28114,19786,20.912943
5757,33402,34545,31542,21.881271
5758,3343,30672,1037,23.61052
5759,32658,13188,18464,13.2436
5760,42732,30654,20516,19.229055
5761,35368,35625,23823,24.539751
5762,14278,38475,30759,7.4641886
5763,17219,21713,31951,12.715131
5764,21215,43555,13369,26.086166
5765,30539,7072,24416,20.005829
5766,28217,27229,12962,20.028057
5767,5652,22949,4734,20.104172
5768,45409,14742,24635,10.499227
5769,39310,41243,13952,6.117442
5770,38841,20723,46757,5.211412
5771,3903,1943,10797,20.984125
5772,5034,25698,15942,6.4404955
5773,16323,42727,46126,21.0517
5774,16601,47939,2044,13.295195
5775,42259,47204,26018,12.719364
5776,36303,41322,14828,24.183907
5777,10441,18203,20145,16.87465
5778,44181,46363,48392,17.796076
5779,42782,16535,17281,33.060505
5780,15583,15942,33637,12.756777
5781,3261,12495,31461,10.828768
5782,46842,26014,35311,13.657787
5783,33660,17723,29243,9.65529
5784,9052,1620,23887,26.71615
5785,8753,48029,3444,10.777009
5786,2264,27764,16556,9.599238
5787,3808,29724,35242,7.9876156
5788,49641,46939,23387,17.147097
5789,16271,6112,6515,21.396011
5790,6044,44026,37799,9.167429
5791,43309,38454,16654,20.490637
5792,43459,4935,4872,24.418734
5793,11850,23764,15773,5.2857785
5794,46818,38190,31790,24.011213
5795,18594,15762,19665,16.718166
5796,49576,44145,11556,20.921127
5797,33577,37062,25101,20.057026
5798,4600,47834,33078,9.837846
5799,27095,40591,33934,13.109403
5800,36584,39428,1686,4.7804327
5801,17564,4951,7438,14.568208
5802,5999,21272,5911,4.9092345
5803,46755,34113,2638,20.015385
5804,27405,43404,13576,10.082079
5805,23079,25811,3862,19.748505
5806,1205,46042,12233,10.581056
5807,36204,39416,33197,14.327571
5808,36662,20600,10665,7.340308
5809,44714,4242,30671,4.9228296
5810,4602,42051,17805,22.609575
5811,9620,32077,8648,15.274742
5812,9536,1972,13503,27.939056
5813,16252,12778,10652,18.88684
5814,7652,26439,12306,21.074644
5815,15594,27642,648,20.64856
5816,24489,38322,1385,17.92974
5817,2462,2583,15716,13.089134
5818,30220,13069,16066,15.043273
5819,38169,3784,46714,5.3329797
5820,35453,18167,27550,12.716773
5821,41976,37260,17554,14.094854
5822,8606,4881,28549,10.260742
5823,4286,17049,43119,12.5607605
5824,47490,4849,3380,9.965388
5825,33488,23109,13069,16.723473
5826,34471,28931,15982,24.590897
5827,28351,27462,18087,8.863817
5828,2933,2779,26038,10.744446
5829,20802,2059,44761,9.311916
5830,45862,37497,16155,15.846939
5831,45200,18295,35652,12.789118
5832,27796,44744,48101,7.5498505
5833,5907,46460,29386,22.745892
5834,26871,35769,46794,12.524157
5835,29799,33952,6283,11.195522
5836,4661,22011,46780,19.844095
5837,49182,12572,4981,13.002061
5838,8614,39188,16237,11.054514
5839,15585,19966,30754,17.619555
5840,25571,18932,27570,12.284808
5841,23524,35695,29955,9.353635
5842,5074,18188,26077,14.836873
5843,10602,4107,12754,21.377342
5844,22871,44511,33110,25.381426
5845,43275,48120,41775,17.987707
5846,30356,35599,35835,17.540682
5847,15762,45646,41261,22.900362
5848,40170,14181,40564,8.331686
5849,40270,22393,33626,19.946663
5850,49314,23399,48950,18.591242
5851,27223,5025,44616,22.282827
5852,30365,15377,825,14.47239
5853,18276,31788,16707,16.285744
5854,5637,7829,22165,25.371843
5855,47834,4755,16451,21.427443
5856,37013,34947,46866,20.347494
5857,26370,32039,24653,7.7075133
5858,41302,19643,11858,19.499882
5859,35099,35289,41449,16.56046
5860,1962,6569,10305,22.126219
5861,13492,36867,19651,13.092249
5862,44163,2293,32608,24.530792
5863,1613,28942,41381,12.013817
5864,9274,42303,11137,20.11306
5865,42822,49094,27550,20.349413
5866,36324,4854,22023,20.852573
5867,24276,2462,21410,26.739904
5868,36575,4383,28023,19.602491
5869,13706,142,6616,10.691109
5870,6214,11376,24905,22.850023
5871,32903,4438,44974,17.85742
5872,48248,13207,19800,15.181607
5873,26144,47510,28277,21.167925
5874,39662,45461,29316,12.643329
5875,20071,7877,48806,22.946163
5876,38460,14564,4490,9.198468
5877,27196,5863,37410,9.042786
5878,47797,27731,27101,31.120579
5879,42941,23736,34024,11.650478
5880,21568,19903,2263,14.027308
5881,16051,9219,11502,8.646352
5882,8071,34794,27318,15.358628
5883,9490,827,37034,6.1699066
5884,35103,16411,43598,23.060787
5885,47332,23479,40394,12.321508
5886,41907,14856,8110,2.8660483
5887,27831,47230,44309,10.240521
5888,16194,48123,17986,13.4450245
5889,36183,36721,613,19.990616
5890,37173,26122,28716,21.054455
5891,11209,38262,3010,13.94479
5892,29174,3146,46240,18.446999
5893,17656,27148,33300,13.374603
5894,8653,30055,15282,22.542028
5895,28761,8052,37026,14.126456
5896,25440,37658,48818,23.112123
5897,29772,33611,10170,14.2761545
5898,42403,6731,35648,27.529593
5899,32891,49452,12282,9.808792
5900,43517,10170,39097,16.583723
5901,18514,24264,36820,27.582277
5902,2863,41651,45729,21.16477
5903,3540,31088,29668,20.639727
5904,32668,28863,33061,23.949675
5905,20836,31993,41527,12.254533
5906,31543,47961,12254,9.329682
5907,40209,18409,44289,7.4575624
5908,40166,15816,2026,10.578148
5909,14684,12169,9731,11.636388
5910,3174,4639,32638,13.960577
5911,19147,10020,10785,14.767472
5912,32523,13537,26963,13.947048
5913,34356,42480,34112,21.770905
5914,46070,12398,15425,7.864809
5915,9464,44881,8698,22.042706
5916,47962,15064,6853,25.182798
5917,17212,45578,17750,11.752005
5918,14558,39082,35952,15.69888
5919,2492,36069,15599,10.3829975
5920,43613,32507,25282,14.499756
5921,40013,14804,45352,18.80216
5922,30970,1758,45772,18.986721
5923,35133,11931,36777,14.17873
5924,6884,17150,48075,12.589858
5925,41322,42321,33364,14.782216
5926,19353,14560,37220,25.810678
5927,12024,9301,9795,16.415674
5928,9841,31807,43200,13.74294
5929,49583,18284,32082,10.147346
5930,37743,35153,37806,16.743874
5931,12346,7342,46496,8.290509
5932,47234,41989,45534,23.522255
5933,26284,16147,19730,21.207695
5934,40803,10876,48755,7.047568
5935,16738,29111,33664,9.725925
5936,28443,2294,2509,15.4480095
5937,29832,46431,37946,18.590855
5938,10886,23918,30914,16.649588
5939,8484,26318,43316,17.118633
5940,20676,11019,49684,12.20958
5941,46035,36238,6609,19.802263
5942,1173,16293,42688,13.419437
5943,1634,46289,41541,7.4473248
5944,19850,3120,45878,21.49344
5945,35580,22714,18230,21.72173
5946,18977,35068,28079,16.446068
5947,7446,49941,13669,18.691425
5948,13832,18970,42685,16.692392
5949,40335,34130,36236,8.369241
5950,22740,14267,15567,17.191385
5951,31232,20462,34966,16.445158
5952,5046,23254,8834,22.494215
5953,22435,44750,4881,24.090715
5954,38054,12887,23638,10.783157
5955,35189,20561,14285,9.041692
5956,31440,23376,13571,14.901172
5957,38269,18065,20401,10.421067
5958,42432,32066,28140,11.520532
5959,41640,32247,12097,18.788073
5960,7072,38397,47567,12.7122555
5961,32443,42035,15249,14.705939
5962,24599,6694,35447,10.639048
5963,35853,17269,731,7.6829414
5964,42678,32101,49710,28.177582
5965,4139,1927,25009,15.575719
5966,3965,10469,40641,17.323263
5967,47325,43077,12581,15.512092
5968,45381,36562,21001,9.542911
5969,32097,34142,6882,11.143496
5970,27266,9966,31985,20.081795
5971,27368,3645,18196,25.421448
5972,2063,7364,22662,21.60916
5973,35112,2367,46315,22.79974
5974,44235,35955,27116,16.246191
5975,10530,14535,42477,19.425379
5976,25324,15798,2137,22.675234
5977,13385,9385,1141,11.519822
5978,25815,11339,32029,13.868546
5979,9385,38195,35448,21.01623
5980,36477,710,2477,18.179337
5981,46715,5719,8150,26.184023
5982,46122,23887,7679,21.821484
5983,1308,29618,43771,15.471898
5984,46505,44541,45086,20.701427
5985,26983,37196,4206,19.885063
5986,29761,37231,11199,20.736933
5987,21947,23241,43581,28.665628
5988,597,49689,23296,24.665953
5989,29126,37623,43694,12.294135
5990,17794,6666,18980,21.459036
5991,4089,42336,24890,17.736
5992,34666,6064,45008,10.270624
5993,10785,33539,19147,14.767472
5994,48633,10094,18102,5.1847463
5995,19699,42918,18322,28.047537
5996,40704,13260,20420,13.196485
5997,6676,49223,2615,15.678844
5998,32046,11825,39864,23.917313
5999,6229,39318,5656,22.90293
6000,17244,22340,38329,15.421914
6001,31864,899,4925,7.6033325
6002,10855,16106,1399,9.936793
6003,47464,7191,14577,14.503788
6004,20608,42849,18535,19.414476
6005,44753,21054,16588,24.890133
6006,19144,14923,44789,21.00911
6007,7912,24359,3256,14.294267
6008,28942,37585,37543,14.624516
6009,33322,47455,36560,16.648678
6010,4814,2054,8366,7.612519
6011,40619,25042,8983,23.975609
6012,17269,29550,31209,14.604771
6013,30467,33624,16759,13.247678
6014,25510,37744,1671,7.9390683
6015,24126,24385,35023,8.81563
6016,22824,8427,10970,3.8051927
6017,11000,7966,33455,25.978743
6018,41996,41116,16878,9.710922
6019,42683,20622,47788,20.441212
6020,38252,15600,18619,21.540897
6021,18938,9648,46222,17.801813
6022,43784,7188,6409,13.423348
6023,35285,15176,3397,12.351777
6024,24090,26402,22813,21.51847
6025,12403,2546,3017,25.3901
6026,30381,35700,34959,19.320498
6027,21220,21424,30442,14.682059
6028,7834,27532,6375,8.176191
6029,10628,13177,14474,24.671503
6030,48992,25738,18724,19.263369
6031,17509,28455,10206,10.7168255
6032,16207,6074,18417,6.0367527
6033,6842,47502,20077,16.74169
6034,32539,23985,49921,13.110763
6035,7017,38275,26298,18.15628
6036,21939,14761,12897,12.529457
6037,24286,5548,38087,9.203749
6038,31564,22362,4507,12.420976
6039,31384,3290,45845,8.28038
6040,41355,36346,31305,25.532888
6041,36915,612,32533,18.048695
6042,10763,41145,7738,13.965892
6043,13079,44570,39470,14.998812
6044,3054,15922,44323,13.132439
6045,11147,5327,13653,19.724243
6046,20363,17139,19006,18.332983
6047,37901,15903,39806,11.914096
6048,26015,21919,34005,10.964966
6049,38000,18860,42189,20.548004
6050,5021,39767,5963,4.925966
6051,42494,42654,37072,15.767452
6052,39728,38061,35545,10.585439
6053,41613,39310,42796,10.511445
6054,29427,5547,46684,16.90147
6055,10797,23363,36917,15.128507
6056,40140,47714,38451,13.415097
6057,39119,28739,4716,30.540909
6058,17614,674,42845,9.633367
6059,46991,18997,33331,21.588478
6060,4921,14977,26857,20.082998
6061,24994,25193,9221,9.082145
6062,26402,23128,34066,6.8332896
6063,20107,35475,17425,26.282671
6064,36865,16422,26065,11.614011
6065,15020,19409,25006,11.806474
6066,5193,11985,15871,18.053171
6067,4767,2660,24672,26.1488
6068,22913,47143,33233,11.785694
6069,26224,18242,20793,24.030352
6070,34955,29856,22422,20.721413
6071,12495,9235,11173,13.910445
6072,39041,21938,38872,18.148867
6073,11449,25094,31970,26.960384
6074,36238,2690,25326,10.913025
6075,15490,38538,36076,19.481464
6076,5043,13815,8309,8.198287
6077,25765,16406,36353,24.971884
6078,37539,33168,14112,19.145063
6079,20706,7692,6628,21.854675
6080,47186,43489,38809,16.396887
6081,27816,16688,19663,19.339314
6082,22512,29661,38518,21.003393
6083,37017,17366,31550,14.148841
6084,18980,6515,17794,21.459036
6085,44592,21594,26563,10.803713
6086,46315,21499,22772,20.182674
6087,26108,46745,6931,17.315186
6088,36330,8887,43702,14.054368
6089,27547,29055,26473,10.716107
6090,31807,2540,10445,9.052271
6091,41857,47796,4398,24.413412
6092,23376,2747,32374,15.068087
6093,10655,3906,22626,14.820611
6094,6409,10950,4843,11.164191
6095,29622,17242,2648,6.9956913
6096,35151,12465,6574,21.594584
6097,42199,35377,23136,13.218852
6098,2746,9497,39965,21.44487
6099,45657,5747,5474,11.49527
6100,41158,36630,36882,12.417629
6101,16196,27483,34443,15.690473
6102,28662,29449,31180,31.748077
6103,952,28729,6026,24.015419
6104,22425,45381,30257,11.543703
6105,47050,804,1656,2.771225
6106,7827,40788,33525,21.626457
6107,10269,7328,4111,24.655334
6108,791,3420,3679,23.63775
6109,40644,4597,36399,13.57897
6110,30697,40617,488,11.8575115
6111,17932,7008,33230,7.9906564
6112,22620,22897,1531,19.476856
6113,22697,18556,19254,20.70102
6114,1288,41507,9905,26.7954
6115,365,32857,12756,9.673377
6116,37773,19049,30588,14.140102
6117,29047,31255,18375,20.632477
6118,34531,12400,27745,13.386321
6119,15243,28628,9553,19.69049
6120,6306,4374,5059,15.641164
6121,20457,7697,43071,16.243515
6122,18065,33406,46173,16.928734
6123,19328,45332,10676,16.39563
6124,1088,11078,42454,11.959164
6125,43205,8612,25684,20.868496
6126,46649,9872,44464,26.130644
6127,26442,16190,32866,17.760698
6128,14572,19322,16787,6.8876657
6129,13972,33685,37642,5.6676984
6130,20084,36927,36280,20.685406
6131,4639,14376,13670,13.694989
6132,35672,8460,27369,21.030716
6133,24904,17817,18861,21.50218
6134,9818,15743,45207,2.3557506
6135,12091,47743,3432,17.994917
6136,2622,32632,43593,20.550909
6137,43213,47614,8992,14.016592
6138,29638,9957,43223,2.2700658
6139,44765,34853,6085,24.879368
6140,9109,25416,13027,16.406763
6141,33865,16194,37097,17.592318
6142,45474,24258,29266,12.730799
6143,20899,44498,23734,21.44217
6144,22812,38474,14349,19.046059
6145,123,23436,41568,21.523859
6146,40254,12504,46372,14.60925
6147,12314,49491,22168,5.599639
6148,49794,1154,25511,13.957463
6149,5622,22228,526,15.162515
6150,29927,47184,13867,10.036214
6151,18626,34470,17880,27.15719
6152,44206,39135,46387,6.655966
6153,6767,31066,1547,14.700908
6154,42271,49604,6798,28.707952
6155,5399,21312,34801,14.753922
6156,49736,14849,7267,24.185654
6157,13317,49981,14805,15.701625
6158,13618,43459,44102,14.1425495
6159,42246,39277,40559,17.549608
6160,18677,29617,49202,10.437073
6161,36773,35594,4022,21.143497
6162,28066,24510,37022,14.51835
6163,38706,23222,38148,24.786789
6164,35083,10763,24662,22.104118
6165,31391,45971,8849,8.604879
6166,28114,2374,33132,3.5249875
6167,42258,47561,41341,14.257468
6168,5509,42563,46790,20.669016
6169,3564,8753,1029,14.250189
6170,15436,33967,5287,10.94377
6171,6940,9620,9202,18.033281
6172,18459,6842,45202,11.899194
6173,1680,2056,4245,5.7961802
6174,13188,17932,28061,9.117881
6175,18838,48404,18651,8.534319
6176,41320,17189,42085,12.222885
6177,9011,26069,8800,10.712952
6178,3492,11265,47494,18.605265
6179,14977,8884,7260,19.90581
6180,7285,32190,11800,13.226112
6181,38679,34080,22270,23.506035
6182,29822,24386,596,39.064377
6183,28767,36396,33399,12.914694
6184,7670,35381,3264,21.759079
6185,47215,15552,16450,10.103469
6186,41668,32615,36088,17.076359
6187,22457,37693,2650,21.463575
6188,26336,19099,45174,4.0202127
6189,13742,49363,22008,9.553752
6190,15735,43867,1700,9.7580595
6191,20903,41204,33290,9.360359
6192,17411,19268,10707,3.0224178
6193,23907,16323,33063,10.353322
6194,42665,49059,18857,22.53062
6195,43239,27011,28008,13.92255
6196,38956,39657,23383,17.224085
6197,47437,12461,22353,16.00752
6198,22411,10023,32918,12.174713
6199,5977,24921,35760,20.971485
6200,49123,18013,19415,17.475765
6201,10069,26640,7620,2.1038122
6202,31249,23809,19602,19.456419
6203,6801,41121,41285,5.3252606
6204,46893,12908,27960,21.616379
6205,22240,11150,48796,17.130901
6206,14005,43090,13173,11.36276
6207,31863,2738,15054,9.63113
6208,22587,41347,44632,16.192446
6209,46915,43811,19011,19.04344
6210,936,7847,36716,12.888698
6211,6496,46852,43650,16.912483
6212,8944,12975,16072,23.235783
6213,25198,8729,12042,13.182611
6214,42038,21751,40148,6.3268037
6215,39390,42908,34566,25.768515
6216,16760,39736,8979,21.401888
6217,39463,36900,16656,10.333998
6218,21499,42240,12818,19.887894
6219,7617,34105,18149,11.721703
6220,49465,49982,34569,23.151056
6221,43079,3903,62,10.342912
6222,40012,36734,5665,16.148273
6223,21713,6838,33527,6.048278
6224,48115,32668,30369,17.177998
6225,31860,33350,39477,26.341057
6226,18304,41630,14150,13.556144
6227,36059,32821,37984,5.847446
6228,46239,36692,25329,6.1386566
6229,1875,48503,33872,12.890719
6230,47132,1799,12909,14.81484
6231,32532,27693,43093,23.96964
6232,22588,40081,36885,12.206446
6233,33731,19466,47822,10.973162
6234,16830,18812,25972,15.073789
6235,17804,24491,39937,9.305668
6236,18278,37641,40601,12.358788
6237,46939,1742,39273,16.012043
6238,23031,236,47287,23.525646
6239,45759,38223,22473,14.272632
6240,1725,33195,18776,20.64266
6241,14086,37802,45565,31.247429
6242,20138,475,29679,9.128344
6243,31216,948,6683,20.724028
6244,43436,32842,19742,15.154429
6245,49876,19739,15419,16.189823
6246,49291,35510,19104,17.431395
6247,10112,16357,21615,7.443816
6248,45541,19127,22116,25.266403
6249,30953,31428,10263,5.084035
6250,16242,38292,36831,12.253721
6251,47486,1995,49570,12.131557
6252,36797,43686,7986,13.113471
6253,43187,48599,41603,27.200356
6254,20619,10651,40213,20.520203
6255,26424,22576,32928,13.894508
6256,21968,4216,44277,21.862715
6257,1677,15568,41774,19.300133
6258,151,22737,9949,24.06601
6259,21623,2278,28221,3.374385
6260,35063,16502,15281,22.565083
6261,45270,719,2220,19.976442
6262,35871,20071,7618,19.48434
6263,3468,8450,41116,5.0310316
6264,36020,30149,4265,12.908378
6265,16373,47186,38774,23.399542
6266,1014,17166,47070,19.852385
6267,17542,38572,36349,19.573788
6268,12189,1882,12968,12.95754
6269,33774,33044,38418,28.03667
6270,26614,32698,25630,8.956437
6271,34414,19768,37111,27.345089
6272,29405,17120,17251,13.991823
6273,7792,369,35994,12.994947
6274,43369,17439,1292,20.962177
6275,39702,37097,39025,16.433033
6276,20059,45865,42948,8.869517
6277,18473,36967,616,16.492178
6278,20367,202,40094,19.606342
6279,45449,36001,38562,19.470694
6280,25740,29885,18613,22.421951
6281,12941,31616,17596,12.381706
6282,5748,15931,43711,26.046473
6283,29595,47598,42509,23.807558
6284,20847,29890,46673,7.4705315
6285,37955,44095,46023,16.875622
6286,16692,15141,49707,19.389347
6287,33745,38892,34016,25.469023
6288,45261,36153,38694,15.555862
6289,12297,28344,46123,20.1037
6290,33644,35051,37397,18.319008
6291,30661,11412,41386,18.910254
6292,30642,33179,36494,8.39956
6293,932,48041,29328,21.156204
6294,2990,13794,29150,14.002982
6295,8808,1014,7073,14.527927
6296,12207,22972,22811,21.481113
6297,35948,8784,26383,8.741681
6298,17928,13408,4211,11.411343
6299,11758,39186,41503,15.236803
6300,49243,20111,25588,15.398198
6301,30777,32891,20235,10.895477
6302,36365,38078,30960,22.590105
6303,45525,8150,47118,14.956471
6304,8817,17011,30167,24.353952
6305,30041,27763,21754,20.011318
6306,3246,937,21085,21.161316
6307,15849,44175,17442,17.062979
6308,21232,11580,25436,12.615599
6309,20666,38878,16910,20.480871
6310,42480,47098,33100,14.4054785
6311,8788,32494,23772,11.397294
6312,12532,32816,36981,9.033622
6313,43675,8723,12643,28.323622
6314,8384,10947,13047,12.156732
6315,19358,12597,13541,20.923935
6316,32669,40057,42573,27.92938
6317,43067,22601,16489,8.3063
6318,39102,18441,30328,10.7566185
6319,30031,29174,6663,20.758251
6320,23893,8698,38747,11.614226
6321,38798,21754,22715,20.737394
6322,14874,3770,19817,19.039509
6323,28347,32403,32025,8.03833
6324,41631,2642,29470,18.261955
6325,27134,10765,49007,28.015848
6326,14810,25351,44652,9.946537
6327,797,43725,49400,15.832501
6328,10845,38793,22360,3.1262498
6329,35818,16598,43522,16.991316
6330,37376,6973,9825,11.366294
6331,35899,2528,17478,10.109134
6332,34912,119,16295,16.183628
6333,40864,47314,33600,2.1751325
6334,36919,15546,6117,24.450405
6335,38386,32673,21916,19.811588
6336,24431,44569,40721,11.994108
6337,22439,37816,6391,16.675474
6338,29017,25889,3068,16.516031
6339,13893,31875,441,9.342861
6340,11826,21219,46093,8.370881
6341,43511,20027,3454,17.56072
6342,9552,28209,3478,25.624687
6343,7602,43028,26251,21.016787
6344,42903,22320,2598,18.878683
6345,17735,41676,36391,24.708946
6346,9466,22688,10541,26.375652
6347,7221,38391,16794,20.02321
6348,37658,13016,28824,8.890131
6349,2556,1406,6565,6.4243264
6350,15595,12561,46212,27.498327
6351,710,38193,43301,22.332788
6352,48678,13589,5133,11.206001
6353,10815,1923,27560,21.154196
6354,31363,41295,37614,21.760952
6355,8822,20066,14452,5.7725863
6356,27446,44371,19322,26.943123
6357,20196,30456,38297,16.843735
6358,8416,20230,2678,23.112919
6359,48117,10140,24210,4.1366873
6360,39074,33069,14972,18.254534
6361,44618,43051,32996,11.782592
6362,42224,44449,48340,8.732446
6363,29724,34059,3136,17.5826
6364,30012,18899,29631,15.689029
6365,39124,19899,35084,12.424843
6366,3124,4661,30367,4.9967275
6367,39549,30364,8050,17.79898
6368,1221,9114,41589,16.677475
6369,49484,19733,21562,28.321165
6370,48197,5725,44351,12.443544
6371,2572,24069,39656,21.748344
6372,19740,2570,33921,11.221351
6373,14485,7100,26691,18.098978
6374,4952,22399,18412,19.652822
6375,34189,44098,41996,16.024082
6376,17049,34034,41632,5.5175056
6377,22504,33047,8712,15.940356
6378,18381,29151,34359,21.731775
6379,7126,41205,13632,26.133615
6380,42557,27471,16200,10.874685
6381,4919,10943,45181,11.966159
6382,31506,24141,5334,20.519968
6383,29279,30784,9119,13.805145
6384,42531,39493,38060,19.24675
6385,17284,40649,17919,7.6923733
6386,38766,26112,4898,20.257956
6387,32925,18666,7509,22.248161
6388,13463,30108,23026,11.613065
6389,46677,5739,43044,20.258137
6390,29770,43330,13992,14.01937
6391,36583,33073,28612,18.995985
6392,27641,5477,8149,11.577756
6393,40458,4927,35459,23.184729
6394,29448,14278,42218,14.877092
6395,446,28066,25677,17.57471
6396,1868,3704,46900,15.463327
6397,47496,28064,8660,16.12821
6398,45762,2156,25322,18.023369
6399,18411,826,48579,9.951089
6400,42749,18104,23758,12.819658
6401,31764,16891,10198,17.922209
6402,36062,25186,20667,16.360207
6403,2094,49801,38903,13.240558
6404,30289,47745,35452,18.50293
6405,36026,39547,48368,20.780407
6406,31193,25695,16812,20.559223
6407,39608,35487,43312,21.614115
6408,42235,2980,21935,4.763345
6409,8589,4234,32806,16.06103
6410,16234,13604,39162,24.56272
6411,3499,13558,20376,12.615685
6412,11848,41196,39951,6.3325024
6413,17095,32885,665,20.945265
6414,4620,3718,9260,22.212317
6415,10876,34219,15808,13.788848
6416,26749,22532,28208,21.616102
6417,24269,27330,7373,12.927315
6418,535,49789,24579,16.79665
6419,17736,18073,33974,19.091167
6420,25127,20886,27278,27.57148
6421,1188,48507,44200,17.783104
6422,14569,17540,42671,4.6752443
6423,31913,28360,48866,13.1508255
6424,32990,17909,19371,23.29681
6425,26263,18459,28442,18.333948
6426,1411,23061,19175,16.487247
6427,336,20941,29206,21.766054
6428,13063,9891,12509,10.422572
6429,30989,10349,7077,11.967026
6430,27349,16527,36787,22.30277
6431,22093,15719,26512,15.882676
6432,784,48238,19401,14.991493
6433,11643,46677,15063,13.795318
6434,12483,47631,10889,18.204517
6435,11549,6822,40720,18.143734
6436,18791,27342,10546,12.981132
6437,14923,25830,37728,10.765631
6438,38502,15313,24252,29.818396
6439,18730,40982,12372,7.088276
6440,18449,7547,48597,7.1312847
6441,4470,4501,11709,11.024664
6442,14268,20588,4427,8.516055
6443,12975,40758,45585,7.096365
6444,17513,43078,32285,18.084984
6445,47388,14621,31497,12.551539
6446,45180,34663,42353,24.521652
6447,20391,39922,8983,14.643372
6448,26036,7904,11749,4.5318427
6449,21850,28491,43935,19.110962
6450,17636,24936,42377,12.789413
6451,26555,10571,37085,16.665123
6452,46036,38383,37622,24.028938
6453,19127,35389,44832,16.317991
6454,39068,28187,5939,11.546801
6455,26275,38939,43483,31.983776
6456,23415,15435,38088,23.568089
6457,40821,26961,32080,22.778461
6458,27061,49103,11429,19.91392
6459,46659,38766,29996,18.41308
6460,17150,3959,17983,11.036196
6461,43330,29409,268,7.919301
6462,3236,40935,17653,16.977844
6463,1927,48257,21693,22.772224
6464,33272,38299,17500,13.299803
6465,36871,44488,48669,21.906813
6466,40260,18850,18421,20.999256
6467,34291,8817,25929,19.063063
6468,949,1953,21611,9.746507
6469,45878,32742,19850,21.49344
6470,6020,18449,39077,14.30861
6471,47318,29665,8766,22.989706
6472,15781,5889,26828,19.512598
6473,34824,28895,49495,18.65324
6474,36734,4117,11771,10.803589
6475,49094,23301,18430,10.837377
6476,37923,18330,4267,23.71662
6477,1832,1490,11240,18.021332
6478,48329,42229,42109,21.991257
6479,38282,25743,41382,22.103903
6480,33406,28343,20522,20.086575
6481,39233,27071,17019,6.6635084
6482,17934,14436,35902,8.059365
6483,18001,35291,26420,18.05353
6484,10088,39369,30384,20.648247
6485,42783,13801,27117,16.510872
6486,1059,44751,4418,20.37727
6487,33505,20260,14539,4.8184824
6488,27835,588,37218,13.638853
6489,7619,16051,16840,19.923279
6490,39314,7104,2656,23.487429
6491,10541,26385,18442,18.201206
6492,22129,35525,26823,19.401665
6493,16639,16852,7187,17.10036
6494,26641,32723,46857,14.750794
6495,2430,46051,46666,25.12597
6496,4725,27653,36572,13.624915
6497,16654,6328,43309,20.490637
6498,33500,41562,47369,26.191345
6499,34630,8508,18481,25.242046
6500,21307,26096,12554,13.424431
6501,22149,12090,14925,23.1096
6502,8814,43022,16157,10.163507
6503,12732,11338,42133,14.631267
6504,18016,47135,32907,24.186638
6505,30060,7532,38057,32.79382
6506,28034,42740,42140,9.680952
6507,18588,41383,44537,19.881142
6508,14793,33586,18018,19.008595
6509,13464,26696,18515,2.6268594
6510,44449,12920,43368,22.206123
6511,36132,23715,17296,21.225456
6512,13195,45200,42385,14.619119
6513,21025,11246,19207,15.4291
6514,39884,25626,47903,4.207218
6515,49927,29860,21116,22.898863
6516,15903,24319,17873,20.501434
6517,19768,38244,15517,4.32938
6518,37,8991,733,8.184399
6519,25951,20677,38872,15.214262
6520,14661,16824,45625,12.882999
6521,21489,328,29659,22.118347
6522,17279,15429,12511,12.258517
6523,20558,18037,14918,17.635342
6524,19942,38311,4058,13.687165
6525,36843,35553,26425,14.955986
6526,6998,40076,27558,16.37141
6527,31647,25750,46014,10.373994
6528,17044,11436,24785,24.297087
6529,22369,2876,48989,19.51351
6530,30811,34511,29414,13.422611
6531,12565,19451,12242,12.8122
6532,4766,16463,34477,9.777705
6533,35051,47381,37367,19.783228
6534,12023,18440,34577,8.977729
6535,29154,20691,37299,9.742041
6536,1421,7729,314,22.628998
6537,22413,26001,43571,5.6908474
6538,7191,19777,28958,2.7374537
6539,28129,34419,33316,22.629583
6540,16350,27226,31172,18.29931
6541,16696,22720,43338,6.308312
6542,37898,42842,39550,13.823039
6543,31327,43511,7675,20.68394
6544,45968,1613,7785,19.337059
6545,5556,40897,18855,16.320377
6546,28466,22246,9518,19.605116
6547,41204,21568,37487,4.2701726
6548,28690,34785,11635,15.769523
6549,21176,39444,44966,23.172367
6550,19091,33904,17579,17.786015
6551,5114,27556,27215,14.971963
6552,18508,41047,29892,8.891119
6553,2026,39107,31793,3.740809
6554,19584,36391,5357,11.190021
6555,23479,28836,26557,6.7757936
6556,40787,48391,2934,7.0595613
6557,34713,23935,5980,23.495985
6558,1439,43434,35230,2.9629054
6559,27730,4783,18613,13.231257
6560,19777,717,46719,13.588694
6561,33119,20106,4228,13.612245
6562,1901,737,37500,19.366701
6563,42336,42584,25270,8.354569
6564,28009,40665,16659,8.69052
6565,46904,47566,13835,18.284498
6566,6838,46251,4692,10.475814
6567,35513,10616,19178,22.453789
6568,41160,37392,8597,21.391642
6569,8510,956,6918,13.940548
6570,21615,41497,10112,7.443816
6571,24149,46976,13181,6.8666587
6572,33557,3626,3188,0.30378473
6573,3455,19908,36759,24.626247
6574,38532,29284,4979,11.954381
6575,5395,14789,32103,16.269096
6576,14593,30397,26895,7.7562428
6577,42356,2184,44971,16.206312
6578,2494,9175,7665,23.18624
6579,2385,17841,11137,5.639045
6580,17622,46209,10361,11.855566
6581,25461,5566,824,14.37686
6582,6800,15780,24893,21.29081
6583,31301,43973,9907,1.5453749
6584,32505,14103,23523,16.818497
6585,32574,18489,36692,15.978043
6586,37691,26828,4763,15.308865
6587,20977,16874,19516,19.416224
6588,46475,16328,24155,8.547932
6589,18582,21328,32224,8.474586
6590,16002,13317,44904,14.0887165
6591,19509,29772,19360,11.022582
6592,5692,5374,30453,6.0849295
6593,19620,23919,17233,14.24387
6594,38191,26570,11895,21.59337
6595,34659,17818,26540,14.797263
6596,25983,13690,44972,16.569271
6597,25628,11419,26166,20.03758
6598,38275,33743,37198,14.968721
6599,39466,10641,33671,12.105816
6600,12677,23355,23067,9.721036
6601,18720,29657,217,19.20386
6602,2687,38929,5000,6.583115
6603,41190,6938,48318,15.109133
6604,6110,13817,37456,21.627205
6605,19894,40013,39172,24.836395
6606,38953,44122,29263,19.465433
6607,44909,7828,1530,16.179083
6608,22103,40671,30262,10.533788
6609,13948,24664,11350,7.746211
6610,36849,47770,25604,1.5460857
6611,27746,531,1183,13.852323
6612,37779,22224,10685,18.074562
6613,29122,392,36143,6.719004
6614,28310,39413,3530,3.8698301
6615,13069,47921,33488,16.723473
6616,5437,9786,3379,21.690939
6617,39710,29154,44985,6.8852906
6618,19711,35659,3362,7.8947544
6619,38784,13247,47238,25.663843
6620,15029,33244,34840,12.548533
6621,43847,25934,11525,19.639196
6622,23805,42015,36452,24.554329
6623,39180,3349,49232,20.540403
6624,14192,15873,21153,25.90086
6625,26857,31906,4921,20.082998
6626,42739,9092,44841,13.054937
6627,24608,31461,17416,16.492847
6628,2318,24608,32745,4.9943814
6629,41487,11863,47574,8.746261
6630,10327,42472,13393,14.629706
6631,42437,13534,2944,14.436249
6632,5586,29030,45022,24.943386
6633,17965,39849,3836,23.049093
6634,39076,14665,48451,20.43639
6635,14847,24904,42277,12.810413
6636,31010,39242,34136,10.226369
6637,18767,28337,9517,21.136541
6638,34768,1531,49988,16.864464
6639,36315,34630,1777,4.2254286
6640,20109,8278,868,22.211422
6641,12624,7036,7117,17.85204
6642,32875,16678,23827,20.94555
6643,29321,7122,293,27.743643
6644,45480,41088,38817,13.643032
6645,31050,10838,3739,16.890884
6646,9556,39653,40445,27.430393
6647,48506,549,16790,16.115187
6648,37171,40743,7173,16.827871
6649,41970,10472,32119,17.687761
6650,6615,42603,7645,8.53685
6651,2300,43987,29167,3.6819344
6652,2899,31764,4193,12.265715
6653,6771,1095,4012,16.496115
6654,16293,43852,45463,6.852128
6655,23324,19353,27547,18.455414
6656,38147,208,25811,33.32224
6657,14591,43341,7275,17.708305
6658,2963,37404,22326,10.697569
6659,15161,6481,27533,13.610555
6660,29637,24744,41400,12.096435
6661,30360,35283,2064,23.880014
6662,10405,69,16265,12.647552
6663,45425,46159,37015,10.102973
6664,32151,36112,5925,24.883852
6665,19828,38954,12580,24.740088
6666,18979,8204,46040,12.637022
6667,38447,25317,3665,14.753774
6668,37413,1195,4107,12.389768
6669,40001,19142,39392,8.879586
6670,6612,46333,27582,17.55837
6671,34115,7687,31799,17.582687
6672,10192,30306,15940,11.479495
6673,12461,2942,40268,19.239744
6674,22576,45523,890,12.293857
6675,33564,20774,40812,6.750244
6676,35039,42732,44866,21.242563
6677,37514,35200,28192,21.393633
6678,42595,13877,37456,17.30884
6679,17818,15970,33641,17.96595
6680,3010,30220,23397,11.425535
6681,43090,13403,38872,14.274145
6682,4453,26324,46665,15.238926
6683,7364,11312,43042,18.986002
6684,36661,44143,48788,16.876057
6685,2401,10575,19830,13.49361
6686,19898,28586,6138,7.562613
6687,48336,44179,33290,14.2493105
6688,34232,40027,22655,22.143763
6689,27580,29207,30472,19.66174
6690,3620,13462,24359,21.973898
6691,4813,20794,32367,19.837843
6692,10118,21025,10280,13.881096
6693,28741,34796,32723,19.989609
6694,14059,43239,41658,22.442162
6695,6874,15984,34922,12.471266
6696,49714,17050,33134,6.2142334
6697,31169,9710,25,13.808063
6698,12323,8160,49856,5.885401
6699,13601,24343,21754,18.264261
6700,27824,31273,33492,11.375472
6701,47828,32665,37354,8.473131
6702,36781,40325,15431,11.479155
6703,20914,16790,24727,13.226228
6704,29547,3830,41529,22.017088
6705,9152,25782,220,10.646978
6706,36038,49813,8810,26.368664
6707,14588,21468,27429,22.946056
6708,18820,22358,24780,23.436718
6709,6473,26551,24475,11.46282
6710,8457,7740,43294,13.810141
6711,34680,9464,13087,16.35763
6712,30466,38646,38274,21.651022
6713,7739,31097,45420,16.696875
6714,7237,11345,48051,9.014731
6715,247,45575,21544,3.9861822
6716,21862,10007,1056,5.4553185
6717,7484,47049,15724,21.727999
6718,13816,33148,46782,13.869175
6719,5830,17792,9332,5.248721
6720,16707,22204,18276,16.285744
6721,49210,47915,17149,5.886168
6722,24921,46674,38168,19.99026
6723,570,27806,9431,11.654595
6724,38377,18913,36349,20.185915
6725,12002,1922,8660,19.455013
6726,37399,41407,6230,19.544992
6727,15487,43367,28749,16.83674
6728,923,33129,49984,24.57224
6729,21325,11643,36111,8.830006
6730,782,14559,25133,16.025036
6731,4315,44081,13105,16.866388
6732,21158,28354,24033,11.381244
6733,34128,12369,12899,4.90518
6734,30727,13297,7184,34.106865
6735,44640,18455,16813,24.066305
6736,15317,40052,8798,11.611278
6737,37333,12610,23642,11.06688
6738,37497,27691,924,19.035957
6739,10340,34506,31209,17.80149
6740,37382,4309,31895,23.07239
6741,35122,48336,26774,12.740029
6742,17608,47388,35461,18.879759
6743,35214,44132,17403,18.858538
6744,8603,6096,34363,6.576028
6745,3150,16364,4728,22.231169
6746,21422,16899,18472,12.524196
6747,9649,48487,7869,23.591406
6748,6302,35829,35431,15.410532
6749,25626,49517,28833,15.004935
6750,49958,26374,4959,10.9351225
6751,16177,21837,29187,5.00349
6752,42740,11300,33034,37.25972
6753,8800,49652,44959,2.181381
6754,964,9604,22297,14.208268
6755,13681,22222,2030,7.104978
6756,1940,13324,1376,20.12916
6757,34762,34418,7691,3.7590387
6758,22076,1709,12914,17.741003
6759,25619,45194,27793,17.252325
6760,24945,26875,37862,20.718143
6761,8851,3423,33962,27.990005
6762,32698,21604,15513,12.698732
6763,11932,25974,17511,25.117138
6764,20536,11952,49448,6.2728877
6765,28370,44119,27060,17.129696
6766,42378,4247,40261,13.319385
6767,33543,7554,32606,24.766571
6768,12936,14827,29849,16.254763
6769,4329,29996,38913,13.9842005
6770,26324,45838,5827,6.644613
6771,5030,36264,49744,22.56536
6772,30182,35224,8499,22.372713
6773,16362,1371,23097,13.455893
6774,32507,29163,13807,6.3936043
6775,32135,4618,16091,3.9433086
6776,26201,14649,48469,8.176071
6777,29535,30084,46879,15.850374
6778,40466,38269,23766,18.975943
6779,12344,6948,22003,17.019793
6780,28398,32458,21635,6.21219
6781,4082,40409,8329,9.961639
6782,9790,3328,30524,24.97793
6783,37668,15306,10251,12.7865305
6784,22070,4691,49395,16.209267
6785,14597,35182,3058,29.88509
6786,40256,31436,3698,9.56948
6787,3930,20511,24880,10.757821
6788,47694,47132,31343,17.232264
6789,24956,17670,1849,7.135888
6790,38409,10967,22655,19.98011
6791,49425,10008,45721,11.361755
6792,32187,38409,26441,19.101912
6793,36616,20281,28569,21.035353
6794,22268,7741,45022,20.649817
6795,41940,25390,32833,18.915869
6796,12889,7045,32748,18.80129
6797,25102,40310,25771,5.006222
6798,37148,21840,26272,12.658314
6799,44747,34810,28797,21.173714
6800,42848,29369,30796,21.847683
6801,37200,15569,33493,16.482412
6802,42255,31405,43269,21.992159
6803,44068,35135,10971,22.074894
6804,14861,39307,41601,20.11646
6805,49728,30287,2702,3.9762325
6806,31810,9513,40572,20.93936
6807,2701,43989,25917,3.845401
6808,29079,30467,41303,20.969975
6809,1636,41442,34980,16.15195
6810,21134,36804,48690,31.541557
6811,19057,33853,43982,21.74125
6812,48371,9484,34558,19.657051
6813,24722,41718,4645,24.032486
6814,49327,45306,31553,15.15335
6815,647,3610,7653,18.813208
6816,33498,48144,17500,20.96606
6817,5242,2883,27498,14.491495
6818,49003,883,45894,24.090956
6819,22018,13147,38119,12.29201
6820,13477,38469,8960,16.720722
6821,27461,30903,22605,7.5755954
6822,12444,28860,25833,24.475393
6823,8683,35041,1511,19.760164
6824,11242,43410,41063,7.1913033
6825,39640,17840,40347,8.89534
6826,46460,28015,24473,15.917577
6827,5544,1966,49038,12.771896
6828,9977,20706,46083,23.885643
6829,12485,28013,17265,12.2135935
6830,25653,2848,36614,18.783447
6831,5820,24465,9392,8.957951
6832,4400,32539,29651,10.670217
6833,5683,4606,22870,7.699741
6834,10031,30365,6026,19.471577
6835,44778,14194,35056,5.019931
6836,39551,11432,32770,10.055643
6837,1124,7286,23760,13.881659
6838,49055,26531,43334,21.433468
6839,45375,35197,18118,20.978203
6840,13528,12276,14946,6.9973664
6841,11722,34912,26981,21.148142
6842,6863,11628,42693,20.13158
6843,34714,28659,25685,13.793132
6844,28603,2164,1700,19.447483
6845,14088,35122,1106,14.841455
6846,16294,14165,34261,20.76576
6847,38540,26585,10384,22.232025
6848,41024,36865,21997,9.115256
6849,11951,18274,29768,16.534782
6850,46442,28688,31711,13.925592
6851,2059,28787,49804,19.078886
6852,45280,4759,4800,4.341501
6853,33846,5151,16582,21.215965
6854,15954,49060,6677,17.45848
6855,3870,14235,26162,11.328653
6856,6715,9585,40960,18.21384
6857,13496,16893,12009,6.6026025
6858,9674,20045,26025,17.267824
6859,44838,6334,15234,22.172178
6860,35626,41344,39902,21.101168
6861,18274,48229,20660,14.97555
6862,7054,18393,20771,9.413981
6863,7697,44896,34539,20.26121
6864,42535,48106,29068,13.699926
6865,24332,13816,3152,21.11709
6866,24371,35956,1728,17.407764
6867,31213,34403,36529,5.183875
6868,43702,15073,5379,12.064939
6869,689,8291,28232,25.431166
6870,3567,9548,13138,23.044277
6871,11330,2817,30592,13.152445
6872,13264,381,46787,22.359339
6873,17193,25893,27568,9.516048
6874,47810,19804,31270,20.568697
6875,38537,40957,21278,14.76679
6876,16800,23283,45710,18.28647
6877,14276,2946,24910,23.538506
6878,25107,48247,22136,15.117314
6879,4807,40065,48469,15.901821
6880,49677,24548,48209,25.154387
6881,1620,31139,27973,8.767456
6882,12423,16156,28038,9.258759
6883,23657,38724,45807,18.164324
6884,40702,45879,45143,13.330936
6885,1531,39463,2259,11.33154
6886,25386,35572,23499,37.487236
6887,7860,46094,30596,5.077572
6888,8171,769,36174,10.717452
6889,5027,40679,23104,12.907148
6890,39178,35600,31747,24.091927
6891,41231,23046,17954,18.170269
6892,48967,29638,27168,13.60288
6893,2870,19175,14064,3.0165155
6894,16411,22883,17197,10.395804
6895,22255,18646,23761,9.476958
6896,34272,1785,30929,8.347187
6897,14621,40440,39167,20.540752
6898,45509,13551,46273,15.620835
6899,7124,20012,23422,10.582567
6900,9691,21445,13490,13.635805
6901,30807,40852,46330,29.889942
6902,9720,4714,5269,29.075106
6903,11931,41799,14783,20.875923
6904,35971,34950,32174,10.337091
6905,19966,15998,32290,19.814138
6906,47357,42354,46839,23.806732
6907,12849,16002,26947,10.801159
6908,44371,10074,2968,12.4520855
6909,29369,10038,41609,21.023222
6910,26296,33498,36083,19.240149
6911,13352,33831,22979,18.14413
6912,8938,11022,25209,12.506951
6913,19456,29231,45940,21.585121
6914,23836,38062,13273,15.995238
6915,46719,34416,21184,10.024226
6916,14765,10676,44886,9.162281
6917,44871,32046,25923,13.388993
6918,39778,24922,23073,14.000776
6919,16720,31659,13794,26.505758
6920,40952,37955,22667,6.3768187
6921,44834,29045,20377,24.672636
6922,45228,35669,10239,22.271008
6923,10012,37841,13347,16.465803
6924,24640,37436,4407,29.097883
6925,49,31057,2458,26.258215
6926,39444,41320,42348,14.458023
6927,40408,46649,21868,8.463559
6928,26570,41897,43351,15.158336
6929,34007,19884,24592,11.168798
6930,24394,44528,40925,13.978604
6931,1635,25271,16935,23.262434
6932,38777,28830,9216,8.929916
6933,22737,29882,10829,25.927532
6934,43722,15956,21777,22.672438
6935,34749,36781,14500,9.946205
6936,13505,15446,8588,14.206373
6937,34511,1986,41498,2.5526917
6938,27043,29832,1448,14.71486
6939,14622,15923,11775,6.6652484
6940,8498,47830,12807,30.015938
6941,1025,48339,2828,27.668676
6942,45821,26101,35536,9.381729
6943,47347,13972,191,12.591569
6944,3714,37376,16683,15.413063
6945,352,19147,27189,13.517296
6946,41229,36872,19095,25.31968
6947,42227,28682,48689,15.018901
6948,1702,31662,755,12.420991
6949,20675,22232,5260,12.819682
6950,23195,34978,3304,10.407282
6951,12066,14302,24660,20.487846
6952,46289,8632,31962,19.65322
6953,32615,31369,42596,20.898138
6954,48507,28761,29680,11.139376
6955,27011,44604,16884,17.49468
6956,3525,15611,37636,8.562984
6957,12187,4674,25094,20.66715
6958,39173,29714,35150,23.78651
6959,5522,48891,32999,5.2449985
6960,1310,4789,26598,16.27588
6961,21455,19565,17342,5.2715797
6962,21751,16365,31996,17.115988
6963,49059,34729,7720,19.047068
6964,15172,2174,13571,13.64263
6965,44794,19932,12223,7.798456
6966,4908,42917,30078,11.68375
6967,17873,32822,13635,14.723734
6968,8511,36919,2142,9.951861
6969,13133,3485,48155,17.028082
6970,2139,27093,15342,22.37679
6971,2017,40909,11312,19.0512
6972,37802,14710,33383,18.455856
6973,11421,46384,44711,22.877369
6974,45641,38465,16545,20.59353
6975,15780,38693,39864,15.291168
6976,24039,9790,17921,9.203888
6977,1726,5376,31535,10.502325
6978,35553,40275,23927,19.697206
6979,46776,41693,3328,25.18384
6980,9626,7058,22728,20.552408
6981,4789,21418,29817,13.264291
6982,183,29887,27357,12.7059355
6983,4951,49599,46277,6.1232657
6984,2047,45449,24584,18.357698
6985,20240,40267,39671,14.2982025
6986,8617,42007,1604,21.649136
6987,24937,22700,41886,18.363277
6988,4463,42116,11074,17.822948
6989,24327,22557,4836,20.35668
6990,26001,15842,14714,15.482869
6991,1282,10528,7372,24.61063
6992,9026,30651,2232,21.29625
6993,20550,44557,28823,17.526543
6994,577,43361,20124,23.452753
6995,49932,14979,30412,15.202555
6996,7279,7463,44082,16.319384
6997,46953,27347,21418,6.990507
6998,7929,41313,34616,18.2721
6999,3732,26890,45837,13.441079
7000,49342,3492,36880,10.768221
7001,19514,19815,49571,6.013656
7002,43406,15293,3531,8.064286
7003,34323,10343,37106,16.09629
7004,33951,21659,29116,16.403643
7005,24733,46027,49833,25.711212
7006,19122,28694,16507,11.320655
7007,46128,49780,6447,16.348745
7008,43000,12718,19918,17.957367
7009,43,13579,44877,16.442204
7010,14471,6821,15171,16.706186
7011,32984,17851,43010,17.83238
7012,29231,3732,38556,26.22996
7013,11949,5591,12701,12.077125
7014,37450,16936,42993,20.92948
7015,46102,39043,46222,24.29587
7016,42816,45886,10125,7.2393003
7017,32324,39862,44811,23.97325
7018,44570,18678,48224,18.06194
7019,7174,30169,8744,8.277195
7020,24017,11316,39609,16.525017
7021,34556,10438,16107,20.487635
7022,15405,8426,46499,8.845524
7023,24936,27446,15302,15.376619
7024,3843,14287,31944,23.28546
7025,9398,20955,8710,15.595229
7026,18225,859,21336,16.867489
7027,36006,26719,35710,16.638308
7028,37446,36618,22554,19.331959
7029,45906,30729,45366,19.005056
7030,19864,34515,32944,1.59375
7031,9587,42144,37072,21.4407
7032,3062,27239,6566,16.054472
7033,4196,34038,4904,6.548478
7034,12100,12047,7334,16.050915
7035,7640,5924,4401,20.443197
7036,20436,24369,32774,12.40257
7037,10351,44904,47041,16.086353
7038,18694,38558,20953,13.236533
7039,40586,35005,20604,12.747578
7040,46044,24937,36771,17.98945
7041,43197,2360,37335,10.878053
7042,35282,16807,27449,19.584618
7043,31662,39599,14221,14.987063
7044,3788,41796,47111,5.4784737
7045,46149,18097,40616,7.008897
7046,34534,25209,49932,24.388958
7047,19643,1873,47814,22.61236
7048,46539,24893,25182,3.1912508
7049,27842,3808,2528,22.685108
7050,9136,32380,18747,10.350781
7051,15022,25866,31045,14.15064
7052,34825,47681,6001,18.160116
7053,34157,22366,15957,26.154505
7054,35489,26994,19585,21.612936
7055,12491,5637,26425,23.753347
7056,43574,42531,18516,23.066565
7057,47346,9417,16146,32.43095
7058,382,43036,9609,24.551912
7059,44497,19989,46177,11.662679
7060,33044,26607,2359,15.837223
7061,5463,13310,32068,7.804543
7062,38670,23196,20839,19.365242
7063,47052,10034,16278,17.484825
7064,17370,40954,44573,21.870022
7065,34594,7076,6297,19.467314
7066,19458,8326,15854,27.758274
7067,41394,45654,14337,7.51703
7068,31316,42686,11488,15.168761
7069,44958,5672,46287,10.718454
7070,37077,46035,49689,24.499493
7071,13499,47366,20825,18.268204
7072,42455,28352,42022,16.420143
7073,38367,31456,38434,9.191658
7074,947,3021,6874,17.802687
7075,38049,34061,32884,19.48596
7076,19010,21232,32867,8.632102
7077,26158,8523,49984,19.15878
7078,36150,35324,40431,16.836443
7079,15545,24906,40886,17.701502
7080,38150,6833,34670,12.470208
7081,15000,7730,16636,14.798846
7082,35874,47879,5339,19.845282
7083,15813,26729,28498,20.663765
7084,26422,416,49672,8.3448105
7085,14231,35333,10895,20.066978
7086,4266,12724,4536,22.12113
7087,9396,11967,5128,18.223015
7088,36019,759,7444,9.148168
7089,45681,39076,49062,20.130106
7090,43989,37077,13077,11.654166
7091,14819,23218,32854,22.154255
7092,35720,1187,31487,7.8894954
7093,9308,12877,27182,17.202816
7094,49223,45409,38104,2.699849
7095,48362,14735,38395,7.9669113
7096,25632,41761,36553,9.506705
7097,41121,37915,11156,11.049184
7098,16133,11887,21312,8.938968
7099,24240,8161,24499,21.593508
7100,4143,21724,46123,21.855387
7101,3730,24864,41910,14.986876
7102,25662,47380,9634,8.347582
7103,9966,8072,28504,4.26448
7104,20764,12282,19400,16.512491
7105,23973,10678,33110,22.477724
7106,10693,19122,19398,20.465696
7107,1564,4207,31728,4.0018
7108,20116,42038,6593,8.250533
7109,21473,16211,43792,14.588822
7110,2902,6018,27450,21.011703
7111,9166,32298,29294,13.565438
7112,41095,7127,46622,22.131212
7113,26534,45844,2053,21.257257
7114,11720,10628,35440,15.78545
7115,48756,16693,16301,6.983274
7116,11731,8682,16822,16.323467
7117,3240,43539,327,16.26209
7118,34588,14724,12052,20.979942
7119,21898,12532,29550,14.086065
7120,30816,48210,2495,10.778368
7121,42827,31727,10032,8.308005
7122,41833,22103,15028,8.127479
7123,39454,5019,35838,14.191165
7124,10212,34956,25114,23.662579
7125,33979,20240,34205,6.6561766
7126,12811,34384,32408,18.277597
7127,29060,36523,49708,15.963169
7128,2710,48734,4449,17.453093
7129,42730,46358,22378,13.559089
7130,37950,43557,34867,10.804561
7131,33233,25241,17670,5.314958
7132,38982,1489,40577,22.739185
7133,12433,48370,1220,21.278563
7134,15947,8669,31164,2.441853
7135,11326,38805,7480,10.485318
7136,32105,46475,36715,15.798633
7137,5682,17053,38779,23.809305
7138,37390,773,5737,6.8751063
7139,20658,15637,33664,9.733084
7140,34437,31680,12230,10.359416
7141,49862,9073,27096,22.16481
7142,48029,9048,15105,6.7842736
7143,46214,48583,43560,21.341509
7144,28634,5292,1416,24.280466
7145,22807,41794,16617,26.629488
7146,23603,3008,31344,20.47161
7147,618,6077,31993,20.837793
7148,34122,20878,3436,3.2172894
7149,46762,2026,38007,11.857646
7150,46179,5820,27073,12.952263
7151,6920,25301,42741,20.075554
7152,939,4690,13171,17.511707
7153,47124,17213,7862,14.621435
7154,33010,33739,43547,6.8246737
7155,3737,5793,47936,16.94069
7156,30474,13742,47951,21.43357
7157,44106,49210,22542,22.545048
7158,32403,31810,46583,18.088129
7159,22133,33543,18150,10.34087
7160,43118,8577,15210,25.310942
7161,7537,7267,971,13.494673
7162,47457,14765,39128,11.341926
7163,29437,11230,41944,10.4719095
7164,25013,47014,47490,10.392469
7165,17920,232,14377,18.65614
7166,9926,33010,303,13.172969
7167,9616,22084,10894,17.276714
7168,42556,5051,16062,24.940317
7169,45974,2247,24773,20.013332
7170,28729,40017,6245,15.341188
7171,27666,4737,45842,20.730831
7172,5829,6597,9924,20.525328
7173,5854,7946,34764,14.072466
7174,24319,27111,15121,15.363118
7175,9092,48905,3884,13.364592
7176,23355,46331,45227,22.304173
7177,21052,30517,44503,21.880964
7178,17084,43246,3900,13.4790325
7179,26490,26802,49390,14.095647
7180,18124,18920,4031,21.242037
7181,44770,15915,38467,24.690966
7182,11484,46282,24957,11.045267
7183,19734,34056,46144,13.872123
7184,25309,41399,43818,25.104225
7185,30240,12601,38080,19.905912
7186,39186,38054,23761,15.367432
7187,17123,7047,4132,12.730162
7188,29657,45052,3384,14.893936
7189,5926,25637,38053,14.852152
7190,1528,18816,38173,7.073881
7191,48583,33158,26057,11.7196245
7192,29870,9069,25748,15.371085
7193,16142,39506,10848,20.91291
7194,34405,48528,33005,12.29196
7195,33683,10710,35115,16.317804
7196,28885,33759,2119,4.577725
7197,1007,42710,43261,19.856308
7198,37097,9343,407,14.888104
7199,18438,26854,5364,8.106981
7200,31224,6564,27146,17.564981
7201,24591,31403,32511,8.615611
7202,48210,10693,911,14.89805
7203,16901,24037,17394,10.006285
7204,329,19190,21931,13.731219
7205,31138,14819,42317,8.968423
7206,24581,12301,8101,13.42463
7207,43051,11919,8078,17.782959
7208,30178,9253,43789,5.0861235
7209,49002,15230,25466,6.0475006
7210,14811,2376,66,20.582485
7211,38411,10279,49145,8.083986
7212,29856,26846,35717,7.0573215
7213,31175,21981,48165,15.473251
7214,34187,28915,10497,15.830439
7215,17912,5279,9172,7.900875
7216,29795,37173,18359,22.329754
7217,10336,33846,10180,7.0982227
7218,47349,28818,9093,10.58982
7219,40129,21623,145,10.624196
7220,16087,37685,42182,29.37648
7221,29698,15417,7535,13.770412
7222,26356,35561,27167,23.364647
7223,46965,4232,40317,18.297756
7224,13534,9493,15163,15.252281
7225,42030,17044,27010,26.872478
7226,27239,42571,25574,24.3241
7227,25516,12066,47248,24.256382
7228,19920,3373,31252,26.000986
7229,39631,6784,37613,12.514562
7230,35510,2168,20133,10.930701
7231,44910,24083,47908,22.072893
7232,48026,46212,28966,18.262741
7233,38991,21862,21287,7.27746
7234,17851,9977,40739,15.364171
7235,39334,33678,24151,23.328257
7236,3783,40563,18373,15.277926
7237,2293,32276,19627,5.985089
7238,35287,7344,22310,20.234623
7239,8655,39590,35592,21.09026
7240,18846,47435,33367,14.403119
7241,30612,1175,15019,18.416672
7242,40203,41349,14408,15.396279
7243,4796,35513,28795,22.317877
7244,34441,16449,43779,11.881402
7245,29227,37462,23940,10.515102
7246,16857,35575,34502,7.472541
7247,25329,14098,37504,6.04528
7248,49891,32392,21475,22.81618
7249,11061,46782,20156,10.497471
7250,11257,19014,15896,15.75031
7251,20214,12116,41465,10.349401
7252,26314,10088,45439,24.93026
7253,42978,30170,38305,18.300358
7254,42759,35053,41026,12.853764
7255,11419,8233,20635,12.883516
7256,13780,2723,5196,6.87127
7257,13921,5048,30300,14.335897
7258,32553,21564,18144,22.02415
7259,16026,6865,8852,23.35475
7260,15181,27910,37560,10.212357
7261,19377,19027,20460,4.3761997
7262,2493,13323,40237,9.579616
7263,11143,22660,14053,15.997993
7264,12771,16413,656,15.430888
7265,24907,21223,48450,25.941748
7266,3388,27223,29059,18.68231
7267,26994,39608,39189,9.061227
7268,47364,12483,5746,19.177292
7269,1772,38863,16202,17.657991
7270,49517,38106,6468,12.260673
7271,7972,16973,6824,18.815027
7272,23629,26442,965,13.028533
7273,27394,20903,44191,16.203836
7274,18854,5907,20885,13.763095
7275,40604,19038,25067,18.523178
7276,30273,6302,14694,14.806619
7277,26964,37879,49955,10.927897
7278,9073,7018,44092,10.3359165
7279,35053,20056,17226,14.63721
7280,8326,21768,42259,18.548958
7281,9416,20399,14634,15.105868
7282,32844,11239,40285,21.110943
7283,43404,18390,8459,10.118186
7284,16865,6220,26989,4.026766
7285,32111,9478,21894,10.218989
7286,11581,7516,38166,20.55515
7287,19191,9552,13277,18.293116
7288,10492,3867,39909,16.853813
7289,27591,3834,19583,20.593542
7290,38781,24505,7859,9.874061
7291,8662,46276,1425,4.18715
7292,1268,36046,24798,30.344732
7293,3339,49631,11424,12.740954
7294,18132,9044,28783,12.435302
7295,45749,29762,22074,18.068024
7296,20222,46442,7523,8.283652
7297,30896,44613,458,13.20288
7298,28920,38822,14922,15.19768
7299,28586,22037,1614,10.838548
7300,25602,37651,16675,19.774174
7301,36385,46717,48722,21.59031
7302,22653,29822,6002,17.69284
7303,46451,34044,45404,13.412286
7304,2166,30989,28786,14.423085
7305,3768,5614,28615,17.96665
7306,20612,19329,42795,24.008505
7307,1752,4717,43069,18.74167
7308,6674,6892,28201,16.674217
7309,13485,2859,2323,4.0585017
7310,29059,13892,17554,16.68344
7311,24668,41056,6993,5.583331
7312,20960,24514,24001,24.695044
7313,10167,42030,12517,11.420101
7314,13696,43067,14907,18.700243
7315,26828,35552,40982,11.303411
7316,951,29740,21547,5.1926274
7317,47518,6267,18628,7.2349486
7318,43708,48269,45555,18.734924
7319,13097,46857,2519,17.755249
7320,12497,49728,36335,21.567219
7321,32945,16933,22656,14.924722
7322,11063,46686,34930,24.460285
7323,17496,47515,45169,13.795375
7324,11265,47484,22563,17.869406
7325,45435,17329,34902,18.04718
7326,14560,9780,49833,15.885761
7327,4014,5997,8697,26.322533
7328,25750,24371,3778,8.3509445
7329,23478,39877,27155,8.281722
7330,45573,48766,21041,12.305201
7331,31802,43566,1190,12.17033
7332,14871,29697,16051,18.754063
7333,28269,5102,36348,23.820316
7334,7202,12002,31086,10.428888
7335,17050,2855,18631,23.427654
7336,6851,21846,8542,11.567693
7337,19941,37616,19915,9.491888
7338,44290,42540,8797,18.416052
7339,17558,27461,16200,8.839097
7340,25623,26015,10632,15.395002
7341,35324,4062,1791,35.209328
7342,28909,16864,1011,21.153065
7343,43754,48576,34755,19.213821
7344,7904,8608,19986,9.612296
7345,36764,47919,7919,22.268219
7346,35908,47715,45467,23.345871
7347,19411,24039,3513,21.471905
7348,13609,43318,15700,23.711868
7349,40574,39347,18113,17.247997
7350,19027,40192,24701,17.295668
7351,33220,12344,22232,20.618946
7352,33773,28315,45529,17.167603
7353,44167,34749,32586,24.287222
7354,34559,45375,1138,16.174154
7355,32710,41882,6795,6.280113
7356,19579,18014,42640,12.361182
7357,7348,9613,21452,11.145018
7358,49977,26490,35987,2.576799
7359,35252,15490,28416,14.548763
7360,45173,7419,27672,20.050982
7361,35187,5357,5081,20.280588
7362,31289,14483,14056,4.444674
7363,48120,30901,3906,18.597015
7364,47737,867,12980,37.0218
7365,2371,13266,7801,12.0261755
7366,33744,48071,29021,16.880396
7367,47768,7046,45304,20.49522
7368,17353,25840,2221,21.713366
7369,42705,23215,900,15.754297
7370,48956,12892,24971,6.810206
7371,22647,16707,40319,5.85652
7372,4086,11770,36108,16.812601
7373,6821,19203,32328,10.926155
7374,34034,4796,25086,11.405822
7375,8668,23777,45748,18.238867
7376,9016,7283,9451,27.879038
7377,24664,28859,31859,18.637426
7378,48999,2710,32363,14.743146
7379,1559,30332,22467,18.417892
7380,4216,35562,13078,13.895466
7381,14270,35733,18220,27.123909
7382,42738,29395,9911,13.489815
7383,11669,43369,2463,19.13644
7384,3731,14516,26082,20.05658
7385,30578,35863,22386,23.183205
7386,16068,37305,21987,25.59951
7387,24049,4793,48818,15.384334
7388,34841,12205,4950,19.430271
7389,32217,29376,1639,16.632572
7390,32857,31401,49206,25.438618
7391,10865,34140,4404,26.570831
7392,37060,9573,4781,24.841446
7393,10457,44167,29254,23.610508
7394,10913,4097,42861,19.485361
7395,27693,47373,39046,10.123975
7396,40671,44710,3327,22.398512
7397,24100,35434,43971,21.75888
7398,44374,44819,19453,14.945212
7399,2853,15778,24845,7.2943316
7400,12995,14461,17388,22.269577
7401,24275,6991,41557,17.4202
7402,31858,41827,43210,21.832638
7403,39938,38229,174,16.23536
7404,2738,24555,16149,17.297277
7405,21981,3518,28486,12.901681
7406,5489,25268,40253,3.450278
7407,2672,47437,38455,4.546929
7408,41769,22755,12111,5.3216143
7409,15309,26176,28368,13.129705
7410,2679,621,34305,14.899362
7411,16614,8818,43917,4.6549916
7412,23744,33483,24187,15.45645
7413,32119,31589,35677,17.666784
7414,25317,3069,23620,20.317356
7415,33440,21062,1912,28.386532
7416,3866,41474,41072,15.714634
7417,38058,29955,34675,21.922197
7418,24980,2687,26889,11.415579
7419,42042,25917,30132,11.891446
7420,1573,25308,15938,22.42782
7421,47444,48044,4926,10.269513
7422,400,678,31275,22.67372
7423,33680,41161,47206,14.072175
7424,35410,30862,10383,20.941908
7425,18877,30460,25705,13.132457
7426,40138,26250,29676,15.11213
7427,37536,34672,26958,21.600798
7428,18659,39139,17891,20.44327
7429,11488,44218,8100,14.039356
7430,48528,49443,11954,12.924964
7431,12799,11214,4851,2.1674302
7432,9192,3174,17511,11.565351
7433,20172,40110,5706,6.012154
7434,787,20363,13414,6.3413444
7435,42180,25115,14355,12.514123
7436,39787,5260,32025,5.8947473
7437,976,29242,15465,14.403623
7438,36534,30684,28444,16.253334
7439,6157,42649,10566,22.320858
7440,9998,37313,1814,20.820004
7441,4990,28743,10705,10.077998
7442,27203,12342,13705,13.66582
7443,21638,25971,8359,11.571376
7444,22669,30967,11844,12.933857
7445,20913,37877,4625,29.884266
7446,5809,41842,12219,15.699491
7447,9448,22815,5064,13.221511
7448,38221,10938,11587,5.199863
7449,26629,16753,7253,18.96892
7450,48822,32182,43159,6.395055
7451,30441,8944,30123,5.284878
7452,16844,10400,35115,19.613474
7453,30965,44741,27279,21.188814
7454,20717,47365,903,23.371334
7455,43198,29185,30224,3.1845882
7456,21870,1572,49806,11.1160755
7457,47432,30182,26918,16.211594
7458,42688,27468,1173,13.419437
7459,5291,38867,1210,5.829172
7460,26,23662,9041,21.098663
7461,47940,36023,19066,14.127069
7462,7693,38083,6356,24.547113
7463,9411,1295,24991,19.960829
7464,4557,5316,39376,22.146124
7465,35157,9885,17638,16.212547
7466,4149,14386,474,24.795773
7467,29800,528,49873,11.462996
7468,6822,35162,7886,13.079819
7469,944,31892,14777,22.9715
7470,4479,1185,16524,14.493622
7471,12890,28009,13500,13.814621
7472,11845,15702,15831,13.500732
7473,1659,35677,23558,9.371302
7474,620,15796,19923,16.10189
7475,36023,15029,27606,10.660499
7476,4881,44411,23412,10.093708
7477,30455,32258,8932,8.72737
7478,45186,551,14607,3.4972086
7479,3873,36303,48349,23.33903
7480,16814,17244,48260,20.4231
7481,3612,3234,32841,12.845123
7482,7188,29950,44522,15.168383
7483,43024,4926,18019,8.004843
7484,11940,16668,27022,13.295645
7485,48441,38377,6892,28.617737
7486,21445,9599,25200,16.467386
7487,38585,2684,37383,19.030752
7488,2032,20875,22649,15.027603
7489,4317,31704,10557,26.089445
7490,5090,15908,41781,14.405343
7491,47969,26420,11628,16.8156
7492,45646,7861,34804,19.306728
7493,7497,6255,31053,19.477236
7494,39172,3483,29386,20.453737
7495,10253,45500,4442,11.923313
7496,8323,23805,49839,23.333572
7497,41701,13469,35828,17.873457
7498,34731,29908,46216,12.900053
7499,35942,14700,49260,13.017078
7500,25087,21361,44414,20.275375
7501,41799,49404,7698,14.465358
7502,34470,9373,7984,25.6677
7503,16072,946,48658,12.136994
7504,17670,43865,30897,2.2627676
7505,31686,30240,4604,22.158607
7506,34458,7276,33859,8.689165
7507,27222,38729,33137,21.31584
7508,7166,1085,43870,18.090603
7509,32503,38991,31367,20.465528
7510,5102,6863,35443,13.805919
7511,35749,23893,14303,14.761983
7512,21574,30552,16499,11.0247965
7513,8161,24346,44868,21.615425
7514,36785,30642,17554,17.118736
7515,44903,44884,18152,7.571163
7516,3434,10212,14584,19.289791
7517,49599,22697,40383,14.590312
7518,8639,41968,21121,15.837493
7519,11173,16294,12586,7.5251045
7520,46351,49846,38205,11.064055
7521,31906,35079,33314,18.545862
7522,38880,41303,20055,19.303162
7523,13557,15890,36219,10.0468025
7524,25899,29854,31052,19.451204
7525,19345,31061,30391,13.682853
7526,8794,48821,22112,22.375103
7527,4737,32354,48024,11.776431
7528,23665,42499,14331,9.122886
7529,22674,22756,34368,26.130821
7530,8307,49314,21754,20.37122
7531,30912,5360,8444,12.124582
7532,7729,36101,13773,23.573889
7533,49162,35949,9090,26.4398
7534,12986,19328,41196,22.679024
7535,23447,33668,473,26.255682
7536,32370,3898,32378,21.238232
7537,15867,31505,19562,21.15601
7538,36562,3947,10262,23.090832
7539,24343,17214,509,11.41622
7540,13549,41893,2026,11.496008
7541,25743,22923,25622,15.092432
7542,42881,5855,44296,22.69928
7543,28602,15234,11722,23.061758
7544,23234,40233,42541,20.599543
7545,2684,8931,14885,12.603517
7546,48715,9016,17257,21.41399
7547,44169,6577,39278,9.552883
7548,21219,29321,27557,11.130474
7549,13979,46887,8630,22.81007
7550,8546,7852,25382,11.788625
7551,29680,7474,35621,10.772296
7552,21578,11110,6340,21.086058
7553,15605,2530,17902,14.681032
7554,35434,25767,48153,13.1242
7555,24751,35063,30130,21.241646
7556,29136,7972,41608,24.340029
7557,44229,20416,21878,18.258766
7558,23434,16727,32077,21.684494
7559,2792,36532,26187,18.269897
7560,20511,47357,16916,24.589598
7561,15869,26220,46216,13.981687
7562,7018,25325,23670,8.238392
7563,19213,15576,9987,18.999384
7564,10953,46594,6342,19.29015
7565,34208,42987,21956,27.217813
7566,30200,46823,7654,17.74945
7567,49452,530,2259,15.11259
7568,27910,12531,43658,19.447697
7569,17043,9690,19789,7.661223
7570,31079,21908,7533,14.36874
7571,33496,44403,10931,20.226488
7572,31353,17103,88,11.456333
7573,3998,18276,2913,18.651814
7574,25390,35574,10834,11.718657
7575,10990,21813,14334,6.5337167
7576,34220,1906,48542,16.438993
7577,45306,38396,23923,17.988838
7578,9573,41524,41368,22.203207
7579,41133,26871,40718,4.9665875
7580,24893,1957,6800,21.29081
7581,9264,39228,35994,24.209616
7582,30901,45525,32642,10.474217
7583,22866,49764,5820,14.286771
7584,11025,8800,5139,17.395958
7585,15615,41254,21520,26.98182
7586,1520,16493,4198,3.231883
7587,16476,10990,3886,12.70949
7588,28,26522,20877,13.298096
7589,42655,8545,24896,21.758429
7590,21060,8961,12274,20.58596
7591,7046,44163,45112,3.432738
7592,40616,47848,46149,7.008897
7593,49974,1007,45642,15.336015
7594,6722,4672,32775,17.938334
7595,35564,33865,13901,18.018341
7596,41140,9466,13117,17.439922
7597,23217,17043,4470,12.9115925
7598,45844,21078,44825,29.997742
7599,21534,13585,28148,11.416936
7600,48204,13878,4594,26.129608
7601,23830,2044,38198,20.452093
7602,30502,13065,2857,8.729664
7603,1006,37533,37707,18.72697
7604,18206,9715,29990,16.40663
7605,46809,44425,25187,22.791273
7606,20955,1491,21217,27.902754
7607,34516,27018,26823,26.938063
7608,41555,35701,20875,14.396324
7609,2282,29083,40846,12.998075
7610,18242,45764,12329,12.423535
7611,16727,35803,8631,15.542505
7612,40141,36460,29352,20.049883
7613,25237,19458,21534,15.775328
7614,40960,18508,6715,18.21384
7615,37499,22067,19296,18.323536
7616,41134,34368,12329,5.894551
7617,17896,797,10084,20.41958
7618,13877,20658,29420,13.37636
7619,24092,40958,40424,37.384212
7620,17759,32954,35138,17.333302
7621,43355,35489,43345,19.795311
7622,31001,7648,19744,27.208712
7623,37439,13496,9885,16.77663
7624,37217,42852,2369,18.721867
7625,27415,20606,7901,20.148048
7626,28405,4334,40288,18.821838
7627,28479,17934,43220,30.14009
7628,34121,49708,32288,19.10475
7629,7344,1137,12614,18.405546
7630,26295,37567,20351,22.13285
7631,39091,4090,5629,7.943941
7632,35458,28057,12584,25.199284
7633,36639,1459,44920,16.836885
7634,29078,28772,18692,7.416857
7635,27834,14485,45830,24.977407
7636,37616,21472,33966,20.013714
7637,4090,45422,26984,16.074886
7638,35919,9675,15992,7.5550227
7639,43539,29909,13100,11.961405
7640,17264,34776,46892,13.251041
7641,21832,21130,49008,16.7501
7642,2487,7384,37701,13.560039
7643,31940,31050,11433,20.314327
7644,1406,44783,28712,9.103356
7645,253,11826,226,16.293829
7646,45853,949,39814,20.34419
7647,10096,14569,37364,13.2894
7648,10632,35680,22264,8.858128
7649,16337,44551,27907,15.675679
7650,20281,1056,45000,25.707132
7651,37062,29186,22567,3.1922643
7652,10616,14935,2205,8.141727
7653,47716,14844,22612,11.490209
7654,9885,41734,45757,16.19669
7655,3159,27588,8775,23.604177
7656,4420,7378,39090,20.146643
7657,46027,1424,20018,11.070762
7658,27213,40943,49848,20.369823
7659,22073,49040,22620,28.211023
7660,159,6962,7070,14.9977255
7661,44863,7693,32813,5.7293277
7662,13289,16019,19140,18.389688
7663,25212,47738,2259,12.7352085
7664,31784,24591,11467,15.05561
7665,18145,32503,27556,20.047958
7666,25046,10521,17459,18.597803
7667,46053,43823,23943,21.572693
7668,37661,25688,10308,20.854277
7669,19945,34559,36852,16.387758
7670,32511,15376,39951,7.134314
7671,35677,9502,32119,17.666784
7672,39865,7202,6552,9.240665
7673,36795,600,24998,6.698188
7674,38527,8534,39935,15.238389
7675,17722,48678,27412,20.716824
7676,3489,43310,17811,25.791306
7677,11942,28132,8866,12.521817
7678,16661,382,17461,16.235954
7679,7551,7523,11757,14.054094
7680,29284,30760,20175,20.464409
7681,49453,46847,36321,11.080962
7682,49017,49093,13684,11.248719
7683,24531,26980,18491,4.7269435
7684,20835,24626,32348,8.416575
7685,44353,3827,769,13.66573
7686,34663,13896,26074,15.523915
7687,21766,36038,31691,20.270483
7688,17876,12432,34974,14.229786
7689,20985,48690,15032,17.051872
7690,32832,13925,8666,11.82909
7691,28833,27382,4530,9.277724
7692,30083,15849,42148,17.12939
7693,24369,18974,11586,17.120987
7694,18433,32111,47165,15.005964
7695,28013,30490,27662,20.376318
7696,21988,47052,18008,17.45678
7697,44026,25686,47878,19.383366
7698,26919,19741,42343,19.674183
7699,26176,38586,38135,20.953716
7700,1900,42131,34994,21.285418
7701,41240,44859,43176,11.462021
7702,21846,29913,48863,9.798289
7703,25789,5956,20933,9.830212
7704,15126,49503,36022,16.419168
7705,16878,8112,31374,5.4026814
7706,7465,46319,37901,14.635863
7707,29275,29214,47873,12.905852
7708,20295,11172,41384,26.285923
7709,18997,15221,40135,8.448907
7710,19520,2849,13881,8.355833
7711,12583,47716,15011,26.41932
7712,19733,40989,40667,12.733743
7713,21103,33387,11401,21.169107
7714,38397,41148,46658,22.01527
7715,17366,16477,32966,12.556163
7716,39323,44492,31705,10.609352
7717,35829,19489,26642,14.962094
7718,3605,10747,16934,26.51161
7719,22607,2695,40142,16.719524
7720,17020,31815,33062,19.540274
7721,16705,12859,22755,18.245996
7722,7277,1210,32881,21.869728
7723,35473,42495,41638,11.626008
7724,28845,48246,33477,26.917812
7725,10503,33281,10669,19.258926
7726,18370,16786,34077,22.00833
7727,48891,8783,30418,23.088564
7728,23940,41439,29227,10.515102
7729,11394,3695,11269,18.653875
7730,37753,42680,48785,25.399988
7731,680,30463,28211,23.379871
7732,1967,8642,14259,17.518085
7733,41775,20985,43275,17.987707
7734,24385,31896,8720,20.992424
7735,2294,26919,16582,19.607286
7736,39163,12239,20538,2.27943
7737,49854,34451,48804,14.670045
7738,38726,44754,24843,21.31307
7739,40514,49625,45239,25.494417
7740,32436,15438,15823,27.483442
7741,32360,18945,28044,17.525995
7742,28096,9967,2957,22.165699
7743,4114,16054,40820,3.8099217
7744,2591,25902,27111,13.797361
7745,9015,12995,9824,15.877879
7746,44319,32139,3987,15.729118
7747,14846,43641,22368,10.894407
7748,48,12123,41941,13.0394535
7749,30322,42010,46110,20.258724
7750,44257,6196,49078,18.058157
7751,231,45450,8078,21.024609
7752,12725,42119,1440,8.438918
7753,38736,39791,996,21.180311
7754,3925,42684,20130,12.77742
7755,42499,45970,1078,18.355635
7756,1572,8773,25405,18.39683
7757,15024,40952,46126,14.372129
7758,38561,1421,36267,28.384583
7759,45450,25924,49139,1.982467
7760,35696,3687,27414,24.588022
7761,15923,23163,13398,23.140888
7762,8524,5030,4443,21.880482
7763,43361,4916,8976,19.944698
7764,38711,5290,33636,15.977416
7765,16660,39711,34872,11.543069
7766,30806,37338,29380,25.336027
7767,38412,28060,10860,11.346418
7768,44492,29047,43822,17.042858
7769,10538,34910,48358,20.67243
7770,17103,2700,32865,29.639538
7771,45090,34239,4614,18.514711
7772,897,9099,9871,19.07602
7773,5924,8032,29700,19.89171
7774,36699,19447,29568,19.232775
7775,12795,44235,7580,17.083815
7776,368,27848,37522,5.949587
7777,49563,42482,19787,22.628674
7778,19047,28967,47630,33.37877
7779,22595,47158,28024,19.238474
7780,16967,12798,33634,15.154744
7781,48125,18587,28856,6.296371
7782,22204,29889,27821,7.4850845
7783,11131,7537,42048,10.868892
7784,17784,7892,23833,12.386072
7785,42874,39396,41382,7.087604
7786,17320,4262,20490,12.189709
7787,27966,10043,3192,7.761175
7788,28652,15960,20983,18.43614
7789,14935,29480,34343,17.46028
7790,35525,17485,17975,16.518381
7791,5397,11460,36285,14.075294
7792,5377,43307,42898,14.823004
7793,43565,35359,1645,35.38627
7794,44975,18278,40883,5.108694
7795,40940,23055,23670,14.005401
7796,19938,25655,10155,14.98532
7797,14133,20293,44868,22.22978
7798,44677,1025,30624,10.948934
7799,24353,24857,49748,22.063448
7800,26025,44206,9674,17.267824
7801,45457,43487,8422,19.02838
7802,27382,26502,15433,26.363789
7803,14715,39016,27390,22.556007
7804,32363,9406,48999,14.743146
7805,4404,2430,24170,23.974146
7806,41287,44416,4648,16.383318
7807,47308,14113,12570,14.1919
7808,26130,24706,35397,17.581917
7809,4494,5707,136,12.80006
7810,612,34768,34614,8.628566
7811,6267,42195,42894,15.9760065
7812,10754,11173,17277,6.6194882
7813,38492,17589,7865,18.982008
7814,18642,37157,32700,20.786274
7815,8955,13618,3887,6.610954
7816,47159,11932,35449,4.719901
7817,41347,27338,47907,7.2215567
7818,2110,28061,41862,18.405773
7819,14894,31184,34372,19.16301
7820,43857,36879,40813,15.234535
7821,40897,27841,9127,19.910152
7822,39496,45014,1526,14.33516
7823,20601,20172,32707,16.655605
7824,35762,2534,44293,10.816919
7825,8160,6771,1828,15.669219
7826,16406,3826,39539,5.2422514
7827,31839,9973,36394,15.751007
7828,45372,44941,18761,12.037376
7829,8857,46315,26635,13.074269
7830,30909,11392,37777,27.743748
7831,49482,15378,19517,18.386187
7832,20106,26731,33817,9.667974
7833,3609,41762,21168,5.3854594
7834,23766,37924,40466,18.975943
7835,16665,7930,44619,16.721218
7836,926,17471,16320,14.832977
7837,43033,964,9491,14.96313
7838,15798,39303,34706,10.690994
7839,14316,45619,8113,4.486307
7840,15851,32436,32218,10.637895
7841,423,21063,9043,13.123466
7842,4829,42512,29202,10.45888
7843,5051,44068,33778,12.077811
7844,39212,8939,10275,17.086193
7845,19606,48048,27256,5.92785
7846,14512,16967,49174,22.621655
7847,29144,4299,4643,13.400311
7848,4694,35186,27698,11.293438
7849,22563,20391,21246,17.317728
7850,31875,24913,22820,18.616524
7851,37533,15493,8474,13.5033455
7852,6649,10966,26190,22.17226
7853,40607,34888,31011,19.620092
7854,38717,7931,32133,22.252546
7855,22609,541,15170,6.775253
7856,17495,43198,48351,12.626315
7857,10909,45211,7592,22.15235
7858,693,3980,9446,12.663202
7859,8452,14572,44907,12.812176
7860,5327,36501,43002,16.201363
7861,13815,5331,36978,12.866322
7862,4541,10031,30106,19.197226
7863,37623,25692,41096,8.9791565
7864,43867,14668,17634,3.881987
7865,15514,7108,48337,17.56719
7866,36216,1060,3813,21.122608
7867,44172,31063,15592,9.090366
7868,47702,42795,19433,9.655137
7869,38994,19135,28996,18.646955
7870,38481,8797,4123,11.308048
7871,45794,44637,14155,10.535711
7872,33986,33058,31805,13.36292
7873,15415,45270,34092,22.634212
7874,29606,28252,20603,6.6502504
7875,17010,37832,5593,20.352282
7876,19139,47485,25341,8.283977
7877,20359,19066,30382,23.480907
7878,18004,45793,28125,19.780624
7879,5914,38289,49552,13.502844
7880,49503,12513,49102,12.319874
7881,2721,33701,15154,9.467654
7882,23688,923,42016,20.57321
7883,30181,23600,6037,21.466732
7884,7463,47797,49438,28.090128
7885,31798,16612,41483,16.714956
7886,21607,23323,18050,24.998917
7887,9923,40294,22489,11.890405
7888,26032,19093,2821,21.592976
7889,24159,44374,23500,19.802683
7890,15462,1297,11603,9.307202
7891,30515,26389,28953,12.148751
7892,48916,3956,32490,21.333836
7893,31090,22927,36574,20.973326
7894,5826,31437,13846,21.407646
7895,13412,1860,4406,12.450605
7896,3645,28534,13941,18.4882
7897,7831,35775,22603,11.439901
7898,7104,10492,27909,18.277077
7899,10310,31496,38931,8.717028
7900,28863,30794,46822,17.476547
7901,6015,36044,15863,9.065281
7902,29453,27394,12656,18.725384
7903,43836,11065,24698,21.202055
7904,32276,7539,16905,22.662842
7905,25115,42440,25621,5.070379
7906,28969,46049,46378,17.095572
7907,25518,32499,19619,6.6294484
7908,36548,13447,27631,20.261354
7909,20980,31713,34152,5.773369
7910,4127,26180,47804,22.125143
7911,40878,36548,10064,15.376397
7912,35175,31310,4389,14.683975
7913,18176,23400,21687,16.730001
7914,45583,1198,21618,15.398396
7915,22801,19882,16894,19.308292
7916,9287,10538,11991,13.051711
7917,34168,48020,13493,24.52711
7918,47387,49342,33025,20.428915
7919,15187,30301,42546,24.484999
7920,7056,30250,19402,27.130873
7921,4107,22008,37413,12.389768
7922,4367,4885,40677,15.486968
7923,3770,6290,24761,6.9897385
7924,21683,11869,49206,24.815422
7925,16190,38966,16926,18.80427
7926,32415,25744,1880,22.832333
7927,2700,2276,41545,17.899523
7928,2978,23834,24077,19.43353
7929,23141,12986,17328,23.236612
7930,45581,44086,5075,12.988755
7931,4299,32684,5860,13.469602
7932,29663,29275,39508,7.4580207
7933,40871,406,13910,10.080063
7934,8506,27890,29419,8.831636
7935,13761,42025,40202,20.49184
7936,33186,39560,10010,2.7055173
7937,16311,10907,29029,19.30786
7938,29373,43812,26123,18.716839
7939,29207,10017,702,15.629015
7940,2817,20120,11126,7.088396
7941,38612,21173,11248,15.196403
7942,6905,32798,6666,26.253674
7943,26389,15420,31476,18.192398
7944,3328,10865,45882,10.920779
7945,5887,44243,39698,14.07116
7946,38796,15871,36666,8.368599
7947,22248,16217,33714,10.501471
7948,42866,29419,1938,17.836079
7949,4944,44294,18458,19.020632
7950,19547,45976,44382,13.557805
7951,4236,18179,3845,19.407463
7952,11065,26603,47087,18.596096
7953,35234,45672,7400,15.098388
7954,30722,22129,17506,18.451252
7955,14287,2244,19298,20.388592
7956,42059,11877,41291,16.488003
7957,39976,36605,12632,27.95678
7958,26603,782,13667,13.7963
7959,42490,47405,9344,18.194847
7960,34576,49797,38490,15.075575
7961,47293,7782,10361,3.8725104
7962,28694,14576,44082,15.259867
7963,49337,15004,33322,20.797949
7964,30009,30473,17708,20.118078
7965,18460,15696,2733,3.3673234
7966,24479,25371,908,10.826259
7967,42152,28431,27859,18.65697
7968,41595,7010,16632,21.306255
7969,28378,29113,36000,14.414738
7970,7442,12346,18229,8.007725
7971,45467,3799,28267,17.742788
7972,7536,20331,6802,17.841671
7973,37998,118,39647,22.435268
7974,19099,36894,43148,13.709137
7975,16260,49337,36994,15.774542
7976,24389,16855,4486,14.901491
7977,47852,30474,41012,26.813143
7978,7520,17124,21369,14.767063
7979,3234,48967,24678,6.5748487
7980,34005,21968,7003,9.818805
7981,22399,25189,10710,12.315782
7982,26131,41360,12590,17.295687
7983,21672,9818,31845,15.357881
7984,297,35012,11283,26.169352
7985,13611,11062,10095,22.927605
7986,49117,36055,36474,18.182661
7987,18504,4068,47647,21.347692
7988,184,25621,20184,14.246787
7989,46472,27412,37477,25.486027
7990,17003,10291,8746,20.153004
7991,44754,20335,34528,27.76526
7992,43465,41698,11187,15.512186
7993,38787,4087,42235,11.51027
7994,5356,37333,4248,23.002604
7995,34443,9274,12079,8.841134
7996,30027,6777,14393,23.003881
7997,19354,6841,2993,19.069588
7998,12647,14490,45943,21.778011
7999,4313,8659,29036,6.6838665
8000,34631,26099,49693,14.317701
8001,2459,39390,34927,16.575665
8002,18547,37397,22991,19.91213
8003,31838,22808,2581,19.572987
8004,8512,18222,27559,18.79425
8005,48361,33365,34646,6.8412523
8006,15141,16495,8590,17.385683
8007,44049,47551,5195,5.331309
8008,15702,27349,38560,8.067752
8009,48920,39981,14323,11.491186
8010,31168,13210,40064,9.946648
8011,33969,19579,44342,21.359072
8012,44769,12485,17593,26.896162
8013,2618,39631,10453,12.706843
8014,21541,46036,25578,13.652424
8015,5996,44223,45012,13.130589
8016,26250,35832,48683,22.169355
8017,35733,40515,28608,17.94587
8018,35539,25878,40925,21.96867
8019,42719,37200,29068,19.529688
8020,9599,39187,43185,23.075613
8021,23693,47244,38582,17.716076
8022,14067,27730,20871,20.660782
8023,21298,45214,33446,18.78797
8024,29195,5398,48671,9.663964
8025,43866,11549,5747,16.784752
8026,16135,17365,41407,21.41474
8027,13363,32773,19034,9.706798
8028,38115,15415,3231,22.72271
8029,5615,16311,11874,15.493273
8030,30708,4718,449,10.978573
8031,30517,30211,44971,13.923848
8032,25587,46176,1604,16.060163
8033,15914,48167,38133,8.959789
8034,25926,6722,9890,27.338198
8035,41796,37587,41325,9.111344
8036,11345,25555,31019,22.344767
8037,36461,36750,15410,18.319818
8038,17540,22658,20055,14.306149
8039,14653,31289,33107,20.582458
8040,6481,48889,28299,6.9545116
8041,11877,40832,27145,12.089248
8042,32075,39938,44915,11.797118
8043,7894,607,49367,14.883905
8044,4248,47099,4614,18.998844
8045,42466,33651,22706,10.935083
8046,4309,38689,22107,12.301073
8047,18957,15398,3690,16.122343
8048,3045,36584,36457,15.672296
8049,41842,29750,47238,17.68108
8050,15065,44331,30829,10.320179
8051,6892,41790,5176,21.103638
8052,221,10797,40580,14.031511
8053,48297,15605,32283,18.907461
8054,25925,8363,27688,17.050566
8055,18228,4121,49182,16.143147
8056,35168,29677,11154,13.240383
8057,18465,39805,17231,17.159718
8058,859,10118,10029,9.978126
8059,14943,49425,17291,7.026422
8060,24354,29494,45938,25.51491
8061,3485,18176,32644,23.086422
8062,33365,43607,932,21.88521
8063,16807,25789,21005,10.577213
8064,422,29024,28620,16.460327
8065,22416,15841,6577,6.508033
8066,13096,17678,8247,15.02068
8067,22927,19785,3085,17.128447
8068,37509,49854,17306,16.188662
8069,12325,29489,16027,7.437467
8070,31401,29383,46754,18.184261
8071,7748,29328,10791,8.820087
8072,35600,38613,35149,12.771925
8073,23493,16286,16222,24.67142
8074,44069,41133,2576,21.568058
8075,14556,26157,13166,19.553562
8076,20732,12811,41272,27.505024
8077,17197,21508,16411,10.395804
8078,36887,4527,7848,13.288619
8079,3212,33577,49010,16.783766
8080,12604,25815,34256,15.095052
8081,19388,38070,2055,16.598457
8082,14141,44405,45118,0.56553006
8083,23191,11123,39350,24.093534
8084,43816,24269,5132,16.949604
8085,4232,7106,9829,16.8756
8086,48734,5505,29008,19.697166
8087,48269,20159,2812,14.850426
8088,45380,20033,41029,5.9666634
8089,37236,47349,35422,17.956396
8090,2305,36874,22867,9.270024
8091,45776,46829,33387,21.203949
8092,8918,15626,11162,22.31037
8093,21611,44779,949,9.746507
8094,14670,41594,15213,8.3693285
8095,32499,4021,7416,20.723156
8096,1306,43712,41928,23.696821
8097,36926,5363,45697,25.204102
8098,21962,8655,48354,21.077911
8099,38724,1376,14397,20.8518
8100,17358,43144,9153,18.769144
8101,1943,524,24475,15.806802
8102,44428,26923,43960,15.666398
8103,10314,38446,43170,15.140665
8104,12694,41679,22711,10.937104
8105,43676,15767,7814,21.213182
8106,30270,29183,43226,23.719213
8107,33997,30223,29575,20.105675
8108,419,7721,35105,19.374842
8109,5072,48772,31199,13.831863
8110,42323,36575,15914,14.371543
8111,17970,9592,43034,23.313244
8112,22011,47203,32354,12.737797
8113,8142,46299,28868,20.143208
8114,474,47416,40573,16.35952
8115,36753,8555,5987,35.266243
8116,46931,15022,20269,17.200634
8117,42493,20764,36274,17.830322
8118,9451,35616,26812,18.88073
8119,5746,22133,47364,19.177292
8120,13324,9396,43018,10.341023
8121,49615,39025,15071,23.544174
8122,44078,20116,19193,23.132753
8123,2006,23214,34197,18.810028
8124,24037,44128,21984,16.525925
8125,19415,19918,10665,13.983214
8126,12790,36702,47489,10.122769
8127,27289,47296,35363,21.028885
8128,11597,3962,35026,5.077428
8129,45378,46486,20236,25.797709
8130,33468,17434,41192,17.501806
8131,47510,40978,46735,15.718781
8132,16054,35759,44352,20.460955
8133,47901,33551,32569,26.460886
8134,40110,26964,7309,15.39706
8135,34560,44302,28554,5.6810684
8136,42303,34549,27036,30.031494
8137,17030,34189,36002,19.933626
8138,23655,28399,13665,20.458836
8139,29635,34193,10959,16.49963
8140,34151,6589,6849,12.012973
8141,21977,23973,24853,13.269452
8142,26759,25752,4850,6.3594327
8143,34911,27584,18902,21.232098
8144,6402,16759,12053,21.716928
8145,48827,9892,13136,16.352547
8146,38417,31780,353,23.398386
8147,7828,9135,46259,14.646114
8148,24215,465,39867,14.856089
8149,32554,18827,4098,19.822775
8150,27681,38288,48103,20.092535
8151,22611,17479,19718,9.667495
8152,15752,16513,23844,21.504519
8153,22201,28703,18702,19.783548
8154,38354,42813,49945,8.487662
8155,30373,38524,49659,11.625184
8156,37755,39397,20769,10.811394
8157,27692,39218,6353,32.157734
8158,39547,29902,29599,10.694545
8159,34346,936,48604,23.065935
8160,12115,9255,19356,8.296566
8161,7772,38540,21252,18.95576
8162,43088,17510,23819,19.372612
8163,39835,32893,1714,4.733653
8164,9326,37916,8594,13.438054
8165,27298,5353,10630,27.597403
8166,46885,39518,11852,5.3864
8167,44243,11257,30155,8.781138
8168,40909,14249,26019,19.016594
8169,7421,1173,26222,19.522392
8170,4704,21488,25801,9.011643
8171,11599,1362,16639,24.432144
8172,7262,11449,6135,16.337616
8173,49463,43997,16287,16.489029
8174,2528,3154,22161,17.034958
8175,38516,9658,48683,22.858665
8176,38462,24668,29101,10.301711
8177,21594,6214,23604,17.121197
8178,2789,26937,7730,17.051235
8179,40211,26424,6581,13.140421
8180,47348,13008,42416,18.955694
8181,18172,23824,2167,16.435064
8182,37937,19864,12771,25.266665
8183,33970,29680,9855,19.100992
8184,49083,34841,10626,11.771859
8185,45520,12117,40971,10.678621
8186,18905,7583,21736,13.873759
8187,6572,19018,33820,22.23477
8188,32911,5676,46824,14.978427
8189,36553,30816,25632,9.506705
8190,46291,31899,46196,12.7799225
8191,4935,16068,44531,10.635105
8192,3954,37773,23367,11.378605
8193,2669,35287,8417,19.2627
8194,35769,48711,38578,17.134407
8195,20198,18468,16629,22.476702
8196,34015,42323,23930,24.512772
8197,47833,11895,4361,22.685364
8198,47614,35115,5465,17.784647
8199,41004,41597,19108,12.851779
8200,39187,32809,17319,15.312261
8201,38190,31010,30966,26.467607
8202,47848,28218,9441,14.187663
8203,44557,18588,29343,15.60151
8204,46157,16614,8214,20.033707
8205,26989,12732,16865,4.026766
8206,35026,25203,11597,5.077428
8207,28055,3870,10337,24.40794
8208,654,35473,25506,8.124624
8209,39222,6231,33547,14.25543
8210,30913,45853,34116,15.5729685
8211,13192,19810,9859,22.04569
8212,47099,42223,13281,10.158966
8213,7456,5974,44942,1.7020495
8214,47113,27836,46571,13.647684
8215,26099,10995,48915,15.899863
8216,31814,5005,36791,19.652784
8217,48821,35626,13269,12.696339
8218,12768,34983,15877,8.565636
8219,27977,25095,23247,15.905084
8220,25391,32904,34890,15.049073
8221,23932,23409,43167,10.529928
8222,30654,9584,8330,3.4553514
8223,30984,20469,40572,23.70469
8224,45397,42042,20292,19.149628
8225,13896,1680,27638,10.07134
8226,17343,11397,38246,12.623554
8227,34113,40254,46196,17.501617
8228,16723,33502,18131,19.569588
8229,4252,34472,16368,10.173567
8230,4455,21484,4810,18.180296
8231,43900,43743,28543,8.950821
8232,12654,48026,25077,24.134476
8233,22660,33380,3592,28.386292
8234,12704,10457,27519,25.501905
8235,45332,26284,46721,24.19853
8236,31848,25632,31221,22.556236
8237,46874,24531,44437,18.593554
8238,1161,5193,47360,9.722166
8239,392,27534,10822,21.481415
8240,937,8903,24219,13.834029
8241,38292,2323,13092,20.89195
8242,26444,7187,7439,20.77728
8243,17918,47159,616,22.974968
8244,49580,37163,29667,14.681647
8245,10959,19343,29635,16.49963
8246,35523,16015,24044,23.479603
8247,40477,1650,19085,25.163435
8248,15520,42273,29169,13.668982
8249,38572,47241,36063,13.237247
8250,30211,22442,39400,8.049325
8251,13494,9651,7859,9.360712
8252,46319,2160,31774,16.650488
8253,49331,43618,45660,14.205754
8254,11766,2273,4341,27.95576
8255,47562,29637,15632,22.138962
8256,30993,38527,46055,21.392195
8257,47440,38366,21757,12.656125
8258,42109,33030,28451,13.074466
8259,25387,7080,6,16.594765
8260,12541,37558,7649,27.1413
8261,46636,35968,7086,15.444702
8262,7263,3812,41261,18.082413
8263,31357,48553,16622,16.79803
8264,27679,21658,47522,17.888237
8265,11402,44082,3467,10.276345
8266,4697,33488,36995,21.509945
8267,9938,45547,1152,15.616329
8268,8101,15431,46582,9.40937
8269,10349,45601,17364,13.41881
8270,40958,1238,39112,16.54129
8271,29714,27679,26635,10.468342
8272,32305,49280,39458,26.948921
8273,4257,37390,2626,29.202013
8274,48894,16374,17508,24.840508
8275,40267,49319,6613,23.012745
8276,30149,25628,29564,19.762573
8277,37680,33226,8641,18.735014
8278,11480,29535,26188,22.740416
8279,47342,12770,30212,24.174688
8280,44738,10366,26407,14.27069
8281,26999,17592,22148,17.551119
8282,30140,28127,13290,14.572062
8283,3096,49707,44691,16.688528
8284,35487,3744,42591,15.012141
8285,17365,14936,22706,13.153758
8286,32759,47347,4684,7.2547045
8287,14066,37460,2180,16.104086
8288,42174,12571,30503,19.50698
8289,43555,23194,23246,17.81333
8290,25928,12491,13123,14.3938055
8291,21554,34666,730,13.613312
8292,9651,16879,25377,16.956419
8293,20627,12091,26870,3.7455213
8294,30353,31127,8392,19.935057
8295,41630,22777,31271,0.89336205
8296,34384,43935,19328,22.626661
8297,48889,14658,48570,13.485425
8298,40265,21485,42119,8.169881
8299,3840,7141,24075,7.690993
8300,42540,29122,4338,22.217663
8301,21913,28107,21186,16.681149
8302,13041,21215,30787,17.29761
8303,40057,23024,19538,13.792937
8304,4647,39365,13402,8.675224
8305,42913,41723,14709,54.96889
8306,30921,41996,48557,22.51293
8307,11639,27397,137,18.97858
8308,13065,40766,9754,22.676575
8309,1738,6157,9909,7.6282973
8310,16477,17086,27826,10.2243395
8311,19077,9591,711,11.585982
8312,19858,45809,2916,18.66509
8313,9936,24807,23341,5.6086135
8314,15734,45600,417,19.348577
8315,37412,45112,41843,3.8794236
8316,29681,27957,23471,6.26355
8317,28583,23066,6421,6.2773523
8318,1785,42174,32898,23.332737
8319,32842,10863,31549,10.333112
8320,46940,17657,37405,20.09864
8321,45802,6158,43770,8.648632
8322,42233,37950,47165,14.642301
8323,4537,30926,39810,27.143887
8324,9648,49736,4713,17.046782
8325,49941,806,20247,24.958652
8326,25878,6113,35104,30.021366
8327,46316,6060,14070,14.477092
8328,47086,33744,25977,12.804751
8329,30301,20612,29389,14.2583065
8330,34064,22054,13217,23.793043
8331,42746,30052,19102,14.711495
8332,22623,35003,12177,12.890057
8333,21448,23088,7029,7.49044
8334,37892,21512,795,14.802797
8335,41581,46066,41800,18.806328
8336,33664,22957,22686,8.416989
8337,39318,41231,24875,25.16948
8338,16772,12423,12929,24.784212
8339,29564,46064,30149,19.762573
8340,20056,39099,4428,21.587559
8341,34866,26662,9140,36.925533
8342,6865,24100,37116,3.8496208
8343,12601,29374,41277,4.711993
8344,49224,9332,46110,10.370128
8345,38704,2003,17566,7.0407143
8346,27806,46868,48758,10.923378
8347,10729,1681,39298,18.051771
8348,10528,27173,36697,23.205366
8349,44153,11555,40351,15.850867
8350,4332,8616,19737,20.779884
8351,4048,49900,20806,20.338938
8352,21485,12433,4019,20.421091
8353,5515,36717,15964,19.62947
8354,23621,24008,39418,6.649516
8355,48513,3842,13987,17.977661
8356,19633,42646,37443,16.504875
8357,8294,22885,16154,25.849794
8358,10943,47807,10328,18.829538
8359,531,689,41925,13.198002
8360,44634,32505,16101,24.675755
8361,13668,49113,2372,23.334398
8362,6332,8055,27933,12.291096
8363,28748,36518,35262,22.37318
8364,32263,26614,22516,7.0088534
8365,3812,10753,4642,12.299784
8366,47662,3554,2998,18.737013
8367,15848,20909,34172,22.180115
8368,43228,35926,43094,8.79707
8369,21004,45975,27466,10.646078
8370,33296,37328,24662,13.458296
8371,572,3250,21620,14.2455015
8372,29617,6306,22333,8.128372
8373,35381,36930,41784,13.916236
8374,14760,12270,42433,11.485831
8375,23912,11764,12760,20.521767
8376,16590,21358,37826,13.153494
8377,11995,43197,7015,24.001564
8378,45007,18843,38009,10.252179
8379,4175,1512,30107,21.98774
8380,19466,11604,48725,27.620947
8381,8637,2567,30754,14.178953
8382,475,9181,25997,7.8777432
8383,35989,35856,16299,25.235514
8384,39446,16733,3036,2.4201355
8385,45836,24683,30242,14.846529
8386,6577,3124,22416,6.508033
8387,16422,21220,35857,12.41231
8388,13403,6131,21078,8.016112
8389,40776,41094,41709,14.650643
8390,48373,15553,9911,16.247408
8391,21423,25587,6243,18.105707
8392,25843,37379,49758,10.711356
8393,18913,5688,43738,24.58967
8394,37425,29495,17724,12.894375
8395,2612,3294,34355,8.080173
8396,11999,36027,24968,20.252375
8397,37888,4715,5627,19.613937
8398,31602,34208,23997,3.4202337
8399,21063,39637,37244,17.965054
8400,16717,16418,21852,15.7374935
8401,34482,18019,31068,14.081905
8402,40811,3099,10358,12.630646
8403,30327,10081,5756,2.16774
8404,37786,40235,49667,15.77426
8405,11136,42262,46919,15.540663
8406,11062,20618,15662,11.040259
8407,42743,23306,9592,23.919676
8408,28460,21683,14327,10.617507
8409,27645,15319,6023,7.6165905
8410,236,5530,48995,22.639067
8411,28382,34463,39283,8.601935
8412,39590,34849,42994,22.534998
8413,41957,30738,19192,19.760597
8414,26551,32415,9700,11.927209
8415,1056,1559,21862,5.4553185
8416,2095,7465,49486,9.44633
8417,182,17821,43378,9.747533
8418,21728,20670,46635,10.321031
8419,2849,27372,39912,12.145672
8420,28132,49392,32814,35.980267
8421,21049,28182,34732,17.343513
8422,37964,35340,47400,25.074245
8423,34785,7619,35117,14.063672
8424,29818,2713,41575,14.829615
8425,32904,10989,41116,22.16054
8426,18672,15884,1553,5.0178514
8427,23211,36762,39912,14.962355
8428,6411,12300,34370,19.113558
8429,45444,19817,9171,17.304312
8430,16185,30984,49604,17.951805
8431,21777,41721,5676,12.233691
8432,43733,10972,8729,21.303247
8433,41713,10788,34601,12.652082
8434,29907,16045,28307,9.953309
8435,13740,17279,29115,13.286929
8436,1057,41288,35134,25.610052
8437,3454,38890,17499,6.567706
8438,6696,48298,40047,1.8644887
8439,24365,35151,28473,9.248786
8440,12531,39286,10042,13.54619
8441,16812,44830,37491,18.2687
8442,9493,35039,24537,18.94612
8443,10849,46931,40889,17.564009
8444,8425,19960,6729,11.63006
8445,18167,458,26247,22.57071
8446,34849,30353,1641,18.367172
8447,45999,24547,17957,24.241478
8448,35030,40466,32891,15.620483
8449,3523,17886,40150,10.091748
8450,1959,41225,40286,22.410978
8451,29111,7860,30343,25.004726
8452,35561,30870,8074,17.838438
8453,165,25837,15469,22.720665
8454,37360,40299,27755,13.252036
8455,11534,22870,28338,21.704227
8456,13837,3474,32492,10.865752
8457,34816,29818,47183,20.90461
8458,26923,44034,9429,18.42445
8459,7468,12023,2464,13.887575
8460,45867,24238,44641,12.657061
8461,7996,40572,21717,9.83983
8462,28765,12679,8705,26.47912
8463,42035,49231,35605,23.047352
8464,21844,13879,15967,12.009101
8465,37997,35840,4969,21.109936
8466,10908,34169,3012,6.197297
8467,7186,45712,4717,22.243723
8468,15081,22430,11402,18.867235
8469,26117,31863,44850,4.7709756
8470,14532,28404,24350,16.797485
8471,14780,5224,22799,22.169073
8472,38793,11891,31046,16.709526
8473,17459,41699,41161,9.080504
8474,4912,37997,14544,14.099578
8475,49561,37753,48599,12.415505
8476,12892,12487,23797,17.808733
8477,9584,35168,11091,13.911191
8478,17931,4813,32207,20.42768
8479,33651,41496,14364,9.769424
8480,44047,3388,19512,6.4714575
8481,39518,13492,7763,10.337021
8482,27947,38094,24752,18.46902
8483,41283,10625,26667,17.20985
8484,34622,2612,30417,15.235641
8485,12749,11845,21459,16.652266
8486,7931,10035,39870,19.839266
8487,43290,11402,11649,6.3229337
8488,15937,44225,48601,20.028135
8489,29183,24240,33853,19.571945
8490,35950,18967,10835,16.384905
8491,15503,23447,348,18.662458
8492,24997,27738,319,20.393732
8493,7930,46891,44347,10.039229
8494,44326,16723,31529,16.031029
8495,37651,4029,22301,12.769172
8496,4849,14212,19233,19.330606
8497,1921,45204,22110,20.304811
8498,15804,31864,25005,16.630844
8499,10595,40001,8343,23.647457
8500,19178,12458,39677,19.304604
8501,39981,26144,16846,22.266651
8502,13910,40819,40871,10.080063
8503,29480,39988,45105,18.19107
8504,20223,5783,37494,17.118113
8505,39107,34538,42424,18.391136
8506,29537,13633,33941,13.831867
8507,31788,41990,5696,13.558521
8508,46311,22587,36275,10.501703
8509,24744,3577,39392,10.125759
8510,6230,39173,37399,19.544992
8511,25456,13761,20580,12.396604
8512,36894,10949,14834,15.901076
8513,49218,32658,8610,23.20361
8514,44559,47694,32877,16.749683
8515,6578,860,5629,19.389448
8516,12969,10867,34762,5.4751973
8517,5584,32405,25959,18.032928
8518,9186,12101,45824,21.15064
8519,33381,21988,9897,11.4966135
8520,43512,26209,9618,15.592028
8521,7392,3161,49619,24.83684
8522,3881,37539,46048,14.255969
8523,30738,7927,31469,22.34747
8524,48306,49794,37298,24.125912
8525,35208,25569,20923,12.009701
8526,14483,33738,47024,17.099934
8527,4449,42109,2710,17.453093
8528,16020,34292,43339,23.758083
8529,43666,41240,26491,22.156967
8530,25605,44922,24570,24.795433
8531,16022,41701,31548,14.414018
8532,7852,24442,48537,14.292874
8533,17491,45272,36705,7.2854233
8534,5815,8810,30557,11.966995
8535,28664,24082,36582,31.898096
8536,37049,41386,42002,18.009369
8537,23592,16057,28327,18.235502
8538,40240,43675,18811,24.27764
8539,5063,7156,44661,20.412876
8540,2376,23314,39918,8.83534
8541,24134,17231,28001,24.44518
8542,657,45064,30803,22.02838
8543,25955,27853,23985,19.463482
8544,29229,36942,33466,13.599972
8545,30620,1786,17835,18.63568
8546,49614,11649,33992,16.038017
8547,22178,6404,49049,14.02354
8548,41902,9461,9830,9.873492
8549,13323,23520,42347,20.89897
8550,2559,24958,32997,2.8073955
8551,42067,46646,40361,23.969116
8552,25129,4569,8084,2.8280818
8553,38586,43855,5550,11.015326
8554,17893,27386,39419,8.193588
8555,23761,22791,22255,9.476958
8556,8739,48043,47340,26.706942
8557,36301,39031,6180,22.231314
8558,20078,30539,23608,10.488443
8559,2544,45185,14991,5.2332788
8560,48006,15049,38963,15.063663
8561,30535,32991,48662,18.440641
8562,30304,12256,35839,13.638988
8563,3349,16448,10356,9.497873
8564,23066,23836,33512,19.13845
8565,29334,22042,19044,22.468214
8566,46974,19926,42254,23.432255
8567,27342,34354,49839,14.51555
8568,16630,11790,15586,14.111564
8569,8092,38585,32190,26.814257
8570,33582,27565,28485,19.908783
8571,42832,17087,1728,19.236565
8572,4431,42331,43621,19.838505
8573,26374,34569,44543,18.766533
8574,10947,31498,18863,11.440866
8575,49354,4515,28080,13.221067
8576,848,12833,8462,17.651493
8577,10720,38348,6776,11.282505
8578,45117,38995,48066,17.953594
8579,6255,33984,47148,6.994976
8580,49363,9712,21449,19.73985
8581,13798,29551,34247,22.15038
8582,44025,38888,15793,16.97364
8583,22460,21967,39459,22.238707
8584,35289,9437,14545,14.141397
8585,20540,7484,8685,17.781446
8586,1424,24764,43530,23.766315
8587,2358,48596,11811,23.522377
8588,37813,4139,5434,3.9022324
8589,28371,32999,46003,5.3180346
8590,34984,44290,10187,23.11553
8591,9997,35696,24079,22.49459
8592,44992,1870,19949,23.937634
8593,46849,11728,16300,10.797282
8594,28628,46119,8965,28.434122
8595,2285,11096,36809,11.965527
8596,44422,1028,44554,15.504906
8597,33699,25282,16546,24.794806
8598,6404,35256,43923,14.60686
8599,42317,23753,31138,8.968423
8600,11887,19623,41331,8.943808
8601,1993,4785,32405,10.6360235
8602,39617,22289,19757,24.902931
8603,3886,7831,16476,12.70949
8604,6841,6676,3185,24.53026
8605,23643,8228,36797,14.322198
8606,3327,23655,1426,10.089698
8607,36876,40792,45963,18.146915
8608,9219,42437,34599,17.388988
8609,37985,33829,8401,9.970819
8610,19412,37609,3261,15.3231945
8611,34545,49641,40550,24.586697
8612,22897,33699,32862,11.455895
8613,12916,45509,10087,20.124624
8614,19001,10340,20029,9.858273
8615,29214,17862,5018,16.607428
8616,6276,1462,32953,20.335083
8617,7455,48494,23328,18.20792
8618,3279,22628,48856,11.769443
8619,9406,21939,14281,20.970682
8620,32674,29126,8656,17.061556
8621,26339,35557,25216,4.2061152
8622,8760,47293,23469,16.197462
8623,33065,22862,8191,23.188892
8624,9059,18694,13302,17.804173
8625,21073,43909,11699,24.21023
8626,11300,947,44143,26.690262
8627,19918,25602,27577,13.802695
8628,42598,21675,5883,23.921625
8629,28967,30178,36472,11.19561
8630,1873,23493,3949,19.875202
8631,29115,46863,13740,13.286929
8632,13527,32328,44420,17.282568
8633,45971,25509,47863,16.157255
8634,17274,839,770,17.114283
8635,15842,8606,33009,21.746689
8636,29905,43702,31679,20.968477
8637,31154,21600,49508,18.33962
8638,44560,6916,40931,26.198448
8639,21779,5074,30133,8.610304
8640,32439,7126,17089,16.028896
8641,46763,43251,21374,25.470594
8642,29844,2937,34453,11.257973
8643,42051,27172,38076,7.1656938
8644,39904,14354,35196,9.290268
8645,40282,16092,20600,21.474281
8646,27468,20436,24268,17.643614
8647,835,24015,39451,20.356071
8648,46064,25102,39097,13.887021
8649,929,36017,10832,21.36202
8650,20815,24215,49824,10.427976
8651,23139,7836,30407,17.579733
8652,18666,3633,39403,5.6867056
8653,22720,31457,17501,15.771578
8654,8728,41229,7983,14.074839
8655,18498,32936,41287,25.294168
8656,42795,42267,14351,14.8335285
8657,7782,15947,8046,21.295118
8658,27811,37317,37701,15.234483
8659,16667,49520,25806,14.437703
8660,25676,42749,436,13.389449
8661,31968,15114,43338,22.605396
8662,10969,31240,7793,10.640791
8663,9360,16705,25190,17.854563
8664,33576,22698,32472,20.565311
8665,28354,22343,11336,21.995356
8666,43353,20107,42776,16.317554
8667,46747,25087,17846,19.88402
8668,25574,10048,961,19.770954
8669,42124,12024,9023,13.99646
8670,40380,49206,716,10.688442
8671,25186,5940,37915,9.377064
8672,18652,11724,17035,5.1604624
8673,30352,38058,36199,6.1840467
8674,28496,20430,45295,19.557196
8675,18587,22669,33689,3.5618317
8676,35468,43666,14754,17.39893
8677,12064,38246,3008,25.871853
8678,46980,33940,48680,7.488598
8679,37350,17358,17899,11.613654
8680,41442,30083,23142,23.516315
8681,3021,21295,12078,6.498704
8682,32871,9841,24887,20.56353
8683,39540,21245,16040,13.032946
8684,6434,32135,45967,9.046531
8685,28906,32844,12396,15.382192
8686,18014,13609,2446,10.705862
8687,35340,38748,48431,15.645861
8688,19280,33198,623,16.29972
8689,37359,20346,2460,19.335314
8690,23443,31506,5905,15.443263
8691,44226,37941,13570,13.812288
8692,44231,30168,20256,19.524628
8693,46049,7466,30260,9.079671
8694,30448,23635,22693,10.12708
8695,28418,8193,16505,14.086247
8696,47905,35919,35951,12.380109
8697,38062,310,39246,18.017881
8698,8279,30644,36666,12.323253
8699,6912,16296,18152,4.559302
8700,13462,7534,4975,14.278326
8701,43184,34168,12895,12.143387
8702,42897,49721,40651,6.808646
8703,9655,13367,34341,16.860323
8704,18416,9536,49285,15.00831
8705,25180,46872,32679,16.94615
8706,30967,48178,48849,6.7369847
8707,5739,15545,33629,17.7119
8708,47386,27405,31608,14.230541
8709,35286,46586,35887,17.54807
8710,4717,19605,21112,13.5793295
8711,28139,37522,4226,22.21078
8712,6869,36764,13407,5.424531
8713,14718,36758,41800,11.051753
8714,21938,37396,3358,10.045478
8715,27980,28368,2915,10.537855
8716,27470,3054,26145,13.635282
8717,40515,43613,47687,14.621429
8718,37310,21454,32691,17.086878
8719,3173,43900,35093,14.915468
8720,1131,20862,14329,17.187805
8721,11022,393,36755,20.246618
8722,6495,37767,27419,18.94236
8723,42829,37446,8682,15.284728
8724,41827,10,15183,19.49248
8725,18753,26360,3299,23.095087
8726,22278,10113,14844,13.4120035
8727,38138,14760,25035,13.140973
8728,26894,22144,30153,17.303394
8729,2729,41902,23151,10.219634
8730,4371,28347,37007,18.678242
8731,35557,40447,21675,10.348576
8732,18338,5630,26414,20.371054
8733,29909,572,30336,15.6245
8734,28787,29761,7252,23.456472
8735,38616,32229,39015,17.105736
8736,27881,5077,6027,20.059294
8737,23424,18938,37387,5.662419
8738,40454,2840,20885,13.547808
8739,10295,37369,1207,16.187372
8740,8810,5706,36038,26.368664
8741,29133,18415,270,20.718851
8742,22067,46797,11157,15.47591
8743,42225,4722,36114,5.7876863
8744,23611,47297,45339,27.366232
8745,13227,43676,26879,10.277771
8746,27483,33050,46384,23.726618
8747,2676,39959,5737,20.057236
8748,1972,46150,49043,19.6647
8749,49520,20419,12246,21.122503
8750,5648,40778,40578,11.030675
8751,29395,30115,6919,10.457748
8752,15575,15877,34988,7.5048485
8753,49607,28230,31861,7.2215395
8754,43050,28751,49242,23.161692
8755,21418,15309,29278,6.412592
8756,27830,43810,47414,5.263677
8757,16,4485,12204,14.978924
8758,36750,33486,1648,15.926604
8759,36518,9627,17098,18.203514
8760,43966,48034,28837,24.244913
8761,46508,29229,9131,19.049772
8762,16474,27160,1511,14.5223675
8763,28931,43290,32722,22.312174
8764,28489,18830,33467,21.530514
8765,49051,37901,23379,5.4980907
8766,32108,170,17401,17.166557
8767,39647,5996,40243,19.237986
8768,43229,23132,31782,21.901585
8769,20392,14047,38520,16.935453
8770,12487,22637,44306,13.393405
8771,41399,13240,25337,13.235657
8772,13297,19090,17057,15.448163
8773,7127,4620,8209,12.701248
8774,36640,10208,49034,6.279987
8775,31821,48330,38096,19.617653
8776,22370,12018,40730,23.608595
8777,44892,35234,21129,35.07922
8778,33808,13515,42280,16.094334
8779,15746,20311,39175,16.437181
8780,7078,17123,585,6.565401
8781,5109,17202,45695,21.409155
8782,45331,14600,35389,10.415759
8783,19298,26453,14287,20.388592
8784,32404,33055,6647,11.564347
8785,37011,29308,10610,18.119476
8786,28251,28765,6230,21.417778
8787,49093,39508,37485,14.3790455
8788,18899,27476,14112,10.419638
8789,49113,2664,30524,23.184399
8790,24019,14956,27627,4.1842046
8791,7283,16696,22498,12.771352
8792,5885,17264,17001,12.779349
8793,22747,30819,41822,21.484
8794,10007,37815,24505,10.810219
8795,5077,5109,32867,5.083939
8796,38683,47086,34710,23.875677
8797,11050,48326,24136,12.465499
8798,32644,29823,16637,15.30317
8799,8150,15982,16819,20.37198
8800,19809,2318,9692,16.624397
8801,36280,21832,20084,20.685406
8802,17865,27835,25949,13.105133
8803,45672,46239,47137,16.653633
8804,39614,451,36298,33.113712
8805,5222,8384,4328,10.368786
8806,12574,38637,25790,14.021241
8807,46281,19747,32421,9.407963
8808,33511,49985,15911,10.366254
8809,6914,40616,17892,18.207912
8810,12290,28251,35048,23.765152
8811,14518,4333,47741,24.723093
8812,34502,4623,16857,7.472541
8813,39953,11215,39017,11.937444
8814,21284,9258,28064,18.828516
8815,1878,32305,24756,11.03125
8816,43131,38394,20654,16.201834
8817,33701,45948,2527,14.246286
8818,28257,6940,25649,14.477513
8819,10989,38726,1515,9.590657
8820,34751,10061,10189,19.285498
8821,44914,1059,18681,18.3901
8822,44490,44677,26455,21.04361
8823,33229,12982,2690,12.97576
8824,12950,4804,38154,25.394644
8825,45214,5222,18012,35.96965
8826,45879,17350,12972,14.40952
8827,47612,31159,1775,25.398552
8828,33292,38994,18082,19.565254
8829,2950,35060,32231,3.5921361
8830,12939,21060,2325,8.859967
8831,25739,11951,33624,5.813214
8832,4223,47783,23716,22.366793
8833,12171,16702,41029,18.328344
8834,38806,41134,38385,15.560417
8835,12432,45467,19468,20.401634
8836,9076,7617,39088,8.008099
8837,35359,28096,13182,16.113838
8838,20909,49092,7114,16.709124
8839,5630,34576,9056,10.925775
8840,31159,38129,20774,23.298252
8841,27565,40556,35409,12.056062
8842,45187,42816,18833,8.120514
8843,15004,6434,25463,9.605964
8844,4333,24041,17400,19.315527
8845,37585,5332,4632,16.176487
8846,49878,6907,22066,22.649937
8847,1705,7878,36592,16.070242
8848,39611,8788,36781,16.385403
8849,1021,26131,24737,12.979166
8850,35786,44521,18369,15.341315
8851,37290,42405,18408,8.557951
8852,2188,1879,25492,12.451155
8853,4759,27097,24096,21.658072
8854,16547,49974,9908,13.913841
8855,48561,25589,1532,15.354582
8856,2367,10655,5764,19.177795
8857,4691,12391,33433,20.863441
8858,34615,27252,1168,27.316307
8859,27687,10609,8836,15.526848
8860,6286,42490,4350,12.727145
8861,15623,41987,16291,18.238298
8862,30402,24908,36838,15.498441
8863,39031,15905,17393,10.545787
8864,7705,28741,24892,7.488321
8865,35068,49,8261,8.921998
8866,38805,9775,24645,26.390745
8867,13260,16901,47176,22.528833
8868,8712,34646,22504,15.940356
8869,46976,31267,16786,14.4483185
8870,6323,11772,1872,10.440295
8871,45225,25645,4409,21.969961
8872,20419,49897,35671,19.735426
8873,26439,12250,49946,9.538982
8874,49764,44078,45245,15.340058
8875,37862,7237,24945,20.718143
8876,16919,28413,19207,20.595446
8877,1906,41079,15579,26.428722
8878,25353,25929,39071,24.784166
8879,48034,17561,3386,9.221583
8880,27462,4217,12166,20.55195
8881,17652,29334,26963,17.762903
8882,29618,35133,41074,5.0847073
8883,4155,46102,10967,5.3803344
8884,36055,38875,46039,13.30685
8885,31827,47778,46824,11.536901
8886,12021,6337,4933,21.750996
8887,17644,6102,38593,19.10097
8888,45015,14846,41582,7.4004955
8889,37587,10178,5174,19.32225
8890,31006,17831,5195,16.591448
8891,36558,29702,49491,22.838541
8892,28709,12334,48710,20.815462
8893,18097,22077,49421,16.111895
8894,7045,23490,35815,25.845295
8895,15723,5777,9947,17.314108
8896,42550,49218,7309,24.519913
8897,40935,5433,43039,11.934555
8898,32159,4553,17769,11.6715355
8899,1860,8417,44767,7.9430037
8900,23861,30069,35912,15.582998
8901,42320,3783,47181,8.165001
8902,27084,38138,43641,19.197199
8903,26724,1901,3095,12.982297
8904,47381,33479,25026,9.178507
8905,44940,25711,13765,9.066883
8906,23410,12021,44414,22.511553
8907,11411,37605,222,10.613815
8908,28057,26707,23824,29.428352
8909,41370,41528,31535,23.28718
8910,11905,42064,44389,20.594194
8911,27471,39176,5380,26.858557
8912,15553,5554,5427,7.5179715
8913,3997,38272,41245,21.58672
8914,10737,8491,35644,22.035471
8915,39014,29140,25414,22.365074
8916,25576,13230,22775,21.16206
8917,31369,33349,5092,14.599232
8918,24196,47668,44422,19.571503
8919,11828,47653,28056,23.547245
8920,31320,33838,26744,20.066004
8921,33331,5180,370,17.071283
8922,31073,43205,38623,13.080812
8923,33971,41976,638,20.43782
8924,955,47633,20233,5.7836356
8925,1297,31839,49949,18.47411
8926,30751,30618,6339,13.9898205
8927,24767,3766,49105,10.999561
8928,7437,28008,18915,18.898212
8929,16802,15205,33452,17.778585
8930,22870,48995,5683,7.699741
8931,39653,22416,1373,8.101665
8932,44829,30324,1985,23.334377
8933,32227,46974,21426,22.512947
8934,2247,49291,39868,12.294214
8935,30758,44326,21102,18.966408
8936,34794,2556,36916,24.321356
8937,47160,41339,33803,12.242614
8938,45556,1900,46916,13.468274
8939,33165,46444,33368,24.879808
8940,49266,34619,29335,11.85002
8941,44038,40012,3401,11.393052
8942,18561,47050,5299,15.16736
8943,18299,5105,44207,22.860716
8944,26101,3240,8759,24.478975
8945,26157,37413,42456,21.557573
8946,20334,4315,42303,31.25649
8947,48303,18677,291,23.847261
8948,614,3489,45004,17.714865
8949,1244,20960,36952,27.577408
8950,19815,24944,48482,12.463423
8951,21884,4853,21561,13.267677
8952,10061,18438,11777,8.971274
8953,36811,45893,30998,26.530256
8954,48725,22263,19518,21.298021
8955,16786,13264,21470,14.169075
8956,13778,21423,10046,16.562796
8957,19491,27390,7562,22.598406
8958,26190,38053,6649,22.17226
8959,1346,35103,45146,15.272341
8960,33050,19977,18268,24.630594
8961,5,12265,14694,17.16596
8962,8504,19144,40618,21.779669
8963,19903,27821,41836,24.062733
8964,12202,29068,38297,10.82181
8965,25761,35930,8571,5.509757
8966,1554,3681,17138,18.109436
8967,7534,18547,17562,21.75586
8968,10687,18074,5020,23.273537
8969,18567,45791,9087,18.881132
8970,32349,48813,20611,16.656485
8971,18843,26,32419,12.239812
8972,8460,26201,39885,17.44254
8973,21724,47601,25169,26.219355
8974,36264,37812,13522,7.733886
8975,46331,2909,5832,22.09744
8976,18827,31327,6331,25.38256
8977,4674,25993,35920,14.981201
8978,7089,21954,35681,12.454046
8979,34937,10405,3640,12.170922
8980,13247,27765,9667,22.237411
8981,26232,36009,5829,21.884438
8982,3744,38335,40873,19.075787
8983,30903,780,10589,23.02482
8984,34305,21821,18873,12.425913
8985,42195,34241,29283,4.2089586
8986,35333,24176,18015,9.166483
8987,25583,26190,33075,14.721346
8988,20478,8137,8844,17.092842
8989,29433,11641,47436,10.035788
8990,27225,34323,20348,10.0416975
8991,41952,39920,41490,17.439508
8992,33615,43611,25217,11.530048
8993,17933,13509,29304,14.150726
8994,49947,5135,30071,13.621841
8995,29138,34114,4681,14.353925
8996,20677,36534,7401,18.192177
8997,19447,28722,20926,15.474912
8998,8278,33095,22964,7.315337
8999,1966,46106,14735,17.353569
9000,16019,37862,42941,13.062182
9001,18589,29601,19751,17.100704
9002,15480,15556,42137,20.51165
9003,35969,23293,28752,19.95422
9004,40957,23591,10715,18.892202
9005,40813,31910,11465,15.200876
9006,24418,22872,8523,18.395834
9007,26930,12691,14361,13.113099
9008,12267,21902,8970,14.485842
9009,17713,35497,26800,18.0031
9010,1252,11418,30258,21.750477
9011,41524,19199,49216,10.532171
9012,46033,22616,35591,19.89786
9013,22686,1832,10412,5.491315
9014,13140,42767,37763,23.205723
9015,21598,47436,26519,10.610859
9016,10178,31647,37543,16.328873
9017,34196,22806,40784,16.278341
9018,34038,17630,31432,14.051775
9019,29814,42403,24587,13.825062
9020,35798,14378,18675,9.730261
9021,21316,37774,2101,20.596806
9022,2133,12088,14639,16.74821
9023,2876,27666,3355,8.029837
9024,34451,13893,19262,19.664825
9025,17840,34568,43425,17.320896
9026,44,37568,1326,15.812323
9027,12143,4650,5114,23.397043
9028,27602,39180,22877,3.4969645
9029,26122,35501,24123,18.462923
9030,44138,19783,25054,19.806807
9031,49478,26759,42726,22.2791
9032,12012,43490,8331,10.090986
9033,20012,12709,24479,23.561886
9034,48430,16627,47955,27.02508
9035,47601,19139,46065,11.668978
9036,7206,4307,13121,18.134655
9037,27639,47161,6902,18.555475
9038,15278,43085,42612,12.28446
9039,759,36843,3275,13.703699
9040,47046,5275,21931,12.480042
9041,39917,24431,23990,19.54976
9042,14235,1514,18174,24.397331
9043,27788,23086,3918,18.098843
9044,20651,15316,35145,20.28166
9045,578,28719,27993,11.133676
9046,48452,48904,47152,19.862082
9047,3947,12430,2670,17.530659
9048,24405,1346,24627,22.244448
9049,13184,9938,26177,21.880234
9050,16633,18321,6305,21.706072
9051,32134,47520,42737,16.1713
9052,7638,10336,31751,14.307407
9053,32058,7094,11458,17.756573
9054,21882,22794,39301,24.22728
9055,21226,30940,45327,19.84915
9056,30629,5934,14643,2.345208
9057,8401,44121,37985,9.970819
9058,17098,11013,17635,13.464508
9059,6217,40907,38515,10.572711
9060,26908,48371,5994,16.350975
9061,14733,15954,1555,15.754743
9062,37634,11113,18105,26.90576
9063,44485,1396,30036,14.025916
9064,15883,4815,24060,14.350114
9065,22045,43719,39158,12.221857
9066,14990,41668,21061,5.0381966
9067,34370,29144,6411,19.113558
9068,39465,9876,32336,15.330952
9069,32864,5424,31012,26.031208
9070,13187,23813,35081,18.768663
9071,31732,7277,37956,17.89806
9072,24607,22135,40399,16.112295
9073,35012,38561,34747,19.303953
9074,30035,15867,10271,11.289698
9075,1396,32108,18939,13.3169
9076,22136,39334,34426,10.1472435
9077,29959,43833,16538,22.174873
9078,2920,20053,22854,16.015705
9079,49247,30569,9198,9.372851
9080,30668,10913,45127,17.576492
9081,45838,28810,2218,18.946568
9082,7141,3043,48262,11.2367325
9083,83,9186,48626,6.9805202
9084,2706,44077,2644,13.412304
9085,48107,17212,23401,18.197277
9086,44615,25060,3215,27.511383
9087,33991,9998,37969,17.282465
9088,38666,1473,32556,19.156036
9089,29259,4205,5536,24.801773
9090,21978,31021,28177,15.912926
9091,18850,32086,1332,13.084382
9092,7630,47868,29450,14.48529
9093,28582,6140,10257,16.412
9094,5962,35868,49427,10.875
9095,8014,18652,14546,21.062193
9096,45532,20913,12783,17.6457
9097,7069,22095,49111,14.125553
9098,16846,20815,26694,21.518892
9099,1881,25518,38102,15.087392
9100,10894,6313,22552,14.138061
9101,13418,28151,46747,23.386215
9102,8921,25662,23732,16.612734
9103,42526,3149,10094,24.73177
9104,16627,21728,43037,17.708385
9105,19980,28290,31169,26.263882
9106,5374,15166,2675,23.88277
9107,13230,3590,25112,25.12344
9108,29760,32358,1733,21.988684
9109,9148,22435,1222,10.888523
9110,37815,37236,8546,20.014393
9111,40649,34941,45244,14.10008
9112,38446,9777,27589,17.01437
9113,18155,6020,24619,20.895704
9114,28182,41404,45576,15.424036
9115,47588,17608,42423,22.807539
9116,20184,43,44519,12.8488245
9117,40503,4100,193,19.174835
9118,38954,9378,38017,28.032347
9119,49882,32197,34525,25.046371
9120,25698,39002,16740,25.169977
9121,276,16557,36579,16.185041
9122,9777,19518,8826,12.927495
9123,20120,17074,15454,11.153153
9124,36978,9626,5668,11.04972
9125,13157,25512,47285,16.654596
9126,37810,15020,2048,20.717442
9127,49459,24596,42064,18.114607
9128,1829,21551,46654,7.371954
9129,49174,10504,14512,22.621655
9130,19884,10645,26477,11.776312
9131,45654,22110,24927,16.221956
9132,37693,33564,5159,12.188201
9133,21173,10112,46391,13.479423
9134,24185,151,41748,13.295379
9135,23557,17986,41564,19.42383
9136,33148,34761,20501,25.62933
9137,31198,29622,32681,8.72551
9138,34950,16334,14930,10.79735
9139,47569,5740,22002,13.117683
9140,21966,18791,32013,20.844717
9141,15810,46351,28664,32.753574
9142,36930,1940,43505,26.712637
9143,10244,8589,11590,6.8524666
9144,23246,4758,27533,16.67447
9145,26383,16865,35948,8.741681
9146,4484,18109,3517,7.4362197
9147,16887,39615,46743,22.069025
9148,43631,45735,4433,12.917486
9149,45896,7152,47068,21.313164
9150,8233,14943,12352,21.623205
9151,13169,34613,15377,11.9398365
9152,23363,27470,48119,28.204887
9153,47448,39543,11948,15.949529
9154,16499,16887,14742,9.461747
9155,38029,35321,18836,12.849147
9156,42482,6740,42693,4.130501
9157,25692,4802,48311,18.206223
9158,26089,23139,4291,18.610228
9159,31005,36535,40094,18.908045
9160,27267,32553,19780,13.15734
9161,20358,45715,41785,18.518785
9162,34575,2881,4020,14.248835
9163,40069,30304,131,2.6841366
9164,32259,408,47263,21.293142
9165,27642,46796,28923,13.398708
9166,25038,47662,9275,9.877083
9167,21351,36985,28650,4.3317337
9168,11339,28975,10936,13.479667
9169,12500,29274,13016,19.67713
9170,20555,29942,21993,5.8930078
9171,38163,6116,29099,21.904684
9172,18078,29451,46699,19.731436
9173,30069,4508,5328,9.826392
9174,9188,24588,38332,7.491369
9175,971,24275,7537,13.494673
9176,23132,7978,40888,8.983301
9177,41151,6920,10166,13.700506
9178,33226,32702,33178,19.417582
9179,17087,48115,3750,23.52542
9180,44020,33296,906,10.499814
9181,31488,22268,29478,19.198786
9182,24724,2107,38667,23.925095
9183,22077,42835,2977,12.239712
9184,13690,34043,1758,14.853525
9185,2347,9281,4561,23.36155
9186,36997,12677,44353,20.026155
9187,19882,8244,42922,26.116972
9188,22390,49247,22601,22.004568
9189,34321,29800,4838,18.399988
9190,43376,13362,10623,17.10191
9191,48913,11240,1338,8.042049
9192,25258,36876,34993,9.461231
9193,9437,4643,31723,21.643867
9194,32632,14133,578,16.969786
9195,37305,47346,39029,46.747807
9196,5520,31322,1036,16.952654
9197,41699,13352,19575,1.3400658
9198,25837,2373,18218,28.27411
9199,32299,33126,15752,23.457111
9200,44819,13322,28471,11.931506
9201,29888,49635,1608,13.04768
9202,46590,8739,12955,19.70379
9203,33706,17933,6429,12.948365
9204,10208,32378,14365,13.904415
9205,47042,25391,28303,11.177631
9206,11222,32465,42014,20.500261
9207,49305,9491,13425,8.40118
9208,25284,23415,23183,20.76242
9209,30250,14067,29383,11.873006
9210,10559,33060,12668,8.918276
9211,23344,35947,37273,3.0719323
9212,42454,45007,5333,11.117338
9213,22087,43847,15091,9.132555
9214,38382,25057,49270,20.201729
9215,13282,25891,36703,8.15372
9216,44660,8809,9064,13.949818
9217,43865,19994,1523,16.32598
9218,40403,44986,34131,17.277067
9219,42972,7602,13670,16.164574
9220,5089,12864,14774,18.959892
9221,45978,16026,10186,14.080019
9222,42574,27591,45016,15.514854
9223,14050,30183,13369,22.696619
9224,1786,1365,28626,7.7199516
9225,28639,41608,17611,22.116734
9226,19887,32900,5372,15.921584
9227,43634,11136,4503,14.087335
9228,27179,49878,18024,22.402775
9229,31297,16654,28136,26.031841
9230,31991,11421,5770,22.770126
9231,12887,14885,15720,13.914245
9232,12865,41857,29879,28.234518
9233,12610,16717,12498,16.095419
9234,38391,13549,34465,11.2831545
9235,44403,23911,28772,1.5532539
9236,18629,3835,32435,19.86206
9237,29024,17378,4914,20.337076
9238,8426,19928,25833,20.963356
9239,42694,6084,24706,15.331462
9240,35064,7748,27123,22.746555
9241,16839,27956,8772,10.668935
9242,24588,18279,13669,9.469304
9243,26256,21638,4787,0.9181599
9244,349,11000,3835,1.146975
9245,44898,21134,15299,22.150967
9246,46071,44106,8480,22.102127
9247,4362,30430,25372,23.017794
9248,7581,146,10960,8.829051
9249,43022,46275,18304,15.194595
9250,25670,49475,27976,17.46508
9251,47225,19545,41199,8.612664
9252,1085,25334,33287,17.445374
9253,2791,11143,32466,10.9284725
9254,34154,3261,1586,8.290973
9255,26531,34965,5788,4.642913
9256,32392,22723,49041,19.174316
9257,33831,4149,3377,25.008553
9258,40889,17083,16302,12.193598
9259,24626,31606,9963,24.398516
9260,24510,17930,26857,21.899002
9261,32821,19028,12337,10.322155
9262,31310,19606,29509,10.020426
9263,47143,20736,19050,11.616454
9264,26975,34984,41445,19.620995
9265,46313,49497,21349,20.44278
9266,36816,23795,45252,27.40273
9267,26386,29658,42522,23.434181
9268,42814,33510,29492,8.203914
9269,1930,43229,30436,10.9840975
9270,16737,29351,29313,13.143226
9271,25056,9556,14576,15.475772
9272,30227,28681,46802,6.3263693
9273,38094,37206,42967,9.321894
9274,37554,7124,34857,14.633424
9275,7474,3612,21202,13.026045
9276,12866,19577,6264,22.14353
9277,41790,19498,14539,16.540161
9278,4519,37844,3208,14.131994
9279,27387,40337,18314,27.16797
9280,25929,26381,34291,19.063063
9281,43395,48862,20200,23.466413
9282,44702,16800,467,10.7969885
9283,18757,23820,40055,23.283253
9284,38693,34713,21978,18.205982
9285,46745,40377,1091,14.832586
9286,19085,27346,6843,22.029156
9287,31672,7543,263,22.703571
9288,14920,19849,16979,25.27905
9289,21076,38879,15104,24.1558
9290,31646,27520,20848,14.434236
9291,8773,35942,34636,10.322013
9292,32835,36085,10375,15.376151
9293,249,26300,15073,14.496741
9294,44343,5815,15727,12.609675
9295,13817,3270,44316,17.28975
9296,21995,41954,11275,17.622694
9297,19265,28695,47321,10.057039
9298,13633,13837,16464,13.960009
9299,13954,32887,17390,17.455664
9300,18678,13897,33525,22.111214
9301,34241,1088,37256,8.642532
9302,27632,34710,47566,20.99902
9303,35337,40211,10989,11.143479
9304,44551,30415,15745,11.678007
9305,5131,27264,19225,22.745707
9306,5960,4919,6652,10.614713
9307,28764,5854,34555,9.621835
9308,22923,7577,45711,16.073097
9309,44710,28690,4854,19.943003
9310,5547,3502,29129,18.723816
9311,11563,41420,22811,29.652853
9312,15639,25805,7003,16.858042
9313,4344,16995,38645,37.191208
9314,22748,33023,46928,18.2373
9315,26318,31213,14992,12.738697
9316,30154,5926,20542,20.6519
9317,4776,32347,3338,20.923899
9318,48255,38065,1005,18.947142
9319,49997,16033,7374,22.379663
9320,28107,48633,845,6.6994634
9321,29757,11330,701,10.273054
9322,17521,37755,2219,5.8765373
9323,44407,47068,37630,29.08056
9324,21360,44355,13531,15.418891
9325,32706,19828,43479,24.006197
9326,44034,6495,42673,22.324707
9327,16688,6945,41957,24.645197
9328,33182,40586,15425,10.416708
9329,31481,36297,48921,22.847752
9330,13559,31399,34363,6.6833005
9331,18468,42709,37040,18.015205
9332,16324,2401,37246,10.921965
9333,24118,26887,28033,17.105936
9334,17213,28764,30355,10.848612
9335,48167,21641,26760,18.481052
9336,43457,49677,17536,14.67331
9337,17191,12843,3717,9.669098
9338,31896,2508,25184,11.748546
9339,25569,12474,41547,10.373923
9340,43852,35074,41049,20.603867
9341,23244,11850,18670,23.347494
9342,37717,45316,25854,18.470005
9343,36469,32219,7883,16.037033
9344,17615,7995,24463,15.418867
9345,30490,42851,18544,14.262202
9346,25881,27659,39412,6.9766545
9347,22373,39168,19050,11.091318
9348,42558,30031,6694,19.838902
9349,1870,42246,24412,4.8482842
9350,10858,39406,27455,11.537695
9351,31610,1586,16422,16.908228
9352,49036,27368,21236,17.434717
9353,15556,35255,17205,27.048685
9354,13589,46742,12616,19.333405
9355,5807,46874,44789,18.59921
9356,39286,571,24856,21.131119
9357,47835,16878,24752,16.712229
9358,2546,6036,4629,16.212269
9359,40572,2371,31810,20.93936
9360,30870,27015,22436,14.754038
9361,7100,6746,27138,13.946925
9362,20875,14684,9886,13.470445
9363,36794,49456,5415,19.301537
9364,8052,12849,31942,14.365189
9365,30364,26353,46383,23.422615
9366,7267,32290,12355,18.890978
9367,23214,19496,47159,10.4002075
9368,39292,7263,7784,6.246679
9369,27803,48223,30392,7.0637617
9370,48044,21098,30638,14.8892145
9371,16904,48827,21940,24.944357
9372,49689,10244,39726,16.853342
9373,26502,20704,13512,19.791893
9374,49735,24956,4126,13.147312
9375,6589,3810,42214,17.859629
9376,3290,20683,49330,2.9766548
9377,5614,981,3337,16.449675
9378,3822,4367,39379,19.557407
9379,38442,18718,36406,8.716621
9380,22470,10267,14760,20.962229
9381,37146,16839,12596,25.716745
9382,29551,7309,13292,17.489206
9383,22778,25882,17173,16.527092
9384,9828,24933,9080,22.309135
9385,4949,21186,23012,9.172461
9386,36702,47702,20043,6.1587877
9387,41681,37892,30933,10.991108
9388,35466,44169,39543,17.269775
9389,21604,570,45786,12.466763
9390,15108,31387,5883,27.246887
9391,49982,48780,11138,17.100254
9392,18556,368,42804,11.839338
9393,12342,30034,26826,21.698147
9394,33126,45228,16770,13.21172
9395,7378,4073,49267,15.403758
9396,31639,28480,11404,15.644402
9397,23554,28405,38361,25.406752
9398,5511,39598,36525,24.627357
9399,4802,48490,12430,12.196611
9400,5706,9076,20172,6.012154
9401,5741,3655,40617,9.189559
9402,17675,37412,32563,18.897821
9403,45000,21882,34789,20.821201
9404,41693,32074,33857,16.587496
9405,38892,13439,16943,12.390122
9406,33678,1618,609,10.70329
9407,6113,48018,5942,21.682259
9408,26096,7078,30867,20.566721
9409,47668,15575,17717,19.146242
9410,18349,18767,41047,19.893215
9411,10548,3273,33091,15.211963
9412,47244,23555,34856,14.637076
9413,4312,48774,48975,20.08218
9414,21178,32669,34153,19.22239
9415,44223,44433,35684,10.244067
9416,15877,3768,44859,7.4430537
9417,4488,44472,16153,10.05078
9418,19577,49862,22348,18.035927
9419,25637,46853,30812,16.061466
9420,39878,46169,972,16.138382
9421,41108,8184,5220,15.610423
9422,11641,16511,23146,17.225412
9423,34765,20603,46627,16.56687
9424,13514,1431,41969,15.669717
9425,6610,44298,15325,9.021181
9426,34733,11011,14077,21.459335
9427,46578,34196,33553,10.341886
9428,45547,26481,16080,19.01124
9429,23061,42516,36570,28.127941
9430,1139,24118,31909,4.2747154
9431,31704,30023,21866,13.418141
9432,30552,5900,36522,16.540186
9433,21897,14427,1793,9.115376
9434,41762,44372,29275,25.249672
9435,49381,40534,42451,3.6068714
9436,2840,16742,8033,19.374792
9437,45575,47488,9955,10.170471
9438,41295,5324,15168,13.178078
9439,23501,24126,41037,9.626776
9440,42240,26986,31536,23.310595
9441,40597,5864,42624,14.975729
9442,41493,49977,9032,26.668036
9443,27052,13137,32917,19.835985
9444,32354,1124,22345,9.016763
9445,37734,41032,15225,19.878256
9446,39636,47173,14971,24.06206
9447,5548,226,21920,20.985954
9448,25176,23031,10653,20.984575
9449,21747,43088,39193,24.044811
9450,37268,16811,22303,4.1726065
9451,26937,41413,15943,13.611456
9452,20404,31147,48728,17.25726
9453,4360,20084,47956,18.514286
9454,8072,32946,46938,14.32884
9455,611,18565,9523,25.221895
9456,46986,5586,48767,23.267866
9457,23422,25574,7124,10.582567
9458,34237,20422,3733,1.1412134
9459,12513,11653,4287,10.891455
9460,41352,26309,39667,19.781185
9461,38223,38536,11738,19.346794
9462,36874,24581,37896,12.612163
9463,19306,14709,49754,13.11134
9464,48619,12865,491,15.200885
9465,47735,45794,4296,10.818736
9466,30065,26413,36165,20.60713
9467,11240,29700,22256,16.740313
9468,41093,44088,41708,17.83369
9469,39165,38447,14931,19.733614
9470,20730,6343,22732,15.443161
9471,47764,15224,34931,20.378775
9472,5503,12297,48501,26.925879
9473,24512,16177,4971,31.586702
9474,22358,1327,22086,13.078806
9475,5530,13695,31494,9.745366
9476,3933,45457,29959,22.865715
9477,32941,26033,37246,23.54844
9478,14617,16848,5076,24.427412
9479,31036,18514,17335,15.723572
9480,40299,5002,36880,17.544928
9481,33743,49426,8164,5.316772
9482,3121,28712,21959,16.658075
9483,13550,38387,29885,12.59751
9484,24355,29898,21237,21.649738
9485,24929,14394,21205,4.196542
9486,9122,46350,46369,28.259228
9487,4993,36607,5471,16.403519
9488,7148,22919,33150,19.6459
9489,9515,28938,3500,6.3616395
9490,41954,43509,39497,4.7315893
9491,44301,24095,22420,6.1695805
9492,29072,27994,16867,13.576246
9493,35768,21049,2817,11.75334
9494,27659,4557,40590,16.713028
9495,35803,18857,13515,6.342865
9496,45211,31319,6567,15.806076
9497,3389,11999,46677,22.154905
9498,22794,32968,6456,23.117344
9499,23490,1657,12084,11.66406
9500,42828,39333,12372,19.018982
9501,9590,20538,47030,20.294733
9502,14026,44020,13293,7.3736424
9503,19386,46747,23219,10.466896
9504,17869,23060,40285,16.835957
9505,23552,4332,10035,22.643242
9506,20941,48913,12994,13.338443
9507,41323,5009,30316,24.76074
9508,11225,16830,19398,29.228024
9509,14254,37290,10691,3.507421
9510,18537,8457,6254,6.777649
9511,13663,21554,17302,8.14166
9512,20606,42060,2830,9.824112
9513,47278,15151,44609,21.084337
9514,34013,10874,23397,12.20779
9515,13025,14506,4819,23.097925
9516,44349,17415,44012,27.133387
9517,10867,30842,19073,10.013461
9518,18284,38334,41467,22.592665
9519,34683,47486,48915,19.13748
9520,39699,34968,24657,16.083447
9521,49443,23940,36351,14.066301
9522,36111,24456,47011,8.731817
9523,2508,48057,20724,4.5849457
9524,46073,9616,39319,21.247639
9525,30185,8393,16735,14.365154
9526,40770,11899,2620,21.22682
9527,30569,22047,5199,17.200584
9528,42491,12249,6443,15.378811
9529,11598,47362,4278,26.930016
9530,45793,12242,19829,22.066408
9531,14160,47728,33615,12.254653
9532,33034,17652,43724,20.450434
9533,12250,22425,40233,13.808677
9534,32680,17804,18301,24.60227
9535,32898,888,2449,20.872149
9536,26328,48413,27261,12.336598
9537,39252,43814,2219,13.589349
9538,23095,242,24248,7.279598
9539,9181,42225,8796,9.58722
9540,28703,47768,30417,13.650653
9541,17561,1196,6850,24.32823
9542,23902,4767,40463,17.881872
9543,17485,21469,7734,14.3007765
9544,31723,14993,39607,20.405617
9545,26890,34217,5257,5.247744
9546,34796,36661,19425,17.254416
9547,15429,21665,32613,25.583199
9548,31113,44910,831,16.475826
9549,20708,31837,47417,12.248874
9550,32538,10204,13529,21.642836
9551,20826,29692,25838,13.78028
9552,44941,19719,11870,14.503333
9553,22428,17197,15999,11.673402
9554,22185,4660,46824,11.788273
9555,49900,10385,37963,12.301539
9556,6666,1310,15870,23.089659
9557,6731,2139,37203,18.190157
9558,4150,1306,39826,15.631701
9559,29470,36019,35600,17.359903
9560,11172,36816,15284,20.11908
9561,17616,22449,20905,15.270534
9562,14841,10069,18165,15.903771
9563,12213,43376,29240,14.629139
9564,37375,14605,28568,10.961954
9565,9942,2316,11336,17.870312
9566,30223,7304,13816,24.356628
9567,37676,33342,1211,18.02941
9568,30248,3454,46385,6.952721
9569,37607,46149,33731,15.8675585
9570,17120,26036,11614,5.512548
9571,10972,4944,5159,16.48703
9572,31089,5043,5697,18.01718
9573,22723,15192,16629,16.750633
9574,33689,47509,18587,3.5618317
9575,3475,18574,19156,14.333593
9576,31067,2552,46481,7.8567805
9577,29563,37272,17338,6.1402674
9578,40584,14774,49210,17.74872
9579,46461,5748,22249,16.446064
9580,3015,38784,8712,24.57213
9581,21183,29456,43203,8.919426
9582,6621,16233,34224,11.715666
9583,10204,24211,1892,10.3165
9584,33171,19285,28776,16.073357
9585,41459,14780,5078,24.290062
9586,26852,24497,19961,16.235706
9587,23298,3637,21731,19.92226
9588,17700,43052,349,12.690068
9589,17702,33160,13086,12.583665
9590,46717,25918,17715,5.445105
9591,38558,19927,44537,14.091801
9592,35669,46450,32887,23.73763
9593,41893,21565,41582,15.4323435
9594,34538,10661,20506,20.409866
9595,29546,15172,1122,13.438363
9596,47031,15042,4037,15.035777
9597,24456,12574,29119,13.610084
9598,5758,43683,6405,23.519772
9599,9135,41307,45511,6.9052777
9600,24611,14661,8622,13.11456
9601,44613,31900,7593,13.319976
9602,24569,13538,21239,18.076214
9603,42025,18078,22330,14.301399
9604,41356,12267,28441,11.314793
9605,29507,8692,23497,10.14042
9606,4558,17743,41193,16.16166
9607,2168,48419,30084,9.578469
9608,44433,4757,37047,21.802776
9609,34205,2598,33979,6.6561766
9610,21295,9382,1892,12.559789
9611,31242,33405,15577,15.74893
9612,22097,34670,88,22.530037
9613,45809,6230,6811,2.456705
9614,25695,10525,19465,22.106956
9615,2329,10908,6756,18.176369
9616,29654,20729,48384,10.730661
9617,48490,63,35314,16.199976
9618,8032,20675,10013,20.728727
9619,16048,12100,20499,27.765322
9620,30489,34440,38671,25.268635
9621,32143,12171,33504,15.5096445
9622,31517,8013,31505,18.940859
9623,41163,28908,26046,26.473377
9624,48711,35728,15967,23.822912
9625,40360,13157,36323,43.824932
9626,42210,5463,29337,11.0442505
9627,35775,47387,6583,11.972146
9628,18805,15792,34701,16.770582
9629,37904,40195,33034,23.333849
9630,49040,31741,25002,12.097484
9631,28203,17953,29866,16.872269
9632,3916,33274,34236,12.521398
9633,8608,13025,12351,19.50614
9634,406,26383,42399,7.723398
9635,42744,8484,30433,15.049917
9636,23029,40116,45041,21.448122
9637,47119,21686,38290,12.56795
9638,14629,8126,20130,14.449003
9639,14194,41140,3367,12.156913
9640,13538,48920,17139,16.867447
9641,38348,44719,45901,18.568214
9642,9048,33229,27033,29.050497
9643,42077,46018,1956,22.901943
9644,9604,30598,2589,21.36914
9645,12605,14463,10828,6.4355655
9646,15552,19905,10792,23.771854
9647,49841,36021,17352,20.193216
9648,32405,17920,2474,6.6751127
9649,24919,30806,34287,21.546757
9650,31616,36436,28472,23.548187
9651,42267,23165,35299,28.165821
9652,31284,45750,31890,21.756802
9653,21283,4283,16216,26.676647
9654,15099,41854,38353,15.493848
9655,38556,20109,34603,23.975716
9656,22008,18950,13742,9.553752
9657,34983,42310,49919,15.507779
9658,30794,24214,23022,17.104141
9659,16920,12190,36768,14.047922
9660,10504,19348,29958,11.754736
9661,38659,13870,780,14.510814
9662,31102,3305,36310,19.24476
9663,22299,13798,43291,31.600897
9664,21186,11222,21913,16.681149
9665,1736,13939,10195,13.096691
9666,32460,35762,2001,13.758671
9667,17510,1415,49634,24.935234
9668,16733,25678,38106,22.627785
9669,36398,11848,20792,20.81005
9670,14098,14601,25057,21.20838
9671,14972,9720,39074,18.254534
9672,49855,45556,37671,21.619005
9673,32928,7772,9756,12.067801
9674,27534,18838,24620,18.258152
9675,34568,5321,29159,15.37342
9676,9555,17803,12897,14.416787
9677,11347,8251,32837,5.142073
9678,13357,12889,10339,15.360202
9679,35419,31154,40775,3.243853
9680,47919,35216,15038,24.618597
9681,19076,36187,18407,14.778937
9682,32182,1350,45137,25.59456
9683,22857,42304,32257,12.399912
9684,9786,6829,16124,15.105473
9685,16600,47409,33867,15.520058
9686,23436,31686,20754,10.8601055
9687,1865,14588,16462,13.089013
9688,47892,26340,32531,17.516016
9689,11791,46635,16408,9.921948
9690,14548,2250,16083,15.277619
9691,49048,48255,292,21.439669
9692,45735,730,13828,12.346563
9693,37641,45481,7718,14.517971
9694,15435,15883,43478,12.872136
9695,6235,29844,34955,22.983717
9696,39959,30402,39447,25.177153
9697,3712,13528,30703,24.43187
9698,48048,46940,7659,21.661976
9699,28986,32299,17588,20.466173
9700,8244,39407,41870,12.893011
9701,32380,32868,34457,5.137169
9702,9203,35920,6474,21.436789
9703,9823,39304,6444,15.110587
9704,1195,848,47608,11.133632
9705,22340,32532,9755,31.175066
9706,8783,44397,1637,7.4432096
9707,25871,36685,33652,21.40457
9708,4100,32984,47219,20.708979
9709,21062,39074,42849,21.308605
9710,47299,36859,31561,18.556114
9711,4021,10012,28022,15.786926
9712,45600,36352,11304,24.793201
9713,12963,48422,33117,5.896259
9714,31505,30461,2361,18.510742
9715,17378,37039,9397,12.591327
9716,14181,20427,3163,19.73996
9717,24576,41222,14893,23.07727
9718,1857,3136,23438,19.687513
9719,33520,22391,22326,21.972351
9720,29871,33986,11340,26.054049
9721,26705,23210,15807,16.19138
9722,20027,17768,37361,18.788252
9723,33521,7676,18569,18.73883
9724,32692,37514,41342,14.572191
9725,36101,49047,30911,19.437363
9726,15176,32832,27247,23.92139
9727,42015,32083,535,20.185305
9728,16413,31193,15285,6.3461356
9729,33868,48286,42221,15.233842
9730,37656,29133,25094,16.351381
9731,11654,19734,30064,9.670139
9732,20472,19491,40934,25.858965
9733,22514,36795,10455,16.609669
9734,32298,23680,29800,14.207529
9735,44081,16946,29946,25.490173
9736,48818,44427,24049,15.384334
9737,47915,9423,19863,16.362099
9738,277,6061,19495,9.006739
9739,14827,9411,34080,8.568436
9740,24214,12810,44614,11.916898
9741,47958,6825,9260,17.15857
9742,9973,39476,6322,8.94988
9743,20399,38219,12163,21.169994
9744,14804,10886,13148,11.661506
9745,38884,47420,47418,8.012792
9746,42901,16919,16816,12.06723
9747,2184,18897,28153,16.49991
9748,43703,24460,34774,10.738559
9749,36501,22439,6351,8.99688
9750,6347,13965,33235,3.8539467
9751,40556,37707,34275,13.259812
9752,23954,29653,21641,10.436693
9753,5554,36062,27469,25.691786
9754,3695,39917,26808,25.64726
9755,47045,3731,7895,18.707165
9756,25781,5800,45196,18.546335
9757,31097,5683,15871,20.746258
9758,7368,12660,37206,17.352482
9759,12737,39335,23514,13.713775
9760,18220,23290,23117,14.754125
9761,48018,34740,4644,17.391344
9762,16377,2536,46018,23.758919
9763,36756,49585,30757,13.960022
9764,8059,20596,30505,24.489763
9765,11786,13059,6658,1.1195616
9766,21561,17558,21653,11.185176
9767,37348,4195,21249,19.893902
9768,32328,23425,6821,10.926155
9769,6158,46866,21193,22.984768
9770,31405,19078,38963,11.229012
9771,47297,9326,40683,23.566833
9772,10268,42809,33780,21.496311
9773,32367,15051,4813,19.837843
9774,43367,3788,3669,14.266446
9775,25371,45555,28476,15.632971
9776,5512,30068,2916,23.81551
9777,25209,20980,38965,11.675295
9778,36122,39957,23956,18.008282
9779,40832,48124,45147,21.41831
9780,35806,329,564,18.806805
9781,23711,33521,24717,13.919932
9782,38475,14242,27609,23.424316
9783,38689,43395,31852,18.693237
9784,43811,18327,13158,22.738478
9785,8075,5556,23892,13.127711
9786,15469,23665,34046,13.697592
9787,265,4784,23776,11.70592
9788,9867,25013,43041,8.859416
9789,40208,18354,30140,16.151201
9790,12334,17644,28164,25.712902
9791,11081,6169,35165,14.885471
9792,4534,42111,101,19.33283
9793,31387,45657,38708,25.940912
9794,15418,9021,21250,19.722399
9795,14813,46201,39056,6.884138
9796,29451,37425,26655,17.701256
9797,45865,36857,20242,18.97903
9798,1343,12132,13479,17.100819
9799,32816,47815,1249,18.483364
9800,9978,17343,37225,12.437843
9801,10048,11942,17985,15.985994
9802,38474,6578,3972,21.342691
9803,43310,6800,2484,18.329638
9804,7261,34256,21741,20.382637
9805,24346,10313,19240,11.067939
9806,39428,3236,2618,18.441624
9807,42208,20073,36026,26.165493
9808,6604,374,34272,11.321561
9809,20729,19001,13201,26.124594
9810,2946,46846,30163,24.6184
9811,19203,15550,24738,17.041883
9812,10150,48683,43059,12.848492
9813,28408,9257,46345,12.365689
9814,48322,38970,46800,3.2282174
9815,28015,13527,16516,18.36333
9816,21431,47914,30923,6.6642685
9817,1187,47828,3530,12.639843
9818,33380,7292,39587,10.770681
9819,49376,35466,11540,18.857925
9820,45829,21615,44142,16.167618
9821,7250,6764,21985,20.753271
9822,16557,40688,43854,24.866291
9823,22703,12407,25421,16.068054
9824,41078,42753,2573,18.526329
9825,49166,12791,37248,19.566381
9826,41045,19196,28732,4.9549975
9827,31729,22470,23501,11.332628
9828,37970,14653,22532,13.967256
9829,39193,39595,6332,20.558867
9830,27956,21386,42262,19.325956
9831,46051,43033,21874,18.197348
9832,3412,6937,46391,5.9969883
9833,3638,3279,22499,18.883347
9834,39598,42255,1465,18.33939
9835,10297,40158,25599,14.451862
9836,31949,7568,2387,8.424614
9837,11407,18674,38922,15.938036
9838,91,21431,40912,10.056153
9839,10273,47350,16109,20.27122
9840,14047,27171,44451,20.981487
9841,10597,38659,23631,12.813924
9842,19603,7211,35162,23.347813
9843,10435,2676,5421,11.508155
9844,5784,26158,49057,15.347004
9845,8679,24332,14154,2.5099897
9846,4222,12565,44565,23.626799
9847,42116,897,45768,17.114454
9848,33023,33596,35734,19.133673
9849,15626,7012,3831,16.378529
9850,4247,17010,19233,9.695561
9851,6100,46762,9586,21.709078
9852,124,33322,2894,16.168343
9853,30394,37946,13012,7.1995482
9854,43973,44721,37193,18.11693
9855,17140,36558,1704,4.9214535
9856,31319,14787,35109,11.10998
9857,3390,44592,20180,16.815353
9858,43542,10256,4679,18.769707
9859,47631,14687,23996,22.150469
9860,44121,27758,10675,13.309959
9861,5402,40203,48599,10.144585
9862,43034,31168,17970,23.313244
9863,2690,6136,11117,10.773101
9864,12090,40928,3028,14.247344
9865,32559,36261,15143,14.940123
9866,27093,34664,8293,22.13555
9867,29442,17130,5915,20.350922
9868,17439,34073,43862,22.029476
9869,18929,30535,42501,16.095016
9870,14027,9368,574,9.3889475
9871,18415,10649,38118,23.597258
9872,11628,39702,15363,16.401226
9873,25849,3517,40362,24.661715
9874,8961,2715,1265,8.475839
9875,15727,29612,44343,12.609675
9876,31399,17203,21161,21.532953
9877,42119,7698,40265,8.169881
9878,22894,46033,29162,20.816936
9879,11512,25906,29765,5.3524466
9880,25410,35214,31082,39.073986
9881,7637,37588,26384,20.990772
9882,11916,24185,29742,24.185966
9883,516,20698,12826,4.0967307
9884,19413,21092,16929,26.083555
9885,888,36461,20460,10.180296
9886,34515,24970,8472,18.93202
9887,18546,8498,48911,19.12237
9888,38327,17564,45696,12.370298
9889,17456,16548,48603,26.315405
9890,3508,26160,36113,14.484342
9891,24050,42141,25575,20.039816
9892,25509,21561,192,20.1115
9893,202,26314,35635,15.060328
9894,45149,23688,14875,16.743162
9895,16304,15918,48318,19.833683
9896,35542,17681,18324,14.623277
9897,14118,40803,34523,16.219671
9898,42089,1237,16680,11.785217
9899,33600,29416,40864,2.1751325
9900,42865,35462,16694,22.40908
9901,44303,30697,46903,5.123237
9902,30819,31942,8333,16.588158
9903,27264,16062,5666,23.369808
9904,2884,26866,4029,17.289314
9905,4718,8918,34400,18.764187
9906,13965,15317,33556,12.519994
9907,33954,47432,31214,17.180695
9908,16334,19344,10184,11.676926
9909,11580,32662,11357,21.010788
9910,738,42832,1540,18.62426
9911,9766,30727,14449,17.764236
9912,38995,10182,44942,9.293999
9913,34385,40260,3147,9.467996
9914,25859,43079,32806,20.635166
9915,3221,5046,265,21.717947
9916,4421,25988,45588,19.286568
9917,24583,46324,45607,21.79333
9918,4792,16083,12381,19.721022
9919,26585,554,25933,23.626442
9920,23634,32541,39973,13.736281
9921,11338,24062,40632,22.027689
9922,24925,46986,16568,15.91042
9923,22035,10632,32877,13.292271
9924,5151,20732,42028,6.6586885
9925,13794,34816,16720,26.505758
9926,47296,33722,27608,10.527853
9927,38729,36122,10190,16.526623
9928,1603,14268,39474,14.569766
9929,21980,24092,19087,20.45352
9930,20532,21966,943,5.5893836
9931,44416,10909,46779,21.534105
9932,11907,17736,8992,15.619781
9933,44128,24512,24888,20.084976
9934,21817,43228,13939,26.124186
9935,26420,46755,40248,16.022057
9936,46524,7517,34393,10.175487
9937,4690,20635,37406,10.420879
9938,41884,49072,14496,3.4517815
9939,26112,17320,10288,19.414112
9940,29898,47841,44542,12.369844
9941,4365,48619,31964,18.751139
9942,35123,35874,46562,17.91237
9943,42288,4439,34058,20.910873
9944,5376,19819,2437,20.588243
9945,2525,22398,42169,10.516008
9946,13005,33775,7931,19.964828
9947,14946,31588,13528,6.9973664
9948,39918,25143,2376,8.83534
9949,37008,38221,21229,19.884684
9950,3091,7691,15914,15.270159
9951,20670,11102,43549,19.985233
9952,1512,27411,23838,15.80742
9953,33281,15629,36153,21.08655
9954,20331,11180,15186,10.002941
9955,35935,27387,14355,17.386923
9956,4316,19076,2383,21.62563
9957,5265,1980,11079,19.237125
9958,6283,36915,29799,11.195522
9959,11724,16124,12956,23.272356
9960,20886,32284,49039,18.314999
9961,12400,27834,880,13.445673
9962,34361,23623,13209,3.7625442
9963,7309,8869,40110,15.39706
9964,23813,16022,19703,23.638523
9965,49635,24437,46661,2.7340624
9966,49159,31639,23827,23.599932
9967,18321,4209,16216,27.16647
9968,10999,29531,30013,22.992516
9969,22164,2798,7275,11.275833
9970,48178,2084,7660,9.095555
9971,38454,25273,36353,5.0733633
9972,8427,20290,9303,6.440552
9973,9478,40970,31796,18.689114
9974,20719,42265,15558,20.900463
9975,36762,25387,6248,20.592232
9976,21488,43371,37581,16.16045
9977,26640,18804,6729,13.592619
9978,9715,20340,12581,17.293587
9979,9399,34683,47289,10.401334
9980,24150,45155,16889,18.258726
9981,36124,44738,5655,12.450307
9982,5324,7581,39488,13.010466
9983,23887,26264,9052,26.71615
9984,49383,29072,35766,12.524224
9985,4105,28779,16115,23.599792
9986,2089,24354,13447,14.702403
9987,26028,43815,22419,18.106071
9988,21954,32550,9669,12.295098
9989,1957,1677,33513,9.815709
9990,10838,41947,12009,10.993611
9991,28751,43309,31832,13.057481
9992,16496,45008,37158,6.6404595
9993,33262,14807,30325,34.641735
9994,47049,8008,22472,29.75283
9995,26859,16867,34365,12.050837
9996,15816,30527,48121,25.72494
9997,20099,49802,25913,20.452648
9998,29022,27932,13976,0.92952335
9999,16357,13056,699,19.049458
