space,query_id,transform,seed_hash,true_target_hash,top1_candidate_hash,seed_smiles,true_target_smiles,top1_candidate_smiles,target_rank_within_50,top1_morgan_tanimoto_to_seed,top1_same_scaffold_as_seed,top1_single_cut_mmp_to_seed
graph_256,4fadeb24f6dfdf98483dd4cdadf3f5281ccddb3ec9020206c09fcae21bb9789a,CC(C)[*:1]>>COC[*:1],37c2fd2a3f494e1f140cd8927f68ea3300457007de901708b42759e28d519929,c3920fba3ebe90893a4bda1bdb79f0fe354c36d1d17f1dd31481f59dfd771062,c3920fba3ebe90893a4bda1bdb79f0fe354c36d1d17f1dd31481f59dfd771062,CC(C)CC1(C(=O)NCCCNc2ccnc(C3CC3)n2)CC1,COCCC1(C(=O)NCCCNc2ccnc(C3CC3)n2)CC1,COCCC1(C(=O)NCCCNc2ccnc(C3CC3)n2)CC1,1,0.7192982456140351,True,True
graph_256,e286873db608cd000ad92b8951b09bd03609d78dac2c88de5cb4ff3d91278172,CC(C)[*:1]>>CCC[*:1],273cf5bd5e27201f34c50e489631be4f43d333fd09d88c9cf4cfe47e989e0667,679aad79be99c30e4a180e91264419ad7e29492b0f0bec0bb9b86bbab1293319,679aad79be99c30e4a180e91264419ad7e29492b0f0bec0bb9b86bbab1293319,CCCCC(=O)N1CCOCC1CNC(=O)c1ccccc1C(C)C,CCCCC(=O)N1CCOCC1CNC(=O)c1ccccc1CCC,CCCCC(=O)N1CCOCC1CNC(=O)c1ccccc1CCC,1,0.7586206896551724,True,True
graph_256,a9205035671846adf92f9bef6aaae6da50de733c19bf3ff2a6e434875830b5fc,N#C[*:1]>>O=[N+]([O-])[*:1],55cc86699c3131cff36bcbc8d21020a826c9161b21b0709e427da65e11b1928f,6bc76e8a5d79aa297015877a44365211a1dfccea72eca7fbb1f212e0daf853ea,6bc76e8a5d79aa297015877a44365211a1dfccea72eca7fbb1f212e0daf853ea,N#Cc1ccccc1OCC(=O)N1CCCO1,O=C(COc1ccccc1[N+](=O)[O-])N1CCCO1,O=C(COc1ccccc1[N+](=O)[O-])N1CCCO1,1,0.62,True,True
graph_256,8e856b6bdc528e1502bb286e30162a360dc83be069e444deb7fe3845d087be0c,C[*:1]>>O=C(O)[*:1],ceb7f13814429a5433f7b9633ea8030bd1d007f83f1855d4b2f763892a365727,13016fbdc63ea81dea3292794fb4ce58209279e4f9a568f03bab7d2d0beba0ad,1b7f4c3fc092c5a8065377ef91cb4d0e7a565cc532e284aeae8e618766689506,CC(C)(Nc1ncnc2ccsc12)C1CC1,CC(Nc1ncnc2ccsc12)(C(=O)O)C1CC1,c1nc(NCC2CC2)c2sccc2n1,2,0.5454545454545454,True,True
graph_256,3d25e880db8423217998fd276bd0c85f1d1d1bdaaa3be66a0978ca8011c3d05b,CO[*:1]>>C[*:1],e56ec58d6a6c97ac4ccaa8aba2b57cfb50e999799bdb7a417f8e362a83d2ad0b,1c6326b5906fc0a84ab4cdb0ceb129c40e6137bb41485730dc30f08d53bfe0a8,1c6326b5906fc0a84ab4cdb0ceb129c40e6137bb41485730dc30f08d53bfe0a8,COc1ccccc1CC(=O)OCC1CCOC(C)C1,Cc1ccccc1CC(=O)OCC1CCOC(C)C1,Cc1ccccc1CC(=O)OCC1CCOC(C)C1,1,0.7551020408163265,True,True
graph_256,268a98b95e1f2624089bc84a3d6818655e631061492309452be26e270f72c1bd,CC[*:1]>>OCCC[*:1],58cc4c8b1e4299a33d86cb116913c336897a7f735d389c6b7fb33fb3620b23df,80e1cdde29eb382f8dfd7b896a1e39ed8064c2143ac595f0432b329b8b75ce13,80e1cdde29eb382f8dfd7b896a1e39ed8064c2143ac595f0432b329b8b75ce13,CC[NH+]1CCC1CN(C)C(=O)c1cc(C)n(C(C)C)n1,Cc1cc(C(=O)N(C)CC2CC[NH+]2CCCO)nn1C(C)C,Cc1cc(C(=O)N(C)CC2CC[NH+]2CCCO)nn1C(C)C,1,0.7777777777777778,True,True
graph_256,c0fb2873eafc9ea01a93ba3e2f9ed556c6edaea4557c790a2c5decab499b489c,CCC[*:1]>>C[*:1],2108be4a03709d190472b8a919b8fb3d4470f1b0f35d093276bd42ee235b3507,642f5c87c1a76bca7c5d913acd5bfbd0160dd6c69e69ceac15d43ef7f2b0da4b,642f5c87c1a76bca7c5d913acd5bfbd0160dd6c69e69ceac15d43ef7f2b0da4b,CC=CCN1CC(=O)NC(CCC)C1=O,CC=CCN1CC(=O)NC(C)C1=O,CC=CCN1CC(=O)NC(C)C1=O,1,0.6756756756756757,True,True
graph_256,0752ae2023d31fe5ce693cfa670ddbee0dfbb8d5da44cd2c37bfbd3e368bcba2,C[*:1]>>OCC[*:1],54192ff5b82f9a43b1d84cfe52fa39020ff305a6a16f7095139a530e0e592632,a96c5c89a9020052c1feeec016cf8cd2d1643dfee33fb07a18d8116d1d6128e1,a96c5c89a9020052c1feeec016cf8cd2d1643dfee33fb07a18d8116d1d6128e1,CN(C(=O)CC1(CN)CCC1)C1CCS(=O)(=O)C1,NCC1(CC(=O)N(CCO)C2CCS(=O)(=O)C2)CCC1,NCC1(CC(=O)N(CCO)C2CCS(=O)(=O)C2)CCC1,1,0.6808510638297872,True,True
graph_256,8aee61e868490320242bdb81e1a5de7dd571874f466191635e3ec543a64a65ac,CCCC[*:1]>>CCC[*:1],302f3b9d581ff781fc744d65167fa64ceba31894643b885862a8de60728381e2,436fa606c80def97bd5b1fe4cc1a4d4b4ee005d714cc95d1005fd987e2c7e498,436fa606c80def97bd5b1fe4cc1a4d4b4ee005d714cc95d1005fd987e2c7e498,CCCCN1C(=O)N=NC1SCC1(C)CC1(Cl)Cl,CCCN1C(=O)N=NC1SCC1(C)CC1(Cl)Cl,CCCN1C(=O)N=NC1SCC1(C)CC1(Cl)Cl,1,0.8571428571428571,True,True
graph_256,5bd487227681b6ed0e77ff3496b19dacf4e91a5a12285214319e1951bb9e9ea7,C=C[*:1]>>COC[*:1],32f5a55e75d890e38dce37eb75f4a379d3793d6633de9dd904e73fa73dea4f7f,53c032eba9a232557b8ef190dc97ae201305f9ea7673df9632eb703a3bb45a54,53c032eba9a232557b8ef190dc97ae201305f9ea7673df9632eb703a3bb45a54,C=CCCC(=O)N1CC(C)C(CCNC(=O)Cn2ncnn2)C1,COCCCC(=O)N1CC(C)C(CCNC(=O)Cn2ncnn2)C1,COCCCC(=O)N1CC(C)C(CCNC(=O)Cn2ncnn2)C1,1,0.7213114754098361,True,True
graph_256,e7d37e501f75260040d133add75dab8341f386d75fee127ffd55599a14096e94,C[*:1]>>Cl[*:1],4d655879c507d770bab8b33143735b57feba67c9a6a332c7fd28a9915af441d2,d2a7df7e9885165ef5c03d5b3412f9d32010ffb3162458397d683fb1b8dc6a87,d2a7df7e9885165ef5c03d5b3412f9d32010ffb3162458397d683fb1b8dc6a87,Cc1ccc(Nc2ccc3ncccc3c2)c(N)c1,Nc1cc(Cl)ccc1Nc1ccc2ncccc2c1,Nc1cc(Cl)ccc1Nc1ccc2ncccc2c1,1,0.7209302325581395,True,True
graph_256,b572055fd4a38fdd054fe5f79ee82698307495fe6804d9e67ca9afd52d1c70d5,CO[*:1]>>O=C(O)[*:1],3cf26b61780c58d41e917606470965aec9aa5ccffd60e2b340ed6f1e23b54600,48fb1e3a8d4783bb578e79cfd988b80d4e339cb03645698b49f3d41df51995ee,2584abab02e52bba3e7a2e06ff4d50a554766aaf3e73922b4d0d22e931ba268e,COCC(C)NC1CC2CCC1C2,CC(CC(=O)O)NC1CC2CCC1C2,CCCC(O)CNC1CC2CCC1C2,20,0.3953488372093023,True,False
graph_256,c30957086409e37863c10e852ad3187026af2ab872da80ad38e5ec056f710f7a,C[*:1]>>FC(F)(F)[*:1],61a72a06c77a8888d4aeba46836b0119d89e67deea97062a4a1c221fdd07d68e,b2feeaaa3b1620c6df1f96937d4293930e662deec43052e457bad1ff337cf0fb,b2feeaaa3b1620c6df1f96937d4293930e662deec43052e457bad1ff337cf0fb,CC1CCC(Cn2cc(CNC(=O)c3ccccc3)nn2)O1,O=C(NCc1cn(CC2CCC(C(F)(F)F)O2)nn1)c1ccccc1,O=C(NCc1cn(CC2CCC(C(F)(F)F)O2)nn1)c1ccccc1,1,0.7321428571428571,True,True
graph_256,69148de7e3e8f8c7e52618583e22b999196e5f0381f8d4eabc0571b626a08f64,CO[*:1]>>F[*:1],aa6d32e47d7eaea22ca680278b1f29a110419e4b25dd7a0f7224cc0c9a731cdf,ba878bbfc2d863cfae8eae08c3b443522db4cbeac638112e66b6c64282e5fbaf,ba878bbfc2d863cfae8eae08c3b443522db4cbeac638112e66b6c64282e5fbaf,COc1ccc(OCCN(C)C(=O)CC2C=CS(=O)(=O)C2)cc1,CN(CCOc1ccc(F)cc1)C(=O)CC1C=CS(=O)(=O)C1,CN(CCOc1ccc(F)cc1)C(=O)CC1C=CS(=O)(=O)C1,1,0.8163265306122449,True,True
graph_256,bab1bbff7b9dfa1832b9b5934da8869038bde6c006c79e30d95c995bc3cabcff,CCC[*:1]>>CC[*:1],bc3e8a520814b70ac2faa6f7ae19e0fb2b824f444b23f64d2f3e37800111b67f,0dbfc3fcb8662a10b9e74971fc5ef50e51de5f6b2b7bb7893cb1e38abf50b8f4,0dbfc3fcb8662a10b9e74971fc5ef50e51de5f6b2b7bb7893cb1e38abf50b8f4,CCCC(c1cccs1)n1c(C)c[nH]c1=S,CCC(c1cccs1)n1c(C)c[nH]c1=S,CCC(c1cccs1)n1c(C)c[nH]c1=S,1,0.8048780487804879,True,True
graph_256,90fe64312e4f154e68e4f655e9ba8fb194ded235761c98c1b25c3816938a0d28,C[*:1]>>F[*:1],b1ba3c368fbd1cff688c205000a31638430e6ea57ec27d2221bd2dbb5aad667c,2d26c0aec399c1f1a6f962c6257b1bc95260726184218903ba75edd75286a321,2d26c0aec399c1f1a6f962c6257b1bc95260726184218903ba75edd75286a321,CCCCN1CCOCC1CNC(=O)c1ccccc1CC,CCc1ccccc1C(=O)NCC1COCCN1CCCF,CCc1ccccc1C(=O)NCC1COCCN1CCCF,1,0.8627450980392157,True,True
graph_256,b4c997d646a0b0167c40ee710ff0044a0e615b8f085f6dcb5e1a12d7deec95dc,CC[*:1]>>C[*:1],67507ec7754fcc3f0d6c80b60bc37110c408ea6135abb349720471ef79a1c55a,d58891ad1db2a8db76c28e6ba7f2d0ff9735e439c7ce090bebffbe63770fb299,d58891ad1db2a8db76c28e6ba7f2d0ff9735e439c7ce090bebffbe63770fb299,CCOCCn1cc(C(=O)NCC2CCC(C(N)=O)CC2)cn1,COCCn1cc(C(=O)NCC2CCC(C(N)=O)CC2)cn1,COCCn1cc(C(=O)NCC2CCC(C(N)=O)CC2)cn1,1,0.8269230769230769,True,True
graph_256,433be1049af2cc19e2f0e2fc3343a04ce1c912979c550a1c2fd18f9560c4cab0,COc1cccc([*:1])c1>>Fc1ccc([*:1])cc1,de68806a7d1cf6d7871b1a448bf8b9c1676927791ad67a4131385ad782f14fbe,a4967c8f3c1127824fa44645e819fb74652b859ea81b685eed6e50990a36bce4,a4967c8f3c1127824fa44645e819fb74652b859ea81b685eed6e50990a36bce4,CCOC1CC2C(c3cccc(OC)c3)CCCC2(OC)O1,CCOC1CC2C(c3ccc(F)cc3)CCCC2(OC)O1,CCOC1CC2C(c3ccc(F)cc3)CCCC2(OC)O1,1,0.6727272727272727,True,True
graph_256,bd8db1893730cd65bb855dbd84b4b5cb9c8cd17e5b40b2740dce01009a75359e,CCCCC[*:1]>>CCCC[*:1],bc611248801d648582ef88a32e7a2c3a30c071111c4328324080b0724bc06220,d972567699ee25d51c99e2ab4f492caeea4e67228c24afdbdc752788fd22e6f9,d972567699ee25d51c99e2ab4f492caeea4e67228c24afdbdc752788fd22e6f9,CCCCCC(C)N1C(=O)C(C)(CC)NC(=O)C1CC,CCCCC(C)N1C(=O)C(C)(CC)NC(=O)C1CC,CCCCC(C)N1C(=O)C(C)(CC)NC(=O)C1CC,1,0.9230769230769231,True,True
graph_256,802373cf7020624f25b17895ea0f0be8af97b3a74dc2c12ba14c5bad8ea77220,CCCN[*:1]>>N[*:1],b1f412ba67d3f3178aae932341522a69160731ab8bff7c04c29cbe10bab7330e,204f9cc460651c49a3b59cac552d864f6cf11ceecfda4bee0b092747a20e183a,204f9cc460651c49a3b59cac552d864f6cf11ceecfda4bee0b092747a20e183a,CCCNC(C1CCOCC1)C1CN2CCCC2CO1,NC(C1CCOCC1)C1CN2CCCC2CO1,NC(C1CCOCC1)C1CN2CCCC2CO1,1,0.5833333333333334,True,True
graph_256,d9a36e4320747862352da107a0efc971cd700dc34c834ecb353e47664279e75d,CCCC[*:1]>>C[*:1],8139f972fd280340e9df2b130926ae94390984715760936343cf8b5c3a3feda4,669bc7c0402a16a90b63119f5c5ee72a67d494e7d6ac38278ded5df7dca91451,669bc7c0402a16a90b63119f5c5ee72a67d494e7d6ac38278ded5df7dca91451,CCCCC(=O)N1CC(C(C)NC(=O)COc2cccc(CC)c2)C1,CCc1cccc(OCC(=O)NC(C)C2CN(C(C)=O)C2)c1,CCc1cccc(OCC(=O)NC(C)C2CN(C(C)=O)C2)c1,1,0.8,True,True
graph_256,d9f537f9c105ef0e132a6380205768094db5472283a1bfaa63d7019b9976b070,CC(C)[*:1]>>COC[*:1],21b49df3d9d71d05810929fbad51add6fca61b482a23e3f2391a3ec58c685082,d9020cf6ba8aa82e051c65ee102e784353c410ce269c01f762fd2e9ad56234df,d9020cf6ba8aa82e051c65ee102e784353c410ce269c01f762fd2e9ad56234df,CC(C)CCC(=O)NC1CN(C(=O)c2cc(=O)n(C)o2)CC1C,COCCCC(=O)NC1CN(C(=O)c2cc(=O)n(C)o2)CC1C,COCCCC(=O)NC1CN(C(=O)c2cc(=O)n(C)o2)CC1C,1,0.7454545454545455,True,True
graph_256,2a2b87eef38b921391281b29c41cd76bf138541f5773d7c982f6c7cbfff9ab49,CC(C)[*:1]>>CCC[*:1],7c2319f64647ed25e6cf6cb8abdb7417f5f66557525858033f36618980b16355,30408ce2a59665ca339dfb5fd1e38673ae006bc2c5e332735bc4fe42d2f71a21,30408ce2a59665ca339dfb5fd1e38673ae006bc2c5e332735bc4fe42d2f71a21,CCC1(OC(=O)CN)C(=O)OCc2c1cc1n(c2=O)Cc2c-1nc1ccc(N)cc1c2[Si](C)(C)C(C)C,CCC[Si](C)(C)c1c2c(nc3ccc(N)cc13)-c1cc3c(c(=O)n1C2)COC(=O)C3(CC)OC(=O)CN,CCC[Si](C)(C)c1c2c(nc3ccc(N)cc13)-c1cc3c(c(=O)n1C2)COC(=O)C3(CC)OC(=O)CN,1,0.8205128205128205,True,True
graph_256,3fdf208ad8f638d19e8f67476d7de6e33302d11a745c5356868538da25ce3103,N#C[*:1]>>O=[N+]([O-])[*:1],a5abf0421f7925878fe6bf5460fd8d189253fb458ed4796f0156e4a08d44fae1,c16261458707ac9138be2633d708c3402b8d1029299aee9de8afddaee9b44645,c16261458707ac9138be2633d708c3402b8d1029299aee9de8afddaee9b44645,CCn1nccc1N1CCCC(NC(=O)c2ccc(C)c(C#N)c2)C1=O,CCn1nccc1N1CCCC(NC(=O)c2ccc(C)c([N+](=O)[O-])c2)C1=O,CCn1nccc1N1CCCC(NC(=O)c2ccc(C)c([N+](=O)[O-])c2)C1=O,1,0.7313432835820896,True,True
graph_256,a6f5a86a8158e681728dc5f61efc53f14b269c7cdf42dcc842dd4a2f4f5dcb9f,C[*:1]>>O=C(O)[*:1],420dc0e1d1b34f30bed70006862766ad59804b9fa941da0c17961f5ffd492bbd,bf57b3cc4d78a7f70c9f28d9ae8574c546eab188f38e0be8dbe40659fc76cb57,bf57b3cc4d78a7f70c9f28d9ae8574c546eab188f38e0be8dbe40659fc76cb57,CC1(C(=O)N2CCC(NC(=O)C3CCCCC3)CC2)CCC1,O=C(NC1CCN(C(=O)C2(C(=O)O)CCC2)CC1)C1CCCCC1,O=C(NC1CCN(C(=O)C2(C(=O)O)CCC2)CC1)C1CCCCC1,1,0.6904761904761905,True,True
graph_256,a19c5aa08aacb6f4e00a81a884e12a38df8ba49a532eeee9bcc07a2cf8ba52f6,CO[*:1]>>C[*:1],38d53ed0b2603153bb3b9f860226e7139284c8d43e48bec440d24970b2a2a5e0,2bc2dfe13d244f753c14fae48fd535161352b403cab6fa5b353da36364da3842,5c844e0289cb31e2d76d06da05e61b8c1ddf6f5a725394d26ebdd39d5c12d407,CNC(CCC(C)OC)CC1CC2CCC1C2,CNC(CCC(C)C)CC1CC2CCC1C2,CCCCC(CC1CC2CCC1C2)NC,2,0.6341463414634146,True,True
graph_256,9077948940b51d6f035bc88574820180b8ecdc42fbdd4a428022f2431e6ef5e2,CC[*:1]>>OCCC[*:1],40c504f042a8f3641331efd8e916725d1b6e4bec3a5dbbc80acb99c79ccfe6dc,31d6ae02ecab90750d8a92835df67addb0c592cf51690b50c011400fd1f4b9a4,31d6ae02ecab90750d8a92835df67addb0c592cf51690b50c011400fd1f4b9a4,CC[NH+]1CCCC1CNC(=O)CNC(=O)CCC1CCCC1,O=C(CCC1CCCC1)NCC(=O)NCC1CCC[NH+]1CCCO,O=C(CCC1CCCC1)NCC(=O)NCC1CCC[NH+]1CCCO,1,0.7291666666666666,True,True
graph_256,5438c3b64e31cec5a4f99810652a6e6cae7d11f359f9e197f2cb25c8e44599f1,CCC[*:1]>>C[*:1],31a0d6d5861204660927e4c2384388327170c59371363ca751c216b3097307f3,ea52628041f324e113b96e442c858781b87be7734707fa7f877d5eb35d5baf88,ea52628041f324e113b96e442c858781b87be7734707fa7f877d5eb35d5baf88,CCCn1c(SCC(=O)NCc2ccccc2OC)nnc1-c1cccc(C)c1,COc1ccccc1CNC(=O)CSc1nnc(-c2cccc(C)c2)n1C,COc1ccccc1CNC(=O)CSc1nnc(-c2cccc(C)c2)n1C,1,0.8,True,True
graph_256,65510ca77e4bc2ef7fab08f45fa4620b6ea9eece51723ac8c9f0a865099232a0,C[*:1]>>OCC[*:1],278e9ec46ac319f4bef53686190ecd1cb5457304d634954f294e9f04ba85f4ff,1a8f9824ca016b04a78405c8414f8b252e7b0f38d8e22680b7882a81f7ccc30d,1a8f9824ca016b04a78405c8414f8b252e7b0f38d8e22680b7882a81f7ccc30d,CSc1cccnc1NC(=O)NC(C)C1CC1,CSc1cccnc1NC(=O)NC(CCO)C1CC1,CSc1cccnc1NC(=O)NC(CCO)C1CC1,1,0.7,True,True
graph_256,47ebeb0946d568ff6ff9e463f6d70b5a80b4d2f4e6df072d14f3f44f5cdca281,CCCC[*:1]>>CCC[*:1],63f64741d33cbfcf2364d130aeeed6efe1823d2f82352e317144c17ed667e748,5b8f4b15ee2319c34047a643bf83437bee4d2e9c583822d2361fc139f8b9d0de,5b8f4b15ee2319c34047a643bf83437bee4d2e9c583822d2361fc139f8b9d0de,CCCCc1nn2c(c1Br)NCC(C)C2CC,CCCc1nn2c(c1Br)NCC(C)C2CC,CCCc1nn2c(c1Br)NCC(C)C2CC,1,0.85,True,True
graph_256,0f68e7cf4fad492e0298d7df1bfba4c98732393654ce44c27b0ceeb80ee4cc94,C=C[*:1]>>COC[*:1],674f2889dbd68b333752384490c953637e025235cfe3b4de913cff89e14eb4e9,389dfc49aba2d40c556745f8b7df38fe8dd7cd34a85c57788bc79f3c104f9d25,389dfc49aba2d40c556745f8b7df38fe8dd7cd34a85c57788bc79f3c104f9d25,C=CCC[NH+]1CC2CN(C(=O)CCc3cn[nH]c3)CC2C1,COCCC[NH+]1CC2CN(C(=O)CCc3cn[nH]c3)CC2C1,COCCC[NH+]1CC2CN(C(=O)CCc3cn[nH]c3)CC2C1,1,0.6964285714285714,True,True
graph_256,126979b3519d0a62109d57bf2b3098b58a8b1f4d49f79cbeffda926e9aa4c6b2,C[*:1]>>Cl[*:1],5f6652165e688605c6b883772d6fec1c6811a135c6cb5f62cfe5f89e0831538f,ec9b5e7af16ca2b5d7ac9bd7c4ba133c9bd618b7ef7321395171fd0c3a11037e,ec9b5e7af16ca2b5d7ac9bd7c4ba133c9bd618b7ef7321395171fd0c3a11037e,Cc1cccc(-c2nc(C3CSC(C)C(C)S3)no2)c1N,CC1SCC(c2noc(-c3cccc(Cl)c3N)n2)SC1C,CC1SCC(c2noc(-c3cccc(Cl)c3N)n2)SC1C,1,0.7916666666666666,True,True
graph_256,3c02ef96e3156cea73d9834f77e66270c72120ce4375c0fbdc552801314b4f86,CO[*:1]>>O=C(O)[*:1],d26343286da41704eae949a5def63697e5c55345e4ee6075a783a14b3a213140,e0ffc7c9568576c7ebf72149a40330e285f23105a677aacc8661c0ecfa868df7,e0ffc7c9568576c7ebf72149a40330e285f23105a677aacc8661c0ecfa868df7,COC(C#N)C1CC2CCC1C2,N#CC(C(=O)O)C1CC2CCC1C2,N#CC(C(=O)O)C1CC2CCC1C2,1,0.4864864864864865,True,True
graph_256,a1b4d667b4c441d6eb1ca72d3f30d929eac94f8903b479d2c736fef64f192350,C[*:1]>>FC(F)(F)[*:1],352b3705342933b1a7deb5aba5035cfa1165ef69f184ffbd940a054596463a16,82dd993aecd7b04943a594c56f02f7b916f7e32c1b39468eb1eed7173b3c9c79,82dd993aecd7b04943a594c56f02f7b916f7e32c1b39468eb1eed7173b3c9c79,CC(C#N)CNC(C)C1CC2CCC1C2,CC(NCC(C#N)C(F)(F)F)C1CC2CCC1C2,CC(NCC(C#N)C(F)(F)F)C1CC2CCC1C2,1,0.6829268292682927,True,True
graph_256,34a57b40b47a5a175cd389536e33f166b59585c3b801cf58f747a45e0965bb0d,CO[*:1]>>F[*:1],46043b6b7fac402e16ed07cc9e21122e045f8b85e3479e0bae7462b65b41615d,8e9dcd27ac57e2ce770a9f09d997c3304a3c32f970c7fa8fb9292233f5400629,9aeb01a177a803f64601c1d636bd306b5fb055ac326ef8702caaeec84f01f970,COc1ccc(C(=O)c2sc(Nc3ccccc3F)nc2N)cc1,Nc1nc(Nc2ccccc2F)sc1C(=O)c1ccc(F)cc1,COc1ccc(C(=O)c2sc(Nc3ccc(F)cc3)nc2N)c(F)c1,3,0.5333333333333333,True,False
graph_256,1d33027b7659f9ffa5ee2da59dbd899ff38a1265142fec39a0963737218e430f,CCC[*:1]>>CC[*:1],81032c5a87ef88df8bc169158c36d0daf62e12ef8b59f7fa37b203f963c54ea4,caab361bd7a4defd872a1ba20a6801e38a6b742b08e8b070a9b0306cd07efb10,caab361bd7a4defd872a1ba20a6801e38a6b742b08e8b070a9b0306cd07efb10,CCCNC(C#N)(CN(C)C1CCCC1)c1ccccc1,CCNC(C#N)(CN(C)C1CCCC1)c1ccccc1,CCNC(C#N)(CN(C)C1CCCC1)c1ccccc1,1,0.813953488372093,True,True
graph_256,77b9652ad228792c7b86d530959cb8b59c2e8b7583a5432f18e153d45cc7aba4,C[*:1]>>F[*:1],b4b1ebe834edad3c0eccc7ed48a57ec8590da7c39290b17a091afa9bece3aa63,b148d73d577192433ca63c73b5b392e2e38150eef56e8678fc7bf01323d018fd,b148d73d577192433ca63c73b5b392e2e38150eef56e8678fc7bf01323d018fd,Cc1cc(C[NH+]2CCC(n3nccc3C)CC2)cc(C)c1F,Cc1cc(C[NH+]2CCC(n3nccc3C)CC2)cc(F)c1F,Cc1cc(C[NH+]2CCC(n3nccc3C)CC2)cc(F)c1F,1,0.8863636363636364,True,True
graph_256,cad8e827859654356a13380187844e9c2b17b99ac9bbffdafcfa7fc0475ba236,CC[*:1]>>C[*:1],42fdd2355cdcd55d14ef21eebce6f506aab67322e4ef3407f3d055c8c458459a,f78d8e270524bcd874048b8fd286fcdda2bcf77cc99fc0060bbedad124a57a6c,f78d8e270524bcd874048b8fd286fcdda2bcf77cc99fc0060bbedad124a57a6c,CCCC(C)C(=O)N1CCC1CNC(=O)c1snnc1C1CC1,CCC(C)C(=O)N1CCC1CNC(=O)c1snnc1C1CC1,CCC(C)C(=O)N1CCC1CNC(=O)c1snnc1C1CC1,1,0.8490566037735849,True,True
graph_256,2968027de166db075185e9988652663cada6b345d126e031c863e0493498de75,COc1cccc([*:1])c1>>Fc1ccc([*:1])cc1,6d58d53bc30e89be73844d6c5bbb8dfdd444add142df34a8e8145262ab666904,32a4bc9831aef3612b1417f87da2f2ec46b4c0f18c45ec7be9cac7d184473205,32a4bc9831aef3612b1417f87da2f2ec46b4c0f18c45ec7be9cac7d184473205,COc1cccc(C(=O)N2CCC(NC(=O)c3cn[nH]c3)C(C)C2)c1,CC1CN(C(=O)c2ccc(F)cc2)CCC1NC(=O)c1cn[nH]c1,CC1CN(C(=O)c2ccc(F)cc2)CCC1NC(=O)c1cn[nH]c1,1,0.6833333333333333,True,True
graph_256,65cd7d6f58f7fab512f53578dbc150f0cb84620d44e502a7f50702e280dd8155,CCCN[*:1]>>N[*:1],1457ed91fadc8fd03bbbf088647732b3601fc412d81559ada3c5d8d569c6be4f,8607265da5d73bb63a5d20f73654ad5c9f2145987d5fd26645aca6012d855782,8607265da5d73bb63a5d20f73654ad5c9f2145987d5fd26645aca6012d855782,CCCNCc1cnc(N(C)C2CCC2)cn1,CN(c1cnc(CN)cn1)C1CCC1,CN(c1cnc(CN)cn1)C1CCC1,1,0.6,True,True
graph_256,dbfa76d551742cce9cd774927a917b333bff114e471a82eefee15a00a5b578ea,CCCC[*:1]>>C[*:1],7ae8392e796c153362263fb764a3b8dc6860cd730319b4743a15414779bc5a5e,3e54dd678ab3c390c42882eb5097cdf85888eac0ff2581dd531653054b97d30a,3e54dd678ab3c390c42882eb5097cdf85888eac0ff2581dd531653054b97d30a,CCCCOc1ccc(C(=O)NNC(=S)Nc2cccc(C)c2C)cc1OC,COc1ccc(C(=O)NNC(=S)Nc2cccc(C)c2C)cc1OC,COc1ccc(C(=O)NNC(=S)Nc2cccc(C)c2C)cc1OC,1,0.7924528301886793,True,True
graph_256,56330d46986864a16d2fd01d7e0fb0319b8fe61799250fcffe210676172f8829,CC(C)[*:1]>>COC[*:1],b2bb2774f052a9ed170693a43433ba4168d0dd4eebbe3f29546a1c6b650b62c1,4860d53dbc1546f1ec1a6a4e81c81514404dc7d6384f6c12abfc9e095a355b3c,4860d53dbc1546f1ec1a6a4e81c81514404dc7d6384f6c12abfc9e095a355b3c,CC(C)C([NH2+]C1CCOC(C)(C)C1)C1CC1,COCC([NH2+]C1CCOC(C)(C)C1)C1CC1,COCC([NH2+]C1CCOC(C)(C)C1)C1CC1,1,0.575,True,True
graph_256,78e54064c7f738761954bc2ad5724f7248ba5eaa7e0055f3a669451f4c080c30,CC(C)[*:1]>>CCC[*:1],55b1365babe24c75843b51abd709a5ecb234a6d60d2b1567ad6d1e983e0b9c7e,ba71710c48587929549647df1d8ee8d49ad492cde2a8478c342513e814c3e51e,d972567699ee25d51c99e2ab4f492caeea4e67228c24afdbdc752788fd22e6f9,CCCC(C)N1C(=O)C(C)(CC)NC(=O)C1C(C)C,CCCC(C)N1C(=O)C(C)(CC)NC(=O)C1CCC,CCCCC(C)N1C(=O)C(C)(CC)NC(=O)C1CC,2,0.6,True,False
graph_256,975223454536b5bfde77f5d28416918f6979b5e360abf6c5dc9d709fb33c9224,N#C[*:1]>>O=[N+]([O-])[*:1],a98c7f0f34b64b0dedc29079f434e892a6189aa7f809eca00b6df925ab2309c6,08271ea19d279559f0f54ed6439df8cad1fe33e25e68ed7b7691eb8400478b2d,08271ea19d279559f0f54ed6439df8cad1fe33e25e68ed7b7691eb8400478b2d,COC(=O)C1C(O)CCCN1C(=O)c1ccn(-c2cccc(C#N)c2)n1,COC(=O)C1C(O)CCCN1C(=O)c1ccn(-c2cccc([N+](=O)[O-])c2)n1,COC(=O)C1C(O)CCCN1C(=O)c1ccn(-c2cccc([N+](=O)[O-])c2)n1,1,0.7121212121212122,True,True
graph_256,7a44ff8133d8035ac4ee9a5ff53a0f6b8b8c0eb7d66e559080383d003dcb351f,C[*:1]>>O=C(O)[*:1],c8217fdcdd30ee13d0aed047d515f4bb2c61ba4c934c5945e8e44cf276b5d091,f64acf1ccf876594709ba58d29030673ee4857270d9b50ad2f02aac268dfded9,83a3607befbe82ed7fb9e6ca67c672212f358352bb3232c12e1de8d4717b4647,Cc1ccn(-c2ncc(F)cn2)n1,O=C(O)c1ccn(-c2ncc(F)cn2)n1,Cc1nc(-n2cccn2)ncc1C=O,2,0.2608695652173913,True,False
graph_256,6bb4718b1bdb7571efcc4090bac9c42ad9c364e2bfe3b819821c7bc0e5db02a1,CO[*:1]>>C[*:1],2c1ef4d907e5f63026e2ae8d950dfc950ef1c41b998ed3090051823df2bd211e,5af8f414a952e791cbe8c73339f1d5b3eda970900576d4c55fdca34199982d40,5af8f414a952e791cbe8c73339f1d5b3eda970900576d4c55fdca34199982d40,COc1ccc(C(=O)NNC(=S)Nc2ccccc2)cc1Br,Cc1ccc(C(=O)NNC(=S)Nc2ccccc2)cc1Br,Cc1ccc(C(=O)NNC(=S)Nc2ccccc2)cc1Br,1,0.717391304347826,True,True
graph_256,c70d89bbbb43ee2d2cd057db77c153d2f809cda92e2d0a81b00cefc78337a88d,CCC[*:1]>>C[*:1],ec84851bb2dedf74a96b88605ee5d9939394fa5357e09a79ec3b2761810dcc50,67c497c163aa952326ba87f0f6deb957b00bfb4e7dd5e6384fea383628e24161,67c497c163aa952326ba87f0f6deb957b00bfb4e7dd5e6384fea383628e24161,CCCC1NC(=O)C(C)N(CCS(=O)(=O)C(C)(C)C)C1=O,CC1NC(=O)C(C)N(CCS(=O)(=O)C(C)(C)C)C1=O,CC1NC(=O)C(C)N(CCS(=O)(=O)C(C)(C)C)C1=O,1,0.6904761904761905,True,True
graph_256,6db05f4f5609512f679910b3af4d34399a766d50473a4cd698d5749d4f806396,C[*:1]>>OCC[*:1],5e59253b5827608315ab3d90f8b3b3fa4ecc343dcea08a0e14ca193699749d29,f6d59dcba916769e5fa6c42265f5930cafe05c77377d0b74ba24fca6e9279875,f6d59dcba916769e5fa6c42265f5930cafe05c77377d0b74ba24fca6e9279875,CN(CCNC(=O)C12CCC[NH+](CC1)C2)C(=O)C12COCC1C2,O=C(NCCN(CCO)C(=O)C12COCC1C2)C12CCC[NH+](CC1)C2,O=C(NCCN(CCO)C(=O)C12COCC1C2)C12CCC[NH+](CC1)C2,1,0.7586206896551724,True,True
graph_256,c47cda006e3b6960e98aa66839698392181bfbbef940aab4fd5c0f9e90ffe821,CCCC[*:1]>>CCC[*:1],fdb5d8160a85e62e34e8b6e8dba619564fc1486756f18fdba17c5c094822e505,91af9e390ed7c1b8340bdfa0a4dee904078025cfb32bc7e9a0e16a3760588bf1,91af9e390ed7c1b8340bdfa0a4dee904078025cfb32bc7e9a0e16a3760588bf1,CCCCN1C(=O)C(C)(CC)NC(=O)C1(CC)CC,CCCN1C(=O)C(C)(CC)NC(=O)C1(CC)CC,CCCN1C(=O)C(C)(CC)NC(=O)C1(CC)CC,1,0.8181818181818182,True,True
graph_256,2c278f9a74cf140d09e3141ee5afd82b5bbfa5ee4759de2019a0d5fa744a97a6,C=C[*:1]>>COC[*:1],822fb00fd5a0f69fc8aa2ecd7b0578d534ac99621cf2f1ec6b0eed4a3a70a032,6c83062d97f0ce5c307ef5d322fb30a7259996d035e033c408c5f136a74fe645,6c83062d97f0ce5c307ef5d322fb30a7259996d035e033c408c5f136a74fe645,C=CCC(C)N1CC(=O)NC(C(C)(C)C)C1=O,COCCC(C)N1CC(=O)NC(C(C)(C)C)C1=O,COCCC(C)N1CC(=O)NC(C(C)(C)C)C1=O,1,0.6222222222222222,True,True
graph_256,519735b4adfa6dbd78430d7bb6cb06b4324f212645873f302d5a905c015c8b4e,C[*:1]>>Cl[*:1],779ae9a1c4f8b6e23bf8a79367a2a12b52f571219e00957046ee7a5d6b86ec55,86bb3fc6c7fd7c5c5e9d9b65435179c9f620fa6702c6d25795177e57ddaaede0,86bb3fc6c7fd7c5c5e9d9b65435179c9f620fa6702c6d25795177e57ddaaede0,Cc1ccccc1CC(C)NC(=O)C[NH2+]CC1CCCO1,CC(Cc1ccccc1Cl)NC(=O)C[NH2+]CC1CCCO1,CC(Cc1ccccc1Cl)NC(=O)C[NH2+]CC1CCCO1,1,0.8076923076923077,True,True
graph_256,525b9cfcef53a136ced0f45664dd5ad99009676c5d5a4ff1b1a03efc85ff25a5,CO[*:1]>>O=C(O)[*:1],47f0af28e3528834458cce611a27de7946e41efa35ecfc9f7a04fe81ce608d15,b82215608695c451fb61dd7cb0a71d2a1c9696243872dc34a6a66ec1ed9dc098,b82215608695c451fb61dd7cb0a71d2a1c9696243872dc34a6a66ec1ed9dc098,COc1ccc(C(=O)c2sc(Nc3ccc(S(N)(=O)=O)cc3)nc2N)cc1,Nc1nc(Nc2ccc(S(N)(=O)=O)cc2)sc1C(=O)c1ccc(C(=O)O)cc1,Nc1nc(Nc2ccc(S(N)(=O)=O)cc2)sc1C(=O)c1ccc(C(=O)O)cc1,1,0.78,True,True
graph_256,9e2ac62f4aac92be06042b86d696a030e61ad76f51c34c4310033195916d0134,C[*:1]>>FC(F)(F)[*:1],7271863648540b966f2fdafdcb1c822900c088b359093693b08014b105a7d430,65006ed8dff4f5b1ee86cfd961971bed43803b0eb67b64df4a34e2e4fe3050d7,65006ed8dff4f5b1ee86cfd961971bed43803b0eb67b64df4a34e2e4fe3050d7,CC(C)NC(=O)N1CCCC(N2CCOCC2)CC1,CC(NC(=O)N1CCCC(N2CCOCC2)CC1)C(F)(F)F,CC(NC(=O)N1CCCC(N2CCOCC2)CC1)C(F)(F)F,1,0.7674418604651163,True,True
graph_256,fd2c3a1644bb23f63079ff84d2a6c3dbfbbeebc39fdabe41fe502eb953f8a275,CO[*:1]>>F[*:1],0b2ca9676f4d7db6fa81efee99e9f041115e017dc0bb7de74dde93bc7f6f2b24,083bb861be76138a028c9b79b7376cb82b745cf4cdc79c7536e5bf9fd3b0adc3,083bb861be76138a028c9b79b7376cb82b745cf4cdc79c7536e5bf9fd3b0adc3,COCC[NH+]1CCC(NC(=O)Cc2cnn(C)c2C)C1C,Cc1c(CC(=O)NC2CC[NH+](CCF)C2C)cnn1C,Cc1c(CC(=O)NC2CC[NH+](CCF)C2C)cnn1C,1,0.7777777777777778,True,True
graph_256,62486c2422cf7946f71ed5d4d1fb996427a6a828feef49838023a105cf58a5f3,CCC[*:1]>>CC[*:1],652ddd23776ab26c60f2960a9f5d7d1433b844b7e04659b18d3a33b33aff169c,d59d75405371ae51191d8e6547942d88c81e18be8192992017ac7b1ca7bd7779,d59d75405371ae51191d8e6547942d88c81e18be8192992017ac7b1ca7bd7779,CCCNC(C1=CCCC1)c1ccc(Br)c(F)c1,CCNC(C1=CCCC1)c1ccc(Br)c(F)c1,CCNC(C1=CCCC1)c1ccc(Br)c(F)c1,1,0.8181818181818182,True,True
graph_256,13c48021747b86eaa08dfd67409982607a6f89a7c993280f9ac40fd23e58f59e,C[*:1]>>F[*:1],5e1237c03cfd3d1d5fe8833f90bd6c4a27d57bb361bb91afa48d1c25cdd31e79,dcdb6f7d04b187d2f0e4ada66cc3df10ac606e9fcb922ae8c663295d310a4747,dcdb6f7d04b187d2f0e4ada66cc3df10ac606e9fcb922ae8c663295d310a4747,Cc1ccccc1C(=O)N(C)CC1CCCN1C(=O)c1cnco1,CN(CC1CCCN1C(=O)c1cnco1)C(=O)c1ccccc1F,CN(CC1CCCN1C(=O)c1cnco1)C(=O)c1ccccc1F,1,0.8103448275862069,True,True
graph_256,0dcba79bb70e7b7ea1f01ac79fa3318a84e10f17084a6feae1285d047799332f,CC[*:1]>>C[*:1],c020446a511bc868fed4d3d03e4b1caf942b1bb1556eb083aab83bd53b1838f7,81cb6616147e9ff95bda7534b17db923bab46429e45c8bbe2f39f5a09879eabe,81cb6616147e9ff95bda7534b17db923bab46429e45c8bbe2f39f5a09879eabe,CCc1cc(N2CCN(CCCO)CC2)nc(-c2ccccn2)n1,Cc1cc(N2CCN(CCCO)CC2)nc(-c2ccccn2)n1,Cc1cc(N2CCN(CCCO)CC2)nc(-c2ccccn2)n1,1,0.7692307692307693,True,True
graph_256,8986b1c4c364ebff8840a33a8954a6f137c62f934307b3f287f8f03c912207f8,COc1cccc([*:1])c1>>Fc1ccc([*:1])cc1,955604571557b5d2f96929f5eb7795fa9e332bf9b5554d487d2f2d582dc9265c,401f707a024e0c2b257a91a59613e922177347d5dd705051ce22c9aa8527d815,401f707a024e0c2b257a91a59613e922177347d5dd705051ce22c9aa8527d815,COc1cccc(C2CC(O)CN2C(=O)c2cnc(C)[nH]2)c1,Cc1ncc(C(=O)N2CC(O)CC2c2ccc(F)cc2)[nH]1,Cc1ncc(C(=O)N2CC(O)CC2c2ccc(F)cc2)[nH]1,1,0.6491228070175439,True,True
graph_256,c043a78981c8c46fa8b66a20907941f7baf5306e10bfdb556d6bd959fee91179,CCCC[*:1]>>C[*:1],5a94731e49211d0a33d8ee454e69e2be2bc219a725ffb0d91f941e9469effcba,3f3beee60a829ae1a620e0d142b9b926391de2322928d6c8723f71ba39682cb4,3f3beee60a829ae1a620e0d142b9b926391de2322928d6c8723f71ba39682cb4,CCCCC(=O)NCC1CC(NC(=O)c2n[nH]c3c2CCCC3)C1,CC(=O)NCC1CC(NC(=O)c2n[nH]c3c2CCCC3)C1,CC(=O)NCC1CC(NC(=O)c2n[nH]c3c2CCCC3)C1,1,0.7358490566037735,True,True
graph_256,ef294d763aed67ecc9c71c9b7c7c3c6e9e5a6a03027bc7f31d6351b529f6f67d,CC(C)[*:1]>>COC[*:1],a83c914ebd6d91ba72b44c03894e0d99c86372128d6bdd0230136f11b09b0176,86c04f870e8d7b07ab65a9209868ebb405d0c3329a050c04f9814f25061e2fa5,86c04f870e8d7b07ab65a9209868ebb405d0c3329a050c04f9814f25061e2fa5,CC(C)CCNC(=O)C1C2CCC(C2)C1N,COCCCNC(=O)C1C2CCC(C2)C1N,COCCCNC(=O)C1C2CCC(C2)C1N,1,0.6190476190476191,True,True
graph_256,a0b92d9c58e8600b47ae4cd63158a99e2df235beda6ffad07b4241da15d5e4d8,CC(C)[*:1]>>CCC[*:1],a17aa7bcbf8e31306e469741a49048133f46b879c96220104880e0719c971c9c,0d85025a78a56fa496099d694ebd08b82c3d7f5d278eb8e7f69242ad586ec691,0d85025a78a56fa496099d694ebd08b82c3d7f5d278eb8e7f69242ad586ec691,CC(C)CC[NH+]1CC(O)C(NC(=O)c2ccc(F)c3occc23)C1,CCCCC[NH+]1CC(O)C(NC(=O)c2ccc(F)c3occc23)C1,CCCCC[NH+]1CC(O)C(NC(=O)c2ccc(F)c3occc23)C1,1,0.7627118644067796,True,True
graph_256,1f381fe55047400015d3afc64712ef2b3ca42185fd8be5a72c9e7ce4f03d5e9a,N#C[*:1]>>O=[N+]([O-])[*:1],ff7984bb5a01b4eed1219cbf5b8a08844e72e139b9a120faac66a36dc52a5659,89cc89a459d28140c1c06e3924165d72f8cb506f699403681b903ab8bf9b113e,89cc89a459d28140c1c06e3924165d72f8cb506f699403681b903ab8bf9b113e,CC(C)OC1CCCN(C(=O)c2ccn(-c3cccc(C#N)c3)n2)C1,CC(C)OC1CCCN(C(=O)c2ccn(-c3cccc([N+](=O)[O-])c3)n2)C1,CC(C)OC1CCCN(C(=O)c2ccn(-c3cccc([N+](=O)[O-])c3)n2)C1,1,0.7121212121212122,True,True
graph_256,c2ae2bce698671d32f2e759ea7a58338f93879dfbac41b546f612176ad0833b8,C[*:1]>>O=C(O)[*:1],9ef2708b43c632a8953fb4f270547f0f96a00b8b87a11cfd71ee7f4767887881,5a93ca05a2d1b7e7043024734633ed44b9ce75d9c991a39d67fc12b5e6ee7fa0,5a93ca05a2d1b7e7043024734633ed44b9ce75d9c991a39d67fc12b5e6ee7fa0,CC(C)(C)C(=O)OC1(C)CC2CCC1C2,CC(C)(C(=O)O)C(=O)OC1(C)CC2CCC1C2,CC(C)(C(=O)O)C(=O)OC1(C)CC2CCC1C2,1,0.75,True,True
graph_256,3331cb4f0451a6ccef18e1223cc9d17623472b5d014218ac83d57737b737e241,CO[*:1]>>C[*:1],8b178d5c7b40c94a139e931213618ae3c175206dbf4af09c1106be1a8d43eec8,d5c732698971be3e3f5fae6cb26dac943de9936775b954233601d0ef6d294f66,d5c732698971be3e3f5fae6cb26dac943de9936775b954233601d0ef6d294f66,COCC(NC(=O)N1CCC(C[NH+](C)CC2CC2)C1)C1CC1,CCC(NC(=O)N1CCC(C[NH+](C)CC2CC2)C1)C1CC1,CCC(NC(=O)N1CCC(C[NH+](C)CC2CC2)C1)C1CC1,1,0.7659574468085106,True,True
graph_256,79db794324f783635eccd86652b7ebbfb8f95ad7c6ba711494c69986c69eab16,CCC[*:1]>>C[*:1],b77ee22ea25fd69c3576134b8c1fda295aaecf7f0416c481be9efcc008ad9937,0d52bf6731711ab47a0acaba202a5cb7ab4b8a5f210a24288b658333302edec2,0d52bf6731711ab47a0acaba202a5cb7ab4b8a5f210a24288b658333302edec2,CCCN(Cc1ccc(C)cc1)C(=O)CSc1nnc(-c2ccc(C)cc2)n1N,Cc1ccc(CN(C)C(=O)CSc2nnc(-c3ccc(C)cc3)n2N)cc1,Cc1ccc(CN(C)C(=O)CSc2nnc(-c3ccc(C)cc3)n2N)cc1,1,0.7307692307692307,True,True
graph_256,5354032c32f2268c1ed429d94def3ba81d4cf9a64ff315c01afec9ffb872a4f7,C[*:1]>>OCC[*:1],e2a561e526aa394d5a8a67a54ab5f1d2b6ebd0d9aefdec54ea6a3b89a95d75aa,5b957480d9ea28d8145aea600525924e88ef66249e5b0c824891f315c3d09b9e,5b957480d9ea28d8145aea600525924e88ef66249e5b0c824891f315c3d09b9e,Cn1cc(CNCC2CCN(C(=O)OC(C)(C)C)C2)nn1,CC(C)(C)OC(=O)N1CCC(CNCc2cn(CCO)nn2)C1,CC(C)(C)OC(=O)N1CCC(CNCc2cn(CCO)nn2)C1,1,0.7818181818181819,True,True
graph_256,e5ab486ca2086a51fdca2b87bde94375a2977e9cf6badb46a0650630040b55be,CCCC[*:1]>>CCC[*:1],4b522287dc8d0d560b670079ad1c5fdef2cd0ffac959ebf54528f55b4435eee9,09485f0850ebc90f50d9fc85c02e809984b1b4a12e12ffa61193a8a6efe8bfd5,09485f0850ebc90f50d9fc85c02e809984b1b4a12e12ffa61193a8a6efe8bfd5,CCCCC1CCC(C#Cc2ccc(F)nc2)CC1,CCCC1CCC(C#Cc2ccc(F)nc2)CC1,CCCC1CCC(C#Cc2ccc(F)nc2)CC1,1,0.8536585365853658,True,True
graph_256,7f34c215e6a8cbf8a5a1e39bd0a14809f20cb92c7401f0281675c6f155094d01,C=C[*:1]>>COC[*:1],9165e726ef14d5e36e4a9def156ee39ec696470f1d3de8f0aa1d0effd3ee56d9,25b5c67c16641572fd942a0f98c1688194a6ba232651b1d781d7cfc60764736e,25b5c67c16641572fd942a0f98c1688194a6ba232651b1d781d7cfc60764736e,C=CC[NH+]1CCC2(CCCN(C(=O)Cc3cc(C)n[nH]3)C2)C1,COCC[NH+]1CCC2(CCCN(C(=O)Cc3cc(C)n[nH]3)C2)C1,COCC[NH+]1CCC2(CCCN(C(=O)Cc3cc(C)n[nH]3)C2)C1,1,0.7301587301587301,True,True
graph_256,84ba2bdfdf5a8b26484548fabd8049457cba4b589942a963c1b79bf2aec46c7e,C[*:1]>>Cl[*:1],8ab954e2e90c2ce77c88327ead32969b189db5dc10a1e1b89091b4c78af71749,bc2d0e8b59ed6b263636086f3e628b685642c1ea4a3e2af0ceee550e30505809,bc2d0e8b59ed6b263636086f3e628b685642c1ea4a3e2af0ceee550e30505809,Cc1ccc(CC(=O)OCC2CCOC(C)C2)c(Cl)c1,CC1CC(COC(=O)Cc2ccc(Cl)cc2Cl)CCO1,CC1CC(COC(=O)Cc2ccc(Cl)cc2Cl)CCO1,1,0.82,True,True
graph_256,3a2e8e92efcf1be6dd190e43ffc74c21ecd0b42862efba61f9b71961131a43ad,CO[*:1]>>O=C(O)[*:1],8a6d458e5925a9aeaeca4a229a4b0803510b5ea4c7fdad7c6f5f1756486cbe01,f006651dadf23401f67571cf760a7225e8d3b62f8e649d2b289766975e6ed13f,f006651dadf23401f67571cf760a7225e8d3b62f8e649d2b289766975e6ed13f,COc1cccc(CNC(=O)NC2CC3CCC2O3)c1,O=C(NCc1cccc(C(=O)O)c1)NC1CC2CCC1O2,O=C(NCc1cccc(C(=O)O)c1)NC1CC2CCC1O2,1,0.7037037037037037,True,True
graph_256,e5c1f24048ad431e0f74a174b06ea07aed6af4ee176f4b91563b014bb2615d33,C[*:1]>>FC(F)(F)[*:1],50ec72745f9b352ee16d4f307c1c419f94866b657faf5861f8278d8dabaa3517,2e507e9819bb17340b531f5632ba4b4ef8ca6843cb5f11047d85e1d04e643e2b,001acd17aee1d6fddd40196b70f17a6ac45aedd57fe04d9572685e682f33f13a,COc1ccc(C(O)C[NH2+]CC(O)CN2CCOCC2)cc1,OC(C[NH2+]CC(O)c1ccc(OC(F)(F)F)cc1)CN1CCOCC1,COc1cccc(CC(CO)[NH2+]CC(O)CN2CCOCC2)c1,0,0.5254237288135594,True,False
graph_256,73ef5426cca89d63ace21e153a36b68c21be7c3b1a854873de6d85e325014b39,CO[*:1]>>F[*:1],8c1463dd2b7d4b3c98e2eba73ae19639a631a99aac0c776b63fe0799cb120878,23bb56bab9c717ddec6fbab9b1689e0959c4852915408db42fd39339a453f8c2,23bb56bab9c717ddec6fbab9b1689e0959c4852915408db42fd39339a453f8c2,COc1ccc(Nc2cnccc2C#N)cc1OC(C)C,CC(C)Oc1cc(Nc2cnccc2C#N)ccc1F,CC(C)Oc1cc(Nc2cnccc2C#N)ccc1F,1,0.7551020408163265,True,True
graph_256,4e4f0e324db6fcd327f12ef76bba6ea1e50c3b087d4d918cdf9e5c82fed17d04,CCC[*:1]>>CC[*:1],c696b91f7896aa26b26e758fe49b2f338b8e5fc3be7fb4eba218a0ec955bf60f,e195e3714dabe8dad2422b249d93349204138b9b7edfab89323abd0ec1636d8e,e195e3714dabe8dad2422b249d93349204138b9b7edfab89323abd0ec1636d8e,CCCc1ccc(C(CN(C)C2CCCC2)NCC)cc1,CCNC(CN(C)C1CCCC1)c1ccc(CC)cc1,CCNC(CN(C)C1CCCC1)c1ccc(CC)cc1,1,0.825,True,True
graph_256,f05a77240fe99d9ba232109683d382738cedb5d7d8730bb30c4d2ffe9507f42a,C[*:1]>>F[*:1],c191146da8268f3ce252020bfc7af07d5519447fca18ce221cb9d26f2933de88,06412a36a24650778b4345efff2f099051b6a5d4b8de59b52fb5421b209ed2ac,06412a36a24650778b4345efff2f099051b6a5d4b8de59b52fb5421b209ed2ac,CC(C)(C)OC(=O)C1(C)CC2CCC1C2,CC(C)(C)OC(=O)C1(F)CC2CCC1C2,CC(C)(C)OC(=O)C1(F)CC2CCC1C2,1,0.6486486486486487,True,True
graph_256,0d4fcabc9ea0dea0e2f4e4d4efc96242c6557d1ce68012731a44bd9e16256dd2,CC[*:1]>>C[*:1],2036bc09eb189a0bb5db3f9333016ecda8bf7399e99a54618d44d56eb8177c8f,8454ef5747cfa658ac423f68eaee25110018c53535d94bb061e7fe1c16a95a0a,8454ef5747cfa658ac423f68eaee25110018c53535d94bb061e7fe1c16a95a0a,CCCOCCN1C(=O)C(CC)NC(=O)C1C(C)(C)C,CCOCCN1C(=O)C(CC)NC(=O)C1C(C)(C)C,CCOCCN1C(=O)C(CC)NC(=O)C1C(C)(C)C,1,0.825,True,True
graph_256,7aaeff1b7fac41b4fde535023405361067ae6080b0b89e8c36bab013033ca95d,COc1cccc([*:1])c1>>Fc1ccc([*:1])cc1,b72cff1c29c1f2cb34cd6919025df300a36ea4f7f3330f11d20444a72ae3d108,7856b610d887b52e974ca72db45547edd808ae611d6e703f8d2853e77dd0a4a3,7856b610d887b52e974ca72db45547edd808ae611d6e703f8d2853e77dd0a4a3,COc1cccc(OC(C)C(=O)NCCCN2CCCC2)c1,CC(Oc1ccc(F)cc1)C(=O)NCCCN1CCCC1,CC(Oc1ccc(F)cc1)C(=O)NCCCN1CCCC1,1,0.6862745098039216,True,True
graph_256,bc7d7cf9552afcb49bc14716765060d63fc56a14200eb5abcf00ae17c9b12c31,CCCC[*:1]>>C[*:1],b9656bd17de077a10e3d85d43b928d5822a5267ed3aa017081442e4b42acb8ac,1022c26ffc6fa90580f07cecfd38d6726628687c7408afcafbc1b5885c601557,1022c26ffc6fa90580f07cecfd38d6726628687c7408afcafbc1b5885c601557,CCCCN(C(=O)NCC(C1CCCCC1)[NH+](C)C)C1CC1,CN(C(=O)NCC(C1CCCCC1)[NH+](C)C)C1CC1,CN(C(=O)NCC(C1CCCCC1)[NH+](C)C)C1CC1,1,0.6444444444444445,True,True
graph_256,3a78d5a3dbfd26e84c05da8f475706c14037d465fe57202a4900922982011c12,CC(C)[*:1]>>COC[*:1],dfcde5e1698353327b05ec20bda7ff2a4b0e3d695da620e0e8f1b2f0de44f7f5,00d2e621a553d2581e8915d380e8d795079ac6b9585bbfc41c0d968b52bcb68f,00d2e621a553d2581e8915d380e8d795079ac6b9585bbfc41c0d968b52bcb68f,CC(C)CC1(CNS(=O)(=O)c2cncc(Cl)c2)CCC1,COCCC1(CNS(=O)(=O)c2cncc(Cl)c2)CCC1,COCCC1(CNS(=O)(=O)c2cncc(Cl)c2)CCC1,1,0.6862745098039216,True,True
graph_256,fe877a537f5fdfd9965198a258055c1737ce0ff3895227b9040a4f3bb7f16f71,CC(C)[*:1]>>CCC[*:1],891ee8335249d65a2feb529cb3ddfa242d4253c05c0fb58fe480ca485cc1a163,f6e104f67bbf6fc4e3e4261cbd718f706ad51914cd924399ffdefa10e9876bbf,f6e104f67bbf6fc4e3e4261cbd718f706ad51914cd924399ffdefa10e9876bbf,CCN(CC(C)C)C(=O)CCC1C(C)Nc2ccnn2C1C,CCCCN(CC)C(=O)CCC1C(C)Nc2ccnn2C1C,CCCCN(CC)C(=O)CCC1C(C)Nc2ccnn2C1C,1,0.7454545454545455,True,True
graph_256,6990ded0e55b865a656a7b3382e1b74cc4790f530bf85c5568c70cf94470f693,N#C[*:1]>>O=[N+]([O-])[*:1],786d10769c543c2a15ddbe13ffca699a295090d0d5a9cf5d3cfd426aefbf4daf,40c8bcb235908962fde4837b0afaa5f531d496bb50ac74960e3c5b04c1472b69,40c8bcb235908962fde4837b0afaa5f531d496bb50ac74960e3c5b04c1472b69,CC(Oc1ccc(C#N)c(Cl)c1)c1cnccn1,CC(Oc1ccc([N+](=O)[O-])c(Cl)c1)c1cnccn1,CC(Oc1ccc([N+](=O)[O-])c(Cl)c1)c1cnccn1,1,0.6078431372549019,True,True
graph_256,367ef70bbcaea1103b1863375e6399dd3742549cef34e9c0680638e91d6d63d5,C[*:1]>>O=C(O)[*:1],ec7194b08570352a6684adb14f37e974acef2ae00b661af32ba041cb51e7ee03,c7f20b1c1a2e9e7c4acb534bda0d118e31951009ce684b2f603dcd00cfd46663,c7f20b1c1a2e9e7c4acb534bda0d118e31951009ce684b2f603dcd00cfd46663,CCCC1CCN(C(=O)c2ccc(=O)oc2)CC1,O=C(O)CCC1CCN(C(=O)c2ccc(=O)oc2)CC1,O=C(O)CCC1CCN(C(=O)c2ccc(=O)oc2)CC1,1,0.75,True,True
graph_256,a48e1e2f3187d087f5642240a013dc2016e3fb23e0f88d5719b3bc89b7a4dd4d,CO[*:1]>>C[*:1],33bc4a78c29e782eabe1f5524ba474f6dfcd8729d656a1fe6f98b8f86f0d1fda,4f28041e730863f054a5e75c2e89c0787cf98564935cb5146ea8c34df60479c4,4f28041e730863f054a5e75c2e89c0787cf98564935cb5146ea8c34df60479c4,C=C(C)C[NH+]1CC(C)C(NC(=O)C(OC)c2cnn(C)c2)C1,C=C(C)C[NH+]1CC(C)C(NC(=O)C(C)c2cnn(C)c2)C1,C=C(C)C[NH+]1CC(C)C(NC(=O)C(C)c2cnn(C)c2)C1,1,0.7678571428571429,True,True
graph_256,93f4748c982f6458044e4278bf623b39214b7d9947f0cf87f35f377602b3bc5b,CCC[*:1]>>C[*:1],ec01fb5e1053574e87348e4c9614ece037fff18e806b45fd87bdc0117e1b4242,8d7052c76e5682f26076000e1f854c3572bd33d7b011a9f5bec96af4bea83972,8d7052c76e5682f26076000e1f854c3572bd33d7b011a9f5bec96af4bea83972,CCCc1n[nH]cc1C(=O)NCC1(C)CCC(C)CC1,Cc1n[nH]cc1C(=O)NCC1(C)CCC(C)CC1,Cc1n[nH]cc1C(=O)NCC1(C)CCC(C)CC1,1,0.7142857142857143,True,True
graph_256,d81783f136e868d62b1724b0343d7618df12d844c1b2f94517fed67b26d64c4b,C[*:1]>>OCC[*:1],cd4edf1c6e9f1e199929ee229894682c282ea72c3eaabcd61419b4d0af5971a7,c01a28e6f51bfb68de98a45b4736af32b481f57c1055ca6e5adfb25e9ca350db,c01a28e6f51bfb68de98a45b4736af32b481f57c1055ca6e5adfb25e9ca350db,CCN(C(=O)c1cc2c(F)cccc2s1)C1CC[NH+](C)C1,CCN(C(=O)c1cc2c(F)cccc2s1)C1CC[NH+](CCO)C1,CCN(C(=O)c1cc2c(F)cccc2s1)C1CC[NH+](CCO)C1,1,0.7678571428571429,True,True
graph_256,59c5d41c0b2049f24d088c4a20e9c2eedf90555b878d4a7f51b6f3ef77421de5,CCCC[*:1]>>CCC[*:1],550bd5e87ef180b2a762cd49fb7c3f1fbf4207c6a6d88fef11470aeb4fed64c2,b770c2047768820b499b32cbe009df9e289b342fbf5d53b65ecdb37262a556c5,b770c2047768820b499b32cbe009df9e289b342fbf5d53b65ecdb37262a556c5,CCCCN(C)c1ccc(C(=O)OC2CN(C(C)=O)C2)cc1,CCCN(C)c1ccc(C(=O)OC2CN(C(C)=O)C2)cc1,CCCN(C)c1ccc(C(=O)OC2CN(C(C)=O)C2)cc1,1,0.8636363636363636,True,True
graph_256,526f4c131661d5a8f14859ed5934f2b7d317f8fb77579958fc967dfcbba4569f,C=C[*:1]>>COC[*:1],5a669d7eca624d435a391f991f791d148378adf0a3cc20248fe66ecf63da4438,740ad3558e2d0771ffb3fe2e8bfc846a287be673c6d7dbd1eac5fe18affebf6c,740ad3558e2d0771ffb3fe2e8bfc846a287be673c6d7dbd1eac5fe18affebf6c,C=CC[NH+]1CC(O)C(NC(=O)C(C2CC2)[NH+](C)C)C1,COCC[NH+]1CC(O)C(NC(=O)C(C2CC2)[NH+](C)C)C1,COCC[NH+]1CC(O)C(NC(=O)C(C2CC2)[NH+](C)C)C1,1,0.66,True,True
graph_256,64f7ff153adb22f2d1d386f5f9545c24f2ec12bc292a91e5431b289245b5f00d,C[*:1]>>Cl[*:1],3ddc10732df572871019219493cd02c07b8e3632e8a4e8e87645e88d2c267755,ca560c59a870efce58ba7192b4a42e95b76d82fa5ad7fc4eba2610f7b3512c35,ca560c59a870efce58ba7192b4a42e95b76d82fa5ad7fc4eba2610f7b3512c35,COC(c1noc(-c2cccc(C)c2N)n1)C1CC1,COC(c1noc(-c2cccc(Cl)c2N)n1)C1CC1,COC(c1noc(-c2cccc(Cl)c2N)n1)C1CC1,1,0.7708333333333334,True,True
graph_256,97093284232575a0525c431499daa09d40b7ec584a395688bfcde2e2f81a1a51,CO[*:1]>>O=C(O)[*:1],2e68694b5169bd540a0ee865b558c754efd04af7ba15465299f26b2d944ec769,49bd5a90523603b83d98db2fce391b1ce72d64ccba064ba70dc92f24aae4d7bd,9dedb3f4fd818ac199a2f213573d1e44169d044c28f142906dd45b86e404709f,COC(C(=O)O)C1CC2CCC1C2,O=C(O)C(C(=O)O)C1CC2CCC1C2,NCC(C(=O)O)C1CC2CCC1C2,6,0.5135135135135135,True,True
graph_256,e2c19fcb9214bc40d33263ff9c368e80993048482156c3655b0127d2a55eacc4,C[*:1]>>FC(F)(F)[*:1],b464fa4609208f00052d57be432418197c0024703d20ede470a75dc18ac2662a,91f23b9a947d8304ed14683fd1633c284ad1e75de99e56a33fdf775afaa8c1d1,91f23b9a947d8304ed14683fd1633c284ad1e75de99e56a33fdf775afaa8c1d1,CCC(=O)Nc1ccc(Nc2ccccc2C)cn1,CCC(=O)Nc1ccc(Nc2ccccc2C(F)(F)F)cn1,CCC(=O)Nc1ccc(Nc2ccccc2C(F)(F)F)cn1,1,0.7021276595744681,True,True
graph_256,a1a71572f88e98f741afaab545463d00df1c542b29346cf09b0556f317f0100c,CO[*:1]>>F[*:1],eef9d26df274712f3128c5d2c3e35ae4babb524ff9247b1edac647ed5ee94587,e88ce0620ba209d153eaacb48ec49eb07d8e70f057aebdd74ec8fa17f1759eeb,e88ce0620ba209d153eaacb48ec49eb07d8e70f057aebdd74ec8fa17f1759eeb,CCC1(C)NC(=O)C(C)N(CCCOC)C1=O,CCC1(C)NC(=O)C(C)N(CCCF)C1=O,CCC1(C)NC(=O)C(C)N(CCCF)C1=O,1,0.7073170731707317,True,True
graph_256,c1e90d02965e2f493409c174d1af8d0ea860fc97a4e0971907673aa30904be59,CCC[*:1]>>CC[*:1],ab42030b6276f7e6ef8d8ce845ef1bbf579e6b1601a6dae1a68be9d22ba0ac8e,a0eab22c2683677aa1f66e2f72950279d0337106e9b20b6588b6cf58bc5dda0b,a0eab22c2683677aa1f66e2f72950279d0337106e9b20b6588b6cf58bc5dda0b,CCCC(C)N1C(=O)C(C)NC(=O)C1C(C)C,CCC(C)N1C(=O)C(C)NC(=O)C1C(C)C,CCC(C)N1C(=O)C(C)NC(=O)C1C(C)C,1,0.7714285714285715,True,True
graph_256,5220d611cd261e03cf633b176d8f19d6bda34457e5e196e1dd3dde2d8fd37100,C[*:1]>>F[*:1],af40617898902f54204ed83524784ac2fd1ba0f6ac164a58fa1e40cf0500f514,7bfc02b767cc5b3721fb00c9f98ae862c94d282021bd7057097325c2a5449380,7bfc02b767cc5b3721fb00c9f98ae862c94d282021bd7057097325c2a5449380,Cc1ccc(Br)cc1OS(=O)(=O)C1CCS(=O)(=O)CC1,O=S1(=O)CCC(S(=O)(=O)Oc2cc(Br)ccc2F)CC1,O=S1(=O)CCC(S(=O)(=O)Oc2cc(Br)ccc2F)CC1,1,0.7209302325581395,True,True
graph_256,8bf9fe553166f1041e8475c5564e9dd973eb78a3d997ba947f8a34c6659b9bf4,CC[*:1]>>C[*:1],3302e85ad1544193a0df63f730fa447a612fbe4ba687be65fc749e3946bdb3ba,635051bbcdba716ff9f032033e03e88687e3e127e9598833f453487167a18a41,635051bbcdba716ff9f032033e03e88687e3e127e9598833f453487167a18a41,CCSc1cccc2c1-c1ccc(CS(N)(=O)=O)cc1C(c1ccc(OC)c(OC)c1)O2,COc1ccc(C2Oc3cccc(SC)c3-c3ccc(CS(N)(=O)=O)cc32)cc1OC,COc1ccc(C2Oc3cccc(SC)c3-c3ccc(CS(N)(=O)=O)cc32)cc1OC,1,0.8387096774193549,True,True
graph_256,0c3a6644a5d008b35958220ef79d89d35971b7cface5aef9933435f758b0dd83,COc1cccc([*:1])c1>>Fc1ccc([*:1])cc1,745f7cde2b624b0acdaa4415597bb1fd413b1dce4bf5a6f9f76e05f23a0c64a6,afdee656bb4afda702e6059f7c4788d7bf8e26056de0c9e6c6d8aad483e9ff6c,afdee656bb4afda702e6059f7c4788d7bf8e26056de0c9e6c6d8aad483e9ff6c,COc1cccc(Cn2cc(S(=O)(=O)CC(=O)Nc3cc(C)on3)c3ccccc32)c1,Cc1cc(NC(=O)CS(=O)(=O)c2cn(Cc3ccc(F)cc3)c3ccccc23)no1,Cc1cc(NC(=O)CS(=O)(=O)c2cn(Cc3ccc(F)cc3)c3ccccc23)no1,1,0.7313432835820896,True,True
graph_256,ea88a59e0b7eb96716e6b8961e59097fa916b31cc32fdc29283d8d204ecb0a16,CCCC[*:1]>>C[*:1],5138c8d17fe8e12b4e4d36862ac46e32a85fe6e5a0e3a85a76316d9711a4e674,3e22fdce4f1ecf84cb5f9414a152681dd0179c1590d44287183425e06004cd32,3e22fdce4f1ecf84cb5f9414a152681dd0179c1590d44287183425e06004cd32,CCCCCC(=O)OC1CC2CC1C(C)C2C,CCC(=O)OC1CC2CC1C(C)C2C,CCC(=O)OC1CC2CC1C(C)C2C,1,0.6944444444444444,True,True
graph_256,ce111a7f10e018ad5fcceae133c43a551a066391663786e3a2fec7ab024e6c9c,CC(C)[*:1]>>COC[*:1],c0215a80d3d47517114383eff5323dee19f04ac20ae8520974cecff395fcef06,3360701bf7ad4b13f5e35c82afa49fc87f5162e43050289e20f48fedfeb5c909,3360701bf7ad4b13f5e35c82afa49fc87f5162e43050289e20f48fedfeb5c909,CC(C)C(Cl)CNCC1CC2CCC1C2,COCC(Cl)CNCC1CC2CCC1C2,COCC(Cl)CNCC1CC2CCC1C2,1,0.625,True,True
graph_256,77b8e7aa2ecb714438cac19ca446da8a76fdbb724234c171c8662c0b2714401e,CC(C)[*:1]>>CCC[*:1],2aa61899f5e01f279bf46e78a31474c2412b00377ac3f15f664aac506863e0f4,6b1911e11d6628633e2aa78290feeb1053f6b7220cc48e4b396b0a73e4f06a82,6b1911e11d6628633e2aa78290feeb1053f6b7220cc48e4b396b0a73e4f06a82,CCN(c1ccccc1)c1cncc(C(=O)NC(C)C)c1,CCCNC(=O)c1cncc(N(CC)c2ccccc2)c1,CCCNC(=O)c1cncc(N(CC)c2ccccc2)c1,1,0.7021276595744681,True,True
graph_256,2f46dc0031051d6252d2d37134d22a1be8540b8549acc6ae177742262d6f7e41,C[*:1]>>O=C(O)[*:1],6352319547918f85fdca039fa48ebf2531611594ef7c0c30bb235f2d41e3a698,f24dc2a8b92f13fed03edc63ee82b766a166bfb00a80d2b4a40d2f99c8eebb55,f24dc2a8b92f13fed03edc63ee82b766a166bfb00a80d2b4a40d2f99c8eebb55,Cc1ccncc1NC(=O)c1ccc2c(c1)OCO2,O=C(Nc1cnccc1C(=O)O)c1ccc2c(c1)OCO2,O=C(Nc1cnccc1C(=O)O)c1ccc2c(c1)OCO2,1,0.723404255319149,True,True
graph_256,df257d6f2d4c877852311ef31dcd073e130ac0a9d6ce74ec6e9816b70f6fc4d2,CO[*:1]>>C[*:1],fb733407d2b3560a3ba99dd0075007844186dd9f9ad8cdf9caf9eb37485fe89a,44ab9d356250b0e4b761dc861b7161d09b5da80be12fdba346a408c65fe4c9f1,44ab9d356250b0e4b761dc861b7161d09b5da80be12fdba346a408c65fe4c9f1,COc1ncc(C)cc1NC(=O)C(=O)NCCN1CCOCC1C,Cc1cnc(C)c(NC(=O)C(=O)NCCN2CCOCC2C)c1,Cc1cnc(C)c(NC(=O)C(=O)NCCN2CCOCC2C)c1,1,0.7931034482758621,True,True
graph_256,3649df0fd01340a49f79794b4953d741c35e8711f2d716bb696c9a2990d69c73,CCC[*:1]>>C[*:1],2a0af10ed3acf8bd7a7a95178b234ae396b036fc8d1c59a05809030caf1597c1,2820a90c45c3d444e59a57cb80a1f5115cec3ce07d5a4dbe093cef51fa9c213c,2820a90c45c3d444e59a57cb80a1f5115cec3ce07d5a4dbe093cef51fa9c213c,CCC[NH+]1CC2CCCN(C(=O)CN3CCCNC3=O)C2C1,C[NH+]1CC2CCCN(C(=O)CN3CCCNC3=O)C2C1,C[NH+]1CC2CCCN(C(=O)CN3CCCNC3=O)C2C1,1,0.7307692307692307,True,True
graph_256,2d700bfc2ea0a91ed13a89d21118cca30a5cab92bfd90e6810a67e8085757c4a,C[*:1]>>OCC[*:1],5782d292ac777e6bedd6c773861a9049aa6c8afcc9bbce1e010cdca1673d1374,6b800c4c35cc1e20d7dc655a73b914c2c6cf395c2b760d023bffe4d7bff8309c,6b800c4c35cc1e20d7dc655a73b914c2c6cf395c2b760d023bffe4d7bff8309c,CCN(C(=O)C1CC2(CC2)C1)C1CC[NH+](C)C1,CCN(C(=O)C1CC2(CC2)C1)C1CC[NH+](CCO)C1,CCN(C(=O)C1CC2(CC2)C1)C1CC[NH+](CCO)C1,1,0.6888888888888889,True,True
graph_256,f6ad151c989841f95eff2621cc2136f751c4aaa2717aa493aa13bc87b090d526,CCCC[*:1]>>CCC[*:1],d7d73fed13e2921a78a75717bd78e18bb7ec7d23943f583e6ac5b1a6c26d440a,4b0a9f91b882a174b8ee6c7211c5cab12fc4250af8192fc4cd7b0009594d020b,4b0a9f91b882a174b8ee6c7211c5cab12fc4250af8192fc4cd7b0009594d020b,CCCCN1CCOC(CNC(=O)c2c(Cl)cncc2Cl)C1,CCCN1CCOC(CNC(=O)c2c(Cl)cncc2Cl)C1,CCCN1CCOC(CNC(=O)c2c(Cl)cncc2Cl)C1,1,0.8775510204081632,True,True
graph_256,76f1ba49fc9f26750eef4c91d8acdbd642a88e15ceb8be880a8f82e2f1486335,C=C[*:1]>>COC[*:1],24cf1bbc81c3a2c29b91847bbaae1e33b1d0d4fe89d311729ebdf75efb32b566,2f025c4ad998a482d7db95297bbc8a899f587400e43f9c3cf60e64e68095ab20,2f025c4ad998a482d7db95297bbc8a899f587400e43f9c3cf60e64e68095ab20,C=CCN1CCOCC1CNC(=O)c1cccc(OC)c1C,COCCN1CCOCC1CNC(=O)c1cccc(OC)c1C,COCCN1CCOCC1CNC(=O)c1cccc(OC)c1C,1,0.7627118644067796,True,True
graph_256,a91ac5e98f0bcaff212f60db6f1546028909b99e010471007f1ff2f8cca50344,C[*:1]>>Cl[*:1],48aca7d2496a3972cdd1d61fd9dfd1da52323a68a5f59bed3347ab8ada44b3f2,43e7cbc963f6cdd1adf9921b2100d2fa1475c2c3ccc36b41d3748440b42bce36,43e7cbc963f6cdd1adf9921b2100d2fa1475c2c3ccc36b41d3748440b42bce36,Cc1ccc(CC2C3CCC(CC2(F)F)N3)cc1,FC1(F)CC2CCC(N2)C1Cc1ccc(Cl)cc1,FC1(F)CC2CCC(N2)C1Cc1ccc(Cl)cc1,1,0.75,True,True
graph_256,07440a1ff921f5727f33bf68a08aa16cb5159b381c41d67f6562453d2552f923,CO[*:1]>>O=C(O)[*:1],105139d2b4251bfed2c67fc88ae665ecc32c4738c1078d708e2596bfee7082f7,0b1df14fc662573611546d615218bca0fcae34f4308c4ed921e9800a0f852cb1,a96f5920dddb3b9c782a4f404fed26f922f86f385e15c158999e66720bed45dc,COC1CCCN(C(=O)C(NC(=O)NCc2ccccc2)C(C)C)C1,CC(C)C(NC(=O)NCc1ccccc1)C(=O)N1CCCC(C(=O)O)C1,CCC1(O)CCN(C(=O)C(NC(=O)NCc2ccccc2)C(C)C)CC1,3,0.5833333333333334,True,False
graph_256,4cce961e187b4b849f7005c27b3b005972e501fa9fe6ecf9946024b722e20725,C[*:1]>>FC(F)(F)[*:1],484de38f0354348a20221712191a7bd5d299d25a8e10e3db245b370cb68bb808,48fa38bb924a508b630c67abbd954ef848d99cc54050db71cfc06c98bb73be51,48fa38bb924a508b630c67abbd954ef848d99cc54050db71cfc06c98bb73be51,Cc1ccc(Nc2cccc(C(N)=O)c2N)cn1,NC(=O)c1cccc(Nc2ccc(C(F)(F)F)nc2)c1N,NC(=O)c1cccc(Nc2ccc(C(F)(F)F)nc2)c1N,1,0.6739130434782609,True,True
graph_256,f132cf7361debb199ea3aa1f73a7ff1d85529a7e6b4fa59b7760323d07686504,CO[*:1]>>F[*:1],1bb417ae8a67b3bfa59413e8015d4a9a009b402b396f5555b75b8e918ef8b663,96aef6b9acf0b0a5f77fd3d3611fc53a39ef376bef84e2969f5e0806c26f409c,9d44503cdb1afcd4c96270feab3960292e1eadd44af562b69de488145f096931,COc1cncc(Nc2cc(F)cc(C(N)=O)c2)c1,NC(=O)c1cc(F)cc(Nc2cncc(F)c2)c1,COc1cc(F)c(Nc2cncc(C(N)=O)c2)c(F)c1,5,0.6041666666666666,True,False
graph_256,2a8895d4e179501829ee1dabab9329709899233192182d945ba9cd22dbcad052,CCC[*:1]>>CC[*:1],504f9e16e83b770c525fd34556b16613d0e15a3dc3504a90166fd812d6f56dd0,6d50fac40d149f2abd00088b28f43076349b3e8ad69298c69900a6c3379da196,6d50fac40d149f2abd00088b28f43076349b3e8ad69298c69900a6c3379da196,CCCc1cc(C(=O)NCC2CCN2C(=O)C2(C)CNC(=O)C2)no1,CCc1cc(C(=O)NCC2CCN2C(=O)C2(C)CNC(=O)C2)no1,CCc1cc(C(=O)NCC2CCN2C(=O)C2(C)CNC(=O)C2)no1,1,0.8666666666666667,True,True
graph_256,8c568f1dd4fb248c8dfdc125525a7bea8be31415b182186be8b2dd127705411f,C[*:1]>>F[*:1],cc7e133e90199b7c22141d046edb74182d22c0ab92ee75eb8893ec91298ee093,126b2871fcc8ec6bfa362db98e735ca96e4bab2dc0a2ab5cacf2dc95495fb4fd,126b2871fcc8ec6bfa362db98e735ca96e4bab2dc0a2ab5cacf2dc95495fb4fd,Cc1ccc(Cn2nnc(C(=O)Nc3ccc(C)cc3F)c2-n2cccc2)cc1,Cc1ccc(Cn2nnc(C(=O)Nc3ccc(F)cc3F)c2-n2cccc2)cc1,Cc1ccc(Cn2nnc(C(=O)Nc3ccc(F)cc3F)c2-n2cccc2)cc1,1,0.8888888888888888,True,True
graph_256,a4c15a63c3c12692aa796c5330e62b9a4a140315b09eff6970b355a1ebc5cc8a,CC[*:1]>>C[*:1],977008221391a34b7d46b34d3d4d4b2ac6993b179a0e2374378321a2415a86dd,af20a3b7f542e7aa8ebd139d3a30a2f0141fe914809a9fcb519de54fc3f2f529,af20a3b7f542e7aa8ebd139d3a30a2f0141fe914809a9fcb519de54fc3f2f529,CCSC1CCCC1NCC(O)c1ccccc1,CSC1CCCC1NCC(O)c1ccccc1,CSC1CCCC1NCC(O)c1ccccc1,1,0.7619047619047619,True,True
graph_256,4cdb05ece0b205a9341fefc27ea9732d6fd5f7e40c0165a9d4adf7857ab2f9aa,COc1cccc([*:1])c1>>Fc1ccc([*:1])cc1,8bcd82a7c44526b277ad60ad47d21a64e4f1f30e76c31071c0c07055fc595153,453b90fbdbb6f6b4a6be043025502bf4d41c4395526303105617931b72578f12,453b90fbdbb6f6b4a6be043025502bf4d41c4395526303105617931b72578f12,COc1cccc(C(CNC(=O)C2(c3cccc(OC)c3)CCCC2)N(C)C)c1,COc1cccc(C(CNC(=O)C2(c3ccc(F)cc3)CCCC2)N(C)C)c1,COc1cccc(C(CNC(=O)C2(c3ccc(F)cc3)CCCC2)N(C)C)c1,1,0.8181818181818182,True,True
graph_256,b1d5e326de3b3bbb0970ecbe069a9b79ff01911364c57739b73379835dff436f,CCCC[*:1]>>C[*:1],94465c2ba27200d381509c3ee8cb1e24c23721c8c14f20ad9ec4b409ee4e79ce,d780cb121c70ee15c8123140a76e4c68565f412177f21bf6fb96099aabd2207a,d780cb121c70ee15c8123140a76e4c68565f412177f21bf6fb96099aabd2207a,CCCCC(=O)Oc1ccc2nc3c(c(CC)c2c1)Cn1c-3cc2c(c1=O)COC(=O)C2(O)CC,CCc1c2c(nc3ccc(OC(C)=O)cc13)-c1cc3c(c(=O)n1C2)COC(=O)C3(O)CC,CCc1c2c(nc3ccc(OC(C)=O)cc13)-c1cc3c(c(=O)n1C2)COC(=O)C3(O)CC,1,0.821917808219178,True,True
graph_256,89ac8bf64797ae0cb8de951c7d38edf48de09f7b5f4b0bb9924bd2e8e6757edf,CC(C)[*:1]>>COC[*:1],28f01b514c67a584bc92e7d29069a2c8e854cec7de49b89216b96987614af02b,fee846ccf9c598847db63426c61ffc58b1d31b583b85555a8aa6b403853346ae,fee846ccf9c598847db63426c61ffc58b1d31b583b85555a8aa6b403853346ae,Cc1nn(C)cc1C(=O)NCC1CCCCC1NC(=O)C(C)C,COCC(=O)NC1CCCCC1CNC(=O)c1cn(C)nc1C,COCC(=O)NC1CCCCC1CNC(=O)c1cn(C)nc1C,1,0.7090909090909091,True,True
graph_256,76092d45a64ed376a6e67b26267374beb175a2eae6fa2fedc6024f5de3caafe7,CC(C)[*:1]>>CCC[*:1],cb48e65a0baa873112247fcc0da19cf0b60ef0b3859a2f35f28f96d91ebf3dce,d2d2963cd16f85763506ace7fbfad2e4a27d36f03b3e5cc716f475cc3a1a120f,d2d2963cd16f85763506ace7fbfad2e4a27d36f03b3e5cc716f475cc3a1a120f,CCC1C(=O)NC(C(C)C)C(=O)N1CCC(C)SC,CCCC1NC(=O)C(CC)N(CCC(C)SC)C1=O,CCCC1NC(=O)C(CC)N(CCC(C)SC)C1=O,1,0.6888888888888889,True,True
graph_256,70585ec5b70ccfff44e2e3c1945ecf2d8888d6c2b7d5c4c83fdd333c78d738db,C[*:1]>>O=C(O)[*:1],f02bcf07fe1aa73bcf1a7d44e9130636162318c0a4c60dcb5ace7713873ebced,e2e8206ed38713ef91159386141ee2f0c465b19faef1ec0954bbb151889b345c,280733a4eb2256021dd38454de06abfd1759718b1beeaad1df17a6b8f4f6433f,Cc1nc(-c2coc3ccccc23)cs1,O=C(O)c1nc(-c2coc3ccccc23)cs1,COc1ccc(-c2cccs2)c2scnc12,12,0.15789473684210525,False,False
graph_256,bd8a08b6f4c5caf6e97f137148a6d9ec851840bf5cf17049bd05fbf5dad09134,CO[*:1]>>C[*:1],83ffba3ba3a23c05307b483310b7d7656475f203b1de10a1207b9f6880491ed9,7968c7c8aeacb67d69f693cdf1bd65e788a22b0b985a45cec6b8115d1d2795ea,7968c7c8aeacb67d69f693cdf1bd65e788a22b0b985a45cec6b8115d1d2795ea,CCCNC(CN(C)C1CCCC1)c1ccc(OC)cc1,CCCNC(CN(C)C1CCCC1)c1ccc(C)cc1,CCCNC(CN(C)C1CCCC1)c1ccc(C)cc1,1,0.75,True,True
graph_256,6481ba94815cc94d10fa552fd1a2a040ad9698786d35e4a30d468f44295402cc,CCC[*:1]>>C[*:1],3f4b213bf8b4d3b73a0de271352f0ac367a9a8ba7a5188fc6f792b290435f6b9,a6876def1d74915f4e58cdacd2a28c6f583fb15748fc595885478a8a03daa702,a6876def1d74915f4e58cdacd2a28c6f583fb15748fc595885478a8a03daa702,CCCC1CC1C(=O)NC1CC(NC(=O)CCn2nc(C)cc2C)C1,Cc1cc(C)n(CCC(=O)NC2CC(NC(=O)C3CC3C)C2)n1,Cc1cc(C)n(CCC(=O)NC2CC(NC(=O)C3CC3C)C2)n1,1,0.75,True,True
graph_256,f000a175e200f65c84b3f8394cdeb12971d9c33b487c9880b98a3a9ed2293cc6,C[*:1]>>OCC[*:1],b3e388bfe52a7993c169837c99c702e1816922a61629e4be81166b619346965a,bddc4f002485d0cd143f0269110043d12bd007515d679c0f202146d0bcdf61c2,bddc4f002485d0cd143f0269110043d12bd007515d679c0f202146d0bcdf61c2,CN(C(=O)CC1CCCCC1)C1CCC1,O=C(CC1CCCCC1)N(CCO)C1CCC1,O=C(CC1CCCCC1)N(CCO)C1CCC1,1,0.5588235294117647,True,True
graph_256,f467664779784332e29a835274b694b34e8ee4759e698c43fe4616ee6830f420,CCCC[*:1]>>CCC[*:1],78d584f3bb1a01c9548eeb029257c70fe8d353e3adc3376267ff0c3c9165fcd5,a5c3c7c56c3790e8e92280ee87a4c5177ac2716c35eb9ebe5f0da2a9dff34a7d,a5c3c7c56c3790e8e92280ee87a4c5177ac2716c35eb9ebe5f0da2a9dff34a7d,CCCCn1c(SCC2=C(C(=O)O)N3C(=O)C(N)C3SC2)n[nH]c(=O)c1=O,CCCn1c(SCC2=C(C(=O)O)N3C(=O)C(N)C3SC2)n[nH]c(=O)c1=O,CCCn1c(SCC2=C(C(=O)O)N3C(=O)C(N)C3SC2)n[nH]c(=O)c1=O,1,0.9,True,True
graph_256,69416f3afd058175ee86d3118a1f5b8e4a55609590d76471bcd7a0c2279a8177,C[*:1]>>Cl[*:1],139cce715183378e56fcfc7d708d796d28129efcf631f02fdbb970f0a8ab7383,30f8b28d5bbffa83a64a071e8716161d6fb74a1beee6f3648ff5fee92467fd8a,30f8b28d5bbffa83a64a071e8716161d6fb74a1beee6f3648ff5fee92467fd8a,CN=C(NCCc1cccc(C)c1)NCc1ccsc1,CN=C(NCCc1cccc(Cl)c1)NCc1ccsc1,CN=C(NCCc1cccc(Cl)c1)NCc1ccsc1,1,0.7872340425531915,True,True
graph_256,6a053c97ae265e07f675724801ce059edeffaa16a01f35811b1345facb4408f0,CO[*:1]>>O=C(O)[*:1],b5a4508f6b3abcdab9977025d3d78f741eb4965d4c75e0f5862db30a90050837,e007d72f8cc5fa29c9d5c84f7286a5482c963db806fa5a47d4d1d3dae056f039,e007d72f8cc5fa29c9d5c84f7286a5482c963db806fa5a47d4d1d3dae056f039,COc1cccc(N2C(=O)CC(N3CCN(CCO)CC3)C2=O)c1,O=C(O)c1cccc(N2C(=O)CC(N3CCN(CCO)CC3)C2=O)c1,O=C(O)c1cccc(N2C(=O)CC(N3CCN(CCO)CC3)C2=O)c1,1,0.7037037037037037,True,True
graph_256,54ad78052225edb61ade3caaa679bce1f746681a0cea98a7a38ecb2bfeed1660,C[*:1]>>FC(F)(F)[*:1],ab937b2be5d45c9b6ebf43905544f051e4aee0916837301fd5ef0d81b405323c,747c39aa20abf180eac8e5b4b257eb87da90fc3e66be561024e618d04c348b59,747c39aa20abf180eac8e5b4b257eb87da90fc3e66be561024e618d04c348b59,Cc1ccc(C2CC[NH+](Cc3scnc3C)C2)cc1,Cc1ncsc1C[NH+]1CCC(c2ccc(C(F)(F)F)cc2)C1,Cc1ncsc1C[NH+]1CCC(c2ccc(C(F)(F)F)cc2)C1,1,0.7608695652173914,True,True
graph_256,5e21c6dc6d14bb239c3d6433397156ea7be19b7931c3f7ef0eb6616fc821ce61,CO[*:1]>>F[*:1],a6ba39d65161c65ddbad2a535e182ca2fbe8189c23c65f1ecc4fc31a81a4fa77,74d7bff38d98dc66a800fd993ed3397211fa0655ef82bd79a0b468725cc32421,8f239895e43ef671dacb01efd2f9ee062d400c3ca3ae34b553f58d7d51ae721e,COc1ccc(C)c(N2CC(c3nc(-c4ccccn4)no3)CC2=O)c1,Cc1ccc(F)cc1N1CC(c2nc(-c3ccccn3)no2)CC1=O,COc1ccc(N2CC(c3nc(-c4ccccn4)no3)CC2=O)cc1F,10,0.6470588235294118,True,True
graph_256,6fc0b4ddbe993e5e58cfe7cfdfb8fc457fac4c60000962f862d4ab32d44ee553,CCC[*:1]>>CC[*:1],22aea0483ea3213b55f0eb1c30b52e4fe59f15c8ccfa6acff3da685591205b34,d5511c866e54b2bb666682c78533a0cee5a2473e64d054ea96f70b4618df40fe,d5511c866e54b2bb666682c78533a0cee5a2473e64d054ea96f70b4618df40fe,CCCCC(C)(C)OC(=O)C12CCC(CC1)C2,CCCC(C)(C)OC(=O)C12CCC(CC1)C2,CCCC(C)(C)OC(=O)C12CCC(CC1)C2,1,0.8333333333333334,True,True
graph_256,3cd2565423a1dac3cfb55b09e68cd2d63f777624bae3ee6c6a6646cbf65d709b,C[*:1]>>F[*:1],0fb3792e6e12b9873daaed9ce780bb65d9aa21617be889dac2fffcdc225df37f,df1887fec93caa63f19926f5bb73d2cbf813f05f6fc1ec102767c4b55476cd93,df1887fec93caa63f19926f5bb73d2cbf813f05f6fc1ec102767c4b55476cd93,CC1CCCC(NC(=O)c2cnn3c2OCCC3)C1,O=C(NC1CCCC(F)C1)c1cnn2c1OCCC2,O=C(NC1CCCC(F)C1)c1cnn2c1OCCC2,1,0.7647058823529411,True,True
graph_256,1c45381a160ac2bebef2e0ab717c0cf500695c0bf18872c9b827c687fe01b68f,CC[*:1]>>C[*:1],b8c5cc4102f231f047f9f492a94a3debd05193a148066fc28e6266cecb2ea6ee,7d5b4b7aba305eee6b44676ee481163d48c72ada72f17b9cbeb28e8a138801e8,7d5b4b7aba305eee6b44676ee481163d48c72ada72f17b9cbeb28e8a138801e8,CCCCC(CC)C(=O)NCC1CC(Nc2cnc(C#N)cn2)C1,CCCC(CC)C(=O)NCC1CC(Nc2cnc(C#N)cn2)C1,CCCC(CC)C(=O)NCC1CC(Nc2cnc(C#N)cn2)C1,1,0.8888888888888888,True,True
graph_256,a91ae3567b2c57c00fe786c7e15d03c32fc3ea3b8d9591f46a6e796cd5aabd95,CCCC[*:1]>>C[*:1],c71f28e52c0ce5ceaa7ed64c37bb820c4c2feb4960084e9fd2bec3ccdd4d57eb,0cb606a7cb03ee881407121aa0e8e69781fc79282ef87d6010b2838113eaac21,0cb606a7cb03ee881407121aa0e8e69781fc79282ef87d6010b2838113eaac21,CCCCCCCCN1C(=O)C(CC)NC(=O)C1(C)C,CCCCCN1C(=O)C(CC)NC(=O)C1(C)C,CCCCCN1C(=O)C(CC)NC(=O)C1(C)C,1,0.9696969696969697,True,True
graph_256,e4d17343fbdbd0e799603e22ffd708f15877dcaff810d66d6154ed513e2ded63,CC(C)[*:1]>>COC[*:1],a041a21a61a70e1a40204ec8f80348d7112a0e4f4a94d777f26febb9a7c5edb9,8778e5e790afa294ed2676940882cc30bd1aedc2baaa3f1caca76e962399affb,8778e5e790afa294ed2676940882cc30bd1aedc2baaa3f1caca76e962399affb,CCC1C(=O)NC(C)(CC)C(=O)N1CCCOCC(C)C,CCC1C(=O)NC(C)(CC)C(=O)N1CCCOCCOC,CCC1C(=O)NC(C)(CC)C(=O)N1CCCOCCOC,1,0.7291666666666666,True,True
graph_256,da576a6e783666d406c66deb529a3775c5bd831706933d3f60da4b977651515e,CC(C)[*:1]>>CCC[*:1],f310c3b9771c6ed004f30541c98bd25a53102e43f2c0b0def7057fce1c21389c,9a97418b1257387be3cb33928a760451a49e790d9218f32cb85ca05356c3077a,9a97418b1257387be3cb33928a760451a49e790d9218f32cb85ca05356c3077a,CC(C)C[NH+]1CCC(CNC(=O)c2cncn2-c2ccccc2)C1,CCCC[NH+]1CCC(CNC(=O)c2cncn2-c2ccccc2)C1,CCCC[NH+]1CCC(CNC(=O)c2cncn2-c2ccccc2)C1,1,0.75,True,True
graph_256,877baf07a29347fe4aa1b6b30480b87c29d4b9c8c3bde2143b93196ec0c5dd7e,C[*:1]>>O=C(O)[*:1],2c4e17868d7a15f922771021139f349dc1d6953fd12349d53f04e3ffb2a7dfd7,3c0cd8a3b2585965cdaec5bb18769b18ee1f71686b5573f5f165e0eea8602790,3c0cd8a3b2585965cdaec5bb18769b18ee1f71686b5573f5f165e0eea8602790,CCN(C(=O)C1CC2C=CC1C2)c1ccccc1,O=C(O)CN(C(=O)C1CC2C=CC1C2)c1ccccc1,O=C(O)CN(C(=O)C1CC2C=CC1C2)c1ccccc1,1,0.775,True,True
graph_256,aaadad8d3024a3282df217af90b8a65e3d481c0963af55e387864056bdef7f7e,CO[*:1]>>C[*:1],6302fcc0fd7eccfb8a101382aca4a3e28aac6eea4558bb7f00ca57b0ceefa919,706fff8be0955c7c31e0018575c98de145db0d623a72d56e84ffb8bbe916570f,706fff8be0955c7c31e0018575c98de145db0d623a72d56e84ffb8bbe916570f,COCC[NH+]1CCC2C(CCCN2C(=O)c2cc(C(N)=O)co2)C1,CCC[NH+]1CCC2C(CCCN2C(=O)c2cc(C(N)=O)co2)C1,CCC[NH+]1CCC2C(CCCN2C(=O)c2cc(C(N)=O)co2)C1,1,0.8103448275862069,True,True
graph_256,2a9fdc3fc31e2dfcf58493bdbea8e67acdcde1d89d0d1a707372df74801bb666,CCC[*:1]>>C[*:1],3833ee16139f297b9597762f78d74edc126ff8451913bfd446b129f88d93cb8d,9073448fd831b3c0c392f78f8463dc5f657bd0008370ecdc51f312ebd5d6a200,9073448fd831b3c0c392f78f8463dc5f657bd0008370ecdc51f312ebd5d6a200,CCCNC(c1csc2ccccc12)C1CCOC1CC,CCC1OCCC1C(NC)c1csc2ccccc12,CCC1OCCC1C(NC)c1csc2ccccc12,1,0.78,True,True
graph_256,057e74d4d5a96c949b89cc53e53745500f6849600a8da7183ad941e5270578f0,C[*:1]>>OCC[*:1],1b11f5cf144c0cd38550b923667c644f7ae4f8d577c57c442ccac8bc063c8a2e,341b7a2394219cafdf0e1bc8ded38097f1f58762b5394b90b94e76e905b458d1,341b7a2394219cafdf0e1bc8ded38097f1f58762b5394b90b94e76e905b458d1,CCC(C)NC(=O)C(=O)Nc1cnn(-c2ncccn2)c1,CCC(CCO)NC(=O)C(=O)Nc1cnn(-c2ncccn2)c1,CCC(CCO)NC(=O)C(=O)Nc1cnn(-c2ncccn2)c1,1,0.72,True,True
graph_256,ae4eaa2b950ef77e5bef95676fc5dce4bf59970978c468a2ebd9cca5934e6857,CCCC[*:1]>>CCC[*:1],f759bf906be4fdbc4b3a404eb94b7ca6c58e74d6f2d7e1210acb2326b641919a,af8117da516fad58dfac547ea69cae53c3bcc64d31d2251a08fbe85408c6b3a9,af8117da516fad58dfac547ea69cae53c3bcc64d31d2251a08fbe85408c6b3a9,CCCC[NH+]1CC(O)C(NC(=O)C2(c3cccnc3)CC2)C1,CCC[NH+]1CC(O)C(NC(=O)C2(c3cccnc3)CC2)C1,CCC[NH+]1CC(O)C(NC(=O)C2(c3cccnc3)CC2)C1,1,0.8846153846153846,True,True
graph_256,e78ea5b7d34216ce5b9f2471b757d76740a34944cf367bf24f43b88764e12b8d,C[*:1]>>Cl[*:1],2e3e0387a136aea504790194f92ee5d367b5e5736a6f1743a5de214efef48cf7,fa9b33fd3cf906ca26e09445fa03a95d8dcd5eb87f6b30e6740bf41a6bdc5871,fa9b33fd3cf906ca26e09445fa03a95d8dcd5eb87f6b30e6740bf41a6bdc5871,Cc1cccc(C(=O)N2CCC3CN(C(=O)C45CCCC4C5)C3C2)c1,O=C(c1cccc(Cl)c1)N1CCC2CN(C(=O)C34CCCC3C4)C2C1,O=C(c1cccc(Cl)c1)N1CCC2CN(C(=O)C34CCCC3C4)C2C1,1,0.7894736842105263,True,True
graph_256,c6581e8cfb63bd5fde0f2ab2fd72efc34e98010fb288a5454539ec59bef3b875,CO[*:1]>>O=C(O)[*:1],b858f490fd258f05b41845b491cebff1507a91a08d2efeb436f1240d16b4786f,27a2db9483b3d84774a09100e651c35d3b7d5afaedfa0d186cb75123777d6827,27a2db9483b3d84774a09100e651c35d3b7d5afaedfa0d186cb75123777d6827,COCC1(NC(=O)C2CC2c2c(F)cccc2F)CCCC1,O=C(O)CC1(NC(=O)C2CC2c2c(F)cccc2F)CCCC1,O=C(O)CC1(NC(=O)C2CC2c2c(F)cccc2F)CCCC1,1,0.7142857142857143,True,True
graph_256,46bbc5a5e507566f4e45ed3a77176a1aef13c79439f0bbf09356b1297dc3f14c,C[*:1]>>FC(F)(F)[*:1],b50ff8ce0407a10d89d145f1394103e7b361f4edb19b4aef2bed9194fb225b13,b93925f6990432e5d2958ed055b424a7af217ad4808284a952d14365ac2e7a50,b93925f6990432e5d2958ed055b424a7af217ad4808284a952d14365ac2e7a50,CCC[NH+]1CCN(Cc2cn(C)nc2C)CC1,CCC[NH+]1CCN(Cc2cn(C)nc2C(F)(F)F)CC1,CCC[NH+]1CCN(Cc2cn(C)nc2C(F)(F)F)CC1,1,0.6904761904761905,True,True
graph_256,a8ab2775012f5d6b7b54147c6e561648cf8ca102642d65af8d00a051fea32c9d,CO[*:1]>>F[*:1],4a1a2404da24e9ac120b919adcf2bd3cb6e375e5bf0bd0313b48ef02c57a46d9,c32efb48aacf6de4ead92ec2b5120bd7813bfafc7ad8f5bb1d62177599fbc5b1,c32efb48aacf6de4ead92ec2b5120bd7813bfafc7ad8f5bb1d62177599fbc5b1,COc1ccc2cc(C=NNC(=O)CN(c3ccccc3OC)S(=O)(=O)c3ccccc3)c(Cl)nc2c1,COc1ccc2cc(C=NNC(=O)CN(c3ccccc3F)S(=O)(=O)c3ccccc3)c(Cl)nc2c1,COc1ccc2cc(C=NNC(=O)CN(c3ccccc3F)S(=O)(=O)c3ccccc3)c(Cl)nc2c1,1,0.8676470588235294,True,True
graph_256,dccd46f757d43e6a14851cf0d76eb8b9d76c35dc22c04db50c3abc773b5a2d38,CCC[*:1]>>CC[*:1],5bcf60d80bfde07ddb39ccbf89fe3339370ccf88704e7bba5f94ec2da9b025f8,4bd1d10ecfa4731c18f6ca94bacd4d228189d3998462bf98e8cde9e2530483c4,4bd1d10ecfa4731c18f6ca94bacd4d228189d3998462bf98e8cde9e2530483c4,CCCN(CC1COc2ccccc2O1)C(=O)COC1CCCC1,CCN(CC1COc2ccccc2O1)C(=O)COC1CCCC1,CCN(CC1COc2ccccc2O1)C(=O)COC1CCCC1,1,0.84,True,True
graph_256,586430f991ce247682dcfc198efba2e268ac5bddecad8526b4525b5d742ce414,C[*:1]>>F[*:1],da86c1b952b5728a342623237c8357c8e93a77587774c9e0b78b086596b6cfc8,57f839322046e114724fa09278dc49b5a1bfad4640197afb9c07bd859c044de8,57f839322046e114724fa09278dc49b5a1bfad4640197afb9c07bd859c044de8,Cc1cccc(Nc2nc(N)c(C(=O)c3ccc(Br)cc3)s2)c1,Nc1nc(Nc2cccc(F)c2)sc1C(=O)c1ccc(Br)cc1,Nc1nc(Nc2cccc(F)c2)sc1C(=O)c1ccc(Br)cc1,1,0.7647058823529411,True,True
graph_256,96fc314634fb856a7c4c322a41ebed91c760bacdfa7963d2dde7f77277f82b5a,CC[*:1]>>C[*:1],e4d24511fd542714c45cb9a8441905bd4dd22f756e6676c0d0955ec21d21d7b6,7243ad54f9ccde83fe40a26c66ea85753c0de5be498feb2b1c5ee71f03a6f6c7,7243ad54f9ccde83fe40a26c66ea85753c0de5be498feb2b1c5ee71f03a6f6c7,CCCC(O)(CC)CC1CC2CCC1C2,CCC(O)(CC)CC1CC2CCC1C2,CCC(O)(CC)CC1CC2CCC1C2,1,0.8333333333333334,True,True
graph_256,5867dad4dcf03f9a6def09e3ebd4e12f03578e51a7158b86d0db5c89c9b08275,CCCC[*:1]>>C[*:1],3b2302829807c6f2ef0a3cf6ef7e42bdd76778ad0311bea986c02f30ee45f2aa,1161dac2984a9eb9e49b5380f944c39e0d785203c25413cf13470c9cda6db084,1161dac2984a9eb9e49b5380f944c39e0d785203c25413cf13470c9cda6db084,CCCCC(C)(F)C(=O)N1CC(C)Cn2nccc21,CC1CN(C(=O)C(C)(C)F)c2ccnn2C1,CC1CN(C(=O)C(C)(C)F)c2ccnn2C1,1,0.7021276595744681,True,True
graph_256,86a432476267e80d8fae12a6c93a23c4bfb65b3ff61c5a20963f28c2ef4e3820,CC(C)[*:1]>>COC[*:1],4438349d7ad13528db4ade81056cb53211a62d3c02e4ed589a2cbf29881e5dfd,328445d440723297721076540cb84cd1650a8c30a060abb26c9bfa8b5dc97e2f,328445d440723297721076540cb84cd1650a8c30a060abb26c9bfa8b5dc97e2f,Cc1cccc(NC(=O)NCC2(CC(C)C)CC2)n1,COCCC1(CNC(=O)Nc2cccc(C)n2)CC1,COCCC1(CNC(=O)Nc2cccc(C)n2)CC1,1,0.673469387755102,True,True
graph_256,228da5aac7287b939201bd240ed56e28530e2156bcf50f9c7ae6b48f95602e21,CC(C)[*:1]>>CCC[*:1],53a25931438e17ade456e407d2c5e8e61a8233800f90145a42f31d870405cb32,f9091287f26e1536837328fcd957b774dfbd7eaf80b2f1aeaea33af390e421c6,f9091287f26e1536837328fcd957b774dfbd7eaf80b2f1aeaea33af390e421c6,CC(C)n1nccc1CN1CCCC(c2nnc3n2CCC3)C1,CCCn1nccc1CN1CCCC(c2nnc3n2CCC3)C1,CCCn1nccc1CN1CCCC(c2nnc3n2CCC3)C1,1,0.7017543859649122,True,True
graph_256,a423e5f96277bd13165d03c94640deb6cc5dc33dd4960e456b0e243a4a5cd497,C[*:1]>>O=C(O)[*:1],a16481d642d2135a3e3a9ebb972d470217669cf67623a474e2e93259edd0e1f7,79a804a420a6adcf96a4966d47f5b2b45aaa53854360dda457054cf57bd4ca1e,79a804a420a6adcf96a4966d47f5b2b45aaa53854360dda457054cf57bd4ca1e,Cc1cc2c(nn1)SCCO2,O=C(O)c1cc2c(nn1)SCCO2,O=C(O)c1cc2c(nn1)SCCO2,1,0.5833333333333334,True,True
graph_256,8c48933cdcc2f646c34313e33b473b0840b5d5c8306875b203a871c21ce92656,CO[*:1]>>C[*:1],c3ca2ffe9ccfbb73eff9f85cb21aed8f97572fdadf2727f5a347bf1b27f01b5d,55f603276d2cbec867433cce1e59f0ef0a0f74cb00549bd046c550f50c78d512,55f603276d2cbec867433cce1e59f0ef0a0f74cb00549bd046c550f50c78d512,COc1cc2c3c(cnn3CCN(C3CN4CCC3CC4)C2=O)c1,Cc1cc2c3c(cnn3CCN(C3CN4CCC3CC4)C2=O)c1,Cc1cc2c3c(cnn3CCN(C3CN4CCC3CC4)C2=O)c1,1,0.7692307692307693,True,True
graph_256,a4e52e5c32403a6ea5a7d3bf0dba12148a7eb9b883d8b7edfb560e2dc4e76313,CCC[*:1]>>C[*:1],df5078ecf0f57b6f11319d6295bea57ff35f157831985381ad138bdfb6f7bc72,b7c7aafe115f1548dab5bf5142bd0f9eb065d6049dc0da145a093f9d1d86e817,b7c7aafe115f1548dab5bf5142bd0f9eb065d6049dc0da145a093f9d1d86e817,CCCC(C)CN1C(=O)C(C)NC(=O)C1(C)C,CC(C)CN1C(=O)C(C)NC(=O)C1(C)C,CC(C)CN1C(=O)C(C)NC(=O)C1(C)C,1,0.7027027027027027,True,True
graph_256,da3b0e54dade6cb9ab44da0030b46bdbf7af05b2f6281e9a3ef074425fae8233,C[*:1]>>OCC[*:1],4368b07ae134a305b48baa670aabe2de9484a8a0d3682fccfe8ea193c5219453,e660c2ec9aa60997c7e52a88c0ed233a9b2636e866211fc8ab1b1f74a2456c52,e660c2ec9aa60997c7e52a88c0ed233a9b2636e866211fc8ab1b1f74a2456c52,Cc1cn(-c2ccccc2Cl)nc1C(=O)N1CCCCC1C,Cc1cn(-c2ccccc2Cl)nc1C(=O)N1CCCCC1CCO,Cc1cn(-c2ccccc2Cl)nc1C(=O)N1CCCCC1CCO,1,0.7321428571428571,True,True
graph_256,0bda031afe18dfa00f6e60008fe6090b1f7d34fab10b00684fec3e6542991179,CCCC[*:1]>>CCC[*:1],9ea627533b4ac9ce82c239c1111ba97e3a52fc6cdaf88c824ca8daab62b5a760,c7b49870c094c369d04ba6acff16fea6b3c4568aeb899e5c8a21bae701282545,c7b49870c094c369d04ba6acff16fea6b3c4568aeb899e5c8a21bae701282545,CCCC[NH+]1CC(C)C(NC(=O)c2ccc3cncn3c2)C1,CCC[NH+]1CC(C)C(NC(=O)c2ccc3cncn3c2)C1,CCC[NH+]1CC(C)C(NC(=O)c2ccc3cncn3c2)C1,1,0.8867924528301887,True,True
graph_256,c7371d9bb2714e009160edc862460660055cc52753b882e5d8fc463e8726d2c7,C[*:1]>>Cl[*:1],692db16a8fbe8df61ea57dea2869271b85f3bf0d37f23da08b027da7ace72281,01f24e96fcc8e90a55467701382a95c21cab191c5daa2471342d6a6ae015cb21,01f24e96fcc8e90a55467701382a95c21cab191c5daa2471342d6a6ae015cb21,Cc1nn(C)c(C)c1C(=O)NCc1ccccc1Cn1cccn1,Cc1nn(C)c(Cl)c1C(=O)NCc1ccccc1Cn1cccn1,Cc1nn(C)c(Cl)c1C(=O)NCc1ccccc1Cn1cccn1,1,0.803921568627451,True,True
graph_256,95dd8b5027019bd7b4d7e6711dc90a0ae310fe61b168d8320a79bb5582ac8161,C[*:1]>>FC(F)(F)[*:1],1914e883d0c8f97ba5a2fdffebcce18ed916ad44969e1d2a628f249778cf4af5,56cbc419c0e3e41e064c8ab1c61ee19371c887fe0afebbcdfb50db79d367c8b6,56cbc419c0e3e41e064c8ab1c61ee19371c887fe0afebbcdfb50db79d367c8b6,CCNC(=O)c1cn(C2CCCC2)cc(C(=O)NCc2ccc(OC)cc2)c1=O,CCNC(=O)c1cn(C2CCCC2)cc(C(=O)NCc2ccc(OC(F)(F)F)cc2)c1=O,CCNC(=O)c1cn(C2CCCC2)cc(C(=O)NCc2ccc(OC(F)(F)F)cc2)c1=O,1,0.7818181818181819,True,True
graph_256,7f672b3f42fc1f4318e9b6f7ed07d953a0021ec5869bb6c41cab043650b7de22,CO[*:1]>>F[*:1],8c6ca6273a289a8fda0364f04cd311e8d071640597b658d399fc7350ec874fb3,a4ba2c023ba9fbc550fdbee0cf81dcf74db44d9702ede294e2a4a28e47a431e1,a4ba2c023ba9fbc550fdbee0cf81dcf74db44d9702ede294e2a4a28e47a431e1,COCCN1CC2CC1CN2C(=O)C1CCC2CC2CC1,O=C(C1CCC2CC2CC1)N1CC2CC1CN2CCF,O=C(C1CCC2CC2CC1)N1CC2CC1CN2CCF,1,0.6976744186046512,True,True
graph_256,6836a1a8c205191aa6e278c2063444d803667a55a6f03d65fcfa7d34da0624c4,CCC[*:1]>>CC[*:1],1f2bb102d29fe83f6533ec375ec051f6685f1e4c87fb01827cea19a5444a6ba8,8bc6c69f736c53989abbe148d954f36a676f56a71d820eac82ac9ff371783964,8bc6c69f736c53989abbe148d954f36a676f56a71d820eac82ac9ff371783964,CCCC(C)CC(=O)NC1CCCC1Oc1cnn(CC)c1,CCC(C)CC(=O)NC1CCCC1Oc1cnn(CC)c1,CCC(C)CC(=O)NC1CCCC1Oc1cnn(CC)c1,1,0.8490566037735849,True,True
graph_256,1c4360a32168883e83f31723c310017f8a24694e4275b769372d9832976a3406,C[*:1]>>F[*:1],f8bff9e7aaa1de28b34b047376f2423d281bb36debdc75544676f30108f940af,7ea610367dbb0708df33c18db530da45b14b3343592c49d983faeb9fffeb0250,7ea610367dbb0708df33c18db530da45b14b3343592c49d983faeb9fffeb0250,Cc1cccc(N2C(=O)C(=Cc3ccccn3)SC2=S)c1,O=C1C(=Cc2ccccn2)SC(=S)N1c1cccc(F)c1,O=C1C(=Cc2ccccn2)SC(=S)N1c1cccc(F)c1,1,0.7755102040816326,True,True
graph_256,f7c22eeca74fe8cf36319f8e09124c98838a0c1db259965547f6b02dfe8cca64,CC[*:1]>>C[*:1],be6dba6d516c3bc72add1699ff85e39edbf66b8c385b4be7cb1030fbbbd7522e,175985541f96b7947c15a55b4c5031c594aa08a0caa57b934917a2f4527f7724,175985541f96b7947c15a55b4c5031c594aa08a0caa57b934917a2f4527f7724,CCOc1ccc(C=[NH+]NC(=S)Nc2ccccc2)cc1,COc1ccc(C=[NH+]NC(=S)Nc2ccccc2)cc1,COc1ccc(C=[NH+]NC(=S)Nc2ccccc2)cc1,1,0.7441860465116279,True,True
graph_256,3d59f60643b272fd60c6157695b4e6e28b39926cabad1335522e3c2de8e85818,CCCC[*:1]>>C[*:1],53731b161e9d92b1d66f91b538beb02b82fb6ce7b76fedd227b143f23183c85b,be6dba6d516c3bc72add1699ff85e39edbf66b8c385b4be7cb1030fbbbd7522e,be6dba6d516c3bc72add1699ff85e39edbf66b8c385b4be7cb1030fbbbd7522e,CCCCCOc1ccc(C=[NH+]NC(=S)Nc2ccccc2)cc1,CCOc1ccc(C=[NH+]NC(=S)Nc2ccccc2)cc1,CCOc1ccc(C=[NH+]NC(=S)Nc2ccccc2)cc1,1,0.782608695652174,True,True
graph_256,3715111a9e00c1461762dd4d6418145d44333ab76ea8eeb4519336affdedffd6,CC(C)[*:1]>>COC[*:1],c2ba14012835b9681c4ccc4c8a371995ebc7ca625c784f75c921e555e98611e2,de12bb6d51ed78bf69f4a28c271f8acb8bd19cf06ed8972c9c7eb9aba44265dc,de12bb6d51ed78bf69f4a28c271f8acb8bd19cf06ed8972c9c7eb9aba44265dc,COCC1(CC(=O)NC2CC[NH+](CC(C)C)C2)CC1,COCC[NH+]1CCC(NC(=O)CC2(COC)CC2)C1,COCC[NH+]1CCC(NC(=O)CC2(COC)CC2)C1,1,0.723404255319149,True,True
graph_256,11605229526520452d548d0afb40b89f0413239abc9448e733701d068121a8f9,CC(C)[*:1]>>CCC[*:1],774cefaa76039192e3253b7a9a7d11b5d33b05fbf39d23d53bb96da3303b89bc,2a0af10ed3acf8bd7a7a95178b234ae396b036fc8d1c59a05809030caf1597c1,2a0af10ed3acf8bd7a7a95178b234ae396b036fc8d1c59a05809030caf1597c1,CC(C)[NH+]1CC2CCCN(C(=O)CN3CCCNC3=O)C2C1,CCC[NH+]1CC2CCCN(C(=O)CN3CCCNC3=O)C2C1,CCC[NH+]1CC2CCCN(C(=O)CN3CCCNC3=O)C2C1,1,0.7169811320754716,True,True
graph_256,156237ac5df8b347e88fbd799f6874013f8a6a20a0353616be194a140d6169fa,CO[*:1]>>C[*:1],e1c3975d27bfe8624f468db29d49952cb91d7ff518611960ba94a5ac652d0011,2857ff6a29414180d92b7ca8c47e7263ec5abb4e71f332c8b6a20404fd5f7838,2857ff6a29414180d92b7ca8c47e7263ec5abb4e71f332c8b6a20404fd5f7838,COc1ccncc1Nc1ccc(F)cc1C#N,Cc1ccncc1Nc1ccc(F)cc1C#N,Cc1ccncc1Nc1ccc(F)cc1C#N,1,0.7045454545454546,True,True
graph_256,d5793523a6239ac8f2128bf2e584e10f9b268647ce31f97add8afb8fc55f31c4,CCC[*:1]>>C[*:1],a19ccfa17cc2bc28b4516ae7618a8d8b793b1ed21b074610fe37ca0b6add88a8,798f0aff00f4af3fbe114624af463d40c2f9d4fd8c62fcf23116558ef80e3350,798f0aff00f4af3fbe114624af463d40c2f9d4fd8c62fcf23116558ef80e3350,CCCNC(CN(C)CC1CC2CCC1C2)C(N)=O,CNC(CN(C)CC1CC2CCC1C2)C(N)=O,CNC(CN(C)CC1CC2CCC1C2)C(N)=O,1,0.7555555555555555,True,True
graph_256,3615fe3d9153df0beee3ac339ac5028b9ce6b429593e0c1d5028c4f46416fdf9,C[*:1]>>OCC[*:1],deadca9a0cc29f8695983cfc7be937598d0b7ad7a541b34bbf12f80a48dc86fe,8063e79665895b87b2c3330bd97fff270d180e7a546e7d8d243ffc387ccdf107,8063e79665895b87b2c3330bd97fff270d180e7a546e7d8d243ffc387ccdf107,CC(C)NC1CC2CCC1(C)C2(C)C,CC(CCO)NC1CC2CCC1(C)C2(C)C,CC(CCO)NC1CC2CCC1(C)C2(C)C,1,0.6388888888888888,True,True
graph_256,0d98d0d801f7615363db9e717378ac2541f0e250a5be47d9baf217c7be7b0bdb,CCCC[*:1]>>CCC[*:1],18c68e064ab86234e938adaaaabbd640705e9b4231740c0c950b39c281ce30f3,e45f96152cd69cb62bd796425cc6779a35aa12fd034f6993cb0217dc40288b1e,e45f96152cd69cb62bd796425cc6779a35aa12fd034f6993cb0217dc40288b1e,CCCCn1ncc(C(=O)N2CC(N(CC)C(=O)CC3CC3)C2)c1C,CCCn1ncc(C(=O)N2CC(N(CC)C(=O)CC3CC3)C2)c1C,CCCn1ncc(C(=O)N2CC(N(CC)C(=O)CC3CC3)C2)c1C,1,0.8846153846153846,True,True
graph_256,e3dc6293990ced2cf6861c898073a5b410d96f924edcfb78456edaefd08a0cb7,C[*:1]>>Cl[*:1],d0b27dc0c3cfc1d5bc44027323c60eb78d848747912f69f78f5e4ccdb3ce6bf2,833f7f8431fb6a773d0eb55ab9403b5951a47b9649c22f6596bde4a2504a0f44,833f7f8431fb6a773d0eb55ab9403b5951a47b9649c22f6596bde4a2504a0f44,Cc1cc(NCC(C)N(C)C(=O)c2ccon2)nc(C)n1,Cc1nc(Cl)cc(NCC(C)N(C)C(=O)c2ccon2)n1,Cc1nc(Cl)cc(NCC(C)N(C)C(=O)c2ccon2)n1,1,0.8076923076923077,True,True
graph_256,d21948f3ef18c56acc895c23a8fc94fa6ab82d85457f906489b7f76d376073c6,C[*:1]>>FC(F)(F)[*:1],ea90372763dd8a37391b324ec871d554718a1d6c50ff6d8e71948a7f297fe9fa,06934b29c0b4e822a79b604141e68217b05eae80d55e5f6688b45c9692c22907,06934b29c0b4e822a79b604141e68217b05eae80d55e5f6688b45c9692c22907,CCN(CC(=O)O)C1CC2CCC1C2,O=C(O)CN(CC(F)(F)F)C1CC2CCC1C2,O=C(O)CN(CC(F)(F)F)C1CC2CCC1C2,1,0.6578947368421053,True,True
graph_256,dcbc30c078657fc0d9a0887dce065da77a920760510e165b3f2623a95e15424d,CO[*:1]>>F[*:1],3c04cbef732ee7eb7bf3fb2f504a6a8b74b57b2176abb252a99f53ec0e977557,b08033e7b47228cf911ee98839bd8910be57e3eabf3f4da4aea9561eabee0759,1e3b96b48ce3344d99d09b624cdeb52cbd3dcfa4ed8b8970d68eb14c55f26da7,COc1cc(C#N)ccc1-n1sc2ccccc2c1=O,N#Cc1ccc(-n2sc3ccccc3c2=O)c(F)c1,COc1ccc(-n2sc3ccccc3c2=O)c(C)c1,24,0.56,True,False
graph_256,6efd485e9a9b5c9f0793ddb94fb47f7164d8a8ed000b0fede6627321a6a7e15d,CCC[*:1]>>CC[*:1],2e5b14310c7d9a968a6f06e94f11d3c63995933fc9ea8edc60e2eca4cc273314,e631471eb7b0ff50520118c6980f8d1259c4fb3ec2beaade61f408cc1b65d02c,e631471eb7b0ff50520118c6980f8d1259c4fb3ec2beaade61f408cc1b65d02c,CCCC(C)NC(=O)COC(=O)c1cc(-c2cc(C)sc2C)nc2onc(C)c12,CCC(C)NC(=O)COC(=O)c1cc(-c2cc(C)sc2C)nc2onc(C)c12,CCC(C)NC(=O)COC(=O)c1cc(-c2cc(C)sc2C)nc2onc(C)c12,1,0.8688524590163934,True,True
graph_256,b3fce8f79817bd37cf54b229a216bec3d3f6d610ef487128a563ec215618180e,C[*:1]>>F[*:1],cd0f094abe9d925c3d86493a21f5e9610f9a57d384e22178297c5570323785e2,cdd29f60996a150e59ffb3a2d3c2ae8b04f0cf11d144af6ae248440254e8b0c3,cdd29f60996a150e59ffb3a2d3c2ae8b04f0cf11d144af6ae248440254e8b0c3,COc1cc2c(cc1C(=O)Nc1ccc(C)nc1)OCO2,COc1cc2c(cc1C(=O)Nc1ccc(F)nc1)OCO2,COc1cc2c(cc1C(=O)Nc1ccc(F)nc1)OCO2,1,0.7755102040816326,True,True
graph_256,1d0cc9aa884b96a6da3568c4f556baa99347a8269224c441b2f024c4746ad313,CC[*:1]>>C[*:1],8c1cacb312b4d258c19862c750b3bb02090670d43645075bbe96e907215ef4ff,e76f712f1ee196a683761a1c4eb6f334b0b88ab2fb0c5830fdc4ad9c736dc088,e76f712f1ee196a683761a1c4eb6f334b0b88ab2fb0c5830fdc4ad9c736dc088,CCC1C(C(=O)O)=C(C)N(S(C)(=O)=O)C(C)=C1C(=O)OCc1ccccc1,CC1=C(C(=O)O)C(C)C(C(=O)OCc2ccccc2)=C(C)N1S(C)(=O)=O,CC1=C(C(=O)O)C(C)C(C(=O)OCc2ccccc2)=C(C)N1S(C)(=O)=O,1,0.7446808510638298,True,True
graph_256,5f7a1dab998a6f85095a7b2a05b8b66d6f86940d149f631bf915b35f218d4a4e,CCCC[*:1]>>C[*:1],ad7048342c7abd563193c138b4545016a9282e96ccd599674eb52e7ded9012b0,c8dd938cc476616cc79a09e2e59a3aac4c3552f07ef3ef584df0a57900e5fa02,c8dd938cc476616cc79a09e2e59a3aac4c3552f07ef3ef584df0a57900e5fa02,CCCCOCC[NH+]1CCN(Cc2cnn(C)c2)CC1,COCC[NH+]1CCN(Cc2cnn(C)c2)CC1,COCC[NH+]1CCN(Cc2cnn(C)c2)CC1,1,0.7111111111111111,True,True
graph_256,58bbb6fab2a1ffb882e978f6f61f566ced93682219b56808cbb8a98b98a961ee,CC(C)[*:1]>>COC[*:1],35171e0fcc7baa4ac078ae60bc69bd606c787a69d8179cc4abcb1cd7f1916abd,5aff555ff40e2557a52b3a184777755108d30fbbf8399548b3ccd243f892c50e,5aff555ff40e2557a52b3a184777755108d30fbbf8399548b3ccd243f892c50e,Cc1cc(Nc2cncc(C(=O)NCCC(C)C)c2)ccc1Br,COCCCNC(=O)c1cncc(Nc2ccc(Br)c(C)c2)c1,COCCCNC(=O)c1cncc(Nc2ccc(Br)c(C)c2)c1,1,0.7222222222222222,True,True
graph_256,cd3d112d67241903c03cb95b2522ecd8c0c5eccc8b09d704548f9613e578d22a,CC(C)[*:1]>>CCC[*:1],9a6b2601d8c88909ac800ddee7b9fdc388394812b61ad8df3a12180d744be5f4,39a36188eb2fa52e44297b9f44e080ef83f2c2ed1098dcf6cf68a45ac2ba1a42,39a36188eb2fa52e44297b9f44e080ef83f2c2ed1098dcf6cf68a45ac2ba1a42,CC(=O)c1cc(C[NH+](Cc2ccccc2)C(C)C)on1,CCC[NH+](Cc1ccccc1)Cc1cc(C(C)=O)no1,CCC[NH+](Cc1ccccc1)Cc1cc(C(C)=O)no1,1,0.6382978723404256,True,True
graph_256,dc4de9d5328256b7fb8b8a481853cdb037dfee8816145fff2defe005c782c3d1,CO[*:1]>>C[*:1],f910213f6f3fb7abebf1fefa8cce4dff13c9ea826c408b01db7ed634f995740a,f49f2629429d095bbd3e459e798d08ca82247f4d1c8eb833d5613aa84e73f1d2,f49f2629429d095bbd3e459e798d08ca82247f4d1c8eb833d5613aa84e73f1d2,COCCS(=O)(=O)CC(=O)N1CC(C)Cn2nccc21,CCCS(=O)(=O)CC(=O)N1CC(C)Cn2nccc21,CCCS(=O)(=O)CC(=O)N1CC(C)Cn2nccc21,1,0.7755102040816326,True,True
graph_256,76703c51651f9ea3f94d34f2f094a0c39ba695fb620986901522239c1be820e7,CCC[*:1]>>C[*:1],1860adfab100bc3793b5d2af8fd800f0807f3c774b5571a079dd2789d2a7b2fc,438be4f95339126018f41f81c3ab5875f310337f93c96b04079f9912e05336a9,438be4f95339126018f41f81c3ab5875f310337f93c96b04079f9912e05336a9,CCCC(NC(=O)NC1CC2CCC1C2)C(=O)O,CC(NC(=O)NC1CC2CCC1C2)C(=O)O,CC(NC(=O)NC1CC2CCC1C2)C(=O)O,1,0.6585365853658537,True,True
graph_256,bc048be30718f9c9026c62979a905d5a32297c2c139f732af1cb477b12e8c199,C[*:1]>>Cl[*:1],cd4c8fe0b69fcd6a7c3e9667c00d511cd4a8009a8dce63d5b4a68974fcc2934f,037142c86b7196702b08f96931c0ec83ad0fa8bd54152c96efe885df3aae57fd,037142c86b7196702b08f96931c0ec83ad0fa8bd54152c96efe885df3aae57fd,Cc1ccc(N2C(=O)CC(N3CCN(C)CC3)C2=O)cc1Cl,CN1CCN(C2CC(=O)N(c3ccc(Cl)c(Cl)c3)C2=O)CC1,CN1CCN(C2CC(=O)N(c3ccc(Cl)c(Cl)c3)C2=O)CC1,1,0.8333333333333334,True,True
graph_256,e33d5ac38a9f57539a7328e4c82b1daf7db0875ffe79ce4e9100b5f29b438ad6,C[*:1]>>FC(F)(F)[*:1],d602668268f81b0b7706886223dd0758d30ed2af49c7d4109e2b0c56adb659b2,a25ac50686cb3daf5c827358f674d2b7b1354a901e417fdad43692c6bb3a250f,a25ac50686cb3daf5c827358f674d2b7b1354a901e417fdad43692c6bb3a250f,Cc1ccc(OC(C)C(=O)NCC2(O)CCCC2(C)C)cc1,CC(Oc1ccc(C(F)(F)F)cc1)C(=O)NCC1(O)CCCC1(C)C,CC(Oc1ccc(C(F)(F)F)cc1)C(=O)NCC1(O)CCCC1(C)C,1,0.76,True,True
graph_256,dba50e9faa60cba71d5d0f21b92af003f655b0b78edb68178fb0ce561270e1cf,CO[*:1]>>F[*:1],f2507a3f8c9f41efa7ad34a3a260bc0178815d217e09a9d5018c8ca3356cefe1,60266b05707b3b08f6834e4b57703f9e184301369615bc39dc6c806852a88fc9,60266b05707b3b08f6834e4b57703f9e184301369615bc39dc6c806852a88fc9,COCC1OCC2(c3cc(CC(=O)c4cnc(OC(F)F)cn4)ccc3F)N=C(N)SCC12,NC1=NC2(c3cc(CC(=O)c4cnc(OC(F)F)cn4)ccc3F)COC(CF)C2CS1,NC1=NC2(c3cc(CC(=O)c4cnc(OC(F)F)cn4)ccc3F)COC(CF)C2CS1,1,0.8552631578947368,True,True
graph_256,db89b4f1c67ff97834328b2e1a4a5c0b91092e5193c1c1a1f4950cb5a7d9d565,CCC[*:1]>>CC[*:1],b831935dd6e9a23f4f0c24dc54eb0cff80cc0c3741d9430742d6f223bba61e97,91f23b9a947d8304ed14683fd1633c284ad1e75de99e56a33fdf775afaa8c1d1,91f23b9a947d8304ed14683fd1633c284ad1e75de99e56a33fdf775afaa8c1d1,CCCC(=O)Nc1ccc(Nc2ccccc2C(F)(F)F)cn1,CCC(=O)Nc1ccc(Nc2ccccc2C(F)(F)F)cn1,CCC(=O)Nc1ccc(Nc2ccccc2C(F)(F)F)cn1,1,0.8297872340425532,True,True
graph_256,cf239550d9f2768646a43e80b5440a7634bab908d9225ba4c736ca7764e088b2,C[*:1]>>F[*:1],fb97c06e69b69807170cf73f9141ae538d2b41c3fd7aabc40dfbc811aff9bc37,ade7c141fc78c9b108b33baca4c5879a9df6718e94e2ab1daecb98a55b84fcb7,ade7c141fc78c9b108b33baca4c5879a9df6718e94e2ab1daecb98a55b84fcb7,Cc1ccc(CN2CCC(NC(=O)C3CC3(F)F)C2=O)cc1,O=C(NC1CCN(Cc2ccc(F)cc2)C1=O)C1CC1(F)F,O=C(NC1CCN(Cc2ccc(F)cc2)C1=O)C1CC1(F)F,1,0.8125,True,True
graph_256,59ef154d5c121a2ef2f6078fa9e5c00e8c0643de719c57e694ce9bef243ae849,CC[*:1]>>C[*:1],8beaac3daf021598efc43e282b25d75257206146e8cc982c5a93d8002013b30a,90e2fb8ed35dec519d6b20013d9a8b85b9973c4519ea277fe734917e1e0690d4,90e2fb8ed35dec519d6b20013d9a8b85b9973c4519ea277fe734917e1e0690d4,CCC[NH+](CC1CC1)C1CCOC(C)C1,CC[NH+](CC1CC1)C1CCOC(C)C1,CC[NH+](CC1CC1)C1CCOC(C)C1,1,0.7647058823529411,True,True
graph_256,dfe35a03b9b05c3747e3649cda82e0d620c98aa5d8acb40a1e0ef407a9aab617,CCCC[*:1]>>C[*:1],8fd53bbb8282fb1a3b29bf250d20bd11dc0271152564ffa20ae0aa46cdd877d9,45ab6affdabe3e9e6a4dfd703df9f0664730e6dfe2de9ccff5eb2fa3d81f9214,fa7de179f5dda3911aeba76c602093ce0a1ed16be063f613b615958076a7d6da,CCCCc1ccc(CC(=O)NCCc2c[nH]c3ccccc23)cc1,Cc1ccc(CC(=O)NCCc2c[nH]c3ccccc23)cc1,CCc1ccc(CC(=O)NCCc2c[nH]c3cccc(C)c23)cc1,2,0.5714285714285714,True,False
graph_256,56e9284cf566a2b84aff51552041caba6ab39e9a129d5ed79e2a16194bc8f242,CC(C)[*:1]>>COC[*:1],0e6d3859d1f0f23ce562424b0e85675b2a4d8ff1b486db695b769f184bc88b9f,443506dcc65267fee6925d8d3ae1a64f346b287fcb7c21f5d9a38119fdad35f7,443506dcc65267fee6925d8d3ae1a64f346b287fcb7c21f5d9a38119fdad35f7,CC(C)C(N)COC1CC2CCC1(C)C2(C)C,COCC(N)COC1CC2CCC1(C)C2(C)C,COCC(N)COC1CC2CCC1(C)C2(C)C,1,0.675,True,True
graph_256,458970c3121b88129c339f0428f723474a2c093262cd6558b7dcec343e28f273,CC(C)[*:1]>>CCC[*:1],7cdb4165b42084b4f8bbc50ad1bcb36aa06bf9f8c7e7137aa6764e8958dfeb1a,62e69d97f1f2a8dd89fff62d8162d7408c2c25a357110752e03643b1cc447d0d,62e69d97f1f2a8dd89fff62d8162d7408c2c25a357110752e03643b1cc447d0d,CC(C(=O)N1CCC[NH+](C(C)C)CC1)c1ccc(Cl)s1,CCC[NH+]1CCCN(C(=O)C(C)c2ccc(Cl)s2)CC1,CCC[NH+]1CCCN(C(=O)C(C)c2ccc(Cl)s2)CC1,1,0.7,True,True
graph_256,47f881bc17a618e6bd34ab9a96fb4cd32f5caa614f7daf5b4732bce171ba22ce,CO[*:1]>>C[*:1],272f87f7b11bca3be0e4d496f23170bf05893003820f0bca953b6087d8cf6576,b464fa4609208f00052d57be432418197c0024703d20ede470a75dc18ac2662a,b464fa4609208f00052d57be432418197c0024703d20ede470a75dc18ac2662a,CCC(=O)Nc1ccc(Nc2ccccc2OC)cn1,CCC(=O)Nc1ccc(Nc2ccccc2C)cn1,CCC(=O)Nc1ccc(Nc2ccccc2C)cn1,1,0.7333333333333333,True,True
graph_256,65a40a7e86ef75124eff6639bb8aa4ce3b56e65c680072c635d53dbaefaff332,CCC[*:1]>>C[*:1],ffc4cf08165ce46e2aa20b044bb5bdaeb935877b5aa1facbce6922ea1dab8007,e76f712f1ee196a683761a1c4eb6f334b0b88ab2fb0c5830fdc4ad9c736dc088,e76f712f1ee196a683761a1c4eb6f334b0b88ab2fb0c5830fdc4ad9c736dc088,CCCC1C(C(=O)O)=C(C)N(S(C)(=O)=O)C(C)=C1C(=O)OCc1ccccc1,CC1=C(C(=O)O)C(C)C(C(=O)OCc2ccccc2)=C(C)N1S(C)(=O)=O,CC1=C(C(=O)O)C(C)C(C(=O)OCc2ccccc2)=C(C)N1S(C)(=O)=O,1,0.7142857142857143,True,True
graph_256,388b034046e102581f2c786595a1daeae2211f257647a99b86f387a5b604b3d5,C[*:1]>>Cl[*:1],91b5198ce6cf02883c7baf5768ac6cc3b4936a0b3a3798d6fce1b63dc93f44d2,0c98ca8707626d13a9a09087d67d45a5602ea98c4de7e5ee76342c56576f71d6,0c98ca8707626d13a9a09087d67d45a5602ea98c4de7e5ee76342c56576f71d6,CCNC(C1=CCCC1)c1cc(C)cc(Br)c1,CCNC(C1=CCCC1)c1cc(Cl)cc(Br)c1,CCNC(C1=CCCC1)c1cc(Cl)cc(Br)c1,1,0.7380952380952381,True,True
graph_256,5fd434c495dff98c2cb8fcc15fc98f27c61bb9e4810e03857c97a69df2c3e863,C[*:1]>>FC(F)(F)[*:1],66f1e78cfd1f8cfda25f197d0568658c71c99087f6c8948cfab6a243bae82340,f63e8e518d0f73804e1e9280eb6fad684d1f82cb0e79ecf8692f3739e0071f48,f63e8e518d0f73804e1e9280eb6fad684d1f82cb0e79ecf8692f3739e0071f48,Cc1ccc(Nc2cccnc2C(N)=S)cc1C,Cc1ccc(Nc2cccnc2C(N)=S)cc1C(F)(F)F,Cc1ccc(Nc2cccnc2C(N)=S)cc1C(F)(F)F,1,0.7272727272727273,True,True
graph_256,9f1cf9f634149bd3af09e1f2b51bd188fd71932e24cea7fa6dcb6bed09e62403,CO[*:1]>>F[*:1],75e894050e2829d95034f4c084f3339bddb8f3aa447ebde5d704f9af918b9af6,64e45ae3b4b0b39cc039063156bafa2a08e7231d356dcf5d31140be578452b5f,64e45ae3b4b0b39cc039063156bafa2a08e7231d356dcf5d31140be578452b5f,COc1ccc2c(c1)C(C)N(c1nccc3c(C)c(C)[nH]c13)CC2,Cc1[nH]c2c(N3CCc4ccc(F)cc4C3C)nccc2c1C,Cc1[nH]c2c(N3CCc4ccc(F)cc4C3C)nccc2c1C,1,0.75,True,True
graph_256,681dc27d0dffe36226814ed7480dc02902ce4ed485e1afcd3d0b58f151efd5fa,CCC[*:1]>>CC[*:1],f73392b3f2d7b283247cdb1fdd57d225c07f091100e49b6b3f25bb15e9e1aaf5,70b7f1d57566d586a634ef9d8645b6bad919e931e1bce1ed6858f6fd9bcc8e69,70b7f1d57566d586a634ef9d8645b6bad919e931e1bce1ed6858f6fd9bcc8e69,CCCc1n[nH]cc1C(=O)N1CC2CC[NH+](Cc3ccc(C#N)cc3)CC21,CCc1n[nH]cc1C(=O)N1CC2CC[NH+](Cc3ccc(C#N)cc3)CC21,CCc1n[nH]cc1C(=O)N1CC2CC[NH+](Cc3ccc(C#N)cc3)CC21,1,0.873015873015873,True,True
graph_256,a83c8f0bc92458fb800e32355c549da971b54292cb1e766428c8535f98bb5012,C[*:1]>>F[*:1],fd45b4986d5b46e2497969bf75dae649b22390dd0868bd6f50b6480318ad9af2,ca57c17e5d1a6a825d23a355c2519ac09754b2fa9a7ab2f381ce1af1997119ef,ca57c17e5d1a6a825d23a355c2519ac09754b2fa9a7ab2f381ce1af1997119ef,Cc1ccc2c(S(=O)(=O)Cl)c[nH]c2c1-c1cnccn1,O=S(=O)(Cl)c1c[nH]c2c(-c3cnccn3)c(F)ccc12,O=S(=O)(Cl)c1c[nH]c2c(-c3cnccn3)c(F)ccc12,1,0.7446808510638298,True,True
graph_256,21262270a7fe75883ae3438420590626fc02fbb66d0c424cba8019575ca853e7,CC[*:1]>>C[*:1],d97f84cd60aede08e4e4b78ddb3b6abae5a81f33a8c82a619ce74dde0f6bde57,e89ff0fd5aeda212657047e1aed91802e614bb3de0638287ea5ed1cf91896414,e89ff0fd5aeda212657047e1aed91802e614bb3de0638287ea5ed1cf91896414,CCc1noc(CN2CCC2CNC(=O)C(C)N2C(=O)CCC2=O)n1,Cc1noc(CN2CCC2CNC(=O)C(C)N2C(=O)CCC2=O)n1,Cc1noc(CN2CCC2CNC(=O)C(C)N2C(=O)CCC2=O)n1,1,0.7894736842105263,True,True
graph_256,49984aaab8eebb26a5242cac7774fe8e62d88b5c2011dc1183399c7bc67b37bf,CCCC[*:1]>>C[*:1],aa7fe35c5d980d2b6a9f859a5eda8cfcb11d137581a8bb0cdd06570043ac89a8,3bd681333532c6b207cb463e4ad5397b2fcb3ffefacf93bd0b5fafa2b744cdca,3bd681333532c6b207cb463e4ad5397b2fcb3ffefacf93bd0b5fafa2b744cdca,CCCCC(=O)N1CCC[NH+](CCc2ccc3c(c2)CCO3)CC1,CC(=O)N1CCC[NH+](CCc2ccc3c(c2)CCO3)CC1,CC(=O)N1CCC[NH+](CCc2ccc3c(c2)CCO3)CC1,1,0.7543859649122807,True,True
graph_256,22ed0e55f5665d191c27f51c962fcebd84b121a5ffeda161535fde4b56ac2f60,CC(C)[*:1]>>CCC[*:1],8c8651f25cc7b54eb86cab56e95a59f9123e0ebc544a3d209659e21af5f1284a,90c363fa5428e24b27312a6a29001250d7a302e14124860ec5dae95e1b4778e8,90c363fa5428e24b27312a6a29001250d7a302e14124860ec5dae95e1b4778e8,CC(C)CCC(=O)N1CCCC2CN(c3cc(F)ncn3)CCC21,CCCCCC(=O)N1CCCC2CN(c3cc(F)ncn3)CCC21,CCCCCC(=O)N1CCCC2CN(c3cc(F)ncn3)CCC21,1,0.7758620689655172,True,True
graph_256,cc8c9fadca167b0b3f0c8366c496f49f08467fdb354df03b638ee05fec8d868e,CO[*:1]>>C[*:1],2ce75c0f9401a4b404f5361ff1c0c15f3e9c186ff983c2997cf6c9c03c5cb82c,b77ee22ea25fd69c3576134b8c1fda295aaecf7f0416c481be9efcc008ad9937,b77ee22ea25fd69c3576134b8c1fda295aaecf7f0416c481be9efcc008ad9937,CCCN(Cc1ccc(C)cc1)C(=O)CSc1nnc(-c2ccc(OC)cc2)n1N,CCCN(Cc1ccc(C)cc1)C(=O)CSc1nnc(-c2ccc(C)cc2)n1N,CCCN(Cc1ccc(C)cc1)C(=O)CSc1nnc(-c2ccc(C)cc2)n1N,1,0.8703703703703703,True,True
graph_256,f981c7b5dc9daaeb5ae564e6bfa84cff6c1c0abb5e775a223947efdb23444033,CCC[*:1]>>C[*:1],3ea5267a0dfc9341192ae65f35e6e49da32c50a6cba5517d81d0bb0beb78b8b3,8c46ec62640964c4a37e5ab6841550cf780ef44d29c2b8e937bd72517ba0b514,8c46ec62640964c4a37e5ab6841550cf780ef44d29c2b8e937bd72517ba0b514,CCCCC(CCC)N1CC(=O)NC(C(C)CC)C1=O,CCCC(CC)N1CC(=O)NC(C(C)CC)C1=O,CCCC(CC)N1CC(=O)NC(C(C)CC)C1=O,1,0.825,True,True
graph_256,1e23887c424d353d287bdf6cb397ded143fd792693e8d954546b1f427b4eedbf,C[*:1]>>Cl[*:1],f5316e34bcd139c3d71c411118773305caf14a12a3a0f8ab682c498f5835b1c0,7959e58a8d1d0d73cecf7f48c95ed82f51e5f741d39a639c8942a8a9aa6ce341,7959e58a8d1d0d73cecf7f48c95ed82f51e5f741d39a639c8942a8a9aa6ce341,CC(=NNC(=O)c1cc2cccnc2[nH]c1=O)c1ccc(C)cc1,CC(=NNC(=O)c1cc2cccnc2[nH]c1=O)c1ccc(Cl)cc1,CC(=NNC(=O)c1cc2cccnc2[nH]c1=O)c1ccc(Cl)cc1,1,0.8235294117647058,True,True
graph_256,efda9f71a42a0a688ff8f6a53aa1db0caa6c7eccb8d0f8f810222f3551b9cffe,C[*:1]>>FC(F)(F)[*:1],af4d8c7a14a67cab75089e96033ce602a847ccb0bd90c01ce4e17d12991f69c3,33f147307c76892e03c24c571be2d525c64569a2ecf5b9d93ca5d58dd6856b18,33f147307c76892e03c24c571be2d525c64569a2ecf5b9d93ca5d58dd6856b18,Cc1cn(-c2ccccc2Cl)nc1C(=O)N1CCCC(C)C1,Cc1cn(-c2ccccc2Cl)nc1C(=O)N1CCCC(C(F)(F)F)C1,Cc1cn(-c2ccccc2Cl)nc1C(=O)N1CCCC(C(F)(F)F)C1,1,0.75,True,True
graph_256,5564cf22b5a6d265640dbb4fbc1b191b5a700b0e5a81f6749c041b3eb0940b7f,CO[*:1]>>F[*:1],4798d77db7a1492e313063bd520de570f4f16897d6128e0f7a8e08658f5cf56d,b239b3f3189bee5727d1b93fa4b33f8a3b559f846aec275d6b9c4c599ceea8a3,b239b3f3189bee5727d1b93fa4b33f8a3b559f846aec275d6b9c4c599ceea8a3,COc1cccc(C[NH+]2CCC3(CCN(CC4CCOCC4)C3=O)C2)c1,O=C1N(CC2CCOCC2)CCC12CC[NH+](Cc1cccc(F)c1)C2,O=C1N(CC2CCOCC2)CCC12CC[NH+](Cc1cccc(F)c1)C2,1,0.7704918032786885,True,True
graph_256,2763951ec91ba2f7f2c656e1cd568ae25e2527078d86c34588256e546a2a984d,CCC[*:1]>>CC[*:1],0a94f1b3a6504b7f98ef2a28800ac581918636cc9a2e5622ad89d998a48dde1d,5c798be6e02836c0f8961b8bdeb895422943d3b870a9427cd1d5ddd351a5f16d,5c798be6e02836c0f8961b8bdeb895422943d3b870a9427cd1d5ddd351a5f16d,CCCn1ncc(Br)c1C(NN)c1cn(C)nc1C,CCn1ncc(Br)c1C(NN)c1cn(C)nc1C,CCn1ncc(Br)c1C(NN)c1cn(C)nc1C,1,0.8444444444444444,True,True
graph_256,0911cac850b29d00a9dbce96b0fc708b0bc9eab4f719cbc9a35fe8eeef79cc85,C[*:1]>>F[*:1],4b90c06912af7a8915abb684b55c25b5b62750ba3f25fcb1dd1ed76c12afbacf,9122cff14c4ab54ac55709efa05d8cf41a203f477691b70d8d1ec9b539031ecc,9122cff14c4ab54ac55709efa05d8cf41a203f477691b70d8d1ec9b539031ecc,Cc1ccc(C(CN)CNC2CCCC2)cc1,NCC(CNC1CCCC1)c1ccc(F)cc1,NCC(CNC1CCCC1)c1ccc(F)cc1,1,0.7297297297297297,True,True
graph_256,e4fb9ba6dc29adc40100ebfd4c062c9069a3406d6b73486f7894c6ae50d9d871,CC[*:1]>>C[*:1],4c62dc57b1938828431ae3b20bb42789870dee1f7e1b48e1aaa76f8989def27b,bcc42e630098071ef28f811cc0bb547bbe7beafecc24c4f6194df80503c48416,bcc42e630098071ef28f811cc0bb547bbe7beafecc24c4f6194df80503c48416,CCc1nc(C(C)N2CC(NC(=O)c3ocnc3CC)C2)n[nH]1,CCc1nc(C(C)N2CC(NC(=O)c3ocnc3C)C2)n[nH]1,CCc1nc(C(C)N2CC(NC(=O)c3ocnc3C)C2)n[nH]1,1,0.8245614035087719,True,True
graph_256,1801692f8c2604d33227d688e14eb3f48f620b1a4d72b5a84accbe74277ae5f4,CCCC[*:1]>>C[*:1],6623a8b2878ad436cc1c5d528634a9a5eaeed6820c2eb7ae8fca501e60ad84ec,13d23347b629cdd7069ca008867fd615cb5538a549aa675d77ab1ea2834641ef,13d23347b629cdd7069ca008867fd615cb5538a549aa675d77ab1ea2834641ef,CCCCN(C)C(=O)C1CN(C(=O)c2c[nH]c3ccccc23)C1,CN(C)C(=O)C1CN(C(=O)c2c[nH]c3ccccc23)C1,CN(C)C(=O)C1CN(C(=O)c2c[nH]c3ccccc23)C1,1,0.72,True,True
graph_256,597a87fcfe180b93328822cb2a7362fa8315003e962028f698e1c50f9528a808,CC(C)[*:1]>>CCC[*:1],954f4d639c7d4767f67b95fcfc44a7489a6cfc60020c66c867fbd50dc3d7941c,ec27521cc1cb1de8b74b7b7c5122f358d3b4978ff8ca07085227b6b84b0a63de,ec27521cc1cb1de8b74b7b7c5122f358d3b4978ff8ca07085227b6b84b0a63de,CC(C)CCNC(=O)c1cncc(Nc2ccc(Br)cc2)c1,CCCCCNC(=O)c1cncc(Nc2ccc(Br)cc2)c1,CCCCCNC(=O)c1cncc(Nc2ccc(Br)cc2)c1,1,0.7142857142857143,True,True
graph_256,d41c73be837e878455b6557478f51cf6004a10b5ee587b07247c8143bcd4fd0c,CO[*:1]>>C[*:1],4257ba61008f3b33f722a80b6132b514430dbfeb03df2320533d59b6871a7b03,7c7419d6f075dc82d97d42ee84db05175015a6a7ff804bc9a3d7cfc6e66f40b7,0d52bf6731711ab47a0acaba202a5cb7ab4b8a5f210a24288b658333302edec2,COc1ccc(-c2nnc(SCC(=O)N(C)Cc3ccccc3OC)n2N)cc1,COc1ccc(-c2nnc(SCC(=O)N(C)Cc3ccccc3C)n2N)cc1,Cc1ccc(CN(C)C(=O)CSc2nnc(-c3ccc(C)cc3)n2N)cc1,37,0.6,True,False
graph_256,cd31c29ae18bb2ae765da20637d08b26d79ef92dcda7c4d284b463d16e7bbd40,CCC[*:1]>>C[*:1],fd3bd5806d6dfe50a4e9daef9e485265585991669584025c09e6faac15d40409,0b41c80323618aa1a962cfe96ef6d898d9723187bedf0dcd8cdb1e74fe704e2a,0b41c80323618aa1a962cfe96ef6d898d9723187bedf0dcd8cdb1e74fe704e2a,CCCCc1ncn(Sc2ncc(C(=O)O)s2)n1,CCc1ncn(Sc2ncc(C(=O)O)s2)n1,CCc1ncn(Sc2ncc(C(=O)O)s2)n1,1,0.7777777777777778,True,True
graph_256,37e0d96abf31c8bf94b7b8922809e3b391a342da3c2f11e02fe3ed266b4c5422,C[*:1]>>Cl[*:1],e064072c53296a24a77b001900f5e75e36c664b47e3e279916ceba243173b8db,0e2d2b1366d28c565d18b3bbb4091cba8c6638305f07b5ae59adcc07bce160dc,0e2d2b1366d28c565d18b3bbb4091cba8c6638305f07b5ae59adcc07bce160dc,Cc1ccc(N2C(=O)C3CCCN3C(=O)C2C)cc1,CC1C(=O)N2CCCC2C(=O)N1c1ccc(Cl)cc1,CC1C(=O)N2CCCC2C(=O)N1c1ccc(Cl)cc1,1,0.7631578947368421,True,True
graph_256,6d5be539dd1b826b5f44feb86c9e7b28f0ce2e9c36ea59be37f00a2a8a5b3caa,C[*:1]>>FC(F)(F)[*:1],67dddc33909fd23d0d1caf2f730a36357e4b2f4ab191ce0ec63a94d58e93f73f,ed158928880a08c40d14ae63ef2f6b85c058109737e0c0c971ae1c3199a10799,ed158928880a08c40d14ae63ef2f6b85c058109737e0c0c971ae1c3199a10799,Cc1ccc(OC(C)C2CCCNC2)c(NC(=O)Nc2cnc(C)cn2)c1,Cc1cnc(NC(=O)Nc2cc(C(F)(F)F)ccc2OC(C)C2CCCNC2)cn1,Cc1cnc(NC(=O)Nc2cc(C(F)(F)F)ccc2OC(C)C2CCCNC2)cn1,1,0.8,True,True
graph_256,2063815db72f5b1b52f0437b93b7577560917b8cd56aa91f8ec6563a00dc462e,CO[*:1]>>F[*:1],2d906a17b229a6cc14dbccb193eebbadcfd9d29a163cf0a69a3b64e00d695f9a,1d0856a4ad020f4376dc1c9917f11d7b5f2c57ecdbb91f915034406dcb2ba1b3,1d0856a4ad020f4376dc1c9917f11d7b5f2c57ecdbb91f915034406dcb2ba1b3,COCCCC(=O)N1CCC(NC(=O)c2ccnc(C)n2)C(O)C1,Cc1nccc(C(=O)NC2CCN(C(=O)CCCF)CC2O)n1,Cc1nccc(C(=O)NC2CCN(C(=O)CCCF)CC2O)n1,1,0.8103448275862069,True,True
graph_256,e3bf71aa1c695ecb95aaa726f9ba3b836b2de6d1483edbd41d512abdb91c8610,CCC[*:1]>>CC[*:1],3d48dbe7996f8b1c3d0effd8b566b4de47b8a8203af1c185e8a4cc3b4fc150a9,a2c2ee37cd03a58ac6db39facd956fa4a4f6de48d1459710b6aeb7282420a76d,a2c2ee37cd03a58ac6db39facd956fa4a4f6de48d1459710b6aeb7282420a76d,CCCNC(c1cscc1Br)C1SCCSC1C,CCNC(c1cscc1Br)C1SCCSC1C,CCNC(c1cscc1Br)C1SCCSC1C,1,0.8095238095238095,True,True
graph_256,47f2479965b8bf86249e8151cc8ebd385141c61dbf30ba7e2c378367182eed19,C[*:1]>>F[*:1],175ba70e890be3b72b16dd7c4346277dbd43773b131854b086f4a7d0c7382a11,b0c9f93ac8315739e544c1e99fd79a3d7cfe1265d8b421008cc092026b0ca4b3,b0c9f93ac8315739e544c1e99fd79a3d7cfe1265d8b421008cc092026b0ca4b3,Cc1ccccc1C(C)(C)C(=O)NCC[NH2+]Cc1ncoc1C(C)C,CC(C)c1ocnc1C[NH2+]CCNC(=O)C(C)(C)c1ccccc1F,CC(C)c1ocnc1C[NH2+]CCNC(=O)C(C)(C)c1ccccc1F,1,0.8070175438596491,True,True
graph_256,ae51c0651a83c85495c30f1e360b95145e040ec39f2512a4ad35f7c5768f60fb,CC[*:1]>>C[*:1],7d88b9985b2b872289411abe2dbc72d3a1f9bf7566cd080754ac4700919be578,813f93ea45960d1f0b2205aa3d000e930bd22edbe45a59015dd68ef4715227f3,813f93ea45960d1f0b2205aa3d000e930bd22edbe45a59015dd68ef4715227f3,CCC1NC(=O)C(CC)N(CCCOCC(C)C)C1=O,CCC1C(=O)NC(C)C(=O)N1CCCOCC(C)C,CCC1C(=O)NC(C)C(=O)N1CCCOCC(C)C,1,0.7727272727272727,True,True
graph_256,a3e02f350e8ca7ff59504068d0ddb44f4343b1ce1848ef705b6d3ad19c6411f1,CCCC[*:1]>>C[*:1],226b93ffdb0548c9ec41401ad2b761cd7a50192e83df11af46ea5e7ebcc5ba56,6e5e8c07ea6d17dc5c462f44d1bec2299eaadbd7d8529b8a168e8be014247875,6e5e8c07ea6d17dc5c462f44d1bec2299eaadbd7d8529b8a168e8be014247875,CCCCCN1C(=O)C(CC)(CC)NC(=O)C1C,CCN1C(=O)C(CC)(CC)NC(=O)C1C,CCN1C(=O)C(CC)(CC)NC(=O)C1C,1,0.6857142857142857,True,True
graph_256,55262e33c6987bebad8a6083880ed617f0590607fbee0ad3eaa0df3220700ddd,CC(C)[*:1]>>CCC[*:1],610a6226f29dc84df3b07a853b820aabf4004c6f11580ef0c22e4d8c1b5ddaaa,6aa989e0800726c33fce879032671f71b5a5aa17483a9deb5099416c184a5d93,6aa989e0800726c33fce879032671f71b5a5aa17483a9deb5099416c184a5d93,COC1C[NH+](CC(C)C)CC1NC(=O)C(OC)C1CC1,CCCC[NH+]1CC(NC(=O)C(OC)C2CC2)C(OC)C1,CCCC[NH+]1CC(NC(=O)C(OC)C2CC2)C(OC)C1,1,0.723404255319149,True,True
graph_256,17a85137d732ca3187d0c17b7d39fa037e819ab4abd3905e92cb90d9d8103893,CO[*:1]>>C[*:1],a42b4dde3fa75c00252bb4475b88984456f751f3ffbfdee50fab03ebf8861598,7ef4ee43fb40a6b111c6251132b5304b5a813e99a0df2575ba1eaddec81a776b,7ef4ee43fb40a6b111c6251132b5304b5a813e99a0df2575ba1eaddec81a776b,COc1cc(C(=O)[O-])ccc1Nc1cc(F)cnc1Br,Cc1cc(C(=O)[O-])ccc1Nc1cc(F)cnc1Br,Cc1cc(C(=O)[O-])ccc1Nc1cc(F)cnc1Br,1,0.7291666666666666,True,True
graph_256,d2fc3af9decd9f9c9e378cea83925432b4659f4269dfc9017261d34af077918b,CCC[*:1]>>C[*:1],75472a52742cf35c7e0c04e128ffbd2cd0c280c33b06d439bee3894ba06f38f0,67c497c163aa952326ba87f0f6deb957b00bfb4e7dd5e6384fea383628e24161,67c497c163aa952326ba87f0f6deb957b00bfb4e7dd5e6384fea383628e24161,CCCC1C(=O)NC(C)C(=O)N1CCS(=O)(=O)C(C)(C)C,CC1NC(=O)C(C)N(CCS(=O)(=O)C(C)(C)C)C1=O,CC1NC(=O)C(C)N(CCS(=O)(=O)C(C)(C)C)C1=O,1,0.6904761904761905,True,True
graph_256,066aaf8e141c255f9a17f7ba3a55369ea5910d16f9895e3d0228f5e9c0bbc9c9,C[*:1]>>Cl[*:1],f4c5d343f69ec7025f695e9296715e5a48718e132089bec75290fa9483972528,2dec704478b262f3f751b4dd5db0337576016144fb2bd288a23f882e902a90d8,2dec704478b262f3f751b4dd5db0337576016144fb2bd288a23f882e902a90d8,Cc1ccoc1C(=O)N1CCC(NC(=O)C2(F)CCCC2)C1,O=C(c1occc1Cl)N1CCC(NC(=O)C2(F)CCCC2)C1,O=C(c1occc1Cl)N1CCC(NC(=O)C2(F)CCCC2)C1,1,0.7735849056603774,True,True
graph_256,0f6e6ae6b3404bbb39037b9b110a282dab235895125e3262713befee4e9166f8,C[*:1]>>FC(F)(F)[*:1],5ebf8a22f611b5ec9124444524413d595a87e38e3b89802ee267f9f5093bc357,b4a31bb4f04c5203079f8aa9d95615141aa724c93563aedd3b18a93e191d2b0b,b4a31bb4f04c5203079f8aa9d95615141aa724c93563aedd3b18a93e191d2b0b,Cc1nsc(N2CCC(NC(=O)C3CC3)C(C)C2)n1,CC1CN(c2nc(C(F)(F)F)ns2)CCC1NC(=O)C1CC1,CC1CN(c2nc(C(F)(F)F)ns2)CCC1NC(=O)C1CC1,1,0.72,True,True
graph_256,677c281a4e856b64c39857ad22cf2392e5b6874305306327a1f79f2e8ff17a10,CO[*:1]>>F[*:1],7f2e9c490620c45a0bf45a3037fa43e11eb39aa5b2811350999af56ee6960b65,385156593048fa2460d95b20c234034faeb3c8ae7a8bc11e4859a93b26cfd220,9ff799dba05847997fc9060c8319fa6c8009990f1be8a679f94deaef5f81ebfa,COc1cccc(Nc2cncc(N)c2)c1,Nc1cncc(Nc2cccc(F)c2)c1,COc1ccc(Nc2ccc(N)nc2)cc1F,15,0.3673469387755102,True,False
graph_256,21178b6499d7f32af6c890fbd32c061964cf63e5d5208100bc4d233b5a9e3ecc,C[*:1]>>F[*:1],c57bd6efcce0eb7c958464fcd041f0f53cbddbd15ba88ad6b3b2135301b081c6,2d6da1a8ff638d5f3a43596192b6d0dd2b6ee930551f80a4c7f314d54a1d6174,2d6da1a8ff638d5f3a43596192b6d0dd2b6ee930551f80a4c7f314d54a1d6174,Cc1cccc(CNC(=O)c2ccc(-c3ccsc3)nc2)c1,O=C(NCc1cccc(F)c1)c1ccc(-c2ccsc2)nc1,O=C(NCc1cccc(F)c1)c1ccc(-c2ccsc2)nc1,1,0.7735849056603774,True,True
graph_256,fb0f0053fb7252609daa780f04ad1d46153bb3ae2db6da36977a50a8cc58c689,CC[*:1]>>C[*:1],0c5dabcd48cfeff615005f0378898d6714b0255e88a65984789713aed55efa43,c2eec1da942b4af16eb1dcccb55fe0c25835ef0de68642bea59c1599c6ee2ba9,c2eec1da942b4af16eb1dcccb55fe0c25835ef0de68642bea59c1599c6ee2ba9,CCCNc1cncc(C(=O)NC2CCCC(SC)C2)n1,CCNc1cncc(C(=O)NC2CCCC(SC)C2)n1,CCNc1cncc(C(=O)NC2CCCC(SC)C2)n1,1,0.86,True,True
graph_256,fedc1617a09e18f0dc17f225fe32d197069e6b2eb76a141b65a269f87d93ebc2,CCCC[*:1]>>C[*:1],4917d51734362b02ea956f38c655421bee5ee4fe0230f46fa020c0b958ad42d0,6715ba3b8539bceefb5e8df4af875ead3693cf4e19216ae3f22151b90d4618f9,6715ba3b8539bceefb5e8df4af875ead3693cf4e19216ae3f22151b90d4618f9,CCCCOC(C)C(=O)Nc1cc(C(C)(C)C)nn1-c1ncccn1,COC(C)C(=O)Nc1cc(C(C)(C)C)nn1-c1ncccn1,COC(C)C(=O)Nc1cc(C(C)(C)C)nn1-c1ncccn1,1,0.7307692307692307,True,True
graph_256,6966e16c39a3249a4f88c1993de9c69a1325d749d74edaadf79fd0780ed23cdd,CC(C)[*:1]>>CCC[*:1],a988062d6f6d83b2aa9117101b6d3caf908c9744076b8654fbe6c3fe89c6ff41,8139f972fd280340e9df2b130926ae94390984715760936343cf8b5c3a3feda4,8139f972fd280340e9df2b130926ae94390984715760936343cf8b5c3a3feda4,CCc1cccc(OCC(=O)NC(C)C2CN(C(=O)CC(C)C)C2)c1,CCCCC(=O)N1CC(C(C)NC(=O)COc2cccc(CC)c2)C1,CCCCC(=O)N1CC(C(C)NC(=O)COc2cccc(CC)c2)C1,1,0.7894736842105263,True,True
graph_256,f591ef74b84581f5ee57ef175e8eddf2fa5acfccc50e61354b7b49e6fb9a2f12,CO[*:1]>>C[*:1],d641150cd28107e2ab0e40a83018a46b919b41eb7930000681cf10fabc0e2f29,e8ce6eab28c2ebcd8de2e6202826fcabcc3efbad9f1c03501466ea24666245e2,e8ce6eab28c2ebcd8de2e6202826fcabcc3efbad9f1c03501466ea24666245e2,COC(=O)c1cccc(Nc2ccc(OC)nc2)c1N,COC(=O)c1cccc(Nc2ccc(C)nc2)c1N,COC(=O)c1cccc(Nc2ccc(C)nc2)c1N,1,0.7555555555555555,True,True
graph_256,536021eec097ace506708df5f7e5bc94b05c1288a78fb38f3cf087cd41b06bce,CCC[*:1]>>C[*:1],9cd536d5c7adeaf38b67dd45ec4cd5af65d81999fc40b9a0c21d3d7543e91fd5,a07188ee0e1c245323c9ff26bcd8e5bd527eda52df50d30dea8a59ef5cd1e522,a07188ee0e1c245323c9ff26bcd8e5bd527eda52df50d30dea8a59ef5cd1e522,CCCOCCNC(C)C1CC2CCC1C2,COCCNC(C)C1CC2CCC1C2,COCCNC(C)C1CC2CCC1C2,1,0.7105263157894737,True,True
graph_256,9ff0cb580bfc8fc452ad112e1ee8a2886f3e16dc1e2387f99e94a50536aac0b9,C[*:1]>>Cl[*:1],8124b078874b1c55c7c19a3fa27730a934df79bf141f34b341d03ce28cae3dd3,d0d01cbb3ff5a32bec4c43be51c019967b40a8c340394826a78d8c7aa7ee846d,d0d01cbb3ff5a32bec4c43be51c019967b40a8c340394826a78d8c7aa7ee846d,Cc1ccc(C(CNC(=O)Cc2cccs2)N2CCN(C)CC2)cc1,CN1CCN(C(CNC(=O)Cc2cccs2)c2ccc(Cl)cc2)CC1,CN1CCN(C(CNC(=O)Cc2cccs2)c2ccc(Cl)cc2)CC1,1,0.8235294117647058,True,True
graph_256,b415719e89375a97a3d3393bd7d12abd7e027aea5805233c5b238b60047d2b5a,C[*:1]>>FC(F)(F)[*:1],713d0219d3573b506cc11726f92761d2dcaa8f4240ec0a6c9bac9c06c185010d,a94df8bd9f68504d39004e5f0139487497a53102c649ccc0deb30388afba51fc,a94df8bd9f68504d39004e5f0139487497a53102c649ccc0deb30388afba51fc,C#Cc1ccccc1Nc1cnc(N)cc1C,C#Cc1ccccc1Nc1cnc(N)cc1C(F)(F)F,C#Cc1ccccc1Nc1cnc(N)cc1C(F)(F)F,1,0.6590909090909091,True,True
graph_256,f7c629c3715f06a99519c06fe782525bd842784431217682fdb271bf5a646180,CO[*:1]>>F[*:1],f7885317041f2369ed1d16901dfee9865ac3bc841f22dfb09d67251c81604bf7,8a9b40031d98e18be756d05632ea861b22f66d098eb2034cb991682e72cf7c7e,8a9b40031d98e18be756d05632ea861b22f66d098eb2034cb991682e72cf7c7e,COc1ccc(Nc2cnc(OC(C)C)c(C)c2)cc1C(N)=O,Cc1cc(Nc2ccc(F)c(C(N)=O)c2)cnc1OC(C)C,Cc1cc(Nc2ccc(F)c(C(N)=O)c2)cnc1OC(C)C,1,0.75,True,True
graph_256,e33d9b81c1c6238458f27f12934d8fc0d844dfd23cb99d30211a13b87c85cb3a,C[*:1]>>F[*:1],61901f120603a78ffd1556e0fb2a540c92158e2fd0cb6975f458c1aa71a311e0,42faca45f8ac8c08dae1bb287f9be9273672473f4ca5117a4f29092d0d583c4d,42faca45f8ac8c08dae1bb287f9be9273672473f4ca5117a4f29092d0d583c4d,COCc1ncsc1C(=O)N1CCC(c2cccc(C)c2)C1,COCc1ncsc1C(=O)N1CCC(c2cccc(F)c2)C1,COCc1ncsc1C(=O)N1CCC(c2cccc(F)c2)C1,1,0.8103448275862069,True,True
mean_node_128,4fadeb24f6dfdf98483dd4cdadf3f5281ccddb3ec9020206c09fcae21bb9789a,CC(C)[*:1]>>COC[*:1],37c2fd2a3f494e1f140cd8927f68ea3300457007de901708b42759e28d519929,c3920fba3ebe90893a4bda1bdb79f0fe354c36d1d17f1dd31481f59dfd771062,c3920fba3ebe90893a4bda1bdb79f0fe354c36d1d17f1dd31481f59dfd771062,CC(C)CC1(C(=O)NCCCNc2ccnc(C3CC3)n2)CC1,COCCC1(C(=O)NCCCNc2ccnc(C3CC3)n2)CC1,COCCC1(C(=O)NCCCNc2ccnc(C3CC3)n2)CC1,1,0.7192982456140351,True,True
mean_node_128,e286873db608cd000ad92b8951b09bd03609d78dac2c88de5cb4ff3d91278172,CC(C)[*:1]>>CCC[*:1],273cf5bd5e27201f34c50e489631be4f43d333fd09d88c9cf4cfe47e989e0667,679aad79be99c30e4a180e91264419ad7e29492b0f0bec0bb9b86bbab1293319,679aad79be99c30e4a180e91264419ad7e29492b0f0bec0bb9b86bbab1293319,CCCCC(=O)N1CCOCC1CNC(=O)c1ccccc1C(C)C,CCCCC(=O)N1CCOCC1CNC(=O)c1ccccc1CCC,CCCCC(=O)N1CCOCC1CNC(=O)c1ccccc1CCC,1,0.7586206896551724,True,True
mean_node_128,a9205035671846adf92f9bef6aaae6da50de733c19bf3ff2a6e434875830b5fc,N#C[*:1]>>O=[N+]([O-])[*:1],55cc86699c3131cff36bcbc8d21020a826c9161b21b0709e427da65e11b1928f,6bc76e8a5d79aa297015877a44365211a1dfccea72eca7fbb1f212e0daf853ea,6bc76e8a5d79aa297015877a44365211a1dfccea72eca7fbb1f212e0daf853ea,N#Cc1ccccc1OCC(=O)N1CCCO1,O=C(COc1ccccc1[N+](=O)[O-])N1CCCO1,O=C(COc1ccccc1[N+](=O)[O-])N1CCCO1,1,0.62,True,True
mean_node_128,8e856b6bdc528e1502bb286e30162a360dc83be069e444deb7fe3845d087be0c,C[*:1]>>O=C(O)[*:1],ceb7f13814429a5433f7b9633ea8030bd1d007f83f1855d4b2f763892a365727,13016fbdc63ea81dea3292794fb4ce58209279e4f9a568f03bab7d2d0beba0ad,13016fbdc63ea81dea3292794fb4ce58209279e4f9a568f03bab7d2d0beba0ad,CC(C)(Nc1ncnc2ccsc12)C1CC1,CC(Nc1ncnc2ccsc12)(C(=O)O)C1CC1,CC(Nc1ncnc2ccsc12)(C(=O)O)C1CC1,1,0.6888888888888889,True,True
mean_node_128,3d25e880db8423217998fd276bd0c85f1d1d1bdaaa3be66a0978ca8011c3d05b,CO[*:1]>>C[*:1],e56ec58d6a6c97ac4ccaa8aba2b57cfb50e999799bdb7a417f8e362a83d2ad0b,1c6326b5906fc0a84ab4cdb0ceb129c40e6137bb41485730dc30f08d53bfe0a8,1c6326b5906fc0a84ab4cdb0ceb129c40e6137bb41485730dc30f08d53bfe0a8,COc1ccccc1CC(=O)OCC1CCOC(C)C1,Cc1ccccc1CC(=O)OCC1CCOC(C)C1,Cc1ccccc1CC(=O)OCC1CCOC(C)C1,1,0.7551020408163265,True,True
mean_node_128,268a98b95e1f2624089bc84a3d6818655e631061492309452be26e270f72c1bd,CC[*:1]>>OCCC[*:1],58cc4c8b1e4299a33d86cb116913c336897a7f735d389c6b7fb33fb3620b23df,80e1cdde29eb382f8dfd7b896a1e39ed8064c2143ac595f0432b329b8b75ce13,80e1cdde29eb382f8dfd7b896a1e39ed8064c2143ac595f0432b329b8b75ce13,CC[NH+]1CCC1CN(C)C(=O)c1cc(C)n(C(C)C)n1,Cc1cc(C(=O)N(C)CC2CC[NH+]2CCCO)nn1C(C)C,Cc1cc(C(=O)N(C)CC2CC[NH+]2CCCO)nn1C(C)C,1,0.7777777777777778,True,True
mean_node_128,c0fb2873eafc9ea01a93ba3e2f9ed556c6edaea4557c790a2c5decab499b489c,CCC[*:1]>>C[*:1],2108be4a03709d190472b8a919b8fb3d4470f1b0f35d093276bd42ee235b3507,642f5c87c1a76bca7c5d913acd5bfbd0160dd6c69e69ceac15d43ef7f2b0da4b,0b6066b35a528ca5ac712733d8f7e86b9d09b10f123776242afa228e80e7a34e,CC=CCN1CC(=O)NC(CCC)C1=O,CC=CCN1CC(=O)NC(C)C1=O,C=C(C)CN1CC(=O)NC(CC)C1=O,2,0.43478260869565216,True,False
mean_node_128,0752ae2023d31fe5ce693cfa670ddbee0dfbb8d5da44cd2c37bfbd3e368bcba2,C[*:1]>>OCC[*:1],54192ff5b82f9a43b1d84cfe52fa39020ff305a6a16f7095139a530e0e592632,a96c5c89a9020052c1feeec016cf8cd2d1643dfee33fb07a18d8116d1d6128e1,a96c5c89a9020052c1feeec016cf8cd2d1643dfee33fb07a18d8116d1d6128e1,CN(C(=O)CC1(CN)CCC1)C1CCS(=O)(=O)C1,NCC1(CC(=O)N(CCO)C2CCS(=O)(=O)C2)CCC1,NCC1(CC(=O)N(CCO)C2CCS(=O)(=O)C2)CCC1,1,0.6808510638297872,True,True
mean_node_128,8aee61e868490320242bdb81e1a5de7dd571874f466191635e3ec543a64a65ac,CCCC[*:1]>>CCC[*:1],302f3b9d581ff781fc744d65167fa64ceba31894643b885862a8de60728381e2,436fa606c80def97bd5b1fe4cc1a4d4b4ee005d714cc95d1005fd987e2c7e498,436fa606c80def97bd5b1fe4cc1a4d4b4ee005d714cc95d1005fd987e2c7e498,CCCCN1C(=O)N=NC1SCC1(C)CC1(Cl)Cl,CCCN1C(=O)N=NC1SCC1(C)CC1(Cl)Cl,CCCN1C(=O)N=NC1SCC1(C)CC1(Cl)Cl,1,0.8571428571428571,True,True
mean_node_128,5bd487227681b6ed0e77ff3496b19dacf4e91a5a12285214319e1951bb9e9ea7,C=C[*:1]>>COC[*:1],32f5a55e75d890e38dce37eb75f4a379d3793d6633de9dd904e73fa73dea4f7f,53c032eba9a232557b8ef190dc97ae201305f9ea7673df9632eb703a3bb45a54,53c032eba9a232557b8ef190dc97ae201305f9ea7673df9632eb703a3bb45a54,C=CCCC(=O)N1CC(C)C(CCNC(=O)Cn2ncnn2)C1,COCCCC(=O)N1CC(C)C(CCNC(=O)Cn2ncnn2)C1,COCCCC(=O)N1CC(C)C(CCNC(=O)Cn2ncnn2)C1,1,0.7213114754098361,True,True
mean_node_128,e7d37e501f75260040d133add75dab8341f386d75fee127ffd55599a14096e94,C[*:1]>>Cl[*:1],4d655879c507d770bab8b33143735b57feba67c9a6a332c7fd28a9915af441d2,d2a7df7e9885165ef5c03d5b3412f9d32010ffb3162458397d683fb1b8dc6a87,d2a7df7e9885165ef5c03d5b3412f9d32010ffb3162458397d683fb1b8dc6a87,Cc1ccc(Nc2ccc3ncccc3c2)c(N)c1,Nc1cc(Cl)ccc1Nc1ccc2ncccc2c1,Nc1cc(Cl)ccc1Nc1ccc2ncccc2c1,1,0.7209302325581395,True,True
mean_node_128,b572055fd4a38fdd054fe5f79ee82698307495fe6804d9e67ca9afd52d1c70d5,CO[*:1]>>O=C(O)[*:1],3cf26b61780c58d41e917606470965aec9aa5ccffd60e2b340ed6f1e23b54600,48fb1e3a8d4783bb578e79cfd988b80d4e339cb03645698b49f3d41df51995ee,48fb1e3a8d4783bb578e79cfd988b80d4e339cb03645698b49f3d41df51995ee,COCC(C)NC1CC2CCC1C2,CC(CC(=O)O)NC1CC2CCC1C2,CC(CC(=O)O)NC1CC2CCC1C2,1,0.5789473684210527,True,True
mean_node_128,c30957086409e37863c10e852ad3187026af2ab872da80ad38e5ec056f710f7a,C[*:1]>>FC(F)(F)[*:1],61a72a06c77a8888d4aeba46836b0119d89e67deea97062a4a1c221fdd07d68e,b2feeaaa3b1620c6df1f96937d4293930e662deec43052e457bad1ff337cf0fb,b2feeaaa3b1620c6df1f96937d4293930e662deec43052e457bad1ff337cf0fb,CC1CCC(Cn2cc(CNC(=O)c3ccccc3)nn2)O1,O=C(NCc1cn(CC2CCC(C(F)(F)F)O2)nn1)c1ccccc1,O=C(NCc1cn(CC2CCC(C(F)(F)F)O2)nn1)c1ccccc1,1,0.7321428571428571,True,True
mean_node_128,69148de7e3e8f8c7e52618583e22b999196e5f0381f8d4eabc0571b626a08f64,CO[*:1]>>F[*:1],aa6d32e47d7eaea22ca680278b1f29a110419e4b25dd7a0f7224cc0c9a731cdf,ba878bbfc2d863cfae8eae08c3b443522db4cbeac638112e66b6c64282e5fbaf,ba878bbfc2d863cfae8eae08c3b443522db4cbeac638112e66b6c64282e5fbaf,COc1ccc(OCCN(C)C(=O)CC2C=CS(=O)(=O)C2)cc1,CN(CCOc1ccc(F)cc1)C(=O)CC1C=CS(=O)(=O)C1,CN(CCOc1ccc(F)cc1)C(=O)CC1C=CS(=O)(=O)C1,1,0.8163265306122449,True,True
mean_node_128,bab1bbff7b9dfa1832b9b5934da8869038bde6c006c79e30d95c995bc3cabcff,CCC[*:1]>>CC[*:1],bc3e8a520814b70ac2faa6f7ae19e0fb2b824f444b23f64d2f3e37800111b67f,0dbfc3fcb8662a10b9e74971fc5ef50e51de5f6b2b7bb7893cb1e38abf50b8f4,0dbfc3fcb8662a10b9e74971fc5ef50e51de5f6b2b7bb7893cb1e38abf50b8f4,CCCC(c1cccs1)n1c(C)c[nH]c1=S,CCC(c1cccs1)n1c(C)c[nH]c1=S,CCC(c1cccs1)n1c(C)c[nH]c1=S,1,0.8048780487804879,True,True
mean_node_128,90fe64312e4f154e68e4f655e9ba8fb194ded235761c98c1b25c3816938a0d28,C[*:1]>>F[*:1],b1ba3c368fbd1cff688c205000a31638430e6ea57ec27d2221bd2dbb5aad667c,2d26c0aec399c1f1a6f962c6257b1bc95260726184218903ba75edd75286a321,1247d56683bc61567b9f25a72ef7687b1353fc94f01bb73390cbec7653ba717e,CCCCN1CCOCC1CNC(=O)c1ccccc1CC,CCc1ccccc1C(=O)NCC1COCCN1CCCF,CCCCN1CCOCC1CNC(=O)c1cccc(F)c1,2,0.6440677966101694,True,True
mean_node_128,b4c997d646a0b0167c40ee710ff0044a0e615b8f085f6dcb5e1a12d7deec95dc,CC[*:1]>>C[*:1],67507ec7754fcc3f0d6c80b60bc37110c408ea6135abb349720471ef79a1c55a,d58891ad1db2a8db76c28e6ba7f2d0ff9735e439c7ce090bebffbe63770fb299,d58891ad1db2a8db76c28e6ba7f2d0ff9735e439c7ce090bebffbe63770fb299,CCOCCn1cc(C(=O)NCC2CCC(C(N)=O)CC2)cn1,COCCn1cc(C(=O)NCC2CCC(C(N)=O)CC2)cn1,COCCn1cc(C(=O)NCC2CCC(C(N)=O)CC2)cn1,1,0.8269230769230769,True,True
mean_node_128,433be1049af2cc19e2f0e2fc3343a04ce1c912979c550a1c2fd18f9560c4cab0,COc1cccc([*:1])c1>>Fc1ccc([*:1])cc1,de68806a7d1cf6d7871b1a448bf8b9c1676927791ad67a4131385ad782f14fbe,a4967c8f3c1127824fa44645e819fb74652b859ea81b685eed6e50990a36bce4,a4967c8f3c1127824fa44645e819fb74652b859ea81b685eed6e50990a36bce4,CCOC1CC2C(c3cccc(OC)c3)CCCC2(OC)O1,CCOC1CC2C(c3ccc(F)cc3)CCCC2(OC)O1,CCOC1CC2C(c3ccc(F)cc3)CCCC2(OC)O1,1,0.6727272727272727,True,True
mean_node_128,bd8db1893730cd65bb855dbd84b4b5cb9c8cd17e5b40b2740dce01009a75359e,CCCCC[*:1]>>CCCC[*:1],bc611248801d648582ef88a32e7a2c3a30c071111c4328324080b0724bc06220,d972567699ee25d51c99e2ab4f492caeea4e67228c24afdbdc752788fd22e6f9,d972567699ee25d51c99e2ab4f492caeea4e67228c24afdbdc752788fd22e6f9,CCCCCC(C)N1C(=O)C(C)(CC)NC(=O)C1CC,CCCCC(C)N1C(=O)C(C)(CC)NC(=O)C1CC,CCCCC(C)N1C(=O)C(C)(CC)NC(=O)C1CC,1,0.9230769230769231,True,True
mean_node_128,802373cf7020624f25b17895ea0f0be8af97b3a74dc2c12ba14c5bad8ea77220,CCCN[*:1]>>N[*:1],b1f412ba67d3f3178aae932341522a69160731ab8bff7c04c29cbe10bab7330e,204f9cc460651c49a3b59cac552d864f6cf11ceecfda4bee0b092747a20e183a,204f9cc460651c49a3b59cac552d864f6cf11ceecfda4bee0b092747a20e183a,CCCNC(C1CCOCC1)C1CN2CCCC2CO1,NC(C1CCOCC1)C1CN2CCCC2CO1,NC(C1CCOCC1)C1CN2CCCC2CO1,1,0.5833333333333334,True,True
mean_node_128,d9a36e4320747862352da107a0efc971cd700dc34c834ecb353e47664279e75d,CCCC[*:1]>>C[*:1],8139f972fd280340e9df2b130926ae94390984715760936343cf8b5c3a3feda4,669bc7c0402a16a90b63119f5c5ee72a67d494e7d6ac38278ded5df7dca91451,669bc7c0402a16a90b63119f5c5ee72a67d494e7d6ac38278ded5df7dca91451,CCCCC(=O)N1CC(C(C)NC(=O)COc2cccc(CC)c2)C1,CCc1cccc(OCC(=O)NC(C)C2CN(C(C)=O)C2)c1,CCc1cccc(OCC(=O)NC(C)C2CN(C(C)=O)C2)c1,1,0.8,True,True
mean_node_128,d9f537f9c105ef0e132a6380205768094db5472283a1bfaa63d7019b9976b070,CC(C)[*:1]>>COC[*:1],21b49df3d9d71d05810929fbad51add6fca61b482a23e3f2391a3ec58c685082,d9020cf6ba8aa82e051c65ee102e784353c410ce269c01f762fd2e9ad56234df,d9020cf6ba8aa82e051c65ee102e784353c410ce269c01f762fd2e9ad56234df,CC(C)CCC(=O)NC1CN(C(=O)c2cc(=O)n(C)o2)CC1C,COCCCC(=O)NC1CN(C(=O)c2cc(=O)n(C)o2)CC1C,COCCCC(=O)NC1CN(C(=O)c2cc(=O)n(C)o2)CC1C,1,0.7454545454545455,True,True
mean_node_128,2a2b87eef38b921391281b29c41cd76bf138541f5773d7c982f6c7cbfff9ab49,CC(C)[*:1]>>CCC[*:1],7c2319f64647ed25e6cf6cb8abdb7417f5f66557525858033f36618980b16355,30408ce2a59665ca339dfb5fd1e38673ae006bc2c5e332735bc4fe42d2f71a21,30408ce2a59665ca339dfb5fd1e38673ae006bc2c5e332735bc4fe42d2f71a21,CCC1(OC(=O)CN)C(=O)OCc2c1cc1n(c2=O)Cc2c-1nc1ccc(N)cc1c2[Si](C)(C)C(C)C,CCC[Si](C)(C)c1c2c(nc3ccc(N)cc13)-c1cc3c(c(=O)n1C2)COC(=O)C3(CC)OC(=O)CN,CCC[Si](C)(C)c1c2c(nc3ccc(N)cc13)-c1cc3c(c(=O)n1C2)COC(=O)C3(CC)OC(=O)CN,1,0.8205128205128205,True,True
mean_node_128,3fdf208ad8f638d19e8f67476d7de6e33302d11a745c5356868538da25ce3103,N#C[*:1]>>O=[N+]([O-])[*:1],a5abf0421f7925878fe6bf5460fd8d189253fb458ed4796f0156e4a08d44fae1,c16261458707ac9138be2633d708c3402b8d1029299aee9de8afddaee9b44645,c16261458707ac9138be2633d708c3402b8d1029299aee9de8afddaee9b44645,CCn1nccc1N1CCCC(NC(=O)c2ccc(C)c(C#N)c2)C1=O,CCn1nccc1N1CCCC(NC(=O)c2ccc(C)c([N+](=O)[O-])c2)C1=O,CCn1nccc1N1CCCC(NC(=O)c2ccc(C)c([N+](=O)[O-])c2)C1=O,1,0.7313432835820896,True,True
mean_node_128,a6f5a86a8158e681728dc5f61efc53f14b269c7cdf42dcc842dd4a2f4f5dcb9f,C[*:1]>>O=C(O)[*:1],420dc0e1d1b34f30bed70006862766ad59804b9fa941da0c17961f5ffd492bbd,bf57b3cc4d78a7f70c9f28d9ae8574c546eab188f38e0be8dbe40659fc76cb57,bf57b3cc4d78a7f70c9f28d9ae8574c546eab188f38e0be8dbe40659fc76cb57,CC1(C(=O)N2CCC(NC(=O)C3CCCCC3)CC2)CCC1,O=C(NC1CCN(C(=O)C2(C(=O)O)CCC2)CC1)C1CCCCC1,O=C(NC1CCN(C(=O)C2(C(=O)O)CCC2)CC1)C1CCCCC1,1,0.6904761904761905,True,True
mean_node_128,a19c5aa08aacb6f4e00a81a884e12a38df8ba49a532eeee9bcc07a2cf8ba52f6,CO[*:1]>>C[*:1],38d53ed0b2603153bb3b9f860226e7139284c8d43e48bec440d24970b2a2a5e0,2bc2dfe13d244f753c14fae48fd535161352b403cab6fa5b353da36364da3842,2bc2dfe13d244f753c14fae48fd535161352b403cab6fa5b353da36364da3842,CNC(CCC(C)OC)CC1CC2CCC1C2,CNC(CCC(C)C)CC1CC2CCC1C2,CNC(CCC(C)C)CC1CC2CCC1C2,1,0.7368421052631579,True,True
mean_node_128,9077948940b51d6f035bc88574820180b8ecdc42fbdd4a428022f2431e6ef5e2,CC[*:1]>>OCCC[*:1],40c504f042a8f3641331efd8e916725d1b6e4bec3a5dbbc80acb99c79ccfe6dc,31d6ae02ecab90750d8a92835df67addb0c592cf51690b50c011400fd1f4b9a4,31d6ae02ecab90750d8a92835df67addb0c592cf51690b50c011400fd1f4b9a4,CC[NH+]1CCCC1CNC(=O)CNC(=O)CCC1CCCC1,O=C(CCC1CCCC1)NCC(=O)NCC1CCC[NH+]1CCCO,O=C(CCC1CCCC1)NCC(=O)NCC1CCC[NH+]1CCCO,1,0.7291666666666666,True,True
mean_node_128,5438c3b64e31cec5a4f99810652a6e6cae7d11f359f9e197f2cb25c8e44599f1,CCC[*:1]>>C[*:1],31a0d6d5861204660927e4c2384388327170c59371363ca751c216b3097307f3,ea52628041f324e113b96e442c858781b87be7734707fa7f877d5eb35d5baf88,ea52628041f324e113b96e442c858781b87be7734707fa7f877d5eb35d5baf88,CCCn1c(SCC(=O)NCc2ccccc2OC)nnc1-c1cccc(C)c1,COc1ccccc1CNC(=O)CSc1nnc(-c2cccc(C)c2)n1C,COc1ccccc1CNC(=O)CSc1nnc(-c2cccc(C)c2)n1C,1,0.8,True,True
mean_node_128,65510ca77e4bc2ef7fab08f45fa4620b6ea9eece51723ac8c9f0a865099232a0,C[*:1]>>OCC[*:1],278e9ec46ac319f4bef53686190ecd1cb5457304d634954f294e9f04ba85f4ff,1a8f9824ca016b04a78405c8414f8b252e7b0f38d8e22680b7882a81f7ccc30d,1a8f9824ca016b04a78405c8414f8b252e7b0f38d8e22680b7882a81f7ccc30d,CSc1cccnc1NC(=O)NC(C)C1CC1,CSc1cccnc1NC(=O)NC(CCO)C1CC1,CSc1cccnc1NC(=O)NC(CCO)C1CC1,1,0.7,True,True
mean_node_128,47ebeb0946d568ff6ff9e463f6d70b5a80b4d2f4e6df072d14f3f44f5cdca281,CCCC[*:1]>>CCC[*:1],63f64741d33cbfcf2364d130aeeed6efe1823d2f82352e317144c17ed667e748,5b8f4b15ee2319c34047a643bf83437bee4d2e9c583822d2361fc139f8b9d0de,5b8f4b15ee2319c34047a643bf83437bee4d2e9c583822d2361fc139f8b9d0de,CCCCc1nn2c(c1Br)NCC(C)C2CC,CCCc1nn2c(c1Br)NCC(C)C2CC,CCCc1nn2c(c1Br)NCC(C)C2CC,1,0.85,True,True
mean_node_128,0f68e7cf4fad492e0298d7df1bfba4c98732393654ce44c27b0ceeb80ee4cc94,C=C[*:1]>>COC[*:1],674f2889dbd68b333752384490c953637e025235cfe3b4de913cff89e14eb4e9,389dfc49aba2d40c556745f8b7df38fe8dd7cd34a85c57788bc79f3c104f9d25,389dfc49aba2d40c556745f8b7df38fe8dd7cd34a85c57788bc79f3c104f9d25,C=CCC[NH+]1CC2CN(C(=O)CCc3cn[nH]c3)CC2C1,COCCC[NH+]1CC2CN(C(=O)CCc3cn[nH]c3)CC2C1,COCCC[NH+]1CC2CN(C(=O)CCc3cn[nH]c3)CC2C1,1,0.6964285714285714,True,True
mean_node_128,126979b3519d0a62109d57bf2b3098b58a8b1f4d49f79cbeffda926e9aa4c6b2,C[*:1]>>Cl[*:1],5f6652165e688605c6b883772d6fec1c6811a135c6cb5f62cfe5f89e0831538f,ec9b5e7af16ca2b5d7ac9bd7c4ba133c9bd618b7ef7321395171fd0c3a11037e,ec9b5e7af16ca2b5d7ac9bd7c4ba133c9bd618b7ef7321395171fd0c3a11037e,Cc1cccc(-c2nc(C3CSC(C)C(C)S3)no2)c1N,CC1SCC(c2noc(-c3cccc(Cl)c3N)n2)SC1C,CC1SCC(c2noc(-c3cccc(Cl)c3N)n2)SC1C,1,0.7916666666666666,True,True
mean_node_128,3c02ef96e3156cea73d9834f77e66270c72120ce4375c0fbdc552801314b4f86,CO[*:1]>>O=C(O)[*:1],d26343286da41704eae949a5def63697e5c55345e4ee6075a783a14b3a213140,e0ffc7c9568576c7ebf72149a40330e285f23105a677aacc8661c0ecfa868df7,e0ffc7c9568576c7ebf72149a40330e285f23105a677aacc8661c0ecfa868df7,COC(C#N)C1CC2CCC1C2,N#CC(C(=O)O)C1CC2CCC1C2,N#CC(C(=O)O)C1CC2CCC1C2,1,0.4864864864864865,True,True
mean_node_128,a1b4d667b4c441d6eb1ca72d3f30d929eac94f8903b479d2c736fef64f192350,C[*:1]>>FC(F)(F)[*:1],352b3705342933b1a7deb5aba5035cfa1165ef69f184ffbd940a054596463a16,82dd993aecd7b04943a594c56f02f7b916f7e32c1b39468eb1eed7173b3c9c79,82dd993aecd7b04943a594c56f02f7b916f7e32c1b39468eb1eed7173b3c9c79,CC(C#N)CNC(C)C1CC2CCC1C2,CC(NCC(C#N)C(F)(F)F)C1CC2CCC1C2,CC(NCC(C#N)C(F)(F)F)C1CC2CCC1C2,1,0.6829268292682927,True,True
mean_node_128,34a57b40b47a5a175cd389536e33f166b59585c3b801cf58f747a45e0965bb0d,CO[*:1]>>F[*:1],46043b6b7fac402e16ed07cc9e21122e045f8b85e3479e0bae7462b65b41615d,8e9dcd27ac57e2ce770a9f09d997c3304a3c32f970c7fa8fb9292233f5400629,8e9dcd27ac57e2ce770a9f09d997c3304a3c32f970c7fa8fb9292233f5400629,COc1ccc(C(=O)c2sc(Nc3ccccc3F)nc2N)cc1,Nc1nc(Nc2ccccc2F)sc1C(=O)c1ccc(F)cc1,Nc1nc(Nc2ccccc2F)sc1C(=O)c1ccc(F)cc1,1,0.7916666666666666,True,True
mean_node_128,1d33027b7659f9ffa5ee2da59dbd899ff38a1265142fec39a0963737218e430f,CCC[*:1]>>CC[*:1],81032c5a87ef88df8bc169158c36d0daf62e12ef8b59f7fa37b203f963c54ea4,caab361bd7a4defd872a1ba20a6801e38a6b742b08e8b070a9b0306cd07efb10,caab361bd7a4defd872a1ba20a6801e38a6b742b08e8b070a9b0306cd07efb10,CCCNC(C#N)(CN(C)C1CCCC1)c1ccccc1,CCNC(C#N)(CN(C)C1CCCC1)c1ccccc1,CCNC(C#N)(CN(C)C1CCCC1)c1ccccc1,1,0.813953488372093,True,True
mean_node_128,77b9652ad228792c7b86d530959cb8b59c2e8b7583a5432f18e153d45cc7aba4,C[*:1]>>F[*:1],b4b1ebe834edad3c0eccc7ed48a57ec8590da7c39290b17a091afa9bece3aa63,b148d73d577192433ca63c73b5b392e2e38150eef56e8678fc7bf01323d018fd,b148d73d577192433ca63c73b5b392e2e38150eef56e8678fc7bf01323d018fd,Cc1cc(C[NH+]2CCC(n3nccc3C)CC2)cc(C)c1F,Cc1cc(C[NH+]2CCC(n3nccc3C)CC2)cc(F)c1F,Cc1cc(C[NH+]2CCC(n3nccc3C)CC2)cc(F)c1F,1,0.8863636363636364,True,True
mean_node_128,cad8e827859654356a13380187844e9c2b17b99ac9bbffdafcfa7fc0475ba236,CC[*:1]>>C[*:1],42fdd2355cdcd55d14ef21eebce6f506aab67322e4ef3407f3d055c8c458459a,f78d8e270524bcd874048b8fd286fcdda2bcf77cc99fc0060bbedad124a57a6c,f78d8e270524bcd874048b8fd286fcdda2bcf77cc99fc0060bbedad124a57a6c,CCCC(C)C(=O)N1CCC1CNC(=O)c1snnc1C1CC1,CCC(C)C(=O)N1CCC1CNC(=O)c1snnc1C1CC1,CCC(C)C(=O)N1CCC1CNC(=O)c1snnc1C1CC1,1,0.8490566037735849,True,True
mean_node_128,2968027de166db075185e9988652663cada6b345d126e031c863e0493498de75,COc1cccc([*:1])c1>>Fc1ccc([*:1])cc1,6d58d53bc30e89be73844d6c5bbb8dfdd444add142df34a8e8145262ab666904,32a4bc9831aef3612b1417f87da2f2ec46b4c0f18c45ec7be9cac7d184473205,32a4bc9831aef3612b1417f87da2f2ec46b4c0f18c45ec7be9cac7d184473205,COc1cccc(C(=O)N2CCC(NC(=O)c3cn[nH]c3)C(C)C2)c1,CC1CN(C(=O)c2ccc(F)cc2)CCC1NC(=O)c1cn[nH]c1,CC1CN(C(=O)c2ccc(F)cc2)CCC1NC(=O)c1cn[nH]c1,1,0.6833333333333333,True,True
mean_node_128,65cd7d6f58f7fab512f53578dbc150f0cb84620d44e502a7f50702e280dd8155,CCCN[*:1]>>N[*:1],1457ed91fadc8fd03bbbf088647732b3601fc412d81559ada3c5d8d569c6be4f,8607265da5d73bb63a5d20f73654ad5c9f2145987d5fd26645aca6012d855782,8607265da5d73bb63a5d20f73654ad5c9f2145987d5fd26645aca6012d855782,CCCNCc1cnc(N(C)C2CCC2)cn1,CN(c1cnc(CN)cn1)C1CCC1,CN(c1cnc(CN)cn1)C1CCC1,1,0.6,True,True
mean_node_128,dbfa76d551742cce9cd774927a917b333bff114e471a82eefee15a00a5b578ea,CCCC[*:1]>>C[*:1],7ae8392e796c153362263fb764a3b8dc6860cd730319b4743a15414779bc5a5e,3e54dd678ab3c390c42882eb5097cdf85888eac0ff2581dd531653054b97d30a,3e54dd678ab3c390c42882eb5097cdf85888eac0ff2581dd531653054b97d30a,CCCCOc1ccc(C(=O)NNC(=S)Nc2cccc(C)c2C)cc1OC,COc1ccc(C(=O)NNC(=S)Nc2cccc(C)c2C)cc1OC,COc1ccc(C(=O)NNC(=S)Nc2cccc(C)c2C)cc1OC,1,0.7924528301886793,True,True
mean_node_128,56330d46986864a16d2fd01d7e0fb0319b8fe61799250fcffe210676172f8829,CC(C)[*:1]>>COC[*:1],b2bb2774f052a9ed170693a43433ba4168d0dd4eebbe3f29546a1c6b650b62c1,4860d53dbc1546f1ec1a6a4e81c81514404dc7d6384f6c12abfc9e095a355b3c,4860d53dbc1546f1ec1a6a4e81c81514404dc7d6384f6c12abfc9e095a355b3c,CC(C)C([NH2+]C1CCOC(C)(C)C1)C1CC1,COCC([NH2+]C1CCOC(C)(C)C1)C1CC1,COCC([NH2+]C1CCOC(C)(C)C1)C1CC1,1,0.575,True,True
mean_node_128,78e54064c7f738761954bc2ad5724f7248ba5eaa7e0055f3a669451f4c080c30,CC(C)[*:1]>>CCC[*:1],55b1365babe24c75843b51abd709a5ecb234a6d60d2b1567ad6d1e983e0b9c7e,ba71710c48587929549647df1d8ee8d49ad492cde2a8478c342513e814c3e51e,ba71710c48587929549647df1d8ee8d49ad492cde2a8478c342513e814c3e51e,CCCC(C)N1C(=O)C(C)(CC)NC(=O)C1C(C)C,CCCC(C)N1C(=O)C(C)(CC)NC(=O)C1CCC,CCCC(C)N1C(=O)C(C)(CC)NC(=O)C1CCC,1,0.6904761904761905,True,True
mean_node_128,975223454536b5bfde77f5d28416918f6979b5e360abf6c5dc9d709fb33c9224,N#C[*:1]>>O=[N+]([O-])[*:1],a98c7f0f34b64b0dedc29079f434e892a6189aa7f809eca00b6df925ab2309c6,08271ea19d279559f0f54ed6439df8cad1fe33e25e68ed7b7691eb8400478b2d,08271ea19d279559f0f54ed6439df8cad1fe33e25e68ed7b7691eb8400478b2d,COC(=O)C1C(O)CCCN1C(=O)c1ccn(-c2cccc(C#N)c2)n1,COC(=O)C1C(O)CCCN1C(=O)c1ccn(-c2cccc([N+](=O)[O-])c2)n1,COC(=O)C1C(O)CCCN1C(=O)c1ccn(-c2cccc([N+](=O)[O-])c2)n1,1,0.7121212121212122,True,True
mean_node_128,7a44ff8133d8035ac4ee9a5ff53a0f6b8b8c0eb7d66e559080383d003dcb351f,C[*:1]>>O=C(O)[*:1],c8217fdcdd30ee13d0aed047d515f4bb2c61ba4c934c5945e8e44cf276b5d091,f64acf1ccf876594709ba58d29030673ee4857270d9b50ad2f02aac268dfded9,f64acf1ccf876594709ba58d29030673ee4857270d9b50ad2f02aac268dfded9,Cc1ccn(-c2ncc(F)cn2)n1,O=C(O)c1ccn(-c2ncc(F)cn2)n1,O=C(O)c1ccn(-c2ncc(F)cn2)n1,1,0.5555555555555556,True,True
mean_node_128,6bb4718b1bdb7571efcc4090bac9c42ad9c364e2bfe3b819821c7bc0e5db02a1,CO[*:1]>>C[*:1],2c1ef4d907e5f63026e2ae8d950dfc950ef1c41b998ed3090051823df2bd211e,5af8f414a952e791cbe8c73339f1d5b3eda970900576d4c55fdca34199982d40,5af8f414a952e791cbe8c73339f1d5b3eda970900576d4c55fdca34199982d40,COc1ccc(C(=O)NNC(=S)Nc2ccccc2)cc1Br,Cc1ccc(C(=O)NNC(=S)Nc2ccccc2)cc1Br,Cc1ccc(C(=O)NNC(=S)Nc2ccccc2)cc1Br,1,0.717391304347826,True,True
mean_node_128,c70d89bbbb43ee2d2cd057db77c153d2f809cda92e2d0a81b00cefc78337a88d,CCC[*:1]>>C[*:1],ec84851bb2dedf74a96b88605ee5d9939394fa5357e09a79ec3b2761810dcc50,67c497c163aa952326ba87f0f6deb957b00bfb4e7dd5e6384fea383628e24161,67c497c163aa952326ba87f0f6deb957b00bfb4e7dd5e6384fea383628e24161,CCCC1NC(=O)C(C)N(CCS(=O)(=O)C(C)(C)C)C1=O,CC1NC(=O)C(C)N(CCS(=O)(=O)C(C)(C)C)C1=O,CC1NC(=O)C(C)N(CCS(=O)(=O)C(C)(C)C)C1=O,1,0.6904761904761905,True,True
mean_node_128,6db05f4f5609512f679910b3af4d34399a766d50473a4cd698d5749d4f806396,C[*:1]>>OCC[*:1],5e59253b5827608315ab3d90f8b3b3fa4ecc343dcea08a0e14ca193699749d29,f6d59dcba916769e5fa6c42265f5930cafe05c77377d0b74ba24fca6e9279875,f6d59dcba916769e5fa6c42265f5930cafe05c77377d0b74ba24fca6e9279875,CN(CCNC(=O)C12CCC[NH+](CC1)C2)C(=O)C12COCC1C2,O=C(NCCN(CCO)C(=O)C12COCC1C2)C12CCC[NH+](CC1)C2,O=C(NCCN(CCO)C(=O)C12COCC1C2)C12CCC[NH+](CC1)C2,1,0.7586206896551724,True,True
mean_node_128,c47cda006e3b6960e98aa66839698392181bfbbef940aab4fd5c0f9e90ffe821,CCCC[*:1]>>CCC[*:1],fdb5d8160a85e62e34e8b6e8dba619564fc1486756f18fdba17c5c094822e505,91af9e390ed7c1b8340bdfa0a4dee904078025cfb32bc7e9a0e16a3760588bf1,91af9e390ed7c1b8340bdfa0a4dee904078025cfb32bc7e9a0e16a3760588bf1,CCCCN1C(=O)C(C)(CC)NC(=O)C1(CC)CC,CCCN1C(=O)C(C)(CC)NC(=O)C1(CC)CC,CCCN1C(=O)C(C)(CC)NC(=O)C1(CC)CC,1,0.8181818181818182,True,True
mean_node_128,2c278f9a74cf140d09e3141ee5afd82b5bbfa5ee4759de2019a0d5fa744a97a6,C=C[*:1]>>COC[*:1],822fb00fd5a0f69fc8aa2ecd7b0578d534ac99621cf2f1ec6b0eed4a3a70a032,6c83062d97f0ce5c307ef5d322fb30a7259996d035e033c408c5f136a74fe645,6c83062d97f0ce5c307ef5d322fb30a7259996d035e033c408c5f136a74fe645,C=CCC(C)N1CC(=O)NC(C(C)(C)C)C1=O,COCCC(C)N1CC(=O)NC(C(C)(C)C)C1=O,COCCC(C)N1CC(=O)NC(C(C)(C)C)C1=O,1,0.6222222222222222,True,True
mean_node_128,519735b4adfa6dbd78430d7bb6cb06b4324f212645873f302d5a905c015c8b4e,C[*:1]>>Cl[*:1],779ae9a1c4f8b6e23bf8a79367a2a12b52f571219e00957046ee7a5d6b86ec55,86bb3fc6c7fd7c5c5e9d9b65435179c9f620fa6702c6d25795177e57ddaaede0,86bb3fc6c7fd7c5c5e9d9b65435179c9f620fa6702c6d25795177e57ddaaede0,Cc1ccccc1CC(C)NC(=O)C[NH2+]CC1CCCO1,CC(Cc1ccccc1Cl)NC(=O)C[NH2+]CC1CCCO1,CC(Cc1ccccc1Cl)NC(=O)C[NH2+]CC1CCCO1,1,0.8076923076923077,True,True
mean_node_128,525b9cfcef53a136ced0f45664dd5ad99009676c5d5a4ff1b1a03efc85ff25a5,CO[*:1]>>O=C(O)[*:1],47f0af28e3528834458cce611a27de7946e41efa35ecfc9f7a04fe81ce608d15,b82215608695c451fb61dd7cb0a71d2a1c9696243872dc34a6a66ec1ed9dc098,b82215608695c451fb61dd7cb0a71d2a1c9696243872dc34a6a66ec1ed9dc098,COc1ccc(C(=O)c2sc(Nc3ccc(S(N)(=O)=O)cc3)nc2N)cc1,Nc1nc(Nc2ccc(S(N)(=O)=O)cc2)sc1C(=O)c1ccc(C(=O)O)cc1,Nc1nc(Nc2ccc(S(N)(=O)=O)cc2)sc1C(=O)c1ccc(C(=O)O)cc1,1,0.78,True,True
mean_node_128,9e2ac62f4aac92be06042b86d696a030e61ad76f51c34c4310033195916d0134,C[*:1]>>FC(F)(F)[*:1],7271863648540b966f2fdafdcb1c822900c088b359093693b08014b105a7d430,65006ed8dff4f5b1ee86cfd961971bed43803b0eb67b64df4a34e2e4fe3050d7,65006ed8dff4f5b1ee86cfd961971bed43803b0eb67b64df4a34e2e4fe3050d7,CC(C)NC(=O)N1CCCC(N2CCOCC2)CC1,CC(NC(=O)N1CCCC(N2CCOCC2)CC1)C(F)(F)F,CC(NC(=O)N1CCCC(N2CCOCC2)CC1)C(F)(F)F,1,0.7674418604651163,True,True
mean_node_128,fd2c3a1644bb23f63079ff84d2a6c3dbfbbeebc39fdabe41fe502eb953f8a275,CO[*:1]>>F[*:1],0b2ca9676f4d7db6fa81efee99e9f041115e017dc0bb7de74dde93bc7f6f2b24,083bb861be76138a028c9b79b7376cb82b745cf4cdc79c7536e5bf9fd3b0adc3,083bb861be76138a028c9b79b7376cb82b745cf4cdc79c7536e5bf9fd3b0adc3,COCC[NH+]1CCC(NC(=O)Cc2cnn(C)c2C)C1C,Cc1c(CC(=O)NC2CC[NH+](CCF)C2C)cnn1C,Cc1c(CC(=O)NC2CC[NH+](CCF)C2C)cnn1C,1,0.7777777777777778,True,True
mean_node_128,62486c2422cf7946f71ed5d4d1fb996427a6a828feef49838023a105cf58a5f3,CCC[*:1]>>CC[*:1],652ddd23776ab26c60f2960a9f5d7d1433b844b7e04659b18d3a33b33aff169c,d59d75405371ae51191d8e6547942d88c81e18be8192992017ac7b1ca7bd7779,d59d75405371ae51191d8e6547942d88c81e18be8192992017ac7b1ca7bd7779,CCCNC(C1=CCCC1)c1ccc(Br)c(F)c1,CCNC(C1=CCCC1)c1ccc(Br)c(F)c1,CCNC(C1=CCCC1)c1ccc(Br)c(F)c1,1,0.8181818181818182,True,True
mean_node_128,13c48021747b86eaa08dfd67409982607a6f89a7c993280f9ac40fd23e58f59e,C[*:1]>>F[*:1],5e1237c03cfd3d1d5fe8833f90bd6c4a27d57bb361bb91afa48d1c25cdd31e79,dcdb6f7d04b187d2f0e4ada66cc3df10ac606e9fcb922ae8c663295d310a4747,dcdb6f7d04b187d2f0e4ada66cc3df10ac606e9fcb922ae8c663295d310a4747,Cc1ccccc1C(=O)N(C)CC1CCCN1C(=O)c1cnco1,CN(CC1CCCN1C(=O)c1cnco1)C(=O)c1ccccc1F,CN(CC1CCCN1C(=O)c1cnco1)C(=O)c1ccccc1F,1,0.8103448275862069,True,True
mean_node_128,0dcba79bb70e7b7ea1f01ac79fa3318a84e10f17084a6feae1285d047799332f,CC[*:1]>>C[*:1],c020446a511bc868fed4d3d03e4b1caf942b1bb1556eb083aab83bd53b1838f7,81cb6616147e9ff95bda7534b17db923bab46429e45c8bbe2f39f5a09879eabe,81cb6616147e9ff95bda7534b17db923bab46429e45c8bbe2f39f5a09879eabe,CCc1cc(N2CCN(CCCO)CC2)nc(-c2ccccn2)n1,Cc1cc(N2CCN(CCCO)CC2)nc(-c2ccccn2)n1,Cc1cc(N2CCN(CCCO)CC2)nc(-c2ccccn2)n1,1,0.7692307692307693,True,True
mean_node_128,8986b1c4c364ebff8840a33a8954a6f137c62f934307b3f287f8f03c912207f8,COc1cccc([*:1])c1>>Fc1ccc([*:1])cc1,955604571557b5d2f96929f5eb7795fa9e332bf9b5554d487d2f2d582dc9265c,401f707a024e0c2b257a91a59613e922177347d5dd705051ce22c9aa8527d815,401f707a024e0c2b257a91a59613e922177347d5dd705051ce22c9aa8527d815,COc1cccc(C2CC(O)CN2C(=O)c2cnc(C)[nH]2)c1,Cc1ncc(C(=O)N2CC(O)CC2c2ccc(F)cc2)[nH]1,Cc1ncc(C(=O)N2CC(O)CC2c2ccc(F)cc2)[nH]1,1,0.6491228070175439,True,True
mean_node_128,c043a78981c8c46fa8b66a20907941f7baf5306e10bfdb556d6bd959fee91179,CCCC[*:1]>>C[*:1],5a94731e49211d0a33d8ee454e69e2be2bc219a725ffb0d91f941e9469effcba,3f3beee60a829ae1a620e0d142b9b926391de2322928d6c8723f71ba39682cb4,3f3beee60a829ae1a620e0d142b9b926391de2322928d6c8723f71ba39682cb4,CCCCC(=O)NCC1CC(NC(=O)c2n[nH]c3c2CCCC3)C1,CC(=O)NCC1CC(NC(=O)c2n[nH]c3c2CCCC3)C1,CC(=O)NCC1CC(NC(=O)c2n[nH]c3c2CCCC3)C1,1,0.7358490566037735,True,True
mean_node_128,ef294d763aed67ecc9c71c9b7c7c3c6e9e5a6a03027bc7f31d6351b529f6f67d,CC(C)[*:1]>>COC[*:1],a83c914ebd6d91ba72b44c03894e0d99c86372128d6bdd0230136f11b09b0176,86c04f870e8d7b07ab65a9209868ebb405d0c3329a050c04f9814f25061e2fa5,86c04f870e8d7b07ab65a9209868ebb405d0c3329a050c04f9814f25061e2fa5,CC(C)CCNC(=O)C1C2CCC(C2)C1N,COCCCNC(=O)C1C2CCC(C2)C1N,COCCCNC(=O)C1C2CCC(C2)C1N,1,0.6190476190476191,True,True
mean_node_128,a0b92d9c58e8600b47ae4cd63158a99e2df235beda6ffad07b4241da15d5e4d8,CC(C)[*:1]>>CCC[*:1],a17aa7bcbf8e31306e469741a49048133f46b879c96220104880e0719c971c9c,0d85025a78a56fa496099d694ebd08b82c3d7f5d278eb8e7f69242ad586ec691,0d85025a78a56fa496099d694ebd08b82c3d7f5d278eb8e7f69242ad586ec691,CC(C)CC[NH+]1CC(O)C(NC(=O)c2ccc(F)c3occc23)C1,CCCCC[NH+]1CC(O)C(NC(=O)c2ccc(F)c3occc23)C1,CCCCC[NH+]1CC(O)C(NC(=O)c2ccc(F)c3occc23)C1,1,0.7627118644067796,True,True
mean_node_128,1f381fe55047400015d3afc64712ef2b3ca42185fd8be5a72c9e7ce4f03d5e9a,N#C[*:1]>>O=[N+]([O-])[*:1],ff7984bb5a01b4eed1219cbf5b8a08844e72e139b9a120faac66a36dc52a5659,89cc89a459d28140c1c06e3924165d72f8cb506f699403681b903ab8bf9b113e,89cc89a459d28140c1c06e3924165d72f8cb506f699403681b903ab8bf9b113e,CC(C)OC1CCCN(C(=O)c2ccn(-c3cccc(C#N)c3)n2)C1,CC(C)OC1CCCN(C(=O)c2ccn(-c3cccc([N+](=O)[O-])c3)n2)C1,CC(C)OC1CCCN(C(=O)c2ccn(-c3cccc([N+](=O)[O-])c3)n2)C1,1,0.7121212121212122,True,True
mean_node_128,c2ae2bce698671d32f2e759ea7a58338f93879dfbac41b546f612176ad0833b8,C[*:1]>>O=C(O)[*:1],9ef2708b43c632a8953fb4f270547f0f96a00b8b87a11cfd71ee7f4767887881,5a93ca05a2d1b7e7043024734633ed44b9ce75d9c991a39d67fc12b5e6ee7fa0,5a93ca05a2d1b7e7043024734633ed44b9ce75d9c991a39d67fc12b5e6ee7fa0,CC(C)(C)C(=O)OC1(C)CC2CCC1C2,CC(C)(C(=O)O)C(=O)OC1(C)CC2CCC1C2,CC(C)(C(=O)O)C(=O)OC1(C)CC2CCC1C2,1,0.75,True,True
mean_node_128,3331cb4f0451a6ccef18e1223cc9d17623472b5d014218ac83d57737b737e241,CO[*:1]>>C[*:1],8b178d5c7b40c94a139e931213618ae3c175206dbf4af09c1106be1a8d43eec8,d5c732698971be3e3f5fae6cb26dac943de9936775b954233601d0ef6d294f66,d5c732698971be3e3f5fae6cb26dac943de9936775b954233601d0ef6d294f66,COCC(NC(=O)N1CCC(C[NH+](C)CC2CC2)C1)C1CC1,CCC(NC(=O)N1CCC(C[NH+](C)CC2CC2)C1)C1CC1,CCC(NC(=O)N1CCC(C[NH+](C)CC2CC2)C1)C1CC1,1,0.7659574468085106,True,True
mean_node_128,79db794324f783635eccd86652b7ebbfb8f95ad7c6ba711494c69986c69eab16,CCC[*:1]>>C[*:1],b77ee22ea25fd69c3576134b8c1fda295aaecf7f0416c481be9efcc008ad9937,0d52bf6731711ab47a0acaba202a5cb7ab4b8a5f210a24288b658333302edec2,0d52bf6731711ab47a0acaba202a5cb7ab4b8a5f210a24288b658333302edec2,CCCN(Cc1ccc(C)cc1)C(=O)CSc1nnc(-c2ccc(C)cc2)n1N,Cc1ccc(CN(C)C(=O)CSc2nnc(-c3ccc(C)cc3)n2N)cc1,Cc1ccc(CN(C)C(=O)CSc2nnc(-c3ccc(C)cc3)n2N)cc1,1,0.7307692307692307,True,True
mean_node_128,5354032c32f2268c1ed429d94def3ba81d4cf9a64ff315c01afec9ffb872a4f7,C[*:1]>>OCC[*:1],e2a561e526aa394d5a8a67a54ab5f1d2b6ebd0d9aefdec54ea6a3b89a95d75aa,5b957480d9ea28d8145aea600525924e88ef66249e5b0c824891f315c3d09b9e,5b957480d9ea28d8145aea600525924e88ef66249e5b0c824891f315c3d09b9e,Cn1cc(CNCC2CCN(C(=O)OC(C)(C)C)C2)nn1,CC(C)(C)OC(=O)N1CCC(CNCc2cn(CCO)nn2)C1,CC(C)(C)OC(=O)N1CCC(CNCc2cn(CCO)nn2)C1,1,0.7818181818181819,True,True
mean_node_128,e5ab486ca2086a51fdca2b87bde94375a2977e9cf6badb46a0650630040b55be,CCCC[*:1]>>CCC[*:1],4b522287dc8d0d560b670079ad1c5fdef2cd0ffac959ebf54528f55b4435eee9,09485f0850ebc90f50d9fc85c02e809984b1b4a12e12ffa61193a8a6efe8bfd5,09485f0850ebc90f50d9fc85c02e809984b1b4a12e12ffa61193a8a6efe8bfd5,CCCCC1CCC(C#Cc2ccc(F)nc2)CC1,CCCC1CCC(C#Cc2ccc(F)nc2)CC1,CCCC1CCC(C#Cc2ccc(F)nc2)CC1,1,0.8536585365853658,True,True
mean_node_128,7f34c215e6a8cbf8a5a1e39bd0a14809f20cb92c7401f0281675c6f155094d01,C=C[*:1]>>COC[*:1],9165e726ef14d5e36e4a9def156ee39ec696470f1d3de8f0aa1d0effd3ee56d9,25b5c67c16641572fd942a0f98c1688194a6ba232651b1d781d7cfc60764736e,25b5c67c16641572fd942a0f98c1688194a6ba232651b1d781d7cfc60764736e,C=CC[NH+]1CCC2(CCCN(C(=O)Cc3cc(C)n[nH]3)C2)C1,COCC[NH+]1CCC2(CCCN(C(=O)Cc3cc(C)n[nH]3)C2)C1,COCC[NH+]1CCC2(CCCN(C(=O)Cc3cc(C)n[nH]3)C2)C1,1,0.7301587301587301,True,True
mean_node_128,84ba2bdfdf5a8b26484548fabd8049457cba4b589942a963c1b79bf2aec46c7e,C[*:1]>>Cl[*:1],8ab954e2e90c2ce77c88327ead32969b189db5dc10a1e1b89091b4c78af71749,bc2d0e8b59ed6b263636086f3e628b685642c1ea4a3e2af0ceee550e30505809,bc2d0e8b59ed6b263636086f3e628b685642c1ea4a3e2af0ceee550e30505809,Cc1ccc(CC(=O)OCC2CCOC(C)C2)c(Cl)c1,CC1CC(COC(=O)Cc2ccc(Cl)cc2Cl)CCO1,CC1CC(COC(=O)Cc2ccc(Cl)cc2Cl)CCO1,1,0.82,True,True
mean_node_128,3a2e8e92efcf1be6dd190e43ffc74c21ecd0b42862efba61f9b71961131a43ad,CO[*:1]>>O=C(O)[*:1],8a6d458e5925a9aeaeca4a229a4b0803510b5ea4c7fdad7c6f5f1756486cbe01,f006651dadf23401f67571cf760a7225e8d3b62f8e649d2b289766975e6ed13f,f006651dadf23401f67571cf760a7225e8d3b62f8e649d2b289766975e6ed13f,COc1cccc(CNC(=O)NC2CC3CCC2O3)c1,O=C(NCc1cccc(C(=O)O)c1)NC1CC2CCC1O2,O=C(NCc1cccc(C(=O)O)c1)NC1CC2CCC1O2,1,0.7037037037037037,True,True
mean_node_128,e5c1f24048ad431e0f74a174b06ea07aed6af4ee176f4b91563b014bb2615d33,C[*:1]>>FC(F)(F)[*:1],50ec72745f9b352ee16d4f307c1c419f94866b657faf5861f8278d8dabaa3517,2e507e9819bb17340b531f5632ba4b4ef8ca6843cb5f11047d85e1d04e643e2b,2e507e9819bb17340b531f5632ba4b4ef8ca6843cb5f11047d85e1d04e643e2b,COc1ccc(C(O)C[NH2+]CC(O)CN2CCOCC2)cc1,OC(C[NH2+]CC(O)c1ccc(OC(F)(F)F)cc1)CN1CCOCC1,OC(C[NH2+]CC(O)c1ccc(OC(F)(F)F)cc1)CN1CCOCC1,1,0.7346938775510204,True,True
mean_node_128,73ef5426cca89d63ace21e153a36b68c21be7c3b1a854873de6d85e325014b39,CO[*:1]>>F[*:1],8c1463dd2b7d4b3c98e2eba73ae19639a631a99aac0c776b63fe0799cb120878,23bb56bab9c717ddec6fbab9b1689e0959c4852915408db42fd39339a453f8c2,23bb56bab9c717ddec6fbab9b1689e0959c4852915408db42fd39339a453f8c2,COc1ccc(Nc2cnccc2C#N)cc1OC(C)C,CC(C)Oc1cc(Nc2cnccc2C#N)ccc1F,CC(C)Oc1cc(Nc2cnccc2C#N)ccc1F,1,0.7551020408163265,True,True
mean_node_128,4e4f0e324db6fcd327f12ef76bba6ea1e50c3b087d4d918cdf9e5c82fed17d04,CCC[*:1]>>CC[*:1],c696b91f7896aa26b26e758fe49b2f338b8e5fc3be7fb4eba218a0ec955bf60f,e195e3714dabe8dad2422b249d93349204138b9b7edfab89323abd0ec1636d8e,e195e3714dabe8dad2422b249d93349204138b9b7edfab89323abd0ec1636d8e,CCCc1ccc(C(CN(C)C2CCCC2)NCC)cc1,CCNC(CN(C)C1CCCC1)c1ccc(CC)cc1,CCNC(CN(C)C1CCCC1)c1ccc(CC)cc1,1,0.825,True,True
mean_node_128,f05a77240fe99d9ba232109683d382738cedb5d7d8730bb30c4d2ffe9507f42a,C[*:1]>>F[*:1],c191146da8268f3ce252020bfc7af07d5519447fca18ce221cb9d26f2933de88,06412a36a24650778b4345efff2f099051b6a5d4b8de59b52fb5421b209ed2ac,06412a36a24650778b4345efff2f099051b6a5d4b8de59b52fb5421b209ed2ac,CC(C)(C)OC(=O)C1(C)CC2CCC1C2,CC(C)(C)OC(=O)C1(F)CC2CCC1C2,CC(C)(C)OC(=O)C1(F)CC2CCC1C2,1,0.6486486486486487,True,True
mean_node_128,0d4fcabc9ea0dea0e2f4e4d4efc96242c6557d1ce68012731a44bd9e16256dd2,CC[*:1]>>C[*:1],2036bc09eb189a0bb5db3f9333016ecda8bf7399e99a54618d44d56eb8177c8f,8454ef5747cfa658ac423f68eaee25110018c53535d94bb061e7fe1c16a95a0a,8454ef5747cfa658ac423f68eaee25110018c53535d94bb061e7fe1c16a95a0a,CCCOCCN1C(=O)C(CC)NC(=O)C1C(C)(C)C,CCOCCN1C(=O)C(CC)NC(=O)C1C(C)(C)C,CCOCCN1C(=O)C(CC)NC(=O)C1C(C)(C)C,1,0.825,True,True
mean_node_128,7aaeff1b7fac41b4fde535023405361067ae6080b0b89e8c36bab013033ca95d,COc1cccc([*:1])c1>>Fc1ccc([*:1])cc1,b72cff1c29c1f2cb34cd6919025df300a36ea4f7f3330f11d20444a72ae3d108,7856b610d887b52e974ca72db45547edd808ae611d6e703f8d2853e77dd0a4a3,7856b610d887b52e974ca72db45547edd808ae611d6e703f8d2853e77dd0a4a3,COc1cccc(OC(C)C(=O)NCCCN2CCCC2)c1,CC(Oc1ccc(F)cc1)C(=O)NCCCN1CCCC1,CC(Oc1ccc(F)cc1)C(=O)NCCCN1CCCC1,1,0.6862745098039216,True,True
mean_node_128,bc7d7cf9552afcb49bc14716765060d63fc56a14200eb5abcf00ae17c9b12c31,CCCC[*:1]>>C[*:1],b9656bd17de077a10e3d85d43b928d5822a5267ed3aa017081442e4b42acb8ac,1022c26ffc6fa90580f07cecfd38d6726628687c7408afcafbc1b5885c601557,1022c26ffc6fa90580f07cecfd38d6726628687c7408afcafbc1b5885c601557,CCCCN(C(=O)NCC(C1CCCCC1)[NH+](C)C)C1CC1,CN(C(=O)NCC(C1CCCCC1)[NH+](C)C)C1CC1,CN(C(=O)NCC(C1CCCCC1)[NH+](C)C)C1CC1,1,0.6444444444444445,True,True
mean_node_128,3a78d5a3dbfd26e84c05da8f475706c14037d465fe57202a4900922982011c12,CC(C)[*:1]>>COC[*:1],dfcde5e1698353327b05ec20bda7ff2a4b0e3d695da620e0e8f1b2f0de44f7f5,00d2e621a553d2581e8915d380e8d795079ac6b9585bbfc41c0d968b52bcb68f,00d2e621a553d2581e8915d380e8d795079ac6b9585bbfc41c0d968b52bcb68f,CC(C)CC1(CNS(=O)(=O)c2cncc(Cl)c2)CCC1,COCCC1(CNS(=O)(=O)c2cncc(Cl)c2)CCC1,COCCC1(CNS(=O)(=O)c2cncc(Cl)c2)CCC1,1,0.6862745098039216,True,True
mean_node_128,fe877a537f5fdfd9965198a258055c1737ce0ff3895227b9040a4f3bb7f16f71,CC(C)[*:1]>>CCC[*:1],891ee8335249d65a2feb529cb3ddfa242d4253c05c0fb58fe480ca485cc1a163,f6e104f67bbf6fc4e3e4261cbd718f706ad51914cd924399ffdefa10e9876bbf,f6e104f67bbf6fc4e3e4261cbd718f706ad51914cd924399ffdefa10e9876bbf,CCN(CC(C)C)C(=O)CCC1C(C)Nc2ccnn2C1C,CCCCN(CC)C(=O)CCC1C(C)Nc2ccnn2C1C,CCCCN(CC)C(=O)CCC1C(C)Nc2ccnn2C1C,1,0.7454545454545455,True,True
mean_node_128,6990ded0e55b865a656a7b3382e1b74cc4790f530bf85c5568c70cf94470f693,N#C[*:1]>>O=[N+]([O-])[*:1],786d10769c543c2a15ddbe13ffca699a295090d0d5a9cf5d3cfd426aefbf4daf,40c8bcb235908962fde4837b0afaa5f531d496bb50ac74960e3c5b04c1472b69,40c8bcb235908962fde4837b0afaa5f531d496bb50ac74960e3c5b04c1472b69,CC(Oc1ccc(C#N)c(Cl)c1)c1cnccn1,CC(Oc1ccc([N+](=O)[O-])c(Cl)c1)c1cnccn1,CC(Oc1ccc([N+](=O)[O-])c(Cl)c1)c1cnccn1,1,0.6078431372549019,True,True
mean_node_128,367ef70bbcaea1103b1863375e6399dd3742549cef34e9c0680638e91d6d63d5,C[*:1]>>O=C(O)[*:1],ec7194b08570352a6684adb14f37e974acef2ae00b661af32ba041cb51e7ee03,c7f20b1c1a2e9e7c4acb534bda0d118e31951009ce684b2f603dcd00cfd46663,c7f20b1c1a2e9e7c4acb534bda0d118e31951009ce684b2f603dcd00cfd46663,CCCC1CCN(C(=O)c2ccc(=O)oc2)CC1,O=C(O)CCC1CCN(C(=O)c2ccc(=O)oc2)CC1,O=C(O)CCC1CCN(C(=O)c2ccc(=O)oc2)CC1,1,0.75,True,True
mean_node_128,a48e1e2f3187d087f5642240a013dc2016e3fb23e0f88d5719b3bc89b7a4dd4d,CO[*:1]>>C[*:1],33bc4a78c29e782eabe1f5524ba474f6dfcd8729d656a1fe6f98b8f86f0d1fda,4f28041e730863f054a5e75c2e89c0787cf98564935cb5146ea8c34df60479c4,4f28041e730863f054a5e75c2e89c0787cf98564935cb5146ea8c34df60479c4,C=C(C)C[NH+]1CC(C)C(NC(=O)C(OC)c2cnn(C)c2)C1,C=C(C)C[NH+]1CC(C)C(NC(=O)C(C)c2cnn(C)c2)C1,C=C(C)C[NH+]1CC(C)C(NC(=O)C(C)c2cnn(C)c2)C1,1,0.7678571428571429,True,True
mean_node_128,93f4748c982f6458044e4278bf623b39214b7d9947f0cf87f35f377602b3bc5b,CCC[*:1]>>C[*:1],ec01fb5e1053574e87348e4c9614ece037fff18e806b45fd87bdc0117e1b4242,8d7052c76e5682f26076000e1f854c3572bd33d7b011a9f5bec96af4bea83972,8d7052c76e5682f26076000e1f854c3572bd33d7b011a9f5bec96af4bea83972,CCCc1n[nH]cc1C(=O)NCC1(C)CCC(C)CC1,Cc1n[nH]cc1C(=O)NCC1(C)CCC(C)CC1,Cc1n[nH]cc1C(=O)NCC1(C)CCC(C)CC1,1,0.7142857142857143,True,True
mean_node_128,d81783f136e868d62b1724b0343d7618df12d844c1b2f94517fed67b26d64c4b,C[*:1]>>OCC[*:1],cd4edf1c6e9f1e199929ee229894682c282ea72c3eaabcd61419b4d0af5971a7,c01a28e6f51bfb68de98a45b4736af32b481f57c1055ca6e5adfb25e9ca350db,c01a28e6f51bfb68de98a45b4736af32b481f57c1055ca6e5adfb25e9ca350db,CCN(C(=O)c1cc2c(F)cccc2s1)C1CC[NH+](C)C1,CCN(C(=O)c1cc2c(F)cccc2s1)C1CC[NH+](CCO)C1,CCN(C(=O)c1cc2c(F)cccc2s1)C1CC[NH+](CCO)C1,1,0.7678571428571429,True,True
mean_node_128,59c5d41c0b2049f24d088c4a20e9c2eedf90555b878d4a7f51b6f3ef77421de5,CCCC[*:1]>>CCC[*:1],550bd5e87ef180b2a762cd49fb7c3f1fbf4207c6a6d88fef11470aeb4fed64c2,b770c2047768820b499b32cbe009df9e289b342fbf5d53b65ecdb37262a556c5,b770c2047768820b499b32cbe009df9e289b342fbf5d53b65ecdb37262a556c5,CCCCN(C)c1ccc(C(=O)OC2CN(C(C)=O)C2)cc1,CCCN(C)c1ccc(C(=O)OC2CN(C(C)=O)C2)cc1,CCCN(C)c1ccc(C(=O)OC2CN(C(C)=O)C2)cc1,1,0.8636363636363636,True,True
mean_node_128,526f4c131661d5a8f14859ed5934f2b7d317f8fb77579958fc967dfcbba4569f,C=C[*:1]>>COC[*:1],5a669d7eca624d435a391f991f791d148378adf0a3cc20248fe66ecf63da4438,740ad3558e2d0771ffb3fe2e8bfc846a287be673c6d7dbd1eac5fe18affebf6c,740ad3558e2d0771ffb3fe2e8bfc846a287be673c6d7dbd1eac5fe18affebf6c,C=CC[NH+]1CC(O)C(NC(=O)C(C2CC2)[NH+](C)C)C1,COCC[NH+]1CC(O)C(NC(=O)C(C2CC2)[NH+](C)C)C1,COCC[NH+]1CC(O)C(NC(=O)C(C2CC2)[NH+](C)C)C1,1,0.66,True,True
mean_node_128,64f7ff153adb22f2d1d386f5f9545c24f2ec12bc292a91e5431b289245b5f00d,C[*:1]>>Cl[*:1],3ddc10732df572871019219493cd02c07b8e3632e8a4e8e87645e88d2c267755,ca560c59a870efce58ba7192b4a42e95b76d82fa5ad7fc4eba2610f7b3512c35,ca560c59a870efce58ba7192b4a42e95b76d82fa5ad7fc4eba2610f7b3512c35,COC(c1noc(-c2cccc(C)c2N)n1)C1CC1,COC(c1noc(-c2cccc(Cl)c2N)n1)C1CC1,COC(c1noc(-c2cccc(Cl)c2N)n1)C1CC1,1,0.7708333333333334,True,True
mean_node_128,97093284232575a0525c431499daa09d40b7ec584a395688bfcde2e2f81a1a51,CO[*:1]>>O=C(O)[*:1],2e68694b5169bd540a0ee865b558c754efd04af7ba15465299f26b2d944ec769,49bd5a90523603b83d98db2fce391b1ce72d64ccba064ba70dc92f24aae4d7bd,49bd5a90523603b83d98db2fce391b1ce72d64ccba064ba70dc92f24aae4d7bd,COC(C(=O)O)C1CC2CCC1C2,O=C(O)C(C(=O)O)C1CC2CCC1C2,O=C(O)C(C(=O)O)C1CC2CCC1C2,1,0.59375,True,True
mean_node_128,e2c19fcb9214bc40d33263ff9c368e80993048482156c3655b0127d2a55eacc4,C[*:1]>>FC(F)(F)[*:1],b464fa4609208f00052d57be432418197c0024703d20ede470a75dc18ac2662a,91f23b9a947d8304ed14683fd1633c284ad1e75de99e56a33fdf775afaa8c1d1,91f23b9a947d8304ed14683fd1633c284ad1e75de99e56a33fdf775afaa8c1d1,CCC(=O)Nc1ccc(Nc2ccccc2C)cn1,CCC(=O)Nc1ccc(Nc2ccccc2C(F)(F)F)cn1,CCC(=O)Nc1ccc(Nc2ccccc2C(F)(F)F)cn1,1,0.7021276595744681,True,True
mean_node_128,a1a71572f88e98f741afaab545463d00df1c542b29346cf09b0556f317f0100c,CO[*:1]>>F[*:1],eef9d26df274712f3128c5d2c3e35ae4babb524ff9247b1edac647ed5ee94587,e88ce0620ba209d153eaacb48ec49eb07d8e70f057aebdd74ec8fa17f1759eeb,e88ce0620ba209d153eaacb48ec49eb07d8e70f057aebdd74ec8fa17f1759eeb,CCC1(C)NC(=O)C(C)N(CCCOC)C1=O,CCC1(C)NC(=O)C(C)N(CCCF)C1=O,CCC1(C)NC(=O)C(C)N(CCCF)C1=O,1,0.7073170731707317,True,True
mean_node_128,c1e90d02965e2f493409c174d1af8d0ea860fc97a4e0971907673aa30904be59,CCC[*:1]>>CC[*:1],ab42030b6276f7e6ef8d8ce845ef1bbf579e6b1601a6dae1a68be9d22ba0ac8e,a0eab22c2683677aa1f66e2f72950279d0337106e9b20b6588b6cf58bc5dda0b,a0eab22c2683677aa1f66e2f72950279d0337106e9b20b6588b6cf58bc5dda0b,CCCC(C)N1C(=O)C(C)NC(=O)C1C(C)C,CCC(C)N1C(=O)C(C)NC(=O)C1C(C)C,CCC(C)N1C(=O)C(C)NC(=O)C1C(C)C,1,0.7714285714285715,True,True
mean_node_128,5220d611cd261e03cf633b176d8f19d6bda34457e5e196e1dd3dde2d8fd37100,C[*:1]>>F[*:1],af40617898902f54204ed83524784ac2fd1ba0f6ac164a58fa1e40cf0500f514,7bfc02b767cc5b3721fb00c9f98ae862c94d282021bd7057097325c2a5449380,7bfc02b767cc5b3721fb00c9f98ae862c94d282021bd7057097325c2a5449380,Cc1ccc(Br)cc1OS(=O)(=O)C1CCS(=O)(=O)CC1,O=S1(=O)CCC(S(=O)(=O)Oc2cc(Br)ccc2F)CC1,O=S1(=O)CCC(S(=O)(=O)Oc2cc(Br)ccc2F)CC1,1,0.7209302325581395,True,True
mean_node_128,8bf9fe553166f1041e8475c5564e9dd973eb78a3d997ba947f8a34c6659b9bf4,CC[*:1]>>C[*:1],3302e85ad1544193a0df63f730fa447a612fbe4ba687be65fc749e3946bdb3ba,635051bbcdba716ff9f032033e03e88687e3e127e9598833f453487167a18a41,635051bbcdba716ff9f032033e03e88687e3e127e9598833f453487167a18a41,CCSc1cccc2c1-c1ccc(CS(N)(=O)=O)cc1C(c1ccc(OC)c(OC)c1)O2,COc1ccc(C2Oc3cccc(SC)c3-c3ccc(CS(N)(=O)=O)cc32)cc1OC,COc1ccc(C2Oc3cccc(SC)c3-c3ccc(CS(N)(=O)=O)cc32)cc1OC,1,0.8387096774193549,True,True
mean_node_128,0c3a6644a5d008b35958220ef79d89d35971b7cface5aef9933435f758b0dd83,COc1cccc([*:1])c1>>Fc1ccc([*:1])cc1,745f7cde2b624b0acdaa4415597bb1fd413b1dce4bf5a6f9f76e05f23a0c64a6,afdee656bb4afda702e6059f7c4788d7bf8e26056de0c9e6c6d8aad483e9ff6c,afdee656bb4afda702e6059f7c4788d7bf8e26056de0c9e6c6d8aad483e9ff6c,COc1cccc(Cn2cc(S(=O)(=O)CC(=O)Nc3cc(C)on3)c3ccccc32)c1,Cc1cc(NC(=O)CS(=O)(=O)c2cn(Cc3ccc(F)cc3)c3ccccc23)no1,Cc1cc(NC(=O)CS(=O)(=O)c2cn(Cc3ccc(F)cc3)c3ccccc23)no1,1,0.7313432835820896,True,True
mean_node_128,ea88a59e0b7eb96716e6b8961e59097fa916b31cc32fdc29283d8d204ecb0a16,CCCC[*:1]>>C[*:1],5138c8d17fe8e12b4e4d36862ac46e32a85fe6e5a0e3a85a76316d9711a4e674,3e22fdce4f1ecf84cb5f9414a152681dd0179c1590d44287183425e06004cd32,b2ab66cf6b49e901b5c274371e44f6cb5ccb97c920122dc9ef3ef4c575f9ecd2,CCCCCC(=O)OC1CC2CC1C(C)C2C,CCC(=O)OC1CC2CC1C(C)C2C,CCCOC(=O)C1CC2CC1C(C)C2C,2,0.4318181818181818,True,False
mean_node_128,ce111a7f10e018ad5fcceae133c43a551a066391663786e3a2fec7ab024e6c9c,CC(C)[*:1]>>COC[*:1],c0215a80d3d47517114383eff5323dee19f04ac20ae8520974cecff395fcef06,3360701bf7ad4b13f5e35c82afa49fc87f5162e43050289e20f48fedfeb5c909,3360701bf7ad4b13f5e35c82afa49fc87f5162e43050289e20f48fedfeb5c909,CC(C)C(Cl)CNCC1CC2CCC1C2,COCC(Cl)CNCC1CC2CCC1C2,COCC(Cl)CNCC1CC2CCC1C2,1,0.625,True,True
mean_node_128,77b8e7aa2ecb714438cac19ca446da8a76fdbb724234c171c8662c0b2714401e,CC(C)[*:1]>>CCC[*:1],2aa61899f5e01f279bf46e78a31474c2412b00377ac3f15f664aac506863e0f4,6b1911e11d6628633e2aa78290feeb1053f6b7220cc48e4b396b0a73e4f06a82,6b1911e11d6628633e2aa78290feeb1053f6b7220cc48e4b396b0a73e4f06a82,CCN(c1ccccc1)c1cncc(C(=O)NC(C)C)c1,CCCNC(=O)c1cncc(N(CC)c2ccccc2)c1,CCCNC(=O)c1cncc(N(CC)c2ccccc2)c1,1,0.7021276595744681,True,True
mean_node_128,2f46dc0031051d6252d2d37134d22a1be8540b8549acc6ae177742262d6f7e41,C[*:1]>>O=C(O)[*:1],6352319547918f85fdca039fa48ebf2531611594ef7c0c30bb235f2d41e3a698,f24dc2a8b92f13fed03edc63ee82b766a166bfb00a80d2b4a40d2f99c8eebb55,f24dc2a8b92f13fed03edc63ee82b766a166bfb00a80d2b4a40d2f99c8eebb55,Cc1ccncc1NC(=O)c1ccc2c(c1)OCO2,O=C(Nc1cnccc1C(=O)O)c1ccc2c(c1)OCO2,O=C(Nc1cnccc1C(=O)O)c1ccc2c(c1)OCO2,1,0.723404255319149,True,True
mean_node_128,df257d6f2d4c877852311ef31dcd073e130ac0a9d6ce74ec6e9816b70f6fc4d2,CO[*:1]>>C[*:1],fb733407d2b3560a3ba99dd0075007844186dd9f9ad8cdf9caf9eb37485fe89a,44ab9d356250b0e4b761dc861b7161d09b5da80be12fdba346a408c65fe4c9f1,44ab9d356250b0e4b761dc861b7161d09b5da80be12fdba346a408c65fe4c9f1,COc1ncc(C)cc1NC(=O)C(=O)NCCN1CCOCC1C,Cc1cnc(C)c(NC(=O)C(=O)NCCN2CCOCC2C)c1,Cc1cnc(C)c(NC(=O)C(=O)NCCN2CCOCC2C)c1,1,0.7931034482758621,True,True
mean_node_128,3649df0fd01340a49f79794b4953d741c35e8711f2d716bb696c9a2990d69c73,CCC[*:1]>>C[*:1],2a0af10ed3acf8bd7a7a95178b234ae396b036fc8d1c59a05809030caf1597c1,2820a90c45c3d444e59a57cb80a1f5115cec3ce07d5a4dbe093cef51fa9c213c,2820a90c45c3d444e59a57cb80a1f5115cec3ce07d5a4dbe093cef51fa9c213c,CCC[NH+]1CC2CCCN(C(=O)CN3CCCNC3=O)C2C1,C[NH+]1CC2CCCN(C(=O)CN3CCCNC3=O)C2C1,C[NH+]1CC2CCCN(C(=O)CN3CCCNC3=O)C2C1,1,0.7307692307692307,True,True
mean_node_128,2d700bfc2ea0a91ed13a89d21118cca30a5cab92bfd90e6810a67e8085757c4a,C[*:1]>>OCC[*:1],5782d292ac777e6bedd6c773861a9049aa6c8afcc9bbce1e010cdca1673d1374,6b800c4c35cc1e20d7dc655a73b914c2c6cf395c2b760d023bffe4d7bff8309c,6b800c4c35cc1e20d7dc655a73b914c2c6cf395c2b760d023bffe4d7bff8309c,CCN(C(=O)C1CC2(CC2)C1)C1CC[NH+](C)C1,CCN(C(=O)C1CC2(CC2)C1)C1CC[NH+](CCO)C1,CCN(C(=O)C1CC2(CC2)C1)C1CC[NH+](CCO)C1,1,0.6888888888888889,True,True
mean_node_128,f6ad151c989841f95eff2621cc2136f751c4aaa2717aa493aa13bc87b090d526,CCCC[*:1]>>CCC[*:1],d7d73fed13e2921a78a75717bd78e18bb7ec7d23943f583e6ac5b1a6c26d440a,4b0a9f91b882a174b8ee6c7211c5cab12fc4250af8192fc4cd7b0009594d020b,4b0a9f91b882a174b8ee6c7211c5cab12fc4250af8192fc4cd7b0009594d020b,CCCCN1CCOC(CNC(=O)c2c(Cl)cncc2Cl)C1,CCCN1CCOC(CNC(=O)c2c(Cl)cncc2Cl)C1,CCCN1CCOC(CNC(=O)c2c(Cl)cncc2Cl)C1,1,0.8775510204081632,True,True
mean_node_128,76f1ba49fc9f26750eef4c91d8acdbd642a88e15ceb8be880a8f82e2f1486335,C=C[*:1]>>COC[*:1],24cf1bbc81c3a2c29b91847bbaae1e33b1d0d4fe89d311729ebdf75efb32b566,2f025c4ad998a482d7db95297bbc8a899f587400e43f9c3cf60e64e68095ab20,2f025c4ad998a482d7db95297bbc8a899f587400e43f9c3cf60e64e68095ab20,C=CCN1CCOCC1CNC(=O)c1cccc(OC)c1C,COCCN1CCOCC1CNC(=O)c1cccc(OC)c1C,COCCN1CCOCC1CNC(=O)c1cccc(OC)c1C,1,0.7627118644067796,True,True
mean_node_128,a91ac5e98f0bcaff212f60db6f1546028909b99e010471007f1ff2f8cca50344,C[*:1]>>Cl[*:1],48aca7d2496a3972cdd1d61fd9dfd1da52323a68a5f59bed3347ab8ada44b3f2,43e7cbc963f6cdd1adf9921b2100d2fa1475c2c3ccc36b41d3748440b42bce36,43e7cbc963f6cdd1adf9921b2100d2fa1475c2c3ccc36b41d3748440b42bce36,Cc1ccc(CC2C3CCC(CC2(F)F)N3)cc1,FC1(F)CC2CCC(N2)C1Cc1ccc(Cl)cc1,FC1(F)CC2CCC(N2)C1Cc1ccc(Cl)cc1,1,0.75,True,True
mean_node_128,07440a1ff921f5727f33bf68a08aa16cb5159b381c41d67f6562453d2552f923,CO[*:1]>>O=C(O)[*:1],105139d2b4251bfed2c67fc88ae665ecc32c4738c1078d708e2596bfee7082f7,0b1df14fc662573611546d615218bca0fcae34f4308c4ed921e9800a0f852cb1,0b1df14fc662573611546d615218bca0fcae34f4308c4ed921e9800a0f852cb1,COC1CCCN(C(=O)C(NC(=O)NCc2ccccc2)C(C)C)C1,CC(C)C(NC(=O)NCc1ccccc1)C(=O)N1CCCC(C(=O)O)C1,CC(C)C(NC(=O)NCc1ccccc1)C(=O)N1CCCC(C(=O)O)C1,1,0.75,True,True
mean_node_128,4cce961e187b4b849f7005c27b3b005972e501fa9fe6ecf9946024b722e20725,C[*:1]>>FC(F)(F)[*:1],484de38f0354348a20221712191a7bd5d299d25a8e10e3db245b370cb68bb808,48fa38bb924a508b630c67abbd954ef848d99cc54050db71cfc06c98bb73be51,48fa38bb924a508b630c67abbd954ef848d99cc54050db71cfc06c98bb73be51,Cc1ccc(Nc2cccc(C(N)=O)c2N)cn1,NC(=O)c1cccc(Nc2ccc(C(F)(F)F)nc2)c1N,NC(=O)c1cccc(Nc2ccc(C(F)(F)F)nc2)c1N,1,0.6739130434782609,True,True
mean_node_128,f132cf7361debb199ea3aa1f73a7ff1d85529a7e6b4fa59b7760323d07686504,CO[*:1]>>F[*:1],1bb417ae8a67b3bfa59413e8015d4a9a009b402b396f5555b75b8e918ef8b663,96aef6b9acf0b0a5f77fd3d3611fc53a39ef376bef84e2969f5e0806c26f409c,96aef6b9acf0b0a5f77fd3d3611fc53a39ef376bef84e2969f5e0806c26f409c,COc1cncc(Nc2cc(F)cc(C(N)=O)c2)c1,NC(=O)c1cc(F)cc(Nc2cncc(F)c2)c1,NC(=O)c1cc(F)cc(Nc2cncc(F)c2)c1,1,0.7317073170731707,True,True
mean_node_128,2a8895d4e179501829ee1dabab9329709899233192182d945ba9cd22dbcad052,CCC[*:1]>>CC[*:1],504f9e16e83b770c525fd34556b16613d0e15a3dc3504a90166fd812d6f56dd0,6d50fac40d149f2abd00088b28f43076349b3e8ad69298c69900a6c3379da196,6d50fac40d149f2abd00088b28f43076349b3e8ad69298c69900a6c3379da196,CCCc1cc(C(=O)NCC2CCN2C(=O)C2(C)CNC(=O)C2)no1,CCc1cc(C(=O)NCC2CCN2C(=O)C2(C)CNC(=O)C2)no1,CCc1cc(C(=O)NCC2CCN2C(=O)C2(C)CNC(=O)C2)no1,1,0.8666666666666667,True,True
mean_node_128,8c568f1dd4fb248c8dfdc125525a7bea8be31415b182186be8b2dd127705411f,C[*:1]>>F[*:1],cc7e133e90199b7c22141d046edb74182d22c0ab92ee75eb8893ec91298ee093,126b2871fcc8ec6bfa362db98e735ca96e4bab2dc0a2ab5cacf2dc95495fb4fd,126b2871fcc8ec6bfa362db98e735ca96e4bab2dc0a2ab5cacf2dc95495fb4fd,Cc1ccc(Cn2nnc(C(=O)Nc3ccc(C)cc3F)c2-n2cccc2)cc1,Cc1ccc(Cn2nnc(C(=O)Nc3ccc(F)cc3F)c2-n2cccc2)cc1,Cc1ccc(Cn2nnc(C(=O)Nc3ccc(F)cc3F)c2-n2cccc2)cc1,1,0.8888888888888888,True,True
mean_node_128,a4c15a63c3c12692aa796c5330e62b9a4a140315b09eff6970b355a1ebc5cc8a,CC[*:1]>>C[*:1],977008221391a34b7d46b34d3d4d4b2ac6993b179a0e2374378321a2415a86dd,af20a3b7f542e7aa8ebd139d3a30a2f0141fe914809a9fcb519de54fc3f2f529,af20a3b7f542e7aa8ebd139d3a30a2f0141fe914809a9fcb519de54fc3f2f529,CCSC1CCCC1NCC(O)c1ccccc1,CSC1CCCC1NCC(O)c1ccccc1,CSC1CCCC1NCC(O)c1ccccc1,1,0.7619047619047619,True,True
mean_node_128,4cdb05ece0b205a9341fefc27ea9732d6fd5f7e40c0165a9d4adf7857ab2f9aa,COc1cccc([*:1])c1>>Fc1ccc([*:1])cc1,8bcd82a7c44526b277ad60ad47d21a64e4f1f30e76c31071c0c07055fc595153,453b90fbdbb6f6b4a6be043025502bf4d41c4395526303105617931b72578f12,453b90fbdbb6f6b4a6be043025502bf4d41c4395526303105617931b72578f12,COc1cccc(C(CNC(=O)C2(c3cccc(OC)c3)CCCC2)N(C)C)c1,COc1cccc(C(CNC(=O)C2(c3ccc(F)cc3)CCCC2)N(C)C)c1,COc1cccc(C(CNC(=O)C2(c3ccc(F)cc3)CCCC2)N(C)C)c1,1,0.8181818181818182,True,True
mean_node_128,b1d5e326de3b3bbb0970ecbe069a9b79ff01911364c57739b73379835dff436f,CCCC[*:1]>>C[*:1],94465c2ba27200d381509c3ee8cb1e24c23721c8c14f20ad9ec4b409ee4e79ce,d780cb121c70ee15c8123140a76e4c68565f412177f21bf6fb96099aabd2207a,d780cb121c70ee15c8123140a76e4c68565f412177f21bf6fb96099aabd2207a,CCCCC(=O)Oc1ccc2nc3c(c(CC)c2c1)Cn1c-3cc2c(c1=O)COC(=O)C2(O)CC,CCc1c2c(nc3ccc(OC(C)=O)cc13)-c1cc3c(c(=O)n1C2)COC(=O)C3(O)CC,CCc1c2c(nc3ccc(OC(C)=O)cc13)-c1cc3c(c(=O)n1C2)COC(=O)C3(O)CC,1,0.821917808219178,True,True
mean_node_128,89ac8bf64797ae0cb8de951c7d38edf48de09f7b5f4b0bb9924bd2e8e6757edf,CC(C)[*:1]>>COC[*:1],28f01b514c67a584bc92e7d29069a2c8e854cec7de49b89216b96987614af02b,fee846ccf9c598847db63426c61ffc58b1d31b583b85555a8aa6b403853346ae,fee846ccf9c598847db63426c61ffc58b1d31b583b85555a8aa6b403853346ae,Cc1nn(C)cc1C(=O)NCC1CCCCC1NC(=O)C(C)C,COCC(=O)NC1CCCCC1CNC(=O)c1cn(C)nc1C,COCC(=O)NC1CCCCC1CNC(=O)c1cn(C)nc1C,1,0.7090909090909091,True,True
mean_node_128,76092d45a64ed376a6e67b26267374beb175a2eae6fa2fedc6024f5de3caafe7,CC(C)[*:1]>>CCC[*:1],cb48e65a0baa873112247fcc0da19cf0b60ef0b3859a2f35f28f96d91ebf3dce,d2d2963cd16f85763506ace7fbfad2e4a27d36f03b3e5cc716f475cc3a1a120f,d2d2963cd16f85763506ace7fbfad2e4a27d36f03b3e5cc716f475cc3a1a120f,CCC1C(=O)NC(C(C)C)C(=O)N1CCC(C)SC,CCCC1NC(=O)C(CC)N(CCC(C)SC)C1=O,CCCC1NC(=O)C(CC)N(CCC(C)SC)C1=O,1,0.6888888888888889,True,True
mean_node_128,70585ec5b70ccfff44e2e3c1945ecf2d8888d6c2b7d5c4c83fdd333c78d738db,C[*:1]>>O=C(O)[*:1],f02bcf07fe1aa73bcf1a7d44e9130636162318c0a4c60dcb5ace7713873ebced,e2e8206ed38713ef91159386141ee2f0c465b19faef1ec0954bbb151889b345c,e2e8206ed38713ef91159386141ee2f0c465b19faef1ec0954bbb151889b345c,Cc1nc(-c2coc3ccccc23)cs1,O=C(O)c1nc(-c2coc3ccccc23)cs1,O=C(O)c1nc(-c2coc3ccccc23)cs1,1,0.6190476190476191,True,True
mean_node_128,bd8a08b6f4c5caf6e97f137148a6d9ec851840bf5cf17049bd05fbf5dad09134,CO[*:1]>>C[*:1],83ffba3ba3a23c05307b483310b7d7656475f203b1de10a1207b9f6880491ed9,7968c7c8aeacb67d69f693cdf1bd65e788a22b0b985a45cec6b8115d1d2795ea,7968c7c8aeacb67d69f693cdf1bd65e788a22b0b985a45cec6b8115d1d2795ea,CCCNC(CN(C)C1CCCC1)c1ccc(OC)cc1,CCCNC(CN(C)C1CCCC1)c1ccc(C)cc1,CCCNC(CN(C)C1CCCC1)c1ccc(C)cc1,1,0.75,True,True
mean_node_128,6481ba94815cc94d10fa552fd1a2a040ad9698786d35e4a30d468f44295402cc,CCC[*:1]>>C[*:1],3f4b213bf8b4d3b73a0de271352f0ac367a9a8ba7a5188fc6f792b290435f6b9,a6876def1d74915f4e58cdacd2a28c6f583fb15748fc595885478a8a03daa702,a6876def1d74915f4e58cdacd2a28c6f583fb15748fc595885478a8a03daa702,CCCC1CC1C(=O)NC1CC(NC(=O)CCn2nc(C)cc2C)C1,Cc1cc(C)n(CCC(=O)NC2CC(NC(=O)C3CC3C)C2)n1,Cc1cc(C)n(CCC(=O)NC2CC(NC(=O)C3CC3C)C2)n1,1,0.75,True,True
mean_node_128,f000a175e200f65c84b3f8394cdeb12971d9c33b487c9880b98a3a9ed2293cc6,C[*:1]>>OCC[*:1],b3e388bfe52a7993c169837c99c702e1816922a61629e4be81166b619346965a,bddc4f002485d0cd143f0269110043d12bd007515d679c0f202146d0bcdf61c2,bddc4f002485d0cd143f0269110043d12bd007515d679c0f202146d0bcdf61c2,CN(C(=O)CC1CCCCC1)C1CCC1,O=C(CC1CCCCC1)N(CCO)C1CCC1,O=C(CC1CCCCC1)N(CCO)C1CCC1,1,0.5588235294117647,True,True
mean_node_128,f467664779784332e29a835274b694b34e8ee4759e698c43fe4616ee6830f420,CCCC[*:1]>>CCC[*:1],78d584f3bb1a01c9548eeb029257c70fe8d353e3adc3376267ff0c3c9165fcd5,a5c3c7c56c3790e8e92280ee87a4c5177ac2716c35eb9ebe5f0da2a9dff34a7d,a5c3c7c56c3790e8e92280ee87a4c5177ac2716c35eb9ebe5f0da2a9dff34a7d,CCCCn1c(SCC2=C(C(=O)O)N3C(=O)C(N)C3SC2)n[nH]c(=O)c1=O,CCCn1c(SCC2=C(C(=O)O)N3C(=O)C(N)C3SC2)n[nH]c(=O)c1=O,CCCn1c(SCC2=C(C(=O)O)N3C(=O)C(N)C3SC2)n[nH]c(=O)c1=O,1,0.9,True,True
mean_node_128,69416f3afd058175ee86d3118a1f5b8e4a55609590d76471bcd7a0c2279a8177,C[*:1]>>Cl[*:1],139cce715183378e56fcfc7d708d796d28129efcf631f02fdbb970f0a8ab7383,30f8b28d5bbffa83a64a071e8716161d6fb74a1beee6f3648ff5fee92467fd8a,30f8b28d5bbffa83a64a071e8716161d6fb74a1beee6f3648ff5fee92467fd8a,CN=C(NCCc1cccc(C)c1)NCc1ccsc1,CN=C(NCCc1cccc(Cl)c1)NCc1ccsc1,CN=C(NCCc1cccc(Cl)c1)NCc1ccsc1,1,0.7872340425531915,True,True
mean_node_128,6a053c97ae265e07f675724801ce059edeffaa16a01f35811b1345facb4408f0,CO[*:1]>>O=C(O)[*:1],b5a4508f6b3abcdab9977025d3d78f741eb4965d4c75e0f5862db30a90050837,e007d72f8cc5fa29c9d5c84f7286a5482c963db806fa5a47d4d1d3dae056f039,e007d72f8cc5fa29c9d5c84f7286a5482c963db806fa5a47d4d1d3dae056f039,COc1cccc(N2C(=O)CC(N3CCN(CCO)CC3)C2=O)c1,O=C(O)c1cccc(N2C(=O)CC(N3CCN(CCO)CC3)C2=O)c1,O=C(O)c1cccc(N2C(=O)CC(N3CCN(CCO)CC3)C2=O)c1,1,0.7037037037037037,True,True
mean_node_128,54ad78052225edb61ade3caaa679bce1f746681a0cea98a7a38ecb2bfeed1660,C[*:1]>>FC(F)(F)[*:1],ab937b2be5d45c9b6ebf43905544f051e4aee0916837301fd5ef0d81b405323c,747c39aa20abf180eac8e5b4b257eb87da90fc3e66be561024e618d04c348b59,747c39aa20abf180eac8e5b4b257eb87da90fc3e66be561024e618d04c348b59,Cc1ccc(C2CC[NH+](Cc3scnc3C)C2)cc1,Cc1ncsc1C[NH+]1CCC(c2ccc(C(F)(F)F)cc2)C1,Cc1ncsc1C[NH+]1CCC(c2ccc(C(F)(F)F)cc2)C1,1,0.7608695652173914,True,True
mean_node_128,5e21c6dc6d14bb239c3d6433397156ea7be19b7931c3f7ef0eb6616fc821ce61,CO[*:1]>>F[*:1],a6ba39d65161c65ddbad2a535e182ca2fbe8189c23c65f1ecc4fc31a81a4fa77,74d7bff38d98dc66a800fd993ed3397211fa0655ef82bd79a0b468725cc32421,74d7bff38d98dc66a800fd993ed3397211fa0655ef82bd79a0b468725cc32421,COc1ccc(C)c(N2CC(c3nc(-c4ccccn4)no3)CC2=O)c1,Cc1ccc(F)cc1N1CC(c2nc(-c3ccccn3)no2)CC1=O,Cc1ccc(F)cc1N1CC(c2nc(-c3ccccn3)no2)CC1=O,1,0.7741935483870968,True,True
mean_node_128,6fc0b4ddbe993e5e58cfe7cfdfb8fc457fac4c60000962f862d4ab32d44ee553,CCC[*:1]>>CC[*:1],22aea0483ea3213b55f0eb1c30b52e4fe59f15c8ccfa6acff3da685591205b34,d5511c866e54b2bb666682c78533a0cee5a2473e64d054ea96f70b4618df40fe,d5511c866e54b2bb666682c78533a0cee5a2473e64d054ea96f70b4618df40fe,CCCCC(C)(C)OC(=O)C12CCC(CC1)C2,CCCC(C)(C)OC(=O)C12CCC(CC1)C2,CCCC(C)(C)OC(=O)C12CCC(CC1)C2,1,0.8333333333333334,True,True
mean_node_128,3cd2565423a1dac3cfb55b09e68cd2d63f777624bae3ee6c6a6646cbf65d709b,C[*:1]>>F[*:1],0fb3792e6e12b9873daaed9ce780bb65d9aa21617be889dac2fffcdc225df37f,df1887fec93caa63f19926f5bb73d2cbf813f05f6fc1ec102767c4b55476cd93,df1887fec93caa63f19926f5bb73d2cbf813f05f6fc1ec102767c4b55476cd93,CC1CCCC(NC(=O)c2cnn3c2OCCC3)C1,O=C(NC1CCCC(F)C1)c1cnn2c1OCCC2,O=C(NC1CCCC(F)C1)c1cnn2c1OCCC2,1,0.7647058823529411,True,True
mean_node_128,1c45381a160ac2bebef2e0ab717c0cf500695c0bf18872c9b827c687fe01b68f,CC[*:1]>>C[*:1],b8c5cc4102f231f047f9f492a94a3debd05193a148066fc28e6266cecb2ea6ee,7d5b4b7aba305eee6b44676ee481163d48c72ada72f17b9cbeb28e8a138801e8,7d5b4b7aba305eee6b44676ee481163d48c72ada72f17b9cbeb28e8a138801e8,CCCCC(CC)C(=O)NCC1CC(Nc2cnc(C#N)cn2)C1,CCCC(CC)C(=O)NCC1CC(Nc2cnc(C#N)cn2)C1,CCCC(CC)C(=O)NCC1CC(Nc2cnc(C#N)cn2)C1,1,0.8888888888888888,True,True
mean_node_128,a91ae3567b2c57c00fe786c7e15d03c32fc3ea3b8d9591f46a6e796cd5aabd95,CCCC[*:1]>>C[*:1],c71f28e52c0ce5ceaa7ed64c37bb820c4c2feb4960084e9fd2bec3ccdd4d57eb,0cb606a7cb03ee881407121aa0e8e69781fc79282ef87d6010b2838113eaac21,627e627786c045cb61c784bd6b22e86daec89123dec1d9e67fd16f0f7b5ec223,CCCCCCCCN1C(=O)C(CC)NC(=O)C1(C)C,CCCCCN1C(=O)C(CC)NC(=O)C1(C)C,CCCCCCC(C)N1CC(=O)NC(C)(C)C1=O,2,0.3076923076923077,True,False
mean_node_128,e4d17343fbdbd0e799603e22ffd708f15877dcaff810d66d6154ed513e2ded63,CC(C)[*:1]>>COC[*:1],a041a21a61a70e1a40204ec8f80348d7112a0e4f4a94d777f26febb9a7c5edb9,8778e5e790afa294ed2676940882cc30bd1aedc2baaa3f1caca76e962399affb,8778e5e790afa294ed2676940882cc30bd1aedc2baaa3f1caca76e962399affb,CCC1C(=O)NC(C)(CC)C(=O)N1CCCOCC(C)C,CCC1C(=O)NC(C)(CC)C(=O)N1CCCOCCOC,CCC1C(=O)NC(C)(CC)C(=O)N1CCCOCCOC,1,0.7291666666666666,True,True
mean_node_128,da576a6e783666d406c66deb529a3775c5bd831706933d3f60da4b977651515e,CC(C)[*:1]>>CCC[*:1],f310c3b9771c6ed004f30541c98bd25a53102e43f2c0b0def7057fce1c21389c,9a97418b1257387be3cb33928a760451a49e790d9218f32cb85ca05356c3077a,9a97418b1257387be3cb33928a760451a49e790d9218f32cb85ca05356c3077a,CC(C)C[NH+]1CCC(CNC(=O)c2cncn2-c2ccccc2)C1,CCCC[NH+]1CCC(CNC(=O)c2cncn2-c2ccccc2)C1,CCCC[NH+]1CCC(CNC(=O)c2cncn2-c2ccccc2)C1,1,0.75,True,True
mean_node_128,877baf07a29347fe4aa1b6b30480b87c29d4b9c8c3bde2143b93196ec0c5dd7e,C[*:1]>>O=C(O)[*:1],2c4e17868d7a15f922771021139f349dc1d6953fd12349d53f04e3ffb2a7dfd7,3c0cd8a3b2585965cdaec5bb18769b18ee1f71686b5573f5f165e0eea8602790,3c0cd8a3b2585965cdaec5bb18769b18ee1f71686b5573f5f165e0eea8602790,CCN(C(=O)C1CC2C=CC1C2)c1ccccc1,O=C(O)CN(C(=O)C1CC2C=CC1C2)c1ccccc1,O=C(O)CN(C(=O)C1CC2C=CC1C2)c1ccccc1,1,0.775,True,True
mean_node_128,aaadad8d3024a3282df217af90b8a65e3d481c0963af55e387864056bdef7f7e,CO[*:1]>>C[*:1],6302fcc0fd7eccfb8a101382aca4a3e28aac6eea4558bb7f00ca57b0ceefa919,706fff8be0955c7c31e0018575c98de145db0d623a72d56e84ffb8bbe916570f,706fff8be0955c7c31e0018575c98de145db0d623a72d56e84ffb8bbe916570f,COCC[NH+]1CCC2C(CCCN2C(=O)c2cc(C(N)=O)co2)C1,CCC[NH+]1CCC2C(CCCN2C(=O)c2cc(C(N)=O)co2)C1,CCC[NH+]1CCC2C(CCCN2C(=O)c2cc(C(N)=O)co2)C1,1,0.8103448275862069,True,True
mean_node_128,2a9fdc3fc31e2dfcf58493bdbea8e67acdcde1d89d0d1a707372df74801bb666,CCC[*:1]>>C[*:1],3833ee16139f297b9597762f78d74edc126ff8451913bfd446b129f88d93cb8d,9073448fd831b3c0c392f78f8463dc5f657bd0008370ecdc51f312ebd5d6a200,9073448fd831b3c0c392f78f8463dc5f657bd0008370ecdc51f312ebd5d6a200,CCCNC(c1csc2ccccc12)C1CCOC1CC,CCC1OCCC1C(NC)c1csc2ccccc12,CCC1OCCC1C(NC)c1csc2ccccc12,1,0.78,True,True
mean_node_128,057e74d4d5a96c949b89cc53e53745500f6849600a8da7183ad941e5270578f0,C[*:1]>>OCC[*:1],1b11f5cf144c0cd38550b923667c644f7ae4f8d577c57c442ccac8bc063c8a2e,341b7a2394219cafdf0e1bc8ded38097f1f58762b5394b90b94e76e905b458d1,341b7a2394219cafdf0e1bc8ded38097f1f58762b5394b90b94e76e905b458d1,CCC(C)NC(=O)C(=O)Nc1cnn(-c2ncccn2)c1,CCC(CCO)NC(=O)C(=O)Nc1cnn(-c2ncccn2)c1,CCC(CCO)NC(=O)C(=O)Nc1cnn(-c2ncccn2)c1,1,0.72,True,True
mean_node_128,ae4eaa2b950ef77e5bef95676fc5dce4bf59970978c468a2ebd9cca5934e6857,CCCC[*:1]>>CCC[*:1],f759bf906be4fdbc4b3a404eb94b7ca6c58e74d6f2d7e1210acb2326b641919a,af8117da516fad58dfac547ea69cae53c3bcc64d31d2251a08fbe85408c6b3a9,af8117da516fad58dfac547ea69cae53c3bcc64d31d2251a08fbe85408c6b3a9,CCCC[NH+]1CC(O)C(NC(=O)C2(c3cccnc3)CC2)C1,CCC[NH+]1CC(O)C(NC(=O)C2(c3cccnc3)CC2)C1,CCC[NH+]1CC(O)C(NC(=O)C2(c3cccnc3)CC2)C1,1,0.8846153846153846,True,True
mean_node_128,e78ea5b7d34216ce5b9f2471b757d76740a34944cf367bf24f43b88764e12b8d,C[*:1]>>Cl[*:1],2e3e0387a136aea504790194f92ee5d367b5e5736a6f1743a5de214efef48cf7,fa9b33fd3cf906ca26e09445fa03a95d8dcd5eb87f6b30e6740bf41a6bdc5871,fa9b33fd3cf906ca26e09445fa03a95d8dcd5eb87f6b30e6740bf41a6bdc5871,Cc1cccc(C(=O)N2CCC3CN(C(=O)C45CCCC4C5)C3C2)c1,O=C(c1cccc(Cl)c1)N1CCC2CN(C(=O)C34CCCC3C4)C2C1,O=C(c1cccc(Cl)c1)N1CCC2CN(C(=O)C34CCCC3C4)C2C1,1,0.7894736842105263,True,True
mean_node_128,c6581e8cfb63bd5fde0f2ab2fd72efc34e98010fb288a5454539ec59bef3b875,CO[*:1]>>O=C(O)[*:1],b858f490fd258f05b41845b491cebff1507a91a08d2efeb436f1240d16b4786f,27a2db9483b3d84774a09100e651c35d3b7d5afaedfa0d186cb75123777d6827,27a2db9483b3d84774a09100e651c35d3b7d5afaedfa0d186cb75123777d6827,COCC1(NC(=O)C2CC2c2c(F)cccc2F)CCCC1,O=C(O)CC1(NC(=O)C2CC2c2c(F)cccc2F)CCCC1,O=C(O)CC1(NC(=O)C2CC2c2c(F)cccc2F)CCCC1,1,0.7142857142857143,True,True
mean_node_128,46bbc5a5e507566f4e45ed3a77176a1aef13c79439f0bbf09356b1297dc3f14c,C[*:1]>>FC(F)(F)[*:1],b50ff8ce0407a10d89d145f1394103e7b361f4edb19b4aef2bed9194fb225b13,b93925f6990432e5d2958ed055b424a7af217ad4808284a952d14365ac2e7a50,b93925f6990432e5d2958ed055b424a7af217ad4808284a952d14365ac2e7a50,CCC[NH+]1CCN(Cc2cn(C)nc2C)CC1,CCC[NH+]1CCN(Cc2cn(C)nc2C(F)(F)F)CC1,CCC[NH+]1CCN(Cc2cn(C)nc2C(F)(F)F)CC1,1,0.6904761904761905,True,True
mean_node_128,a8ab2775012f5d6b7b54147c6e561648cf8ca102642d65af8d00a051fea32c9d,CO[*:1]>>F[*:1],4a1a2404da24e9ac120b919adcf2bd3cb6e375e5bf0bd0313b48ef02c57a46d9,c32efb48aacf6de4ead92ec2b5120bd7813bfafc7ad8f5bb1d62177599fbc5b1,c32efb48aacf6de4ead92ec2b5120bd7813bfafc7ad8f5bb1d62177599fbc5b1,COc1ccc2cc(C=NNC(=O)CN(c3ccccc3OC)S(=O)(=O)c3ccccc3)c(Cl)nc2c1,COc1ccc2cc(C=NNC(=O)CN(c3ccccc3F)S(=O)(=O)c3ccccc3)c(Cl)nc2c1,COc1ccc2cc(C=NNC(=O)CN(c3ccccc3F)S(=O)(=O)c3ccccc3)c(Cl)nc2c1,1,0.8676470588235294,True,True
mean_node_128,dccd46f757d43e6a14851cf0d76eb8b9d76c35dc22c04db50c3abc773b5a2d38,CCC[*:1]>>CC[*:1],5bcf60d80bfde07ddb39ccbf89fe3339370ccf88704e7bba5f94ec2da9b025f8,4bd1d10ecfa4731c18f6ca94bacd4d228189d3998462bf98e8cde9e2530483c4,4bd1d10ecfa4731c18f6ca94bacd4d228189d3998462bf98e8cde9e2530483c4,CCCN(CC1COc2ccccc2O1)C(=O)COC1CCCC1,CCN(CC1COc2ccccc2O1)C(=O)COC1CCCC1,CCN(CC1COc2ccccc2O1)C(=O)COC1CCCC1,1,0.84,True,True
mean_node_128,586430f991ce247682dcfc198efba2e268ac5bddecad8526b4525b5d742ce414,C[*:1]>>F[*:1],da86c1b952b5728a342623237c8357c8e93a77587774c9e0b78b086596b6cfc8,57f839322046e114724fa09278dc49b5a1bfad4640197afb9c07bd859c044de8,57f839322046e114724fa09278dc49b5a1bfad4640197afb9c07bd859c044de8,Cc1cccc(Nc2nc(N)c(C(=O)c3ccc(Br)cc3)s2)c1,Nc1nc(Nc2cccc(F)c2)sc1C(=O)c1ccc(Br)cc1,Nc1nc(Nc2cccc(F)c2)sc1C(=O)c1ccc(Br)cc1,1,0.7647058823529411,True,True
mean_node_128,96fc314634fb856a7c4c322a41ebed91c760bacdfa7963d2dde7f77277f82b5a,CC[*:1]>>C[*:1],e4d24511fd542714c45cb9a8441905bd4dd22f756e6676c0d0955ec21d21d7b6,7243ad54f9ccde83fe40a26c66ea85753c0de5be498feb2b1c5ee71f03a6f6c7,7243ad54f9ccde83fe40a26c66ea85753c0de5be498feb2b1c5ee71f03a6f6c7,CCCC(O)(CC)CC1CC2CCC1C2,CCC(O)(CC)CC1CC2CCC1C2,CCC(O)(CC)CC1CC2CCC1C2,1,0.8333333333333334,True,True
mean_node_128,5867dad4dcf03f9a6def09e3ebd4e12f03578e51a7158b86d0db5c89c9b08275,CCCC[*:1]>>C[*:1],3b2302829807c6f2ef0a3cf6ef7e42bdd76778ad0311bea986c02f30ee45f2aa,1161dac2984a9eb9e49b5380f944c39e0d785203c25413cf13470c9cda6db084,1161dac2984a9eb9e49b5380f944c39e0d785203c25413cf13470c9cda6db084,CCCCC(C)(F)C(=O)N1CC(C)Cn2nccc21,CC1CN(C(=O)C(C)(C)F)c2ccnn2C1,CC1CN(C(=O)C(C)(C)F)c2ccnn2C1,1,0.7021276595744681,True,True
mean_node_128,86a432476267e80d8fae12a6c93a23c4bfb65b3ff61c5a20963f28c2ef4e3820,CC(C)[*:1]>>COC[*:1],4438349d7ad13528db4ade81056cb53211a62d3c02e4ed589a2cbf29881e5dfd,328445d440723297721076540cb84cd1650a8c30a060abb26c9bfa8b5dc97e2f,328445d440723297721076540cb84cd1650a8c30a060abb26c9bfa8b5dc97e2f,Cc1cccc(NC(=O)NCC2(CC(C)C)CC2)n1,COCCC1(CNC(=O)Nc2cccc(C)n2)CC1,COCCC1(CNC(=O)Nc2cccc(C)n2)CC1,1,0.673469387755102,True,True
mean_node_128,228da5aac7287b939201bd240ed56e28530e2156bcf50f9c7ae6b48f95602e21,CC(C)[*:1]>>CCC[*:1],53a25931438e17ade456e407d2c5e8e61a8233800f90145a42f31d870405cb32,f9091287f26e1536837328fcd957b774dfbd7eaf80b2f1aeaea33af390e421c6,f9091287f26e1536837328fcd957b774dfbd7eaf80b2f1aeaea33af390e421c6,CC(C)n1nccc1CN1CCCC(c2nnc3n2CCC3)C1,CCCn1nccc1CN1CCCC(c2nnc3n2CCC3)C1,CCCn1nccc1CN1CCCC(c2nnc3n2CCC3)C1,1,0.7017543859649122,True,True
mean_node_128,a423e5f96277bd13165d03c94640deb6cc5dc33dd4960e456b0e243a4a5cd497,C[*:1]>>O=C(O)[*:1],a16481d642d2135a3e3a9ebb972d470217669cf67623a474e2e93259edd0e1f7,79a804a420a6adcf96a4966d47f5b2b45aaa53854360dda457054cf57bd4ca1e,79a804a420a6adcf96a4966d47f5b2b45aaa53854360dda457054cf57bd4ca1e,Cc1cc2c(nn1)SCCO2,O=C(O)c1cc2c(nn1)SCCO2,O=C(O)c1cc2c(nn1)SCCO2,1,0.5833333333333334,True,True
mean_node_128,8c48933cdcc2f646c34313e33b473b0840b5d5c8306875b203a871c21ce92656,CO[*:1]>>C[*:1],c3ca2ffe9ccfbb73eff9f85cb21aed8f97572fdadf2727f5a347bf1b27f01b5d,55f603276d2cbec867433cce1e59f0ef0a0f74cb00549bd046c550f50c78d512,55f603276d2cbec867433cce1e59f0ef0a0f74cb00549bd046c550f50c78d512,COc1cc2c3c(cnn3CCN(C3CN4CCC3CC4)C2=O)c1,Cc1cc2c3c(cnn3CCN(C3CN4CCC3CC4)C2=O)c1,Cc1cc2c3c(cnn3CCN(C3CN4CCC3CC4)C2=O)c1,1,0.7692307692307693,True,True
mean_node_128,a4e52e5c32403a6ea5a7d3bf0dba12148a7eb9b883d8b7edfb560e2dc4e76313,CCC[*:1]>>C[*:1],df5078ecf0f57b6f11319d6295bea57ff35f157831985381ad138bdfb6f7bc72,b7c7aafe115f1548dab5bf5142bd0f9eb065d6049dc0da145a093f9d1d86e817,f2ee164f7cf3588bdc6d6333f23998f4ac7952d5d388e499b402c318005efa7d,CCCC(C)CN1C(=O)C(C)NC(=O)C1(C)C,CC(C)CN1C(=O)C(C)NC(=O)C1(C)C,CC(C)CC1NC(=O)C(C)(C)N(C)C1=O,4,0.3695652173913043,True,False
mean_node_128,da3b0e54dade6cb9ab44da0030b46bdbf7af05b2f6281e9a3ef074425fae8233,C[*:1]>>OCC[*:1],4368b07ae134a305b48baa670aabe2de9484a8a0d3682fccfe8ea193c5219453,e660c2ec9aa60997c7e52a88c0ed233a9b2636e866211fc8ab1b1f74a2456c52,e660c2ec9aa60997c7e52a88c0ed233a9b2636e866211fc8ab1b1f74a2456c52,Cc1cn(-c2ccccc2Cl)nc1C(=O)N1CCCCC1C,Cc1cn(-c2ccccc2Cl)nc1C(=O)N1CCCCC1CCO,Cc1cn(-c2ccccc2Cl)nc1C(=O)N1CCCCC1CCO,1,0.7321428571428571,True,True
mean_node_128,0bda031afe18dfa00f6e60008fe6090b1f7d34fab10b00684fec3e6542991179,CCCC[*:1]>>CCC[*:1],9ea627533b4ac9ce82c239c1111ba97e3a52fc6cdaf88c824ca8daab62b5a760,c7b49870c094c369d04ba6acff16fea6b3c4568aeb899e5c8a21bae701282545,c7b49870c094c369d04ba6acff16fea6b3c4568aeb899e5c8a21bae701282545,CCCC[NH+]1CC(C)C(NC(=O)c2ccc3cncn3c2)C1,CCC[NH+]1CC(C)C(NC(=O)c2ccc3cncn3c2)C1,CCC[NH+]1CC(C)C(NC(=O)c2ccc3cncn3c2)C1,1,0.8867924528301887,True,True
mean_node_128,c7371d9bb2714e009160edc862460660055cc52753b882e5d8fc463e8726d2c7,C[*:1]>>Cl[*:1],692db16a8fbe8df61ea57dea2869271b85f3bf0d37f23da08b027da7ace72281,01f24e96fcc8e90a55467701382a95c21cab191c5daa2471342d6a6ae015cb21,01f24e96fcc8e90a55467701382a95c21cab191c5daa2471342d6a6ae015cb21,Cc1nn(C)c(C)c1C(=O)NCc1ccccc1Cn1cccn1,Cc1nn(C)c(Cl)c1C(=O)NCc1ccccc1Cn1cccn1,Cc1nn(C)c(Cl)c1C(=O)NCc1ccccc1Cn1cccn1,1,0.803921568627451,True,True
mean_node_128,95dd8b5027019bd7b4d7e6711dc90a0ae310fe61b168d8320a79bb5582ac8161,C[*:1]>>FC(F)(F)[*:1],1914e883d0c8f97ba5a2fdffebcce18ed916ad44969e1d2a628f249778cf4af5,56cbc419c0e3e41e064c8ab1c61ee19371c887fe0afebbcdfb50db79d367c8b6,56cbc419c0e3e41e064c8ab1c61ee19371c887fe0afebbcdfb50db79d367c8b6,CCNC(=O)c1cn(C2CCCC2)cc(C(=O)NCc2ccc(OC)cc2)c1=O,CCNC(=O)c1cn(C2CCCC2)cc(C(=O)NCc2ccc(OC(F)(F)F)cc2)c1=O,CCNC(=O)c1cn(C2CCCC2)cc(C(=O)NCc2ccc(OC(F)(F)F)cc2)c1=O,1,0.7818181818181819,True,True
mean_node_128,7f672b3f42fc1f4318e9b6f7ed07d953a0021ec5869bb6c41cab043650b7de22,CO[*:1]>>F[*:1],8c6ca6273a289a8fda0364f04cd311e8d071640597b658d399fc7350ec874fb3,a4ba2c023ba9fbc550fdbee0cf81dcf74db44d9702ede294e2a4a28e47a431e1,a4ba2c023ba9fbc550fdbee0cf81dcf74db44d9702ede294e2a4a28e47a431e1,COCCN1CC2CC1CN2C(=O)C1CCC2CC2CC1,O=C(C1CCC2CC2CC1)N1CC2CC1CN2CCF,O=C(C1CCC2CC2CC1)N1CC2CC1CN2CCF,1,0.6976744186046512,True,True
mean_node_128,6836a1a8c205191aa6e278c2063444d803667a55a6f03d65fcfa7d34da0624c4,CCC[*:1]>>CC[*:1],1f2bb102d29fe83f6533ec375ec051f6685f1e4c87fb01827cea19a5444a6ba8,8bc6c69f736c53989abbe148d954f36a676f56a71d820eac82ac9ff371783964,8bc6c69f736c53989abbe148d954f36a676f56a71d820eac82ac9ff371783964,CCCC(C)CC(=O)NC1CCCC1Oc1cnn(CC)c1,CCC(C)CC(=O)NC1CCCC1Oc1cnn(CC)c1,CCC(C)CC(=O)NC1CCCC1Oc1cnn(CC)c1,1,0.8490566037735849,True,True
mean_node_128,1c4360a32168883e83f31723c310017f8a24694e4275b769372d9832976a3406,C[*:1]>>F[*:1],f8bff9e7aaa1de28b34b047376f2423d281bb36debdc75544676f30108f940af,7ea610367dbb0708df33c18db530da45b14b3343592c49d983faeb9fffeb0250,7ea610367dbb0708df33c18db530da45b14b3343592c49d983faeb9fffeb0250,Cc1cccc(N2C(=O)C(=Cc3ccccn3)SC2=S)c1,O=C1C(=Cc2ccccn2)SC(=S)N1c1cccc(F)c1,O=C1C(=Cc2ccccn2)SC(=S)N1c1cccc(F)c1,1,0.7755102040816326,True,True
mean_node_128,f7c22eeca74fe8cf36319f8e09124c98838a0c1db259965547f6b02dfe8cca64,CC[*:1]>>C[*:1],be6dba6d516c3bc72add1699ff85e39edbf66b8c385b4be7cb1030fbbbd7522e,175985541f96b7947c15a55b4c5031c594aa08a0caa57b934917a2f4527f7724,175985541f96b7947c15a55b4c5031c594aa08a0caa57b934917a2f4527f7724,CCOc1ccc(C=[NH+]NC(=S)Nc2ccccc2)cc1,COc1ccc(C=[NH+]NC(=S)Nc2ccccc2)cc1,COc1ccc(C=[NH+]NC(=S)Nc2ccccc2)cc1,1,0.7441860465116279,True,True
mean_node_128,3d59f60643b272fd60c6157695b4e6e28b39926cabad1335522e3c2de8e85818,CCCC[*:1]>>C[*:1],53731b161e9d92b1d66f91b538beb02b82fb6ce7b76fedd227b143f23183c85b,be6dba6d516c3bc72add1699ff85e39edbf66b8c385b4be7cb1030fbbbd7522e,be6dba6d516c3bc72add1699ff85e39edbf66b8c385b4be7cb1030fbbbd7522e,CCCCCOc1ccc(C=[NH+]NC(=S)Nc2ccccc2)cc1,CCOc1ccc(C=[NH+]NC(=S)Nc2ccccc2)cc1,CCOc1ccc(C=[NH+]NC(=S)Nc2ccccc2)cc1,1,0.782608695652174,True,True
mean_node_128,3715111a9e00c1461762dd4d6418145d44333ab76ea8eeb4519336affdedffd6,CC(C)[*:1]>>COC[*:1],c2ba14012835b9681c4ccc4c8a371995ebc7ca625c784f75c921e555e98611e2,de12bb6d51ed78bf69f4a28c271f8acb8bd19cf06ed8972c9c7eb9aba44265dc,de12bb6d51ed78bf69f4a28c271f8acb8bd19cf06ed8972c9c7eb9aba44265dc,COCC1(CC(=O)NC2CC[NH+](CC(C)C)C2)CC1,COCC[NH+]1CCC(NC(=O)CC2(COC)CC2)C1,COCC[NH+]1CCC(NC(=O)CC2(COC)CC2)C1,1,0.723404255319149,True,True
mean_node_128,11605229526520452d548d0afb40b89f0413239abc9448e733701d068121a8f9,CC(C)[*:1]>>CCC[*:1],774cefaa76039192e3253b7a9a7d11b5d33b05fbf39d23d53bb96da3303b89bc,2a0af10ed3acf8bd7a7a95178b234ae396b036fc8d1c59a05809030caf1597c1,2a0af10ed3acf8bd7a7a95178b234ae396b036fc8d1c59a05809030caf1597c1,CC(C)[NH+]1CC2CCCN(C(=O)CN3CCCNC3=O)C2C1,CCC[NH+]1CC2CCCN(C(=O)CN3CCCNC3=O)C2C1,CCC[NH+]1CC2CCCN(C(=O)CN3CCCNC3=O)C2C1,1,0.7169811320754716,True,True
mean_node_128,156237ac5df8b347e88fbd799f6874013f8a6a20a0353616be194a140d6169fa,CO[*:1]>>C[*:1],e1c3975d27bfe8624f468db29d49952cb91d7ff518611960ba94a5ac652d0011,2857ff6a29414180d92b7ca8c47e7263ec5abb4e71f332c8b6a20404fd5f7838,2857ff6a29414180d92b7ca8c47e7263ec5abb4e71f332c8b6a20404fd5f7838,COc1ccncc1Nc1ccc(F)cc1C#N,Cc1ccncc1Nc1ccc(F)cc1C#N,Cc1ccncc1Nc1ccc(F)cc1C#N,1,0.7045454545454546,True,True
mean_node_128,d5793523a6239ac8f2128bf2e584e10f9b268647ce31f97add8afb8fc55f31c4,CCC[*:1]>>C[*:1],a19ccfa17cc2bc28b4516ae7618a8d8b793b1ed21b074610fe37ca0b6add88a8,798f0aff00f4af3fbe114624af463d40c2f9d4fd8c62fcf23116558ef80e3350,798f0aff00f4af3fbe114624af463d40c2f9d4fd8c62fcf23116558ef80e3350,CCCNC(CN(C)CC1CC2CCC1C2)C(N)=O,CNC(CN(C)CC1CC2CCC1C2)C(N)=O,CNC(CN(C)CC1CC2CCC1C2)C(N)=O,1,0.7555555555555555,True,True
mean_node_128,3615fe3d9153df0beee3ac339ac5028b9ce6b429593e0c1d5028c4f46416fdf9,C[*:1]>>OCC[*:1],deadca9a0cc29f8695983cfc7be937598d0b7ad7a541b34bbf12f80a48dc86fe,8063e79665895b87b2c3330bd97fff270d180e7a546e7d8d243ffc387ccdf107,8063e79665895b87b2c3330bd97fff270d180e7a546e7d8d243ffc387ccdf107,CC(C)NC1CC2CCC1(C)C2(C)C,CC(CCO)NC1CC2CCC1(C)C2(C)C,CC(CCO)NC1CC2CCC1(C)C2(C)C,1,0.6388888888888888,True,True
mean_node_128,0d98d0d801f7615363db9e717378ac2541f0e250a5be47d9baf217c7be7b0bdb,CCCC[*:1]>>CCC[*:1],18c68e064ab86234e938adaaaabbd640705e9b4231740c0c950b39c281ce30f3,e45f96152cd69cb62bd796425cc6779a35aa12fd034f6993cb0217dc40288b1e,e45f96152cd69cb62bd796425cc6779a35aa12fd034f6993cb0217dc40288b1e,CCCCn1ncc(C(=O)N2CC(N(CC)C(=O)CC3CC3)C2)c1C,CCCn1ncc(C(=O)N2CC(N(CC)C(=O)CC3CC3)C2)c1C,CCCn1ncc(C(=O)N2CC(N(CC)C(=O)CC3CC3)C2)c1C,1,0.8846153846153846,True,True
mean_node_128,e3dc6293990ced2cf6861c898073a5b410d96f924edcfb78456edaefd08a0cb7,C[*:1]>>Cl[*:1],d0b27dc0c3cfc1d5bc44027323c60eb78d848747912f69f78f5e4ccdb3ce6bf2,833f7f8431fb6a773d0eb55ab9403b5951a47b9649c22f6596bde4a2504a0f44,833f7f8431fb6a773d0eb55ab9403b5951a47b9649c22f6596bde4a2504a0f44,Cc1cc(NCC(C)N(C)C(=O)c2ccon2)nc(C)n1,Cc1nc(Cl)cc(NCC(C)N(C)C(=O)c2ccon2)n1,Cc1nc(Cl)cc(NCC(C)N(C)C(=O)c2ccon2)n1,1,0.8076923076923077,True,True
mean_node_128,d21948f3ef18c56acc895c23a8fc94fa6ab82d85457f906489b7f76d376073c6,C[*:1]>>FC(F)(F)[*:1],ea90372763dd8a37391b324ec871d554718a1d6c50ff6d8e71948a7f297fe9fa,06934b29c0b4e822a79b604141e68217b05eae80d55e5f6688b45c9692c22907,06934b29c0b4e822a79b604141e68217b05eae80d55e5f6688b45c9692c22907,CCN(CC(=O)O)C1CC2CCC1C2,O=C(O)CN(CC(F)(F)F)C1CC2CCC1C2,O=C(O)CN(CC(F)(F)F)C1CC2CCC1C2,1,0.6578947368421053,True,True
mean_node_128,dcbc30c078657fc0d9a0887dce065da77a920760510e165b3f2623a95e15424d,CO[*:1]>>F[*:1],3c04cbef732ee7eb7bf3fb2f504a6a8b74b57b2176abb252a99f53ec0e977557,b08033e7b47228cf911ee98839bd8910be57e3eabf3f4da4aea9561eabee0759,b08033e7b47228cf911ee98839bd8910be57e3eabf3f4da4aea9561eabee0759,COc1cc(C#N)ccc1-n1sc2ccccc2c1=O,N#Cc1ccc(-n2sc3ccccc3c2=O)c(F)c1,N#Cc1ccc(-n2sc3ccccc3c2=O)c(F)c1,1,0.6808510638297872,True,True
mean_node_128,6efd485e9a9b5c9f0793ddb94fb47f7164d8a8ed000b0fede6627321a6a7e15d,CCC[*:1]>>CC[*:1],2e5b14310c7d9a968a6f06e94f11d3c63995933fc9ea8edc60e2eca4cc273314,e631471eb7b0ff50520118c6980f8d1259c4fb3ec2beaade61f408cc1b65d02c,e631471eb7b0ff50520118c6980f8d1259c4fb3ec2beaade61f408cc1b65d02c,CCCC(C)NC(=O)COC(=O)c1cc(-c2cc(C)sc2C)nc2onc(C)c12,CCC(C)NC(=O)COC(=O)c1cc(-c2cc(C)sc2C)nc2onc(C)c12,CCC(C)NC(=O)COC(=O)c1cc(-c2cc(C)sc2C)nc2onc(C)c12,1,0.8688524590163934,True,True
mean_node_128,b3fce8f79817bd37cf54b229a216bec3d3f6d610ef487128a563ec215618180e,C[*:1]>>F[*:1],cd0f094abe9d925c3d86493a21f5e9610f9a57d384e22178297c5570323785e2,cdd29f60996a150e59ffb3a2d3c2ae8b04f0cf11d144af6ae248440254e8b0c3,cdd29f60996a150e59ffb3a2d3c2ae8b04f0cf11d144af6ae248440254e8b0c3,COc1cc2c(cc1C(=O)Nc1ccc(C)nc1)OCO2,COc1cc2c(cc1C(=O)Nc1ccc(F)nc1)OCO2,COc1cc2c(cc1C(=O)Nc1ccc(F)nc1)OCO2,1,0.7755102040816326,True,True
mean_node_128,1d0cc9aa884b96a6da3568c4f556baa99347a8269224c441b2f024c4746ad313,CC[*:1]>>C[*:1],8c1cacb312b4d258c19862c750b3bb02090670d43645075bbe96e907215ef4ff,e76f712f1ee196a683761a1c4eb6f334b0b88ab2fb0c5830fdc4ad9c736dc088,e76f712f1ee196a683761a1c4eb6f334b0b88ab2fb0c5830fdc4ad9c736dc088,CCC1C(C(=O)O)=C(C)N(S(C)(=O)=O)C(C)=C1C(=O)OCc1ccccc1,CC1=C(C(=O)O)C(C)C(C(=O)OCc2ccccc2)=C(C)N1S(C)(=O)=O,CC1=C(C(=O)O)C(C)C(C(=O)OCc2ccccc2)=C(C)N1S(C)(=O)=O,1,0.7446808510638298,True,True
mean_node_128,5f7a1dab998a6f85095a7b2a05b8b66d6f86940d149f631bf915b35f218d4a4e,CCCC[*:1]>>C[*:1],ad7048342c7abd563193c138b4545016a9282e96ccd599674eb52e7ded9012b0,c8dd938cc476616cc79a09e2e59a3aac4c3552f07ef3ef584df0a57900e5fa02,c8dd938cc476616cc79a09e2e59a3aac4c3552f07ef3ef584df0a57900e5fa02,CCCCOCC[NH+]1CCN(Cc2cnn(C)c2)CC1,COCC[NH+]1CCN(Cc2cnn(C)c2)CC1,COCC[NH+]1CCN(Cc2cnn(C)c2)CC1,1,0.7111111111111111,True,True
mean_node_128,58bbb6fab2a1ffb882e978f6f61f566ced93682219b56808cbb8a98b98a961ee,CC(C)[*:1]>>COC[*:1],35171e0fcc7baa4ac078ae60bc69bd606c787a69d8179cc4abcb1cd7f1916abd,5aff555ff40e2557a52b3a184777755108d30fbbf8399548b3ccd243f892c50e,5aff555ff40e2557a52b3a184777755108d30fbbf8399548b3ccd243f892c50e,Cc1cc(Nc2cncc(C(=O)NCCC(C)C)c2)ccc1Br,COCCCNC(=O)c1cncc(Nc2ccc(Br)c(C)c2)c1,COCCCNC(=O)c1cncc(Nc2ccc(Br)c(C)c2)c1,1,0.7222222222222222,True,True
mean_node_128,cd3d112d67241903c03cb95b2522ecd8c0c5eccc8b09d704548f9613e578d22a,CC(C)[*:1]>>CCC[*:1],9a6b2601d8c88909ac800ddee7b9fdc388394812b61ad8df3a12180d744be5f4,39a36188eb2fa52e44297b9f44e080ef83f2c2ed1098dcf6cf68a45ac2ba1a42,39a36188eb2fa52e44297b9f44e080ef83f2c2ed1098dcf6cf68a45ac2ba1a42,CC(=O)c1cc(C[NH+](Cc2ccccc2)C(C)C)on1,CCC[NH+](Cc1ccccc1)Cc1cc(C(C)=O)no1,CCC[NH+](Cc1ccccc1)Cc1cc(C(C)=O)no1,1,0.6382978723404256,True,True
mean_node_128,dc4de9d5328256b7fb8b8a481853cdb037dfee8816145fff2defe005c782c3d1,CO[*:1]>>C[*:1],f910213f6f3fb7abebf1fefa8cce4dff13c9ea826c408b01db7ed634f995740a,f49f2629429d095bbd3e459e798d08ca82247f4d1c8eb833d5613aa84e73f1d2,f49f2629429d095bbd3e459e798d08ca82247f4d1c8eb833d5613aa84e73f1d2,COCCS(=O)(=O)CC(=O)N1CC(C)Cn2nccc21,CCCS(=O)(=O)CC(=O)N1CC(C)Cn2nccc21,CCCS(=O)(=O)CC(=O)N1CC(C)Cn2nccc21,1,0.7755102040816326,True,True
mean_node_128,76703c51651f9ea3f94d34f2f094a0c39ba695fb620986901522239c1be820e7,CCC[*:1]>>C[*:1],1860adfab100bc3793b5d2af8fd800f0807f3c774b5571a079dd2789d2a7b2fc,438be4f95339126018f41f81c3ab5875f310337f93c96b04079f9912e05336a9,438be4f95339126018f41f81c3ab5875f310337f93c96b04079f9912e05336a9,CCCC(NC(=O)NC1CC2CCC1C2)C(=O)O,CC(NC(=O)NC1CC2CCC1C2)C(=O)O,CC(NC(=O)NC1CC2CCC1C2)C(=O)O,1,0.6585365853658537,True,True
mean_node_128,bc048be30718f9c9026c62979a905d5a32297c2c139f732af1cb477b12e8c199,C[*:1]>>Cl[*:1],cd4c8fe0b69fcd6a7c3e9667c00d511cd4a8009a8dce63d5b4a68974fcc2934f,037142c86b7196702b08f96931c0ec83ad0fa8bd54152c96efe885df3aae57fd,037142c86b7196702b08f96931c0ec83ad0fa8bd54152c96efe885df3aae57fd,Cc1ccc(N2C(=O)CC(N3CCN(C)CC3)C2=O)cc1Cl,CN1CCN(C2CC(=O)N(c3ccc(Cl)c(Cl)c3)C2=O)CC1,CN1CCN(C2CC(=O)N(c3ccc(Cl)c(Cl)c3)C2=O)CC1,1,0.8333333333333334,True,True
mean_node_128,e33d5ac38a9f57539a7328e4c82b1daf7db0875ffe79ce4e9100b5f29b438ad6,C[*:1]>>FC(F)(F)[*:1],d602668268f81b0b7706886223dd0758d30ed2af49c7d4109e2b0c56adb659b2,a25ac50686cb3daf5c827358f674d2b7b1354a901e417fdad43692c6bb3a250f,a25ac50686cb3daf5c827358f674d2b7b1354a901e417fdad43692c6bb3a250f,Cc1ccc(OC(C)C(=O)NCC2(O)CCCC2(C)C)cc1,CC(Oc1ccc(C(F)(F)F)cc1)C(=O)NCC1(O)CCCC1(C)C,CC(Oc1ccc(C(F)(F)F)cc1)C(=O)NCC1(O)CCCC1(C)C,1,0.76,True,True
mean_node_128,dba50e9faa60cba71d5d0f21b92af003f655b0b78edb68178fb0ce561270e1cf,CO[*:1]>>F[*:1],f2507a3f8c9f41efa7ad34a3a260bc0178815d217e09a9d5018c8ca3356cefe1,60266b05707b3b08f6834e4b57703f9e184301369615bc39dc6c806852a88fc9,60266b05707b3b08f6834e4b57703f9e184301369615bc39dc6c806852a88fc9,COCC1OCC2(c3cc(CC(=O)c4cnc(OC(F)F)cn4)ccc3F)N=C(N)SCC12,NC1=NC2(c3cc(CC(=O)c4cnc(OC(F)F)cn4)ccc3F)COC(CF)C2CS1,NC1=NC2(c3cc(CC(=O)c4cnc(OC(F)F)cn4)ccc3F)COC(CF)C2CS1,1,0.8552631578947368,True,True
mean_node_128,db89b4f1c67ff97834328b2e1a4a5c0b91092e5193c1c1a1f4950cb5a7d9d565,CCC[*:1]>>CC[*:1],b831935dd6e9a23f4f0c24dc54eb0cff80cc0c3741d9430742d6f223bba61e97,91f23b9a947d8304ed14683fd1633c284ad1e75de99e56a33fdf775afaa8c1d1,91f23b9a947d8304ed14683fd1633c284ad1e75de99e56a33fdf775afaa8c1d1,CCCC(=O)Nc1ccc(Nc2ccccc2C(F)(F)F)cn1,CCC(=O)Nc1ccc(Nc2ccccc2C(F)(F)F)cn1,CCC(=O)Nc1ccc(Nc2ccccc2C(F)(F)F)cn1,1,0.8297872340425532,True,True
mean_node_128,cf239550d9f2768646a43e80b5440a7634bab908d9225ba4c736ca7764e088b2,C[*:1]>>F[*:1],fb97c06e69b69807170cf73f9141ae538d2b41c3fd7aabc40dfbc811aff9bc37,ade7c141fc78c9b108b33baca4c5879a9df6718e94e2ab1daecb98a55b84fcb7,ade7c141fc78c9b108b33baca4c5879a9df6718e94e2ab1daecb98a55b84fcb7,Cc1ccc(CN2CCC(NC(=O)C3CC3(F)F)C2=O)cc1,O=C(NC1CCN(Cc2ccc(F)cc2)C1=O)C1CC1(F)F,O=C(NC1CCN(Cc2ccc(F)cc2)C1=O)C1CC1(F)F,1,0.8125,True,True
mean_node_128,59ef154d5c121a2ef2f6078fa9e5c00e8c0643de719c57e694ce9bef243ae849,CC[*:1]>>C[*:1],8beaac3daf021598efc43e282b25d75257206146e8cc982c5a93d8002013b30a,90e2fb8ed35dec519d6b20013d9a8b85b9973c4519ea277fe734917e1e0690d4,90e2fb8ed35dec519d6b20013d9a8b85b9973c4519ea277fe734917e1e0690d4,CCC[NH+](CC1CC1)C1CCOC(C)C1,CC[NH+](CC1CC1)C1CCOC(C)C1,CC[NH+](CC1CC1)C1CCOC(C)C1,1,0.7647058823529411,True,True
mean_node_128,dfe35a03b9b05c3747e3649cda82e0d620c98aa5d8acb40a1e0ef407a9aab617,CCCC[*:1]>>C[*:1],8fd53bbb8282fb1a3b29bf250d20bd11dc0271152564ffa20ae0aa46cdd877d9,45ab6affdabe3e9e6a4dfd703df9f0664730e6dfe2de9ccff5eb2fa3d81f9214,45ab6affdabe3e9e6a4dfd703df9f0664730e6dfe2de9ccff5eb2fa3d81f9214,CCCCc1ccc(CC(=O)NCCc2c[nH]c3ccccc23)cc1,Cc1ccc(CC(=O)NCCc2c[nH]c3ccccc23)cc1,Cc1ccc(CC(=O)NCCc2c[nH]c3ccccc23)cc1,1,0.7708333333333334,True,True
mean_node_128,56e9284cf566a2b84aff51552041caba6ab39e9a129d5ed79e2a16194bc8f242,CC(C)[*:1]>>COC[*:1],0e6d3859d1f0f23ce562424b0e85675b2a4d8ff1b486db695b769f184bc88b9f,443506dcc65267fee6925d8d3ae1a64f346b287fcb7c21f5d9a38119fdad35f7,443506dcc65267fee6925d8d3ae1a64f346b287fcb7c21f5d9a38119fdad35f7,CC(C)C(N)COC1CC2CCC1(C)C2(C)C,COCC(N)COC1CC2CCC1(C)C2(C)C,COCC(N)COC1CC2CCC1(C)C2(C)C,1,0.675,True,True
mean_node_128,458970c3121b88129c339f0428f723474a2c093262cd6558b7dcec343e28f273,CC(C)[*:1]>>CCC[*:1],7cdb4165b42084b4f8bbc50ad1bcb36aa06bf9f8c7e7137aa6764e8958dfeb1a,62e69d97f1f2a8dd89fff62d8162d7408c2c25a357110752e03643b1cc447d0d,62e69d97f1f2a8dd89fff62d8162d7408c2c25a357110752e03643b1cc447d0d,CC(C(=O)N1CCC[NH+](C(C)C)CC1)c1ccc(Cl)s1,CCC[NH+]1CCCN(C(=O)C(C)c2ccc(Cl)s2)CC1,CCC[NH+]1CCCN(C(=O)C(C)c2ccc(Cl)s2)CC1,1,0.7,True,True
mean_node_128,47f881bc17a618e6bd34ab9a96fb4cd32f5caa614f7daf5b4732bce171ba22ce,CO[*:1]>>C[*:1],272f87f7b11bca3be0e4d496f23170bf05893003820f0bca953b6087d8cf6576,b464fa4609208f00052d57be432418197c0024703d20ede470a75dc18ac2662a,b464fa4609208f00052d57be432418197c0024703d20ede470a75dc18ac2662a,CCC(=O)Nc1ccc(Nc2ccccc2OC)cn1,CCC(=O)Nc1ccc(Nc2ccccc2C)cn1,CCC(=O)Nc1ccc(Nc2ccccc2C)cn1,1,0.7333333333333333,True,True
mean_node_128,65a40a7e86ef75124eff6639bb8aa4ce3b56e65c680072c635d53dbaefaff332,CCC[*:1]>>C[*:1],ffc4cf08165ce46e2aa20b044bb5bdaeb935877b5aa1facbce6922ea1dab8007,e76f712f1ee196a683761a1c4eb6f334b0b88ab2fb0c5830fdc4ad9c736dc088,e76f712f1ee196a683761a1c4eb6f334b0b88ab2fb0c5830fdc4ad9c736dc088,CCCC1C(C(=O)O)=C(C)N(S(C)(=O)=O)C(C)=C1C(=O)OCc1ccccc1,CC1=C(C(=O)O)C(C)C(C(=O)OCc2ccccc2)=C(C)N1S(C)(=O)=O,CC1=C(C(=O)O)C(C)C(C(=O)OCc2ccccc2)=C(C)N1S(C)(=O)=O,1,0.7142857142857143,True,True
mean_node_128,388b034046e102581f2c786595a1daeae2211f257647a99b86f387a5b604b3d5,C[*:1]>>Cl[*:1],91b5198ce6cf02883c7baf5768ac6cc3b4936a0b3a3798d6fce1b63dc93f44d2,0c98ca8707626d13a9a09087d67d45a5602ea98c4de7e5ee76342c56576f71d6,0c98ca8707626d13a9a09087d67d45a5602ea98c4de7e5ee76342c56576f71d6,CCNC(C1=CCCC1)c1cc(C)cc(Br)c1,CCNC(C1=CCCC1)c1cc(Cl)cc(Br)c1,CCNC(C1=CCCC1)c1cc(Cl)cc(Br)c1,1,0.7380952380952381,True,True
mean_node_128,5fd434c495dff98c2cb8fcc15fc98f27c61bb9e4810e03857c97a69df2c3e863,C[*:1]>>FC(F)(F)[*:1],66f1e78cfd1f8cfda25f197d0568658c71c99087f6c8948cfab6a243bae82340,f63e8e518d0f73804e1e9280eb6fad684d1f82cb0e79ecf8692f3739e0071f48,f63e8e518d0f73804e1e9280eb6fad684d1f82cb0e79ecf8692f3739e0071f48,Cc1ccc(Nc2cccnc2C(N)=S)cc1C,Cc1ccc(Nc2cccnc2C(N)=S)cc1C(F)(F)F,Cc1ccc(Nc2cccnc2C(N)=S)cc1C(F)(F)F,1,0.7272727272727273,True,True
mean_node_128,9f1cf9f634149bd3af09e1f2b51bd188fd71932e24cea7fa6dcb6bed09e62403,CO[*:1]>>F[*:1],75e894050e2829d95034f4c084f3339bddb8f3aa447ebde5d704f9af918b9af6,64e45ae3b4b0b39cc039063156bafa2a08e7231d356dcf5d31140be578452b5f,64e45ae3b4b0b39cc039063156bafa2a08e7231d356dcf5d31140be578452b5f,COc1ccc2c(c1)C(C)N(c1nccc3c(C)c(C)[nH]c13)CC2,Cc1[nH]c2c(N3CCc4ccc(F)cc4C3C)nccc2c1C,Cc1[nH]c2c(N3CCc4ccc(F)cc4C3C)nccc2c1C,1,0.75,True,True
mean_node_128,681dc27d0dffe36226814ed7480dc02902ce4ed485e1afcd3d0b58f151efd5fa,CCC[*:1]>>CC[*:1],f73392b3f2d7b283247cdb1fdd57d225c07f091100e49b6b3f25bb15e9e1aaf5,70b7f1d57566d586a634ef9d8645b6bad919e931e1bce1ed6858f6fd9bcc8e69,70b7f1d57566d586a634ef9d8645b6bad919e931e1bce1ed6858f6fd9bcc8e69,CCCc1n[nH]cc1C(=O)N1CC2CC[NH+](Cc3ccc(C#N)cc3)CC21,CCc1n[nH]cc1C(=O)N1CC2CC[NH+](Cc3ccc(C#N)cc3)CC21,CCc1n[nH]cc1C(=O)N1CC2CC[NH+](Cc3ccc(C#N)cc3)CC21,1,0.873015873015873,True,True
mean_node_128,a83c8f0bc92458fb800e32355c549da971b54292cb1e766428c8535f98bb5012,C[*:1]>>F[*:1],fd45b4986d5b46e2497969bf75dae649b22390dd0868bd6f50b6480318ad9af2,ca57c17e5d1a6a825d23a355c2519ac09754b2fa9a7ab2f381ce1af1997119ef,ca57c17e5d1a6a825d23a355c2519ac09754b2fa9a7ab2f381ce1af1997119ef,Cc1ccc2c(S(=O)(=O)Cl)c[nH]c2c1-c1cnccn1,O=S(=O)(Cl)c1c[nH]c2c(-c3cnccn3)c(F)ccc12,O=S(=O)(Cl)c1c[nH]c2c(-c3cnccn3)c(F)ccc12,1,0.7446808510638298,True,True
mean_node_128,21262270a7fe75883ae3438420590626fc02fbb66d0c424cba8019575ca853e7,CC[*:1]>>C[*:1],d97f84cd60aede08e4e4b78ddb3b6abae5a81f33a8c82a619ce74dde0f6bde57,e89ff0fd5aeda212657047e1aed91802e614bb3de0638287ea5ed1cf91896414,e89ff0fd5aeda212657047e1aed91802e614bb3de0638287ea5ed1cf91896414,CCc1noc(CN2CCC2CNC(=O)C(C)N2C(=O)CCC2=O)n1,Cc1noc(CN2CCC2CNC(=O)C(C)N2C(=O)CCC2=O)n1,Cc1noc(CN2CCC2CNC(=O)C(C)N2C(=O)CCC2=O)n1,1,0.7894736842105263,True,True
mean_node_128,49984aaab8eebb26a5242cac7774fe8e62d88b5c2011dc1183399c7bc67b37bf,CCCC[*:1]>>C[*:1],aa7fe35c5d980d2b6a9f859a5eda8cfcb11d137581a8bb0cdd06570043ac89a8,3bd681333532c6b207cb463e4ad5397b2fcb3ffefacf93bd0b5fafa2b744cdca,3bd681333532c6b207cb463e4ad5397b2fcb3ffefacf93bd0b5fafa2b744cdca,CCCCC(=O)N1CCC[NH+](CCc2ccc3c(c2)CCO3)CC1,CC(=O)N1CCC[NH+](CCc2ccc3c(c2)CCO3)CC1,CC(=O)N1CCC[NH+](CCc2ccc3c(c2)CCO3)CC1,1,0.7543859649122807,True,True
mean_node_128,22ed0e55f5665d191c27f51c962fcebd84b121a5ffeda161535fde4b56ac2f60,CC(C)[*:1]>>CCC[*:1],8c8651f25cc7b54eb86cab56e95a59f9123e0ebc544a3d209659e21af5f1284a,90c363fa5428e24b27312a6a29001250d7a302e14124860ec5dae95e1b4778e8,90c363fa5428e24b27312a6a29001250d7a302e14124860ec5dae95e1b4778e8,CC(C)CCC(=O)N1CCCC2CN(c3cc(F)ncn3)CCC21,CCCCCC(=O)N1CCCC2CN(c3cc(F)ncn3)CCC21,CCCCCC(=O)N1CCCC2CN(c3cc(F)ncn3)CCC21,1,0.7758620689655172,True,True
mean_node_128,cc8c9fadca167b0b3f0c8366c496f49f08467fdb354df03b638ee05fec8d868e,CO[*:1]>>C[*:1],2ce75c0f9401a4b404f5361ff1c0c15f3e9c186ff983c2997cf6c9c03c5cb82c,b77ee22ea25fd69c3576134b8c1fda295aaecf7f0416c481be9efcc008ad9937,b77ee22ea25fd69c3576134b8c1fda295aaecf7f0416c481be9efcc008ad9937,CCCN(Cc1ccc(C)cc1)C(=O)CSc1nnc(-c2ccc(OC)cc2)n1N,CCCN(Cc1ccc(C)cc1)C(=O)CSc1nnc(-c2ccc(C)cc2)n1N,CCCN(Cc1ccc(C)cc1)C(=O)CSc1nnc(-c2ccc(C)cc2)n1N,1,0.8703703703703703,True,True
mean_node_128,f981c7b5dc9daaeb5ae564e6bfa84cff6c1c0abb5e775a223947efdb23444033,CCC[*:1]>>C[*:1],3ea5267a0dfc9341192ae65f35e6e49da32c50a6cba5517d81d0bb0beb78b8b3,8c46ec62640964c4a37e5ab6841550cf780ef44d29c2b8e937bd72517ba0b514,8c46ec62640964c4a37e5ab6841550cf780ef44d29c2b8e937bd72517ba0b514,CCCCC(CCC)N1CC(=O)NC(C(C)CC)C1=O,CCCC(CC)N1CC(=O)NC(C(C)CC)C1=O,CCCC(CC)N1CC(=O)NC(C(C)CC)C1=O,1,0.825,True,True
mean_node_128,1e23887c424d353d287bdf6cb397ded143fd792693e8d954546b1f427b4eedbf,C[*:1]>>Cl[*:1],f5316e34bcd139c3d71c411118773305caf14a12a3a0f8ab682c498f5835b1c0,7959e58a8d1d0d73cecf7f48c95ed82f51e5f741d39a639c8942a8a9aa6ce341,7959e58a8d1d0d73cecf7f48c95ed82f51e5f741d39a639c8942a8a9aa6ce341,CC(=NNC(=O)c1cc2cccnc2[nH]c1=O)c1ccc(C)cc1,CC(=NNC(=O)c1cc2cccnc2[nH]c1=O)c1ccc(Cl)cc1,CC(=NNC(=O)c1cc2cccnc2[nH]c1=O)c1ccc(Cl)cc1,1,0.8235294117647058,True,True
mean_node_128,efda9f71a42a0a688ff8f6a53aa1db0caa6c7eccb8d0f8f810222f3551b9cffe,C[*:1]>>FC(F)(F)[*:1],af4d8c7a14a67cab75089e96033ce602a847ccb0bd90c01ce4e17d12991f69c3,33f147307c76892e03c24c571be2d525c64569a2ecf5b9d93ca5d58dd6856b18,33f147307c76892e03c24c571be2d525c64569a2ecf5b9d93ca5d58dd6856b18,Cc1cn(-c2ccccc2Cl)nc1C(=O)N1CCCC(C)C1,Cc1cn(-c2ccccc2Cl)nc1C(=O)N1CCCC(C(F)(F)F)C1,Cc1cn(-c2ccccc2Cl)nc1C(=O)N1CCCC(C(F)(F)F)C1,1,0.75,True,True
mean_node_128,5564cf22b5a6d265640dbb4fbc1b191b5a700b0e5a81f6749c041b3eb0940b7f,CO[*:1]>>F[*:1],4798d77db7a1492e313063bd520de570f4f16897d6128e0f7a8e08658f5cf56d,b239b3f3189bee5727d1b93fa4b33f8a3b559f846aec275d6b9c4c599ceea8a3,b239b3f3189bee5727d1b93fa4b33f8a3b559f846aec275d6b9c4c599ceea8a3,COc1cccc(C[NH+]2CCC3(CCN(CC4CCOCC4)C3=O)C2)c1,O=C1N(CC2CCOCC2)CCC12CC[NH+](Cc1cccc(F)c1)C2,O=C1N(CC2CCOCC2)CCC12CC[NH+](Cc1cccc(F)c1)C2,1,0.7704918032786885,True,True
mean_node_128,2763951ec91ba2f7f2c656e1cd568ae25e2527078d86c34588256e546a2a984d,CCC[*:1]>>CC[*:1],0a94f1b3a6504b7f98ef2a28800ac581918636cc9a2e5622ad89d998a48dde1d,5c798be6e02836c0f8961b8bdeb895422943d3b870a9427cd1d5ddd351a5f16d,5c798be6e02836c0f8961b8bdeb895422943d3b870a9427cd1d5ddd351a5f16d,CCCn1ncc(Br)c1C(NN)c1cn(C)nc1C,CCn1ncc(Br)c1C(NN)c1cn(C)nc1C,CCn1ncc(Br)c1C(NN)c1cn(C)nc1C,1,0.8444444444444444,True,True
mean_node_128,0911cac850b29d00a9dbce96b0fc708b0bc9eab4f719cbc9a35fe8eeef79cc85,C[*:1]>>F[*:1],4b90c06912af7a8915abb684b55c25b5b62750ba3f25fcb1dd1ed76c12afbacf,9122cff14c4ab54ac55709efa05d8cf41a203f477691b70d8d1ec9b539031ecc,9122cff14c4ab54ac55709efa05d8cf41a203f477691b70d8d1ec9b539031ecc,Cc1ccc(C(CN)CNC2CCCC2)cc1,NCC(CNC1CCCC1)c1ccc(F)cc1,NCC(CNC1CCCC1)c1ccc(F)cc1,1,0.7297297297297297,True,True
mean_node_128,e4fb9ba6dc29adc40100ebfd4c062c9069a3406d6b73486f7894c6ae50d9d871,CC[*:1]>>C[*:1],4c62dc57b1938828431ae3b20bb42789870dee1f7e1b48e1aaa76f8989def27b,bcc42e630098071ef28f811cc0bb547bbe7beafecc24c4f6194df80503c48416,bcc42e630098071ef28f811cc0bb547bbe7beafecc24c4f6194df80503c48416,CCc1nc(C(C)N2CC(NC(=O)c3ocnc3CC)C2)n[nH]1,CCc1nc(C(C)N2CC(NC(=O)c3ocnc3C)C2)n[nH]1,CCc1nc(C(C)N2CC(NC(=O)c3ocnc3C)C2)n[nH]1,1,0.8245614035087719,True,True
mean_node_128,1801692f8c2604d33227d688e14eb3f48f620b1a4d72b5a84accbe74277ae5f4,CCCC[*:1]>>C[*:1],6623a8b2878ad436cc1c5d528634a9a5eaeed6820c2eb7ae8fca501e60ad84ec,13d23347b629cdd7069ca008867fd615cb5538a549aa675d77ab1ea2834641ef,13d23347b629cdd7069ca008867fd615cb5538a549aa675d77ab1ea2834641ef,CCCCN(C)C(=O)C1CN(C(=O)c2c[nH]c3ccccc23)C1,CN(C)C(=O)C1CN(C(=O)c2c[nH]c3ccccc23)C1,CN(C)C(=O)C1CN(C(=O)c2c[nH]c3ccccc23)C1,1,0.72,True,True
mean_node_128,597a87fcfe180b93328822cb2a7362fa8315003e962028f698e1c50f9528a808,CC(C)[*:1]>>CCC[*:1],954f4d639c7d4767f67b95fcfc44a7489a6cfc60020c66c867fbd50dc3d7941c,ec27521cc1cb1de8b74b7b7c5122f358d3b4978ff8ca07085227b6b84b0a63de,ec27521cc1cb1de8b74b7b7c5122f358d3b4978ff8ca07085227b6b84b0a63de,CC(C)CCNC(=O)c1cncc(Nc2ccc(Br)cc2)c1,CCCCCNC(=O)c1cncc(Nc2ccc(Br)cc2)c1,CCCCCNC(=O)c1cncc(Nc2ccc(Br)cc2)c1,1,0.7142857142857143,True,True
mean_node_128,d41c73be837e878455b6557478f51cf6004a10b5ee587b07247c8143bcd4fd0c,CO[*:1]>>C[*:1],4257ba61008f3b33f722a80b6132b514430dbfeb03df2320533d59b6871a7b03,7c7419d6f075dc82d97d42ee84db05175015a6a7ff804bc9a3d7cfc6e66f40b7,7c7419d6f075dc82d97d42ee84db05175015a6a7ff804bc9a3d7cfc6e66f40b7,COc1ccc(-c2nnc(SCC(=O)N(C)Cc3ccccc3OC)n2N)cc1,COc1ccc(-c2nnc(SCC(=O)N(C)Cc3ccccc3C)n2N)cc1,COc1ccc(-c2nnc(SCC(=O)N(C)Cc3ccccc3C)n2N)cc1,1,0.8421052631578947,True,True
mean_node_128,cd31c29ae18bb2ae765da20637d08b26d79ef92dcda7c4d284b463d16e7bbd40,CCC[*:1]>>C[*:1],fd3bd5806d6dfe50a4e9daef9e485265585991669584025c09e6faac15d40409,0b41c80323618aa1a962cfe96ef6d898d9723187bedf0dcd8cdb1e74fe704e2a,0b41c80323618aa1a962cfe96ef6d898d9723187bedf0dcd8cdb1e74fe704e2a,CCCCc1ncn(Sc2ncc(C(=O)O)s2)n1,CCc1ncn(Sc2ncc(C(=O)O)s2)n1,CCc1ncn(Sc2ncc(C(=O)O)s2)n1,1,0.7777777777777778,True,True
mean_node_128,37e0d96abf31c8bf94b7b8922809e3b391a342da3c2f11e02fe3ed266b4c5422,C[*:1]>>Cl[*:1],e064072c53296a24a77b001900f5e75e36c664b47e3e279916ceba243173b8db,0e2d2b1366d28c565d18b3bbb4091cba8c6638305f07b5ae59adcc07bce160dc,0e2d2b1366d28c565d18b3bbb4091cba8c6638305f07b5ae59adcc07bce160dc,Cc1ccc(N2C(=O)C3CCCN3C(=O)C2C)cc1,CC1C(=O)N2CCCC2C(=O)N1c1ccc(Cl)cc1,CC1C(=O)N2CCCC2C(=O)N1c1ccc(Cl)cc1,1,0.7631578947368421,True,True
mean_node_128,6d5be539dd1b826b5f44feb86c9e7b28f0ce2e9c36ea59be37f00a2a8a5b3caa,C[*:1]>>FC(F)(F)[*:1],67dddc33909fd23d0d1caf2f730a36357e4b2f4ab191ce0ec63a94d58e93f73f,ed158928880a08c40d14ae63ef2f6b85c058109737e0c0c971ae1c3199a10799,ed158928880a08c40d14ae63ef2f6b85c058109737e0c0c971ae1c3199a10799,Cc1ccc(OC(C)C2CCCNC2)c(NC(=O)Nc2cnc(C)cn2)c1,Cc1cnc(NC(=O)Nc2cc(C(F)(F)F)ccc2OC(C)C2CCCNC2)cn1,Cc1cnc(NC(=O)Nc2cc(C(F)(F)F)ccc2OC(C)C2CCCNC2)cn1,1,0.8,True,True
mean_node_128,2063815db72f5b1b52f0437b93b7577560917b8cd56aa91f8ec6563a00dc462e,CO[*:1]>>F[*:1],2d906a17b229a6cc14dbccb193eebbadcfd9d29a163cf0a69a3b64e00d695f9a,1d0856a4ad020f4376dc1c9917f11d7b5f2c57ecdbb91f915034406dcb2ba1b3,1d0856a4ad020f4376dc1c9917f11d7b5f2c57ecdbb91f915034406dcb2ba1b3,COCCCC(=O)N1CCC(NC(=O)c2ccnc(C)n2)C(O)C1,Cc1nccc(C(=O)NC2CCN(C(=O)CCCF)CC2O)n1,Cc1nccc(C(=O)NC2CCN(C(=O)CCCF)CC2O)n1,1,0.8103448275862069,True,True
mean_node_128,e3bf71aa1c695ecb95aaa726f9ba3b836b2de6d1483edbd41d512abdb91c8610,CCC[*:1]>>CC[*:1],3d48dbe7996f8b1c3d0effd8b566b4de47b8a8203af1c185e8a4cc3b4fc150a9,a2c2ee37cd03a58ac6db39facd956fa4a4f6de48d1459710b6aeb7282420a76d,a2c2ee37cd03a58ac6db39facd956fa4a4f6de48d1459710b6aeb7282420a76d,CCCNC(c1cscc1Br)C1SCCSC1C,CCNC(c1cscc1Br)C1SCCSC1C,CCNC(c1cscc1Br)C1SCCSC1C,1,0.8095238095238095,True,True
mean_node_128,47f2479965b8bf86249e8151cc8ebd385141c61dbf30ba7e2c378367182eed19,C[*:1]>>F[*:1],175ba70e890be3b72b16dd7c4346277dbd43773b131854b086f4a7d0c7382a11,b0c9f93ac8315739e544c1e99fd79a3d7cfe1265d8b421008cc092026b0ca4b3,b0c9f93ac8315739e544c1e99fd79a3d7cfe1265d8b421008cc092026b0ca4b3,Cc1ccccc1C(C)(C)C(=O)NCC[NH2+]Cc1ncoc1C(C)C,CC(C)c1ocnc1C[NH2+]CCNC(=O)C(C)(C)c1ccccc1F,CC(C)c1ocnc1C[NH2+]CCNC(=O)C(C)(C)c1ccccc1F,1,0.8070175438596491,True,True
mean_node_128,ae51c0651a83c85495c30f1e360b95145e040ec39f2512a4ad35f7c5768f60fb,CC[*:1]>>C[*:1],7d88b9985b2b872289411abe2dbc72d3a1f9bf7566cd080754ac4700919be578,813f93ea45960d1f0b2205aa3d000e930bd22edbe45a59015dd68ef4715227f3,813f93ea45960d1f0b2205aa3d000e930bd22edbe45a59015dd68ef4715227f3,CCC1NC(=O)C(CC)N(CCCOCC(C)C)C1=O,CCC1C(=O)NC(C)C(=O)N1CCCOCC(C)C,CCC1C(=O)NC(C)C(=O)N1CCCOCC(C)C,1,0.7727272727272727,True,True
mean_node_128,a3e02f350e8ca7ff59504068d0ddb44f4343b1ce1848ef705b6d3ad19c6411f1,CCCC[*:1]>>C[*:1],226b93ffdb0548c9ec41401ad2b761cd7a50192e83df11af46ea5e7ebcc5ba56,6e5e8c07ea6d17dc5c462f44d1bec2299eaadbd7d8529b8a168e8be014247875,b08823149e224939a0074988f4a75599fcd3fb8a43da453bc75189e326f9283f,CCCCCN1C(=O)C(CC)(CC)NC(=O)C1C,CCN1C(=O)C(CC)(CC)NC(=O)C1C,CCCCN1C(=O)C(C)(C)NC(=O)C1CC,3,0.4318181818181818,True,False
mean_node_128,55262e33c6987bebad8a6083880ed617f0590607fbee0ad3eaa0df3220700ddd,CC(C)[*:1]>>CCC[*:1],610a6226f29dc84df3b07a853b820aabf4004c6f11580ef0c22e4d8c1b5ddaaa,6aa989e0800726c33fce879032671f71b5a5aa17483a9deb5099416c184a5d93,6aa989e0800726c33fce879032671f71b5a5aa17483a9deb5099416c184a5d93,COC1C[NH+](CC(C)C)CC1NC(=O)C(OC)C1CC1,CCCC[NH+]1CC(NC(=O)C(OC)C2CC2)C(OC)C1,CCCC[NH+]1CC(NC(=O)C(OC)C2CC2)C(OC)C1,1,0.723404255319149,True,True
mean_node_128,17a85137d732ca3187d0c17b7d39fa037e819ab4abd3905e92cb90d9d8103893,CO[*:1]>>C[*:1],a42b4dde3fa75c00252bb4475b88984456f751f3ffbfdee50fab03ebf8861598,7ef4ee43fb40a6b111c6251132b5304b5a813e99a0df2575ba1eaddec81a776b,7ef4ee43fb40a6b111c6251132b5304b5a813e99a0df2575ba1eaddec81a776b,COc1cc(C(=O)[O-])ccc1Nc1cc(F)cnc1Br,Cc1cc(C(=O)[O-])ccc1Nc1cc(F)cnc1Br,Cc1cc(C(=O)[O-])ccc1Nc1cc(F)cnc1Br,1,0.7291666666666666,True,True
mean_node_128,d2fc3af9decd9f9c9e378cea83925432b4659f4269dfc9017261d34af077918b,CCC[*:1]>>C[*:1],75472a52742cf35c7e0c04e128ffbd2cd0c280c33b06d439bee3894ba06f38f0,67c497c163aa952326ba87f0f6deb957b00bfb4e7dd5e6384fea383628e24161,67c497c163aa952326ba87f0f6deb957b00bfb4e7dd5e6384fea383628e24161,CCCC1C(=O)NC(C)C(=O)N1CCS(=O)(=O)C(C)(C)C,CC1NC(=O)C(C)N(CCS(=O)(=O)C(C)(C)C)C1=O,CC1NC(=O)C(C)N(CCS(=O)(=O)C(C)(C)C)C1=O,1,0.6904761904761905,True,True
mean_node_128,066aaf8e141c255f9a17f7ba3a55369ea5910d16f9895e3d0228f5e9c0bbc9c9,C[*:1]>>Cl[*:1],f4c5d343f69ec7025f695e9296715e5a48718e132089bec75290fa9483972528,2dec704478b262f3f751b4dd5db0337576016144fb2bd288a23f882e902a90d8,2dec704478b262f3f751b4dd5db0337576016144fb2bd288a23f882e902a90d8,Cc1ccoc1C(=O)N1CCC(NC(=O)C2(F)CCCC2)C1,O=C(c1occc1Cl)N1CCC(NC(=O)C2(F)CCCC2)C1,O=C(c1occc1Cl)N1CCC(NC(=O)C2(F)CCCC2)C1,1,0.7735849056603774,True,True
mean_node_128,0f6e6ae6b3404bbb39037b9b110a282dab235895125e3262713befee4e9166f8,C[*:1]>>FC(F)(F)[*:1],5ebf8a22f611b5ec9124444524413d595a87e38e3b89802ee267f9f5093bc357,b4a31bb4f04c5203079f8aa9d95615141aa724c93563aedd3b18a93e191d2b0b,b4a31bb4f04c5203079f8aa9d95615141aa724c93563aedd3b18a93e191d2b0b,Cc1nsc(N2CCC(NC(=O)C3CC3)C(C)C2)n1,CC1CN(c2nc(C(F)(F)F)ns2)CCC1NC(=O)C1CC1,CC1CN(c2nc(C(F)(F)F)ns2)CCC1NC(=O)C1CC1,1,0.72,True,True
mean_node_128,677c281a4e856b64c39857ad22cf2392e5b6874305306327a1f79f2e8ff17a10,CO[*:1]>>F[*:1],7f2e9c490620c45a0bf45a3037fa43e11eb39aa5b2811350999af56ee6960b65,385156593048fa2460d95b20c234034faeb3c8ae7a8bc11e4859a93b26cfd220,385156593048fa2460d95b20c234034faeb3c8ae7a8bc11e4859a93b26cfd220,COc1cccc(Nc2cncc(N)c2)c1,Nc1cncc(Nc2cccc(F)c2)c1,Nc1cncc(Nc2cccc(F)c2)c1,1,0.6153846153846154,True,True
mean_node_128,21178b6499d7f32af6c890fbd32c061964cf63e5d5208100bc4d233b5a9e3ecc,C[*:1]>>F[*:1],c57bd6efcce0eb7c958464fcd041f0f53cbddbd15ba88ad6b3b2135301b081c6,2d6da1a8ff638d5f3a43596192b6d0dd2b6ee930551f80a4c7f314d54a1d6174,2d6da1a8ff638d5f3a43596192b6d0dd2b6ee930551f80a4c7f314d54a1d6174,Cc1cccc(CNC(=O)c2ccc(-c3ccsc3)nc2)c1,O=C(NCc1cccc(F)c1)c1ccc(-c2ccsc2)nc1,O=C(NCc1cccc(F)c1)c1ccc(-c2ccsc2)nc1,1,0.7735849056603774,True,True
mean_node_128,fb0f0053fb7252609daa780f04ad1d46153bb3ae2db6da36977a50a8cc58c689,CC[*:1]>>C[*:1],0c5dabcd48cfeff615005f0378898d6714b0255e88a65984789713aed55efa43,c2eec1da942b4af16eb1dcccb55fe0c25835ef0de68642bea59c1599c6ee2ba9,c2eec1da942b4af16eb1dcccb55fe0c25835ef0de68642bea59c1599c6ee2ba9,CCCNc1cncc(C(=O)NC2CCCC(SC)C2)n1,CCNc1cncc(C(=O)NC2CCCC(SC)C2)n1,CCNc1cncc(C(=O)NC2CCCC(SC)C2)n1,1,0.86,True,True
mean_node_128,fedc1617a09e18f0dc17f225fe32d197069e6b2eb76a141b65a269f87d93ebc2,CCCC[*:1]>>C[*:1],4917d51734362b02ea956f38c655421bee5ee4fe0230f46fa020c0b958ad42d0,6715ba3b8539bceefb5e8df4af875ead3693cf4e19216ae3f22151b90d4618f9,6715ba3b8539bceefb5e8df4af875ead3693cf4e19216ae3f22151b90d4618f9,CCCCOC(C)C(=O)Nc1cc(C(C)(C)C)nn1-c1ncccn1,COC(C)C(=O)Nc1cc(C(C)(C)C)nn1-c1ncccn1,COC(C)C(=O)Nc1cc(C(C)(C)C)nn1-c1ncccn1,1,0.7307692307692307,True,True
mean_node_128,6966e16c39a3249a4f88c1993de9c69a1325d749d74edaadf79fd0780ed23cdd,CC(C)[*:1]>>CCC[*:1],a988062d6f6d83b2aa9117101b6d3caf908c9744076b8654fbe6c3fe89c6ff41,8139f972fd280340e9df2b130926ae94390984715760936343cf8b5c3a3feda4,8139f972fd280340e9df2b130926ae94390984715760936343cf8b5c3a3feda4,CCc1cccc(OCC(=O)NC(C)C2CN(C(=O)CC(C)C)C2)c1,CCCCC(=O)N1CC(C(C)NC(=O)COc2cccc(CC)c2)C1,CCCCC(=O)N1CC(C(C)NC(=O)COc2cccc(CC)c2)C1,1,0.7894736842105263,True,True
mean_node_128,f591ef74b84581f5ee57ef175e8eddf2fa5acfccc50e61354b7b49e6fb9a2f12,CO[*:1]>>C[*:1],d641150cd28107e2ab0e40a83018a46b919b41eb7930000681cf10fabc0e2f29,e8ce6eab28c2ebcd8de2e6202826fcabcc3efbad9f1c03501466ea24666245e2,e8ce6eab28c2ebcd8de2e6202826fcabcc3efbad9f1c03501466ea24666245e2,COC(=O)c1cccc(Nc2ccc(OC)nc2)c1N,COC(=O)c1cccc(Nc2ccc(C)nc2)c1N,COC(=O)c1cccc(Nc2ccc(C)nc2)c1N,1,0.7555555555555555,True,True
mean_node_128,536021eec097ace506708df5f7e5bc94b05c1288a78fb38f3cf087cd41b06bce,CCC[*:1]>>C[*:1],9cd536d5c7adeaf38b67dd45ec4cd5af65d81999fc40b9a0c21d3d7543e91fd5,a07188ee0e1c245323c9ff26bcd8e5bd527eda52df50d30dea8a59ef5cd1e522,a07188ee0e1c245323c9ff26bcd8e5bd527eda52df50d30dea8a59ef5cd1e522,CCCOCCNC(C)C1CC2CCC1C2,COCCNC(C)C1CC2CCC1C2,COCCNC(C)C1CC2CCC1C2,1,0.7105263157894737,True,True
mean_node_128,9ff0cb580bfc8fc452ad112e1ee8a2886f3e16dc1e2387f99e94a50536aac0b9,C[*:1]>>Cl[*:1],8124b078874b1c55c7c19a3fa27730a934df79bf141f34b341d03ce28cae3dd3,d0d01cbb3ff5a32bec4c43be51c019967b40a8c340394826a78d8c7aa7ee846d,d0d01cbb3ff5a32bec4c43be51c019967b40a8c340394826a78d8c7aa7ee846d,Cc1ccc(C(CNC(=O)Cc2cccs2)N2CCN(C)CC2)cc1,CN1CCN(C(CNC(=O)Cc2cccs2)c2ccc(Cl)cc2)CC1,CN1CCN(C(CNC(=O)Cc2cccs2)c2ccc(Cl)cc2)CC1,1,0.8235294117647058,True,True
mean_node_128,b415719e89375a97a3d3393bd7d12abd7e027aea5805233c5b238b60047d2b5a,C[*:1]>>FC(F)(F)[*:1],713d0219d3573b506cc11726f92761d2dcaa8f4240ec0a6c9bac9c06c185010d,a94df8bd9f68504d39004e5f0139487497a53102c649ccc0deb30388afba51fc,a94df8bd9f68504d39004e5f0139487497a53102c649ccc0deb30388afba51fc,C#Cc1ccccc1Nc1cnc(N)cc1C,C#Cc1ccccc1Nc1cnc(N)cc1C(F)(F)F,C#Cc1ccccc1Nc1cnc(N)cc1C(F)(F)F,1,0.6590909090909091,True,True
mean_node_128,f7c629c3715f06a99519c06fe782525bd842784431217682fdb271bf5a646180,CO[*:1]>>F[*:1],f7885317041f2369ed1d16901dfee9865ac3bc841f22dfb09d67251c81604bf7,8a9b40031d98e18be756d05632ea861b22f66d098eb2034cb991682e72cf7c7e,8a9b40031d98e18be756d05632ea861b22f66d098eb2034cb991682e72cf7c7e,COc1ccc(Nc2cnc(OC(C)C)c(C)c2)cc1C(N)=O,Cc1cc(Nc2ccc(F)c(C(N)=O)c2)cnc1OC(C)C,Cc1cc(Nc2ccc(F)c(C(N)=O)c2)cnc1OC(C)C,1,0.75,True,True
mean_node_128,e33d9b81c1c6238458f27f12934d8fc0d844dfd23cb99d30211a13b87c85cb3a,C[*:1]>>F[*:1],61901f120603a78ffd1556e0fb2a540c92158e2fd0cb6975f458c1aa71a311e0,42faca45f8ac8c08dae1bb287f9be9273672473f4ca5117a4f29092d0d583c4d,42faca45f8ac8c08dae1bb287f9be9273672473f4ca5117a4f29092d0d583c4d,COCc1ncsc1C(=O)N1CCC(c2cccc(C)c2)C1,COCc1ncsc1C(=O)N1CCC(c2cccc(F)c2)C1,COCc1ncsc1C(=O)N1CCC(c2cccc(F)c2)C1,1,0.8103448275862069,True,True
hybrid_384,4fadeb24f6dfdf98483dd4cdadf3f5281ccddb3ec9020206c09fcae21bb9789a,CC(C)[*:1]>>COC[*:1],37c2fd2a3f494e1f140cd8927f68ea3300457007de901708b42759e28d519929,c3920fba3ebe90893a4bda1bdb79f0fe354c36d1d17f1dd31481f59dfd771062,c3920fba3ebe90893a4bda1bdb79f0fe354c36d1d17f1dd31481f59dfd771062,CC(C)CC1(C(=O)NCCCNc2ccnc(C3CC3)n2)CC1,COCCC1(C(=O)NCCCNc2ccnc(C3CC3)n2)CC1,COCCC1(C(=O)NCCCNc2ccnc(C3CC3)n2)CC1,1,0.7192982456140351,True,True
hybrid_384,e286873db608cd000ad92b8951b09bd03609d78dac2c88de5cb4ff3d91278172,CC(C)[*:1]>>CCC[*:1],273cf5bd5e27201f34c50e489631be4f43d333fd09d88c9cf4cfe47e989e0667,679aad79be99c30e4a180e91264419ad7e29492b0f0bec0bb9b86bbab1293319,679aad79be99c30e4a180e91264419ad7e29492b0f0bec0bb9b86bbab1293319,CCCCC(=O)N1CCOCC1CNC(=O)c1ccccc1C(C)C,CCCCC(=O)N1CCOCC1CNC(=O)c1ccccc1CCC,CCCCC(=O)N1CCOCC1CNC(=O)c1ccccc1CCC,1,0.7586206896551724,True,True
hybrid_384,a9205035671846adf92f9bef6aaae6da50de733c19bf3ff2a6e434875830b5fc,N#C[*:1]>>O=[N+]([O-])[*:1],55cc86699c3131cff36bcbc8d21020a826c9161b21b0709e427da65e11b1928f,6bc76e8a5d79aa297015877a44365211a1dfccea72eca7fbb1f212e0daf853ea,6bc76e8a5d79aa297015877a44365211a1dfccea72eca7fbb1f212e0daf853ea,N#Cc1ccccc1OCC(=O)N1CCCO1,O=C(COc1ccccc1[N+](=O)[O-])N1CCCO1,O=C(COc1ccccc1[N+](=O)[O-])N1CCCO1,1,0.62,True,True
hybrid_384,8e856b6bdc528e1502bb286e30162a360dc83be069e444deb7fe3845d087be0c,C[*:1]>>O=C(O)[*:1],ceb7f13814429a5433f7b9633ea8030bd1d007f83f1855d4b2f763892a365727,13016fbdc63ea81dea3292794fb4ce58209279e4f9a568f03bab7d2d0beba0ad,13016fbdc63ea81dea3292794fb4ce58209279e4f9a568f03bab7d2d0beba0ad,CC(C)(Nc1ncnc2ccsc12)C1CC1,CC(Nc1ncnc2ccsc12)(C(=O)O)C1CC1,CC(Nc1ncnc2ccsc12)(C(=O)O)C1CC1,1,0.6888888888888889,True,True
hybrid_384,3d25e880db8423217998fd276bd0c85f1d1d1bdaaa3be66a0978ca8011c3d05b,CO[*:1]>>C[*:1],e56ec58d6a6c97ac4ccaa8aba2b57cfb50e999799bdb7a417f8e362a83d2ad0b,1c6326b5906fc0a84ab4cdb0ceb129c40e6137bb41485730dc30f08d53bfe0a8,1c6326b5906fc0a84ab4cdb0ceb129c40e6137bb41485730dc30f08d53bfe0a8,COc1ccccc1CC(=O)OCC1CCOC(C)C1,Cc1ccccc1CC(=O)OCC1CCOC(C)C1,Cc1ccccc1CC(=O)OCC1CCOC(C)C1,1,0.7551020408163265,True,True
hybrid_384,268a98b95e1f2624089bc84a3d6818655e631061492309452be26e270f72c1bd,CC[*:1]>>OCCC[*:1],58cc4c8b1e4299a33d86cb116913c336897a7f735d389c6b7fb33fb3620b23df,80e1cdde29eb382f8dfd7b896a1e39ed8064c2143ac595f0432b329b8b75ce13,80e1cdde29eb382f8dfd7b896a1e39ed8064c2143ac595f0432b329b8b75ce13,CC[NH+]1CCC1CN(C)C(=O)c1cc(C)n(C(C)C)n1,Cc1cc(C(=O)N(C)CC2CC[NH+]2CCCO)nn1C(C)C,Cc1cc(C(=O)N(C)CC2CC[NH+]2CCCO)nn1C(C)C,1,0.7777777777777778,True,True
hybrid_384,c0fb2873eafc9ea01a93ba3e2f9ed556c6edaea4557c790a2c5decab499b489c,CCC[*:1]>>C[*:1],2108be4a03709d190472b8a919b8fb3d4470f1b0f35d093276bd42ee235b3507,642f5c87c1a76bca7c5d913acd5bfbd0160dd6c69e69ceac15d43ef7f2b0da4b,642f5c87c1a76bca7c5d913acd5bfbd0160dd6c69e69ceac15d43ef7f2b0da4b,CC=CCN1CC(=O)NC(CCC)C1=O,CC=CCN1CC(=O)NC(C)C1=O,CC=CCN1CC(=O)NC(C)C1=O,1,0.6756756756756757,True,True
hybrid_384,0752ae2023d31fe5ce693cfa670ddbee0dfbb8d5da44cd2c37bfbd3e368bcba2,C[*:1]>>OCC[*:1],54192ff5b82f9a43b1d84cfe52fa39020ff305a6a16f7095139a530e0e592632,a96c5c89a9020052c1feeec016cf8cd2d1643dfee33fb07a18d8116d1d6128e1,a96c5c89a9020052c1feeec016cf8cd2d1643dfee33fb07a18d8116d1d6128e1,CN(C(=O)CC1(CN)CCC1)C1CCS(=O)(=O)C1,NCC1(CC(=O)N(CCO)C2CCS(=O)(=O)C2)CCC1,NCC1(CC(=O)N(CCO)C2CCS(=O)(=O)C2)CCC1,1,0.6808510638297872,True,True
hybrid_384,8aee61e868490320242bdb81e1a5de7dd571874f466191635e3ec543a64a65ac,CCCC[*:1]>>CCC[*:1],302f3b9d581ff781fc744d65167fa64ceba31894643b885862a8de60728381e2,436fa606c80def97bd5b1fe4cc1a4d4b4ee005d714cc95d1005fd987e2c7e498,436fa606c80def97bd5b1fe4cc1a4d4b4ee005d714cc95d1005fd987e2c7e498,CCCCN1C(=O)N=NC1SCC1(C)CC1(Cl)Cl,CCCN1C(=O)N=NC1SCC1(C)CC1(Cl)Cl,CCCN1C(=O)N=NC1SCC1(C)CC1(Cl)Cl,1,0.8571428571428571,True,True
hybrid_384,5bd487227681b6ed0e77ff3496b19dacf4e91a5a12285214319e1951bb9e9ea7,C=C[*:1]>>COC[*:1],32f5a55e75d890e38dce37eb75f4a379d3793d6633de9dd904e73fa73dea4f7f,53c032eba9a232557b8ef190dc97ae201305f9ea7673df9632eb703a3bb45a54,53c032eba9a232557b8ef190dc97ae201305f9ea7673df9632eb703a3bb45a54,C=CCCC(=O)N1CC(C)C(CCNC(=O)Cn2ncnn2)C1,COCCCC(=O)N1CC(C)C(CCNC(=O)Cn2ncnn2)C1,COCCCC(=O)N1CC(C)C(CCNC(=O)Cn2ncnn2)C1,1,0.7213114754098361,True,True
hybrid_384,e7d37e501f75260040d133add75dab8341f386d75fee127ffd55599a14096e94,C[*:1]>>Cl[*:1],4d655879c507d770bab8b33143735b57feba67c9a6a332c7fd28a9915af441d2,d2a7df7e9885165ef5c03d5b3412f9d32010ffb3162458397d683fb1b8dc6a87,d2a7df7e9885165ef5c03d5b3412f9d32010ffb3162458397d683fb1b8dc6a87,Cc1ccc(Nc2ccc3ncccc3c2)c(N)c1,Nc1cc(Cl)ccc1Nc1ccc2ncccc2c1,Nc1cc(Cl)ccc1Nc1ccc2ncccc2c1,1,0.7209302325581395,True,True
hybrid_384,b572055fd4a38fdd054fe5f79ee82698307495fe6804d9e67ca9afd52d1c70d5,CO[*:1]>>O=C(O)[*:1],3cf26b61780c58d41e917606470965aec9aa5ccffd60e2b340ed6f1e23b54600,48fb1e3a8d4783bb578e79cfd988b80d4e339cb03645698b49f3d41df51995ee,2584abab02e52bba3e7a2e06ff4d50a554766aaf3e73922b4d0d22e931ba268e,COCC(C)NC1CC2CCC1C2,CC(CC(=O)O)NC1CC2CCC1C2,CCCC(O)CNC1CC2CCC1C2,7,0.3953488372093023,True,False
hybrid_384,c30957086409e37863c10e852ad3187026af2ab872da80ad38e5ec056f710f7a,C[*:1]>>FC(F)(F)[*:1],61a72a06c77a8888d4aeba46836b0119d89e67deea97062a4a1c221fdd07d68e,b2feeaaa3b1620c6df1f96937d4293930e662deec43052e457bad1ff337cf0fb,b2feeaaa3b1620c6df1f96937d4293930e662deec43052e457bad1ff337cf0fb,CC1CCC(Cn2cc(CNC(=O)c3ccccc3)nn2)O1,O=C(NCc1cn(CC2CCC(C(F)(F)F)O2)nn1)c1ccccc1,O=C(NCc1cn(CC2CCC(C(F)(F)F)O2)nn1)c1ccccc1,1,0.7321428571428571,True,True
hybrid_384,69148de7e3e8f8c7e52618583e22b999196e5f0381f8d4eabc0571b626a08f64,CO[*:1]>>F[*:1],aa6d32e47d7eaea22ca680278b1f29a110419e4b25dd7a0f7224cc0c9a731cdf,ba878bbfc2d863cfae8eae08c3b443522db4cbeac638112e66b6c64282e5fbaf,ba878bbfc2d863cfae8eae08c3b443522db4cbeac638112e66b6c64282e5fbaf,COc1ccc(OCCN(C)C(=O)CC2C=CS(=O)(=O)C2)cc1,CN(CCOc1ccc(F)cc1)C(=O)CC1C=CS(=O)(=O)C1,CN(CCOc1ccc(F)cc1)C(=O)CC1C=CS(=O)(=O)C1,1,0.8163265306122449,True,True
hybrid_384,bab1bbff7b9dfa1832b9b5934da8869038bde6c006c79e30d95c995bc3cabcff,CCC[*:1]>>CC[*:1],bc3e8a520814b70ac2faa6f7ae19e0fb2b824f444b23f64d2f3e37800111b67f,0dbfc3fcb8662a10b9e74971fc5ef50e51de5f6b2b7bb7893cb1e38abf50b8f4,0dbfc3fcb8662a10b9e74971fc5ef50e51de5f6b2b7bb7893cb1e38abf50b8f4,CCCC(c1cccs1)n1c(C)c[nH]c1=S,CCC(c1cccs1)n1c(C)c[nH]c1=S,CCC(c1cccs1)n1c(C)c[nH]c1=S,1,0.8048780487804879,True,True
hybrid_384,90fe64312e4f154e68e4f655e9ba8fb194ded235761c98c1b25c3816938a0d28,C[*:1]>>F[*:1],b1ba3c368fbd1cff688c205000a31638430e6ea57ec27d2221bd2dbb5aad667c,2d26c0aec399c1f1a6f962c6257b1bc95260726184218903ba75edd75286a321,1247d56683bc61567b9f25a72ef7687b1353fc94f01bb73390cbec7653ba717e,CCCCN1CCOCC1CNC(=O)c1ccccc1CC,CCc1ccccc1C(=O)NCC1COCCN1CCCF,CCCCN1CCOCC1CNC(=O)c1cccc(F)c1,2,0.6440677966101694,True,True
hybrid_384,b4c997d646a0b0167c40ee710ff0044a0e615b8f085f6dcb5e1a12d7deec95dc,CC[*:1]>>C[*:1],67507ec7754fcc3f0d6c80b60bc37110c408ea6135abb349720471ef79a1c55a,d58891ad1db2a8db76c28e6ba7f2d0ff9735e439c7ce090bebffbe63770fb299,d58891ad1db2a8db76c28e6ba7f2d0ff9735e439c7ce090bebffbe63770fb299,CCOCCn1cc(C(=O)NCC2CCC(C(N)=O)CC2)cn1,COCCn1cc(C(=O)NCC2CCC(C(N)=O)CC2)cn1,COCCn1cc(C(=O)NCC2CCC(C(N)=O)CC2)cn1,1,0.8269230769230769,True,True
hybrid_384,433be1049af2cc19e2f0e2fc3343a04ce1c912979c550a1c2fd18f9560c4cab0,COc1cccc([*:1])c1>>Fc1ccc([*:1])cc1,de68806a7d1cf6d7871b1a448bf8b9c1676927791ad67a4131385ad782f14fbe,a4967c8f3c1127824fa44645e819fb74652b859ea81b685eed6e50990a36bce4,a4967c8f3c1127824fa44645e819fb74652b859ea81b685eed6e50990a36bce4,CCOC1CC2C(c3cccc(OC)c3)CCCC2(OC)O1,CCOC1CC2C(c3ccc(F)cc3)CCCC2(OC)O1,CCOC1CC2C(c3ccc(F)cc3)CCCC2(OC)O1,1,0.6727272727272727,True,True
hybrid_384,bd8db1893730cd65bb855dbd84b4b5cb9c8cd17e5b40b2740dce01009a75359e,CCCCC[*:1]>>CCCC[*:1],bc611248801d648582ef88a32e7a2c3a30c071111c4328324080b0724bc06220,d972567699ee25d51c99e2ab4f492caeea4e67228c24afdbdc752788fd22e6f9,d972567699ee25d51c99e2ab4f492caeea4e67228c24afdbdc752788fd22e6f9,CCCCCC(C)N1C(=O)C(C)(CC)NC(=O)C1CC,CCCCC(C)N1C(=O)C(C)(CC)NC(=O)C1CC,CCCCC(C)N1C(=O)C(C)(CC)NC(=O)C1CC,1,0.9230769230769231,True,True
hybrid_384,802373cf7020624f25b17895ea0f0be8af97b3a74dc2c12ba14c5bad8ea77220,CCCN[*:1]>>N[*:1],b1f412ba67d3f3178aae932341522a69160731ab8bff7c04c29cbe10bab7330e,204f9cc460651c49a3b59cac552d864f6cf11ceecfda4bee0b092747a20e183a,204f9cc460651c49a3b59cac552d864f6cf11ceecfda4bee0b092747a20e183a,CCCNC(C1CCOCC1)C1CN2CCCC2CO1,NC(C1CCOCC1)C1CN2CCCC2CO1,NC(C1CCOCC1)C1CN2CCCC2CO1,1,0.5833333333333334,True,True
hybrid_384,d9a36e4320747862352da107a0efc971cd700dc34c834ecb353e47664279e75d,CCCC[*:1]>>C[*:1],8139f972fd280340e9df2b130926ae94390984715760936343cf8b5c3a3feda4,669bc7c0402a16a90b63119f5c5ee72a67d494e7d6ac38278ded5df7dca91451,669bc7c0402a16a90b63119f5c5ee72a67d494e7d6ac38278ded5df7dca91451,CCCCC(=O)N1CC(C(C)NC(=O)COc2cccc(CC)c2)C1,CCc1cccc(OCC(=O)NC(C)C2CN(C(C)=O)C2)c1,CCc1cccc(OCC(=O)NC(C)C2CN(C(C)=O)C2)c1,1,0.8,True,True
hybrid_384,d9f537f9c105ef0e132a6380205768094db5472283a1bfaa63d7019b9976b070,CC(C)[*:1]>>COC[*:1],21b49df3d9d71d05810929fbad51add6fca61b482a23e3f2391a3ec58c685082,d9020cf6ba8aa82e051c65ee102e784353c410ce269c01f762fd2e9ad56234df,d9020cf6ba8aa82e051c65ee102e784353c410ce269c01f762fd2e9ad56234df,CC(C)CCC(=O)NC1CN(C(=O)c2cc(=O)n(C)o2)CC1C,COCCCC(=O)NC1CN(C(=O)c2cc(=O)n(C)o2)CC1C,COCCCC(=O)NC1CN(C(=O)c2cc(=O)n(C)o2)CC1C,1,0.7454545454545455,True,True
hybrid_384,2a2b87eef38b921391281b29c41cd76bf138541f5773d7c982f6c7cbfff9ab49,CC(C)[*:1]>>CCC[*:1],7c2319f64647ed25e6cf6cb8abdb7417f5f66557525858033f36618980b16355,30408ce2a59665ca339dfb5fd1e38673ae006bc2c5e332735bc4fe42d2f71a21,30408ce2a59665ca339dfb5fd1e38673ae006bc2c5e332735bc4fe42d2f71a21,CCC1(OC(=O)CN)C(=O)OCc2c1cc1n(c2=O)Cc2c-1nc1ccc(N)cc1c2[Si](C)(C)C(C)C,CCC[Si](C)(C)c1c2c(nc3ccc(N)cc13)-c1cc3c(c(=O)n1C2)COC(=O)C3(CC)OC(=O)CN,CCC[Si](C)(C)c1c2c(nc3ccc(N)cc13)-c1cc3c(c(=O)n1C2)COC(=O)C3(CC)OC(=O)CN,1,0.8205128205128205,True,True
hybrid_384,3fdf208ad8f638d19e8f67476d7de6e33302d11a745c5356868538da25ce3103,N#C[*:1]>>O=[N+]([O-])[*:1],a5abf0421f7925878fe6bf5460fd8d189253fb458ed4796f0156e4a08d44fae1,c16261458707ac9138be2633d708c3402b8d1029299aee9de8afddaee9b44645,c16261458707ac9138be2633d708c3402b8d1029299aee9de8afddaee9b44645,CCn1nccc1N1CCCC(NC(=O)c2ccc(C)c(C#N)c2)C1=O,CCn1nccc1N1CCCC(NC(=O)c2ccc(C)c([N+](=O)[O-])c2)C1=O,CCn1nccc1N1CCCC(NC(=O)c2ccc(C)c([N+](=O)[O-])c2)C1=O,1,0.7313432835820896,True,True
hybrid_384,a6f5a86a8158e681728dc5f61efc53f14b269c7cdf42dcc842dd4a2f4f5dcb9f,C[*:1]>>O=C(O)[*:1],420dc0e1d1b34f30bed70006862766ad59804b9fa941da0c17961f5ffd492bbd,bf57b3cc4d78a7f70c9f28d9ae8574c546eab188f38e0be8dbe40659fc76cb57,bf57b3cc4d78a7f70c9f28d9ae8574c546eab188f38e0be8dbe40659fc76cb57,CC1(C(=O)N2CCC(NC(=O)C3CCCCC3)CC2)CCC1,O=C(NC1CCN(C(=O)C2(C(=O)O)CCC2)CC1)C1CCCCC1,O=C(NC1CCN(C(=O)C2(C(=O)O)CCC2)CC1)C1CCCCC1,1,0.6904761904761905,True,True
hybrid_384,a19c5aa08aacb6f4e00a81a884e12a38df8ba49a532eeee9bcc07a2cf8ba52f6,CO[*:1]>>C[*:1],38d53ed0b2603153bb3b9f860226e7139284c8d43e48bec440d24970b2a2a5e0,2bc2dfe13d244f753c14fae48fd535161352b403cab6fa5b353da36364da3842,2bc2dfe13d244f753c14fae48fd535161352b403cab6fa5b353da36364da3842,CNC(CCC(C)OC)CC1CC2CCC1C2,CNC(CCC(C)C)CC1CC2CCC1C2,CNC(CCC(C)C)CC1CC2CCC1C2,1,0.7368421052631579,True,True
hybrid_384,9077948940b51d6f035bc88574820180b8ecdc42fbdd4a428022f2431e6ef5e2,CC[*:1]>>OCCC[*:1],40c504f042a8f3641331efd8e916725d1b6e4bec3a5dbbc80acb99c79ccfe6dc,31d6ae02ecab90750d8a92835df67addb0c592cf51690b50c011400fd1f4b9a4,31d6ae02ecab90750d8a92835df67addb0c592cf51690b50c011400fd1f4b9a4,CC[NH+]1CCCC1CNC(=O)CNC(=O)CCC1CCCC1,O=C(CCC1CCCC1)NCC(=O)NCC1CCC[NH+]1CCCO,O=C(CCC1CCCC1)NCC(=O)NCC1CCC[NH+]1CCCO,1,0.7291666666666666,True,True
hybrid_384,5438c3b64e31cec5a4f99810652a6e6cae7d11f359f9e197f2cb25c8e44599f1,CCC[*:1]>>C[*:1],31a0d6d5861204660927e4c2384388327170c59371363ca751c216b3097307f3,ea52628041f324e113b96e442c858781b87be7734707fa7f877d5eb35d5baf88,ea52628041f324e113b96e442c858781b87be7734707fa7f877d5eb35d5baf88,CCCn1c(SCC(=O)NCc2ccccc2OC)nnc1-c1cccc(C)c1,COc1ccccc1CNC(=O)CSc1nnc(-c2cccc(C)c2)n1C,COc1ccccc1CNC(=O)CSc1nnc(-c2cccc(C)c2)n1C,1,0.8,True,True
hybrid_384,65510ca77e4bc2ef7fab08f45fa4620b6ea9eece51723ac8c9f0a865099232a0,C[*:1]>>OCC[*:1],278e9ec46ac319f4bef53686190ecd1cb5457304d634954f294e9f04ba85f4ff,1a8f9824ca016b04a78405c8414f8b252e7b0f38d8e22680b7882a81f7ccc30d,1a8f9824ca016b04a78405c8414f8b252e7b0f38d8e22680b7882a81f7ccc30d,CSc1cccnc1NC(=O)NC(C)C1CC1,CSc1cccnc1NC(=O)NC(CCO)C1CC1,CSc1cccnc1NC(=O)NC(CCO)C1CC1,1,0.7,True,True
hybrid_384,47ebeb0946d568ff6ff9e463f6d70b5a80b4d2f4e6df072d14f3f44f5cdca281,CCCC[*:1]>>CCC[*:1],63f64741d33cbfcf2364d130aeeed6efe1823d2f82352e317144c17ed667e748,5b8f4b15ee2319c34047a643bf83437bee4d2e9c583822d2361fc139f8b9d0de,5b8f4b15ee2319c34047a643bf83437bee4d2e9c583822d2361fc139f8b9d0de,CCCCc1nn2c(c1Br)NCC(C)C2CC,CCCc1nn2c(c1Br)NCC(C)C2CC,CCCc1nn2c(c1Br)NCC(C)C2CC,1,0.85,True,True
hybrid_384,0f68e7cf4fad492e0298d7df1bfba4c98732393654ce44c27b0ceeb80ee4cc94,C=C[*:1]>>COC[*:1],674f2889dbd68b333752384490c953637e025235cfe3b4de913cff89e14eb4e9,389dfc49aba2d40c556745f8b7df38fe8dd7cd34a85c57788bc79f3c104f9d25,389dfc49aba2d40c556745f8b7df38fe8dd7cd34a85c57788bc79f3c104f9d25,C=CCC[NH+]1CC2CN(C(=O)CCc3cn[nH]c3)CC2C1,COCCC[NH+]1CC2CN(C(=O)CCc3cn[nH]c3)CC2C1,COCCC[NH+]1CC2CN(C(=O)CCc3cn[nH]c3)CC2C1,1,0.6964285714285714,True,True
hybrid_384,126979b3519d0a62109d57bf2b3098b58a8b1f4d49f79cbeffda926e9aa4c6b2,C[*:1]>>Cl[*:1],5f6652165e688605c6b883772d6fec1c6811a135c6cb5f62cfe5f89e0831538f,ec9b5e7af16ca2b5d7ac9bd7c4ba133c9bd618b7ef7321395171fd0c3a11037e,ec9b5e7af16ca2b5d7ac9bd7c4ba133c9bd618b7ef7321395171fd0c3a11037e,Cc1cccc(-c2nc(C3CSC(C)C(C)S3)no2)c1N,CC1SCC(c2noc(-c3cccc(Cl)c3N)n2)SC1C,CC1SCC(c2noc(-c3cccc(Cl)c3N)n2)SC1C,1,0.7916666666666666,True,True
hybrid_384,3c02ef96e3156cea73d9834f77e66270c72120ce4375c0fbdc552801314b4f86,CO[*:1]>>O=C(O)[*:1],d26343286da41704eae949a5def63697e5c55345e4ee6075a783a14b3a213140,e0ffc7c9568576c7ebf72149a40330e285f23105a677aacc8661c0ecfa868df7,e0ffc7c9568576c7ebf72149a40330e285f23105a677aacc8661c0ecfa868df7,COC(C#N)C1CC2CCC1C2,N#CC(C(=O)O)C1CC2CCC1C2,N#CC(C(=O)O)C1CC2CCC1C2,1,0.4864864864864865,True,True
hybrid_384,a1b4d667b4c441d6eb1ca72d3f30d929eac94f8903b479d2c736fef64f192350,C[*:1]>>FC(F)(F)[*:1],352b3705342933b1a7deb5aba5035cfa1165ef69f184ffbd940a054596463a16,82dd993aecd7b04943a594c56f02f7b916f7e32c1b39468eb1eed7173b3c9c79,82dd993aecd7b04943a594c56f02f7b916f7e32c1b39468eb1eed7173b3c9c79,CC(C#N)CNC(C)C1CC2CCC1C2,CC(NCC(C#N)C(F)(F)F)C1CC2CCC1C2,CC(NCC(C#N)C(F)(F)F)C1CC2CCC1C2,1,0.6829268292682927,True,True
hybrid_384,34a57b40b47a5a175cd389536e33f166b59585c3b801cf58f747a45e0965bb0d,CO[*:1]>>F[*:1],46043b6b7fac402e16ed07cc9e21122e045f8b85e3479e0bae7462b65b41615d,8e9dcd27ac57e2ce770a9f09d997c3304a3c32f970c7fa8fb9292233f5400629,9aeb01a177a803f64601c1d636bd306b5fb055ac326ef8702caaeec84f01f970,COc1ccc(C(=O)c2sc(Nc3ccccc3F)nc2N)cc1,Nc1nc(Nc2ccccc2F)sc1C(=O)c1ccc(F)cc1,COc1ccc(C(=O)c2sc(Nc3ccc(F)cc3)nc2N)c(F)c1,3,0.5333333333333333,True,False
hybrid_384,1d33027b7659f9ffa5ee2da59dbd899ff38a1265142fec39a0963737218e430f,CCC[*:1]>>CC[*:1],81032c5a87ef88df8bc169158c36d0daf62e12ef8b59f7fa37b203f963c54ea4,caab361bd7a4defd872a1ba20a6801e38a6b742b08e8b070a9b0306cd07efb10,caab361bd7a4defd872a1ba20a6801e38a6b742b08e8b070a9b0306cd07efb10,CCCNC(C#N)(CN(C)C1CCCC1)c1ccccc1,CCNC(C#N)(CN(C)C1CCCC1)c1ccccc1,CCNC(C#N)(CN(C)C1CCCC1)c1ccccc1,1,0.813953488372093,True,True
hybrid_384,77b9652ad228792c7b86d530959cb8b59c2e8b7583a5432f18e153d45cc7aba4,C[*:1]>>F[*:1],b4b1ebe834edad3c0eccc7ed48a57ec8590da7c39290b17a091afa9bece3aa63,b148d73d577192433ca63c73b5b392e2e38150eef56e8678fc7bf01323d018fd,b148d73d577192433ca63c73b5b392e2e38150eef56e8678fc7bf01323d018fd,Cc1cc(C[NH+]2CCC(n3nccc3C)CC2)cc(C)c1F,Cc1cc(C[NH+]2CCC(n3nccc3C)CC2)cc(F)c1F,Cc1cc(C[NH+]2CCC(n3nccc3C)CC2)cc(F)c1F,1,0.8863636363636364,True,True
hybrid_384,cad8e827859654356a13380187844e9c2b17b99ac9bbffdafcfa7fc0475ba236,CC[*:1]>>C[*:1],42fdd2355cdcd55d14ef21eebce6f506aab67322e4ef3407f3d055c8c458459a,f78d8e270524bcd874048b8fd286fcdda2bcf77cc99fc0060bbedad124a57a6c,f78d8e270524bcd874048b8fd286fcdda2bcf77cc99fc0060bbedad124a57a6c,CCCC(C)C(=O)N1CCC1CNC(=O)c1snnc1C1CC1,CCC(C)C(=O)N1CCC1CNC(=O)c1snnc1C1CC1,CCC(C)C(=O)N1CCC1CNC(=O)c1snnc1C1CC1,1,0.8490566037735849,True,True
hybrid_384,2968027de166db075185e9988652663cada6b345d126e031c863e0493498de75,COc1cccc([*:1])c1>>Fc1ccc([*:1])cc1,6d58d53bc30e89be73844d6c5bbb8dfdd444add142df34a8e8145262ab666904,32a4bc9831aef3612b1417f87da2f2ec46b4c0f18c45ec7be9cac7d184473205,32a4bc9831aef3612b1417f87da2f2ec46b4c0f18c45ec7be9cac7d184473205,COc1cccc(C(=O)N2CCC(NC(=O)c3cn[nH]c3)C(C)C2)c1,CC1CN(C(=O)c2ccc(F)cc2)CCC1NC(=O)c1cn[nH]c1,CC1CN(C(=O)c2ccc(F)cc2)CCC1NC(=O)c1cn[nH]c1,1,0.6833333333333333,True,True
hybrid_384,65cd7d6f58f7fab512f53578dbc150f0cb84620d44e502a7f50702e280dd8155,CCCN[*:1]>>N[*:1],1457ed91fadc8fd03bbbf088647732b3601fc412d81559ada3c5d8d569c6be4f,8607265da5d73bb63a5d20f73654ad5c9f2145987d5fd26645aca6012d855782,8607265da5d73bb63a5d20f73654ad5c9f2145987d5fd26645aca6012d855782,CCCNCc1cnc(N(C)C2CCC2)cn1,CN(c1cnc(CN)cn1)C1CCC1,CN(c1cnc(CN)cn1)C1CCC1,1,0.6,True,True
hybrid_384,dbfa76d551742cce9cd774927a917b333bff114e471a82eefee15a00a5b578ea,CCCC[*:1]>>C[*:1],7ae8392e796c153362263fb764a3b8dc6860cd730319b4743a15414779bc5a5e,3e54dd678ab3c390c42882eb5097cdf85888eac0ff2581dd531653054b97d30a,3e54dd678ab3c390c42882eb5097cdf85888eac0ff2581dd531653054b97d30a,CCCCOc1ccc(C(=O)NNC(=S)Nc2cccc(C)c2C)cc1OC,COc1ccc(C(=O)NNC(=S)Nc2cccc(C)c2C)cc1OC,COc1ccc(C(=O)NNC(=S)Nc2cccc(C)c2C)cc1OC,1,0.7924528301886793,True,True
hybrid_384,56330d46986864a16d2fd01d7e0fb0319b8fe61799250fcffe210676172f8829,CC(C)[*:1]>>COC[*:1],b2bb2774f052a9ed170693a43433ba4168d0dd4eebbe3f29546a1c6b650b62c1,4860d53dbc1546f1ec1a6a4e81c81514404dc7d6384f6c12abfc9e095a355b3c,4860d53dbc1546f1ec1a6a4e81c81514404dc7d6384f6c12abfc9e095a355b3c,CC(C)C([NH2+]C1CCOC(C)(C)C1)C1CC1,COCC([NH2+]C1CCOC(C)(C)C1)C1CC1,COCC([NH2+]C1CCOC(C)(C)C1)C1CC1,1,0.575,True,True
hybrid_384,78e54064c7f738761954bc2ad5724f7248ba5eaa7e0055f3a669451f4c080c30,CC(C)[*:1]>>CCC[*:1],55b1365babe24c75843b51abd709a5ecb234a6d60d2b1567ad6d1e983e0b9c7e,ba71710c48587929549647df1d8ee8d49ad492cde2a8478c342513e814c3e51e,d972567699ee25d51c99e2ab4f492caeea4e67228c24afdbdc752788fd22e6f9,CCCC(C)N1C(=O)C(C)(CC)NC(=O)C1C(C)C,CCCC(C)N1C(=O)C(C)(CC)NC(=O)C1CCC,CCCCC(C)N1C(=O)C(C)(CC)NC(=O)C1CC,2,0.6,True,False
hybrid_384,975223454536b5bfde77f5d28416918f6979b5e360abf6c5dc9d709fb33c9224,N#C[*:1]>>O=[N+]([O-])[*:1],a98c7f0f34b64b0dedc29079f434e892a6189aa7f809eca00b6df925ab2309c6,08271ea19d279559f0f54ed6439df8cad1fe33e25e68ed7b7691eb8400478b2d,08271ea19d279559f0f54ed6439df8cad1fe33e25e68ed7b7691eb8400478b2d,COC(=O)C1C(O)CCCN1C(=O)c1ccn(-c2cccc(C#N)c2)n1,COC(=O)C1C(O)CCCN1C(=O)c1ccn(-c2cccc([N+](=O)[O-])c2)n1,COC(=O)C1C(O)CCCN1C(=O)c1ccn(-c2cccc([N+](=O)[O-])c2)n1,1,0.7121212121212122,True,True
hybrid_384,7a44ff8133d8035ac4ee9a5ff53a0f6b8b8c0eb7d66e559080383d003dcb351f,C[*:1]>>O=C(O)[*:1],c8217fdcdd30ee13d0aed047d515f4bb2c61ba4c934c5945e8e44cf276b5d091,f64acf1ccf876594709ba58d29030673ee4857270d9b50ad2f02aac268dfded9,f64acf1ccf876594709ba58d29030673ee4857270d9b50ad2f02aac268dfded9,Cc1ccn(-c2ncc(F)cn2)n1,O=C(O)c1ccn(-c2ncc(F)cn2)n1,O=C(O)c1ccn(-c2ncc(F)cn2)n1,1,0.5555555555555556,True,True
hybrid_384,6bb4718b1bdb7571efcc4090bac9c42ad9c364e2bfe3b819821c7bc0e5db02a1,CO[*:1]>>C[*:1],2c1ef4d907e5f63026e2ae8d950dfc950ef1c41b998ed3090051823df2bd211e,5af8f414a952e791cbe8c73339f1d5b3eda970900576d4c55fdca34199982d40,5af8f414a952e791cbe8c73339f1d5b3eda970900576d4c55fdca34199982d40,COc1ccc(C(=O)NNC(=S)Nc2ccccc2)cc1Br,Cc1ccc(C(=O)NNC(=S)Nc2ccccc2)cc1Br,Cc1ccc(C(=O)NNC(=S)Nc2ccccc2)cc1Br,1,0.717391304347826,True,True
hybrid_384,c70d89bbbb43ee2d2cd057db77c153d2f809cda92e2d0a81b00cefc78337a88d,CCC[*:1]>>C[*:1],ec84851bb2dedf74a96b88605ee5d9939394fa5357e09a79ec3b2761810dcc50,67c497c163aa952326ba87f0f6deb957b00bfb4e7dd5e6384fea383628e24161,67c497c163aa952326ba87f0f6deb957b00bfb4e7dd5e6384fea383628e24161,CCCC1NC(=O)C(C)N(CCS(=O)(=O)C(C)(C)C)C1=O,CC1NC(=O)C(C)N(CCS(=O)(=O)C(C)(C)C)C1=O,CC1NC(=O)C(C)N(CCS(=O)(=O)C(C)(C)C)C1=O,1,0.6904761904761905,True,True
hybrid_384,6db05f4f5609512f679910b3af4d34399a766d50473a4cd698d5749d4f806396,C[*:1]>>OCC[*:1],5e59253b5827608315ab3d90f8b3b3fa4ecc343dcea08a0e14ca193699749d29,f6d59dcba916769e5fa6c42265f5930cafe05c77377d0b74ba24fca6e9279875,f6d59dcba916769e5fa6c42265f5930cafe05c77377d0b74ba24fca6e9279875,CN(CCNC(=O)C12CCC[NH+](CC1)C2)C(=O)C12COCC1C2,O=C(NCCN(CCO)C(=O)C12COCC1C2)C12CCC[NH+](CC1)C2,O=C(NCCN(CCO)C(=O)C12COCC1C2)C12CCC[NH+](CC1)C2,1,0.7586206896551724,True,True
hybrid_384,c47cda006e3b6960e98aa66839698392181bfbbef940aab4fd5c0f9e90ffe821,CCCC[*:1]>>CCC[*:1],fdb5d8160a85e62e34e8b6e8dba619564fc1486756f18fdba17c5c094822e505,91af9e390ed7c1b8340bdfa0a4dee904078025cfb32bc7e9a0e16a3760588bf1,91af9e390ed7c1b8340bdfa0a4dee904078025cfb32bc7e9a0e16a3760588bf1,CCCCN1C(=O)C(C)(CC)NC(=O)C1(CC)CC,CCCN1C(=O)C(C)(CC)NC(=O)C1(CC)CC,CCCN1C(=O)C(C)(CC)NC(=O)C1(CC)CC,1,0.8181818181818182,True,True
hybrid_384,2c278f9a74cf140d09e3141ee5afd82b5bbfa5ee4759de2019a0d5fa744a97a6,C=C[*:1]>>COC[*:1],822fb00fd5a0f69fc8aa2ecd7b0578d534ac99621cf2f1ec6b0eed4a3a70a032,6c83062d97f0ce5c307ef5d322fb30a7259996d035e033c408c5f136a74fe645,6c83062d97f0ce5c307ef5d322fb30a7259996d035e033c408c5f136a74fe645,C=CCC(C)N1CC(=O)NC(C(C)(C)C)C1=O,COCCC(C)N1CC(=O)NC(C(C)(C)C)C1=O,COCCC(C)N1CC(=O)NC(C(C)(C)C)C1=O,1,0.6222222222222222,True,True
hybrid_384,519735b4adfa6dbd78430d7bb6cb06b4324f212645873f302d5a905c015c8b4e,C[*:1]>>Cl[*:1],779ae9a1c4f8b6e23bf8a79367a2a12b52f571219e00957046ee7a5d6b86ec55,86bb3fc6c7fd7c5c5e9d9b65435179c9f620fa6702c6d25795177e57ddaaede0,86bb3fc6c7fd7c5c5e9d9b65435179c9f620fa6702c6d25795177e57ddaaede0,Cc1ccccc1CC(C)NC(=O)C[NH2+]CC1CCCO1,CC(Cc1ccccc1Cl)NC(=O)C[NH2+]CC1CCCO1,CC(Cc1ccccc1Cl)NC(=O)C[NH2+]CC1CCCO1,1,0.8076923076923077,True,True
hybrid_384,525b9cfcef53a136ced0f45664dd5ad99009676c5d5a4ff1b1a03efc85ff25a5,CO[*:1]>>O=C(O)[*:1],47f0af28e3528834458cce611a27de7946e41efa35ecfc9f7a04fe81ce608d15,b82215608695c451fb61dd7cb0a71d2a1c9696243872dc34a6a66ec1ed9dc098,b82215608695c451fb61dd7cb0a71d2a1c9696243872dc34a6a66ec1ed9dc098,COc1ccc(C(=O)c2sc(Nc3ccc(S(N)(=O)=O)cc3)nc2N)cc1,Nc1nc(Nc2ccc(S(N)(=O)=O)cc2)sc1C(=O)c1ccc(C(=O)O)cc1,Nc1nc(Nc2ccc(S(N)(=O)=O)cc2)sc1C(=O)c1ccc(C(=O)O)cc1,1,0.78,True,True
hybrid_384,9e2ac62f4aac92be06042b86d696a030e61ad76f51c34c4310033195916d0134,C[*:1]>>FC(F)(F)[*:1],7271863648540b966f2fdafdcb1c822900c088b359093693b08014b105a7d430,65006ed8dff4f5b1ee86cfd961971bed43803b0eb67b64df4a34e2e4fe3050d7,65006ed8dff4f5b1ee86cfd961971bed43803b0eb67b64df4a34e2e4fe3050d7,CC(C)NC(=O)N1CCCC(N2CCOCC2)CC1,CC(NC(=O)N1CCCC(N2CCOCC2)CC1)C(F)(F)F,CC(NC(=O)N1CCCC(N2CCOCC2)CC1)C(F)(F)F,1,0.7674418604651163,True,True
hybrid_384,fd2c3a1644bb23f63079ff84d2a6c3dbfbbeebc39fdabe41fe502eb953f8a275,CO[*:1]>>F[*:1],0b2ca9676f4d7db6fa81efee99e9f041115e017dc0bb7de74dde93bc7f6f2b24,083bb861be76138a028c9b79b7376cb82b745cf4cdc79c7536e5bf9fd3b0adc3,083bb861be76138a028c9b79b7376cb82b745cf4cdc79c7536e5bf9fd3b0adc3,COCC[NH+]1CCC(NC(=O)Cc2cnn(C)c2C)C1C,Cc1c(CC(=O)NC2CC[NH+](CCF)C2C)cnn1C,Cc1c(CC(=O)NC2CC[NH+](CCF)C2C)cnn1C,1,0.7777777777777778,True,True
hybrid_384,62486c2422cf7946f71ed5d4d1fb996427a6a828feef49838023a105cf58a5f3,CCC[*:1]>>CC[*:1],652ddd23776ab26c60f2960a9f5d7d1433b844b7e04659b18d3a33b33aff169c,d59d75405371ae51191d8e6547942d88c81e18be8192992017ac7b1ca7bd7779,d59d75405371ae51191d8e6547942d88c81e18be8192992017ac7b1ca7bd7779,CCCNC(C1=CCCC1)c1ccc(Br)c(F)c1,CCNC(C1=CCCC1)c1ccc(Br)c(F)c1,CCNC(C1=CCCC1)c1ccc(Br)c(F)c1,1,0.8181818181818182,True,True
hybrid_384,13c48021747b86eaa08dfd67409982607a6f89a7c993280f9ac40fd23e58f59e,C[*:1]>>F[*:1],5e1237c03cfd3d1d5fe8833f90bd6c4a27d57bb361bb91afa48d1c25cdd31e79,dcdb6f7d04b187d2f0e4ada66cc3df10ac606e9fcb922ae8c663295d310a4747,dcdb6f7d04b187d2f0e4ada66cc3df10ac606e9fcb922ae8c663295d310a4747,Cc1ccccc1C(=O)N(C)CC1CCCN1C(=O)c1cnco1,CN(CC1CCCN1C(=O)c1cnco1)C(=O)c1ccccc1F,CN(CC1CCCN1C(=O)c1cnco1)C(=O)c1ccccc1F,1,0.8103448275862069,True,True
hybrid_384,0dcba79bb70e7b7ea1f01ac79fa3318a84e10f17084a6feae1285d047799332f,CC[*:1]>>C[*:1],c020446a511bc868fed4d3d03e4b1caf942b1bb1556eb083aab83bd53b1838f7,81cb6616147e9ff95bda7534b17db923bab46429e45c8bbe2f39f5a09879eabe,81cb6616147e9ff95bda7534b17db923bab46429e45c8bbe2f39f5a09879eabe,CCc1cc(N2CCN(CCCO)CC2)nc(-c2ccccn2)n1,Cc1cc(N2CCN(CCCO)CC2)nc(-c2ccccn2)n1,Cc1cc(N2CCN(CCCO)CC2)nc(-c2ccccn2)n1,1,0.7692307692307693,True,True
hybrid_384,8986b1c4c364ebff8840a33a8954a6f137c62f934307b3f287f8f03c912207f8,COc1cccc([*:1])c1>>Fc1ccc([*:1])cc1,955604571557b5d2f96929f5eb7795fa9e332bf9b5554d487d2f2d582dc9265c,401f707a024e0c2b257a91a59613e922177347d5dd705051ce22c9aa8527d815,401f707a024e0c2b257a91a59613e922177347d5dd705051ce22c9aa8527d815,COc1cccc(C2CC(O)CN2C(=O)c2cnc(C)[nH]2)c1,Cc1ncc(C(=O)N2CC(O)CC2c2ccc(F)cc2)[nH]1,Cc1ncc(C(=O)N2CC(O)CC2c2ccc(F)cc2)[nH]1,1,0.6491228070175439,True,True
hybrid_384,c043a78981c8c46fa8b66a20907941f7baf5306e10bfdb556d6bd959fee91179,CCCC[*:1]>>C[*:1],5a94731e49211d0a33d8ee454e69e2be2bc219a725ffb0d91f941e9469effcba,3f3beee60a829ae1a620e0d142b9b926391de2322928d6c8723f71ba39682cb4,3f3beee60a829ae1a620e0d142b9b926391de2322928d6c8723f71ba39682cb4,CCCCC(=O)NCC1CC(NC(=O)c2n[nH]c3c2CCCC3)C1,CC(=O)NCC1CC(NC(=O)c2n[nH]c3c2CCCC3)C1,CC(=O)NCC1CC(NC(=O)c2n[nH]c3c2CCCC3)C1,1,0.7358490566037735,True,True
hybrid_384,ef294d763aed67ecc9c71c9b7c7c3c6e9e5a6a03027bc7f31d6351b529f6f67d,CC(C)[*:1]>>COC[*:1],a83c914ebd6d91ba72b44c03894e0d99c86372128d6bdd0230136f11b09b0176,86c04f870e8d7b07ab65a9209868ebb405d0c3329a050c04f9814f25061e2fa5,86c04f870e8d7b07ab65a9209868ebb405d0c3329a050c04f9814f25061e2fa5,CC(C)CCNC(=O)C1C2CCC(C2)C1N,COCCCNC(=O)C1C2CCC(C2)C1N,COCCCNC(=O)C1C2CCC(C2)C1N,1,0.6190476190476191,True,True
hybrid_384,a0b92d9c58e8600b47ae4cd63158a99e2df235beda6ffad07b4241da15d5e4d8,CC(C)[*:1]>>CCC[*:1],a17aa7bcbf8e31306e469741a49048133f46b879c96220104880e0719c971c9c,0d85025a78a56fa496099d694ebd08b82c3d7f5d278eb8e7f69242ad586ec691,0d85025a78a56fa496099d694ebd08b82c3d7f5d278eb8e7f69242ad586ec691,CC(C)CC[NH+]1CC(O)C(NC(=O)c2ccc(F)c3occc23)C1,CCCCC[NH+]1CC(O)C(NC(=O)c2ccc(F)c3occc23)C1,CCCCC[NH+]1CC(O)C(NC(=O)c2ccc(F)c3occc23)C1,1,0.7627118644067796,True,True
hybrid_384,1f381fe55047400015d3afc64712ef2b3ca42185fd8be5a72c9e7ce4f03d5e9a,N#C[*:1]>>O=[N+]([O-])[*:1],ff7984bb5a01b4eed1219cbf5b8a08844e72e139b9a120faac66a36dc52a5659,89cc89a459d28140c1c06e3924165d72f8cb506f699403681b903ab8bf9b113e,89cc89a459d28140c1c06e3924165d72f8cb506f699403681b903ab8bf9b113e,CC(C)OC1CCCN(C(=O)c2ccn(-c3cccc(C#N)c3)n2)C1,CC(C)OC1CCCN(C(=O)c2ccn(-c3cccc([N+](=O)[O-])c3)n2)C1,CC(C)OC1CCCN(C(=O)c2ccn(-c3cccc([N+](=O)[O-])c3)n2)C1,1,0.7121212121212122,True,True
hybrid_384,c2ae2bce698671d32f2e759ea7a58338f93879dfbac41b546f612176ad0833b8,C[*:1]>>O=C(O)[*:1],9ef2708b43c632a8953fb4f270547f0f96a00b8b87a11cfd71ee7f4767887881,5a93ca05a2d1b7e7043024734633ed44b9ce75d9c991a39d67fc12b5e6ee7fa0,5a93ca05a2d1b7e7043024734633ed44b9ce75d9c991a39d67fc12b5e6ee7fa0,CC(C)(C)C(=O)OC1(C)CC2CCC1C2,CC(C)(C(=O)O)C(=O)OC1(C)CC2CCC1C2,CC(C)(C(=O)O)C(=O)OC1(C)CC2CCC1C2,1,0.75,True,True
hybrid_384,3331cb4f0451a6ccef18e1223cc9d17623472b5d014218ac83d57737b737e241,CO[*:1]>>C[*:1],8b178d5c7b40c94a139e931213618ae3c175206dbf4af09c1106be1a8d43eec8,d5c732698971be3e3f5fae6cb26dac943de9936775b954233601d0ef6d294f66,d5c732698971be3e3f5fae6cb26dac943de9936775b954233601d0ef6d294f66,COCC(NC(=O)N1CCC(C[NH+](C)CC2CC2)C1)C1CC1,CCC(NC(=O)N1CCC(C[NH+](C)CC2CC2)C1)C1CC1,CCC(NC(=O)N1CCC(C[NH+](C)CC2CC2)C1)C1CC1,1,0.7659574468085106,True,True
hybrid_384,79db794324f783635eccd86652b7ebbfb8f95ad7c6ba711494c69986c69eab16,CCC[*:1]>>C[*:1],b77ee22ea25fd69c3576134b8c1fda295aaecf7f0416c481be9efcc008ad9937,0d52bf6731711ab47a0acaba202a5cb7ab4b8a5f210a24288b658333302edec2,0d52bf6731711ab47a0acaba202a5cb7ab4b8a5f210a24288b658333302edec2,CCCN(Cc1ccc(C)cc1)C(=O)CSc1nnc(-c2ccc(C)cc2)n1N,Cc1ccc(CN(C)C(=O)CSc2nnc(-c3ccc(C)cc3)n2N)cc1,Cc1ccc(CN(C)C(=O)CSc2nnc(-c3ccc(C)cc3)n2N)cc1,1,0.7307692307692307,True,True
hybrid_384,5354032c32f2268c1ed429d94def3ba81d4cf9a64ff315c01afec9ffb872a4f7,C[*:1]>>OCC[*:1],e2a561e526aa394d5a8a67a54ab5f1d2b6ebd0d9aefdec54ea6a3b89a95d75aa,5b957480d9ea28d8145aea600525924e88ef66249e5b0c824891f315c3d09b9e,5b957480d9ea28d8145aea600525924e88ef66249e5b0c824891f315c3d09b9e,Cn1cc(CNCC2CCN(C(=O)OC(C)(C)C)C2)nn1,CC(C)(C)OC(=O)N1CCC(CNCc2cn(CCO)nn2)C1,CC(C)(C)OC(=O)N1CCC(CNCc2cn(CCO)nn2)C1,1,0.7818181818181819,True,True
hybrid_384,e5ab486ca2086a51fdca2b87bde94375a2977e9cf6badb46a0650630040b55be,CCCC[*:1]>>CCC[*:1],4b522287dc8d0d560b670079ad1c5fdef2cd0ffac959ebf54528f55b4435eee9,09485f0850ebc90f50d9fc85c02e809984b1b4a12e12ffa61193a8a6efe8bfd5,09485f0850ebc90f50d9fc85c02e809984b1b4a12e12ffa61193a8a6efe8bfd5,CCCCC1CCC(C#Cc2ccc(F)nc2)CC1,CCCC1CCC(C#Cc2ccc(F)nc2)CC1,CCCC1CCC(C#Cc2ccc(F)nc2)CC1,1,0.8536585365853658,True,True
hybrid_384,7f34c215e6a8cbf8a5a1e39bd0a14809f20cb92c7401f0281675c6f155094d01,C=C[*:1]>>COC[*:1],9165e726ef14d5e36e4a9def156ee39ec696470f1d3de8f0aa1d0effd3ee56d9,25b5c67c16641572fd942a0f98c1688194a6ba232651b1d781d7cfc60764736e,25b5c67c16641572fd942a0f98c1688194a6ba232651b1d781d7cfc60764736e,C=CC[NH+]1CCC2(CCCN(C(=O)Cc3cc(C)n[nH]3)C2)C1,COCC[NH+]1CCC2(CCCN(C(=O)Cc3cc(C)n[nH]3)C2)C1,COCC[NH+]1CCC2(CCCN(C(=O)Cc3cc(C)n[nH]3)C2)C1,1,0.7301587301587301,True,True
hybrid_384,84ba2bdfdf5a8b26484548fabd8049457cba4b589942a963c1b79bf2aec46c7e,C[*:1]>>Cl[*:1],8ab954e2e90c2ce77c88327ead32969b189db5dc10a1e1b89091b4c78af71749,bc2d0e8b59ed6b263636086f3e628b685642c1ea4a3e2af0ceee550e30505809,bc2d0e8b59ed6b263636086f3e628b685642c1ea4a3e2af0ceee550e30505809,Cc1ccc(CC(=O)OCC2CCOC(C)C2)c(Cl)c1,CC1CC(COC(=O)Cc2ccc(Cl)cc2Cl)CCO1,CC1CC(COC(=O)Cc2ccc(Cl)cc2Cl)CCO1,1,0.82,True,True
hybrid_384,3a2e8e92efcf1be6dd190e43ffc74c21ecd0b42862efba61f9b71961131a43ad,CO[*:1]>>O=C(O)[*:1],8a6d458e5925a9aeaeca4a229a4b0803510b5ea4c7fdad7c6f5f1756486cbe01,f006651dadf23401f67571cf760a7225e8d3b62f8e649d2b289766975e6ed13f,f006651dadf23401f67571cf760a7225e8d3b62f8e649d2b289766975e6ed13f,COc1cccc(CNC(=O)NC2CC3CCC2O3)c1,O=C(NCc1cccc(C(=O)O)c1)NC1CC2CCC1O2,O=C(NCc1cccc(C(=O)O)c1)NC1CC2CCC1O2,1,0.7037037037037037,True,True
hybrid_384,e5c1f24048ad431e0f74a174b06ea07aed6af4ee176f4b91563b014bb2615d33,C[*:1]>>FC(F)(F)[*:1],50ec72745f9b352ee16d4f307c1c419f94866b657faf5861f8278d8dabaa3517,2e507e9819bb17340b531f5632ba4b4ef8ca6843cb5f11047d85e1d04e643e2b,001acd17aee1d6fddd40196b70f17a6ac45aedd57fe04d9572685e682f33f13a,COc1ccc(C(O)C[NH2+]CC(O)CN2CCOCC2)cc1,OC(C[NH2+]CC(O)c1ccc(OC(F)(F)F)cc1)CN1CCOCC1,COc1cccc(CC(CO)[NH2+]CC(O)CN2CCOCC2)c1,3,0.5254237288135594,True,False
hybrid_384,73ef5426cca89d63ace21e153a36b68c21be7c3b1a854873de6d85e325014b39,CO[*:1]>>F[*:1],8c1463dd2b7d4b3c98e2eba73ae19639a631a99aac0c776b63fe0799cb120878,23bb56bab9c717ddec6fbab9b1689e0959c4852915408db42fd39339a453f8c2,23bb56bab9c717ddec6fbab9b1689e0959c4852915408db42fd39339a453f8c2,COc1ccc(Nc2cnccc2C#N)cc1OC(C)C,CC(C)Oc1cc(Nc2cnccc2C#N)ccc1F,CC(C)Oc1cc(Nc2cnccc2C#N)ccc1F,1,0.7551020408163265,True,True
hybrid_384,4e4f0e324db6fcd327f12ef76bba6ea1e50c3b087d4d918cdf9e5c82fed17d04,CCC[*:1]>>CC[*:1],c696b91f7896aa26b26e758fe49b2f338b8e5fc3be7fb4eba218a0ec955bf60f,e195e3714dabe8dad2422b249d93349204138b9b7edfab89323abd0ec1636d8e,e195e3714dabe8dad2422b249d93349204138b9b7edfab89323abd0ec1636d8e,CCCc1ccc(C(CN(C)C2CCCC2)NCC)cc1,CCNC(CN(C)C1CCCC1)c1ccc(CC)cc1,CCNC(CN(C)C1CCCC1)c1ccc(CC)cc1,1,0.825,True,True
hybrid_384,f05a77240fe99d9ba232109683d382738cedb5d7d8730bb30c4d2ffe9507f42a,C[*:1]>>F[*:1],c191146da8268f3ce252020bfc7af07d5519447fca18ce221cb9d26f2933de88,06412a36a24650778b4345efff2f099051b6a5d4b8de59b52fb5421b209ed2ac,06412a36a24650778b4345efff2f099051b6a5d4b8de59b52fb5421b209ed2ac,CC(C)(C)OC(=O)C1(C)CC2CCC1C2,CC(C)(C)OC(=O)C1(F)CC2CCC1C2,CC(C)(C)OC(=O)C1(F)CC2CCC1C2,1,0.6486486486486487,True,True
hybrid_384,0d4fcabc9ea0dea0e2f4e4d4efc96242c6557d1ce68012731a44bd9e16256dd2,CC[*:1]>>C[*:1],2036bc09eb189a0bb5db3f9333016ecda8bf7399e99a54618d44d56eb8177c8f,8454ef5747cfa658ac423f68eaee25110018c53535d94bb061e7fe1c16a95a0a,8454ef5747cfa658ac423f68eaee25110018c53535d94bb061e7fe1c16a95a0a,CCCOCCN1C(=O)C(CC)NC(=O)C1C(C)(C)C,CCOCCN1C(=O)C(CC)NC(=O)C1C(C)(C)C,CCOCCN1C(=O)C(CC)NC(=O)C1C(C)(C)C,1,0.825,True,True
hybrid_384,7aaeff1b7fac41b4fde535023405361067ae6080b0b89e8c36bab013033ca95d,COc1cccc([*:1])c1>>Fc1ccc([*:1])cc1,b72cff1c29c1f2cb34cd6919025df300a36ea4f7f3330f11d20444a72ae3d108,7856b610d887b52e974ca72db45547edd808ae611d6e703f8d2853e77dd0a4a3,7856b610d887b52e974ca72db45547edd808ae611d6e703f8d2853e77dd0a4a3,COc1cccc(OC(C)C(=O)NCCCN2CCCC2)c1,CC(Oc1ccc(F)cc1)C(=O)NCCCN1CCCC1,CC(Oc1ccc(F)cc1)C(=O)NCCCN1CCCC1,1,0.6862745098039216,True,True
hybrid_384,bc7d7cf9552afcb49bc14716765060d63fc56a14200eb5abcf00ae17c9b12c31,CCCC[*:1]>>C[*:1],b9656bd17de077a10e3d85d43b928d5822a5267ed3aa017081442e4b42acb8ac,1022c26ffc6fa90580f07cecfd38d6726628687c7408afcafbc1b5885c601557,1022c26ffc6fa90580f07cecfd38d6726628687c7408afcafbc1b5885c601557,CCCCN(C(=O)NCC(C1CCCCC1)[NH+](C)C)C1CC1,CN(C(=O)NCC(C1CCCCC1)[NH+](C)C)C1CC1,CN(C(=O)NCC(C1CCCCC1)[NH+](C)C)C1CC1,1,0.6444444444444445,True,True
hybrid_384,3a78d5a3dbfd26e84c05da8f475706c14037d465fe57202a4900922982011c12,CC(C)[*:1]>>COC[*:1],dfcde5e1698353327b05ec20bda7ff2a4b0e3d695da620e0e8f1b2f0de44f7f5,00d2e621a553d2581e8915d380e8d795079ac6b9585bbfc41c0d968b52bcb68f,00d2e621a553d2581e8915d380e8d795079ac6b9585bbfc41c0d968b52bcb68f,CC(C)CC1(CNS(=O)(=O)c2cncc(Cl)c2)CCC1,COCCC1(CNS(=O)(=O)c2cncc(Cl)c2)CCC1,COCCC1(CNS(=O)(=O)c2cncc(Cl)c2)CCC1,1,0.6862745098039216,True,True
hybrid_384,fe877a537f5fdfd9965198a258055c1737ce0ff3895227b9040a4f3bb7f16f71,CC(C)[*:1]>>CCC[*:1],891ee8335249d65a2feb529cb3ddfa242d4253c05c0fb58fe480ca485cc1a163,f6e104f67bbf6fc4e3e4261cbd718f706ad51914cd924399ffdefa10e9876bbf,f6e104f67bbf6fc4e3e4261cbd718f706ad51914cd924399ffdefa10e9876bbf,CCN(CC(C)C)C(=O)CCC1C(C)Nc2ccnn2C1C,CCCCN(CC)C(=O)CCC1C(C)Nc2ccnn2C1C,CCCCN(CC)C(=O)CCC1C(C)Nc2ccnn2C1C,1,0.7454545454545455,True,True
hybrid_384,6990ded0e55b865a656a7b3382e1b74cc4790f530bf85c5568c70cf94470f693,N#C[*:1]>>O=[N+]([O-])[*:1],786d10769c543c2a15ddbe13ffca699a295090d0d5a9cf5d3cfd426aefbf4daf,40c8bcb235908962fde4837b0afaa5f531d496bb50ac74960e3c5b04c1472b69,40c8bcb235908962fde4837b0afaa5f531d496bb50ac74960e3c5b04c1472b69,CC(Oc1ccc(C#N)c(Cl)c1)c1cnccn1,CC(Oc1ccc([N+](=O)[O-])c(Cl)c1)c1cnccn1,CC(Oc1ccc([N+](=O)[O-])c(Cl)c1)c1cnccn1,1,0.6078431372549019,True,True
hybrid_384,367ef70bbcaea1103b1863375e6399dd3742549cef34e9c0680638e91d6d63d5,C[*:1]>>O=C(O)[*:1],ec7194b08570352a6684adb14f37e974acef2ae00b661af32ba041cb51e7ee03,c7f20b1c1a2e9e7c4acb534bda0d118e31951009ce684b2f603dcd00cfd46663,c7f20b1c1a2e9e7c4acb534bda0d118e31951009ce684b2f603dcd00cfd46663,CCCC1CCN(C(=O)c2ccc(=O)oc2)CC1,O=C(O)CCC1CCN(C(=O)c2ccc(=O)oc2)CC1,O=C(O)CCC1CCN(C(=O)c2ccc(=O)oc2)CC1,1,0.75,True,True
hybrid_384,a48e1e2f3187d087f5642240a013dc2016e3fb23e0f88d5719b3bc89b7a4dd4d,CO[*:1]>>C[*:1],33bc4a78c29e782eabe1f5524ba474f6dfcd8729d656a1fe6f98b8f86f0d1fda,4f28041e730863f054a5e75c2e89c0787cf98564935cb5146ea8c34df60479c4,4f28041e730863f054a5e75c2e89c0787cf98564935cb5146ea8c34df60479c4,C=C(C)C[NH+]1CC(C)C(NC(=O)C(OC)c2cnn(C)c2)C1,C=C(C)C[NH+]1CC(C)C(NC(=O)C(C)c2cnn(C)c2)C1,C=C(C)C[NH+]1CC(C)C(NC(=O)C(C)c2cnn(C)c2)C1,1,0.7678571428571429,True,True
hybrid_384,93f4748c982f6458044e4278bf623b39214b7d9947f0cf87f35f377602b3bc5b,CCC[*:1]>>C[*:1],ec01fb5e1053574e87348e4c9614ece037fff18e806b45fd87bdc0117e1b4242,8d7052c76e5682f26076000e1f854c3572bd33d7b011a9f5bec96af4bea83972,8d7052c76e5682f26076000e1f854c3572bd33d7b011a9f5bec96af4bea83972,CCCc1n[nH]cc1C(=O)NCC1(C)CCC(C)CC1,Cc1n[nH]cc1C(=O)NCC1(C)CCC(C)CC1,Cc1n[nH]cc1C(=O)NCC1(C)CCC(C)CC1,1,0.7142857142857143,True,True
hybrid_384,d81783f136e868d62b1724b0343d7618df12d844c1b2f94517fed67b26d64c4b,C[*:1]>>OCC[*:1],cd4edf1c6e9f1e199929ee229894682c282ea72c3eaabcd61419b4d0af5971a7,c01a28e6f51bfb68de98a45b4736af32b481f57c1055ca6e5adfb25e9ca350db,c01a28e6f51bfb68de98a45b4736af32b481f57c1055ca6e5adfb25e9ca350db,CCN(C(=O)c1cc2c(F)cccc2s1)C1CC[NH+](C)C1,CCN(C(=O)c1cc2c(F)cccc2s1)C1CC[NH+](CCO)C1,CCN(C(=O)c1cc2c(F)cccc2s1)C1CC[NH+](CCO)C1,1,0.7678571428571429,True,True
hybrid_384,59c5d41c0b2049f24d088c4a20e9c2eedf90555b878d4a7f51b6f3ef77421de5,CCCC[*:1]>>CCC[*:1],550bd5e87ef180b2a762cd49fb7c3f1fbf4207c6a6d88fef11470aeb4fed64c2,b770c2047768820b499b32cbe009df9e289b342fbf5d53b65ecdb37262a556c5,b770c2047768820b499b32cbe009df9e289b342fbf5d53b65ecdb37262a556c5,CCCCN(C)c1ccc(C(=O)OC2CN(C(C)=O)C2)cc1,CCCN(C)c1ccc(C(=O)OC2CN(C(C)=O)C2)cc1,CCCN(C)c1ccc(C(=O)OC2CN(C(C)=O)C2)cc1,1,0.8636363636363636,True,True
hybrid_384,526f4c131661d5a8f14859ed5934f2b7d317f8fb77579958fc967dfcbba4569f,C=C[*:1]>>COC[*:1],5a669d7eca624d435a391f991f791d148378adf0a3cc20248fe66ecf63da4438,740ad3558e2d0771ffb3fe2e8bfc846a287be673c6d7dbd1eac5fe18affebf6c,740ad3558e2d0771ffb3fe2e8bfc846a287be673c6d7dbd1eac5fe18affebf6c,C=CC[NH+]1CC(O)C(NC(=O)C(C2CC2)[NH+](C)C)C1,COCC[NH+]1CC(O)C(NC(=O)C(C2CC2)[NH+](C)C)C1,COCC[NH+]1CC(O)C(NC(=O)C(C2CC2)[NH+](C)C)C1,1,0.66,True,True
hybrid_384,64f7ff153adb22f2d1d386f5f9545c24f2ec12bc292a91e5431b289245b5f00d,C[*:1]>>Cl[*:1],3ddc10732df572871019219493cd02c07b8e3632e8a4e8e87645e88d2c267755,ca560c59a870efce58ba7192b4a42e95b76d82fa5ad7fc4eba2610f7b3512c35,ca560c59a870efce58ba7192b4a42e95b76d82fa5ad7fc4eba2610f7b3512c35,COC(c1noc(-c2cccc(C)c2N)n1)C1CC1,COC(c1noc(-c2cccc(Cl)c2N)n1)C1CC1,COC(c1noc(-c2cccc(Cl)c2N)n1)C1CC1,1,0.7708333333333334,True,True
hybrid_384,97093284232575a0525c431499daa09d40b7ec584a395688bfcde2e2f81a1a51,CO[*:1]>>O=C(O)[*:1],2e68694b5169bd540a0ee865b558c754efd04af7ba15465299f26b2d944ec769,49bd5a90523603b83d98db2fce391b1ce72d64ccba064ba70dc92f24aae4d7bd,49bd5a90523603b83d98db2fce391b1ce72d64ccba064ba70dc92f24aae4d7bd,COC(C(=O)O)C1CC2CCC1C2,O=C(O)C(C(=O)O)C1CC2CCC1C2,O=C(O)C(C(=O)O)C1CC2CCC1C2,1,0.59375,True,True
hybrid_384,e2c19fcb9214bc40d33263ff9c368e80993048482156c3655b0127d2a55eacc4,C[*:1]>>FC(F)(F)[*:1],b464fa4609208f00052d57be432418197c0024703d20ede470a75dc18ac2662a,91f23b9a947d8304ed14683fd1633c284ad1e75de99e56a33fdf775afaa8c1d1,91f23b9a947d8304ed14683fd1633c284ad1e75de99e56a33fdf775afaa8c1d1,CCC(=O)Nc1ccc(Nc2ccccc2C)cn1,CCC(=O)Nc1ccc(Nc2ccccc2C(F)(F)F)cn1,CCC(=O)Nc1ccc(Nc2ccccc2C(F)(F)F)cn1,1,0.7021276595744681,True,True
hybrid_384,a1a71572f88e98f741afaab545463d00df1c542b29346cf09b0556f317f0100c,CO[*:1]>>F[*:1],eef9d26df274712f3128c5d2c3e35ae4babb524ff9247b1edac647ed5ee94587,e88ce0620ba209d153eaacb48ec49eb07d8e70f057aebdd74ec8fa17f1759eeb,e88ce0620ba209d153eaacb48ec49eb07d8e70f057aebdd74ec8fa17f1759eeb,CCC1(C)NC(=O)C(C)N(CCCOC)C1=O,CCC1(C)NC(=O)C(C)N(CCCF)C1=O,CCC1(C)NC(=O)C(C)N(CCCF)C1=O,1,0.7073170731707317,True,True
hybrid_384,c1e90d02965e2f493409c174d1af8d0ea860fc97a4e0971907673aa30904be59,CCC[*:1]>>CC[*:1],ab42030b6276f7e6ef8d8ce845ef1bbf579e6b1601a6dae1a68be9d22ba0ac8e,a0eab22c2683677aa1f66e2f72950279d0337106e9b20b6588b6cf58bc5dda0b,a0eab22c2683677aa1f66e2f72950279d0337106e9b20b6588b6cf58bc5dda0b,CCCC(C)N1C(=O)C(C)NC(=O)C1C(C)C,CCC(C)N1C(=O)C(C)NC(=O)C1C(C)C,CCC(C)N1C(=O)C(C)NC(=O)C1C(C)C,1,0.7714285714285715,True,True
hybrid_384,5220d611cd261e03cf633b176d8f19d6bda34457e5e196e1dd3dde2d8fd37100,C[*:1]>>F[*:1],af40617898902f54204ed83524784ac2fd1ba0f6ac164a58fa1e40cf0500f514,7bfc02b767cc5b3721fb00c9f98ae862c94d282021bd7057097325c2a5449380,7bfc02b767cc5b3721fb00c9f98ae862c94d282021bd7057097325c2a5449380,Cc1ccc(Br)cc1OS(=O)(=O)C1CCS(=O)(=O)CC1,O=S1(=O)CCC(S(=O)(=O)Oc2cc(Br)ccc2F)CC1,O=S1(=O)CCC(S(=O)(=O)Oc2cc(Br)ccc2F)CC1,1,0.7209302325581395,True,True
hybrid_384,8bf9fe553166f1041e8475c5564e9dd973eb78a3d997ba947f8a34c6659b9bf4,CC[*:1]>>C[*:1],3302e85ad1544193a0df63f730fa447a612fbe4ba687be65fc749e3946bdb3ba,635051bbcdba716ff9f032033e03e88687e3e127e9598833f453487167a18a41,635051bbcdba716ff9f032033e03e88687e3e127e9598833f453487167a18a41,CCSc1cccc2c1-c1ccc(CS(N)(=O)=O)cc1C(c1ccc(OC)c(OC)c1)O2,COc1ccc(C2Oc3cccc(SC)c3-c3ccc(CS(N)(=O)=O)cc32)cc1OC,COc1ccc(C2Oc3cccc(SC)c3-c3ccc(CS(N)(=O)=O)cc32)cc1OC,1,0.8387096774193549,True,True
hybrid_384,0c3a6644a5d008b35958220ef79d89d35971b7cface5aef9933435f758b0dd83,COc1cccc([*:1])c1>>Fc1ccc([*:1])cc1,745f7cde2b624b0acdaa4415597bb1fd413b1dce4bf5a6f9f76e05f23a0c64a6,afdee656bb4afda702e6059f7c4788d7bf8e26056de0c9e6c6d8aad483e9ff6c,afdee656bb4afda702e6059f7c4788d7bf8e26056de0c9e6c6d8aad483e9ff6c,COc1cccc(Cn2cc(S(=O)(=O)CC(=O)Nc3cc(C)on3)c3ccccc32)c1,Cc1cc(NC(=O)CS(=O)(=O)c2cn(Cc3ccc(F)cc3)c3ccccc23)no1,Cc1cc(NC(=O)CS(=O)(=O)c2cn(Cc3ccc(F)cc3)c3ccccc23)no1,1,0.7313432835820896,True,True
hybrid_384,ea88a59e0b7eb96716e6b8961e59097fa916b31cc32fdc29283d8d204ecb0a16,CCCC[*:1]>>C[*:1],5138c8d17fe8e12b4e4d36862ac46e32a85fe6e5a0e3a85a76316d9711a4e674,3e22fdce4f1ecf84cb5f9414a152681dd0179c1590d44287183425e06004cd32,3e22fdce4f1ecf84cb5f9414a152681dd0179c1590d44287183425e06004cd32,CCCCCC(=O)OC1CC2CC1C(C)C2C,CCC(=O)OC1CC2CC1C(C)C2C,CCC(=O)OC1CC2CC1C(C)C2C,1,0.6944444444444444,True,True
hybrid_384,ce111a7f10e018ad5fcceae133c43a551a066391663786e3a2fec7ab024e6c9c,CC(C)[*:1]>>COC[*:1],c0215a80d3d47517114383eff5323dee19f04ac20ae8520974cecff395fcef06,3360701bf7ad4b13f5e35c82afa49fc87f5162e43050289e20f48fedfeb5c909,3360701bf7ad4b13f5e35c82afa49fc87f5162e43050289e20f48fedfeb5c909,CC(C)C(Cl)CNCC1CC2CCC1C2,COCC(Cl)CNCC1CC2CCC1C2,COCC(Cl)CNCC1CC2CCC1C2,1,0.625,True,True
hybrid_384,77b8e7aa2ecb714438cac19ca446da8a76fdbb724234c171c8662c0b2714401e,CC(C)[*:1]>>CCC[*:1],2aa61899f5e01f279bf46e78a31474c2412b00377ac3f15f664aac506863e0f4,6b1911e11d6628633e2aa78290feeb1053f6b7220cc48e4b396b0a73e4f06a82,6b1911e11d6628633e2aa78290feeb1053f6b7220cc48e4b396b0a73e4f06a82,CCN(c1ccccc1)c1cncc(C(=O)NC(C)C)c1,CCCNC(=O)c1cncc(N(CC)c2ccccc2)c1,CCCNC(=O)c1cncc(N(CC)c2ccccc2)c1,1,0.7021276595744681,True,True
hybrid_384,2f46dc0031051d6252d2d37134d22a1be8540b8549acc6ae177742262d6f7e41,C[*:1]>>O=C(O)[*:1],6352319547918f85fdca039fa48ebf2531611594ef7c0c30bb235f2d41e3a698,f24dc2a8b92f13fed03edc63ee82b766a166bfb00a80d2b4a40d2f99c8eebb55,f24dc2a8b92f13fed03edc63ee82b766a166bfb00a80d2b4a40d2f99c8eebb55,Cc1ccncc1NC(=O)c1ccc2c(c1)OCO2,O=C(Nc1cnccc1C(=O)O)c1ccc2c(c1)OCO2,O=C(Nc1cnccc1C(=O)O)c1ccc2c(c1)OCO2,1,0.723404255319149,True,True
hybrid_384,df257d6f2d4c877852311ef31dcd073e130ac0a9d6ce74ec6e9816b70f6fc4d2,CO[*:1]>>C[*:1],fb733407d2b3560a3ba99dd0075007844186dd9f9ad8cdf9caf9eb37485fe89a,44ab9d356250b0e4b761dc861b7161d09b5da80be12fdba346a408c65fe4c9f1,44ab9d356250b0e4b761dc861b7161d09b5da80be12fdba346a408c65fe4c9f1,COc1ncc(C)cc1NC(=O)C(=O)NCCN1CCOCC1C,Cc1cnc(C)c(NC(=O)C(=O)NCCN2CCOCC2C)c1,Cc1cnc(C)c(NC(=O)C(=O)NCCN2CCOCC2C)c1,1,0.7931034482758621,True,True
hybrid_384,3649df0fd01340a49f79794b4953d741c35e8711f2d716bb696c9a2990d69c73,CCC[*:1]>>C[*:1],2a0af10ed3acf8bd7a7a95178b234ae396b036fc8d1c59a05809030caf1597c1,2820a90c45c3d444e59a57cb80a1f5115cec3ce07d5a4dbe093cef51fa9c213c,2820a90c45c3d444e59a57cb80a1f5115cec3ce07d5a4dbe093cef51fa9c213c,CCC[NH+]1CC2CCCN(C(=O)CN3CCCNC3=O)C2C1,C[NH+]1CC2CCCN(C(=O)CN3CCCNC3=O)C2C1,C[NH+]1CC2CCCN(C(=O)CN3CCCNC3=O)C2C1,1,0.7307692307692307,True,True
hybrid_384,2d700bfc2ea0a91ed13a89d21118cca30a5cab92bfd90e6810a67e8085757c4a,C[*:1]>>OCC[*:1],5782d292ac777e6bedd6c773861a9049aa6c8afcc9bbce1e010cdca1673d1374,6b800c4c35cc1e20d7dc655a73b914c2c6cf395c2b760d023bffe4d7bff8309c,6b800c4c35cc1e20d7dc655a73b914c2c6cf395c2b760d023bffe4d7bff8309c,CCN(C(=O)C1CC2(CC2)C1)C1CC[NH+](C)C1,CCN(C(=O)C1CC2(CC2)C1)C1CC[NH+](CCO)C1,CCN(C(=O)C1CC2(CC2)C1)C1CC[NH+](CCO)C1,1,0.6888888888888889,True,True
hybrid_384,f6ad151c989841f95eff2621cc2136f751c4aaa2717aa493aa13bc87b090d526,CCCC[*:1]>>CCC[*:1],d7d73fed13e2921a78a75717bd78e18bb7ec7d23943f583e6ac5b1a6c26d440a,4b0a9f91b882a174b8ee6c7211c5cab12fc4250af8192fc4cd7b0009594d020b,4b0a9f91b882a174b8ee6c7211c5cab12fc4250af8192fc4cd7b0009594d020b,CCCCN1CCOC(CNC(=O)c2c(Cl)cncc2Cl)C1,CCCN1CCOC(CNC(=O)c2c(Cl)cncc2Cl)C1,CCCN1CCOC(CNC(=O)c2c(Cl)cncc2Cl)C1,1,0.8775510204081632,True,True
hybrid_384,76f1ba49fc9f26750eef4c91d8acdbd642a88e15ceb8be880a8f82e2f1486335,C=C[*:1]>>COC[*:1],24cf1bbc81c3a2c29b91847bbaae1e33b1d0d4fe89d311729ebdf75efb32b566,2f025c4ad998a482d7db95297bbc8a899f587400e43f9c3cf60e64e68095ab20,2f025c4ad998a482d7db95297bbc8a899f587400e43f9c3cf60e64e68095ab20,C=CCN1CCOCC1CNC(=O)c1cccc(OC)c1C,COCCN1CCOCC1CNC(=O)c1cccc(OC)c1C,COCCN1CCOCC1CNC(=O)c1cccc(OC)c1C,1,0.7627118644067796,True,True
hybrid_384,a91ac5e98f0bcaff212f60db6f1546028909b99e010471007f1ff2f8cca50344,C[*:1]>>Cl[*:1],48aca7d2496a3972cdd1d61fd9dfd1da52323a68a5f59bed3347ab8ada44b3f2,43e7cbc963f6cdd1adf9921b2100d2fa1475c2c3ccc36b41d3748440b42bce36,43e7cbc963f6cdd1adf9921b2100d2fa1475c2c3ccc36b41d3748440b42bce36,Cc1ccc(CC2C3CCC(CC2(F)F)N3)cc1,FC1(F)CC2CCC(N2)C1Cc1ccc(Cl)cc1,FC1(F)CC2CCC(N2)C1Cc1ccc(Cl)cc1,1,0.75,True,True
hybrid_384,07440a1ff921f5727f33bf68a08aa16cb5159b381c41d67f6562453d2552f923,CO[*:1]>>O=C(O)[*:1],105139d2b4251bfed2c67fc88ae665ecc32c4738c1078d708e2596bfee7082f7,0b1df14fc662573611546d615218bca0fcae34f4308c4ed921e9800a0f852cb1,a96f5920dddb3b9c782a4f404fed26f922f86f385e15c158999e66720bed45dc,COC1CCCN(C(=O)C(NC(=O)NCc2ccccc2)C(C)C)C1,CC(C)C(NC(=O)NCc1ccccc1)C(=O)N1CCCC(C(=O)O)C1,CCC1(O)CCN(C(=O)C(NC(=O)NCc2ccccc2)C(C)C)CC1,3,0.5833333333333334,True,False
hybrid_384,4cce961e187b4b849f7005c27b3b005972e501fa9fe6ecf9946024b722e20725,C[*:1]>>FC(F)(F)[*:1],484de38f0354348a20221712191a7bd5d299d25a8e10e3db245b370cb68bb808,48fa38bb924a508b630c67abbd954ef848d99cc54050db71cfc06c98bb73be51,48fa38bb924a508b630c67abbd954ef848d99cc54050db71cfc06c98bb73be51,Cc1ccc(Nc2cccc(C(N)=O)c2N)cn1,NC(=O)c1cccc(Nc2ccc(C(F)(F)F)nc2)c1N,NC(=O)c1cccc(Nc2ccc(C(F)(F)F)nc2)c1N,1,0.6739130434782609,True,True
hybrid_384,f132cf7361debb199ea3aa1f73a7ff1d85529a7e6b4fa59b7760323d07686504,CO[*:1]>>F[*:1],1bb417ae8a67b3bfa59413e8015d4a9a009b402b396f5555b75b8e918ef8b663,96aef6b9acf0b0a5f77fd3d3611fc53a39ef376bef84e2969f5e0806c26f409c,9d44503cdb1afcd4c96270feab3960292e1eadd44af562b69de488145f096931,COc1cncc(Nc2cc(F)cc(C(N)=O)c2)c1,NC(=O)c1cc(F)cc(Nc2cncc(F)c2)c1,COc1cc(F)c(Nc2cncc(C(N)=O)c2)c(F)c1,3,0.6041666666666666,True,False
hybrid_384,2a8895d4e179501829ee1dabab9329709899233192182d945ba9cd22dbcad052,CCC[*:1]>>CC[*:1],504f9e16e83b770c525fd34556b16613d0e15a3dc3504a90166fd812d6f56dd0,6d50fac40d149f2abd00088b28f43076349b3e8ad69298c69900a6c3379da196,6d50fac40d149f2abd00088b28f43076349b3e8ad69298c69900a6c3379da196,CCCc1cc(C(=O)NCC2CCN2C(=O)C2(C)CNC(=O)C2)no1,CCc1cc(C(=O)NCC2CCN2C(=O)C2(C)CNC(=O)C2)no1,CCc1cc(C(=O)NCC2CCN2C(=O)C2(C)CNC(=O)C2)no1,1,0.8666666666666667,True,True
hybrid_384,8c568f1dd4fb248c8dfdc125525a7bea8be31415b182186be8b2dd127705411f,C[*:1]>>F[*:1],cc7e133e90199b7c22141d046edb74182d22c0ab92ee75eb8893ec91298ee093,126b2871fcc8ec6bfa362db98e735ca96e4bab2dc0a2ab5cacf2dc95495fb4fd,126b2871fcc8ec6bfa362db98e735ca96e4bab2dc0a2ab5cacf2dc95495fb4fd,Cc1ccc(Cn2nnc(C(=O)Nc3ccc(C)cc3F)c2-n2cccc2)cc1,Cc1ccc(Cn2nnc(C(=O)Nc3ccc(F)cc3F)c2-n2cccc2)cc1,Cc1ccc(Cn2nnc(C(=O)Nc3ccc(F)cc3F)c2-n2cccc2)cc1,1,0.8888888888888888,True,True
hybrid_384,a4c15a63c3c12692aa796c5330e62b9a4a140315b09eff6970b355a1ebc5cc8a,CC[*:1]>>C[*:1],977008221391a34b7d46b34d3d4d4b2ac6993b179a0e2374378321a2415a86dd,af20a3b7f542e7aa8ebd139d3a30a2f0141fe914809a9fcb519de54fc3f2f529,af20a3b7f542e7aa8ebd139d3a30a2f0141fe914809a9fcb519de54fc3f2f529,CCSC1CCCC1NCC(O)c1ccccc1,CSC1CCCC1NCC(O)c1ccccc1,CSC1CCCC1NCC(O)c1ccccc1,1,0.7619047619047619,True,True
hybrid_384,4cdb05ece0b205a9341fefc27ea9732d6fd5f7e40c0165a9d4adf7857ab2f9aa,COc1cccc([*:1])c1>>Fc1ccc([*:1])cc1,8bcd82a7c44526b277ad60ad47d21a64e4f1f30e76c31071c0c07055fc595153,453b90fbdbb6f6b4a6be043025502bf4d41c4395526303105617931b72578f12,453b90fbdbb6f6b4a6be043025502bf4d41c4395526303105617931b72578f12,COc1cccc(C(CNC(=O)C2(c3cccc(OC)c3)CCCC2)N(C)C)c1,COc1cccc(C(CNC(=O)C2(c3ccc(F)cc3)CCCC2)N(C)C)c1,COc1cccc(C(CNC(=O)C2(c3ccc(F)cc3)CCCC2)N(C)C)c1,1,0.8181818181818182,True,True
hybrid_384,b1d5e326de3b3bbb0970ecbe069a9b79ff01911364c57739b73379835dff436f,CCCC[*:1]>>C[*:1],94465c2ba27200d381509c3ee8cb1e24c23721c8c14f20ad9ec4b409ee4e79ce,d780cb121c70ee15c8123140a76e4c68565f412177f21bf6fb96099aabd2207a,d780cb121c70ee15c8123140a76e4c68565f412177f21bf6fb96099aabd2207a,CCCCC(=O)Oc1ccc2nc3c(c(CC)c2c1)Cn1c-3cc2c(c1=O)COC(=O)C2(O)CC,CCc1c2c(nc3ccc(OC(C)=O)cc13)-c1cc3c(c(=O)n1C2)COC(=O)C3(O)CC,CCc1c2c(nc3ccc(OC(C)=O)cc13)-c1cc3c(c(=O)n1C2)COC(=O)C3(O)CC,1,0.821917808219178,True,True
hybrid_384,89ac8bf64797ae0cb8de951c7d38edf48de09f7b5f4b0bb9924bd2e8e6757edf,CC(C)[*:1]>>COC[*:1],28f01b514c67a584bc92e7d29069a2c8e854cec7de49b89216b96987614af02b,fee846ccf9c598847db63426c61ffc58b1d31b583b85555a8aa6b403853346ae,fee846ccf9c598847db63426c61ffc58b1d31b583b85555a8aa6b403853346ae,Cc1nn(C)cc1C(=O)NCC1CCCCC1NC(=O)C(C)C,COCC(=O)NC1CCCCC1CNC(=O)c1cn(C)nc1C,COCC(=O)NC1CCCCC1CNC(=O)c1cn(C)nc1C,1,0.7090909090909091,True,True
hybrid_384,76092d45a64ed376a6e67b26267374beb175a2eae6fa2fedc6024f5de3caafe7,CC(C)[*:1]>>CCC[*:1],cb48e65a0baa873112247fcc0da19cf0b60ef0b3859a2f35f28f96d91ebf3dce,d2d2963cd16f85763506ace7fbfad2e4a27d36f03b3e5cc716f475cc3a1a120f,d2d2963cd16f85763506ace7fbfad2e4a27d36f03b3e5cc716f475cc3a1a120f,CCC1C(=O)NC(C(C)C)C(=O)N1CCC(C)SC,CCCC1NC(=O)C(CC)N(CCC(C)SC)C1=O,CCCC1NC(=O)C(CC)N(CCC(C)SC)C1=O,1,0.6888888888888889,True,True
hybrid_384,70585ec5b70ccfff44e2e3c1945ecf2d8888d6c2b7d5c4c83fdd333c78d738db,C[*:1]>>O=C(O)[*:1],f02bcf07fe1aa73bcf1a7d44e9130636162318c0a4c60dcb5ace7713873ebced,e2e8206ed38713ef91159386141ee2f0c465b19faef1ec0954bbb151889b345c,ffa2827ca91f65f902896a7b6be699bc21565edfe5be3644662b423023e4ba75,Cc1nc(-c2coc3ccccc23)cs1,O=C(O)c1nc(-c2coc3ccccc23)cs1,CC(O)c1nc(-c2coc3ccccc23)cs1,2,0.6428571428571429,True,True
hybrid_384,bd8a08b6f4c5caf6e97f137148a6d9ec851840bf5cf17049bd05fbf5dad09134,CO[*:1]>>C[*:1],83ffba3ba3a23c05307b483310b7d7656475f203b1de10a1207b9f6880491ed9,7968c7c8aeacb67d69f693cdf1bd65e788a22b0b985a45cec6b8115d1d2795ea,7968c7c8aeacb67d69f693cdf1bd65e788a22b0b985a45cec6b8115d1d2795ea,CCCNC(CN(C)C1CCCC1)c1ccc(OC)cc1,CCCNC(CN(C)C1CCCC1)c1ccc(C)cc1,CCCNC(CN(C)C1CCCC1)c1ccc(C)cc1,1,0.75,True,True
hybrid_384,6481ba94815cc94d10fa552fd1a2a040ad9698786d35e4a30d468f44295402cc,CCC[*:1]>>C[*:1],3f4b213bf8b4d3b73a0de271352f0ac367a9a8ba7a5188fc6f792b290435f6b9,a6876def1d74915f4e58cdacd2a28c6f583fb15748fc595885478a8a03daa702,a6876def1d74915f4e58cdacd2a28c6f583fb15748fc595885478a8a03daa702,CCCC1CC1C(=O)NC1CC(NC(=O)CCn2nc(C)cc2C)C1,Cc1cc(C)n(CCC(=O)NC2CC(NC(=O)C3CC3C)C2)n1,Cc1cc(C)n(CCC(=O)NC2CC(NC(=O)C3CC3C)C2)n1,1,0.75,True,True
hybrid_384,f000a175e200f65c84b3f8394cdeb12971d9c33b487c9880b98a3a9ed2293cc6,C[*:1]>>OCC[*:1],b3e388bfe52a7993c169837c99c702e1816922a61629e4be81166b619346965a,bddc4f002485d0cd143f0269110043d12bd007515d679c0f202146d0bcdf61c2,bddc4f002485d0cd143f0269110043d12bd007515d679c0f202146d0bcdf61c2,CN(C(=O)CC1CCCCC1)C1CCC1,O=C(CC1CCCCC1)N(CCO)C1CCC1,O=C(CC1CCCCC1)N(CCO)C1CCC1,1,0.5588235294117647,True,True
hybrid_384,f467664779784332e29a835274b694b34e8ee4759e698c43fe4616ee6830f420,CCCC[*:1]>>CCC[*:1],78d584f3bb1a01c9548eeb029257c70fe8d353e3adc3376267ff0c3c9165fcd5,a5c3c7c56c3790e8e92280ee87a4c5177ac2716c35eb9ebe5f0da2a9dff34a7d,a5c3c7c56c3790e8e92280ee87a4c5177ac2716c35eb9ebe5f0da2a9dff34a7d,CCCCn1c(SCC2=C(C(=O)O)N3C(=O)C(N)C3SC2)n[nH]c(=O)c1=O,CCCn1c(SCC2=C(C(=O)O)N3C(=O)C(N)C3SC2)n[nH]c(=O)c1=O,CCCn1c(SCC2=C(C(=O)O)N3C(=O)C(N)C3SC2)n[nH]c(=O)c1=O,1,0.9,True,True
hybrid_384,69416f3afd058175ee86d3118a1f5b8e4a55609590d76471bcd7a0c2279a8177,C[*:1]>>Cl[*:1],139cce715183378e56fcfc7d708d796d28129efcf631f02fdbb970f0a8ab7383,30f8b28d5bbffa83a64a071e8716161d6fb74a1beee6f3648ff5fee92467fd8a,30f8b28d5bbffa83a64a071e8716161d6fb74a1beee6f3648ff5fee92467fd8a,CN=C(NCCc1cccc(C)c1)NCc1ccsc1,CN=C(NCCc1cccc(Cl)c1)NCc1ccsc1,CN=C(NCCc1cccc(Cl)c1)NCc1ccsc1,1,0.7872340425531915,True,True
hybrid_384,6a053c97ae265e07f675724801ce059edeffaa16a01f35811b1345facb4408f0,CO[*:1]>>O=C(O)[*:1],b5a4508f6b3abcdab9977025d3d78f741eb4965d4c75e0f5862db30a90050837,e007d72f8cc5fa29c9d5c84f7286a5482c963db806fa5a47d4d1d3dae056f039,e007d72f8cc5fa29c9d5c84f7286a5482c963db806fa5a47d4d1d3dae056f039,COc1cccc(N2C(=O)CC(N3CCN(CCO)CC3)C2=O)c1,O=C(O)c1cccc(N2C(=O)CC(N3CCN(CCO)CC3)C2=O)c1,O=C(O)c1cccc(N2C(=O)CC(N3CCN(CCO)CC3)C2=O)c1,1,0.7037037037037037,True,True
hybrid_384,54ad78052225edb61ade3caaa679bce1f746681a0cea98a7a38ecb2bfeed1660,C[*:1]>>FC(F)(F)[*:1],ab937b2be5d45c9b6ebf43905544f051e4aee0916837301fd5ef0d81b405323c,747c39aa20abf180eac8e5b4b257eb87da90fc3e66be561024e618d04c348b59,747c39aa20abf180eac8e5b4b257eb87da90fc3e66be561024e618d04c348b59,Cc1ccc(C2CC[NH+](Cc3scnc3C)C2)cc1,Cc1ncsc1C[NH+]1CCC(c2ccc(C(F)(F)F)cc2)C1,Cc1ncsc1C[NH+]1CCC(c2ccc(C(F)(F)F)cc2)C1,1,0.7608695652173914,True,True
hybrid_384,5e21c6dc6d14bb239c3d6433397156ea7be19b7931c3f7ef0eb6616fc821ce61,CO[*:1]>>F[*:1],a6ba39d65161c65ddbad2a535e182ca2fbe8189c23c65f1ecc4fc31a81a4fa77,74d7bff38d98dc66a800fd993ed3397211fa0655ef82bd79a0b468725cc32421,8f239895e43ef671dacb01efd2f9ee062d400c3ca3ae34b553f58d7d51ae721e,COc1ccc(C)c(N2CC(c3nc(-c4ccccn4)no3)CC2=O)c1,Cc1ccc(F)cc1N1CC(c2nc(-c3ccccn3)no2)CC1=O,COc1ccc(N2CC(c3nc(-c4ccccn4)no3)CC2=O)cc1F,5,0.6470588235294118,True,True
hybrid_384,6fc0b4ddbe993e5e58cfe7cfdfb8fc457fac4c60000962f862d4ab32d44ee553,CCC[*:1]>>CC[*:1],22aea0483ea3213b55f0eb1c30b52e4fe59f15c8ccfa6acff3da685591205b34,d5511c866e54b2bb666682c78533a0cee5a2473e64d054ea96f70b4618df40fe,d5511c866e54b2bb666682c78533a0cee5a2473e64d054ea96f70b4618df40fe,CCCCC(C)(C)OC(=O)C12CCC(CC1)C2,CCCC(C)(C)OC(=O)C12CCC(CC1)C2,CCCC(C)(C)OC(=O)C12CCC(CC1)C2,1,0.8333333333333334,True,True
hybrid_384,3cd2565423a1dac3cfb55b09e68cd2d63f777624bae3ee6c6a6646cbf65d709b,C[*:1]>>F[*:1],0fb3792e6e12b9873daaed9ce780bb65d9aa21617be889dac2fffcdc225df37f,df1887fec93caa63f19926f5bb73d2cbf813f05f6fc1ec102767c4b55476cd93,df1887fec93caa63f19926f5bb73d2cbf813f05f6fc1ec102767c4b55476cd93,CC1CCCC(NC(=O)c2cnn3c2OCCC3)C1,O=C(NC1CCCC(F)C1)c1cnn2c1OCCC2,O=C(NC1CCCC(F)C1)c1cnn2c1OCCC2,1,0.7647058823529411,True,True
hybrid_384,1c45381a160ac2bebef2e0ab717c0cf500695c0bf18872c9b827c687fe01b68f,CC[*:1]>>C[*:1],b8c5cc4102f231f047f9f492a94a3debd05193a148066fc28e6266cecb2ea6ee,7d5b4b7aba305eee6b44676ee481163d48c72ada72f17b9cbeb28e8a138801e8,7d5b4b7aba305eee6b44676ee481163d48c72ada72f17b9cbeb28e8a138801e8,CCCCC(CC)C(=O)NCC1CC(Nc2cnc(C#N)cn2)C1,CCCC(CC)C(=O)NCC1CC(Nc2cnc(C#N)cn2)C1,CCCC(CC)C(=O)NCC1CC(Nc2cnc(C#N)cn2)C1,1,0.8888888888888888,True,True
hybrid_384,a91ae3567b2c57c00fe786c7e15d03c32fc3ea3b8d9591f46a6e796cd5aabd95,CCCC[*:1]>>C[*:1],c71f28e52c0ce5ceaa7ed64c37bb820c4c2feb4960084e9fd2bec3ccdd4d57eb,0cb606a7cb03ee881407121aa0e8e69781fc79282ef87d6010b2838113eaac21,0cb606a7cb03ee881407121aa0e8e69781fc79282ef87d6010b2838113eaac21,CCCCCCCCN1C(=O)C(CC)NC(=O)C1(C)C,CCCCCN1C(=O)C(CC)NC(=O)C1(C)C,CCCCCN1C(=O)C(CC)NC(=O)C1(C)C,1,0.9696969696969697,True,True
hybrid_384,e4d17343fbdbd0e799603e22ffd708f15877dcaff810d66d6154ed513e2ded63,CC(C)[*:1]>>COC[*:1],a041a21a61a70e1a40204ec8f80348d7112a0e4f4a94d777f26febb9a7c5edb9,8778e5e790afa294ed2676940882cc30bd1aedc2baaa3f1caca76e962399affb,8778e5e790afa294ed2676940882cc30bd1aedc2baaa3f1caca76e962399affb,CCC1C(=O)NC(C)(CC)C(=O)N1CCCOCC(C)C,CCC1C(=O)NC(C)(CC)C(=O)N1CCCOCCOC,CCC1C(=O)NC(C)(CC)C(=O)N1CCCOCCOC,1,0.7291666666666666,True,True
hybrid_384,da576a6e783666d406c66deb529a3775c5bd831706933d3f60da4b977651515e,CC(C)[*:1]>>CCC[*:1],f310c3b9771c6ed004f30541c98bd25a53102e43f2c0b0def7057fce1c21389c,9a97418b1257387be3cb33928a760451a49e790d9218f32cb85ca05356c3077a,9a97418b1257387be3cb33928a760451a49e790d9218f32cb85ca05356c3077a,CC(C)C[NH+]1CCC(CNC(=O)c2cncn2-c2ccccc2)C1,CCCC[NH+]1CCC(CNC(=O)c2cncn2-c2ccccc2)C1,CCCC[NH+]1CCC(CNC(=O)c2cncn2-c2ccccc2)C1,1,0.75,True,True
hybrid_384,877baf07a29347fe4aa1b6b30480b87c29d4b9c8c3bde2143b93196ec0c5dd7e,C[*:1]>>O=C(O)[*:1],2c4e17868d7a15f922771021139f349dc1d6953fd12349d53f04e3ffb2a7dfd7,3c0cd8a3b2585965cdaec5bb18769b18ee1f71686b5573f5f165e0eea8602790,3c0cd8a3b2585965cdaec5bb18769b18ee1f71686b5573f5f165e0eea8602790,CCN(C(=O)C1CC2C=CC1C2)c1ccccc1,O=C(O)CN(C(=O)C1CC2C=CC1C2)c1ccccc1,O=C(O)CN(C(=O)C1CC2C=CC1C2)c1ccccc1,1,0.775,True,True
hybrid_384,aaadad8d3024a3282df217af90b8a65e3d481c0963af55e387864056bdef7f7e,CO[*:1]>>C[*:1],6302fcc0fd7eccfb8a101382aca4a3e28aac6eea4558bb7f00ca57b0ceefa919,706fff8be0955c7c31e0018575c98de145db0d623a72d56e84ffb8bbe916570f,706fff8be0955c7c31e0018575c98de145db0d623a72d56e84ffb8bbe916570f,COCC[NH+]1CCC2C(CCCN2C(=O)c2cc(C(N)=O)co2)C1,CCC[NH+]1CCC2C(CCCN2C(=O)c2cc(C(N)=O)co2)C1,CCC[NH+]1CCC2C(CCCN2C(=O)c2cc(C(N)=O)co2)C1,1,0.8103448275862069,True,True
hybrid_384,2a9fdc3fc31e2dfcf58493bdbea8e67acdcde1d89d0d1a707372df74801bb666,CCC[*:1]>>C[*:1],3833ee16139f297b9597762f78d74edc126ff8451913bfd446b129f88d93cb8d,9073448fd831b3c0c392f78f8463dc5f657bd0008370ecdc51f312ebd5d6a200,9073448fd831b3c0c392f78f8463dc5f657bd0008370ecdc51f312ebd5d6a200,CCCNC(c1csc2ccccc12)C1CCOC1CC,CCC1OCCC1C(NC)c1csc2ccccc12,CCC1OCCC1C(NC)c1csc2ccccc12,1,0.78,True,True
hybrid_384,057e74d4d5a96c949b89cc53e53745500f6849600a8da7183ad941e5270578f0,C[*:1]>>OCC[*:1],1b11f5cf144c0cd38550b923667c644f7ae4f8d577c57c442ccac8bc063c8a2e,341b7a2394219cafdf0e1bc8ded38097f1f58762b5394b90b94e76e905b458d1,341b7a2394219cafdf0e1bc8ded38097f1f58762b5394b90b94e76e905b458d1,CCC(C)NC(=O)C(=O)Nc1cnn(-c2ncccn2)c1,CCC(CCO)NC(=O)C(=O)Nc1cnn(-c2ncccn2)c1,CCC(CCO)NC(=O)C(=O)Nc1cnn(-c2ncccn2)c1,1,0.72,True,True
hybrid_384,ae4eaa2b950ef77e5bef95676fc5dce4bf59970978c468a2ebd9cca5934e6857,CCCC[*:1]>>CCC[*:1],f759bf906be4fdbc4b3a404eb94b7ca6c58e74d6f2d7e1210acb2326b641919a,af8117da516fad58dfac547ea69cae53c3bcc64d31d2251a08fbe85408c6b3a9,af8117da516fad58dfac547ea69cae53c3bcc64d31d2251a08fbe85408c6b3a9,CCCC[NH+]1CC(O)C(NC(=O)C2(c3cccnc3)CC2)C1,CCC[NH+]1CC(O)C(NC(=O)C2(c3cccnc3)CC2)C1,CCC[NH+]1CC(O)C(NC(=O)C2(c3cccnc3)CC2)C1,1,0.8846153846153846,True,True
hybrid_384,e78ea5b7d34216ce5b9f2471b757d76740a34944cf367bf24f43b88764e12b8d,C[*:1]>>Cl[*:1],2e3e0387a136aea504790194f92ee5d367b5e5736a6f1743a5de214efef48cf7,fa9b33fd3cf906ca26e09445fa03a95d8dcd5eb87f6b30e6740bf41a6bdc5871,fa9b33fd3cf906ca26e09445fa03a95d8dcd5eb87f6b30e6740bf41a6bdc5871,Cc1cccc(C(=O)N2CCC3CN(C(=O)C45CCCC4C5)C3C2)c1,O=C(c1cccc(Cl)c1)N1CCC2CN(C(=O)C34CCCC3C4)C2C1,O=C(c1cccc(Cl)c1)N1CCC2CN(C(=O)C34CCCC3C4)C2C1,1,0.7894736842105263,True,True
hybrid_384,c6581e8cfb63bd5fde0f2ab2fd72efc34e98010fb288a5454539ec59bef3b875,CO[*:1]>>O=C(O)[*:1],b858f490fd258f05b41845b491cebff1507a91a08d2efeb436f1240d16b4786f,27a2db9483b3d84774a09100e651c35d3b7d5afaedfa0d186cb75123777d6827,27a2db9483b3d84774a09100e651c35d3b7d5afaedfa0d186cb75123777d6827,COCC1(NC(=O)C2CC2c2c(F)cccc2F)CCCC1,O=C(O)CC1(NC(=O)C2CC2c2c(F)cccc2F)CCCC1,O=C(O)CC1(NC(=O)C2CC2c2c(F)cccc2F)CCCC1,1,0.7142857142857143,True,True
hybrid_384,46bbc5a5e507566f4e45ed3a77176a1aef13c79439f0bbf09356b1297dc3f14c,C[*:1]>>FC(F)(F)[*:1],b50ff8ce0407a10d89d145f1394103e7b361f4edb19b4aef2bed9194fb225b13,b93925f6990432e5d2958ed055b424a7af217ad4808284a952d14365ac2e7a50,b93925f6990432e5d2958ed055b424a7af217ad4808284a952d14365ac2e7a50,CCC[NH+]1CCN(Cc2cn(C)nc2C)CC1,CCC[NH+]1CCN(Cc2cn(C)nc2C(F)(F)F)CC1,CCC[NH+]1CCN(Cc2cn(C)nc2C(F)(F)F)CC1,1,0.6904761904761905,True,True
hybrid_384,a8ab2775012f5d6b7b54147c6e561648cf8ca102642d65af8d00a051fea32c9d,CO[*:1]>>F[*:1],4a1a2404da24e9ac120b919adcf2bd3cb6e375e5bf0bd0313b48ef02c57a46d9,c32efb48aacf6de4ead92ec2b5120bd7813bfafc7ad8f5bb1d62177599fbc5b1,c32efb48aacf6de4ead92ec2b5120bd7813bfafc7ad8f5bb1d62177599fbc5b1,COc1ccc2cc(C=NNC(=O)CN(c3ccccc3OC)S(=O)(=O)c3ccccc3)c(Cl)nc2c1,COc1ccc2cc(C=NNC(=O)CN(c3ccccc3F)S(=O)(=O)c3ccccc3)c(Cl)nc2c1,COc1ccc2cc(C=NNC(=O)CN(c3ccccc3F)S(=O)(=O)c3ccccc3)c(Cl)nc2c1,1,0.8676470588235294,True,True
hybrid_384,dccd46f757d43e6a14851cf0d76eb8b9d76c35dc22c04db50c3abc773b5a2d38,CCC[*:1]>>CC[*:1],5bcf60d80bfde07ddb39ccbf89fe3339370ccf88704e7bba5f94ec2da9b025f8,4bd1d10ecfa4731c18f6ca94bacd4d228189d3998462bf98e8cde9e2530483c4,4bd1d10ecfa4731c18f6ca94bacd4d228189d3998462bf98e8cde9e2530483c4,CCCN(CC1COc2ccccc2O1)C(=O)COC1CCCC1,CCN(CC1COc2ccccc2O1)C(=O)COC1CCCC1,CCN(CC1COc2ccccc2O1)C(=O)COC1CCCC1,1,0.84,True,True
hybrid_384,586430f991ce247682dcfc198efba2e268ac5bddecad8526b4525b5d742ce414,C[*:1]>>F[*:1],da86c1b952b5728a342623237c8357c8e93a77587774c9e0b78b086596b6cfc8,57f839322046e114724fa09278dc49b5a1bfad4640197afb9c07bd859c044de8,57f839322046e114724fa09278dc49b5a1bfad4640197afb9c07bd859c044de8,Cc1cccc(Nc2nc(N)c(C(=O)c3ccc(Br)cc3)s2)c1,Nc1nc(Nc2cccc(F)c2)sc1C(=O)c1ccc(Br)cc1,Nc1nc(Nc2cccc(F)c2)sc1C(=O)c1ccc(Br)cc1,1,0.7647058823529411,True,True
hybrid_384,96fc314634fb856a7c4c322a41ebed91c760bacdfa7963d2dde7f77277f82b5a,CC[*:1]>>C[*:1],e4d24511fd542714c45cb9a8441905bd4dd22f756e6676c0d0955ec21d21d7b6,7243ad54f9ccde83fe40a26c66ea85753c0de5be498feb2b1c5ee71f03a6f6c7,7243ad54f9ccde83fe40a26c66ea85753c0de5be498feb2b1c5ee71f03a6f6c7,CCCC(O)(CC)CC1CC2CCC1C2,CCC(O)(CC)CC1CC2CCC1C2,CCC(O)(CC)CC1CC2CCC1C2,1,0.8333333333333334,True,True
hybrid_384,5867dad4dcf03f9a6def09e3ebd4e12f03578e51a7158b86d0db5c89c9b08275,CCCC[*:1]>>C[*:1],3b2302829807c6f2ef0a3cf6ef7e42bdd76778ad0311bea986c02f30ee45f2aa,1161dac2984a9eb9e49b5380f944c39e0d785203c25413cf13470c9cda6db084,1161dac2984a9eb9e49b5380f944c39e0d785203c25413cf13470c9cda6db084,CCCCC(C)(F)C(=O)N1CC(C)Cn2nccc21,CC1CN(C(=O)C(C)(C)F)c2ccnn2C1,CC1CN(C(=O)C(C)(C)F)c2ccnn2C1,1,0.7021276595744681,True,True
hybrid_384,86a432476267e80d8fae12a6c93a23c4bfb65b3ff61c5a20963f28c2ef4e3820,CC(C)[*:1]>>COC[*:1],4438349d7ad13528db4ade81056cb53211a62d3c02e4ed589a2cbf29881e5dfd,328445d440723297721076540cb84cd1650a8c30a060abb26c9bfa8b5dc97e2f,328445d440723297721076540cb84cd1650a8c30a060abb26c9bfa8b5dc97e2f,Cc1cccc(NC(=O)NCC2(CC(C)C)CC2)n1,COCCC1(CNC(=O)Nc2cccc(C)n2)CC1,COCCC1(CNC(=O)Nc2cccc(C)n2)CC1,1,0.673469387755102,True,True
hybrid_384,228da5aac7287b939201bd240ed56e28530e2156bcf50f9c7ae6b48f95602e21,CC(C)[*:1]>>CCC[*:1],53a25931438e17ade456e407d2c5e8e61a8233800f90145a42f31d870405cb32,f9091287f26e1536837328fcd957b774dfbd7eaf80b2f1aeaea33af390e421c6,f9091287f26e1536837328fcd957b774dfbd7eaf80b2f1aeaea33af390e421c6,CC(C)n1nccc1CN1CCCC(c2nnc3n2CCC3)C1,CCCn1nccc1CN1CCCC(c2nnc3n2CCC3)C1,CCCn1nccc1CN1CCCC(c2nnc3n2CCC3)C1,1,0.7017543859649122,True,True
hybrid_384,a423e5f96277bd13165d03c94640deb6cc5dc33dd4960e456b0e243a4a5cd497,C[*:1]>>O=C(O)[*:1],a16481d642d2135a3e3a9ebb972d470217669cf67623a474e2e93259edd0e1f7,79a804a420a6adcf96a4966d47f5b2b45aaa53854360dda457054cf57bd4ca1e,79a804a420a6adcf96a4966d47f5b2b45aaa53854360dda457054cf57bd4ca1e,Cc1cc2c(nn1)SCCO2,O=C(O)c1cc2c(nn1)SCCO2,O=C(O)c1cc2c(nn1)SCCO2,1,0.5833333333333334,True,True
hybrid_384,8c48933cdcc2f646c34313e33b473b0840b5d5c8306875b203a871c21ce92656,CO[*:1]>>C[*:1],c3ca2ffe9ccfbb73eff9f85cb21aed8f97572fdadf2727f5a347bf1b27f01b5d,55f603276d2cbec867433cce1e59f0ef0a0f74cb00549bd046c550f50c78d512,55f603276d2cbec867433cce1e59f0ef0a0f74cb00549bd046c550f50c78d512,COc1cc2c3c(cnn3CCN(C3CN4CCC3CC4)C2=O)c1,Cc1cc2c3c(cnn3CCN(C3CN4CCC3CC4)C2=O)c1,Cc1cc2c3c(cnn3CCN(C3CN4CCC3CC4)C2=O)c1,1,0.7692307692307693,True,True
hybrid_384,a4e52e5c32403a6ea5a7d3bf0dba12148a7eb9b883d8b7edfb560e2dc4e76313,CCC[*:1]>>C[*:1],df5078ecf0f57b6f11319d6295bea57ff35f157831985381ad138bdfb6f7bc72,b7c7aafe115f1548dab5bf5142bd0f9eb065d6049dc0da145a093f9d1d86e817,b7c7aafe115f1548dab5bf5142bd0f9eb065d6049dc0da145a093f9d1d86e817,CCCC(C)CN1C(=O)C(C)NC(=O)C1(C)C,CC(C)CN1C(=O)C(C)NC(=O)C1(C)C,CC(C)CN1C(=O)C(C)NC(=O)C1(C)C,1,0.7027027027027027,True,True
hybrid_384,da3b0e54dade6cb9ab44da0030b46bdbf7af05b2f6281e9a3ef074425fae8233,C[*:1]>>OCC[*:1],4368b07ae134a305b48baa670aabe2de9484a8a0d3682fccfe8ea193c5219453,e660c2ec9aa60997c7e52a88c0ed233a9b2636e866211fc8ab1b1f74a2456c52,e660c2ec9aa60997c7e52a88c0ed233a9b2636e866211fc8ab1b1f74a2456c52,Cc1cn(-c2ccccc2Cl)nc1C(=O)N1CCCCC1C,Cc1cn(-c2ccccc2Cl)nc1C(=O)N1CCCCC1CCO,Cc1cn(-c2ccccc2Cl)nc1C(=O)N1CCCCC1CCO,1,0.7321428571428571,True,True
hybrid_384,0bda031afe18dfa00f6e60008fe6090b1f7d34fab10b00684fec3e6542991179,CCCC[*:1]>>CCC[*:1],9ea627533b4ac9ce82c239c1111ba97e3a52fc6cdaf88c824ca8daab62b5a760,c7b49870c094c369d04ba6acff16fea6b3c4568aeb899e5c8a21bae701282545,c7b49870c094c369d04ba6acff16fea6b3c4568aeb899e5c8a21bae701282545,CCCC[NH+]1CC(C)C(NC(=O)c2ccc3cncn3c2)C1,CCC[NH+]1CC(C)C(NC(=O)c2ccc3cncn3c2)C1,CCC[NH+]1CC(C)C(NC(=O)c2ccc3cncn3c2)C1,1,0.8867924528301887,True,True
hybrid_384,c7371d9bb2714e009160edc862460660055cc52753b882e5d8fc463e8726d2c7,C[*:1]>>Cl[*:1],692db16a8fbe8df61ea57dea2869271b85f3bf0d37f23da08b027da7ace72281,01f24e96fcc8e90a55467701382a95c21cab191c5daa2471342d6a6ae015cb21,01f24e96fcc8e90a55467701382a95c21cab191c5daa2471342d6a6ae015cb21,Cc1nn(C)c(C)c1C(=O)NCc1ccccc1Cn1cccn1,Cc1nn(C)c(Cl)c1C(=O)NCc1ccccc1Cn1cccn1,Cc1nn(C)c(Cl)c1C(=O)NCc1ccccc1Cn1cccn1,1,0.803921568627451,True,True
hybrid_384,95dd8b5027019bd7b4d7e6711dc90a0ae310fe61b168d8320a79bb5582ac8161,C[*:1]>>FC(F)(F)[*:1],1914e883d0c8f97ba5a2fdffebcce18ed916ad44969e1d2a628f249778cf4af5,56cbc419c0e3e41e064c8ab1c61ee19371c887fe0afebbcdfb50db79d367c8b6,56cbc419c0e3e41e064c8ab1c61ee19371c887fe0afebbcdfb50db79d367c8b6,CCNC(=O)c1cn(C2CCCC2)cc(C(=O)NCc2ccc(OC)cc2)c1=O,CCNC(=O)c1cn(C2CCCC2)cc(C(=O)NCc2ccc(OC(F)(F)F)cc2)c1=O,CCNC(=O)c1cn(C2CCCC2)cc(C(=O)NCc2ccc(OC(F)(F)F)cc2)c1=O,1,0.7818181818181819,True,True
hybrid_384,7f672b3f42fc1f4318e9b6f7ed07d953a0021ec5869bb6c41cab043650b7de22,CO[*:1]>>F[*:1],8c6ca6273a289a8fda0364f04cd311e8d071640597b658d399fc7350ec874fb3,a4ba2c023ba9fbc550fdbee0cf81dcf74db44d9702ede294e2a4a28e47a431e1,a4ba2c023ba9fbc550fdbee0cf81dcf74db44d9702ede294e2a4a28e47a431e1,COCCN1CC2CC1CN2C(=O)C1CCC2CC2CC1,O=C(C1CCC2CC2CC1)N1CC2CC1CN2CCF,O=C(C1CCC2CC2CC1)N1CC2CC1CN2CCF,1,0.6976744186046512,True,True
hybrid_384,6836a1a8c205191aa6e278c2063444d803667a55a6f03d65fcfa7d34da0624c4,CCC[*:1]>>CC[*:1],1f2bb102d29fe83f6533ec375ec051f6685f1e4c87fb01827cea19a5444a6ba8,8bc6c69f736c53989abbe148d954f36a676f56a71d820eac82ac9ff371783964,8bc6c69f736c53989abbe148d954f36a676f56a71d820eac82ac9ff371783964,CCCC(C)CC(=O)NC1CCCC1Oc1cnn(CC)c1,CCC(C)CC(=O)NC1CCCC1Oc1cnn(CC)c1,CCC(C)CC(=O)NC1CCCC1Oc1cnn(CC)c1,1,0.8490566037735849,True,True
hybrid_384,1c4360a32168883e83f31723c310017f8a24694e4275b769372d9832976a3406,C[*:1]>>F[*:1],f8bff9e7aaa1de28b34b047376f2423d281bb36debdc75544676f30108f940af,7ea610367dbb0708df33c18db530da45b14b3343592c49d983faeb9fffeb0250,7ea610367dbb0708df33c18db530da45b14b3343592c49d983faeb9fffeb0250,Cc1cccc(N2C(=O)C(=Cc3ccccn3)SC2=S)c1,O=C1C(=Cc2ccccn2)SC(=S)N1c1cccc(F)c1,O=C1C(=Cc2ccccn2)SC(=S)N1c1cccc(F)c1,1,0.7755102040816326,True,True
hybrid_384,f7c22eeca74fe8cf36319f8e09124c98838a0c1db259965547f6b02dfe8cca64,CC[*:1]>>C[*:1],be6dba6d516c3bc72add1699ff85e39edbf66b8c385b4be7cb1030fbbbd7522e,175985541f96b7947c15a55b4c5031c594aa08a0caa57b934917a2f4527f7724,175985541f96b7947c15a55b4c5031c594aa08a0caa57b934917a2f4527f7724,CCOc1ccc(C=[NH+]NC(=S)Nc2ccccc2)cc1,COc1ccc(C=[NH+]NC(=S)Nc2ccccc2)cc1,COc1ccc(C=[NH+]NC(=S)Nc2ccccc2)cc1,1,0.7441860465116279,True,True
hybrid_384,3d59f60643b272fd60c6157695b4e6e28b39926cabad1335522e3c2de8e85818,CCCC[*:1]>>C[*:1],53731b161e9d92b1d66f91b538beb02b82fb6ce7b76fedd227b143f23183c85b,be6dba6d516c3bc72add1699ff85e39edbf66b8c385b4be7cb1030fbbbd7522e,be6dba6d516c3bc72add1699ff85e39edbf66b8c385b4be7cb1030fbbbd7522e,CCCCCOc1ccc(C=[NH+]NC(=S)Nc2ccccc2)cc1,CCOc1ccc(C=[NH+]NC(=S)Nc2ccccc2)cc1,CCOc1ccc(C=[NH+]NC(=S)Nc2ccccc2)cc1,1,0.782608695652174,True,True
hybrid_384,3715111a9e00c1461762dd4d6418145d44333ab76ea8eeb4519336affdedffd6,CC(C)[*:1]>>COC[*:1],c2ba14012835b9681c4ccc4c8a371995ebc7ca625c784f75c921e555e98611e2,de12bb6d51ed78bf69f4a28c271f8acb8bd19cf06ed8972c9c7eb9aba44265dc,de12bb6d51ed78bf69f4a28c271f8acb8bd19cf06ed8972c9c7eb9aba44265dc,COCC1(CC(=O)NC2CC[NH+](CC(C)C)C2)CC1,COCC[NH+]1CCC(NC(=O)CC2(COC)CC2)C1,COCC[NH+]1CCC(NC(=O)CC2(COC)CC2)C1,1,0.723404255319149,True,True
hybrid_384,11605229526520452d548d0afb40b89f0413239abc9448e733701d068121a8f9,CC(C)[*:1]>>CCC[*:1],774cefaa76039192e3253b7a9a7d11b5d33b05fbf39d23d53bb96da3303b89bc,2a0af10ed3acf8bd7a7a95178b234ae396b036fc8d1c59a05809030caf1597c1,2a0af10ed3acf8bd7a7a95178b234ae396b036fc8d1c59a05809030caf1597c1,CC(C)[NH+]1CC2CCCN(C(=O)CN3CCCNC3=O)C2C1,CCC[NH+]1CC2CCCN(C(=O)CN3CCCNC3=O)C2C1,CCC[NH+]1CC2CCCN(C(=O)CN3CCCNC3=O)C2C1,1,0.7169811320754716,True,True
hybrid_384,156237ac5df8b347e88fbd799f6874013f8a6a20a0353616be194a140d6169fa,CO[*:1]>>C[*:1],e1c3975d27bfe8624f468db29d49952cb91d7ff518611960ba94a5ac652d0011,2857ff6a29414180d92b7ca8c47e7263ec5abb4e71f332c8b6a20404fd5f7838,2857ff6a29414180d92b7ca8c47e7263ec5abb4e71f332c8b6a20404fd5f7838,COc1ccncc1Nc1ccc(F)cc1C#N,Cc1ccncc1Nc1ccc(F)cc1C#N,Cc1ccncc1Nc1ccc(F)cc1C#N,1,0.7045454545454546,True,True
hybrid_384,d5793523a6239ac8f2128bf2e584e10f9b268647ce31f97add8afb8fc55f31c4,CCC[*:1]>>C[*:1],a19ccfa17cc2bc28b4516ae7618a8d8b793b1ed21b074610fe37ca0b6add88a8,798f0aff00f4af3fbe114624af463d40c2f9d4fd8c62fcf23116558ef80e3350,798f0aff00f4af3fbe114624af463d40c2f9d4fd8c62fcf23116558ef80e3350,CCCNC(CN(C)CC1CC2CCC1C2)C(N)=O,CNC(CN(C)CC1CC2CCC1C2)C(N)=O,CNC(CN(C)CC1CC2CCC1C2)C(N)=O,1,0.7555555555555555,True,True
hybrid_384,3615fe3d9153df0beee3ac339ac5028b9ce6b429593e0c1d5028c4f46416fdf9,C[*:1]>>OCC[*:1],deadca9a0cc29f8695983cfc7be937598d0b7ad7a541b34bbf12f80a48dc86fe,8063e79665895b87b2c3330bd97fff270d180e7a546e7d8d243ffc387ccdf107,8063e79665895b87b2c3330bd97fff270d180e7a546e7d8d243ffc387ccdf107,CC(C)NC1CC2CCC1(C)C2(C)C,CC(CCO)NC1CC2CCC1(C)C2(C)C,CC(CCO)NC1CC2CCC1(C)C2(C)C,1,0.6388888888888888,True,True
hybrid_384,0d98d0d801f7615363db9e717378ac2541f0e250a5be47d9baf217c7be7b0bdb,CCCC[*:1]>>CCC[*:1],18c68e064ab86234e938adaaaabbd640705e9b4231740c0c950b39c281ce30f3,e45f96152cd69cb62bd796425cc6779a35aa12fd034f6993cb0217dc40288b1e,e45f96152cd69cb62bd796425cc6779a35aa12fd034f6993cb0217dc40288b1e,CCCCn1ncc(C(=O)N2CC(N(CC)C(=O)CC3CC3)C2)c1C,CCCn1ncc(C(=O)N2CC(N(CC)C(=O)CC3CC3)C2)c1C,CCCn1ncc(C(=O)N2CC(N(CC)C(=O)CC3CC3)C2)c1C,1,0.8846153846153846,True,True
hybrid_384,e3dc6293990ced2cf6861c898073a5b410d96f924edcfb78456edaefd08a0cb7,C[*:1]>>Cl[*:1],d0b27dc0c3cfc1d5bc44027323c60eb78d848747912f69f78f5e4ccdb3ce6bf2,833f7f8431fb6a773d0eb55ab9403b5951a47b9649c22f6596bde4a2504a0f44,833f7f8431fb6a773d0eb55ab9403b5951a47b9649c22f6596bde4a2504a0f44,Cc1cc(NCC(C)N(C)C(=O)c2ccon2)nc(C)n1,Cc1nc(Cl)cc(NCC(C)N(C)C(=O)c2ccon2)n1,Cc1nc(Cl)cc(NCC(C)N(C)C(=O)c2ccon2)n1,1,0.8076923076923077,True,True
hybrid_384,d21948f3ef18c56acc895c23a8fc94fa6ab82d85457f906489b7f76d376073c6,C[*:1]>>FC(F)(F)[*:1],ea90372763dd8a37391b324ec871d554718a1d6c50ff6d8e71948a7f297fe9fa,06934b29c0b4e822a79b604141e68217b05eae80d55e5f6688b45c9692c22907,06934b29c0b4e822a79b604141e68217b05eae80d55e5f6688b45c9692c22907,CCN(CC(=O)O)C1CC2CCC1C2,O=C(O)CN(CC(F)(F)F)C1CC2CCC1C2,O=C(O)CN(CC(F)(F)F)C1CC2CCC1C2,1,0.6578947368421053,True,True
hybrid_384,dcbc30c078657fc0d9a0887dce065da77a920760510e165b3f2623a95e15424d,CO[*:1]>>F[*:1],3c04cbef732ee7eb7bf3fb2f504a6a8b74b57b2176abb252a99f53ec0e977557,b08033e7b47228cf911ee98839bd8910be57e3eabf3f4da4aea9561eabee0759,1e3b96b48ce3344d99d09b624cdeb52cbd3dcfa4ed8b8970d68eb14c55f26da7,COc1cc(C#N)ccc1-n1sc2ccccc2c1=O,N#Cc1ccc(-n2sc3ccccc3c2=O)c(F)c1,COc1ccc(-n2sc3ccccc3c2=O)c(C)c1,7,0.56,True,False
hybrid_384,6efd485e9a9b5c9f0793ddb94fb47f7164d8a8ed000b0fede6627321a6a7e15d,CCC[*:1]>>CC[*:1],2e5b14310c7d9a968a6f06e94f11d3c63995933fc9ea8edc60e2eca4cc273314,e631471eb7b0ff50520118c6980f8d1259c4fb3ec2beaade61f408cc1b65d02c,e631471eb7b0ff50520118c6980f8d1259c4fb3ec2beaade61f408cc1b65d02c,CCCC(C)NC(=O)COC(=O)c1cc(-c2cc(C)sc2C)nc2onc(C)c12,CCC(C)NC(=O)COC(=O)c1cc(-c2cc(C)sc2C)nc2onc(C)c12,CCC(C)NC(=O)COC(=O)c1cc(-c2cc(C)sc2C)nc2onc(C)c12,1,0.8688524590163934,True,True
hybrid_384,b3fce8f79817bd37cf54b229a216bec3d3f6d610ef487128a563ec215618180e,C[*:1]>>F[*:1],cd0f094abe9d925c3d86493a21f5e9610f9a57d384e22178297c5570323785e2,cdd29f60996a150e59ffb3a2d3c2ae8b04f0cf11d144af6ae248440254e8b0c3,cdd29f60996a150e59ffb3a2d3c2ae8b04f0cf11d144af6ae248440254e8b0c3,COc1cc2c(cc1C(=O)Nc1ccc(C)nc1)OCO2,COc1cc2c(cc1C(=O)Nc1ccc(F)nc1)OCO2,COc1cc2c(cc1C(=O)Nc1ccc(F)nc1)OCO2,1,0.7755102040816326,True,True
hybrid_384,1d0cc9aa884b96a6da3568c4f556baa99347a8269224c441b2f024c4746ad313,CC[*:1]>>C[*:1],8c1cacb312b4d258c19862c750b3bb02090670d43645075bbe96e907215ef4ff,e76f712f1ee196a683761a1c4eb6f334b0b88ab2fb0c5830fdc4ad9c736dc088,e76f712f1ee196a683761a1c4eb6f334b0b88ab2fb0c5830fdc4ad9c736dc088,CCC1C(C(=O)O)=C(C)N(S(C)(=O)=O)C(C)=C1C(=O)OCc1ccccc1,CC1=C(C(=O)O)C(C)C(C(=O)OCc2ccccc2)=C(C)N1S(C)(=O)=O,CC1=C(C(=O)O)C(C)C(C(=O)OCc2ccccc2)=C(C)N1S(C)(=O)=O,1,0.7446808510638298,True,True
hybrid_384,5f7a1dab998a6f85095a7b2a05b8b66d6f86940d149f631bf915b35f218d4a4e,CCCC[*:1]>>C[*:1],ad7048342c7abd563193c138b4545016a9282e96ccd599674eb52e7ded9012b0,c8dd938cc476616cc79a09e2e59a3aac4c3552f07ef3ef584df0a57900e5fa02,c8dd938cc476616cc79a09e2e59a3aac4c3552f07ef3ef584df0a57900e5fa02,CCCCOCC[NH+]1CCN(Cc2cnn(C)c2)CC1,COCC[NH+]1CCN(Cc2cnn(C)c2)CC1,COCC[NH+]1CCN(Cc2cnn(C)c2)CC1,1,0.7111111111111111,True,True
hybrid_384,58bbb6fab2a1ffb882e978f6f61f566ced93682219b56808cbb8a98b98a961ee,CC(C)[*:1]>>COC[*:1],35171e0fcc7baa4ac078ae60bc69bd606c787a69d8179cc4abcb1cd7f1916abd,5aff555ff40e2557a52b3a184777755108d30fbbf8399548b3ccd243f892c50e,5aff555ff40e2557a52b3a184777755108d30fbbf8399548b3ccd243f892c50e,Cc1cc(Nc2cncc(C(=O)NCCC(C)C)c2)ccc1Br,COCCCNC(=O)c1cncc(Nc2ccc(Br)c(C)c2)c1,COCCCNC(=O)c1cncc(Nc2ccc(Br)c(C)c2)c1,1,0.7222222222222222,True,True
hybrid_384,cd3d112d67241903c03cb95b2522ecd8c0c5eccc8b09d704548f9613e578d22a,CC(C)[*:1]>>CCC[*:1],9a6b2601d8c88909ac800ddee7b9fdc388394812b61ad8df3a12180d744be5f4,39a36188eb2fa52e44297b9f44e080ef83f2c2ed1098dcf6cf68a45ac2ba1a42,39a36188eb2fa52e44297b9f44e080ef83f2c2ed1098dcf6cf68a45ac2ba1a42,CC(=O)c1cc(C[NH+](Cc2ccccc2)C(C)C)on1,CCC[NH+](Cc1ccccc1)Cc1cc(C(C)=O)no1,CCC[NH+](Cc1ccccc1)Cc1cc(C(C)=O)no1,1,0.6382978723404256,True,True
hybrid_384,dc4de9d5328256b7fb8b8a481853cdb037dfee8816145fff2defe005c782c3d1,CO[*:1]>>C[*:1],f910213f6f3fb7abebf1fefa8cce4dff13c9ea826c408b01db7ed634f995740a,f49f2629429d095bbd3e459e798d08ca82247f4d1c8eb833d5613aa84e73f1d2,f49f2629429d095bbd3e459e798d08ca82247f4d1c8eb833d5613aa84e73f1d2,COCCS(=O)(=O)CC(=O)N1CC(C)Cn2nccc21,CCCS(=O)(=O)CC(=O)N1CC(C)Cn2nccc21,CCCS(=O)(=O)CC(=O)N1CC(C)Cn2nccc21,1,0.7755102040816326,True,True
hybrid_384,76703c51651f9ea3f94d34f2f094a0c39ba695fb620986901522239c1be820e7,CCC[*:1]>>C[*:1],1860adfab100bc3793b5d2af8fd800f0807f3c774b5571a079dd2789d2a7b2fc,438be4f95339126018f41f81c3ab5875f310337f93c96b04079f9912e05336a9,438be4f95339126018f41f81c3ab5875f310337f93c96b04079f9912e05336a9,CCCC(NC(=O)NC1CC2CCC1C2)C(=O)O,CC(NC(=O)NC1CC2CCC1C2)C(=O)O,CC(NC(=O)NC1CC2CCC1C2)C(=O)O,1,0.6585365853658537,True,True
hybrid_384,bc048be30718f9c9026c62979a905d5a32297c2c139f732af1cb477b12e8c199,C[*:1]>>Cl[*:1],cd4c8fe0b69fcd6a7c3e9667c00d511cd4a8009a8dce63d5b4a68974fcc2934f,037142c86b7196702b08f96931c0ec83ad0fa8bd54152c96efe885df3aae57fd,037142c86b7196702b08f96931c0ec83ad0fa8bd54152c96efe885df3aae57fd,Cc1ccc(N2C(=O)CC(N3CCN(C)CC3)C2=O)cc1Cl,CN1CCN(C2CC(=O)N(c3ccc(Cl)c(Cl)c3)C2=O)CC1,CN1CCN(C2CC(=O)N(c3ccc(Cl)c(Cl)c3)C2=O)CC1,1,0.8333333333333334,True,True
hybrid_384,e33d5ac38a9f57539a7328e4c82b1daf7db0875ffe79ce4e9100b5f29b438ad6,C[*:1]>>FC(F)(F)[*:1],d602668268f81b0b7706886223dd0758d30ed2af49c7d4109e2b0c56adb659b2,a25ac50686cb3daf5c827358f674d2b7b1354a901e417fdad43692c6bb3a250f,a25ac50686cb3daf5c827358f674d2b7b1354a901e417fdad43692c6bb3a250f,Cc1ccc(OC(C)C(=O)NCC2(O)CCCC2(C)C)cc1,CC(Oc1ccc(C(F)(F)F)cc1)C(=O)NCC1(O)CCCC1(C)C,CC(Oc1ccc(C(F)(F)F)cc1)C(=O)NCC1(O)CCCC1(C)C,1,0.76,True,True
hybrid_384,dba50e9faa60cba71d5d0f21b92af003f655b0b78edb68178fb0ce561270e1cf,CO[*:1]>>F[*:1],f2507a3f8c9f41efa7ad34a3a260bc0178815d217e09a9d5018c8ca3356cefe1,60266b05707b3b08f6834e4b57703f9e184301369615bc39dc6c806852a88fc9,60266b05707b3b08f6834e4b57703f9e184301369615bc39dc6c806852a88fc9,COCC1OCC2(c3cc(CC(=O)c4cnc(OC(F)F)cn4)ccc3F)N=C(N)SCC12,NC1=NC2(c3cc(CC(=O)c4cnc(OC(F)F)cn4)ccc3F)COC(CF)C2CS1,NC1=NC2(c3cc(CC(=O)c4cnc(OC(F)F)cn4)ccc3F)COC(CF)C2CS1,1,0.8552631578947368,True,True
hybrid_384,db89b4f1c67ff97834328b2e1a4a5c0b91092e5193c1c1a1f4950cb5a7d9d565,CCC[*:1]>>CC[*:1],b831935dd6e9a23f4f0c24dc54eb0cff80cc0c3741d9430742d6f223bba61e97,91f23b9a947d8304ed14683fd1633c284ad1e75de99e56a33fdf775afaa8c1d1,91f23b9a947d8304ed14683fd1633c284ad1e75de99e56a33fdf775afaa8c1d1,CCCC(=O)Nc1ccc(Nc2ccccc2C(F)(F)F)cn1,CCC(=O)Nc1ccc(Nc2ccccc2C(F)(F)F)cn1,CCC(=O)Nc1ccc(Nc2ccccc2C(F)(F)F)cn1,1,0.8297872340425532,True,True
hybrid_384,cf239550d9f2768646a43e80b5440a7634bab908d9225ba4c736ca7764e088b2,C[*:1]>>F[*:1],fb97c06e69b69807170cf73f9141ae538d2b41c3fd7aabc40dfbc811aff9bc37,ade7c141fc78c9b108b33baca4c5879a9df6718e94e2ab1daecb98a55b84fcb7,ade7c141fc78c9b108b33baca4c5879a9df6718e94e2ab1daecb98a55b84fcb7,Cc1ccc(CN2CCC(NC(=O)C3CC3(F)F)C2=O)cc1,O=C(NC1CCN(Cc2ccc(F)cc2)C1=O)C1CC1(F)F,O=C(NC1CCN(Cc2ccc(F)cc2)C1=O)C1CC1(F)F,1,0.8125,True,True
hybrid_384,59ef154d5c121a2ef2f6078fa9e5c00e8c0643de719c57e694ce9bef243ae849,CC[*:1]>>C[*:1],8beaac3daf021598efc43e282b25d75257206146e8cc982c5a93d8002013b30a,90e2fb8ed35dec519d6b20013d9a8b85b9973c4519ea277fe734917e1e0690d4,90e2fb8ed35dec519d6b20013d9a8b85b9973c4519ea277fe734917e1e0690d4,CCC[NH+](CC1CC1)C1CCOC(C)C1,CC[NH+](CC1CC1)C1CCOC(C)C1,CC[NH+](CC1CC1)C1CCOC(C)C1,1,0.7647058823529411,True,True
hybrid_384,dfe35a03b9b05c3747e3649cda82e0d620c98aa5d8acb40a1e0ef407a9aab617,CCCC[*:1]>>C[*:1],8fd53bbb8282fb1a3b29bf250d20bd11dc0271152564ffa20ae0aa46cdd877d9,45ab6affdabe3e9e6a4dfd703df9f0664730e6dfe2de9ccff5eb2fa3d81f9214,fa7de179f5dda3911aeba76c602093ce0a1ed16be063f613b615958076a7d6da,CCCCc1ccc(CC(=O)NCCc2c[nH]c3ccccc23)cc1,Cc1ccc(CC(=O)NCCc2c[nH]c3ccccc23)cc1,CCc1ccc(CC(=O)NCCc2c[nH]c3cccc(C)c23)cc1,2,0.5714285714285714,True,False
hybrid_384,56e9284cf566a2b84aff51552041caba6ab39e9a129d5ed79e2a16194bc8f242,CC(C)[*:1]>>COC[*:1],0e6d3859d1f0f23ce562424b0e85675b2a4d8ff1b486db695b769f184bc88b9f,443506dcc65267fee6925d8d3ae1a64f346b287fcb7c21f5d9a38119fdad35f7,443506dcc65267fee6925d8d3ae1a64f346b287fcb7c21f5d9a38119fdad35f7,CC(C)C(N)COC1CC2CCC1(C)C2(C)C,COCC(N)COC1CC2CCC1(C)C2(C)C,COCC(N)COC1CC2CCC1(C)C2(C)C,1,0.675,True,True
hybrid_384,458970c3121b88129c339f0428f723474a2c093262cd6558b7dcec343e28f273,CC(C)[*:1]>>CCC[*:1],7cdb4165b42084b4f8bbc50ad1bcb36aa06bf9f8c7e7137aa6764e8958dfeb1a,62e69d97f1f2a8dd89fff62d8162d7408c2c25a357110752e03643b1cc447d0d,62e69d97f1f2a8dd89fff62d8162d7408c2c25a357110752e03643b1cc447d0d,CC(C(=O)N1CCC[NH+](C(C)C)CC1)c1ccc(Cl)s1,CCC[NH+]1CCCN(C(=O)C(C)c2ccc(Cl)s2)CC1,CCC[NH+]1CCCN(C(=O)C(C)c2ccc(Cl)s2)CC1,1,0.7,True,True
hybrid_384,47f881bc17a618e6bd34ab9a96fb4cd32f5caa614f7daf5b4732bce171ba22ce,CO[*:1]>>C[*:1],272f87f7b11bca3be0e4d496f23170bf05893003820f0bca953b6087d8cf6576,b464fa4609208f00052d57be432418197c0024703d20ede470a75dc18ac2662a,b464fa4609208f00052d57be432418197c0024703d20ede470a75dc18ac2662a,CCC(=O)Nc1ccc(Nc2ccccc2OC)cn1,CCC(=O)Nc1ccc(Nc2ccccc2C)cn1,CCC(=O)Nc1ccc(Nc2ccccc2C)cn1,1,0.7333333333333333,True,True
hybrid_384,65a40a7e86ef75124eff6639bb8aa4ce3b56e65c680072c635d53dbaefaff332,CCC[*:1]>>C[*:1],ffc4cf08165ce46e2aa20b044bb5bdaeb935877b5aa1facbce6922ea1dab8007,e76f712f1ee196a683761a1c4eb6f334b0b88ab2fb0c5830fdc4ad9c736dc088,e76f712f1ee196a683761a1c4eb6f334b0b88ab2fb0c5830fdc4ad9c736dc088,CCCC1C(C(=O)O)=C(C)N(S(C)(=O)=O)C(C)=C1C(=O)OCc1ccccc1,CC1=C(C(=O)O)C(C)C(C(=O)OCc2ccccc2)=C(C)N1S(C)(=O)=O,CC1=C(C(=O)O)C(C)C(C(=O)OCc2ccccc2)=C(C)N1S(C)(=O)=O,1,0.7142857142857143,True,True
hybrid_384,388b034046e102581f2c786595a1daeae2211f257647a99b86f387a5b604b3d5,C[*:1]>>Cl[*:1],91b5198ce6cf02883c7baf5768ac6cc3b4936a0b3a3798d6fce1b63dc93f44d2,0c98ca8707626d13a9a09087d67d45a5602ea98c4de7e5ee76342c56576f71d6,0c98ca8707626d13a9a09087d67d45a5602ea98c4de7e5ee76342c56576f71d6,CCNC(C1=CCCC1)c1cc(C)cc(Br)c1,CCNC(C1=CCCC1)c1cc(Cl)cc(Br)c1,CCNC(C1=CCCC1)c1cc(Cl)cc(Br)c1,1,0.7380952380952381,True,True
hybrid_384,5fd434c495dff98c2cb8fcc15fc98f27c61bb9e4810e03857c97a69df2c3e863,C[*:1]>>FC(F)(F)[*:1],66f1e78cfd1f8cfda25f197d0568658c71c99087f6c8948cfab6a243bae82340,f63e8e518d0f73804e1e9280eb6fad684d1f82cb0e79ecf8692f3739e0071f48,f63e8e518d0f73804e1e9280eb6fad684d1f82cb0e79ecf8692f3739e0071f48,Cc1ccc(Nc2cccnc2C(N)=S)cc1C,Cc1ccc(Nc2cccnc2C(N)=S)cc1C(F)(F)F,Cc1ccc(Nc2cccnc2C(N)=S)cc1C(F)(F)F,1,0.7272727272727273,True,True
hybrid_384,9f1cf9f634149bd3af09e1f2b51bd188fd71932e24cea7fa6dcb6bed09e62403,CO[*:1]>>F[*:1],75e894050e2829d95034f4c084f3339bddb8f3aa447ebde5d704f9af918b9af6,64e45ae3b4b0b39cc039063156bafa2a08e7231d356dcf5d31140be578452b5f,64e45ae3b4b0b39cc039063156bafa2a08e7231d356dcf5d31140be578452b5f,COc1ccc2c(c1)C(C)N(c1nccc3c(C)c(C)[nH]c13)CC2,Cc1[nH]c2c(N3CCc4ccc(F)cc4C3C)nccc2c1C,Cc1[nH]c2c(N3CCc4ccc(F)cc4C3C)nccc2c1C,1,0.75,True,True
hybrid_384,681dc27d0dffe36226814ed7480dc02902ce4ed485e1afcd3d0b58f151efd5fa,CCC[*:1]>>CC[*:1],f73392b3f2d7b283247cdb1fdd57d225c07f091100e49b6b3f25bb15e9e1aaf5,70b7f1d57566d586a634ef9d8645b6bad919e931e1bce1ed6858f6fd9bcc8e69,70b7f1d57566d586a634ef9d8645b6bad919e931e1bce1ed6858f6fd9bcc8e69,CCCc1n[nH]cc1C(=O)N1CC2CC[NH+](Cc3ccc(C#N)cc3)CC21,CCc1n[nH]cc1C(=O)N1CC2CC[NH+](Cc3ccc(C#N)cc3)CC21,CCc1n[nH]cc1C(=O)N1CC2CC[NH+](Cc3ccc(C#N)cc3)CC21,1,0.873015873015873,True,True
hybrid_384,a83c8f0bc92458fb800e32355c549da971b54292cb1e766428c8535f98bb5012,C[*:1]>>F[*:1],fd45b4986d5b46e2497969bf75dae649b22390dd0868bd6f50b6480318ad9af2,ca57c17e5d1a6a825d23a355c2519ac09754b2fa9a7ab2f381ce1af1997119ef,ca57c17e5d1a6a825d23a355c2519ac09754b2fa9a7ab2f381ce1af1997119ef,Cc1ccc2c(S(=O)(=O)Cl)c[nH]c2c1-c1cnccn1,O=S(=O)(Cl)c1c[nH]c2c(-c3cnccn3)c(F)ccc12,O=S(=O)(Cl)c1c[nH]c2c(-c3cnccn3)c(F)ccc12,1,0.7446808510638298,True,True
hybrid_384,21262270a7fe75883ae3438420590626fc02fbb66d0c424cba8019575ca853e7,CC[*:1]>>C[*:1],d97f84cd60aede08e4e4b78ddb3b6abae5a81f33a8c82a619ce74dde0f6bde57,e89ff0fd5aeda212657047e1aed91802e614bb3de0638287ea5ed1cf91896414,e89ff0fd5aeda212657047e1aed91802e614bb3de0638287ea5ed1cf91896414,CCc1noc(CN2CCC2CNC(=O)C(C)N2C(=O)CCC2=O)n1,Cc1noc(CN2CCC2CNC(=O)C(C)N2C(=O)CCC2=O)n1,Cc1noc(CN2CCC2CNC(=O)C(C)N2C(=O)CCC2=O)n1,1,0.7894736842105263,True,True
hybrid_384,49984aaab8eebb26a5242cac7774fe8e62d88b5c2011dc1183399c7bc67b37bf,CCCC[*:1]>>C[*:1],aa7fe35c5d980d2b6a9f859a5eda8cfcb11d137581a8bb0cdd06570043ac89a8,3bd681333532c6b207cb463e4ad5397b2fcb3ffefacf93bd0b5fafa2b744cdca,3bd681333532c6b207cb463e4ad5397b2fcb3ffefacf93bd0b5fafa2b744cdca,CCCCC(=O)N1CCC[NH+](CCc2ccc3c(c2)CCO3)CC1,CC(=O)N1CCC[NH+](CCc2ccc3c(c2)CCO3)CC1,CC(=O)N1CCC[NH+](CCc2ccc3c(c2)CCO3)CC1,1,0.7543859649122807,True,True
hybrid_384,22ed0e55f5665d191c27f51c962fcebd84b121a5ffeda161535fde4b56ac2f60,CC(C)[*:1]>>CCC[*:1],8c8651f25cc7b54eb86cab56e95a59f9123e0ebc544a3d209659e21af5f1284a,90c363fa5428e24b27312a6a29001250d7a302e14124860ec5dae95e1b4778e8,90c363fa5428e24b27312a6a29001250d7a302e14124860ec5dae95e1b4778e8,CC(C)CCC(=O)N1CCCC2CN(c3cc(F)ncn3)CCC21,CCCCCC(=O)N1CCCC2CN(c3cc(F)ncn3)CCC21,CCCCCC(=O)N1CCCC2CN(c3cc(F)ncn3)CCC21,1,0.7758620689655172,True,True
hybrid_384,cc8c9fadca167b0b3f0c8366c496f49f08467fdb354df03b638ee05fec8d868e,CO[*:1]>>C[*:1],2ce75c0f9401a4b404f5361ff1c0c15f3e9c186ff983c2997cf6c9c03c5cb82c,b77ee22ea25fd69c3576134b8c1fda295aaecf7f0416c481be9efcc008ad9937,b77ee22ea25fd69c3576134b8c1fda295aaecf7f0416c481be9efcc008ad9937,CCCN(Cc1ccc(C)cc1)C(=O)CSc1nnc(-c2ccc(OC)cc2)n1N,CCCN(Cc1ccc(C)cc1)C(=O)CSc1nnc(-c2ccc(C)cc2)n1N,CCCN(Cc1ccc(C)cc1)C(=O)CSc1nnc(-c2ccc(C)cc2)n1N,1,0.8703703703703703,True,True
hybrid_384,f981c7b5dc9daaeb5ae564e6bfa84cff6c1c0abb5e775a223947efdb23444033,CCC[*:1]>>C[*:1],3ea5267a0dfc9341192ae65f35e6e49da32c50a6cba5517d81d0bb0beb78b8b3,8c46ec62640964c4a37e5ab6841550cf780ef44d29c2b8e937bd72517ba0b514,8c46ec62640964c4a37e5ab6841550cf780ef44d29c2b8e937bd72517ba0b514,CCCCC(CCC)N1CC(=O)NC(C(C)CC)C1=O,CCCC(CC)N1CC(=O)NC(C(C)CC)C1=O,CCCC(CC)N1CC(=O)NC(C(C)CC)C1=O,1,0.825,True,True
hybrid_384,1e23887c424d353d287bdf6cb397ded143fd792693e8d954546b1f427b4eedbf,C[*:1]>>Cl[*:1],f5316e34bcd139c3d71c411118773305caf14a12a3a0f8ab682c498f5835b1c0,7959e58a8d1d0d73cecf7f48c95ed82f51e5f741d39a639c8942a8a9aa6ce341,7959e58a8d1d0d73cecf7f48c95ed82f51e5f741d39a639c8942a8a9aa6ce341,CC(=NNC(=O)c1cc2cccnc2[nH]c1=O)c1ccc(C)cc1,CC(=NNC(=O)c1cc2cccnc2[nH]c1=O)c1ccc(Cl)cc1,CC(=NNC(=O)c1cc2cccnc2[nH]c1=O)c1ccc(Cl)cc1,1,0.8235294117647058,True,True
hybrid_384,efda9f71a42a0a688ff8f6a53aa1db0caa6c7eccb8d0f8f810222f3551b9cffe,C[*:1]>>FC(F)(F)[*:1],af4d8c7a14a67cab75089e96033ce602a847ccb0bd90c01ce4e17d12991f69c3,33f147307c76892e03c24c571be2d525c64569a2ecf5b9d93ca5d58dd6856b18,33f147307c76892e03c24c571be2d525c64569a2ecf5b9d93ca5d58dd6856b18,Cc1cn(-c2ccccc2Cl)nc1C(=O)N1CCCC(C)C1,Cc1cn(-c2ccccc2Cl)nc1C(=O)N1CCCC(C(F)(F)F)C1,Cc1cn(-c2ccccc2Cl)nc1C(=O)N1CCCC(C(F)(F)F)C1,1,0.75,True,True
hybrid_384,5564cf22b5a6d265640dbb4fbc1b191b5a700b0e5a81f6749c041b3eb0940b7f,CO[*:1]>>F[*:1],4798d77db7a1492e313063bd520de570f4f16897d6128e0f7a8e08658f5cf56d,b239b3f3189bee5727d1b93fa4b33f8a3b559f846aec275d6b9c4c599ceea8a3,b239b3f3189bee5727d1b93fa4b33f8a3b559f846aec275d6b9c4c599ceea8a3,COc1cccc(C[NH+]2CCC3(CCN(CC4CCOCC4)C3=O)C2)c1,O=C1N(CC2CCOCC2)CCC12CC[NH+](Cc1cccc(F)c1)C2,O=C1N(CC2CCOCC2)CCC12CC[NH+](Cc1cccc(F)c1)C2,1,0.7704918032786885,True,True
hybrid_384,2763951ec91ba2f7f2c656e1cd568ae25e2527078d86c34588256e546a2a984d,CCC[*:1]>>CC[*:1],0a94f1b3a6504b7f98ef2a28800ac581918636cc9a2e5622ad89d998a48dde1d,5c798be6e02836c0f8961b8bdeb895422943d3b870a9427cd1d5ddd351a5f16d,5c798be6e02836c0f8961b8bdeb895422943d3b870a9427cd1d5ddd351a5f16d,CCCn1ncc(Br)c1C(NN)c1cn(C)nc1C,CCn1ncc(Br)c1C(NN)c1cn(C)nc1C,CCn1ncc(Br)c1C(NN)c1cn(C)nc1C,1,0.8444444444444444,True,True
hybrid_384,0911cac850b29d00a9dbce96b0fc708b0bc9eab4f719cbc9a35fe8eeef79cc85,C[*:1]>>F[*:1],4b90c06912af7a8915abb684b55c25b5b62750ba3f25fcb1dd1ed76c12afbacf,9122cff14c4ab54ac55709efa05d8cf41a203f477691b70d8d1ec9b539031ecc,9122cff14c4ab54ac55709efa05d8cf41a203f477691b70d8d1ec9b539031ecc,Cc1ccc(C(CN)CNC2CCCC2)cc1,NCC(CNC1CCCC1)c1ccc(F)cc1,NCC(CNC1CCCC1)c1ccc(F)cc1,1,0.7297297297297297,True,True
hybrid_384,e4fb9ba6dc29adc40100ebfd4c062c9069a3406d6b73486f7894c6ae50d9d871,CC[*:1]>>C[*:1],4c62dc57b1938828431ae3b20bb42789870dee1f7e1b48e1aaa76f8989def27b,bcc42e630098071ef28f811cc0bb547bbe7beafecc24c4f6194df80503c48416,bcc42e630098071ef28f811cc0bb547bbe7beafecc24c4f6194df80503c48416,CCc1nc(C(C)N2CC(NC(=O)c3ocnc3CC)C2)n[nH]1,CCc1nc(C(C)N2CC(NC(=O)c3ocnc3C)C2)n[nH]1,CCc1nc(C(C)N2CC(NC(=O)c3ocnc3C)C2)n[nH]1,1,0.8245614035087719,True,True
hybrid_384,1801692f8c2604d33227d688e14eb3f48f620b1a4d72b5a84accbe74277ae5f4,CCCC[*:1]>>C[*:1],6623a8b2878ad436cc1c5d528634a9a5eaeed6820c2eb7ae8fca501e60ad84ec,13d23347b629cdd7069ca008867fd615cb5538a549aa675d77ab1ea2834641ef,13d23347b629cdd7069ca008867fd615cb5538a549aa675d77ab1ea2834641ef,CCCCN(C)C(=O)C1CN(C(=O)c2c[nH]c3ccccc23)C1,CN(C)C(=O)C1CN(C(=O)c2c[nH]c3ccccc23)C1,CN(C)C(=O)C1CN(C(=O)c2c[nH]c3ccccc23)C1,1,0.72,True,True
hybrid_384,597a87fcfe180b93328822cb2a7362fa8315003e962028f698e1c50f9528a808,CC(C)[*:1]>>CCC[*:1],954f4d639c7d4767f67b95fcfc44a7489a6cfc60020c66c867fbd50dc3d7941c,ec27521cc1cb1de8b74b7b7c5122f358d3b4978ff8ca07085227b6b84b0a63de,ec27521cc1cb1de8b74b7b7c5122f358d3b4978ff8ca07085227b6b84b0a63de,CC(C)CCNC(=O)c1cncc(Nc2ccc(Br)cc2)c1,CCCCCNC(=O)c1cncc(Nc2ccc(Br)cc2)c1,CCCCCNC(=O)c1cncc(Nc2ccc(Br)cc2)c1,1,0.7142857142857143,True,True
hybrid_384,d41c73be837e878455b6557478f51cf6004a10b5ee587b07247c8143bcd4fd0c,CO[*:1]>>C[*:1],4257ba61008f3b33f722a80b6132b514430dbfeb03df2320533d59b6871a7b03,7c7419d6f075dc82d97d42ee84db05175015a6a7ff804bc9a3d7cfc6e66f40b7,0d52bf6731711ab47a0acaba202a5cb7ab4b8a5f210a24288b658333302edec2,COc1ccc(-c2nnc(SCC(=O)N(C)Cc3ccccc3OC)n2N)cc1,COc1ccc(-c2nnc(SCC(=O)N(C)Cc3ccccc3C)n2N)cc1,Cc1ccc(CN(C)C(=O)CSc2nnc(-c3ccc(C)cc3)n2N)cc1,17,0.6,True,False
hybrid_384,cd31c29ae18bb2ae765da20637d08b26d79ef92dcda7c4d284b463d16e7bbd40,CCC[*:1]>>C[*:1],fd3bd5806d6dfe50a4e9daef9e485265585991669584025c09e6faac15d40409,0b41c80323618aa1a962cfe96ef6d898d9723187bedf0dcd8cdb1e74fe704e2a,0b41c80323618aa1a962cfe96ef6d898d9723187bedf0dcd8cdb1e74fe704e2a,CCCCc1ncn(Sc2ncc(C(=O)O)s2)n1,CCc1ncn(Sc2ncc(C(=O)O)s2)n1,CCc1ncn(Sc2ncc(C(=O)O)s2)n1,1,0.7777777777777778,True,True
hybrid_384,37e0d96abf31c8bf94b7b8922809e3b391a342da3c2f11e02fe3ed266b4c5422,C[*:1]>>Cl[*:1],e064072c53296a24a77b001900f5e75e36c664b47e3e279916ceba243173b8db,0e2d2b1366d28c565d18b3bbb4091cba8c6638305f07b5ae59adcc07bce160dc,0e2d2b1366d28c565d18b3bbb4091cba8c6638305f07b5ae59adcc07bce160dc,Cc1ccc(N2C(=O)C3CCCN3C(=O)C2C)cc1,CC1C(=O)N2CCCC2C(=O)N1c1ccc(Cl)cc1,CC1C(=O)N2CCCC2C(=O)N1c1ccc(Cl)cc1,1,0.7631578947368421,True,True
hybrid_384,6d5be539dd1b826b5f44feb86c9e7b28f0ce2e9c36ea59be37f00a2a8a5b3caa,C[*:1]>>FC(F)(F)[*:1],67dddc33909fd23d0d1caf2f730a36357e4b2f4ab191ce0ec63a94d58e93f73f,ed158928880a08c40d14ae63ef2f6b85c058109737e0c0c971ae1c3199a10799,ed158928880a08c40d14ae63ef2f6b85c058109737e0c0c971ae1c3199a10799,Cc1ccc(OC(C)C2CCCNC2)c(NC(=O)Nc2cnc(C)cn2)c1,Cc1cnc(NC(=O)Nc2cc(C(F)(F)F)ccc2OC(C)C2CCCNC2)cn1,Cc1cnc(NC(=O)Nc2cc(C(F)(F)F)ccc2OC(C)C2CCCNC2)cn1,1,0.8,True,True
hybrid_384,2063815db72f5b1b52f0437b93b7577560917b8cd56aa91f8ec6563a00dc462e,CO[*:1]>>F[*:1],2d906a17b229a6cc14dbccb193eebbadcfd9d29a163cf0a69a3b64e00d695f9a,1d0856a4ad020f4376dc1c9917f11d7b5f2c57ecdbb91f915034406dcb2ba1b3,1d0856a4ad020f4376dc1c9917f11d7b5f2c57ecdbb91f915034406dcb2ba1b3,COCCCC(=O)N1CCC(NC(=O)c2ccnc(C)n2)C(O)C1,Cc1nccc(C(=O)NC2CCN(C(=O)CCCF)CC2O)n1,Cc1nccc(C(=O)NC2CCN(C(=O)CCCF)CC2O)n1,1,0.8103448275862069,True,True
hybrid_384,e3bf71aa1c695ecb95aaa726f9ba3b836b2de6d1483edbd41d512abdb91c8610,CCC[*:1]>>CC[*:1],3d48dbe7996f8b1c3d0effd8b566b4de47b8a8203af1c185e8a4cc3b4fc150a9,a2c2ee37cd03a58ac6db39facd956fa4a4f6de48d1459710b6aeb7282420a76d,a2c2ee37cd03a58ac6db39facd956fa4a4f6de48d1459710b6aeb7282420a76d,CCCNC(c1cscc1Br)C1SCCSC1C,CCNC(c1cscc1Br)C1SCCSC1C,CCNC(c1cscc1Br)C1SCCSC1C,1,0.8095238095238095,True,True
hybrid_384,47f2479965b8bf86249e8151cc8ebd385141c61dbf30ba7e2c378367182eed19,C[*:1]>>F[*:1],175ba70e890be3b72b16dd7c4346277dbd43773b131854b086f4a7d0c7382a11,b0c9f93ac8315739e544c1e99fd79a3d7cfe1265d8b421008cc092026b0ca4b3,b0c9f93ac8315739e544c1e99fd79a3d7cfe1265d8b421008cc092026b0ca4b3,Cc1ccccc1C(C)(C)C(=O)NCC[NH2+]Cc1ncoc1C(C)C,CC(C)c1ocnc1C[NH2+]CCNC(=O)C(C)(C)c1ccccc1F,CC(C)c1ocnc1C[NH2+]CCNC(=O)C(C)(C)c1ccccc1F,1,0.8070175438596491,True,True
hybrid_384,ae51c0651a83c85495c30f1e360b95145e040ec39f2512a4ad35f7c5768f60fb,CC[*:1]>>C[*:1],7d88b9985b2b872289411abe2dbc72d3a1f9bf7566cd080754ac4700919be578,813f93ea45960d1f0b2205aa3d000e930bd22edbe45a59015dd68ef4715227f3,813f93ea45960d1f0b2205aa3d000e930bd22edbe45a59015dd68ef4715227f3,CCC1NC(=O)C(CC)N(CCCOCC(C)C)C1=O,CCC1C(=O)NC(C)C(=O)N1CCCOCC(C)C,CCC1C(=O)NC(C)C(=O)N1CCCOCC(C)C,1,0.7727272727272727,True,True
hybrid_384,a3e02f350e8ca7ff59504068d0ddb44f4343b1ce1848ef705b6d3ad19c6411f1,CCCC[*:1]>>C[*:1],226b93ffdb0548c9ec41401ad2b761cd7a50192e83df11af46ea5e7ebcc5ba56,6e5e8c07ea6d17dc5c462f44d1bec2299eaadbd7d8529b8a168e8be014247875,b08823149e224939a0074988f4a75599fcd3fb8a43da453bc75189e326f9283f,CCCCCN1C(=O)C(CC)(CC)NC(=O)C1C,CCN1C(=O)C(CC)(CC)NC(=O)C1C,CCCCN1C(=O)C(C)(C)NC(=O)C1CC,2,0.4318181818181818,True,False
hybrid_384,55262e33c6987bebad8a6083880ed617f0590607fbee0ad3eaa0df3220700ddd,CC(C)[*:1]>>CCC[*:1],610a6226f29dc84df3b07a853b820aabf4004c6f11580ef0c22e4d8c1b5ddaaa,6aa989e0800726c33fce879032671f71b5a5aa17483a9deb5099416c184a5d93,6aa989e0800726c33fce879032671f71b5a5aa17483a9deb5099416c184a5d93,COC1C[NH+](CC(C)C)CC1NC(=O)C(OC)C1CC1,CCCC[NH+]1CC(NC(=O)C(OC)C2CC2)C(OC)C1,CCCC[NH+]1CC(NC(=O)C(OC)C2CC2)C(OC)C1,1,0.723404255319149,True,True
hybrid_384,17a85137d732ca3187d0c17b7d39fa037e819ab4abd3905e92cb90d9d8103893,CO[*:1]>>C[*:1],a42b4dde3fa75c00252bb4475b88984456f751f3ffbfdee50fab03ebf8861598,7ef4ee43fb40a6b111c6251132b5304b5a813e99a0df2575ba1eaddec81a776b,7ef4ee43fb40a6b111c6251132b5304b5a813e99a0df2575ba1eaddec81a776b,COc1cc(C(=O)[O-])ccc1Nc1cc(F)cnc1Br,Cc1cc(C(=O)[O-])ccc1Nc1cc(F)cnc1Br,Cc1cc(C(=O)[O-])ccc1Nc1cc(F)cnc1Br,1,0.7291666666666666,True,True
hybrid_384,d2fc3af9decd9f9c9e378cea83925432b4659f4269dfc9017261d34af077918b,CCC[*:1]>>C[*:1],75472a52742cf35c7e0c04e128ffbd2cd0c280c33b06d439bee3894ba06f38f0,67c497c163aa952326ba87f0f6deb957b00bfb4e7dd5e6384fea383628e24161,67c497c163aa952326ba87f0f6deb957b00bfb4e7dd5e6384fea383628e24161,CCCC1C(=O)NC(C)C(=O)N1CCS(=O)(=O)C(C)(C)C,CC1NC(=O)C(C)N(CCS(=O)(=O)C(C)(C)C)C1=O,CC1NC(=O)C(C)N(CCS(=O)(=O)C(C)(C)C)C1=O,1,0.6904761904761905,True,True
hybrid_384,066aaf8e141c255f9a17f7ba3a55369ea5910d16f9895e3d0228f5e9c0bbc9c9,C[*:1]>>Cl[*:1],f4c5d343f69ec7025f695e9296715e5a48718e132089bec75290fa9483972528,2dec704478b262f3f751b4dd5db0337576016144fb2bd288a23f882e902a90d8,2dec704478b262f3f751b4dd5db0337576016144fb2bd288a23f882e902a90d8,Cc1ccoc1C(=O)N1CCC(NC(=O)C2(F)CCCC2)C1,O=C(c1occc1Cl)N1CCC(NC(=O)C2(F)CCCC2)C1,O=C(c1occc1Cl)N1CCC(NC(=O)C2(F)CCCC2)C1,1,0.7735849056603774,True,True
hybrid_384,0f6e6ae6b3404bbb39037b9b110a282dab235895125e3262713befee4e9166f8,C[*:1]>>FC(F)(F)[*:1],5ebf8a22f611b5ec9124444524413d595a87e38e3b89802ee267f9f5093bc357,b4a31bb4f04c5203079f8aa9d95615141aa724c93563aedd3b18a93e191d2b0b,b4a31bb4f04c5203079f8aa9d95615141aa724c93563aedd3b18a93e191d2b0b,Cc1nsc(N2CCC(NC(=O)C3CC3)C(C)C2)n1,CC1CN(c2nc(C(F)(F)F)ns2)CCC1NC(=O)C1CC1,CC1CN(c2nc(C(F)(F)F)ns2)CCC1NC(=O)C1CC1,1,0.72,True,True
hybrid_384,677c281a4e856b64c39857ad22cf2392e5b6874305306327a1f79f2e8ff17a10,CO[*:1]>>F[*:1],7f2e9c490620c45a0bf45a3037fa43e11eb39aa5b2811350999af56ee6960b65,385156593048fa2460d95b20c234034faeb3c8ae7a8bc11e4859a93b26cfd220,9ff799dba05847997fc9060c8319fa6c8009990f1be8a679f94deaef5f81ebfa,COc1cccc(Nc2cncc(N)c2)c1,Nc1cncc(Nc2cccc(F)c2)c1,COc1ccc(Nc2ccc(N)nc2)cc1F,5,0.3673469387755102,True,False
hybrid_384,21178b6499d7f32af6c890fbd32c061964cf63e5d5208100bc4d233b5a9e3ecc,C[*:1]>>F[*:1],c57bd6efcce0eb7c958464fcd041f0f53cbddbd15ba88ad6b3b2135301b081c6,2d6da1a8ff638d5f3a43596192b6d0dd2b6ee930551f80a4c7f314d54a1d6174,2d6da1a8ff638d5f3a43596192b6d0dd2b6ee930551f80a4c7f314d54a1d6174,Cc1cccc(CNC(=O)c2ccc(-c3ccsc3)nc2)c1,O=C(NCc1cccc(F)c1)c1ccc(-c2ccsc2)nc1,O=C(NCc1cccc(F)c1)c1ccc(-c2ccsc2)nc1,1,0.7735849056603774,True,True
hybrid_384,fb0f0053fb7252609daa780f04ad1d46153bb3ae2db6da36977a50a8cc58c689,CC[*:1]>>C[*:1],0c5dabcd48cfeff615005f0378898d6714b0255e88a65984789713aed55efa43,c2eec1da942b4af16eb1dcccb55fe0c25835ef0de68642bea59c1599c6ee2ba9,c2eec1da942b4af16eb1dcccb55fe0c25835ef0de68642bea59c1599c6ee2ba9,CCCNc1cncc(C(=O)NC2CCCC(SC)C2)n1,CCNc1cncc(C(=O)NC2CCCC(SC)C2)n1,CCNc1cncc(C(=O)NC2CCCC(SC)C2)n1,1,0.86,True,True
hybrid_384,fedc1617a09e18f0dc17f225fe32d197069e6b2eb76a141b65a269f87d93ebc2,CCCC[*:1]>>C[*:1],4917d51734362b02ea956f38c655421bee5ee4fe0230f46fa020c0b958ad42d0,6715ba3b8539bceefb5e8df4af875ead3693cf4e19216ae3f22151b90d4618f9,6715ba3b8539bceefb5e8df4af875ead3693cf4e19216ae3f22151b90d4618f9,CCCCOC(C)C(=O)Nc1cc(C(C)(C)C)nn1-c1ncccn1,COC(C)C(=O)Nc1cc(C(C)(C)C)nn1-c1ncccn1,COC(C)C(=O)Nc1cc(C(C)(C)C)nn1-c1ncccn1,1,0.7307692307692307,True,True
hybrid_384,6966e16c39a3249a4f88c1993de9c69a1325d749d74edaadf79fd0780ed23cdd,CC(C)[*:1]>>CCC[*:1],a988062d6f6d83b2aa9117101b6d3caf908c9744076b8654fbe6c3fe89c6ff41,8139f972fd280340e9df2b130926ae94390984715760936343cf8b5c3a3feda4,8139f972fd280340e9df2b130926ae94390984715760936343cf8b5c3a3feda4,CCc1cccc(OCC(=O)NC(C)C2CN(C(=O)CC(C)C)C2)c1,CCCCC(=O)N1CC(C(C)NC(=O)COc2cccc(CC)c2)C1,CCCCC(=O)N1CC(C(C)NC(=O)COc2cccc(CC)c2)C1,1,0.7894736842105263,True,True
hybrid_384,f591ef74b84581f5ee57ef175e8eddf2fa5acfccc50e61354b7b49e6fb9a2f12,CO[*:1]>>C[*:1],d641150cd28107e2ab0e40a83018a46b919b41eb7930000681cf10fabc0e2f29,e8ce6eab28c2ebcd8de2e6202826fcabcc3efbad9f1c03501466ea24666245e2,e8ce6eab28c2ebcd8de2e6202826fcabcc3efbad9f1c03501466ea24666245e2,COC(=O)c1cccc(Nc2ccc(OC)nc2)c1N,COC(=O)c1cccc(Nc2ccc(C)nc2)c1N,COC(=O)c1cccc(Nc2ccc(C)nc2)c1N,1,0.7555555555555555,True,True
hybrid_384,536021eec097ace506708df5f7e5bc94b05c1288a78fb38f3cf087cd41b06bce,CCC[*:1]>>C[*:1],9cd536d5c7adeaf38b67dd45ec4cd5af65d81999fc40b9a0c21d3d7543e91fd5,a07188ee0e1c245323c9ff26bcd8e5bd527eda52df50d30dea8a59ef5cd1e522,a07188ee0e1c245323c9ff26bcd8e5bd527eda52df50d30dea8a59ef5cd1e522,CCCOCCNC(C)C1CC2CCC1C2,COCCNC(C)C1CC2CCC1C2,COCCNC(C)C1CC2CCC1C2,1,0.7105263157894737,True,True
hybrid_384,9ff0cb580bfc8fc452ad112e1ee8a2886f3e16dc1e2387f99e94a50536aac0b9,C[*:1]>>Cl[*:1],8124b078874b1c55c7c19a3fa27730a934df79bf141f34b341d03ce28cae3dd3,d0d01cbb3ff5a32bec4c43be51c019967b40a8c340394826a78d8c7aa7ee846d,d0d01cbb3ff5a32bec4c43be51c019967b40a8c340394826a78d8c7aa7ee846d,Cc1ccc(C(CNC(=O)Cc2cccs2)N2CCN(C)CC2)cc1,CN1CCN(C(CNC(=O)Cc2cccs2)c2ccc(Cl)cc2)CC1,CN1CCN(C(CNC(=O)Cc2cccs2)c2ccc(Cl)cc2)CC1,1,0.8235294117647058,True,True
hybrid_384,b415719e89375a97a3d3393bd7d12abd7e027aea5805233c5b238b60047d2b5a,C[*:1]>>FC(F)(F)[*:1],713d0219d3573b506cc11726f92761d2dcaa8f4240ec0a6c9bac9c06c185010d,a94df8bd9f68504d39004e5f0139487497a53102c649ccc0deb30388afba51fc,a94df8bd9f68504d39004e5f0139487497a53102c649ccc0deb30388afba51fc,C#Cc1ccccc1Nc1cnc(N)cc1C,C#Cc1ccccc1Nc1cnc(N)cc1C(F)(F)F,C#Cc1ccccc1Nc1cnc(N)cc1C(F)(F)F,1,0.6590909090909091,True,True
hybrid_384,f7c629c3715f06a99519c06fe782525bd842784431217682fdb271bf5a646180,CO[*:1]>>F[*:1],f7885317041f2369ed1d16901dfee9865ac3bc841f22dfb09d67251c81604bf7,8a9b40031d98e18be756d05632ea861b22f66d098eb2034cb991682e72cf7c7e,8a9b40031d98e18be756d05632ea861b22f66d098eb2034cb991682e72cf7c7e,COc1ccc(Nc2cnc(OC(C)C)c(C)c2)cc1C(N)=O,Cc1cc(Nc2ccc(F)c(C(N)=O)c2)cnc1OC(C)C,Cc1cc(Nc2ccc(F)c(C(N)=O)c2)cnc1OC(C)C,1,0.75,True,True
hybrid_384,e33d9b81c1c6238458f27f12934d8fc0d844dfd23cb99d30211a13b87c85cb3a,C[*:1]>>F[*:1],61901f120603a78ffd1556e0fb2a540c92158e2fd0cb6975f458c1aa71a311e0,42faca45f8ac8c08dae1bb287f9be9273672473f4ca5117a4f29092d0d583c4d,42faca45f8ac8c08dae1bb287f9be9273672473f4ca5117a4f29092d0d583c4d,COCc1ncsc1C(=O)N1CCC(c2cccc(C)c2)C1,COCc1ncsc1C(=O)N1CCC(c2cccc(F)c2)C1,COCc1ncsc1C(=O)N1CCC(c2cccc(F)c2)C1,1,0.8103448275862069,True,True
