chemical_category,delta_heavy_atom_count,delta_bond_count,delta_ring_count,delta_heteroatom_count,delta_formal_charge,element_count_delta_json,candidate_count,seed_count
scaffold_changing_analogue,0,0,0,0,0,{},129137,9617
scaffold_preserving_non_mmp_analogue,0,0,0,0,0,{},29603,5861
scaffold_changing_analogue,1,1,0,0,0,"{""C"":1}",25476,6769
scaffold_changing_analogue,-1,-1,0,0,0,"{""C"":-1}",19119,6193
scaffold_changing_analogue,1,1,0,1,0,"{""O"":1}",5176,2640
acyclic_non_mmp_analogue,0,0,0,0,0,{},4003,189
scaffold_changing_analogue,0,0,0,-1,0,"{""C"":1,""N"":-1}",3667,1502
scaffold_changing_analogue,1,1,0,1,0,"{""N"":1}",3540,1992
scaffold_preserving_non_mmp_analogue,1,1,0,0,0,"{""C"":1}",3283,1834
scaffold_changing_analogue,2,2,0,1,0,"{""C"":1,""O"":1}",3123,1605
scaffold_changing_analogue,-1,-1,0,-1,0,"{""O"":-1}",2951,1414
scaffold_changing_analogue,0,0,1,0,0,{},2919,958
scaffold_preserving_non_mmp_analogue,-1,-1,0,0,0,"{""C"":-1}",2726,1325
scaffold_changing_analogue,-1,-1,0,-1,0,"{""N"":-1}",2173,1133
scaffold_changing_analogue,1,1,0,1,0,"{""S"":1}",1827,1164
scaffold_changing_analogue,0,0,0,1,0,"{""C"":-1,""N"":1}",1632,996
scaffold_changing_analogue,2,2,0,1,0,"{""C"":1,""N"":1}",1460,884
scaffold_changing_analogue,-2,-2,0,-1,0,"{""C"":-1,""O"":-1}",1395,852
scaffold_changing_analogue,0,0,0,0,0,"{""N"":-1,""O"":1}",1284,756
scaffold_changing_analogue,0,0,0,0,0,"{""N"":1,""O"":-1}",1250,759
scaffold_changing_analogue,0,0,0,0,1,{},1210,717
scaffold_changing_analogue,2,2,0,0,0,"{""C"":2}",1059,666
scaffold_changing_analogue,0,0,0,-1,0,"{""C"":1,""O"":-1}",1015,614
scaffold_changing_analogue,-2,-2,0,0,0,"{""C"":-2}",995,719
scaffold_changing_analogue,0,0,0,1,0,"{""C"":-1,""S"":1}",979,707
scaffold_changing_analogue,-1,-1,1,0,0,"{""C"":-1}",818,410
scaffold_changing_analogue,1,1,1,0,0,"{""C"":1}",816,402
scaffold_changing_analogue,1,1,0,1,0,"{""F"":1}",777,448
acyclic_non_mmp_analogue,1,1,0,0,0,"{""C"":1}",754,152
scaffold_changing_analogue,0,0,0,0,0,"{""O"":-1,""S"":1}",751,483
scaffold_changing_analogue,-2,-2,0,-1,0,"{""C"":-1,""N"":-1}",716,509
scaffold_changing_analogue,0,0,0,0,0,"{""O"":1,""S"":-1}",665,358
scaffold_preserving_non_mmp_analogue,1,1,0,1,0,"{""O"":1}",650,434
scaffold_changing_analogue,1,1,0,0,0,"{""C"":1,""N"":1,""O"":-1}",635,360
scaffold_changing_analogue,0,0,0,1,0,"{""C"":-1,""O"":1}",613,444
scaffold_changing_analogue,0,0,0,0,-1,{},607,396
acyclic_non_mmp_analogue,-1,-1,0,0,0,"{""C"":-1}",571,150
scaffold_changing_analogue,1,1,0,1,1,"{""N"":1}",567,372
scaffold_changing_analogue,0,0,0,1,0,"{""B"":1,""C"":-1}",542,445
scaffold_changing_analogue,-1,-1,0,-1,0,"{""F"":-1}",542,278
scaffold_changing_analogue,1,2,1,0,0,"{""C"":1}",479,295
scaffold_changing_analogue,0,0,0,0,0,"{""N"":-1,""S"":1}",459,325
scaffold_changing_analogue,0,0,0,1,0,"{""C"":-1,""P"":1}",450,369
scaffold_changing_analogue,-1,-1,0,0,0,"{""C"":-1,""N"":-1,""S"":1}",448,330
scaffold_changing_analogue,1,1,0,0,0,"{""C"":1,""N"":-1,""O"":1}",442,279
scaffold_changing_analogue,2,2,0,1,0,"{""C"":1,""F"":1}",413,248
scaffold_changing_analogue,0,0,0,0,0,"{""N"":1,""S"":-1}",397,253
scaffold_changing_analogue,1,1,0,1,0,"{""B"":1}",385,321
scaffold_changing_analogue,1,1,0,1,0,"{""Cl"":1}",372,233
scaffold_changing_analogue,0,0,-1,0,0,{},364,41
scaffold_changing_analogue,-1,-1,0,0,0,"{""C"":-1,""N"":-1,""O"":1}",348,248
scaffold_changing_analogue,-1,-1,0,-1,0,"{""S"":-1}",336,173
scaffold_changing_analogue,1,1,0,1,0,"{""P"":1}",331,271
scaffold_changing_analogue,2,2,0,1,1,"{""C"":1,""N"":1}",325,208
scaffold_changing_analogue,1,1,0,0,1,"{""C"":1}",314,217
scaffold_changing_analogue,1,1,0,0,0,"{""C"":1,""N"":1,""S"":-1}",313,182
scaffold_preserving_non_mmp_analogue,2,2,0,1,0,"{""C"":1,""O"":1}",304,225
scaffold_changing_analogue,1,1,0,-1,0,"{""C"":2,""N"":-1}",303,195
scaffold_changing_analogue,1,1,0,1,-1,"{""O"":1}",301,199
scaffold_changing_analogue,2,2,0,2,0,"{""O"":1,""S"":1}",300,190
scaffold_preserving_non_mmp_analogue,1,1,0,1,0,"{""N"":1}",299,249
scaffold_preserving_non_mmp_analogue,-1,-1,0,-1,0,"{""F"":-1}",294,157
scaffold_preserving_non_mmp_analogue,1,1,0,1,0,"{""F"":1}",289,209
scaffold_changing_analogue,2,3,1,0,0,"{""C"":2}",284,211
scaffold_preserving_non_mmp_analogue,-1,-1,0,-1,0,"{""O"":-1}",270,189
scaffold_changing_analogue,0,0,0,0,1,"{""N"":1,""O"":-1}",270,167
scaffold_preserving_non_mmp_analogue,-2,-2,0,0,0,"{""C"":-2}",242,142
scaffold_changing_analogue,-1,-1,0,1,0,"{""C"":-2,""N"":1}",236,179
scaffold_changing_analogue,1,1,0,2,0,"{""C"":-1,""O"":1,""S"":1}",230,157
scaffold_changing_analogue,-6,-7,-1,0,0,"{""C"":-6}",220,156
scaffold_changing_analogue,0,0,0,0,0,"{""P"":1,""S"":-1}",212,132
scaffold_changing_analogue,3,4,1,1,0,"{""C"":2,""N"":1}",208,157
scaffold_changing_analogue,1,1,0,1,0,"{""Br"":1}",207,154
scaffold_changing_analogue,0,0,0,-1,0,"{""C"":1,""S"":-1}",195,104
scaffold_changing_analogue,-1,-1,0,-2,0,"{""C"":1,""O"":-1,""S"":-1}",188,93
scaffold_changing_analogue,2,2,0,1,0,"{""C"":1,""S"":1}",181,147
scaffold_preserving_non_mmp_analogue,1,1,0,1,0,"{""S"":1}",177,137
scaffold_changing_analogue,0,0,0,-1,0,"{""C"":1,""F"":-1}",177,113
scaffold_changing_analogue,2,2,0,2,0,"{""N"":1,""O"":1}",165,115
scaffold_changing_analogue,-1,-1,0,-1,1,"{""O"":-1}",165,113
scaffold_preserving_non_mmp_analogue,-2,-2,0,-1,0,"{""C"":-1,""O"":-1}",160,121
scaffold_changing_analogue,3,3,0,2,0,"{""C"":1,""N"":1,""O"":1}",159,102
scaffold_changing_analogue,-1,-1,0,0,1,"{""C"":-1}",157,125
scaffold_changing_analogue,-5,-6,-1,0,0,"{""C"":-5}",156,115
scaffold_changing_analogue,4,5,1,1,0,"{""C"":3,""N"":1}",156,111
scaffold_changing_analogue,-1,-1,0,0,0,"{""C"":-1,""N"":1,""O"":-1}",149,117
scaffold_changing_analogue,-1,-1,0,0,0,"{""C"":-1,""O"":-1,""S"":1}",145,107
scaffold_changing_analogue,-3,-3,0,-1,0,"{""C"":-2,""N"":-1}",144,119
scaffold_changing_analogue,-1,-1,0,1,0,"{""C"":-2,""S"":1}",144,115
scaffold_changing_analogue,-1,-1,0,0,-1,"{""C"":-1}",144,112
scaffold_preserving_non_mmp_analogue,0,0,0,0,0,"{""N"":-1,""O"":1}",143,90
scaffold_changing_analogue,0,0,0,1,1,"{""C"":-1,""N"":1}",138,114
acyclic_non_mmp_analogue,1,1,0,1,0,"{""O"":1}",138,58
scaffold_changing_analogue,0,0,0,0,0,"{""F"":-1,""O"":1}",137,75
scaffold_changing_analogue,1,1,0,0,1,"{""C"":1,""N"":1,""O"":-1}",134,87
scaffold_changing_analogue,-2,-3,-1,0,0,"{""C"":-2}",134,83
scaffold_preserving_non_mmp_analogue,1,1,0,1,0,"{""Cl"":1}",133,96
scaffold_changing_analogue,3,3,0,1,0,"{""C"":2,""N"":1}",132,87
scaffold_preserving_non_mmp_analogue,0,0,0,0,0,"{""Br"":1,""Cl"":-1}",129,95
scaffold_changing_analogue,0,0,0,1,0,"{""C"":-1,""Cl"":1}",124,97
scaffold_changing_analogue,0,0,0,-1,0,"{""C"":1,""Cl"":-1}",124,78
scaffold_changing_analogue,1,1,0,0,0,"{""C"":1,""F"":-1,""O"":1}",124,67
acyclic_non_mmp_analogue,-1,-1,0,-1,0,"{""O"":-1}",123,48
scaffold_changing_analogue,0,0,0,0,0,"{""F"":1,""O"":-1}",122,85
scaffold_changing_analogue,-3,-3,0,-2,0,"{""C"":-1,""N"":-1,""O"":-1}",121,95
scaffold_changing_analogue,0,1,1,0,0,{},119,87
scaffold_changing_analogue,-1,-1,0,-1,0,"{""Cl"":-1}",119,83
scaffold_changing_analogue,1,1,1,1,0,"{""O"":1}",117,76
scaffold_changing_analogue,-3,-3,0,-1,0,"{""C"":-2,""O"":-1}",114,102
scaffold_changing_analogue,0,0,0,0,0,"{""Br"":1,""Cl"":-1}",114,77
scaffold_changing_analogue,-2,-2,0,-1,0,"{""C"":-1,""F"":-1}",112,77
scaffold_changing_analogue,-3,-4,-1,0,0,"{""C"":-3}",111,78
scaffold_preserving_non_mmp_analogue,2,2,0,1,0,"{""C"":1,""N"":1}",110,93
scaffold_preserving_non_mmp_analogue,0,0,0,1,0,"{""C"":-1,""F"":1}",109,86
scaffold_preserving_non_mmp_analogue,0,0,0,0,0,"{""Br"":-1,""I"":1}",109,83
scaffold_changing_analogue,0,0,0,0,0,"{""Br"":-1,""Cl"":1}",109,62
scaffold_changing_analogue,0,0,0,1,0,"{""C"":-1,""F"":1}",108,92
scaffold_changing_analogue,1,1,0,-1,0,"{""C"":2,""O"":-1}",108,72
scaffold_changing_analogue,-1,-1,0,-1,-1,"{""N"":-1}",107,73
scaffold_changing_analogue,0,0,0,0,-1,"{""N"":-1,""O"":1}",106,73
scaffold_changing_analogue,2,2,0,1,-1,"{""C"":1,""O"":1}",106,73
scaffold_changing_analogue,-4,-5,-1,0,0,"{""C"":-4}",104,83
scaffold_changing_analogue,1,1,-1,0,0,"{""C"":1}",103,24
scaffold_changing_analogue,1,1,0,1,0,"{""I"":1}",100,90
scaffold_preserving_non_mmp_analogue,0,0,0,1,0,"{""C"":-1,""S"":1}",100,88
scaffold_changing_analogue,2,3,1,1,0,"{""C"":1,""N"":1}",100,70
scaffold_changing_analogue,3,3,0,1,0,"{""C"":2,""O"":1}",99,81
scaffold_changing_analogue,3,4,1,0,0,"{""C"":3}",99,77
scaffold_changing_analogue,0,0,0,0,0,"{""Br"":-1,""I"":1}",99,61
scaffold_preserving_non_mmp_analogue,0,0,0,-1,0,"{""C"":1,""F"":-1}",99,60
scaffold_changing_analogue,3,4,1,0,0,"{""C"":3,""N"":1,""O"":-1}",98,59
scaffold_preserving_non_mmp_analogue,-1,-1,0,-1,0,"{""N"":-1}",97,79
scaffold_preserving_non_mmp_analogue,0,0,0,0,0,"{""Br"":-1,""Cl"":1}",96,60
scaffold_changing_analogue,-2,-2,0,-2,0,"{""N"":-1,""O"":-1}",95,65
scaffold_preserving_non_mmp_analogue,0,0,0,0,1,{},94,68
scaffold_preserving_non_mmp_analogue,0,0,0,1,0,"{""C"":-1,""O"":1}",93,71
scaffold_changing_analogue,2,2,0,0,0,"{""C"":2,""N"":-1,""O"":1}",92,64
scaffold_changing_analogue,1,1,0,0,-1,"{""C"":1}",91,73
scaffold_changing_analogue,2,3,1,0,0,"{""C"":2,""N"":1,""O"":-1}",91,60
scaffold_changing_analogue,0,0,0,-1,-1,"{""C"":1,""N"":-1}",91,58
scaffold_changing_analogue,-1,-1,0,1,0,"{""C"":-2,""O"":1}",90,75
scaffold_changing_analogue,0,0,0,-1,1,"{""C"":1,""O"":-1}",88,57
scaffold_changing_analogue,1,1,1,1,0,"{""N"":1}",85,68
scaffold_changing_analogue,0,0,0,0,0,"{""Cl"":1,""F"":-1}",85,64
scaffold_changing_analogue,-1,-2,-1,0,0,"{""C"":-1}",85,57
scaffold_changing_analogue,0,0,0,0,0,"{""Cl"":-1,""F"":1}",84,57
scaffold_preserving_non_mmp_analogue,0,0,0,0,0,"{""Cl"":-1,""F"":1}",83,65
scaffold_changing_analogue,1,1,0,0,0,"{""C"":1,""O"":1,""S"":-1}",83,51
scaffold_preserving_non_mmp_analogue,1,1,0,1,0,"{""Br"":1}",82,73
scaffold_preserving_non_mmp_analogue,2,2,0,1,0,"{""C"":1,""F"":1}",82,66
scaffold_changing_analogue,0,0,0,0,0,"{""N"":-1,""P"":1}",82,65
scaffold_preserving_non_mmp_analogue,0,0,0,1,0,"{""C"":-1,""Cl"":1}",81,62
acyclic_non_mmp_analogue,1,1,0,1,0,"{""S"":1}",81,42
scaffold_changing_analogue,-1,-1,1,-1,0,"{""O"":-1}",80,59
acyclic_non_mmp_analogue,1,1,0,1,0,"{""N"":1}",80,46
scaffold_changing_analogue,-3,-3,0,0,0,"{""C"":-3}",78,65
scaffold_preserving_non_mmp_analogue,0,0,0,0,0,"{""N"":1,""O"":-1}",78,60
acyclic_non_mmp_analogue,2,2,0,1,0,"{""C"":1,""O"":1}",78,36
scaffold_changing_analogue,-2,-2,0,-1,1,"{""C"":-1,""O"":-1}",77,62
scaffold_preserving_non_mmp_analogue,1,1,0,1,-1,"{""O"":1}",75,49
scaffold_changing_analogue,-1,-1,-1,0,0,"{""C"":-1}",73,26
scaffold_changing_analogue,-6,-7,-1,-1,0,"{""C"":-5,""N"":-1}",72,65
scaffold_changing_analogue,-1,-1,0,0,0,"{""C"":-1,""F"":-1,""N"":1}",72,48
scaffold_preserving_non_mmp_analogue,0,0,0,-1,0,"{""C"":1,""O"":-1}",71,56
scaffold_changing_analogue,0,0,0,1,-1,"{""C"":-1,""O"":1}",71,52
scaffold_changing_analogue,-2,-2,0,-2,0,"{""O"":-1,""S"":-1}",71,46
scaffold_changing_analogue,1,1,0,0,0,"{""C"":1,""F"":1,""N"":-1}",70,46
scaffold_changing_analogue,0,0,0,1,0,"{""Br"":1,""C"":-1}",69,53
scaffold_changing_analogue,1,1,0,1,-1,"{""N"":1}",69,44
scaffold_preserving_non_mmp_analogue,0,0,0,1,0,"{""C"":-1,""P"":1}",68,57
scaffold_changing_analogue,-2,-2,0,-1,-1,"{""C"":-1,""N"":-1}",68,54
scaffold_preserving_non_mmp_analogue,0,0,0,0,-1,{},68,53
scaffold_preserving_non_mmp_analogue,0,0,0,0,0,"{""Cl"":1,""F"":-1}",68,51
scaffold_preserving_non_mmp_analogue,0,0,0,-1,0,"{""C"":1,""Cl"":-1}",68,37
scaffold_changing_analogue,-4,-5,-1,-1,0,"{""C"":-3,""N"":-1}",63,39
scaffold_preserving_non_mmp_analogue,1,1,0,1,1,"{""N"":1}",62,50
scaffold_preserving_non_mmp_analogue,0,0,0,0,0,"{""F"":-1,""O"":1}",62,41
scaffold_changing_analogue,1,1,0,0,0,"{""C"":1,""N"":-1,""S"":1}",60,47
scaffold_changing_analogue,0,0,0,0,0,"{""Cl"":1,""O"":-1}",60,44
scaffold_changing_analogue,-2,-2,0,-1,0,"{""C"":-1,""S"":-1}",59,46
scaffold_changing_analogue,-3,-4,-1,-1,0,"{""C"":-2,""N"":-1}",57,44
scaffold_changing_analogue,0,0,0,1,0,"{""C"":-1,""Si"":1}",57,39
scaffold_changing_analogue,-7,-8,-1,-1,0,"{""C"":-6,""N"":-1}",56,46
scaffold_changing_analogue,1,1,0,0,0,"{""C"":1,""F"":-1,""N"":1}",56,43
acyclic_non_mmp_analogue,-1,-1,0,-1,0,"{""N"":-1}",56,26
acyclic_non_mmp_analogue,0,0,0,0,0,"{""N"":1,""O"":-1}",56,24
scaffold_changing_analogue,-2,-2,0,-2,0,"{""F"":-2}",55,38
scaffold_changing_analogue,0,0,0,0,0,"{""F"":-1,""N"":1}",55,37
acyclic_non_mmp_analogue,-2,-2,0,0,0,"{""C"":-2}",55,27
scaffold_changing_analogue,-4,-4,0,-2,0,"{""C"":-2,""N"":-1,""O"":-1}",53,50
scaffold_changing_analogue,4,5,1,1,0,"{""C"":3,""S"":1}",53,40
scaffold_changing_analogue,0,0,0,0,0,"{""Br"":1,""F"":-1}",53,35
scaffold_preserving_non_mmp_analogue,-1,-1,0,-1,0,"{""Cl"":-1}",52,45
scaffold_changing_analogue,1,1,0,0,0,"{""C"":1,""Cl"":-1,""O"":1}",52,42
scaffold_changing_analogue,-1,-1,0,-2,0,"{""C"":1,""N"":-1,""O"":-1}",52,36
acyclic_non_mmp_analogue,0,0,0,-1,0,"{""C"":1,""O"":-1}",52,27
scaffold_preserving_non_mmp_analogue,0,0,0,1,0,"{""Br"":1,""C"":-1}",51,41
scaffold_preserving_non_mmp_analogue,0,0,0,0,0,"{""Br"":1,""F"":-1}",50,42
scaffold_preserving_non_mmp_analogue,0,0,0,-1,0,"{""C"":1,""N"":-1}",50,34
scaffold_preserving_non_mmp_analogue,0,0,0,0,0,"{""F"":1,""O"":-1}",50,32
scaffold_changing_analogue,1,1,0,0,0,"{""C"":1,""P"":1,""S"":-1}",50,29
scaffold_preserving_non_mmp_analogue,-2,-2,0,-1,0,"{""C"":-1,""N"":-1}",49,45
scaffold_preserving_non_mmp_analogue,0,0,0,1,0,"{""C"":-1,""N"":1}",49,43
scaffold_changing_analogue,-3,-3,0,-2,0,"{""C"":-1,""F"":-2}",49,33
scaffold_changing_analogue,0,0,2,0,0,{},49,30
scaffold_preserving_non_mmp_analogue,2,2,0,0,0,"{""C"":2}",48,47
scaffold_changing_analogue,0,0,0,1,0,"{""C"":-1,""N"":-1,""O"":1,""S"":1}",48,40
scaffold_changing_analogue,-5,-6,-1,-1,0,"{""C"":-4,""N"":-1}",48,38
scaffold_changing_analogue,3,4,1,1,0,"{""C"":2,""S"":1}",48,36
scaffold_changing_analogue,-5,-6,-1,-2,0,"{""C"":-3,""N"":-2}",47,40
scaffold_changing_analogue,1,1,0,0,0,"{""C"":1,""Cl"":-1,""N"":1}",47,34
scaffold_changing_analogue,-2,-2,0,0,0,"{""C"":-2,""N"":-1,""S"":1}",46,37
scaffold_changing_analogue,-8,-9,-1,-1,0,"{""C"":-7,""O"":-1}",46,36
scaffold_changing_analogue,-1,-1,0,0,-1,"{""C"":-1,""N"":-1,""O"":1}",46,33
scaffold_changing_analogue,2,2,0,1,0,"{""C"":1,""Cl"":1}",46,28
scaffold_changing_analogue,1,1,0,1,0,"{""N"":-1,""O"":1,""S"":1}",45,33
scaffold_preserving_non_mmp_analogue,1,1,0,0,0,"{""C"":1,""N"":-1,""O"":1}",45,30
scaffold_changing_analogue,2,2,0,2,0,"{""F"":2}",45,30
scaffold_preserving_non_mmp_analogue,1,1,0,1,0,"{""B"":1}",44,36
scaffold_changing_analogue,2,2,0,0,0,"{""C"":2,""N"":1,""O"":-1}",44,35
scaffold_preserving_non_mmp_analogue,-1,-1,0,0,-1,"{""C"":-1}",43,39
scaffold_changing_analogue,-1,-1,0,0,1,"{""C"":-1,""N"":1,""O"":-1}",43,37
scaffold_preserving_non_mmp_analogue,1,1,0,1,0,"{""P"":1}",43,36
scaffold_changing_analogue,-4,-5,-1,1,0,"{""C"":-5,""O"":1}",43,34
scaffold_preserving_non_mmp_analogue,-2,-2,0,-1,0,"{""C"":-1,""F"":-1}",43,27
scaffold_changing_analogue,0,0,0,0,0,"{""Br"":1,""I"":-1}",43,15
scaffold_changing_analogue,-1,-1,0,0,0,"{""C"":-1,""P"":1,""S"":-1}",42,37
scaffold_changing_analogue,-7,-8,-1,-1,0,"{""C"":-6,""O"":-1}",42,34
scaffold_changing_analogue,2,2,0,2,0,"{""O"":2}",42,26
acyclic_non_mmp_analogue,-2,-2,0,-1,0,"{""C"":-1,""O"":-1}",42,19
scaffold_changing_analogue,-9,-10,-1,-2,0,"{""C"":-7,""N"":-1,""O"":-1}",41,35
scaffold_changing_analogue,2,2,0,2,0,"{""O"":1,""P"":1}",41,34
scaffold_changing_analogue,-2,-2,0,0,0,"{""C"":-2,""N"":1,""O"":-1}",41,29
scaffold_changing_analogue,1,1,0,1,0,"{""Si"":1}",41,29
scaffold_changing_analogue,1,1,0,-1,0,"{""C"":2,""S"":-1}",41,26
scaffold_changing_analogue,2,2,0,1,0,"{""Br"":1,""C"":1}",41,22
scaffold_changing_analogue,-8,-9,-1,-1,0,"{""C"":-7,""N"":-1}",40,33
scaffold_changing_analogue,0,0,0,-1,0,"{""C"":1,""N"":-2,""O"":1}",40,30
scaffold_changing_analogue,-7,-8,-1,0,0,"{""C"":-7}",39,32
scaffold_changing_analogue,0,0,0,0,0,"{""Cl"":-1,""N"":1}",39,24
scaffold_changing_analogue,0,0,0,0,0,"{""Cl"":-1,""O"":1}",39,24
scaffold_preserving_non_mmp_analogue,-1,-1,0,0,0,"{""C"":-1,""N"":-1,""O"":1}",38,29
scaffold_preserving_non_mmp_analogue,0,0,0,0,0,"{""Br"":1,""I"":-1}",38,17
scaffold_changing_analogue,0,0,0,0,0,"{""F"":1,""N"":-1}",37,30
scaffold_changing_analogue,3,3,0,2,0,"{""C"":1,""F"":2}",37,26
scaffold_changing_analogue,-1,-1,0,-2,0,"{""C"":1,""N"":-2}",37,25
scaffold_preserving_non_mmp_analogue,1,1,0,0,0,"{""C"":1,""F"":-1,""O"":1}",37,24
scaffold_changing_analogue,-2,-2,0,0,0,"{""C"":-2,""N"":-1,""O"":1}",36,28
scaffold_changing_analogue,-3,-3,0,-3,0,"{""O"":-2,""S"":-1}",36,27
scaffold_changing_analogue,1,1,0,0,0,"{""C"":1,""Cl"":1,""N"":-1}",36,27
scaffold_preserving_non_mmp_analogue,1,1,0,0,0,"{""C"":1,""Cl"":-1,""O"":1}",36,26
scaffold_changing_analogue,-1,-1,1,-1,0,"{""N"":-1}",36,25
scaffold_changing_analogue,2,2,1,1,0,"{""C"":1,""O"":1}",36,25
scaffold_changing_analogue,0,0,0,-1,0,"{""C"":1,""N"":1,""O"":-1,""S"":-1}",36,23
acyclic_non_mmp_analogue,0,0,0,1,0,"{""C"":-1,""Si"":1}",36,15
scaffold_changing_analogue,1,1,0,1,0,"{""N"":-1,""O"":2}",36,14
scaffold_changing_analogue,0,1,1,-1,0,"{""C"":1,""O"":-1}",35,32
scaffold_changing_analogue,-1,0,0,-1,0,"{""H"":1,""N"":-1}",35,31
scaffold_changing_analogue,0,0,0,0,0,"{""Br"":1,""O"":-1}",35,27
scaffold_preserving_non_mmp_analogue,-3,-3,0,0,0,"{""C"":-3}",35,26
scaffold_changing_analogue,-4,-4,0,0,0,"{""C"":-4}",35,23
scaffold_changing_analogue,0,0,0,0,0,"{""Br"":-1,""F"":1}",34,28
scaffold_changing_analogue,-4,-5,-1,-2,0,"{""C"":-2,""N"":-2}",34,27
scaffold_changing_analogue,3,3,0,2,0,"{""C"":1,""O"":2}",34,21
scaffold_changing_analogue,0,-1,-1,0,0,{},34,20
acyclic_non_mmp_analogue,1,1,0,1,0,"{""F"":1}",34,19
acyclic_non_mmp_analogue,0,0,0,0,0,"{""N"":-1,""O"":1}",34,18
scaffold_changing_analogue,-7,-8,-1,-1,0,"{""C"":-6,""F"":-1}",33,27
scaffold_changing_analogue,1,1,0,2,0,"{""C"":-1,""N"":1,""O"":1}",33,26
scaffold_changing_analogue,1,1,0,0,0,"{""C"":1,""F"":1,""O"":-1}",33,24
scaffold_changing_analogue,0,0,1,-1,0,"{""C"":1,""O"":-1}",33,16
scaffold_preserving_non_mmp_analogue,0,0,0,0,0,"{""O"":-1,""S"":1}",32,28
scaffold_changing_analogue,-4,-4,0,-1,0,"{""C"":-3,""N"":-1}",32,27
scaffold_changing_analogue,-1,-1,0,0,-1,"{""C"":-1,""N"":-1,""S"":1}",32,23
scaffold_changing_analogue,0,0,0,-1,0,"{""C"":1,""F"":-2,""O"":1}",32,13
scaffold_changing_analogue,-1,-1,0,-1,0,"{""F"":-2,""O"":1}",31,19
scaffold_changing_analogue,-8,-9,-1,-2,0,"{""C"":-6,""N"":-1,""O"":-1}",30,28
scaffold_changing_analogue,4,5,1,1,0,"{""C"":3,""O"":1}",30,28
scaffold_changing_analogue,-6,-7,-1,-2,0,"{""C"":-4,""N"":-2}",30,26
scaffold_changing_analogue,-2,-2,0,-2,0,"{""N"":-2}",30,22
scaffold_changing_analogue,1,1,0,1,1,"{""O"":1}",30,21
scaffold_preserving_non_mmp_analogue,1,1,0,0,1,"{""C"":1}",30,19
scaffold_changing_analogue,-1,-1,0,-1,0,"{""N"":1,""O"":-1,""S"":-1}",30,19
scaffold_changing_analogue,0,0,0,0,-1,"{""F"":-1,""O"":1}",30,17
scaffold_preserving_non_mmp_analogue,0,0,0,1,0,"{""B"":1,""C"":-1}",29,24
scaffold_changing_analogue,3,4,1,1,0,"{""C"":2,""O"":1}",29,24
scaffold_changing_analogue,-3,-3,0,-1,-1,"{""C"":-2,""N"":-1}",29,23
scaffold_changing_analogue,-2,-2,1,-1,0,"{""C"":-1,""O"":-1}",29,22
scaffold_changing_analogue,1,2,1,0,0,"{""C"":1,""N"":1,""O"":-1}",29,21
scaffold_changing_analogue,2,2,0,0,0,"{""C"":2,""N"":1,""S"":-1}",29,20
scaffold_preserving_non_mmp_analogue,0,0,0,0,0,"{""P"":1,""S"":-1}",29,19
scaffold_changing_analogue,-1,-1,1,-1,0,"{""F"":-1}",29,17
scaffold_changing_analogue,2,2,0,1,0,"{""C"":1,""N"":-1,""O"":2}",29,10
scaffold_changing_analogue,0,0,0,-1,0,"{""C"":1,""Si"":-1}",29,8
scaffold_changing_analogue,0,0,0,0,0,"{""O"":-1,""P"":1}",28,25
scaffold_changing_analogue,-1,-1,0,-1,0,"{""O"":-1,""P"":1,""S"":-1}",28,24
scaffold_preserving_non_mmp_analogue,0,0,0,1,1,"{""C"":-1,""N"":1}",28,23
scaffold_changing_analogue,-5,-6,-1,-1,0,"{""C"":-4,""O"":-1}",28,23
scaffold_changing_analogue,-4,-5,-1,-1,0,"{""C"":-3,""O"":-1}",28,22
scaffold_changing_analogue,-1,-1,0,0,0,"{""Br"":1,""C"":-1,""O"":-1}",28,22
scaffold_changing_analogue,1,1,1,1,0,"{""S"":1}",28,20
acyclic_non_mmp_analogue,0,0,0,1,0,"{""C"":-1,""S"":1}",28,17
acyclic_non_mmp_analogue,0,0,0,1,0,"{""C"":-1,""O"":1}",28,14
acyclic_non_mmp_analogue,-1,-1,0,-1,0,"{""F"":-1}",28,11
scaffold_preserving_non_mmp_analogue,0,0,0,0,0,"{""Br"":-1,""F"":1}",27,26
scaffold_changing_analogue,2,2,1,1,0,"{""C"":1,""N"":1}",27,26
scaffold_changing_analogue,2,2,0,1,0,"{""B"":1,""C"":1}",27,24
scaffold_changing_analogue,-1,-1,0,0,0,"{""C"":-1,""F"":1,""O"":-1}",27,23
scaffold_changing_analogue,1,1,0,0,-1,"{""C"":1,""N"":-1,""O"":1}",27,22
scaffold_changing_analogue,1,1,0,0,0,"{""C"":1,""O"":-1,""S"":1}",27,22
scaffold_changing_analogue,1,1,0,1,0,"{""O"":1,""P"":1,""S"":-1}",27,21
scaffold_changing_analogue,-2,-2,1,0,0,"{""C"":-2}",27,20
scaffold_changing_analogue,-1,-1,0,-1,1,"{""N"":-1}",27,20
acyclic_non_mmp_analogue,0,0,0,0,1,{},27,15
acyclic_non_mmp_analogue,0,0,0,0,0,"{""O"":1,""S"":-1}",27,8
scaffold_preserving_non_mmp_analogue,2,2,0,2,0,"{""O"":1,""S"":1}",26,25
scaffold_changing_analogue,3,3,0,2,0,"{""C"":1,""O"":1,""S"":1}",26,23
scaffold_changing_analogue,-1,-1,0,-1,0,"{""Br"":-1}",26,22
scaffold_preserving_non_mmp_analogue,1,1,0,0,0,"{""C"":1,""Cl"":-1,""N"":1}",26,19
scaffold_changing_analogue,1,1,1,1,0,"{""Cl"":1}",26,18
acyclic_non_mmp_analogue,2,2,0,1,0,"{""C"":1,""N"":1}",26,17
scaffold_changing_analogue,1,1,0,0,0,"{""Br"":-1,""C"":1,""O"":1}",26,17
scaffold_preserving_non_mmp_analogue,-1,-1,0,-1,0,"{""S"":-1}",26,16
acyclic_non_mmp_analogue,1,1,0,1,0,"{""Si"":1}",26,15
scaffold_changing_analogue,-3,-4,-1,-2,0,"{""C"":-1,""N"":-2}",26,14
scaffold_changing_analogue,0,0,0,0,0,"{""I"":1,""S"":-1}",25,25
scaffold_changing_analogue,-3,-3,0,-2,0,"{""C"":-1,""N"":-2}",25,23
scaffold_changing_analogue,1,2,1,-1,0,"{""C"":2,""O"":-1}",25,23
scaffold_preserving_non_mmp_analogue,-3,-3,0,-1,0,"{""C"":-2,""O"":-1}",25,22
scaffold_changing_analogue,-2,-3,-1,-1,0,"{""C"":-1,""N"":-1}",25,22
scaffold_changing_analogue,-2,-3,-1,1,0,"{""C"":-3,""O"":1}",25,18
scaffold_changing_analogue,1,1,1,1,0,"{""F"":1}",25,17
acyclic_non_mmp_analogue,0,0,0,0,-1,{},25,16
scaffold_changing_analogue,0,0,1,0,0,"{""N"":-1,""O"":1}",25,14
scaffold_preserving_non_mmp_analogue,0,0,0,0,0,"{""Br"":-1,""P"":1}",24,21
scaffold_changing_analogue,3,3,0,1,1,"{""C"":2,""N"":1}",24,18
scaffold_changing_analogue,4,5,1,2,0,"{""C"":2,""N"":2}",24,18
scaffold_changing_analogue,0,0,0,0,0,"{""Cl"":-1,""S"":1}",24,16
scaffold_changing_analogue,3,3,0,3,0,"{""O"":2,""S"":1}",24,15
acyclic_non_mmp_analogue,2,2,0,1,0,"{""C"":1,""F"":1}",24,10
scaffold_preserving_non_mmp_analogue,0,0,0,-1,0,"{""C"":1,""Si"":-1}",24,6
scaffold_changing_analogue,-7,-8,-1,-2,0,"{""C"":-5,""N"":-2}",23,22
scaffold_changing_analogue,0,0,0,0,-1,"{""N"":-1,""S"":1}",23,21
scaffold_preserving_non_mmp_analogue,0,0,0,0,0,"{""N"":-1,""S"":1}",23,20
scaffold_changing_analogue,-2,-2,0,0,0,"{""C"":-2,""F"":-1,""S"":1}",23,17
scaffold_changing_analogue,0,0,0,-1,0,"{""C"":1,""O"":-1,""P"":1,""S"":-1}",23,17
scaffold_preserving_non_mmp_analogue,0,0,0,1,-1,"{""C"":-1,""O"":1}",23,16
scaffold_changing_analogue,0,0,0,1,0,"{""C"":-1,""I"":1}",22,21
scaffold_changing_analogue,-4,-4,0,-1,0,"{""C"":-3,""O"":-1}",22,20
scaffold_preserving_non_mmp_analogue,-1,-1,0,0,0,"{""C"":-1,""Cl"":1,""N"":-1}",22,18
scaffold_preserving_non_mmp_analogue,2,2,0,1,1,"{""C"":1,""N"":1}",22,18
scaffold_changing_analogue,0,0,0,-1,0,"{""C"":1,""N"":-1,""O"":-1,""S"":1}",22,18
scaffold_changing_analogue,1,1,0,0,0,"{""Br"":1,""C"":1,""N"":-1}",22,18
scaffold_changing_analogue,-1,-1,0,0,0,"{""C"":-1,""O"":1,""S"":-1}",22,17
scaffold_changing_analogue,-5,-6,-1,-1,0,"{""C"":-4,""S"":-1}",22,14
acyclic_non_mmp_analogue,0,0,0,0,0,"{""O"":-1,""S"":1}",22,13
acyclic_non_mmp_analogue,2,2,0,0,0,"{""C"":2}",22,13
acyclic_non_mmp_analogue,0,0,0,-1,0,"{""C"":1,""F"":-1}",22,12
scaffold_changing_analogue,-1,-1,0,0,0,"{""C"":-1,""Cl"":1,""F"":-1}",22,9
scaffold_changing_analogue,-6,-7,-1,-1,-1,"{""C"":-5,""N"":-1}",21,19
scaffold_changing_analogue,0,-1,-1,1,0,"{""C"":-1,""O"":1}",21,19
scaffold_changing_analogue,-9,-10,-1,-3,0,"{""C"":-6,""N"":-2,""O"":-1}",21,18
scaffold_changing_analogue,-1,-1,0,0,0,"{""C"":-1,""N"":-1,""P"":1}",21,18
scaffold_changing_analogue,-8,-9,-1,-2,0,"{""C"":-6,""N"":-2}",21,17
scaffold_changing_analogue,-2,-2,0,0,0,"{""C"":-2,""F"":-1,""N"":1}",21,17
scaffold_changing_analogue,0,0,0,0,0,"{""Br"":1,""N"":-1}",21,17
scaffold_changing_analogue,0,0,0,1,-1,"{""C"":-1,""N"":1}",21,17
scaffold_changing_analogue,-3,-4,-1,-1,0,"{""C"":-2,""O"":-1}",21,13
scaffold_changing_analogue,3,3,0,0,0,"{""C"":3}",21,13
scaffold_preserving_non_mmp_analogue,0,0,0,1,0,"{""C"":-1,""Si"":1}",21,12
scaffold_changing_analogue,0,0,0,0,0,"{""P"":-1,""S"":1}",21,4
scaffold_changing_analogue,-6,-7,-1,-3,0,"{""C"":-3,""N"":-3}",20,20
scaffold_changing_analogue,1,1,0,1,-1,"{""S"":1}",20,18
scaffold_preserving_non_mmp_analogue,-1,-1,0,-1,1,"{""O"":-1}",20,17
scaffold_changing_analogue,-2,-2,0,-1,0,"{""C"":-1,""Cl"":-1}",20,17
scaffold_changing_analogue,-2,-2,0,1,0,"{""C"":-3,""N"":1}",20,17
scaffold_changing_analogue,0,0,0,-1,0,"{""C"":1,""N"":-2,""S"":1}",20,17
scaffold_changing_analogue,0,0,0,-1,1,"{""C"":1,""N"":-1}",20,17
scaffold_preserving_non_mmp_analogue,-1,-1,0,-1,0,"{""Br"":-1}",20,16
scaffold_changing_analogue,-2,-2,0,-1,0,"{""C"":-1,""N"":-1,""O"":-1,""S"":1}",20,16
scaffold_changing_analogue,0,0,0,0,1,"{""N"":-1,""O"":1}",20,16
scaffold_preserving_non_mmp_analogue,-3,-3,0,-2,0,"{""C"":-1,""F"":-2}",20,15
scaffold_changing_analogue,-1,-1,0,0,0,"{""C"":-1,""N"":1,""S"":-1}",20,14
scaffold_changing_analogue,0,0,0,-1,0,"{""C"":1,""N"":-1,""O"":1,""S"":-1}",20,14
acyclic_non_mmp_analogue,0,0,0,0,0,"{""P"":1,""S"":-1}",20,13
scaffold_preserving_non_mmp_analogue,-1,-1,0,0,0,"{""C"":-1,""F"":1,""O"":-1}",19,17
scaffold_changing_analogue,1,1,0,2,0,"{""C"":-1,""O"":1,""P"":1}",19,17
scaffold_changing_analogue,4,5,1,0,0,"{""C"":4}",19,17
scaffold_changing_analogue,-3,-3,0,-2,0,"{""C"":-1,""O"":-2}",19,16
scaffold_changing_analogue,-2,-3,-1,0,0,"{""C"":-2,""N"":-1,""O"":1}",19,16
scaffold_changing_analogue,0,0,0,0,1,"{""N"":1,""S"":-1}",19,16
scaffold_changing_analogue,0,0,0,0,0,"{""Br"":-1,""O"":1}",19,14
scaffold_changing_analogue,0,1,1,-1,0,"{""C"":1,""F"":-1}",19,14
scaffold_changing_analogue,-4,-5,-1,-1,0,"{""C"":-3,""S"":-1}",19,12
scaffold_changing_analogue,-1,-1,0,0,0,"{""Br"":1,""C"":-1,""N"":-1}",19,12
scaffold_changing_analogue,1,1,0,0,0,"{""C"":1,""Cl"":-1,""S"":1}",19,12
acyclic_non_mmp_analogue,0,0,0,1,0,"{""C"":-1,""N"":1}",19,11
acyclic_non_mmp_analogue,0,0,0,1,0,"{""C"":-1,""P"":1}",19,11
scaffold_changing_analogue,-5,-6,-1,1,0,"{""C"":-6,""O"":1}",19,11
scaffold_changing_analogue,3,4,1,0,0,"{""C"":3,""O"":-1,""S"":1}",19,11
scaffold_changing_analogue,-7,-8,-1,-2,0,"{""C"":-5,""N"":-1,""O"":-1}",18,18
scaffold_changing_analogue,2,2,0,2,0,"{""F"":1,""N"":1}",18,17
scaffold_changing_analogue,-2,-2,0,0,0,"{""C"":-2,""F"":-1,""O"":1}",18,16
scaffold_preserving_non_mmp_analogue,0,0,0,0,0,"{""F"":-1,""N"":1}",18,15
acyclic_non_mmp_analogue,1,1,0,0,0,"{""C"":1,""N"":1,""O"":-1}",18,15
scaffold_changing_analogue,-7,-8,-1,-3,0,"{""C"":-4,""N"":-3}",18,15
scaffold_changing_analogue,-1,-2,-1,1,0,"{""C"":-2,""O"":1}",18,15
scaffold_changing_analogue,-2,-2,0,-2,0,"{""O"":-2}",18,14
scaffold_changing_analogue,3,3,0,1,0,"{""C"":2,""S"":1}",18,14
scaffold_changing_analogue,1,1,0,0,0,"{""C"":1,""Cl"":-1,""F"":1}",18,13
scaffold_preserving_non_mmp_analogue,0,0,0,0,-1,"{""F"":-1,""O"":1}",18,11
scaffold_changing_analogue,0,0,0,0,-1,"{""N"":1,""S"":-1}",18,10
scaffold_changing_analogue,-1,-1,0,-1,0,"{""F"":-1,""N"":-1,""O"":1}",18,9
scaffold_changing_analogue,1,1,0,1,0,"{""N"":2,""O"":-1}",18,8
scaffold_preserving_non_mmp_analogue,0,0,0,0,1,"{""N"":1,""O"":-1}",17,16
scaffold_changing_analogue,0,0,3,0,0,{},17,15
scaffold_preserving_non_mmp_analogue,0,0,0,0,0,"{""Cl"":-1,""O"":1}",17,14
scaffold_changing_analogue,-1,-1,0,-2,0,"{""C"":1,""F"":-2}",17,14
scaffold_changing_analogue,-10,-11,-1,-2,0,"{""C"":-8,""N"":-1,""O"":-1}",17,13
scaffold_changing_analogue,-1,-1,0,-2,0,"{""C"":1,""N"":-1,""S"":-1}",17,13
scaffold_changing_analogue,-1,-1,0,0,0,"{""C"":-1,""Cl"":1,""O"":-1}",17,13
scaffold_changing_analogue,1,1,0,1,0,"{""F"":-1,""O"":1,""S"":1}",17,12
scaffold_changing_analogue,-4,-5,-1,0,0,"{""C"":-4,""N"":-1,""O"":1}",17,11
acyclic_non_mmp_analogue,1,1,0,1,0,"{""B"":1}",17,10
scaffold_changing_analogue,0,0,0,0,0,"{""F"":-1,""S"":1}",17,10
acyclic_non_mmp_analogue,-3,-3,0,0,0,"{""C"":-3}",17,9
acyclic_non_mmp_analogue,0,0,0,0,0,"{""F"":-1,""O"":1}",17,5
scaffold_changing_analogue,0,0,0,-1,0,"{""C"":1,""P"":-1}",17,5
scaffold_changing_analogue,-1,-1,0,-1,0,"{""P"":-1}",17,4
scaffold_changing_analogue,-2,-2,1,-1,0,"{""C"":-1,""N"":-1}",16,16
scaffold_changing_analogue,2,3,1,1,0,"{""C"":1,""O"":1}",16,16
scaffold_preserving_non_mmp_analogue,-2,-2,0,-2,0,"{""F"":-2}",16,15
scaffold_preserving_non_mmp_analogue,1,1,0,1,0,"{""I"":1}",16,15
scaffold_changing_analogue,-4,-5,-1,1,0,"{""C"":-5,""N"":1}",16,15
scaffold_changing_analogue,-3,-3,0,-1,0,"{""C"":-2,""F"":-1}",16,15
scaffold_changing_analogue,1,1,1,1,1,"{""N"":1}",16,15
scaffold_changing_analogue,2,2,1,0,0,"{""C"":2}",16,15
scaffold_changing_analogue,-5,-6,-1,-2,0,"{""C"":-3,""N"":-1,""O"":-1}",16,14
scaffold_changing_analogue,1,1,0,0,1,"{""C"":1,""F"":-1,""N"":1}",16,13
scaffold_preserving_non_mmp_analogue,-1,-1,0,0,0,"{""C"":-1,""O"":-1,""S"":1}",16,12
scaffold_changing_analogue,-4,-5,-1,-2,0,"{""C"":-2,""N"":-1,""O"":-1}",16,12
scaffold_changing_analogue,0,0,0,-1,1,"{""C"":1,""N"":1,""O"":-1,""S"":-1}",16,12
scaffold_changing_analogue,0,0,1,1,0,"{""C"":-1,""O"":1}",16,12
scaffold_changing_analogue,1,2,1,-1,0,"{""C"":2,""F"":-1}",16,12
scaffold_changing_analogue,-1,-1,0,-2,0,"{""C"":1,""O"":-2}",16,11
scaffold_preserving_non_mmp_analogue,1,1,0,1,0,"{""Si"":1}",16,10
scaffold_changing_analogue,0,0,0,0,2,{},16,10
scaffold_changing_analogue,-1,-1,0,0,0,"{""C"":-1,""Cl"":-1,""N"":1}",16,8
scaffold_changing_analogue,-2,-2,1,-2,0,"{""F"":-2}",16,6
scaffold_changing_analogue,-2,-2,0,0,0,"{""C"":-2,""O"":-1,""S"":1}",15,14
scaffold_changing_analogue,-1,-1,0,-1,0,"{""I"":1,""O"":-1,""S"":-1}",15,14
scaffold_changing_analogue,-1,0,1,0,0,"{""C"":-1}",15,14
scaffold_changing_analogue,-2,-2,0,-2,0,"{""N"":-1,""S"":-1}",15,13
scaffold_changing_analogue,0,0,1,0,0,"{""N"":1,""O"":-1}",15,13
scaffold_changing_analogue,1,1,0,1,0,"{""N"":1,""P"":1,""S"":-1}",15,13
scaffold_changing_analogue,-7,-8,-1,-1,0,"{""C"":-6,""Cl"":-1}",15,12
scaffold_changing_analogue,-3,-4,-1,1,0,"{""C"":-4,""O"":1}",15,12
scaffold_changing_analogue,-1,-1,0,0,0,"{""C"":-1,""Cl"":1,""N"":-1}",15,12
scaffold_changing_analogue,0,0,0,0,-1,"{""N"":1,""O"":-1}",15,12
scaffold_changing_analogue,0,0,0,0,1,"{""F"":-1,""N"":1}",15,12
scaffold_changing_analogue,2,2,0,1,0,"{""C"":1,""N"":-1,""O"":1,""S"":1}",15,12
scaffold_changing_analogue,5,6,1,1,0,"{""C"":4,""N"":1}",15,12
acyclic_non_mmp_analogue,0,0,0,0,0,"{""N"":-1,""S"":1}",15,11
acyclic_non_mmp_analogue,1,1,0,1,0,"{""P"":1}",15,11
scaffold_changing_analogue,3,4,2,1,0,"{""C"":2,""N"":1}",15,11
scaffold_preserving_non_mmp_analogue,0,0,0,0,0,"{""Cl"":-1,""S"":1}",15,10
scaffold_changing_analogue,-2,-2,0,1,0,"{""C"":-3,""S"":1}",15,9
scaffold_changing_analogue,-1,-1,1,-1,0,"{""S"":-1}",15,9
acyclic_non_mmp_analogue,-1,-1,0,-1,0,"{""S"":-1}",15,8
scaffold_changing_analogue,-2,-2,0,-3,0,"{""C"":1,""N"":-1,""O"":-2}",15,7
acyclic_non_mmp_analogue,1,1,0,0,0,"{""C"":1,""O"":1,""S"":-1}",15,5
scaffold_changing_analogue,1,1,0,0,0,"{""B"":1,""C"":1,""Si"":-1}",15,2
scaffold_preserving_non_mmp_analogue,0,0,0,1,0,"{""C"":-1,""I"":1}",14,14
scaffold_preserving_non_mmp_analogue,1,1,0,0,0,"{""C"":1,""N"":1,""O"":-1}",14,13
scaffold_changing_analogue,-6,-7,-1,0,0,"{""C"":-6,""N"":-1,""O"":1}",14,13
scaffold_preserving_non_mmp_analogue,0,0,0,0,-1,"{""N"":-1,""O"":1}",14,12
scaffold_changing_analogue,-1,-1,0,-1,0,"{""Br"":1,""O"":-1,""S"":-1}",14,12
scaffold_changing_analogue,0,0,0,0,0,"{""B"":1,""Br"":-1}",14,12
scaffold_changing_analogue,-1,0,1,-1,0,"{""O"":-1}",14,11
scaffold_changing_analogue,0,0,0,0,0,"{""Cl"":1,""N"":-1}",14,11
scaffold_preserving_non_mmp_analogue,0,0,0,0,0,"{""O"":1,""S"":-1}",14,10
scaffold_changing_analogue,-3,-3,0,-3,0,"{""N"":-1,""O"":-2}",14,10
scaffold_changing_analogue,0,0,0,-1,0,"{""Br"":-1,""C"":1}",14,10
scaffold_changing_analogue,2,2,0,2,1,"{""N"":1,""O"":1}",14,10
scaffold_changing_analogue,2,3,1,1,0,"{""C"":1,""S"":1}",14,10
scaffold_changing_analogue,3,4,1,1,0,"{""C"":2,""N"":2,""O"":-1}",14,10
acyclic_non_mmp_analogue,0,0,0,0,0,"{""N"":1,""S"":-1}",14,8
scaffold_changing_analogue,0,0,1,1,0,"{""C"":-1,""Cl"":1}",14,8
scaffold_changing_analogue,4,5,2,1,0,"{""C"":3,""N"":1}",14,8
acyclic_non_mmp_analogue,0,0,0,1,0,"{""C"":-1,""Cl"":1}",14,7
scaffold_changing_analogue,-1,-1,0,-1,1,"{""S"":-1}",14,7
scaffold_preserving_non_mmp_analogue,0,0,0,1,-1,"{""C"":-1,""N"":-1,""O"":1,""Si"":1}",14,1
scaffold_changing_analogue,-10,-11,-1,-3,0,"{""C"":-7,""N"":-2,""O"":-1}",13,13
scaffold_changing_analogue,-5,-6,-1,-3,0,"{""C"":-2,""N"":-3}",13,13
scaffold_changing_analogue,-5,-5,0,-2,0,"{""C"":-3,""N"":-1,""O"":-1}",13,13
scaffold_changing_analogue,-4,-4,0,-2,0,"{""C"":-2,""N"":-2}",13,13
scaffold_changing_analogue,2,2,0,0,0,"{""C"":2,""O"":1,""S"":-1}",13,13
scaffold_changing_analogue,-6,-7,-1,-1,0,"{""C"":-5,""O"":-1}",13,12
scaffold_changing_analogue,1,1,0,1,0,"{""F"":-1,""N"":1,""O"":1}",13,12
scaffold_changing_analogue,1,1,0,1,1,"{""S"":1}",13,12
scaffold_preserving_non_mmp_analogue,3,3,0,2,0,"{""C"":1,""N"":1,""O"":1}",13,11
acyclic_non_mmp_analogue,0,0,0,0,0,"{""F"":1,""O"":-1}",13,11
scaffold_changing_analogue,-1,-1,0,-1,0,"{""N"":-2,""S"":1}",13,11
scaffold_changing_analogue,0,0,0,0,0,"{""B"":1,""O"":-1}",13,11
scaffold_changing_analogue,0,0,1,0,1,{},13,11
scaffold_changing_analogue,0,1,1,-1,0,"{""C"":1,""N"":-1}",13,11
scaffold_preserving_non_mmp_analogue,1,1,0,0,0,"{""C"":1,""F"":-1,""N"":1}",13,10
scaffold_changing_analogue,-1,-1,0,0,0,"{""C"":-1,""F"":-1,""O"":1}",13,10
scaffold_changing_analogue,0,0,0,0,0,"{""S"":-1,""Si"":1}",13,10
scaffold_changing_analogue,0,0,1,1,0,"{""B"":1,""C"":-1}",13,10
scaffold_changing_analogue,2,2,0,2,0,"{""F"":1,""O"":1}",13,10
scaffold_changing_analogue,-1,-2,-1,1,0,"{""C"":-2,""N"":1}",13,9
scaffold_changing_analogue,0,0,0,0,0,"{""Br"":-1,""P"":1}",13,9
scaffold_preserving_non_mmp_analogue,1,1,0,0,0,"{""C"":1,""Cl"":-1,""S"":1}",13,8
scaffold_changing_analogue,-3,-4,-1,-1,0,"{""C"":-2,""S"":-1}",13,8
scaffold_changing_analogue,-3,-3,0,-1,0,"{""C"":-2,""S"":-1}",13,8
scaffold_changing_analogue,0,0,0,0,0,"{""Cl"":1,""S"":-1}",13,8
scaffold_changing_analogue,2,2,0,2,0,"{""B"":1,""O"":1}",13,8
scaffold_changing_analogue,0,0,0,0,0,"{""I"":-1,""S"":1}",13,7
scaffold_changing_analogue,1,2,2,0,0,"{""C"":1}",13,6
scaffold_changing_analogue,-8,-9,-1,-3,0,"{""C"":-5,""N"":-3}",12,12
scaffold_changing_analogue,2,2,0,1,0,"{""C"":1,""P"":1}",12,12
scaffold_preserving_non_mmp_analogue,-3,-3,0,-3,0,"{""F"":-3}",12,11
scaffold_preserving_non_mmp_analogue,-1,-1,0,0,0,"{""Br"":1,""C"":-1,""N"":-1}",12,11
scaffold_preserving_non_mmp_analogue,1,1,0,2,0,"{""C"":-1,""O"":1,""S"":1}",12,11
scaffold_changing_analogue,1,1,0,2,0,"{""C"":-1,""O"":2}",12,11
scaffold_changing_analogue,2,2,0,1,1,"{""C"":1,""O"":1}",12,11
scaffold_preserving_non_mmp_analogue,-1,-1,0,0,0,"{""Br"":1,""C"":-1,""O"":-1}",12,10
scaffold_preserving_non_mmp_analogue,2,2,0,1,0,"{""C"":1,""S"":1}",12,10
scaffold_changing_analogue,0,0,0,0,0,"{""B"":1,""N"":-1}",12,10
scaffold_changing_analogue,0,0,0,1,0,"{""C"":-1,""N"":-1,""O"":2}",12,10
scaffold_changing_analogue,0,0,0,2,0,"{""C"":-2,""O"":1,""S"":1}",12,10
scaffold_changing_analogue,-8,-9,-1,-2,0,"{""C"":-6,""F"":-1,""N"":-1}",12,9
scaffold_changing_analogue,2,2,0,1,0,"{""C"":1,""Cl"":-1,""N"":1,""O"":1}",12,9
scaffold_preserving_non_mmp_analogue,0,0,0,0,0,"{""N"":1,""S"":-1}",12,8
scaffold_changing_analogue,-2,-2,0,-3,0,"{""C"":1,""O"":-2,""S"":-1}",12,8
scaffold_changing_analogue,2,2,0,2,0,"{""N"":2}",12,8
scaffold_changing_analogue,3,4,1,1,0,"{""Br"":1,""C"":2,""N"":1,""O"":-1}",12,8
scaffold_preserving_non_mmp_analogue,0,0,0,-1,0,"{""C"":1,""S"":-1}",12,7
scaffold_changing_analogue,-1,-2,-1,-1,0,"{""O"":-1}",12,7
scaffold_changing_analogue,1,1,0,0,0,"{""C"":1,""S"":-1,""Si"":1}",12,7
scaffold_changing_analogue,2,2,0,1,0,"{""Br"":1,""C"":1,""N"":1,""S"":-1}",12,7
scaffold_changing_analogue,-2,-2,0,-2,-1,"{""N"":-1,""O"":-1}",12,6
scaffold_changing_analogue,-2,-2,1,-1,0,"{""C"":-1,""F"":-1}",12,6
scaffold_changing_analogue,1,2,1,0,1,"{""C"":1}",12,6
scaffold_changing_analogue,2,2,0,1,0,"{""C"":1,""Cl"":-1,""F"":2}",12,6
acyclic_non_mmp_analogue,1,1,0,1,-1,"{""O"":1}",12,4
scaffold_changing_analogue,-11,-12,-1,-2,0,"{""C"":-9,""N"":-1,""O"":-1}",11,11
scaffold_changing_analogue,-2,-3,-1,1,0,"{""C"":-3,""F"":1}",11,11
scaffold_changing_analogue,-1,-1,0,1,0,"{""C"":-2,""P"":1}",11,11
scaffold_changing_analogue,0,0,1,1,0,"{""C"":-1,""S"":1}",11,11
scaffold_preserving_non_mmp_analogue,-1,-1,0,0,0,"{""C"":-1,""N"":-1,""S"":1}",11,10
scaffold_preserving_non_mmp_analogue,0,0,0,0,0,"{""B"":1,""Br"":-1}",11,10
acyclic_non_mmp_analogue,-2,-2,0,-1,0,"{""C"":-1,""N"":-1}",11,10
scaffold_changing_analogue,-6,-6,0,-2,0,"{""C"":-4,""N"":-1,""O"":-1}",11,10
scaffold_changing_analogue,-2,-3,-1,1,0,"{""Br"":1,""C"":-3}",11,10
scaffold_changing_analogue,-1,-1,0,-1,0,"{""N"":-2,""O"":1}",11,10
scaffold_changing_analogue,-1,-1,0,0,0,"{""B"":1,""C"":-1,""F"":-1}",11,10
scaffold_changing_analogue,0,0,0,1,1,"{""C"":-1,""S"":1}",11,10
scaffold_changing_analogue,1,1,2,0,0,"{""C"":1}",11,10
scaffold_changing_analogue,2,2,0,0,1,"{""C"":2}",11,10
scaffold_changing_analogue,2,2,0,2,0,"{""N"":1,""S"":1}",11,10
scaffold_preserving_non_mmp_analogue,2,2,0,2,0,"{""Cl"":-1,""N"":1,""O"":2}",11,9
scaffold_changing_analogue,-2,-3,-1,1,0,"{""C"":-3,""Cl"":1}",11,9
scaffold_changing_analogue,-2,-2,0,0,0,"{""Br"":-1,""C"":-2,""S"":1}",11,9
scaffold_changing_analogue,0,0,0,0,0,"{""Br"":-1,""N"":1}",11,9
scaffold_changing_analogue,4,5,1,2,0,"{""C"":2,""N"":1,""S"":1}",11,9
scaffold_changing_analogue,-7,-8,-1,-1,-1,"{""C"":-6,""N"":-1}",11,8
scaffold_changing_analogue,-3,-3,0,-2,0,"{""C"":-1,""N"":-1,""S"":-1}",11,8
scaffold_changing_analogue,-2,-2,0,-1,1,"{""C"":-1,""N"":-1}",11,8
scaffold_changing_analogue,0,0,0,-1,0,"{""Br"":1,""C"":1,""O"":-1,""S"":-1}",11,8
scaffold_changing_analogue,0,0,1,-1,0,"{""C"":1,""N"":-1}",11,8
scaffold_changing_analogue,2,2,0,2,-1,"{""O"":2}",11,8
scaffold_changing_analogue,2,3,1,0,0,"{""C"":2,""O"":-1,""S"":1}",11,8
scaffold_preserving_non_mmp_analogue,1,1,0,0,0,"{""Br"":-1,""C"":1,""O"":1}",11,7
scaffold_changing_analogue,1,1,0,1,0,"{""Cl"":1,""N"":1,""O"":-1}",11,7
scaffold_changing_analogue,2,2,-1,1,0,"{""C"":1,""O"":1}",11,7
scaffold_changing_analogue,0,0,0,0,0,"{""N"":1,""O"":-1,""P"":1,""S"":-1}",11,6
scaffold_changing_analogue,1,2,1,0,0,"{""C"":1,""N"":-1,""O"":1}",11,6
scaffold_preserving_non_mmp_analogue,1,1,0,1,0,"{""F"":2,""O"":-1}",11,5
scaffold_changing_analogue,-1,-1,0,0,0,"{""C"":-1,""Cl"":1,""S"":-1}",11,5
scaffold_changing_analogue,1,1,-1,1,0,"{""O"":1}",11,5
acyclic_non_mmp_analogue,0,0,0,0,0,"{""Br"":1,""I"":-1}",11,4
scaffold_changing_analogue,0,0,0,1,1,"{""C"":-1,""O"":1}",11,4
scaffold_changing_analogue,2,2,0,-1,0,"{""C"":3,""N"":-1}",11,4
acyclic_non_mmp_analogue,0,0,0,1,0,"{""C"":-1,""F"":1}",10,10
scaffold_changing_analogue,-3,-3,0,-1,0,"{""C"":-2,""Cl"":-1}",10,10
scaffold_changing_analogue,-1,-1,0,-1,0,"{""N"":-1,""O"":-1,""S"":1}",10,10
scaffold_changing_analogue,1,1,1,1,0,"{""B"":1}",10,10
scaffold_changing_analogue,3,4,1,2,0,"{""C"":1,""N"":2}",10,10
scaffold_preserving_non_mmp_analogue,-1,-1,0,0,0,"{""C"":-1,""N"":1,""O"":-1}",10,9
scaffold_preserving_non_mmp_analogue,3,3,0,2,0,"{""C"":1,""F"":2}",10,9
acyclic_non_mmp_analogue,1,1,0,1,1,"{""N"":1}",10,9
scaffold_changing_analogue,-5,-5,0,-1,0,"{""C"":-4,""N"":-1}",10,9
scaffold_changing_analogue,-4,-5,-1,-1,0,"{""C"":-3,""N"":-2,""O"":1}",10,9
scaffold_changing_analogue,0,0,0,0,-2,{},10,9
scaffold_changing_analogue,0,0,1,1,0,"{""C"":-1,""N"":1}",10,9
scaffold_preserving_non_mmp_analogue,1,1,0,2,0,"{""C"":-1,""N"":1,""O"":1}",10,8
scaffold_changing_analogue,-1,-1,0,-1,0,"{""F"":-2,""N"":1}",10,8
scaffold_changing_analogue,-1,-1,0,-1,1,"{""N"":1,""O"":-1,""S"":-1}",10,8
scaffold_changing_analogue,-1,-1,0,1,1,"{""C"":-2,""N"":1}",10,8
scaffold_changing_analogue,0,0,0,-1,0,"{""C"":1,""F"":-2,""N"":1}",10,8
scaffold_changing_analogue,1,1,0,-1,0,"{""C"":2,""F"":-1}",10,8
scaffold_changing_analogue,1,1,0,0,0,"{""Br"":1,""C"":1,""S"":-1}",10,8
scaffold_changing_analogue,1,2,1,-1,0,"{""C"":2,""N"":-1}",10,8
scaffold_preserving_non_mmp_analogue,-1,-1,0,0,0,"{""Br"":-1,""C"":-1,""Cl"":1}",10,7
acyclic_non_mmp_analogue,2,2,0,1,0,"{""C"":1,""S"":1}",10,7
scaffold_changing_analogue,-8,-9,-1,-3,0,"{""C"":-5,""N"":-2,""O"":-1}",10,7
scaffold_changing_analogue,1,1,0,0,1,"{""C"":1,""N"":1,""S"":-1}",10,7
scaffold_changing_analogue,3,3,0,2,0,"{""C"":1,""F"":1,""O"":1}",10,7
scaffold_changing_analogue,0,0,0,1,-1,"{""C"":-1,""N"":-1,""O"":1,""S"":1}",10,6
scaffold_changing_analogue,1,1,0,0,0,"{""C"":1,""Cl"":1,""S"":-1}",10,6
scaffold_preserving_non_mmp_analogue,1,1,0,1,0,"{""O"":1,""P"":1,""S"":-1}",10,5
acyclic_non_mmp_analogue,1,1,0,0,0,"{""C"":1,""F"":-1,""O"":1}",10,5
scaffold_changing_analogue,2,2,0,1,0,"{""C"":1,""F"":2,""O"":-1}",10,5
scaffold_changing_analogue,-1,-1,-1,-1,0,"{""N"":-1}",10,4
scaffold_changing_analogue,0,0,0,0,0,"{""N"":1,""P"":-1}",10,4
scaffold_changing_analogue,0,0,1,-1,0,"{""C"":1,""F"":-1}",10,3
scaffold_preserving_non_mmp_analogue,-1,-1,0,0,-1,"{""C"":-1,""N"":-1,""Si"":1}",10,1
acyclic_non_mmp_analogue,-1,-1,0,1,0,"{""C"":-2,""O"":1}",10,1
acyclic_non_mmp_analogue,1,1,0,0,0,"{""B"":-1,""C"":1,""F"":1}",10,1
scaffold_changing_analogue,1,1,0,0,0,"{""B"":-1,""C"":1,""O"":1}",10,1
scaffold_preserving_non_mmp_analogue,-1,-1,0,0,1,"{""C"":-1}",9,9
scaffold_changing_analogue,-11,-12,-1,-3,0,"{""C"":-8,""N"":-2,""O"":-1}",9,9
scaffold_changing_analogue,-5,-5,0,0,0,"{""C"":-5}",9,9
scaffold_changing_analogue,-4,-4,0,-1,-1,"{""C"":-3,""N"":-1}",9,9
scaffold_changing_analogue,-2,-3,-1,-1,0,"{""C"":-1,""O"":-1}",9,9
scaffold_changing_analogue,-2,-2,0,0,0,"{""C"":-2,""Cl"":-1,""S"":1}",9,9
scaffold_changing_analogue,2,3,1,-1,0,"{""C"":3,""O"":-1}",9,9
scaffold_preserving_non_mmp_analogue,0,0,0,-1,1,"{""C"":1,""O"":-1}",9,8
scaffold_preserving_non_mmp_analogue,0,0,0,0,0,"{""Cl"":1,""O"":-1}",9,8
scaffold_preserving_non_mmp_analogue,1,1,0,0,-1,"{""C"":1}",9,8
scaffold_preserving_non_mmp_analogue,2,2,0,2,0,"{""F"":-1,""N"":1,""O"":2}",9,8
acyclic_non_mmp_analogue,-1,-1,0,0,0,"{""C"":-1,""O"":-1,""S"":1}",9,8
acyclic_non_mmp_analogue,0,0,0,1,0,"{""B"":1,""C"":-1}",9,8
scaffold_changing_analogue,-9,-10,-1,-1,0,"{""C"":-8,""N"":-1}",9,8
scaffold_changing_analogue,-5,-6,-1,-3,0,"{""C"":-2,""N"":-2,""O"":-1}",9,8
scaffold_changing_analogue,-5,-5,0,-1,0,"{""C"":-4,""F"":-1}",9,8
scaffold_changing_analogue,-3,-3,0,-3,0,"{""F"":-3}",9,8
scaffold_changing_analogue,-2,-2,0,-2,0,"{""F"":-1,""N"":-1}",9,8
scaffold_changing_analogue,-2,-2,0,0,1,"{""C"":-2,""N"":1,""O"":-1}",9,8
scaffold_changing_analogue,-1,-1,0,-2,1,"{""C"":1,""N"":1,""O"":-2,""S"":-1}",9,8
scaffold_changing_analogue,2,2,0,2,0,"{""Cl"":1,""N"":1}",9,8
scaffold_changing_analogue,3,3,0,2,0,"{""C"":1,""N"":1,""S"":1}",9,8
scaffold_preserving_non_mmp_analogue,0,0,0,0,0,"{""Br"":1,""O"":-1}",9,7
scaffold_preserving_non_mmp_analogue,0,0,0,0,0,"{""Cl"":-1,""N"":1}",9,7
scaffold_changing_analogue,-5,-6,-1,-2,0,"{""C"":-3,""N"":-1,""S"":-1}",9,7
scaffold_changing_analogue,-5,-6,-1,1,0,"{""Br"":1,""C"":-6}",9,7
scaffold_changing_analogue,-3,-3,0,-2,0,"{""C"":-1,""O"":-1,""S"":-1}",9,7
scaffold_changing_analogue,-2,-2,0,-2,0,"{""F"":-3,""O"":1}",9,7
scaffold_changing_analogue,-2,-2,0,0,-1,"{""C"":-2,""N"":-1,""O"":1}",9,7
scaffold_changing_analogue,0,0,0,0,1,"{""F"":1,""O"":-1}",9,7
scaffold_changing_analogue,3,3,0,2,0,"{""C"":1,""F"":1,""N"":1}",9,7
scaffold_changing_analogue,4,5,1,2,0,"{""C"":2,""N"":1,""O"":1}",9,7
scaffold_preserving_non_mmp_analogue,0,0,0,-1,0,"{""Br"":-1,""C"":1}",9,6
acyclic_non_mmp_analogue,1,1,0,0,1,"{""C"":1}",9,6
scaffold_changing_analogue,0,0,0,1,0,"{""C"":-1,""N"":1,""O"":-1,""S"":1}",9,6
scaffold_changing_analogue,1,1,0,-1,0,"{""C"":2,""N"":-2,""O"":1}",9,6
scaffold_changing_analogue,2,2,0,1,0,"{""C"":1,""N"":1,""O"":1,""S"":-1}",9,6
scaffold_changing_analogue,2,2,0,2,-1,"{""N"":1,""O"":1}",9,6
acyclic_non_mmp_analogue,0,0,0,-1,0,"{""C"":1,""N"":-1}",9,5
scaffold_changing_analogue,-1,-1,0,-1,-1,"{""F"":-3,""O"":2}",9,5
scaffold_changing_analogue,0,0,0,1,1,"{""C"":-1,""P"":1}",9,5
acyclic_non_mmp_analogue,0,0,0,0,1,"{""N"":1,""O"":-1}",9,4
scaffold_changing_analogue,-3,-3,0,-2,0,"{""C"":-1,""Cl"":1,""F"":-3}",9,4
scaffold_changing_analogue,1,1,-1,1,0,"{""N"":1}",9,4
scaffold_changing_analogue,1,1,0,1,-1,"{""B"":1}",9,4
scaffold_changing_analogue,1,1,0,1,0,"{""Br"":-1,""O"":1,""P"":1}",9,4
scaffold_changing_analogue,2,2,0,1,0,"{""C"":1,""F"":2,""N"":-1}",9,4
scaffold_preserving_non_mmp_analogue,0,0,0,0,0,"{""B"":1,""Si"":-1}",9,3
scaffold_changing_analogue,0,0,-1,0,0,"{""N"":-1,""O"":1}",9,3
scaffold_changing_analogue,0,0,1,-1,0,"{""C"":1,""Si"":-1}",9,3
acyclic_non_mmp_analogue,1,1,0,1,1,"{""P"":1}",9,2
scaffold_changing_analogue,0,0,0,0,-1,"{""P"":-1,""Si"":1}",9,1
scaffold_preserving_non_mmp_analogue,-3,-3,0,-1,0,"{""C"":-2,""N"":-1}",8,8
scaffold_preserving_non_mmp_analogue,0,0,0,0,0,"{""F"":1,""N"":-1}",8,8
scaffold_preserving_non_mmp_analogue,1,1,0,1,0,"{""N"":-1,""O"":1,""S"":1}",8,8
scaffold_changing_analogue,-7,-8,-1,-2,0,"{""C"":-5,""O"":-2}",8,8
scaffold_changing_analogue,-6,-7,-1,-1,0,"{""C"":-5,""S"":-1}",8,8
scaffold_changing_analogue,-5,-6,-1,1,0,"{""C"":-6,""F"":1}",8,8
scaffold_changing_analogue,-4,-5,-1,0,0,"{""C"":-4,""O"":1,""S"":-1}",8,8
scaffold_changing_analogue,-1,-2,-1,1,0,"{""Br"":1,""C"":-2}",8,8
scaffold_changing_analogue,-1,-1,0,1,0,"{""C"":-2,""N"":-1,""O"":1,""S"":1}",8,8
scaffold_changing_analogue,0,0,0,-2,0,"{""C"":2,""O"":-1,""S"":-1}",8,8
scaffold_changing_analogue,0,0,0,0,0,"{""I"":1,""O"":-1}",8,8
scaffold_changing_analogue,0,0,0,1,-1,"{""C"":-1,""S"":1}",8,8
scaffold_changing_analogue,1,1,0,0,0,"{""C"":1,""Cl"":1,""O"":-1}",8,8
scaffold_changing_analogue,3,4,1,1,0,"{""C"":2,""N"":1,""O"":-1,""S"":1}",8,8
scaffold_preserving_non_mmp_analogue,-1,-1,0,-1,0,"{""F"":-2,""O"":1}",8,7
scaffold_preserving_non_mmp_analogue,0,0,0,-1,-1,"{""C"":1,""N"":-1}",8,7
scaffold_preserving_non_mmp_analogue,1,1,0,0,1,"{""C"":1,""N"":1,""O"":-1}",8,7
scaffold_changing_analogue,-15,-17,-2,-4,0,"{""C"":-11,""N"":-3,""O"":-1}",8,7
scaffold_changing_analogue,-9,-10,-1,-4,0,"{""C"":-5,""N"":-2,""O"":-2}",8,7
scaffold_changing_analogue,-8,-9,-1,-1,0,"{""C"":-7,""F"":-1}",8,7
scaffold_changing_analogue,-4,-5,-1,1,1,"{""C"":-5,""N"":1}",8,7
scaffold_changing_analogue,-2,-2,0,-1,-1,"{""C"":-1,""O"":-1}",8,7
scaffold_changing_analogue,0,1,1,0,0,"{""N"":1,""O"":-1}",8,7
scaffold_changing_analogue,1,1,0,0,0,"{""Br"":1,""C"":1,""Cl"":-1}",8,7
scaffold_changing_analogue,1,1,0,1,0,"{""Cl"":-1,""N"":1,""O"":1}",8,7
scaffold_changing_analogue,1,1,0,1,0,"{""Cl"":-1,""O"":1,""S"":1}",8,7
scaffold_changing_analogue,1,1,1,1,0,"{""Br"":1}",8,7
scaffold_changing_analogue,2,3,1,0,1,"{""C"":2,""N"":1,""O"":-1}",8,7
scaffold_changing_analogue,3,3,0,3,0,"{""N"":1,""O"":2}",8,7
scaffold_preserving_non_mmp_analogue,-2,-2,0,-2,0,"{""Br"":1,""N"":-1,""O"":-2}",8,6
acyclic_non_mmp_analogue,-1,-1,0,0,-1,"{""C"":-1}",8,6
acyclic_non_mmp_analogue,0,0,0,-1,1,"{""C"":1,""O"":-1}",8,6
acyclic_non_mmp_analogue,1,1,0,0,0,"{""C"":1,""N"":1,""S"":-1}",8,6
scaffold_changing_analogue,-2,-2,0,-3,0,"{""C"":1,""N"":-1,""O"":-1,""S"":-1}",8,6
scaffold_changing_analogue,-2,-2,0,0,0,"{""C"":-2,""Cl"":-1,""N"":1}",8,6
scaffold_changing_analogue,2,2,0,0,0,"{""C"":2,""F"":1,""N"":-1}",8,6
scaffold_changing_analogue,2,2,0,1,0,"{""C"":1,""F"":1,""N"":1,""O"":-1}",8,6
scaffold_changing_analogue,2,2,1,2,0,"{""N"":1,""O"":1}",8,6
scaffold_changing_analogue,3,4,1,1,1,"{""C"":2,""N"":1}",8,6
scaffold_preserving_non_mmp_analogue,0,0,0,0,0,"{""P"":1,""Si"":-1}",8,5
acyclic_non_mmp_analogue,0,0,0,0,0,"{""S"":-1,""Si"":1}",8,5
scaffold_changing_analogue,-2,-2,0,-2,0,"{""F"":-1,""O"":-1}",8,5
scaffold_changing_analogue,-1,-1,1,0,1,"{""C"":-1}",8,5
scaffold_changing_analogue,0,0,0,0,1,"{""N"":-1,""S"":1}",8,5
scaffold_changing_analogue,0,0,1,0,0,"{""N"":1,""S"":-1}",8,5
scaffold_changing_analogue,1,1,0,0,0,"{""Br"":-1,""C"":1,""N"":1}",8,5
scaffold_changing_analogue,1,1,0,1,-1,"{""N"":-1,""O"":1,""S"":1}",8,5
scaffold_changing_analogue,1,1,0,2,0,"{""C"":-1,""N"":1,""S"":1}",8,5
scaffold_changing_analogue,2,3,1,-1,0,"{""C"":3,""N"":-1}",8,5
scaffold_changing_analogue,2,3,1,0,0,"{""C"":2,""F"":-1,""N"":1}",8,5
scaffold_changing_analogue,0,0,0,0,0,"{""N"":-1,""Si"":1}",8,4
scaffold_changing_analogue,2,2,0,2,0,"{""F"":-1,""O"":2,""S"":1}",8,4
scaffold_changing_analogue,-2,-2,0,-2,1,"{""N"":-2}",8,3
scaffold_changing_analogue,2,3,1,0,0,"{""Br"":1,""C"":2,""O"":-1}",8,3
scaffold_changing_analogue,-2,-3,0,0,0,"{""C"":-2}",8,2
scaffold_changing_analogue,-1,-1,0,-1,0,"{""O"":-1,""P"":-1,""S"":1}",8,2
scaffold_changing_analogue,0,0,0,-1,0,"{""C"":1,""Cl"":-1,""N"":1,""O"":-1,""P"":1,""S"":-1}",8,1
scaffold_preserving_non_mmp_analogue,2,2,0,2,0,"{""N"":1,""O"":1}",7,7
scaffold_preserving_non_mmp_analogue,3,3,0,1,0,"{""C"":2,""O"":1}",7,7
scaffold_changing_analogue,-15,-17,-2,-4,0,"{""C"":-11,""N"":-2,""O"":-2}",7,7
scaffold_changing_analogue,-15,-17,-2,-3,0,"{""C"":-12,""N"":-1,""O"":-2}",7,7
scaffold_changing_analogue,-14,-16,-2,-3,0,"{""C"":-11,""N"":-1,""O"":-2}",7,7
scaffold_changing_analogue,-14,-15,-1,-4,0,"{""C"":-10,""N"":-2,""O"":-2}",7,7
scaffold_changing_analogue,-7,-7,0,-2,0,"{""C"":-5,""N"":-1,""O"":-1}",7,7
scaffold_changing_analogue,-5,-5,0,-1,0,"{""C"":-4,""O"":-1}",7,7
scaffold_changing_analogue,-3,-3,0,-2,0,"{""Br"":1,""C"":-1,""F"":-3}",7,7
scaffold_changing_analogue,-3,-3,0,-2,1,"{""C"":-1,""O"":-2}",7,7
scaffold_changing_analogue,-1,-1,0,-1,-1,"{""O"":-1}",7,7
scaffold_changing_analogue,-1,-1,0,-1,0,"{""N"":1,""O"":-2}",7,7
scaffold_changing_analogue,-1,-1,0,0,-1,"{""B"":1,""C"":-1,""N"":-1}",7,7
scaffold_changing_analogue,-1,-1,0,0,0,"{""B"":1,""C"":-1,""N"":-1}",7,7
scaffold_changing_analogue,0,0,0,2,0,"{""C"":-2,""N"":1,""O"":1}",7,7
scaffold_changing_analogue,1,2,1,0,0,"{""C"":1,""F"":-1,""O"":1}",7,7
scaffold_changing_analogue,1,2,1,1,0,"{""N"":1}",7,7
scaffold_changing_analogue,2,2,0,1,0,"{""C"":1,""Cl"":-1,""O"":1,""S"":1}",7,7
scaffold_changing_analogue,4,5,1,0,0,"{""C"":4,""N"":1,""O"":-1}",7,7
scaffold_preserving_non_mmp_analogue,-1,-1,0,0,0,"{""C"":-1,""Cl"":1,""O"":-1}",7,6
scaffold_preserving_non_mmp_analogue,0,0,0,0,0,"{""Br"":1,""N"":-1}",7,6
acyclic_non_mmp_analogue,-1,-1,0,-1,1,"{""O"":-1}",7,6
scaffold_changing_analogue,-15,-17,-2,-3,0,"{""C"":-12,""N"":-2,""O"":-1}",7,6
scaffold_changing_analogue,-10,-11,-1,-2,0,"{""C"":-8,""O"":-2}",7,6
scaffold_changing_analogue,-4,-4,0,-2,0,"{""C"":-2,""O"":-2}",7,6
scaffold_changing_analogue,-3,-4,-1,0,0,"{""C"":-3,""N"":-1,""O"":1}",7,6
scaffold_changing_analogue,-3,-3,0,-2,0,"{""C"":-1,""F"":-3,""O"":1}",7,6
scaffold_changing_analogue,-2,-2,0,-1,0,"{""C"":-1,""N"":-2,""O"":1}",7,6
scaffold_changing_analogue,-1,-1,0,-1,0,"{""N"":-1,""O"":1,""S"":-1}",7,6
scaffold_changing_analogue,-1,-1,0,0,0,"{""C"":-1,""Cl"":-1,""O"":1}",7,6
scaffold_changing_analogue,0,0,0,0,0,"{""Br"":-1,""S"":1}",7,6
scaffold_changing_analogue,0,0,0,0,0,"{""Br"":1,""S"":-1}",7,6
scaffold_changing_analogue,0,0,0,0,0,"{""Cl"":-1,""P"":1}",7,6
scaffold_changing_analogue,0,0,0,1,0,"{""C"":-1,""O"":1,""P"":1,""S"":-1}",7,6
scaffold_changing_analogue,1,1,0,1,0,"{""B"":1,""Br"":-1,""O"":1}",7,6
scaffold_changing_analogue,2,2,0,0,-1,"{""C"":2,""N"":-1,""O"":1}",7,6
scaffold_changing_analogue,2,2,0,1,0,"{""C"":1,""F"":-1,""N"":1,""O"":1}",7,6
scaffold_changing_analogue,2,2,0,2,-1,"{""O"":1,""S"":1}",7,6
scaffold_preserving_non_mmp_analogue,-2,-2,0,-2,0,"{""F"":1,""N"":-1,""O"":-2}",7,5
acyclic_non_mmp_analogue,1,1,0,1,0,"{""Cl"":1}",7,5
scaffold_changing_analogue,-6,-7,-1,-1,0,"{""C"":-5,""Cl"":-1}",7,5
scaffold_changing_analogue,-5,-6,-1,1,-1,"{""C"":-6,""O"":1}",7,5
scaffold_changing_analogue,-5,-6,-1,1,0,"{""C"":-6,""N"":1}",7,5
scaffold_changing_analogue,-3,-4,-1,2,0,"{""C"":-5,""N"":1,""O"":1}",7,5
scaffold_changing_analogue,-3,-3,1,-2,0,"{""C"":-1,""F"":-2}",7,5
scaffold_changing_analogue,-1,-2,-1,0,0,"{""C"":-1,""N"":-1,""O"":1}",7,5
scaffold_changing_analogue,-1,-1,0,-1,0,"{""Si"":-1}",7,5
scaffold_changing_analogue,-1,-1,0,0,0,"{""Br"":-1,""C"":-1,""I"":1}",7,5
scaffold_changing_analogue,-1,-1,0,0,0,"{""C"":-1,""F"":1,""N"":-1}",7,5
scaffold_changing_analogue,0,-1,-1,1,0,"{""C"":-1,""N"":1}",7,5
scaffold_changing_analogue,0,0,0,0,0,"{""Br"":1,""N"":1,""O"":-1,""S"":-1}",7,5
scaffold_changing_analogue,0,0,1,1,0,"{""C"":-1,""F"":1}",7,5
scaffold_changing_analogue,0,1,1,-1,0,"{""C"":1,""Cl"":-1}",7,5
scaffold_changing_analogue,1,1,0,1,0,"{""Cl"":1,""F"":-1,""O"":1}",7,5
scaffold_changing_analogue,1,1,0,1,0,"{""N"":1,""O"":1,""S"":-1}",7,5
scaffold_changing_analogue,1,2,1,-1,1,"{""C"":2,""O"":-1}",7,5
scaffold_changing_analogue,2,3,1,0,0,"{""C"":2,""F"":-1,""O"":1}",7,5
scaffold_changing_analogue,2,3,1,1,1,"{""C"":1,""N"":1}",7,5
scaffold_changing_analogue,-5,-6,-1,0,0,"{""C"":-5,""F"":-1,""O"":1}",7,4
scaffold_changing_analogue,-3,-4,-1,-2,0,"{""C"":-1,""N"":-3,""O"":1}",7,4
scaffold_changing_analogue,-2,-3,-1,0,0,"{""C"":-2,""O"":1,""S"":-1}",7,4
scaffold_changing_analogue,-1,-1,0,-1,1,"{""F"":-2,""N"":1}",7,4
scaffold_changing_analogue,0,0,0,-2,0,"{""C"":2,""N"":-1,""O"":-1}",7,4
scaffold_changing_analogue,0,0,0,-1,0,"{""C"":1,""F"":-1,""N"":-1,""O"":1}",7,4
scaffold_changing_analogue,0,0,0,0,1,"{""Cl"":-1,""N"":1}",7,4
scaffold_changing_analogue,1,1,0,2,0,"{""B"":1,""C"":-1,""O"":1}",7,4
acyclic_non_mmp_analogue,1,1,0,0,0,"{""Br"":1,""C"":1,""I"":-1}",7,3
scaffold_changing_analogue,-1,-1,0,-1,0,"{""Cl"":-1,""N"":-1,""O"":1}",7,3
scaffold_changing_analogue,0,0,0,-1,2,"{""C"":1,""O"":-1}",7,3
scaffold_changing_analogue,1,1,1,1,0,"{""Si"":1}",7,3
scaffold_changing_analogue,-1,-2,-1,0,1,"{""C"":-1}",7,2
scaffold_changing_analogue,-1,-1,0,0,0,"{""C"":-1,""N"":1,""P"":-1}",7,2
scaffold_changing_analogue,1,1,-1,0,0,"{""C"":1,""N"":-1,""O"":1}",7,2
scaffold_changing_analogue,1,1,-1,1,1,"{""N"":1}",7,2
scaffold_changing_analogue,3,3,0,2,0,"{""C"":1,""F"":-1,""O"":2,""S"":1}",7,2
acyclic_non_mmp_analogue,-2,-2,0,-1,0,"{""Br"":-1,""C"":-1,""O"":-1,""S"":1}",7,1
acyclic_non_mmp_analogue,0,0,0,0,0,"{""N"":1,""P"":-1}",7,1
acyclic_non_mmp_analogue,0,0,0,0,1,"{""N"":-1,""P"":1}",7,1
scaffold_preserving_non_mmp_analogue,-2,-2,0,-1,1,"{""C"":-1,""O"":-1}",6,6
scaffold_preserving_non_mmp_analogue,0,0,0,0,0,"{""Br"":-1,""O"":1}",6,6
scaffold_preserving_non_mmp_analogue,2,2,0,1,0,"{""Br"":1,""C"":1}",6,6
scaffold_preserving_non_mmp_analogue,2,2,0,2,1,"{""N"":1,""O"":1}",6,6
acyclic_non_mmp_analogue,0,0,0,1,0,"{""Br"":1,""C"":-1}",6,6
scaffold_changing_analogue,-14,-16,-2,-5,0,"{""C"":-9,""N"":-4,""O"":-1}",6,6
scaffold_changing_analogue,-14,-16,-2,-2,0,"{""C"":-12,""N"":-1,""O"":-1}",6,6
scaffold_changing_analogue,-9,-10,-1,-2,0,"{""C"":-7,""N"":-2}",6,6
scaffold_changing_analogue,-9,-10,-1,-1,0,"{""C"":-8,""O"":-1}",6,6
scaffold_changing_analogue,-6,-7,-1,-2,0,"{""C"":-4,""N"":-1,""O"":-1}",6,6
scaffold_changing_analogue,-6,-7,-1,0,0,"{""C"":-6,""N"":-1,""S"":1}",6,6
scaffold_changing_analogue,-5,-6,-1,-1,-1,"{""C"":-4,""N"":-1}",6,6
scaffold_changing_analogue,-5,-6,-1,1,0,"{""C"":-6,""Cl"":1}",6,6
scaffold_changing_analogue,-4,-5,-1,1,0,"{""C"":-5,""F"":1}",6,6
scaffold_changing_analogue,-4,-4,0,-3,0,"{""C"":-1,""F"":-3}",6,6
scaffold_changing_analogue,-4,-4,0,-1,0,"{""C"":-3,""F"":-1}",6,6
scaffold_changing_analogue,-3,-4,-1,-1,0,"{""C"":-2,""N"":-2,""O"":1}",6,6
scaffold_changing_analogue,-3,-3,0,0,0,"{""C"":-3,""O"":-1,""S"":1}",6,6
scaffold_changing_analogue,-2,-2,0,-1,0,"{""Br"":-1,""C"":-1}",6,6
scaffold_changing_analogue,-2,-2,0,-1,0,"{""C"":-1,""N"":-2,""S"":1}",6,6
scaffold_changing_analogue,-2,-2,0,0,-1,"{""C"":-2,""N"":-1,""S"":1}",6,6
scaffold_changing_analogue,-2,-2,0,0,-1,"{""C"":-2}",6,6
scaffold_changing_analogue,-1,-2,-1,1,0,"{""C"":-2,""F"":1}",6,6
scaffold_changing_analogue,0,0,0,-1,0,"{""C"":1,""I"":1,""O"":-1,""S"":-1}",6,6
scaffold_changing_analogue,0,0,0,0,0,"{""I"":1,""N"":-1}",6,6
scaffold_changing_analogue,0,0,0,0,1,"{""O"":-1,""S"":1}",6,6
scaffold_changing_analogue,0,0,0,1,0,"{""C"":-1,""F"":-1,""N"":1,""O"":1}",6,6
scaffold_changing_analogue,1,1,0,-1,1,"{""C"":2,""N"":-1}",6,6
scaffold_changing_analogue,1,1,0,1,0,"{""F"":1,""N"":1,""O"":-1}",6,6
scaffold_changing_analogue,2,2,0,1,0,"{""C"":1,""F"":-1,""O"":2}",6,6
scaffold_changing_analogue,2,2,0,1,0,"{""C"":1,""N"":1,""P"":1,""S"":-1}",6,6
scaffold_changing_analogue,2,3,1,0,0,"{""C"":2,""Cl"":-1,""O"":1}",6,6
scaffold_changing_analogue,3,3,0,1,0,"{""C"":2,""F"":1}",6,6
scaffold_changing_analogue,4,4,0,1,0,"{""C"":3,""N"":1}",6,6
scaffold_changing_analogue,4,4,0,2,0,"{""C"":2,""N"":1,""O"":1}",6,6
scaffold_preserving_non_mmp_analogue,-1,-1,0,-2,0,"{""C"":1,""F"":-2}",6,5
scaffold_preserving_non_mmp_analogue,-1,-1,0,-2,0,"{""C"":1,""O"":-1,""S"":-1}",6,5
scaffold_preserving_non_mmp_analogue,-1,-1,0,-1,-1,"{""N"":-1}",6,5
scaffold_preserving_non_mmp_analogue,-1,-1,0,0,0,"{""Br"":-1,""C"":-1,""I"":1}",6,5
scaffold_preserving_non_mmp_analogue,0,0,0,0,0,"{""Cl"":-1,""P"":1}",6,5
acyclic_non_mmp_analogue,1,1,0,0,0,"{""C"":1,""N"":-1,""O"":1}",6,5
scaffold_changing_analogue,-11,-12,-1,-4,0,"{""C"":-7,""N"":-1,""O"":-2,""S"":-1}",6,5
scaffold_changing_analogue,-9,-11,-2,-2,0,"{""C"":-7,""N"":-2}",6,5
scaffold_changing_analogue,-7,-8,-1,-3,0,"{""C"":-4,""N"":-2,""O"":-1}",6,5
scaffold_changing_analogue,-5,-6,-1,1,0,"{""C"":-6,""P"":1}",6,5
scaffold_changing_analogue,-4,-5,-1,1,0,"{""C"":-5,""S"":1}",6,5
scaffold_changing_analogue,-3,-4,-1,1,0,"{""C"":-4,""Cl"":1}",6,5
scaffold_changing_analogue,-3,-3,0,-1,0,"{""C"":-2,""N"":-1,""O"":-1,""S"":1}",6,5
scaffold_changing_analogue,-2,-3,-1,1,0,"{""C"":-3,""N"":1}",6,5
scaffold_changing_analogue,-2,-2,0,-1,0,"{""Br"":1,""C"":-1,""F"":-2}",6,5
scaffold_changing_analogue,-1,-1,0,-2,1,"{""C"":1,""O"":-1,""S"":-1}",6,5
scaffold_changing_analogue,-1,-1,0,-1,1,"{""F"":-1}",6,5
scaffold_changing_analogue,-1,-1,0,0,1,"{""C"":-1,""O"":-1,""S"":1}",6,5
scaffold_changing_analogue,0,-1,-1,1,0,"{""C"":-1,""Cl"":1}",6,5
scaffold_changing_analogue,0,0,0,0,1,"{""Br"":1,""O"":-1}",6,5
scaffold_changing_analogue,0,0,0,1,0,"{""C"":-1,""N"":1,""O"":1,""S"":-1}",6,5
scaffold_changing_analogue,0,0,0,1,0,"{""C"":-1,""N"":1,""P"":1,""S"":-1}",6,5
scaffold_changing_analogue,0,0,1,0,-1,{},6,5
scaffold_changing_analogue,0,1,2,0,0,{},6,5
scaffold_changing_analogue,1,1,0,0,-1,"{""C"":1,""N"":-1,""S"":1}",6,5
scaffold_changing_analogue,1,1,0,0,0,"{""C"":1,""F"":-2,""N"":1,""O"":1}",6,5
scaffold_changing_analogue,1,1,0,0,0,"{""C"":1,""N"":1,""O"":-1,""P"":1,""S"":-1}",6,5
scaffold_changing_analogue,1,2,1,0,1,"{""C"":1,""N"":1,""O"":-1}",6,5
scaffold_changing_analogue,2,2,0,1,-1,"{""C"":1,""S"":1}",6,5
scaffold_changing_analogue,2,3,1,0,1,"{""C"":2}",6,5
scaffold_changing_analogue,3,3,0,3,0,"{""N"":1,""O"":1,""S"":1}",6,5
scaffold_changing_analogue,4,5,1,1,1,"{""C"":3,""N"":1}",6,5
scaffold_changing_analogue,5,6,1,2,0,"{""C"":3,""N"":2}",6,5
scaffold_preserving_non_mmp_analogue,-1,-1,0,-2,0,"{""C"":1,""N"":-1,""O"":-1}",6,4
scaffold_preserving_non_mmp_analogue,0,0,0,0,1,"{""F"":1,""O"":-1}",6,4
scaffold_preserving_non_mmp_analogue,3,3,0,3,0,"{""N"":1,""O"":2}",6,4
acyclic_non_mmp_analogue,0,0,0,0,0,"{""F"":1,""N"":-1}",6,4
acyclic_non_mmp_analogue,2,2,0,1,1,"{""C"":1,""N"":1}",6,4
scaffold_changing_analogue,-3,-4,-1,-2,0,"{""C"":-1,""N"":-1,""O"":-1}",6,4
scaffold_changing_analogue,-2,-3,-1,-2,0,"{""N"":-2}",6,4
scaffold_changing_analogue,-2,-3,-1,0,0,"{""Br"":1,""C"":-2,""N"":-1}",6,4
scaffold_changing_analogue,-1,-2,-1,1,0,"{""C"":-2,""Cl"":1}",6,4
scaffold_changing_analogue,-1,-1,0,-2,1,"{""C"":1,""O"":-2}",6,4
scaffold_changing_analogue,-1,-1,0,0,1,"{""C"":-1,""F"":-1,""N"":1}",6,4
scaffold_changing_analogue,0,0,0,0,-1,"{""O"":1,""S"":-1}",6,4
scaffold_changing_analogue,0,0,0,0,0,"{""B"":1,""S"":-1}",6,4
scaffold_changing_analogue,0,0,1,-1,0,"{""C"":1,""S"":-1}",6,4
scaffold_changing_analogue,0,0,1,0,0,"{""O"":1,""S"":-1}",6,4
scaffold_changing_analogue,1,1,0,2,0,"{""C"":-1,""N"":2}",6,4
scaffold_changing_analogue,1,2,1,-1,0,"{""C"":2,""N"":1,""O"":-2}",6,4
scaffold_changing_analogue,2,2,0,1,0,"{""C"":1,""N"":2,""O"":-1}",6,4
scaffold_preserving_non_mmp_analogue,0,0,0,0,0,"{""Br"":-1,""Si"":1}",6,3
scaffold_preserving_non_mmp_analogue,2,2,0,1,0,"{""C"":1,""N"":-1,""O"":1,""S"":1}",6,3
acyclic_non_mmp_analogue,-1,-1,0,0,0,"{""C"":-1,""S"":-1,""Si"":1}",6,3
acyclic_non_mmp_analogue,0,0,0,0,0,"{""P"":-1,""S"":1}",6,3
scaffold_changing_analogue,-6,-7,-1,0,0,"{""C"":-6,""F"":-1,""O"":1}",6,3
scaffold_changing_analogue,-3,-4,-1,0,0,"{""C"":-3,""O"":1,""S"":-1}",6,3
scaffold_changing_analogue,-1,-1,0,-1,-1,"{""S"":-1}",6,3
scaffold_changing_analogue,0,0,1,0,0,"{""Br"":1,""N"":-1}",6,3
scaffold_changing_analogue,1,1,0,-1,0,"{""C"":2,""Si"":-1}",6,3
scaffold_changing_analogue,1,1,0,0,0,"{""C"":1,""I"":-1,""O"":1}",6,3
scaffold_changing_analogue,1,1,0,0,1,"{""Br"":-1,""C"":1,""N"":1}",6,3
scaffold_changing_analogue,1,2,1,0,0,"{""C"":1,""O"":-1,""S"":1}",6,3
scaffold_changing_analogue,2,2,-1,1,1,"{""C"":1,""N"":1}",6,3
scaffold_changing_analogue,2,2,0,1,0,"{""C"":1,""Si"":1}",6,3
scaffold_changing_analogue,4,5,1,1,0,"{""C"":3,""F"":1,""N"":1,""O"":-1}",6,3
acyclic_non_mmp_analogue,-1,-1,0,-1,0,"{""P"":-1}",6,2
scaffold_changing_analogue,0,0,0,1,0,"{""B"":1,""C"":-1,""N"":-1,""O"":1}",6,2
scaffold_preserving_non_mmp_analogue,1,1,0,1,0,"{""I"":-1,""O"":1,""Si"":1}",6,1
acyclic_non_mmp_analogue,0,0,0,-1,0,"{""B"":-1,""C"":1}",6,1
scaffold_changing_analogue,-2,-2,0,-2,0,"{""O"":-1,""P"":-1}",6,1
scaffold_changing_analogue,-1,-1,0,-1,1,"{""O"":-1,""P"":1,""S"":-1}",6,1
scaffold_preserving_non_mmp_analogue,-3,-3,0,-2,0,"{""C"":-1,""Cl"":1,""F"":-3}",5,5
scaffold_preserving_non_mmp_analogue,-3,-3,0,-2,0,"{""C"":-1,""N"":-1,""O"":-1}",5,5
scaffold_preserving_non_mmp_analogue,-1,-1,0,0,0,"{""C"":-1,""F"":1,""N"":-1}",5,5
scaffold_preserving_non_mmp_analogue,-1,-1,0,1,0,"{""B"":1,""C"":-2}",5,5
scaffold_preserving_non_mmp_analogue,0,0,0,0,0,"{""Br"":-1,""N"":1}",5,5
scaffold_preserving_non_mmp_analogue,0,0,0,0,0,"{""Br"":-1,""S"":1}",5,5
scaffold_preserving_non_mmp_analogue,0,0,0,1,0,"{""Br"":-1,""C"":-1,""Cl"":1,""P"":1}",5,5
scaffold_preserving_non_mmp_analogue,2,2,0,1,-1,"{""C"":1,""O"":1}",5,5
scaffold_preserving_non_mmp_analogue,2,2,0,2,0,"{""F"":2}",5,5
acyclic_non_mmp_analogue,1,1,0,1,0,"{""O"":1,""P"":1,""S"":-1}",5,5
scaffold_changing_analogue,-18,-20,-2,-5,0,"{""C"":-13,""N"":-3,""O"":-2}",5,5
scaffold_changing_analogue,-16,-18,-2,-5,0,"{""C"":-11,""N"":-4,""O"":-1}",5,5
scaffold_changing_analogue,-14,-16,-2,-3,-1,"{""C"":-11,""N"":-2,""O"":-1}",5,5
scaffold_changing_analogue,-14,-16,-2,-3,0,"{""C"":-11,""N"":-2,""O"":-1}",5,5
scaffold_changing_analogue,-13,-15,-2,-3,0,"{""C"":-10,""N"":-1,""O"":-2}",5,5
scaffold_changing_analogue,-13,-15,-2,-3,0,"{""C"":-10,""N"":-2,""O"":-1}",5,5
scaffold_changing_analogue,-13,-14,-1,-4,0,"{""C"":-9,""N"":-2,""O"":-2}",5,5
scaffold_changing_analogue,-12,-14,-2,-4,0,"{""C"":-8,""N"":-3,""O"":-1}",5,5
scaffold_changing_analogue,-12,-13,-1,-5,0,"{""C"":-7,""N"":-2,""O"":-3}",5,5
scaffold_changing_analogue,-11,-12,-1,-3,-1,"{""C"":-8,""N"":-2,""O"":-1}",5,5
scaffold_changing_analogue,-10,-12,-2,-2,0,"{""C"":-8,""N"":-1,""O"":-1}",5,5
scaffold_changing_analogue,-10,-11,-1,-4,0,"{""C"":-6,""N"":-3,""O"":-1}",5,5
scaffold_changing_analogue,-9,-10,-1,-3,0,"{""C"":-6,""N"":-1,""O"":-2}",5,5
scaffold_changing_analogue,-8,-9,-1,-1,-1,"{""C"":-7,""N"":-1}",5,5
scaffold_changing_analogue,-7,-9,-2,-1,0,"{""C"":-6,""N"":-1}",5,5
scaffold_changing_analogue,-7,-8,-1,-2,0,"{""C"":-5,""F"":-1,""N"":-1}",5,5
scaffold_changing_analogue,-6,-7,-1,-3,0,"{""C"":-3,""N"":-2,""O"":-1}",5,5
scaffold_changing_analogue,-6,-6,0,-1,0,"{""C"":-5,""N"":-1}",5,5
scaffold_changing_analogue,-4,-5,-1,0,0,"{""C"":-4,""N"":1,""O"":-1}",5,5
scaffold_changing_analogue,-3,-4,-1,0,0,"{""C"":-3,""N"":1,""O"":-1}",5,5
scaffold_changing_analogue,-3,-3,0,-3,0,"{""N"":-1,""O"":-1,""S"":-1}",5,5
scaffold_changing_analogue,-3,-3,0,-1,1,"{""C"":-2,""O"":-1}",5,5
scaffold_changing_analogue,-3,-3,0,0,0,"{""C"":-3,""N"":-1,""O"":1}",5,5
scaffold_changing_analogue,-2,-2,0,0,0,"{""Br"":-1,""C"":-2,""O"":1}",5,5
scaffold_changing_analogue,-1,-1,0,0,0,"{""Br"":-1,""C"":-1,""P"":1}",5,5
scaffold_changing_analogue,-1,-1,0,1,0,"{""C"":-2,""Cl"":1}",5,5
scaffold_changing_analogue,0,0,0,1,0,"{""Br"":-1,""C"":-1,""N"":1,""O"":1}",5,5
scaffold_changing_analogue,0,0,0,1,0,"{""C"":-1,""F"":-1,""O"":1,""S"":1}",5,5
scaffold_changing_analogue,0,0,0,1,0,"{""C"":-1,""N"":2,""O"":-1}",5,5
scaffold_changing_analogue,1,1,0,-1,-1,"{""C"":2,""N"":-1}",5,5
scaffold_changing_analogue,1,1,0,-1,0,"{""C"":2,""Cl"":-1}",5,5
scaffold_changing_analogue,1,1,0,0,0,"{""Br"":1,""C"":1,""F"":-1}",5,5
scaffold_changing_analogue,1,1,0,0,0,"{""Br"":1,""C"":1,""O"":-1}",5,5
scaffold_changing_analogue,1,1,0,0,1,"{""C"":1,""N"":-1,""O"":1}",5,5
scaffold_changing_analogue,1,1,0,1,0,"{""Br"":1,""N"":1,""S"":-1}",5,5
scaffold_changing_analogue,1,1,0,1,0,"{""Cl"":1,""N"":1,""S"":-1}",5,5
scaffold_changing_analogue,1,1,1,0,1,"{""C"":1}",5,5
scaffold_changing_analogue,1,1,1,1,0,"{""P"":1}",5,5
scaffold_changing_analogue,2,2,0,2,0,"{""F"":1,""S"":1}",5,5
scaffold_changing_analogue,2,2,1,1,0,"{""C"":1,""F"":1}",5,5
scaffold_changing_analogue,3,3,0,2,-1,"{""C"":1,""O"":2}",5,5
scaffold_changing_analogue,3,3,0,2,1,"{""C"":1,""N"":1,""O"":1}",5,5
scaffold_changing_analogue,3,4,1,0,0,"{""C"":3,""F"":-1,""N"":1}",5,5
scaffold_changing_analogue,3,4,1,1,0,"{""C"":2,""F"":1,""N"":1,""O"":-1}",5,5
scaffold_preserving_non_mmp_analogue,-4,-4,0,-3,0,"{""C"":-1,""F"":-3}",5,4
scaffold_preserving_non_mmp_analogue,-1,-1,0,-2,0,"{""C"":1,""O"":-2}",5,4
scaffold_preserving_non_mmp_analogue,-1,-1,0,-1,0,"{""I"":1,""O"":-1,""S"":-1}",5,4
scaffold_preserving_non_mmp_analogue,-1,-1,0,1,0,"{""C"":-2,""Cl"":1}",5,4
scaffold_preserving_non_mmp_analogue,-1,-1,0,1,0,"{""C"":-2,""F"":1}",5,4
scaffold_preserving_non_mmp_analogue,0,0,0,0,0,"{""I"":-1,""S"":1}",5,4
scaffold_preserving_non_mmp_analogue,1,1,0,0,0,"{""C"":1,""O"":1,""S"":-1}",5,4
scaffold_preserving_non_mmp_analogue,1,1,0,0,1,"{""C"":1,""F"":-1,""N"":1}",5,4
scaffold_preserving_non_mmp_analogue,1,1,0,1,-1,"{""S"":1}",5,4
acyclic_non_mmp_analogue,-2,-2,0,-1,0,"{""C"":-1,""F"":-1}",5,4
acyclic_non_mmp_analogue,-1,-1,0,0,0,"{""C"":-1,""N"":-1,""O"":1}",5,4
acyclic_non_mmp_analogue,-1,-1,0,0,0,"{""C"":-1,""P"":1,""S"":-1}",5,4
scaffold_changing_analogue,-16,-18,-2,-4,-1,"{""C"":-12,""N"":-2,""O"":-2}",5,4
scaffold_changing_analogue,-13,-15,-2,-3,0,"{""C"":-10,""N"":-3}",5,4
scaffold_changing_analogue,-13,-14,-1,-3,0,"{""C"":-10,""N"":-2,""O"":-1}",5,4
scaffold_changing_analogue,-12,-14,-2,-3,0,"{""C"":-9,""N"":-2,""O"":-1}",5,4
scaffold_changing_analogue,-12,-13,-1,-2,0,"{""C"":-10,""N"":-1,""O"":-1}",5,4
scaffold_changing_analogue,-10,-11,-1,-4,0,"{""C"":-6,""N"":-1,""O"":-2,""S"":-1}",5,4
scaffold_changing_analogue,-9,-10,-1,-3,0,"{""C"":-6,""N"":-3}",5,4
scaffold_changing_analogue,-5,-6,-1,0,0,"{""C"":-5,""Cl"":-1,""O"":1}",5,4
scaffold_changing_analogue,-5,-5,0,-2,0,"{""C"":-3,""Cl"":-1,""N"":-1}",5,4
scaffold_changing_analogue,-3,-3,0,1,0,"{""C"":-4,""O"":1}",5,4
scaffold_changing_analogue,-2,-2,0,0,1,"{""C"":-2}",5,4
scaffold_changing_analogue,-1,-2,-1,1,-1,"{""C"":-2,""O"":1}",5,4
scaffold_changing_analogue,-1,-2,-1,1,0,"{""C"":-2,""S"":1}",5,4
scaffold_changing_analogue,-1,-1,0,-2,0,"{""C"":1,""N"":1,""O"":-2,""S"":-1}",5,4
scaffold_changing_analogue,-1,-1,0,-1,0,"{""Br"":1,""N"":-1,""O"":-1}",5,4
scaffold_changing_analogue,-1,-1,0,0,0,"{""Br"":1,""C"":-1,""F"":-1}",5,4
scaffold_changing_analogue,-1,-1,0,0,0,"{""C"":-1,""I"":1,""O"":-1}",5,4
scaffold_changing_analogue,-1,-1,2,0,0,"{""C"":-1}",5,4
scaffold_changing_analogue,0,-1,-1,1,0,"{""C"":-1,""F"":1}",5,4
scaffold_changing_analogue,0,-1,-1,2,0,"{""C"":-2,""N"":1,""O"":1}",5,4
scaffold_changing_analogue,0,0,0,-1,-1,"{""C"":1,""O"":-1}",5,4
scaffold_changing_analogue,0,0,0,-1,0,"{""C"":1,""I"":-1}",5,4
scaffold_changing_analogue,0,0,0,0,2,"{""N"":1,""O"":-1}",5,4
scaffold_changing_analogue,0,0,1,0,0,"{""Br"":1,""Cl"":-1}",5,4
scaffold_changing_analogue,0,0,1,0,0,"{""F"":1,""O"":-1}",5,4
scaffold_changing_analogue,0,1,1,-1,0,"{""C"":1,""F"":-2,""N"":1}",5,4
scaffold_changing_analogue,1,1,0,0,2,"{""C"":1}",5,4
scaffold_changing_analogue,1,1,0,1,0,"{""Br"":-1,""O"":1,""S"":1}",5,4
scaffold_changing_analogue,1,1,0,1,0,"{""Cl"":-1,""F"":1,""O"":1}",5,4
scaffold_changing_analogue,1,1,0,1,0,"{""Cl"":1,""O"":1,""S"":-1}",5,4
scaffold_changing_analogue,1,1,0,2,-1,"{""C"":-1,""O"":1,""S"":1}",5,4
scaffold_changing_analogue,1,2,1,-1,0,"{""C"":2,""Cl"":-1}",5,4
scaffold_changing_analogue,1,2,1,-1,0,"{""C"":2,""F"":-2,""N"":1}",5,4
scaffold_changing_analogue,1,2,1,0,0,"{""C"":1,""F"":-1,""N"":1}",5,4
scaffold_changing_analogue,2,2,0,0,-1,"{""C"":2}",5,4
scaffold_changing_analogue,2,2,0,1,0,"{""C"":1,""Cl"":1,""N"":1,""S"":-1}",5,4
scaffold_changing_analogue,2,2,0,2,0,"{""F"":-1,""N"":1,""O"":2}",5,4
scaffold_changing_analogue,2,3,1,1,0,"{""Br"":1,""C"":1,""N"":1,""O"":-1}",5,4
scaffold_changing_analogue,3,3,0,1,-1,"{""C"":2,""O"":1}",5,4
scaffold_preserving_non_mmp_analogue,1,1,0,0,1,"{""C"":1,""Cl"":-1,""N"":1}",5,3
scaffold_preserving_non_mmp_analogue,1,1,0,1,0,"{""N"":-1,""O"":2}",5,3
acyclic_non_mmp_analogue,-1,-1,0,0,0,"{""C"":-1,""O"":-1,""Si"":1}",5,3
acyclic_non_mmp_analogue,0,0,0,0,-1,"{""N"":-1,""O"":1}",5,3
acyclic_non_mmp_analogue,0,0,0,0,0,"{""Br"":1,""O"":-1}",5,3
acyclic_non_mmp_analogue,0,0,0,0,0,"{""Cl"":1,""F"":-1}",5,3
acyclic_non_mmp_analogue,1,1,0,2,0,"{""C"":-1,""O"":1,""S"":1}",5,3
scaffold_changing_analogue,-11,-12,-1,-5,0,"{""C"":-6,""F"":-3,""N"":-2}",5,3
scaffold_changing_analogue,-9,-10,-1,-1,-1,"{""C"":-8,""N"":-1}",5,3
scaffold_changing_analogue,-3,-4,-1,1,0,"{""Br"":1,""C"":-4}",5,3
scaffold_changing_analogue,-3,-4,-1,1,0,"{""C"":-4,""N"":-1,""O"":2}",5,3
scaffold_changing_analogue,-2,-2,0,0,0,"{""Br"":1,""C"":-2,""O"":-1}",5,3
scaffold_changing_analogue,-1,-2,-1,1,0,"{""C"":-2,""F"":2,""O"":-1}",5,3
scaffold_changing_analogue,-1,-2,0,0,0,"{""C"":-1}",5,3
scaffold_changing_analogue,-1,-1,0,-1,0,"{""Cl"":1,""F"":-2}",5,3
scaffold_changing_analogue,-1,-1,0,0,0,"{""Br"":-1,""C"":-1,""Cl"":1}",5,3
scaffold_changing_analogue,0,0,0,1,0,"{""Br"":-1,""C"":-1,""Cl"":1,""P"":1}",5,3
scaffold_changing_analogue,0,0,1,0,0,"{""Br"":1,""I"":-1}",5,3
scaffold_changing_analogue,0,1,1,-2,0,"{""C"":2,""N"":-1,""O"":-1}",5,3
scaffold_changing_analogue,0,1,1,-1,1,"{""C"":1,""O"":-1}",5,3
scaffold_changing_analogue,1,1,0,0,-1,"{""C"":1,""F"":-1,""O"":1}",5,3
scaffold_changing_analogue,1,1,0,1,0,"{""F"":2,""O"":-1}",5,3
scaffold_changing_analogue,1,1,0,1,0,"{""I"":-1,""O"":1,""S"":1}",5,3
scaffold_changing_analogue,1,1,1,0,0,"{""Br"":1,""C"":1,""I"":-1}",5,3
scaffold_changing_analogue,2,2,0,0,0,"{""C"":2,""Cl"":-1,""N"":1}",5,3
scaffold_changing_analogue,2,2,0,0,0,"{""C"":2,""F"":-1,""O"":1}",5,3
scaffold_changing_analogue,2,2,0,1,1,"{""C"":1,""F"":1}",5,3
scaffold_changing_analogue,3,4,1,0,0,"{""C"":3,""N"":-1,""O"":1}",5,3
scaffold_changing_analogue,4,4,0,3,0,"{""C"":1,""O"":2,""S"":1}",5,3
acyclic_non_mmp_analogue,-1,-1,0,-1,0,"{""Cl"":-1}",5,2
acyclic_non_mmp_analogue,1,1,0,0,-1,"{""C"":1}",5,2
acyclic_non_mmp_analogue,1,1,0,0,0,"{""C"":1,""P"":-1,""S"":1}",5,2
scaffold_changing_analogue,-3,-3,1,-3,0,"{""F"":-3}",5,2
scaffold_changing_analogue,-2,-2,0,-1,0,"{""C"":-1,""Cl"":-1,""N"":-1,""S"":1}",5,2
scaffold_changing_analogue,-1,-1,-1,-1,0,"{""O"":-1}",5,2
scaffold_changing_analogue,-1,-1,0,-2,0,"{""C"":1,""O"":-1,""P"":-1}",5,2
scaffold_changing_analogue,-1,-1,0,0,0,"{""Br"":1,""C"":-1,""I"":-1}",5,2
scaffold_changing_analogue,-1,-1,1,1,0,"{""C"":-2,""O"":1}",5,2
scaffold_changing_analogue,3,4,1,-1,0,"{""C"":4,""F"":-2,""N"":1}",5,2
scaffold_preserving_non_mmp_analogue,1,1,0,2,0,"{""C"":-1,""N"":-1,""O"":2,""S"":1}",5,1
acyclic_non_mmp_analogue,1,1,0,1,0,"{""F"":1,""O"":-1,""S"":1}",5,1
scaffold_changing_analogue,-2,-2,0,-1,-1,"{""C"":-1,""F"":-2,""O"":1,""S"":-1,""Si"":1}",5,1
scaffold_changing_analogue,-1,-2,0,-1,0,"{""N"":-1}",5,1
scaffold_changing_analogue,0,0,0,0,-1,"{""P"":-1,""S"":1}",5,1
scaffold_changing_analogue,0,0,0,0,0,"{""B"":-1,""Cl"":-1,""O"":1,""Si"":1}",5,1
scaffold_changing_analogue,0,0,0,0,1,"{""Cl"":1,""N"":-1}",5,1
scaffold_changing_analogue,1,1,0,0,-1,"{""Br"":-1,""C"":1,""Cl"":1,""N"":-1,""O"":1}",5,1
scaffold_changing_analogue,1,1,0,1,0,"{""B"":-1,""O"":1,""Si"":1}",5,1
scaffold_changing_analogue,3,4,1,0,0,"{""C"":3,""F"":-1,""S"":1}",5,1
scaffold_preserving_non_mmp_analogue,-3,-3,0,-2,0,"{""C"":-1,""O"":-2}",4,4
scaffold_preserving_non_mmp_analogue,-2,-2,0,-2,0,"{""Cl"":1,""N"":-1,""O"":-2}",4,4
scaffold_preserving_non_mmp_analogue,-2,-2,0,-2,0,"{""N"":-1,""O"":-1}",4,4
scaffold_preserving_non_mmp_analogue,-1,-1,0,-1,0,"{""Cl"":1,""F"":-2}",4,4
scaffold_preserving_non_mmp_analogue,-1,-1,0,1,0,"{""C"":-2,""O"":1}",4,4
scaffold_preserving_non_mmp_analogue,-1,-1,0,1,0,"{""C"":-2,""P"":1}",4,4
scaffold_preserving_non_mmp_analogue,0,0,0,-1,0,"{""C"":1,""O"":-1,""P"":1,""S"":-1}",4,4
scaffold_preserving_non_mmp_analogue,0,0,0,0,0,"{""F"":-1,""S"":1}",4,4
scaffold_preserving_non_mmp_analogue,0,0,0,0,0,"{""I"":1,""S"":-1}",4,4
scaffold_preserving_non_mmp_analogue,0,0,0,0,0,"{""N"":-1,""P"":1}",4,4
scaffold_preserving_non_mmp_analogue,1,1,0,1,1,"{""O"":1}",4,4
scaffold_preserving_non_mmp_analogue,2,2,0,1,0,"{""C"":1,""Cl"":1}",4,4
acyclic_non_mmp_analogue,-1,-1,0,0,0,"{""C"":-1,""F"":1,""O"":-1}",4,4
acyclic_non_mmp_analogue,-1,-1,0,0,0,"{""C"":-1,""N"":-1,""S"":1}",4,4
acyclic_non_mmp_analogue,-1,-1,0,0,0,"{""C"":-1,""N"":1,""O"":-1}",4,4
acyclic_non_mmp_analogue,0,0,0,0,0,"{""O"":-1,""Si"":1}",4,4
scaffold_changing_analogue,-20,-22,-2,-5,0,"{""C"":-15,""N"":-2,""O"":-3}",4,4
scaffold_changing_analogue,-16,-18,-2,-4,0,"{""C"":-12,""N"":-2,""O"":-2}",4,4
scaffold_changing_analogue,-16,-18,-2,-3,0,"{""C"":-13,""N"":-1,""O"":-2}",4,4
scaffold_changing_analogue,-13,-15,-2,-4,0,"{""C"":-9,""N"":-4}",4,4
scaffold_changing_analogue,-13,-15,-2,-2,0,"{""C"":-11,""N"":-1,""O"":-1}",4,4
scaffold_changing_analogue,-13,-14,-1,-5,0,"{""C"":-8,""N"":-4,""O"":-1}",4,4
scaffold_changing_analogue,-12,-14,-2,-2,0,"{""C"":-10,""N"":-1,""O"":-1}",4,4
scaffold_changing_analogue,-12,-13,-1,-4,0,"{""C"":-8,""N"":-2,""O"":-2}",4,4
scaffold_changing_analogue,-12,-13,-1,-3,0,"{""C"":-9,""N"":-2,""O"":-1}",4,4
scaffold_changing_analogue,-11,-13,-2,-2,0,"{""C"":-9,""N"":-1,""O"":-1}",4,4
scaffold_changing_analogue,-11,-12,-1,-3,0,"{""C"":-8,""N"":-1,""O"":-2}",4,4
scaffold_changing_analogue,-11,-12,-1,-3,0,"{""C"":-8,""N"":-3}",4,4
scaffold_changing_analogue,-11,-12,-1,-2,0,"{""C"":-9,""O"":-2}",4,4
scaffold_changing_analogue,-10,-12,-2,-3,0,"{""C"":-7,""N"":-2,""O"":-1}",4,4
scaffold_changing_analogue,-10,-11,-1,-3,0,"{""C"":-7,""N"":-3}",4,4
scaffold_changing_analogue,-9,-11,-2,0,0,"{""C"":-9}",4,4
scaffold_changing_analogue,-8,-9,-1,0,0,"{""C"":-8}",4,4
scaffold_changing_analogue,-5,-6,-1,-4,0,"{""C"":-1,""N"":-4}",4,4
scaffold_changing_analogue,-5,-6,-1,0,0,"{""C"":-5,""N"":-1,""O"":1}",4,4
scaffold_changing_analogue,-5,-6,-1,0,0,"{""C"":-5,""N"":1,""O"":-1}",4,4
scaffold_changing_analogue,-5,-5,0,-2,0,"{""C"":-3,""O"":-2}",4,4
scaffold_changing_analogue,-4,-5,-1,-2,0,"{""C"":-2,""N"":-3,""O"":1}",4,4
scaffold_changing_analogue,-4,-5,-1,1,-1,"{""C"":-5,""O"":1}",4,4
scaffold_changing_analogue,-3,-4,-1,-3,0,"{""N"":-3}",4,4
scaffold_changing_analogue,-3,-4,-1,0,-1,"{""C"":-3}",4,4
scaffold_changing_analogue,-3,-4,-1,1,0,"{""C"":-4,""N"":1}",4,4
scaffold_changing_analogue,-3,-4,-1,1,0,"{""C"":-4,""S"":1}",4,4
scaffold_changing_analogue,-3,-3,0,-3,0,"{""N"":-3}",4,4
scaffold_changing_analogue,-3,-3,0,-2,1,"{""C"":-1,""N"":-1,""O"":-1}",4,4
scaffold_changing_analogue,-3,-3,0,0,0,"{""C"":-3,""N"":1,""O"":-1}",4,4
scaffold_changing_analogue,-3,-3,1,-1,0,"{""C"":-2,""O"":-1}",4,4
scaffold_changing_analogue,-2,-2,0,-2,0,"{""Cl"":1,""N"":-1,""O"":-2}",4,4
scaffold_changing_analogue,-2,-2,0,-2,1,"{""N"":1,""O"":-2,""S"":-1}",4,4
scaffold_changing_analogue,-2,-2,0,-1,0,"{""Br"":-1,""C"":-1,""N"":-1,""S"":1}",4,4
scaffold_changing_analogue,-2,-2,0,0,0,"{""Br"":-1,""C"":-2,""N"":1}",4,4
scaffold_changing_analogue,-2,-2,0,1,0,"{""C"":-3,""O"":1}",4,4
scaffold_changing_analogue,-2,-2,1,-2,0,"{""O"":-1,""S"":-1}",4,4
scaffold_changing_analogue,-2,-2,1,-1,0,"{""C"":-1,""S"":-1}",4,4
scaffold_changing_analogue,-2,-1,1,0,0,"{""C"":-2}",4,4
scaffold_changing_analogue,-1,-1,0,0,0,"{""B"":1,""C"":-1,""O"":-1}",4,4
scaffold_changing_analogue,-1,-1,0,0,0,"{""C"":-1,""Cl"":-1,""S"":1}",4,4
scaffold_changing_analogue,-1,-1,0,0,0,"{""C"":-1,""F"":-1,""S"":1}",4,4
scaffold_changing_analogue,-1,-1,0,1,0,"{""Br"":1,""C"":-2}",4,4
scaffold_changing_analogue,-1,-1,1,0,0,"{""C"":-1,""N"":1,""O"":-1}",4,4
scaffold_changing_analogue,0,0,0,-1,0,"{""C"":1,""F"":1,""N"":-1,""O"":-1}",4,4
scaffold_changing_analogue,0,0,0,0,0,"{""Cl"":1,""N"":1,""O"":-1,""S"":-1}",4,4
scaffold_changing_analogue,0,0,0,0,0,"{""F"":-2,""O"":1,""S"":1}",4,4
scaffold_changing_analogue,0,0,0,0,1,"{""Cl"":1,""O"":-1}",4,4
scaffold_changing_analogue,0,0,1,1,0,"{""Br"":1,""C"":-1}",4,4
scaffold_changing_analogue,0,1,1,-2,0,"{""C"":2,""F"":-3,""N"":1}",4,4
scaffold_changing_analogue,1,1,0,-1,0,"{""C"":2,""N"":1,""O"":-1,""S"":-1}",4,4
scaffold_changing_analogue,1,1,0,0,0,"{""C"":1,""N"":2,""O"":-1,""S"":-1}",4,4
scaffold_changing_analogue,1,1,0,1,-1,"{""N"":-1,""O"":2}",4,4
scaffold_changing_analogue,1,1,0,1,0,"{""Cl"":1,""N"":-1,""O"":1}",4,4
scaffold_changing_analogue,1,1,0,2,0,"{""C"":-1,""F"":1,""N"":1}",4,4
scaffold_changing_analogue,1,1,0,2,0,"{""C"":-1,""N"":1,""P"":1}",4,4
scaffold_changing_analogue,1,1,0,2,1,"{""C"":-1,""N"":1,""O"":1}",4,4
scaffold_changing_analogue,1,1,1,1,-1,"{""O"":1}",4,4
scaffold_changing_analogue,2,2,0,-1,0,"{""C"":3,""S"":-1}",4,4
scaffold_changing_analogue,2,2,0,0,0,"{""C"":2,""F"":1,""O"":-1}",4,4
scaffold_changing_analogue,2,2,0,0,0,"{""C"":2,""O"":-1,""S"":1}",4,4
scaffold_changing_analogue,2,2,0,1,0,"{""Br"":1,""C"":1,""N"":1,""O"":-1}",4,4
scaffold_changing_analogue,2,2,0,2,0,"{""B"":1,""F"":1}",4,4
scaffold_changing_analogue,2,2,0,2,0,"{""Br"":-1,""N"":1,""O"":2}",4,4
scaffold_changing_analogue,2,2,0,3,0,"{""C"":-1,""O"":2,""S"":1}",4,4
scaffold_changing_analogue,2,3,1,0,0,"{""C"":2,""N"":2,""O"":-2}",4,4
scaffold_changing_analogue,3,3,0,0,1,"{""C"":3}",4,4
scaffold_changing_analogue,3,3,0,2,0,"{""C"":1,""Cl"":1,""N"":1}",4,4
scaffold_changing_analogue,3,4,1,0,0,"{""C"":3,""N"":-1,""S"":1}",4,4
scaffold_changing_analogue,3,4,1,1,0,"{""C"":2,""Cl"":1,""N"":1,""O"":-1}",4,4
scaffold_changing_analogue,3,4,1,2,0,"{""C"":1,""N"":1,""O"":1}",4,4
scaffold_changing_analogue,3,4,1,2,0,"{""C"":1,""N"":1,""S"":1}",4,4
scaffold_preserving_non_mmp_analogue,-2,-2,0,-1,-1,"{""C"":-1,""N"":-1}",4,3
scaffold_preserving_non_mmp_analogue,-1,-1,0,-1,0,"{""O"":-1,""P"":1,""S"":-1}",4,3
scaffold_preserving_non_mmp_analogue,-1,-1,0,0,0,"{""C"":-1,""P"":1,""S"":-1}",4,3
scaffold_preserving_non_mmp_analogue,0,0,0,0,0,"{""Cl"":1,""N"":-1}",4,3
scaffold_preserving_non_mmp_analogue,1,1,0,2,-1,"{""C"":-1,""O"":1,""S"":1}",4,3
scaffold_preserving_non_mmp_analogue,2,2,0,1,0,"{""B"":1,""C"":1}",4,3
scaffold_preserving_non_mmp_analogue,2,2,0,3,0,"{""C"":-1,""N"":1,""O"":2}",4,3
scaffold_preserving_non_mmp_analogue,3,3,0,2,0,"{""C"":1,""F"":1,""O"":1}",4,3
acyclic_non_mmp_analogue,0,0,0,-1,0,"{""C"":1,""S"":-1}",4,3
acyclic_non_mmp_analogue,0,0,0,0,0,"{""I"":1,""S"":-1}",4,3
scaffold_changing_analogue,-15,-17,-2,-5,0,"{""C"":-10,""N"":-3,""O"":-2}",4,3
scaffold_changing_analogue,-14,-16,-2,-4,0,"{""C"":-10,""N"":-2,""O"":-1,""S"":-1}",4,3
scaffold_changing_analogue,-14,-15,-1,-5,0,"{""C"":-9,""N"":-3,""O"":-2}",4,3
scaffold_changing_analogue,-11,-13,-2,-2,0,"{""C"":-9,""O"":-2}",4,3
scaffold_changing_analogue,-6,-7,-1,1,0,"{""C"":-7,""O"":1}",4,3
scaffold_changing_analogue,-5,-6,-1,0,0,"{""Br"":1,""C"":-5,""N"":-1}",4,3
scaffold_changing_analogue,-5,-6,-1,1,0,"{""C"":-6,""I"":1}",4,3
scaffold_changing_analogue,-5,-6,-1,1,0,"{""C"":-6,""S"":1}",4,3
scaffold_changing_analogue,-5,-6,-1,1,1,"{""C"":-6,""N"":1}",4,3
scaffold_changing_analogue,-4,-5,-1,-3,0,"{""C"":-1,""N"":-4,""O"":1}",4,3
scaffold_changing_analogue,-4,-5,-1,-2,0,"{""C"":-2,""N"":-1,""S"":-1}",4,3
scaffold_changing_analogue,-4,-5,-1,0,0,"{""C"":-4,""Cl"":1,""O"":-1}",4,3
scaffold_changing_analogue,-3,-4,-1,1,1,"{""C"":-4,""N"":1}",4,3
scaffold_changing_analogue,-3,-3,0,-2,0,"{""C"":-1,""F"":-3,""N"":1}",4,3
scaffold_changing_analogue,-3,-3,0,-1,0,"{""C"":-2,""O"":-2,""S"":1}",4,3
scaffold_changing_analogue,-2,-3,-1,-2,0,"{""F"":2,""N"":-4}",4,3
scaffold_changing_analogue,-2,-3,-1,-2,0,"{""N"":-1,""O"":-1}",4,3
scaffold_changing_analogue,-2,-3,-1,1,-1,"{""C"":-3,""O"":1}",4,3
scaffold_changing_analogue,-2,-2,0,-2,0,"{""Br"":1,""N"":-1,""O"":-2}",4,3
scaffold_changing_analogue,-2,-2,0,-1,0,"{""C"":-1,""F"":-1,""N"":-1,""O"":1}",4,3
scaffold_changing_analogue,-1,-2,-1,-1,0,"{""N"":-1}",4,3
scaffold_changing_analogue,-1,-1,0,-2,0,"{""C"":1,""F"":-1,""N"":-1}",4,3
scaffold_changing_analogue,-1,-1,0,-1,0,"{""O"":-1,""S"":-1,""Si"":1}",4,3
scaffold_changing_analogue,-1,-1,0,0,-1,"{""C"":-1,""N"":1,""O"":-1}",4,3
scaffold_changing_analogue,-1,-1,0,0,0,"{""C"":-1,""O"":-1,""P"":1}",4,3
scaffold_changing_analogue,-1,-1,1,0,0,"{""C"":-1,""N"":-1,""O"":1}",4,3
scaffold_changing_analogue,0,0,-1,-1,0,"{""C"":1,""N"":-1}",4,3
scaffold_changing_analogue,0,0,0,-2,0,"{""C"":2,""N"":-2}",4,3
scaffold_changing_analogue,0,0,0,-1,0,"{""C"":1,""N"":1,""O"":-2}",4,3
scaffold_changing_analogue,0,0,0,-1,1,"{""C"":1,""F"":-2,""N"":1}",4,3
scaffold_changing_analogue,0,0,0,0,-1,"{""Cl"":-1,""O"":1}",4,3
scaffold_changing_analogue,0,0,0,0,0,"{""B"":-1,""Si"":1}",4,3
scaffold_changing_analogue,0,0,1,0,0,"{""O"":-1,""S"":1}",4,3
scaffold_changing_analogue,0,0,1,0,1,"{""N"":1,""O"":-1}",4,3
scaffold_changing_analogue,1,1,0,0,0,"{""C"":1,""F"":-1,""S"":1}",4,3
scaffold_changing_analogue,1,1,0,1,0,"{""Br"":-1,""N"":1,""O"":1}",4,3
scaffold_changing_analogue,1,1,0,1,0,"{""F"":1,""N"":-1,""S"":1}",4,3
scaffold_changing_analogue,1,1,0,1,1,"{""P"":1}",4,3
scaffold_changing_analogue,1,1,1,1,0,"{""I"":1}",4,3
scaffold_changing_analogue,2,2,-1,0,0,"{""C"":2}",4,3
scaffold_changing_analogue,2,2,-1,1,0,"{""C"":1,""N"":1}",4,3
scaffold_changing_analogue,2,2,0,0,0,"{""Br"":1,""C"":2,""O"":-1}",4,3
scaffold_changing_analogue,2,2,0,0,0,"{""C"":2,""F"":-1,""N"":1}",4,3
scaffold_changing_analogue,2,2,0,1,-1,"{""C"":1,""Cl"":-1,""O"":2}",4,3
scaffold_changing_analogue,2,3,1,0,0,"{""C"":2,""Cl"":-1,""S"":1}",4,3
scaffold_changing_analogue,2,3,1,0,0,"{""C"":2,""N"":-1,""O"":1}",4,3
scaffold_changing_analogue,2,3,1,0,0,"{""C"":2,""N"":1,""O"":-2,""S"":1}",4,3
scaffold_changing_analogue,2,3,2,0,0,"{""C"":2,""N"":1,""O"":-1}",4,3
scaffold_changing_analogue,3,3,0,2,-1,"{""C"":1,""O"":1,""S"":1}",4,3
scaffold_changing_analogue,3,3,0,3,0,"{""F"":3}",4,3
scaffold_changing_analogue,3,4,1,0,-1,"{""C"":3}",4,3
scaffold_changing_analogue,3,4,1,0,0,"{""C"":3,""Cl"":-1,""O"":1}",4,3
scaffold_changing_analogue,3,4,2,0,0,"{""C"":3}",4,3
scaffold_changing_analogue,4,5,1,2,0,"{""C"":2,""Cl"":1,""N"":1}",4,3
scaffold_preserving_non_mmp_analogue,-1,-1,0,0,0,"{""Br"":-1,""C"":-1,""Cl"":1,""I"":1,""N"":-1}",4,2
scaffold_preserving_non_mmp_analogue,0,0,0,0,-1,"{""Br"":-1,""O"":1}",4,2
scaffold_preserving_non_mmp_analogue,0,0,0,0,0,"{""B"":-1,""Si"":1}",4,2
scaffold_preserving_non_mmp_analogue,0,0,0,0,0,"{""I"":-1,""Si"":1}",4,2
acyclic_non_mmp_analogue,-3,-3,0,-1,0,"{""C"":-2,""O"":-1}",4,2
acyclic_non_mmp_analogue,-1,-1,0,-1,0,"{""I"":-1}",4,2
acyclic_non_mmp_analogue,0,0,0,-1,0,"{""C"":1,""F"":-2,""N"":1}",4,2
acyclic_non_mmp_analogue,0,0,0,0,0,"{""Cl"":-1,""F"":1}",4,2
acyclic_non_mmp_analogue,0,0,0,0,0,"{""I"":-1,""P"":1}",4,2
acyclic_non_mmp_analogue,0,0,0,1,1,"{""C"":-1,""P"":1}",4,2
scaffold_changing_analogue,-6,-7,-1,-1,-1,"{""C"":-5,""S"":-1}",4,2
scaffold_changing_analogue,-5,-5,0,-4,0,"{""C"":-1,""N"":-1,""O"":-2,""S"":-1}",4,2
scaffold_changing_analogue,-4,-5,-1,-1,0,"{""C"":-3,""F"":1,""N"":-2}",4,2
scaffold_changing_analogue,-4,-5,-1,1,-1,"{""C"":-5,""F"":-1,""O"":2}",4,2
scaffold_changing_analogue,-2,-3,-1,-1,0,"{""C"":-1,""S"":-1}",4,2
scaffold_changing_analogue,-1,-2,-2,0,0,"{""C"":-1}",4,2
scaffold_changing_analogue,-1,-2,-1,-1,0,"{""N"":-2,""O"":1}",4,2
scaffold_changing_analogue,-1,-1,0,2,0,"{""C"":-3,""N"":1,""S"":1}",4,2
scaffold_changing_analogue,-1,-1,1,0,0,"{""C"":-1,""O"":-1,""S"":1}",4,2
scaffold_changing_analogue,0,-1,-1,0,0,"{""Cl"":1,""O"":-1}",4,2
scaffold_changing_analogue,0,-1,0,0,0,{},4,2
scaffold_changing_analogue,0,0,-1,-1,0,"{""C"":1,""O"":-1}",4,2
scaffold_changing_analogue,0,0,0,-1,0,"{""C"":1,""O"":-1,""P"":-1,""S"":1}",4,2
scaffold_changing_analogue,1,1,0,0,0,"{""C"":1,""I"":-1,""S"":1}",4,2
scaffold_changing_analogue,1,1,0,0,0,"{""C"":1,""P"":1,""Si"":-1}",4,2
scaffold_changing_analogue,1,1,0,0,1,"{""C"":1,""Cl"":-1,""N"":1}",4,2
scaffold_changing_analogue,1,1,0,1,-2,"{""O"":1}",4,2
scaffold_changing_analogue,1,1,0,1,0,"{""O"":1,""P"":-1,""S"":1}",4,2
scaffold_changing_analogue,1,1,1,0,0,"{""B"":1,""C"":1,""Si"":-1}",4,2
scaffold_changing_analogue,2,2,0,0,0,"{""Br"":1,""C"":2,""S"":-1}",4,2
scaffold_changing_analogue,2,2,0,0,0,"{""C"":2,""Cl"":-1,""F"":1}",4,2
scaffold_changing_analogue,2,2,0,2,0,"{""B"":1,""N"":1}",4,2
scaffold_changing_analogue,2,2,0,2,0,"{""Cl"":1,""O"":1}",4,2
scaffold_changing_analogue,2,3,1,-1,0,"{""C"":3,""F"":-2,""S"":1}",4,2
scaffold_changing_analogue,3,4,1,1,-1,"{""C"":2,""N"":1}",4,2
scaffold_preserving_non_mmp_analogue,0,0,0,0,1,"{""I"":-1,""N"":1}",4,1
acyclic_non_mmp_analogue,-1,-1,0,-1,0,"{""B"":-1}",4,1
acyclic_non_mmp_analogue,0,0,0,0,0,"{""B"":-1,""F"":1}",4,1
acyclic_non_mmp_analogue,0,0,0,0,0,"{""Br"":2,""Cl"":-1,""I"":-1}",4,1
acyclic_non_mmp_analogue,0,0,0,0,0,"{""I"":-1,""S"":1}",4,1
acyclic_non_mmp_analogue,1,1,0,0,0,"{""C"":1,""Cl"":-1,""O"":1}",4,1
acyclic_non_mmp_analogue,1,1,0,1,0,"{""Br"":1,""F"":1,""I"":-1}",4,1
scaffold_changing_analogue,-16,-18,-2,-4,0,"{""C"":-12,""F"":-1,""N"":-2,""O"":-1}",4,1
scaffold_changing_analogue,-3,-4,-1,0,0,"{""C"":-3,""Cl"":-1,""F"":2,""S"":-1}",4,1
scaffold_changing_analogue,-1,-1,0,-1,-1,"{""O"":-1,""P"":-1,""Si"":1}",4,1
scaffold_changing_analogue,-1,-1,0,-1,0,"{""Cl"":1,""F"":-3,""O"":1}",4,1
scaffold_changing_analogue,0,0,0,-1,-1,"{""B"":1,""C"":1,""O"":-1,""P"":-1}",4,1
scaffold_changing_analogue,0,0,0,-1,-1,"{""C"":1,""Cl"":-1,""P"":1,""S"":-1}",4,1
scaffold_changing_analogue,0,0,0,0,-1,"{""B"":1,""P"":-1}",4,1
scaffold_changing_analogue,0,0,0,0,0,"{""B"":-1,""O"":1}",4,1
scaffold_changing_analogue,0,0,0,0,0,"{""B"":-2,""Cl"":-1,""O"":1,""Si"":2}",4,1
scaffold_changing_analogue,0,0,0,0,0,"{""Cl"":-1,""N"":1,""P"":1,""S"":-1}",4,1
scaffold_changing_analogue,0,0,0,0,1,"{""B"":1,""O"":-1}",4,1
scaffold_changing_analogue,0,0,0,1,1,"{""C"":-1,""N"":1,""O"":1,""S"":-1}",4,1
scaffold_changing_analogue,1,1,-1,0,0,"{""C"":1,""O"":1,""S"":-1}",4,1
scaffold_changing_analogue,1,1,0,0,0,"{""C"":1,""I"":-1,""Si"":1}",4,1
scaffold_changing_analogue,1,1,0,0,0,"{""C"":1,""N"":1,""P"":1,""S"":-2}",4,1
scaffold_changing_analogue,1,1,0,0,0,"{""C"":1,""S"":1,""Si"":-1}",4,1
scaffold_changing_analogue,2,3,1,2,0,"{""N"":1,""Si"":1}",4,1
scaffold_changing_analogue,3,3,0,1,0,"{""C"":2,""Cl"":-1,""F"":2}",4,1
scaffold_preserving_non_mmp_analogue,-5,-5,0,-4,0,"{""C"":-1,""N"":-1,""O"":-2,""S"":-1}",3,3
scaffold_preserving_non_mmp_analogue,-3,-3,0,-3,0,"{""O"":-2,""S"":-1}",3,3
scaffold_preserving_non_mmp_analogue,-3,-3,0,-2,1,"{""C"":-1,""O"":-2}",3,3
scaffold_preserving_non_mmp_analogue,-2,-2,0,-2,0,"{""F"":-3,""N"":1}",3,3
scaffold_preserving_non_mmp_analogue,-2,-2,0,-2,0,"{""F"":-3,""O"":1}",3,3
scaffold_preserving_non_mmp_analogue,-2,-2,0,-2,0,"{""O"":-1,""S"":-1}",3,3
scaffold_preserving_non_mmp_analogue,-2,-2,0,-1,0,"{""Br"":-1,""C"":-1}",3,3
scaffold_preserving_non_mmp_analogue,-2,-2,0,-1,0,"{""Br"":1,""C"":-1,""N"":-1,""O"":-1}",3,3
scaffold_preserving_non_mmp_analogue,-2,-2,0,-1,0,"{""C"":-1,""S"":-1}",3,3
scaffold_preserving_non_mmp_analogue,-1,-1,0,-1,-1,"{""S"":-1}",3,3
scaffold_preserving_non_mmp_analogue,-1,-1,0,-1,0,"{""Si"":-1}",3,3
scaffold_preserving_non_mmp_analogue,-1,-1,0,1,0,"{""C"":-2,""S"":1}",3,3
scaffold_preserving_non_mmp_analogue,-1,-1,0,1,0,"{""C"":-2,""Si"":1}",3,3
scaffold_preserving_non_mmp_analogue,0,0,0,0,0,"{""Cl"":-1,""I"":1}",3,3
scaffold_preserving_non_mmp_analogue,0,0,0,0,0,"{""Cl"":-1,""Si"":1}",3,3
scaffold_preserving_non_mmp_analogue,0,0,0,0,0,"{""F"":1,""I"":-1}",3,3
scaffold_preserving_non_mmp_analogue,0,0,0,0,1,"{""Br"":1,""O"":-1}",3,3
scaffold_preserving_non_mmp_analogue,1,1,0,0,0,"{""Br"":1,""C"":1,""Cl"":-1}",3,3
scaffold_preserving_non_mmp_analogue,1,1,0,0,0,"{""C"":1,""N"":1,""S"":-1}",3,3
scaffold_preserving_non_mmp_analogue,1,1,0,0,1,"{""C"":1,""F"":1,""O"":-1}",3,3
scaffold_preserving_non_mmp_analogue,1,1,0,1,-1,"{""N"":1}",3,3
scaffold_preserving_non_mmp_analogue,1,1,0,1,0,"{""B"":1,""Br"":-1,""O"":1}",3,3
scaffold_preserving_non_mmp_analogue,1,1,0,1,0,"{""Cl"":1,""F"":-1,""O"":1}",3,3
scaffold_preserving_non_mmp_analogue,1,1,0,1,1,"{""S"":1}",3,3
scaffold_preserving_non_mmp_analogue,2,2,0,1,0,"{""C"":1,""I"":1}",3,3
scaffold_preserving_non_mmp_analogue,2,2,0,1,0,"{""C"":1,""N"":-1,""O"":2}",3,3
scaffold_preserving_non_mmp_analogue,3,3,0,1,0,"{""C"":2,""N"":1}",3,3
acyclic_non_mmp_analogue,-4,-4,0,-1,0,"{""C"":-3,""O"":-1}",3,3
acyclic_non_mmp_analogue,-3,-3,0,-2,0,"{""C"":-1,""F"":-2}",3,3
acyclic_non_mmp_analogue,-1,-1,0,0,0,"{""B"":1,""C"":-1,""O"":-1}",3,3
acyclic_non_mmp_analogue,-1,-1,0,0,0,"{""Br"":1,""C"":-1,""N"":-1}",3,3
acyclic_non_mmp_analogue,0,0,0,0,0,"{""Br"":1,""F"":-1}",3,3
acyclic_non_mmp_analogue,0,0,0,0,0,"{""F"":-1,""N"":1}",3,3
acyclic_non_mmp_analogue,0,0,0,0,0,"{""N"":-1,""P"":1}",3,3
acyclic_non_mmp_analogue,0,0,0,0,1,"{""O"":-1,""S"":1}",3,3
acyclic_non_mmp_analogue,1,1,0,0,0,"{""C"":1,""F"":1,""O"":-1}",3,3
scaffold_changing_analogue,-20,-23,-3,-6,0,"{""C"":-14,""N"":-5,""O"":-1}",3,3
scaffold_changing_analogue,-19,-21,-2,-6,0,"{""C"":-13,""N"":-4,""O"":-1,""S"":-1}",3,3
scaffold_changing_analogue,-19,-21,-2,-5,-1,"{""C"":-14,""N"":-4,""O"":-1}",3,3
scaffold_changing_analogue,-18,-20,-2,-6,0,"{""C"":-12,""N"":-4,""O"":-2}",3,3
scaffold_changing_analogue,-18,-20,-2,-5,-1,"{""C"":-13,""N"":-3,""O"":-2}",3,3
scaffold_changing_analogue,-17,-20,-3,-3,0,"{""C"":-14,""N"":-2,""O"":-1}",3,3
scaffold_changing_analogue,-16,-18,-2,-5,0,"{""C"":-11,""N"":-2,""O"":-3}",3,3
scaffold_changing_analogue,-16,-18,-2,-5,0,"{""C"":-11,""N"":-3,""O"":-2}",3,3
scaffold_changing_analogue,-16,-18,-2,-3,0,"{""C"":-13,""N"":-2,""O"":-1}",3,3
scaffold_changing_analogue,-16,-17,-1,-3,0,"{""Br"":1,""C"":-13,""N"":-2,""O"":-2}",3,3
scaffold_changing_analogue,-14,-15,-1,-3,0,"{""C"":-11,""N"":-2,""O"":-1}",3,3
scaffold_changing_analogue,-13,-15,-2,-2,0,"{""C"":-11,""N"":-2}",3,3
scaffold_changing_analogue,-13,-14,-1,-3,-1,"{""C"":-10,""N"":-2,""O"":-1}",3,3
scaffold_changing_analogue,-13,-14,-1,-2,0,"{""C"":-11,""N"":-1,""O"":-1}",3,3
scaffold_changing_analogue,-12,-13,-1,-3,-1,"{""C"":-9,""N"":-2,""O"":-1}",3,3
scaffold_changing_analogue,-11,-12,-1,-4,0,"{""C"":-7,""F"":-3,""N"":-1}",3,3
scaffold_changing_analogue,-11,-12,-1,-4,0,"{""C"":-7,""N"":-2,""O"":-2}",3,3
scaffold_changing_analogue,-11,-12,-1,-4,0,"{""C"":-7,""N"":-3,""O"":-1}",3,3
scaffold_changing_analogue,-10,-12,-2,-1,0,"{""C"":-9,""O"":-1}",3,3
scaffold_changing_analogue,-10,-11,-1,-4,0,"{""C"":-6,""N"":-2,""O"":-1,""S"":-1}",3,3
scaffold_changing_analogue,-10,-11,-1,-3,0,"{""C"":-7,""O"":-3}",3,3
scaffold_changing_analogue,-10,-11,-1,-1,0,"{""C"":-9,""N"":-1}",3,3
scaffold_changing_analogue,-9,-11,-2,-1,0,"{""C"":-8,""N"":-1}",3,3
scaffold_changing_analogue,-9,-10,-1,-3,0,"{""C"":-6,""O"":-2,""S"":-1}",3,3
scaffold_changing_analogue,-8,-10,-2,-2,0,"{""C"":-6,""N"":-2}",3,3
scaffold_changing_analogue,-8,-9,-1,-3,0,"{""C"":-5,""N"":-1,""O"":-2}",3,3
scaffold_changing_analogue,-8,-9,-1,-2,-1,"{""C"":-6,""N"":-1,""O"":-1}",3,3
scaffold_changing_analogue,-8,-9,-1,-2,0,"{""C"":-6,""Cl"":-1,""F"":-1}",3,3
scaffold_changing_analogue,-8,-9,-1,-1,0,"{""C"":-7,""Cl"":-1}",3,3
scaffold_changing_analogue,-8,-9,-1,0,0,"{""C"":-8,""N"":-1,""O"":1}",3,3
scaffold_changing_analogue,-8,-8,0,-2,0,"{""C"":-6,""N"":-1,""O"":-1}",3,3
scaffold_changing_analogue,-7,-8,-1,-2,0,"{""C"":-5,""Cl"":-1,""N"":-1}",3,3
scaffold_changing_analogue,-7,-8,-1,-1,0,"{""Br"":-1,""C"":-6}",3,3
scaffold_changing_analogue,-7,-8,-1,-1,0,"{""C"":-6,""S"":-1}",3,3
scaffold_changing_analogue,-6,-7,-1,-2,0,"{""C"":-4,""N"":-1,""S"":-1}",3,3
scaffold_changing_analogue,-6,-7,-1,-1,0,"{""C"":-5,""F"":-1}",3,3
scaffold_changing_analogue,-6,-7,-1,-1,0,"{""C"":-5,""N"":-2,""O"":1}",3,3
scaffold_changing_analogue,-6,-7,-1,0,-1,"{""C"":-6}",3,3
scaffold_changing_analogue,-6,-7,-1,0,0,"{""C"":-6,""Cl"":-1,""O"":1}",3,3
scaffold_changing_analogue,-6,-6,0,-1,0,"{""C"":-5,""F"":-1}",3,3
scaffold_changing_analogue,-5,-6,-1,-3,0,"{""C"":-2,""N"":-2,""S"":-1}",3,3
scaffold_changing_analogue,-5,-6,-1,-1,0,"{""C"":-4,""F"":-1}",3,3
scaffold_changing_analogue,-5,-6,-1,-1,0,"{""C"":-4,""N"":-2,""O"":1}",3,3
scaffold_changing_analogue,-5,-5,0,-1,0,"{""C"":-4,""Cl"":-1}",3,3
scaffold_changing_analogue,-4,-5,-1,-2,0,"{""C"":-2,""N"":-2,""O"":1,""S"":-1}",3,3
scaffold_changing_analogue,-4,-5,-1,-1,0,"{""Br"":1,""C"":-3,""N"":-1,""S"":-1}",3,3
scaffold_changing_analogue,-4,-5,-1,2,-1,"{""C"":-6,""O"":2}",3,3
scaffold_changing_analogue,-4,-5,-1,2,0,"{""C"":-6,""N"":1,""O"":1}",3,3
scaffold_changing_analogue,-4,-4,0,-3,0,"{""C"":-1,""O"":-2,""S"":-1}",3,3
scaffold_changing_analogue,-4,-4,0,-2,0,"{""C"":-2,""Cl"":-1,""N"":-1}",3,3
scaffold_changing_analogue,-4,-4,0,-1,0,"{""C"":-3,""S"":-1}",3,3
scaffold_changing_analogue,-3,-4,-1,-2,0,"{""C"":-1,""N"":-2,""O"":1,""S"":-1}",3,3
scaffold_changing_analogue,-3,-4,-1,0,0,"{""Br"":1,""C"":-3,""O"":-1}",3,3
scaffold_changing_analogue,-3,-4,-1,0,0,"{""C"":-3,""N"":1,""S"":-1}",3,3
scaffold_changing_analogue,-3,-3,0,-3,1,"{""O"":-2,""S"":-1}",3,3
scaffold_changing_analogue,-3,-3,0,-1,0,"{""Br"":-1,""C"":-2}",3,3
scaffold_changing_analogue,-3,-3,0,-1,0,"{""C"":-2,""N"":-2,""O"":1}",3,3
scaffold_changing_analogue,-3,-3,0,-1,0,"{""C"":-2,""N"":-2,""S"":1}",3,3
scaffold_changing_analogue,-3,-3,0,1,0,"{""C"":-4,""N"":1}",3,3
scaffold_changing_analogue,-2,-3,-1,-1,-1,"{""C"":-1,""N"":-3,""O"":2}",3,3
scaffold_changing_analogue,-2,-3,-1,-1,0,"{""C"":-1,""N"":-2,""O"":1}",3,3
scaffold_changing_analogue,-2,-3,-1,0,0,"{""C"":-2,""N"":1,""O"":-1}",3,3
scaffold_changing_analogue,-2,-2,0,-3,0,"{""C"":1,""N"":-3}",3,3
scaffold_changing_analogue,-2,-2,0,-2,0,"{""F"":-3,""N"":1}",3,3
scaffold_changing_analogue,-2,-2,0,-1,0,"{""C"":-1,""F"":-2,""O"":1}",3,3
scaffold_changing_analogue,-2,-2,0,-1,0,"{""C"":-1,""N"":-1,""O"":1,""S"":-1}",3,3
scaffold_changing_analogue,-2,-2,0,-1,0,"{""C"":-1,""O"":-1,""P"":1,""S"":-1}",3,3
scaffold_changing_analogue,-2,-2,0,-1,1,"{""Br"":1,""C"":-1,""O"":-2}",3,3
scaffold_changing_analogue,-2,-2,0,-1,1,"{""C"":-1,""N"":1,""O"":-2}",3,3
scaffold_changing_analogue,-2,-2,0,-1,1,"{""C"":-1,""S"":-1}",3,3
scaffold_changing_analogue,-2,-2,0,0,0,"{""C"":-2,""N"":1,""S"":-1}",3,3
scaffold_changing_analogue,-2,-2,0,1,1,"{""C"":-3,""N"":1}",3,3
scaffold_changing_analogue,-2,-1,1,-1,0,"{""C"":-1,""O"":-1}",3,3
scaffold_changing_analogue,-1,-2,-1,-1,0,"{""N"":-4,""O"":2,""S"":1}",3,3
scaffold_changing_analogue,-1,-2,-1,1,0,"{""C"":-2,""P"":1}",3,3
scaffold_changing_analogue,-1,-1,0,-2,-1,"{""C"":1,""O"":-1,""S"":-1}",3,3
scaffold_changing_analogue,-1,-1,0,-2,0,"{""C"":1,""F"":-3,""O"":1}",3,3
scaffold_changing_analogue,-1,-1,0,-1,0,"{""F"":-3,""N"":1,""O"":1}",3,3
scaffold_changing_analogue,-1,-1,0,-1,0,"{""F"":-3,""O"":2}",3,3
scaffold_changing_analogue,-1,-1,0,-1,0,"{""I"":-1}",3,3
scaffold_changing_analogue,-1,-1,0,0,0,"{""Br"":-1,""C"":-1,""N"":1}",3,3
scaffold_changing_analogue,-1,-1,0,0,0,"{""Br"":-1,""C"":-1,""O"":1}",3,3
scaffold_changing_analogue,-1,-1,0,1,0,"{""B"":1,""C"":-2}",3,3
scaffold_changing_analogue,-1,-1,1,-1,0,"{""B"":1,""O"":-1,""S"":-1}",3,3
scaffold_changing_analogue,-1,-1,1,-1,0,"{""Br"":-1}",3,3
scaffold_changing_analogue,-1,-1,1,0,-1,"{""C"":-1}",3,3
scaffold_changing_analogue,-1,-1,1,0,0,"{""C"":-1,""P"":1,""S"":-1}",3,3
scaffold_changing_analogue,-1,0,1,-2,0,"{""C"":1,""F"":-2}",3,3
scaffold_changing_analogue,0,-1,-1,2,0,"{""C"":-2,""F"":2}",3,3
scaffold_changing_analogue,0,0,0,-1,0,"{""C"":1,""Cl"":-1,""N"":-1,""O"":1}",3,3
scaffold_changing_analogue,0,0,0,0,-2,"{""N"":-1,""O"":1}",3,3
scaffold_changing_analogue,0,0,0,0,0,"{""B"":1,""F"":-1}",3,3
scaffold_changing_analogue,0,0,0,0,0,"{""B"":1,""Si"":-1}",3,3
scaffold_changing_analogue,0,0,0,0,0,"{""Cl"":-1,""I"":1}",3,3
scaffold_changing_analogue,0,0,0,0,0,"{""Cl"":1,""F"":-2,""O"":1}",3,3
scaffold_changing_analogue,0,0,0,0,0,"{""F"":-1,""I"":1}",3,3
scaffold_changing_analogue,0,0,0,0,0,"{""S"":1,""Si"":-1}",3,3
scaffold_changing_analogue,0,0,0,0,1,"{""Br"":-1,""N"":1}",3,3
scaffold_changing_analogue,0,0,0,1,0,"{""Br"":-1,""C"":-1,""Cl"":1,""N"":1}",3,3
scaffold_changing_analogue,0,0,0,1,0,"{""C"":-1,""F"":-1,""O"":1,""P"":1}",3,3
scaffold_changing_analogue,0,0,0,1,1,"{""C"":-1,""N"":2,""O"":-1}",3,3
scaffold_changing_analogue,0,0,0,2,0,"{""C"":-2,""N"":1,""S"":1}",3,3
scaffold_changing_analogue,0,0,0,2,0,"{""C"":-2,""O"":1,""P"":1}",3,3
scaffold_changing_analogue,0,0,1,1,-1,"{""C"":-1,""O"":1}",3,3
scaffold_changing_analogue,1,0,-1,1,0,"{""O"":1}",3,3
scaffold_changing_analogue,1,1,0,0,-1,"{""Br"":-1,""C"":1,""O"":1}",3,3
scaffold_changing_analogue,1,1,0,0,-1,"{""C"":1,""Cl"":-1,""O"":1}",3,3
scaffold_changing_analogue,1,1,0,0,-1,"{""C"":1,""O"":1,""S"":-1}",3,3
scaffold_changing_analogue,1,1,0,0,0,"{""C"":1,""I"":1,""N"":-1}",3,3
scaffold_changing_analogue,1,1,0,0,0,"{""C"":1,""I"":1,""N"":1,""O"":-1,""S"":-1}",3,3
scaffold_changing_analogue,1,1,0,1,0,"{""Br"":1,""N"":1,""O"":-1}",3,3
scaffold_changing_analogue,1,1,0,1,0,"{""F"":-1,""O"":2}",3,3
scaffold_changing_analogue,1,1,0,1,0,"{""N"":1,""O"":-1,""S"":1}",3,3
scaffold_changing_analogue,1,1,0,2,0,"{""C"":-1,""Cl"":1,""N"":1}",3,3
scaffold_changing_analogue,1,1,1,0,0,"{""C"":1,""N"":-1,""O"":1}",3,3
scaffold_changing_analogue,1,1,3,0,0,"{""C"":1}",3,3
scaffold_changing_analogue,1,2,1,-1,0,"{""C"":2,""F"":-3,""N"":1,""O"":1}",3,3
scaffold_changing_analogue,1,2,1,0,-1,"{""C"":1}",3,3
scaffold_changing_analogue,1,2,2,-1,0,"{""C"":2,""O"":-1}",3,3
scaffold_changing_analogue,2,2,0,1,-1,"{""C"":1,""N"":1}",3,3
scaffold_changing_analogue,2,2,0,1,0,"{""C"":1,""F"":-1,""O"":1,""S"":1}",3,3
scaffold_changing_analogue,2,2,0,1,0,"{""C"":1,""O"":2,""S"":-1}",3,3
scaffold_changing_analogue,2,2,0,2,0,"{""O"":1,""Si"":1}",3,3
scaffold_changing_analogue,2,2,1,1,1,"{""C"":1,""N"":1}",3,3
scaffold_changing_analogue,2,3,1,-1,0,"{""C"":3,""F"":-2,""N"":1}",3,3
scaffold_changing_analogue,2,3,1,0,-1,"{""C"":2}",3,3
scaffold_changing_analogue,2,3,1,0,0,"{""C"":2,""F"":-1,""S"":1}",3,3
scaffold_changing_analogue,3,3,0,1,0,"{""C"":2,""F"":2,""N"":-1}",3,3
scaffold_changing_analogue,3,3,0,2,0,"{""C"":1,""N"":2}",3,3
scaffold_changing_analogue,3,3,0,2,0,"{""C"":1,""O"":1,""P"":1}",3,3
scaffold_changing_analogue,3,4,1,0,1,"{""C"":3}",3,3
scaffold_changing_analogue,4,5,1,1,0,"{""C"":3,""N"":2,""O"":-1}",3,3
scaffold_changing_analogue,5,6,1,1,0,"{""C"":4,""O"":1}",3,3
scaffold_changing_analogue,5,6,1,1,0,"{""C"":4,""S"":1}",3,3
scaffold_preserving_non_mmp_analogue,-3,-3,0,-2,-1,"{""C"":-1,""F"":-3,""O"":1}",3,2
scaffold_preserving_non_mmp_analogue,-2,-2,0,-3,0,"{""C"":1,""N"":-1,""O"":-2}",3,2
scaffold_preserving_non_mmp_analogue,-1,-1,0,-1,0,"{""Br"":1,""F"":-2}",3,2
scaffold_preserving_non_mmp_analogue,-1,-1,0,-1,0,"{""F"":-2,""S"":1}",3,2
scaffold_preserving_non_mmp_analogue,-1,-1,0,0,0,"{""C"":-1,""N"":-1,""P"":1}",3,2
scaffold_preserving_non_mmp_analogue,0,0,0,-1,0,"{""C"":1,""F"":-2,""N"":1}",3,2
scaffold_preserving_non_mmp_analogue,0,0,0,0,-1,"{""I"":-1,""S"":1}",3,2
scaffold_preserving_non_mmp_analogue,0,0,0,0,0,"{""S"":1,""Si"":-1}",3,2
scaffold_preserving_non_mmp_analogue,0,0,0,0,1,"{""P"":1,""S"":-1}",3,2
scaffold_preserving_non_mmp_analogue,1,1,0,0,0,"{""B"":1,""C"":1,""Si"":-1}",3,2
scaffold_preserving_non_mmp_analogue,1,1,0,0,0,"{""C"":1,""Cl"":-1,""F"":1}",3,2
scaffold_preserving_non_mmp_analogue,1,1,0,0,0,"{""C"":1,""P"":1,""S"":-1}",3,2
scaffold_preserving_non_mmp_analogue,2,2,0,1,0,"{""C"":1,""Cl"":-1,""O"":1,""S"":1}",3,2
scaffold_preserving_non_mmp_analogue,2,2,0,1,0,"{""C"":1,""F"":-1,""O"":1,""S"":1}",3,2
scaffold_preserving_non_mmp_analogue,2,2,0,2,-1,"{""O"":1,""S"":1}",3,2
scaffold_preserving_non_mmp_analogue,2,2,0,2,0,"{""O"":2}",3,2
acyclic_non_mmp_analogue,-2,-2,0,-2,0,"{""N"":-1,""O"":-1}",3,2
acyclic_non_mmp_analogue,-1,-1,0,0,0,"{""Br"":1,""C"":-1,""O"":-1}",3,2
acyclic_non_mmp_analogue,-1,-1,0,0,0,"{""C"":-1,""N"":-1,""P"":1}",3,2
acyclic_non_mmp_analogue,-1,-1,0,0,0,"{""C"":-1,""N"":1,""S"":-1}",3,2
acyclic_non_mmp_analogue,0,0,0,0,0,"{""Br"":1,""Cl"":-1}",3,2
acyclic_non_mmp_analogue,0,0,0,0,0,"{""Br"":1,""S"":-1}",3,2
acyclic_non_mmp_analogue,0,0,0,0,0,"{""Cl"":-1,""S"":1}",3,2
acyclic_non_mmp_analogue,0,0,0,0,1,"{""Cl"":1,""O"":-1}",3,2
acyclic_non_mmp_analogue,1,1,0,0,0,"{""C"":1,""I"":-1,""S"":1}",3,2
acyclic_non_mmp_analogue,1,1,0,0,1,"{""C"":1,""N"":1,""O"":-1}",3,2
acyclic_non_mmp_analogue,1,1,0,1,0,"{""Br"":1}",3,2
acyclic_non_mmp_analogue,2,2,0,2,0,"{""N"":1,""O"":1}",3,2
scaffold_changing_analogue,-14,-15,-1,-4,0,"{""C"":-10,""F"":-1,""N"":-1,""O"":-2}",3,2
scaffold_changing_analogue,-12,-14,-2,-5,0,"{""C"":-7,""N"":-5}",3,2
scaffold_changing_analogue,-11,-13,-2,-2,0,"{""C"":-9,""N"":-2}",3,2
scaffold_changing_analogue,-10,-12,-2,-1,0,"{""C"":-9,""N"":-1}",3,2
scaffold_changing_analogue,-8,-9,-1,-2,0,"{""Br"":-1,""C"":-6,""F"":-1}",3,2
scaffold_changing_analogue,-7,-8,-1,-1,-1,"{""C"":-6,""F"":-1}",3,2
scaffold_changing_analogue,-7,-7,0,-3,0,"{""C"":-4,""N"":-1,""O"":-1,""S"":-1}",3,2
scaffold_changing_analogue,-5,-6,-1,0,-1,"{""C"":-5,""N"":-1,""O"":1}",3,2
scaffold_changing_analogue,-5,-6,-1,0,0,"{""C"":-5,""F"":-1,""N"":1}",3,2
scaffold_changing_analogue,-4,-5,-1,-1,0,"{""Br"":1,""C"":-3,""N"":-1,""O"":-1}",3,2
scaffold_changing_analogue,-4,-5,-1,0,0,"{""Br"":1,""C"":-4,""S"":-1}",3,2
scaffold_changing_analogue,-4,-5,-1,0,0,"{""C"":-4,""F"":1,""N"":-1}",3,2
scaffold_changing_analogue,-4,-5,-1,0,0,"{""C"":-4,""N"":1,""S"":-1}",3,2
scaffold_changing_analogue,-4,-4,0,-2,0,"{""C"":-2,""F"":-1,""N"":-1}",3,2
scaffold_changing_analogue,-4,-4,0,-2,0,"{""C"":-2,""N"":-1,""S"":-1}",3,2
scaffold_changing_analogue,-4,-4,0,0,-1,"{""C"":-4}",3,2
scaffold_changing_analogue,-4,-4,0,0,0,"{""C"":-4,""F"":-1,""O"":1}",3,2
scaffold_changing_analogue,-4,-4,0,0,0,"{""C"":-4,""N"":-1,""S"":1}",3,2
scaffold_changing_analogue,-3,-4,-1,-1,0,"{""C"":-2,""N"":-1,""O"":1,""S"":-1}",3,2
scaffold_changing_analogue,-3,-4,-1,0,0,"{""C"":-3,""F"":1,""O"":-1}",3,2
scaffold_changing_analogue,-3,-4,-1,1,0,"{""C"":-4,""F"":1}",3,2
scaffold_changing_analogue,-3,-3,0,-4,0,"{""C"":1,""N"":-4}",3,2
scaffold_changing_analogue,-3,-3,0,-3,0,"{""N"":-2,""S"":-1}",3,2
scaffold_changing_analogue,-3,-3,0,-2,0,"{""C"":-1,""F"":-1,""O"":-1}",3,2
scaffold_changing_analogue,-3,-3,0,-1,0,"{""C"":-2,""N"":1,""O"":-2}",3,2
scaffold_changing_analogue,-2,-2,0,-2,1,"{""O"":-2}",3,2
scaffold_changing_analogue,-2,-2,0,0,0,"{""C"":-2,""O"":1,""S"":-1}",3,2
scaffold_changing_analogue,-1,-2,-1,0,-1,"{""C"":-1,""N"":-1,""O"":1}",3,2
scaffold_changing_analogue,-1,-1,0,1,-1,"{""C"":-2,""N"":1}",3,2
scaffold_changing_analogue,-1,0,1,-2,0,"{""C"":1,""N"":-1,""O"":-1}",3,2
scaffold_changing_analogue,-1,0,1,-1,-1,"{""N"":-1}",3,2
scaffold_changing_analogue,0,-1,-1,0,0,"{""N"":-1,""O"":1}",3,2
scaffold_changing_analogue,0,0,-1,0,-1,"{""N"":-1,""O"":1}",3,2
scaffold_changing_analogue,0,0,0,-1,-1,"{""C"":1,""N"":-2,""O"":1}",3,2
scaffold_changing_analogue,0,0,0,-1,0,"{""C"":1,""Cl"":-1,""N"":1,""O"":-1}",3,2
scaffold_changing_analogue,0,0,0,-1,0,"{""C"":1,""Cl"":-1,""P"":1,""S"":-1}",3,2
scaffold_changing_analogue,0,0,0,-1,1,"{""C"":1,""N"":-2,""S"":1}",3,2
scaffold_changing_analogue,0,0,0,0,-1,"{""N"":-1,""Si"":1}",3,2
scaffold_changing_analogue,0,0,0,0,0,"{""Cl"":1,""F"":-1,""N"":1,""S"":-1}",3,2
scaffold_changing_analogue,0,0,0,0,0,"{""Cl"":1,""F"":-1,""O"":1,""S"":-1}",3,2
scaffold_changing_analogue,0,0,0,1,-1,"{""C"":-1,""N"":-1,""O"":2}",3,2
scaffold_changing_analogue,0,0,0,1,0,"{""Br"":-1,""C"":-1,""Cl"":1,""S"":1}",3,2
scaffold_changing_analogue,0,0,0,1,0,"{""C"":-1,""I"":-1,""O"":1,""S"":1}",3,2
scaffold_changing_analogue,0,0,0,2,-1,"{""C"":-2,""O"":1,""S"":1}",3,2
scaffold_changing_analogue,0,0,1,0,0,"{""B"":1,""F"":-1}",3,2
scaffold_changing_analogue,0,0,1,0,0,"{""B"":1,""Si"":-1}",3,2
scaffold_changing_analogue,0,0,1,0,0,"{""Br"":1,""F"":-1}",3,2
scaffold_changing_analogue,0,0,1,0,0,"{""F"":-1,""N"":1}",3,2
scaffold_changing_analogue,0,1,1,-1,-1,"{""C"":1,""N"":-1}",3,2
scaffold_changing_analogue,1,1,0,0,0,"{""Br"":1,""C"":1,""N"":1,""O"":-1,""S"":-1}",3,2
scaffold_changing_analogue,1,1,0,0,0,"{""C"":1,""F"":1,""S"":-1}",3,2
scaffold_changing_analogue,1,1,0,0,0,"{""C"":1,""N"":-1,""Si"":1}",3,2
scaffold_changing_analogue,1,1,0,0,0,"{""C"":1,""P"":-1,""S"":1}",3,2
scaffold_changing_analogue,1,1,0,0,1,"{""C"":1,""O"":-1,""S"":1}",3,2
scaffold_changing_analogue,1,1,0,0,2,"{""C"":1,""N"":1,""O"":-1}",3,2
scaffold_changing_analogue,1,1,0,1,-1,"{""Cl"":1}",3,2
scaffold_changing_analogue,1,1,0,1,-1,"{""N"":1,""O"":1,""S"":-1}",3,2
scaffold_changing_analogue,1,1,0,1,0,"{""B"":1,""N"":1,""S"":-1}",3,2
scaffold_changing_analogue,1,1,0,1,0,"{""F"":-1,""N"":2}",3,2
scaffold_changing_analogue,1,1,0,1,0,"{""O"":2,""S"":-1}",3,2
scaffold_changing_analogue,1,1,0,1,1,"{""B"":1}",3,2
scaffold_changing_analogue,1,1,0,1,1,"{""F"":1}",3,2
scaffold_changing_analogue,1,1,0,2,-1,"{""C"":-1,""N"":1,""O"":1}",3,2
scaffold_changing_analogue,1,1,0,2,0,"{""C"":-1,""N"":-1,""O"":2,""S"":1}",3,2
scaffold_changing_analogue,1,1,0,2,0,"{""C"":-1,""N"":1,""Si"":1}",3,2
scaffold_changing_analogue,1,2,1,0,1,"{""C"":1,""F"":-1,""N"":1}",3,2
scaffold_changing_analogue,1,2,1,1,0,"{""O"":1}",3,2
scaffold_changing_analogue,2,2,0,0,0,"{""C"":2,""F"":-2,""N"":1,""O"":1}",3,2
scaffold_changing_analogue,2,2,0,1,0,"{""Br"":-1,""C"":1,""N"":1,""O"":1}",3,2
scaffold_changing_analogue,2,2,0,1,0,"{""C"":1,""Cl"":-1,""F"":1,""N"":1}",3,2
scaffold_changing_analogue,2,2,0,1,0,"{""C"":1,""F"":-1,""N"":2}",3,2
scaffold_changing_analogue,2,2,0,1,0,"{""C"":1,""O"":1,""P"":1,""S"":-1}",3,2
scaffold_changing_analogue,2,2,0,1,1,"{""C"":1,""N"":2,""O"":-1}",3,2
scaffold_changing_analogue,2,2,0,1,1,"{""C"":1,""S"":1}",3,2
scaffold_changing_analogue,2,2,0,2,-2,"{""O"":1,""S"":1}",3,2
scaffold_changing_analogue,2,3,1,-1,0,"{""C"":3,""F"":-2,""O"":1}",3,2
scaffold_changing_analogue,2,3,1,0,0,"{""Br"":-1,""C"":2,""O"":1}",3,2
scaffold_changing_analogue,2,3,1,0,0,"{""Br"":1,""C"":2,""N"":1,""O"":-2}",3,2
scaffold_changing_analogue,2,3,1,1,0,"{""C"":1,""N"":2,""O"":-1}",3,2
scaffold_changing_analogue,3,3,0,1,0,"{""C"":2,""N"":1,""O"":1,""S"":-1}",3,2
scaffold_changing_analogue,3,3,0,1,0,"{""C"":2,""O"":2,""S"":-1}",3,2
scaffold_preserving_non_mmp_analogue,-1,-1,0,-1,0,"{""F"":-1,""O"":1,""S"":-1}",3,1
scaffold_preserving_non_mmp_analogue,0,0,0,0,0,"{""B"":1,""I"":-1}",3,1
scaffold_preserving_non_mmp_analogue,0,0,0,0,0,"{""Br"":1,""S"":-1}",3,1
scaffold_preserving_non_mmp_analogue,1,1,0,1,-1,"{""N"":-1,""O"":1,""Si"":1}",3,1
scaffold_preserving_non_mmp_analogue,1,1,0,1,0,"{""Br"":1,""F"":1,""I"":-1}",3,1
scaffold_preserving_non_mmp_analogue,1,1,0,1,0,"{""O"":2,""P"":1,""S"":-2}",3,1
scaffold_preserving_non_mmp_analogue,1,1,0,1,1,"{""O"":2,""P"":1,""S"":-2}",3,1
scaffold_preserving_non_mmp_analogue,2,2,0,1,0,"{""C"":1,""F"":2,""O"":-1}",3,1
scaffold_preserving_non_mmp_analogue,2,2,0,2,0,"{""F"":1,""N"":-1,""O"":1,""S"":1}",3,1
scaffold_preserving_non_mmp_analogue,2,2,0,2,0,"{""I"":-1,""N"":1,""O"":2}",3,1
acyclic_non_mmp_analogue,-2,-2,0,-1,0,"{""Br"":-1,""C"":-1,""F"":1,""O"":-1}",3,1
acyclic_non_mmp_analogue,-1,-1,0,-1,-1,"{""N"":-1}",3,1
acyclic_non_mmp_analogue,-1,-1,0,-1,0,"{""Br"":1,""F"":-1,""I"":-1}",3,1
acyclic_non_mmp_analogue,-1,-1,0,-1,0,"{""O"":-1,""P"":-1,""Si"":1}",3,1
acyclic_non_mmp_analogue,0,0,0,0,0,"{""B"":-1,""Si"":1}",3,1
acyclic_non_mmp_analogue,0,0,0,0,0,"{""O"":1,""P"":1,""S"":-2}",3,1
acyclic_non_mmp_analogue,1,1,0,0,-1,"{""C"":1,""N"":-1,""O"":1}",3,1
acyclic_non_mmp_analogue,1,1,0,0,0,"{""Br"":-1,""C"":1,""F"":1,""O"":-1,""S"":1}",3,1
acyclic_non_mmp_analogue,1,1,0,1,0,"{""B"":1,""N"":1,""S"":-1}",3,1
acyclic_non_mmp_analogue,1,1,0,1,0,"{""O"":1,""S"":-1,""Si"":1}",3,1
acyclic_non_mmp_analogue,1,1,0,1,1,"{""O"":1,""P"":1,""S"":-1}",3,1
acyclic_non_mmp_analogue,2,2,0,1,0,"{""C"":1,""Si"":1}",3,1
acyclic_non_mmp_analogue,3,3,0,2,0,"{""C"":1,""N"":1,""O"":1}",3,1
scaffold_changing_analogue,-6,-7,-1,0,0,"{""C"":-6,""O"":-1,""S"":1}",3,1
scaffold_changing_analogue,-5,-5,0,-4,0,"{""C"":-1,""N"":-4}",3,1
scaffold_changing_analogue,-3,-3,0,-2,0,"{""C"":-1,""F"":-1,""N"":-1}",3,1
scaffold_changing_analogue,-2,-3,-1,-2,0,"{""N"":-1,""S"":-1}",3,1
scaffold_changing_analogue,-2,-2,0,-1,0,"{""Br"":-1,""C"":-1,""I"":1,""N"":-1}",3,1
scaffold_changing_analogue,-2,-2,0,0,0,"{""C"":-2,""N"":-1,""P"":1}",3,1
scaffold_changing_analogue,-1,-2,0,0,0,"{""C"":-1,""N"":-1,""O"":1}",3,1
scaffold_changing_analogue,-1,-1,0,-2,0,"{""C"":1,""Cl"":-1,""O"":-1,""P"":1,""S"":-1}",3,1
scaffold_changing_analogue,-1,-1,0,-1,0,"{""B"":-1,""S"":-1,""Si"":1}",3,1
scaffold_changing_analogue,-1,-1,0,-1,0,"{""B"":-1}",3,1
scaffold_changing_analogue,-1,-1,0,-1,0,"{""B"":-2,""Si"":1}",3,1
scaffold_changing_analogue,-1,-1,0,0,0,"{""C"":-1,""F"":-2,""O"":1,""S"":1}",3,1
scaffold_changing_analogue,-1,-1,0,1,1,"{""C"":-2,""O"":1}",3,1
scaffold_changing_analogue,-1,-1,1,-2,0,"{""C"":1,""F"":-2}",3,1
scaffold_changing_analogue,-1,-1,1,0,0,"{""Br"":-1,""C"":-1,""I"":1}",3,1
scaffold_changing_analogue,0,0,0,-1,1,"{""C"":1,""N"":1,""O"":-1,""P"":1,""S"":-2}",3,1
scaffold_changing_analogue,0,0,0,0,0,"{""B"":-1,""O"":1,""P"":1,""S"":-1}",3,1
scaffold_changing_analogue,0,0,0,0,0,"{""I"":-1,""O"":1}",3,1
scaffold_changing_analogue,0,0,1,0,0,"{""Br"":1,""O"":-1}",3,1
scaffold_changing_analogue,0,0,1,0,0,"{""Cl"":-1,""S"":1}",3,1
scaffold_changing_analogue,1,1,-1,1,0,"{""Br"":1}",3,1
scaffold_changing_analogue,1,1,0,-1,0,"{""B"":-1,""C"":2}",3,1
scaffold_changing_analogue,1,1,0,-1,0,"{""C"":2,""P"":-1}",3,1
scaffold_changing_analogue,1,1,0,0,-1,"{""C"":1,""Cl"":-1,""N"":1}",3,1
scaffold_changing_analogue,1,1,0,0,0,"{""B"":-1,""C"":1,""Cl"":1,""O"":1,""S"":-1}",3,1
scaffold_changing_analogue,1,1,0,0,0,"{""Br"":1,""C"":1,""I"":-1}",3,1
scaffold_changing_analogue,1,1,0,0,0,"{""C"":1,""Cl"":-1,""N"":1,""P"":1,""S"":-1}",3,1
scaffold_changing_analogue,1,1,0,0,0,"{""C"":1,""F"":1,""Si"":-1}",3,1
scaffold_changing_analogue,1,1,0,1,-1,"{""B"":1,""Br"":-1,""F"":1,""O"":1,""S"":-1}",3,1
scaffold_changing_analogue,1,1,0,1,0,"{""B"":-2,""O"":1,""Si"":2}",3,1
scaffold_changing_analogue,1,1,0,1,0,"{""Br"":-1,""O"":1,""Si"":1}",3,1
scaffold_changing_analogue,1,1,0,1,1,"{""F"":2,""O"":-1}",3,1
scaffold_changing_analogue,1,1,1,-1,0,"{""C"":2,""Si"":-1}",3,1
scaffold_changing_analogue,2,2,0,1,0,"{""B"":1,""C"":1,""F"":1,""Si"":-1}",3,1
scaffold_changing_analogue,2,2,0,1,1,"{""C"":1,""F"":2,""O"":-1}",3,1
scaffold_changing_analogue,2,2,1,1,-1,"{""C"":1,""O"":1}",3,1
scaffold_changing_analogue,3,3,0,2,0,"{""C"":1,""Cl"":1,""S"":1}",3,1
scaffold_preserving_non_mmp_analogue,-9,-9,0,-3,0,"{""C"":-6,""N"":-1,""O"":-2}",2,2
scaffold_preserving_non_mmp_analogue,-5,-5,0,-2,0,"{""C"":-3,""N"":-1,""O"":-1}",2,2
scaffold_preserving_non_mmp_analogue,-5,-5,0,-1,0,"{""C"":-4,""O"":-1}",2,2
scaffold_preserving_non_mmp_analogue,-4,-4,0,0,0,"{""C"":-4}",2,2
scaffold_preserving_non_mmp_analogue,-3,-3,0,-3,0,"{""N"":-1,""O"":-1,""S"":-1}",2,2
scaffold_preserving_non_mmp_analogue,-3,-3,0,-3,0,"{""N"":-1,""O"":-2}",2,2
scaffold_preserving_non_mmp_analogue,-3,-3,0,-2,0,"{""Br"":1,""C"":-1,""F"":-3}",2,2
scaffold_preserving_non_mmp_analogue,-3,-3,0,-1,-1,"{""C"":-2,""N"":-1}",2,2
scaffold_preserving_non_mmp_analogue,-2,-2,0,-2,-1,"{""N"":-1,""O"":-1}",2,2
scaffold_preserving_non_mmp_analogue,-2,-2,0,-2,0,"{""F"":-3,""S"":1}",2,2
scaffold_preserving_non_mmp_analogue,-2,-2,0,-2,1,"{""O"":-2}",2,2
scaffold_preserving_non_mmp_analogue,-2,-2,0,-1,0,"{""Br"":1,""C"":-1,""O"":-2}",2,2
scaffold_preserving_non_mmp_analogue,-2,-2,0,-1,0,"{""C"":-1,""Cl"":1,""F"":-2}",2,2
scaffold_preserving_non_mmp_analogue,-2,-2,0,-1,1,"{""C"":-1,""F"":1,""O"":-2}",2,2
scaffold_preserving_non_mmp_analogue,-2,-2,0,0,0,"{""C"":-2,""N"":-1,""O"":1}",2,2
scaffold_preserving_non_mmp_analogue,-2,-2,0,1,0,"{""C"":-3,""Cl"":1}",2,2
scaffold_preserving_non_mmp_analogue,-1,-1,0,-1,0,"{""Br"":1,""N"":-1,""O"":-1}",2,2
scaffold_preserving_non_mmp_analogue,-1,-1,0,-1,0,"{""F"":-3,""N"":1,""O"":1}",2,2
scaffold_preserving_non_mmp_analogue,-1,-1,0,-1,1,"{""N"":-1}",2,2
scaffold_preserving_non_mmp_analogue,-1,-1,0,-1,1,"{""N"":1,""O"":-2}",2,2
scaffold_preserving_non_mmp_analogue,-1,-1,0,0,0,"{""B"":1,""C"":-1,""F"":-1}",2,2
scaffold_preserving_non_mmp_analogue,-1,-1,0,0,0,"{""B"":1,""C"":-1,""O"":-1}",2,2
scaffold_preserving_non_mmp_analogue,-1,-1,0,0,0,"{""Br"":-1,""C"":-1,""P"":1}",2,2
scaffold_preserving_non_mmp_analogue,-1,-1,0,0,0,"{""Br"":1,""C"":-1,""F"":-1}",2,2
scaffold_preserving_non_mmp_analogue,-1,-1,0,0,0,"{""C"":-1,""Cl"":1,""F"":-1}",2,2
scaffold_preserving_non_mmp_analogue,-1,-1,0,0,0,"{""C"":-1,""F"":-1,""S"":1}",2,2
scaffold_preserving_non_mmp_analogue,-1,-1,0,0,0,"{""C"":-1,""O"":-1,""P"":1}",2,2
scaffold_preserving_non_mmp_analogue,-1,-1,0,0,1,"{""C"":-1,""N"":1,""O"":-1}",2,2
scaffold_preserving_non_mmp_analogue,-1,-1,0,1,-1,"{""C"":-2,""O"":1}",2,2
scaffold_preserving_non_mmp_analogue,-1,-1,0,1,0,"{""Br"":1,""C"":-2}",2,2
scaffold_preserving_non_mmp_analogue,-1,-1,0,1,0,"{""C"":-2,""N"":1}",2,2
scaffold_preserving_non_mmp_analogue,0,0,0,-1,0,"{""C"":1,""I"":-1}",2,2
scaffold_preserving_non_mmp_analogue,0,0,0,0,-2,"{""N"":-1,""O"":1}",2,2
scaffold_preserving_non_mmp_analogue,0,0,0,0,-1,"{""Cl"":-1,""O"":1}",2,2
scaffold_preserving_non_mmp_analogue,0,0,0,0,-1,"{""N"":-1,""S"":1}",2,2
scaffold_preserving_non_mmp_analogue,0,0,0,0,0,"{""B"":1,""Cl"":-1}",2,2
scaffold_preserving_non_mmp_analogue,0,0,0,0,0,"{""Br"":-1,""Cl"":-1,""F"":1,""P"":1}",2,2
scaffold_preserving_non_mmp_analogue,0,0,0,0,0,"{""I"":-1,""O"":1}",2,2
scaffold_preserving_non_mmp_analogue,0,0,0,1,-1,"{""C"":-1,""N"":1}",2,2
scaffold_preserving_non_mmp_analogue,0,0,0,1,-1,"{""C"":-1,""S"":1}",2,2
scaffold_preserving_non_mmp_analogue,0,0,0,1,0,"{""B"":1,""Br"":-1,""C"":-1,""Cl"":1}",2,2
scaffold_preserving_non_mmp_analogue,0,0,0,1,0,"{""Br"":-1,""C"":-1,""Cl"":1,""O"":1}",2,2
scaffold_preserving_non_mmp_analogue,0,0,0,1,0,"{""C"":-1,""F"":-1,""O"":1,""S"":1}",2,2
scaffold_preserving_non_mmp_analogue,1,1,0,-1,0,"{""C"":2,""Cl"":-1}",2,2
scaffold_preserving_non_mmp_analogue,1,1,0,0,0,"{""C"":1,""F"":1,""O"":-1}",2,2
scaffold_preserving_non_mmp_analogue,1,1,0,0,0,"{""C"":1,""I"":-1,""N"":1}",2,2
scaffold_preserving_non_mmp_analogue,1,1,0,0,0,"{""C"":1,""N"":-1,""S"":1}",2,2
scaffold_preserving_non_mmp_analogue,1,1,0,0,0,"{""C"":1,""P"":1,""Si"":-1}",2,2
scaffold_preserving_non_mmp_analogue,1,1,0,1,0,"{""Br"":-1,""O"":1,""P"":1}",2,2
scaffold_preserving_non_mmp_analogue,1,1,0,1,0,"{""Br"":-1,""O"":1,""S"":1}",2,2
scaffold_preserving_non_mmp_analogue,1,1,0,1,0,"{""F"":-1,""O"":2}",2,2
scaffold_preserving_non_mmp_analogue,1,1,0,1,0,"{""O"":1,""P"":1,""Si"":-1}",2,2
scaffold_preserving_non_mmp_analogue,1,1,0,2,0,"{""C"":-1,""F"":2}",2,2
scaffold_preserving_non_mmp_analogue,1,1,0,2,0,"{""C"":-1,""O"":2}",2,2
scaffold_preserving_non_mmp_analogue,2,2,0,1,-1,"{""C"":1,""Cl"":-1,""O"":2}",2,2
scaffold_preserving_non_mmp_analogue,2,2,0,1,0,"{""C"":1,""Cl"":-1,""F"":1,""O"":1}",2,2
scaffold_preserving_non_mmp_analogue,2,2,0,2,-1,"{""O"":2}",2,2
scaffold_preserving_non_mmp_analogue,2,2,0,2,0,"{""O"":1,""P"":1}",2,2
scaffold_preserving_non_mmp_analogue,4,4,0,2,0,"{""C"":2,""N"":1,""O"":1}",2,2
acyclic_non_mmp_analogue,-9,-9,0,-3,0,"{""C"":-6,""N"":-1,""O"":-2}",2,2
acyclic_non_mmp_analogue,-3,-3,0,-1,0,"{""C"":-2,""N"":-1}",2,2
acyclic_non_mmp_analogue,-2,-2,0,0,-1,"{""C"":-2}",2,2
acyclic_non_mmp_analogue,-1,-1,0,-1,-1,"{""O"":-1}",2,2
acyclic_non_mmp_analogue,-1,-1,0,-1,0,"{""Br"":1,""F"":-2}",2,2
acyclic_non_mmp_analogue,-1,-1,0,-1,0,"{""O"":-1,""P"":-1,""S"":1}",2,2
acyclic_non_mmp_analogue,-1,-1,0,-1,1,"{""F"":-1}",2,2
acyclic_non_mmp_analogue,-1,-1,0,0,0,"{""C"":-1,""Cl"":-1,""S"":1}",2,2
acyclic_non_mmp_analogue,-1,-1,0,0,0,"{""C"":-1,""Cl"":-1,""Si"":1}",2,2
acyclic_non_mmp_analogue,-1,-1,0,0,0,"{""C"":-1,""Cl"":1,""F"":-1,""O"":1,""S"":-1}",2,2
acyclic_non_mmp_analogue,-1,-1,0,0,0,"{""C"":-1,""Cl"":1,""F"":-1}",2,2
acyclic_non_mmp_analogue,-1,-1,0,0,0,"{""C"":-1,""Cl"":1,""O"":-1}",2,2
acyclic_non_mmp_analogue,-1,-1,0,0,0,"{""C"":-1,""F"":-1,""O"":1}",2,2
acyclic_non_mmp_analogue,-1,-1,0,0,1,"{""C"":-1}",2,2
acyclic_non_mmp_analogue,-1,-1,0,1,0,"{""C"":-2,""P"":1}",2,2
acyclic_non_mmp_analogue,0,0,0,-1,-1,"{""C"":1,""N"":-1}",2,2
acyclic_non_mmp_analogue,0,0,0,-1,0,"{""C"":1,""Cl"":-1}",2,2
acyclic_non_mmp_analogue,0,0,0,0,0,"{""B"":1,""S"":-1}",2,2
acyclic_non_mmp_analogue,0,0,0,0,0,"{""B"":1,""Si"":-1}",2,2
acyclic_non_mmp_analogue,0,0,0,0,0,"{""Br"":1,""N"":-1}",2,2
acyclic_non_mmp_analogue,0,0,0,0,0,"{""Cl"":-1,""O"":1}",2,2
acyclic_non_mmp_analogue,0,0,0,0,0,"{""O"":-1,""P"":1}",2,2
acyclic_non_mmp_analogue,0,0,0,0,0,"{""S"":1,""Si"":-1}",2,2
acyclic_non_mmp_analogue,1,1,0,1,-1,"{""N"":1}",2,2
acyclic_non_mmp_analogue,1,1,0,1,0,"{""F"":2,""O"":-1}",2,2
acyclic_non_mmp_analogue,1,1,0,1,0,"{""N"":-1,""O"":1,""P"":1}",2,2
acyclic_non_mmp_analogue,1,1,0,1,0,"{""N"":-1,""O"":2}",2,2
acyclic_non_mmp_analogue,1,1,0,1,0,"{""N"":1,""S"":-1,""Si"":1}",2,2
acyclic_non_mmp_analogue,2,2,0,1,-1,"{""C"":1,""O"":1}",2,2
acyclic_non_mmp_analogue,2,2,0,1,0,"{""C"":1,""N"":-1,""O"":2}",2,2
acyclic_non_mmp_analogue,2,2,0,2,0,"{""O"":1,""S"":1}",2,2
acyclic_non_mmp_analogue,2,2,0,2,0,"{""O"":1,""Si"":1}",2,2
acyclic_non_mmp_analogue,3,3,0,1,0,"{""C"":2,""O"":1}",2,2
scaffold_changing_analogue,-22,-25,-3,-5,0,"{""C"":-17,""N"":-3,""O"":-2}",2,2
scaffold_changing_analogue,-20,-23,-3,-6,0,"{""C"":-14,""N"":-3,""O"":-2,""S"":-1}",2,2
scaffold_changing_analogue,-20,-23,-3,-4,0,"{""C"":-16,""N"":-3,""O"":-1}",2,2
scaffold_changing_analogue,-19,-22,-3,-6,0,"{""C"":-13,""N"":-4,""O"":-2}",2,2
scaffold_changing_analogue,-19,-22,-3,-4,0,"{""C"":-15,""N"":-3,""O"":-1}",2,2
scaffold_changing_analogue,-19,-21,-2,-7,0,"{""C"":-12,""N"":-3,""O"":-4}",2,2
scaffold_changing_analogue,-19,-21,-2,-7,0,"{""C"":-12,""N"":-5,""O"":-2}",2,2
scaffold_changing_analogue,-19,-21,-2,-6,0,"{""C"":-13,""N"":-4,""O"":-2}",2,2
scaffold_changing_analogue,-18,-21,-3,-5,0,"{""C"":-13,""N"":-3,""O"":-2}",2,2
scaffold_changing_analogue,-18,-21,-3,-3,0,"{""C"":-15,""N"":-2,""O"":-1}",2,2
scaffold_changing_analogue,-18,-20,-2,-5,-1,"{""C"":-13,""N"":-4,""O"":-1}",2,2
scaffold_changing_analogue,-18,-20,-2,-5,0,"{""C"":-13,""N"":-2,""O"":-2,""S"":-1}",2,2
scaffold_changing_analogue,-17,-20,-3,-4,0,"{""C"":-13,""F"":-1,""N"":-2,""O"":-1}",2,2
scaffold_changing_analogue,-17,-20,-3,-3,0,"{""C"":-14,""N"":-1,""O"":-2}",2,2
scaffold_changing_analogue,-17,-20,-3,-2,0,"{""C"":-15,""N"":-1,""O"":-1}",2,2
scaffold_changing_analogue,-17,-19,-2,-6,0,"{""C"":-11,""F"":-1,""N"":-4,""O"":-1}",2,2
scaffold_changing_analogue,-17,-19,-2,-5,-1,"{""C"":-12,""N"":-4,""O"":-1}",2,2
scaffold_changing_analogue,-17,-19,-2,-5,0,"{""C"":-12,""N"":-3,""O"":-2}",2,2
scaffold_changing_analogue,-17,-19,-2,-4,-1,"{""C"":-13,""N"":-2,""O"":-2}",2,2
scaffold_changing_analogue,-17,-19,-2,-4,0,"{""C"":-13,""N"":-2,""O"":-2}",2,2
scaffold_changing_analogue,-17,-19,-2,-2,0,"{""C"":-15,""N"":-2}",2,2
scaffold_changing_analogue,-17,-18,-1,-6,0,"{""C"":-11,""N"":-3,""O"":-3}",2,2
scaffold_changing_analogue,-16,-19,-3,-3,0,"{""C"":-13,""N"":-2,""O"":-1}",2,2
scaffold_changing_analogue,-16,-18,-2,-4,0,"{""C"":-12,""N"":-2,""O"":-1,""S"":-1}",2,2
scaffold_changing_analogue,-16,-18,-2,-4,0,"{""C"":-12,""N"":-3,""O"":-1}",2,2
scaffold_changing_analogue,-16,-17,-1,-4,0,"{""C"":-12,""F"":-1,""N"":-2,""O"":-1}",2,2
scaffold_changing_analogue,-15,-18,-3,-4,0,"{""C"":-11,""N"":-3,""O"":-1}",2,2
scaffold_changing_analogue,-15,-18,-3,-3,0,"{""C"":-12,""N"":-2,""S"":-1}",2,2
scaffold_changing_analogue,-15,-17,-2,-5,-1,"{""C"":-10,""N"":-3,""O"":-1,""S"":-1}",2,2
scaffold_changing_analogue,-15,-17,-2,-5,0,"{""C"":-10,""N"":-2,""O"":-3}",2,2
scaffold_changing_analogue,-15,-17,-2,-5,0,"{""C"":-10,""N"":-4,""O"":-1}",2,2
scaffold_changing_analogue,-15,-17,-2,-4,-1,"{""C"":-11,""N"":-2,""O"":-2}",2,2
scaffold_changing_analogue,-15,-17,-2,-4,0,"{""C"":-11,""Cl"":-1,""N"":-3}",2,2
scaffold_changing_analogue,-15,-17,-2,-3,-1,"{""C"":-12,""N"":-2,""O"":-1}",2,2
scaffold_changing_analogue,-15,-17,-2,-3,0,"{""C"":-12,""N"":-3}",2,2
scaffold_changing_analogue,-15,-17,-2,-2,0,"{""C"":-13,""N"":-1,""O"":-1}",2,2
scaffold_changing_analogue,-15,-16,-1,-6,-1,"{""C"":-9,""N"":-5,""O"":-1}",2,2
scaffold_changing_analogue,-15,-16,-1,-5,-1,"{""C"":-10,""N"":-3,""O"":-2}",2,2
scaffold_changing_analogue,-14,-16,-2,-5,0,"{""Br"":1,""C"":-9,""N"":-5,""O"":-1}",2,2
scaffold_changing_analogue,-14,-16,-2,-5,0,"{""C"":-9,""N"":-2,""O"":-3}",2,2
scaffold_changing_analogue,-14,-16,-2,-5,0,"{""C"":-9,""N"":-3,""O"":-2}",2,2
scaffold_changing_analogue,-14,-16,-2,-4,0,"{""C"":-10,""N"":-2,""O"":-2}",2,2
scaffold_changing_analogue,-14,-16,-2,-4,0,"{""C"":-10,""N"":-3,""O"":-1}",2,2
scaffold_changing_analogue,-14,-16,-2,-3,0,"{""C"":-11,""N"":-3}",2,2
scaffold_changing_analogue,-14,-16,-2,-2,-1,"{""C"":-12,""N"":-2}",2,2
scaffold_changing_analogue,-14,-16,-2,-1,0,"{""C"":-13,""N"":-1}",2,2
scaffold_changing_analogue,-14,-15,-1,-4,0,"{""C"":-10,""N"":-3,""O"":-1}",2,2
scaffold_changing_analogue,-14,-15,-1,-3,-1,"{""C"":-11,""N"":-2,""O"":-1}",2,2
scaffold_changing_analogue,-14,-15,-1,-3,0,"{""C"":-11,""N"":-1,""O"":-2}",2,2
scaffold_changing_analogue,-13,-15,-2,-5,0,"{""C"":-8,""N"":-2,""O"":-3}",2,2
scaffold_changing_analogue,-13,-15,-2,-5,0,"{""C"":-8,""N"":-5}",2,2
scaffold_changing_analogue,-13,-15,-2,-4,0,"{""C"":-9,""N"":-2,""O"":-1,""S"":-1}",2,2
scaffold_changing_analogue,-13,-15,-2,-4,0,"{""C"":-9,""N"":-3,""O"":-1}",2,2
scaffold_changing_analogue,-13,-15,-2,-3,1,"{""C"":-10,""N"":-2,""O"":-1}",2,2
scaffold_changing_analogue,-13,-14,-1,-4,0,"{""C"":-9,""Cl"":-1,""N"":-1,""O"":-2}",2,2
scaffold_changing_analogue,-13,-14,-1,-4,0,"{""C"":-9,""N"":-3,""O"":-1}",2,2
scaffold_changing_analogue,-12,-14,-2,-5,0,"{""C"":-7,""N"":-3,""O"":-2}",2,2
scaffold_changing_analogue,-12,-14,-2,-4,-1,"{""C"":-8,""N"":-4}",2,2
scaffold_changing_analogue,-12,-14,-2,-3,-1,"{""C"":-9,""N"":-2,""O"":-1}",2,2
scaffold_changing_analogue,-12,-14,-2,-3,0,"{""C"":-9,""N"":-3}",2,2
scaffold_changing_analogue,-12,-13,-1,-5,0,"{""C"":-7,""Cl"":-1,""N"":-1,""O"":-2,""S"":-1}",2,2
scaffold_changing_analogue,-12,-13,-1,-4,0,"{""C"":-8,""N"":-3,""O"":-1}",2,2
scaffold_changing_analogue,-12,-13,-1,-3,0,"{""C"":-9,""F"":-1,""N"":-2}",2,2
scaffold_changing_analogue,-12,-13,-1,-3,0,"{""C"":-9,""N"":-1,""O"":-2}",2,2
scaffold_changing_analogue,-12,-13,-1,-3,0,"{""C"":-9,""O"":-2,""S"":-1}",2,2
scaffold_changing_analogue,-11,-13,-2,-1,-1,"{""C"":-10,""N"":-1}",2,2
scaffold_changing_analogue,-11,-13,-2,-1,0,"{""C"":-10,""O"":-1}",2,2
scaffold_changing_analogue,-11,-12,-1,-6,0,"{""C"":-5,""N"":-3,""O"":-2,""S"":-1}",2,2
scaffold_changing_analogue,-11,-12,-1,-5,0,"{""C"":-6,""F"":-1,""N"":-1,""O"":-2,""S"":-1}",2,2
scaffold_changing_analogue,-11,-12,-1,-5,0,"{""C"":-6,""N"":-3,""O"":-1,""S"":-1}",2,2
scaffold_changing_analogue,-11,-12,-1,-5,0,"{""C"":-6,""N"":-3,""O"":-2}",2,2
scaffold_changing_analogue,-11,-12,-1,-4,0,"{""C"":-7,""N"":-2,""O"":-1,""S"":-1}",2,2
scaffold_changing_analogue,-11,-12,-1,-3,0,"{""C"":-8,""F"":-1,""N"":-1,""O"":-1}",2,2
scaffold_changing_analogue,-11,-12,-1,-2,0,"{""C"":-9,""N"":-1,""S"":-1}",2,2
scaffold_changing_analogue,-10,-12,-2,-2,0,"{""C"":-8,""N"":-2}",2,2
scaffold_changing_analogue,-10,-12,-2,0,0,"{""C"":-10}",2,2
scaffold_changing_analogue,-10,-11,-1,-4,0,"{""C"":-6,""F"":-1,""N"":-1,""O"":-2}",2,2
scaffold_changing_analogue,-10,-11,-1,-4,0,"{""C"":-6,""N"":-2,""O"":-2}",2,2
scaffold_changing_analogue,-10,-11,-1,-3,-1,"{""C"":-7,""N"":-1,""O"":-2}",2,2
scaffold_changing_analogue,-10,-11,-1,-3,-1,"{""C"":-7,""N"":-2,""O"":-1}",2,2
scaffold_changing_analogue,-10,-11,-1,-3,0,"{""C"":-7,""N"":-1,""O"":-2}",2,2
scaffold_changing_analogue,-10,-11,-1,-3,0,"{""C"":-7,""O"":-2,""S"":-1}",2,2
scaffold_changing_analogue,-10,-11,-1,-3,1,"{""C"":-7,""N"":-1,""O"":-2}",2,2
scaffold_changing_analogue,-10,-10,0,-3,0,"{""C"":-7,""N"":-2,""O"":-1}",2,2
scaffold_changing_analogue,-9,-11,-2,-2,0,"{""C"":-7,""N"":-1,""O"":-1}",2,2
scaffold_changing_analogue,-9,-11,-2,-2,0,"{""C"":-7,""N"":-1,""S"":-1}",2,2
scaffold_changing_analogue,-9,-10,-1,-4,0,"{""C"":-5,""N"":-2,""O"":-1,""S"":-1}",2,2
scaffold_changing_analogue,-9,-10,-1,-4,0,"{""C"":-5,""N"":-4}",2,2
scaffold_changing_analogue,-9,-10,-1,-3,0,"{""C"":-6,""Cl"":-1,""N"":-2}",2,2
scaffold_changing_analogue,-9,-10,-1,-3,0,"{""C"":-6,""F"":-1,""N"":-2}",2,2
scaffold_changing_analogue,-9,-10,-1,-3,0,"{""C"":-6,""F"":-2,""N"":-1}",2,2
scaffold_changing_analogue,-9,-10,-1,-2,-1,"{""C"":-7,""N"":-1,""O"":-1}",2,2
scaffold_changing_analogue,-9,-10,-1,-2,-1,"{""C"":-7,""N"":-2}",2,2
scaffold_changing_analogue,-9,-10,-1,-2,0,"{""Br"":-1,""C"":-7,""F"":-1}",2,2
scaffold_changing_analogue,-9,-10,-1,-2,0,"{""C"":-7,""Cl"":1,""N"":-2,""O"":-1}",2,2
scaffold_changing_analogue,-9,-10,-1,-2,0,"{""C"":-7,""F"":-1,""N"":-1}",2,2
scaffold_changing_analogue,-9,-10,-1,-1,0,"{""C"":-8,""N"":-1,""O"":1,""S"":-1}",2,2
scaffold_changing_analogue,-9,-10,-1,0,0,"{""C"":-9}",2,2
scaffold_changing_analogue,-9,-9,0,-3,0,"{""C"":-6,""N"":-1,""O"":-2}",2,2
scaffold_changing_analogue,-8,-10,-2,-2,-1,"{""C"":-6,""N"":-1,""O"":-1}",2,2
scaffold_changing_analogue,-8,-10,-2,-1,0,"{""C"":-7,""N"":-1}",2,2
scaffold_changing_analogue,-8,-10,-2,-1,0,"{""C"":-7,""O"":-1}",2,2
scaffold_changing_analogue,-8,-9,-1,-4,0,"{""C"":-4,""N"":-4}",2,2
scaffold_changing_analogue,-8,-9,-1,-3,0,"{""C"":-5,""Cl"":-1,""N"":-1,""O"":-1}",2,2
scaffold_changing_analogue,-8,-9,-1,-3,0,"{""C"":-5,""Cl"":-1,""N"":-2}",2,2
scaffold_changing_analogue,-8,-9,-1,-2,0,"{""C"":-6,""Cl"":-1,""N"":-1}",2,2
scaffold_changing_analogue,-8,-9,-1,-2,0,"{""C"":-6,""F"":-1,""O"":-1}",2,2
scaffold_changing_analogue,-8,-9,-1,-1,0,"{""C"":-7,""S"":-1}",2,2
scaffold_changing_analogue,-8,-9,-1,0,0,"{""C"":-8,""N"":-1,""S"":1}",2,2
scaffold_changing_analogue,-7,-8,-1,-3,0,"{""C"":-4,""Cl"":-1,""N"":-3,""S"":1}",2,2
scaffold_changing_analogue,-7,-8,-1,-3,0,"{""C"":-4,""N"":-1,""O"":-1,""S"":-1}",2,2
scaffold_changing_analogue,-7,-8,-1,-2,0,"{""C"":-5,""Cl"":-1,""F"":-1}",2,2
scaffold_changing_analogue,-7,-8,-1,-2,0,"{""C"":-5,""F"":-2}",2,2
scaffold_changing_analogue,-7,-8,-1,-2,0,"{""C"":-5,""N"":-3,""O"":1}",2,2
scaffold_changing_analogue,-7,-8,-1,-2,0,"{""C"":-5,""O"":-1,""S"":-1}",2,2
scaffold_changing_analogue,-7,-8,-1,0,0,"{""C"":-7,""F"":-1,""O"":1}",2,2
scaffold_changing_analogue,-6,-7,-1,-2,0,"{""C"":-4,""Cl"":-1,""N"":-1}",2,2
scaffold_changing_analogue,-6,-7,-1,-1,0,"{""C"":-5,""N"":-2,""S"":1}",2,2
scaffold_changing_analogue,-6,-7,-1,0,0,"{""C"":-6,""N"":-1,""P"":1}",2,2
scaffold_changing_analogue,-6,-7,-1,0,0,"{""C"":-6,""O"":1,""S"":-1}",2,2
scaffold_changing_analogue,-6,-7,-1,1,-1,"{""C"":-7,""O"":1}",2,2
scaffold_changing_analogue,-6,-7,-1,1,0,"{""C"":-7,""Cl"":1}",2,2
scaffold_changing_analogue,-6,-7,-1,1,0,"{""C"":-7,""F"":1}",2,2
scaffold_changing_analogue,-6,-6,0,-4,0,"{""C"":-2,""N"":-1,""O"":-2,""S"":-1}",2,2
scaffold_changing_analogue,-6,-6,0,-1,0,"{""C"":-5,""O"":-1}",2,2
scaffold_changing_analogue,-5,-6,-1,-2,-1,"{""C"":-3,""N"":-2}",2,2
scaffold_changing_analogue,-5,-6,-1,-2,0,"{""C"":-3,""Cl"":-1,""N"":-2,""O"":1}",2,2
scaffold_changing_analogue,-5,-6,-1,-2,0,"{""C"":-3,""N"":-3,""O"":1}",2,2
scaffold_changing_analogue,-5,-6,-1,-1,0,"{""Br"":1,""C"":-4,""N"":-2}",2,2
scaffold_changing_analogue,-5,-6,-1,-1,0,"{""C"":-4,""Cl"":-1,""N"":-1,""O"":1}",2,2
scaffold_changing_analogue,-5,-6,-1,-1,1,"{""C"":-4,""O"":-1}",2,2
scaffold_changing_analogue,-5,-6,-1,0,0,"{""Br"":-1,""C"":-5,""O"":1}",2,2
scaffold_changing_analogue,-5,-6,-1,0,0,"{""Br"":1,""C"":-5,""O"":-1}",2,2
scaffold_changing_analogue,-5,-6,-1,0,0,"{""Br"":1,""C"":-5,""S"":-1}",2,2
scaffold_changing_analogue,-5,-6,-1,0,0,"{""C"":-5,""Cl"":1,""N"":-1}",2,2
scaffold_changing_analogue,-5,-6,-1,0,0,"{""C"":-5,""F"":1,""N"":-1}",2,2
scaffold_changing_analogue,-5,-6,-1,1,-1,"{""C"":-6,""F"":-1,""O"":2}",2,2
scaffold_changing_analogue,-5,-5,0,-3,0,"{""C"":-2,""F"":-3}",2,2
scaffold_changing_analogue,-5,-5,0,-2,0,"{""C"":-3,""Cl"":-1,""O"":-1}",2,2
scaffold_changing_analogue,-5,-5,0,-1,-1,"{""C"":-4,""N"":-1}",2,2
scaffold_changing_analogue,-4,-5,-1,-3,0,"{""C"":-1,""N"":-3}",2,2
scaffold_changing_analogue,-4,-5,-1,-2,0,"{""Br"":1,""C"":-2,""N"":-3}",2,2
scaffold_changing_analogue,-4,-5,-1,-2,0,"{""C"":-2,""F"":1,""N"":-3}",2,2
scaffold_changing_analogue,-4,-5,-1,-2,0,"{""C"":-2,""O"":-1,""S"":-1}",2,2
scaffold_changing_analogue,-4,-5,-1,0,0,"{""C"":-4,""F"":-1,""O"":1}",2,2
scaffold_changing_analogue,-4,-5,-1,1,0,"{""Br"":1,""C"":-5}",2,2
scaffold_changing_analogue,-4,-5,-1,1,0,"{""C"":-5,""Cl"":1}",2,2
scaffold_changing_analogue,-4,-4,0,-3,0,"{""C"":-1,""N"":-2,""O"":-1}",2,2
scaffold_changing_analogue,-4,-4,0,-3,1,"{""C"":-1,""O"":-2,""S"":-1}",2,2
scaffold_changing_analogue,-4,-4,0,-2,0,"{""C"":-2,""O"":-1,""S"":-1}",2,2
scaffold_changing_analogue,-4,-4,0,-1,0,"{""C"":-3,""Cl"":-1}",2,2
scaffold_changing_analogue,-4,-4,0,0,0,"{""C"":-4,""Cl"":-1,""O"":1}",2,2
scaffold_changing_analogue,-3,-4,-1,-2,0,"{""C"":-1,""N"":-4,""O"":1,""S"":1}",2,2
scaffold_changing_analogue,-3,-4,-1,-1,1,"{""C"":-2,""N"":-1}",2,2
scaffold_changing_analogue,-3,-4,-1,0,0,"{""C"":-3,""F"":1,""N"":-1}",2,2
scaffold_changing_analogue,-3,-4,-1,0,0,"{""C"":-3,""O"":-1,""S"":1}",2,2
scaffold_changing_analogue,-3,-4,-1,2,-1,"{""C"":-5,""O"":2}",2,2
scaffold_changing_analogue,-3,-4,-1,2,0,"{""C"":-5,""F"":2}",2,2
scaffold_changing_analogue,-3,-4,-1,3,0,"{""C"":-6,""O"":2,""S"":1}",2,2
scaffold_changing_analogue,-3,-3,0,-3,0,"{""N"":-2,""O"":-1}",2,2
scaffold_changing_analogue,-3,-3,0,-2,-1,"{""C"":-1,""F"":-3,""O"":1}",2,2
scaffold_changing_analogue,-3,-3,0,-2,0,"{""C"":-1,""Cl"":-1,""N"":-1}",2,2
scaffold_changing_analogue,-3,-3,0,-2,0,"{""C"":-1,""Cl"":-1,""O"":-1}",2,2
scaffold_changing_analogue,-3,-3,0,-1,0,"{""C"":-2,""F"":-1,""N"":-1,""O"":1}",2,2
scaffold_changing_analogue,-3,-3,0,-1,0,"{""C"":-2,""F"":-1,""N"":1,""O"":-1}",2,2
scaffold_changing_analogue,-3,-3,0,0,0,"{""C"":-3,""F"":-1,""N"":1}",2,2
scaffold_changing_analogue,-3,-3,0,0,0,"{""C"":-3,""F"":-1,""O"":1}",2,2
scaffold_changing_analogue,-3,-3,0,0,0,"{""C"":-3,""N"":-1,""S"":1}",2,2
scaffold_changing_analogue,-3,-3,0,0,1,"{""C"":-3,""F"":-1,""N"":1}",2,2
scaffold_changing_analogue,-3,-3,0,0,1,"{""C"":-3,""N"":1,""O"":-1}",2,2
scaffold_changing_analogue,-3,-3,0,1,0,"{""Br"":1,""C"":-4}",2,2
scaffold_changing_analogue,-3,-3,1,-2,0,"{""C"":-1,""N"":-1,""O"":-1}",2,2
scaffold_changing_analogue,-2,-3,-1,-2,0,"{""N"":-3,""O"":1}",2,2
scaffold_changing_analogue,-2,-3,-1,-1,0,"{""C"":-1,""F"":1,""N"":-2}",2,2
scaffold_changing_analogue,-2,-3,-1,0,-1,"{""C"":-2,""N"":-1,""O"":1}",2,2
scaffold_changing_analogue,-2,-3,-1,0,0,"{""C"":-2,""Cl"":1,""N"":-1}",2,2
scaffold_changing_analogue,-2,-3,-1,0,0,"{""C"":-2,""Cl"":1,""S"":-1}",2,2
scaffold_changing_analogue,-2,-3,-1,0,0,"{""C"":-2,""F"":1,""O"":-1}",2,2
scaffold_changing_analogue,-2,-3,-1,1,0,"{""C"":-3,""F"":2,""N"":-1}",2,2
scaffold_changing_analogue,-2,-3,-1,1,0,"{""C"":-3,""N"":-1,""O"":1,""S"":1}",2,2
scaffold_changing_analogue,-2,-3,-1,2,0,"{""C"":-4,""N"":1,""O"":1}",2,2
scaffold_changing_analogue,-2,-3,-1,2,0,"{""C"":-4,""N"":1,""S"":1}",2,2
scaffold_changing_analogue,-2,-2,0,-3,0,"{""C"":1,""F"":-3}",2,2
scaffold_changing_analogue,-2,-2,0,-2,0,"{""Cl"":1,""F"":-3}",2,2
scaffold_changing_analogue,-2,-2,0,-2,0,"{""N"":-3,""O"":1}",2,2
scaffold_changing_analogue,-2,-2,0,-2,0,"{""N"":1,""O"":-2,""S"":-1}",2,2
scaffold_changing_analogue,-2,-2,0,-2,1,"{""F"":-3,""N"":1}",2,2
scaffold_changing_analogue,-2,-2,0,-1,0,"{""B"":1,""C"":-1,""N"":-1,""O"":-1}",2,2
scaffold_changing_analogue,-2,-2,0,-1,0,"{""Br"":1,""C"":-1,""N"":-1,""O"":-1}",2,2
scaffold_changing_analogue,-2,-2,0,-1,0,"{""C"":-1,""Cl"":-1,""F"":-1,""N"":1}",2,2
scaffold_changing_analogue,-2,-2,0,-1,0,"{""C"":-1,""Cl"":1,""O"":-1,""S"":-1}",2,2
scaffold_changing_analogue,-2,-2,0,-1,0,"{""C"":-1,""F"":-1,""N"":-1,""S"":1}",2,2
scaffold_changing_analogue,-2,-2,0,-1,1,"{""C"":-1,""F"":1,""O"":-2}",2,2
scaffold_changing_analogue,-2,-2,0,0,-1,"{""B"":1,""C"":-2,""N"":-1}",2,2
scaffold_changing_analogue,-2,-2,0,0,0,"{""B"":1,""C"":-2,""O"":-1}",2,2
scaffold_changing_analogue,-2,-2,0,0,0,"{""C"":-2,""P"":1,""S"":-1}",2,2
scaffold_changing_analogue,-1,-2,-1,0,0,"{""C"":-1,""Cl"":1,""O"":-1}",2,2
scaffold_changing_analogue,-1,-2,-1,1,0,"{""B"":1,""C"":-2}",2,2
scaffold_changing_analogue,-1,-2,-1,2,0,"{""C"":-3,""O"":1,""S"":1}",2,2
scaffold_changing_analogue,-1,-1,0,-2,0,"{""C"":1,""Cl"":-1,""O"":-1}",2,2
scaffold_changing_analogue,-1,-1,0,-2,0,"{""C"":1,""F"":-1,""O"":-1}",2,2
scaffold_changing_analogue,-1,-1,0,-2,1,"{""C"":1,""N"":-1,""O"":-1}",2,2
scaffold_changing_analogue,-1,-1,0,-1,-1,"{""F"":-2,""O"":1}",2,2
scaffold_changing_analogue,-1,-1,0,-1,0,"{""B"":1,""O"":-1,""S"":-1}",2,2
scaffold_changing_analogue,-1,-1,0,-1,0,"{""Br"":-1,""Cl"":1,""N"":-1}",2,2
scaffold_changing_analogue,-1,-1,0,-1,0,"{""Br"":1,""F"":-2}",2,2
scaffold_changing_analogue,-1,-1,0,-1,0,"{""Cl"":1,""F"":-1,""O"":-1}",2,2
scaffold_changing_analogue,-1,-1,0,-1,0,"{""Cl"":1,""N"":-2}",2,2
scaffold_changing_analogue,-1,-1,0,-1,0,"{""Cl"":1,""O"":-1,""S"":-1}",2,2
scaffold_changing_analogue,-1,-1,0,-1,0,"{""F"":-1,""N"":-1,""S"":1}",2,2
scaffold_changing_analogue,-1,-1,0,-1,0,"{""F"":1,""N"":-1,""O"":-1}",2,2
scaffold_changing_analogue,-1,-1,0,-1,0,"{""O"":-2,""S"":1}",2,2
scaffold_changing_analogue,-1,-1,0,-1,1,"{""Cl"":-1}",2,2
scaffold_changing_analogue,-1,-1,0,-1,1,"{""N"":1,""O"":-2}",2,2
scaffold_changing_analogue,-1,-1,0,-1,2,"{""N"":1,""O"":-2}",2,2
scaffold_changing_analogue,-1,-1,0,-1,2,"{""O"":-1}",2,2
scaffold_changing_analogue,-1,-1,0,0,-2,"{""C"":-1,""N"":-1,""O"":1}",2,2
scaffold_changing_analogue,-1,-1,0,0,-1,"{""C"":-1,""Cl"":1,""N"":-1}",2,2
scaffold_changing_analogue,-1,-1,0,0,-1,"{""C"":-1,""F"":-1,""O"":1}",2,2
scaffold_changing_analogue,-1,-1,0,0,-1,"{""C"":-1,""F"":1,""N"":-1}",2,2
scaffold_changing_analogue,-1,-1,0,0,-1,"{""C"":-1,""N"":-1,""P"":1}",2,2
scaffold_changing_analogue,-1,-1,0,0,0,"{""B"":1,""Br"":-1,""C"":-1}",2,2
scaffold_changing_analogue,-1,-1,0,0,0,"{""C"":-1,""Cl"":-1,""P"":1}",2,2
scaffold_changing_analogue,-1,-1,0,0,0,"{""C"":-1,""F"":-3,""N"":1,""O"":2}",2,2
scaffold_changing_analogue,-1,-1,0,0,0,"{""C"":-1,""F"":1,""S"":-1}",2,2
scaffold_changing_analogue,-1,-1,0,0,0,"{""C"":-1,""I"":1,""S"":-1}",2,2
scaffold_changing_analogue,-1,-1,0,0,0,"{""C"":-1,""N"":-1,""Si"":1}",2,2
scaffold_changing_analogue,-1,-1,0,0,0,"{""C"":-1,""N"":-2,""O"":1,""S"":1}",2,2
scaffold_changing_analogue,-1,-1,0,0,0,"{""C"":-1,""P"":-1,""S"":1}",2,2
scaffold_changing_analogue,-1,-1,0,1,0,"{""C"":-2,""F"":1}",2,2
scaffold_changing_analogue,-1,-1,0,1,0,"{""C"":-2,""Si"":1}",2,2
scaffold_changing_analogue,-1,-1,0,1,1,"{""C"":-2,""S"":1}",2,2
scaffold_changing_analogue,-1,-1,1,-1,-1,"{""N"":-1}",2,2
scaffold_changing_analogue,-1,-1,1,0,0,"{""C"":-1,""N"":-1,""S"":1}",2,2
scaffold_changing_analogue,-1,-1,1,1,0,"{""B"":1,""C"":-2}",2,2
scaffold_changing_analogue,-1,0,1,-3,0,"{""C"":2,""F"":-3}",2,2
scaffold_changing_analogue,0,-1,-1,1,0,"{""C"":-1,""F"":2,""O"":-1}",2,2
scaffold_changing_analogue,0,0,-1,1,-1,"{""C"":-1,""O"":1}",2,2
scaffold_changing_analogue,0,0,0,-1,-1,"{""C"":1,""F"":-2,""O"":1}",2,2
scaffold_changing_analogue,0,0,0,-1,-1,"{""C"":1,""S"":-1}",2,2
scaffold_changing_analogue,0,0,0,-1,0,"{""Br"":1,""C"":1,""Cl"":-1,""S"":-1}",2,2
scaffold_changing_analogue,0,0,0,-1,0,"{""Br"":1,""C"":1,""I"":-1,""N"":-1}",2,2
scaffold_changing_analogue,0,0,0,-1,0,"{""C"":1,""Cl"":1,""N"":-1,""O"":-1}",2,2
scaffold_changing_analogue,0,0,0,-1,0,"{""C"":1,""Cl"":1,""N"":-1,""S"":-1}",2,2
scaffold_changing_analogue,0,0,0,-1,0,"{""C"":1,""F"":-3,""N"":1,""O"":1}",2,2
scaffold_changing_analogue,0,0,0,-1,0,"{""C"":1,""O"":-2,""S"":1}",2,2
scaffold_changing_analogue,0,0,0,-1,1,"{""C"":1,""Cl"":-1}",2,2
scaffold_changing_analogue,0,0,0,-1,1,"{""C"":1,""F"":-1}",2,2
scaffold_changing_analogue,0,0,0,-1,1,"{""C"":1,""S"":-1}",2,2
scaffold_changing_analogue,0,0,0,-1,2,"{""C"":1,""N"":1,""O"":-2}",2,2
scaffold_changing_analogue,0,0,0,0,-1,"{""B"":1,""N"":-1}",2,2
scaffold_changing_analogue,0,0,0,0,-1,"{""Br"":-1,""O"":1}",2,2
scaffold_changing_analogue,0,0,0,0,-1,"{""Cl"":1,""N"":-1}",2,2
scaffold_changing_analogue,0,0,0,0,-1,"{""N"":-1,""P"":1}",2,2
scaffold_changing_analogue,0,0,0,0,-1,"{""P"":1,""S"":-1}",2,2
scaffold_changing_analogue,0,0,0,0,-1,"{""S"":-1,""Si"":1}",2,2
scaffold_changing_analogue,0,0,0,0,0,"{""B"":-1,""P"":1}",2,2
scaffold_changing_analogue,0,0,0,0,0,"{""Br"":1,""Si"":-1}",2,2
scaffold_changing_analogue,0,0,0,0,0,"{""Cl"":1,""F"":-3,""N"":1,""O"":1}",2,2
scaffold_changing_analogue,0,0,0,0,0,"{""F"":-1,""P"":1}",2,2
scaffold_changing_analogue,0,0,0,0,0,"{""F"":-2,""N"":1,""O"":1}",2,2
scaffold_changing_analogue,0,0,0,0,0,"{""I"":1,""N"":1,""O"":-1,""S"":-1}",2,2
scaffold_changing_analogue,0,0,0,0,0,"{""P"":-1,""Si"":1}",2,2
scaffold_changing_analogue,0,0,0,0,1,"{""F"":-1,""O"":1}",2,2
scaffold_changing_analogue,0,0,0,1,-1,"{""B"":1,""C"":-1}",2,2
scaffold_changing_analogue,0,0,0,1,0,"{""B"":1,""Br"":-1,""C"":-1,""Cl"":1}",2,2
scaffold_changing_analogue,0,0,0,1,0,"{""C"":-1,""Cl"":-1,""O"":1,""S"":1}",2,2
scaffold_changing_analogue,0,0,0,1,0,"{""C"":-1,""Cl"":1,""F"":-1,""N"":1}",2,2
scaffold_changing_analogue,0,0,0,1,0,"{""C"":-1,""F"":1,""N"":1,""O"":-1}",2,2
scaffold_changing_analogue,0,0,0,1,0,"{""C"":-1,""F"":2,""O"":-1}",2,2
scaffold_changing_analogue,0,0,0,1,0,"{""C"":-1,""N"":2,""S"":-1}",2,2
scaffold_changing_analogue,0,0,1,-1,0,"{""Br"":-1,""C"":1}",2,2
scaffold_changing_analogue,0,0,1,-1,0,"{""C"":1,""Cl"":-1}",2,2
scaffold_changing_analogue,0,0,1,-1,0,"{""C"":1,""N"":1,""O"":-1,""S"":-1}",2,2
scaffold_changing_analogue,0,0,1,0,0,"{""Br"":-1,""I"":1}",2,2
scaffold_changing_analogue,0,0,1,0,0,"{""Br"":-1,""P"":1}",2,2
scaffold_changing_analogue,0,0,1,0,0,"{""Br"":1,""S"":-1}",2,2
scaffold_changing_analogue,0,0,1,0,0,"{""Cl"":-1,""P"":1}",2,2
scaffold_changing_analogue,0,0,1,0,0,"{""Cl"":1,""F"":-1}",2,2
scaffold_changing_analogue,0,0,1,0,0,"{""Cl"":1,""O"":-1}",2,2
scaffold_changing_analogue,0,0,1,0,0,"{""N"":-1,""S"":1}",2,2
scaffold_changing_analogue,0,0,1,0,1,"{""Cl"":-1,""N"":1}",2,2
scaffold_changing_analogue,0,0,1,1,0,"{""C"":-1,""P"":1}",2,2
scaffold_changing_analogue,0,0,1,1,0,"{""C"":-1,""Si"":1}",2,2
scaffold_changing_analogue,0,1,1,-2,0,"{""C"":2,""F"":-2}",2,2
scaffold_changing_analogue,0,1,1,-1,0,"{""Br"":-1,""C"":1}",2,2
scaffold_changing_analogue,1,0,-1,2,0,"{""C"":-1,""N"":1,""O"":1}",2,2
scaffold_changing_analogue,1,1,-1,1,0,"{""S"":1}",2,2
scaffold_changing_analogue,1,1,0,-1,0,"{""C"":2,""N"":-1,""O"":-1,""S"":1}",2,2
scaffold_changing_analogue,1,1,0,-1,1,"{""C"":2,""O"":-1}",2,2
scaffold_changing_analogue,1,1,0,0,-1,"{""B"":1,""C"":1,""N"":-1}",2,2
scaffold_changing_analogue,1,1,0,0,0,"{""Br"":-1,""C"":1,""F"":1}",2,2
scaffold_changing_analogue,1,1,0,0,0,"{""Br"":-1,""C"":1,""I"":1}",2,2
scaffold_changing_analogue,1,1,0,0,0,"{""C"":1,""Cl"":1,""F"":-1}",2,2
scaffold_changing_analogue,1,1,0,0,0,"{""C"":1,""N"":-1,""P"":1}",2,2
scaffold_changing_analogue,1,1,0,0,0,"{""C"":1,""N"":-2,""O"":2}",2,2
scaffold_changing_analogue,1,1,0,0,0,"{""C"":1,""O"":-1,""P"":1}",2,2
scaffold_changing_analogue,1,1,0,1,-1,"{""F"":1}",2,2
scaffold_changing_analogue,1,1,0,1,0,"{""B"":1,""Br"":-1,""F"":1}",2,2
scaffold_changing_analogue,1,1,0,1,0,"{""B"":1,""N"":1,""O"":-1}",2,2
scaffold_changing_analogue,1,1,0,1,0,"{""Br"":-1,""Cl"":1,""O"":1}",2,2
scaffold_changing_analogue,1,1,0,1,0,"{""Br"":-1,""I"":1,""O"":1}",2,2
scaffold_changing_analogue,1,1,0,1,0,"{""Cl"":1,""F"":-1,""N"":1}",2,2
scaffold_changing_analogue,1,1,0,1,0,"{""I"":-1,""O"":1,""P"":1}",2,2
scaffold_changing_analogue,1,1,0,1,0,"{""I"":1,""O"":1,""S"":-1}",2,2
scaffold_changing_analogue,1,1,0,1,0,"{""N"":-1,""O"":1,""P"":1}",2,2
scaffold_changing_analogue,1,1,0,1,0,"{""N"":2,""S"":-1}",2,2
scaffold_changing_analogue,1,1,0,1,1,"{""Br"":1}",2,2
scaffold_changing_analogue,1,1,0,1,1,"{""N"":2,""O"":-1}",2,2
scaffold_changing_analogue,1,1,0,2,-1,"{""C"":-1,""O"":2}",2,2
scaffold_changing_analogue,1,1,0,2,0,"{""Br"":1,""C"":-1,""N"":1}",2,2
scaffold_changing_analogue,1,1,0,2,0,"{""C"":-1,""F"":1,""P"":1}",2,2
scaffold_changing_analogue,1,1,0,2,0,"{""C"":-1,""F"":1,""S"":1}",2,2
scaffold_changing_analogue,1,1,1,0,0,"{""C"":1,""Cl"":-1,""S"":1}",2,2
scaffold_changing_analogue,1,1,1,0,0,"{""C"":1,""N"":1,""O"":-1}",2,2
scaffold_changing_analogue,1,1,1,0,0,"{""C"":1,""O"":1,""S"":-1}",2,2
scaffold_changing_analogue,1,1,1,2,0,"{""C"":-1,""N"":1,""O"":1}",2,2
scaffold_changing_analogue,1,1,2,1,0,"{""O"":1}",2,2
scaffold_changing_analogue,1,2,1,-1,1,"{""C"":2,""N"":1,""O"":-2}",2,2
scaffold_changing_analogue,1,2,1,0,0,"{""Br"":1,""C"":1,""O"":-1}",2,2
scaffold_changing_analogue,1,2,1,1,-1,"{""N"":1}",2,2
scaffold_changing_analogue,1,2,1,1,0,"{""Cl"":1}",2,2
scaffold_changing_analogue,2,2,0,-1,1,"{""C"":3,""O"":-1}",2,2
scaffold_changing_analogue,2,2,0,0,0,"{""C"":2,""Cl"":-1,""O"":1}",2,2
scaffold_changing_analogue,2,2,0,0,0,"{""C"":2,""N"":-1,""S"":1}",2,2
scaffold_changing_analogue,2,2,0,0,1,"{""C"":2,""N"":1,""O"":-1}",2,2
scaffold_changing_analogue,2,2,0,0,2,"{""C"":2,""N"":1,""O"":-1}",2,2
scaffold_changing_analogue,2,2,0,1,-1,"{""Br"":-1,""C"":1,""O"":2}",2,2
scaffold_changing_analogue,2,2,0,1,-1,"{""C"":1,""Cl"":-1,""N"":1,""O"":1}",2,2
scaffold_changing_analogue,2,2,0,1,-1,"{""C"":1,""F"":-1,""O"":2}",2,2
scaffold_changing_analogue,2,2,0,1,0,"{""B"":1,""C"":1,""O"":1,""S"":-1}",2,2
scaffold_changing_analogue,2,2,0,1,0,"{""C"":1,""F"":1,""N"":1,""S"":-1}",2,2
scaffold_changing_analogue,2,2,0,1,0,"{""C"":1,""F"":2,""S"":-1}",2,2
scaffold_changing_analogue,2,2,0,1,0,"{""C"":1,""N"":1,""O"":-1,""S"":1}",2,2
scaffold_changing_analogue,2,2,0,2,-1,"{""O"":1,""Si"":1}",2,2
scaffold_changing_analogue,2,2,0,2,0,"{""Cl"":-1,""N"":1,""O"":2}",2,2
scaffold_changing_analogue,2,2,0,2,0,"{""F"":-1,""N"":1,""O"":1,""S"":1}",2,2
scaffold_changing_analogue,2,2,0,2,0,"{""N"":1,""P"":1}",2,2
scaffold_changing_analogue,2,2,0,3,0,"{""C"":-1,""N"":1,""O"":1,""S"":1}",2,2
scaffold_changing_analogue,2,2,0,3,0,"{""C"":-1,""N"":1,""O"":2}",2,2
scaffold_changing_analogue,2,2,1,2,0,"{""O"":2}",2,2
scaffold_changing_analogue,2,3,1,0,0,"{""C"":2,""Cl"":-1,""N"":1}",2,2
scaffold_changing_analogue,2,3,1,1,0,"{""C"":1,""N"":1,""O"":-1,""S"":1}",2,2
scaffold_changing_analogue,2,3,2,0,0,"{""C"":2,""F"":-1,""N"":1}",2,2
scaffold_changing_analogue,2,3,2,0,0,"{""C"":2}",2,2
scaffold_changing_analogue,2,3,2,1,0,"{""C"":1,""N"":1}",2,2
scaffold_changing_analogue,3,3,0,0,0,"{""C"":3,""N"":1,""O"":-1}",2,2
scaffold_changing_analogue,3,3,0,0,0,"{""C"":3,""O"":1,""S"":-1}",2,2
scaffold_changing_analogue,3,3,0,1,0,"{""C"":2,""N"":2,""S"":-1}",2,2
scaffold_changing_analogue,3,3,0,2,0,"{""Br"":1,""C"":1,""N"":1}",2,2
scaffold_changing_analogue,3,3,0,2,0,"{""C"":1,""F"":1,""S"":1}",2,2
scaffold_changing_analogue,3,3,0,3,0,"{""N"":1,""O"":1,""P"":1}",2,2
scaffold_changing_analogue,3,4,1,-1,0,"{""C"":4,""F"":-2,""O"":1}",2,2
scaffold_changing_analogue,3,4,1,0,0,"{""C"":3,""Cl"":-1,""N"":1}",2,2
scaffold_changing_analogue,3,4,1,0,0,"{""C"":3,""F"":-1,""O"":1}",2,2
scaffold_changing_analogue,3,4,1,0,0,"{""C"":3,""N"":1,""S"":-1}",2,2
scaffold_changing_analogue,3,4,1,0,1,"{""C"":3,""N"":1,""O"":-1}",2,2
scaffold_changing_analogue,3,4,1,1,0,"{""B"":1,""C"":2,""N"":1,""O"":-1}",2,2
scaffold_changing_analogue,3,4,1,1,0,"{""C"":2,""F"":-1,""N"":1,""O"":1}",2,2
scaffold_changing_analogue,3,4,1,2,0,"{""C"":1,""Cl"":1,""N"":1}",2,2
scaffold_changing_analogue,3,4,2,0,0,"{""C"":3,""N"":1,""O"":-1}",2,2
scaffold_changing_analogue,4,4,0,3,0,"{""C"":1,""N"":1,""O"":1,""S"":1}",2,2
scaffold_changing_analogue,4,5,1,1,0,"{""Br"":1,""C"":3,""N"":1,""O"":-1}",2,2
scaffold_changing_analogue,4,5,1,2,0,"{""Br"":1,""C"":2,""N"":1}",2,2
scaffold_changing_analogue,4,5,2,1,0,"{""C"":3,""O"":1}",2,2
scaffold_preserving_non_mmp_analogue,-2,-2,0,-2,-1,"{""F"":-3,""N"":1}",2,1
scaffold_preserving_non_mmp_analogue,-2,-2,0,-2,0,"{""I"":1,""N"":-1,""O"":-2}",2,1
scaffold_preserving_non_mmp_analogue,-2,-2,0,-1,0,"{""C"":-1,""Si"":-1}",2,1
scaffold_preserving_non_mmp_analogue,-2,-2,0,0,0,"{""C"":-2,""N"":-1,""P"":1}",2,1
scaffold_preserving_non_mmp_analogue,-1,-1,0,-2,-1,"{""C"":1,""F"":-3,""N"":1}",2,1
scaffold_preserving_non_mmp_analogue,-1,-1,0,-1,0,"{""F"":-3,""O"":1,""S"":1}",2,1
scaffold_preserving_non_mmp_analogue,-1,-1,0,-1,1,"{""N"":1,""O"":-1,""S"":-1}",2,1
scaffold_preserving_non_mmp_analogue,-1,-1,0,0,0,"{""C"":-1,""F"":-1,""O"":1}",2,1
scaffold_preserving_non_mmp_analogue,-1,-1,0,1,0,"{""C"":-2,""I"":1}",2,1
scaffold_preserving_non_mmp_analogue,0,0,0,-1,1,"{""C"":1,""N"":1,""O"":-2}",2,1
scaffold_preserving_non_mmp_analogue,0,0,0,0,-1,"{""N"":-1,""Si"":1}",2,1
scaffold_preserving_non_mmp_analogue,0,0,0,0,0,"{""B"":-1,""Cl"":1}",2,1
scaffold_preserving_non_mmp_analogue,0,0,0,0,0,"{""Br"":1,""Cl"":-1,""I"":-1,""Si"":1}",2,1
scaffold_preserving_non_mmp_analogue,0,0,0,0,0,"{""Cl"":-1,""O"":1,""P"":1,""S"":-1}",2,1
scaffold_preserving_non_mmp_analogue,0,0,0,0,0,"{""Cl"":1,""S"":-1}",2,1
scaffold_preserving_non_mmp_analogue,0,0,0,0,0,"{""F"":-2,""O"":1,""S"":1}",2,1
scaffold_preserving_non_mmp_analogue,0,0,0,0,1,"{""Cl"":1,""O"":-1}",2,1
scaffold_preserving_non_mmp_analogue,0,0,0,0,1,"{""O"":1,""P"":1,""S"":-2}",2,1
scaffold_preserving_non_mmp_analogue,0,0,0,2,0,"{""C"":-2,""N"":-1,""O"":2,""S"":1}",2,1
scaffold_preserving_non_mmp_analogue,1,1,0,-1,0,"{""C"":2,""O"":-1}",2,1
scaffold_preserving_non_mmp_analogue,1,1,0,-1,0,"{""C"":2,""Si"":-1}",2,1
scaffold_preserving_non_mmp_analogue,1,1,0,0,0,"{""Br"":1,""C"":1,""N"":-1}",2,1
scaffold_preserving_non_mmp_analogue,1,1,0,0,0,"{""C"":1,""F"":-2,""N"":1,""O"":1}",2,1
scaffold_preserving_non_mmp_analogue,1,1,0,0,0,"{""C"":1,""N"":1,""P"":-1}",2,1
scaffold_preserving_non_mmp_analogue,1,1,0,0,0,"{""C"":1,""O"":-1,""S"":1}",2,1
scaffold_preserving_non_mmp_analogue,1,1,0,0,0,"{""C"":1,""O"":1,""Si"":-1}",2,1
scaffold_preserving_non_mmp_analogue,1,1,0,1,0,"{""Br"":1,""Cl"":-1,""S"":1}",2,1
scaffold_preserving_non_mmp_analogue,1,1,0,1,0,"{""Cl"":-1,""F"":1,""S"":1}",2,1
scaffold_preserving_non_mmp_analogue,1,1,0,1,0,"{""F"":1,""O"":-1,""S"":1}",2,1
scaffold_preserving_non_mmp_analogue,1,1,0,1,0,"{""N"":1,""P"":1,""Si"":-1}",2,1
scaffold_preserving_non_mmp_analogue,1,1,0,1,0,"{""O"":1,""S"":-1,""Si"":1}",2,1
scaffold_preserving_non_mmp_analogue,1,1,0,1,1,"{""F"":1,""O"":-1,""S"":1}",2,1
scaffold_preserving_non_mmp_analogue,1,1,0,2,0,"{""C"":-1,""N"":1,""S"":1}",2,1
scaffold_preserving_non_mmp_analogue,2,2,0,1,0,"{""Br"":-1,""C"":1,""Cl"":1,""O"":1}",2,1
scaffold_preserving_non_mmp_analogue,2,2,0,1,0,"{""C"":1,""F"":2,""Si"":-1}",2,1
scaffold_preserving_non_mmp_analogue,2,2,0,1,1,"{""C"":1,""S"":1}",2,1
scaffold_preserving_non_mmp_analogue,3,3,0,1,0,"{""C"":2,""F"":-1,""N"":1,""O"":1}",2,1
scaffold_preserving_non_mmp_analogue,3,3,0,2,0,"{""C"":1,""O"":2}",2,1
acyclic_non_mmp_analogue,-3,-3,0,-2,0,"{""C"":-1,""O"":-2}",2,1
acyclic_non_mmp_analogue,-2,-2,0,-2,0,"{""B"":-1,""O"":-1}",2,1
acyclic_non_mmp_analogue,-2,-2,0,-1,-1,"{""C"":-1,""N"":-1}",2,1
acyclic_non_mmp_analogue,-2,-2,0,-1,0,"{""C"":-1,""O"":-2,""S"":1}",2,1
acyclic_non_mmp_analogue,-2,-2,0,-1,0,"{""C"":-1,""P"":-1}",2,1
acyclic_non_mmp_analogue,-2,-2,0,0,0,"{""C"":-2,""O"":-1,""S"":1}",2,1
acyclic_non_mmp_analogue,-1,-1,0,-2,0,"{""B"":-1,""C"":1,""O"":-1}",2,1
acyclic_non_mmp_analogue,-1,-1,0,-1,0,"{""N"":1,""O"":-2}",2,1
acyclic_non_mmp_analogue,-1,-1,0,-1,0,"{""O"":-1,""P"":1,""S"":-1}",2,1
acyclic_non_mmp_analogue,-1,-1,0,0,0,"{""C"":-1,""I"":1,""O"":-1}",2,1
acyclic_non_mmp_analogue,0,0,0,0,-1,"{""F"":1,""N"":-1}",2,1
acyclic_non_mmp_analogue,0,0,0,0,0,"{""Cl"":-1,""N"":1}",2,1
acyclic_non_mmp_analogue,0,0,0,0,0,"{""Cl"":1,""O"":-1}",2,1
acyclic_non_mmp_analogue,0,0,0,0,0,"{""F"":-1,""O"":1,""P"":-1,""S"":1}",2,1
acyclic_non_mmp_analogue,0,0,0,0,0,"{""F"":-1,""Si"":1}",2,1
acyclic_non_mmp_analogue,0,0,0,0,0,"{""I"":-1,""Si"":1}",2,1
acyclic_non_mmp_analogue,0,0,0,0,0,"{""I"":1,""P"":-1}",2,1
acyclic_non_mmp_analogue,0,0,0,0,0,"{""N"":-1,""Si"":1}",2,1
acyclic_non_mmp_analogue,0,0,0,0,0,"{""N"":1,""O"":-1,""P"":-1,""Si"":1}",2,1
acyclic_non_mmp_analogue,0,0,0,0,0,"{""P"":-1,""Si"":1}",2,1
acyclic_non_mmp_analogue,0,0,0,0,0,"{""P"":1,""Si"":-1}",2,1
acyclic_non_mmp_analogue,0,0,0,1,0,"{""Br"":1,""C"":-1,""I"":-1,""P"":1}",2,1
acyclic_non_mmp_analogue,0,0,0,1,0,"{""Br"":1,""C"":-1,""I"":-1,""Si"":1}",2,1
acyclic_non_mmp_analogue,0,0,0,1,0,"{""Br"":2,""C"":-1,""Cl"":-1,""I"":-1,""Si"":1}",2,1
acyclic_non_mmp_analogue,0,0,0,1,0,"{""C"":-1,""I"":1}",2,1
acyclic_non_mmp_analogue,1,1,0,0,0,"{""C"":1,""F"":-1,""N"":1}",2,1
acyclic_non_mmp_analogue,1,1,0,0,0,"{""C"":1,""N"":1,""O"":-1,""P"":1,""S"":-1}",2,1
acyclic_non_mmp_analogue,1,1,0,0,1,"{""C"":1,""P"":1,""S"":-1}",2,1
acyclic_non_mmp_analogue,1,1,0,1,0,"{""Br"":-1,""F"":1,""S"":1}",2,1
acyclic_non_mmp_analogue,1,1,0,1,1,"{""S"":1}",2,1
acyclic_non_mmp_analogue,2,2,0,1,1,"{""C"":1,""O"":1,""P"":1,""S"":-1}",2,1
acyclic_non_mmp_analogue,2,2,0,2,0,"{""F"":-1,""O"":2,""S"":1}",2,1
acyclic_non_mmp_analogue,2,2,0,2,0,"{""O"":2}",2,1
acyclic_non_mmp_analogue,3,3,0,2,0,"{""C"":1,""O"":1,""S"":1}",2,1
acyclic_non_mmp_analogue,3,3,0,2,0,"{""C"":1,""O"":2}",2,1
scaffold_changing_analogue,-25,-30,-5,-7,0,"{""C"":-18,""N"":-4,""O"":-3}",2,1
scaffold_changing_analogue,-18,-21,-3,-4,0,"{""C"":-14,""Cl"":-1,""N"":-3}",2,1
scaffold_changing_analogue,-18,-20,-2,-6,0,"{""C"":-12,""F"":-2,""N"":-3,""O"":-1}",2,1
scaffold_changing_analogue,-17,-19,-2,-4,0,"{""C"":-13,""F"":-1,""N"":-2,""O"":-1}",2,1
scaffold_changing_analogue,-12,-14,-2,-1,0,"{""C"":-11,""N"":-2,""O"":1}",2,1
scaffold_changing_analogue,-10,-11,-1,-5,0,"{""C"":-5,""N"":-1,""O"":-3,""S"":-1}",2,1
scaffold_changing_analogue,-10,-11,-1,-3,0,"{""C"":-7,""F"":-2,""O"":-1}",2,1
scaffold_changing_analogue,-10,-11,-1,-2,-1,"{""C"":-8,""N"":-2}",2,1
scaffold_changing_analogue,-10,-11,-1,-2,0,"{""C"":-8,""Cl"":1,""N"":-3}",2,1
scaffold_changing_analogue,-8,-9,-1,-4,0,"{""C"":-4,""Cl"":-1,""N"":-3}",2,1
scaffold_changing_analogue,-8,-9,-1,-4,0,"{""C"":-4,""N"":-3,""O"":-1}",2,1
scaffold_changing_analogue,-8,-9,-1,-2,0,"{""C"":-6,""F"":-5,""O"":2,""S"":1}",2,1
scaffold_changing_analogue,-8,-9,-1,-2,0,"{""C"":-6,""N"":-1,""S"":-1}",2,1
scaffold_changing_analogue,-7,-8,0,-2,0,"{""C"":-5,""N"":-1,""O"":-1}",2,1
scaffold_changing_analogue,-7,-7,0,-4,0,"{""C"":-3,""N"":-1,""O"":-2,""S"":-1}",2,1
scaffold_changing_analogue,-6,-7,-1,-1,0,"{""Br"":-1,""C"":-5,""F"":-1,""O"":1}",2,1
scaffold_changing_analogue,-6,-6,0,-4,0,"{""C"":-2,""F"":-3,""N"":-1}",2,1
scaffold_changing_analogue,-5,-6,-1,-4,1,"{""C"":-1,""N"":-3,""O"":-1}",2,1
scaffold_changing_analogue,-5,-6,-1,0,-1,"{""C"":-5,""O"":1,""S"":-1}",2,1
scaffold_changing_analogue,-5,-6,-1,0,0,"{""C"":-5,""F"":2,""N"":-1,""O"":-1}",2,1
scaffold_changing_analogue,-5,-5,0,-1,1,"{""C"":-4,""F"":-1}",2,1
scaffold_changing_analogue,-4,-5,-1,-2,-1,"{""C"":-2,""N"":-2}",2,1
scaffold_changing_analogue,-4,-5,-1,-2,0,"{""C"":-2,""Cl"":1,""N"":-3}",2,1
scaffold_changing_analogue,-4,-5,-1,-1,0,"{""C"":-3,""Cl"":1,""N"":-1,""O"":-1}",2,1
scaffold_changing_analogue,-4,-5,-1,-1,0,"{""C"":-3,""Cl"":1,""N"":-2}",2,1
scaffold_changing_analogue,-4,-5,-1,0,0,"{""C"":-4,""Cl"":-1,""F"":2,""N"":-1}",2,1
scaffold_changing_analogue,-4,-5,0,-1,0,"{""C"":-3,""S"":-1}",2,1
scaffold_changing_analogue,-4,-4,0,-3,-1,"{""C"":-1,""F"":-3}",2,1
scaffold_changing_analogue,-4,-4,0,-2,1,"{""C"":-2,""N"":-2,""O"":-1,""P"":1}",2,1
scaffold_changing_analogue,-4,-4,0,0,0,"{""C"":-4,""N"":-1,""O"":1}",2,1
scaffold_changing_analogue,-4,-4,1,-3,0,"{""C"":-1,""F"":-3}",2,1
scaffold_changing_analogue,-3,-4,-1,-3,0,"{""N"":-2,""O"":-1}",2,1
scaffold_changing_analogue,-3,-4,-1,-1,0,"{""C"":-2,""Cl"":-1,""F"":2,""N"":-1,""O"":-1}",2,1
scaffold_changing_analogue,-3,-4,-1,-1,0,"{""C"":-2,""F"":1,""N"":-1,""O"":-1}",2,1
scaffold_changing_analogue,-3,-4,-1,0,0,"{""B"":-2,""Br"":1,""C"":-3,""Si"":1}",2,1
scaffold_changing_analogue,-3,-4,-1,0,0,"{""Br"":1,""C"":-3,""N"":-1}",2,1
scaffold_changing_analogue,-3,-4,-1,1,0,"{""C"":-4,""Cl"":1,""F"":1,""N"":-1}",2,1
scaffold_changing_analogue,-3,-3,0,-3,0,"{""Cl"":-1,""O"":-2}",2,1
scaffold_changing_analogue,-3,-3,0,-3,1,"{""N"":-1,""O"":-2}",2,1
scaffold_changing_analogue,-3,-3,0,-2,0,"{""C"":-1,""Cl"":-1,""S"":-1}",2,1
scaffold_changing_analogue,-3,-3,0,-2,1,"{""C"":-1,""Cl"":-1,""N"":-1}",2,1
scaffold_changing_analogue,-3,-3,0,-1,0,"{""C"":-2,""N"":-1,""O"":1,""S"":-1}",2,1
scaffold_changing_analogue,-3,-3,0,-1,1,"{""C"":-2,""N"":-1,""O"":-1,""S"":1}",2,1
scaffold_changing_analogue,-3,-3,0,1,1,"{""C"":-4,""N"":1}",2,1
scaffold_changing_analogue,-2,-3,-2,-1,0,"{""C"":-1,""N"":-1}",2,1
scaffold_changing_analogue,-2,-3,-1,-1,0,"{""C"":-1,""Cl"":1,""N"":-2}",2,1
scaffold_changing_analogue,-2,-3,-1,-1,0,"{""C"":-1,""N"":-4,""O"":2,""S"":1}",2,1
scaffold_changing_analogue,-2,-3,-1,-1,1,"{""C"":-1,""O"":-1}",2,1
scaffold_changing_analogue,-2,-3,-1,0,0,"{""Br"":1,""C"":-2,""S"":-1}",2,1
scaffold_changing_analogue,-2,-3,-1,0,0,"{""C"":-2,""N"":-2,""O"":2}",2,1
scaffold_changing_analogue,-2,-3,-1,1,0,"{""B"":-1,""C"":-3,""Cl"":1,""Si"":1}",2,1
scaffold_changing_analogue,-2,-3,-1,1,0,"{""C"":-3,""P"":1}",2,1
scaffold_changing_analogue,-2,-3,-1,2,0,"{""C"":-4,""O"":1,""S"":1}",2,1
scaffold_changing_analogue,-2,-2,-1,-1,0,"{""C"":-1,""O"":-1}",2,1
scaffold_changing_analogue,-2,-2,0,-2,-1,"{""N"":-2}",2,1
scaffold_changing_analogue,-2,-2,0,-2,0,"{""Br"":1,""Cl"":-1,""O"":-1,""S"":-1}",2,1
scaffold_changing_analogue,-2,-2,0,-2,0,"{""Cl"":-1,""S"":-1}",2,1
scaffold_changing_analogue,-2,-2,0,-2,0,"{""N"":-2,""O"":1,""S"":-1}",2,1
scaffold_changing_analogue,-2,-2,0,-1,0,"{""C"":-1,""F"":-2,""N"":1}",2,1
scaffold_changing_analogue,-2,-2,0,-1,0,"{""C"":-1,""F"":-2,""S"":1}",2,1
scaffold_changing_analogue,-2,-2,0,-1,0,"{""C"":-1,""Si"":-1}",2,1
scaffold_changing_analogue,-2,-2,0,0,0,"{""C"":-2,""F"":1,""N"":-1}",2,1
scaffold_changing_analogue,-2,-2,1,-2,0,"{""Br"":1,""F"":-3}",2,1
scaffold_changing_analogue,-2,-2,1,-2,0,"{""F"":-1,""O"":-1}",2,1
scaffold_changing_analogue,-2,-2,1,-1,0,"{""C"":-1,""Cl"":-1}",2,1
scaffold_changing_analogue,-2,-1,1,-3,0,"{""C"":1,""O"":-2,""S"":-1}",2,1
scaffold_changing_analogue,-1,-2,-1,-1,0,"{""Cl"":1,""O"":-2}",2,1
scaffold_changing_analogue,-1,-2,-1,0,0,"{""C"":-1,""N"":1,""S"":-1}",2,1
scaffold_changing_analogue,-1,-2,-1,1,0,"{""B"":-1,""Br"":1,""C"":-2,""Si"":1}",2,1
scaffold_changing_analogue,-1,-2,1,0,0,"{""C"":-1}",2,1
scaffold_changing_analogue,-1,-2,2,-1,0,"{""N"":-1}",2,1
scaffold_changing_analogue,-1,-1,-1,-1,0,"{""S"":-1}",2,1
scaffold_changing_analogue,-1,-1,0,-3,1,"{""C"":2,""N"":-4,""O"":1}",2,1
scaffold_changing_analogue,-1,-1,0,-2,0,"{""C"":1,""Cl"":-1,""N"":1,""O"":-2,""P"":1,""S"":-1}",2,1
scaffold_changing_analogue,-1,-1,0,-2,1,"{""C"":1,""N"":-2}",2,1
scaffold_changing_analogue,-1,-1,0,-2,2,"{""C"":1,""O"":-2}",2,1
scaffold_changing_analogue,-1,-1,0,-1,-1,"{""Br"":1,""F"":-1,""S"":-1}",2,1
scaffold_changing_analogue,-1,-1,0,-1,-1,"{""Cl"":-1,""N"":1,""O"":-1,""P"":1,""S"":-1}",2,1
scaffold_changing_analogue,-1,-1,0,-1,-1,"{""N"":-2,""O"":1}",2,1
scaffold_changing_analogue,-1,-1,0,-1,0,"{""B"":-1,""Cl"":-1,""Si"":1}",2,1
scaffold_changing_analogue,-1,-1,0,-1,0,"{""B"":-1,""Cl"":1,""S"":-1}",2,1
scaffold_changing_analogue,-1,-1,0,-1,0,"{""B"":-2,""Br"":1,""Cl"":-1,""Si"":1}",2,1
scaffold_changing_analogue,-1,-1,0,-1,0,"{""Br"":-1,""F"":1,""O"":-1}",2,1
scaffold_changing_analogue,-1,-1,0,-1,0,"{""F"":-1,""O"":1,""S"":-1}",2,1
scaffold_changing_analogue,-1,-1,0,-1,0,"{""F"":-2,""N"":1,""O"":1,""P"":-1}",2,1
scaffold_changing_analogue,-1,-1,0,-1,0,"{""I"":-1,""O"":-1,""S"":1}",2,1
scaffold_changing_analogue,-1,-1,0,-1,0,"{""O"":-1,""S"":1,""Si"":-1}",2,1
scaffold_changing_analogue,-1,-1,0,-1,1,"{""B"":1,""O"":-2}",2,1
scaffold_changing_analogue,-1,-1,0,0,-1,"{""C"":-1,""Cl"":1,""F"":-1}",2,1
scaffold_changing_analogue,-1,-1,0,0,-1,"{""C"":-1,""N"":-2,""O"":2}",2,1
scaffold_changing_analogue,-1,-1,0,0,0,"{""B"":1,""Br"":-1,""C"":-1,""Cl"":1,""F"":-1}",2,1
scaffold_changing_analogue,-1,-1,0,0,0,"{""C"":-1,""Cl"":1,""F"":-1,""N"":1,""P"":-1}",2,1
scaffold_changing_analogue,-1,-1,0,0,1,"{""C"":-1,""N"":1,""S"":-1}",2,1
scaffold_changing_analogue,-1,-1,0,0,2,"{""C"":-1}",2,1
scaffold_changing_analogue,-1,-1,0,2,0,"{""C"":-3,""N"":1,""Si"":1}",2,1
scaffold_changing_analogue,-1,-1,1,1,0,"{""C"":-2,""Cl"":1}",2,1
scaffold_changing_analogue,-1,-1,3,-1,0,"{""O"":-1}",2,1
scaffold_changing_analogue,-1,0,1,-2,0,"{""C"":1,""F"":-3,""N"":1}",2,1
scaffold_changing_analogue,-1,0,2,-2,0,"{""C"":1,""F"":-2}",2,1
scaffold_changing_analogue,0,-1,-2,0,0,{},2,1
scaffold_changing_analogue,0,-1,-1,0,0,"{""F"":1,""O"":-1}",2,1
scaffold_changing_analogue,0,-1,-1,1,0,"{""C"":-1,""N"":-1,""O"":1,""S"":1}",2,1
scaffold_changing_analogue,0,-1,-1,2,0,"{""C"":-2,""O"":1,""S"":1}",2,1
scaffold_changing_analogue,0,-1,0,0,0,"{""N"":-1,""O"":1}",2,1
scaffold_changing_analogue,0,0,-1,-1,0,"{""C"":1,""S"":-1}",2,1
scaffold_changing_analogue,0,0,-1,1,0,"{""Br"":1,""C"":-1}",2,1
scaffold_changing_analogue,0,0,0,-2,0,"{""C"":2,""N"":-1,""P"":-1}",2,1
scaffold_changing_analogue,0,0,0,-1,-1,"{""C"":1,""Cl"":-1,""N"":1,""O"":-1,""P"":1,""S"":-1}",2,1
scaffold_changing_analogue,0,0,0,-1,-1,"{""C"":1,""F"":-3,""O"":2}",2,1
scaffold_changing_analogue,0,0,0,-1,0,"{""B"":-1,""Br"":1,""C"":1,""S"":-1}",2,1
scaffold_changing_analogue,0,0,0,-1,0,"{""B"":-1,""C"":1}",2,1
scaffold_changing_analogue,0,0,0,-1,0,"{""C"":1,""Cl"":-1,""F"":1,""N"":-1}",2,1
scaffold_changing_analogue,0,0,0,-1,1,"{""Br"":1,""C"":1,""N"":-1,""O"":-1}",2,1
scaffold_changing_analogue,0,0,0,-1,1,"{""C"":1,""N"":-2,""O"":1}",2,1
scaffold_changing_analogue,0,0,0,0,-1,"{""B"":1,""S"":-1}",2,1
scaffold_changing_analogue,0,0,0,0,-1,"{""Br"":1,""S"":-1}",2,1
scaffold_changing_analogue,0,0,0,0,-1,"{""Cl"":-1,""N"":1}",2,1
scaffold_changing_analogue,0,0,0,0,-1,"{""Cl"":-1,""P"":1}",2,1
scaffold_changing_analogue,0,0,0,0,-1,"{""Cl"":1,""O"":-1}",2,1
scaffold_changing_analogue,0,0,0,0,0,"{""B"":-1,""Br"":1}",2,1
scaffold_changing_analogue,0,0,0,0,0,"{""B"":-2,""N"":-1,""O"":1,""Si"":2}",2,1
scaffold_changing_analogue,0,0,0,0,0,"{""B"":1,""N"":1,""O"":-1,""S"":-1}",2,1
scaffold_changing_analogue,0,0,0,0,0,"{""Br"":1,""F"":-1,""O"":1,""S"":-1}",2,1
scaffold_changing_analogue,0,0,0,0,0,"{""Br"":2,""Cl"":-1,""I"":-1}",2,1
scaffold_changing_analogue,0,0,0,0,0,"{""Cl"":-1,""N"":1,""O"":-1,""P"":1}",2,1
scaffold_changing_analogue,0,0,0,0,0,"{""N"":1,""O"":-1,""P"":-1,""S"":1}",2,1
scaffold_changing_analogue,0,0,0,0,0,"{""N"":1,""O"":1,""S"":-2}",2,1
scaffold_changing_analogue,0,0,0,0,0,"{""N"":1,""P"":1,""S"":-2}",2,1
scaffold_changing_analogue,0,0,0,0,0,"{""P"":1,""Si"":-1}",2,1
scaffold_changing_analogue,0,0,0,0,1,"{""F"":1,""N"":-1}",2,1
scaffold_changing_analogue,0,0,0,0,1,"{""F"":2,""O"":-2}",2,1
scaffold_changing_analogue,0,0,0,0,1,"{""N"":-1,""P"":1}",2,1
scaffold_changing_analogue,0,0,0,0,1,"{""N"":-1,""Si"":1}",2,1
scaffold_changing_analogue,0,0,0,0,1,"{""N"":1,""O"":-1,""P"":1,""S"":-1}",2,1
scaffold_changing_analogue,0,0,0,0,1,"{""N"":1,""O"":-1,""P"":2,""S"":-2}",2,1
scaffold_changing_analogue,0,0,0,0,2,"{""Cl"":1,""O"":-1}",2,1
scaffold_changing_analogue,0,0,0,1,0,"{""Br"":1,""C"":-1,""N"":1,""S"":-1}",2,1
scaffold_changing_analogue,0,0,0,1,0,"{""C"":-1,""Cl"":1,""F"":-1,""S"":1}",2,1
scaffold_changing_analogue,0,0,0,1,0,"{""C"":-1,""F"":1,""N"":-1,""S"":1}",2,1
scaffold_changing_analogue,0,0,0,2,0,"{""C"":-2,""N"":1,""P"":1}",2,1
scaffold_changing_analogue,0,0,1,0,0,"{""Cl"":-1,""Si"":1}",2,1
scaffold_changing_analogue,0,0,1,0,0,"{""F"":-1,""S"":1}",2,1
scaffold_changing_analogue,0,0,2,-1,0,"{""C"":1,""Si"":-1}",2,1
scaffold_changing_analogue,0,1,1,0,1,"{""O"":1,""P"":1,""S"":-2}",2,1
scaffold_changing_analogue,0,1,2,-1,0,"{""C"":1,""N"":-1}",2,1
scaffold_changing_analogue,1,0,-1,3,0,"{""C"":-2,""O"":2,""S"":1}",2,1
scaffold_changing_analogue,1,1,-1,0,1,"{""C"":1}",2,1
scaffold_changing_analogue,1,1,0,0,-2,"{""C"":1,""N"":-1,""O"":1}",2,1
scaffold_changing_analogue,1,1,0,0,-1,"{""C"":1,""F"":1,""N"":-1}",2,1
scaffold_changing_analogue,1,1,0,0,-1,"{""C"":1,""N"":-1,""Si"":1}",2,1
scaffold_changing_analogue,1,1,0,0,0,"{""B"":-1,""C"":1,""O"":1,""P"":1,""S"":-1}",2,1
scaffold_changing_analogue,1,1,0,0,0,"{""B"":-1,""C"":1,""Si"":1}",2,1
scaffold_changing_analogue,1,1,0,0,0,"{""Br"":-1,""C"":1,""N"":-1,""O"":1,""P"":1}",2,1
scaffold_changing_analogue,1,1,0,0,0,"{""C"":1,""N"":1,""P"":1,""S"":-1,""Si"":-1}",2,1
scaffold_changing_analogue,1,1,0,1,-1,"{""B"":1,""O"":1,""S"":-1}",2,1
scaffold_changing_analogue,1,1,0,1,-1,"{""F"":1,""N"":-1,""O"":1}",2,1
scaffold_changing_analogue,1,1,0,1,0,"{""B"":-2,""Br"":1,""Cl"":-1,""O"":1,""Si"":2}",2,1
scaffold_changing_analogue,1,1,0,1,0,"{""Br"":1,""Cl"":-1,""S"":1}",2,1
scaffold_changing_analogue,1,1,0,1,0,"{""Cl"":-1,""F"":1,""S"":1}",2,1
scaffold_changing_analogue,1,1,0,1,0,"{""Cl"":-1,""F"":2}",2,1
scaffold_changing_analogue,1,1,0,1,0,"{""Cl"":-1,""N"":1,""S"":1}",2,1
scaffold_changing_analogue,1,1,0,1,1,"{""N"":1,""O"":1,""S"":-1}",2,1
scaffold_changing_analogue,1,1,1,-1,0,"{""C"":2,""S"":-1}",2,1
scaffold_changing_analogue,1,1,1,0,0,"{""Br"":-1,""C"":1,""I"":1}",2,1
scaffold_changing_analogue,1,2,1,-1,0,"{""C"":2,""S"":-1}",2,1
scaffold_changing_analogue,1,2,1,0,0,"{""C"":1,""Cl"":-2,""N"":1,""S"":1}",2,1
scaffold_changing_analogue,1,2,1,1,0,"{""N"":-1,""O"":1,""S"":1}",2,1
scaffold_changing_analogue,2,2,-1,1,-1,"{""C"":1,""O"":1}",2,1
scaffold_changing_analogue,2,2,-1,2,0,"{""B"":1,""O"":1}",2,1
scaffold_changing_analogue,2,2,0,0,0,"{""B"":1,""C"":2,""Si"":-1}",2,1
scaffold_changing_analogue,2,2,0,1,0,"{""C"":1,""Cl"":1,""O"":1,""S"":-1}",2,1
scaffold_changing_analogue,2,2,0,1,0,"{""C"":1,""N"":1,""O"":1,""P"":-1}",2,1
scaffold_changing_analogue,2,2,0,2,-1,"{""N"":1,""S"":1}",2,1
scaffold_changing_analogue,2,2,0,2,0,"{""Cl"":1,""N"":1,""O"":1,""P"":-1}",2,1
scaffold_changing_analogue,2,2,0,2,0,"{""N"":-1,""O"":2,""S"":1}",2,1
scaffold_changing_analogue,2,2,0,2,1,"{""F"":-1,""N"":1,""O"":2}",2,1
scaffold_changing_analogue,2,2,1,1,0,"{""C"":1,""F"":2,""Si"":-1}",2,1
scaffold_changing_analogue,2,3,1,0,0,"{""C"":2,""N"":1,""O"":-2,""Si"":1}",2,1
scaffold_changing_analogue,2,3,1,0,1,"{""C"":2,""O"":-1,""S"":1}",2,1
scaffold_changing_analogue,2,3,1,1,0,"{""C"":1,""N"":1,""O"":1,""S"":-1}",2,1
scaffold_changing_analogue,3,3,0,0,1,"{""C"":3,""N"":1,""S"":-1}",2,1
scaffold_changing_analogue,3,3,0,1,0,"{""C"":2,""Cl"":-1,""N"":1,""O"":1}",2,1
scaffold_changing_analogue,3,3,0,1,0,"{""C"":2,""F"":2,""O"":-1}",2,1
scaffold_changing_analogue,3,3,0,1,0,"{""C"":2,""F"":2,""S"":-1}",2,1
scaffold_changing_analogue,3,3,0,2,0,"{""C"":1,""Cl"":-1,""F"":3}",2,1
scaffold_changing_analogue,3,3,0,3,0,"{""F"":2,""S"":1}",2,1
scaffold_changing_analogue,3,3,1,1,0,"{""C"":2,""O"":1}",2,1
scaffold_changing_analogue,3,4,1,1,-1,"{""C"":2,""Cl"":1,""N"":-1,""S"":1}",2,1
scaffold_changing_analogue,3,4,1,1,0,"{""C"":2,""Cl"":1,""N"":-1,""S"":1}",2,1
scaffold_changing_analogue,3,4,1,1,0,"{""C"":2,""F"":-1,""N"":2}",2,1
scaffold_changing_analogue,3,4,1,2,0,"{""C"":1,""F"":1,""S"":1}",2,1
scaffold_changing_analogue,4,4,0,4,0,"{""N"":1,""O"":2,""S"":1}",2,1
scaffold_changing_analogue,4,5,1,2,0,"{""C"":2,""N"":1,""O"":2,""S"":-1}",2,1
scaffold_changing_analogue,4,5,2,1,0,"{""C"":3,""S"":1}",2,1
scaffold_changing_analogue,5,6,1,0,0,"{""C"":5}",2,1
scaffold_changing_analogue,5,6,1,2,0,"{""C"":3,""N"":1,""O"":1}",2,1
scaffold_changing_analogue,5,6,1,2,0,"{""C"":3,""O"":1,""S"":1}",2,1
scaffold_preserving_non_mmp_analogue,-9,-9,0,-2,0,"{""C"":-7,""N"":-1,""O"":-1}",1,1
scaffold_preserving_non_mmp_analogue,-8,-8,0,-4,0,"{""C"":-4,""F"":-3,""O"":-1}",1,1
scaffold_preserving_non_mmp_analogue,-8,-8,0,-4,0,"{""C"":-4,""N"":-1,""O"":-2,""S"":-1}",1,1
scaffold_preserving_non_mmp_analogue,-8,-8,0,-3,0,"{""C"":-5,""N"":-1,""O"":-2}",1,1
scaffold_preserving_non_mmp_analogue,-8,-8,0,-2,0,"{""C"":-6,""N"":-1,""O"":-1}",1,1
scaffold_preserving_non_mmp_analogue,-7,-7,0,-2,0,"{""C"":-5,""O"":-2}",1,1
scaffold_preserving_non_mmp_analogue,-6,-6,0,-3,0,"{""C"":-3,""N"":-3}",1,1
scaffold_preserving_non_mmp_analogue,-6,-6,0,-2,0,"{""C"":-4,""N"":-1,""O"":-1}",1,1
scaffold_preserving_non_mmp_analogue,-6,-6,0,-2,0,"{""C"":-4,""O"":-2}",1,1
scaffold_preserving_non_mmp_analogue,-6,-6,0,-1,0,"{""C"":-5,""O"":-1}",1,1
scaffold_preserving_non_mmp_analogue,-6,-6,0,-1,0,"{""C"":-5,""Si"":-1}",1,1
scaffold_preserving_non_mmp_analogue,-5,-5,0,-3,0,"{""C"":-2,""O"":-2,""S"":-1}",1,1
scaffold_preserving_non_mmp_analogue,-5,-5,0,-1,0,"{""C"":-4,""N"":-1}",1,1
scaffold_preserving_non_mmp_analogue,-4,-4,0,-3,-1,"{""C"":-1,""F"":-3}",1,1
scaffold_preserving_non_mmp_analogue,-4,-4,0,-3,0,"{""C"":-1,""Cl"":-1,""F"":-2}",1,1
scaffold_preserving_non_mmp_analogue,-4,-4,0,-3,0,"{""C"":-1,""N"":-1,""O"":-1,""S"":-1}",1,1
scaffold_preserving_non_mmp_analogue,-4,-4,0,-2,-1,"{""C"":-2,""F"":-3,""O"":1}",1,1
scaffold_preserving_non_mmp_analogue,-4,-4,0,-2,0,"{""C"":-2,""N"":-1,""O"":-1}",1,1
scaffold_preserving_non_mmp_analogue,-4,-4,0,-2,0,"{""C"":-2,""O"":-2}",1,1
scaffold_preserving_non_mmp_analogue,-4,-4,0,-1,0,"{""C"":-3,""O"":-1}",1,1
scaffold_preserving_non_mmp_analogue,-3,-3,0,-3,0,"{""Br"":1,""Cl"":-1,""F"":-3,""N"":1,""O"":-1}",1,1
scaffold_preserving_non_mmp_analogue,-3,-3,0,-3,0,"{""F"":-2,""O"":-1}",1,1
scaffold_preserving_non_mmp_analogue,-3,-3,0,-2,0,"{""Br"":1,""C"":-1,""F"":-2,""O"":-1}",1,1
scaffold_preserving_non_mmp_analogue,-3,-3,0,-2,0,"{""C"":-1,""F"":-3,""I"":1}",1,1
scaffold_preserving_non_mmp_analogue,-3,-3,0,-2,1,"{""C"":-1,""F"":-3,""N"":1}",1,1
scaffold_preserving_non_mmp_analogue,-3,-3,0,-1,-2,"{""C"":-2,""N"":-1}",1,1
scaffold_preserving_non_mmp_analogue,-3,-3,0,-1,0,"{""C"":-2,""N"":-1,""O"":-1,""P"":1}",1,1
scaffold_preserving_non_mmp_analogue,-3,-3,0,-1,0,"{""C"":-2,""S"":-1}",1,1
scaffold_preserving_non_mmp_analogue,-3,-3,0,-1,0,"{""C"":-2,""Si"":-1}",1,1
scaffold_preserving_non_mmp_analogue,-3,-3,0,-1,1,"{""C"":-2,""N"":-1,""O"":-1,""P"":1}",1,1
scaffold_preserving_non_mmp_analogue,-3,-3,0,0,0,"{""C"":-3,""Cl"":1,""F"":-1}",1,1
scaffold_preserving_non_mmp_analogue,-2,-2,0,-3,0,"{""C"":1,""N"":-1,""O"":-1,""S"":-1}",1,1
scaffold_preserving_non_mmp_analogue,-2,-2,0,-2,-1,"{""F"":-3,""O"":1}",1,1
scaffold_preserving_non_mmp_analogue,-2,-2,0,-2,-1,"{""N"":-1,""S"":-1}",1,1
scaffold_preserving_non_mmp_analogue,-2,-2,0,-2,-1,"{""O"":-2}",1,1
scaffold_preserving_non_mmp_analogue,-2,-2,0,-2,0,"{""Br"":1,""F"":-3}",1,1
scaffold_preserving_non_mmp_analogue,-2,-2,0,-2,0,"{""F"":-1,""O"":-1}",1,1
scaffold_preserving_non_mmp_analogue,-2,-2,0,-2,1,"{""F"":-3,""N"":1}",1,1
scaffold_preserving_non_mmp_analogue,-2,-2,0,-2,1,"{""N"":-1,""O"":-1}",1,1
scaffold_preserving_non_mmp_analogue,-2,-2,0,-1,0,"{""Br"":1,""C"":-1,""F"":-2}",1,1
scaffold_preserving_non_mmp_analogue,-2,-2,0,-1,0,"{""Br"":1,""C"":-1,""N"":-1,""S"":-1}",1,1
scaffold_preserving_non_mmp_analogue,-2,-2,0,-1,0,"{""C"":-1,""Cl"":-1}",1,1
scaffold_preserving_non_mmp_analogue,-2,-2,0,-1,0,"{""C"":-1,""F"":-2,""O"":1}",1,1
scaffold_preserving_non_mmp_analogue,-2,-2,0,-1,0,"{""C"":-1,""F"":1,""O"":-2}",1,1
scaffold_preserving_non_mmp_analogue,-2,-2,0,-1,0,"{""C"":-1,""N"":-1,""O"":-1,""P"":1}",1,1
scaffold_preserving_non_mmp_analogue,-2,-2,0,-1,0,"{""C"":-1,""N"":-1,""S"":-1,""Si"":1}",1,1
scaffold_preserving_non_mmp_analogue,-2,-2,0,-1,0,"{""C"":-1,""O"":-1,""S"":-1,""Si"":1}",1,1
scaffold_preserving_non_mmp_analogue,-2,-2,0,-1,0,"{""C"":-1,""O"":-2,""S"":1}",1,1
scaffold_preserving_non_mmp_analogue,-2,-2,0,-1,1,"{""C"":-1,""Cl"":1,""O"":-2}",1,1
scaffold_preserving_non_mmp_analogue,-2,-2,0,-1,1,"{""C"":-1,""N"":-1}",1,1
scaffold_preserving_non_mmp_analogue,-2,-2,0,-1,2,"{""C"":-1,""N"":1,""O"":-2}",1,1
scaffold_preserving_non_mmp_analogue,-2,-2,0,0,-1,"{""C"":-2}",1,1
scaffold_preserving_non_mmp_analogue,-2,-2,0,0,0,"{""Br"":1,""C"":-2,""N"":-1}",1,1
scaffold_preserving_non_mmp_analogue,-2,-2,0,0,0,"{""Br"":1,""C"":-2,""O"":-1}",1,1
scaffold_preserving_non_mmp_analogue,-2,-2,0,0,0,"{""C"":-2,""F"":1,""O"":-1}",1,1
scaffold_preserving_non_mmp_analogue,-2,-2,0,0,0,"{""C"":-2,""N"":-1,""S"":1}",1,1
scaffold_preserving_non_mmp_analogue,-2,-2,0,0,0,"{""C"":-2,""O"":-1,""S"":1}",1,1
scaffold_preserving_non_mmp_analogue,-2,-2,0,1,0,"{""C"":-3,""F"":1}",1,1
scaffold_preserving_non_mmp_analogue,-2,-2,0,1,0,"{""C"":-3,""O"":1}",1,1
scaffold_preserving_non_mmp_analogue,-1,-1,0,-2,0,"{""Br"":-1,""C"":1,""I"":1,""O"":-1,""S"":-1}",1,1
scaffold_preserving_non_mmp_analogue,-1,-1,0,-2,0,"{""C"":1,""N"":-1,""S"":-1}",1,1
scaffold_preserving_non_mmp_analogue,-1,-1,0,-2,1,"{""C"":1,""Cl"":1,""F"":-3,""N"":1,""O"":-1}",1,1
scaffold_preserving_non_mmp_analogue,-1,-1,0,-2,1,"{""C"":1,""F"":-2,""N"":1,""O"":-1}",1,1
scaffold_preserving_non_mmp_analogue,-1,-1,0,-2,1,"{""C"":1,""F"":-2}",1,1
scaffold_preserving_non_mmp_analogue,-1,-1,0,-2,1,"{""C"":1,""O"":-2}",1,1
scaffold_preserving_non_mmp_analogue,-1,-1,0,-1,-1,"{""F"":-1}",1,1
scaffold_preserving_non_mmp_analogue,-1,-1,0,-1,0,"{""B"":1,""Cl"":-1,""F"":-1,""N"":1,""O"":-1}",1,1
scaffold_preserving_non_mmp_analogue,-1,-1,0,-1,0,"{""Br"":1,""Cl"":-1,""I"":-1}",1,1
scaffold_preserving_non_mmp_analogue,-1,-1,0,-1,0,"{""Br"":1,""O"":-1,""S"":-1}",1,1
scaffold_preserving_non_mmp_analogue,-1,-1,0,-1,0,"{""Cl"":-1,""N"":-1,""S"":1}",1,1
scaffold_preserving_non_mmp_analogue,-1,-1,0,-1,0,"{""Cl"":1,""O"":-1,""S"":-1}",1,1
scaffold_preserving_non_mmp_analogue,-1,-1,0,-1,0,"{""F"":-1,""N"":1,""O"":-1}",1,1
scaffold_preserving_non_mmp_analogue,-1,-1,0,-1,0,"{""F"":1,""N"":-1,""O"":-1}",1,1
scaffold_preserving_non_mmp_analogue,-1,-1,0,-1,0,"{""F"":1,""O"":-1,""S"":-1}",1,1
scaffold_preserving_non_mmp_analogue,-1,-1,0,-1,0,"{""I"":-1}",1,1
scaffold_preserving_non_mmp_analogue,-1,-1,0,-1,0,"{""N"":-1,""O"":-1,""P"":1}",1,1
scaffold_preserving_non_mmp_analogue,-1,-1,0,-1,0,"{""N"":1,""O"":-2}",1,1
scaffold_preserving_non_mmp_analogue,-1,-1,0,-1,0,"{""O"":-1,""P"":-1,""S"":1}",1,1
scaffold_preserving_non_mmp_analogue,-1,-1,0,-1,0,"{""O"":-1,""S"":-1,""Si"":1}",1,1
scaffold_preserving_non_mmp_analogue,-1,-1,0,-1,1,"{""O"":-2,""S"":1}",1,1
scaffold_preserving_non_mmp_analogue,-1,-1,0,-1,1,"{""S"":-1}",1,1
scaffold_preserving_non_mmp_analogue,-1,-1,0,0,-1,"{""C"":-1,""N"":-1,""O"":1}",1,1
scaffold_preserving_non_mmp_analogue,-1,-1,0,0,-1,"{""C"":-1,""N"":-1,""S"":1}",1,1
scaffold_preserving_non_mmp_analogue,-1,-1,0,0,0,"{""B"":-1,""C"":-1,""Si"":1}",1,1
scaffold_preserving_non_mmp_analogue,-1,-1,0,0,0,"{""B"":1,""C"":-1,""N"":-1}",1,1
scaffold_preserving_non_mmp_analogue,-1,-1,0,0,0,"{""Br"":-1,""C"":-1,""F"":1}",1,1
scaffold_preserving_non_mmp_analogue,-1,-1,0,0,0,"{""Br"":1,""C"":-1,""S"":-1}",1,1
scaffold_preserving_non_mmp_analogue,-1,-1,0,0,0,"{""C"":-1,""Cl"":-1,""O"":1}",1,1
scaffold_preserving_non_mmp_analogue,-1,-1,0,0,0,"{""C"":-1,""Cl"":1,""S"":-1}",1,1
scaffold_preserving_non_mmp_analogue,-1,-1,0,0,0,"{""C"":-1,""F"":-1,""N"":1}",1,1
scaffold_preserving_non_mmp_analogue,-1,-1,0,0,0,"{""C"":-1,""I"":1,""N"":-1}",1,1
scaffold_preserving_non_mmp_analogue,-1,-1,0,0,0,"{""C"":-1,""I"":1,""S"":-1}",1,1
scaffold_preserving_non_mmp_analogue,-1,-1,0,0,0,"{""C"":-1,""O"":1,""S"":-1}",1,1
scaffold_preserving_non_mmp_analogue,-1,-1,0,0,0,"{""C"":-1,""S"":1,""Si"":-1}",1,1
scaffold_preserving_non_mmp_analogue,-1,-1,0,0,1,"{""C"":-1,""F"":-1,""N"":1}",1,1
scaffold_preserving_non_mmp_analogue,-1,-1,0,0,1,"{""C"":-1,""N"":-1,""P"":1}",1,1
scaffold_preserving_non_mmp_analogue,-1,-1,0,0,1,"{""C"":-1,""P"":1,""S"":-1}",1,1
scaffold_preserving_non_mmp_analogue,-1,-1,0,1,-1,"{""C"":-2,""N"":-1,""O"":1,""S"":1}",1,1
scaffold_preserving_non_mmp_analogue,-1,-1,0,1,0,"{""C"":-2,""F"":2,""O"":-1}",1,1
scaffold_preserving_non_mmp_analogue,-1,-1,0,1,1,"{""C"":-2,""O"":1}",1,1
scaffold_preserving_non_mmp_analogue,-1,-1,0,2,0,"{""C"":-3,""O"":1,""S"":1}",1,1
scaffold_preserving_non_mmp_analogue,0,0,0,-1,-1,"{""C"":1,""Cl"":-1}",1,1
scaffold_preserving_non_mmp_analogue,0,0,0,-1,-1,"{""C"":1,""F"":-3,""O"":2}",1,1
scaffold_preserving_non_mmp_analogue,0,0,0,-1,0,"{""B"":1,""C"":1,""O"":-1,""S"":-1}",1,1
scaffold_preserving_non_mmp_analogue,0,0,0,-1,0,"{""Br"":-1,""C"":1,""I"":1,""N"":-1}",1,1
scaffold_preserving_non_mmp_analogue,0,0,0,-1,0,"{""Br"":1,""C"":1,""O"":-1,""S"":-1}",1,1
scaffold_preserving_non_mmp_analogue,0,0,0,-1,0,"{""C"":1,""Cl"":-1,""F"":1,""O"":-1}",1,1
scaffold_preserving_non_mmp_analogue,0,0,0,-1,0,"{""C"":1,""Cl"":-1,""N"":1,""O"":-1}",1,1
scaffold_preserving_non_mmp_analogue,0,0,0,-1,0,"{""C"":1,""Cl"":-1,""O"":-1,""S"":1}",1,1
scaffold_preserving_non_mmp_analogue,0,0,0,-1,0,"{""C"":1,""F"":-2,""O"":1}",1,1
scaffold_preserving_non_mmp_analogue,0,0,0,-1,0,"{""C"":1,""F"":1,""N"":-1,""O"":-1}",1,1
scaffold_preserving_non_mmp_analogue,0,0,0,-1,0,"{""C"":1,""F"":1,""O"":-1,""S"":-1}",1,1
scaffold_preserving_non_mmp_analogue,0,0,0,-1,0,"{""C"":1,""F"":2,""O"":-2,""S"":-1}",1,1
scaffold_preserving_non_mmp_analogue,0,0,0,-1,0,"{""C"":1,""I"":1,""O"":-1,""S"":-1}",1,1
scaffold_preserving_non_mmp_analogue,0,0,0,-1,0,"{""C"":1,""O"":-1,""P"":1,""Si"":-1}",1,1
scaffold_preserving_non_mmp_analogue,0,0,0,-1,0,"{""C"":1,""P"":-1}",1,1
scaffold_preserving_non_mmp_analogue,0,0,0,-1,1,"{""C"":1,""F"":-1}",1,1
scaffold_preserving_non_mmp_analogue,0,0,0,-1,1,"{""C"":1,""F"":-2,""N"":1}",1,1
scaffold_preserving_non_mmp_analogue,0,0,0,-1,1,"{""C"":1,""N"":1,""O"":-1,""S"":-1}",1,1
scaffold_preserving_non_mmp_analogue,0,0,0,-1,1,"{""C"":1,""S"":-1}",1,1
scaffold_preserving_non_mmp_analogue,0,0,0,0,-2,{},1,1
scaffold_preserving_non_mmp_analogue,0,0,0,0,-1,"{""B"":1,""Si"":-1}",1,1
scaffold_preserving_non_mmp_analogue,0,0,0,0,-1,"{""Cl"":1,""N"":-1}",1,1
scaffold_preserving_non_mmp_analogue,0,0,0,0,-1,"{""F"":1,""N"":-1}",1,1
scaffold_preserving_non_mmp_analogue,0,0,0,0,-1,"{""N"":-1,""P"":1}",1,1
scaffold_preserving_non_mmp_analogue,0,0,0,0,-1,"{""N"":1,""O"":-1}",1,1
scaffold_preserving_non_mmp_analogue,0,0,0,0,0,"{""B"":1,""F"":-1}",1,1
scaffold_preserving_non_mmp_analogue,0,0,0,0,0,"{""B"":1,""O"":-1}",1,1
scaffold_preserving_non_mmp_analogue,0,0,0,0,0,"{""Br"":-1,""Cl"":-1,""F"":1,""I"":1}",1,1
scaffold_preserving_non_mmp_analogue,0,0,0,0,0,"{""Br"":-1,""Cl"":1,""I"":1,""O"":-1}",1,1
scaffold_preserving_non_mmp_analogue,0,0,0,0,0,"{""Br"":-1,""F"":-1,""O"":1,""S"":1}",1,1
scaffold_preserving_non_mmp_analogue,0,0,0,0,0,"{""Br"":-2,""Cl"":1,""I"":1}",1,1
scaffold_preserving_non_mmp_analogue,0,0,0,0,0,"{""Br"":1,""Cl"":-1,""I"":-1,""P"":1}",1,1
scaffold_preserving_non_mmp_analogue,0,0,0,0,0,"{""Br"":1,""Cl"":-1,""I"":-1,""S"":1}",1,1
scaffold_preserving_non_mmp_analogue,0,0,0,0,0,"{""Br"":1,""P"":-1}",1,1
scaffold_preserving_non_mmp_analogue,0,0,0,0,0,"{""Br"":2,""Cl"":-1,""I"":-1}",1,1
scaffold_preserving_non_mmp_analogue,0,0,0,0,0,"{""Cl"":1,""O"":-1,""P"":1,""S"":-1}",1,1
scaffold_preserving_non_mmp_analogue,0,0,0,0,0,"{""F"":-1,""P"":1}",1,1
scaffold_preserving_non_mmp_analogue,0,0,0,0,0,"{""F"":-3,""N"":1,""O"":2}",1,1
scaffold_preserving_non_mmp_analogue,0,0,0,0,0,"{""F"":1,""Si"":-1}",1,1
scaffold_preserving_non_mmp_analogue,0,0,0,0,0,"{""I"":-1,""P"":1}",1,1
scaffold_preserving_non_mmp_analogue,0,0,0,0,0,"{""I"":1,""O"":-1}",1,1
scaffold_preserving_non_mmp_analogue,0,0,0,0,0,"{""O"":-1,""P"":1}",1,1
scaffold_preserving_non_mmp_analogue,0,0,0,0,0,"{""O"":1,""P"":1,""S"":-2}",1,1
scaffold_preserving_non_mmp_analogue,0,0,0,0,0,"{""O"":1,""Si"":-1}",1,1
scaffold_preserving_non_mmp_analogue,0,0,0,0,1,"{""Br"":1,""F"":-1,""I"":-1,""N"":1}",1,1
scaffold_preserving_non_mmp_analogue,0,0,0,0,1,"{""Cl"":-1,""O"":1}",1,1
scaffold_preserving_non_mmp_analogue,0,0,0,0,1,"{""Cl"":1,""S"":-1}",1,1
scaffold_preserving_non_mmp_analogue,0,0,0,0,1,"{""F"":-1,""N"":1}",1,1
scaffold_preserving_non_mmp_analogue,0,0,0,0,1,"{""I"":-1,""S"":1}",1,1
scaffold_preserving_non_mmp_analogue,0,0,0,0,1,"{""I"":1,""O"":-1}",1,1
scaffold_preserving_non_mmp_analogue,0,0,0,0,1,"{""N"":1,""O"":1,""S"":-2}",1,1
scaffold_preserving_non_mmp_analogue,0,0,0,0,1,"{""O"":1,""S"":-1}",1,1
scaffold_preserving_non_mmp_analogue,0,0,0,0,1,"{""S"":-1,""Si"":1}",1,1
scaffold_preserving_non_mmp_analogue,0,0,0,0,2,{},1,1
scaffold_preserving_non_mmp_analogue,0,0,0,1,-2,"{""C"":-1,""N"":-1,""O"":2}",1,1
scaffold_preserving_non_mmp_analogue,0,0,0,1,-1,"{""B"":1,""C"":-1}",1,1
scaffold_preserving_non_mmp_analogue,0,0,0,1,-1,"{""C"":-1,""N"":-1,""O"":1,""S"":1}",1,1
scaffold_preserving_non_mmp_analogue,0,0,0,1,0,"{""Br"":-1,""C"":-1,""Cl"":1,""I"":1}",1,1
scaffold_preserving_non_mmp_analogue,0,0,0,1,0,"{""Br"":-1,""C"":-1,""O"":1,""P"":1}",1,1
scaffold_preserving_non_mmp_analogue,0,0,0,1,0,"{""C"":-1,""Cl"":1,""F"":-1,""O"":1}",1,1
scaffold_preserving_non_mmp_analogue,0,0,0,1,0,"{""C"":-1,""F"":-2,""N"":1,""O"":1,""S"":1}",1,1
scaffold_preserving_non_mmp_analogue,0,0,0,1,0,"{""C"":-1,""N"":-1,""O"":1,""S"":1}",1,1
scaffold_preserving_non_mmp_analogue,0,0,0,1,0,"{""C"":-1,""N"":-1,""O"":2,""S"":1,""Si"":-1}",1,1
scaffold_preserving_non_mmp_analogue,0,0,0,1,0,"{""C"":-1,""O"":1,""P"":1,""Si"":-1}",1,1
scaffold_preserving_non_mmp_analogue,0,0,0,1,0,"{""C"":-1,""O"":1,""S"":-1,""Si"":1}",1,1
scaffold_preserving_non_mmp_analogue,0,0,0,2,0,"{""B"":1,""C"":-2,""O"":1}",1,1
scaffold_preserving_non_mmp_analogue,0,0,0,2,0,"{""C"":-2,""N"":1,""O"":1}",1,1
scaffold_preserving_non_mmp_analogue,0,0,0,2,0,"{""C"":-2,""O"":1,""P"":1}",1,1
scaffold_preserving_non_mmp_analogue,0,0,0,2,0,"{""C"":-2,""O"":1,""S"":1}",1,1
scaffold_preserving_non_mmp_analogue,0,0,0,2,0,"{""C"":-2,""O"":2}",1,1
scaffold_preserving_non_mmp_analogue,1,1,0,-1,0,"{""C"":2,""F"":-1}",1,1
scaffold_preserving_non_mmp_analogue,1,1,0,-1,0,"{""C"":2,""F"":-3,""N"":1,""O"":1}",1,1
scaffold_preserving_non_mmp_analogue,1,1,0,-1,1,"{""C"":2,""F"":-1,""N"":1,""O"":-1}",1,1
scaffold_preserving_non_mmp_analogue,1,1,0,0,-1,"{""B"":1,""C"":1,""Si"":-1}",1,1
scaffold_preserving_non_mmp_analogue,1,1,0,0,0,"{""B"":-1,""C"":1,""Si"":1}",1,1
scaffold_preserving_non_mmp_analogue,1,1,0,0,0,"{""B"":1,""C"":1,""F"":-1}",1,1
scaffold_preserving_non_mmp_analogue,1,1,0,0,0,"{""B"":1,""C"":1,""F"":1,""O"":-1,""S"":-1}",1,1
scaffold_preserving_non_mmp_analogue,1,1,0,0,0,"{""B"":1,""C"":1,""N"":1,""O"":-1,""Si"":-1}",1,1
scaffold_preserving_non_mmp_analogue,1,1,0,0,0,"{""Br"":-1,""C"":1,""F"":1}",1,1
scaffold_preserving_non_mmp_analogue,1,1,0,0,0,"{""Br"":-1,""C"":1,""I"":1}",1,1
scaffold_preserving_non_mmp_analogue,1,1,0,0,0,"{""Br"":-1,""C"":1,""N"":1}",1,1
scaffold_preserving_non_mmp_analogue,1,1,0,0,0,"{""Br"":1,""C"":1,""F"":-1}",1,1
scaffold_preserving_non_mmp_analogue,1,1,0,0,0,"{""Br"":1,""C"":1,""I"":-1}",1,1
scaffold_preserving_non_mmp_analogue,1,1,0,0,0,"{""Br"":1,""C"":1,""S"":-1}",1,1
scaffold_preserving_non_mmp_analogue,1,1,0,0,0,"{""Br"":1,""C"":1,""Si"":-1}",1,1
scaffold_preserving_non_mmp_analogue,1,1,0,0,0,"{""C"":1,""Cl"":1,""F"":-3,""N"":1,""O"":1}",1,1
scaffold_preserving_non_mmp_analogue,1,1,0,0,0,"{""C"":1,""Cl"":1,""N"":-1}",1,1
scaffold_preserving_non_mmp_analogue,1,1,0,0,0,"{""C"":1,""Cl"":1,""Si"":-1}",1,1
scaffold_preserving_non_mmp_analogue,1,1,0,0,0,"{""C"":1,""F"":-1,""S"":1}",1,1
scaffold_preserving_non_mmp_analogue,1,1,0,0,0,"{""C"":1,""F"":1,""I"":-1}",1,1
scaffold_preserving_non_mmp_analogue,1,1,0,0,0,"{""C"":1,""I"":-1,""O"":1}",1,1
scaffold_preserving_non_mmp_analogue,1,1,0,0,0,"{""C"":1,""N"":1,""O"":-1,""P"":1,""S"":-1}",1,1
scaffold_preserving_non_mmp_analogue,1,1,0,0,0,"{""C"":1,""O"":-1,""P"":1}",1,1
scaffold_preserving_non_mmp_analogue,1,1,0,0,0,"{""C"":1,""S"":1,""Si"":-1}",1,1
scaffold_preserving_non_mmp_analogue,1,1,0,0,1,"{""Br"":-1,""C"":1,""N"":1}",1,1
scaffold_preserving_non_mmp_analogue,1,1,0,0,1,"{""Br"":1,""C"":1,""O"":-1}",1,1
scaffold_preserving_non_mmp_analogue,1,1,0,0,1,"{""C"":1,""N"":1,""S"":-1}",1,1
scaffold_preserving_non_mmp_analogue,1,1,0,1,-2,"{""N"":-1,""O"":1,""P"":1}",1,1
scaffold_preserving_non_mmp_analogue,1,1,0,1,-2,"{""N"":-1,""O"":2}",1,1
scaffold_preserving_non_mmp_analogue,1,1,0,1,-2,"{""O"":1}",1,1
scaffold_preserving_non_mmp_analogue,1,1,0,1,-1,"{""N"":-1,""O"":1,""S"":1}",1,1
scaffold_preserving_non_mmp_analogue,1,1,0,1,-1,"{""O"":1,""P"":1,""S"":-1}",1,1
scaffold_preserving_non_mmp_analogue,1,1,0,1,-1,"{""Si"":1}",1,1
scaffold_preserving_non_mmp_analogue,1,1,0,1,0,"{""B"":1,""Cl"":-1,""O"":1}",1,1
scaffold_preserving_non_mmp_analogue,1,1,0,1,0,"{""Br"":-1,""Cl"":1,""I"":1}",1,1
scaffold_preserving_non_mmp_analogue,1,1,0,1,0,"{""Br"":1,""I"":-1,""O"":1}",1,1
scaffold_preserving_non_mmp_analogue,1,1,0,1,0,"{""Br"":1,""I"":-1,""S"":1}",1,1
scaffold_preserving_non_mmp_analogue,1,1,0,1,0,"{""Br"":1,""N"":1,""O"":-1}",1,1
scaffold_preserving_non_mmp_analogue,1,1,0,1,0,"{""Cl"":-1,""F"":2,""O"":-1,""S"":1}",1,1
scaffold_preserving_non_mmp_analogue,1,1,0,1,0,"{""Cl"":-1,""O"":1,""P"":1}",1,1
scaffold_preserving_non_mmp_analogue,1,1,0,1,0,"{""Cl"":-1,""O"":1,""S"":1}",1,1
scaffold_preserving_non_mmp_analogue,1,1,0,1,0,"{""Cl"":1,""N"":-1,""O"":1}",1,1
scaffold_preserving_non_mmp_analogue,1,1,0,1,0,"{""F"":-1,""N"":1,""O"":1}",1,1
scaffold_preserving_non_mmp_analogue,1,1,0,1,0,"{""F"":1,""I"":-1,""S"":1}",1,1
scaffold_preserving_non_mmp_analogue,1,1,0,1,0,"{""F"":1,""N"":-1,""O"":1}",1,1
scaffold_preserving_non_mmp_analogue,1,1,0,1,0,"{""F"":1,""N"":1,""O"":-1}",1,1
scaffold_preserving_non_mmp_analogue,1,1,0,1,0,"{""I"":-1,""O"":1,""S"":1}",1,1
scaffold_preserving_non_mmp_analogue,1,1,0,1,0,"{""I"":1,""O"":1,""S"":-1}",1,1
scaffold_preserving_non_mmp_analogue,1,1,0,1,0,"{""O"":2,""S"":-1}",1,1
scaffold_preserving_non_mmp_analogue,1,1,0,1,1,"{""Cl"":-1,""N"":1,""O"":1}",1,1
scaffold_preserving_non_mmp_analogue,1,1,0,2,-1,"{""C"":-1,""F"":2}",1,1
scaffold_preserving_non_mmp_analogue,1,1,0,2,-1,"{""C"":-1,""O"":2}",1,1
scaffold_preserving_non_mmp_analogue,1,1,0,2,0,"{""B"":1,""C"":-1,""O"":1}",1,1
scaffold_preserving_non_mmp_analogue,1,1,0,2,0,"{""Br"":1,""C"":-1,""F"":1}",1,1
scaffold_preserving_non_mmp_analogue,1,1,0,2,0,"{""C"":-1,""F"":1,""O"":1}",1,1
scaffold_preserving_non_mmp_analogue,1,1,0,2,0,"{""C"":-1,""N"":1,""O"":1,""P"":1,""Si"":-1}",1,1
scaffold_preserving_non_mmp_analogue,2,2,0,0,0,"{""B"":-1,""C"":2,""O"":1}",1,1
scaffold_preserving_non_mmp_analogue,2,2,0,0,0,"{""C"":2,""F"":-1,""N"":1}",1,1
scaffold_preserving_non_mmp_analogue,2,2,0,0,0,"{""C"":2,""N"":1,""S"":-1}",1,1
scaffold_preserving_non_mmp_analogue,2,2,0,0,1,"{""C"":2,""N"":1,""O"":-1}",1,1
scaffold_preserving_non_mmp_analogue,2,2,0,1,-2,"{""C"":1,""N"":-1,""O"":2}",1,1
scaffold_preserving_non_mmp_analogue,2,2,0,1,-1,"{""Br"":-1,""C"":1,""O"":2}",1,1
scaffold_preserving_non_mmp_analogue,2,2,0,1,-1,"{""C"":1,""N"":1}",1,1
scaffold_preserving_non_mmp_analogue,2,2,0,1,0,"{""Br"":-1,""C"":1,""F"":2}",1,1
scaffold_preserving_non_mmp_analogue,2,2,0,1,0,"{""Br"":1,""C"":1,""F"":-1,""O"":1}",1,1
scaffold_preserving_non_mmp_analogue,2,2,0,1,0,"{""C"":1,""Cl"":-1,""F"":1,""N"":-1,""O"":1,""S"":1}",1,1
scaffold_preserving_non_mmp_analogue,2,2,0,1,0,"{""C"":1,""F"":-1,""N"":1,""O"":1}",1,1
scaffold_preserving_non_mmp_analogue,2,2,0,1,0,"{""C"":1,""F"":2,""N"":-1}",1,1
scaffold_preserving_non_mmp_analogue,2,2,0,1,0,"{""C"":1,""O"":1,""P"":1,""S"":-1}",1,1
scaffold_preserving_non_mmp_analogue,2,2,0,1,0,"{""C"":1,""O"":1,""P"":1,""Si"":-1}",1,1
scaffold_preserving_non_mmp_analogue,2,2,0,1,0,"{""C"":1,""P"":1}",1,1
scaffold_preserving_non_mmp_analogue,2,2,0,1,1,"{""Br"":1,""C"":1}",1,1
scaffold_preserving_non_mmp_analogue,2,2,0,1,1,"{""C"":1,""Cl"":-1,""N"":1,""O"":1}",1,1
scaffold_preserving_non_mmp_analogue,2,2,0,1,1,"{""C"":1,""F"":1}",1,1
scaffold_preserving_non_mmp_analogue,2,2,0,1,1,"{""C"":1,""F"":2,""O"":-1}",1,1
scaffold_preserving_non_mmp_analogue,2,2,0,1,2,"{""C"":1,""Cl"":1}",1,1
scaffold_preserving_non_mmp_analogue,2,2,0,2,-1,"{""F"":-1,""N"":1,""O"":1,""S"":1}",1,1
scaffold_preserving_non_mmp_analogue,2,2,0,2,0,"{""B"":1,""O"":1}",1,1
scaffold_preserving_non_mmp_analogue,2,2,0,2,0,"{""Br"":1,""N"":1}",1,1
scaffold_preserving_non_mmp_analogue,2,2,0,2,0,"{""F"":-1,""N"":1,""O"":1,""S"":1}",1,1
scaffold_preserving_non_mmp_analogue,2,2,0,2,0,"{""F"":1,""N"":1}",1,1
scaffold_preserving_non_mmp_analogue,2,2,0,2,0,"{""N"":-1,""O"":2,""S"":1}",1,1
scaffold_preserving_non_mmp_analogue,2,2,0,2,0,"{""N"":1,""S"":1}",1,1
scaffold_preserving_non_mmp_analogue,2,2,0,2,1,"{""F"":-1,""N"":1,""O"":2}",1,1
scaffold_preserving_non_mmp_analogue,2,2,0,2,1,"{""F"":1,""N"":1}",1,1
scaffold_preserving_non_mmp_analogue,2,2,0,2,1,"{""O"":2}",1,1
scaffold_preserving_non_mmp_analogue,3,3,0,1,1,"{""C"":2,""N"":1}",1,1
scaffold_preserving_non_mmp_analogue,3,3,0,2,-1,"{""C"":1,""O"":1,""S"":1}",1,1
scaffold_preserving_non_mmp_analogue,3,3,0,2,0,"{""C"":1,""Cl"":-1,""F"":3}",1,1
scaffold_preserving_non_mmp_analogue,3,3,0,2,0,"{""C"":1,""F"":1,""N"":1}",1,1
scaffold_preserving_non_mmp_analogue,3,3,0,2,0,"{""C"":1,""O"":1,""S"":1}",1,1
scaffold_preserving_non_mmp_analogue,3,3,0,3,0,"{""F"":2,""S"":1}",1,1
scaffold_preserving_non_mmp_analogue,3,3,0,3,0,"{""O"":2,""S"":1}",1,1
scaffold_preserving_non_mmp_analogue,4,4,0,2,0,"{""C"":2,""O"":2}",1,1
scaffold_preserving_non_mmp_analogue,4,4,0,4,0,"{""N"":1,""O"":2,""S"":1}",1,1
acyclic_non_mmp_analogue,-11,-11,0,-5,0,"{""C"":-6,""N"":-3,""O"":-2}",1,1
acyclic_non_mmp_analogue,-10,-10,0,-4,-1,"{""C"":-6,""N"":-3,""O"":-1}",1,1
acyclic_non_mmp_analogue,-10,-10,0,-3,0,"{""C"":-7,""N"":-1,""O"":-2}",1,1
acyclic_non_mmp_analogue,-10,-10,0,-3,0,"{""C"":-7,""O"":-3}",1,1
acyclic_non_mmp_analogue,-9,-9,0,-3,0,"{""C"":-6,""N"":-3}",1,1
acyclic_non_mmp_analogue,-8,-8,0,-2,0,"{""C"":-6,""N"":-2}",1,1
acyclic_non_mmp_analogue,-8,-8,0,-2,0,"{""C"":-6,""N"":-3,""S"":1}",1,1
acyclic_non_mmp_analogue,-8,-8,0,-2,0,"{""C"":-6,""O"":-2}",1,1
acyclic_non_mmp_analogue,-6,-6,0,-4,0,"{""C"":-2,""Cl"":1,""F"":-5}",1,1
acyclic_non_mmp_analogue,-5,-5,0,-4,0,"{""C"":-1,""F"":-5,""N"":1}",1,1
acyclic_non_mmp_analogue,-5,-5,0,-2,0,"{""C"":-3,""O"":-2}",1,1
acyclic_non_mmp_analogue,-4,-4,0,-1,0,"{""C"":-3,""N"":-1}",1,1
acyclic_non_mmp_analogue,-3,-3,0,-2,0,"{""C"":-1,""N"":-1,""O"":-1}",1,1
acyclic_non_mmp_analogue,-3,-3,0,-2,0,"{""C"":-1,""N"":-2}",1,1
acyclic_non_mmp_analogue,-3,-3,0,-1,0,"{""C"":-2,""N"":-1,""O"":-1,""S"":1}",1,1
acyclic_non_mmp_analogue,-2,-2,0,-2,0,"{""B"":-1,""F"":-1}",1,1
acyclic_non_mmp_analogue,-2,-2,0,-2,0,"{""F"":-2}",1,1
acyclic_non_mmp_analogue,-2,-2,0,-2,0,"{""O"":-1,""P"":-1}",1,1
acyclic_non_mmp_analogue,-2,-2,0,-2,0,"{""O"":-2}",1,1
acyclic_non_mmp_analogue,-2,-2,0,-1,-1,"{""C"":-1,""O"":-1}",1,1
acyclic_non_mmp_analogue,-2,-2,0,-1,0,"{""B"":1,""C"":-1,""O"":-2}",1,1
acyclic_non_mmp_analogue,-2,-2,0,-1,0,"{""Br"":1,""C"":-1,""F"":-1,""I"":-1}",1,1
acyclic_non_mmp_analogue,-2,-2,0,-1,0,"{""Br"":1,""C"":-1,""F"":-2}",1,1
acyclic_non_mmp_analogue,-2,-2,0,-1,0,"{""Br"":1,""C"":-1,""O"":-2}",1,1
acyclic_non_mmp_analogue,-2,-2,0,-1,0,"{""C"":-1,""N"":-1,""O"":-1,""S"":1}",1,1
acyclic_non_mmp_analogue,-2,-2,0,-1,0,"{""C"":-1,""O"":-1,""P"":-1,""Si"":1}",1,1
acyclic_non_mmp_analogue,-2,-2,0,-1,0,"{""C"":-1,""S"":-1}",1,1
acyclic_non_mmp_analogue,-2,-2,0,0,-1,"{""C"":-2,""F"":1,""O"":-1}",1,1
acyclic_non_mmp_analogue,-2,-2,0,0,0,"{""B"":1,""C"":-2,""N"":-1}",1,1
acyclic_non_mmp_analogue,-2,-2,0,0,0,"{""B"":1,""C"":-2,""S"":-1}",1,1
acyclic_non_mmp_analogue,-2,-2,0,0,0,"{""Br"":1,""C"":-2,""S"":-1}",1,1
acyclic_non_mmp_analogue,-2,-2,0,0,0,"{""C"":-2,""F"":1,""O"":-1}",1,1
acyclic_non_mmp_analogue,-2,-2,0,0,0,"{""C"":-2,""N"":-1,""S"":1}",1,1
acyclic_non_mmp_analogue,-2,-2,0,1,0,"{""C"":-3,""N"":1}",1,1
acyclic_non_mmp_analogue,-1,-1,0,-2,0,"{""C"":1,""O"":-1,""S"":-1}",1,1
acyclic_non_mmp_analogue,-1,-1,0,-2,0,"{""C"":1,""O"":-2}",1,1
acyclic_non_mmp_analogue,-1,-1,0,-2,1,"{""C"":1,""F"":-1,""N"":1,""O"":-1,""P"":-1}",1,1
acyclic_non_mmp_analogue,-1,-1,0,-1,-1,"{""F"":-2,""O"":1}",1,1
acyclic_non_mmp_analogue,-1,-1,0,-1,0,"{""F"":-1,""N"":-1,""O"":1}",1,1
acyclic_non_mmp_analogue,-1,-1,0,-1,0,"{""F"":-2,""N"":1}",1,1
acyclic_non_mmp_analogue,-1,-1,0,-1,0,"{""F"":-2,""Si"":1}",1,1
acyclic_non_mmp_analogue,-1,-1,0,-1,0,"{""F"":1,""O"":-2}",1,1
acyclic_non_mmp_analogue,-1,-1,0,-1,0,"{""I"":-1,""N"":1,""O"":-1}",1,1
acyclic_non_mmp_analogue,-1,-1,0,-1,0,"{""N"":-1,""O"":-1,""S"":1}",1,1
acyclic_non_mmp_analogue,-1,-1,0,-1,0,"{""N"":-1,""O"":1,""S"":-1}",1,1
acyclic_non_mmp_analogue,-1,-1,0,-1,0,"{""N"":-1,""P"":-1,""S"":1}",1,1
acyclic_non_mmp_analogue,-1,-1,0,-1,0,"{""O"":-1,""S"":-1,""Si"":1}",1,1
acyclic_non_mmp_analogue,-1,-1,0,-1,0,"{""O"":-2,""Si"":1}",1,1
acyclic_non_mmp_analogue,-1,-1,0,-1,1,"{""N"":-1}",1,1
acyclic_non_mmp_analogue,-1,-1,0,-1,1,"{""S"":-1}",1,1
acyclic_non_mmp_analogue,-1,-1,0,0,-1,"{""C"":-1,""F"":1,""N"":-1}",1,1
acyclic_non_mmp_analogue,-1,-1,0,0,-1,"{""C"":-1,""F"":1,""O"":-1}",1,1
acyclic_non_mmp_analogue,-1,-1,0,0,0,"{""B"":1,""C"":-1,""N"":-1}",1,1
acyclic_non_mmp_analogue,-1,-1,0,0,0,"{""B"":1,""C"":-1,""S"":-1}",1,1
acyclic_non_mmp_analogue,-1,-1,0,0,0,"{""Br"":1,""C"":-1,""Cl"":-1}",1,1
acyclic_non_mmp_analogue,-1,-1,0,0,0,"{""Br"":1,""C"":-1,""I"":-1}",1,1
acyclic_non_mmp_analogue,-1,-1,0,0,0,"{""Br"":1,""C"":-1,""S"":-1}",1,1
acyclic_non_mmp_analogue,-1,-1,0,0,0,"{""C"":-1,""Cl"":-1,""F"":1}",1,1
acyclic_non_mmp_analogue,-1,-1,0,0,0,"{""C"":-1,""Cl"":-1,""O"":1,""P"":1,""S"":-1}",1,1
acyclic_non_mmp_analogue,-1,-1,0,0,0,"{""C"":-1,""Cl"":-1,""O"":1}",1,1
acyclic_non_mmp_analogue,-1,-1,0,0,0,"{""C"":-1,""Cl"":-1,""P"":1}",1,1
acyclic_non_mmp_analogue,-1,-1,0,0,0,"{""C"":-1,""Cl"":1,""F"":-1,""N"":-1,""O"":1}",1,1
acyclic_non_mmp_analogue,-1,-1,0,0,0,"{""C"":-1,""Cl"":1,""S"":-1}",1,1
acyclic_non_mmp_analogue,-1,-1,0,0,0,"{""C"":-1,""I"":1,""S"":-1}",1,1
acyclic_non_mmp_analogue,-1,-1,0,0,0,"{""C"":-1,""N"":-1,""Si"":1}",1,1
acyclic_non_mmp_analogue,-1,-1,0,0,0,"{""C"":-1,""O"":1,""S"":-1}",1,1
acyclic_non_mmp_analogue,-1,-1,0,0,1,"{""C"":-1,""N"":1,""O"":-1}",1,1
acyclic_non_mmp_analogue,-1,-1,0,0,1,"{""C"":-1,""O"":-1,""P"":1}",1,1
acyclic_non_mmp_analogue,-1,-1,0,1,-1,"{""C"":-2,""F"":1}",1,1
acyclic_non_mmp_analogue,-1,-1,0,1,0,"{""B"":1,""C"":-2}",1,1
acyclic_non_mmp_analogue,-1,-1,0,1,0,"{""C"":-2,""Cl"":1}",1,1
acyclic_non_mmp_analogue,-1,-1,0,1,0,"{""C"":-2,""F"":1}",1,1
acyclic_non_mmp_analogue,-1,-1,0,1,0,"{""C"":-2,""S"":1}",1,1
acyclic_non_mmp_analogue,-1,-1,0,1,0,"{""C"":-2,""Si"":1}",1,1
acyclic_non_mmp_analogue,0,0,0,-1,-1,"{""C"":1,""O"":-1}",1,1
acyclic_non_mmp_analogue,0,0,0,-1,0,"{""B"":-1,""Br"":1,""C"":1,""N"":1,""O"":-1,""S"":-1}",1,1
acyclic_non_mmp_analogue,0,0,0,-1,0,"{""B"":-1,""C"":1,""F"":1,""O"":-1}",1,1
acyclic_non_mmp_analogue,0,0,0,-1,0,"{""C"":1,""I"":-1}",1,1
acyclic_non_mmp_analogue,0,0,0,-1,0,"{""C"":1,""I"":1,""O"":-1,""S"":-1}",1,1
acyclic_non_mmp_analogue,0,0,0,-1,0,"{""C"":1,""N"":-1,""O"":1,""S"":-1}",1,1
acyclic_non_mmp_analogue,0,0,0,-1,0,"{""C"":1,""O"":-1,""P"":-1,""S"":1}",1,1
acyclic_non_mmp_analogue,0,0,0,-1,1,"{""Br"":1,""C"":1,""N"":-1,""S"":-1}",1,1
acyclic_non_mmp_analogue,0,0,0,-1,1,"{""C"":1,""F"":-1,""P"":-1,""S"":1}",1,1
acyclic_non_mmp_analogue,0,0,0,-1,1,"{""C"":1,""F"":-1}",1,1
acyclic_non_mmp_analogue,0,0,0,-1,1,"{""C"":1,""I"":1,""N"":-1,""S"":-1}",1,1
acyclic_non_mmp_analogue,0,0,0,-1,1,"{""C"":1,""I"":1,""O"":-1,""S"":-1}",1,1
acyclic_non_mmp_analogue,0,0,0,-1,1,"{""C"":1,""N"":1,""O"":-1,""S"":-1}",1,1
acyclic_non_mmp_analogue,0,0,0,-1,1,"{""C"":1,""O"":-1,""P"":1,""S"":-1}",1,1
acyclic_non_mmp_analogue,0,0,0,-1,1,"{""C"":1,""S"":-1}",1,1
acyclic_non_mmp_analogue,0,0,0,0,-2,"{""N"":-1,""O"":1}",1,1
acyclic_non_mmp_analogue,0,0,0,0,-1,"{""F"":-1,""O"":1}",1,1
acyclic_non_mmp_analogue,0,0,0,0,0,"{""B"":-1,""Br"":1,""S"":-1,""Si"":1}",1,1
acyclic_non_mmp_analogue,0,0,0,0,0,"{""B"":-1,""N"":1,""S"":-1,""Si"":1}",1,1
acyclic_non_mmp_analogue,0,0,0,0,0,"{""B"":1,""F"":-1}",1,1
acyclic_non_mmp_analogue,0,0,0,0,0,"{""B"":1,""N"":-1}",1,1
acyclic_non_mmp_analogue,0,0,0,0,0,"{""B"":1,""O"":-1}",1,1
acyclic_non_mmp_analogue,0,0,0,0,0,"{""Br"":1,""Cl"":-1,""I"":-1,""P"":1}",1,1
acyclic_non_mmp_analogue,0,0,0,0,0,"{""Br"":1,""I"":-1,""P"":-1,""S"":1}",1,1
acyclic_non_mmp_analogue,0,0,0,0,0,"{""Cl"":-1,""Si"":1}",1,1
acyclic_non_mmp_analogue,0,0,0,0,0,"{""Cl"":1,""F"":-1,""O"":1,""S"":-1}",1,1
acyclic_non_mmp_analogue,0,0,0,0,0,"{""Cl"":1,""I"":-1}",1,1
acyclic_non_mmp_analogue,0,0,0,0,0,"{""Cl"":1,""N"":1,""O"":-1,""S"":-1}",1,1
acyclic_non_mmp_analogue,0,0,0,0,0,"{""Cl"":1,""O"":-1,""P"":-1,""Si"":1}",1,1
acyclic_non_mmp_analogue,0,0,0,0,0,"{""F"":-1,""O"":1,""P"":1,""S"":-1}",1,1
acyclic_non_mmp_analogue,0,0,0,0,0,"{""F"":-1,""S"":1}",1,1
acyclic_non_mmp_analogue,0,0,0,0,0,"{""F"":1,""I"":-1}",1,1
acyclic_non_mmp_analogue,0,0,0,0,0,"{""F"":1,""O"":-1,""P"":-1,""Si"":1}",1,1
acyclic_non_mmp_analogue,0,0,0,0,0,"{""I"":-1,""P"":-1,""S"":1,""Si"":1}",1,1
acyclic_non_mmp_analogue,0,0,0,0,0,"{""I"":1,""O"":-1}",1,1
acyclic_non_mmp_analogue,0,0,0,0,0,"{""N"":1,""P"":1,""S"":-2}",1,1
acyclic_non_mmp_analogue,0,0,0,0,1,"{""Br"":1,""O"":-1}",1,1
acyclic_non_mmp_analogue,0,0,0,0,1,"{""F"":-1,""N"":1}",1,1
acyclic_non_mmp_analogue,0,0,0,0,1,"{""F"":-1,""P"":1}",1,1
acyclic_non_mmp_analogue,0,0,0,0,1,"{""I"":1,""O"":-1}",1,1
acyclic_non_mmp_analogue,0,0,0,0,1,"{""N"":1,""O"":-1,""S"":-1,""Si"":1}",1,1
acyclic_non_mmp_analogue,0,0,0,0,1,"{""O"":-1,""P"":1}",1,1
acyclic_non_mmp_analogue,0,0,0,0,2,"{""N"":1,""O"":-1}",1,1
acyclic_non_mmp_analogue,0,0,0,1,-1,"{""B"":1,""C"":-1}",1,1
acyclic_non_mmp_analogue,0,0,0,1,-1,"{""C"":-1,""F"":1}",1,1
acyclic_non_mmp_analogue,0,0,0,1,-1,"{""C"":-1,""S"":1}",1,1
acyclic_non_mmp_analogue,0,0,0,1,0,"{""Br"":1,""C"":-1,""I"":-1,""S"":1}",1,1
acyclic_non_mmp_analogue,0,0,0,1,0,"{""Br"":2,""C"":-1,""Cl"":-1,""I"":-1,""S"":1}",1,1
acyclic_non_mmp_analogue,0,0,0,1,0,"{""C"":-1,""Cl"":-1,""O"":1,""S"":1}",1,1
acyclic_non_mmp_analogue,0,0,0,1,0,"{""C"":-1,""Cl"":1,""N"":1,""S"":-1}",1,1
acyclic_non_mmp_analogue,0,0,0,1,0,"{""C"":-1,""F"":1,""I"":-1,""S"":1}",1,1
acyclic_non_mmp_analogue,0,0,0,1,0,"{""C"":-1,""N"":-1,""O"":1,""S"":1}",1,1
acyclic_non_mmp_analogue,0,0,0,1,0,"{""C"":-1,""N"":1,""S"":-1,""Si"":1}",1,1
acyclic_non_mmp_analogue,0,0,0,1,0,"{""C"":-1,""O"":1,""P"":1,""S"":-1}",1,1
acyclic_non_mmp_analogue,0,0,0,1,1,"{""C"":-1,""N"":1}",1,1
acyclic_non_mmp_analogue,1,1,0,0,-1,"{""C"":1,""F"":-1,""O"":1}",1,1
acyclic_non_mmp_analogue,1,1,0,0,0,"{""B"":-1,""C"":1,""N"":1,""S"":-1,""Si"":1}",1,1
acyclic_non_mmp_analogue,1,1,0,0,0,"{""B"":-1,""C"":1,""Si"":1}",1,1
acyclic_non_mmp_analogue,1,1,0,0,0,"{""B"":1,""C"":1,""O"":-1}",1,1
acyclic_non_mmp_analogue,1,1,0,0,0,"{""Br"":1,""C"":1,""Cl"":-1,""I"":-1,""N"":1}",1,1
acyclic_non_mmp_analogue,1,1,0,0,0,"{""Br"":1,""C"":1,""F"":-1}",1,1
acyclic_non_mmp_analogue,1,1,0,0,0,"{""C"":1,""F"":-1,""O"":1,""P"":-1,""S"":1}",1,1
acyclic_non_mmp_analogue,1,1,0,0,0,"{""C"":1,""N"":1,""O"":-1,""S"":-1,""Si"":1}",1,1
acyclic_non_mmp_analogue,1,1,0,0,0,"{""C"":1,""O"":-1,""S"":1}",1,1
acyclic_non_mmp_analogue,1,1,0,0,0,"{""C"":1,""S"":-1,""Si"":1}",1,1
acyclic_non_mmp_analogue,1,1,0,0,1,"{""C"":1,""F"":-1,""N"":1}",1,1
acyclic_non_mmp_analogue,1,1,0,0,1,"{""C"":1,""F"":-1,""O"":1}",1,1
acyclic_non_mmp_analogue,1,1,0,0,1,"{""C"":1,""N"":-1,""O"":1,""P"":1,""S"":-1}",1,1
acyclic_non_mmp_analogue,1,1,0,0,1,"{""C"":1,""N"":1,""S"":-1}",1,1
acyclic_non_mmp_analogue,1,1,0,1,-1,"{""B"":1}",1,1
acyclic_non_mmp_analogue,1,1,0,1,-1,"{""F"":1}",1,1
acyclic_non_mmp_analogue,1,1,0,1,-1,"{""S"":1}",1,1
acyclic_non_mmp_analogue,1,1,0,1,0,"{""B"":-1,""Cl"":1,""N"":1,""S"":-1,""Si"":1}",1,1
acyclic_non_mmp_analogue,1,1,0,1,0,"{""Br"":1,""P"":-1,""S"":1}",1,1
acyclic_non_mmp_analogue,1,1,0,1,0,"{""Cl"":-1,""O"":1,""S"":1}",1,1
acyclic_non_mmp_analogue,1,1,0,1,0,"{""F"":-1,""O"":1,""S"":1}",1,1
acyclic_non_mmp_analogue,1,1,0,1,0,"{""F"":-2,""O"":2,""S"":1}",1,1
acyclic_non_mmp_analogue,1,1,0,1,0,"{""F"":1,""I"":-1,""P"":1}",1,1
acyclic_non_mmp_analogue,1,1,0,1,0,"{""F"":1,""P"":1,""S"":-1}",1,1
acyclic_non_mmp_analogue,1,1,0,1,0,"{""F"":2,""I"":-1}",1,1
acyclic_non_mmp_analogue,1,1,0,1,0,"{""I"":-1,""O"":1,""P"":1}",1,1
acyclic_non_mmp_analogue,1,1,0,1,0,"{""I"":-1,""P"":1,""Si"":1}",1,1
acyclic_non_mmp_analogue,1,1,0,1,0,"{""I"":1,""N"":-1,""O"":1}",1,1
acyclic_non_mmp_analogue,1,1,0,1,0,"{""N"":-1,""O"":1,""S"":1}",1,1
acyclic_non_mmp_analogue,1,1,0,1,0,"{""N"":1,""O"":1,""S"":-1}",1,1
acyclic_non_mmp_analogue,1,1,0,1,0,"{""P"":-1,""S"":1,""Si"":1}",1,1
acyclic_non_mmp_analogue,1,1,0,1,1,"{""B"":1}",1,1
acyclic_non_mmp_analogue,1,1,0,1,1,"{""O"":1}",1,1
acyclic_non_mmp_analogue,1,1,0,1,2,"{""O"":1}",1,1
acyclic_non_mmp_analogue,1,1,0,2,0,"{""C"":-1,""N"":1,""S"":1}",1,1
acyclic_non_mmp_analogue,1,1,0,2,0,"{""C"":-1,""O"":1,""P"":1}",1,1
acyclic_non_mmp_analogue,2,2,0,0,0,"{""C"":2,""F"":-1,""N"":1}",1,1
acyclic_non_mmp_analogue,2,2,0,1,0,"{""B"":1,""C"":1}",1,1
acyclic_non_mmp_analogue,2,2,0,1,0,"{""C"":1,""F"":2,""I"":-1}",1,1
acyclic_non_mmp_analogue,2,2,0,1,0,"{""C"":1,""N"":-1,""O"":2,""P"":1,""S"":-1}",1,1
acyclic_non_mmp_analogue,2,2,0,1,0,"{""C"":1,""N"":-1,""O"":2,""S"":-1,""Si"":1}",1,1
acyclic_non_mmp_analogue,2,2,0,1,0,"{""C"":1,""O"":1,""P"":1,""S"":-1}",1,1
acyclic_non_mmp_analogue,2,2,0,1,1,"{""C"":1,""N"":-1,""O"":2,""P"":1,""S"":-1}",1,1
acyclic_non_mmp_analogue,2,2,0,1,1,"{""C"":1,""O"":1}",1,1
acyclic_non_mmp_analogue,2,2,0,1,1,"{""C"":1,""O"":2,""S"":-1}",1,1
acyclic_non_mmp_analogue,2,2,0,1,2,"{""C"":1,""O"":1,""P"":1,""S"":-1}",1,1
acyclic_non_mmp_analogue,2,2,0,2,0,"{""B"":1,""O"":1}",1,1
acyclic_non_mmp_analogue,2,2,0,2,0,"{""F"":1,""O"":1}",1,1
acyclic_non_mmp_analogue,2,2,0,2,0,"{""F"":2}",1,1
acyclic_non_mmp_analogue,2,2,0,2,0,"{""O"":1,""P"":1}",1,1
acyclic_non_mmp_analogue,2,2,0,2,0,"{""O"":2,""P"":1,""S"":-1}",1,1
acyclic_non_mmp_analogue,2,2,0,2,1,"{""O"":1,""P"":1}",1,1
acyclic_non_mmp_analogue,3,3,0,1,0,"{""C"":2,""N"":-1,""O"":2}",1,1
acyclic_non_mmp_analogue,3,3,0,1,0,"{""C"":2,""N"":1}",1,1
acyclic_non_mmp_analogue,3,3,0,2,0,"{""C"":1,""O"":2,""P"":1,""S"":-1}",1,1
scaffold_changing_analogue,-27,-30,-3,-7,0,"{""C"":-20,""N"":-4,""O"":-2,""S"":-1}",1,1
scaffold_changing_analogue,-26,-30,-4,-5,0,"{""C"":-21,""N"":-4,""O"":-1}",1,1
scaffold_changing_analogue,-26,-29,-3,-7,0,"{""C"":-19,""F"":-1,""N"":-4,""O"":-1,""S"":-1}",1,1
scaffold_changing_analogue,-26,-29,-3,-5,-1,"{""C"":-21,""N"":-3,""O"":-2}",1,1
scaffold_changing_analogue,-25,-29,-4,-5,0,"{""C"":-20,""N"":-4,""O"":-1}",1,1
scaffold_changing_analogue,-25,-28,-3,-11,0,"{""C"":-14,""N"":-5,""O"":-4,""S"":-2}",1,1
scaffold_changing_analogue,-25,-28,-3,-8,0,"{""C"":-17,""F"":-1,""N"":-5,""O"":-2}",1,1
scaffold_changing_analogue,-24,-28,-4,-4,0,"{""C"":-20,""N"":-4}",1,1
scaffold_changing_analogue,-24,-27,-3,-10,0,"{""C"":-14,""N"":-7,""O"":-3}",1,1
scaffold_changing_analogue,-24,-27,-3,-7,0,"{""C"":-17,""N"":-5,""O"":-2}",1,1
scaffold_changing_analogue,-24,-26,-2,-9,0,"{""C"":-15,""F"":-3,""N"":-4,""O"":-2}",1,1
scaffold_changing_analogue,-24,-26,-2,-8,0,"{""C"":-16,""N"":-6,""O"":-2}",1,1
scaffold_changing_analogue,-23,-27,-4,-6,0,"{""C"":-17,""N"":-2,""O"":-3,""S"":-1}",1,1
scaffold_changing_analogue,-23,-26,-3,-6,-1,"{""C"":-17,""N"":-5,""O"":-1}",1,1
scaffold_changing_analogue,-23,-26,-3,-6,0,"{""C"":-17,""F"":-1,""N"":-1,""O"":-4}",1,1
scaffold_changing_analogue,-23,-26,-3,-6,0,"{""C"":-17,""N"":-2,""O"":-3,""S"":-1}",1,1
scaffold_changing_analogue,-23,-26,-3,-6,0,"{""C"":-17,""N"":-5,""O"":-1}",1,1
scaffold_changing_analogue,-23,-25,-2,-8,0,"{""C"":-15,""F"":-2,""N"":-4,""O"":-2}",1,1
scaffold_changing_analogue,-22,-26,-4,-4,-1,"{""C"":-18,""N"":-3,""O"":-1}",1,1
scaffold_changing_analogue,-22,-26,-4,-4,0,"{""C"":-18,""N"":-3,""O"":-1}",1,1
scaffold_changing_analogue,-22,-25,-3,-8,0,"{""C"":-14,""Cl"":-1,""F"":-1,""N"":-4,""O"":-2}",1,1
scaffold_changing_analogue,-22,-25,-3,-8,0,"{""C"":-14,""Cl"":-1,""N"":-5,""O"":-1,""S"":-1}",1,1
scaffold_changing_analogue,-22,-25,-3,-8,0,"{""C"":-14,""F"":-1,""N"":-4,""O"":-3}",1,1
scaffold_changing_analogue,-22,-25,-3,-8,0,"{""C"":-14,""N"":-5,""O"":-3}",1,1
scaffold_changing_analogue,-22,-25,-3,-8,0,"{""C"":-14,""N"":-6,""O"":-2}",1,1
scaffold_changing_analogue,-22,-25,-3,-7,0,"{""C"":-15,""N"":-3,""O"":-2,""S"":-2}",1,1
scaffold_changing_analogue,-22,-25,-3,-7,0,"{""C"":-15,""N"":-5,""O"":-2}",1,1
scaffold_changing_analogue,-22,-25,-3,-6,0,"{""C"":-16,""F"":-1,""N"":-3,""O"":-2}",1,1
scaffold_changing_analogue,-22,-25,-3,-6,0,"{""C"":-16,""N"":-4,""O"":-2}",1,1
scaffold_changing_analogue,-22,-25,-3,-5,-1,"{""C"":-17,""N"":-3,""O"":-2}",1,1
scaffold_changing_analogue,-22,-24,-2,-7,-1,"{""C"":-15,""N"":-5,""O"":-2}",1,1
scaffold_changing_analogue,-22,-24,-2,-6,0,"{""C"":-16,""N"":-3,""O"":-3}",1,1
scaffold_changing_analogue,-22,-24,-2,-5,-1,"{""C"":-17,""N"":-3,""O"":-2}",1,1
scaffold_changing_analogue,-22,-24,-2,-5,0,"{""C"":-17,""N"":-3,""O"":-2}",1,1
scaffold_changing_analogue,-21,-25,-5,-4,0,"{""C"":-17,""N"":-3,""O"":-1}",1,1
scaffold_changing_analogue,-21,-25,-4,-5,0,"{""C"":-16,""N"":-6,""O"":1}",1,1
scaffold_changing_analogue,-21,-25,-4,-4,0,"{""C"":-17,""N"":-5,""O"":1}",1,1
scaffold_changing_analogue,-21,-25,-4,-3,0,"{""C"":-18,""N"":-3}",1,1
scaffold_changing_analogue,-21,-24,-3,-8,0,"{""C"":-13,""N"":-6,""O"":-2}",1,1
scaffold_changing_analogue,-21,-24,-3,-7,-1,"{""C"":-14,""N"":-4,""O"":-3}",1,1
scaffold_changing_analogue,-21,-24,-3,-7,0,"{""C"":-14,""N"":-3,""O"":-2,""S"":-2}",1,1
scaffold_changing_analogue,-21,-24,-3,-7,0,"{""C"":-14,""N"":-5,""O"":-1,""S"":-1}",1,1
scaffold_changing_analogue,-21,-24,-3,-7,0,"{""C"":-14,""N"":-5,""O"":-2}",1,1
scaffold_changing_analogue,-21,-24,-3,-6,-1,"{""C"":-15,""N"":-5,""O"":-1}",1,1
scaffold_changing_analogue,-21,-24,-3,-5,-1,"{""C"":-16,""N"":-3,""O"":-1,""S"":-1}",1,1
scaffold_changing_analogue,-21,-24,-3,-5,-1,"{""C"":-16,""N"":-3,""O"":-2}",1,1
scaffold_changing_analogue,-21,-24,-3,-5,-1,"{""C"":-16,""N"":-4,""O"":-1}",1,1
scaffold_changing_analogue,-21,-24,-3,-5,0,"{""C"":-16,""N"":-4,""O"":-1}",1,1
scaffold_changing_analogue,-21,-24,-3,-4,-1,"{""C"":-17,""N"":-2,""O"":-2}",1,1
scaffold_changing_analogue,-21,-24,-3,-4,-1,"{""C"":-17,""N"":-3,""O"":-1}",1,1
scaffold_changing_analogue,-21,-24,-3,-2,-1,"{""C"":-19,""N"":-1,""O"":-1}",1,1
scaffold_changing_analogue,-21,-23,-2,-9,0,"{""C"":-12,""N"":-4,""O"":-4,""S"":-1}",1,1
scaffold_changing_analogue,-21,-23,-2,-8,0,"{""C"":-13,""N"":-2,""O"":-5,""S"":-1}",1,1
scaffold_changing_analogue,-21,-23,-2,-7,0,"{""C"":-14,""F"":-3,""N"":-4}",1,1
scaffold_changing_analogue,-21,-23,-2,-7,0,"{""C"":-14,""N"":-2,""O"":-4,""S"":-1}",1,1
scaffold_changing_analogue,-21,-23,-2,-7,0,"{""C"":-14,""N"":-3,""O"":-4}",1,1
scaffold_changing_analogue,-21,-23,-2,-7,0,"{""C"":-14,""N"":-4,""O"":-3}",1,1
scaffold_changing_analogue,-21,-23,-2,-6,-1,"{""Br"":1,""C"":-15,""N"":-5,""O"":-2}",1,1
scaffold_changing_analogue,-21,-23,-2,-6,0,"{""C"":-15,""Cl"":-1,""N"":-2,""O"":-3}",1,1
scaffold_changing_analogue,-21,-23,-2,-6,0,"{""C"":-15,""N"":-2,""O"":-3,""S"":-1}",1,1
scaffold_changing_analogue,-21,-23,-2,-6,0,"{""C"":-15,""N"":-3,""O"":-2,""S"":-1}",1,1
scaffold_changing_analogue,-21,-23,-2,-5,-1,"{""C"":-16,""N"":-2,""O"":-3}",1,1
scaffold_changing_analogue,-21,-23,-2,-4,0,"{""C"":-17,""N"":-2,""O"":-2}",1,1
scaffold_changing_analogue,-20,-23,-3,-8,-1,"{""Br"":1,""C"":-12,""N"":-6,""O"":-2,""S"":-1}",1,1
scaffold_changing_analogue,-20,-23,-3,-7,0,"{""C"":-13,""Cl"":-1,""N"":-4,""O"":-2}",1,1
scaffold_changing_analogue,-20,-23,-3,-7,0,"{""C"":-13,""N"":-4,""O"":-3}",1,1
scaffold_changing_analogue,-20,-23,-3,-6,0,"{""C"":-14,""N"":-6}",1,1
scaffold_changing_analogue,-20,-23,-3,-5,-1,"{""C"":-15,""N"":-2,""O"":-2,""S"":-1}",1,1
scaffold_changing_analogue,-20,-23,-3,-5,0,"{""C"":-15,""N"":-3,""O"":-1,""S"":-1}",1,1
scaffold_changing_analogue,-20,-23,-3,-5,0,"{""C"":-15,""N"":-3,""O"":-2}",1,1
scaffold_changing_analogue,-20,-23,-3,-4,-1,"{""C"":-16,""N"":-4}",1,1
scaffold_changing_analogue,-20,-23,-3,-4,0,"{""Br"":1,""C"":-16,""N"":-4,""O"":-1}",1,1
scaffold_changing_analogue,-20,-22,-2,-7,-1,"{""C"":-13,""N"":-6,""O"":-1}",1,1
scaffold_changing_analogue,-20,-22,-2,-7,0,"{""C"":-13,""Cl"":-1,""N"":-4,""O"":-1,""S"":-1}",1,1
scaffold_changing_analogue,-20,-22,-2,-7,0,"{""C"":-13,""N"":-3,""O"":-3,""S"":-1}",1,1
scaffold_changing_analogue,-20,-22,-2,-7,0,"{""C"":-13,""N"":-5,""O"":-2}",1,1
scaffold_changing_analogue,-20,-22,-2,-7,0,"{""C"":-13,""N"":-6,""O"":-1}",1,1
scaffold_changing_analogue,-20,-22,-2,-6,0,"{""Br"":1,""C"":-14,""N"":-3,""O"":-4}",1,1
scaffold_changing_analogue,-20,-22,-2,-6,0,"{""C"":-14,""N"":-2,""O"":-4}",1,1
scaffold_changing_analogue,-20,-22,-2,-6,0,"{""C"":-14,""N"":-3,""O"":-3}",1,1
scaffold_changing_analogue,-20,-22,-2,-6,0,"{""C"":-14,""N"":-4,""O"":-1,""S"":-1}",1,1
scaffold_changing_analogue,-20,-22,-2,-6,0,"{""C"":-14,""N"":-4,""O"":-2}",1,1
scaffold_changing_analogue,-20,-22,-2,-5,-1,"{""C"":-15,""N"":-4,""O"":-1}",1,1
scaffold_changing_analogue,-20,-22,-2,-5,0,"{""C"":-15,""N"":-1,""O"":-3,""S"":-1}",1,1
scaffold_changing_analogue,-20,-22,-2,-5,0,"{""C"":-15,""N"":-1,""O"":-4}",1,1
scaffold_changing_analogue,-20,-22,-2,-5,0,"{""C"":-15,""N"":-4,""O"":-1}",1,1
scaffold_changing_analogue,-19,-23,-4,-6,0,"{""C"":-13,""N"":-3,""O"":-3}",1,1
scaffold_changing_analogue,-19,-22,-3,-7,0,"{""C"":-12,""N"":-4,""O"":-2,""S"":-1}",1,1
scaffold_changing_analogue,-19,-22,-3,-6,-1,"{""C"":-13,""N"":-4,""O"":-2}",1,1
scaffold_changing_analogue,-19,-22,-3,-6,-1,"{""C"":-13,""N"":-5,""O"":-1}",1,1
scaffold_changing_analogue,-19,-22,-3,-6,0,"{""C"":-13,""Cl"":-1,""N"":-4,""O"":-1}",1,1
scaffold_changing_analogue,-19,-22,-3,-6,0,"{""C"":-13,""F"":-1,""N"":-5}",1,1
scaffold_changing_analogue,-19,-22,-3,-6,0,"{""C"":-13,""N"":-4,""O"":-1,""S"":-1}",1,1
scaffold_changing_analogue,-19,-22,-3,-5,-1,"{""C"":-14,""N"":-4,""O"":-1}",1,1
scaffold_changing_analogue,-19,-22,-3,-5,0,"{""Br"":-1,""C"":-14,""N"":-3,""O"":-1}",1,1
scaffold_changing_analogue,-19,-22,-3,-5,0,"{""Br"":1,""C"":-14,""F"":-1,""N"":-3,""O"":-2}",1,1
scaffold_changing_analogue,-19,-22,-3,-5,0,"{""C"":-14,""Cl"":-1,""N"":-3,""O"":-1}",1,1
scaffold_changing_analogue,-19,-22,-3,-5,0,"{""C"":-14,""N"":-3,""O"":-2}",1,1
scaffold_changing_analogue,-19,-22,-3,-4,-1,"{""C"":-15,""N"":-3,""O"":-1}",1,1
scaffold_changing_analogue,-19,-22,-3,-4,0,"{""C"":-15,""Cl"":-1,""N"":-2,""S"":-1}",1,1
scaffold_changing_analogue,-19,-22,-3,-4,0,"{""C"":-15,""F"":-1,""N"":-2,""O"":-1}",1,1
scaffold_changing_analogue,-19,-22,-3,-4,0,"{""C"":-15,""N"":-2,""O"":-2}",1,1
scaffold_changing_analogue,-19,-22,-3,-3,-1,"{""C"":-16,""N"":-1,""O"":-2}",1,1
scaffold_changing_analogue,-19,-22,-3,-3,-1,"{""C"":-16,""N"":-2,""O"":-1}",1,1
scaffold_changing_analogue,-19,-22,-3,-2,-1,"{""C"":-17,""N"":-1,""O"":-1}",1,1
scaffold_changing_analogue,-19,-21,-2,-8,-1,"{""C"":-11,""N"":-5,""O"":-2,""S"":-1}",1,1
scaffold_changing_analogue,-19,-21,-2,-8,0,"{""C"":-11,""F"":-2,""N"":-4,""O"":-2}",1,1
scaffold_changing_analogue,-19,-21,-2,-7,0,"{""C"":-12,""F"":-1,""N"":-4,""O"":-2}",1,1
scaffold_changing_analogue,-19,-21,-2,-7,0,"{""C"":-12,""F"":-3,""N"":-2,""O"":-2}",1,1
scaffold_changing_analogue,-19,-21,-2,-7,0,"{""C"":-12,""F"":-3,""N"":-3,""O"":-1}",1,1
scaffold_changing_analogue,-19,-21,-2,-6,-2,"{""C"":-13,""N"":-5,""O"":-1}",1,1
scaffold_changing_analogue,-19,-21,-2,-6,-1,"{""C"":-13,""Cl"":-1,""N"":-4,""O"":-1}",1,1
scaffold_changing_analogue,-19,-21,-2,-6,-1,"{""C"":-13,""F"":-1,""N"":-4,""O"":-1}",1,1
scaffold_changing_analogue,-19,-21,-2,-6,-1,"{""C"":-13,""N"":-3,""O"":-3}",1,1
scaffold_changing_analogue,-19,-21,-2,-6,-1,"{""C"":-13,""N"":-4,""O"":-2}",1,1
scaffold_changing_analogue,-19,-21,-2,-6,0,"{""C"":-13,""F"":-1,""N"":-2,""O"":-3}",1,1
scaffold_changing_analogue,-19,-21,-2,-6,0,"{""C"":-13,""N"":-2,""O"":-3,""S"":-1}",1,1
scaffold_changing_analogue,-19,-21,-2,-6,0,"{""C"":-13,""N"":-2,""O"":-4}",1,1
scaffold_changing_analogue,-19,-21,-2,-6,0,"{""C"":-13,""N"":-3,""O"":-3}",1,1
scaffold_changing_analogue,-19,-21,-2,-5,0,"{""C"":-14,""F"":-3,""N"":-2}",1,1
scaffold_changing_analogue,-19,-21,-2,-5,0,"{""C"":-14,""N"":-2,""O"":-3}",1,1
scaffold_changing_analogue,-19,-21,-2,-5,0,"{""C"":-14,""N"":-3,""O"":-2}",1,1
scaffold_changing_analogue,-19,-21,-2,-4,-1,"{""C"":-15,""N"":-2,""O"":-2}",1,1
scaffold_changing_analogue,-19,-21,-2,-4,0,"{""C"":-15,""N"":-2,""O"":-2}",1,1
scaffold_changing_analogue,-19,-20,-1,-8,1,"{""C"":-11,""N"":-2,""O"":-5,""S"":-1}",1,1
scaffold_changing_analogue,-18,-21,-3,-6,0,"{""C"":-12,""N"":-3,""O"":-1,""S"":-2}",1,1
scaffold_changing_analogue,-18,-21,-3,-6,0,"{""C"":-12,""N"":-4,""O"":-2}",1,1
scaffold_changing_analogue,-18,-21,-3,-5,0,"{""Br"":1,""C"":-13,""F"":-1,""N"":-3,""O"":-1,""S"":-1}",1,1
scaffold_changing_analogue,-18,-21,-3,-5,0,"{""C"":-13,""F"":-1,""N"":-3,""S"":-1}",1,1
scaffold_changing_analogue,-18,-21,-3,-5,0,"{""C"":-13,""N"":-4,""O"":-1}",1,1
scaffold_changing_analogue,-18,-21,-3,-5,0,"{""C"":-13,""N"":-5}",1,1
scaffold_changing_analogue,-18,-21,-3,-4,0,"{""C"":-14,""N"":-1,""O"":-2,""S"":-1}",1,1
scaffold_changing_analogue,-18,-21,-3,-4,0,"{""C"":-14,""N"":-2,""O"":-2}",1,1
scaffold_changing_analogue,-18,-21,-3,-4,0,"{""C"":-14,""N"":-3,""O"":-1}",1,1
scaffold_changing_analogue,-18,-21,-3,-4,0,"{""C"":-14,""N"":-4}",1,1
scaffold_changing_analogue,-18,-21,-3,-3,-1,"{""C"":-15,""N"":-2,""O"":-1}",1,1
scaffold_changing_analogue,-18,-20,-2,-8,-1,"{""C"":-10,""F"":-3,""N"":-4,""O"":-1}",1,1
scaffold_changing_analogue,-18,-20,-2,-8,0,"{""C"":-10,""F"":-2,""N"":-2,""O"":-3,""S"":-1}",1,1
scaffold_changing_analogue,-18,-20,-2,-7,0,"{""C"":-11,""Cl"":-2,""N"":-3,""O"":-2}",1,1
scaffold_changing_analogue,-18,-20,-2,-7,0,"{""C"":-11,""F"":-2,""N"":-1,""O"":-3,""S"":-1}",1,1
scaffold_changing_analogue,-18,-20,-2,-6,-1,"{""C"":-12,""N"":-5,""O"":-1}",1,1
scaffold_changing_analogue,-18,-20,-2,-6,0,"{""C"":-12,""F"":-2,""N"":-2,""O"":-2}",1,1
scaffold_changing_analogue,-18,-20,-2,-6,0,"{""C"":-12,""N"":-2,""O"":-3,""S"":-1}",1,1
scaffold_changing_analogue,-18,-20,-2,-6,0,"{""C"":-12,""N"":-3,""O"":-3}",1,1
scaffold_changing_analogue,-18,-20,-2,-6,0,"{""C"":-12,""N"":-4,""O"":-1,""S"":-1}",1,1
scaffold_changing_analogue,-18,-20,-2,-6,0,"{""C"":-12,""N"":-5,""O"":-1}",1,1
scaffold_changing_analogue,-18,-20,-2,-5,-1,"{""C"":-13,""F"":-1,""N"":-1,""O"":-3}",1,1
scaffold_changing_analogue,-18,-20,-2,-5,0,"{""Br"":1,""C"":-13,""N"":-4,""O"":-2}",1,1
scaffold_changing_analogue,-18,-20,-2,-5,0,"{""Br"":1,""C"":-13,""N"":-5,""O"":-1}",1,1
scaffold_changing_analogue,-18,-20,-2,-5,0,"{""C"":-13,""Cl"":-1,""N"":-3,""O"":-1}",1,1
scaffold_changing_analogue,-18,-20,-2,-5,0,"{""C"":-13,""F"":-3,""N"":-1,""O"":-1}",1,1
scaffold_changing_analogue,-18,-20,-2,-5,0,"{""C"":-13,""N"":-4,""S"":-1}",1,1
scaffold_changing_analogue,-18,-20,-2,-4,0,"{""C"":-14,""N"":-2,""O"":-2}",1,1
scaffold_changing_analogue,-18,-20,-2,-4,0,"{""C"":-14,""N"":-3,""O"":-1}",1,1
scaffold_changing_analogue,-18,-20,-2,-4,0,"{""C"":-14,""N"":-4}",1,1
scaffold_changing_analogue,-18,-20,-2,-3,-1,"{""C"":-15,""N"":-2,""O"":-1}",1,1
scaffold_changing_analogue,-18,-20,-2,-3,0,"{""C"":-15,""F"":-1,""N"":-1,""O"":-1}",1,1
scaffold_changing_analogue,-18,-20,-2,-3,0,"{""C"":-15,""N"":-1,""O"":-2}",1,1
scaffold_changing_analogue,-18,-19,-1,-6,0,"{""C"":-12,""N"":-4,""O"":-2}",1,1
scaffold_changing_analogue,-17,-20,-3,-6,-1,"{""C"":-11,""N"":-5,""O"":-1}",1,1
scaffold_changing_analogue,-17,-20,-3,-6,0,"{""C"":-11,""N"":-5,""O"":-1}",1,1
scaffold_changing_analogue,-17,-20,-3,-5,0,"{""Br"":1,""C"":-12,""N"":-4,""O"":-1,""S"":-1}",1,1
scaffold_changing_analogue,-17,-20,-3,-5,0,"{""C"":-12,""N"":-3,""O"":-2}",1,1
scaffold_changing_analogue,-17,-20,-3,-4,-1,"{""C"":-13,""N"":-4}",1,1
scaffold_changing_analogue,-17,-20,-3,-4,0,"{""Br"":1,""C"":-13,""N"":-3,""O"":-1,""S"":-1}",1,1
scaffold_changing_analogue,-17,-20,-3,-4,0,"{""C"":-13,""N"":-1,""O"":-3}",1,1
scaffold_changing_analogue,-17,-20,-3,-4,0,"{""C"":-13,""N"":-2,""O"":-2}",1,1
scaffold_changing_analogue,-17,-20,-3,-3,0,"{""Br"":-1,""C"":-14,""N"":-1,""O"":-1}",1,1
scaffold_changing_analogue,-17,-20,-3,-3,0,"{""C"":-14,""N"":-3}",1,1
scaffold_changing_analogue,-17,-20,-3,-2,0,"{""C"":-15,""N"":-2}",1,1
scaffold_changing_analogue,-17,-19,-2,-8,0,"{""C"":-9,""N"":-4,""O"":-2,""S"":-2}",1,1
scaffold_changing_analogue,-17,-19,-2,-8,0,"{""C"":-9,""N"":-4,""O"":-4}",1,1
scaffold_changing_analogue,-17,-19,-2,-7,0,"{""C"":-10,""N"":-4,""O"":-2,""S"":-1}",1,1
scaffold_changing_analogue,-17,-19,-2,-7,0,"{""C"":-10,""N"":-5,""O"":-2}",1,1
scaffold_changing_analogue,-17,-19,-2,-6,-1,"{""C"":-11,""N"":-4,""O"":-3,""S"":1}",1,1
scaffold_changing_analogue,-17,-19,-2,-6,0,"{""Br"":-1,""C"":-11,""F"":-1,""N"":-3,""O"":-1}",1,1
scaffold_changing_analogue,-17,-19,-2,-6,0,"{""C"":-11,""F"":-1,""N"":-3,""O"":-2}",1,1
scaffold_changing_analogue,-17,-19,-2,-6,0,"{""C"":-11,""N"":-2,""O"":-2,""S"":-2}",1,1
scaffold_changing_analogue,-17,-19,-2,-6,0,"{""C"":-11,""N"":-3,""O"":-2,""S"":-1}",1,1
scaffold_changing_analogue,-17,-19,-2,-6,0,"{""C"":-11,""N"":-4,""O"":-2}",1,1
scaffold_changing_analogue,-17,-19,-2,-5,-1,"{""C"":-12,""N"":-3,""O"":-2}",1,1
scaffold_changing_analogue,-17,-19,-2,-5,0,"{""C"":-12,""Cl"":-1,""N"":-1,""O"":-1,""S"":-2}",1,1
scaffold_changing_analogue,-17,-19,-2,-5,0,"{""C"":-12,""Cl"":-1,""N"":-1,""O"":-3}",1,1
scaffold_changing_analogue,-17,-19,-2,-5,0,"{""C"":-12,""F"":-2,""N"":-1,""O"":-2}",1,1
scaffold_changing_analogue,-17,-19,-2,-5,0,"{""C"":-12,""N"":-2,""O"":-2,""S"":-1}",1,1
scaffold_changing_analogue,-17,-19,-2,-5,0,"{""C"":-12,""N"":-3,""O"":-1,""S"":-1}",1,1
scaffold_changing_analogue,-17,-19,-2,-5,0,"{""C"":-12,""N"":-4,""O"":-1}",1,1
scaffold_changing_analogue,-17,-19,-2,-4,-1,"{""C"":-13,""N"":-3,""O"":-1}",1,1
scaffold_changing_analogue,-17,-19,-2,-4,0,"{""C"":-13,""N"":-3,""O"":-1}",1,1
scaffold_changing_analogue,-17,-19,-2,-4,0,"{""C"":-13,""N"":-4}",1,1
scaffold_changing_analogue,-17,-19,-2,-4,1,"{""C"":-13,""O"":-4}",1,1
scaffold_changing_analogue,-17,-19,-2,-3,-1,"{""C"":-14,""N"":-2,""O"":-1}",1,1
scaffold_changing_analogue,-17,-19,-2,-3,-1,"{""C"":-14,""N"":-3}",1,1
scaffold_changing_analogue,-17,-19,-2,-3,0,"{""C"":-14,""F"":-1,""N"":-2}",1,1
scaffold_changing_analogue,-17,-19,-2,-3,0,"{""C"":-14,""N"":-1,""O"":-2}",1,1
scaffold_changing_analogue,-17,-18,-1,-9,0,"{""C"":-8,""N"":-4,""O"":-4,""S"":-1}",1,1
scaffold_changing_analogue,-17,-18,-1,-6,0,"{""Br"":1,""C"":-11,""F"":-3,""N"":-1,""O"":-3}",1,1
scaffold_changing_analogue,-17,-18,-1,-6,0,"{""C"":-11,""Cl"":-1,""N"":-2,""O"":-3}",1,1
scaffold_changing_analogue,-17,-18,-1,-5,0,"{""C"":-12,""N"":-2,""O"":-3}",1,1
scaffold_changing_analogue,-17,-18,-1,-4,-1,"{""C"":-13,""N"":-3,""O"":-1}",1,1
scaffold_changing_analogue,-16,-19,-4,-2,0,"{""C"":-14,""N"":-1,""O"":-1}",1,1
scaffold_changing_analogue,-16,-19,-3,-6,0,"{""C"":-10,""N"":-5,""O"":-1}",1,1
scaffold_changing_analogue,-16,-19,-3,-5,0,"{""C"":-11,""Cl"":1,""N"":-5,""O"":-1}",1,1
scaffold_changing_analogue,-16,-19,-3,-5,0,"{""C"":-11,""N"":-3,""O"":-1,""S"":-1}",1,1
scaffold_changing_analogue,-16,-19,-3,-5,0,"{""C"":-11,""N"":-3,""O"":-2}",1,1
scaffold_changing_analogue,-16,-19,-3,-5,0,"{""C"":-11,""N"":-5}",1,1
scaffold_changing_analogue,-16,-19,-3,-4,-1,"{""Br"":1,""C"":-12,""N"":-4,""O"":-1}",1,1
scaffold_changing_analogue,-16,-19,-3,-4,-1,"{""C"":-12,""I"":1,""N"":-4,""O"":-1}",1,1
scaffold_changing_analogue,-16,-19,-3,-4,-1,"{""C"":-12,""N"":-3,""O"":-1}",1,1
scaffold_changing_analogue,-16,-19,-3,-4,0,"{""C"":-12,""F"":-1,""N"":-2,""S"":-1}",1,1
scaffold_changing_analogue,-16,-19,-3,-4,0,"{""C"":-12,""N"":-2,""O"":-2}",1,1
scaffold_changing_analogue,-16,-19,-3,-4,0,"{""C"":-12,""N"":-3,""S"":-1}",1,1
scaffold_changing_analogue,-16,-19,-3,-4,0,"{""C"":-12,""N"":-4}",1,1
scaffold_changing_analogue,-16,-19,-3,-3,0,"{""C"":-13,""N"":-3}",1,1
scaffold_changing_analogue,-16,-19,-3,-2,0,"{""Br"":1,""C"":-14,""N"":-3}",1,1
scaffold_changing_analogue,-16,-19,-3,-2,0,"{""C"":-14,""F"":1,""N"":-3}",1,1
scaffold_changing_analogue,-16,-19,-3,-2,0,"{""C"":-14,""I"":1,""N"":-3}",1,1
scaffold_changing_analogue,-16,-19,-3,-2,0,"{""C"":-14,""N"":-1,""O"":-1}",1,1
scaffold_changing_analogue,-16,-19,-3,-2,0,"{""C"":-14,""O"":-2}",1,1
scaffold_changing_analogue,-16,-19,-3,-1,0,"{""C"":-15,""N"":-1}",1,1
scaffold_changing_analogue,-16,-18,-2,-7,0,"{""C"":-9,""Cl"":-2,""N"":-3,""O"":-1,""S"":-1}",1,1
scaffold_changing_analogue,-16,-18,-2,-7,0,"{""C"":-9,""N"":-4,""O"":-2,""S"":-1}",1,1
scaffold_changing_analogue,-16,-18,-2,-7,0,"{""C"":-9,""N"":-6,""O"":-1}",1,1
scaffold_changing_analogue,-16,-18,-2,-7,1,"{""C"":-9,""F"":-1,""N"":-3,""O"":-2,""S"":-1}",1,1
scaffold_changing_analogue,-16,-18,-2,-6,-1,"{""C"":-10,""N"":-4,""O"":-1,""S"":-1}",1,1
scaffold_changing_analogue,-16,-18,-2,-6,-1,"{""C"":-10,""N"":-5,""O"":-1}",1,1
scaffold_changing_analogue,-16,-18,-2,-6,0,"{""C"":-10,""Cl"":-1,""N"":-2,""O"":-3}",1,1
scaffold_changing_analogue,-16,-18,-2,-6,0,"{""C"":-10,""F"":-1,""N"":-2,""O"":-3}",1,1
scaffold_changing_analogue,-16,-18,-2,-6,0,"{""C"":-10,""F"":-3,""N"":-1,""O"":-2}",1,1
scaffold_changing_analogue,-16,-18,-2,-6,0,"{""C"":-10,""N"":-3,""O"":-3}",1,1
scaffold_changing_analogue,-16,-18,-2,-5,-1,"{""C"":-11,""N"":-2,""O"":-1,""S"":-2}",1,1
scaffold_changing_analogue,-16,-18,-2,-5,-1,"{""C"":-11,""N"":-3,""O"":-1,""S"":-1}",1,1
scaffold_changing_analogue,-16,-18,-2,-5,-1,"{""C"":-11,""N"":-4,""O"":-1}",1,1
scaffold_changing_analogue,-16,-18,-2,-5,0,"{""Br"":1,""C"":-11,""N"":-4,""O"":-2}",1,1
scaffold_changing_analogue,-16,-18,-2,-5,0,"{""C"":-11,""Cl"":-1,""N"":-3,""O"":-1}",1,1
scaffold_changing_analogue,-16,-18,-2,-5,0,"{""C"":-11,""F"":-1,""N"":-2,""O"":-2}",1,1
scaffold_changing_analogue,-16,-18,-2,-5,0,"{""C"":-11,""N"":-2,""O"":-2,""S"":-1}",1,1
scaffold_changing_analogue,-16,-18,-2,-4,-1,"{""Br"":1,""C"":-12,""Cl"":-1,""N"":-2,""O"":-1,""S"":-1}",1,1
scaffold_changing_analogue,-16,-18,-2,-4,0,"{""C"":-12,""Cl"":-1,""N"":-1,""O"":-2}",1,1
scaffold_changing_analogue,-16,-18,-2,-4,0,"{""C"":-12,""N"":-1,""O"":-2,""S"":-1}",1,1
scaffold_changing_analogue,-16,-18,-2,-4,0,"{""C"":-12,""N"":-4}",1,1
scaffold_changing_analogue,-16,-18,-2,-3,-1,"{""C"":-13,""N"":-2,""O"":-1}",1,1
scaffold_changing_analogue,-16,-18,-2,-3,0,"{""C"":-13,""F"":-1,""N"":-2}",1,1
scaffold_changing_analogue,-16,-18,-2,-2,-1,"{""C"":-14,""N"":-1,""O"":-1}",1,1
scaffold_changing_analogue,-16,-17,-1,-9,0,"{""C"":-7,""F"":-2,""N"":-4,""O"":-2,""S"":-1}",1,1
scaffold_changing_analogue,-16,-17,-1,-6,-1,"{""C"":-10,""N"":-3,""O"":-3}",1,1
scaffold_changing_analogue,-16,-17,-1,-6,0,"{""C"":-10,""Cl"":-1,""O"":-4,""S"":-1}",1,1
scaffold_changing_analogue,-16,-17,-1,-6,0,"{""C"":-10,""N"":-2,""O"":-3,""S"":-1}",1,1
scaffold_changing_analogue,-16,-17,-1,-6,0,"{""C"":-10,""N"":-4,""O"":-2}",1,1
scaffold_changing_analogue,-16,-17,-1,-5,0,"{""C"":-11,""F"":-1,""N"":-1,""O"":-2,""S"":-1}",1,1
scaffold_changing_analogue,-16,-17,-1,-5,0,"{""C"":-11,""N"":-2,""O"":-3}",1,1
scaffold_changing_analogue,-16,-17,-1,-5,0,"{""C"":-11,""N"":-3,""O"":-2}",1,1
scaffold_changing_analogue,-16,-17,-1,-4,0,"{""C"":-12,""Cl"":1,""N"":-3,""O"":-2}",1,1
scaffold_changing_analogue,-16,-17,-1,-4,0,"{""C"":-12,""N"":-2,""O"":-2}",1,1
scaffold_changing_analogue,-16,-17,-1,-3,0,"{""C"":-13,""N"":-2,""O"":-1}",1,1
scaffold_changing_analogue,-15,-18,-3,-4,0,"{""C"":-11,""F"":-1,""N"":-2,""O"":-1}",1,1
scaffold_changing_analogue,-15,-18,-3,-4,0,"{""C"":-11,""F"":-2,""N"":-1,""O"":-1}",1,1
scaffold_changing_analogue,-15,-18,-3,-4,0,"{""C"":-11,""F"":1,""N"":-2,""O"":-3}",1,1
scaffold_changing_analogue,-15,-18,-3,-4,0,"{""C"":-11,""N"":-2,""O"":-1,""S"":-1}",1,1
scaffold_changing_analogue,-15,-18,-3,-3,0,"{""Br"":1,""C"":-12,""N"":-2,""O"":-2}",1,1
scaffold_changing_analogue,-15,-18,-3,-3,0,"{""C"":-12,""N"":-2,""O"":-1}",1,1
scaffold_changing_analogue,-15,-18,-3,-2,-1,"{""C"":-13,""N"":-1,""S"":-1}",1,1
scaffold_changing_analogue,-15,-18,-3,-2,-1,"{""C"":-13,""N"":-2}",1,1
scaffold_changing_analogue,-15,-18,-3,-2,0,"{""C"":-13,""Cl"":-1,""N"":-1}",1,1
scaffold_changing_analogue,-15,-18,-3,-2,0,"{""C"":-13,""N"":-1,""O"":-1}",1,1
scaffold_changing_analogue,-15,-17,-2,-7,0,"{""Br"":-1,""C"":-8,""N"":-3,""O"":-2,""S"":-1}",1,1
scaffold_changing_analogue,-15,-17,-2,-6,-1,"{""C"":-9,""N"":-5,""O"":-1}",1,1
scaffold_changing_analogue,-15,-17,-2,-6,0,"{""C"":-9,""Cl"":-1,""N"":-3,""O"":-2}",1,1
scaffold_changing_analogue,-15,-17,-2,-6,0,"{""C"":-9,""F"":-2,""N"":-1,""O"":-2,""S"":-1}",1,1
scaffold_changing_analogue,-15,-17,-2,-6,0,"{""C"":-9,""F"":-3,""N"":-3}",1,1
scaffold_changing_analogue,-15,-17,-2,-6,0,"{""C"":-9,""N"":-4,""O"":-1,""S"":-1}",1,1
scaffold_changing_analogue,-15,-17,-2,-6,0,"{""C"":-9,""N"":-4,""O"":-2}",1,1
scaffold_changing_analogue,-15,-17,-2,-6,1,"{""C"":-9,""N"":-1,""O"":-4,""S"":-1}",1,1
scaffold_changing_analogue,-15,-17,-2,-6,1,"{""C"":-9,""N"":-3,""O"":-2,""S"":-1}",1,1
scaffold_changing_analogue,-15,-17,-2,-5,-1,"{""Br"":1,""C"":-10,""N"":-4,""O"":-1,""S"":-1}",1,1
scaffold_changing_analogue,-15,-17,-2,-5,-1,"{""C"":-10,""N"":-4,""O"":-1}",1,1
scaffold_changing_analogue,-15,-17,-2,-5,0,"{""C"":-10,""Cl"":-1,""N"":-3,""O"":-1}",1,1
scaffold_changing_analogue,-15,-17,-2,-5,0,"{""C"":-10,""F"":-2,""N"":-3}",1,1
scaffold_changing_analogue,-15,-17,-2,-5,0,"{""C"":-10,""N"":-2,""O"":-2,""S"":-1}",1,1
scaffold_changing_analogue,-15,-17,-2,-5,0,"{""C"":-10,""N"":-5}",1,1
scaffold_changing_analogue,-15,-17,-2,-4,-1,"{""Br"":1,""C"":-11,""N"":-4,""O"":-1}",1,1
scaffold_changing_analogue,-15,-17,-2,-4,0,"{""C"":-11,""Cl"":-1,""N"":-1,""O"":-1,""S"":-1}",1,1
scaffold_changing_analogue,-15,-17,-2,-4,0,"{""C"":-11,""F"":-1,""N"":-2,""O"":-1}",1,1
scaffold_changing_analogue,-15,-17,-2,-4,0,"{""C"":-11,""N"":-1,""O"":-3}",1,1
scaffold_changing_analogue,-15,-17,-2,-4,0,"{""C"":-11,""N"":-2,""O"":-1,""S"":-1}",1,1
scaffold_changing_analogue,-15,-17,-2,-3,-1,"{""C"":-12,""F"":-1,""N"":-1,""O"":-1}",1,1
scaffold_changing_analogue,-15,-17,-2,-3,-1,"{""C"":-12,""N"":-1,""O"":-2}",1,1
scaffold_changing_analogue,-15,-16,-1,-8,0,"{""C"":-7,""N"":-4,""O"":-3,""S"":-1}",1,1
scaffold_changing_analogue,-15,-16,-1,-6,-1,"{""C"":-9,""N"":-3,""O"":-3}",1,1
scaffold_changing_analogue,-15,-16,-1,-6,0,"{""C"":-9,""F"":-3,""N"":-1,""O"":-2}",1,1
scaffold_changing_analogue,-15,-16,-1,-6,0,"{""C"":-9,""N"":-4,""O"":-2}",1,1
scaffold_changing_analogue,-15,-16,-1,-6,0,"{""C"":-9,""N"":-5,""O"":-1}",1,1
scaffold_changing_analogue,-15,-16,-1,-5,-1,"{""C"":-10,""N"":-3,""O"":-1,""S"":-1}",1,1
scaffold_changing_analogue,-15,-16,-1,-5,0,"{""C"":-10,""Cl"":-1,""N"":-2,""O"":-2}",1,1
scaffold_changing_analogue,-15,-16,-1,-5,0,"{""C"":-10,""N"":-2,""O"":-3}",1,1
scaffold_changing_analogue,-15,-16,-1,-5,0,"{""C"":-10,""N"":-3,""O"":-1,""S"":-1}",1,1
scaffold_changing_analogue,-15,-16,-1,-4,0,"{""C"":-11,""Cl"":-1,""N"":-2,""O"":-1}",1,1
scaffold_changing_analogue,-14,-17,-3,-5,0,"{""C"":-9,""N"":-3,""O"":-1,""S"":-1}",1,1
scaffold_changing_analogue,-14,-17,-3,-5,0,"{""C"":-9,""N"":-5}",1,1
scaffold_changing_analogue,-14,-17,-3,-4,0,"{""C"":-10,""N"":-4}",1,1
scaffold_changing_analogue,-14,-17,-3,-3,0,"{""C"":-11,""N"":-1,""O"":-2}",1,1
scaffold_changing_analogue,-14,-17,-3,-3,0,"{""C"":-11,""N"":-2,""S"":-1}",1,1
scaffold_changing_analogue,-14,-16,-2,-6,-1,"{""C"":-8,""N"":-5,""O"":-1}",1,1
scaffold_changing_analogue,-14,-16,-2,-5,0,"{""Br"":-1,""C"":-9,""N"":-3,""O"":-1}",1,1
scaffold_changing_analogue,-14,-16,-2,-5,0,"{""Br"":1,""C"":-9,""N"":-4,""O"":-1,""S"":-1}",1,1
scaffold_changing_analogue,-14,-16,-2,-5,0,"{""C"":-9,""Cl"":-1,""N"":-3,""O"":-1}",1,1
scaffold_changing_analogue,-14,-16,-2,-5,0,"{""C"":-9,""N"":-1,""O"":-3,""S"":-1}",1,1
scaffold_changing_analogue,-14,-16,-2,-5,0,"{""C"":-9,""N"":-2,""O"":-2,""S"":-1}",1,1
scaffold_changing_analogue,-14,-16,-2,-5,0,"{""C"":-9,""N"":-5}",1,1
scaffold_changing_analogue,-14,-16,-2,-4,-1,"{""C"":-10,""N"":-2,""O"":-2}",1,1
scaffold_changing_analogue,-14,-16,-2,-4,-1,"{""C"":-10,""N"":-4}",1,1
scaffold_changing_analogue,-14,-16,-2,-4,0,"{""Br"":-1,""C"":-10,""I"":1,""N"":-3,""O"":-1}",1,1
scaffold_changing_analogue,-14,-16,-2,-4,0,"{""Br"":1,""C"":-10,""N"":-4,""O"":-1}",1,1
scaffold_changing_analogue,-14,-16,-2,-4,0,"{""C"":-10,""Cl"":-1,""N"":-2,""S"":-1}",1,1
scaffold_changing_analogue,-14,-16,-2,-4,0,"{""C"":-10,""N"":-1,""O"":-3}",1,1
scaffold_changing_analogue,-14,-16,-2,-4,0,"{""C"":-10,""N"":-4}",1,1
scaffold_changing_analogue,-14,-16,-2,-4,1,"{""C"":-10,""N"":-1,""O"":-3}",1,1
scaffold_changing_analogue,-14,-16,-2,-3,-1,"{""C"":-11,""N"":-3}",1,1
scaffold_changing_analogue,-14,-16,-2,-3,0,"{""Br"":1,""C"":-11,""N"":-2,""O"":-1,""S"":-1}",1,1
scaffold_changing_analogue,-14,-16,-2,-3,0,"{""C"":-11,""F"":-2,""N"":-1}",1,1
scaffold_changing_analogue,-14,-16,-2,-3,1,"{""C"":-11,""N"":-2,""O"":-1}",1,1
scaffold_changing_analogue,-14,-16,-2,-2,-1,"{""C"":-12,""Cl"":1,""N"":-2,""O"":-1}",1,1
scaffold_changing_analogue,-14,-16,-2,-2,-1,"{""C"":-12,""N"":-3,""O"":1}",1,1
scaffold_changing_analogue,-14,-16,-2,-2,0,"{""B"":1,""Br"":-1,""C"":-12,""F"":-1,""N"":-1}",1,1
scaffold_changing_analogue,-14,-15,-1,-8,0,"{""Br"":1,""C"":-6,""F"":-3,""N"":-3,""O"":-2,""S"":-1}",1,1
scaffold_changing_analogue,-14,-15,-1,-6,0,"{""C"":-8,""N"":-1,""O"":-3,""S"":-2}",1,1
scaffold_changing_analogue,-14,-15,-1,-6,0,"{""C"":-8,""N"":-2,""O"":-3,""S"":-1}",1,1
scaffold_changing_analogue,-14,-15,-1,-6,0,"{""C"":-8,""N"":-2,""O"":-4}",1,1
scaffold_changing_analogue,-14,-15,-1,-6,0,"{""C"":-8,""N"":-4,""O"":-2}",1,1
scaffold_changing_analogue,-14,-15,-1,-5,-1,"{""C"":-9,""N"":-3,""O"":-2}",1,1
scaffold_changing_analogue,-14,-15,-1,-5,0,"{""C"":-9,""F"":-1,""N"":-1,""O"":-2,""S"":-1}",1,1
scaffold_changing_analogue,-14,-15,-1,-5,0,"{""C"":-9,""F"":-3,""N"":-1,""O"":-1}",1,1
scaffold_changing_analogue,-14,-15,-1,-5,0,"{""C"":-9,""N"":-2,""O"":-3}",1,1
scaffold_changing_analogue,-14,-15,-1,-5,0,"{""C"":-9,""N"":-4,""O"":-1}",1,1
scaffold_changing_analogue,-14,-15,-1,-4,0,"{""C"":-10,""Cl"":-1,""N"":-1,""O"":-1,""S"":-1}",1,1
scaffold_changing_analogue,-14,-15,-1,-4,0,"{""C"":-10,""Cl"":-1,""N"":-2,""O"":-1}",1,1
scaffold_changing_analogue,-14,-15,-1,-4,0,"{""C"":-10,""F"":-2,""N"":-1,""O"":-1}",1,1
scaffold_changing_analogue,-14,-15,-1,-3,-1,"{""C"":-11,""N"":-1,""O"":-2}",1,1
scaffold_changing_analogue,-14,-15,-1,-3,0,"{""C"":-11,""N"":-1,""O"":-1,""S"":-1}",1,1
scaffold_changing_analogue,-14,-15,-1,-3,0,"{""C"":-11,""N"":-3}",1,1
scaffold_changing_analogue,-14,-15,-1,-3,0,"{""C"":-11,""O"":-2,""S"":-1}",1,1
scaffold_changing_analogue,-14,-15,-1,-2,-1,"{""C"":-12,""N"":-1,""O"":-1}",1,1
scaffold_changing_analogue,-13,-16,-4,-2,0,"{""C"":-11,""N"":-1,""O"":-1}",1,1
scaffold_changing_analogue,-13,-16,-3,-3,0,"{""C"":-10,""N"":-3}",1,1
scaffold_changing_analogue,-13,-16,-3,-2,0,"{""C"":-11,""N"":-1,""O"":-1}",1,1
scaffold_changing_analogue,-13,-15,-2,-6,0,"{""C"":-7,""N"":-4,""O"":-1,""S"":-1}",1,1
scaffold_changing_analogue,-13,-15,-2,-5,0,"{""C"":-8,""F"":-2,""N"":-2,""O"":-1}",1,1
scaffold_changing_analogue,-13,-15,-2,-5,0,"{""C"":-8,""N"":-2,""O"":-2,""S"":-1}",1,1
scaffold_changing_analogue,-13,-15,-2,-5,0,"{""C"":-8,""N"":-3,""O"":-2}",1,1
scaffold_changing_analogue,-13,-15,-2,-4,-1,"{""C"":-9,""N"":-2,""O"":-1,""S"":-1}",1,1
scaffold_changing_analogue,-13,-15,-2,-4,-1,"{""C"":-9,""N"":-2,""O"":-2}",1,1
scaffold_changing_analogue,-13,-15,-2,-4,-1,"{""C"":-9,""N"":-3,""O"":-1}",1,1
scaffold_changing_analogue,-13,-15,-2,-4,-1,"{""C"":-9,""N"":-4}",1,1
scaffold_changing_analogue,-13,-15,-2,-4,0,"{""C"":-9,""Cl"":-1,""N"":-2,""O"":-1}",1,1
scaffold_changing_analogue,-13,-15,-2,-4,0,"{""C"":-9,""Cl"":-1,""N"":-2,""S"":-1}",1,1
scaffold_changing_analogue,-13,-15,-2,-4,0,"{""C"":-9,""N"":-1,""O"":-2,""S"":-1}",1,1
scaffold_changing_analogue,-13,-15,-2,-4,0,"{""C"":-9,""N"":-2,""O"":-2}",1,1
scaffold_changing_analogue,-13,-15,-2,-3,0,"{""Br"":-1,""C"":-10,""I"":1,""N"":-1,""O"":-2}",1,1
scaffold_changing_analogue,-13,-15,-2,-3,0,"{""Br"":1,""C"":-10,""N"":-2,""O"":-1,""S"":-1}",1,1
scaffold_changing_analogue,-13,-15,-2,-3,0,"{""C"":-10,""Cl"":-1,""N"":-2}",1,1
scaffold_changing_analogue,-13,-15,-2,-3,0,"{""C"":-10,""Cl"":-1,""N"":-3,""S"":1}",1,1
scaffold_changing_analogue,-13,-15,-2,-3,0,"{""C"":-10,""F"":-1,""N"":-1,""O"":-1}",1,1
scaffold_changing_analogue,-13,-15,-2,-3,0,"{""C"":-10,""F"":-1,""N"":-2}",1,1
scaffold_changing_analogue,-13,-15,-2,-3,0,"{""C"":-10,""N"":-2,""S"":-1}",1,1
scaffold_changing_analogue,-13,-15,-2,-2,-1,"{""Br"":1,""C"":-11,""N"":-3}",1,1
scaffold_changing_analogue,-13,-15,-2,-2,0,"{""C"":-11,""Cl"":-1,""O"":-1}",1,1
scaffold_changing_analogue,-13,-15,-2,-1,0,"{""C"":-12,""F"":1,""N"":-1,""O"":-1}",1,1
scaffold_changing_analogue,-13,-15,-2,-1,0,"{""C"":-12,""O"":-1}",1,1
scaffold_changing_analogue,-13,-14,-1,-6,0,"{""C"":-7,""N"":-4,""O"":-1,""S"":-1}",1,1
scaffold_changing_analogue,-13,-14,-1,-6,1,"{""C"":-7,""N"":-6,""O"":-1,""P"":1}",1,1
scaffold_changing_analogue,-13,-14,-1,-5,0,"{""C"":-8,""Cl"":-1,""F"":-3,""O"":-1}",1,1
scaffold_changing_analogue,-13,-14,-1,-5,0,"{""C"":-8,""F"":-3,""N"":-1,""O"":-1}",1,1
scaffold_changing_analogue,-13,-14,-1,-5,0,"{""C"":-8,""N"":-2,""O"":-2,""S"":-1}",1,1
scaffold_changing_analogue,-13,-14,-1,-5,0,"{""C"":-8,""N"":-2,""O"":-3}",1,1
scaffold_changing_analogue,-13,-14,-1,-5,0,"{""C"":-8,""N"":-3,""O"":-2}",1,1
scaffold_changing_analogue,-13,-14,-1,-4,-1,"{""C"":-9,""N"":-3,""O"":-1}",1,1
scaffold_changing_analogue,-13,-14,-1,-4,0,"{""Br"":-1,""C"":-9,""N"":-1,""O"":-2}",1,1
scaffold_changing_analogue,-13,-14,-1,-4,0,"{""C"":-9,""Cl"":-1,""N"":-2,""O"":-1}",1,1
scaffold_changing_analogue,-13,-14,-1,-4,0,"{""C"":-9,""Cl"":-1,""O"":-3}",1,1
scaffold_changing_analogue,-13,-14,-1,-4,0,"{""C"":-9,""F"":1,""N"":-2,""O"":-2,""S"":-1}",1,1
scaffold_changing_analogue,-13,-14,-1,-4,0,"{""C"":-9,""N"":-1,""O"":-2,""S"":-1}",1,1
scaffold_changing_analogue,-13,-14,-1,-4,0,"{""C"":-9,""N"":-1,""O"":-3}",1,1
scaffold_changing_analogue,-13,-14,-1,-4,0,"{""C"":-9,""N"":-4}",1,1
scaffold_changing_analogue,-13,-14,-1,-4,1,"{""Br"":1,""C"":-9,""N"":-2,""O"":-3}",1,1
scaffold_changing_analogue,-13,-14,-1,-3,0,"{""C"":-10,""N"":-1,""O"":-1,""S"":-1}",1,1
scaffold_changing_analogue,-13,-14,-1,-3,0,"{""C"":-10,""N"":-1,""O"":-2}",1,1
scaffold_changing_analogue,-13,-14,-1,-3,0,"{""C"":-10,""O"":-3}",1,1
scaffold_changing_analogue,-13,-14,-1,-2,-2,"{""C"":-11,""N"":-2,""O"":-1,""S"":1}",1,1
scaffold_changing_analogue,-13,-14,-1,-2,-1,"{""C"":-11,""N"":-1,""O"":-1}",1,1
scaffold_changing_analogue,-13,-14,-1,-2,0,"{""C"":-11,""O"":-1,""S"":-1}",1,1
scaffold_changing_analogue,-12,-14,-2,-6,1,"{""C"":-6,""N"":-2,""O"":-3,""S"":-1}",1,1
scaffold_changing_analogue,-12,-14,-2,-5,0,"{""C"":-7,""N"":-1,""O"":-2,""S"":-2}",1,1
scaffold_changing_analogue,-12,-14,-2,-5,0,"{""C"":-7,""N"":-4,""O"":-1}",1,1
scaffold_changing_analogue,-12,-14,-2,-5,0,"{""C"":-7,""N"":-4,""S"":-1}",1,1
scaffold_changing_analogue,-12,-14,-2,-4,-1,"{""C"":-8,""N"":-3,""O"":-1}",1,1
scaffold_changing_analogue,-12,-14,-2,-4,0,"{""Br"":-1,""C"":-8,""Cl"":-1,""F"":1,""N"":-3}",1,1
scaffold_changing_analogue,-12,-14,-2,-4,0,"{""Br"":-1,""C"":-8,""N"":-3}",1,1
scaffold_changing_analogue,-12,-14,-2,-4,0,"{""C"":-8,""Cl"":-1,""N"":-3}",1,1
scaffold_changing_analogue,-12,-14,-2,-4,0,"{""C"":-8,""F"":-1,""N"":-3}",1,1
scaffold_changing_analogue,-12,-14,-2,-4,0,"{""C"":-8,""N"":-4}",1,1
scaffold_changing_analogue,-12,-14,-2,-4,1,"{""C"":-8,""N"":-1,""O"":-2,""S"":-1}",1,1
scaffold_changing_analogue,-12,-14,-2,-3,-1,"{""Br"":1,""C"":-9,""N"":-4}",1,1
scaffold_changing_analogue,-12,-14,-2,-3,-1,"{""C"":-9,""Cl"":1,""N"":-4}",1,1
scaffold_changing_analogue,-12,-14,-2,-3,-1,"{""C"":-9,""N"":-3}",1,1
scaffold_changing_analogue,-12,-14,-2,-3,0,"{""Br"":1,""C"":-9,""N"":-2,""O"":-2}",1,1
scaffold_changing_analogue,-12,-14,-2,-3,0,"{""C"":-9,""F"":-1,""N"":-1,""O"":-1}",1,1
scaffold_changing_analogue,-12,-14,-2,-3,0,"{""C"":-9,""N"":-1,""O"":-1,""S"":-1}",1,1
scaffold_changing_analogue,-12,-14,-2,-2,-1,"{""C"":-10,""N"":-1,""O"":-1}",1,1
scaffold_changing_analogue,-12,-14,-2,-2,-1,"{""C"":-10,""N"":-2}",1,1
scaffold_changing_analogue,-12,-14,-2,-2,0,"{""Br"":-1,""C"":-10,""I"":1,""N"":-1,""O"":-1}",1,1
scaffold_changing_analogue,-12,-14,-2,-2,0,"{""Br"":1,""C"":-10,""N"":-2,""O"":-1}",1,1
scaffold_changing_analogue,-12,-14,-2,-2,0,"{""C"":-10,""Cl"":-1,""F"":1,""N"":-1,""O"":-1}",1,1
scaffold_changing_analogue,-12,-14,-2,-2,0,"{""C"":-10,""F"":-1,""N"":-2,""O"":1}",1,1
scaffold_changing_analogue,-12,-14,-2,-2,0,"{""C"":-10,""N"":-2}",1,1
scaffold_changing_analogue,-12,-14,-2,-2,0,"{""C"":-10,""N"":-3,""O"":1}",1,1
scaffold_changing_analogue,-12,-14,-2,-1,-2,"{""C"":-11,""N"":-3,""O"":2}",1,1
scaffold_changing_analogue,-12,-14,-2,-1,-1,"{""C"":-11,""N"":-1}",1,1
scaffold_changing_analogue,-12,-14,-2,-1,0,"{""C"":-11,""N"":-1}",1,1
scaffold_changing_analogue,-12,-14,-2,-1,0,"{""C"":-11,""O"":-1}",1,1
scaffold_changing_analogue,-12,-14,-2,0,0,"{""C"":-12,""F"":1,""O"":-1}",1,1
scaffold_changing_analogue,-12,-14,-2,0,0,"{""C"":-12}",1,1
scaffold_changing_analogue,-12,-13,-1,-6,0,"{""C"":-6,""N"":-3,""O"":-3}",1,1
scaffold_changing_analogue,-12,-13,-1,-6,0,"{""C"":-6,""N"":-4,""O"":-2}",1,1
scaffold_changing_analogue,-12,-13,-1,-5,0,"{""C"":-7,""F"":-3,""N"":-1,""O"":-1}",1,1
scaffold_changing_analogue,-12,-13,-1,-5,0,"{""C"":-7,""N"":-1,""O"":-2,""S"":-2}",1,1
scaffold_changing_analogue,-12,-13,-1,-5,0,"{""C"":-7,""N"":-3,""O"":-2}",1,1
scaffold_changing_analogue,-12,-13,-1,-5,0,"{""C"":-7,""N"":-4,""O"":-1}",1,1
scaffold_changing_analogue,-12,-13,-1,-5,0,"{""C"":-7,""N"":-4,""S"":-1}",1,1
scaffold_changing_analogue,-12,-13,-1,-5,1,"{""C"":-7,""Cl"":-1,""N"":-1,""O"":-2,""S"":-1}",1,1
scaffold_changing_analogue,-12,-13,-1,-4,0,"{""Br"":1,""C"":-8,""N"":-4,""O"":-1}",1,1
scaffold_changing_analogue,-12,-13,-1,-4,0,"{""C"":-8,""Cl"":-1,""N"":-2,""O"":-1}",1,1
scaffold_changing_analogue,-12,-13,-1,-4,0,"{""C"":-8,""Cl"":-2,""O"":-2}",1,1
scaffold_changing_analogue,-12,-13,-1,-4,0,"{""C"":-8,""F"":-1,""N"":-2,""O"":-1}",1,1
scaffold_changing_analogue,-12,-13,-1,-4,0,"{""C"":-8,""F"":-3,""N"":-1}",1,1
scaffold_changing_analogue,-12,-13,-1,-4,0,"{""C"":-8,""F"":1,""N"":-4,""O"":-1}",1,1
scaffold_changing_analogue,-12,-13,-1,-4,0,"{""C"":-8,""N"":-1,""O"":-3}",1,1
scaffold_changing_analogue,-12,-13,-1,-4,0,"{""C"":-8,""N"":-2,""O"":-3,""S"":1}",1,1
scaffold_changing_analogue,-12,-13,-1,-4,0,"{""C"":-8,""N"":-4}",1,1
scaffold_changing_analogue,-12,-13,-1,-4,0,"{""C"":-8,""O"":-3,""S"":-1}",1,1
scaffold_changing_analogue,-12,-13,-1,-3,0,"{""C"":-9,""F"":-1,""N"":-1,""O"":-1}",1,1
scaffold_changing_analogue,-12,-13,-1,-3,0,"{""C"":-9,""F"":1,""N"":-3,""O"":-1}",1,1
scaffold_changing_analogue,-12,-13,-1,-3,0,"{""C"":-9,""N"":-3,""O"":-1,""S"":1}",1,1
scaffold_changing_analogue,-12,-13,-1,-3,0,"{""C"":-9,""N"":-3}",1,1
scaffold_changing_analogue,-12,-13,-1,-2,-1,"{""C"":-10,""N"":-1,""O"":-1}",1,1
scaffold_changing_analogue,-12,-13,-1,-1,0,"{""C"":-11,""N"":-1}",1,1
scaffold_changing_analogue,-11,-13,-2,-5,0,"{""C"":-6,""Cl"":1,""N"":-6}",1,1
scaffold_changing_analogue,-11,-13,-2,-4,0,"{""C"":-7,""Cl"":-1,""N"":-3}",1,1
scaffold_changing_analogue,-11,-13,-2,-4,0,"{""C"":-7,""N"":-2,""O"":-2}",1,1
scaffold_changing_analogue,-11,-13,-2,-4,0,"{""C"":-7,""N"":-3,""O"":-1}",1,1
scaffold_changing_analogue,-11,-13,-2,-4,0,"{""C"":-7,""N"":-4}",1,1
scaffold_changing_analogue,-11,-13,-2,-3,0,"{""C"":-8,""N"":-2,""O"":-1}",1,1
scaffold_changing_analogue,-11,-13,-2,-3,1,"{""C"":-8,""N"":-3}",1,1
scaffold_changing_analogue,-11,-13,-2,-2,0,"{""Br"":1,""C"":-9,""N"":-1,""O"":-2}",1,1
scaffold_changing_analogue,-11,-13,-2,-2,0,"{""C"":-9,""F"":1,""N"":-2,""O"":-1}",1,1
scaffold_changing_analogue,-11,-13,-2,-1,0,"{""C"":-10,""Cl"":1,""N"":-1,""O"":-1}",1,1
scaffold_changing_analogue,-11,-13,-2,-1,0,"{""C"":-10,""N"":-1}",1,1
scaffold_changing_analogue,-11,-13,-2,0,0,"{""C"":-11,""Cl"":1,""N"":-1}",1,1
scaffold_changing_analogue,-11,-13,-2,0,0,"{""C"":-11}",1,1
scaffold_changing_analogue,-11,-13,-2,1,0,"{""C"":-12,""F"":1}",1,1
scaffold_changing_analogue,-11,-12,-1,-6,0,"{""C"":-5,""Cl"":-1,""F"":-2,""N"":-3}",1,1
scaffold_changing_analogue,-11,-12,-1,-5,0,"{""C"":-6,""Cl"":1,""F"":-3,""N"":-3}",1,1
scaffold_changing_analogue,-11,-12,-1,-5,0,"{""C"":-6,""N"":-1,""O"":-3,""S"":-1}",1,1
scaffold_changing_analogue,-11,-12,-1,-5,0,"{""C"":-6,""N"":-2,""O"":-3}",1,1
scaffold_changing_analogue,-11,-12,-1,-4,0,"{""C"":-7,""Cl"":-1,""N"":-1,""O"":-1,""S"":-1}",1,1
scaffold_changing_analogue,-11,-12,-1,-4,0,"{""C"":-7,""F"":-1,""O"":-2,""S"":-1}",1,1
scaffold_changing_analogue,-11,-12,-1,-4,0,"{""C"":-7,""F"":-2,""N"":-1,""O"":-1}",1,1
scaffold_changing_analogue,-11,-12,-1,-4,0,"{""C"":-7,""F"":-3,""O"":-1}",1,1
scaffold_changing_analogue,-11,-12,-1,-4,0,"{""C"":-7,""F"":-4}",1,1
scaffold_changing_analogue,-11,-12,-1,-4,0,"{""C"":-7,""N"":-1,""O"":-3}",1,1
scaffold_changing_analogue,-11,-12,-1,-4,0,"{""C"":-7,""O"":-2,""S"":-2}",1,1
scaffold_changing_analogue,-11,-12,-1,-3,0,"{""Br"":-1,""C"":-8,""N"":-1,""O"":-1}",1,1
scaffold_changing_analogue,-11,-12,-1,-3,0,"{""Br"":-1,""C"":-8,""O"":-2}",1,1
scaffold_changing_analogue,-11,-12,-1,-3,0,"{""C"":-8,""F"":-1,""N"":-2}",1,1
scaffold_changing_analogue,-11,-12,-1,-3,0,"{""C"":-8,""F"":-1,""O"":-2}",1,1
scaffold_changing_analogue,-11,-12,-1,-3,0,"{""C"":-8,""N"":-2,""S"":-1}",1,1
scaffold_changing_analogue,-11,-12,-1,-2,-1,"{""C"":-9,""F"":-1,""N"":-1}",1,1
scaffold_changing_analogue,-11,-12,-1,-2,-1,"{""C"":-9,""N"":-1,""O"":-1}",1,1
scaffold_changing_analogue,-11,-12,-1,-2,-1,"{""C"":-9,""N"":-2}",1,1
scaffold_changing_analogue,-11,-12,-1,-2,0,"{""Br"":1,""C"":-9,""F"":-1,""N"":-1,""O"":-1}",1,1
scaffold_changing_analogue,-11,-12,-1,-2,0,"{""Br"":1,""C"":-9,""N"":-2,""O"":-1}",1,1
scaffold_changing_analogue,-11,-12,-1,-2,0,"{""C"":-9,""Cl"":1,""N"":-2,""O"":-1}",1,1
scaffold_changing_analogue,-11,-12,-1,-2,0,"{""C"":-9,""F"":-1,""O"":-1}",1,1
scaffold_changing_analogue,-11,-12,-1,-2,0,"{""C"":-9,""N"":-1,""O"":-2,""S"":1}",1,1
scaffold_changing_analogue,-11,-12,-1,-2,0,"{""C"":-9,""N"":-2}",1,1
scaffold_changing_analogue,-11,-12,-1,-2,1,"{""C"":-9,""O"":-2}",1,1
scaffold_changing_analogue,-11,-12,-1,-1,-1,"{""C"":-10,""N"":-1}",1,1
scaffold_changing_analogue,-11,-12,-1,-1,0,"{""C"":-10,""N"":-1}",1,1
scaffold_changing_analogue,-11,-11,0,-4,0,"{""C"":-7,""N"":-1,""O"":-3}",1,1
scaffold_changing_analogue,-11,-11,0,-4,0,"{""C"":-7,""N"":-2,""O"":-2}",1,1
scaffold_changing_analogue,-11,-10,1,-5,0,"{""C"":-6,""N"":-3,""O"":-2}",1,1
scaffold_changing_analogue,-10,-13,-4,0,-1,"{""C"":-10,""N"":-1,""O"":1}",1,1
scaffold_changing_analogue,-10,-13,-4,0,0,"{""C"":-10,""N"":-1,""O"":1}",1,1
scaffold_changing_analogue,-10,-13,-3,2,0,"{""C"":-12,""O"":2}",1,1
scaffold_changing_analogue,-10,-12,-2,-5,0,"{""C"":-5,""Cl"":-1,""N"":-4}",1,1
scaffold_changing_analogue,-10,-12,-2,-5,0,"{""C"":-5,""N"":-5}",1,1
scaffold_changing_analogue,-10,-12,-2,-4,0,"{""C"":-6,""N"":-3,""O"":-1}",1,1
scaffold_changing_analogue,-10,-12,-2,-4,0,"{""C"":-6,""N"":-4}",1,1
scaffold_changing_analogue,-10,-12,-2,-4,0,"{""C"":-6,""N"":-5,""S"":1}",1,1
scaffold_changing_analogue,-10,-12,-2,-3,-1,"{""C"":-7,""N"":-2,""O"":-1}",1,1
scaffold_changing_analogue,-10,-12,-2,-3,0,"{""C"":-7,""F"":1,""N"":-4}",1,1
scaffold_changing_analogue,-10,-12,-2,-3,0,"{""C"":-7,""N"":-1,""S"":-2}",1,1
scaffold_changing_analogue,-10,-12,-2,-3,0,"{""C"":-7,""N"":-3}",1,1
scaffold_changing_analogue,-10,-12,-2,-2,-1,"{""C"":-8,""N"":-1,""O"":-1}",1,1
scaffold_changing_analogue,-10,-12,-2,-2,-1,"{""C"":-8,""N"":-2}",1,1
scaffold_changing_analogue,-10,-12,-2,-2,0,"{""C"":-8,""F"":-1,""N"":-4,""O"":2,""S"":1}",1,1
scaffold_changing_analogue,-10,-12,-2,-2,0,"{""C"":-8,""F"":1,""N"":-1,""O"":-2}",1,1
scaffold_changing_analogue,-10,-12,-2,-2,0,"{""C"":-8,""N"":-3,""S"":1}",1,1
scaffold_changing_analogue,-10,-12,-2,-1,0,"{""Br"":1,""C"":-9,""N"":-1,""O"":-1}",1,1
scaffold_changing_analogue,-10,-11,-1,-6,0,"{""C"":-4,""N"":-2,""O"":-3,""S"":-1}",1,1
scaffold_changing_analogue,-10,-11,-1,-6,0,"{""C"":-4,""N"":-5,""O"":-1}",1,1
scaffold_changing_analogue,-10,-11,-1,-5,0,"{""C"":-5,""F"":-2,""N"":-3}",1,1
scaffold_changing_analogue,-10,-11,-1,-5,0,"{""C"":-5,""F"":-3,""N"":-3,""S"":1}",1,1
scaffold_changing_analogue,-10,-11,-1,-5,0,"{""C"":-5,""N"":-2,""O"":-2,""S"":-1}",1,1
scaffold_changing_analogue,-10,-11,-1,-5,0,"{""C"":-5,""N"":-3,""O"":-1,""S"":-1}",1,1
scaffold_changing_analogue,-10,-11,-1,-5,0,"{""C"":-5,""N"":-3,""O"":-2}",1,1
scaffold_changing_analogue,-10,-11,-1,-5,0,"{""C"":-5,""N"":-4,""O"":-1}",1,1
scaffold_changing_analogue,-10,-11,-1,-5,1,"{""C"":-5,""N"":-2,""O"":-2,""S"":-1}",1,1
scaffold_changing_analogue,-10,-11,-1,-4,0,"{""Br"":-1,""C"":-6,""N"":-1,""O"":-1,""S"":-1}",1,1
scaffold_changing_analogue,-10,-11,-1,-4,0,"{""Br"":-1,""C"":-6,""N"":-2,""S"":-1}",1,1
scaffold_changing_analogue,-10,-11,-1,-4,0,"{""C"":-6,""F"":-2,""N"":-2,""O"":-1,""S"":1}",1,1
scaffold_changing_analogue,-10,-11,-1,-4,0,"{""C"":-6,""F"":-2,""N"":-2}",1,1
scaffold_changing_analogue,-10,-11,-1,-4,0,"{""C"":-6,""F"":-3,""N"":-2,""S"":1}",1,1
scaffold_changing_analogue,-10,-11,-1,-4,0,"{""C"":-6,""F"":-4}",1,1
scaffold_changing_analogue,-10,-11,-1,-3,-1,"{""C"":-7,""N"":-3}",1,1
scaffold_changing_analogue,-10,-11,-1,-3,0,"{""C"":-7,""Cl"":-1,""N"":-1,""O"":-1}",1,1
scaffold_changing_analogue,-10,-11,-1,-3,0,"{""C"":-7,""N"":-2,""S"":-1}",1,1
scaffold_changing_analogue,-10,-11,-1,-3,1,"{""C"":-7,""F"":-1,""N"":-1,""O"":-1}",1,1
scaffold_changing_analogue,-10,-11,-1,-2,-1,"{""C"":-8,""N"":-1,""O"":-1}",1,1
scaffold_changing_analogue,-10,-11,-1,-2,0,"{""Br"":-1,""C"":-8,""Cl"":1,""I"":1,""N"":-3}",1,1
scaffold_changing_analogue,-10,-11,-1,-2,0,"{""C"":-8,""F"":-1,""N"":-1}",1,1
scaffold_changing_analogue,-10,-11,-1,-2,0,"{""C"":-8,""F"":-1,""N"":-2,""O"":1}",1,1
scaffold_changing_analogue,-10,-11,-1,-2,0,"{""C"":-8,""N"":-2}",1,1
scaffold_changing_analogue,-10,-11,-1,-2,1,"{""C"":-8,""O"":-2}",1,1
scaffold_changing_analogue,-10,-11,-1,-1,0,"{""C"":-9,""Cl"":1,""N"":-1,""O"":-1}",1,1
scaffold_changing_analogue,-10,-11,-1,0,0,"{""C"":-10}",1,1
scaffold_changing_analogue,-10,-10,0,-4,-1,"{""C"":-6,""N"":-3,""O"":-1}",1,1
scaffold_changing_analogue,-9,-11,-2,-5,1,"{""C"":-4,""N"":-6,""O"":1}",1,1
scaffold_changing_analogue,-9,-11,-2,-4,0,"{""C"":-5,""N"":-4}",1,1
scaffold_changing_analogue,-9,-11,-2,-3,0,"{""C"":-6,""F"":1,""N"":-4}",1,1
scaffold_changing_analogue,-9,-11,-2,-3,0,"{""C"":-6,""N"":-2,""O"":-1}",1,1
scaffold_changing_analogue,-9,-11,-2,-3,0,"{""C"":-6,""N"":-3}",1,1
scaffold_changing_analogue,-9,-11,-2,-2,-1,"{""C"":-7,""N"":-2}",1,1
scaffold_changing_analogue,-9,-11,-2,-2,0,"{""C"":-7,""Cl"":1,""N"":-3}",1,1
scaffold_changing_analogue,-9,-11,-2,0,0,"{""C"":-9,""N"":-1,""S"":1}",1,1
scaffold_changing_analogue,-9,-11,-2,1,0,"{""C"":-10,""Cl"":1}",1,1
scaffold_changing_analogue,-9,-11,-2,1,0,"{""C"":-10,""F"":2,""N"":-1}",1,1
scaffold_changing_analogue,-9,-11,-2,1,0,"{""C"":-10,""S"":1}",1,1
scaffold_changing_analogue,-9,-10,-1,-5,0,"{""C"":-4,""F"":-3,""N"":-3,""O"":1}",1,1
scaffold_changing_analogue,-9,-10,-1,-4,-1,"{""C"":-5,""N"":-2,""O"":-2,""S"":-1,""Si"":1}",1,1
scaffold_changing_analogue,-9,-10,-1,-4,0,"{""Br"":-1,""C"":-5,""N"":-2,""S"":-1}",1,1
scaffold_changing_analogue,-9,-10,-1,-4,0,"{""C"":-5,""Cl"":-1,""N"":-3}",1,1
scaffold_changing_analogue,-9,-10,-1,-4,0,"{""C"":-5,""Cl"":-2,""N"":-2}",1,1
scaffold_changing_analogue,-9,-10,-1,-4,0,"{""C"":-5,""F"":-5,""O"":1}",1,1
scaffold_changing_analogue,-9,-10,-1,-4,0,"{""C"":-5,""N"":-1,""O"":-2,""S"":-1}",1,1
scaffold_changing_analogue,-9,-10,-1,-4,0,"{""C"":-5,""N"":-3,""O"":-1}",1,1
scaffold_changing_analogue,-9,-10,-1,-3,-1,"{""C"":-6,""F"":-3,""N"":-1,""O"":1}",1,1
scaffold_changing_analogue,-9,-10,-1,-3,-1,"{""C"":-6,""N"":-2,""O"":-1}",1,1
scaffold_changing_analogue,-9,-10,-1,-3,0,"{""C"":-6,""F"":-3}",1,1
scaffold_changing_analogue,-9,-10,-1,-3,0,"{""C"":-6,""F"":1,""N"":-1,""O"":-3}",1,1
scaffold_changing_analogue,-9,-10,-1,-3,0,"{""C"":-6,""N"":-1,""O"":-1,""S"":-1}",1,1
scaffold_changing_analogue,-9,-10,-1,-3,0,"{""C"":-6,""O"":-3}",1,1
scaffold_changing_analogue,-9,-10,-1,-2,0,"{""C"":-7,""Cl"":-1,""N"":-1}",1,1
scaffold_changing_analogue,-9,-10,-1,-2,0,"{""C"":-7,""F"":-1,""O"":-1}",1,1
scaffold_changing_analogue,-9,-10,-1,-2,0,"{""C"":-7,""F"":-2}",1,1
scaffold_changing_analogue,-9,-10,-1,-2,0,"{""C"":-7,""N"":-1,""S"":-1}",1,1
scaffold_changing_analogue,-9,-10,-1,-2,0,"{""C"":-7,""O"":-1,""S"":-1}",1,1
scaffold_changing_analogue,-9,-10,-1,-1,0,"{""C"":-8,""Cl"":1,""N"":-1,""O"":-1}",1,1
scaffold_changing_analogue,-9,-10,-1,-1,0,"{""C"":-8,""F"":-1}",1,1
scaffold_changing_analogue,-9,-10,-1,-1,0,"{""C"":-8,""F"":1,""N"":-1,""O"":-1}",1,1
scaffold_changing_analogue,-9,-10,-1,0,-1,"{""C"":-9,""N"":-2,""O"":1,""S"":1}",1,1
scaffold_changing_analogue,-9,-10,-1,0,1,"{""C"":-9}",1,1
scaffold_changing_analogue,-9,-9,0,-4,0,"{""C"":-5,""N"":-1,""O"":-2,""S"":-1}",1,1
scaffold_changing_analogue,-9,-9,0,-3,0,"{""C"":-6,""Cl"":-1,""N"":-2}",1,1
scaffold_changing_analogue,-8,-10,-2,-4,0,"{""C"":-4,""N"":-3,""O"":-1}",1,1
scaffold_changing_analogue,-8,-10,-2,-2,0,"{""C"":-6,""F"":1,""N"":-3}",1,1
scaffold_changing_analogue,-8,-10,-2,-2,0,"{""C"":-6,""N"":-1,""S"":-1}",1,1
scaffold_changing_analogue,-8,-10,-2,-2,0,"{""C"":-6,""N"":-3,""O"":1}",1,1
scaffold_changing_analogue,-8,-10,-2,-1,-1,"{""C"":-7,""N"":-1}",1,1
scaffold_changing_analogue,-8,-10,-2,-1,-1,"{""C"":-7,""N"":-3,""O"":2}",1,1
scaffold_changing_analogue,-8,-10,-2,0,0,"{""C"":-8,""N"":-1,""O"":1}",1,1
scaffold_changing_analogue,-8,-10,-2,0,0,"{""C"":-8}",1,1
scaffold_changing_analogue,-8,-10,0,-1,0,"{""C"":-7,""F"":-1,""N"":-1,""O"":1}",1,1
scaffold_changing_analogue,-8,-9,-1,-4,-1,"{""C"":-4,""N"":-3,""O"":-1}",1,1
scaffold_changing_analogue,-8,-9,-1,-4,0,"{""C"":-4,""N"":-2,""O"":-2}",1,1
scaffold_changing_analogue,-8,-9,-1,-4,0,"{""C"":-4,""N"":-3,""S"":-1}",1,1
scaffold_changing_analogue,-8,-9,-1,-3,-1,"{""C"":-5,""N"":-1,""O"":-1,""S"":-1}",1,1
scaffold_changing_analogue,-8,-9,-1,-3,0,"{""C"":-5,""I"":-1,""N"":-2}",1,1
scaffold_changing_analogue,-8,-9,-1,-3,0,"{""C"":-5,""N"":-2,""S"":-1}",1,1
scaffold_changing_analogue,-8,-9,-1,-3,0,"{""C"":-5,""O"":-1,""S"":-2}",1,1
scaffold_changing_analogue,-8,-9,-1,-2,-1,"{""Br"":-1,""C"":-6,""O"":-1}",1,1
scaffold_changing_analogue,-8,-9,-1,-2,-1,"{""Br"":-1,""C"":-6,""S"":-1}",1,1
scaffold_changing_analogue,-8,-9,-1,-2,-1,"{""C"":-6,""N"":-2}",1,1
scaffold_changing_analogue,-8,-9,-1,-2,0,"{""Br"":-1,""C"":-6,""N"":-1}",1,1
scaffold_changing_analogue,-8,-9,-1,-2,0,"{""Br"":-1,""C"":-6,""O"":-1,""S"":-1,""Si"":1}",1,1
scaffold_changing_analogue,-8,-9,-1,-2,0,"{""Br"":1,""C"":-6,""F"":-2,""O"":-1}",1,1
scaffold_changing_analogue,-8,-9,-1,-2,0,"{""Br"":1,""C"":-6,""N"":-1,""O"":-1,""S"":-1}",1,1
scaffold_changing_analogue,-8,-9,-1,-2,0,"{""C"":-6,""Cl"":-1,""F"":1,""N"":-1,""O"":-1}",1,1
scaffold_changing_analogue,-8,-9,-1,-2,0,"{""C"":-6,""Cl"":-1,""O"":-1}",1,1
scaffold_changing_analogue,-8,-9,-1,-2,0,"{""C"":-6,""Cl"":-1,""S"":-1}",1,1
scaffold_changing_analogue,-8,-9,-1,-2,0,"{""C"":-6,""F"":-2}",1,1
scaffold_changing_analogue,-8,-9,-1,-2,0,"{""C"":-6,""N"":-3,""O"":1}",1,1
scaffold_changing_analogue,-8,-9,-1,-2,0,"{""C"":-6,""O"":-2}",1,1
scaffold_changing_analogue,-8,-9,-1,-2,1,"{""C"":-6,""Cl"":-2,""N"":1,""O"":-1}",1,1
scaffold_changing_analogue,-8,-9,-1,-1,-1,"{""C"":-7,""F"":-1}",1,1
scaffold_changing_analogue,-8,-9,-1,-1,0,"{""Br"":-1,""C"":-7,""F"":1,""S"":-1}",1,1
scaffold_changing_analogue,-8,-9,-1,-1,0,"{""Br"":-1,""C"":-7}",1,1
scaffold_changing_analogue,-8,-9,-1,-1,0,"{""Br"":1,""C"":-7,""N"":-1,""O"":-1}",1,1
scaffold_changing_analogue,-8,-9,-1,-1,0,"{""C"":-7,""Cl"":1,""N"":-1,""O"":-1}",1,1
scaffold_changing_analogue,-8,-9,-1,-1,0,"{""C"":-7,""F"":-1,""N"":-1,""O"":1}",1,1
scaffold_changing_analogue,-8,-9,-1,-1,0,"{""C"":-7,""N"":-2,""O"":1}",1,1
scaffold_changing_analogue,-8,-9,-1,-1,1,"{""C"":-7,""O"":-1}",1,1
scaffold_changing_analogue,-8,-9,-1,0,0,"{""C"":-8,""Cl"":1,""F"":-1}",1,1
scaffold_changing_analogue,-8,-9,-1,0,0,"{""C"":-8,""N"":-2,""O"":1,""S"":1}",1,1
scaffold_changing_analogue,-8,-9,-1,1,0,"{""C"":-9,""O"":1}",1,1
scaffold_changing_analogue,-8,-9,0,-1,0,"{""C"":-7,""F"":-1}",1,1
scaffold_changing_analogue,-8,-8,0,-4,0,"{""C"":-4,""F"":-3,""N"":-1}",1,1
scaffold_changing_analogue,-8,-8,0,-3,0,"{""C"":-5,""N"":-2,""O"":-1}",1,1
scaffold_changing_analogue,-8,-8,0,-2,0,"{""C"":-6,""N"":-2}",1,1
scaffold_changing_analogue,-7,-9,-2,-1,-1,"{""C"":-6,""N"":-1}",1,1
scaffold_changing_analogue,-7,-9,-2,-1,-1,"{""C"":-6,""N"":-2,""O"":1}",1,1
scaffold_changing_analogue,-7,-9,-2,0,-1,"{""C"":-7,""N"":-1,""O"":1}",1,1
scaffold_changing_analogue,-7,-9,-2,0,-1,"{""C"":-7}",1,1
scaffold_changing_analogue,-7,-9,-2,0,0,"{""C"":-7,""F"":1,""O"":-1}",1,1
scaffold_changing_analogue,-7,-9,-2,0,0,"{""C"":-7,""O"":1,""S"":-1}",1,1
scaffold_changing_analogue,-7,-9,-2,0,0,"{""C"":-7}",1,1
scaffold_changing_analogue,-7,-9,-2,2,0,"{""C"":-9,""F"":2}",1,1
scaffold_changing_analogue,-7,-8,-1,-4,0,"{""C"":-3,""N"":-3,""O"":-1}",1,1
scaffold_changing_analogue,-7,-8,-1,-4,0,"{""C"":-3,""N"":-4}",1,1
scaffold_changing_analogue,-7,-8,-1,-3,0,"{""Br"":-1,""C"":-4,""N"":-3,""S"":1}",1,1
scaffold_changing_analogue,-7,-8,-1,-3,0,"{""C"":-4,""Cl"":-1,""F"":1,""N"":-3}",1,1
scaffold_changing_analogue,-7,-8,-1,-3,0,"{""C"":-4,""Cl"":-1,""N"":-2}",1,1
scaffold_changing_analogue,-7,-8,-1,-3,0,"{""C"":-4,""F"":-1,""N"":-2}",1,1
scaffold_changing_analogue,-7,-8,-1,-3,0,"{""C"":-4,""F"":1,""N"":-3,""O"":-1}",1,1
scaffold_changing_analogue,-7,-8,-1,-3,0,"{""C"":-4,""N"":-1,""S"":-2}",1,1
scaffold_changing_analogue,-7,-8,-1,-3,0,"{""C"":-4,""N"":-4,""O"":1}",1,1
scaffold_changing_analogue,-7,-8,-1,-2,-1,"{""C"":-5,""F"":-2,""N"":-1,""O"":1}",1,1
scaffold_changing_analogue,-7,-8,-1,-2,0,"{""Br"":1,""C"":-5,""N"":-1,""O"":-2}",1,1
scaffold_changing_analogue,-7,-8,-1,-2,0,"{""Br"":1,""C"":-5,""O"":-2,""S"":-1}",1,1
scaffold_changing_analogue,-7,-8,-1,-2,0,"{""C"":-5,""Cl"":-2}",1,1
scaffold_changing_analogue,-7,-8,-1,-2,0,"{""C"":-5,""F"":-1,""N"":-3,""O"":1,""P"":1}",1,1
scaffold_changing_analogue,-7,-8,-1,-2,0,"{""C"":-5,""F"":-5,""O"":2,""S"":1}",1,1
scaffold_changing_analogue,-7,-8,-1,-2,0,"{""C"":-5,""F"":1,""N"":-1,""O"":-2}",1,1
scaffold_changing_analogue,-7,-8,-1,-2,0,"{""C"":-5,""N"":-1,""S"":-1}",1,1
scaffold_changing_analogue,-7,-8,-1,-2,1,"{""C"":-5,""Cl"":-1,""O"":-1}",1,1
scaffold_changing_analogue,-7,-8,-1,-1,-1,"{""C"":-6,""Cl"":-1}",1,1
scaffold_changing_analogue,-7,-8,-1,-1,-1,"{""C"":-6,""F"":-1,""N"":-1,""O"":1}",1,1
scaffold_changing_analogue,-7,-8,-1,-1,-1,"{""C"":-6,""F"":-3,""O"":2}",1,1
scaffold_changing_analogue,-7,-8,-1,-1,0,"{""Br"":-1,""C"":-6,""F"":-1,""N"":1}",1,1
scaffold_changing_analogue,-7,-8,-1,-1,0,"{""Br"":-1,""C"":-6,""P"":1,""S"":-1}",1,1
scaffold_changing_analogue,-7,-8,-1,-1,0,"{""Br"":1,""C"":-6,""N"":-1,""O"":-1}",1,1
scaffold_changing_analogue,-7,-8,-1,-1,0,"{""Br"":1,""C"":-6,""O"":-1,""S"":-1}",1,1
scaffold_changing_analogue,-7,-8,-1,-1,0,"{""C"":-6,""Cl"":-1,""F"":1,""O"":-1}",1,1
scaffold_changing_analogue,-7,-8,-1,-1,0,"{""C"":-6,""Cl"":1,""N"":-1,""O"":-1}",1,1
scaffold_changing_analogue,-7,-8,-1,-1,0,"{""C"":-6,""F"":-1,""N"":-1,""O"":1}",1,1
scaffold_changing_analogue,-7,-8,-1,-1,0,"{""C"":-6,""F"":-2,""O"":1}",1,1
scaffold_changing_analogue,-7,-8,-1,-1,0,"{""C"":-6,""F"":1,""N"":-1,""O"":-1}",1,1
scaffold_changing_analogue,-7,-8,-1,0,-1,"{""C"":-7}",1,1
scaffold_changing_analogue,-7,-8,-1,0,0,"{""Br"":1,""C"":-7,""F"":-1}",1,1
scaffold_changing_analogue,-7,-8,-1,0,0,"{""Br"":1,""C"":-7,""O"":-1}",1,1
scaffold_changing_analogue,-7,-8,-1,0,0,"{""Br"":1,""C"":-7,""S"":-1}",1,1
scaffold_changing_analogue,-7,-8,-1,0,0,"{""C"":-7,""F"":-1,""I"":1}",1,1
scaffold_changing_analogue,-7,-8,-1,0,0,"{""C"":-7,""F"":-1,""P"":1}",1,1
scaffold_changing_analogue,-7,-8,-1,0,0,"{""C"":-7,""F"":-1,""S"":1}",1,1
scaffold_changing_analogue,-7,-8,-1,0,0,"{""C"":-7,""F"":1,""N"":-1}",1,1
scaffold_changing_analogue,-7,-8,-1,0,0,"{""C"":-7,""F"":1,""O"":-1}",1,1
scaffold_changing_analogue,-7,-8,-1,0,0,"{""C"":-7,""I"":1,""S"":-1}",1,1
scaffold_changing_analogue,-7,-8,-1,0,0,"{""C"":-7,""N"":-1,""O"":1}",1,1
scaffold_changing_analogue,-7,-8,-1,0,0,"{""C"":-7,""N"":-1,""S"":1}",1,1
scaffold_changing_analogue,-7,-8,0,-1,0,"{""C"":-6,""F"":-1}",1,1
scaffold_changing_analogue,-7,-7,0,-4,0,"{""C"":-3,""N"":-4}",1,1
scaffold_changing_analogue,-7,-7,0,-3,0,"{""C"":-4,""F"":-3}",1,1
scaffold_changing_analogue,-7,-7,0,-3,0,"{""C"":-4,""N"":-1,""O"":-2}",1,1
scaffold_changing_analogue,-7,-7,0,-1,0,"{""C"":-6,""N"":-1}",1,1
scaffold_changing_analogue,-7,-7,0,-1,1,"{""C"":-6,""N"":-1}",1,1
scaffold_changing_analogue,-6,-8,-2,0,0,"{""C"":-6}",1,1
scaffold_changing_analogue,-6,-7,-1,-4,0,"{""C"":-2,""N"":-4}",1,1
scaffold_changing_analogue,-6,-7,-1,-4,1,"{""C"":-2,""N"":-3,""O"":-1}",1,1
scaffold_changing_analogue,-6,-7,-1,-3,-1,"{""C"":-3,""N"":-1,""O"":-2}",1,1
scaffold_changing_analogue,-6,-7,-1,-3,0,"{""C"":-3,""N"":-1,""O"":-1,""S"":-1}",1,1
scaffold_changing_analogue,-6,-7,-1,-3,0,"{""C"":-3,""N"":-2,""S"":-1}",1,1
scaffold_changing_analogue,-6,-7,-1,-2,0,"{""C"":-4,""Cl"":-1,""N"":-3,""O"":1,""Si"":1}",1,1
scaffold_changing_analogue,-6,-7,-1,-2,0,"{""C"":-4,""F"":-1,""N"":-2,""O"":1}",1,1
scaffold_changing_analogue,-6,-7,-1,-2,0,"{""C"":-4,""F"":-5,""O"":2,""S"":1}",1,1
scaffold_changing_analogue,-6,-7,-1,-2,0,"{""C"":-4,""S"":-2}",1,1
scaffold_changing_analogue,-6,-7,-1,-2,1,"{""C"":-4,""N"":-1,""O"":-1}",1,1
scaffold_changing_analogue,-6,-7,-1,-1,-1,"{""C"":-5,""I"":1,""N"":-1,""O"":-1}",1,1
scaffold_changing_analogue,-6,-7,-1,-1,-1,"{""C"":-5,""N"":-1,""P"":-1,""S"":1}",1,1
scaffold_changing_analogue,-6,-7,-1,-1,-1,"{""C"":-5,""N"":-2,""O"":1}",1,1
scaffold_changing_analogue,-6,-7,-1,-1,0,"{""Br"":-1,""C"":-5,""N"":-1,""O"":1}",1,1
scaffold_changing_analogue,-6,-7,-1,-1,0,"{""Br"":-1,""C"":-5}",1,1
scaffold_changing_analogue,-6,-7,-1,-1,0,"{""Br"":1,""C"":-5,""F"":-1,""N"":-1}",1,1
scaffold_changing_analogue,-6,-7,-1,-1,0,"{""Br"":1,""C"":-5,""N"":-2}",1,1
scaffold_changing_analogue,-6,-7,-1,-1,0,"{""C"":-5,""I"":1,""O"":-1,""S"":-1}",1,1
scaffold_changing_analogue,-6,-7,-1,-1,0,"{""C"":-5,""N"":-1,""O"":-1,""S"":1}",1,1
scaffold_changing_analogue,-6,-7,-1,-1,1,"{""C"":-5,""Cl"":-1}",1,1
scaffold_changing_analogue,-6,-7,-1,-1,1,"{""C"":-5,""F"":-1}",1,1
scaffold_changing_analogue,-6,-7,-1,0,-1,"{""C"":-6,""Cl"":-1,""O"":2,""S"":-1}",1,1
scaffold_changing_analogue,-6,-7,-1,0,-1,"{""C"":-6,""F"":-1,""O"":1}",1,1
scaffold_changing_analogue,-6,-7,-1,0,-1,"{""C"":-6,""N"":-1,""O"":1}",1,1
scaffold_changing_analogue,-6,-7,-1,0,0,"{""Br"":-1,""C"":-6,""I"":1}",1,1
scaffold_changing_analogue,-6,-7,-1,0,0,"{""Br"":1,""C"":-6,""Cl"":-1}",1,1
scaffold_changing_analogue,-6,-7,-1,0,0,"{""Br"":1,""C"":-6,""F"":-1}",1,1
scaffold_changing_analogue,-6,-7,-1,0,0,"{""Br"":1,""C"":-6,""N"":-1}",1,1
scaffold_changing_analogue,-6,-7,-1,0,0,"{""C"":-6,""Cl"":-1,""N"":1}",1,1
scaffold_changing_analogue,-6,-7,-1,0,0,"{""C"":-6,""Cl"":1,""F"":-1}",1,1
scaffold_changing_analogue,-6,-7,-1,0,0,"{""C"":-6,""Cl"":1,""N"":-1}",1,1
scaffold_changing_analogue,-6,-7,-1,0,0,"{""C"":-6,""F"":-1,""N"":1}",1,1
scaffold_changing_analogue,-6,-7,-1,0,0,"{""C"":-6,""F"":-1,""S"":1}",1,1
scaffold_changing_analogue,-6,-7,-1,0,0,"{""C"":-6,""F"":1,""O"":-1}",1,1
scaffold_changing_analogue,-6,-7,-1,0,0,"{""C"":-6,""I"":1,""N"":-1}",1,1
scaffold_changing_analogue,-6,-7,-1,0,0,"{""C"":-6,""N"":1,""O"":-1}",1,1
scaffold_changing_analogue,-6,-7,-1,0,1,"{""C"":-6,""N"":1,""S"":-1}",1,1
scaffold_changing_analogue,-6,-7,-1,1,0,"{""Br"":1,""C"":-7}",1,1
scaffold_changing_analogue,-6,-7,-1,1,0,"{""C"":-7,""N"":-1,""O"":1,""S"":1}",1,1
scaffold_changing_analogue,-6,-7,-1,1,0,"{""C"":-7,""P"":1}",1,1
scaffold_changing_analogue,-6,-7,0,0,0,"{""C"":-6,""Cl"":-1,""O"":1}",1,1
scaffold_changing_analogue,-6,-7,0,0,0,"{""C"":-6,""N"":-1,""O"":1}",1,1
scaffold_changing_analogue,-6,-6,0,-4,1,"{""C"":-2,""N"":-1,""O"":-2,""S"":-1}",1,1
scaffold_changing_analogue,-6,-6,0,-3,0,"{""C"":-3,""N"":-1,""O"":-2}",1,1
scaffold_changing_analogue,-6,-6,0,-3,0,"{""C"":-3,""N"":-2,""O"":-1}",1,1
scaffold_changing_analogue,-6,-6,0,-2,-1,"{""C"":-4,""N"":-1,""O"":-1}",1,1
scaffold_changing_analogue,-6,-6,0,-2,0,"{""C"":-4,""Cl"":-1,""F"":-1}",1,1
scaffold_changing_analogue,-6,-6,0,-2,0,"{""C"":-4,""Cl"":-2}",1,1
scaffold_changing_analogue,-6,-6,0,-2,0,"{""C"":-4,""F"":-1,""N"":-1}",1,1
scaffold_changing_analogue,-6,-6,0,-2,0,"{""C"":-4,""F"":1,""N"":-1,""O"":-2}",1,1
scaffold_changing_analogue,-6,-6,0,-1,-1,"{""C"":-5,""N"":-1}",1,1
scaffold_changing_analogue,-6,-6,0,-1,1,"{""C"":-5,""F"":-1}",1,1
scaffold_changing_analogue,-6,-6,1,-1,0,"{""C"":-5,""O"":-1}",1,1
scaffold_changing_analogue,-5,-7,-2,0,0,"{""C"":-5}",1,1
scaffold_changing_analogue,-5,-6,-1,-4,1,"{""C"":-1,""N"":-4}",1,1
scaffold_changing_analogue,-5,-6,-1,-3,0,"{""C"":-2,""Cl"":1,""N"":-4}",1,1
scaffold_changing_analogue,-5,-6,-1,-3,1,"{""C"":-2,""N"":-4,""O"":1}",1,1
scaffold_changing_analogue,-5,-6,-1,-2,-1,"{""C"":-3,""N"":-1,""O"":-1}",1,1
scaffold_changing_analogue,-5,-6,-1,-2,-1,"{""C"":-3,""N"":-3,""O"":1}",1,1
scaffold_changing_analogue,-5,-6,-1,-2,0,"{""Br"":1,""C"":-3,""N"":-3}",1,1
scaffold_changing_analogue,-5,-6,-1,-2,0,"{""C"":-3,""Cl"":-1,""N"":-1}",1,1
scaffold_changing_analogue,-5,-6,-1,-2,0,"{""C"":-3,""Cl"":-1,""O"":-1}",1,1
scaffold_changing_analogue,-5,-6,-1,-2,0,"{""C"":-3,""Cl"":1,""N"":-3}",1,1
scaffold_changing_analogue,-5,-6,-1,-2,0,"{""C"":-3,""N"":-2,""O"":1,""S"":-1}",1,1
scaffold_changing_analogue,-5,-6,-1,-2,0,"{""C"":-3,""O"":-2}",1,1
scaffold_changing_analogue,-5,-6,-1,-2,0,"{""C"":-3,""S"":-2}",1,1
scaffold_changing_analogue,-5,-6,-1,-2,1,"{""C"":-3,""N"":-2}",1,1
scaffold_changing_analogue,-5,-6,-1,-1,0,"{""C"":-4,""Cl"":1,""N"":-1,""S"":-1}",1,1
scaffold_changing_analogue,-5,-6,-1,-1,0,"{""C"":-4,""Cl"":1,""N"":-2}",1,1
scaffold_changing_analogue,-5,-6,-1,-1,0,"{""C"":-4,""F"":-1,""N"":-1,""O"":1}",1,1
scaffold_changing_analogue,-5,-6,-1,-1,0,"{""C"":-4,""F"":1,""N"":-2}",1,1
scaffold_changing_analogue,-5,-6,-1,-1,0,"{""C"":-4,""N"":-1,""O"":-1,""S"":1}",1,1
scaffold_changing_analogue,-5,-6,-1,-1,0,"{""C"":-4,""N"":-1,""O"":1,""S"":-1}",1,1
scaffold_changing_analogue,-5,-6,-1,-1,0,"{""C"":-4,""N"":-3,""O"":1,""S"":1}",1,1
scaffold_changing_analogue,-5,-6,-1,0,-2,"{""C"":-5,""N"":-1,""O"":1}",1,1
scaffold_changing_analogue,-5,-6,-1,0,-1,"{""B"":1,""C"":-5,""N"":-1}",1,1
scaffold_changing_analogue,-5,-6,-1,0,-1,"{""C"":-5,""Cl"":-1,""O"":1}",1,1
scaffold_changing_analogue,-5,-6,-1,0,-1,"{""C"":-5}",1,1
scaffold_changing_analogue,-5,-6,-1,0,0,"{""C"":-5,""Cl"":1,""S"":-1}",1,1
scaffold_changing_analogue,-5,-6,-1,0,0,"{""C"":-5,""F"":1,""S"":-1}",1,1
scaffold_changing_analogue,-5,-6,-1,0,0,"{""C"":-5,""N"":-1,""P"":1}",1,1
scaffold_changing_analogue,-5,-6,-1,0,0,"{""C"":-5,""N"":-1,""S"":1}",1,1
scaffold_changing_analogue,-5,-6,-1,0,0,"{""C"":-5,""N"":-2,""O"":1,""P"":1}",1,1
scaffold_changing_analogue,-5,-6,-1,0,0,"{""C"":-5,""O"":1,""S"":-1}",1,1
scaffold_changing_analogue,-5,-6,-1,0,0,"{""C"":-5,""P"":1,""S"":-1}",1,1
scaffold_changing_analogue,-5,-6,-1,0,1,"{""C"":-5,""N"":-1,""O"":1}",1,1
scaffold_changing_analogue,-5,-6,-1,0,1,"{""C"":-5}",1,1
scaffold_changing_analogue,-5,-6,-1,1,-2,"{""C"":-6,""O"":1}",1,1
scaffold_changing_analogue,-5,-6,-1,1,-1,"{""C"":-6,""Cl"":1}",1,1
scaffold_changing_analogue,-5,-6,-1,1,-1,"{""C"":-6,""F"":-1,""O"":1,""S"":1}",1,1
scaffold_changing_analogue,-5,-6,-1,1,0,"{""C"":-6,""N"":-1,""O"":1,""S"":1}",1,1
scaffold_changing_analogue,-5,-6,-1,1,0,"{""C"":-6,""O"":1,""P"":1,""S"":-1}",1,1
scaffold_changing_analogue,-5,-6,-1,1,0,"{""C"":-6,""Si"":1}",1,1
scaffold_changing_analogue,-5,-6,-1,2,0,"{""C"":-7,""O"":2}",1,1
scaffold_changing_analogue,-5,-6,0,0,0,"{""C"":-5}",1,1
scaffold_changing_analogue,-5,-6,0,1,0,"{""C"":-6,""O"":1}",1,1
scaffold_changing_analogue,-5,-5,0,-5,0,"{""O"":-3,""S"":-2}",1,1
scaffold_changing_analogue,-5,-5,0,-4,0,"{""C"":-1,""F"":-3,""N"":-1}",1,1
scaffold_changing_analogue,-5,-5,0,-4,0,"{""C"":-1,""F"":-3,""S"":-1}",1,1
scaffold_changing_analogue,-5,-5,0,-3,0,"{""C"":-2,""F"":-3,""N"":-1,""O"":1}",1,1
scaffold_changing_analogue,-5,-5,0,-3,0,"{""C"":-2,""N"":-1,""O"":-2}",1,1
scaffold_changing_analogue,-5,-5,0,-3,0,"{""C"":-2,""N"":-2,""O"":-1}",1,1
scaffold_changing_analogue,-5,-5,0,-3,0,"{""C"":-2,""N"":-3}",1,1
scaffold_changing_analogue,-5,-5,0,-3,1,"{""C"":-2,""Cl"":-1,""N"":-2}",1,1
scaffold_changing_analogue,-5,-5,0,-2,0,"{""C"":-3,""Cl"":-1,""F"":-1}",1,1
scaffold_changing_analogue,-5,-5,0,-2,0,"{""C"":-3,""Cl"":-1,""N"":-2,""S"":1}",1,1
scaffold_changing_analogue,-5,-5,0,-2,0,"{""C"":-3,""F"":-1,""N"":-1}",1,1
scaffold_changing_analogue,-5,-5,0,-2,0,"{""C"":-3,""F"":-2}",1,1
scaffold_changing_analogue,-5,-5,0,-2,0,"{""C"":-3,""F"":-3,""S"":1}",1,1
scaffold_changing_analogue,-5,-5,0,-2,0,"{""C"":-3,""O"":-1,""S"":-1}",1,1
scaffold_changing_analogue,-5,-5,0,-2,1,"{""C"":-3,""N"":-1,""O"":-1}",1,1
scaffold_changing_analogue,-5,-5,0,-1,0,"{""C"":-4,""F"":-1,""N"":-1,""O"":1}",1,1
scaffold_changing_analogue,-5,-5,0,-1,0,"{""C"":-4,""N"":-2,""S"":1}",1,1
scaffold_changing_analogue,-5,-5,0,-1,0,"{""C"":-4,""S"":-1}",1,1
scaffold_changing_analogue,-5,-5,0,0,0,"{""C"":-5,""Cl"":1,""N"":-1}",1,1
scaffold_changing_analogue,-5,-5,0,0,0,"{""C"":-5,""F"":-1,""O"":1}",1,1
scaffold_changing_analogue,-5,-5,1,-2,1,"{""C"":-3,""N"":-1,""O"":-1}",1,1
scaffold_changing_analogue,-5,-5,1,-1,0,"{""C"":-4,""F"":-1}",1,1
scaffold_changing_analogue,-5,-5,1,-1,0,"{""C"":-4,""N"":-1}",1,1
scaffold_changing_analogue,-5,-4,1,-2,0,"{""C"":-3,""N"":-1,""S"":-1}",1,1
scaffold_changing_analogue,-5,-4,1,0,0,"{""C"":-5}",1,1
scaffold_changing_analogue,-4,-5,-1,-4,0,"{""N"":-4}",1,1
scaffold_changing_analogue,-4,-5,-1,-4,1,"{""N"":-4}",1,1
scaffold_changing_analogue,-4,-5,-1,-3,0,"{""Br"":1,""C"":-1,""N"":-4}",1,1
scaffold_changing_analogue,-4,-5,-1,-3,0,"{""C"":-1,""N"":-2,""S"":-1}",1,1
scaffold_changing_analogue,-4,-5,-1,-3,2,"{""C"":-1,""N"":-3}",1,1
scaffold_changing_analogue,-4,-5,-1,-2,0,"{""C"":-2,""Cl"":-1,""N"":-1}",1,1
scaffold_changing_analogue,-4,-5,-1,-2,0,"{""C"":-2,""F"":1,""N"":-2,""O"":-1}",1,1
scaffold_changing_analogue,-4,-5,-1,-2,0,"{""C"":-2,""I"":1,""N"":-2,""O"":-1}",1,1
scaffold_changing_analogue,-4,-5,-1,-2,0,"{""C"":-2,""N"":-3,""S"":1}",1,1
scaffold_changing_analogue,-4,-5,-1,-2,1,"{""C"":-2,""N"":-2}",1,1
scaffold_changing_analogue,-4,-5,-1,-1,-1,"{""C"":-3,""N"":-1}",1,1
scaffold_changing_analogue,-4,-5,-1,-1,-1,"{""C"":-3,""N"":-2,""O"":1}",1,1
scaffold_changing_analogue,-4,-5,-1,-1,0,"{""Br"":1,""C"":-3,""N"":-2}",1,1
scaffold_changing_analogue,-4,-5,-1,-1,0,"{""C"":-3,""Cl"":-1}",1,1
scaffold_changing_analogue,-4,-5,-1,-1,0,"{""C"":-3,""Cl"":1,""N"":-1,""S"":-1}",1,1
scaffold_changing_analogue,-4,-5,-1,-1,0,"{""C"":-3,""Cl"":1,""S"":-2}",1,1
scaffold_changing_analogue,-4,-5,-1,-1,0,"{""C"":-3,""F"":-1,""N"":-1,""O"":1}",1,1
scaffold_changing_analogue,-4,-5,-1,-1,0,"{""C"":-3,""F"":-1,""N"":1,""S"":-1}",1,1
scaffold_changing_analogue,-4,-5,-1,-1,0,"{""C"":-3,""F"":1,""N"":-1,""O"":-1}",1,1
scaffold_changing_analogue,-4,-5,-1,-1,0,"{""C"":-3,""I"":1,""N"":-2}",1,1
scaffold_changing_analogue,-4,-5,-1,-1,0,"{""C"":-3,""N"":-1,""O"":-1,""S"":1}",1,1
scaffold_changing_analogue,-4,-5,-1,-1,0,"{""C"":-3,""N"":-3,""O"":1,""S"":1}",1,1
scaffold_changing_analogue,-4,-5,-1,-1,1,"{""C"":-3,""N"":-2,""S"":1}",1,1
scaffold_changing_analogue,-4,-5,-1,-1,1,"{""C"":-3,""N"":1,""O"":-1,""S"":-1}",1,1
scaffold_changing_analogue,-4,-5,-1,0,-1,"{""C"":-4,""F"":1,""N"":-1}",1,1
scaffold_changing_analogue,-4,-5,-1,0,-1,"{""C"":-4}",1,1
scaffold_changing_analogue,-4,-5,-1,0,0,"{""Br"":-1,""C"":-4,""F"":2,""S"":-1}",1,1
scaffold_changing_analogue,-4,-5,-1,0,0,"{""Br"":1,""C"":-4,""O"":-1}",1,1
scaffold_changing_analogue,-4,-5,-1,0,0,"{""C"":-4,""Cl"":1,""F"":-1,""N"":1,""S"":-1}",1,1
scaffold_changing_analogue,-4,-5,-1,0,0,"{""C"":-4,""Cl"":1,""N"":-1}",1,1
scaffold_changing_analogue,-4,-5,-1,0,0,"{""C"":-4,""F"":-1,""N"":1}",1,1
scaffold_changing_analogue,-4,-5,-1,0,0,"{""C"":-4,""F"":1,""N"":-3,""O"":1,""S"":1}",1,1
scaffold_changing_analogue,-4,-5,-1,0,0,"{""C"":-4,""F"":1,""O"":-1}",1,1
scaffold_changing_analogue,-4,-5,-1,0,0,"{""C"":-4,""N"":-2,""O"":1,""S"":1}",1,1
scaffold_changing_analogue,-4,-5,-1,0,1,"{""C"":-4,""N"":-1,""O"":1}",1,1
scaffold_changing_analogue,-4,-5,-1,0,1,"{""C"":-4}",1,1
scaffold_changing_analogue,-4,-5,-1,1,0,"{""C"":-5,""Cl"":-1,""N"":1,""O"":1}",1,1
scaffold_changing_analogue,-4,-5,-1,1,0,"{""C"":-5,""Cl"":1,""N"":1,""S"":-1}",1,1
scaffold_changing_analogue,-4,-5,-1,1,0,"{""C"":-5,""F"":-1,""O"":2}",1,1
scaffold_changing_analogue,-4,-5,-1,1,0,"{""C"":-5,""N"":-1,""O"":2}",1,1
scaffold_changing_analogue,-4,-5,-1,1,0,"{""C"":-5,""O"":1,""P"":1,""S"":-1}",1,1
scaffold_changing_analogue,-4,-5,-1,1,1,"{""C"":-5,""O"":1}",1,1
scaffold_changing_analogue,-4,-5,-1,2,0,"{""Br"":1,""C"":-6,""O"":1}",1,1
scaffold_changing_analogue,-4,-5,-1,2,0,"{""C"":-6,""F"":2,""N"":-1,""O"":1}",1,1
scaffold_changing_analogue,-4,-5,-1,2,0,"{""C"":-6,""F"":2}",1,1
scaffold_changing_analogue,-4,-5,-1,2,0,"{""C"":-6,""N"":1,""Si"":1}",1,1
scaffold_changing_analogue,-4,-5,-1,2,0,"{""C"":-6,""O"":1,""S"":1}",1,1
scaffold_changing_analogue,-4,-5,-1,2,0,"{""C"":-6,""O"":2}",1,1
scaffold_changing_analogue,-4,-5,0,1,0,"{""C"":-5,""O"":1}",1,1
scaffold_changing_analogue,-4,-4,0,-3,0,"{""C"":-1,""F"":-3,""N"":-1,""O"":1}",1,1
scaffold_changing_analogue,-4,-4,0,-3,0,"{""C"":-1,""N"":-1,""O"":-1,""S"":-1}",1,1
scaffold_changing_analogue,-4,-4,0,-3,0,"{""C"":-1,""N"":-1,""O"":-2}",1,1
scaffold_changing_analogue,-4,-4,0,-3,0,"{""C"":-1,""N"":-2,""O"":-2,""S"":1}",1,1
scaffold_changing_analogue,-4,-4,0,-3,1,"{""C"":-1,""N"":-1,""O"":-2}",1,1
scaffold_changing_analogue,-4,-4,0,-2,-1,"{""C"":-2,""F"":-3,""N"":1}",1,1
scaffold_changing_analogue,-4,-4,0,-2,0,"{""B"":1,""C"":-2,""F"":-3}",1,1
scaffold_changing_analogue,-4,-4,0,-2,0,"{""Br"":1,""C"":-2,""F"":-3}",1,1
scaffold_changing_analogue,-4,-4,0,-2,0,"{""C"":-2,""Cl"":-1,""F"":-1}",1,1
scaffold_changing_analogue,-4,-4,0,-2,0,"{""C"":-2,""Cl"":-3,""N"":1}",1,1
scaffold_changing_analogue,-4,-4,0,-2,0,"{""C"":-2,""F"":-2}",1,1
scaffold_changing_analogue,-4,-4,0,-2,0,"{""C"":-2,""N"":-1,""O"":-2,""S"":1}",1,1
scaffold_changing_analogue,-4,-4,0,-2,0,"{""C"":-2,""N"":-2,""O"":-1,""S"":1}",1,1
scaffold_changing_analogue,-4,-4,0,-2,1,"{""C"":-2,""Cl"":-1,""N"":-2,""O"":1}",1,1
scaffold_changing_analogue,-4,-4,0,-2,1,"{""C"":-2,""Cl"":-1,""N"":-2,""S"":1}",1,1
scaffold_changing_analogue,-4,-4,0,-2,1,"{""C"":-2,""O"":-2}",1,1
scaffold_changing_analogue,-4,-4,0,-1,0,"{""C"":-3,""Cl"":-1,""N"":-1,""O"":1}",1,1
scaffold_changing_analogue,-4,-4,0,-1,0,"{""C"":-3,""Cl"":-2,""O"":1}",1,1
scaffold_changing_analogue,-4,-4,0,0,-1,"{""C"":-4,""I"":1,""N"":-1}",1,1
scaffold_changing_analogue,-4,-4,0,0,-1,"{""C"":-4,""N"":-1,""S"":1}",1,1
scaffold_changing_analogue,-4,-4,0,0,0,"{""C"":-4,""Cl"":1,""N"":-1}",1,1
scaffold_changing_analogue,-4,-4,0,0,0,"{""C"":-4,""F"":-1,""N"":1}",1,1
scaffold_changing_analogue,-4,-4,0,0,0,"{""C"":-4,""F"":1,""O"":-1}",1,1
scaffold_changing_analogue,-4,-4,0,0,1,"{""C"":-4,""F"":-1,""N"":1}",1,1
scaffold_changing_analogue,-4,-4,0,0,1,"{""C"":-4,""N"":1,""O"":-1}",1,1
scaffold_changing_analogue,-4,-4,0,1,0,"{""C"":-5,""O"":1}",1,1
scaffold_changing_analogue,-4,-4,0,1,1,"{""C"":-5,""N"":1}",1,1
scaffold_changing_analogue,-4,-4,1,-3,0,"{""C"":-1,""N"":-1,""O"":-2}",1,1
scaffold_changing_analogue,-4,-4,1,-1,0,"{""C"":-3,""N"":-1}",1,1
scaffold_changing_analogue,-4,-4,1,0,0,"{""C"":-4,""F"":-1,""N"":1}",1,1
scaffold_changing_analogue,-4,-3,1,-2,-1,"{""Br"":1,""C"":-2,""N"":-2,""O"":-1}",1,1
scaffold_changing_analogue,-4,-3,1,-1,0,"{""C"":-3,""N"":-1}",1,1
scaffold_changing_analogue,-4,-3,1,0,0,"{""C"":-4}",1,1
scaffold_changing_analogue,-3,-4,-1,-3,0,"{""F"":1,""N"":-4}",1,1
scaffold_changing_analogue,-3,-4,-1,-3,0,"{""N"":-3,""O"":1,""S"":-1}",1,1
scaffold_changing_analogue,-3,-4,-1,-3,0,"{""N"":-4,""S"":1}",1,1
scaffold_changing_analogue,-3,-4,-1,-3,1,"{""F"":1,""N"":-4}",1,1
scaffold_changing_analogue,-3,-4,-1,-2,-1,"{""C"":-1,""N"":-2,""O"":1,""S"":-1}",1,1
scaffold_changing_analogue,-3,-4,-1,-2,-1,"{""C"":-1,""N"":-3,""O"":1}",1,1
scaffold_changing_analogue,-3,-4,-1,-2,0,"{""C"":-1,""F"":-1,""N"":-2,""O"":1}",1,1
scaffold_changing_analogue,-3,-4,-1,-2,0,"{""C"":-1,""N"":-1,""S"":-1}",1,1
scaffold_changing_analogue,-3,-4,-1,-2,0,"{""C"":-1,""O"":-1,""S"":-1}",1,1
scaffold_changing_analogue,-3,-4,-1,-2,1,"{""C"":-1,""F"":1,""N"":-3}",1,1
scaffold_changing_analogue,-3,-4,-1,-2,1,"{""C"":-1,""N"":-1,""O"":-1}",1,1
scaffold_changing_analogue,-3,-4,-1,-1,-1,"{""C"":-2,""N"":-1}",1,1
scaffold_changing_analogue,-3,-4,-1,-1,-1,"{""C"":-2,""O"":-1}",1,1
scaffold_changing_analogue,-3,-4,-1,-1,0,"{""Br"":-1,""C"":-2,""I"":1,""O"":-1}",1,1
scaffold_changing_analogue,-3,-4,-1,-1,0,"{""Br"":1,""C"":-2,""F"":-1,""S"":-1}",1,1
scaffold_changing_analogue,-3,-4,-1,-1,0,"{""C"":-2,""F"":-1,""N"":1,""O"":-1}",1,1
scaffold_changing_analogue,-3,-4,-1,-1,0,"{""C"":-2,""N"":-1,""O"":-1,""P"":1}",1,1
scaffold_changing_analogue,-3,-4,-1,-1,0,"{""C"":-2,""N"":-1,""O"":-1,""S"":1}",1,1
scaffold_changing_analogue,-3,-4,-1,-1,0,"{""C"":-2,""N"":1,""O"":-1,""S"":-1}",1,1
scaffold_changing_analogue,-3,-4,-1,-1,1,"{""C"":-2,""F"":1,""N"":-2}",1,1
scaffold_changing_analogue,-3,-4,-1,-1,1,"{""C"":-2,""O"":-1}",1,1
scaffold_changing_analogue,-3,-4,-1,-1,1,"{""C"":-2,""S"":-1}",1,1
scaffold_changing_analogue,-3,-4,-1,0,-1,"{""Br"":-1,""C"":-3,""O"":2,""S"":-1}",1,1
scaffold_changing_analogue,-3,-4,-1,0,-1,"{""C"":-3,""Cl"":1,""N"":-1}",1,1
scaffold_changing_analogue,-3,-4,-1,0,-1,"{""C"":-3,""N"":-1,""O"":1}",1,1
scaffold_changing_analogue,-3,-4,-1,0,-1,"{""C"":-3,""N"":-2,""O"":2}",1,1
scaffold_changing_analogue,-3,-4,-1,0,0,"{""C"":-3,""Cl"":1,""N"":-1}",1,1
scaffold_changing_analogue,-3,-4,-1,0,0,"{""C"":-3,""N"":-2,""O"":1,""P"":1}",1,1
scaffold_changing_analogue,-3,-4,-1,1,-2,"{""C"":-4,""N"":-1,""O"":2}",1,1
scaffold_changing_analogue,-3,-4,-1,1,-2,"{""C"":-4,""O"":1}",1,1
scaffold_changing_analogue,-3,-4,-1,1,-1,"{""C"":-4,""F"":1,""N"":-1,""O"":1}",1,1
scaffold_changing_analogue,-3,-4,-1,1,-1,"{""C"":-4,""F"":1}",1,1
scaffold_changing_analogue,-3,-4,-1,1,-1,"{""C"":-4,""O"":1}",1,1
scaffold_changing_analogue,-3,-4,-1,1,0,"{""Br"":-1,""C"":-4,""Cl"":1,""F"":1,""I"":1,""N"":-1}",1,1
scaffold_changing_analogue,-3,-4,-1,1,0,"{""C"":-4,""F"":1,""N"":-1,""P"":1}",1,1
scaffold_changing_analogue,-3,-4,-1,1,0,"{""C"":-4,""F"":2,""N"":-1}",1,1
scaffold_changing_analogue,-3,-4,-1,1,0,"{""C"":-4,""F"":2,""O"":-1}",1,1
scaffold_changing_analogue,-3,-4,-1,1,0,"{""C"":-4,""N"":1,""O"":-1,""S"":1}",1,1
scaffold_changing_analogue,-3,-4,-1,1,0,"{""C"":-4,""O"":1,""P"":1,""S"":-1}",1,1
scaffold_changing_analogue,-3,-4,-1,2,-1,"{""C"":-5,""F"":1,""O"":1}",1,1
scaffold_changing_analogue,-3,-4,-1,2,0,"{""C"":-5,""F"":-1,""O"":2,""S"":1}",1,1
scaffold_changing_analogue,-3,-4,-1,2,0,"{""C"":-5,""F"":1,""O"":1}",1,1
scaffold_changing_analogue,-3,-4,-1,2,0,"{""C"":-5,""O"":1,""P"":1}",1,1
scaffold_changing_analogue,-3,-4,-1,2,0,"{""C"":-5,""O"":1,""S"":1}",1,1
scaffold_changing_analogue,-3,-4,-1,2,0,"{""C"":-5,""O"":2}",1,1
scaffold_changing_analogue,-3,-3,0,-3,0,"{""Br"":1,""F"":-1,""O"":-2,""S"":-1}",1,1
scaffold_changing_analogue,-3,-3,0,-3,0,"{""F"":-1,""I"":1,""O"":-2,""S"":-1}",1,1
scaffold_changing_analogue,-3,-3,0,-3,0,"{""F"":-2,""N"":-1}",1,1
scaffold_changing_analogue,-3,-3,0,-3,0,"{""F"":-2,""S"":-1}",1,1
scaffold_changing_analogue,-3,-3,0,-3,0,"{""F"":-3,""O"":1,""S"":-1}",1,1
scaffold_changing_analogue,-3,-3,0,-2,0,"{""C"":-1,""N"":-3,""O"":1}",1,1
scaffold_changing_analogue,-3,-3,0,-2,0,"{""C"":-1,""N"":1,""O"":-2,""S"":-1}",1,1
scaffold_changing_analogue,-3,-3,0,-2,0,"{""C"":-1,""O"":-1,""P"":-1}",1,1
scaffold_changing_analogue,-3,-3,0,-2,1,"{""Br"":-1,""C"":-1,""N"":-1}",1,1
scaffold_changing_analogue,-3,-3,0,-2,1,"{""C"":-1,""F"":-3,""N"":1}",1,1
scaffold_changing_analogue,-3,-3,0,-2,1,"{""C"":-1,""N"":-2}",1,1
scaffold_changing_analogue,-3,-3,0,-2,1,"{""C"":-1,""N"":1,""O"":-3}",1,1
scaffold_changing_analogue,-3,-3,0,-1,0,"{""B"":1,""C"":-2,""N"":-1,""O"":-1}",1,1
scaffold_changing_analogue,-3,-3,0,-1,0,"{""C"":-2,""Cl"":-1,""F"":-1,""S"":1}",1,1
scaffold_changing_analogue,-3,-3,0,-1,0,"{""C"":-2,""Cl"":-2,""O"":1}",1,1
scaffold_changing_analogue,-3,-3,0,-1,0,"{""C"":-2,""F"":-1,""N"":-1,""S"":1}",1,1
scaffold_changing_analogue,-3,-3,0,-1,0,"{""C"":-2,""F"":-2,""N"":1}",1,1
scaffold_changing_analogue,-3,-3,0,-1,0,"{""C"":-2,""F"":-2,""O"":1}",1,1
scaffold_changing_analogue,-3,-3,0,-1,0,"{""C"":-2,""F"":-3,""N"":1,""O"":1}",1,1
scaffold_changing_analogue,-3,-3,0,-1,0,"{""C"":-2,""F"":-3,""O"":1,""S"":1}",1,1
scaffold_changing_analogue,-3,-3,0,-1,0,"{""C"":-2,""F"":1,""N"":-1,""O"":-1}",1,1
scaffold_changing_analogue,-3,-3,0,-1,0,"{""C"":-2,""N"":-1,""P"":1,""S"":-1}",1,1
scaffold_changing_analogue,-3,-3,0,-1,0,"{""C"":-2,""N"":-1,""S"":1,""Si"":-1}",1,1
scaffold_changing_analogue,-3,-3,0,-1,0,"{""C"":-2,""Si"":-1}",1,1
scaffold_changing_analogue,-3,-3,0,-1,1,"{""C"":-2,""Cl"":-1,""N"":1,""S"":-1}",1,1
scaffold_changing_analogue,-3,-3,0,-1,1,"{""C"":-2,""N"":1,""O"":-2}",1,1
scaffold_changing_analogue,-3,-3,0,0,-1,"{""C"":-3,""F"":1,""N"":-1}",1,1
scaffold_changing_analogue,-3,-3,0,0,-1,"{""C"":-3,""N"":-1,""S"":1}",1,1
scaffold_changing_analogue,-3,-3,0,0,-1,"{""C"":-3}",1,1
scaffold_changing_analogue,-3,-3,0,0,0,"{""Br"":-1,""C"":-3,""O"":1}",1,1
scaffold_changing_analogue,-3,-3,0,0,0,"{""C"":-3,""F"":1,""S"":-1}",1,1
scaffold_changing_analogue,-3,-3,0,1,-1,"{""C"":-4,""N"":-1,""O"":1,""S"":1}",1,1
scaffold_changing_analogue,-3,-3,0,1,0,"{""Br"":-1,""C"":-4,""O"":2}",1,1
scaffold_changing_analogue,-3,-3,0,1,0,"{""C"":-4,""Cl"":1}",1,1
scaffold_changing_analogue,-3,-3,0,1,0,"{""C"":-4,""S"":1}",1,1
scaffold_changing_analogue,-3,-3,0,2,1,"{""C"":-5,""N"":1,""O"":1}",1,1
scaffold_changing_analogue,-3,-3,1,-3,0,"{""N"":-3}",1,1
scaffold_changing_analogue,-3,-3,1,-2,0,"{""C"":-1,""F"":-1,""O"":-1}",1,1
scaffold_changing_analogue,-3,-3,1,-2,0,"{""C"":-1,""O"":-1,""S"":-1}",1,1
scaffold_changing_analogue,-3,-3,1,-1,0,"{""C"":-2,""F"":-1}",1,1
scaffold_changing_analogue,-3,-3,1,-1,0,"{""C"":-2,""N"":-1}",1,1
scaffold_changing_analogue,-3,-3,1,-1,0,"{""C"":-2,""S"":-1}",1,1
scaffold_changing_analogue,-3,-3,1,0,0,"{""C"":-3}",1,1
scaffold_changing_analogue,-3,-2,1,-1,0,"{""C"":-2,""O"":-1}",1,1
scaffold_changing_analogue,-2,-3,-1,-3,0,"{""C"":1,""N"":-3}",1,1
scaffold_changing_analogue,-2,-3,-1,-2,-1,"{""F"":1,""N"":-4,""O"":1}",1,1
scaffold_changing_analogue,-2,-3,-1,-1,-1,"{""C"":-1,""N"":-2,""O"":1}",1,1
scaffold_changing_analogue,-2,-3,-1,-1,-1,"{""C"":-1,""O"":-1}",1,1
scaffold_changing_analogue,-2,-3,-1,-1,0,"{""Br"":1,""C"":-1,""N"":-1,""S"":-1}",1,1
scaffold_changing_analogue,-2,-3,-1,-1,0,"{""C"":-1,""Cl"":1,""O"":-1,""S"":-1}",1,1
scaffold_changing_analogue,-2,-3,-1,-1,0,"{""C"":-1,""Cl"":1,""O"":-2}",1,1
scaffold_changing_analogue,-2,-3,-1,-1,0,"{""C"":-1,""F"":1,""N"":-3,""O"":1}",1,1
scaffold_changing_analogue,-2,-3,-1,-1,0,"{""C"":-1,""F"":2,""N"":-3}",1,1
scaffold_changing_analogue,-2,-3,-1,-1,0,"{""C"":-1,""N"":-1,""O"":1,""S"":-1}",1,1
scaffold_changing_analogue,-2,-3,-1,-1,0,"{""C"":-1,""N"":-3,""O"":2}",1,1
scaffold_changing_analogue,-2,-3,-1,-1,0,"{""C"":-1,""N"":1,""O"":-1,""S"":-1}",1,1
scaffold_changing_analogue,-2,-3,-1,-1,1,"{""C"":-1,""F"":1,""N"":-2}",1,1
scaffold_changing_analogue,-2,-3,-1,0,-1,"{""C"":-2,""N"":-1,""O"":2,""S"":-1}",1,1
scaffold_changing_analogue,-2,-3,-1,0,0,"{""C"":-2,""Cl"":1,""F"":-1}",1,1
scaffold_changing_analogue,-2,-3,-1,0,0,"{""C"":-2,""F"":1,""N"":-1}",1,1
scaffold_changing_analogue,-2,-3,-1,0,0,"{""C"":-2,""N"":-1,""S"":1}",1,1
scaffold_changing_analogue,-2,-3,-1,0,0,"{""C"":-2,""N"":-2,""O"":1,""S"":1}",1,1
scaffold_changing_analogue,-2,-3,-1,0,0,"{""C"":-2,""S"":-1,""Si"":1}",1,1
scaffold_changing_analogue,-2,-3,-1,0,1,"{""C"":-2}",1,1
scaffold_changing_analogue,-2,-3,-1,1,0,"{""B"":-1,""Br"":1,""C"":-3,""Si"":1}",1,1
scaffold_changing_analogue,-2,-3,-1,1,0,"{""B"":-2,""Br"":1,""C"":-3,""Si"":2}",1,1
scaffold_changing_analogue,-2,-3,-1,1,0,"{""C"":-3,""Cl"":1,""F"":1,""O"":-1}",1,1
scaffold_changing_analogue,-2,-3,-1,1,0,"{""C"":-3,""F"":-1,""N"":1,""O"":1}",1,1
scaffold_changing_analogue,-2,-3,-1,1,0,"{""C"":-3,""F"":2,""O"":-1}",1,1
scaffold_changing_analogue,-2,-3,-1,1,0,"{""C"":-3,""F"":2,""S"":-1}",1,1
scaffold_changing_analogue,-2,-3,-1,1,0,"{""C"":-3,""N"":-1,""O"":2,""P"":1,""S"":-1}",1,1
scaffold_changing_analogue,-2,-3,-1,1,0,"{""C"":-3,""N"":1,""O"":1,""S"":-1}",1,1
scaffold_changing_analogue,-2,-3,-1,1,0,"{""C"":-3,""O"":2,""S"":-1}",1,1
scaffold_changing_analogue,-2,-3,-1,1,0,"{""C"":-3,""S"":1}",1,1
scaffold_changing_analogue,-2,-3,-1,1,1,"{""C"":-3,""N"":1}",1,1
scaffold_changing_analogue,-2,-3,-1,2,0,"{""C"":-4,""O"":1,""P"":1}",1,1
scaffold_changing_analogue,-2,-3,-1,2,0,"{""C"":-4,""O"":2,""P"":1,""S"":-1}",1,1
scaffold_changing_analogue,-2,-3,0,-1,-1,"{""C"":-1,""N"":-1}",1,1
scaffold_changing_analogue,-2,-3,0,-1,0,"{""C"":-1,""N"":-2,""O"":1}",1,1
scaffold_changing_analogue,-2,-3,0,1,0,"{""C"":-3,""Cl"":1}",1,1
scaffold_changing_analogue,-2,-3,1,-1,0,"{""C"":-1,""N"":-1}",1,1
scaffold_changing_analogue,-2,-2,-1,-1,0,"{""C"":-1,""N"":-1}",1,1
scaffold_changing_analogue,-2,-2,0,-4,1,"{""C"":2,""N"":1,""O"":-3,""S"":-2}",1,1
scaffold_changing_analogue,-2,-2,0,-3,0,"{""Br"":1,""C"":1,""Cl"":-1,""N"":-1,""O"":-2}",1,1
scaffold_changing_analogue,-2,-2,0,-3,0,"{""C"":1,""N"":-2,""O"":-1}",1,1
scaffold_changing_analogue,-2,-2,0,-3,1,"{""C"":1,""N"":-1,""O"":-2}",1,1
scaffold_changing_analogue,-2,-2,0,-3,1,"{""C"":1,""N"":-3}",1,1
scaffold_changing_analogue,-2,-2,0,-3,1,"{""C"":1,""N"":1,""O"":-2,""S"":-2}",1,1
scaffold_changing_analogue,-2,-2,0,-3,1,"{""C"":1,""O"":-2,""S"":-1}",1,1
scaffold_changing_analogue,-2,-2,0,-2,-3,"{""Cl"":-1,""O"":-1}",1,1
scaffold_changing_analogue,-2,-2,0,-2,-1,"{""Cl"":-1,""N"":-1}",1,1
scaffold_changing_analogue,-2,-2,0,-2,-1,"{""O"":-1,""S"":-1}",1,1
scaffold_changing_analogue,-2,-2,0,-2,-1,"{""O"":-2}",1,1
scaffold_changing_analogue,-2,-2,0,-2,0,"{""B"":-1,""Cl"":-1}",1,1
scaffold_changing_analogue,-2,-2,0,-2,0,"{""B"":-2,""Cl"":-1,""Si"":1}",1,1
scaffold_changing_analogue,-2,-2,0,-2,0,"{""Br"":1,""Cl"":-1,""N"":1,""O"":-2,""S"":-1}",1,1
scaffold_changing_analogue,-2,-2,0,-2,0,"{""Cl"":-1,""N"":1,""O"":-2}",1,1
scaffold_changing_analogue,-2,-2,0,-2,0,"{""F"":-1,""N"":-2,""S"":1}",1,1
scaffold_changing_analogue,-2,-2,0,-2,0,"{""F"":-2,""N"":-1,""O"":1}",1,1
scaffold_changing_analogue,-2,-2,0,-2,0,"{""F"":-3,""S"":1}",1,1
scaffold_changing_analogue,-2,-2,0,-2,0,"{""I"":1,""N"":-1,""O"":-2}",1,1
scaffold_changing_analogue,-2,-2,0,-2,0,"{""N"":-2,""O"":-1,""S"":1}",1,1
scaffold_changing_analogue,-2,-2,0,-2,0,"{""N"":-3,""S"":1}",1,1
scaffold_changing_analogue,-2,-2,0,-2,0,"{""N"":1,""O"":-1,""S"":-2}",1,1
scaffold_changing_analogue,-2,-2,0,-2,0,"{""O"":-1,""Si"":-1}",1,1
scaffold_changing_analogue,-2,-2,0,-2,1,"{""Cl"":-1,""S"":-1}",1,1
scaffold_changing_analogue,-2,-2,0,-2,1,"{""F"":-1,""S"":-1}",1,1
scaffold_changing_analogue,-2,-2,0,-2,1,"{""O"":-1,""S"":-1}",1,1
scaffold_changing_analogue,-2,-2,0,-2,2,"{""O"":-1,""S"":-1}",1,1
scaffold_changing_analogue,-2,-2,0,-2,2,"{""O"":-2}",1,1
scaffold_changing_analogue,-2,-2,0,-1,-1,"{""C"":-1,""O"":-1,""P"":-1,""S"":1}",1,1
scaffold_changing_analogue,-2,-2,0,-1,0,"{""Br"":-1,""C"":-1,""Cl"":1,""O"":-1}",1,1
scaffold_changing_analogue,-2,-2,0,-1,0,"{""Br"":-1,""C"":-1,""F"":-1,""O"":1}",1,1
scaffold_changing_analogue,-2,-2,0,-1,0,"{""Br"":-1,""C"":-1,""O"":-1,""S"":1}",1,1
scaffold_changing_analogue,-2,-2,0,-1,0,"{""C"":-1,""Cl"":-1,""N"":1,""O"":-1}",1,1
scaffold_changing_analogue,-2,-2,0,-1,0,"{""C"":-1,""Cl"":-1,""O"":-1,""S"":1}",1,1
scaffold_changing_analogue,-2,-2,0,-1,0,"{""C"":-1,""Cl"":1,""F"":-2}",1,1
scaffold_changing_analogue,-2,-2,0,-1,0,"{""C"":-1,""Cl"":1,""N"":-1,""O"":-1}",1,1
scaffold_changing_analogue,-2,-2,0,-1,0,"{""C"":-1,""F"":-1,""N"":1,""O"":-1}",1,1
scaffold_changing_analogue,-2,-2,0,-1,0,"{""C"":-1,""F"":-1,""N"":1,""S"":-1}",1,1
scaffold_changing_analogue,-2,-2,0,-1,0,"{""C"":-1,""F"":-3,""N"":1,""O"":1}",1,1
scaffold_changing_analogue,-2,-2,0,-1,0,"{""C"":-1,""I"":1,""N"":-1,""S"":-1}",1,1
scaffold_changing_analogue,-2,-2,0,-1,0,"{""C"":-1,""N"":-1,""O"":-1,""P"":1}",1,1
scaffold_changing_analogue,-2,-2,0,-1,0,"{""C"":-1,""N"":1,""O"":-1,""S"":-1}",1,1
scaffold_changing_analogue,-2,-2,0,-1,0,"{""C"":-1,""N"":1,""O"":-2}",1,1
scaffold_changing_analogue,-2,-2,0,-1,0,"{""C"":-1,""O"":-1,""P"":-1,""S"":1}",1,1
scaffold_changing_analogue,-2,-2,0,-1,0,"{""C"":-1,""O"":-1,""S"":-1,""Si"":1}",1,1
scaffold_changing_analogue,-2,-2,0,-1,0,"{""C"":-1,""O"":-2,""S"":1}",1,1
scaffold_changing_analogue,-2,-2,0,-1,1,"{""C"":-1,""Cl"":-1,""N"":1,""O"":-1}",1,1
scaffold_changing_analogue,-2,-2,0,-1,1,"{""C"":-1,""Cl"":1,""F"":-1,""N"":1,""O"":-1,""P"":-1}",1,1
scaffold_changing_analogue,-2,-2,0,-1,1,"{""C"":-1,""F"":-2,""N"":1}",1,1
scaffold_changing_analogue,-2,-2,0,-1,1,"{""C"":-1,""N"":-1,""O"":-1,""S"":1}",1,1
scaffold_changing_analogue,-2,-2,0,-1,1,"{""C"":-1,""N"":1,""O"":-1,""S"":-1}",1,1
scaffold_changing_analogue,-2,-2,0,-1,2,"{""C"":-1,""N"":1,""O"":-2}",1,1
scaffold_changing_analogue,-2,-2,0,0,-1,"{""C"":-2,""F"":1,""N"":-1}",1,1
scaffold_changing_analogue,-2,-2,0,0,0,"{""C"":-2,""Cl"":1,""F"":-1}",1,1
scaffold_changing_analogue,-2,-2,0,0,0,"{""C"":-2,""Cl"":1,""N"":-2,""O"":1}",1,1
scaffold_changing_analogue,-2,-2,0,0,0,"{""C"":-2,""Cl"":1,""O"":-1}",1,1
scaffold_changing_analogue,-2,-2,0,0,0,"{""C"":-2,""Cl"":1,""S"":-1}",1,1
scaffold_changing_analogue,-2,-2,0,0,0,"{""C"":-2,""F"":1,""O"":-1}",1,1
scaffold_changing_analogue,-2,-2,0,0,0,"{""C"":-2,""O"":-1,""Si"":1}",1,1
scaffold_changing_analogue,-2,-2,0,0,0,"{""C"":-2,""P"":1,""Si"":-1}",1,1
scaffold_changing_analogue,-2,-2,0,0,1,"{""C"":-2,""F"":-1,""N"":1}",1,1
scaffold_changing_analogue,-2,-2,0,0,1,"{""C"":-2,""N"":1,""S"":-1}",1,1
scaffold_changing_analogue,-2,-2,0,1,-1,"{""C"":-3,""O"":1}",1,1
scaffold_changing_analogue,-2,-2,1,-2,0,"{""Br"":1,""N"":-1,""O"":-2}",1,1
scaffold_changing_analogue,-2,-2,1,-2,0,"{""N"":-2}",1,1
scaffold_changing_analogue,-2,-2,1,-2,0,"{""O"":-2}",1,1
scaffold_changing_analogue,-2,-2,1,-1,0,"{""C"":-1,""N"":-2,""O"":1}",1,1
scaffold_changing_analogue,-2,-2,1,-1,0,"{""C"":-1,""O"":-1,""P"":-1,""S"":1}",1,1
scaffold_changing_analogue,-2,-2,1,-1,1,"{""C"":-1,""N"":-1}",1,1
scaffold_changing_analogue,-2,-2,1,0,0,"{""C"":-2,""O"":-1,""S"":1}",1,1
scaffold_changing_analogue,-2,-2,3,-1,0,"{""C"":-1,""O"":-1}",1,1
scaffold_changing_analogue,-2,-2,3,0,0,"{""C"":-2}",1,1
scaffold_changing_analogue,-2,-1,1,-3,0,"{""C"":1,""F"":-3}",1,1
scaffold_changing_analogue,-2,-1,1,-2,0,"{""O"":-2}",1,1
scaffold_changing_analogue,-2,-1,1,-1,-1,"{""C"":-1,""N"":-1}",1,1
scaffold_changing_analogue,-2,-1,1,0,0,"{""C"":-2,""N"":1,""O"":-1}",1,1
scaffold_changing_analogue,-2,-1,2,-3,0,"{""C"":1,""F"":-3}",1,1
scaffold_changing_analogue,-1,-2,-1,-1,-1,"{""N"":-2,""O"":1}",1,1
scaffold_changing_analogue,-1,-2,-1,0,0,"{""Br"":1,""C"":-1,""O"":-1}",1,1
scaffold_changing_analogue,-1,-2,-1,0,0,"{""C"":-1,""F"":1,""O"":-1}",1,1
scaffold_changing_analogue,-1,-2,-1,1,-1,"{""C"":-2,""F"":1}",1,1
scaffold_changing_analogue,-1,-2,-1,1,0,"{""B"":1,""C"":-2,""N"":1,""O"":-1}",1,1
scaffold_changing_analogue,-1,-2,-1,1,0,"{""C"":-2,""F"":1,""O"":-1,""S"":1}",1,1
scaffold_changing_analogue,-1,-2,-1,1,0,"{""C"":-2,""Si"":1}",1,1
scaffold_changing_analogue,-1,-2,-1,2,0,"{""B"":-1,""Br"":1,""C"":-3,""O"":1,""Si"":1}",1,1
scaffold_changing_analogue,-1,-2,-1,2,0,"{""C"":-3,""F"":2}",1,1
scaffold_changing_analogue,-1,-2,-1,2,0,"{""C"":-3,""N"":1,""O"":1}",1,1
scaffold_changing_analogue,-1,-2,0,2,-1,"{""C"":-3,""N"":-1,""O"":2,""S"":1}",1,1
scaffold_changing_analogue,-1,-1,-1,-1,-1,"{""N"":-1}",1,1
scaffold_changing_analogue,-1,-1,-1,-1,0,"{""N"":1,""O"":-1,""S"":-1}",1,1
scaffold_changing_analogue,-1,-1,-1,0,0,"{""C"":-1,""I"":1,""O"":-1}",1,1
scaffold_changing_analogue,-1,-1,-1,0,0,"{""C"":-1,""N"":-1,""O"":1}",1,1
scaffold_changing_analogue,-1,-1,-1,0,0,"{""C"":-1,""N"":-1,""P"":1}",1,1
scaffold_changing_analogue,-1,-1,-1,0,0,"{""C"":-1,""N"":-1,""S"":1}",1,1
scaffold_changing_analogue,-1,-1,0,-3,0,"{""C"":2,""N"":-1,""O"":-1,""S"":-1}",1,1
scaffold_changing_analogue,-1,-1,0,-3,1,"{""C"":2,""N"":-3}",1,1
scaffold_changing_analogue,-1,-1,0,-2,-1,"{""C"":1,""Cl"":-1,""O"":-1,""P"":1,""S"":-1}",1,1
scaffold_changing_analogue,-1,-1,0,-2,-1,"{""C"":1,""N"":-1,""O"":-1}",1,1
scaffold_changing_analogue,-1,-1,0,-2,0,"{""C"":1,""Cl"":-1,""N"":-2,""S"":1}",1,1
scaffold_changing_analogue,-1,-1,0,-2,0,"{""C"":1,""Cl"":1,""F"":-3}",1,1
scaffold_changing_analogue,-1,-1,0,-2,0,"{""C"":1,""Cl"":1,""O"":-2,""S"":-1}",1,1
scaffold_changing_analogue,-1,-1,0,-2,0,"{""C"":1,""F"":1,""N"":-1,""O"":-1,""S"":-1}",1,1
scaffold_changing_analogue,-1,-1,0,-2,0,"{""C"":1,""F"":1,""N"":-1,""O"":-2}",1,1
scaffold_changing_analogue,-1,-1,0,-2,0,"{""C"":1,""I"":1,""N"":-1,""O"":-2}",1,1
scaffold_changing_analogue,-1,-1,0,-2,0,"{""C"":1,""N"":-1,""O"":-2,""S"":1}",1,1
scaffold_changing_analogue,-1,-1,0,-2,0,"{""C"":1,""N"":-3,""S"":1}",1,1
scaffold_changing_analogue,-1,-1,0,-2,0,"{""C"":1,""N"":1,""O"":-1,""S"":-2}",1,1
scaffold_changing_analogue,-1,-1,0,-2,0,"{""C"":1,""O"":-1,""Si"":-1}",1,1
scaffold_changing_analogue,-1,-1,0,-2,1,"{""C"":1,""F"":-3,""N"":1}",1,1
scaffold_changing_analogue,-1,-1,0,-2,1,"{""C"":1,""N"":-1,""S"":-1}",1,1
scaffold_changing_analogue,-1,-1,0,-2,1,"{""C"":1,""N"":1,""O"":-1,""S"":-2}",1,1
scaffold_changing_analogue,-1,-1,0,-1,-2,"{""N"":-1}",1,1
scaffold_changing_analogue,-1,-1,0,-1,-2,"{""N"":-2,""O"":1}",1,1
scaffold_changing_analogue,-1,-1,0,-1,-1,"{""Cl"":-1,""O"":-1,""P"":1}",1,1
scaffold_changing_analogue,-1,-1,0,-1,-1,"{""Cl"":1,""O"":-1,""S"":-1}",1,1
scaffold_changing_analogue,-1,-1,0,-1,-1,"{""F"":-1,""N"":-1,""O"":1}",1,1
scaffold_changing_analogue,-1,-1,0,-1,-1,"{""O"":-1,""P"":-1,""S"":1}",1,1
scaffold_changing_analogue,-1,-1,0,-1,-1,"{""O"":-1,""S"":-1,""Si"":1}",1,1
scaffold_changing_analogue,-1,-1,0,-1,0,"{""B"":-1,""Br"":1,""S"":-1}",1,1
scaffold_changing_analogue,-1,-1,0,-1,0,"{""B"":-1,""P"":1,""S"":-1}",1,1
scaffold_changing_analogue,-1,-1,0,-1,0,"{""B"":1,""O"":-1,""P"":-1}",1,1
scaffold_changing_analogue,-1,-1,0,-1,0,"{""B"":1,""O"":-1,""Si"":-1}",1,1
scaffold_changing_analogue,-1,-1,0,-1,0,"{""Br"":-1,""Cl"":1,""O"":-1}",1,1
scaffold_changing_analogue,-1,-1,0,-1,0,"{""Br"":-1,""I"":1,""O"":-1}",1,1
scaffold_changing_analogue,-1,-1,0,-1,0,"{""Br"":1,""Cl"":-1,""I"":-1}",1,1
scaffold_changing_analogue,-1,-1,0,-1,0,"{""Br"":1,""Cl"":-1,""O"":-1}",1,1
scaffold_changing_analogue,-1,-1,0,-1,0,"{""Br"":1,""I"":-1,""Si"":-1}",1,1
scaffold_changing_analogue,-1,-1,0,-1,0,"{""Br"":1,""O"":-1,""Si"":-1}",1,1
scaffold_changing_analogue,-1,-1,0,-1,0,"{""Br"":1,""O"":-2}",1,1
scaffold_changing_analogue,-1,-1,0,-1,0,"{""Cl"":-1,""N"":-1,""S"":1}",1,1
scaffold_changing_analogue,-1,-1,0,-1,0,"{""Cl"":-1,""N"":1,""O"":-1,""P"":1,""S"":-1}",1,1
scaffold_changing_analogue,-1,-1,0,-1,0,"{""Cl"":-1,""N"":1,""O"":-2,""P"":1}",1,1
scaffold_changing_analogue,-1,-1,0,-1,0,"{""Cl"":-1,""O"":-1,""Si"":1}",1,1
scaffold_changing_analogue,-1,-1,0,-1,0,"{""Cl"":-2,""O"":1}",1,1
scaffold_changing_analogue,-1,-1,0,-1,0,"{""Cl"":1,""N"":-1,""O"":-1}",1,1
scaffold_changing_analogue,-1,-1,0,-1,0,"{""F"":-1,""N"":1,""O"":-1}",1,1
scaffold_changing_analogue,-1,-1,0,-1,0,"{""F"":-1,""N"":1,""P"":-1}",1,1
scaffold_changing_analogue,-1,-1,0,-1,0,"{""F"":-1,""N"":1,""S"":-1}",1,1
scaffold_changing_analogue,-1,-1,0,-1,0,"{""F"":-1,""O"":-1,""S"":1}",1,1
scaffold_changing_analogue,-1,-1,0,-1,0,"{""F"":-2,""N"":1,""P"":-1,""S"":1}",1,1
scaffold_changing_analogue,-1,-1,0,-1,0,"{""F"":-2,""N"":1,""P"":1,""S"":-1}",1,1
scaffold_changing_analogue,-1,-1,0,-1,0,"{""F"":-2,""S"":1}",1,1
scaffold_changing_analogue,-1,-1,0,-1,0,"{""F"":2,""N"":-1,""O"":-1,""S"":-1}",1,1
scaffold_changing_analogue,-1,-1,0,-1,0,"{""F"":2,""O"":-2,""S"":-1}",1,1
scaffold_changing_analogue,-1,-1,0,-1,0,"{""N"":-1,""P"":1,""S"":-1}",1,1
scaffold_changing_analogue,-1,-1,0,-1,0,"{""N"":1,""O"":-1,""P"":-1}",1,1
scaffold_changing_analogue,-1,-1,0,-1,0,"{""O"":1,""S"":-2}",1,1
scaffold_changing_analogue,-1,-1,0,-1,0,"{""P"":1,""S"":-1,""Si"":-1}",1,1
scaffold_changing_analogue,-1,-1,0,-1,1,"{""F"":1,""O"":-2}",1,1
scaffold_changing_analogue,-1,-1,0,-1,1,"{""N"":1,""O"":-1,""P"":1,""S"":-2}",1,1
scaffold_changing_analogue,-1,-1,0,-1,1,"{""N"":1,""O"":-2,""P"":1,""S"":-1}",1,1
scaffold_changing_analogue,-1,-1,0,-1,1,"{""O"":-2,""P"":1}",1,1
scaffold_changing_analogue,-1,-1,0,-1,1,"{""O"":1,""S"":-2}",1,1
scaffold_changing_analogue,-1,-1,0,0,-1,"{""C"":-1,""Cl"":-1,""O"":1}",1,1
scaffold_changing_analogue,-1,-1,0,0,-1,"{""C"":-1,""Cl"":1,""O"":-1}",1,1
scaffold_changing_analogue,-1,-1,0,0,-1,"{""C"":-1,""I"":-1,""O"":1}",1,1
scaffold_changing_analogue,-1,-1,0,0,-1,"{""C"":-1,""O"":-1,""S"":1}",1,1
scaffold_changing_analogue,-1,-1,0,0,-1,"{""C"":-1,""O"":1,""S"":-1}",1,1
scaffold_changing_analogue,-1,-1,0,0,0,"{""B"":-1,""C"":-1,""Cl"":-1,""O"":1,""Si"":1}",1,1
scaffold_changing_analogue,-1,-1,0,0,0,"{""B"":1,""C"":-1,""S"":-1}",1,1
scaffold_changing_analogue,-1,-1,0,0,0,"{""Br"":-1,""C"":-1,""N"":-1,""O"":1,""S"":1}",1,1
scaffold_changing_analogue,-1,-1,0,0,0,"{""Br"":-1,""C"":-1,""S"":1}",1,1
scaffold_changing_analogue,-1,-1,0,0,0,"{""Br"":1,""C"":-1,""Cl"":-1}",1,1
scaffold_changing_analogue,-1,-1,0,0,0,"{""Br"":1,""C"":-1,""S"":-1}",1,1
scaffold_changing_analogue,-1,-1,0,0,0,"{""Br"":1,""C"":-1,""Si"":-1}",1,1
scaffold_changing_analogue,-1,-1,0,0,0,"{""C"":-1,""Cl"":-1,""F"":1}",1,1
scaffold_changing_analogue,-1,-1,0,0,0,"{""C"":-1,""Cl"":-1,""Si"":1}",1,1
scaffold_changing_analogue,-1,-1,0,0,0,"{""C"":-1,""Cl"":1,""N"":1,""O"":-1,""P"":-1}",1,1
scaffold_changing_analogue,-1,-1,0,0,0,"{""C"":-1,""F"":-1,""P"":1}",1,1
scaffold_changing_analogue,-1,-1,0,0,0,"{""C"":-1,""F"":-2,""N"":1,""O"":1}",1,1
scaffold_changing_analogue,-1,-1,0,0,0,"{""C"":-1,""N"":-1,""O"":1,""S"":-1,""Si"":1}",1,1
scaffold_changing_analogue,-1,-1,0,0,0,"{""C"":-1,""N"":-2,""O"":1,""P"":1}",1,1
scaffold_changing_analogue,-1,-1,0,0,0,"{""C"":-1,""N"":1,""P"":1,""S"":-1,""Si"":-1}",1,1
scaffold_changing_analogue,-1,-1,0,0,0,"{""C"":-1,""N"":1,""Si"":-1}",1,1
scaffold_changing_analogue,-1,-1,0,0,0,"{""C"":-1,""O"":-1,""Si"":1}",1,1
scaffold_changing_analogue,-1,-1,0,0,0,"{""C"":-1,""S"":-1,""Si"":1}",1,1
scaffold_changing_analogue,-1,-1,0,0,1,"{""Br"":-1,""C"":-1,""N"":1}",1,1
scaffold_changing_analogue,-1,-1,0,0,1,"{""C"":-1,""Cl"":1,""F"":1,""O"":-2}",1,1
scaffold_changing_analogue,-1,-1,0,0,1,"{""C"":-1,""F"":1,""O"":-1}",1,1
scaffold_changing_analogue,-1,-1,0,0,1,"{""C"":-1,""F"":2,""O"":-2}",1,1
scaffold_changing_analogue,-1,-1,0,0,1,"{""C"":-1,""N"":-1,""O"":1}",1,1
scaffold_changing_analogue,-1,-1,0,0,1,"{""C"":-1,""O"":-1,""P"":1}",1,1
scaffold_changing_analogue,-1,-1,0,0,1,"{""C"":-1,""O"":1,""P"":1,""S"":-2}",1,1
scaffold_changing_analogue,-1,-1,0,0,1,"{""C"":-1,""P"":1,""S"":-1}",1,1
scaffold_changing_analogue,-1,-1,0,0,2,"{""C"":-1,""N"":1,""O"":-1}",1,1
scaffold_changing_analogue,-1,-1,0,1,-2,"{""C"":-2,""N"":-1,""O"":2}",1,1
scaffold_changing_analogue,-1,-1,0,1,-1,"{""C"":-2,""N"":-1,""O"":1,""S"":1}",1,1
scaffold_changing_analogue,-1,-1,0,1,-1,"{""C"":-2,""S"":1}",1,1
scaffold_changing_analogue,-1,-1,0,1,0,"{""B"":1,""C"":-2,""N"":-1,""O"":1}",1,1
scaffold_changing_analogue,-1,-1,0,1,0,"{""Br"":-1,""C"":-2,""Cl"":1,""N"":-1,""O"":1,""S"":1}",1,1
scaffold_changing_analogue,-1,-1,0,1,0,"{""C"":-2,""Cl"":1,""F"":-1,""S"":1}",1,1
scaffold_changing_analogue,-1,-1,0,1,0,"{""C"":-2,""F"":-1,""O"":1,""S"":1}",1,1
scaffold_changing_analogue,-1,-1,0,1,0,"{""C"":-2,""I"":1}",1,1
scaffold_changing_analogue,-1,-1,0,1,0,"{""C"":-2,""N"":1,""O"":-1,""S"":1}",1,1
scaffold_changing_analogue,-1,-1,0,1,1,"{""C"":-2,""N"":1,""O"":-1,""S"":1}",1,1
scaffold_changing_analogue,-1,-1,0,2,0,"{""C"":-3,""N"":2}",1,1
scaffold_changing_analogue,-1,-1,0,2,0,"{""C"":-3,""O"":1,""S"":1}",1,1
scaffold_changing_analogue,-1,-1,1,-2,0,"{""C"":1,""F"":-3,""N"":1}",1,1
scaffold_changing_analogue,-1,-1,1,-2,0,"{""C"":1,""N"":-1,""O"":-1}",1,1
scaffold_changing_analogue,-1,-1,1,-1,-1,"{""Cl"":-1}",1,1
scaffold_changing_analogue,-1,-1,1,-1,0,"{""Br"":1,""F"":-1,""I"":-1}",1,1
scaffold_changing_analogue,-1,-1,1,-1,0,"{""Cl"":-1,""N"":-1,""S"":1}",1,1
scaffold_changing_analogue,-1,-1,1,-1,0,"{""Cl"":-1}",1,1
scaffold_changing_analogue,-1,-1,1,-1,0,"{""F"":-1,""N"":-1,""O"":1}",1,1
scaffold_changing_analogue,-1,-1,1,-1,0,"{""F"":-1,""O"":-1,""S"":1}",1,1
scaffold_changing_analogue,-1,-1,1,-1,0,"{""F"":-2,""S"":1}",1,1
scaffold_changing_analogue,-1,-1,1,-1,0,"{""F"":1,""O"":-1,""S"":-1}",1,1
scaffold_changing_analogue,-1,-1,1,-1,0,"{""I"":1,""O"":-1,""S"":-1}",1,1
scaffold_changing_analogue,-1,-1,1,-1,0,"{""N"":1,""O"":-1,""S"":-1}",1,1
scaffold_changing_analogue,-1,-1,1,-1,0,"{""N"":1,""O"":-2}",1,1
scaffold_changing_analogue,-1,-1,1,-1,0,"{""O"":-1,""P"":1,""S"":-1}",1,1
scaffold_changing_analogue,-1,-1,1,0,-1,"{""C"":-1,""N"":1,""O"":-1}",1,1
scaffold_changing_analogue,-1,-1,1,0,0,"{""B"":-1,""C"":-1,""Si"":1}",1,1
scaffold_changing_analogue,-1,-1,1,0,0,"{""Br"":-1,""C"":-1,""Cl"":1}",1,1
scaffold_changing_analogue,-1,-1,1,0,0,"{""Br"":1,""C"":-1,""Cl"":-1}",1,1
scaffold_changing_analogue,-1,-1,1,0,0,"{""Br"":1,""C"":-1,""S"":-1}",1,1
scaffold_changing_analogue,-1,-1,1,0,0,"{""C"":-1,""Cl"":-1,""S"":1}",1,1
scaffold_changing_analogue,-1,-1,1,0,0,"{""C"":-1,""Cl"":1,""O"":-1}",1,1
scaffold_changing_analogue,-1,-1,1,0,0,"{""C"":-1,""F"":-1,""N"":1}",1,1
scaffold_changing_analogue,-1,-1,1,0,0,"{""C"":-1,""I"":-1,""S"":1}",1,1
scaffold_changing_analogue,-1,-1,1,0,0,"{""C"":-1,""O"":1,""S"":-1}",1,1
scaffold_changing_analogue,-1,-1,1,0,0,"{""C"":-1,""S"":-1,""Si"":1}",1,1
scaffold_changing_analogue,-1,-1,1,0,1,"{""C"":-1,""O"":-1,""S"":1}",1,1
scaffold_changing_analogue,-1,-1,1,0,1,"{""C"":-1,""P"":1,""S"":-1}",1,1
scaffold_changing_analogue,-1,-1,1,0,1,"{""C"":-1,""P"":2,""S"":-2}",1,1
scaffold_changing_analogue,-1,-1,1,1,0,"{""Br"":1,""C"":-2}",1,1
scaffold_changing_analogue,-1,-1,1,1,0,"{""C"":-2,""S"":1}",1,1
scaffold_changing_analogue,-1,-1,1,1,0,"{""C"":-2,""Si"":1}",1,1
scaffold_changing_analogue,-1,-1,1,1,1,"{""C"":-2,""N"":1}",1,1
scaffold_changing_analogue,-1,-1,2,-1,0,"{""O"":-1}",1,1
scaffold_changing_analogue,-1,0,1,-4,0,"{""C"":3,""N"":-1,""O"":-2,""S"":-1}",1,1
scaffold_changing_analogue,-1,0,1,-2,0,"{""C"":1,""O"":-2}",1,1
scaffold_changing_analogue,-1,0,1,-2,1,"{""C"":1,""O"":-2}",1,1
scaffold_changing_analogue,-1,0,1,-1,0,"{""F"":-1}",1,1
scaffold_changing_analogue,-1,0,1,-1,0,"{""N"":-1}",1,1
scaffold_changing_analogue,-1,0,1,0,0,"{""C"":-1,""N"":1,""O"":-1}",1,1
scaffold_changing_analogue,0,-1,-1,0,-1,"{""Cl"":1,""N"":-1}",1,1
scaffold_changing_analogue,0,-1,-1,0,-1,"{""Cl"":1,""N"":-2,""O"":1}",1,1
scaffold_changing_analogue,0,-1,-1,0,1,{},1,1
scaffold_changing_analogue,0,-1,-1,1,-1,"{""C"":-1,""O"":1}",1,1
scaffold_changing_analogue,0,-1,-1,1,0,"{""Br"":1,""C"":-1,""Cl"":1,""S"":-1}",1,1
scaffold_changing_analogue,0,-1,-1,1,0,"{""Br"":1,""C"":-1}",1,1
scaffold_changing_analogue,0,-1,-1,1,0,"{""C"":-1,""Cl"":1,""N"":-1,""O"":1}",1,1
scaffold_changing_analogue,0,-1,-1,1,0,"{""C"":-1,""Cl"":1,""N"":1,""S"":-1}",1,1
scaffold_changing_analogue,0,-1,-1,1,0,"{""C"":-1,""Cl"":1,""O"":1,""S"":-1}",1,1
scaffold_changing_analogue,0,-1,-1,1,0,"{""C"":-1,""Cl"":1,""P"":1,""S"":-1}",1,1
scaffold_changing_analogue,0,-1,-1,2,-1,"{""C"":-2,""N"":1,""O"":2,""S"":-1}",1,1
scaffold_changing_analogue,0,-1,-1,2,-1,"{""C"":-2,""O"":2}",1,1
scaffold_changing_analogue,0,-1,-1,2,0,"{""B"":-1,""Br"":1,""C"":-2,""O"":1,""Si"":1}",1,1
scaffold_changing_analogue,0,-1,-1,2,0,"{""C"":-2,""Cl"":1,""O"":1}",1,1
scaffold_changing_analogue,0,-1,-1,2,0,"{""C"":-2,""F"":1,""N"":1}",1,1
scaffold_changing_analogue,0,-1,-1,3,0,"{""C"":-3,""Cl"":1,""N"":1,""O"":1}",1,1
scaffold_changing_analogue,0,-1,-1,3,0,"{""C"":-3,""O"":2,""S"":1}",1,1
scaffold_changing_analogue,0,0,-1,-1,0,"{""C"":1,""N"":1,""O"":-1,""S"":-1}",1,1
scaffold_changing_analogue,0,0,-1,0,-1,"{""N"":-1,""S"":1}",1,1
scaffold_changing_analogue,0,0,-1,0,-1,{},1,1
scaffold_changing_analogue,0,0,-1,0,0,"{""N"":-1,""S"":1}",1,1
scaffold_changing_analogue,0,0,-1,0,0,"{""N"":1,""O"":-1}",1,1
scaffold_changing_analogue,0,0,-1,0,0,"{""O"":1,""S"":-1}",1,1
scaffold_changing_analogue,0,0,-1,0,1,{},1,1
scaffold_changing_analogue,0,0,-1,1,0,"{""B"":1,""C"":-1}",1,1
scaffold_changing_analogue,0,0,-1,1,0,"{""C"":-1,""N"":1}",1,1
scaffold_changing_analogue,0,0,-1,1,0,"{""C"":-1,""O"":1}",1,1
scaffold_changing_analogue,0,0,-1,1,0,"{""C"":-1,""S"":1}",1,1
scaffold_changing_analogue,0,0,-1,1,1,"{""C"":-1,""N"":1}",1,1
scaffold_changing_analogue,0,0,0,-2,0,"{""C"":2,""F"":-1,""N"":-2,""O"":1}",1,1
scaffold_changing_analogue,0,0,0,-2,0,"{""C"":2,""F"":-2,""O"":1,""S"":-1}",1,1
scaffold_changing_analogue,0,0,0,-2,0,"{""C"":2,""O"":-1,""P"":-1}",1,1
scaffold_changing_analogue,0,0,0,-2,0,"{""C"":2,""O"":-2}",1,1
scaffold_changing_analogue,0,0,0,-2,1,"{""C"":2,""N"":-1,""O"":-1}",1,1
scaffold_changing_analogue,0,0,0,-1,0,"{""B"":-2,""Br"":1,""C"":1,""Cl"":-1,""Si"":1}",1,1
scaffold_changing_analogue,0,0,0,-1,0,"{""B"":1,""C"":1,""O"":-1,""S"":-1}",1,1
scaffold_changing_analogue,0,0,0,-1,0,"{""B"":1,""C"":1,""O"":-1,""Si"":-1}",1,1
scaffold_changing_analogue,0,0,0,-1,0,"{""Br"":-1,""C"":1,""I"":1,""N"":-1,""O"":-1,""S"":1}",1,1
scaffold_changing_analogue,0,0,0,-1,0,"{""Br"":-1,""C"":1,""I"":1,""S"":-1}",1,1
scaffold_changing_analogue,0,0,0,-1,0,"{""Br"":-1,""C"":1,""N"":1,""S"":-1}",1,1
scaffold_changing_analogue,0,0,0,-1,0,"{""Br"":-1,""C"":1,""O"":1,""S"":-1}",1,1
scaffold_changing_analogue,0,0,0,-1,0,"{""Br"":1,""C"":1,""I"":-1,""Si"":-1}",1,1
scaffold_changing_analogue,0,0,0,-1,0,"{""C"":1,""Cl"":-1,""N"":1,""S"":-1}",1,1
scaffold_changing_analogue,0,0,0,-1,0,"{""C"":1,""Cl"":1,""F"":-3,""N"":1}",1,1
scaffold_changing_analogue,0,0,0,-1,0,"{""C"":1,""Cl"":1,""N"":1,""O"":-2,""S"":-1}",1,1
scaffold_changing_analogue,0,0,0,-1,0,"{""C"":1,""Cl"":1,""O"":-1,""S"":-1}",1,1
scaffold_changing_analogue,0,0,0,-1,0,"{""C"":1,""F"":-1,""N"":1,""O"":-1}",1,1
scaffold_changing_analogue,0,0,0,-1,0,"{""C"":1,""F"":-1,""N"":1,""P"":-1}",1,1
scaffold_changing_analogue,0,0,0,-1,0,"{""C"":1,""F"":-1,""O"":1,""S"":-1}",1,1
scaffold_changing_analogue,0,0,0,-1,0,"{""C"":1,""F"":1,""O"":-1,""S"":-1}",1,1
scaffold_changing_analogue,0,0,0,-1,0,"{""C"":1,""N"":-1,""O"":1,""P"":-1}",1,1
scaffold_changing_analogue,0,0,0,-1,0,"{""C"":1,""N"":-1,""P"":1,""S"":-1}",1,1
scaffold_changing_analogue,0,0,0,-1,0,"{""C"":1,""N"":-1,""S"":1,""Si"":-1}",1,1
scaffold_changing_analogue,0,0,0,-1,0,"{""C"":1,""N"":2,""O"":-2,""S"":-1}",1,1
scaffold_changing_analogue,0,0,0,-1,0,"{""C"":1,""O"":-1,""S"":1,""Si"":-1}",1,1
scaffold_changing_analogue,0,0,0,-1,0,"{""C"":1,""P"":-2,""S"":1}",1,1
scaffold_changing_analogue,0,0,0,-1,0,"{""C"":1,""P"":1,""S"":-2}",1,1
scaffold_changing_analogue,0,0,0,-1,1,"{""C"":1,""Cl"":-2,""N"":1}",1,1
scaffold_changing_analogue,0,0,0,-1,1,"{""C"":1,""F"":1,""O"":-2}",1,1
scaffold_changing_analogue,0,0,0,-1,1,"{""C"":1,""N"":1,""O"":-2,""P"":1,""S"":-1}",1,1
scaffold_changing_analogue,0,0,0,0,-2,"{""Cl"":-1,""N"":1}",1,1
scaffold_changing_analogue,0,0,0,0,-2,"{""Cl"":-1,""P"":1}",1,1
scaffold_changing_analogue,0,0,0,0,-1,"{""B"":1,""O"":-1}",1,1
scaffold_changing_analogue,0,0,0,0,-1,"{""B"":1,""Si"":-1}",1,1
scaffold_changing_analogue,0,0,0,0,-1,"{""Br"":1,""N"":1,""O"":-1,""S"":-1}",1,1
scaffold_changing_analogue,0,0,0,0,-1,"{""Cl"":-1,""F"":1,""N"":-1,""S"":1}",1,1
scaffold_changing_analogue,0,0,0,0,-1,"{""Cl"":-1,""N"":1,""P"":1,""S"":-1}",1,1
scaffold_changing_analogue,0,0,0,0,-1,"{""Cl"":1,""O"":-1,""P"":-1,""S"":1}",1,1
scaffold_changing_analogue,0,0,0,0,-1,"{""Cl"":1,""P"":-1}",1,1
scaffold_changing_analogue,0,0,0,0,-1,"{""F"":-1,""N"":-1,""O"":1,""S"":1}",1,1
scaffold_changing_analogue,0,0,0,0,-1,"{""F"":-1,""N"":1,""O"":1,""S"":-1}",1,1
scaffold_changing_analogue,0,0,0,0,-1,"{""F"":-1,""S"":1}",1,1
scaffold_changing_analogue,0,0,0,0,-1,"{""F"":1,""N"":-2,""O"":1}",1,1
scaffold_changing_analogue,0,0,0,0,-1,"{""F"":1,""N"":1,""O"":-1,""S"":-1}",1,1
scaffold_changing_analogue,0,0,0,0,-1,"{""F"":1,""S"":-1}",1,1
scaffold_changing_analogue,0,0,0,0,-1,"{""N"":-2,""O"":1,""S"":1}",1,1
scaffold_changing_analogue,0,0,0,0,-1,"{""N"":-2,""O"":2}",1,1
scaffold_changing_analogue,0,0,0,0,-1,"{""S"":1,""Si"":-1}",1,1
scaffold_changing_analogue,0,0,0,0,0,"{""B"":-1,""N"":-1,""O"":1,""Si"":1}",1,1
scaffold_changing_analogue,0,0,0,0,0,"{""B"":-2,""Si"":2}",1,1
scaffold_changing_analogue,0,0,0,0,0,"{""B"":1,""F"":-2,""O"":1}",1,1
scaffold_changing_analogue,0,0,0,0,0,"{""Br"":-1,""Cl"":1,""N"":-1,""O"":1}",1,1
scaffold_changing_analogue,0,0,0,0,0,"{""Br"":-1,""F"":1,""I"":1,""S"":-1}",1,1
scaffold_changing_analogue,0,0,0,0,0,"{""Br"":-1,""I"":1,""O"":1,""S"":-1}",1,1
scaffold_changing_analogue,0,0,0,0,0,"{""Br"":-1,""N"":-1,""O"":1,""P"":1}",1,1
scaffold_changing_analogue,0,0,0,0,0,"{""Br"":-1,""N"":-1,""O"":1,""S"":1}",1,1
scaffold_changing_analogue,0,0,0,0,0,"{""Br"":-1,""O"":1,""P"":1,""S"":-1}",1,1
scaffold_changing_analogue,0,0,0,0,0,"{""Br"":1,""Cl"":-1,""I"":-1,""S"":1}",1,1
scaffold_changing_analogue,0,0,0,0,0,"{""Br"":1,""Cl"":-1,""I"":-1,""Si"":1}",1,1
scaffold_changing_analogue,0,0,0,0,0,"{""Br"":1,""F"":-1,""N"":1,""S"":-1}",1,1
scaffold_changing_analogue,0,0,0,0,0,"{""Br"":1,""F"":-2,""O"":1}",1,1
scaffold_changing_analogue,0,0,0,0,0,"{""Cl"":-1,""F"":1,""O"":-1,""S"":1}",1,1
scaffold_changing_analogue,0,0,0,0,0,"{""Cl"":-1,""N"":1,""O"":-1,""S"":1}",1,1
scaffold_changing_analogue,0,0,0,0,0,"{""Cl"":-1,""N"":2,""O"":-1,""P"":1,""S"":-1}",1,1
scaffold_changing_analogue,0,0,0,0,0,"{""Cl"":1,""N"":-1,""O"":-1,""S"":1}",1,1
scaffold_changing_analogue,0,0,0,0,0,"{""F"":-1,""I"":-1,""O"":1,""S"":1}",1,1
scaffold_changing_analogue,0,0,0,0,0,"{""F"":-3,""O"":2,""S"":1}",1,1
scaffold_changing_analogue,0,0,0,0,0,"{""F"":1,""I"":-1}",1,1
scaffold_changing_analogue,0,0,0,0,0,"{""F"":1,""N"":1,""O"":-1,""P"":-1}",1,1
scaffold_changing_analogue,0,0,0,0,0,"{""F"":1,""S"":-1}",1,1
scaffold_changing_analogue,0,0,0,0,0,"{""F"":2,""N"":-1,""O"":-1}",1,1
scaffold_changing_analogue,0,0,0,0,0,"{""I"":-1,""P"":1}",1,1
scaffold_changing_analogue,0,0,0,0,0,"{""I"":-1,""Si"":1}",1,1
scaffold_changing_analogue,0,0,0,0,0,"{""I"":1,""P"":-1}",1,1
scaffold_changing_analogue,0,0,0,0,0,"{""N"":-1,""O"":1,""P"":1,""S"":-1}",1,1
scaffold_changing_analogue,0,0,0,0,0,"{""N"":-1,""O"":2,""S"":-1}",1,1
scaffold_changing_analogue,0,0,0,0,0,"{""N"":-2,""O"":2}",1,1
scaffold_changing_analogue,0,0,0,0,0,"{""N"":1,""O"":-1,""S"":-1,""Si"":1}",1,1
scaffold_changing_analogue,0,0,0,0,0,"{""N"":1,""P"":1,""S"":-1,""Si"":-1}",1,1
scaffold_changing_analogue,0,0,0,0,0,"{""N"":1,""S"":-2,""Si"":1}",1,1
scaffold_changing_analogue,0,0,0,0,0,"{""O"":1,""P"":-1}",1,1
scaffold_changing_analogue,0,0,0,0,0,"{""O"":1,""Si"":-1}",1,1
scaffold_changing_analogue,0,0,0,0,1,"{""Br"":-2,""Cl"":1,""N"":1}",1,1
scaffold_changing_analogue,0,0,0,0,1,"{""Br"":1,""N"":1,""O"":-1,""S"":-1}",1,1
scaffold_changing_analogue,0,0,0,0,1,"{""Cl"":1,""N"":1,""O"":-1,""S"":-1}",1,1
scaffold_changing_analogue,0,0,0,0,1,"{""F"":-1,""S"":1}",1,1
scaffold_changing_analogue,0,0,0,0,1,"{""F"":-2,""N"":1,""O"":1}",1,1
scaffold_changing_analogue,0,0,0,0,1,"{""N"":1,""O"":-2,""P"":2,""S"":-1}",1,1
scaffold_changing_analogue,0,0,0,0,1,"{""O"":1,""S"":-1}",1,1
scaffold_changing_analogue,0,0,0,0,1,"{""P"":1,""S"":-1}",1,1
scaffold_changing_analogue,0,0,0,0,2,"{""N"":-1,""S"":1}",1,1
scaffold_changing_analogue,0,0,0,0,2,"{""N"":2,""O"":-1,""S"":-1}",1,1
scaffold_changing_analogue,0,0,0,0,2,"{""O"":-1,""S"":1}",1,1
scaffold_changing_analogue,0,0,0,1,-1,"{""C"":-1,""Cl"":1}",1,1
scaffold_changing_analogue,0,0,0,1,-1,"{""C"":-1,""F"":-1,""O"":2}",1,1
scaffold_changing_analogue,0,0,0,1,-1,"{""C"":-1,""F"":1}",1,1
scaffold_changing_analogue,0,0,0,1,-1,"{""C"":-1,""I"":1,""N"":1,""O"":-1}",1,1
scaffold_changing_analogue,0,0,0,1,-1,"{""C"":-1,""N"":-1,""O"":1,""P"":1}",1,1
scaffold_changing_analogue,0,0,0,1,0,"{""B"":-1,""C"":-1,""O"":1,""Si"":1}",1,1
scaffold_changing_analogue,0,0,0,1,0,"{""B"":1,""C"":-1,""N"":1,""S"":-1}",1,1
scaffold_changing_analogue,0,0,0,1,0,"{""Br"":-1,""C"":-1,""Cl"":1,""F"":-2,""O"":2,""S"":1}",1,1
scaffold_changing_analogue,0,0,0,1,0,"{""Br"":-1,""C"":-1,""Cl"":1,""I"":1}",1,1
scaffold_changing_analogue,0,0,0,1,0,"{""Br"":-1,""C"":-1,""F"":1,""P"":1}",1,1
scaffold_changing_analogue,0,0,0,1,0,"{""Br"":-1,""C"":-1,""O"":1,""S"":1}",1,1
scaffold_changing_analogue,0,0,0,1,0,"{""C"":-1,""Cl"":-1,""N"":1,""O"":1}",1,1
scaffold_changing_analogue,0,0,0,1,0,"{""C"":-1,""Cl"":1,""N"":1,""O"":-1}",1,1
scaffold_changing_analogue,0,0,0,1,0,"{""C"":-1,""Cl"":1,""N"":1,""P"":-1}",1,1
scaffold_changing_analogue,0,0,0,1,0,"{""C"":-1,""Cl"":1,""N"":1,""S"":-1}",1,1
scaffold_changing_analogue,0,0,0,1,0,"{""C"":-1,""F"":-1,""N"":2}",1,1
scaffold_changing_analogue,0,0,0,1,0,"{""C"":-1,""F"":-2,""O"":2,""S"":1}",1,1
scaffold_changing_analogue,0,0,0,1,0,"{""C"":-1,""N"":-1,""O"":1,""P"":1}",1,1
scaffold_changing_analogue,0,0,0,1,0,"{""C"":-1,""N"":-1,""P"":1,""S"":1}",1,1
scaffold_changing_analogue,0,0,0,1,0,"{""C"":-1,""N"":-1,""S"":2}",1,1
scaffold_changing_analogue,0,0,0,1,0,"{""C"":-1,""N"":1,""O"":-1,""P"":1}",1,1
scaffold_changing_analogue,0,0,0,1,0,"{""C"":-1,""N"":1,""O"":-1,""Si"":1}",1,1
scaffold_changing_analogue,0,0,0,1,0,"{""C"":-1,""N"":1,""S"":-1,""Si"":1}",1,1
scaffold_changing_analogue,0,0,0,1,0,"{""C"":-1,""O"":1,""S"":-1,""Si"":1}",1,1
scaffold_changing_analogue,0,0,0,1,1,"{""C"":-1,""F"":-1,""N"":1,""O"":1}",1,1
scaffold_changing_analogue,0,0,0,1,1,"{""C"":-1,""F"":1}",1,1
scaffold_changing_analogue,0,0,0,1,1,"{""C"":-1,""N"":1,""O"":-1,""S"":1}",1,1
scaffold_changing_analogue,0,0,0,2,0,"{""B"":1,""C"":-2,""O"":1}",1,1
scaffold_changing_analogue,0,0,0,2,0,"{""C"":-2,""F"":-1,""N"":1,""O"":2}",1,1
scaffold_changing_analogue,0,0,0,2,0,"{""C"":-2,""F"":-1,""O"":2,""S"":1}",1,1
scaffold_changing_analogue,0,0,0,2,0,"{""C"":-2,""F"":1,""N"":1}",1,1
scaffold_changing_analogue,0,0,0,2,0,"{""C"":-2,""F"":1,""S"":1}",1,1
scaffold_changing_analogue,0,0,0,2,0,"{""C"":-2,""N"":2}",1,1
scaffold_changing_analogue,0,0,0,2,1,"{""B"":1,""C"":-2,""N"":1}",1,1
scaffold_changing_analogue,0,0,1,-1,-1,"{""C"":1,""N"":-1}",1,1
scaffold_changing_analogue,0,0,1,-1,0,"{""Br"":-2,""C"":1,""I"":1}",1,1
scaffold_changing_analogue,0,0,1,-1,0,"{""C"":1,""F"":-2,""O"":1}",1,1
scaffold_changing_analogue,0,0,1,-1,0,"{""C"":1,""N"":-2,""O"":1}",1,1
scaffold_changing_analogue,0,0,1,-1,1,"{""C"":1,""O"":-1}",1,1
scaffold_changing_analogue,0,0,1,-1,1,"{""C"":1,""S"":-1}",1,1
scaffold_changing_analogue,0,0,1,-1,2,"{""C"":1,""O"":-1}",1,1
scaffold_changing_analogue,0,0,1,0,-1,"{""B"":1,""Si"":-1}",1,1
scaffold_changing_analogue,0,0,1,0,-1,"{""Cl"":-1,""O"":1}",1,1
scaffold_changing_analogue,0,0,1,0,-1,"{""N"":-1,""O"":1}",1,1
scaffold_changing_analogue,0,0,1,0,0,"{""B"":-1,""Si"":1}",1,1
scaffold_changing_analogue,0,0,1,0,0,"{""B"":1,""Br"":-1}",1,1
scaffold_changing_analogue,0,0,1,0,0,"{""B"":1,""Cl"":-1}",1,1
scaffold_changing_analogue,0,0,1,0,0,"{""B"":1,""F"":-2,""O"":1}",1,1
scaffold_changing_analogue,0,0,1,0,0,"{""B"":1,""O"":-1}",1,1
scaffold_changing_analogue,0,0,1,0,0,"{""B"":1,""S"":-1}",1,1
scaffold_changing_analogue,0,0,1,0,0,"{""Br"":-1,""Cl"":1}",1,1
scaffold_changing_analogue,0,0,1,0,0,"{""Br"":-1,""S"":1}",1,1
scaffold_changing_analogue,0,0,1,0,0,"{""Br"":2,""F"":-1,""I"":-1}",1,1
scaffold_changing_analogue,0,0,1,0,0,"{""Cl"":-1,""F"":1}",1,1
scaffold_changing_analogue,0,0,1,0,0,"{""Cl"":-1,""O"":1}",1,1
scaffold_changing_analogue,0,0,1,0,0,"{""Cl"":1,""N"":-1}",1,1
scaffold_changing_analogue,0,0,1,0,0,"{""Cl"":1,""S"":-1}",1,1
scaffold_changing_analogue,0,0,1,0,0,"{""F"":-1,""O"":1}",1,1
scaffold_changing_analogue,0,0,1,0,0,"{""F"":-2,""O"":1,""S"":1}",1,1
scaffold_changing_analogue,0,0,1,0,0,"{""F"":1,""I"":-1}",1,1
scaffold_changing_analogue,0,0,1,0,0,"{""F"":1,""N"":-1}",1,1
scaffold_changing_analogue,0,0,1,0,0,"{""I"":1,""N"":-1}",1,1
scaffold_changing_analogue,0,0,1,0,0,"{""P"":-1,""S"":1}",1,1
scaffold_changing_analogue,0,0,1,0,1,"{""O"":-1,""S"":1}",1,1
scaffold_changing_analogue,0,0,1,1,0,"{""Br"":-1,""C"":-1,""Cl"":1,""P"":1}",1,1
scaffold_changing_analogue,0,0,1,1,0,"{""C"":-1,""I"":1}",1,1
scaffold_changing_analogue,0,0,1,1,0,"{""C"":-1,""O"":1,""P"":1,""S"":-1}",1,1
scaffold_changing_analogue,0,0,1,2,0,"{""C"":-2,""O"":1,""S"":1}",1,1
scaffold_changing_analogue,0,0,2,-1,0,"{""C"":1,""O"":-1}",1,1
scaffold_changing_analogue,0,0,2,0,0,"{""N"":1,""O"":-1}",1,1
scaffold_changing_analogue,0,1,0,-1,0,"{""C"":1,""O"":-1}",1,1
scaffold_changing_analogue,0,1,0,0,-1,"{""H"":1}",1,1
scaffold_changing_analogue,0,1,1,-2,0,"{""C"":2,""Cl"":-1,""N"":-1}",1,1
scaffold_changing_analogue,0,1,1,-2,0,"{""C"":2,""F"":-3,""S"":1}",1,1
scaffold_changing_analogue,0,1,1,-2,0,"{""C"":2,""N"":-2,""O"":-1,""S"":1}",1,1
scaffold_changing_analogue,0,1,1,-2,0,"{""C"":2,""O"":-2}",1,1
scaffold_changing_analogue,0,1,1,-2,1,"{""C"":2,""F"":-2}",1,1
scaffold_changing_analogue,0,1,1,-2,1,"{""C"":2,""N"":-1,""O"":-1}",1,1
scaffold_changing_analogue,0,1,1,-1,0,"{""C"":1,""F"":-1,""N"":1,""S"":-1}",1,1
scaffold_changing_analogue,0,1,1,-1,0,"{""C"":1,""F"":-2,""O"":1}",1,1
scaffold_changing_analogue,0,1,1,-1,0,"{""C"":1,""F"":-3,""N"":1,""S"":1}",1,1
scaffold_changing_analogue,0,1,1,-1,0,"{""C"":1,""I"":-1}",1,1
scaffold_changing_analogue,0,1,1,-1,0,"{""C"":1,""N"":-1,""O"":-1,""S"":1}",1,1
scaffold_changing_analogue,0,1,1,-1,0,"{""C"":1,""N"":1,""O"":-2}",1,1
scaffold_changing_analogue,0,1,1,-1,0,"{""C"":1,""O"":-1,""P"":1,""S"":-1}",1,1
scaffold_changing_analogue,0,1,1,-1,0,"{""C"":1,""Si"":-1}",1,1
scaffold_changing_analogue,0,1,1,-1,2,"{""C"":1,""N"":1,""O"":-2}",1,1
scaffold_changing_analogue,0,1,1,0,-1,"{""N"":-1,""O"":1}",1,1
scaffold_changing_analogue,0,1,1,0,0,"{""Br"":-1,""I"":1}",1,1
scaffold_changing_analogue,0,1,1,0,0,"{""N"":-1,""O"":1}",1,1
scaffold_changing_analogue,0,1,1,0,0,"{""O"":-1,""S"":1}",1,1
scaffold_changing_analogue,0,1,1,0,1,{},1,1
scaffold_changing_analogue,0,1,2,-1,0,"{""C"":1,""O"":-1}",1,1
scaffold_changing_analogue,1,0,-2,1,0,"{""N"":1}",1,1
scaffold_changing_analogue,1,0,-2,1,0,"{""O"":1}",1,1
scaffold_changing_analogue,1,0,-1,1,-1,"{""N"":1}",1,1
scaffold_changing_analogue,1,0,-1,1,0,"{""Cl"":1,""N"":-1,""O"":1}",1,1
scaffold_changing_analogue,1,0,-1,1,0,"{""Cl"":1}",1,1
scaffold_changing_analogue,1,0,-1,1,0,"{""N"":1}",1,1
scaffold_changing_analogue,1,0,-1,2,0,"{""C"":-1,""O"":1,""P"":1}",1,1
scaffold_changing_analogue,1,0,-1,2,0,"{""C"":-1,""O"":1,""S"":1}",1,1
scaffold_changing_analogue,1,0,-1,2,1,"{""C"":-1,""N"":1,""O"":1}",1,1
scaffold_changing_analogue,1,1,-1,-1,0,"{""C"":2,""N"":-1}",1,1
scaffold_changing_analogue,1,1,-1,0,0,"{""C"":1,""Cl"":-1,""F"":1}",1,1
scaffold_changing_analogue,1,1,-1,0,0,"{""C"":1,""F"":-1,""O"":1}",1,1
scaffold_changing_analogue,1,1,-1,1,-1,"{""N"":1}",1,1
scaffold_changing_analogue,1,1,-1,1,-1,"{""O"":1}",1,1
scaffold_changing_analogue,1,1,-1,1,0,"{""N"":-1,""O"":2}",1,1
scaffold_changing_analogue,1,1,-1,2,0,"{""B"":1,""C"":-1,""O"":1}",1,1
scaffold_changing_analogue,1,1,-1,2,0,"{""C"":-1,""I"":1,""O"":1}",1,1
scaffold_changing_analogue,1,1,0,-2,0,"{""C"":3,""N"":-1,""O"":-1}",1,1
scaffold_changing_analogue,1,1,0,-1,-1,"{""C"":2,""Cl"":-1}",1,1
scaffold_changing_analogue,1,1,0,-1,-1,"{""C"":2,""F"":-1}",1,1
scaffold_changing_analogue,1,1,0,-1,0,"{""Br"":1,""C"":2,""O"":-1,""S"":-1}",1,1
scaffold_changing_analogue,1,1,0,-1,0,"{""C"":2,""Cl"":-1,""N"":-1,""O"":1}",1,1
scaffold_changing_analogue,1,1,0,-1,0,"{""C"":2,""N"":-2,""S"":1}",1,1
scaffold_changing_analogue,1,1,0,0,-2,"{""C"":1,""Cl"":1,""N"":-1}",1,1
scaffold_changing_analogue,1,1,0,0,-1,"{""B"":1,""C"":1,""Si"":-1}",1,1
scaffold_changing_analogue,1,1,0,0,-1,"{""C"":1,""Cl"":-1,""P"":1}",1,1
scaffold_changing_analogue,1,1,0,0,-1,"{""C"":1,""F"":-2,""O"":2}",1,1
scaffold_changing_analogue,1,1,0,0,-1,"{""C"":1,""N"":-2,""O"":2}",1,1
scaffold_changing_analogue,1,1,0,0,-1,"{""C"":1,""N"":1,""O"":-1}",1,1
scaffold_changing_analogue,1,1,0,0,0,"{""B"":-1,""Br"":1,""C"":1,""O"":1,""S"":-1}",1,1
scaffold_changing_analogue,1,1,0,0,0,"{""B"":1,""Br"":-1,""C"":1}",1,1
scaffold_changing_analogue,1,1,0,0,0,"{""B"":1,""C"":1,""O"":-1}",1,1
scaffold_changing_analogue,1,1,0,0,0,"{""Br"":-1,""C"":1,""Cl"":1,""I"":1,""N"":-1}",1,1
scaffold_changing_analogue,1,1,0,0,0,"{""Br"":-1,""C"":1,""Cl"":1}",1,1
scaffold_changing_analogue,1,1,0,0,0,"{""Br"":-1,""C"":1,""F"":1,""I"":1,""N"":-1}",1,1
scaffold_changing_analogue,1,1,0,0,0,"{""Br"":-1,""C"":1,""S"":1}",1,1
scaffold_changing_analogue,1,1,0,0,0,"{""Br"":1,""C"":1,""Cl"":-1,""I"":-1,""Si"":1}",1,1
scaffold_changing_analogue,1,1,0,0,0,"{""Br"":1,""C"":1,""F"":-1,""N"":1,""S"":-1}",1,1
scaffold_changing_analogue,1,1,0,0,0,"{""Br"":1,""C"":1,""N"":-1,""O"":1,""S"":-1}",1,1
scaffold_changing_analogue,1,1,0,0,0,"{""Br"":1,""C"":1,""Si"":-1}",1,1
scaffold_changing_analogue,1,1,0,0,0,"{""C"":1,""Cl"":-1,""N"":-1,""O"":1,""S"":1}",1,1
scaffold_changing_analogue,1,1,0,0,0,"{""C"":1,""Cl"":-1,""N"":1,""O"":-1,""S"":1}",1,1
scaffold_changing_analogue,1,1,0,0,0,"{""C"":1,""Cl"":1,""F"":-1,""O"":1,""S"":-1}",1,1
scaffold_changing_analogue,1,1,0,0,0,"{""C"":1,""Cl"":1,""N"":1,""S"":-1,""Si"":-1}",1,1
scaffold_changing_analogue,1,1,0,0,0,"{""C"":1,""Cl"":1,""Si"":-1}",1,1
scaffold_changing_analogue,1,1,0,0,0,"{""C"":1,""F"":-1,""N"":2,""O"":-1}",1,1
scaffold_changing_analogue,1,1,0,0,0,"{""C"":1,""F"":-2,""N"":2}",1,1
scaffold_changing_analogue,1,1,0,0,0,"{""C"":1,""F"":1,""N"":1,""O"":-1,""S"":-1}",1,1
scaffold_changing_analogue,1,1,0,0,0,"{""C"":1,""F"":2,""N"":-1,""O"":-1}",1,1
scaffold_changing_analogue,1,1,0,0,0,"{""C"":1,""F"":2,""O"":-1,""S"":-1}",1,1
scaffold_changing_analogue,1,1,0,0,0,"{""C"":1,""I"":-1,""N"":1}",1,1
scaffold_changing_analogue,1,1,0,0,0,"{""C"":1,""I"":1,""O"":-1}",1,1
scaffold_changing_analogue,1,1,0,0,0,"{""C"":1,""N"":-1,""O"":1,""P"":1,""S"":-1}",1,1
scaffold_changing_analogue,1,1,0,0,0,"{""C"":1,""N"":-2,""O"":1,""S"":1}",1,1
scaffold_changing_analogue,1,1,0,0,0,"{""C"":1,""N"":1,""P"":-1}",1,1
scaffold_changing_analogue,1,1,0,0,0,"{""C"":1,""O"":1,""P"":-1}",1,1
scaffold_changing_analogue,1,1,0,0,1,"{""Br"":1,""C"":1,""N"":-2,""O"":1}",1,1
scaffold_changing_analogue,1,1,0,0,1,"{""Br"":1,""C"":1,""N"":-2,""S"":1}",1,1
scaffold_changing_analogue,1,1,0,0,1,"{""C"":1,""Cl"":1,""N"":-1}",1,1
scaffold_changing_analogue,1,1,0,0,1,"{""C"":1,""F"":-2,""N"":2}",1,1
scaffold_changing_analogue,1,1,0,0,1,"{""C"":1,""F"":1,""N"":1,""O"":-2}",1,1
scaffold_changing_analogue,1,1,0,0,1,"{""C"":1,""F"":1,""O"":-1}",1,1
scaffold_changing_analogue,1,1,0,0,1,"{""C"":1,""I"":1,""N"":-2,""S"":1}",1,1
scaffold_changing_analogue,1,1,0,1,-2,"{""Cl"":-1,""O"":1,""P"":1}",1,1
scaffold_changing_analogue,1,1,0,1,-2,"{""N"":-1,""O"":2}",1,1
scaffold_changing_analogue,1,1,0,1,-1,"{""B"":1,""F"":-1,""N"":1}",1,1
scaffold_changing_analogue,1,1,0,1,-1,"{""Br"":1}",1,1
scaffold_changing_analogue,1,1,0,1,-1,"{""Cl"":-1,""N"":1,""S"":1}",1,1
scaffold_changing_analogue,1,1,0,1,-1,"{""Cl"":-1,""O"":1,""S"":1}",1,1
scaffold_changing_analogue,1,1,0,1,-1,"{""Cl"":-1,""O"":2}",1,1
scaffold_changing_analogue,1,1,0,1,-1,"{""F"":2,""N"":-1}",1,1
scaffold_changing_analogue,1,1,0,1,-1,"{""N"":-1,""O"":1,""P"":1}",1,1
scaffold_changing_analogue,1,1,0,1,-1,"{""N"":-1,""O"":1,""Si"":1}",1,1
scaffold_changing_analogue,1,1,0,1,-1,"{""N"":1,""O"":-1,""S"":1}",1,1
scaffold_changing_analogue,1,1,0,1,-1,"{""N"":2,""O"":-1}",1,1
scaffold_changing_analogue,1,1,0,1,-1,"{""O"":1,""P"":-1,""S"":1}",1,1
scaffold_changing_analogue,1,1,0,1,-1,"{""O"":1,""P"":-1,""Si"":1}",1,1
scaffold_changing_analogue,1,1,0,1,-1,"{""O"":1,""S"":-1,""Si"":1}",1,1
scaffold_changing_analogue,1,1,0,1,-1,"{""Si"":1}",1,1
scaffold_changing_analogue,1,1,0,1,0,"{""B"":-1,""Cl"":1,""O"":1}",1,1
scaffold_changing_analogue,1,1,0,1,0,"{""B"":-1,""O"":1,""P"":1}",1,1
scaffold_changing_analogue,1,1,0,1,0,"{""B"":1,""Cl"":1,""S"":-1}",1,1
scaffold_changing_analogue,1,1,0,1,0,"{""B"":1,""P"":-1,""S"":1}",1,1
scaffold_changing_analogue,1,1,0,1,0,"{""Br"":-1,""Cl"":1,""I"":1}",1,1
scaffold_changing_analogue,1,1,0,1,0,"{""Br"":-1,""Cl"":1,""P"":1}",1,1
scaffold_changing_analogue,1,1,0,1,0,"{""Br"":-1,""Cl"":1,""S"":1}",1,1
scaffold_changing_analogue,1,1,0,1,0,"{""Br"":-1,""F"":1,""Si"":1}",1,1
scaffold_changing_analogue,1,1,0,1,0,"{""Br"":-1,""N"":1,""O"":1,""P"":1,""S"":-1}",1,1
scaffold_changing_analogue,1,1,0,1,0,"{""Br"":-1,""N"":1,""P"":1}",1,1
scaffold_changing_analogue,1,1,0,1,0,"{""Br"":1,""F"":-1,""O"":1}",1,1
scaffold_changing_analogue,1,1,0,1,0,"{""Br"":1,""O"":-1,""S"":1}",1,1
scaffold_changing_analogue,1,1,0,1,0,"{""Br"":1,""O"":1,""S"":-1}",1,1
scaffold_changing_analogue,1,1,0,1,0,"{""Cl"":1,""N"":-1,""S"":1}",1,1
scaffold_changing_analogue,1,1,0,1,0,"{""F"":-3,""O"":3,""S"":1}",1,1
scaffold_changing_analogue,1,1,0,1,0,"{""F"":1,""I"":-1,""S"":1}",1,1
scaffold_changing_analogue,1,1,0,1,0,"{""F"":1,""N"":-1,""O"":1}",1,1
scaffold_changing_analogue,1,1,0,1,0,"{""F"":1,""N"":1,""S"":-1}",1,1
scaffold_changing_analogue,1,1,0,1,0,"{""F"":2,""N"":-1}",1,1
scaffold_changing_analogue,1,1,0,1,0,"{""F"":2,""O"":-1,""P"":1,""S"":-1}",1,1
scaffold_changing_analogue,1,1,0,1,0,"{""F"":2,""Si"":-1}",1,1
scaffold_changing_analogue,1,1,0,1,0,"{""I"":-1,""N"":1,""S"":1}",1,1
scaffold_changing_analogue,1,1,0,1,0,"{""I"":-1,""O"":1,""Si"":1}",1,1
scaffold_changing_analogue,1,1,0,1,0,"{""N"":1,""O"":-1,""P"":1}",1,1
scaffold_changing_analogue,1,1,0,1,0,"{""N"":1,""O"":1,""P"":-1}",1,1
scaffold_changing_analogue,1,1,0,1,0,"{""N"":1,""S"":-1,""Si"":1}",1,1
scaffold_changing_analogue,1,1,0,1,0,"{""O"":1,""P"":1,""Si"":-1}",1,1
scaffold_changing_analogue,1,1,0,1,0,"{""O"":1,""S"":-1,""Si"":1}",1,1
scaffold_changing_analogue,1,1,0,1,0,"{""P"":2,""S"":-1}",1,1
scaffold_changing_analogue,1,1,0,1,1,"{""Cl"":-1,""N"":1,""S"":1}",1,1
scaffold_changing_analogue,1,1,0,1,1,"{""Cl"":1,""F"":1,""O"":-1}",1,1
scaffold_changing_analogue,1,1,0,1,1,"{""Cl"":1,""N"":1,""O"":-1}",1,1
scaffold_changing_analogue,1,1,0,1,1,"{""Cl"":1}",1,1
scaffold_changing_analogue,1,1,0,1,1,"{""F"":-1,""N"":2}",1,1
scaffold_changing_analogue,1,1,0,1,1,"{""I"":1}",1,1
scaffold_changing_analogue,1,1,0,1,1,"{""N"":-1,""O"":1,""S"":1}",1,1
scaffold_changing_analogue,1,1,0,1,1,"{""N"":1,""O"":-1,""S"":1}",1,1
scaffold_changing_analogue,1,1,0,1,1,"{""N"":2,""S"":-1}",1,1
scaffold_changing_analogue,1,1,0,1,2,"{""N"":1}",1,1
scaffold_changing_analogue,1,1,0,1,2,"{""O"":1}",1,1
scaffold_changing_analogue,1,1,0,2,-1,"{""C"":-1,""N"":-1,""O"":2,""S"":1}",1,1
scaffold_changing_analogue,1,1,0,2,-1,"{""C"":-1,""O"":1,""P"":1}",1,1
scaffold_changing_analogue,1,1,0,2,0,"{""B"":1,""C"":-1,""N"":1}",1,1
scaffold_changing_analogue,1,1,0,2,0,"{""Br"":-1,""C"":-1,""Cl"":1,""O"":1,""S"":1}",1,1
scaffold_changing_analogue,1,1,0,2,0,"{""Br"":1,""C"":-1,""O"":1}",1,1
scaffold_changing_analogue,1,1,0,2,0,"{""C"":-1,""F"":-1,""O"":2,""S"":1}",1,1
scaffold_changing_analogue,1,1,0,2,0,"{""C"":-1,""F"":1,""O"":1}",1,1
scaffold_changing_analogue,1,1,0,2,0,"{""C"":-1,""F"":3,""O"":-1}",1,1
scaffold_changing_analogue,1,1,0,2,0,"{""C"":-1,""I"":1,""N"":1}",1,1
scaffold_changing_analogue,1,1,0,2,0,"{""C"":-1,""O"":1,""Si"":1}",1,1
scaffold_changing_analogue,1,1,0,2,1,"{""C"":-1,""N"":1,""P"":1}",1,1
scaffold_changing_analogue,1,1,0,3,0,"{""C"":-2,""O"":2,""S"":1}",1,1
scaffold_changing_analogue,1,1,1,0,-1,"{""C"":1,""N"":-1,""O"":1}",1,1
scaffold_changing_analogue,1,1,1,0,-1,"{""C"":1}",1,1
scaffold_changing_analogue,1,1,1,0,0,"{""Br"":1,""C"":1,""F"":-1,""I"":-1,""O"":1}",1,1
scaffold_changing_analogue,1,1,1,0,0,"{""Br"":1,""C"":1,""F"":-1}",1,1
scaffold_changing_analogue,1,1,1,0,0,"{""C"":1,""Cl"":-1,""O"":1}",1,1
scaffold_changing_analogue,1,1,1,0,0,"{""C"":1,""Cl"":1,""N"":-1}",1,1
scaffold_changing_analogue,1,1,1,0,0,"{""C"":1,""Cl"":1,""Si"":-1}",1,1
scaffold_changing_analogue,1,1,1,0,0,"{""C"":1,""F"":-1,""O"":1}",1,1
scaffold_changing_analogue,1,1,1,0,0,"{""C"":1,""F"":1,""I"":-1}",1,1
scaffold_changing_analogue,1,1,1,0,0,"{""C"":1,""F"":1,""O"":-1}",1,1
scaffold_changing_analogue,1,1,1,0,0,"{""C"":1,""F"":1,""Si"":-1}",1,1
scaffold_changing_analogue,1,1,1,0,2,"{""C"":1}",1,1
scaffold_changing_analogue,1,1,1,1,-2,"{""N"":-1,""O"":2}",1,1
scaffold_changing_analogue,1,1,1,1,0,"{""Br"":-1,""F"":1,""P"":1}",1,1
scaffold_changing_analogue,1,1,1,1,0,"{""Br"":1,""O"":1,""S"":-1}",1,1
scaffold_changing_analogue,1,1,1,1,0,"{""Cl"":-1,""F"":1,""S"":1}",1,1
scaffold_changing_analogue,1,1,1,1,0,"{""Cl"":-1,""N"":1,""P"":1}",1,1
scaffold_changing_analogue,1,1,1,1,0,"{""F"":1,""I"":-1,""S"":1}",1,1
scaffold_changing_analogue,1,1,1,1,0,"{""F"":2,""Si"":-1}",1,1
scaffold_changing_analogue,1,1,1,1,0,"{""N"":-1,""O"":1,""S"":1}",1,1
scaffold_changing_analogue,1,1,1,1,0,"{""O"":1,""P"":1,""Si"":-1}",1,1
scaffold_changing_analogue,1,1,1,1,0,"{""O"":2,""S"":-1}",1,1
scaffold_changing_analogue,1,1,1,1,1,"{""O"":2,""P"":1,""S"":-2}",1,1
scaffold_changing_analogue,1,1,1,2,0,"{""C"":-1,""Cl"":1,""N"":1}",1,1
scaffold_changing_analogue,1,1,1,2,0,"{""C"":-1,""O"":1,""S"":1}",1,1
scaffold_changing_analogue,1,1,3,0,0,"{""C"":1,""S"":1,""Si"":-1}",1,1
scaffold_changing_analogue,1,1,4,0,0,"{""C"":1,""N"":-1,""O"":1}",1,1
scaffold_changing_analogue,1,2,0,0,0,"{""C"":1,""H"":1}",1,1
scaffold_changing_analogue,1,2,0,0,0,"{""C"":1}",1,1
scaffold_changing_analogue,1,2,1,-3,0,"{""C"":4,""O"":-2,""S"":-1}",1,1
scaffold_changing_analogue,1,2,1,-2,0,"{""C"":3,""F"":-3,""N"":1}",1,1
scaffold_changing_analogue,1,2,1,-2,0,"{""C"":3,""F"":-3,""O"":1}",1,1
scaffold_changing_analogue,1,2,1,-1,-1,"{""C"":2,""N"":-1}",1,1
scaffold_changing_analogue,1,2,1,-1,-1,"{""C"":2,""O"":-1}",1,1
scaffold_changing_analogue,1,2,1,-1,0,"{""B"":1,""C"":2,""N"":1,""O"":-2,""S"":-1}",1,1
scaffold_changing_analogue,1,2,1,-1,0,"{""Br"":-1,""C"":2}",1,1
scaffold_changing_analogue,1,2,1,-1,0,"{""Br"":1,""C"":2,""I"":-1,""Si"":-1}",1,1
scaffold_changing_analogue,1,2,1,-1,0,"{""C"":2,""Cl"":1,""F"":-3,""N"":1}",1,1
scaffold_changing_analogue,1,2,1,-1,0,"{""C"":2,""Cl"":1,""F"":-3,""O"":1}",1,1
scaffold_changing_analogue,1,2,1,-1,0,"{""C"":2,""F"":-2,""O"":1}",1,1
scaffold_changing_analogue,1,2,1,-1,0,"{""C"":2,""I"":-1}",1,1
scaffold_changing_analogue,1,2,1,-1,0,"{""C"":2,""N"":1,""O"":-1,""S"":-1}",1,1
scaffold_changing_analogue,1,2,1,-1,0,"{""C"":2,""Si"":-1}",1,1
scaffold_changing_analogue,1,2,1,-1,1,"{""C"":2,""Cl"":1,""O"":-2}",1,1
scaffold_changing_analogue,1,2,1,-1,1,"{""C"":2,""F"":-1,""N"":1,""O"":-1}",1,1
scaffold_changing_analogue,1,2,1,-1,1,"{""C"":2,""F"":-2,""N"":1}",1,1
scaffold_changing_analogue,1,2,1,0,-1,"{""C"":1,""N"":-1,""O"":1}",1,1
scaffold_changing_analogue,1,2,1,0,-1,"{""C"":1,""N"":1,""O"":-1}",1,1
scaffold_changing_analogue,1,2,1,0,0,"{""B"":1,""C"":1,""F"":-1}",1,1
scaffold_changing_analogue,1,2,1,0,0,"{""Br"":-1,""C"":1,""O"":1}",1,1
scaffold_changing_analogue,1,2,1,0,0,"{""C"":1,""Cl"":-1,""O"":1}",1,1
scaffold_changing_analogue,1,2,1,0,0,"{""C"":1,""Cl"":-1,""S"":1}",1,1
scaffold_changing_analogue,1,2,1,0,0,"{""C"":1,""F"":-1,""S"":1}",1,1
scaffold_changing_analogue,1,2,1,0,0,"{""C"":1,""N"":1,""S"":-1}",1,1
scaffold_changing_analogue,1,2,1,0,2,"{""C"":1,""N"":1,""O"":-1}",1,1
scaffold_changing_analogue,1,2,1,1,0,"{""Br"":1,""N"":1,""O"":-1}",1,1
scaffold_changing_analogue,1,2,1,1,0,"{""Cl"":1,""O"":-1,""S"":1}",1,1
scaffold_changing_analogue,1,2,1,1,0,"{""F"":1}",1,1
scaffold_changing_analogue,1,2,1,1,0,"{""N"":1,""O"":-1,""S"":1}",1,1
scaffold_changing_analogue,1,2,1,1,0,"{""S"":1}",1,1
scaffold_changing_analogue,1,2,2,-1,0,"{""C"":2,""F"":-2,""O"":1}",1,1
scaffold_changing_analogue,1,2,2,0,0,"{""Br"":1,""C"":1,""N"":1,""O"":-2}",1,1
scaffold_changing_analogue,2,1,-1,2,0,"{""F"":2}",1,1
scaffold_changing_analogue,2,1,-1,3,0,"{""C"":-1,""F"":3}",1,1
scaffold_changing_analogue,2,1,-1,3,0,"{""C"":-1,""N"":1,""O"":1,""S"":1}",1,1
scaffold_changing_analogue,2,2,-1,1,0,"{""C"":1,""S"":1}",1,1
scaffold_changing_analogue,2,2,-1,2,0,"{""N"":1,""S"":1}",1,1
scaffold_changing_analogue,2,2,0,-1,0,"{""C"":3,""Cl"":-1}",1,1
scaffold_changing_analogue,2,2,0,-1,0,"{""C"":3,""N"":-2,""O"":1}",1,1
scaffold_changing_analogue,2,2,0,-1,0,"{""C"":3,""O"":-1}",1,1
scaffold_changing_analogue,2,2,0,-1,1,"{""C"":3,""N"":1,""O"":-1,""S"":-1}",1,1
scaffold_changing_analogue,2,2,0,0,-1,"{""Br"":-1,""C"":2,""N"":1}",1,1
scaffold_changing_analogue,2,2,0,0,0,"{""C"":2,""N"":-2,""O"":1,""S"":1}",1,1
scaffold_changing_analogue,2,2,0,0,0,"{""C"":2,""N"":1,""P"":1,""S"":-1,""Si"":-1}",1,1
scaffold_changing_analogue,2,2,0,0,0,"{""C"":2,""N"":1,""Si"":-1}",1,1
scaffold_changing_analogue,2,2,0,0,0,"{""C"":2,""O"":1,""Si"":-1}",1,1
scaffold_changing_analogue,2,2,0,0,0,"{""C"":2,""P"":1,""S"":-1}",1,1
scaffold_changing_analogue,2,2,0,0,1,"{""Br"":-1,""C"":2,""N"":1}",1,1
scaffold_changing_analogue,2,2,0,0,1,"{""C"":2,""Cl"":-1,""N"":1}",1,1
scaffold_changing_analogue,2,2,0,0,1,"{""C"":2,""F"":-1,""N"":1}",1,1
scaffold_changing_analogue,2,2,0,0,1,"{""C"":2,""N"":2,""O"":-1,""S"":-1}",1,1
scaffold_changing_analogue,2,2,0,0,1,"{""C"":2,""O"":-1,""S"":1}",1,1
scaffold_changing_analogue,2,2,0,1,-2,"{""C"":1,""Cl"":-1,""O"":1,""S"":1}",1,1
scaffold_changing_analogue,2,2,0,1,-2,"{""C"":1,""O"":1}",1,1
scaffold_changing_analogue,2,2,0,1,-1,"{""B"":1,""C"":1,""F"":1,""Si"":-1}",1,1
scaffold_changing_analogue,2,2,0,1,-1,"{""B"":1,""C"":1}",1,1
scaffold_changing_analogue,2,2,0,1,-1,"{""C"":1,""Cl"":-1,""N"":1,""S"":1}",1,1
scaffold_changing_analogue,2,2,0,1,-1,"{""C"":1,""Cl"":-1,""O"":1,""Si"":1}",1,1
scaffold_changing_analogue,2,2,0,1,-1,"{""C"":1,""F"":2,""S"":-1}",1,1
scaffold_changing_analogue,2,2,0,1,-1,"{""C"":1,""N"":-1,""O"":1,""S"":1}",1,1
scaffold_changing_analogue,2,2,0,1,-1,"{""C"":1,""N"":1,""O"":1,""S"":-1}",1,1
scaffold_changing_analogue,2,2,0,1,0,"{""B"":1,""Br"":-1,""C"":1,""O"":1}",1,1
scaffold_changing_analogue,2,2,0,1,0,"{""B"":1,""C"":1,""N"":1,""S"":-1}",1,1
scaffold_changing_analogue,2,2,0,1,0,"{""Br"":-1,""C"":1,""N"":2}",1,1
scaffold_changing_analogue,2,2,0,1,0,"{""Br"":1,""C"":1,""F"":-1,""O"":1}",1,1
scaffold_changing_analogue,2,2,0,1,0,"{""C"":1,""Cl"":-1,""O"":2}",1,1
scaffold_changing_analogue,2,2,0,1,0,"{""C"":1,""Cl"":1,""F"":-1,""N"":1}",1,1
scaffold_changing_analogue,2,2,0,1,0,"{""C"":1,""Cl"":1,""N"":1,""O"":-1}",1,1
scaffold_changing_analogue,2,2,0,1,0,"{""C"":1,""F"":2,""Si"":-1}",1,1
scaffold_changing_analogue,2,2,0,1,0,"{""C"":1,""I"":1,""O"":1,""S"":-1}",1,1
scaffold_changing_analogue,2,2,0,1,0,"{""C"":1,""I"":1}",1,1
scaffold_changing_analogue,2,2,0,1,0,"{""C"":1,""N"":-1,""O"":1,""P"":1}",1,1
scaffold_changing_analogue,2,2,0,1,0,"{""C"":1,""N"":-1,""S"":2}",1,1
scaffold_changing_analogue,2,2,0,1,0,"{""C"":1,""N"":2,""S"":-1}",1,1
scaffold_changing_analogue,2,2,0,1,0,"{""C"":1,""O"":1,""S"":-1,""Si"":1}",1,1
scaffold_changing_analogue,2,2,0,1,1,"{""C"":1,""F"":1,""N"":1,""O"":-1}",1,1
scaffold_changing_analogue,2,2,0,1,1,"{""C"":1,""N"":-2,""O"":2,""P"":1}",1,1
scaffold_changing_analogue,2,2,0,1,1,"{""C"":1,""N"":1,""O"":-1,""S"":1}",1,1
scaffold_changing_analogue,2,2,0,1,2,"{""C"":1,""F"":1}",1,1
scaffold_changing_analogue,2,2,0,1,2,"{""C"":1,""N"":1}",1,1
scaffold_changing_analogue,2,2,0,1,2,"{""C"":1,""O"":1}",1,1
scaffold_changing_analogue,2,2,0,2,-1,"{""F"":1,""O"":1,""S"":-1,""Si"":1}",1,1
scaffold_changing_analogue,2,2,0,2,-1,"{""F"":2,""N"":-1,""O"":1}",1,1
scaffold_changing_analogue,2,2,0,2,-1,"{""N"":-1,""O"":2,""S"":1}",1,1
scaffold_changing_analogue,2,2,0,2,-1,"{""O"":1,""P"":1}",1,1
scaffold_changing_analogue,2,2,0,2,0,"{""B"":1,""Br"":-1,""F"":2,""O"":-1,""S"":1}",1,1
scaffold_changing_analogue,2,2,0,2,0,"{""B"":1,""Br"":-1,""F"":2}",1,1
scaffold_changing_analogue,2,2,0,2,0,"{""B"":1,""F"":1,""O"":-1,""S"":1}",1,1
scaffold_changing_analogue,2,2,0,2,0,"{""Br"":-1,""Cl"":1,""O"":1,""S"":1}",1,1
scaffold_changing_analogue,2,2,0,2,0,"{""Br"":-1,""O"":2,""S"":1}",1,1
scaffold_changing_analogue,2,2,0,2,0,"{""Br"":1,""O"":1}",1,1
scaffold_changing_analogue,2,2,0,2,0,"{""Br"":1,""S"":1}",1,1
scaffold_changing_analogue,2,2,0,2,0,"{""Cl"":-1,""F"":1,""O"":1,""S"":1}",1,1
scaffold_changing_analogue,2,2,0,2,0,"{""F"":-1,""N"":1,""O"":1,""P"":1}",1,1
scaffold_changing_analogue,2,2,0,2,0,"{""F"":2,""N"":1,""O"":-1}",1,1
scaffold_changing_analogue,2,2,0,2,0,"{""N"":1,""O"":2,""S"":-1}",1,1
scaffold_changing_analogue,2,2,0,2,0,"{""N"":1,""Si"":1}",1,1
scaffold_changing_analogue,2,2,0,2,0,"{""N"":2,""O"":-1,""S"":1}",1,1
scaffold_changing_analogue,2,2,0,2,0,"{""O"":2,""P"":1,""S"":-1}",1,1
scaffold_changing_analogue,2,2,0,2,1,"{""B"":1,""O"":1}",1,1
scaffold_changing_analogue,2,2,0,2,1,"{""Cl"":1,""N"":1}",1,1
scaffold_changing_analogue,2,2,0,2,1,"{""F"":1,""N"":1}",1,1
scaffold_changing_analogue,2,2,0,2,1,"{""N"":1,""S"":1}",1,1
scaffold_changing_analogue,2,2,0,2,1,"{""N"":2}",1,1
scaffold_changing_analogue,2,2,0,2,2,"{""F"":1,""N"":1}",1,1
scaffold_changing_analogue,2,2,0,3,0,"{""C"":-1,""F"":3}",1,1
scaffold_changing_analogue,2,2,1,0,0,"{""C"":2,""Cl"":1,""Si"":-1}",1,1
scaffold_changing_analogue,2,2,1,0,0,"{""C"":2,""S"":1,""Si"":-1}",1,1
scaffold_changing_analogue,2,2,1,1,0,"{""Br"":1,""C"":1,""I"":-1,""O"":1}",1,1
scaffold_changing_analogue,2,2,1,1,0,"{""Br"":1,""C"":1}",1,1
scaffold_changing_analogue,2,2,1,1,0,"{""C"":1,""Cl"":1}",1,1
scaffold_changing_analogue,2,2,1,1,0,"{""C"":1,""S"":1}",1,1
scaffold_changing_analogue,2,2,1,1,1,"{""C"":1,""O"":1}",1,1
scaffold_changing_analogue,2,2,1,2,0,"{""Cl"":-1,""N"":1,""O"":2}",1,1
scaffold_changing_analogue,2,2,1,2,0,"{""F"":1,""S"":1}",1,1
scaffold_changing_analogue,2,2,1,2,0,"{""F"":2}",1,1
scaffold_changing_analogue,2,2,1,2,0,"{""O"":1,""S"":1}",1,1
scaffold_changing_analogue,2,2,1,2,1,"{""N"":1,""O"":1}",1,1
scaffold_changing_analogue,2,3,1,-2,0,"{""Br"":1,""C"":4,""N"":-1,""O"":-1,""S"":-1}",1,1
scaffold_changing_analogue,2,3,1,-2,0,"{""Br"":1,""C"":4,""N"":-1,""O"":-2}",1,1
scaffold_changing_analogue,2,3,1,-2,0,"{""Br"":1,""C"":4,""O"":-2,""S"":-1}",1,1
scaffold_changing_analogue,2,3,1,-1,0,"{""Br"":1,""C"":3,""O"":-1,""S"":-1}",1,1
scaffold_changing_analogue,2,3,1,-1,0,"{""Br"":1,""C"":3,""O"":-2}",1,1
scaffold_changing_analogue,2,3,1,-1,0,"{""C"":3,""Cl"":-1}",1,1
scaffold_changing_analogue,2,3,1,-1,0,"{""C"":3,""Cl"":1,""F"":-3,""N"":1}",1,1
scaffold_changing_analogue,2,3,1,-1,0,"{""C"":3,""F"":-3,""N"":1,""S"":1}",1,1
scaffold_changing_analogue,2,3,1,-1,0,"{""C"":3,""F"":1,""N"":1,""O"":-2,""S"":-1}",1,1
scaffold_changing_analogue,2,3,1,-1,0,"{""C"":3,""N"":1,""O"":-2}",1,1
scaffold_changing_analogue,2,3,1,-1,1,"{""C"":3,""N"":1,""O"":-2}",1,1
scaffold_changing_analogue,2,3,1,-1,1,"{""C"":3,""O"":-1}",1,1
scaffold_changing_analogue,2,3,1,-1,1,"{""C"":3,""O"":-2,""S"":1}",1,1
scaffold_changing_analogue,2,3,1,-1,2,"{""C"":3,""N"":1,""O"":-2}",1,1
scaffold_changing_analogue,2,3,1,0,0,"{""B"":1,""C"":2,""N"":1,""O"":-2}",1,1
scaffold_changing_analogue,2,3,1,0,0,"{""Br"":-1,""C"":2,""S"":1}",1,1
scaffold_changing_analogue,2,3,1,0,0,"{""Br"":1,""C"":2,""F"":-1,""N"":1,""O"":-1}",1,1
scaffold_changing_analogue,2,3,1,0,0,"{""Br"":1,""C"":2,""N"":-1}",1,1
scaffold_changing_analogue,2,3,1,0,0,"{""C"":2,""Cl"":1,""N"":-1}",1,1
scaffold_changing_analogue,2,3,1,0,0,"{""C"":2,""N"":-1,""S"":1}",1,1
scaffold_changing_analogue,2,3,1,0,1,"{""C"":2,""N"":1,""S"":-1}",1,1
scaffold_changing_analogue,2,3,1,1,-1,"{""C"":1,""N"":1}",1,1
scaffold_changing_analogue,2,3,1,1,0,"{""B"":1,""C"":1}",1,1
scaffold_changing_analogue,2,3,1,1,0,"{""Br"":1,""C"":1,""N"":2,""O"":-2}",1,1
scaffold_changing_analogue,2,3,1,1,0,"{""C"":1,""Cl"":-1,""N"":1,""S"":1}",1,1
scaffold_changing_analogue,2,3,1,1,0,"{""C"":1,""Cl"":1,""N"":-1,""S"":1}",1,1
scaffold_changing_analogue,2,3,1,1,0,"{""C"":1,""F"":-1,""N"":1,""O"":1}",1,1
scaffold_changing_analogue,2,3,1,1,0,"{""C"":1,""F"":-1,""N"":2}",1,1
scaffold_changing_analogue,2,3,1,1,0,"{""C"":1,""I"":1,""N"":2,""O"":-2}",1,1
scaffold_changing_analogue,2,3,1,1,0,"{""C"":1,""N"":1,""O"":-1,""Si"":1}",1,1
scaffold_changing_analogue,2,3,1,1,0,"{""C"":1,""P"":1}",1,1
scaffold_changing_analogue,2,3,1,2,0,"{""Cl"":1,""N"":1}",1,1
scaffold_changing_analogue,2,3,1,2,0,"{""Cl"":1,""S"":1}",1,1
scaffold_changing_analogue,2,3,1,2,0,"{""F"":1,""S"":1}",1,1
scaffold_changing_analogue,2,3,2,0,0,"{""Br"":1,""C"":2,""N"":1,""O"":-2}",1,1
scaffold_changing_analogue,3,3,0,0,0,"{""C"":3,""N"":-1,""O"":1}",1,1
scaffold_changing_analogue,3,3,0,0,0,"{""C"":3,""N"":1,""S"":-1}",1,1
scaffold_changing_analogue,3,3,0,1,-1,"{""C"":2,""Cl"":1}",1,1
scaffold_changing_analogue,3,3,0,1,0,"{""C"":2,""Cl"":-1,""O"":2}",1,1
scaffold_changing_analogue,3,3,0,1,0,"{""C"":2,""Cl"":1,""N"":1,""S"":-1}",1,1
scaffold_changing_analogue,3,3,0,1,0,"{""C"":2,""Cl"":1}",1,1
scaffold_changing_analogue,3,3,0,1,0,"{""C"":2,""F"":-1,""N"":1,""O"":1}",1,1
scaffold_changing_analogue,3,3,0,1,0,"{""C"":2,""N"":2,""O"":-1}",1,1
scaffold_changing_analogue,3,3,0,1,1,"{""C"":2,""Cl"":1}",1,1
scaffold_changing_analogue,3,3,0,1,2,"{""C"":2,""N"":1}",1,1
scaffold_changing_analogue,3,3,0,2,-1,"{""C"":1,""N"":1,""O"":1}",1,1
scaffold_changing_analogue,3,3,0,2,0,"{""B"":1,""C"":1,""O"":1}",1,1
scaffold_changing_analogue,3,3,0,2,0,"{""Br"":1,""C"":1,""F"":1}",1,1
scaffold_changing_analogue,3,3,0,2,0,"{""Br"":1,""C"":1,""O"":1}",1,1
scaffold_changing_analogue,3,3,0,2,0,"{""C"":1,""F"":2,""N"":1,""S"":-1}",1,1
scaffold_changing_analogue,3,3,0,2,0,"{""C"":1,""I"":1,""N"":1}",1,1
scaffold_changing_analogue,3,3,0,2,0,"{""C"":1,""N"":-1,""O"":2,""S"":1}",1,1
scaffold_changing_analogue,3,3,0,2,0,"{""C"":1,""O"":2,""P"":-1,""S"":1}",1,1
scaffold_changing_analogue,3,3,0,3,0,"{""B"":2,""Br"":-1,""F"":2,""O"":-1,""S"":1}",1,1
scaffold_changing_analogue,3,3,0,3,0,"{""F"":-1,""N"":1,""O"":2,""S"":1}",1,1
scaffold_changing_analogue,3,3,0,3,0,"{""F"":2,""O"":1}",1,1
scaffold_changing_analogue,3,3,0,3,1,"{""N"":1,""O"":2}",1,1
scaffold_changing_analogue,3,3,1,1,0,"{""C"":2,""N"":1}",1,1
scaffold_changing_analogue,3,3,1,3,0,"{""F"":1,""O"":1,""S"":1}",1,1
scaffold_changing_analogue,3,4,0,2,0,"{""C"":1,""N"":2}",1,1
scaffold_changing_analogue,3,4,1,-1,0,"{""Br"":1,""C"":4,""F"":-3,""N"":1}",1,1
scaffold_changing_analogue,3,4,1,-1,0,"{""Br"":1,""C"":4,""N"":1,""O"":-2,""S"":-1}",1,1
scaffold_changing_analogue,3,4,1,-1,0,"{""Br"":1,""C"":4,""O"":-2}",1,1
scaffold_changing_analogue,3,4,1,-1,0,"{""C"":4,""N"":-1}",1,1
scaffold_changing_analogue,3,4,1,-1,1,"{""C"":4,""O"":-2,""S"":1}",1,1
scaffold_changing_analogue,3,4,1,0,0,"{""Br"":-1,""C"":3,""N"":1}",1,1
scaffold_changing_analogue,3,4,1,0,0,"{""Br"":-1,""C"":3,""O"":1}",1,1
scaffold_changing_analogue,3,4,1,0,0,"{""Br"":1,""C"":3,""F"":-1,""N"":1,""O"":-1}",1,1
scaffold_changing_analogue,3,4,1,0,0,"{""C"":3,""F"":-2,""N"":1,""O"":1}",1,1
scaffold_changing_analogue,3,4,1,0,0,"{""C"":3,""F"":1,""N"":1,""O"":-2}",1,1
scaffold_changing_analogue,3,4,1,0,0,"{""C"":3,""F"":1,""O"":-1}",1,1
scaffold_changing_analogue,3,4,1,0,0,"{""C"":3,""I"":1,""N"":-1}",1,1
scaffold_changing_analogue,3,4,1,0,0,"{""C"":3,""I"":1,""S"":-1}",1,1
scaffold_changing_analogue,3,4,1,0,0,"{""C"":3,""N"":-1,""P"":1}",1,1
scaffold_changing_analogue,3,4,1,0,1,"{""C"":3,""Cl"":1,""O"":-2,""S"":1}",1,1
scaffold_changing_analogue,3,4,1,0,1,"{""C"":3,""O"":-1,""S"":1}",1,1
scaffold_changing_analogue,3,4,1,1,-1,"{""C"":2,""Cl"":1}",1,1
scaffold_changing_analogue,3,4,1,1,-1,"{""C"":2,""O"":1}",1,1
scaffold_changing_analogue,3,4,1,1,0,"{""Br"":-1,""C"":2,""N"":1,""O"":1}",1,1
scaffold_changing_analogue,3,4,1,1,0,"{""Br"":1,""C"":2,""O"":-1,""S"":1}",1,1
scaffold_changing_analogue,3,4,1,1,0,"{""C"":2,""Cl"":1,""F"":-1,""N"":1}",1,1
scaffold_changing_analogue,3,4,1,1,0,"{""C"":2,""Cl"":1,""O"":-1,""S"":1}",1,1
scaffold_changing_analogue,3,4,1,1,0,"{""C"":2,""Cl"":1}",1,1
scaffold_changing_analogue,3,4,1,1,0,"{""C"":2,""F"":1,""O"":-1,""S"":1}",1,1
scaffold_changing_analogue,3,4,1,1,0,"{""C"":2,""P"":1}",1,1
scaffold_changing_analogue,3,4,1,1,1,"{""Br"":-1,""C"":2,""N"":2}",1,1
scaffold_changing_analogue,3,4,1,1,1,"{""C"":2,""N"":2,""O"":-1}",1,1
scaffold_changing_analogue,3,4,1,1,1,"{""C"":2,""S"":1}",1,1
scaffold_changing_analogue,3,4,1,2,0,"{""C"":1,""O"":1,""S"":1}",1,1
scaffold_changing_analogue,3,4,2,2,0,"{""C"":1,""N"":2}",1,1
scaffold_changing_analogue,4,4,0,1,0,"{""C"":3,""O"":1}",1,1
scaffold_changing_analogue,4,4,0,2,-1,"{""C"":2,""N"":1,""O"":1}",1,1
scaffold_changing_analogue,4,4,0,2,0,"{""C"":2,""F"":-1,""O"":2,""S"":1}",1,1
scaffold_changing_analogue,4,4,0,2,0,"{""C"":2,""F"":2,""N"":1,""O"":-1}",1,1
scaffold_changing_analogue,4,4,0,2,0,"{""C"":2,""F"":3,""N"":-1}",1,1
scaffold_changing_analogue,4,4,0,2,0,"{""C"":2,""N"":1,""S"":1}",1,1
scaffold_changing_analogue,4,4,0,2,0,"{""C"":2,""O"":2}",1,1
scaffold_changing_analogue,4,4,0,2,1,"{""C"":2,""N"":1,""O"":1}",1,1
scaffold_changing_analogue,4,4,0,3,0,"{""C"":1,""F"":-1,""N"":1,""O"":2,""S"":1}",1,1
scaffold_changing_analogue,4,4,0,3,0,"{""C"":1,""F"":3}",1,1
scaffold_changing_analogue,4,4,0,3,0,"{""C"":1,""N"":1,""O"":1,""P"":1}",1,1
scaffold_changing_analogue,4,4,0,4,0,"{""F"":3,""N"":1}",1,1
scaffold_changing_analogue,4,5,1,-1,0,"{""C"":5,""F"":-2,""N"":1}",1,1
scaffold_changing_analogue,4,5,1,0,0,"{""C"":4,""F"":-1,""N"":1}",1,1
scaffold_changing_analogue,4,5,1,0,0,"{""C"":4,""F"":-1,""S"":1}",1,1
scaffold_changing_analogue,4,5,1,0,0,"{""C"":4,""F"":1,""O"":-1}",1,1
scaffold_changing_analogue,4,5,1,0,0,"{""C"":4,""O"":-1,""S"":1}",1,1
scaffold_changing_analogue,4,5,1,1,-1,"{""C"":3,""N"":1}",1,1
scaffold_changing_analogue,4,5,1,1,0,"{""Br"":1,""C"":3,""N"":1,""S"":-1}",1,1
scaffold_changing_analogue,4,5,1,1,0,"{""Br"":1,""C"":3,""O"":-1,""S"":1}",1,1
scaffold_changing_analogue,4,5,1,1,0,"{""Br"":1,""C"":3}",1,1
scaffold_changing_analogue,4,5,1,1,0,"{""C"":3,""F"":-1,""N"":1,""O"":1}",1,1
scaffold_changing_analogue,4,5,1,1,0,"{""C"":3,""F"":1,""O"":-1,""S"":1}",1,1
scaffold_changing_analogue,4,5,1,1,0,"{""C"":3,""N"":1,""O"":-1,""S"":1}",1,1
scaffold_changing_analogue,4,5,1,1,1,"{""C"":3,""F"":-1,""N"":1,""O"":1}",1,1
scaffold_changing_analogue,4,5,1,1,1,"{""C"":3,""N"":1,""O"":-1,""S"":1}",1,1
scaffold_changing_analogue,4,5,1,1,1,"{""C"":3,""N"":2,""O"":-1}",1,1
scaffold_changing_analogue,4,5,1,2,0,"{""Br"":1,""C"":2,""S"":1}",1,1
scaffold_changing_analogue,4,5,1,2,0,"{""C"":2,""Cl"":1,""S"":1}",1,1
scaffold_changing_analogue,4,5,1,2,0,"{""C"":2,""F"":1,""N"":1}",1,1
scaffold_changing_analogue,4,5,1,2,0,"{""C"":2,""N"":2,""O"":-1,""S"":1}",1,1
scaffold_changing_analogue,4,5,1,2,0,"{""C"":2,""O"":2}",1,1
scaffold_changing_analogue,4,5,1,2,0,"{""C"":2,""S"":2}",1,1
scaffold_changing_analogue,4,5,2,0,0,"{""C"":4}",1,1
scaffold_changing_analogue,4,5,2,1,1,"{""C"":3,""N"":1}",1,1
scaffold_changing_analogue,4,5,2,1,1,"{""C"":3,""O"":1}",1,1
scaffold_changing_analogue,4,5,2,2,0,"{""C"":2,""N"":1,""O"":1}",1,1
scaffold_changing_analogue,4,5,2,2,0,"{""C"":2,""N"":2}",1,1
scaffold_changing_analogue,5,5,0,3,0,"{""C"":2,""O"":2,""S"":1}",1,1
scaffold_changing_analogue,5,6,1,2,0,"{""Br"":1,""C"":3,""N"":1,""O"":-1,""S"":1}",1,1
scaffold_changing_analogue,5,6,1,2,0,"{""Br"":1,""C"":3,""N"":1}",1,1
scaffold_changing_analogue,5,6,1,2,0,"{""Br"":1,""C"":3,""S"":1}",1,1
scaffold_changing_analogue,5,6,1,2,0,"{""C"":3,""Cl"":1,""N"":1}",1,1
scaffold_changing_analogue,5,6,1,2,0,"{""C"":3,""F"":1,""N"":1}",1,1
scaffold_changing_analogue,5,6,1,2,0,"{""C"":3,""N"":1,""S"":1}",1,1
scaffold_changing_analogue,5,6,1,2,0,"{""C"":3,""O"":2}",1,1
scaffold_changing_analogue,5,6,1,2,1,"{""C"":3,""N"":1,""O"":1}",1,1
