query_position,target_hash,target_smiles,decoded_smiles_raw__correct_embedding,decoded_smiles_raw__shuffled_embedding,decoded_smiles_raw__wrong_molecule_embedding,decoded_smiles_raw__zero_embedding,decoded_canonical_smiles__correct_embedding,decoded_canonical_smiles__shuffled_embedding,decoded_canonical_smiles__wrong_molecule_embedding,decoded_canonical_smiles__zero_embedding,exact_canonical_reconstruction__correct_embedding,exact_canonical_reconstruction__shuffled_embedding,exact_canonical_reconstruction__wrong_molecule_embedding,exact_canonical_reconstruction__zero_embedding,molecular_identity_recovery__correct_embedding,molecular_identity_recovery__shuffled_embedding,molecular_identity_recovery__wrong_molecule_embedding,molecular_identity_recovery__zero_embedding,morgan_similarity_to_target__correct_embedding,morgan_similarity_to_target__shuffled_embedding,morgan_similarity_to_target__wrong_molecule_embedding,morgan_similarity_to_target__zero_embedding,condition_source_smiles__correct_embedding,condition_source_smiles__shuffled_embedding,condition_source_smiles__wrong_molecule_embedding,condition_source_smiles__zero_embedding,condition_source_identity_recovery__correct_embedding,condition_source_identity_recovery__shuffled_embedding,condition_source_identity_recovery__wrong_molecule_embedding,condition_source_identity_recovery__zero_embedding
7583,e7c3e489d4d927717c1772d3814743966fd392edcacf7e7a490f9a5afda15477,Cc1cccc(N2C3CCC2CC(O)C3)c1,Cc1cccc(N2C3CCC2CC(O)C3)c1,CNC1C(O)C2OC3C(O)C(O)CC(NC)C3OC2(O)C(O)C1O[B](C)(O)O,CC(C)c1ccccc1N1C2CCC1CC(O)C2,CC(C)N1CCCC1C(=O)NCc1cnc(C(=O)[O-])c(F)c1,Cc1cccc(N2C3CCC2CC(O)C3)c1,,CC(C)c1ccccc1N1C2CCC1CC(O)C2,CC(C)N1CCCC1C(=O)NCc1cnc(C(=O)[O-])c(F)c1,1.0,0.0,0.0,0.0,1.0,0.0,0.0,0.0,1.0,0.0,0.4523809523809524,0.1267605633802817,Cc1cccc(N2C3CCC2CC(O)C3)c1,CNC1C(O)C(NC)C2OC3C(OC(C)CC3(O)OB(O)O)OC2C1O,CC(C)c1ccccc1N1C2CCC1CC(O)C2,,1.0,0.0,1.0,
810,dd9de84fd980e13c7a67ad8ad052345fcdef10662c3f059e4d410415fd95963a,O=C(NC1(CF)CCOCC1)c1ccc(Cn2ccnc2)cc1,O=C(NC1(CF)CCOCC1)c1ccc(Cn2ccnc2)cc1,CC(C)CC(=O)NC(C)C1CN(C(=O)c2cn(C)c3ccccc23)C1,O=C(NC1(CF)CCOCC1)c1ccn(CCc2ccccc2)n1,CC(C)N1CCCC1C(=O)NCc1cnc(C(=O)[O-])c(F)c1,O=C(NC1(CF)CCOCC1)c1ccc(Cn2ccnc2)cc1,CC(C)CC(=O)NC(C)C1CN(C(=O)c2cn(C)c3ccccc23)C1,O=C(NC1(CF)CCOCC1)c1ccn(CCc2ccccc2)n1,CC(C)N1CCCC1C(=O)NCc1cnc(C(=O)[O-])c(F)c1,1.0,0.0,0.0,0.0,1.0,0.0,0.0,0.0,1.0,0.11904761904761904,0.46153846153846156,0.1411764705882353,O=C(NC1(CF)CCOCC1)c1ccc(Cn2ccnc2)cc1,CC(C)CC(=O)NC(C)C1CN(C(=O)c2cn(C)c3ccccc23)C1,O=C(NC1(CF)CCOCC1)c1ccn(CCc2ccccc2)n1,,1.0,1.0,1.0,
3445,63805f55c4038b79f54a04e299f8f5033200df2be9c3963666fd006d625c2574,CCCn1ncnc1C[NH2+]CC1CCN(C(=O)c2ccc[nH]2)C1,CCCn1ncnc1C[NH2+]CC1CCN(C(=O)c2ccc[nH]2)C1,CC(C)C(=O)N1CCC(C2CCN(C(=O)CC(C)(F)F)C2)CC1,CC1CN(C(=O)c2ccc[nH]2)CCC1C[NH2+]Cc1cnnn1C,CC(C)N1CCCC1C(=O)NCc1cnc(C(=O)[O-])c(F)c1,CCCn1ncnc1C[NH2+]CC1CCN(C(=O)c2ccc[nH]2)C1,CC(C)C(=O)N1CCC(C2CCN(C(=O)CC(C)(F)F)C2)CC1,CC1CN(C(=O)c2ccc[nH]2)CCC1C[NH2+]Cc1cnnn1C,CC(C)N1CCCC1C(=O)NCc1cnc(C(=O)[O-])c(F)c1,1.0,0.0,0.0,0.0,1.0,0.0,0.0,0.0,1.0,0.16666666666666666,0.4794520547945205,0.16666666666666666,CCCn1ncnc1C[NH2+]CC1CCN(C(=O)c2ccc[nH]2)C1,CC(C)C(=O)N1CCC(C2CCN(C(=O)CC(C)(F)F)C2)CC1,CC1CN(C(=O)c2ccc[nH]2)CCC1C[NH2+]Cc1cnnn1C,,1.0,1.0,1.0,
6485,a4112818ebe11748059ddf91a6269fae2277ce5cdcee4b81a3bd1fbd0feb4a3f,CC1(C)CCC1C(=O)NCCNC(=O)C1(F)CCOC1,CC1(C)CCC1C(=O)NCCNC(=O)C1(F)CCOC1,CC(C)(C)c1ccnc(N2CCN(CC(F)(F)F)C(=O)C2)n1,CCC(CNC(=O)C1CCOC1)NC(=O)C1(CF)CCC1,CC(C)N1CCCC1C(=O)NCc1cnc(C(=O)[O-])c(F)c1,CC1(C)CCC1C(=O)NCCNC(=O)C1(F)CCOC1,CC(C)(C)c1ccnc(N2CCN(CC(F)(F)F)C(=O)C2)n1,CCC(CNC(=O)C1CCOC1)NC(=O)C1(CF)CCC1,CC(C)N1CCCC1C(=O)NCc1cnc(C(=O)[O-])c(F)c1,1.0,0.0,0.0,0.0,1.0,0.0,0.0,0.0,1.0,0.08,0.2727272727272727,0.15584415584415584,CC1(C)CCC1C(=O)NCCNC(=O)C1(F)CCOC1,CC(C)(C)c1ccnc(N2CCN(CC(F)(F)F)C(=O)C2)n1,CCC(CNC(=O)C1(CF)CCC1)NC(=O)C1CCOC1,,1.0,1.0,0.0,
9696,b4eacc2e6ed4266416f5e5188ebb204a949481b7204b05a64cf33c9aeaa3a818,N#Cc1c(Cl)nsc1NC1CCN(C(=O)C2CC2)CC1,N#Cc1c(Cl)nsc1NC1CCN(C(=O)C2CC2)CC1,COc1ccccc1CC(C)N(C)C(=O)C[NH2+]CC1CCCO1,CC(C#N)C(=O)N1CCCC(CNC(=O)c2ncsc2C2CC2)C1,CC(C)N1CCCC1C(=O)NCc1cnc(C(=O)[O-])c(F)c1,N#Cc1c(Cl)nsc1NC1CCN(C(=O)C2CC2)CC1,COc1ccccc1CC(C)N(C)C(=O)C[NH2+]CC1CCCO1,CC(C#N)C(=O)N1CCCC(CNC(=O)c2ncsc2C2CC2)C1,CC(C)N1CCCC1C(=O)NCc1cnc(C(=O)[O-])c(F)c1,1.0,0.0,0.0,0.0,1.0,0.0,0.0,0.0,1.0,0.10714285714285714,0.2125,0.16455696202531644,N#Cc1c(Cl)nsc1NC1CCN(C(=O)C2CC2)CC1,COc1ccccc1CC(C)N(C)C(=O)C[NH2+]CC1CCCO1,CC(C#N)C(=O)N1CCCC(CNC(=O)c2ncsc2C2CC2)C1,,1.0,1.0,1.0,
3575,4c9253c2c82aefb6f3fef36a46b796bb7023b6deaf21753d3ff6a3eeba6a3a85,Cc1ccccc1C(O)CNS(=O)(=O)C=Cc1ccccc1Cl,Cc1ccccc1C(O)CNS(=O)(=O)C=Cc1ccccc1Cl,COCC1(C(=O)OC(C)c2cccc(NC(C)=O)c2)CCC1,Cc1cccc(CC(CO)NS(=O)(=O)C=Cc2ccccc2Cl)c1,CC(C)N1CCCC1C(=O)NCc1cnc(C(=O)[O-])c(F)c1,Cc1ccccc1C(O)CNS(=O)(=O)C=Cc1ccccc1Cl,COCC1(C(=O)OC(C)c2cccc(NC(C)=O)c2)CCC1,Cc1cccc(CC(CO)NS(=O)(=O)C=Cc2ccccc2Cl)c1,CC(C)N1CCCC1C(=O)NCc1cnc(C(=O)[O-])c(F)c1,1.0,0.0,0.0,0.0,1.0,0.0,0.0,0.0,1.0,0.1282051282051282,0.4666666666666667,0.09523809523809523,Cc1ccccc1C(O)CNS(=O)(=O)C=Cc1ccccc1Cl,COCC1(C(=O)OC(C)c2cccc(NC(C)=O)c2)CCC1,Cc1cccc(CC(CO)NS(=O)(=O)C=Cc2ccccc2Cl)c1,,1.0,1.0,1.0,
742,8121ecde2397593d0698fb49dcc71eba9bd107d3981cc9a06f1db1a30303a8df,COc1ncccc1Nc1ccc(C)cc1CO,COc1ncccc1Nc1ccc(C)cc1CO,CC1(C)C2CCC1(C)C(Cl)C2(Cl)Cl,COCc1ccccc1Nc1c(C)ccnc1OC,CC(C)N1CCCC1C(=O)NCc1cnc(C(=O)[O-])c(F)c1,COc1ncccc1Nc1ccc(C)cc1CO,CC1(C)C2CCC1(C)C(Cl)C2(Cl)Cl,COCc1ccccc1Nc1c(C)ccnc1OC,CC(C)N1CCCC1C(=O)NCc1cnc(C(=O)[O-])c(F)c1,1.0,0.0,0.0,0.0,1.0,0.0,0.0,0.0,1.0,0.01694915254237288,0.41509433962264153,0.1282051282051282,COc1ncccc1Nc1ccc(C)cc1CO,CC1(C)C2CCC1(C)C(B(Cl)Cl)C2,COCc1ccccc1Nc1c(C)ccnc1OC,,1.0,0.0,1.0,
9702,6c374f296582697c1dbd1b74381887cfc38ea03e0ea65047f326bb8748a85c5c,CC1C([NH2+]CCC2CC2)CCN1C(=O)c1cccn2nnnc12,CC1C([NH2+]CCC2CC2)CCN1C(=O)c1cccn2nnnc12,COC(CNC(=O)C(=O)N1CC(C)SC(C)C1)C1CCCC1,CCC[NH2+]C1CCN(C(=O)c2cn3cccnc3n2)C1,CC(C)N1CCCC1C(=O)NCc1cnc(C(=O)[O-])c(F)c1,CC1C([NH2+]CCC2CC2)CCN1C(=O)c1cccn2nnnc12,COC(CNC(=O)C(=O)N1CC(C)SC(C)C1)C1CCCC1,CCC[NH2+]C1CCN(C(=O)c2cn3cccnc3n2)C1,CC(C)N1CCCC1C(=O)NCc1cnc(C(=O)[O-])c(F)c1,1.0,0.0,0.0,0.0,1.0,0.0,0.0,0.0,1.0,0.12195121951219512,0.23170731707317074,0.14606741573033707,CC1C([NH2+]CCC2CC2)CCN1C(=O)c1cccn2nnnc12,COC(CNC(=O)C(=O)N1CC(C)SC(C)C1)C1CCCC1,CCC[NH2+]C1CCN(C(=O)c2cn3cccnc3n2)C1,,1.0,1.0,1.0,
1303,44d01f7f70c6df826fcffe8dee6c0a1ea062c3cbd4823572ca4ec5551ebd5ff2,COc1ccnc(C[NH2+]C2CC(N(C)C(=O)C3(C)CCOC3)C2)c1,COc1ccnc(C[NH2+]C2CC(N(C)C(=O)C3(C)CCOC3)C2)c1,CC(=O)N1CCOC(CNC(=O)c2cc3ccsc3[nH]2)C1,COc1cccc(C[NH2+]C2CC(NC(=O)C3(C)CCOC3)C2)n1,CC(C)N1CCCC1C(=O)NCc1cnc(C(=O)[O-])c(F)c1,COc1ccnc(C[NH2+]C2CC(N(C)C(=O)C3(C)CCOC3)C2)c1,CC(=O)N1CCOC(CNC(=O)c2cc3ccsc3[nH]2)C1,COc1cccc(C[NH2+]C2CC(NC(=O)C3(C)CCOC3)C2)n1,CC(C)N1CCCC1C(=O)NCc1cnc(C(=O)[O-])c(F)c1,1.0,0.0,0.0,0.0,1.0,0.0,0.0,0.0,1.0,0.13829787234042554,0.4666666666666667,0.1276595744680851,COc1ccnc(C[NH2+]C2CC(N(C)C(=O)C3(C)CCOC3)C2)c1,CC(=O)N1CCOC(CNC(=O)c2cc3ccsc3[nH]2)C1,COc1cccc(C[NH2+]C2CC(NC(=O)C3(C)CCOC3)C2)n1,,1.0,1.0,1.0,
3594,bfa7878c41d398fe2cbcba237b9bfa8a7da03bb2de7405d6b4c4e225a977597e,CCN(CC(C)C)CC(O)CO,CC(C)CN(CC)CC(O)CO,CC(Oc1cccc(C#N)c1)C(=O)NC(C)c1ccc2c(c1)OCCO2,CC(C)(CO)CN(CC)CCO,CC(C)N1CCCC1C(=O)NCc1cnc(C(=O)[O-])c(F)c1,CCN(CC(C)C)CC(O)CO,CC(Oc1cccc(C#N)c1)C(=O)NC(C)c1ccc2c(c1)OCCO2,CCN(CCO)CC(C)(C)CO,CC(C)N1CCCC1C(=O)NCc1cnc(C(=O)[O-])c(F)c1,1.0,0.0,0.0,0.0,1.0,0.0,0.0,0.0,1.0,0.07575757575757576,0.2571428571428571,0.07462686567164178,CCN(CC(C)C)CC(O)CO,CC(Oc1cccc(C#N)c1)C(=O)NC(C)c1ccc2c(c1)OCCO2,CCN(CCO)CC(C)(C)CO,,1.0,1.0,1.0,
327,5668e4b021330f82a3da76090c58a37d765d5d7ca97abb616e0db99c7152aeab,O=C(NC1CC2CCC1C2)OCCl,O=C(NC1CC2CCC1C2)OCCl,Cc1cccc(S(=O)(=O)N2CCN(C3=CN4C=CC(C)N=C4N3)CC2)c1,CCOC(=O)NC1C2CCC(C2)C1Cl,CC(C)N1CCCC1C(=O)NCc1cnc(C(=O)[O-])c(F)c1,O=C(NC1CC2CCC1C2)OCCl,Cc1cccc(S(=O)(=O)N2CCN(C3=CN4C=CC(C)N=C4N3)CC2)c1,CCOC(=O)NC1C2CCC(C2)C1Cl,CC(C)N1CCCC1C(=O)NCc1cnc(C(=O)[O-])c(F)c1,1.0,0.0,0.0,0.0,1.0,0.0,0.0,0.0,1.0,0.05263157894736842,0.40476190476190477,0.12857142857142856,O=C(NC1CC2CCC1C2)OCCl,Cc1cccc(S(=O)(=O)N2CCN(C3=NC=CN4CC(C)N=C34)CC2)c1,CCOC(=O)NC1C2CCC(C2)C1Cl,,1.0,0.0,1.0,
5508,c1b5b0d76bcd688457fc68228be04ce40681fd21e6402bb7089e197dc04089c2,CC(C)NC(=O)CN1CC2CCN(C(=O)c3ccnnc3)C2C1,CC(C)NC(=O)CN1CC2CCN(C(=O)c3ccnnc3)C2C1,CCCCN(CCC)C(CCC)C(N)=S,CCCC(C)NC(=O)CN1CC2OCCN(C(=O)c3cnccn3)C2C1,CC(C)N1CCCC1C(=O)NCc1cnc(C(=O)[O-])c(F)c1,CC(C)NC(=O)CN1CC2CCN(C(=O)c3ccnnc3)C2C1,CCCCN(CCC)C(CCC)C(N)=S,CCCC(C)NC(=O)CN1CC2OCCN(C(=O)c3cnccn3)C2C1,CC(C)N1CCCC1C(=O)NCc1cnc(C(=O)[O-])c(F)c1,1.0,0.0,0.0,0.0,1.0,0.0,0.0,0.0,1.0,0.06944444444444445,0.39473684210526316,0.21951219512195122,CC(C)NC(=O)CN1CC2CCN(C(=O)c3ccnnc3)C2C1,CCCCN(CCCC)C(CC)C(N)=S,CCCC(C)NC(=O)CN1CC2OCCN(C(=O)c3cnccn3)C2C1,,1.0,0.0,1.0,
419,465dad85f5a70cf881977028ac09c1653f13a6f6f55b96a1436146002a9862f4,CC(CC(=O)NCC[NH2+]CCOC1CC1(F)F)n1cccc1,CC(CC(=O)NCC[NH2+]CCOC1CC1(F)F)n1cccc1,CCn1cnc2c1c(=O)n(CCC(=O)Nc1ccc(S(=O)(=O)N(C)CC)cc1)c(=O)n2C,CC[NH+](CCNC(=O)C1CC1(C)C)CCn1cccn1,CC(C)N1CCCC1C(=O)NCc1cnc(C(=O)[O-])c(F)c1,CC(CC(=O)NCC[NH2+]CCOC1CC1(F)F)n1cccc1,CCN(C)S(=O)(=O)c1ccc(NC(=O)CCn2c(=O)c3c(ncn3CC)n(C)c2=O)cc1,CC[NH+](CCNC(=O)C1CC1(C)C)CCn1cccn1,CC(C)N1CCCC1C(=O)NCc1cnc(C(=O)[O-])c(F)c1,1.0,0.0,0.0,0.0,1.0,0.0,0.0,0.0,1.0,0.09782608695652174,0.2361111111111111,0.1728395061728395,CC(CC(=O)NCC[NH2+]CCOC1CC1(F)F)n1cccc1,CCN(CC)S(=O)(=O)c1ccc(NC(=O)CCn2cnc3c2c(=O)n(C)c(=O)n3C)cc1,CC[NH+](CCNC(=O)C1CC1(C)C)CCn1cccn1,,1.0,0.0,1.0,
8689,3b48c39cfed1b17b8615af668a15450b101d9c68d073faaaa2fa17fe40588a1a,Cc1ccc(CN2CCC(NC(=O)C3CC3C(N)=O)C2=O)cc1,Cc1ccc(CN2CCC(NC(=O)C3CC3C(N)=O)C2=O)cc1,CC(Cc1ccsc1)NC(=O)C1=NOC(C[NH3+])C1,COC(=O)C1CC1C(=O)NC1CCN(Cc2ccc(C#N)cc2)C1=O,CC(C)N1CCCC1C(=O)NCc1cnc(C(=O)[O-])c(F)c1,Cc1ccc(CN2CCC(NC(=O)C3CC3C(N)=O)C2=O)cc1,CC(Cc1ccsc1)NC(=O)C1=NOC(C[NH3+])C1,COC(=O)C1CC1C(=O)NC1CCN(Cc2ccc(C#N)cc2)C1=O,CC(C)N1CCCC1C(=O)NCc1cnc(C(=O)[O-])c(F)c1,1.0,0.0,0.0,0.0,1.0,0.0,0.0,0.0,1.0,0.15,0.6206896551724138,0.20253164556962025,Cc1ccc(CN2CCC(NC(=O)C3CC3C(N)=O)C2=O)cc1,CC(Cc1ccsc1)NC(=O)C1=NOC(C[NH3+])C1,COC(=O)C1CC1C(=O)NC1CCN(Cc2ccc(C#N)cc2)C1=O,,1.0,1.0,1.0,
8753,8b8d64dff7373bd5e150c6c90104382354fbbf2056e5b88f4a42b4ed82febeaa,Fc1ccc(OC(F)(F)F)cc1Nc1cccnc1,Fc1ccc(OC(F)(F)F)cc1Nc1cccnc1,CC(C)(C)C1CC[NH+](Cc2cn(CC(N)=O)nn2)CC1O,Fc1ncccc1Nc1ccc(OC(F)(F)F)cc1,CC(C)N1CCCC1C(=O)NCc1cnc(C(=O)[O-])c(F)c1,Fc1ccc(OC(F)(F)F)cc1Nc1cccnc1,CC(C)(C)C1CC[NH+](Cc2cn(CC(N)=O)nn2)CC1O,Fc1ncccc1Nc1ccc(OC(F)(F)F)cc1,CC(C)N1CCCC1C(=O)NCc1cnc(C(=O)[O-])c(F)c1,1.0,0.0,0.0,0.0,1.0,0.0,0.0,0.0,1.0,0.05063291139240506,0.48936170212765956,0.11538461538461539,Fc1ccc(OC(F)(F)F)cc1Nc1cccnc1,CC(C)(C)C1CC[NH+](Cc2cn(CC(N)=O)nn2)CC1O,Fc1ncccc1Nc1ccc(OC(F)(F)F)cc1,,1.0,1.0,1.0,
1867,b0c7ce9a69ea80e68f965b7f8789e39303c851bb902bfdb83f6a789d0a9bdd9e,Cc1nc(C)c(C(=O)N2C(C(=O)[O-])CCC2c2ccccc2)[nH]1,Cc1nc(C)c(C(=O)N2C(C(=O)[O-])CCC2c2ccccc2)[nH]1,CCOC(=O)C1CCCCC1NC(=O)c1nccnc1SC,CC1Cc2c[nH]nc2C(C(=O)N(C)Cc2ccc(C(=O)[O-])cc2)C1,CC(C)N1CCCC1C(=O)NCc1cnc(C(=O)[O-])c(F)c1,Cc1nc(C)c(C(=O)N2C(C(=O)[O-])CCC2c2ccccc2)[nH]1,CCOC(=O)C1CCCCC1NC(=O)c1nccnc1SC,CC1Cc2c[nH]nc2C(C(=O)N(C)Cc2ccc(C(=O)[O-])cc2)C1,CC(C)N1CCCC1C(=O)NCc1cnc(C(=O)[O-])c(F)c1,1.0,0.0,0.0,0.0,1.0,0.0,0.0,0.0,1.0,0.14285714285714285,0.18181818181818182,0.17721518987341772,Cc1nc(C)c(C(=O)N2C(C(=O)[O-])CCC2c2ccccc2)[nH]1,CCOC(=O)C1CCCCC1NC(=O)c1nccnc1SC,CC1Cc2cn[nH]c2C(C(=O)N(C)Cc2ccc(C(=O)[O-])cc2)C1,,1.0,1.0,0.0,
6546,4be636541d86a9125a74698c0a7f58cab4ec8e8629e92eac2d0cde5d9dbe05fa,CN1CCOC(COCc2nc(-c3ccccc3)cs2)C1=O,CN1CCOC(COCc2nc(-c3ccccc3)cs2)C1=O,NC(=S)c1ccc(Nc2ccccc2I)cn1,COCCOC1CCN(C(=O)Cc2csc(-c3ccccc3)n2)C1,CC(C)N1CCCC1C(=O)NCc1cnc(C(=O)[O-])c(F)c1,CN1CCOC(COCc2nc(-c3ccccc3)cs2)C1=O,NC(=S)c1ccc(Nc2ccccc2I)cn1,COCCOC1CCN(C(=O)Cc2csc(-c3ccccc3)n2)C1,CC(C)N1CCCC1C(=O)NCc1cnc(C(=O)[O-])c(F)c1,1.0,0.0,0.0,0.0,1.0,0.0,0.0,0.0,1.0,0.07792207792207792,0.26582278481012656,0.11235955056179775,CN1CCOC(COCc2nc(-c3ccccc3)cs2)C1=O,NC(=S)c1ccc(Nc2ccccc2I)cn1,COCCOC1CCN(C(=O)Cc2csc(-c3ccccc3)n2)C1,,1.0,1.0,1.0,
271,761f06f84930d6065f405c500f0d0e15724a2e1c61b037801751104d5194ce75,Cc1cccc(C2C(=O)NCCN2C(=O)NCC2=CCCC2)c1,Cc1cccc(C2C(=O)NCCN2C(=O)NCC2=CCCC2)c1,CC(C)(C)CC(=O)N1CCC2(CC1)OCC(C(=O)O)N2Cc1ccccc1,O=C([O-])C1c2ccccc2CCN1C(=O)NCC1=CCCC1,CC(C)N1CCCC1C(=O)NCc1cnc(C(=O)[O-])c(F)c1,Cc1cccc(C2C(=O)NCCN2C(=O)NCC2=CCCC2)c1,CC(C)(C)CC(=O)N1CCC2(CC1)OCC(C(=O)O)N2Cc1ccccc1,O=C([O-])C1c2ccccc2CCN1C(=O)NCC1=CCCC1,CC(C)N1CCCC1C(=O)NCc1cnc(C(=O)[O-])c(F)c1,1.0,0.0,0.0,0.0,1.0,0.0,0.0,0.0,1.0,0.15294117647058825,0.4411764705882353,0.18604651162790697,Cc1cccc(C2C(=O)NCCN2C(=O)NCC2=CCCC2)c1,CC(C)(C)CC(=O)N1C(C(=O)O)COC12CCN(Cc1ccccc1)CC2,O=C([O-])C1c2ccccc2CCN1C(=O)NCC1=CCCC1,,1.0,0.0,1.0,
6036,4333314bbca45f2f7d3bb6c9c4abfd5ef38721bdfd47f44ea31b0c1730f3b0b5,CC(C)C(C)NC(=O)CC1CC2CCC1C2,CC(C)C(C)NC(=O)CC1CC2CCC1C2,CCOC(=O)C1(NCC#Cc2ccc(F)cc2)CCc2ccccc21,CC(C)NC(=O)CC1CC2CCC1C2,CC(C)N1CCCC1C(=O)NCc1cnc(C(=O)[O-])c(F)c1,CC(C)C(C)NC(=O)CC1CC2CCC1C2,CCOC(=O)C1(NCC#Cc2ccc(F)cc2)CCc2ccccc21,CC(C)NC(=O)CC1CC2CCC1C2,CC(C)N1CCCC1C(=O)NCc1cnc(C(=O)[O-])c(F)c1,1.0,0.0,0.0,0.0,1.0,0.0,0.0,0.0,1.0,0.0945945945945946,0.7714285714285715,0.17142857142857143,CC(C)C(C)NC(=O)CC1CC2CCC1C2,CCOC(=O)C1(NCC#Cc2ccc(F)cc2)CCc2ccccc21,CC(C)NC(=O)CC1CC2CCC1C2,,1.0,1.0,1.0,
9163,99cff21ae2bc5068986965bbe02c6d3141b0120c0d55f11728f8617f914288d3,CCC1CCCC(NC(=O)c2cncc(NC)n2)C1,CCC1CCCC(NC(=O)c2cncc(NC)n2)C1,Fc1cc(Cl)ccc1CNc1cc[nH+]c(N2CCCC2)n1,CCC1CCCC(NC(=O)c2cnc(NC)cn2)C1,CC(C)N1CCCC1C(=O)NCc1cnc(C(=O)[O-])c(F)c1,CCC1CCCC(NC(=O)c2cncc(NC)n2)C1,Fc1cc(Cl)ccc1CNc1cc[nH+]c(N2CCCC2)n1,CCC1CCCC(NC(=O)c2cnc(NC)cn2)C1,CC(C)N1CCCC1C(=O)NCc1cnc(C(=O)[O-])c(F)c1,1.0,0.0,0.0,0.0,1.0,0.0,0.0,0.0,1.0,0.11538461538461539,0.7,0.17721518987341772,CCC1CCCC(NC(=O)c2cncc(NC)n2)C1,Fc1cc(Cl)ccc1CNc1nc(N2CCCC2)cc[nH+]1,CCC1CCCC(NC(=O)c2cnc(NC)cn2)C1,,1.0,0.0,1.0,
2976,c15de6a847aaa0160b8194c176f4558ee56af7204a1d61a7a0ecb85c580602e1,NC(=S)c1ccc(Nc2ccccc2I)cn1,NC(=S)c1ccc(Nc2ccccc2I)cn1,CC(NC(=O)C1CCC(=O)N1)C(=O)N1CCCC1(C(=O)OCc1ccccc1)c1ccccn1,NC(=S)c1c(Br)cccc1Nc1cccnc1,CC(C)N1CCCC1C(=O)NCc1cnc(C(=O)[O-])c(F)c1,NC(=S)c1ccc(Nc2ccccc2I)cn1,CC(NC(=O)C1CCC(=O)N1)C(=O)N1CCCC1(C(=O)OCc1ccccc1)c1ccccn1,NC(=S)c1c(Br)cccc1Nc1cccnc1,CC(C)N1CCCC1C(=O)NCc1cnc(C(=O)[O-])c(F)c1,1.0,0.0,0.0,0.0,1.0,0.0,0.0,0.0,1.0,0.09782608695652174,0.37254901960784315,0.09090909090909091,NC(=S)c1ccc(Nc2ccccc2I)cn1,CC(NC(=O)C1CCC(=O)N1)C(=O)N1CCCC1(C(=O)OCc1ccccc1)c1ccccn1,NC(=S)c1c(Br)cccc1Nc1cccnc1,,1.0,1.0,1.0,
1226,fa39368278c740af2561d03f560d01a9e60c131e0a7af346b12fa751762066fb,Cc1ccc(C(=O)N2CC3CC2C[NH+]3CC2CCC2)nc1C,Cc1ccc(C(=O)N2CC3CC2C[NH+]3CC2CCC2)nc1C,COC(=O)c1nc(Nc2cc(OC)c(OC)c(OC)c2)ccc1OC,Cc1cc(C(=O)N2CCC3CC[NH+](CCC4CC4)C3C2)c(C)nn1,CC(C)N1CCCC1C(=O)NCc1cnc(C(=O)[O-])c(F)c1,Cc1ccc(C(=O)N2CC3CC2C[NH+]3CC2CCC2)nc1C,COC(=O)c1nc(Nc2cc(OC)c(OC)c(OC)c2)ccc1OC,Cc1cc(C(=O)N2CCC3CC[NH+](CCC4CC4)C3C2)c(C)nn1,CC(C)N1CCCC1C(=O)NCc1cnc(C(=O)[O-])c(F)c1,1.0,0.0,0.0,0.0,1.0,0.0,0.0,0.0,1.0,0.12162162162162163,0.24358974358974358,0.15476190476190477,Cc1ccc(C(=O)N2CC3CC2C[NH+]3CC2CCC2)nc1C,COC(=O)c1nc(OC)ccc1Nc1cc(OC)c(OC)c(OC)c1,Cc1cc(C(=O)N2CCC3CC[NH+](CCC4CC4)C3C2)c(C)nn1,,1.0,0.0,1.0,
3407,1e925a3182d04c52db16bc9f07275fba64b904c6d049d9e7f1128b890a830882,COc1ccccc1CC(=O)NC1CCN(C2CCNC2=O)CC1,COc1ccccc1CC(=O)NC1CCN(C2CCNC2=O)CC1,Nc1nc2nc3c(ncn3n2)n(Cc2ccc(O)c(O)c2)c1nc1ccco1,O=C(CC1CCC1)NC1CN(CC(=O)N2CCc3ccccc32)CC1O,CC(C)N1CCCC1C(=O)NCc1cnc(C(=O)[O-])c(F)c1,COc1ccccc1CC(=O)NC1CCN(C2CCNC2=O)CC1,,O=C(CC1CCC1)NC1CN(CC(=O)N2CCc3ccccc32)CC1O,CC(C)N1CCCC1C(=O)NCc1cnc(C(=O)[O-])c(F)c1,1.0,0.0,0.0,0.0,1.0,0.0,0.0,0.0,1.0,0.0,0.2222222222222222,0.16666666666666666,COc1ccccc1CC(=O)NC1CCN(C2CCNC2=O)CC1,Nc1nc2nn(-c3ccco3)nc2c2nc(CCc3ccc(O)c(O)c3)nn12,O=C(CC1CCC1)NC1CN(CC(=O)N2CCc3ccccc32)CC1O,,1.0,0.0,1.0,
9644,e97de4de415928f9dfe507c52f764165c3eedaaee32385502eecdee7e1ac6bd6,CC(C)C(NCCSc1ccc(F)cc1F)c1nc(C2CC2)no1,CC(C)C(NCCSc1ccc(F)cc1F)c1nc(C2CC2)no1,Cn1cnc(C=CC(=O)NC2C(C)(C)C2(C)C)c1,CSc1cc(F)ccc1NCc1nnc(C2CC2)o1,CC(C)N1CCCC1C(=O)NCc1cnc(C(=O)[O-])c(F)c1,CC(C)C(NCCSc1ccc(F)cc1F)c1nc(C2CC2)no1,Cn1cnc(C=CC(=O)NC2C(C)(C)C2(C)C)c1,CSc1cc(F)ccc1NCc1nnc(C2CC2)o1,CC(C)N1CCCC1C(=O)NCc1cnc(C(=O)[O-])c(F)c1,1.0,0.0,0.0,0.0,1.0,0.0,0.0,0.0,1.0,0.07407407407407407,0.2876712328767123,0.1744186046511628,CC(C)C(NCCSc1ccc(F)cc1F)c1nc(C2CC2)no1,Cn1cnc(C=CC(=O)NC2C(C)(C)C2(C)C)c1,CSc1cc(F)ccc1NCc1nnc(C2CC2)o1,,1.0,1.0,1.0,
5859,3e4a56197917a9ed6b2579b640a2f00b7b784baeb9ebd265bb3a3d0e0adb08fe,CC(C)CCN(CCC(C)(NC1CC1)C(=O)O)C1CC1,CC(C)CCN(CCC(C)(NC1CC1)C(=O)O)C1CC1,CCn1nc(C)c(CC(=O)NC2(C)CC[NH+](CCCF)C2)c1C,CCCCN(CCC(NC1CC1)C(=O)O)C1CC1,CC(C)N1CCCC1C(=O)NCc1cnc(C(=O)[O-])c(F)c1,CC(C)CCN(CCC(C)(NC1CC1)C(=O)O)C1CC1,CCn1nc(C)c(CC(=O)NC2(C)CC[NH+](CCCF)C2)c1C,CCCCN(CCC(NC1CC1)C(=O)O)C1CC1,CC(C)N1CCCC1C(=O)NCc1cnc(C(=O)[O-])c(F)c1,1.0,0.0,0.0,0.0,1.0,0.0,0.0,0.0,1.0,0.1,0.4230769230769231,0.14285714285714285,CC(C)CCN(CCC(C)(NC1CC1)C(=O)O)C1CC1,CCn1nc(C)c(CC(=O)NC2(C)CC[NH+](CCCF)C2)c1C,CCCCN(CCC(NC1CC1)C(=O)O)C1CC1,,1.0,1.0,1.0,
8521,b322039f8343bfe5670fea2c8275732ae58bb3f487c0fd9f5445367a1979f780,CN(C)C(CNC(=O)C(=O)NCc1nnn(C)n1)c1cccs1,CN(C)C(CNC(=O)C(=O)NCc1nnn(C)n1)c1cccs1,C#CCNS(=O)(=O)N1CCN(CC(=O)N(C)CC(=O)Nc2cccc(OC)c2)CC1,COC(=O)C(C)(Cn1cccn1)NC(=O)c1nnc(C)s1,CC(C)N1CCCC1C(=O)NCc1cnc(C(=O)[O-])c(F)c1,CN(C)C(CNC(=O)C(=O)NCc1nnn(C)n1)c1cccs1,C#CCNS(=O)(=O)N1CCN(CC(=O)N(C)CC(=O)Nc2cccc(OC)c2)CC1,COC(=O)C(C)(Cn1cccn1)NC(=O)c1nnc(C)s1,CC(C)N1CCCC1C(=O)NCc1cnc(C(=O)[O-])c(F)c1,1.0,0.0,0.0,0.0,1.0,0.0,0.0,0.0,1.0,0.14285714285714285,0.16455696202531644,0.15476190476190477,CN(C)C(CNC(=O)C(=O)NCc1nnn(C)n1)c1cccs1,C#CCNS(=O)(=O)N1CCN(CC(=O)N(C)CC(=O)Nc2cccc(OC)c2)CC1,COC(=O)C(C)(Cn1cccn1)NC(=O)c1nnc(C)s1,,1.0,1.0,1.0,
8413,0f2595e8ad60238809bd7b62938d167f82d3b735be2ad74177c04e7db6fc1f0b,CC1CC(C[NH2+]CCCNC(=O)c2ccc(C3CC3)s2)CCO1,CC1CC(C[NH2+]CCCNC(=O)c2ccc(C3CC3)s2)CCO1,Cc1cc(NC(=O)c2c(C)c(C(=O)C(=O)NC3CCC(O)(C)CC3)n(C3CC3)c2C)ccc1F,CCC1CC(CC(=O)NCC[NH2+]Cc2sccc2Cl)CCO1,CC(C)N1CCCC1C(=O)NCc1cnc(C(=O)[O-])c(F)c1,CC1CC(C[NH2+]CCCNC(=O)c2ccc(C3CC3)s2)CCO1,Cc1cc(NC(=O)c2c(C)c(C(=O)C(=O)NC3CCC(C)(O)CC3)n(C3CC3)c2C)ccc1F,CCC1CC(CC(=O)NCC[NH2+]Cc2sccc2Cl)CCO1,CC(C)N1CCCC1C(=O)NCc1cnc(C(=O)[O-])c(F)c1,1.0,0.0,0.0,0.0,1.0,0.0,0.0,0.0,1.0,0.12631578947368421,0.32051282051282054,0.13793103448275862,CC1CC(C[NH2+]CCCNC(=O)c2ccc(C3CC3)s2)CCO1,Cc1cc(NC(=O)c2c(C)c(C(=O)C(=O)NC3(C)CCC(O)CC3)n(C)c2C2CC2)ccc1F,CCC1CC(CC(=O)NCC[NH2+]Cc2sccc2Cl)CCO1,,1.0,0.0,1.0,
1380,74e2a45c8a1f0e48b9ab26eeabbb4687a0b1a803a2044cbbeed853983e3ef96a,O=C(CN1CCCC1C(=O)NCc1ccccc1)NC1CCCC1,O=C(CN1CCCC1C(=O)NCc1ccccc1)NC1CCCC1,CC1C[NH+](Cc2ccc(C3CC3)cc2)CC1CNC(=O)C12COCC1C2,CC(NC(=O)NC1CCN(C(=O)Cc2ccccc2)C1)C1CCCCO1,CC(C)N1CCCC1C(=O)NCc1cnc(C(=O)[O-])c(F)c1,O=C(CN1CCCC1C(=O)NCc1ccccc1)NC1CCCC1,CC1C[NH+](Cc2ccc(C3CC3)cc2)CC1CNC(=O)C12COCC1C2,CC(NC(=O)NC1CCN(C(=O)Cc2ccccc2)C1)C1CCCCO1,CC(C)N1CCCC1C(=O)NCc1cnc(C(=O)[O-])c(F)c1,1.0,0.0,0.0,0.0,1.0,0.0,0.0,0.0,1.0,0.15853658536585366,0.2972972972972973,0.32857142857142857,O=C(CN1CCCC1C(=O)NCc1ccccc1)NC1CCCC1,CC1C[NH+](Cc2ccc(C3CC3)cc2)CC1CNC(=O)C12COCC1C2,CC(NC(=O)NC1CCN(C(=O)Cc2ccccc2)C1)C1CCCCO1,,1.0,1.0,1.0,
5491,3f086bc46562ad2bbc934ef3d8ca57bccaa57bdc2989629d671e322e6ccdcb91,Cc1ccc2[nH]c(C3CCN(C(=O)CCl)CC3)c(C)c2c1,Cc1ccc2[nH]c(C3CCN(C(=O)CCl)CC3)c(C)c2c1,CCC(C(=O)NCC[NH+](Cc1cnn(C(C)(C)C)c1)C1CC1)OC,CCCCC(=O)N1CCC(c2cc3cc(Cl)ccc3[nH]2)CC1,CC(C)N1CCCC1C(=O)NCc1cnc(C(=O)[O-])c(F)c1,Cc1ccc2[nH]c(C3CCN(C(=O)CCl)CC3)c(C)c2c1,CCC(OC)C(=O)NCC[NH+](Cc1cnn(C(C)(C)C)c1)C1CC1,CCCCC(=O)N1CCC(c2cc3cc(Cl)ccc3[nH]2)CC1,CC(C)N1CCCC1C(=O)NCc1cnc(C(=O)[O-])c(F)c1,1.0,0.0,0.0,0.0,1.0,0.0,0.0,0.0,1.0,0.14457831325301204,0.390625,0.1625,Cc1ccc2[nH]c(C3CCN(C(=O)CCl)CC3)c(C)c2c1,CCC(OC)C(=O)NCC[NH+](Cc1cnn(C(C)(C)C)c1)C1CC1,CCCCC(=O)N1CCC(c2cc3cc(Cl)ccc3[nH]2)CC1,,1.0,1.0,1.0,
6566,dab9012ff39cfb8cf707a8cca7b4e799756aa780dd2ef291b46b8e42e08f50ca,CC(C)C(O)C(C)(C)CNC(=O)C12CCC(CC1)C2,CC(C)C(O)C(C)(C)CNC(=O)C12CCC(CC1)C2,CC(=O)NC1=NC(c2ccccn2)=NC12CCCCC2,CC(CC(C)(C)O)NC(=O)C12CCC(CC1)C2,CC(C)N1CCCC1C(=O)NCc1cnc(C(=O)[O-])c(F)c1,CC(C)C(O)C(C)(C)CNC(=O)C12CCC(CC1)C2,CC(=O)NC1=NC(c2ccccn2)=NC12CCCCC2,CC(CC(C)(C)O)NC(=O)C12CCC(CC1)C2,CC(C)N1CCCC1C(=O)NCc1cnc(C(=O)[O-])c(F)c1,1.0,0.0,0.0,0.0,1.0,0.0,0.0,0.0,1.0,0.1323529411764706,0.5333333333333333,0.1780821917808219,CC(C)C(O)C(C)(C)CNC(=O)C12CCC(CC1)C2,CC(=O)NC1=NC(c2ccccn2)=NC12CCCCC2,CC(CC(C)(C)O)NC(=O)C12CCC(CC1)C2,,1.0,1.0,1.0,
8924,11a9c0daa0e52625191cc13bbea1ac388ed6dc4c0dfbd7787d0c8f6a2aa573e5,Cc1nn(C)cc1C(=O)NC(C)C1CN(Cc2ccsc2)C1,Cc1nn(C)cc1C(=O)NC(C)C1CN(Cc2ccsc2)C1,O=C(Nc1cccc(S(=O)(=O)N2CCOCC2)c1)C1CC12CCCC2,CCc1c(C(=O)NC(C)C2CN(Cc3ccsc3)C2)cnn1C,CC(C)N1CCCC1C(=O)NCc1cnc(C(=O)[O-])c(F)c1,Cc1nn(C)cc1C(=O)NC(C)C1CN(Cc2ccsc2)C1,O=C(Nc1cccc(S(=O)(=O)N2CCOCC2)c1)C1CC12CCCC2,CCc1c(C(=O)NC(C)C2CN(Cc3ccsc3)C2)cnn1C,CC(C)N1CCCC1C(=O)NCc1cnc(C(=O)[O-])c(F)c1,1.0,0.0,0.0,0.0,1.0,0.0,0.0,0.0,1.0,0.12790697674418605,0.6612903225806451,0.17647058823529413,Cc1nn(C)cc1C(=O)NC(C)C1CN(Cc2ccsc2)C1,O=C(Nc1cccc(S(=O)(=O)N2CCOCC2)c1)C1CC12CCCC2,CCc1c(C(=O)NC(C)C2CN(Cc3ccsc3)C2)cnn1C,,1.0,1.0,1.0,
3133,b7fa4ea7d85db7cd6bbe8363e43f43484959bc9ad86f68d6c865b3c39226d608,O=C(Cn1nnc2ccccc21)NN1C(=O)CSC1c1ccc(Cl)cc1,O=C(Cn1nnc2ccccc21)NN1C(=O)CSC1c1ccc(Cl)cc1,CCc1ccc(O)cc1NC(=O)Nc1ccc2c(c1)NC(=O)CC2,O=C(Cn1nnc2ccccc21)NN1C(=O)CSC1c1ccc(Br)cc1,CC(C)N1CCCC1C(=O)NCc1cnc(C(=O)[O-])c(F)c1,O=C(Cn1nnc2ccccc21)NN1C(=O)CSC1c1ccc(Cl)cc1,CCc1ccc(O)cc1NC(=O)Nc1ccc2c(c1)NC(=O)CC2,O=C(Cn1nnc2ccccc21)NN1C(=O)CSC1c1ccc(Br)cc1,CC(C)N1CCCC1C(=O)NCc1cnc(C(=O)[O-])c(F)c1,1.0,0.0,0.0,0.0,1.0,0.0,0.0,0.0,1.0,0.11363636363636363,0.8245614035087719,0.12087912087912088,O=C(Cn1nnc2ccccc21)NN1C(=O)CSC1c1ccc(Cl)cc1,CCc1cc(O)ccc1NC(=O)Nc1ccc2c(c1)NC(=O)CC2,O=C(Cn1nnc2ccccc21)NN1C(=O)CSC1c1ccc(Br)cc1,,1.0,0.0,1.0,
7899,d6d72b2d2fbd008a96465e464fb73bee38b420574d4d0ecc4e73b48348437ba4,CC(C)(C)NC(=O)c1ccc(Nc2ccc(Br)nc2)cc1,CC(C)(C)NC(=O)c1ccc(Nc2ccc(Br)nc2)cc1,O=S(=O)(CC1CCC1)Oc1ccc(Br)cc1Cl,CC(C)(C)NC(=O)c1ccc(Nc2ccccc2Br)cn1,CC(C)N1CCCC1C(=O)NCc1cnc(C(=O)[O-])c(F)c1,CC(C)(C)NC(=O)c1ccc(Nc2ccc(Br)nc2)cc1,O=S(=O)(CC1CCC1)Oc1ccc(Br)cc1Cl,CC(C)(C)NC(=O)c1ccc(Nc2ccccc2Br)cn1,CC(C)N1CCCC1C(=O)NCc1cnc(C(=O)[O-])c(F)c1,1.0,0.0,0.0,0.0,1.0,0.0,0.0,0.0,1.0,0.09230769230769231,0.5102040816326531,0.14864864864864866,CC(C)(C)NC(=O)c1ccc(Nc2ccc(Br)nc2)cc1,O=S(=O)(CC1CCC1)Oc1ccc(Br)cc1Cl,CC(C)(C)NC(=O)c1ccc(Nc2ccccc2Br)cn1,,1.0,1.0,1.0,
2542,c1ebd26c0b26fdeb8a21c46ea61b0cd6e49fb6423f057bd71ca46f7c1fe3aa2d,O=S(=O)(NCCc1ccc(Br)s1)C1CCNC1,O=S(=O)(NCCc1ccc(Br)s1)C1CCNC1,O=C(CSc1ccc([N+](=O)[O-])cc1)N1CCC2C[NH2+]CC2CC1,CNCc1csc(S(=O)(=O)NCC2CC2)c1,CC(C)N1CCCC1C(=O)NCc1cnc(C(=O)[O-])c(F)c1,O=S(=O)(NCCc1ccc(Br)s1)C1CCNC1,O=C(CSc1ccc([N+](=O)[O-])cc1)N1CCC2C[NH2+]CC2CC1,CNCc1csc(S(=O)(=O)NCC2CC2)c1,CC(C)N1CCCC1C(=O)NCc1cnc(C(=O)[O-])c(F)c1,1.0,0.0,0.0,0.0,1.0,0.0,0.0,0.0,1.0,0.10810810810810811,0.1875,0.0975609756097561,O=S(=O)(NCCc1ccc(Br)s1)C1CCNC1,O=C(CSc1ccc([N+](=O)[O-])cc1)N1CCC2C[NH2+]CC2CC1,CNCc1cc(S(=O)(=O)NCC2CC2)cs1,,1.0,1.0,0.0,
8190,da97f5648c9112e96e6f5e609b66950d9eff7bd419556da849199a9480d70b2d,COc1cncc(C(=O)NC2CCCCC2OC)n1,COc1cncc(C(=O)NC2CCCCC2OC)n1,CC1CCN(C(=O)OC2CCOC2)CCO1,CCSC1CCCCC1NC(=O)c1cncc(OC)n1,CC(C)N1CCCC1C(=O)NCc1cnc(C(=O)[O-])c(F)c1,COc1cncc(C(=O)NC2CCCCC2OC)n1,CC1CCN(C(=O)OC2CCOC2)CCO1,CCSC1CCCCC1NC(=O)c1cncc(OC)n1,CC(C)N1CCCC1C(=O)NCc1cnc(C(=O)[O-])c(F)c1,1.0,0.0,0.0,0.0,1.0,0.0,0.0,0.0,1.0,0.11940298507462686,0.6666666666666666,0.18421052631578946,COc1cncc(C(=O)NC2CCCCC2OC)n1,CC1CCN(C(=O)OC2CCOC2)CCO1,CCSC1CCCCC1NC(=O)c1cncc(OC)n1,,1.0,1.0,1.0,
8957,d53251efc0ec02032627eb6d3ef0ba2ba58b666721b8a9a4880e781eac46e0af,O=C1CC2CC1C(C(=O)N(CCc1ccccn1)Cc1ccncc1)C2,O=C(C1CC2CC(=O)C1C2)N(CCc1ccccn1)Cc1ccncc1,COC1CCC(CCCNC(=O)NC2CC2C(C)C)CC1,O=C(C1CCC1c1ccccc1)N1CC(F)(CNCc2ncccn2)C1,CC(C)N1CCCC1C(=O)NCc1cnc(C(=O)[O-])c(F)c1,O=C1CC2CC1C(C(=O)N(CCc1ccccn1)Cc1ccncc1)C2,COC1CCC(CCCNC(=O)NC2CC2C(C)C)CC1,O=C(C1CCC1c1ccccc1)N1CC(F)(CNCc2ncccn2)C1,CC(C)N1CCCC1C(=O)NCc1cnc(C(=O)[O-])c(F)c1,1.0,0.0,0.0,0.0,1.0,0.0,0.0,0.0,1.0,0.08235294117647059,0.22784810126582278,0.1348314606741573,O=C1CC2CC1C(C(=O)N(CCc1ccccn1)Cc1ccncc1)C2,COC1CCC(CCNC(=O)NC2CC2CC(C)C)CC1,O=C(N1CC(NCc2ncccn2)C(c2ccccc2)C1)C1(CCF)CC1,,1.0,0.0,0.0,
9818,589bb9ddbe784a94c699be2f40ae4ae6059423af456151ea8322f9478ca59061,CCN(C(=O)c1c[n-]c2cc(OC)ccc2c1=O)C(C)C,CCN(C(=O)c1c[n-]c2cc(OC)ccc2c1=O)C(C)C,CC(OC(=O)c1cc2c(s1)CCC2)C(=O)Nc1sccc1C#N,COCC(C)N(C)C(=O)c1c[n-]c2cc(OC)ccc2c1=O,CC(C)N1CCCC1C(=O)NCc1cnc(C(=O)[O-])c(F)c1,CCN(C(=O)c1c[n-]c2cc(OC)ccc2c1=O)C(C)C,CC(OC(=O)c1cc2c(s1)CCC2)C(=O)Nc1sccc1C#N,COCC(C)N(C)C(=O)c1c[n-]c2cc(OC)ccc2c1=O,CC(C)N1CCCC1C(=O)NCc1cnc(C(=O)[O-])c(F)c1,1.0,0.0,0.0,0.0,1.0,0.0,0.0,0.0,1.0,0.12941176470588237,0.6666666666666666,0.13253012048192772,CCN(C(=O)c1c[n-]c2cc(OC)ccc2c1=O)C(C)C,CC(OC(=O)c1cc2c(s1)CCC2)C(=O)Nc1sccc1C#N,COCC(C)N(C)C(=O)c1c[n-]c2cc(OC)ccc2c1=O,,1.0,1.0,1.0,
7212,3d480e3e8d97b67379e8e2383d271dc82091a0bbba4b61bdc0bfaff1212ef0bc,CC(C)c1cc(C(=O)N(C)CC2CC[NH+]2CCCF)nn1C,CC(C)c1cc(C(=O)N(C)CC2CC[NH+]2CCCF)nn1C,N#CC1(CCCl)CC2CCC1C2,Cc1cn(C)nc1C(=O)N(C)CC1CC[NH+]1CCC(C)F,CC(C)N1CCCC1C(=O)NCc1cnc(C(=O)[O-])c(F)c1,CC(C)c1cc(C(=O)N(C)CC2CC[NH+]2CCCF)nn1C,N#CC1(CCCl)CC2CCC1C2,Cc1cn(C)nc1C(=O)N(C)CC1CC[NH+]1CCC(C)F,CC(C)N1CCCC1C(=O)NCc1cnc(C(=O)[O-])c(F)c1,1.0,0.0,0.0,0.0,1.0,0.0,0.0,0.0,1.0,0.0684931506849315,0.5,0.19047619047619047,CC(C)c1cc(C(=O)N(C)CC2CC[NH+]2CCCF)nn1C,N#CC1(CCCl)CC2CCC1C2,Cc1cn(C)nc1C(=O)N(C)CC1CC[NH+]1CCC(C)F,,1.0,1.0,1.0,
110,790193d8769b6fcaf350c2517438baf3591ad2f8ce50de3b7fff16d016196857,CCc1cnccc1C(=O)NCC1CN(CCO)CCO1,CCc1cnccc1C(=O)NCC1CN(CCO)CCO1,C[NH+](CC(=O)[N-]S(=O)(=O)c1cnc2n1CCC2)C1CCSC1,CCCc1cc(C(=O)NCC2CN(CC(C)O)CCO2)ccn1,CC(C)N1CCCC1C(=O)NCc1cnc(C(=O)[O-])c(F)c1,CCc1cnccc1C(=O)NCC1CN(CCO)CCO1,C[NH+](CC(=O)[N-]S(=O)(=O)c1cnc2n1CCC2)C1CCSC1,CCCc1cc(C(=O)NCC2CN(CC(C)O)CCO2)ccn1,CC(C)N1CCCC1C(=O)NCc1cnc(C(=O)[O-])c(F)c1,1.0,0.0,0.0,0.0,1.0,0.0,0.0,0.0,1.0,0.17045454545454544,0.4383561643835616,0.17647058823529413,CCc1cnccc1C(=O)NCC1CN(CCO)CCO1,C[NH+](CC(=O)[N-]S(=O)(=O)c1cnc2n1CCC2)C1CCSC1,CCCc1cc(C(=O)NCC2CN(CC(C)O)CCO2)ccn1,,1.0,1.0,1.0,
9245,15f5b18eac3395e927b47bd8c52379d3716b177d7e62e0c1f3fe1c356eed654d,C[NH+]1CCCCC1C(=O)N1CCOCC1C1CCCCC1=O,C[NH+]1CCCCC1C(=O)N1CCOCC1C1CCCCC1=O,Cc1cn2nc(N3CCCO3)sc2n1,CCC[NH+]1CCCC(C(=O)N2CCOC(C3CCCO3)C2)C1,CC(C)N1CCCC1C(=O)NCc1cnc(C(=O)[O-])c(F)c1,C[NH+]1CCCCC1C(=O)N1CCOCC1C1CCCCC1=O,Cc1cn2nc(N3CCCO3)sc2n1,CCC[NH+]1CCCC(C(=O)N2CCOC(C3CCCO3)C2)C1,CC(C)N1CCCC1C(=O)NCc1cnc(C(=O)[O-])c(F)c1,1.0,0.0,0.0,0.0,1.0,0.0,0.0,0.0,1.0,0.12857142857142856,0.2,0.14457831325301204,C[NH+]1CCCCC1C(=O)N1CCOCC1C1CCCCC1=O,Cc1cn2nc(N3CCCO3)sc2n1,CCC[NH+]1CCCC(C(=O)N2CCOC(C3CCCO3)C2)C1,,1.0,1.0,1.0,
3892,ea03732535305d4f8041e12e1106e87dd8e64268a1e1a4cc46df17f419bee271,O=c1[nH]c2ccc(F)cc2c(=O)n1C1CCN(S(=O)(=O)c2ccc3c(c2)CCO3)CC1,O=c1[nH]c2ccc(F)cc2c(=O)n1C1CCN(S(=O)(=O)c2ccc3c(c2)CCO3)CC1,COC(C)CN1C(=O)CNC(=O)C1C,Cc1cc(F)ccc1S(=O)(=O)N1CCCc2cc(-c3nn[nH]n3)ccc21,CC(C)N1CCCC1C(=O)NCc1cnc(C(=O)[O-])c(F)c1,O=c1[nH]c2ccc(F)cc2c(=O)n1C1CCN(S(=O)(=O)c2ccc3c(c2)CCO3)CC1,COC(C)CN1C(=O)CNC(=O)C1C,Cc1cc(F)ccc1S(=O)(=O)N1CCCc2cc(-c3nn[nH]n3)ccc21,CC(C)N1CCCC1C(=O)NCc1cnc(C(=O)[O-])c(F)c1,1.0,0.0,0.0,0.0,1.0,0.0,0.0,0.0,1.0,0.08536585365853659,0.2087912087912088,0.12631578947368421,O=c1[nH]c2ccc(F)cc2c(=O)n1C1CCN(S(=O)(=O)c2ccc3c(c2)CCO3)CC1,COC(C)CN1CC(=O)NC(C)C1=O,Cc1cc(-c2nn[nH]n2)ccc1S(=O)(=O)N1CCCc2ccc(F)cc21,,1.0,0.0,0.0,
1411,51017abc20cf2f9319c11f5b490c13912e3d234f2582bc66a1bd8576d15be8d5,CN1CC(=O)N(CC(=O)NC(C)(C)CC2CCCCCC2)C1=O,CN1CC(=O)N(CC(=O)NC(C)(C)CC2CCCCCC2)C1=O,COc1ccc(CN2CCN(C(=O)c3cnccn3)CC2)cc1F,COC(=O)C(CNC(=O)CN1C(=O)CN(C)C1=O)C1CCCCCC1,CC(C)N1CCCC1C(=O)NCc1cnc(C(=O)[O-])c(F)c1,CN1CC(=O)N(CC(=O)NC(C)(C)CC2CCCCCC2)C1=O,COc1ccc(CN2CCN(C(=O)c3cnccn3)CC2)cc1F,COC(=O)C(CNC(=O)CN1C(=O)CN(C)C1=O)C1CCCCCC1,CC(C)N1CCCC1C(=O)NCc1cnc(C(=O)[O-])c(F)c1,1.0,0.0,0.0,0.0,1.0,0.0,0.0,0.0,1.0,0.0975609756097561,0.5087719298245614,0.16666666666666666,CN1CC(=O)N(CC(=O)NC(C)(C)CC2CCCCCC2)C1=O,COc1ccc(CN2CCN(C(=O)c3cnccn3)CC2)cc1F,COC(=O)C(CNC(=O)CN1C(=O)CN(C)C1=O)C1CCCCCC1,,1.0,1.0,1.0,
3696,a02919c546fbeba080a0e8da1611a8df278ade062369ce78690dab99a1c07e8c,CCC=CCC[NH+]1CC2CCCC2(NC(=O)CCN2CCCC2=O)C1,CCC=CCC[NH+]1CC2CCCC2(NC(=O)CCN2CCCC2=O)C1,CCSCCC(C)NC(=O)Nc1cc(C)nn1-c1nc(C)cc(C)n1,C=CCC[NH+]1CC2CCCC2(NC(=O)CCN2CCCC2=O)C1,CC(C)N1CCCC1C(=O)NCc1cnc(C(=O)[O-])c(F)c1,CCC=CCC[NH+]1CC2CCCC2(NC(=O)CCN2CCCC2=O)C1,CCSCCC(C)NC(=O)Nc1cc(C)nn1-c1nc(C)cc(C)n1,C=CCC[NH+]1CC2CCCC2(NC(=O)CCN2CCCC2=O)C1,CC(C)N1CCCC1C(=O)NCc1cnc(C(=O)[O-])c(F)c1,1.0,0.0,0.0,0.0,1.0,0.0,0.0,0.0,1.0,0.10638297872340426,0.7903225806451613,0.13829787234042554,CCC=CCC[NH+]1CC2CCCC2(NC(=O)CCN2CCCC2=O)C1,CCSCCC(C)NC(=O)Nc1cc(C)nn1-c1nc(C)cc(C)n1,C=CCC[NH+]1CC2CCCC2(NC(=O)CCN2CCCC2=O)C1,,1.0,1.0,1.0,
9424,426fac8a1a141be7d16d9ad549d4341d98cdfa11e1f9b7ff892e4d1d00f75aa4,CC(C)(C)OC(=O)C(C)(C)CCNC(=O)c1cnn2c1NCCC2,CC(C)(C)OC(=O)C(C)(C)CCNC(=O)c1cnn2c1NCCC2,CC(C(=O)NC1C[NH+](CCO)CC1C)c1cnn(C)c1,CCCCC(CNC(=O)OC(C)(C)C)NC(=O)c1cnn2c1NCCC2,CC(C)N1CCCC1C(=O)NCc1cnc(C(=O)[O-])c(F)c1,CC(C)(C)OC(=O)C(C)(C)CCNC(=O)c1cnn2c1NCCC2,CC(C(=O)NC1C[NH+](CCO)CC1C)c1cnn(C)c1,CCCCC(CNC(=O)OC(C)(C)C)NC(=O)c1cnn2c1NCCC2,CC(C)N1CCCC1C(=O)NCc1cnc(C(=O)[O-])c(F)c1,1.0,0.0,0.0,0.0,1.0,0.0,0.0,0.0,1.0,0.1728395061728395,0.5588235294117647,0.17857142857142858,CC(C)(C)OC(=O)C(C)(C)CCNC(=O)c1cnn2c1NCCC2,CC(C(=O)NC1C[NH+](CCO)CC1C)c1cnn(C)c1,CCCCC(CNC(=O)OC(C)(C)C)NC(=O)c1cnn2c1NCCC2,,1.0,1.0,1.0,
7128,073f7767095bdfbda0edd1686f1dd8bc43aa80b03f05f056df7e5267e9722116,CSC1(CNC(=O)C(=O)Nc2cccc(-c3cc[nH]n3)c2)CCOCC1,CSC1(CNC(=O)C(=O)Nc2cccc(-c3cc[nH]n3)c2)CCOCC1,O=C(OCc1ccccc1)N1CC(F)(F)CC1Cc1c[nH]c2cc(F)ccc12,CC(C)C1CC(CNC(=O)C(=O)Nc2cccc(-c3cc[nH]n3)c2)CCO1,CC(C)N1CCCC1C(=O)NCc1cnc(C(=O)[O-])c(F)c1,CSC1(CNC(=O)C(=O)Nc2cccc(-c3cc[nH]n3)c2)CCOCC1,O=C(OCc1ccccc1)N1CC(F)(F)CC1Cc1c[nH]c2cc(F)ccc12,CC(C)C1CC(CNC(=O)C(=O)Nc2cccc(-c3cc[nH]n3)c2)CCO1,CC(C)N1CCCC1C(=O)NCc1cnc(C(=O)[O-])c(F)c1,1.0,0.0,0.0,0.0,1.0,0.0,0.0,0.0,1.0,0.14583333333333334,0.5342465753424658,0.13043478260869565,CSC1(CNC(=O)C(=O)Nc2cccc(-c3cc[nH]n3)c2)CCOCC1,O=C(OCc1ccccc1)N1CC(F)(F)CC1Cc1c[nH]c2cc(F)ccc12,CC(C)C1CC(CNC(=O)C(=O)Nc2cccc(-c3cc[nH]n3)c2)CCO1,,1.0,1.0,1.0,
3484,24f944ccfed64dc648f1ee670fcf082bd379a3ad49c5538f2864dcbaf5cf143d,C=CC(C)C1CC2CCC1C2,C=CC(C)C1CC2CCC1C2,O=[N+]([O-])c1ccc(Nc2ccc3nccc(C(F)(F)F)c3c2)cc1,C=C(C)C(N)C1CC2CCC1C2,CC(C)N1CCCC1C(=O)NCc1cnc(C(=O)[O-])c(F)c1,C=CC(C)C1CC2CCC1C2,O=[N+]([O-])c1ccc(Nc2ccc3nccc(C(F)(F)F)c3c2)cc1,C=C(C)C(N)C1CC2CCC1C2,CC(C)N1CCCC1C(=O)NCc1cnc(C(=O)[O-])c(F)c1,1.0,0.0,0.0,0.0,1.0,0.0,0.0,0.0,1.0,0.0,0.47058823529411764,0.1044776119402985,C=CC(C)C1CC2CCC1C2,O=[N+]([O-])c1ccnc2ccc(Nc3ccc(C(F)(F)F)cc3)cc12,C=C(C)C(N)C1CC2CCC1C2,,1.0,0.0,1.0,
6079,78f4099b8346a96e50b4442e38637ac26eb045bd6d21d327cede437c2a595c08,O=C(O)c1ccnc(CNC2CCN(CCCc3ccccc3)C2)c1,O=C(O)c1ccnc(CNC2CCN(CCCc3ccccc3)C2)c1,CCC(C)n1nccc1C(=O)Nc1c(C)nnn1C,CCOc1ccc(CNC(=O)C2CCN(Cc3ccccn3)CC2)cc1O,CC(C)N1CCCC1C(=O)NCc1cnc(C(=O)[O-])c(F)c1,O=C(O)c1ccnc(CNC2CCN(CCCc3ccccc3)C2)c1,CCC(C)n1nccc1C(=O)Nc1c(C)nnn1C,CCOc1ccc(CNC(=O)C2CCN(Cc3ccccn3)CC2)cc1O,CC(C)N1CCCC1C(=O)NCc1cnc(C(=O)[O-])c(F)c1,1.0,0.0,0.0,0.0,1.0,0.0,0.0,0.0,1.0,0.14634146341463414,0.30864197530864196,0.20238095238095238,O=C(O)c1ccnc(CNC2CCN(CCCc3ccccc3)C2)c1,CCC(C)n1nccc1C(=O)Nc1nnn(C)c1C,CCOc1cc(CNC(=O)C2CCN(Cc3ccccn3)CC2)ccc1O,,1.0,0.0,0.0,
8671,352494e84dcda798a7180fed8910df1e56c61c0ebbb1b0ea6955a93b7de4b7ba,CC(O)C1CCCN(C(=O)C(=O)NCC2CCC(C)(C)O2)C1,CC(O)C1CCCN(C(=O)C(=O)NCC2CCC(C)(C)O2)C1,CC1(C)CCC(NC(=O)c2nccnc2OCC(F)(F)F)CC1,CC1CCCN(C(=O)C(=O)NCC2CC(C)(C)CO2)C1CO,CC(C)N1CCCC1C(=O)NCc1cnc(C(=O)[O-])c(F)c1,CC(O)C1CCCN(C(=O)C(=O)NCC2CCC(C)(C)O2)C1,CC1(C)CCC(NC(=O)c2nccnc2OCC(F)(F)F)CC1,CC1CCCN(C(=O)C(=O)NCC2CC(C)(C)CO2)C1CO,CC(C)N1CCCC1C(=O)NCc1cnc(C(=O)[O-])c(F)c1,1.0,0.0,0.0,0.0,1.0,0.0,0.0,0.0,1.0,0.17333333333333334,0.3582089552238806,0.20253164556962025,CC(O)C1CCCN(C(=O)C(=O)NCC2CCC(C)(C)O2)C1,CC1(C)CCC(NC(=O)c2nccnc2OCC(F)(F)F)CC1,CC1C(CO)CCCN1C(=O)C(=O)NCC1CC(C)(C)CO1,,1.0,1.0,0.0,
3512,c9ee233dc092c9b478d84ae4e789bb072568ab6b4dd44ac42dfe1d07507dd9de,CCCCc1nnc(NC(=O)c2cccc(S(=O)(=O)N3CCc4ccccc43)c2)s1,CCCCc1nnc(NC(=O)c2cccc(S(=O)(=O)N3CCc4ccccc43)c2)s1,Cc1nonc1C[NH2+]C1CCN(C(=O)CC2CCCC2)C(C)C1,COc1ccc(S(=O)(=O)N2CCc3ccccc32)cc1C(=O)Nc1nnc(C(C)C)s1,CC(C)N1CCCC1C(=O)NCc1cnc(C(=O)[O-])c(F)c1,CCCCc1nnc(NC(=O)c2cccc(S(=O)(=O)N3CCc4ccccc43)c2)s1,Cc1nonc1C[NH2+]C1CCN(C(=O)CC2CCCC2)C(C)C1,COc1ccc(S(=O)(=O)N2CCc3ccccc32)cc1C(=O)Nc1nnc(C(C)C)s1,CC(C)N1CCCC1C(=O)NCc1cnc(C(=O)[O-])c(F)c1,1.0,0.0,0.0,0.0,1.0,0.0,0.0,0.0,1.0,0.10416666666666667,0.5189873417721519,0.13541666666666666,CCCCc1nnc(NC(=O)c2cccc(S(=O)(=O)N3CCc4ccccc43)c2)s1,Cc1nonc1C[NH2+]C1CCN(C(=O)CC2CCCC2)C(C)C1,COc1ccc(S(=O)(=O)N2CCc3ccccc32)cc1C(=O)Nc1nnc(C(C)C)s1,,1.0,1.0,1.0,
9282,205ba41b008d7b0edba5d9579549a60f34eb1afff8bbea23c99ec17e06992510,CC[NH+](CC)CC1CCN(C(=O)c2c(C)cc(=O)oc2C)CC1,CC[NH+](CC)CC1CCN(C(=O)c2c(C)cc(=O)oc2C)CC1,CCCCCCC[NH2+]C1CCC(NC(=O)c2cnccn2)CC1,Cc1cc(=O)oc(C)c1C(=O)N1CCCC(C[NH2+]C(C)C)C1,CC(C)N1CCCC1C(=O)NCc1cnc(C(=O)[O-])c(F)c1,CC[NH+](CC)CC1CCN(C(=O)c2c(C)cc(=O)oc2C)CC1,CCCCCCC[NH2+]C1CCC(NC(=O)c2cnccn2)CC1,Cc1cc(=O)oc(C)c1C(=O)N1CCCC(C[NH2+]C(C)C)C1,CC(C)N1CCCC1C(=O)NCc1cnc(C(=O)[O-])c(F)c1,1.0,0.0,0.0,0.0,1.0,0.0,0.0,0.0,1.0,0.14473684210526316,0.5166666666666667,0.1625,CC[NH+](CC)CC1CCN(C(=O)c2c(C)cc(=O)oc2C)CC1,CCCCCCC[NH2+]C1CCC(NC(=O)c2cnccn2)CC1,Cc1cc(=O)oc(C)c1C(=O)N1CCCC(C[NH2+]C(C)C)C1,,1.0,1.0,1.0,
4307,3257337423dcab9a92ec95953da9558b7b1fa0c21641b858414666e7274f7dde,Cc1ncc(CN2CCCC(NC(=O)C3CCC(C)(C)C3)CC2)cn1,Cc1ncc(CN2CCCC(NC(=O)C3CCC(C)(C)C3)CC2)cn1,O=C(O)CCn1cc(C(=O)Nc2cccc(Oc3cc([N+](=O)[O-])cc(C(F)(F)F)c3)c2)cn1,Cc1cnc(C(C)N2CCC(CNC(=O)C3OCCC3C)CC2)cn1,CC(C)N1CCCC1C(=O)NCc1cnc(C(=O)[O-])c(F)c1,Cc1ncc(CN2CCCC(NC(=O)C3CCC(C)(C)C3)CC2)cn1,O=C(O)CCn1cc(C(=O)Nc2cccc(Oc3cc([N+](=O)[O-])cc(C(F)(F)F)c3)c2)cn1,Cc1cnc(C(C)N2CCC(CNC(=O)C3OCCC3C)CC2)cn1,CC(C)N1CCCC1C(=O)NCc1cnc(C(=O)[O-])c(F)c1,1.0,0.0,0.0,0.0,1.0,0.0,0.0,0.0,1.0,0.10784313725490197,0.2345679012345679,0.26582278481012656,Cc1ncc(CN2CCCC(NC(=O)C3CCC(C)(C)C3)CC2)cn1,O=C(O)CCn1ccc(C(=O)Nc2cc(Oc3cccc(C(F)(F)F)c3)cc([N+](=O)[O-])c2)n1,Cc1cnc(C(C)N2CCC(CNC(=O)C3OCCC3C)CC2)cn1,,1.0,0.0,1.0,
1990,48011842c34391b00688020a37af390c7add141e29b68b4a2c36362a7c05bb9d,O=C([O-])C1CSCCN(C(=O)Nc2ccc3scnc3c2)C1,O=C([O-])C1CSCCN(C(=O)Nc2ccc3scnc3c2)C1,CCCn1ncnc1C[NH2+]CC1CCN(C(=O)c2ccc[nH]2)C1,CC(=O)NC1CCCN(C(=O)c2cnc3ccsc3c2)CC1,CC(C)N1CCCC1C(=O)NCc1cnc(C(=O)[O-])c(F)c1,O=C([O-])C1CSCCN(C(=O)Nc2ccc3scnc3c2)C1,CCCn1ncnc1C[NH2+]CC1CCN(C(=O)c2ccc[nH]2)C1,CC(=O)NC1CCCN(C(=O)c2cnc3ccsc3c2)CC1,CC(C)N1CCCC1C(=O)NCc1cnc(C(=O)[O-])c(F)c1,1.0,0.0,0.0,0.0,1.0,0.0,0.0,0.0,1.0,0.15384615384615385,0.2375,0.20481927710843373,O=C([O-])C1CSCCN(C(=O)Nc2ccc3scnc3c2)C1,CCCn1ncnc1C[NH2+]CC1CCN(C(=O)c2ccc[nH]2)C1,CC(=O)NC1CCCN(C(=O)c2cnc3ccsc3c2)CC1,,1.0,1.0,1.0,
8549,b3a191c6516476c493f6cbf386d71417cfe0b1ca340f7f53c7f67cfb344687b2,Cc1ccc(C(=O)COC(=O)c2cscn2)cc1,Cc1ccc(C(=O)COC(=O)c2cscn2)cc1,O=C(NC1CC[NH+](C2CC2)C1)c1ncccc1C(F)(F)F,C=CCNc1nc(C(=O)OC(C)C(=O)c2ccc(C)cc2)cs1,CC(C)N1CCCC1C(=O)NCc1cnc(C(=O)[O-])c(F)c1,Cc1ccc(C(=O)COC(=O)c2cscn2)cc1,O=C(NC1CC[NH+](C2CC2)C1)c1ncccc1C(F)(F)F,C=CCNc1nc(C(=O)OC(C)C(=O)c2ccc(C)cc2)cs1,CC(C)N1CCCC1C(=O)NCc1cnc(C(=O)[O-])c(F)c1,1.0,0.0,0.0,0.0,1.0,0.0,0.0,0.0,1.0,0.1111111111111111,0.3125,0.11688311688311688,Cc1ccc(C(=O)COC(=O)c2cscn2)cc1,O=C(NC1CC[NH+](C2CC2)C1)c1ncccc1C(F)(F)F,C=CCNc1nc(C(=O)OC(C)C(=O)c2ccc(C)cc2)cs1,,1.0,1.0,1.0,
369,73763881649d7dd87c0ef4d54cf2bce9ab2016c6fc13ecffb7ffc8ca4265d64c,O=C(CCc1nc2sc3c(c2c(=O)[nH]1)CCCC3)OCC(=O)c1cccc(F)c1,O=C(CCc1nc2sc3c(c2c(=O)[nH]1)CCCC3)OCC(=O)c1cccc(F)c1,C=CCCC1NC(=O)N(Cc2cc(Cl)cc3c2OCC3)C1=O,COc1ccc(C(=O)CCC(=O)N2CCC(c3nc4sc5c(c4c(=O)[nH]3)CCCC5)CC2)cc1,CC(C)N1CCCC1C(=O)NCc1cnc(C(=O)[O-])c(F)c1,O=C(CCc1nc2sc3c(c2c(=O)[nH]1)CCCC3)OCC(=O)c1cccc(F)c1,C=CCCC1NC(=O)N(Cc2cc(Cl)cc3c2OCC3)C1=O,COc1ccc(C(=O)CCC(=O)N2CCC(c3nc4sc5c(c4c(=O)[nH]3)CCCC5)CC2)cc1,CC(C)N1CCCC1C(=O)NCc1cnc(C(=O)[O-])c(F)c1,1.0,0.0,0.0,0.0,1.0,0.0,0.0,0.0,1.0,0.09,0.3977272727272727,0.12244897959183673,O=C(CCc1nc2sc3c(c2c(=O)[nH]1)CCCC3)OCC(=O)c1cccc(F)c1,C=CCCC1NC(=O)N(Cc2cc(Cl)cc3c2OCC3)C1=O,COc1ccc(C(=O)C2CCN(C(=O)CCc3nc4sc5c(c4c(=O)[nH]3)CCCC5)CC2)cc1,,1.0,1.0,0.0,
308,427b2ca6398eacfc99c2677895a40fc5d4ce70f21075a4c9cd5c603b7de60818,CCOCOC(C)(C(F)(F)F)C1(F)CC2CCC1C2,CCOCOC(C)(C(F)(F)F)C1(F)CC2CCC1C2,CC(C)(C)OC(=O)NCCOC(=O)C1SCCCS1,CCOCC(OC)(C(F)(F)F)C(F)(F)C1CC2CCC1C2,CC(C)N1CCCC1C(=O)NCc1cnc(C(=O)[O-])c(F)c1,CCOCOC(C)(C(F)(F)F)C1(F)CC2CCC1C2,CC(C)(C)OC(=O)NCCOC(=O)C1SCCCS1,CCOCC(OC)(C(F)(F)F)C(F)(F)C1CC2CCC1C2,CC(C)N1CCCC1C(=O)NCc1cnc(C(=O)[O-])c(F)c1,1.0,0.0,0.0,0.0,1.0,0.0,0.0,0.0,1.0,0.10606060606060606,0.30357142857142855,0.07407407407407407,CCOCOC(C)(C(F)(F)F)C1(F)CC2CCC1C2,CC(C)(C)OC(=O)NCCOC(=O)C1SCCCS1,CCOCOC(CC1(F)CC2CCC1C2)(C(F)(F)F)C(F)(F)F,,1.0,1.0,0.0,
5159,e783e5a14f086c8693dff628295dd1d442e42d6843a3abecedea15da8843a7a5,CCC(C)NC(=O)c1cncc(N(CC)c2cccc(C)c2)c1,CCC(C)NC(=O)c1cncc(N(CC)c2cccc(C)c2)c1,NOC(=O)C1C2CCC(C2)C1C(=O)ON,CCN(CC)C(=O)c1ccc(Nc2ccc(C(C)C)cc2)cn1,CC(C)N1CCCC1C(=O)NCc1cnc(C(=O)[O-])c(F)c1,CCC(C)NC(=O)c1cncc(N(CC)c2cccc(C)c2)c1,NOC(=O)C1C2CCC(C2)C1C(=O)ON,CCN(CC)C(=O)c1ccc(Nc2ccc(C(C)C)cc2)cn1,CC(C)N1CCCC1C(=O)NCc1cnc(C(=O)[O-])c(F)c1,1.0,0.0,0.0,0.0,1.0,0.0,0.0,0.0,1.0,0.06557377049180328,0.23529411764705882,0.1566265060240964,CCC(C)NC(=O)c1cncc(N(CC)c2cccc(C)c2)c1,NOC(=O)C1C2CCC(C2)C1C(=O)ON,CCN(CC)C(=O)c1ccc(Nc2ccc(C(C)C)cc2)cn1,,1.0,1.0,1.0,
1888,736f220dd78b8c4a0a4ad45f114cbeadbfc5cc3f3cbc29672bcdb48580006671,O=C(COc1ccccc1)NCCN(CCO)C(=O)CC1CC1,O=C(COc1ccccc1)NCCN(CCO)C(=O)CC1CC1,CCNC(=NCCc1ccco1)N1CCN(c2ccccn2)CC1,O=C(COc1ccc(F)cc1)NCCN(CCO)C(=O)CC1CC1,CC(C)N1CCCC1C(=O)NCc1cnc(C(=O)[O-])c(F)c1,O=C(COc1ccccc1)NCCN(CCO)C(=O)CC1CC1,CCNC(=NCCc1ccco1)N1CCN(c2ccccn2)CC1,O=C(COc1ccc(F)cc1)NCCN(CCO)C(=O)CC1CC1,CC(C)N1CCCC1C(=O)NCc1cnc(C(=O)[O-])c(F)c1,1.0,0.0,0.0,0.0,1.0,0.0,0.0,0.0,1.0,0.14634146341463414,0.8,0.14634146341463414,O=C(COc1ccccc1)NCCN(CCO)C(=O)CC1CC1,CCNC(=NCCc1ccco1)N1CCN(c2ccccn2)CC1,O=C(COc1ccc(F)cc1)NCCN(CCO)C(=O)CC1CC1,,1.0,1.0,1.0,
5747,1077d81636733d49d38d69e39b0db14292ab5e938907c1577732283b48fc0378,COc1ccc(C[NH2+]Cc2cc(C)no2)c(O)c1OC,COc1ccc(C[NH2+]Cc2cc(C)no2)c(O)c1OC,CCC(C(=O)N1COCCC1c1ccccc1)c1ccccc1,COc1cc(C[NH2+]C(C)c2cc(C)no2)ccc1OCCO,CC(C)N1CCCC1C(=O)NCc1cnc(C(=O)[O-])c(F)c1,COc1ccc(C[NH2+]Cc2cc(C)no2)c(O)c1OC,CCC(C(=O)N1COCCC1c1ccccc1)c1ccccc1,COc1cc(C[NH2+]C(C)c2cc(C)no2)ccc1OCCO,CC(C)N1CCCC1C(=O)NCc1cnc(C(=O)[O-])c(F)c1,1.0,0.0,0.0,0.0,1.0,0.0,0.0,0.0,1.0,0.09333333333333334,0.36507936507936506,0.08333333333333333,COc1ccc(C[NH2+]Cc2cc(C)no2)c(O)c1OC,CCC(C(=O)N1COCCC1c1ccccc1)c1ccccc1,COc1cc(C(C)[NH2+]Cc2cc(C)no2)ccc1OCCO,,1.0,1.0,0.0,
8269,3e041a5fe7766ca143fb4f841abb3d8dbf0ca693000d4cdf186aea20dd45ccab,CC(C)N(C(=O)C1CCN(S(=O)(=O)c2ccc(Cl)cc2)CC1)C1CC1,CC(C)N(C(=O)C1CCN(S(=O)(=O)c2ccc(Cl)cc2)CC1)C1CC1,Cc1ccc(Nc2cnccc2C#N)cc1N(C)C,CCN(C(=O)C1CCN(S(=O)(=O)c2ccc(F)c(Cl)c2)CC1)C1CC1,CC(C)N1CCCC1C(=O)NCc1cnc(C(=O)[O-])c(F)c1,CC(C)N(C(=O)C1CCN(S(=O)(=O)c2ccc(Cl)cc2)CC1)C1CC1,Cc1ccc(Nc2cnccc2C#N)cc1N(C)C,CCN(C(=O)C1CCN(S(=O)(=O)c2ccc(F)c(Cl)c2)CC1)C1CC1,CC(C)N1CCCC1C(=O)NCc1cnc(C(=O)[O-])c(F)c1,1.0,0.0,0.0,0.0,1.0,0.0,0.0,0.0,1.0,0.06666666666666667,0.543859649122807,0.18181818181818182,CC(C)N(C(=O)C1CCN(S(=O)(=O)c2ccc(Cl)cc2)CC1)C1CC1,Cc1ccc(Nc2cnccc2C#N)cc1N(C)C,CCN(C(=O)C1CCN(S(=O)(=O)c2ccc(F)c(Cl)c2)CC1)C1CC1,,1.0,1.0,1.0,
2570,9d2ce6a03fef4d8e44ab64cf625b83f011557545bbb09c72633e35e28d90077e,Cc1ccc2c(CC[NH2+]C(C)c3cscn3)c[nH]c2c1,Cc1ccc2c(CC[NH2+]C(C)c3cscn3)c[nH]c2c1,CCN(CC(=O)Nc1ccccc1N1CCOCC1)C1CCS(=O)(=O)C1,Cc1nc(CC[NH2+]Cc2c[nH]c3c(C)cccc23)cs1,CC(C)N1CCCC1C(=O)NCc1cnc(C(=O)[O-])c(F)c1,Cc1ccc2c(CC[NH2+]C(C)c3cscn3)c[nH]c2c1,CCN(CC(=O)Nc1ccccc1N1CCOCC1)C1CCS(=O)(=O)C1,Cc1nc(CC[NH2+]Cc2c[nH]c3c(C)cccc23)cs1,CC(C)N1CCCC1C(=O)NCc1cnc(C(=O)[O-])c(F)c1,1.0,0.0,0.0,0.0,1.0,0.0,0.0,0.0,1.0,0.05319148936170213,0.25,0.10344827586206896,Cc1ccc2c(CC[NH2+]C(C)c3cscn3)c[nH]c2c1,CCN(CC(=O)Nc1ccccc1N1CCOCC1)C1CCS(=O)(=O)C1,Cc1nc(C[NH2+]CCc2c[nH]c3c(C)cccc23)cs1,,1.0,1.0,0.0,
6622,e729d0db5f0d0046f50b4fcd0ffba81cf6edd8acfd232869c8f0d128bc5686a6,CCO[Si](CCCNC(=O)NCCCN(CC)CC)(OCC)OCC,CCO[Si](CCCNC(=O)NCCCN(CC)CC)(OCC)OCC,CCCC(=O)Nc1cccc(NCc2nnc(C3CC3)o2)c1C,CCCNC(C)(COCCCOC)C(=O)O,CC(C)N1CCCC1C(=O)NCc1cnc(C(=O)[O-])c(F)c1,CCO[Si](CCCNC(=O)NCCCN(CC)CC)(OCC)OCC,CCCC(=O)Nc1cccc(NCc2nnc(C3CC3)o2)c1C,CCCNC(C)(COCCCOC)C(=O)O,CC(C)N1CCCC1C(=O)NCc1cnc(C(=O)[O-])c(F)c1,1.0,0.0,0.0,0.0,1.0,0.0,0.0,0.0,1.0,0.1111111111111111,0.18181818181818182,0.10810810810810811,CCO[Si](CCCNC(=O)NCCCN(CC)CC)(OCC)OCC,CCCC(=O)Nc1cccc(NCc2nnc(C3CC3)o2)c1C,CCCNC(C)(COCCCOC)C(=O)O,,1.0,1.0,1.0,
411,c1c68c0a1a47466bbeadbb7d91b2cf71d92b45f5a00f3b0b72cf0fe064991a49,CC(CNC(=O)C1CCC1(C)C)[NH2+]Cc1nnc(C(C)(C)C)[nH]1,CC(CNC(=O)C1CCC1(C)C)[NH2+]Cc1nnc(C(C)(C)C)[nH]1,Cc1ccc(NC(=O)c2cnc3c(C(C)C)cccn23)c(=O)[nH]1,CC(C)(C)c1nnc(C[NH2+]CCNC(=O)C2CC(C)(C)C2)[nH]1,CC(C)N1CCCC1C(=O)NCc1cnc(C(=O)[O-])c(F)c1,CC(CNC(=O)C1CCC1(C)C)[NH2+]Cc1nnc(C(C)(C)C)[nH]1,Cc1ccc(NC(=O)c2cnc3c(C(C)C)cccn23)c(=O)[nH]1,CC1(C)CC(C(=O)NCC[NH2+]Cc2nnc(C(C)(C)C)[nH]2)C1,CC(C)N1CCCC1C(=O)NCc1cnc(C(=O)[O-])c(F)c1,1.0,0.0,0.0,0.0,1.0,0.0,0.0,0.0,1.0,0.14285714285714285,0.4603174603174603,0.1951219512195122,CC(CNC(=O)C1CCC1(C)C)[NH2+]Cc1nnc(C(C)(C)C)[nH]1,Cc1cccn2c(NC(=O)c3ccc(C(C)C)[nH]c3=O)cnc12,CC1(C)CC(C(=O)NCC[NH2+]Cc2nnc(C(C)(C)C)[nH]2)C1,,1.0,0.0,1.0,
8584,543f66d74c55957e68084fea41cca124a9f812e69416f31d8a30d8f4c272b33c,CCn1nc(C)c(CC(=O)NC2(C)CC[NH+](CCCF)C2)c1C,CCn1nc(C)c(CC(=O)NC2(C)CC[NH+](CCCF)C2)c1C,Clc1ccc(CCN2CCC(NCCc3ccccc3)CC2)cc1,CCC(CC)C[NH+]1CCC(NC(=O)Cc2c(C)nn(CC)c2C)C1,CC(C)N1CCCC1C(=O)NCc1cnc(C(=O)[O-])c(F)c1,CCn1nc(C)c(CC(=O)NC2(C)CC[NH+](CCCF)C2)c1C,Clc1ccc(CCN2CCC(NCCc3ccccc3)CC2)cc1,CCC(CC)C[NH+]1CCC(NC(=O)Cc2c(C)nn(CC)c2C)C1,CC(C)N1CCCC1C(=O)NCc1cnc(C(=O)[O-])c(F)c1,1.0,0.0,0.0,0.0,1.0,0.0,0.0,0.0,1.0,0.07407407407407407,0.4411764705882353,0.13636363636363635,CCn1nc(C)c(CC(=O)NC2(C)CC[NH+](CCCF)C2)c1C,Clc1ccc(CCNC2CCN(CCc3ccccc3)CC2)cc1,CCC(CC)C[NH+]1CCC(NC(=O)Cc2c(C)nn(CC)c2C)C1,,1.0,0.0,1.0,
1499,2fb13677cbb0d08466d00633c0c9bf9a07f180d7807dddd529fbb61ca963663e,CC(C)(C)n1ncnc1CNC(=O)COc1ccc(C=O)cc1,CC(C)(C)n1ncnc1CNC(=O)COc1ccc(C=O)cc1,CC(C)c1nnc(C2COCCN2CCCC#N)o1,CC(C)(C)n1cc(C(=O)NCC(=O)OCc2ccc(Cl)cc2)nn1,CC(C)N1CCCC1C(=O)NCc1cnc(C(=O)[O-])c(F)c1,CC(C)(C)n1ncnc1CNC(=O)COc1ccc(C=O)cc1,CC(C)c1nnc(C2COCCN2CCCC#N)o1,CC(C)(C)n1cc(C(=O)NCC(=O)OCc2ccc(Cl)cc2)nn1,CC(C)N1CCCC1C(=O)NCc1cnc(C(=O)[O-])c(F)c1,1.0,0.0,0.0,0.0,1.0,0.0,0.0,0.0,1.0,0.07407407407407407,0.2535211267605634,0.175,CC(C)(C)n1ncnc1CNC(=O)COc1ccc(C=O)cc1,CC(C)c1nnc(C2COCCN2CCCC#N)o1,CC(C)(C)n1cc(C(=O)NCC(=O)OCc2ccc(Cl)cc2)nn1,,1.0,1.0,1.0,
4137,22080be4c95baab1178317ff6efb96b79b47d366e4e908c4a5f6ed21a07e13fb,COc1ccc(OC(C)(C)C(=O)OCCc2nnnn2C)cc1,COc1ccc(OC(C)(C)C(=O)OCCc2nnnn2C)cc1,CCCNc1cncc(Nc2cccc(Cl)c2Cl)c1,CC(C)c1ccccc1OCC(=O)OCCc1nnnn1C,CC(C)N1CCCC1C(=O)NCc1cnc(C(=O)[O-])c(F)c1,COc1ccc(OC(C)(C)C(=O)OCCc2nnnn2C)cc1,CCCNc1cncc(Nc2cccc(Cl)c2Cl)c1,CC(C)c1ccccc1OCC(=O)OCCc1nnnn1C,CC(C)N1CCCC1C(=O)NCc1cnc(C(=O)[O-])c(F)c1,1.0,0.0,0.0,0.0,1.0,0.0,0.0,0.0,1.0,0.08108108108108109,0.43548387096774194,0.10714285714285714,COc1ccc(OC(C)(C)C(=O)OCCc2nnnn2C)cc1,CCCNc1cncc(Nc2c(Cl)cccc2Cl)c1,CC(C)c1ccccc1OCC(=O)OCCc1nnnn1C,,1.0,0.0,1.0,
8342,72e08aa2469f4d8330b5e6a1998659f0dc5f61441670e20598b40b2f4e9af341,Cc1ncsc1C[NH+]1CCCC1CNC(=O)c1ccsc1C,Cc1ncsc1C[NH+]1CCCC1CNC(=O)c1ccsc1C,CCSc1ccc(N(C=O)c2ncccc2OC(F)(F)F)cc1,Cc1cnc(C[NH+]2CCCC2CNC(=O)c2cscc2C)s1,CC(C)N1CCCC1C(=O)NCc1cnc(C(=O)[O-])c(F)c1,Cc1ncsc1C[NH+]1CCCC1CNC(=O)c1ccsc1C,CCSc1ccc(N(C=O)c2ncccc2OC(F)(F)F)cc1,Cc1cnc(C[NH+]2CCCC2CNC(=O)c2cscc2C)s1,CC(C)N1CCCC1C(=O)NCc1cnc(C(=O)[O-])c(F)c1,1.0,0.0,0.0,0.0,1.0,0.0,0.0,0.0,1.0,0.09090909090909091,0.4852941176470588,0.1744186046511628,Cc1ncsc1C[NH+]1CCCC1CNC(=O)c1ccsc1C,CCSc1ncccc1N(C=O)c1ccc(OC(F)(F)F)cc1,Cc1ncc(C[NH+]2CCCC2CNC(=O)c2cscc2C)s1,,1.0,0.0,0.0,
5148,113e25293320f65bbf360781097a0df027642dd59c2fe5ad4b94a98e476245aa,CC1CC([NH+]2CCCC(C3CCCCC3)C2)CCO1,CC1CC([NH+]2CCCC(C3CCCCC3)C2)CCO1,CC([NH2+]Cc1cncn1C)C(=O)N1Cc2ccccc2C1,CC1CC([NH2+]C2CCC3CCCCC3C2)CCO1,CC(C)N1CCCC1C(=O)NCc1cnc(C(=O)[O-])c(F)c1,CC1CC([NH+]2CCCC(C3CCCCC3)C2)CCO1,CC([NH2+]Cc1cncn1C)C(=O)N1Cc2ccccc2C1,CC1CC([NH2+]C2CCC3CCCCC3C2)CCO1,CC(C)N1CCCC1C(=O)NCc1cnc(C(=O)[O-])c(F)c1,1.0,0.0,0.0,0.0,1.0,0.0,0.0,0.0,1.0,0.028169014084507043,0.4186046511627907,0.06493506493506493,CC1CC([NH+]2CCCC(C3CCCCC3)C2)CCO1,CC([NH2+]Cc1cncn1C)C(=O)N1Cc2ccccc2C1,CC1CC([NH2+]C2CCC3CCCCC3C2)CCO1,,1.0,1.0,1.0,
7040,6a5d83c301f3e18c89501a63197c7c9931c8355f9139e52ac96e6f1e8a74556e,CC(C)(C)[NH+]1CCC(NC(=O)CC2(CS(C)(=O)=O)CC2)C1,CC(C)(C)[NH+]1CCC(NC(=O)CC2(CS(C)(=O)=O)CC2)C1,Cc1nc(CN(C)C2(CN)CCCOC2)cs1,CCC[NH+]1CCC(N(C)C(=O)CC2(CS(C)(=O)=O)CC2)C1,CC(C)N1CCCC1C(=O)NCc1cnc(C(=O)[O-])c(F)c1,CC(C)(C)[NH+]1CCC(NC(=O)CC2(CS(C)(=O)=O)CC2)C1,Cc1nc(CN(C)C2(CN)CCCOC2)cs1,CCC[NH+]1CCC(N(C)C(=O)CC2(CS(C)(=O)=O)CC2)C1,CC(C)N1CCCC1C(=O)NCc1cnc(C(=O)[O-])c(F)c1,1.0,0.0,0.0,0.0,1.0,0.0,0.0,0.0,1.0,0.0641025641025641,0.4,0.10975609756097561,CC(C)(C)[NH+]1CCC(NC(=O)CC2(CS(C)(=O)=O)CC2)C1,Cc1nc(CN(C)C2(CN)CCCOC2)cs1,CCC[NH+]1CCC(N(C)C(=O)CC2(CS(C)(=O)=O)CC2)C1,,1.0,1.0,1.0,
3333,d5db4ef64476d1ba6ccaacf2b552bcc6ab74ac8e9b676931fa582c479b571d91,CS(=O)c1ccc(C(=O)N(C2CC2)C2CC(=O)NC2=O)cc1,CS(=O)c1ccc(C(=O)N(C2CC2)C2CC(=O)NC2=O)cc1,CC(NC(=O)c1cn(C)nc1I)C1CCC(F)CC1,CS(=O)(=O)Nc1ccc(C(=O)N(C2CC2)C2CC(=O)NC2=O)cc1,CC(C)N1CCCC1C(=O)NCc1cnc(C(=O)[O-])c(F)c1,CS(=O)c1ccc(C(=O)N(C2CC2)C2CC(=O)NC2=O)cc1,CC(NC(=O)c1cn(C)nc1I)C1CCC(F)CC1,CS(=O)(=O)Nc1ccc(C(=O)N(C2CC2)C2CC(=O)NC2=O)cc1,CC(C)N1CCCC1C(=O)NCc1cnc(C(=O)[O-])c(F)c1,1.0,0.0,0.0,0.0,1.0,0.0,0.0,0.0,1.0,0.1388888888888889,0.6346153846153846,0.10975609756097561,CS(=O)c1ccc(C(=O)N(C2CC2)C2CC(=O)NC2=O)cc1,CC(NC(=O)c1cn(C)nc1I)C1CCC(F)CC1,CS(=O)(=O)Nc1ccc(C(=O)N(C2CC2)C2CC(=O)NC2=O)cc1,,1.0,1.0,1.0,
976,b931a4c3c04acc844f84d0c5527785c0f503f02babe8a724badb3af17824b159,O=C(Cc1nnc[nH]1)NC1CN(Cc2coc(C3CC3)n2)C1,O=C(Cc1nnc[nH]1)NC1CN(Cc2coc(C3CC3)n2)C1,Cc1cc(Cl)cc(C)c1OC(C)c1nnc(N2CCC(S(C)(=O)=O)C2)n1CC1(O)CCC1,Cc1cnc(C(=O)NCC2CN(Cc3nnc(C4CC4)o3)C2)[nH]1,CC(C)N1CCCC1C(=O)NCc1cnc(C(=O)[O-])c(F)c1,O=C(Cc1nnc[nH]1)NC1CN(Cc2coc(C3CC3)n2)C1,Cc1cc(Cl)cc(C)c1OC(C)c1nnc(N2CCC(S(C)(=O)=O)C2)n1CC1(O)CCC1,Cc1cnc(C(=O)NCC2CN(Cc3nnc(C4CC4)o3)C2)[nH]1,CC(C)N1CCCC1C(=O)NCc1cnc(C(=O)[O-])c(F)c1,1.0,0.0,0.0,0.0,1.0,0.0,0.0,0.0,1.0,0.12244897959183673,0.3157894736842105,0.1511627906976744,O=C(Cc1nnc[nH]1)NC1CN(Cc2coc(C3CC3)n2)C1,Cc1cc(Cl)cc(C)c1OC(C)c1nnc(N2CCC(S(C)(=O)=O)C2)n1CC1(O)CCC1,Cc1cc(C(=O)NCC2CN(Cc3nnc(C4CC4)o3)C2)[nH]n1,,1.0,1.0,0.0,
4302,aae90f1635abdb4fde2800a07b3f96def9c04ebc51970ff30a3b8def3af10654,C#CCOc1ccc(Nc2cnc(OCC)c(F)c2)cc1,C#CCOc1ccc(Nc2cnc(OCC)c(F)c2)cc1,CCCNC(C1CCOCC1)C1CN2CCCC2CO1,CCOc1ccc(Nc2c(F)cccc2OCOC)cn1,CC(C)N1CCCC1C(=O)NCc1cnc(C(=O)[O-])c(F)c1,C#CCOc1ccc(Nc2cnc(OCC)c(F)c2)cc1,CCCNC(C1CCOCC1)C1CN2CCCC2CO1,CCOc1ccc(Nc2c(F)cccc2OCOC)cn1,CC(C)N1CCCC1C(=O)NCc1cnc(C(=O)[O-])c(F)c1,1.0,0.0,0.0,0.0,1.0,0.0,0.0,0.0,1.0,0.0641025641025641,0.3225806451612903,0.1518987341772152,C#CCOc1ccc(Nc2cnc(OCC)c(F)c2)cc1,CCCNC(C1CCOCC1)C1CN2CCCC2CO1,CCOc1ccc(Nc2c(F)cccc2OCOC)cn1,,1.0,1.0,1.0,
9176,dc201063e8c168c3df35a9d7c2100a315c3532733eb45a109a5ace6fa3383d2f,CCN(CCC(=O)O)C(=O)NCC1CC2CCC1C2,CCN(CCC(=O)O)C(=O)NCC1CC2CCC1C2,CC(C[NH+](C)CCC1=CCCCC1)NC(=O)C1CC[NH+](C)C1,CC(CNC(=O)N(C)CC1CC2CCC1C2)C(=O)O,CC(C)N1CCCC1C(=O)NCc1cnc(C(=O)[O-])c(F)c1,CCN(CCC(=O)O)C(=O)NCC1CC2CCC1C2,CC(C[NH+](C)CCC1=CCCCC1)NC(=O)C1CC[NH+](C)C1,CC(CNC(=O)N(C)CC1CC2CCC1C2)C(=O)O,CC(C)N1CCCC1C(=O)NCc1cnc(C(=O)[O-])c(F)c1,1.0,0.0,0.0,0.0,1.0,0.0,0.0,0.0,1.0,0.1282051282051282,0.4339622641509434,0.14285714285714285,CCN(CCC(=O)O)C(=O)NCC1CC2CCC1C2,CC(C[NH+](C)CCC1=CCCCC1)NC(=O)C1CC[NH+](C)C1,CC(CNC(=O)N(C)CC1CC2CCC1C2)C(=O)O,,1.0,1.0,1.0,
6438,8e3719ffe2d970a2273fdb635dd31fa38d408a20821c0f52e7dcd85750b795f3,Brc1ccc(C=[NH+]C2CCCCC2)cc1,Brc1ccc(C=[NH+]C2CCCCC2)cc1,O=C(NC1(CO)CCCC1)C1CC1c1cccc(O)c1,C=C(CNC(=O)C1CCCCCC1)c1ccccc1,CC(C)N1CCCC1C(=O)NCc1cnc(C(=O)[O-])c(F)c1,Brc1ccc(C=[NH+]C2CCCCC2)cc1,O=C(NC1(CO)CCCC1)C1CC1c1cccc(O)c1,C=C(CNC(=O)C1CCCCCC1)c1ccccc1,CC(C)N1CCCC1C(=O)NCc1cnc(C(=O)[O-])c(F)c1,1.0,0.0,0.0,0.0,1.0,0.0,0.0,0.0,1.0,0.11864406779661017,0.1836734693877551,0.08695652173913043,Brc1ccc(C=[NH+]C2CCCCC2)cc1,O=C(NC1(CO)CCCC1)C1CC1c1cccc(O)c1,C=C(CNC(=O)C1CCCCCC1)c1ccccc1,,1.0,1.0,1.0,
5877,48c8e036bbc17d82ee526e06ca94f09fa028f156dfdc3b17395853dcecbee7c2,CCC(C)C1C(=O)NCC(=O)N1CCC(F)(F)F,CCC(C)C1C(=O)NCC(=O)N1CCC(F)(F)F,COC1C2CC3CN(C(=O)NCc4cccc(CSC)c4)C1C3C2,CC(C)C1NC(=O)C(C)N(CCCC(F)(F)F)C1=O,CC(C)N1CCCC1C(=O)NCc1cnc(C(=O)[O-])c(F)c1,CCC(C)C1C(=O)NCC(=O)N1CCC(F)(F)F,COC1C2CC3CN(C(=O)NCc4cccc(CSC)c4)C1C3C2,CC(C)C1NC(=O)C(C)N(CCCC(F)(F)F)C1=O,CC(C)N1CCCC1C(=O)NCc1cnc(C(=O)[O-])c(F)c1,1.0,0.0,0.0,0.0,1.0,0.0,0.0,0.0,1.0,0.09876543209876543,0.35185185185185186,0.12987012987012986,CCC(C)C1C(=O)NCC(=O)N1CCC(F)(F)F,COC1C2CC3CN(C(=O)NCc4cccc(CSC)c4)C1C3C2,CC(C)C1NC(=O)C(C)N(CCCC(F)(F)F)C1=O,,1.0,1.0,1.0,
4155,512eff57af72e4f6f728f5cf836993f67c22aaa9e80c2b838a082d04fc753987,CC1CN(C(=O)NC(c2ccccc2)C2CCCO2)CC(C)N1C(=O)[O-],CC1CN(C(=O)NC(c2ccccc2)C2CCCO2)CC(C)N1C(=O)[O-],Cc1cccc(-c2cnn(CC(C)Nc3nccc(-c4cnn(C)c4)n3)n2)c1,CN(CC1CCCO1)C(=O)NC1CN(C(=O)[O-])CC1c1ccccc1,CC(C)N1CCCC1C(=O)NCc1cnc(C(=O)[O-])c(F)c1,CC1CN(C(=O)NC(c2ccccc2)C2CCCO2)CC(C)N1C(=O)[O-],Cc1cccc(-c2cnn(CC(C)Nc3nccc(-c4cnn(C)c4)n3)n2)c1,CN(CC1CCCO1)C(=O)NC1CN(C(=O)[O-])CC1c1ccccc1,CC(C)N1CCCC1C(=O)NCc1cnc(C(=O)[O-])c(F)c1,1.0,0.0,0.0,0.0,1.0,0.0,0.0,0.0,1.0,0.09782608695652174,0.3561643835616438,0.18292682926829268,CC1CN(C(=O)NC(c2ccccc2)C2CCCO2)CC(C)N1C(=O)[O-],Cc1cccc(-n2cc(-c3ccnc(NC(C)Cn4cncn4)n3)cn2)c1,CN(CC1CCCOC1c1ccccc1)C(=O)NC1CN(C(=O)[O-])C1,,1.0,0.0,0.0,
8442,bebdcb7224d3613b05233a42857946cb6887cad069350ad8380cd89c75a136d9,O=C(OC(C(=O)[O-])c1ccccc1F)C1CCCc2[nH]ncc21,O=C([O-])C(OC(=O)C1CCCc2[nH]ncc21)c1ccccc1F,CC(C[NH2+]Cc1ccc(N2CCCCC2)o1)N1CCCC(C(=O)[O-])C1,COC(=O)c1ccc(COC(=O)C2CCCc3[nH]ncc32)cc1,CC(C)N1CCCC1C(=O)NCc1cnc(C(=O)[O-])c(F)c1,O=C(OC(C(=O)[O-])c1ccccc1F)C1CCCc2[nH]ncc21,CC(C[NH2+]Cc1ccc(N2CCCCC2)o1)N1CCCC(C(=O)[O-])C1,COC(=O)c1ccc(COC(=O)C2CCCc3[nH]ncc32)cc1,CC(C)N1CCCC1C(=O)NCc1cnc(C(=O)[O-])c(F)c1,1.0,0.0,0.0,0.0,1.0,0.0,0.0,0.0,1.0,0.14772727272727273,0.4696969696969697,0.2073170731707317,O=C(OC(C(=O)[O-])c1ccccc1F)C1CCCc2[nH]ncc21,CC(C[NH2+]Cc1ccc(N2CCCC(C(=O)[O-])C2)o1)N1CCCCC1,COC(=O)c1ccc(COC(=O)C2CCCc3[nH]ncc32)cc1,,1.0,0.0,1.0,
6975,c74fa30887b8c049b1b14c2d1daeff4b321801c5d0cd78cbe01aedf93f4d10fc,Oc1cc(F)c(CN2CC3CC[NH+](Cc4ccccc4)C3C2)c(F)c1,Oc1cc(F)c(CN2CC3CC[NH+](Cc4ccccc4)C3C2)c(F)c1,NC(=O)C1(C(=O)NC2CC3CC(C2)N(C(=O)c2cccnn2)C3)CC1,[O-]c1ccc(F)c(F)c1CN1CC2CC[NH+](Cc3ccccc3)C2C1,CC(C)N1CCCC1C(=O)NCc1cnc(C(=O)[O-])c(F)c1,Oc1cc(F)c(CN2CC3CC[NH+](Cc4ccccc4)C3C2)c(F)c1,NC(=O)C1(C(=O)NC2CC3CC(C2)N(C(=O)c2cccnn2)C3)CC1,[O-]c1ccc(F)c(F)c1CN1CC2CC[NH+](Cc3ccccc3)C2C1,CC(C)N1CCCC1C(=O)NCc1cnc(C(=O)[O-])c(F)c1,1.0,0.0,0.0,0.0,1.0,0.0,0.0,0.0,1.0,0.10465116279069768,0.6666666666666666,0.16049382716049382,Oc1cc(F)c(CN2CC3CC[NH+](Cc4ccccc4)C3C2)c(F)c1,NC(=O)C1(C(=O)NC2CC3CC(C2)N(C(=O)c2cccnn2)C3)CC1,[O-]c1ccc(F)c(F)c1CN1CC2CC[NH+](Cc3ccccc3)C2C1,,1.0,1.0,1.0,
6977,735898b32583b86bc9ceeef288642bbbbb231654dddfab851e3980ca9fb63172,C=CCC1(C(=O)NC2CC(Nc3ncnc4c3ncn4C)C2)CCC1,C=CCC1(C(=O)NC2CC(Nc3ncnc4c3ncn4C)C2)CCC1,CCC=C1CCC(C(O)CC=C2CC(O)C(C(=O)OC)C2)CC1CC1CC1,CCCC1(C(=O)NC2CC(Nc3ncnc4c3ncn4C)C2)CCC1,CC(C)N1CCCC1C(=O)NCc1cnc(C(=O)[O-])c(F)c1,C=CCC1(C(=O)NC2CC(Nc3ncnc4c3ncn4C)C2)CCC1,CCC=C1CCC(C(O)CC=C2CC(O)C(C(=O)OC)C2)CC1CC1CC1,CCCC1(C(=O)NC2CC(Nc3ncnc4c3ncn4C)C2)CCC1,CC(C)N1CCCC1C(=O)NCc1cnc(C(=O)[O-])c(F)c1,1.0,0.0,0.0,0.0,1.0,0.0,0.0,0.0,1.0,0.13829787234042554,0.7666666666666667,0.16853932584269662,C=CCC1(C(=O)NC2CC(Nc3ncnc4c3ncn4C)C2)CCC1,CCC1CCC(C(CCC=C2CC3CC(O)C(C=CCO)C3C2)C(=O)OC)C1,CCCC1(C(=O)NC2CC(Nc3ncnc4c3ncn4C)C2)CCC1,,1.0,0.0,1.0,
7132,38e5c021e7d6df86e43e62a7aacf0ec1c249941f2cd8ab8851c821018ac78dac,CC1(N)CCCCC1c1nc(-c2cccc3ccccc23)no1,CC1(N)CCCCC1c1nc(-c2cccc3ccccc23)no1,COCc1cnc(CNC(=O)Nc2cc(COC)cs2)s1,CC1(C)CCCCC1C(N)Cc1nc2ccccc2o1,CC(C)N1CCCC1C(=O)NCc1cnc(C(=O)[O-])c(F)c1,CC1(N)CCCCC1c1nc(-c2cccc3ccccc23)no1,COCc1csc(NC(=O)NCc2ncc(COC)s2)c1,CC1(C)CCCCC1C(N)Cc1nc2ccccc2o1,CC(C)N1CCCC1C(=O)NCc1cnc(C(=O)[O-])c(F)c1,1.0,0.0,0.0,0.0,1.0,0.0,0.0,0.0,1.0,0.09876543209876543,0.27941176470588236,0.10588235294117647,CC1(N)CCCCC1c1nc(-c2cccc3ccccc23)no1,COCc1csc(CNC(=O)Nc2ncc(COC)s2)c1,CC1(C)CCCCC1C(N)Cc1nc2ccccc2o1,,1.0,0.0,1.0,
9589,93d31de9f9515819f8a39e1f1a4bbc32f597989c25773a0990eda3015ccd632a,CC1CN(CCNC(=O)C(=O)Nc2ccc(Cl)nc2)C(C)CO1,CC1CN(CCNC(=O)C(=O)Nc2ccc(Cl)nc2)C(C)CO1,CC(CNC(=O)c1ccc(Br)s1)CN(C)C(=O)Cn1ccnc1,CC1CN(C(C)CNC(=O)C(=O)Nc2cncc(F)c2)CC(C)O1,CC(C)N1CCCC1C(=O)NCc1cnc(C(=O)[O-])c(F)c1,CC1CN(CCNC(=O)C(=O)Nc2ccc(Cl)nc2)C(C)CO1,CC(CNC(=O)c1ccc(Br)s1)CN(C)C(=O)Cn1ccnc1,CC1CN(C(C)CNC(=O)C(=O)Nc2cncc(F)c2)CC(C)O1,CC(C)N1CCCC1C(=O)NCc1cnc(C(=O)[O-])c(F)c1,1.0,0.0,0.0,0.0,1.0,0.0,0.0,0.0,1.0,0.14606741573033707,0.32432432432432434,0.17647058823529413,CC1CN(CCNC(=O)C(=O)Nc2ccc(Cl)nc2)C(C)CO1,CC(CNC(=O)CN(C)C(=O)c1ccc(Br)s1)Cn1ccnc1,CC1CN(C(C)CNC(=O)C(=O)Nc2cncc(F)c2)CC(C)O1,,1.0,0.0,1.0,
8757,391e20353e67a2c0acf86641921770dd2dd58c342c6aa5019bd9d3b146cc37f9,CC(C)C(C#N)NC(=O)C1CC2CCC1C2,CC(C)C(C#N)NC(=O)C1CC2CCC1C2,CCc1onc(C)c1CC(=O)NC1CC[NH+](CCC2CC2)C1,C#CC(CC)NC(=O)C1CC2CCC1C2,CC(C)N1CCCC1C(=O)NCc1cnc(C(=O)[O-])c(F)c1,CC(C)C(C#N)NC(=O)C1CC2CCC1C2,CCc1onc(C)c1CC(=O)NC1CC[NH+](CCC2CC2)C1,C#CC(CC)NC(=O)C1CC2CCC1C2,CC(C)N1CCCC1C(=O)NCc1cnc(C(=O)[O-])c(F)c1,1.0,0.0,0.0,0.0,1.0,0.0,0.0,0.0,1.0,0.1232876712328767,0.5333333333333333,0.18309859154929578,CC(C)C(C#N)NC(=O)C1CC2CCC1C2,CCc1noc(CC)c1CC(=O)NC1CC[NH+](CCC2CC2)C1,C#CC(CC)NC(=O)C1CC2CCC1C2,,1.0,0.0,1.0,
4713,ca5e724847a28a33f02848a24f60edbd69da6310dd8094a795a0689dd8871124,CCCC1(C(=O)NC2CC(Nc3ncnc4c3ncn4C)C2)CCC1,CCCC1(C(=O)NC2CC(Nc3ncnc4c3ncn4C)C2)CCC1,CCCCn1ncc(NC(=O)Nc2oc(C)c(C)n2)c1C,C=CCC1(C(=O)NC2CC(Nc3ncnc4c3ncn4C)C2)CCC1,CC(C)N1CCCC1C(=O)NCc1cnc(C(=O)[O-])c(F)c1,CCCC1(C(=O)NC2CC(Nc3ncnc4c3ncn4C)C2)CCC1,CCCCn1ncc(NC(=O)Nc2nc(C)c(C)o2)c1C,C=CCC1(C(=O)NC2CC(Nc3ncnc4c3ncn4C)C2)CCC1,CC(C)N1CCCC1C(=O)NCc1cnc(C(=O)[O-])c(F)c1,1.0,0.0,0.0,0.0,1.0,0.0,0.0,0.0,1.0,0.17073170731707318,0.7666666666666667,0.1724137931034483,CCCC1(C(=O)NC2CC(Nc3ncnc4c3ncn4C)C2)CCC1,CCCCn1ncc(NC(=O)Nc2nc(C)c(C)o2)c1C,C=CCC1(C(=O)NC2CC(Nc3ncnc4c3ncn4C)C2)CCC1,,1.0,1.0,1.0,
6324,7b0da541c82f36939988a7877c584924a1c5e10a1dee8eae0bf81d7689a526ef,CC(CNC(=O)c1nccs1)C[NH2+]CC(=O)NC1CCCC1,CC(CNC(=O)c1nccs1)C[NH2+]CC(=O)NC1CCCC1,COC(C)(c1noc(-c2ccc(OC(F)F)c(F)c2)n1)C1CC1,O=C(NCC(O)C[NH2+]CC1CCCCC1)c1cncs1,CC(C)N1CCCC1C(=O)NCc1cnc(C(=O)[O-])c(F)c1,CC(CNC(=O)c1nccs1)C[NH2+]CC(=O)NC1CCCC1,COC(C)(c1noc(-c2ccc(OC(F)F)c(F)c2)n1)C1CC1,O=C(NCC(O)C[NH2+]CC1CCCCC1)c1cncs1,CC(C)N1CCCC1C(=O)NCc1cnc(C(=O)[O-])c(F)c1,1.0,0.0,0.0,0.0,1.0,0.0,0.0,0.0,1.0,0.0898876404494382,0.34285714285714286,0.2073170731707317,CC(CNC(=O)c1nccs1)C[NH2+]CC(=O)NC1CCCC1,COC(C)(c1noc(-c2ccc(OC(F)F)c(F)c2)n1)C1CC1,O=C(NCC(O)C[NH2+]CC1CCCCC1)c1cncs1,,1.0,1.0,1.0,
8290,76831c1d0c5eb0a101736f0c205fa0e936ed8a5a6421acd6d53f8f053fdb9d14,CCC(C[NH+]1CC2CCCN(C(=O)Cc3cncc(C)c3)C2C1)OC,CCC(C[NH+]1CC2CCCN(C(=O)Cc3cncc(C)c3)C2C1)OC,CCOC(=O)CN1C(=O)SC(=Cc2cn(CC(=O)N3CCCCCC3)c3ccccc23)C1=O,Cc1ccc(CC(=O)N2CCCC3C[NH+](CCF)CC32)cn1,CC(C)N1CCCC1C(=O)NCc1cnc(C(=O)[O-])c(F)c1,CCC(C[NH+]1CC2CCCN(C(=O)Cc3cncc(C)c3)C2C1)OC,CCOC(=O)CN1C(=O)SC(=Cc2cn(CC(=O)N3CCCCCC3)c3ccccc23)C1=O,Cc1ccc(CC(=O)N2CCCC3C[NH+](CCF)CC32)cn1,CC(C)N1CCCC1C(=O)NCc1cnc(C(=O)[O-])c(F)c1,1.0,0.0,0.0,0.0,1.0,0.0,0.0,0.0,1.0,0.16,0.4794520547945205,0.2159090909090909,CCC(C[NH+]1CC2CCCN(C(=O)Cc3cncc(C)c3)C2C1)OC,CCOC(=O)Cn1cc(C=C2SC(=O)N(CC(=O)N3CCCCCC3)C2=O)c2ccccc21,Cc1ccc(CC(=O)N2CCCC3C[NH+](CCF)CC32)cn1,,1.0,0.0,1.0,
2370,d570d735d83fd78400dfb90d574fb116d571318ab0d870e389de8e5153bf91a6,Cc1cc(C)nc(NC(=O)CN2CSCCSC2)c1,Cc1cc(C)nc(NC(=O)CN2CSCCSC2)c1,Cc1ccc(CCCNC(=O)NCC2(C)CCOC2)c(C)c1,COc1cccc(NC(=O)C(C)N2CSCCSC2)n1,CC(C)N1CCCC1C(=O)NCc1cnc(C(=O)[O-])c(F)c1,Cc1cc(C)nc(NC(=O)CN2CSCCSC2)c1,Cc1ccc(CCCNC(=O)NCC2(C)CCOC2)c(C)c1,COc1cccc(NC(=O)C(C)N2CSCCSC2)n1,CC(C)N1CCCC1C(=O)NCc1cnc(C(=O)[O-])c(F)c1,1.0,0.0,0.0,0.0,1.0,0.0,0.0,0.0,1.0,0.16666666666666666,0.3114754098360656,0.17333333333333334,Cc1cc(C)nc(NC(=O)CN2CSCCSC2)c1,Cc1ccc(CCCNC(=O)NCC2(C)CCOC2)c(C)c1,COc1cccc(NC(=O)C(C)N2CSCCSC2)n1,,1.0,1.0,1.0,
6690,2eeaaaa7e4d8cdeeabe9585fe81b1836e73c461d1bd2c3b99cea17b09273413b,CC(Nc1ncnc2ccsc12)C1(S(C)(=O)=O)CC1,CC(Nc1ncnc2ccsc12)C1(S(C)(=O)=O)CC1,NCC1(CC(=O)N(CCO)C2CCS(=O)(=O)C2)CCC1,CCS(=O)(=O)C1(CNc2nc(-c3ccccc3Cl)cs2)CC1,CC(C)N1CCCC1C(=O)NCc1cnc(C(=O)[O-])c(F)c1,CC(Nc1ncnc2ccsc12)C1(S(C)(=O)=O)CC1,NCC1(CC(=O)N(CCO)C2CCS(=O)(=O)C2)CCC1,CCS(=O)(=O)C1(CNc2nc(-c3ccccc3Cl)cs2)CC1,CC(C)N1CCCC1C(=O)NCc1cnc(C(=O)[O-])c(F)c1,1.0,0.0,0.0,0.0,1.0,0.0,0.0,0.0,1.0,0.06493506493506493,0.19444444444444445,0.1518987341772152,CC(Nc1ncnc2ccsc12)C1(S(C)(=O)=O)CC1,NCC1(CC(=O)N(CCO)C2CCS(=O)(=O)C2)CCC1,CCS(=O)(=O)C1(CNc2nc(-c3ccccc3Cl)cs2)CC1,,1.0,1.0,1.0,
6169,a72411daae08d1e4d160f94aff594d82f0a6979c2eea176d8af265b9ace6edb1,Cc1cnc(-n2cc([N+](=O)[O-])c(C(=O)O)n2)nc1,Cc1cnc(-n2cc([N+](=O)[O-])c(C(=O)O)n2)nc1,COc1ccc(-c2nc(CC(=O)N3CCCC3CC(C)O)cs2)cc1OC,CCOC(=O)c1cnc(-n2cc([N+](=O)[O-])cn2)nc1C,CC(C)N1CCCC1C(=O)NCc1cnc(C(=O)[O-])c(F)c1,Cc1cnc(-n2cc([N+](=O)[O-])c(C(=O)O)n2)nc1,COc1ccc(-c2nc(CC(=O)N3CCCC3CC(C)O)cs2)cc1OC,CCOC(=O)c1cnc(-n2cc([N+](=O)[O-])cn2)nc1C,CC(C)N1CCCC1C(=O)NCc1cnc(C(=O)[O-])c(F)c1,1.0,0.0,0.0,0.0,1.0,0.0,0.0,0.0,1.0,0.10975609756097561,0.3559322033898305,0.1780821917808219,Cc1cnc(-n2cc([N+](=O)[O-])c(C(=O)O)n2)nc1,COc1ccc(-c2nc(CC(=O)N3CCCC3CC(C)O)cs2)cc1OC,CCOC(=O)c1cnc(-n2cc([N+](=O)[O-])cn2)nc1C,,1.0,1.0,1.0,
2532,5d89eae23ec6ab586cccb4f142dde951c245e609fecf4e88af26f76a136c193a,CCCC1CC1C(=O)NC1CCCCC1Nc1ccc2nccnc2n1,CCCC1CC1C(=O)NC1CCCCC1Nc1ccc2nccnc2n1,CCOC(=O)CC(C)(CCC(C)(CC(C)(C)C(=O)O)C(=O)OCC)C(=O)OC1C2CC(C2)C1(C)C(=O)O,CCCC1(C(=O)NC2CC(Nc3ncnc4c3ncn4C)C2)CCC1,CC(C)N1CCCC1C(=O)NCc1cnc(C(=O)[O-])c(F)c1,CCCC1CC1C(=O)NC1CCCCC1Nc1ccc2nccnc2n1,CCOC(=O)CC(C)(CCC(C)(CC(C)(C)C(=O)O)C(=O)OCC)C(=O)OC1C2CC(C2)C1(C)C(=O)O,CCCC1(C(=O)NC2CC(Nc3ncnc4c3ncn4C)C2)CCC1,CC(C)N1CCCC1C(=O)NCc1cnc(C(=O)[O-])c(F)c1,1.0,0.0,0.0,0.0,1.0,0.0,0.0,0.0,1.0,0.1111111111111111,0.23170731707317074,0.1927710843373494,CCCC1CC1C(=O)NC1CCCCC1Nc1ccc2nccnc2n1,CCOC(=O)C(C)(CO)CC(CO)(CC(CC)(CC(=O)OC1CC2CCC1(C)C2(C)C)C(=O)O)C(=O)OC,CCCC1(C(=O)NC2CC(Nc3ncnc4c3ncn4C)C2)CCC1,,1.0,0.0,1.0,
8801,38d8a2a98141b6e39cc556644f61bb7be09dbb455657e265819d5312ead94b2b,CC1(C(=O)OCCc2cn(CC(=O)[O-])nn2)CCCC1,CC1(C(=O)OCCc2cn(CC(=O)[O-])nn2)CCCC1,CCOc1ccc(Nc2c(C)cnn2CCO)cn1,COC(=O)Cn1cc(CCOC(=O)C2CCCC2O)nn1,CC(C)N1CCCC1C(=O)NCc1cnc(C(=O)[O-])c(F)c1,CC1(C(=O)OCCc2cn(CC(=O)[O-])nn2)CCCC1,CCOc1ccc(Nc2c(C)cnn2CCO)cn1,COC(=O)Cn1cc(CCOC(=O)C2CCCC2O)nn1,CC(C)N1CCCC1C(=O)NCc1cnc(C(=O)[O-])c(F)c1,1.0,0.0,0.0,0.0,1.0,0.0,0.0,0.0,1.0,0.12,0.45161290322580644,0.1625,CC1(C(=O)OCCc2cn(CC(=O)[O-])nn2)CCCC1,CCOc1ccc(Nc2c(C)cnn2CCO)cn1,COC(=O)Cn1cc(CCOC(=O)C2CCCC2O)nn1,,1.0,1.0,1.0,
7987,dec965e6aef43821a81c37d40a724b3e35c4356bf960d2f0299bba81152c462e,Cc1ccc2cc(S(=O)(=O)NC3CCCC3Cc3cnn(C)c3)ccc2c1,Cc1ccc2cc(S(=O)(=O)NC3CCCC3Cc3cnn(C)c3)ccc2c1,COc1ccnc(CN2Cc3ccccc3OC(C)(C)C2)c1OC,Cc1ccc2nc(CNS(=O)(=O)C3CC3c3cccc(F)c3)cn2c1,CC(C)N1CCCC1C(=O)NCc1cnc(C(=O)[O-])c(F)c1,Cc1ccc2cc(S(=O)(=O)NC3CCCC3Cc3cnn(C)c3)ccc2c1,COc1ccnc(CN2Cc3ccccc3OC(C)(C)C2)c1OC,Cc1ccc2nc(CNS(=O)(=O)C3CC3c3cccc(F)c3)cn2c1,CC(C)N1CCCC1C(=O)NCc1cnc(C(=O)[O-])c(F)c1,1.0,0.0,0.0,0.0,1.0,0.0,0.0,0.0,1.0,0.08888888888888889,0.2261904761904762,0.18823529411764706,Cc1ccc2cc(S(=O)(=O)NC3CCCC3Cc3cnn(C)c3)ccc2c1,COc1ccnc(CN2Cc3ccccc3OC(C)(C)C2)c1OC,Cc1ccc2nc(CNS(=O)(=O)C3CC3c3cccc(F)c3)cn2c1,,1.0,1.0,1.0,
4061,98d70dab802ee90c62f6c9c543fdd7ccf65cc7f78379fe06a86cc283b6cfd45f,CC=C(C)C(=O)N1CCC2(CCC[NH+](C3CCNC3=O)C2)C1,CC=C(C)C(=O)N1CCC2(CCC[NH+](C3CCNC3=O)C2)C1,C=CCNc1nc(C(=O)OCC(=O)c2ccc(NC(=O)CCCCC)cc2)cs1,C=CC(C)(C)C(=O)N1CCC2(CCC[NH+](C3CCNC3=O)C2)C1,CC(C)N1CCCC1C(=O)NCc1cnc(C(=O)[O-])c(F)c1,CC=C(C)C(=O)N1CCC2(CCC[NH+](C3CCNC3=O)C2)C1,C=CCNc1nc(C(=O)OCC(=O)c2ccc(NC(=O)CCCCC)cc2)cs1,C=CC(C)(C)C(=O)N1CCC2(CCC[NH+](C3CCNC3=O)C2)C1,CC(C)N1CCCC1C(=O)NCc1cnc(C(=O)[O-])c(F)c1,1.0,0.0,0.0,0.0,1.0,0.0,0.0,0.0,1.0,0.061855670103092786,0.6949152542372882,0.13793103448275862,CC=C(C)C(=O)N1CCC2(CCC[NH+](C3CCNC3=O)C2)C1,C=CCNc1nc(C(=O)OCC(=O)c2ccc(NC(=O)CCCCC)cc2)cs1,C=CC(C)(C)C(=O)N1CCC2(CCC[NH+](C3CCNC3=O)C2)C1,,1.0,1.0,1.0,
6511,e6c57b24ac31b850726bbe0034b59254dbccce7f6637e21864ca907226c4adf1,Cc1cocc1C(=O)N1CCC2(CC[NH+](Cc3cncc(F)c3)C2)C1,Cc1cocc1C(=O)N1CCC2(CC[NH+](Cc3cncc(F)c3)C2)C1,Cc1[nH]n(-c2ccccc2)c(=O)c1N=Nc1ccc(S(=O)(=O)[O-])cc1,CCc1nocc1C(=O)N1CCC2(CC[NH+](Cc3conc3C)C2)C1,CC(C)N1CCCC1C(=O)NCc1cnc(C(=O)[O-])c(F)c1,Cc1cocc1C(=O)N1CCC2(CC[NH+](Cc3cncc(F)c3)C2)C1,Cc1[nH]n(-c2ccccc2)c(=O)c1N=Nc1ccc(S(=O)(=O)[O-])cc1,CCc1nocc1C(=O)N1CCC2(CC[NH+](Cc3conc3C)C2)C1,CC(C)N1CCCC1C(=O)NCc1cnc(C(=O)[O-])c(F)c1,1.0,0.0,0.0,0.0,1.0,0.0,0.0,0.0,1.0,0.06593406593406594,0.48,0.18888888888888888,Cc1cocc1C(=O)N1CCC2(CC[NH+](Cc3cncc(F)c3)C2)C1,Cc1[nH]n(-c2ccc(S(=O)(=O)[O-])cc2)c(=O)c1N=Nc1ccccc1,CCc1nocc1C(=O)N1CCC2(CC[NH+](Cc3conc3C)C2)C1,,1.0,0.0,1.0,
5311,b4aefcfcf7bd96d96cd1d0f36ec349110301ba97197e535942fe31a16c79d9dd,CCn1ncc2ccc(NC(=O)N3CCC4NC(=O)CCC4C3)cc21,CCn1ncc2ccc(NC(=O)N3CCC4NC(=O)CCC4C3)cc21,COc1cc(C(=O)c2cnn3ccncc23)ccc1Cl,CN1CCCC(NC(=O)NCc2ccc3c(c2)ncn3C)C1=O,CC(C)N1CCCC1C(=O)NCc1cnc(C(=O)[O-])c(F)c1,CCn1ncc2ccc(NC(=O)N3CCC4NC(=O)CCC4C3)cc21,COc1cc(C(=O)c2cnn3ccncc23)ccc1Cl,CN1CCCC(NC(=O)NCc2ccc3c(c2)ncn3C)C1=O,CC(C)N1CCCC1C(=O)NCc1cnc(C(=O)[O-])c(F)c1,1.0,0.0,0.0,0.0,1.0,0.0,0.0,0.0,1.0,0.14942528735632185,0.20224719101123595,0.17777777777777778,CCn1ncc2ccc(NC(=O)N3CCC4NC(=O)CCC4C3)cc21,COc1cc(C(=O)c2cnn3ccncc23)ccc1Cl,CN1CCCC(NC(=O)NCc2ccc3c(c2)ncn3C)C1=O,,1.0,1.0,1.0,
5066,611bd5ef4203b32e4c7ffb68b30eebecb1959e1bf2dd1ff81187ef1aef4d02db,CCOc1cc(C(=O)N(CC)C2CCN(Cc3cncn3C)C2)on1,CCOc1cc(C(=O)N(CC)C2CCN(Cc3cncn3C)C2)on1,CCCNc1cncc(C(=O)NC2CCCC(SC)C2)n1,CCc1nc(C)c(C(=O)N(C)C2CN(CCn3cccn3)C2)o1,CC(C)N1CCCC1C(=O)NCc1cnc(C(=O)[O-])c(F)c1,CCOc1cc(C(=O)N(CC)C2CCN(Cc3cncn3C)C2)on1,CCCNc1cncc(C(=O)NC2CCCC(SC)C2)n1,CCc1nc(C)c(C(=O)N(C)C2CN(CCn3cccn3)C2)o1,CC(C)N1CCCC1C(=O)NCc1cnc(C(=O)[O-])c(F)c1,1.0,0.0,0.0,0.0,1.0,0.0,0.0,0.0,1.0,0.15555555555555556,0.2619047619047619,0.18888888888888888,CCOc1cc(C(=O)N(CC)C2CCN(Cc3cncn3C)C2)on1,CCCNc1cncc(C(=O)NC2CCCC(SC)C2)n1,CCc1nc(C)c(C(=O)N(C)C2CN(CCn3cccn3)C2)o1,,1.0,1.0,1.0,
2483,3bfa6cb810c0486a087e35b9078eec4e724a2d7fa58f44b315b3a000db6dd406,CC(C)(C)C1CCC(O)(CNC(=O)c2cn[nH]c2)CC1,CC(C)(C)C1CCC(O)(CNC(=O)c2cn[nH]c2)CC1,Cc1cnc(C(=O)N2CCC(NC(=O)C3CC3c3c[nH]cn3)C2)cn1,Cc1n[nH]cc1C(=O)NCC1(C)CCC(C)CC1,CC(C)N1CCCC1C(=O)NCc1cnc(C(=O)[O-])c(F)c1,CC(C)(C)C1CCC(O)(CNC(=O)c2cn[nH]c2)CC1,Cc1cnc(C(=O)N2CCC(NC(=O)C3CC3c3c[nH]cn3)C2)cn1,Cc1n[nH]cc1C(=O)NCC1(C)CCC(C)CC1,CC(C)N1CCCC1C(=O)NCc1cnc(C(=O)[O-])c(F)c1,1.0,0.0,0.0,0.0,1.0,0.0,0.0,0.0,1.0,0.17721518987341772,0.35,0.19736842105263158,CC(C)(C)C1CCC(O)(CNC(=O)c2cn[nH]c2)CC1,Cc1cnc(C(=O)N2CCC(NC(=O)C3CC3c3c[nH]cn3)C2)cn1,Cc1n[nH]cc1C(=O)NCC1(C)CCC(C)CC1,,1.0,1.0,1.0,
6058,5f85dd690451227b13453123be954c5aaebb5c5909afe165251fbb7450e9ad43,Cc1c(Cl)cnn1CCC(=O)NCC12CC3CC(CC(C3)C1)C2,Cc1c(Cl)cnn1CCC(=O)NCC12CC3CC(CC(C3)C1)C2,Cc1cc(Cl)ccc1S(=O)(=O)N(C)C1CCCc2c1cnn2C,O=C(CCn1cc(Cl)cn1)NCC12CC3CC(CC(C3)C1)C2,CC(C)N1CCCC1C(=O)NCc1cnc(C(=O)[O-])c(F)c1,Cc1c(Cl)cnn1CCC(=O)NCC12CC3CC(CC(C3)C1)C2,Cc1cc(Cl)ccc1S(=O)(=O)N(C)C1CCCc2c1cnn2C,O=C(CCn1cc(Cl)cn1)NCC12CC3CC(CC(C3)C1)C2,CC(C)N1CCCC1C(=O)NCc1cnc(C(=O)[O-])c(F)c1,1.0,0.0,0.0,0.0,1.0,0.0,0.0,0.0,1.0,0.17721518987341772,0.6226415094339622,0.175,Cc1c(Cl)cnn1CCC(=O)NCC12CC3CC(CC(C3)C1)C2,Cc1cc(Cl)ccc1S(=O)(=O)N(C)C1CCCc2c1cnn2C,O=C(CCn1cc(Cl)cn1)NCC12CC3CC(CC(C3)C1)C2,,1.0,1.0,1.0,
4776,763d9aa83e5d2b7b0d56ba51ae566993b7c56db99d7bbbbddeff4f1ae92eefb6,CCN1CCC(c2ccc(OC)cc2)C(NC(=O)c2ncc[nH]2)C1,CCN1CCC(c2ccc(OC)cc2)C(NC(=O)c2ncc[nH]2)C1,CCc1cc(C(=O)N(C)CCNc2cc(Cl)nc(C)n2)no1,COc1cccc(C2CC(O)CN2C(=O)c2cnc(C)[nH]2)c1,CC(C)N1CCCC1C(=O)NCc1cnc(C(=O)[O-])c(F)c1,CCN1CCC(c2ccc(OC)cc2)C(NC(=O)c2ncc[nH]2)C1,CCc1cc(C(=O)N(C)CCNc2cc(Cl)nc(C)n2)no1,COc1cccc(C2CC(O)CN2C(=O)c2cnc(C)[nH]2)c1,CC(C)N1CCCC1C(=O)NCc1cnc(C(=O)[O-])c(F)c1,1.0,0.0,0.0,0.0,1.0,0.0,0.0,0.0,1.0,0.13636363636363635,0.24096385542168675,0.17045454545454544,CCN1CCC(c2ccc(OC)cc2)C(NC(=O)c2ncc[nH]2)C1,CCc1cc(C(=O)N(C)CCNc2cc(Cl)nc(C)n2)no1,COc1cccc(C2CC(O)CN2C(=O)c2cnc(C)[nH]2)c1,,1.0,1.0,1.0,
9065,ebb18b549da460bd065d4e57b0e6f05614e96018256eab1b1568454600489f9b,CC1CC(C[NH2+]Cc2nncn2C)CN1C(=O)Cc1cncn1C,CC1CC(C[NH2+]Cc2nncn2C)CN1C(=O)Cc1cncn1C,CSc1ccc(S(=O)(=O)NC(C)C2CCCOC2)cc1,CC1CC([NH2+]Cc2nncn2C)CN1C(=O)CCn1ccnn1,CC(C)N1CCCC1C(=O)NCc1cnc(C(=O)[O-])c(F)c1,CC1CC(C[NH2+]Cc2nncn2C)CN1C(=O)Cc1cncn1C,CSc1ccc(S(=O)(=O)NC(C)C2CCCOC2)cc1,CC1CC([NH2+]Cc2nncn2C)CN1C(=O)CCn1ccnn1,CC(C)N1CCCC1C(=O)NCc1cnc(C(=O)[O-])c(F)c1,1.0,0.0,0.0,0.0,1.0,0.0,0.0,0.0,1.0,0.08139534883720931,0.4444444444444444,0.14606741573033707,CC1CC(C[NH2+]Cc2nncn2C)CN1C(=O)Cc1cncn1C,CSc1ccc(S(=O)(=O)NC(C)C2CCCOC2)cc1,CC1CC([NH2+]Cc2nccn2C)CN1C(=O)CCn1cnnn1,,1.0,1.0,0.0,
4308,f8af8d46343f0c90135ef7f8ae219a0092d0513993785a396cc243cca645e035,CN(C)C(=O)c1ccc(Nc2cncc(OC(F)F)c2)cc1,CN(C)C(=O)c1ccc(Nc2cncc(OC(F)F)c2)cc1,COc1cc(C(=O)NC2CCN(C(=O)C(C)C)CC2O)ncn1,CCN(CC)C(=O)c1cccc(Nc2ccc(OC(F)F)nc2)c1,CC(C)N1CCCC1C(=O)NCc1cnc(C(=O)[O-])c(F)c1,CN(C)C(=O)c1ccc(Nc2cncc(OC(F)F)c2)cc1,COc1cc(C(=O)NC2CCN(C(=O)C(C)C)CC2O)ncn1,CCN(CC)C(=O)c1cccc(Nc2ccc(OC(F)F)nc2)c1,CC(C)N1CCCC1C(=O)NCc1cnc(C(=O)[O-])c(F)c1,1.0,0.0,0.0,0.0,1.0,0.0,0.0,0.0,1.0,0.13924050632911392,0.41935483870967744,0.1518987341772152,CN(C)C(=O)c1ccc(Nc2cncc(OC(F)F)c2)cc1,COc1cc(C(=O)NC2CCN(C(=O)C(C)C)CC2O)ncn1,CCN(CC)C(=O)c1cccc(Nc2ccc(OC(F)F)nc2)c1,,1.0,1.0,1.0,
7446,e3b08724545f876c9376234ae1fab43b6b57cca387547f00474398cf4d3efdd5,C=CCN1C(=O)CCC2C1CCN2C(=O)c1ccnn1CCF,C=CCN1C(=O)CCC2C1CCN2C(=O)c1ccnn1CCF,CCC1(Nc2cnc(C)c(C)n2)CCC1,C=CCN1C(=O)CCC2C1CCN2C(=O)c1cc(C)nn1C,CC(C)N1CCCC1C(=O)NCc1cnc(C(=O)[O-])c(F)c1,C=CCN1C(=O)CCC2C1CCN2C(=O)c1ccnn1CCF,CCC1(Nc2cnc(C)c(C)n2)CCC1,C=CCN1C(=O)CCC2C1CCN2C(=O)c1cc(C)nn1C,CC(C)N1CCCC1C(=O)NCc1cnc(C(=O)[O-])c(F)c1,1.0,0.0,0.0,0.0,1.0,0.0,0.0,0.0,1.0,0.06493506493506493,0.6129032258064516,0.14772727272727273,C=CCN1C(=O)CCC2C1CCN2C(=O)c1ccnn1CCF,CCC1(Nc2cnc(C)c(C)n2)CCC1,C=CCN1C(=O)CCC2C1CCN2C(=O)c1cc(C)nn1C,,1.0,1.0,1.0,
7933,22e9cb7549e18ee783012b690504da9b54a84fb68fabdef1d658cdb3bdfd3d8a,CCCC(=O)NCC1CC(NC(=O)CC2CCCCC2C)C1,CCCC(=O)NCC1CC(NC(=O)CC2CCCCC2C)C1,COc1c(F)cccc1Nc1cc(Br)cnc1F,CC(C)CC(=O)NC1CC(NC(=O)CC2CCCCC2C)C1,CC(C)N1CCCC1C(=O)NCc1cnc(C(=O)[O-])c(F)c1,CCCC(=O)NCC1CC(NC(=O)CC2CCCCC2C)C1,COc1c(F)cccc1Nc1cc(Br)cnc1F,CC(C)CC(=O)NC1CC(NC(=O)CC2CCCCC2C)C1,CC(C)N1CCCC1C(=O)NCc1cnc(C(=O)[O-])c(F)c1,1.0,0.0,0.0,0.0,1.0,0.0,0.0,0.0,1.0,0.02666666666666667,0.5625,0.13924050632911392,CCCC(=O)NCC1CC(NC(=O)CC2CCCCC2C)C1,COc1cccc(Nc2cc(Br)cnc2F)c1F,CC(C)CC(=O)NC1CC(NC(=O)CC2CCCCC2C)C1,,1.0,0.0,1.0,
7904,ed6b4d999020f20124a4fd61f3129abf1f2f7ef7b56cea6b046cce729f004a67,CC#Cc1cncc(Nc2ccc(CC[NH+](C)C)cc2)c1,CC#Cc1cncc(Nc2ccc(CC[NH+](C)C)cc2)c1,CC(NC(=O)c1ccccc1)C(=O)OCC1CCc2c(OC3CC3)cccc21,CC(C#N)c1ccc(Nc2ccc(OCCC[NH+](C)C)nc2)cc1,CC(C)N1CCCC1C(=O)NCc1cnc(C(=O)[O-])c(F)c1,CC#Cc1cncc(Nc2ccc(CC[NH+](C)C)cc2)c1,CC(NC(=O)c1ccccc1)C(=O)OCC1CCc2c(OC3CC3)cccc21,CC(C#N)c1ccc(Nc2ccc(OCCC[NH+](C)C)nc2)cc1,CC(C)N1CCCC1C(=O)NCc1cnc(C(=O)[O-])c(F)c1,1.0,0.0,0.0,0.0,1.0,0.0,0.0,0.0,1.0,0.08433734939759036,0.3064516129032258,0.1125,CC#Cc1cncc(Nc2ccc(CC[NH+](C)C)cc2)c1,CC(NC(=O)c1ccccc1)C(=O)OC1CCc2c(OCC3CC3)cccc21,CC(C#N)c1ccc(Nc2ccc(OCCC[NH+](C)C)nc2)cc1,,1.0,0.0,1.0,
385,08e7eaef0d45e335d19293bbe99b1b45c0bab4aea2f07e49860ac8044bc40412,CN(CCC[NH3+])C(=O)C(=O)NC1CCC(=O)NC12CCC2,CN(CCC[NH3+])C(=O)C(=O)NC1CCC(=O)NC12CCC2,CCc1c[nH]c(C(C)C)n1)NS(=O)(=O)c1cccc2c1OCCC2,CN(CCC[NH3+])C(=O)NC1CCC(=O)NC12CCC2,CC(C)N1CCCC1C(=O)NCc1cnc(C(=O)[O-])c(F)c1,CN(CCC[NH3+])C(=O)C(=O)NC1CCC(=O)NC12CCC2,,CN(CCC[NH3+])C(=O)NC1CCC(=O)NC12CCC2,CC(C)N1CCCC1C(=O)NCc1cnc(C(=O)[O-])c(F)c1,1.0,0.0,0.0,0.0,1.0,0.0,0.0,0.0,1.0,0.0,0.8,0.12941176470588237,CN(CCC[NH3+])C(=O)C(=O)NC1CCC(=O)NC12CCC2,CCc1cccc2c1OCCC2NS(=O)(=O)c1c[nH]c(C(C)C)n1,CN(CCC[NH3+])C(=O)NC1CCC(=O)NC12CCC2,,1.0,0.0,1.0,
8926,98f82a0600599d891c810b06ce85699f0e975f80ec9d61e49e87ba6d3440f326,CC1Cc2ccccc2N1CC[NH2+]Cc1c(Cl)cnn1C,CC1Cc2ccccc2N1CC[NH2+]Cc1c(Cl)cnn1C,Cc1cc(Nc2ccc(C#N)nc2)c(F)cc1F,CCCn1nccc1C[NH2+]CCN1c2ccccc2CC1C,CC(C)N1CCCC1C(=O)NCc1cnc(C(=O)[O-])c(F)c1,CC1Cc2ccccc2N1CC[NH2+]Cc1c(Cl)cnn1C,Cc1cc(Nc2ccc(C#N)nc2)c(F)cc1F,CCCn1nccc1C[NH2+]CCN1c2ccccc2CC1C,CC(C)N1CCCC1C(=O)NCc1cnc(C(=O)[O-])c(F)c1,1.0,0.0,0.0,0.0,1.0,0.0,0.0,0.0,1.0,0.08108108108108109,0.5892857142857143,0.10588235294117647,CC1Cc2ccccc2N1CC[NH2+]Cc1c(Cl)cnn1C,Cc1cc(F)c(Nc2ccc(C#N)nc2)cc1F,CCCn1nccc1C[NH2+]CCN1c2ccccc2CC1C,,1.0,0.0,1.0,
6382,cfb8b995dcc9660db8d2d7217beef3bdf9186c665ab8458c9a81f07add5e3628,CC(C#N)COC(=O)C12CCC(CC1)C2(C)C,CC(C#N)COC(=O)C12CCC(CC1)C2(C)C,O=c1c([N+](=O)[O-])c(N2CCOC3(CCc4ccccc43)C2)nc2ccccn12,CC(CC(C)(C)O)OC(=O)C12CCC(CC1)C2,CC(C)N1CCCC1C(=O)NCc1cnc(C(=O)[O-])c(F)c1,CC(C#N)COC(=O)C12CCC(CC1)C2(C)C,O=c1c([N+](=O)[O-])c(N2CCOC3(CCc4ccccc43)C2)nc2ccccn12,CC(CC(C)(C)O)OC(=O)C12CCC(CC1)C2,CC(C)N1CCCC1C(=O)NCc1cnc(C(=O)[O-])c(F)c1,1.0,0.0,0.0,0.0,1.0,0.0,0.0,0.0,1.0,0.046511627906976744,0.2830188679245283,0.13513513513513514,CC(C#N)COC(=O)C12CCC(CC1)C2(C)C,O=c1c([N+](=O)[O-])c(N2CCOC3(CCc4ccccc43)C2)nc2ccccn12,CC(CC(C)(C)O)OC(=O)C12CCC(CC1)C2,,1.0,1.0,1.0,
4823,1d4d0af110a5c66366313e54326fbe8d2913ee0af5576e559580e90782beb8ac,CCNc1cn2ccnc2c(N(C)C2CCCC2)n1,CCNc1cn2ccnc2c(N(C)C2CCCC2)n1,CC[NH2+]C1CCN(CC(=O)NCC2CCCN(c3ccccc3)C2)CC1,CNc1cn2ccnc2c(NC2CCCC2SC)n1,CC(C)N1CCCC1C(=O)NCc1cnc(C(=O)[O-])c(F)c1,CCNc1cn2ccnc2c(N(C)C2CCCC2)n1,CC[NH2+]C1CCN(CC(=O)NCC2CCCN(c3ccccc3)C2)CC1,CNc1cn2ccnc2c(NC2CCCC2SC)n1,CC(C)N1CCCC1C(=O)NCc1cnc(C(=O)[O-])c(F)c1,1.0,0.0,0.0,0.0,1.0,0.0,0.0,0.0,1.0,0.1375,0.3870967741935484,0.15,CCNc1cn2ccnc2c(N(C)C2CCCC2)n1,CCN(CC(=O)NCC1CCN(c2ccccc2)C1)C1CCC[NH2+]CC1,CNc1cn2ccnc2c(NC2CCCC2SC)n1,,1.0,0.0,1.0,
404,d4e2955fe2225d61272aa234e61f6a7b8899e06630cf72b92ba225bf3937a34c,O=C(Nc1ccc(Br)c(F)c1)C1CC2C=CC1C2,O=C(Nc1ccc(Br)c(F)c1)C1CC2C=CC1C2,CC(C)(C)N1CC(C(=O)OCC(=O)N2CCN(S(=O)(=O)c3cccc(F)c3)CC2)CC1=O,Cc1ccc(Br)cc1NC(=O)C1CC2C=CC1C2,CC(C)N1CCCC1C(=O)NCc1cnc(C(=O)[O-])c(F)c1,O=C(Nc1ccc(Br)c(F)c1)C1CC2C=CC1C2,CC(C)(C)N1CC(C(=O)OCC(=O)N2CCN(S(=O)(=O)c3cccc(F)c3)CC2)CC1=O,Cc1ccc(Br)cc1NC(=O)C1CC2C=CC1C2,CC(C)N1CCCC1C(=O)NCc1cnc(C(=O)[O-])c(F)c1,1.0,0.0,0.0,0.0,1.0,0.0,0.0,0.0,1.0,0.12941176470588237,0.5294117647058824,0.20270270270270271,O=C(Nc1ccc(Br)c(F)c1)C1CC2C=CC1C2,CC(C)(C)N1CC(C(=O)OCC(=O)N2CCN(S(=O)(=O)c3cccc(F)c3)CC2)CC1=O,Cc1cc(Br)ccc1NC(=O)C1CC2C=CC1C2,,1.0,1.0,0.0,
1016,15277c5ee4893ed76bc441e2b5c2eabd11b3a3152fd2c78befd4818423992660,CC(C)n1nccc1Nc1ccc(OC(F)(F)F)nc1Cl,CC(C)n1nccc1Nc1ccc(OC(F)(F)F)nc1Cl,O=C(CCC(=O)Nc1c(F)cccc1F)NC1Cc2ccc(Cl)cc2C1,CCCn1nccc1Nc1ccnc(OC(F)(F)F)c1C,CC(C)N1CCCC1C(=O)NCc1cnc(C(=O)[O-])c(F)c1,CC(C)n1nccc1Nc1ccc(OC(F)(F)F)nc1Cl,O=C(CCC(=O)NC1Cc2ccc(Cl)cc2C1)Nc1c(F)cccc1F,CCCn1nccc1Nc1ccnc(OC(F)(F)F)c1C,CC(C)N1CCCC1C(=O)NCc1cnc(C(=O)[O-])c(F)c1,1.0,0.0,0.0,0.0,1.0,0.0,0.0,0.0,1.0,0.08974358974358974,0.3492063492063492,0.12195121951219512,CC(C)n1nccc1Nc1ccc(OC(F)(F)F)nc1Cl,O=C(CCC(=O)NC1Cc2ccc(Cl)cc2C1)Nc1c(F)cccc1F,CCCn1nc(C)cc1Nc1cccnc1OC(F)(F)F,,1.0,1.0,0.0,
3973,0ac13d00ad17c200655627ceae1e948b7fc8677d004c88ffe67874b80ea967c4,Cc1cccc(C[NH+]2CC3CC3(C(=O)Nc3nnnn3C)C2)n1,Cc1cccc(C[NH+]2CC3CC3(C(=O)Nc3nnnn3C)C2)n1,Cc1ccc2oc(C(=O)NCC(C)Nc3nc(C)ns3)cc2c1,Cc1nsc(C(=O)NC2CC3CC(C2)[NH+](Cc2cnnn2C)C3)n1,CC(C)N1CCCC1C(=O)NCc1cnc(C(=O)[O-])c(F)c1,Cc1cccc(C[NH+]2CC3CC3(C(=O)Nc3nnnn3C)C2)n1,Cc1ccc2oc(C(=O)NCC(C)Nc3nc(C)ns3)cc2c1,Cc1nsc(C(=O)NC2CC3CC(C2)[NH+](Cc2cnnn2C)C3)n1,CC(C)N1CCCC1C(=O)NCc1cnc(C(=O)[O-])c(F)c1,1.0,0.0,0.0,0.0,1.0,0.0,0.0,0.0,1.0,0.13186813186813187,0.2222222222222222,0.14285714285714285,Cc1cccc(C[NH+]2CC3CC3(C(=O)Nc3nnnn3C)C2)n1,Cc1ccc2oc(C(=O)NC(C)CNc3nc(C)ns3)cc2c1,Cc1nnsc1C(=O)NC1CC2CC(C1)[NH+](Cc1cn(C)nn1)C2,,1.0,0.0,0.0,
6279,c2471152a6689b7b2b1e78dbd803c7d5e6e2fd0fdba70cbafffbcf0abcae5f89,NC(=O)C1CCCC(NC(=O)Nc2ccnn2Cc2cccc3ccccc23)C1,NC(=O)C1CCCC(NC(=O)Nc2ccnn2Cc2cccc3ccccc23)C1,CCCn1c(C)nnc1SCC(=O)c1ccc2c(c1)NC(=O)C(C)O2,Cc1ccc(-c2nn(Cc3ccccc3)cc2C(=O)NNC(=O)NC2CCCC2)cc1,CC(C)N1CCCC1C(=O)NCc1cnc(C(=O)[O-])c(F)c1,NC(=O)C1CCCC(NC(=O)Nc2ccnn2Cc2cccc3ccccc23)C1,CCCn1c(C)nnc1SCC(=O)c1ccc2c(c1)NC(=O)C(C)O2,Cc1ccc(-c2nn(Cc3ccccc3)cc2C(=O)NNC(=O)NC2CCCC2)cc1,CC(C)N1CCCC1C(=O)NCc1cnc(C(=O)[O-])c(F)c1,1.0,0.0,0.0,0.0,1.0,0.0,0.0,0.0,1.0,0.1111111111111111,0.2558139534883721,0.15384615384615385,NC(=O)C1CCCC(NC(=O)Nc2ccnn2Cc2cccc3ccccc23)C1,CCCn1c(C)nnc1SCC(=O)c1ccc2c(c1)NC(=O)C(C)O2,Cc1ccc(-c2nn(Cc3ccccc3)cc2C(=O)NNC(=O)NC2CCCC2)cc1,,1.0,1.0,1.0,
9490,2a0382648cb8505630a6de09ba0cf8e088a47e8e87cb7289969819cb91b375cb,CCC1CN(C(=O)c2ccc(S(=O)(=O)CC3CC3)cc2)C(CC)CO1,CCC1CN(C(=O)c2ccc(S(=O)(=O)CC3CC3)cc2)C(CC)CO1,O=C(Nc1nc(Cc2ccccc2)cs1)C1CCS(=O)(=O)C1,CCC1CN(C(=O)c2ccc(S(=O)(=O)CC3CC3)cc2)C(C)CO1,CC(C)N1CCCC1C(=O)NCc1cnc(C(=O)[O-])c(F)c1,CCC1CN(C(=O)c2ccc(S(=O)(=O)CC3CC3)cc2)C(CC)CO1,O=C(Nc1nc(Cc2ccccc2)cs1)C1CCS(=O)(=O)C1,CCC1CN(C(=O)c2ccc(S(=O)(=O)CC3CC3)cc2)C(C)CO1,CC(C)N1CCCC1C(=O)NCc1cnc(C(=O)[O-])c(F)c1,1.0,0.0,0.0,0.0,1.0,0.0,0.0,0.0,1.0,0.12658227848101267,0.7959183673469388,0.16049382716049382,CCC1CN(C(=O)c2ccc(S(=O)(=O)CC3CC3)cc2)C(CC)CO1,O=C(Nc1nc(Cc2ccccc2)cs1)C1CCS(=O)(=O)C1,CCC1COC(C)CN1C(=O)c1ccc(S(=O)(=O)CC2CC2)cc1,,1.0,1.0,0.0,
6553,b7cbc18109e3e9f9a0dd30c32b55b49f9bd793822cefe6008e23630a86af2e20,CCOC(=O)c1cncc(Nc2cccc(O)c2)c1,CCOC(=O)c1cncc(Nc2cccc(O)c2)c1,COCCN(CCC(=O)NC(=O)NC(=O)[O-])CC(C)(C)C,CCOC(=O)c1cncc(Nc2ccc(O)cc2)c1,CC(C)N1CCCC1C(=O)NCc1cnc(C(=O)[O-])c(F)c1,CCOC(=O)c1cncc(Nc2cccc(O)c2)c1,COCCN(CCC(=O)NC(=O)NC(=O)[O-])CC(C)(C)C,CCOC(=O)c1cncc(Nc2ccc(O)cc2)c1,CC(C)N1CCCC1C(=O)NCc1cnc(C(=O)[O-])c(F)c1,1.0,0.0,0.0,0.0,1.0,0.0,0.0,0.0,1.0,0.1,0.75,0.13924050632911392,CCOC(=O)c1cncc(Nc2cccc(O)c2)c1,COCCN(CCC(=O)[O-])CC(=O)NC(=O)NC(C)(C)C,CCOC(=O)c1cncc(Nc2ccc(O)cc2)c1,,1.0,0.0,1.0,
3179,14795b8384406e9b2bea8b56d240dd7342b8cbf63c583388bb65aa76ada52e9e,C=C(Cl)CN1CCOCC1CNC(=O)c1cccc(OC)c1,C=C(Cl)CN1CCOCC1CNC(=O)c1cccc(OC)c1,CC(C)CCC[NH+]1CCC(CCNC(=O)Cn2ncnn2)C1,C=C(C)CCN1CCOCC1CNC(=O)c1ccc(OC)cc1,CC(C)N1CCCC1C(=O)NCc1cnc(C(=O)[O-])c(F)c1,C=C(Cl)CN1CCOCC1CNC(=O)c1cccc(OC)c1,CC(C)CCC[NH+]1CCC(CCNC(=O)Cn2ncnn2)C1,C=C(C)CCN1CCOCC1CNC(=O)c1ccc(OC)cc1,CC(C)N1CCCC1C(=O)NCc1cnc(C(=O)[O-])c(F)c1,1.0,0.0,0.0,0.0,1.0,0.0,0.0,0.0,1.0,0.13043478260869565,0.5846153846153846,0.15730337078651685,C=C(Cl)CN1CCOCC1CNC(=O)c1cccc(OC)c1,CC(C)CCC[NH+]1CCC(CCNC(=O)Cn2ncnn2)C1,C=C(C)CCN1CCOCC1CNC(=O)c1ccc(OC)cc1,,1.0,1.0,1.0,
4915,b9f874b20c8c3e092182814c8b724487e58c9c84034153421ae89f188d52eca6,Cc1cc(NS(=O)(=O)c2ccc(NCC(O)CO)cc2)no1,Cc1cc(NS(=O)(=O)c2ccc(NCC(O)CO)cc2)no1,CNc1cncc(Nc2ccc(C(C)C)cc2)c1,CC(=O)Nc1ccc(S(=O)(=O)Nc2cc(CO)on2)cc1,CC(C)N1CCCC1C(=O)NCc1cnc(C(=O)[O-])c(F)c1,Cc1cc(NS(=O)(=O)c2ccc(NCC(O)CO)cc2)no1,CNc1cncc(Nc2ccc(C(C)C)cc2)c1,CC(=O)Nc1ccc(S(=O)(=O)Nc2cc(CO)on2)cc1,CC(C)N1CCCC1C(=O)NCc1cnc(C(=O)[O-])c(F)c1,1.0,0.0,0.0,0.0,1.0,0.0,0.0,0.0,1.0,0.16129032258064516,0.48214285714285715,0.13414634146341464,Cc1cc(NS(=O)(=O)c2ccc(NCC(O)CO)cc2)no1,CNc1cncc(Nc2ccc(C(C)C)cc2)c1,CC(=O)Nc1ccc(S(=O)(=O)Nc2cc(CO)on2)cc1,,1.0,1.0,1.0,
7558,ca14f4270bc06754e175a5a9555a4bf829e6a4e1aaab7e1c8a513afa65290294,Oc1cccc(-c2cn(CC3CCC[NH2+]3)nn2)c1,Oc1cccc(-c2cn(CC3CCC[NH2+]3)nn2)c1,Cc1cn(C)nc1C(=O)N1CCCC1C[NH2+]Cc1nccs1,CC(=O)c1ccc(-c2cn(CC3CCC[NH2+]3)nn2)cc1,CC(C)N1CCCC1C(=O)NCc1cnc(C(=O)[O-])c(F)c1,Oc1cccc(-c2cn(CC3CCC[NH2+]3)nn2)c1,Cc1cn(C)nc1C(=O)N1CCCC1C[NH2+]Cc1nccs1,CC(=O)c1ccc(-c2cn(CC3CCC[NH2+]3)nn2)cc1,CC(C)N1CCCC1C(=O)NCc1cnc(C(=O)[O-])c(F)c1,1.0,0.0,0.0,0.0,1.0,0.0,0.0,0.0,1.0,0.13095238095238096,0.6037735849056604,0.13580246913580246,Oc1cccc(-c2cn(CC3CCC[NH2+]3)nn2)c1,Cc1cn(C)nc1C(=O)N1CCCC1C[NH2+]Cc1nccs1,CC(=O)c1ccc(-c2cn(CC3CCC[NH2+]3)nn2)cc1,,1.0,1.0,1.0,
1011,124f9e8b36e1025617eaf1d0308acb384665ed99e03d266d0d2d391c0e3d55f1,O=C(c1ccco1)N1CCCC2C1CC[NH+]2CCC1CCOC1,O=C(c1ccco1)N1CCCC2C1CC[NH+]2CCC1CCOC1,CCc1ccc(OCc2cnc(Cl)cn2)c([N+](=O)[O-])c1,O=C(c1cnco1)N1CCC2(CC1)CC[NH+](CC1CCCOC1)C2,CC(C)N1CCCC1C(=O)NCc1cnc(C(=O)[O-])c(F)c1,O=C(c1ccco1)N1CCCC2C1CC[NH+]2CCC1CCOC1,CCc1ccc(OCc2cnc(Cl)cn2)c([N+](=O)[O-])c1,O=C(c1cnco1)N1CCC2(CC1)CC[NH+](CC1CCCOC1)C2,CC(C)N1CCCC1C(=O)NCc1cnc(C(=O)[O-])c(F)c1,1.0,0.0,0.0,0.0,1.0,0.0,0.0,0.0,1.0,0.07954545454545454,0.2891566265060241,0.17045454545454544,O=C(c1ccco1)N1CCCC2C1CC[NH+]2CCC1CCOC1,CCc1ccc(OCc2cnc(Cl)cn2)c([N+](=O)[O-])c1,O=C(c1cnco1)N1CCC2(CC1)CC[NH+](CC1CCCOC1)C2,,1.0,1.0,1.0,
8145,d5f1cab98095f5d6b189f7556d4a86c8546612fa8577bb54b732311a3d96d3fe,CC(OC(=O)Cc1ncccc1F)C(=O)NC(=O)NC1CC1,CC(OC(=O)Cc1ncccc1F)C(=O)NC(=O)NC1CC1,O=C(O)CN1C(=O)N(c2cccc(NC(=O)CN3C(=O)CCCN(C(=O)c4ccccc4)C3=O)c2)c2ccccc21,CCCC(C(=O)OCC(=O)NC(=O)NC1CC1)c1ccccn1,CC(C)N1CCCC1C(=O)NCc1cnc(C(=O)[O-])c(F)c1,CC(OC(=O)Cc1ncccc1F)C(=O)NC(=O)NC1CC1,O=C(O)Cn1c(=O)n(-c2cccc(NC(=O)CN3C(=O)CCCN(C(=O)c4ccccc4)C3=O)c2)c2ccccc21,CCCC(C(=O)OCC(=O)NC(=O)NC1CC1)c1ccccn1,CC(C)N1CCCC1C(=O)NCc1cnc(C(=O)[O-])c(F)c1,1.0,0.0,0.0,0.0,1.0,0.0,0.0,0.0,1.0,0.10204081632653061,0.417910447761194,0.22784810126582278,CC(OC(=O)Cc1ncccc1F)C(=O)NC(=O)NC1CC1,O=C(CN1C(=O)N(CC(=O)N2CCCC2)c2ccccc2N(c2ccccc2)C1=O)Nc1cccc(C(=O)O)c1,CCCC(C(=O)OCC(=O)NC(=O)NC1CC1)c1ccccn1,,1.0,0.0,1.0,
847,e4192f26c3656c823542a20205601fd44035bc3fc07cfac94ef8fabe22996cdc,CN1CCOc2ccc(NC(=O)C3OCCC3[NH3+])cc21,CN1CCOc2ccc(NC(=O)C3OCCC3[NH3+])cc21,COC(=O)C1C(=O)N2C(C(=O)OCCBr)=CSC12C(=O)NCc1cccs1,CN1CCC(C(=O)Nc2ccc3c(c2)N(C)CCO3)O1,CC(C)N1CCCC1C(=O)NCc1cnc(C(=O)[O-])c(F)c1,CN1CCOc2ccc(NC(=O)C3OCCC3[NH3+])cc21,COC(=O)C1C(=O)N2C(C(=O)OCCBr)=CSC12C(=O)NCc1cccs1,CN1CCC(C(=O)Nc2ccc3c(c2)N(C)CCO3)O1,CC(C)N1CCCC1C(=O)NCc1cnc(C(=O)[O-])c(F)c1,1.0,0.0,0.0,0.0,1.0,0.0,0.0,0.0,1.0,0.13186813186813187,0.6415094339622641,0.1728395061728395,CN1CCOc2ccc(NC(=O)C3OCCC3[NH3+])cc21,COC(=O)C1C(C(=O)OCCBr)=CSC2C(NC(=O)Cc3cccs3)C(=O)N12,CN1CCOc2ccc(NC(=O)C3CCC(CN)O3)cc21,,1.0,0.0,0.0,
4788,e3c5aa5748e514f576e88f8965b42727a38924f81ed143afe50e9e16d9bde0bb,Cc1c(C(=O)NC2(C(N)=O)CCOC2)nnn1-c1cccc([N+](=O)[O-])c1,Cc1c(C(=O)NC2(C(N)=O)CCOC2)nnn1-c1cccc([N+](=O)[O-])c1,O=C1CC(CC(=O)N2CCC(NC(=O)Cc3cc[nH]n3)CC2)CO1,O=C(NC1(CO)CCOC1)c1cn(-c2cccc([N+](=O)[O-])c2)nn1,CC(C)N1CCCC1C(=O)NCc1cnc(C(=O)[O-])c(F)c1,Cc1c(C(=O)NC2(C(N)=O)CCOC2)nnn1-c1cccc([N+](=O)[O-])c1,O=C(Cc1cc[nH]n1)NC1CCN(C(=O)CC2COC(=O)C2)CC1,O=C(NC1(CO)CCOC1)c1cn(-c2cccc([N+](=O)[O-])c2)nn1,CC(C)N1CCCC1C(=O)NCc1cnc(C(=O)[O-])c(F)c1,1.0,0.0,0.0,0.0,1.0,0.0,0.0,0.0,1.0,0.11224489795918367,0.4805194805194805,0.14893617021276595,Cc1c(C(=O)NC2(C(N)=O)CCOC2)nnn1-c1cccc([N+](=O)[O-])c1,O=C(Cc1cc[nH]n1)NC1CCN(C(=O)CC2COC(=O)C2)CC1,O=C(NC1(CO)CCOC1)c1cn(-c2cccc([N+](=O)[O-])c2)nn1,,1.0,1.0,1.0,
9510,d645e352f20faba799487f4b97640e7cb9d472486b32450e05a254dd980b8948,COc1ncc(Cl)cc1Nc1ccc(C)c(C#N)c1,COc1ncc(Cl)cc1Nc1ccc(C)c(C#N)c1,CC(C)C(NC(=O)c1oc2ccccc2c1CO)c1ccccc1,COc1ccc(Cl)cc1Nc1cnc(C#N)c(C)c1,CC(C)N1CCCC1C(=O)NCc1cnc(C(=O)[O-])c(F)c1,COc1ncc(Cl)cc1Nc1ccc(C)c(C#N)c1,CC(C)C(NC(=O)c1oc2ccccc2c1CO)c1ccccc1,COc1ccc(Cl)cc1Nc1cnc(C#N)c(C)c1,CC(C)N1CCCC1C(=O)NCc1cnc(C(=O)[O-])c(F)c1,1.0,0.0,0.0,0.0,1.0,0.0,0.0,0.0,1.0,0.06493506493506493,0.4642857142857143,0.0963855421686747,COc1ncc(Cl)cc1Nc1ccc(C)c(C#N)c1,CC(C)C(NC(=O)c1oc2ccccc2c1CO)c1ccccc1,COc1ccc(Nc2cc(Cl)cnc2C)cc1C#N,,1.0,1.0,0.0,
7387,bb45b07608d5f07344583225dc59e09237db24d13d6c098206b9ef65a44fd446,CC[NH+]1CCN(CC(=O)N2CC(C(=O)OC)c3ccccc32)CC1,CC[NH+]1CCN(CC(=O)N2CC(C(=O)OC)c3ccccc32)CC1,Cc1cc(C(=O)N(C)CC2CCN2C(=O)C(C)n2cccc2)ns1,CC(C(=O)N1CCc2ccccc21)[NH+]1CCN(CC(=O)[O-])CC1,CC(C)N1CCCC1C(=O)NCc1cnc(C(=O)[O-])c(F)c1,CC[NH+]1CCN(CC(=O)N2CC(C(=O)OC)c3ccccc32)CC1,Cc1cc(C(=O)N(C)CC2CCN2C(=O)C(C)n2cccc2)ns1,CC(C(=O)N1CCc2ccccc21)[NH+]1CCN(CC(=O)[O-])CC1,CC(C)N1CCCC1C(=O)NCc1cnc(C(=O)[O-])c(F)c1,1.0,0.0,0.0,0.0,1.0,0.0,0.0,0.0,1.0,0.15476190476190477,0.3188405797101449,0.1411764705882353,CC[NH+]1CCN(CC(=O)N2CC(C(=O)OC)c3ccccc32)CC1,Cc1cc(C(=O)N(C)CC2CCN2C(=O)C(C)n2cccc2)ns1,CC(C(=O)[O-])[NH+]1CCN(CC(=O)N2CCc3ccccc32)CC1,,1.0,1.0,0.0,
3318,102fd8767277a7505e8f7535bbc9b9eddcd3e417fc91b2d2737eb78a2496f935,CC(C)(C)COS(=O)(=O)c1ccc(Nc2cccnc2C#N)cc1,CC(C)(C)COS(=O)(=O)c1ccc(Nc2cccnc2C#N)cc1,COc1cc(OC)c(Cn2nccc2NC(=O)c2nccs2)c(OC)c1,Cc1ccnc(Nc2cccc(S(=O)(=O)NC(C)(C)C)c2)c1C#N,CC(C)N1CCCC1C(=O)NCc1cnc(C(=O)[O-])c(F)c1,CC(C)(C)COS(=O)(=O)c1ccc(Nc2cccnc2C#N)cc1,COc1cc(OC)c(Cn2nccc2NC(=O)c2nccs2)c(OC)c1,Cc1ccnc(Nc2cccc(S(=O)(=O)NC(C)(C)C)c2)c1C#N,CC(C)N1CCCC1C(=O)NCc1cnc(C(=O)[O-])c(F)c1,1.0,0.0,0.0,0.0,1.0,0.0,0.0,0.0,1.0,0.13253012048192772,0.3,0.11764705882352941,CC(C)(C)COS(=O)(=O)c1ccc(Nc2cccnc2C#N)cc1,COc1cc(OC)c(Cn2nccc2NC(=O)c2nccs2)c(OC)c1,Cc1ccnc(C#N)c1Nc1cccc(S(=O)(=O)NC(C)(C)C)c1,,1.0,1.0,0.0,
2678,d52b7f7d0c7ebc82c2e4bab4f99db1606e78031953b8b8dd4742496794921c1a,CCN(CC(=O)N1CCCCCC1)c1ncnc(-c2ccccc2)n1,CCN(CC(=O)N1CCCCCC1)c1ncnc(-c2ccccc2)n1,COc1ccc(C=CC(=O)NCC2CCC3(CCOCC3)C2O)cc1O,CCC(=O)N1CCN(c2cc(CC)nc(-c3ccccn3)n2)CC1,CC(C)N1CCCC1C(=O)NCc1cnc(C(=O)[O-])c(F)c1,CCN(CC(=O)N1CCCCCC1)c1ncnc(-c2ccccc2)n1,COc1ccc(C=CC(=O)NCC2CCC3(CCOCC3)C2O)cc1O,CCC(=O)N1CCN(c2cc(CC)nc(-c3ccccn3)n2)CC1,CC(C)N1CCCC1C(=O)NCc1cnc(C(=O)[O-])c(F)c1,1.0,0.0,0.0,0.0,1.0,0.0,0.0,0.0,1.0,0.10112359550561797,0.3235294117647059,0.16049382716049382,CCN(CC(=O)N1CCCCCC1)c1ncnc(-c2ccccc2)n1,COc1ccc(C=CC(=O)NCC2CCC3(CCOCC3)C2O)cc1O,CCC(=O)N1CCN(c2cc(CC)nc(-c3ccccn3)n2)CC1,,1.0,1.0,1.0,
9635,8723ea02d0e51ce6c9fe3dd4b297080a9aab6c0ae61d899c3eb0588e37410419,COCC1(C(=O)NC(C)CN(C)C(=O)C2CCOC2)CCC1,COCC1(C(=O)NC(C)CN(C)C(=O)C2CCOC2)CCC1,CCOC(=O)CCCCCCNC(=O)NC1CC2CCC1(C)C2(C)C,CCC1OCCC1C(=O)NCCN(CC)C(=O)C1(CC)CCC1,CC(C)N1CCCC1C(=O)NCc1cnc(C(=O)[O-])c(F)c1,COCC1(C(=O)NC(C)CN(C)C(=O)C2CCOC2)CCC1,CCOC(=O)CCCCCCNC(=O)NC1CC2CCC1(C)C2(C)C,CCC1OCCC1C(=O)NCCN(CC)C(=O)C1(CC)CCC1,CC(C)N1CCCC1C(=O)NCc1cnc(C(=O)[O-])c(F)c1,1.0,0.0,0.0,0.0,1.0,0.0,0.0,0.0,1.0,0.14634146341463414,0.24,0.13953488372093023,COCC1(C(=O)NC(C)CN(C)C(=O)C2CCOC2)CCC1,CCOC(=O)CCCCCCNC(=O)NC1CC2CCC1(C)C2(C)C,CCCN(CCNC(=O)C1CCOC1C)C(=O)C1(CC)CCC1,,1.0,1.0,0.0,
980,11eb877963af604b84c216340b5b71af4e3bc4532be0b7cdc2242e09bb5f5189,Cc1nc(C[NH2+]CCCCCCNC(=O)CC2(C)CC2)oc1C,Cc1nc(C[NH2+]CCCCCCNC(=O)CC2(C)CC2)oc1C,COc1ccc(CC(=O)NCCc2c[nH]c3ccc(F)cc23)c(C)c1,CCc1cnc(C[NH2+]CCCCCNC(=O)CCC2CC2C)o1,CC(C)N1CCCC1C(=O)NCc1cnc(C(=O)[O-])c(F)c1,Cc1nc(C[NH2+]CCCCCCNC(=O)CC2(C)CC2)oc1C,COc1ccc(CC(=O)NCCc2c[nH]c3ccc(F)cc23)c(C)c1,CCc1cnc(C[NH2+]CCCCCNC(=O)CCC2CC2C)o1,CC(C)N1CCCC1C(=O)NCc1cnc(C(=O)[O-])c(F)c1,1.0,0.0,0.0,0.0,1.0,0.0,0.0,0.0,1.0,0.15476190476190477,0.4,0.11627906976744186,Cc1nc(C[NH2+]CCCCCCNC(=O)CC2(C)CC2)oc1C,COc1ccc(CC(=O)NCCc2c[nH]c3ccc(F)cc23)c(C)c1,CCc1cnc(C[NH2+]CCCCCCNC(=O)CC2CC2C)o1,,1.0,1.0,0.0,
8501,09650e257783bcaabcc0414ef56c7916480c4e5967e0134fc78ca8b7e9a07f1a,Cc1coc(CN2CCn3c(nc(CC(=O)NCc4ccc(F)cc4)c(O)c3=O)C2(C)C)n1,Cc1nc(CN2CCn3c(CC(=O)NCc4ccc(F)cc4)c(O)c(=O)c3C2(C)C)co1,CC(C)(C)C(NC(=O)C(F)(F)F)C(=O)N1CC2C(C1C(=O)NC(C#N)CC1CCC1)C2C(=O)NC1,Cc1cccc(CNC(=O)C2CC2c2nc3c(ccc3-c3cc(OC(C)(C)C(=O)N(C)C)c2)C(=O)O)[nH+]1,CC(C)N1CCCC1C(=O)NCc1cnc(C(=O)[O-])c(F)c1,,,,CC(C)N1CCCC1C(=O)NCc1cnc(C(=O)[O-])c(F)c1,0.0,0.0,0.0,0.0,0.0,0.0,0.0,0.0,0.0,0.0,0.0,0.1875,Cc1coc(CN2CCn3c(nc(CC(=O)NCc4ccc(F)cc4)c(O)c3=O)C2(C)C)n1,CC1(C)C2CN(C(=O)C(NC(=O)C(F)(F)F)C3CC3)C(C(=O)NC(CC#N)CC3CCCNC3=O)C21,COc1cccc(-c2ccc(CNC(=O)C3CC3c3[nH+]c(C)no3)c3c2CCN(C(=O)C(C)(C)O)C3)c1,,0.0,0.0,0.0,
5102,b193c004c879e47d45cb470accacbf55d29abdc53da1225dd5e2de2a30c9ee38,COC(=O)Cc1ccc(Nc2cnc(C)c(Br)c2)cc1,COC(=O)Cc1ccc(Nc2cnc(Br)c(C)c2)cc1,CCOC(=O)c1cc(OCCN(C)C)ccc1NC(=O)C=C(C)c1ccc2ccccc2c1,CCOC(=O)Cc1ccc(Nc2ccc(C)nc2)c(I)c1,CC(C)N1CCCC1C(=O)NCc1cnc(C(=O)[O-])c(F)c1,COC(=O)Cc1ccc(Nc2cnc(Br)c(C)c2)cc1,CCOC(=O)c1cc(OCCN(C)C)ccc1NC(=O)C=C(C)c1ccc2ccccc2c1,CCOC(=O)Cc1ccc(Nc2ccc(C)nc2)c(I)c1,CC(C)N1CCCC1C(=O)NCc1cnc(C(=O)[O-])c(F)c1,0.0,0.0,0.0,0.0,0.0,0.0,0.0,0.0,0.7333333333333333,0.15853658536585366,0.4067796610169492,0.17105263157894737,COC(=O)Cc1ccc(Nc2cnc(C)c(Br)c2)cc1,CCOC(=O)c1cc(OCCN(C)C)ccc1NC(=O)C=C(C)c1ccc2ccccc2c1,CCOC(=O)Cc1ccc(Nc2ccc(C)nc2)c(I)c1,,0.0,1.0,1.0,
200,fab2d571d4ad2bb6b93656da5dffed6f92be431dc525cef38126cf38eb594fe6,Cc1cn(C2CCOCC2)nc1C(=O)NC(CO)c1ncc[nH]1,Cc1cc(C(=O)NC(CO)c2cc[nH]n2)nn1C1CCOCC1,CCc1nocc1C(=O)NC1CCCN(C(C)c2cnc(C)cn2)C1,CC(=O)c1ccc(NCc2n[nH]c(C3CCOCC3)n2)nc1,CC(C)N1CCCC1C(=O)NCc1cnc(C(=O)[O-])c(F)c1,Cc1cc(C(=O)NC(CO)c2cc[nH]n2)nn1C1CCOCC1,CCc1nocc1C(=O)NC1CCCN(C(C)c2cnc(C)cn2)C1,CC(=O)c1ccc(NCc2n[nH]c(C3CCOCC3)n2)nc1,CC(C)N1CCCC1C(=O)NCc1cnc(C(=O)[O-])c(F)c1,0.0,0.0,0.0,0.0,0.0,0.0,0.0,0.0,0.43243243243243246,0.1978021978021978,0.23170731707317074,0.1839080459770115,Cc1cn(C2CCOCC2)nc1C(=O)NC(CO)c1ncc[nH]1,CCc1nocc1C(=O)NC1CCCN(C(C)c2cnc(C)cn2)C1,CC(=O)c1ccc(NCc2n[nH]c(C3CCOCC3)n2)nc1,,0.0,1.0,1.0,
9368,e2285ecbe2ec928637a3d488bfa839bc1ec8220e4db8aa5bb89a83e264c118d0,Cc1ccccc1-n1nc2c(c1NC(=O)C1CC(=O)N(c3ccc(F)cc3)C1)CSC2,Cc1ccccc1N1CC(C(=O)Nc2c3c(nn2-c2ccc(F)cc2)CSC3)CC1=O,Cc1c(C(=O)OC2CC(=O)N(C)C2C)cnc2ccccc12,Cc1ccccc1N1CC(C(=O)Nc2c3c(nn2-c2ccc(Cl)cc2)CSC3)CC1=O,CC(C)N1CCCC1C(=O)NCc1cnc(C(=O)[O-])c(F)c1,Cc1ccccc1N1CC(C(=O)Nc2c3c(nn2-c2ccc(F)cc2)CSC3)CC1=O,Cc1c(C(=O)OC2CC(=O)N(C)C2C)cnc2ccccc12,Cc1ccccc1N1CC(C(=O)Nc2c3c(nn2-c2ccc(Cl)cc2)CSC3)CC1=O,CC(C)N1CCCC1C(=O)NCc1cnc(C(=O)[O-])c(F)c1,0.0,0.0,0.0,0.0,0.0,0.0,0.0,0.0,0.875,0.20689655172413793,0.7391304347826086,0.15789473684210525,Cc1ccccc1-n1nc2c(c1NC(=O)C1CC(=O)N(c3ccc(F)cc3)C1)CSC2,Cc1c(C(=O)OC2CC(=O)N(C)C2C)cnc2ccccc12,Cc1ccccc1-n1nc2c(c1NC(=O)C1CC(=O)N(c3ccc(Cl)cc3)C1)CSC2,,0.0,1.0,0.0,
6267,2902c805e2713f7bd8a68198ff5071f9927b58c02c41aeabd9856a772ce02dad,CCOc1cc(-c2nc(CC3CC3)no2)ccc1OCC(=O)OC,CCOc1cc(-c2noc(CC3CC3)n2)ccc1OCC(=O)OC,Cc1cc(C(=O)NC(C)c2ccncc2)cc(S(=O)(=O)N2CCC(C)CC2)c1C,COc1cc(-c2noc(CC3CC3)n2)ccc1OCCC(C)C,CC(C)N1CCCC1C(=O)NCc1cnc(C(=O)[O-])c(F)c1,CCOc1cc(-c2noc(CC3CC3)n2)ccc1OCC(=O)OC,Cc1cc(C(=O)NC(C)c2ccncc2)cc(S(=O)(=O)N2CCC(C)CC2)c1C,COc1cc(-c2noc(CC3CC3)n2)ccc1OCCC(C)C,CC(C)N1CCCC1C(=O)NCc1cnc(C(=O)[O-])c(F)c1,0.0,0.0,0.0,0.0,0.0,0.0,0.0,0.0,0.711864406779661,0.14606741573033707,0.38571428571428573,0.16279069767441862,CCOc1cc(-c2nc(CC3CC3)no2)ccc1OCC(=O)OC,Cc1cc(C(=O)NC(C)c2ccncc2)cc(S(=O)(=O)N2CCC(C)CC2)c1C,COc1cc(-c2nc(CC3CC3)no2)ccc1OCCC(C)C,,0.0,1.0,0.0,
8097,b444e0d687585a47bb18ea01e6638d879bcea88d88f03434879b3bdeca20f138,O=C(NCCS(=O)Cc1noc(-c2cccc(Cl)c2)n1)C1CCCC1,O=C(C1CCCC1)NCCS(=O)(=O)Cc1noc(-c2cccc(Cl)c2)n1,C[NH+]1CCN(Cc2cccc(Cc3ccccc3F)c2)CC1,NC(=O)CCC1CCN(Cc2cc(-c3ccccc3Cl)on2)CC1,CC(C)N1CCCC1C(=O)NCc1cnc(C(=O)[O-])c(F)c1,O=C(NCCS(=O)(=O)Cc1noc(-c2cccc(Cl)c2)n1)C1CCCC1,C[NH+]1CCN(Cc2cccc(Cc3ccccc3F)c2)CC1,NC(=O)CCC1CCN(Cc2cc(-c3ccccc3Cl)on2)CC1,CC(C)N1CCCC1C(=O)NCc1cnc(C(=O)[O-])c(F)c1,0.0,0.0,0.0,0.0,0.0,0.0,0.0,0.0,0.6984126984126984,0.0963855421686747,0.2289156626506024,0.17045454545454544,O=C(NCCS(=O)Cc1noc(-c2cccc(Cl)c2)n1)C1CCCC1,C[NH+]1CCN(Cc2cccc(Cc3ccccc3F)c2)CC1,NC(=O)CCC1CCN(Cc2cc(-c3ccccc3Cl)on2)CC1,,0.0,1.0,1.0,
7225,a8836f9250b15d553a88eb464047dec78f572c3c024730df48d13e3baa947d1b,CONC1=CCc2cc(N3CCCCC3)ccc21,CON1CCc2cc(N3CCCCC3)ccc2C1,Cn1cc(NC(=O)c2nc(-c3cscc3N3CCNCC3)n3ccsc23)c(=O)n1,CN1CCc2ccc(NC(=O)CCC3CCCO3)cc21,CC(C)N1CCCC1C(=O)NCc1cnc(C(=O)[O-])c(F)c1,CON1CCc2cc(N3CCCCC3)ccc2C1,,CN1CCc2ccc(NC(=O)CCC3CCCO3)cc21,CC(C)N1CCCC1C(=O)NCc1cnc(C(=O)[O-])c(F)c1,0.0,0.0,0.0,0.0,0.0,0.0,0.0,0.0,0.44680851063829785,0.0,0.1527777777777778,0.11842105263157894,CONC1=CCc2cc(N3CCCCC3)ccc21,Cn1c(=O)n(-c2csc(C(=O)Nc3cnccc3N3CCNCC3)n2)c2cscc21,CN1CCc2ccc(NC(=O)CCC3CCCO3)cc21,,0.0,0.0,1.0,
4775,22f2215d31b2055bd972fdda773675e55020d97f7feeffb1f2af72bff6c7d4a1,Cc1cccc(S(=O)(=O)CCCOC(=O)COc2ccsc2)c1,Cc1cccc(OCC(=O)OCCCS(=O)(=O)c2ccsc2)c1,Cn1c(CC[NH2+]C2(CO)CCc3ccccc32)nc2ccccc21,CCOC(=O)c1csc(CNC(=O)CCOCc2ccccc2)n1,CC(C)N1CCCC1C(=O)NCc1cnc(C(=O)[O-])c(F)c1,Cc1cccc(OCC(=O)OCCCS(=O)(=O)c2ccsc2)c1,Cn1c(CC[NH2+]C2(CO)CCc3ccccc32)nc2ccccc21,CCOC(=O)c1csc(CNC(=O)CCOCc2ccccc2)n1,CC(C)N1CCCC1C(=O)NCc1cnc(C(=O)[O-])c(F)c1,0.0,0.0,0.0,0.0,0.0,0.0,0.0,0.0,0.7777777777777778,0.11764705882352941,0.18292682926829268,0.10112359550561797,Cc1cccc(S(=O)(=O)CCCOC(=O)COc2ccsc2)c1,Cn1c(CC[NH2+]C2(CO)CCc3ccccc32)nc2ccccc21,CCOC(=O)c1csc(CNC(=O)CCOCc2ccccc2)n1,,0.0,1.0,1.0,
3247,46d30271a9aa13c9354a8d4ee4692d58b749f7b67f2e42c84ed5a6b14e0e74f6,CC(O)C1C(O)C2CCC1(C)C2(C)C,CC(O)C1C(O)C2(C)CCC(C2)C1(C)C,O=C(NCC1CC[NH+](Cc2ccns2)C1)c1cc(Cl)c[nH]1,CNC1C2CCC(C1O)C2(C)C,CC(C)N1CCCC1C(=O)NCc1cnc(C(=O)[O-])c(F)c1,CC(O)C1C(O)C2(C)CCC(C2)C1(C)C,O=C(NCC1CC[NH+](Cc2ccns2)C1)c1cc(Cl)c[nH]1,CNC1C(O)C2CCC1C2(C)C,CC(C)N1CCCC1C(=O)NCc1cnc(C(=O)[O-])c(F)c1,0.0,0.0,0.0,0.0,0.0,0.0,0.0,0.0,0.38461538461538464,0.06756756756756757,0.2631578947368421,0.10144927536231885,CC(O)C1C(O)C2CCC1(C)C2(C)C,O=C(NCC1CC[NH+](Cc2ccns2)C1)c1cc(Cl)c[nH]1,CNC1(C)C2CCC(C2O)C1(C)C,,0.0,1.0,0.0,
5417,411f29517be71b1393a471c7c8ae7838012b3b34ef4b34da5244bbebdeda7516,Cn1ncc(C(=O)N2CCC(CNC(=O)C3CCC(O)CC3)C2)n1,Cn1ncc(C(=O)N2CCC(CNC(=O)C3CCC(O)C3)CC2)n1,CCCNC(C1=CCCC1)c1cc(Cl)ccc1C,CCn1ncc(C(=O)N2CCC(CNC(=O)C3CCC(O)C3)CC2)n1,CC(C)N1CCCC1C(=O)NCc1cnc(C(=O)[O-])c(F)c1,Cn1ncc(C(=O)N2CCC(CNC(=O)C3CCC(O)C3)CC2)n1,CCCNC(C1=CCCC1)c1cc(Cl)ccc1C,CCn1ncc(C(=O)N2CCC(CNC(=O)C3CCC(O)C3)CC2)n1,CC(C)N1CCCC1C(=O)NCc1cnc(C(=O)[O-])c(F)c1,0.0,0.0,0.0,0.0,0.0,0.0,0.0,0.0,0.7777777777777778,0.07317073170731707,0.6065573770491803,0.225,Cn1ncc(C(=O)N2CCC(CNC(=O)C3CCC(O)CC3)C2)n1,CCCNC(C1=CCCC1)c1cc(Cl)ccc1C,CCn1ncc(C(=O)N2CCC(CNC(=O)C3CCC(O)CC3)C2)n1,,0.0,1.0,0.0,
8384,04feef79c1530c75b4aef208a2011a31437446947c1cd6b3d1b271275c11b562,CCn1cc(C(=O)NCCC(C)NC(=O)C2CCC(C)(C)C2)c(C)n1,CCn1cc(C(=O)NC(C)CCNC(=O)C2CCC(C)(C)C2)c(C)n1,OCCC1([NH2+]Cc2csc(CCc3ccccc3)n2)CCCCC1,CCn1ncc(C(=O)NC(C)CCNC(=O)C2CCC(C)(C)C2)c1C,CC(C)N1CCCC1C(=O)NCc1cnc(C(=O)[O-])c(F)c1,CCn1cc(C(=O)NC(C)CCNC(=O)C2CCC(C)(C)C2)c(C)n1,OCCC1([NH2+]Cc2csc(CCc3ccccc3)n2)CCCCC1,CCn1ncc(C(=O)NC(C)CCNC(=O)C2CCC(C)(C)C2)c1C,CC(C)N1CCCC1C(=O)NCc1cnc(C(=O)[O-])c(F)c1,0.0,0.0,0.0,0.0,0.0,0.0,0.0,0.0,0.8620689655172413,0.08791208791208792,0.5882352941176471,0.19540229885057472,CCn1cc(C(=O)NCCC(C)NC(=O)C2CCC(C)(C)C2)c(C)n1,OCCC1([NH2+]Cc2csc(CCc3ccccc3)n2)CCCCC1,CCn1ncc(C(=O)NCCC(C)NC(=O)C2CCC(C)(C)C2)c1C,,0.0,1.0,0.0,
9663,30a8e80f048ee021798641c083c1ed78bdffba516921ecaed41c119e24cdd7a0,CC(c1ccccc1)[P+]([O-])([O-])Nc1ccccc1,CC(C[P+]([O-])([O-])c1ccccc1)c1ccccc1,Cn1cc(NC(=O)N2CCC(Cc3ccc(F)c(SF)c3)CC2)ccc1=O,CN(C)Cc1ccccc1OC(c1ccccc1)c1ccccn1,CC(C)N1CCCC1C(=O)NCc1cnc(C(=O)[O-])c(F)c1,CC(C[P+]([O-])([O-])c1ccccc1)c1ccccc1,Cn1cc(NC(=O)N2CCC(Cc3ccc(F)c(SF)c3)CC2)ccc1=O,CN(C)Cc1ccccc1OC(c1ccccc1)c1ccccn1,CC(C)N1CCCC1C(=O)NCc1cnc(C(=O)[O-])c(F)c1,0.0,0.0,0.0,0.0,0.0,0.0,0.0,0.0,0.38235294117647056,0.08450704225352113,0.19607843137254902,0.10606060606060606,CC(c1ccccc1)[P+]([O-])([O-])Nc1ccccc1,Cn1cc(NC(=O)N2CCC(Cc3ccc(F)c(SF)c3)CC2)ccc1=O,CN(C)Cc1ncccc1OC(c1ccccc1)c1ccccc1,,0.0,1.0,0.0,
5249,24395324efb0a35d9228fe63a5e31821d66906d6084236567fe2ce7153f13a0d,CN1C(=O)NC2(CCCC2C[NH2+]C2CCc3cccc(Cl)c3C2)C1=O,CN1C(=O)NC2(CCCC2[NH2+]CC2CCc3c(Cl)cccc3C2)C1=O,Cc1cocc1C(=O)N1CCC2(CC[NH+](Cc3cncc(F)c3)C2)C1,CC(C)C[NH+]1Cc2cccc(NC(=O)C3CSC4(C)CCC(=O)N34)c2C1,CC(C)N1CCCC1C(=O)NCc1cnc(C(=O)[O-])c(F)c1,CN1C(=O)NC2(CCCC2[NH2+]CC2CCc3c(Cl)cccc3C2)C1=O,Cc1cocc1C(=O)N1CCC2(CC[NH+](Cc3cncc(F)c3)C2)C1,CC(C)C[NH+]1Cc2cccc(NC(=O)C3CSC4(C)CCC(=O)N34)c2C1,CC(C)N1CCCC1C(=O)NCc1cnc(C(=O)[O-])c(F)c1,0.0,0.0,0.0,0.0,0.0,0.0,0.0,0.0,0.6119402985074627,0.08823529411764706,0.19148936170212766,0.11827956989247312,CN1C(=O)NC2(CCCC2C[NH2+]C2CCc3cccc(Cl)c3C2)C1=O,Cc1cocc1C(=O)N1CCC2(CC[NH+](Cc3cncc(F)c3)C2)C1,CC(C)C[NH+]1Cc2cccc(NC(=O)C3CSC4(C)CCC(=O)N34)c2C1,,0.0,1.0,1.0,
5570,5e59c3a3b9798722e1f451c0cfca8a9db31faaeecae95411a19d29506f40295f,CSc1cncc(Nc2cc(O)ccc2Cl)c1,CSc1ccc(O)c(Nc2cncc(Cl)c2)c1,CC(C)(C)c1nc(-c2nc(-c3cnccn3)no2)co1,CSc1ccc(Nc2ccc(Br)cc2O)cn1,CC(C)N1CCCC1C(=O)NCc1cnc(C(=O)[O-])c(F)c1,CSc1ccc(O)c(Nc2cncc(Cl)c2)c1,CC(C)(C)c1nc(-c2nc(-c3cnccn3)no2)co1,CSc1ccc(Nc2ccc(Br)cc2O)cn1,CC(C)N1CCCC1C(=O)NCc1cnc(C(=O)[O-])c(F)c1,0.0,0.0,0.0,0.0,0.0,0.0,0.0,0.0,0.5319148936170213,0.10606060606060606,0.3090909090909091,0.10256410256410256,CSc1cncc(Nc2cc(O)ccc2Cl)c1,CC(C)(C)c1nc(-c2nc(-c3cnccn3)no2)co1,CSc1ccc(Nc2ccc(Br)cc2O)cn1,,0.0,1.0,1.0,
6882,78eb8f2ecd3f172196b3e67e7fa755a9e29fee02440271044042feaa3d9e0d98,CCc1c2c(nc3ccc(O)cc13)-c1cc3c(c(=O)n1C2)COC(=O)C3(CC)ON,CCC1(O)C(=O)OCc2c1cc1n(c2=O)Cc2c-1nc1cc(O)ccc1c2CN,CNc1cncc(NC2CCC2)n1,CCc1cc2c(nc3c1C(=O)OC3)-c1cc3ccc(C)cc3n(c1=O)COC2(O)CC,CC(C)N1CCCC1C(=O)NCc1cnc(C(=O)[O-])c(F)c1,CCC1(O)C(=O)OCc2c1cc1n(c2=O)Cc2c-1nc1cc(O)ccc1c2CN,CNc1cncc(NC2CCC2)n1,,CC(C)N1CCCC1C(=O)NCc1cnc(C(=O)[O-])c(F)c1,0.0,0.0,0.0,0.0,0.0,0.0,0.0,0.0,0.6052631578947368,0.07228915662650602,0.0,0.09803921568627451,CCc1c2c(nc3ccc(O)cc13)-c1cc3c(c(=O)n1C2)COC(=O)C3(CC)ON,CNc1cncc(NC2CCC2)n1,CCc1c2c(nc3ccc(C)cc13)-c1cc3c(c(=O)n1C2)COC(=O)C3(CC)OO,,0.0,1.0,0.0,
1527,082332b9ae6bebe6b694eeb509f00fbca3b5ccf980ed98f1e17c4b33bf49500b,Cc1cc2c(CCC(C)N)c3c(nc2cc1F)-c1cc2c(c(=O)n1C3)COC(=O)C2O,CC(O)CCc1cc2nc3c(cc2c(C)c1=O)Cn1c-3cc(F)c(N)c2c1C(=O)OC2,CCN(C(=O)c1nc(C)cc(NC2CC(C)(C)NC(C)(C)C2)n1)CC,CCC1(O)C(=O)OCc2c1cc1n(c2=O)Cc2c-1nc1cc(F)c(C)cc1c2CN,CC(C)N1CCCC1C(=O)NCc1cnc(C(=O)[O-])c(F)c1,,CCN(CC)C(=O)c1nc(C)cc(NC2CC(C)(C)NC(C)(C)C2)n1,CCC1(O)C(=O)OCc2c1cc1n(c2=O)Cc2c-1nc1cc(F)c(C)cc1c2CN,CC(C)N1CCCC1C(=O)NCc1cnc(C(=O)[O-])c(F)c1,0.0,0.0,0.0,0.0,0.0,0.0,0.0,0.0,0.0,0.1368421052631579,0.5487804878048781,0.18556701030927836,Cc1cc2c(CCC(C)N)c3c(nc2cc1F)-c1cc2c(c(=O)n1C3)COC(=O)C2O,CCN(CC)c1nc(C)cc(C(=O)NC2CC(C)(C)NC(C)(C)C2)n1,CCC1(O)C(=O)OCc2c1cc1n(c2=O)Cc2c-1nc1cc(F)c(C)cc1c2CN,,0.0,0.0,1.0,
7055,ec2d8dfaff791f521f04caf1c99af1ee1b8a88c922545695b6c6590e998cb495,CCOC(=O)Cn1cc(C=C2SC(=O)N(CC(=O)N3CCCCCC3)C2=O)c2ccccc21,CCOC(=O)CN1C(=O)SC(=Cc2cn(CC(=O)N3CCCCCC3)c3ccccc23)C1=O,CC1CC([NH2+]CC2CC2(Cl)Cl)CCO1,CCOC(=O)Cn1cc(C=C2SC(=O)N(CC(=O)c3ccc(Cl)cc3)C2=O)c2ccccc21,CC(C)N1CCCC1C(=O)NCc1cnc(C(=O)[O-])c(F)c1,CCOC(=O)CN1C(=O)SC(=Cc2cn(CC(=O)N3CCCCCC3)c3ccccc23)C1=O,CC1CC([NH2+]CC2CC2(Cl)Cl)CCO1,CCOC(=O)Cn1cc(C=C2SC(=O)N(CC(=O)c3ccc(Cl)cc3)C2=O)c2ccccc21,CC(C)N1CCCC1C(=O)NCc1cnc(C(=O)[O-])c(F)c1,0.0,0.0,0.0,0.0,0.0,0.0,0.0,0.0,0.9344262295081968,0.03488372093023256,0.6857142857142857,0.12371134020618557,CCOC(=O)Cn1cc(C=C2SC(=O)N(CC(=O)N3CCCCCC3)C2=O)c2ccccc21,CC1CC([NH2+]CC2CC2(Cl)Cl)CCO1,CCOC(=O)Cn1cc(C=C2SC(=O)N(CC(=O)c3ccc(Cl)cc3)C2=O)c2ccccc21,,0.0,1.0,1.0,
6821,a202da54bdb9f4bed43832b3971630eec24d7ee16fac43b4def59a9a953ecd7c,CC(C)C(N)C(=O)NCC(=O)NC(CCCN=C(N)N)C(=O)NC(CCC(=O)O)C(=O)O,CC(C)C(NC(=O)C(CCC(=O)O)NC(=O)C(N)CCCN=C(N)N)C(=O)NCC(=O)O,COC1CC2CN(Cc3nccn3C)CC2CC1n1cc(C)cn1,CC(C)C(N)C(=O)NC(CCCN=C(N)N)C(=O)NC(CS)C(=O)NC(CC(=O)O)C(=O)O,CC(C)N1CCCC1C(=O)NCc1cnc(C(=O)[O-])c(F)c1,CC(C)C(NC(=O)C(CCC(=O)O)NC(=O)C(N)CCCN=C(N)N)C(=O)NCC(=O)O,COC1CC2CN(Cc3nccn3C)CC2CC1n1cc(C)cn1,CC(C)C(N)C(=O)NC(CCCN=C(N)N)C(=O)NC(CS)C(=O)NC(CC(=O)O)C(=O)O,CC(C)N1CCCC1C(=O)NCc1cnc(C(=O)[O-])c(F)c1,0.0,0.0,0.0,0.0,0.0,0.0,0.0,0.0,0.6166666666666667,0.0425531914893617,0.6101694915254238,0.11235955056179775,CC(C)C(N)C(=O)NCC(=O)NC(CCCN=C(N)N)C(=O)NC(CCC(=O)O)C(=O)O,COC1CC2CN(Cc3nccn3C)CC2CC1n1cc(C)cn1,CC(C)C(N)C(=O)NC(CCC(=O)O)C(=O)NC(CCCN=C(N)N)C(=O)NC(CS)C(=O)O,,0.0,1.0,0.0,
1417,d68649c3f6074c02571b2af5cf0e31392004cfd11b7df3642ab394607974cdf4,CCn1cccc1C(=O)NCC(C)[NH+](C)Cc1cnc(C)o1,CCn1ccnc1C[NH+](C)C(C)CNC(=O)c1ccc(C)o1,O=C(CCn1cc(-c2nnn[n-]2)c(=O)[nH]c1=O)NC(C1CC1)C1CCCOC1,CCn1cccc1C(=O)NCC([NH2+]Cc1ncc(C)o1)C(C)C,CC(C)N1CCCC1C(=O)NCc1cnc(C(=O)[O-])c(F)c1,CCn1ccnc1C[NH+](C)C(C)CNC(=O)c1ccc(C)o1,O=C(CCn1cc(-c2nnn[n-]2)c(=O)[nH]c1=O)NC(C1CC1)C1CCCOC1,CCn1cccc1C(=O)NCC([NH2+]Cc1ncc(C)o1)C(C)C,CC(C)N1CCCC1C(=O)NCc1cnc(C(=O)[O-])c(F)c1,0.0,0.0,0.0,0.0,0.0,0.0,0.0,0.0,0.5303030303030303,0.14583333333333334,0.5147058823529411,0.18823529411764706,CCn1cccc1C(=O)NCC(C)[NH+](C)Cc1cnc(C)o1,O=C(CCn1cc(-c2nnn[n-]2)c(=O)[nH]c1=O)NC(C1CC1)C1CCCOC1,CCn1cccc1C(=O)NCC([NH2+]Cc1cnc(C)o1)C(C)C,,0.0,1.0,0.0,
3446,601efb3b54eb06c11033a4ea36dc97fd60bb97377791d886e91b180676a62598,COCCCNC(=O)C1CCN(C(=O)c2sc3nc(COC)nc(OC)c3c2C)CC1,COCCCNC(=O)C1CCN(C(=O)c2sc3nc(C)nc(COC)c3c2C)CC1,CC(CN1CCN(c2ccc3ncn(C(O)(c4ccc(F)cc4F)C4CCCCC4)c3n2)CC1)n1cncc1,CCOC(=O)C1CCCN(C(=O)c2sc3nc(C)nc(N(CC)CC)c3c2C)C1,CC(C)N1CCCC1C(=O)NCc1cnc(C(=O)[O-])c(F)c1,COCCCNC(=O)C1CCN(C(=O)c2sc3nc(C)nc(COC)c3c2C)CC1,CC(CN1CCN(c2ccc3ncn(C(O)(c4ccc(F)cc4F)C4CCCCC4)c3n2)CC1)n1ccnc1,CCOC(=O)C1CCCN(C(=O)c2sc3nc(C)nc(N(CC)CC)c3c2C)C1,CC(C)N1CCCC1C(=O)NCc1cnc(C(=O)[O-])c(F)c1,0.0,0.0,0.0,0.0,0.0,0.0,0.0,0.0,0.7313432835820896,0.09243697478991597,0.3411764705882353,0.17204301075268819,COCCCNC(=O)C1CCN(C(=O)c2sc3nc(COC)nc(OC)c3c2C)CC1,CC(N1CCN(c2nc3ccc(N4CCCCC4)cc3s2)CC1)C(O)(Cn1cncn1)c1ccc(F)cc1F,CCOC(=O)C1CCCN(C(=O)c2sc3nc(C)nc(N(CC)CC)c3c2C)C1,,0.0,0.0,1.0,
5018,e2d679b7845c63ea308260a3cce38f7d46ccdfe8b7761026d73e970467739267,CC1CCN(CC(=O)NC2CC2)CC1NC(=O)CC1CCCCC1,CC1CCCCC1NC(=O)CN1CCC(NC(=O)CC2CC2)C1,COc1cc(OC)nc(C(=O)NC2CN(CC3CC(F)(F)C3)C2)n1,CC1(C)CC1C(=O)NC1CCCN(CC(=O)NC2CCCCC2)C1,CC(C)N1CCCC1C(=O)NCc1cnc(C(=O)[O-])c(F)c1,CC1CCCCC1NC(=O)CN1CCC(NC(=O)CC2CC2)C1,COc1cc(OC)nc(C(=O)NC2CN(CC3CC(F)(F)C3)C2)n1,CC1(C)CC1C(=O)NC1CCCN(CC(=O)NC2CCCCC2)C1,CC(C)N1CCCC1C(=O)NCc1cnc(C(=O)[O-])c(F)c1,0.0,0.0,0.0,0.0,0.0,0.0,0.0,0.0,0.7083333333333334,0.21428571428571427,0.44642857142857145,0.1518987341772152,CC1CCN(CC(=O)NC2CC2)CC1NC(=O)CC1CCCCC1,COc1cc(OC)nc(C(=O)NC2CN(CC3CC(F)(F)C3)C2)n1,CC1(C)CC1C(=O)NC1CCCN(CC(=O)NC2CCCCC2)C1,,0.0,1.0,1.0,
852,23e05f8261365e2bff483d7548f3c742b9afc87a8cd076c12decaf16d288d426,CCCN(Cc1csc(N(C(C)=O)c2ccc(F)cc2)n1)C1CC[NH2+]C1,CCCN(C(=O)CN(c1ccc(F)cc1)c1nc(C)cs1)C1CC[NH2+]C1,COc1ccc(C(O)C(C)NC2CCCC2)cc1OC,C#CCN1CCCCC1C(=O)Nc1nc(C)c(Cc2ccccc2F)s1,CC(C)N1CCCC1C(=O)NCc1cnc(C(=O)[O-])c(F)c1,CCCN(C(=O)CN(c1ccc(F)cc1)c1nc(C)cs1)C1CC[NH2+]C1,COc1ccc(C(O)C(C)NC2CCCC2)cc1OC,C#CCN1CCCCC1C(=O)Nc1nc(C)c(Cc2ccccc2F)s1,CC(C)N1CCCC1C(=O)NCc1cnc(C(=O)[O-])c(F)c1,0.0,0.0,0.0,0.0,0.0,0.0,0.0,0.0,0.5342465753424658,0.09523809523809523,0.17525773195876287,0.13978494623655913,CCCN(Cc1csc(N(C(C)=O)c2ccc(F)cc2)n1)C1CC[NH2+]C1,COc1ccc(C(O)C(C)NC2CCCC2)cc1OC,C#CCN1CCCCC1C(=O)Nc1nc(C)c(Cc2ccccc2F)s1,,0.0,1.0,1.0,
4867,9a9e9bf393a91f98e4cc7dd548f4f74e0fde4c9f7710c75d7c925c2ff1a74e33,CC1C=CC=C(O)C1=[N+]=[N-],CC1C=CC(O)=CC1=[N+]=[N-],CC1CCCC1(O)CNC(=O)COc1cccc(C=O)c1,CC1=CC(O)C(=[N+]=[N-])C=C1,CC(C)N1CCCC1C(=O)NCc1cnc(C(=O)[O-])c(F)c1,CC1C=CC(O)=CC1=[N+]=[N-],CC1CCCC1(O)CNC(=O)COc1cccc(C=O)c1,CC1=CC(O)C(=[N+]=[N-])C=C1,CC(C)N1CCCC1C(=O)NCc1cnc(C(=O)[O-])c(F)c1,0.0,0.0,0.0,0.0,0.0,0.0,0.0,0.0,0.37142857142857144,0.08955223880597014,0.23684210526315788,0.07246376811594203,CC1C=CC=C(O)C1=[N+]=[N-],CC1CCCC1(O)CNC(=O)COc1cccc(C=O)c1,CC1=CC(=[N+]=[N-])C(O)C=C1,,0.0,1.0,0.0,
3837,b3e3ec48d62150ae44a8657934af0987f08f8fe37aff1a2012e8ab1bef38959c,Cc1nc(CCCC(=O)NCCCOC2CCOC2)cs1,Cc1nc(CCC(=O)NCCCOC2CCOC2)cs1,COc1cccc(-c2noc(C(=O)N3CC(N)C(c4ccccc4)C3)n2)c1,COCc1nc(CNC(=O)NCCOC2CCOC2)cs1,CC(C)N1CCCC1C(=O)NCc1cnc(C(=O)[O-])c(F)c1,Cc1nc(CCC(=O)NCCCOC2CCOC2)cs1,COc1cccc(-c2noc(C(=O)N3CC(N)C(c4ccccc4)C3)n2)c1,COCc1nc(CNC(=O)NCCOC2CCOC2)cs1,CC(C)N1CCCC1C(=O)NCc1cnc(C(=O)[O-])c(F)c1,0.0,0.0,0.0,0.0,0.0,0.0,0.0,0.0,0.9074074074074074,0.12903225806451613,0.4927536231884058,0.1590909090909091,Cc1nc(CCCC(=O)NCCCOC2CCOC2)cs1,COc1cccc(-c2nc(C(=O)N3CC(N)C(c4ccccc4)C3)no2)c1,COCc1nc(CNC(=O)NCCOC2CCOC2)cs1,,0.0,0.0,1.0,
2960,c442d253817c196066201356a16079896438fcf42a3463cb8e04bec6904af9b0,COC(=O)c1ccc(NC(=O)c2c(S(=O)(=O)Nc3ccc(C)cc3)n[nH]c2C)cc1,COC(=O)c1c(S(=O)(=O)Nc2ccc(NC(=O)c3ccc(C)cc3)cc2)n[nH]c1C,C=CCC1(NC(=O)NC(C)C2CC[NH+](C)CC2)CCCCC1,COC(=O)c1c(S(=O)(=O)Nc2cccc(NC(=O)c3ccc(F)cc3)c2)n[nH]c1C,CC(C)N1CCCC1C(=O)NCc1cnc(C(=O)[O-])c(F)c1,COC(=O)c1c(S(=O)(=O)Nc2ccc(NC(=O)c3ccc(C)cc3)cc2)n[nH]c1C,C=CCC1(NC(=O)NC(C)C2CC[NH+](C)CC2)CCCCC1,COC(=O)c1c(S(=O)(=O)Nc2cccc(NC(=O)c3ccc(F)cc3)c2)n[nH]c1C,CC(C)N1CCCC1C(=O)NCc1cnc(C(=O)[O-])c(F)c1,0.0,0.0,0.0,0.0,0.0,0.0,0.0,0.0,0.84,0.08641975308641975,0.5806451612903226,0.09090909090909091,COC(=O)c1ccc(NC(=O)c2c(S(=O)(=O)Nc3ccc(C)cc3)n[nH]c2C)cc1,C=CCC1(NC(=O)NC(C)C2CC[NH+](C)CC2)CCCCC1,COC(=O)c1cccc(NC(=O)c2c(S(=O)(=O)Nc3ccc(F)cc3)n[nH]c2C)c1,,0.0,1.0,0.0,
9292,b0e3d1e92bb912899f6a4495d3cae874cdfb77a249fa6b64177d05892b2b7d34,Cn1nc(C(=O)NC2CN(C(=O)CCn3cncn3)CC2O)cc1Cl,Cn1nc(Cl)cc1C(=O)NC1CN(C(=O)CCn2cncn2)CC1O,CN(c1ccccc1)c1ncccc1C(N)=NO,CCn1nncc1C(=O)NC1CC(C)N(C(=O)CCn2ccnn2)C1,CC(C)N1CCCC1C(=O)NCc1cnc(C(=O)[O-])c(F)c1,Cn1nc(Cl)cc1C(=O)NC1CN(C(=O)CCn2cncn2)CC1O,CN(c1ccccc1)c1ncccc1C(N)=NO,CCn1nncc1C(=O)NC1CC(C)N(C(=O)CCn2ccnn2)C1,CC(C)N1CCCC1C(=O)NCc1cnc(C(=O)[O-])c(F)c1,0.0,0.0,0.0,0.0,0.0,0.0,0.0,0.0,0.7540983606557377,0.060240963855421686,0.2558139534883721,0.14285714285714285,Cn1nc(C(=O)NC2CN(C(=O)CCn3cncn3)CC2O)cc1Cl,CN(c1ccccc1)c1cccnc1C(N)=NO,CCn1nncc1C(=O)NC1CC(C)N(C(=O)CCn2ccnn2)C1,,0.0,0.0,1.0,
3717,c6d612d9b478a3eb4ce433d32f005e2e9ec767e17dbc5b1159e215cf92b4d726,Cc1nc(N2CCOCC2)[nH]c(=O)c1Cc1ccccc1,Cc1c(Cc2ccccc2)nc(N2CCOCC2)[nH]c1=O,O=C(NCCC1(C[NH2+]CCCO)CC1)c1cnc2n1CCOC2,Cc1[nH]c2ccc(N(C)Cc3ccccc3)cc2c(=O)c1CN1CCOCC1,CC(C)N1CCCC1C(=O)NCc1cnc(C(=O)[O-])c(F)c1,Cc1c(Cc2ccccc2)nc(N2CCOCC2)[nH]c1=O,O=C(NCCC1(C[NH2+]CCCO)CC1)c1cnc2n1CCOC2,Cc1[nH]c2ccc(N(C)Cc3ccccc3)cc2c(=O)c1CN1CCOCC1,CC(C)N1CCCC1C(=O)NCc1cnc(C(=O)[O-])c(F)c1,0.0,0.0,0.0,0.0,0.0,0.0,0.0,0.0,0.7083333333333334,0.14457831325301204,0.34782608695652173,0.12345679012345678,Cc1nc(N2CCOCC2)[nH]c(=O)c1Cc1ccccc1,O=C(NCCC1(C[NH2+]CCCO)CC1)c1cnc2n1CCOC2,Cc1[nH]c2ccc(N3CCOCC3)cc2c(=O)c1CN(C)Cc1ccccc1,,0.0,1.0,0.0,
4295,52c2f6f51e399824fd40969404ffd3b41c05d4783634984e000c9a62ba22bd3b,Cc1cccc(-c2c(NC(=O)C3CC3(C)C(C)C)n[nH]c2C)c1,Cc1cccc(-c2n[nH]c(NC(=O)C3CC3(C)C(C)C)c2C)c1,Cc1nc(CNC2CCN(C(=O)c3cnnn3C)C(C)C2)ns1,CCOC1C(C)C1C(=O)Nc1n[nH]c(C)c1-c1cccc(Br)c1,CC(C)N1CCCC1C(=O)NCc1cnc(C(=O)[O-])c(F)c1,Cc1cccc(-c2n[nH]c(NC(=O)C3CC3(C)C(C)C)c2C)c1,Cc1nc(CNC2CCN(C(=O)c3cnnn3C)C(C)C2)ns1,CCOC1C(C)C1C(=O)Nc1n[nH]c(C)c1-c1cccc(Br)c1,CC(C)N1CCCC1C(=O)NCc1cnc(C(=O)[O-])c(F)c1,0.0,0.0,0.0,0.0,0.0,0.0,0.0,0.0,0.6610169491525424,0.13186813186813187,0.44285714285714284,0.16470588235294117,Cc1cccc(-c2c(NC(=O)C3CC3(C)C(C)C)n[nH]c2C)c1,Cc1nnc(CNC2CCN(C(=O)c3cnnn3C)C(C)C2)s1,CCOC1C(C)C1C(=O)Nc1n[nH]c(C)c1-c1cccc(Br)c1,,0.0,0.0,1.0,
3660,893da56d420c282b2fa277d51cfa681c1c393e73433f3129fa803080f8b38e28,CC1C(O)C2CC1C(C(=O)OC(C)C(F)(F)F)C2CI,CC1C2CC(C(=O)OC(C)C(F)(F)I)C(C2)C1CO,O=C(O)C1CCCc2c1sc1nc(Cc3ccccc3)[nH]c(=O)c21,CCC(F)(F)C(=O)OCC1C2CC(C(I)C2(O)C(F)(F)F)C1,CC(C)N1CCCC1C(=O)NCc1cnc(C(=O)[O-])c(F)c1,CC1C2CC(C(=O)OC(C)C(F)(F)I)C(C2)C1CO,O=C(O)C1CCCc2c1sc1nc(Cc3ccccc3)[nH]c(=O)c21,CCC(F)(F)C(=O)OCC1CC2CC1C(O)(C(F)(F)F)C2I,CC(C)N1CCCC1C(=O)NCc1cnc(C(=O)[O-])c(F)c1,0.0,0.0,0.0,0.0,0.0,0.0,0.0,0.0,0.40350877192982454,0.07317073170731707,0.208955223880597,0.125,CC1C(O)C2CC1C(C(=O)OC(C)C(F)(F)F)C2CI,O=C(O)C1CCCc2sc3nc(Cc4ccccc4)[nH]c(=O)c3c21,CCC(I)C(=O)OCC1CC2CC1C(O)(C(F)(F)F)C2(F)F,,0.0,0.0,0.0,
5421,266d412851668d02786ce98c8b58c57bbf3dbdfc7a7ba366a691570a8b71ab51,CC1NC(=O)CCC1NC1=NCCC1,CC1N=C(NC2CCC(=O)N2)CCC1,CCOC(=O)c1cccc(NC(=O)NCC[NH+]2CCCOCC2)c1,CC1CCCNC1CC(=O)NC1CCC(=O)N(C)C1=O,CC(C)N1CCCC1C(=O)NCc1cnc(C(=O)[O-])c(F)c1,CC1CCCC(NC2CCC(=O)N2)=N1,CCOC(=O)c1cccc(NC(=O)NCC[NH+]2CCCOCC2)c1,CC1CCCNC1CC(=O)NC1CCC(=O)N(C)C1=O,CC(C)N1CCCC1C(=O)NCc1cnc(C(=O)[O-])c(F)c1,0.0,0.0,0.0,0.0,0.0,0.0,0.0,0.0,0.4444444444444444,0.0759493670886076,0.20634920634920634,0.12162162162162163,CC1NC(=O)CCC1NC1=NCCC1,CCOC(=O)c1cccc(NC(=O)NCC[NH+]2CCCOCC2)c1,CC1CCCNC1CC(=O)NC1CCC(=O)N(C)C1=O,,0.0,1.0,1.0,
1887,9232eace9ceda4cb7983967a727906b2e30f5f486889c18cda3a96c64ff1b608,COc1ccc(Nc2ccc(C(F)(F)F)nc2Cl)cc1CO,COc1ccc(Nc2ccc(CO)c(Cl)n2)cc1C(F)(F)F,O=C(NC1CCCc2ccc(Cl)cc21)C1CC[NH2+]CC1,COc1ncc(N)cc1Nc1cc(Cl)ccc1C(F)(F)F,CC(C)N1CCCC1C(=O)NCc1cnc(C(=O)[O-])c(F)c1,COc1ccc(Nc2ccc(CO)c(Cl)n2)cc1C(F)(F)F,O=C(NC1CCCc2ccc(Cl)cc21)C1CC[NH2+]CC1,COc1ncc(N)cc1Nc1cc(Cl)ccc1C(F)(F)F,CC(C)N1CCCC1C(=O)NCc1cnc(C(=O)[O-])c(F)c1,0.0,0.0,0.0,0.0,0.0,0.0,0.0,0.0,0.5535714285714286,0.10526315789473684,0.2727272727272727,0.13414634146341464,COc1ccc(Nc2ccc(C(F)(F)F)nc2Cl)cc1CO,O=C(NC1CCc2ccc(Cl)cc21)C1CCC[NH2+]CC1,COc1ncc(Nc2cc(Cl)ccc2N)cc1C(F)(F)F,,0.0,0.0,0.0,
1907,efbf0d85daff8181d7889ce2f0771f7aeab0fff3db21616a023fc10a84b67082,O=C(NC1CN(c2nc3c(cc2F)c(=O)c(C(=O)O)cn3-c2nccs2)C1)c1ncccn1,O=C(NC1CN(c2ncccn2)C1)c1cn(-c2nccs2)c2ncc(C(=O)O)c(F)c2c1=O,CC(C)c1nsc(N2CCc3c(ncn3-c3ccccc3)C2)n1,C=C(F)C(=O)NC1CN(c2nc(Nc3ccc(Oc4cc(C)ncn4)c(F)c3)nc(-c3ccnn3C)c2)C1,CC(C)N1CCCC1C(=O)NCc1cnc(C(=O)[O-])c(F)c1,O=C(O)c1cnc2c(c1F)c(=O)c(C(=O)NC1CN(c3ncccn3)C1)cn2-c1nccs1,CC(C)c1nsc(N2CCc3c(ncn3-c3ccccc3)C2)n1,C=C(F)C(=O)NC1CN(c2cc(-c3ccnn3C)nc(Nc3ccc(Oc4cc(C)ncn4)c(F)c3)n2)C1,CC(C)N1CCCC1C(=O)NCc1cnc(C(=O)[O-])c(F)c1,0.0,0.0,0.0,0.0,0.0,0.0,0.0,0.0,0.5641025641025641,0.14893617021276595,0.20175438596491227,0.16666666666666666,O=C(NC1CN(c2nc3c(cc2F)c(=O)c(C(=O)O)cn3-c2nccs2)C1)c1ncccn1,CC(C)c1nsc(N2CCc3c(ncn3-c3ccccc3)C2)n1,C=C(F)C(=O)NC1CN(c2nc(Nc3cnn(C)c3)ncc2-c2ccc(Oc3nccc(C)n3)c(F)c2)C1,,0.0,1.0,0.0,
3216,547f635796aa52a1a8e478a2142def557990a93d074b6fadc9ef4fd2cb069996,C=CCC1(CCSCC)SCCCS1,C=CC1(CCSCC)SCCCS1,NC(=O)c1cccc(NC(=O)NC2CCCc3[nH]c(=O)ccc32)c1,C=C[SiH]CC1SCCCS1,CC(C)N1CCCC1C(=O)NCc1cnc(C(=O)[O-])c(F)c1,C=CC1(CCSCC)SCCCS1,NC(=O)c1cccc(NC(=O)NC2CCCc3[nH]c(=O)ccc32)c1,C=C[SiH]CC1SCCCS1,CC(C)N1CCCC1C(=O)NCc1cnc(C(=O)[O-])c(F)c1,0.0,0.0,0.0,0.0,0.0,0.0,0.0,0.0,0.6285714285714286,0.02666666666666667,0.21428571428571427,0.06756756756756757,C=CCC1(CCSCC)SCCCS1,NC(=O)c1cccc(NC(=O)NC2CCCc3[nH]c(=O)ccc32)c1,C=CCC[Si](C)C1SCCCS1,,0.0,1.0,0.0,
2664,f6ba5e9f971459df1f3e0fc0ff7d069ede1af879a5df98515bce59e0470ac060,COc1cc(C)ccc1OCC(=O)NCC1(O)CN(C(C)=O)C1,COc1ccc(C)cc1OCC(=O)NCC1(O)CN(C(C)=O)C1,Cc1cc(C[NH2+]C(C)c2ccc(OC(C)C)nc2)nn1C,COCC(=O)N1CC(O)(CNC(=O)COc2cc(C)cc(C)c2)C1,CC(C)N1CCCC1C(=O)NCc1cnc(C(=O)[O-])c(F)c1,COc1ccc(C)cc1OCC(=O)NCC1(O)CN(C(C)=O)C1,Cc1cc(C[NH2+]C(C)c2ccc(OC(C)C)nc2)nn1C,COCC(=O)N1CC(O)(CNC(=O)COc2cc(C)cc(C)c2)C1,CC(C)N1CCCC1C(=O)NCc1cnc(C(=O)[O-])c(F)c1,0.0,0.0,0.0,0.0,0.0,0.0,0.0,0.0,0.9166666666666666,0.1282051282051282,0.5344827586206896,0.1566265060240964,COc1cc(C)ccc1OCC(=O)NCC1(O)CN(C(C)=O)C1,Cc1cc(C(C)[NH2+]Cc2ccc(OC(C)C)nc2)nn1C,COCC(=O)N1CC(O)(CNC(=O)COc2cc(C)cc(C)c2)C1,,0.0,0.0,1.0,
6327,38c0bf4931cb05571b57a81bbecadefb434509656c556b1585b7f681471348a6,CC1CN(C(=O)C2CCCS2(=O)=O)CC1NC(=O)Cc1cc[nH]n1,CC1CN(C(=O)Cc2cc[nH]n2)CC1NC(=O)C1CCCS1(=O)=O,CCC(C)C(=O)NCC1(O)CN(Cc2cnnn2CC(N)=O)C1,Cc1[nH]ccc1C(=O)NC1CN(C(=O)CC2CCS(=O)(=O)C2)CC1O,CC(C)N1CCCC1C(=O)NCc1cnc(C(=O)[O-])c(F)c1,CC1CN(C(=O)Cc2cc[nH]n2)CC1NC(=O)C1CCCS1(=O)=O,CCC(C)C(=O)NCC1(O)CN(Cc2cnnn2CC(N)=O)C1,Cc1[nH]ccc1C(=O)NC1CN(C(=O)CC2CCS(=O)(=O)C2)CC1O,CC(C)N1CCCC1C(=O)NCc1cnc(C(=O)[O-])c(F)c1,0.0,0.0,0.0,0.0,0.0,0.0,0.0,0.0,0.75,0.13333333333333333,0.2804878048780488,0.1724137931034483,CC1CN(C(=O)C2CCCS2(=O)=O)CC1NC(=O)Cc1cc[nH]n1,CCn1nncc1CN1CC(O)(CNC(=O)C(C)CC(N)=O)C1,Cc1[nH]ccc1C(=O)NC1CN(C(=O)CC2CCS(=O)(=O)C2)CC1O,,0.0,0.0,1.0,
4737,011a14ce6158f5bcac1940d299417747ba5147af1af138149304f5bbc8c6b2fe,CCOc1ccc(C2C(C#N)=C(SCC(=O)Nc3ccccc3Cl)NC(=O)C2C(=O)OC)cc1Cl,CCOC(=O)C1=C(C)NC(=O)C(SCC(=O)Nc2ccccc2OC)C1c1ccc(Cl)c(Cl)c1,Cc1ccc(CC(Nc2cccnc2[N+](=O)[O-])c2ccccn2)cc1,CCc1ccccc1NC(=O)CSC1=C(C#N)C(c2ccc(Br)c(OC)c2)C(C(=O)OC)C(=O)N1,CC(C)N1CCCC1C(=O)NCc1cnc(C(=O)[O-])c(F)c1,CCOC(=O)C1=C(C)NC(=O)C(SCC(=O)Nc2ccccc2OC)C1c1ccc(Cl)c(Cl)c1,Cc1ccc(CC(Nc2cccnc2[N+](=O)[O-])c2ccccn2)cc1,CCc1ccccc1NC(=O)CSC1=C(C#N)C(c2ccc(Br)c(OC)c2)C(C(=O)OC)C(=O)N1,CC(C)N1CCCC1C(=O)NCc1cnc(C(=O)[O-])c(F)c1,0.0,0.0,0.0,0.0,0.0,0.0,0.0,0.0,0.4318181818181818,0.12244897959183673,0.6455696202531646,0.11650485436893204,CCOc1ccc(C2C(C#N)=C(SCC(=O)Nc3ccccc3Cl)NC(=O)C2C(=O)OC)cc1Cl,Cc1ccc(CC(Nc2cccnc2[N+](=O)[O-])c2ccccn2)cc1,CCc1ccccc1NC(=O)CSC1=C(C#N)C(c2ccc(OC)c(Br)c2)C(C(=O)OC)C(=O)N1,,0.0,1.0,0.0,
8146,9d32a8b98a9e6ee7f48558a45942ccb4f95a8dcb7d42c0ad2f29afedce495fd5,C#CCN1CCCN(C(=O)c2cccc(Oc3cccc(Cl)c3C#N)c2)CC1,C#CCN1CCCN(C(=O)c2cccc(Oc3c(Cl)cccc3C#N)c2)CC1,Cc1oc(C(=O)Nc2cccc3c2C[NH+](CC(C)C)C3)cc1CO,CCOC(=O)N1CCN(CC#Cc2ccc(F)c(C#N)c2)CC1,CC(C)N1CCCC1C(=O)NCc1cnc(C(=O)[O-])c(F)c1,C#CCN1CCCN(C(=O)c2cccc(Oc3c(Cl)cccc3C#N)c2)CC1,Cc1oc(C(=O)Nc2cccc3c2C[NH+](CC(C)C)C3)cc1CO,CCOC(=O)N1CCN(CC#Cc2ccc(F)c(C#N)c2)CC1,CC(C)N1CCCC1C(=O)NCc1cnc(C(=O)[O-])c(F)c1,0.0,0.0,0.0,0.0,0.0,0.0,0.0,0.0,0.7419354838709677,0.11702127659574468,0.2948717948717949,0.11827956989247312,C#CCN1CCCN(C(=O)c2cccc(Oc3cccc(Cl)c3C#N)c2)CC1,Cc1oc(C(=O)Nc2cccc3c2C[NH+](CC(C)C)C3)cc1CO,CCOC(=O)N1CCN(CC#Cc2cc(C#N)ccc2F)CC1,,0.0,1.0,0.0,
1059,240ec353278a91a66356bec914446e8948a08a4923d90f92f877c2e43d073671,COC(=O)c1scc(C#N)c1NC(=O)c1cn[nH]c(=O)c1,COC(=O)c1sc(=O)[nH]c1NC(=O)c1cn[nH]c(=O)c1,CCc1nc(CC(=O)NC2CC(NC(=O)C3CC3(C)CC)C2)cs1,COC(=O)c1n[nH]cc1NC(=O)c1cc(N)nc(Cl)c1,CC(C)N1CCCC1C(=O)NCc1cnc(C(=O)[O-])c(F)c1,COC(=O)c1sc(=O)[nH]c1NC(=O)c1cn[nH]c(=O)c1,CCc1nc(CC(=O)NC2CC(NC(=O)C3CC3(C)CC)C2)cs1,COC(=O)c1n[nH]cc1NC(=O)c1cc(N)nc(Cl)c1,CC(C)N1CCCC1C(=O)NCc1cnc(C(=O)[O-])c(F)c1,0.0,0.0,0.0,0.0,0.0,0.0,0.0,0.0,0.5714285714285714,0.13414634146341464,0.2571428571428571,0.11627906976744186,COC(=O)c1scc(C#N)c1NC(=O)c1cn[nH]c(=O)c1,CCc1nc(CC(=O)NC2CC(NC(=O)C3CC3(C)CC)C2)cs1,COC(=O)c1n[nH]cc1NC(=O)c1cc(N)nc(Cl)c1,,0.0,1.0,1.0,
6867,9a6c588ad44986562e7b2d5266efb19af11d5eb5898c1a954cc95e63888ad50a,CC(C)C(N)C(=O)NC(CCC(=O)O)C(=O)NC(C(=O)NC(CC(N)=O)C(=O)NC(C(=O)O)C(C)C)C(C)O,CC(C)C(NC(=O)C(CCC(=O)O)NC(=O)C(NC(=O)C(N)C(C)O)C(C)C)C(=O)NC(CC(N)=O)C(=O)O,CC1C[NH+](C(C)C(=O)NC(N)=O)CC1NC(=O)C(C)(C)C1CC1,CC(C)CC(NC(=O)C(CCC(=O)O)NC(=O)C(N)C(C)O)C(=O)NC(CC(=O)O)C(=O)NC(C(=O)O)C(C)C,CC(C)N1CCCC1C(=O)NCc1cnc(C(=O)[O-])c(F)c1,CC(C)C(NC(=O)C(CCC(=O)O)NC(=O)C(NC(=O)C(N)C(C)O)C(C)C)C(=O)NC(CC(N)=O)C(=O)O,CC1C[NH+](C(C)C(=O)NC(N)=O)CC1NC(=O)C(C)(C)C1CC1,CC(C)CC(NC(=O)C(CCC(=O)O)NC(=O)C(N)C(C)O)C(=O)NC(CC(=O)O)C(=O)NC(C(=O)O)C(C)C,CC(C)N1CCCC1C(=O)NCc1cnc(C(=O)[O-])c(F)c1,0.0,0.0,0.0,0.0,0.0,0.0,0.0,0.0,0.7755102040816326,0.13157894736842105,0.660377358490566,0.09302325581395349,CC(C)C(N)C(=O)NC(CCC(=O)O)C(=O)NC(C(=O)NC(CC(N)=O)C(=O)NC(C(=O)O)C(C)C)C(C)O,CC1C[NH+](C(C)C(=O)NC(N)=O)CC1NC(=O)C(C)(C)C1CC1,CC(C)CC(NC(=O)C(CC(=O)O)NC(=O)C(NC(=O)C(CCC(=O)O)NC(=O)C(N)C(C)C)C(C)O)C(=O)O,,0.0,1.0,0.0,
1454,cf098beff72d58f3ac4e1e922f9db20b7506e807d74955b5757f3db1601bb213,CC(=O)c1nc(-c2ccc3c(c2)C(C)C(=O)N3)cs1,CC(=O)c1nc(-c2ccc3c(c2)NC(=O)C3C)cs1,COC(=O)C1(C2CCN(C(=O)OC(C)(C)C)CC2)CCNC1,CC(N)c1nc(-c2ccc3c(c2)NC(=O)C3)cs1,CC(C)N1CCCC1C(=O)NCc1cnc(C(=O)[O-])c(F)c1,CC(=O)c1nc(-c2ccc3c(c2)NC(=O)C3C)cs1,COC(=O)C1(C2CCN(C(=O)OC(C)(C)C)CC2)CCNC1,CC(N)c1nc(-c2ccc3c(c2)NC(=O)C3)cs1,CC(C)N1CCCC1C(=O)NCc1cnc(C(=O)[O-])c(F)c1,0.0,0.0,0.0,0.0,0.0,0.0,0.0,0.0,0.8260869565217391,0.09210526315789473,0.3387096774193548,0.10843373493975904,CC(=O)c1nc(-c2ccc3c(c2)C(C)C(=O)N3)cs1,COC(=O)C1(C2CCN(C(=O)OC(C)(C)C)CC2)CCNC1,CC(N)c1nc(-c2ccc3c(c2)CC(=O)N3)cs1,,0.0,1.0,0.0,
789,263517031b8b2cb2a66ab843bd69a6db5d3634019543ed9aea753c35452e293c,CCC(CNC1CC[NH+](C(C)Cc2ccccc2)CC1)[NH+]1CCCC1,CCC(NCC(C)[NH+]1CCCC1)C1CC[NH+](CCc2ccccc2)C1,Cc1cc(NS(=O)(=O)c2ccc(Cl)c([N+](=O)[O-])c2)no1,CN1CC[NH2+]CC1C[NH2+]C1CCCC1Cc1ccccc1,CC(C)N1CCCC1C(=O)NCc1cnc(C(=O)[O-])c(F)c1,CCC(NCC(C)[NH+]1CCCC1)C1CC[NH+](CCc2ccccc2)C1,Cc1cc(NS(=O)(=O)c2ccc(Cl)c([N+](=O)[O-])c2)no1,CN1CC[NH2+]CC1C[NH2+]C1CCCC1Cc1ccccc1,CC(C)N1CCCC1C(=O)NCc1cnc(C(=O)[O-])c(F)c1,0.0,0.0,0.0,0.0,0.0,0.0,0.0,0.0,0.43548387096774194,0.06493506493506493,0.19444444444444445,0.15,CCC(CNC1CC[NH+](C(C)Cc2ccccc2)CC1)[NH+]1CCCC1,Cc1cc(NS(=O)(=O)c2ccc(Cl)c([N+](=O)[O-])c2)no1,CN1CC[NH2+]CC1C[NH2+]C1CCCC1Cc1ccccc1,,0.0,1.0,1.0,
3702,94347733969ee538220476acc8adababc7eef312afd1387e6205bbbc127ce145,Cc1cccc(C)c1-n1sc2cc(F)ccc2c1=O,Cc1ccc(F)cc1-n1sc2c(C)cccc2c1=O,Cc1c(C(=O)NCc2cccc(C(=O)O)c2)oc2ccccc12,Cc1ccc(-n2sc3cc(F)ccc3c2=O)c(C)c1,CC(C)N1CCCC1C(=O)NCc1cnc(C(=O)[O-])c(F)c1,Cc1ccc(F)cc1-n1sc2c(C)cccc2c1=O,Cc1c(C(=O)NCc2cccc(C(=O)O)c2)oc2ccccc12,Cc1ccc(-n2sc3cc(F)ccc3c2=O)c(C)c1,CC(C)N1CCCC1C(=O)NCc1cnc(C(=O)[O-])c(F)c1,0.0,0.0,0.0,0.0,0.0,0.0,0.0,0.0,0.5217391304347826,0.15151515151515152,0.627906976744186,0.12,Cc1cccc(C)c1-n1sc2cc(F)ccc2c1=O,Cc1c(C(=O)NCc2cccc(C(=O)O)c2)oc2ccccc12,Cc1ccc(C)c(-n2sc3ccc(F)cc3c2=O)c1,,0.0,1.0,0.0,
4228,f5b3def850fad966287c3f8c5764b8c6670fdd7eebc93cb6a6a0b05d84988a79,CCCn1nc(C)cc1Nc1cnc(Cl)cc1C(=O)OC,CCCn1ncc(Nc2cc(C)ncc2Cl)c1C(=O)OC,O=C(NCC1CC[NH+](CCC2CCCC2)C1)c1cnoc1C1CC1,COC(=O)c1cc(C)c(Nc2cnn(C)c2)cn1C,CC(C)N1CCCC1C(=O)NCc1cnc(C(=O)[O-])c(F)c1,CCCn1ncc(Nc2cc(C)ncc2Cl)c1C(=O)OC,O=C(NCC1CC[NH+](CCC2CCCC2)C1)c1cnoc1C1CC1,,CC(C)N1CCCC1C(=O)NCc1cnc(C(=O)[O-])c(F)c1,0.0,0.0,0.0,0.0,0.0,0.0,0.0,0.0,0.46774193548387094,0.11764705882352941,0.0,0.1566265060240964,CCCn1nc(C)cc1Nc1cnc(Cl)cc1C(=O)OC,O=C(NCC1CC[NH+](CCC2CCCC2)C1)c1cnoc1C1CC1,COC(=O)c1cc(C)c(Nc2cc(C)nn2C)cn1,,0.0,1.0,0.0,
5935,51e390c22835c274f673f9dd1e5f9a3b76fed65fc26a9e7ee284ce75c51eba9e,COc1ccc(Nc2cnccc2Br)c(OC)c1OC,COc1ccc(Nc2ccncc2OC)c(OC)c1Br,SCc1onc2c1CCc1occc1-2,CCOc1ncc(Cl)cc1Nc1cccc(OC)c1OC,CC(C)N1CCCC1C(=O)NCc1cnc(C(=O)[O-])c(F)c1,COc1cnccc1Nc1ccc(OC)c(Br)c1OC,SCc1onc2c1CCc1occc1-2,CCOc1ncc(Cl)cc1Nc1cccc(OC)c1OC,CC(C)N1CCCC1C(=O)NCc1cnc(C(=O)[O-])c(F)c1,0.0,0.0,0.0,0.0,0.0,0.0,0.0,0.0,0.6190476190476191,0.06451612903225806,0.36363636363636365,0.07692307692307693,COc1ccc(Nc2cnccc2Br)c(OC)c1OC,SCc1noc2c1CCc1occc1-2,CCOc1ncc(Cl)cc1Nc1cccc(OC)c1OC,,0.0,0.0,1.0,
7914,3c963c7f6de32076536ccbaa3b78c7fe1e03de63b6b9b0e3a0aa38560debcbbd,O=C(Nc1cccc(C2SCCS2)c1)N1CCNCC[NH2+]CC1,O=C(Nc1cccc(C2SCCSC2)c1)N1CCNCC[NH2+]C1,CN=C(NCc1ccc(F)cc1)NC1CCc2cn(C(C)C)nc2C1,CN1CCN(C(=O)Nc2cccc(C3SCCSCC3)c2)CC[NH+](C)C1,CC(C)N1CCCC1C(=O)NCc1cnc(C(=O)[O-])c(F)c1,O=C(Nc1cccc(C2CSCCS2)c1)N1CCNCC[NH2+]C1,CN=C(NCc1ccc(F)cc1)NC1CCc2cn(C(C)C)nc2C1,CN1CCN(C(=O)Nc2cccc(C3CCSCCS3)c2)CC[NH+](C)C1,CC(C)N1CCCC1C(=O)NCc1cnc(C(=O)[O-])c(F)c1,0.0,0.0,0.0,0.0,0.0,0.0,0.0,0.0,0.6557377049180327,0.08602150537634409,0.410958904109589,0.12643678160919541,O=C(Nc1cccc(C2SCCS2)c1)N1CCNCC[NH2+]CC1,CN=C(NCc1ccc(F)cc1)NC1CCc2cn(C(C)C)nc2C1,CN1CCN(C(=O)Nc2cccc(C3SCCS3)c2)CC[NH+](C)CC1,,0.0,1.0,0.0,
5995,92fb6406a729e2d63c7b88a903d9c91c75434209940aa82b9198371f257a3870,CC(C)(C#N)N=NC(C)(C#N)Cc1ccccc1C(=O)OOC(=O)c1ccccc1,CC(C)(C#N)N=NC(C)(C#N)C(=O)OC(C)(C#N)c1cccc(C(=O)c2ccccc2)c1,C=CCn1c(SC(CC)C(=O)Nc2cc(C)on2)nnc1-c1ccccc1,C=CC(=O)OCc1cc(C)cc(COC(=O)C=C)c1CP(=O)(c1ccccc1)c1ccccc1,CC(C)N1CCCC1C(=O)NCc1cnc(C(=O)[O-])c(F)c1,CC(C)(C#N)N=NC(C)(C#N)C(=O)OC(C)(C#N)c1cccc(C(=O)c2ccccc2)c1,C=CCn1c(SC(CC)C(=O)Nc2cc(C)on2)nnc1-c1ccccc1,C=CC(=O)OCc1cc(C)cc(COC(=O)C=C)c1CP(=O)(c1ccccc1)c1ccccc1,CC(C)N1CCCC1C(=O)NCc1cnc(C(=O)[O-])c(F)c1,0.0,0.0,0.0,0.0,0.0,0.0,0.0,0.0,0.38461538461538464,0.13636363636363635,0.21428571428571427,0.09302325581395349,CC(C)(C#N)N=NC(C)(C#N)Cc1ccccc1C(=O)OOC(=O)c1ccccc1,C=CCn1c(SC(CC)C(=O)Nc2cc(C)on2)nnc1-c1ccccc1,C=CC(=O)OCc1cc(C)cc(COC(=O)C=C)c1C(=O)P(=O)(c1ccccc1)c1ccccc1,,0.0,1.0,0.0,
9544,b990e996de45db068cff48553cda8701aa302b551b179d7e5452c320f569b333,CC(SCc1ccccc1)N1CCN(CCCc2ccccc2)CC1,CC(SCCN1CCN(CCc2ccccc2)CC1)c1ccccc1,CC1OCCC1(C)NC(=O)c1cn(-c2cccc([N+](=O)[O-])c2)nn1,N#CC1CN(Cc2ccccc2)CCN(Cc2ccccc2)CCN1Cc1ccccc1,CC(C)N1CCCC1C(=O)NCc1cnc(C(=O)[O-])c(F)c1,CC(SCCN1CCN(CCc2ccccc2)CC1)c1ccccc1,CC1OCCC1(C)NC(=O)c1cn(-c2cccc([N+](=O)[O-])c2)nn1,N#CC1CN(Cc2ccccc2)CCN(Cc2ccccc2)CCN1Cc1ccccc1,CC(C)N1CCCC1C(=O)NCc1cnc(C(=O)[O-])c(F)c1,0.0,0.0,0.0,0.0,0.0,0.0,0.0,0.0,0.48936170212765956,0.08333333333333333,0.2545454545454545,0.13157894736842105,CC(SCc1ccccc1)N1CCN(CCCc2ccccc2)CC1,CC1OCCC1(C)NC(=O)c1cn(-c2cccc([N+](=O)[O-])c2)nn1,N#CC1CN(Cc2ccccc2)CCN(Cc2ccccc2)CCN1Cc1ccccc1,,0.0,1.0,1.0,
6656,73ea88c0f5cdf0a42dfb64300ba1df4d778229a525e534069b6b51d05a4354e0,Nc1c2c(nc3[nH]ncc13)CCC(CC=C(Cl)Cl)C2=O,NC(=CCC1CCc2c(nc3[nH]ncc3c2Cl)C1=O)Cl,COC(=O)C1(C[NH2+]C2CCOCC2C)CC1S(C)(=O)=O,CC1=C(C)CN(c2nc(Cl)nc3[nH]cnc23)CC1,CC(C)N1CCCC1C(=O)NCc1cnc(C(=O)[O-])c(F)c1,NC(Cl)=CCC1CCc2c(nc3[nH]ncc3c2Cl)C1=O,COC(=O)C1(C[NH2+]C2CCOCC2C)CC1S(C)(=O)=O,CC1=C(C)CN(c2nc(Cl)nc3[nH]cnc23)CC1,CC(C)N1CCCC1C(=O)NCc1cnc(C(=O)[O-])c(F)c1,0.0,0.0,0.0,0.0,0.0,0.0,0.0,0.0,0.532258064516129,0.0963855421686747,0.11842105263157894,0.12790697674418605,Nc1c2c(nc3[nH]ncc13)CCC(CC=C(Cl)Cl)C2=O,COC(=O)C1(C[NH2+]C2CCOCC2C)CC1S(C)(=O)=O,CC1=C(C)CN(c2nc(Cl)nc3[nH]cnc23)CC1,,0.0,1.0,1.0,
152,bb39b9e297b120d9e6daff96b9790d146a380c5feb89f24b218a78f995df6328,Cc1nn(C)cc1CC(=O)NC(C)CN(C)CC(=O)N1CCC1,Cc1cn(C)nc1CC(=O)NC(C)CN(C)CC(=O)N1CCC1,CC(C)(C)C(=O)NC1CCCC(NC(=O)c2nccnc2N)C1,CCn1cc(CN(C)CC2CCN(C(=O)CNC(C)=O)C2)nn1,CC(C)N1CCCC1C(=O)NCc1cnc(C(=O)[O-])c(F)c1,Cc1cn(C)nc1CC(=O)NC(C)CN(C)CC(=O)N1CCC1,CC(C)(C)C(=O)NC1CCCC(NC(=O)c2nccnc2N)C1,CCn1cc(CN(C)CC2CCN(C(=O)CNC(C)=O)C2)nn1,CC(C)N1CCCC1C(=O)NCc1cnc(C(=O)[O-])c(F)c1,0.0,0.0,0.0,0.0,0.0,0.0,0.0,0.0,0.75,0.12658227848101267,0.21686746987951808,0.1927710843373494,Cc1nn(C)cc1CC(=O)NC(C)CN(C)CC(=O)N1CCC1,CC(C)(C)C(=O)NC1CCCC(NC(=O)c2nccnc2N)C1,CCn1cc(CN(C)CC2CCN(C(=O)CNC(C)=O)C2)nn1,,0.0,1.0,1.0,
8759,8b6e589a6e40361f1671f753c3db0af67cbc741cd957d57fd3536c5f9c38cdc1,O=C(CCc1cccs1)NCc1ccc(Oc2ccc(F)cc2)cc1,O=C(CCc1ccc(Oc2ccc(F)cc2)cc1)NCc1cccs1,CC1(C)C2CCC1(C(=O)NCCC[NH2+]CCC(F)(F)F)CC2,O=C(COc1ccc(Cl)cc1)NCc1ccc(OCc2ccccn2)cc1,CC(C)N1CCCC1C(=O)NCc1cnc(C(=O)[O-])c(F)c1,O=C(CCc1ccc(Oc2ccc(F)cc2)cc1)NCc1cccs1,CC1(C)C2CCC1(C(=O)NCCC[NH2+]CCC(F)(F)F)CC2,O=C(COc1ccc(Cl)cc1)NCc1ccc(OCc2ccccn2)cc1,CC(C)N1CCCC1C(=O)NCc1cnc(C(=O)[O-])c(F)c1,0.0,0.0,0.0,0.0,0.0,0.0,0.0,0.0,0.8260869565217391,0.12162162162162163,0.3076923076923077,0.16455696202531644,O=C(CCc1cccs1)NCc1ccc(Oc2ccc(F)cc2)cc1,CC1(C)C2CCC1(C(=O)NCCC[NH2+]CCC(F)(F)F)CC2,O=C(COc1ccc(Cl)cc1)NCc1ccc(OCc2ccccn2)cc1,,0.0,1.0,1.0,
6953,8e3fc8d86199a0fa0a296d32c1007f7b2f5a1f5af2d918185eeb7c5460c024e2,Cc1cc(C[NH+]2CCC3CN(C(=O)Cc4nonc4C)CC3C2)ncn1,Cc1nccc(CC(=O)N2CC3CC[NH+](Cc4nonc4C)CC3C2)n1,CC(C)=CCN1CCOCC1CNC(=O)c1c(C)cc(C)cc1C,Cc1cc(C[NH+]2CC3CN(C(=O)c4ccnc(C)c4)CC3C2)on1,CC(C)N1CCCC1C(=O)NCc1cnc(C(=O)[O-])c(F)c1,Cc1nccc(CC(=O)N2CC3CC[NH+](Cc4nonc4C)CC3C2)n1,CC(C)=CCN1CCOCC1CNC(=O)c1c(C)cc(C)cc1C,Cc1cc(C(=O)N2CC3C[NH+](Cc4cc(C)no4)CC3C2)ccn1,CC(C)N1CCCC1C(=O)NCc1cnc(C(=O)[O-])c(F)c1,0.0,0.0,0.0,0.0,0.0,0.0,0.0,0.0,0.6417910447761194,0.16279069767441862,0.3835616438356164,0.15555555555555556,Cc1cc(C[NH+]2CCC3CN(C(=O)Cc4nonc4C)CC3C2)ncn1,CC(C)=CCN1CCOCC1CNC(=O)c1c(C)cc(C)cc1C,Cc1cc(C(=O)N2CC3C[NH+](Cc4nc(C)c(C)o4)CC3C2)ccn1,,0.0,1.0,0.0,
5790,f9091287f26e1536837328fcd957b774dfbd7eaf80b2f1aeaea33af390e421c6,CCCn1nccc1CN1CCCC(c2nnc3n2CCC3)C1,CCCn1nccc1CN1CCC(c2nnc3n2CCC3)C1,Cc1cccc(CCCNC(=O)C2CCCN2c2ccccc2)n1,CC(C)n1nccc1CN1CCCC(c2nnc3n2CCC3)C1,CC(C)N1CCCC1C(=O)NCc1cnc(C(=O)[O-])c(F)c1,CCCn1nccc1CN1CCC(c2nnc3n2CCC3)C1,Cc1cccc(CCCNC(=O)C2CCCN2c2ccccc2)n1,CC(C)n1nccc1CN1CCCC(c2nnc3n2CCC3)C1,CC(C)N1CCCC1C(=O)NCc1cnc(C(=O)[O-])c(F)c1,0.0,0.0,0.0,0.0,0.0,0.0,0.0,0.0,0.9019607843137255,0.15294117647058825,0.7017543859649122,0.1511627906976744,CCCn1nccc1CN1CCCC(c2nnc3n2CCC3)C1,Cc1cccc(CCCNC(=O)C2CCCN2c2ccccc2)n1,CC(C)n1nccc1CN1CCCC(c2nnc3n2CCC3)C1,,0.0,1.0,1.0,
5236,b1ba5c1e71166a94b477846e16bd637d233af2f21bad27a580eee8dcb84e5277,Cc1cc(F)ccc1NC(=O)c1nnn(Cc2ccccc2Cl)c1-n1cccc1,Cc1cccc(NC(=O)c2nnn(Cc3ccccc3F)c2-n2cccc2Cl)c1,CCNC(=O)CC(=O)NCC1([NH2+]CCN2CCNC2=O)CCC1,Cc1ccc(NC(=O)c2nnn(Cc3cccc(F)c3)c2-n2cccc2Cl)cc1,CC(C)N1CCCC1C(=O)NCc1cnc(C(=O)[O-])c(F)c1,Cc1cccc(NC(=O)c2nnn(Cc3ccccc3F)c2-n2cccc2Cl)c1,CCNC(=O)CC(=O)NCC1([NH2+]CCN2CCNC2=O)CCC1,Cc1ccc(NC(=O)c2nnn(Cc3cccc(F)c3)c2-n2cccc2Cl)cc1,CC(C)N1CCCC1C(=O)NCc1cnc(C(=O)[O-])c(F)c1,0.0,0.0,0.0,0.0,0.0,0.0,0.0,0.0,0.48,0.08695652173913043,0.4533333333333333,0.16666666666666666,Cc1cc(F)ccc1NC(=O)c1nnn(Cc2ccccc2Cl)c1-n1cccc1,CCNC(=O)CC(=O)NCC1([NH2+]CCN2CCNC2=O)CCC1,Cc1ccc(NC(=O)c2nnn(Cc3ccc(Cl)cc3)c2-n2cccc2)cc1F,,0.0,1.0,0.0,
9549,4f61ca36c868abcc0858cd00b89d835bc8252ecd26a0c89cffb4a13d65b197cb,CCS(=O)(=O)Nc1ccc(Nc2ccc(NC(C)=O)cc2)cn1,CCS(=O)(=O)Nc1ccc(Nc2ccc(NC(C)=O)cn2)cc1,C=C(C)C=C([O-])C1=CC(OC2CCN(C3CCCN(C(C)=O)C3)CC2)C1,CCS(=O)(=O)Nc1ccc(Nc2ccc(C(C)=O)cc2)nc1,CC(C)N1CCCC1C(=O)NCc1cnc(C(=O)[O-])c(F)c1,CCS(=O)(=O)Nc1ccc(Nc2ccc(NC(C)=O)cn2)cc1,C=C(C)C=C([O-])C1=CC(OC2CCN(C3CCCN(C(C)=O)C3)CC2)C1,CCS(=O)(=O)Nc1ccc(Nc2ccc(C(C)=O)cc2)nc1,CC(C)N1CCCC1C(=O)NCc1cnc(C(=O)[O-])c(F)c1,0.0,0.0,0.0,0.0,0.0,0.0,0.0,0.0,0.7619047619047619,0.1,0.6086956521739131,0.14473684210526316,CCS(=O)(=O)Nc1ccc(Nc2ccc(NC(C)=O)cc2)cn1,C=C(C=CC1=C(N[O-])CCN(C(C)=O)C1)OC1CCN(C2CCC2)CC1,CCS(=O)(=O)Nc1ccc(Nc2ccc(C(C)=O)cc2)cn1,,0.0,0.0,0.0,
5579,2879db326f7ae079a9c80d066b9d0a8b3c2dff0480373d407199b1f2300e45cb,Cc1ccccc1CS(=O)CCS(=O)(=O)c1ccccc1,Cc1ccccc1CS(=O)(=O)CCS(=O)c1ccccc1,CNC(=O)c1cccc(CNC(=O)c2cc3c(ccc4ccccc43)[nH]2)c1,CN(Cc1ccncc1)S(=O)(=O)CCc1ccccc1Br,CC(C)N1CCCC1C(=O)NCc1cnc(C(=O)[O-])c(F)c1,Cc1ccccc1CS(=O)(=O)CCS(=O)c1ccccc1,CNC(=O)c1cccc(CNC(=O)c2cc3c(ccc4ccccc43)[nH]2)c1,CN(Cc1ccncc1)S(=O)(=O)CCc1ccccc1Br,CC(C)N1CCCC1C(=O)NCc1cnc(C(=O)[O-])c(F)c1,0.0,0.0,0.0,0.0,0.0,0.0,0.0,0.0,0.4772727272727273,0.11594202898550725,0.22807017543859648,0.06493506493506493,Cc1ccccc1CS(=O)CCS(=O)(=O)c1ccccc1,CNC(=O)c1cccc(CNC(=O)c2cc3c(ccc4ccccc43)[nH]2)c1,CN(Cc1ccncc1)S(=O)(=O)CCc1ccccc1Br,,0.0,1.0,1.0,
1999,b4febee93e7c9cc911b0241909af18faaca92b559038f18d17301bfa5eb41ca0,NC1C2CCC(C2)C1C(=O)NC(CO)C(=O)O,NC(CO)C(=O)NC1C2CCC(C2)C1C(=O)O,CCc1ccsc1C(=O)NC1CCN(CCn2cccn2)C1,COC(CNC(=O)C1C2CCC(C2)C1N)C(=O)O,CC(C)N1CCCC1C(=O)NCc1cnc(C(=O)[O-])c(F)c1,NC(CO)C(=O)NC1C2CCC(C2)C1C(=O)O,CCc1ccsc1C(=O)NC1CCN(CCn2cccn2)C1,COC(CNC(=O)C1C2CCC(C2)C1N)C(=O)O,CC(C)N1CCCC1C(=O)NCc1cnc(C(=O)[O-])c(F)c1,0.0,0.0,0.0,0.0,0.0,0.0,0.0,0.0,0.40425531914893614,0.12162162162162163,0.5217391304347826,0.136986301369863,NC1C2CCC(C2)C1C(=O)NC(CO)C(=O)O,CCc1ccsc1C(=O)NC1CCN(CCn2cccn2)C1,COC(CNC(=O)C1C2CCC(C2)C1N)C(=O)O,,0.0,1.0,1.0,
736,20597cbd5f253b7acbcd400ef3c9d299f62a81cd9a02d8a217c24122b4fcd63c,CC(C)C(C(=O)O)N(c1ccc(-c2ccc(NC(=O)c3nc4ccccc4o3)cc2)cc1)S(=O)[O-],CC(C)C(NC(=O)c1nc2ccccc2o1)(C(=O)O)c1ccc(-c2ccc(N([O-])S(=O)[O-])cc2)cc1,O=C(NC1(CF)CCOCC1)c1ccc(Cn2ccnc2)cc1,Cc1ccc2nc(C(=O)Nc3ccc(-c4ccc(N(C(=O)O)S(=O)[O-])cc4)cc3)oc2c1C(C)(C)C,CC(C)N1CCCC1C(=O)NCc1cnc(C(=O)[O-])c(F)c1,CC(C)C(NC(=O)c1nc2ccccc2o1)(C(=O)O)c1ccc(-c2ccc(N([O-])S(=O)[O-])cc2)cc1,O=C(NC1(CF)CCOCC1)c1ccc(Cn2ccnc2)cc1,Cc1ccc2nc(C(=O)Nc3ccc(-c4ccc(N(C(=O)O)S(=O)[O-])cc4)cc3)oc2c1C(C)(C)C,CC(C)N1CCCC1C(=O)NCc1cnc(C(=O)[O-])c(F)c1,0.0,0.0,0.0,0.0,0.0,0.0,0.0,0.0,0.5342465753424658,0.12087912087912088,0.4605263157894737,0.11702127659574468,CC(C)C(C(=O)O)N(c1ccc(-c2ccc(NC(=O)c3nc4ccccc4o3)cc2)cc1)S(=O)[O-],O=C(NC1(CF)CCOCC1)c1ccc(Cn2ccnc2)cc1,Cc1ccc2oc(C(=O)Nc3ccc(-c4ccc(N(C(C(=O)O)C(C)C)S(=O)[O-])cc4)cc3)nc2c1,,0.0,1.0,0.0,
3238,02266bb495f2a42b91e2e6589b5e8ae6fcb153d6c9b83dbf53794e747b680c57,CC([NH2+]C1CC2CCCCN2C1=O)C(C)C1CCCCC1,CC([NH2+]C(C)C1CCCCC1)C1CC2CCCCN2C1=O,Cc1cccnc1C(=O)NCC1CCN(Cc2ccccc2F)C1,COC(C[NH+]1CC2CC1CN2C(=O)C1CCCCC1)C1CCCC1,CC(C)N1CCCC1C(=O)NCc1cnc(C(=O)[O-])c(F)c1,CC([NH2+]C(C)C1CC2CCCCN2C1=O)C1CCCCC1,Cc1cccnc1C(=O)NCC1CCN(Cc2ccccc2F)C1,COC(C[NH+]1CC2CC1CN2C(=O)C1CCCCC1)C1CCCC1,CC(C)N1CCCC1C(=O)NCc1cnc(C(=O)[O-])c(F)c1,0.0,0.0,0.0,0.0,0.0,0.0,0.0,0.0,0.5777777777777777,0.11392405063291139,0.2153846153846154,0.14666666666666667,CC([NH2+]C1CC2CCCCN2C1=O)C(C)C1CCCCC1,Cc1cccnc1C(=O)NCC1CCN(Cc2ccccc2F)C1,COC(C[NH+]1CC2CC1CN2C(=O)C1CCCCC1)C1CCCC1,,0.0,1.0,1.0,
1288,11c26614f41813aa909e2076547f0ddede0bde47dd444563fd6cfbecec6f5aee,O=C(Cc1ccccc1CC=Cc1ccccc1)N1CCCCC1,O=C(Cc1ccccc1C=CCc1ccccc1)N1CCCCC1,Cc1cnc(C#N)c(Nc2ccc(CCC(=O)[O-])cc2)c1,Cc1cccc(N(Cc2ccccc2)C(=O)CN2CCCC2)c1,CC(C)N1CCCC1C(=O)NCc1cnc(C(=O)[O-])c(F)c1,O=C(Cc1ccccc1C=CCc1ccccc1)N1CCCCC1,Cc1cnc(C#N)c(Nc2ccc(CCC(=O)[O-])cc2)c1,Cc1cccc(N(Cc2ccccc2)C(=O)CN2CCCC2)c1,CC(C)N1CCCC1C(=O)NCc1cnc(C(=O)[O-])c(F)c1,0.0,0.0,0.0,0.0,0.0,0.0,0.0,0.0,0.6521739130434783,0.0945945945945946,0.23809523809523808,0.12987012987012986,O=C(Cc1ccccc1CC=Cc1ccccc1)N1CCCCC1,Cc1ccnc(C#N)c1Nc1ccc(CCC(=O)[O-])cc1,Cc1cccc(N(Cc2ccccc2)C(=O)CN2CCCC2)c1,,0.0,0.0,1.0,
6020,0864d8e6d86e541e5ea987d9163151d7e7bf5a35b8b6c76954e562a99098faa9,COCOC1C2CCC1C(CO)C2CO,COCOC1C(CO)C2CCC1C2CO,Cc1cccc2oc(C(=O)NC3CN(C(C)c4nc(C)no4)C3)cc12,OCC1C(CO)C2CC1CC2CO,CC(C)N1CCCC1C(=O)NCc1cnc(C(=O)[O-])c(F)c1,COCOC1C(CO)C2CCC1C2CO,Cc1noc(C(C)N2CC(NC(=O)c3cc4c(C)cccc4o3)C2)n1,OCC1CC2CC1C(CO)C2CO,CC(C)N1CCCC1C(=O)NCc1cnc(C(=O)[O-])c(F)c1,0.0,0.0,0.0,0.0,0.0,0.0,0.0,0.0,0.7857142857142857,0.05405405405405406,0.29411764705882354,0.08823529411764706,COCOC1C2CCC1C(CO)C2CO,Cc1nc(C(C)N2CC(NC(=O)c3cc4c(C)cccc4o3)C2)no1,OCC1CC2CC1C(CO)C2CO,,0.0,0.0,1.0,
4454,45b5648fa69ea7070bc5165b4507d33fbff58a194915e2f7b9418877e0b9c6e4,Cc1cc(Nc2cc(CC(=O)[O-])ccc2F)cnc1Cl,Cc1cnc(Cl)c(Nc2ccc(CC(=O)[O-])c(F)c2)c1,C=CCCC[NH2+]C1CN(C(=O)Cc2ccc3c(c2)NC(=O)C3)CC1C,Cc1cnc(Cl)c(Nc2cc(CC(=O)[O-])ccc2F)c1,CC(C)N1CCCC1C(=O)NCc1cnc(C(=O)[O-])c(F)c1,Cc1cnc(Cl)c(Nc2ccc(CC(=O)[O-])c(F)c2)c1,C=CCCC[NH2+]C1CN(C(=O)Cc2ccc3c(c2)NC(=O)C3)CC1C,Cc1cnc(Cl)c(Nc2cc(CC(=O)[O-])ccc2F)c1,CC(C)N1CCCC1C(=O)NCc1cnc(C(=O)[O-])c(F)c1,0.0,0.0,0.0,0.0,0.0,0.0,0.0,0.0,0.5263157894736842,0.14942528735632185,0.7,0.24,Cc1cc(Nc2cc(CC(=O)[O-])ccc2F)cnc1Cl,C=CCCC[NH2+]C1CN(C(=O)Cc2ccc3c(c2)NC(=O)C3)CC1C,Cc1cnc(Br)c(Nc2cc(CC(=O)[O-])ccc2F)c1,,0.0,1.0,0.0,
6404,a2de465f92d6cf8112403a74b4ad94dd811f93d53f20af2c91b22b81c5830789,COC1CCCC(C(=O)NC2CN(C(=O)C3CCC=CCC3)C2)C1,COC1CCC(C(=O)NC2CN(C(=O)C3CCC=CCCC3)C2)C1,COC(C)c1noc(CN2CCCN(Cc3ccno3)CC2)n1,CN(C(=O)CN1CCC(NC(=O)C2CCC=CCCC2)CC1)C1CC1,CC(C)N1CCCC1C(=O)NCc1cnc(C(=O)[O-])c(F)c1,COC1CCC(C(=O)NC2CN(C(=O)C3CCC=CCCC3)C2)C1,COC(C)c1noc(CN2CCCN(Cc3ccno3)CC2)n1,CN(C(=O)CN1CCC(NC(=O)C2CCC=CCCC2)CC1)C1CC1,CC(C)N1CCCC1C(=O)NCc1cnc(C(=O)[O-])c(F)c1,0.0,0.0,0.0,0.0,0.0,0.0,0.0,0.0,0.8888888888888888,0.08860759493670886,0.39344262295081966,0.16666666666666666,COC1CCCC(C(=O)NC2CN(C(=O)C3CCC=CCC3)C2)C1,COC(C)c1noc(CN2CCCN(Cc3ccno3)CC2)n1,CN(C(=O)C1CCC=CCCC1)C1CCN(CC(=O)NC2CC2)CC1,,0.0,1.0,0.0,
3583,d0db9c0260f5226ae211338274a9f93a3f4ab534b2e1d78cafa2cc6e7f91265b,COc1ccc(-c2noc(COc3ccc4c(c3)OCO4)n2)c(OC)c1,COc1ccc(OCc2nc(-c3ccc4c(c3)OCO4)no2)c(OC)c1,[NH3+]CC(O)CCc1cn(C2CC(Oc3ccccc3)C2)nn1,COCc1nc(C(=O)OC(C)c2cccc3c2OCO3)co1,CC(C)N1CCCC1C(=O)NCc1cnc(C(=O)[O-])c(F)c1,COc1ccc(OCc2nc(-c3ccc4c(c3)OCO4)no2)c(OC)c1,[NH3+]CC(O)CCc1cn(C2CC(Oc3ccccc3)C2)nn1,COCc1nc(C(=O)OC(C)c2cccc3c2OCO3)co1,CC(C)N1CCCC1C(=O)NCc1cnc(C(=O)[O-])c(F)c1,0.0,0.0,0.0,0.0,0.0,0.0,0.0,0.0,0.7037037037037037,0.10975609756097561,0.23076923076923078,0.10344827586206896,COc1ccc(-c2noc(COc3ccc4c(c3)OCO4)n2)c(OC)c1,[NH3+]CC(O)CCc1cn(C2CC(Oc3ccccc3)C2)nn1,COCc1nc(C(=O)OC(C)c2cccc3c2OCO3)co1,,0.0,1.0,1.0,
4149,a649037d75c95000b59056ea0194ca502066fe7d9a3d5f050a9856f86f604d3e,COc1cc(N(c2cc(C)cnc2OC)S(C)(=O)=O)ccc1N,COc1cc(N)ccc1N(c1cnc(C)c(OC)c1)S(C)(=O)=O,O=C(CC1CC1)N1CCC(C2CCCN(C(=O)c3ccc[nH]3)C2)C1,COc1nc(S(C)(=O)=O)ccc1Nc1ccccc1SC,CC(C)N1CCCC1C(=O)NCc1cnc(C(=O)[O-])c(F)c1,COc1cc(N)ccc1N(c1cnc(C)c(OC)c1)S(C)(=O)=O,O=C(CC1CC1)N1CCC(C2CCCN(C(=O)c3ccc[nH]3)C2)C1,COc1nc(S(C)(=O)=O)ccc1Nc1ccccc1SC,CC(C)N1CCCC1C(=O)NCc1cnc(C(=O)[O-])c(F)c1,0.0,0.0,0.0,0.0,0.0,0.0,0.0,0.0,0.5,0.04938271604938271,0.21212121212121213,0.09411764705882353,COc1cc(N(c2cc(C)cnc2OC)S(C)(=O)=O)ccc1N,O=C(CC1CC1)N1CCC(C2CCCN(C(=O)c3ccc[nH]3)C2)C1,COc1nc(OC)c(SC)cc1Nc1ccccc1S(C)(=O)=O,,0.0,1.0,0.0,
2092,4b135edd71ba327dfcb7f7084a395a8ce83f231f86622edd24f240eead43a66d,N#CCC1CN(C(=O)C23CC2CC[NH+]3CC2CCOC2)C1,N#CCC1CCN(C(=O)C23CC2C[NH+](CC2CCOC2)C3)C1,Cn1c(C(=O)NCC2([NH2+]CCC3CCCC3)CCCC2)cccc1=O,O=C(C1CCCC1)N1CC2CC1C[NH+]2CC1CCOC1,CC(C)N1CCCC1C(=O)NCc1cnc(C(=O)[O-])c(F)c1,N#CCC1CCN(C(=O)C23CC2C[NH+](CC2CCOC2)C3)C1,Cn1c(C(=O)NCC2([NH2+]CCC3CCCC3)CCCC2)cccc1=O,O=C(C1CCCC1)N1CC2CC1C[NH+]2CC1CCOC1,CC(C)N1CCCC1C(=O)NCc1cnc(C(=O)[O-])c(F)c1,0.0,0.0,0.0,0.0,0.0,0.0,0.0,0.0,0.53125,0.13095238095238096,0.3088235294117647,0.0898876404494382,N#CCC1CN(C(=O)C23CC2CC[NH+]3CC2CCOC2)C1,Cn1c(C(=O)NCC2([NH2+]CCC3CCCC3)CCCC2)cccc1=O,O=C(C1CCOC1)N1CC2CC1C[NH+]2CC1CCCC1,,0.0,1.0,0.0,
961,fe890991ef97074c262d211314d7a59ff54f0801f9781b70cb5cb78fdfbbec40,CCOC1CC(O)(C[NH2+]C(C)CC2CCCC2)C1,CCOC1CC([NH2+]CC(O)CC2CCCC2)C1C,N#Cc1ccc(N2CCC(N(C=O)OCc3ccccc3)C2=O)cc1,COC(C[NH2+]C1CC(C)(O)C1)C1CCCCC1,CC(C)N1CCCC1C(=O)NCc1cnc(C(=O)[O-])c(F)c1,CCOC1CC([NH2+]CC(O)CC2CCCC2)C1C,N#Cc1ccc(N2CCC(N(C=O)OCc3ccccc3)C2=O)cc1,COC(C[NH2+]C1CC(C)(O)C1)C1CCCCC1,CC(C)N1CCCC1C(=O)NCc1cnc(C(=O)[O-])c(F)c1,0.0,0.0,0.0,0.0,0.0,0.0,0.0,0.0,0.35185185185185186,0.06329113924050633,0.2545454545454545,0.11688311688311688,CCOC1CC(O)(C[NH2+]C(C)CC2CCCC2)C1,N#Cc1ccc(N2CCC(N(C=O)OCc3ccccc3)C2=O)cc1,COC(C[NH2+]C1CC(C)(O)C1)C1CCCCC1,,0.0,1.0,1.0,
7608,9d49f2c97bf420f2b8e2946ea29f3c162a43c45f6a3402e3486faa226cd8871c,CC(=O)c1c(Br)cccc1Nc1c(C)ccnc1F,CC(=O)c1c(F)cccc1Nc1c(C)ccnc1Br,Cc1ccccc1C(C)NC(=O)CN(C)S(=O)(=O)c1ccc2ccccc2c1,CC(=O)c1cc(F)ccc1Nc1c(C)ccnc1F,CC(C)N1CCCC1C(=O)NCc1cnc(C(=O)[O-])c(F)c1,CC(=O)c1c(F)cccc1Nc1c(C)ccnc1Br,Cc1ccccc1C(C)NC(=O)CN(C)S(=O)(=O)c1ccc2ccccc2c1,CC(=O)c1cc(F)ccc1Nc1c(C)ccnc1F,CC(C)N1CCCC1C(=O)NCc1cnc(C(=O)[O-])c(F)c1,0.0,0.0,0.0,0.0,0.0,0.0,0.0,0.0,0.6666666666666666,0.16216216216216217,0.56,0.13924050632911392,CC(=O)c1c(Br)cccc1Nc1c(C)ccnc1F,Cc1ccccc1C(C)NC(=O)CN(C)S(=O)(=O)c1ccc2ccccc2c1,CC(=O)c1cc(F)ccc1Nc1c(C)ccnc1F,,0.0,1.0,1.0,
5210,acbf7f22586a7c47ab89d97a5f9b0f5894d304498a35fc50572981281d642c18,COC1C=CC=C(C)C(=O)NC2=CC(=O)C=C(C2=O)C(OC)C(C)CC(OC)C(OC)C(C)(O)C=C(C)C1OC(N)=O,COC1C(C)OC(C)C(OC)C(OC)C=CC(C)=CC(OC)C(=O)C(OC)C=C2C(=O)NC(=O)NC(C)=CC(=O)C=C21,COc1cccc(CC(=O)N2CCCN(C(=O)Nc3ccc(F)cc3)C2C(=O)NCCN)c1,COC1C(C)C(C)=CC(OC)C(OC)C(C)C=CC(O)C=CC(=O)C2=C(C(=O)OC)C=CC(N)C(=O)NC(=O)C=C12,CC(C)N1CCCC1C(=O)NCc1cnc(C(=O)[O-])c(F)c1,COC1C=C(C)C=CC(OC)C(OC)C(C)OC(C)C(OC)C2=CC(=O)C=C(C)NC(=O)NC(=O)C2=CC(OC)C1=O,COc1cccc(CC(=O)N2CCCN(C(=O)Nc3ccc(F)cc3)C2C(=O)NCCN)c1,COC(=O)C1=C2C(=O)C=CC(O)C=CC(C)C(OC)C(OC)C=C(C)C(C)C(OC)C2=CC(=O)NC(=O)C(N)C=C1,CC(C)N1CCCC1C(=O)NCc1cnc(C(=O)[O-])c(F)c1,0.0,0.0,0.0,0.0,0.0,0.0,0.0,0.0,0.2376237623762376,0.10344827586206896,0.20909090909090908,0.07272727272727272,COC1C=CC=C(C)C(=O)NC2=CC(=O)C=C(C2=O)C(OC)C(C)CC(OC)C(OC)C(C)(O)C=C(C)C1OC(N)=O,COc1ccc(CC(=O)N2CCCN(C(=O)Nc3cccc(F)c3)C2C(=O)NCCN)cc1,COC1C=CC=C(C)C(=O)NC2=CC(=O)C=C(C2=O)C(O)C(C)CC(OC)C(OC)C(C)C=C(C)C1OC(N)=O,,0.0,0.0,0.0,
1140,11da05205b576c931bfad4e911edccf925ecd327e8a32defaf6adca5943a189c,CCOC1(C(=O)OCCC=Cc2ccccc2)CCOCC1,CCC1(C(=O)OCCC=Cc2ccccc2)CCOCC1,COCCC(C)NC(=O)C1C2CCC(C2)C1N,CCOC1(C(=O)OCCC=Cc2ccc(Br)cc2)CCOCC1,CC(C)N1CCCC1C(=O)NCc1cnc(C(=O)[O-])c(F)c1,CCC1(C(=O)OCCC=Cc2ccccc2)CCOCC1,COCCC(C)NC(=O)C1C2CCC(C2)C1N,CCOC1(C(=O)OCCC=Cc2ccc(Br)cc2)CCOCC1,CC(C)N1CCCC1C(=O)NCc1cnc(C(=O)[O-])c(F)c1,0.0,0.0,0.0,0.0,0.0,0.0,0.0,0.0,0.7346938775510204,0.1267605633802817,0.7959183673469388,0.10714285714285714,CCOC1(C(=O)OCCC=Cc2ccccc2)CCOCC1,COCCC(C)NC(=O)C1C2CCC(C2)C1N,CCOC1(C(=O)OCCC=Cc2ccc(Br)cc2)CCOCC1,,0.0,1.0,1.0,
2594,f236b735f2fe285ef4e47c640a02e702f8c37061efa5c11a815c519bfaff4044,CCC(C(=O)N(C)C1CCC1)C1CCC(C)CC1,CCC(C(=O)N(C)C1CCC(C)CC1)C1CCC1,CC(C)OCC1CN(CCC(=O)Nc2cccc3ccccc23)CCO1,CC1CCC(N(C)C(=O)CC2CCC2)CC1,CC(C)N1CCCC1C(=O)NCc1cnc(C(=O)[O-])c(F)c1,CCC(C(=O)N(C)C1CCC(C)CC1)C1CCC1,CC(C)OCC1CN(CCC(=O)Nc2cccc3ccccc23)CCO1,CC1CCC(N(C)C(=O)CC2CCC2)CC1,CC(C)N1CCCC1C(=O)NCc1cnc(C(=O)[O-])c(F)c1,0.0,0.0,0.0,0.0,0.0,0.0,0.0,0.0,0.9090909090909091,0.12,0.475,0.15714285714285714,CCC(C(=O)N(C)C1CCC1)C1CCC(C)CC1,CC(C)OCC1CN(CCC(=O)Nc2cccc3ccccc23)CCO1,CC1CCC(CC(=O)N(C)C2CCC2)CC1,,0.0,1.0,0.0,
1643,9f34fba6dd43077136eab5e2d2034afc64b36d0b47032946e280a798da4f35c9,O=C(COC1CC1)Nc1ncc(C2CCCCC2)s1,O=C(COC1CCCCC1)Nc1ncc(C2CC2)s1,CC1(C)CCCC1C(=O)N1CCC2(CC1)C[NH+](CCC1CC1)CCO2,O=C(CSCc1csc(C2CCCC2)n1)NC1CCCC1,CC(C)N1CCCC1C(=O)NCc1cnc(C(=O)[O-])c(F)c1,O=C(COC1CCCCC1)Nc1ncc(C2CC2)s1,CC1(C)CCCC1C(=O)N1CCC2(CC1)C[NH+](CCC1CC1)CCO2,O=C(CSCc1csc(C2CCCC2)n1)NC1CCCC1,CC(C)N1CCCC1C(=O)NCc1cnc(C(=O)[O-])c(F)c1,0.0,0.0,0.0,0.0,0.0,0.0,0.0,0.0,0.9024390243902439,0.12987012987012986,0.2698412698412698,0.18666666666666668,O=C(COC1CC1)Nc1ncc(C2CCCCC2)s1,CC1(C)CCCC1C(=O)N1CCC2(CC1)C[NH+](CCC1CC1)CCO2,O=C(CSCc1csc(C2CCCC2)n1)NC1CCCC1,,0.0,1.0,1.0,
1344,3b1c3bf692791eeb7bea4290e3a2bf7476ab0b9eb90a3d18d9e9346e0fd2941b,CCCC(=O)OC1CC2(C)CCC1C2(C)C,CCCC(=O)OC1CC2CCC1(C)C2(C)C,COc1ccc(N2C(=O)C3C4C=CC(C)(O4)C3C2=O)cc1,CCCCC(=O)OC1C2CCC(C2)C1(C)C,CC(C)N1CCCC1C(=O)NCc1cnc(C(=O)[O-])c(F)c1,CCCC(=O)OC1CC2CCC1(C)C2(C)C,COc1ccc(N2C(=O)C3C4C=CC(C)(O4)C3C2=O)cc1,CCCCC(=O)OC1C2CCC(C2)C1(C)C,CC(C)N1CCCC1C(=O)NCc1cnc(C(=O)[O-])c(F)c1,0.0,0.0,0.0,0.0,0.0,0.0,0.0,0.0,0.4666666666666667,0.08955223880597014,0.3469387755102041,0.10666666666666667,CCCC(=O)OC1CC2(C)CCC1C2(C)C,COc1ccc(N2C(=O)C3C(C2=O)C2(CO)C=CC3(C)O2)cc1,CCCCC(=O)OC1CC2CCC1(C)C2(C)C,,0.0,0.0,0.0,
8589,78fb472f62b208f482c006613304490f5d217299406c6fd8509bf941010ddde0,CS(=O)(=O)c1cncc(Nc2cc(Cl)c(Br)cc2C#N)c1,CS(=O)(=O)c1cc(Nc2cncc(C#N)c2)c(Br)cc1Cl,CCOc1cccc(CN(C(=O)c2cc(-c3ccc(F)cc3C)ncn2)C(C)C)c1,CS(=O)(=O)c1cc(Nc2cncc(C#N)c2)c(Cl)cc1Cl,CC(C)N1CCCC1C(=O)NCc1cnc(C(=O)[O-])c(F)c1,CS(=O)(=O)c1cc(Nc2cncc(C#N)c2)c(Br)cc1Cl,CCOc1cccc(CN(C(=O)c2cc(-c3ccc(F)cc3C)ncn2)C(C)C)c1,CS(=O)(=O)c1cc(Nc2cncc(C#N)c2)c(Cl)cc1Cl,CC(C)N1CCCC1C(=O)NCc1cnc(C(=O)[O-])c(F)c1,0.0,0.0,0.0,0.0,0.0,0.0,0.0,0.0,0.5357142857142857,0.07526881720430108,0.4909090909090909,0.09411764705882353,CS(=O)(=O)c1cncc(Nc2cc(Cl)c(Br)cc2C#N)c1,CCOc1cccc(-c2cc(CN(C(=O)c3cn(C)cn3)C(C)C)ccc2F)c1,CS(=O)(=O)c1cncc(Nc2cc(Cl)c(Cl)cc2C#N)c1,,0.0,0.0,0.0,
5626,8fbf208d0a07fbb03be80c203c86162f30e3b93e50d2a2ebc04ee0ba1c7d88d6,C=CCN1CCN(C(=O)c2cn(CCC)nc2S(=O)(=O)N2CCN(c3ccc(Cl)cc3)CC2)CC1,C=CCN1CCN(S(=O)(=O)c2nn(CC)cc2C(=O)N2CCN(c3ccc(Cl)cc3)CC2)CC1,O=C([O-])CC1CSCCN1C(=O)CC1CCC(C2CC2)O1,CCn1cc(S(=O)(=O)N2CCN(C(=O)c3cc(Cl)ccc3N3CCN(CC)CC3)CC2)c(C)n1,CC(C)N1CCCC1C(=O)NCc1cnc(C(=O)[O-])c(F)c1,C=CCN1CCN(S(=O)(=O)c2nn(CC)cc2C(=O)N2CCN(c3ccc(Cl)cc3)CC2)CC1,O=C([O-])CC1CSCCN1C(=O)CC1CCC(C2CC2)O1,CCN1CCN(c2ccc(Cl)cc2C(=O)N2CCN(S(=O)(=O)c3cn(CC)nc3C)CC2)CC1,CC(C)N1CCCC1C(=O)NCc1cnc(C(=O)[O-])c(F)c1,0.0,0.0,0.0,0.0,0.0,0.0,0.0,0.0,0.873015873015873,0.0851063829787234,0.45,0.1111111111111111,C=CCN1CCN(C(=O)c2cn(CCC)nc2S(=O)(=O)N2CCN(c3ccc(Cl)cc3)CC2)CC1,O=C([O-])CC1CSCCN1C(=O)CC1CCC(C2CC2)O1,CCN1CCN(C(=O)c2cn(CC)nc2S(=O)(=O)N2CCN(c3cc(Cl)ccc3C)CC2)CC1,,0.0,1.0,0.0,
4682,e8f307883de995573382d867514ee2c204b8b479cddd0d60db1cb95a9b949870,CCN(CC)c1nc(C)cc(C(=O)NC2CC(C)(C)NC(C)(C)C2)n1,CCN(C(=O)c1nc(C)cc(NC2CC(C)(C)NC(C)(C)C2)n1)CC,COC(=O)c1ccc(C(C)N(C)C2CCCCCC2)o1,CC#CCN1CCC(NC(=O)c2cc(C)nc(C)n2)C(C)(C)C1,CC(C)N1CCCC1C(=O)NCc1cnc(C(=O)[O-])c(F)c1,CCN(CC)C(=O)c1nc(C)cc(NC2CC(C)(C)NC(C)(C)C2)n1,COC(=O)c1ccc(C(C)N(C)C2CCCCCC2)o1,CC#CCN1CCC(NC(=O)c2cc(C)nc(C)n2)C(C)(C)C1,CC(C)N1CCCC1C(=O)NCc1cnc(C(=O)[O-])c(F)c1,0.0,0.0,0.0,0.0,0.0,0.0,0.0,0.0,0.5,0.15492957746478872,0.34285714285714286,0.14634146341463414,CCN(CC)c1nc(C)cc(C(=O)NC2CC(C)(C)NC(C)(C)C2)n1,COC(=O)c1ccc(C(C)N(C)C2CCCCCC2)o1,CC#CCN1CCC(NC(=O)c2cc(C)nc(C)n2)C(C)(C)C1,,0.0,1.0,1.0,
3593,c7beec9ecb373637940ddfc155c8ca7870741fadcb9529dcc0c12f3fbef25cdf,CC(C)C(C(=O)N1CCC(c2noc(C(F)(F)F)n2)CC1)[NH+](C)C,CC(C)C(C(=O)N1CCC(c2nc(C(F)(F)F)no2)CC1)[NH+](C)C,CCC(C)(CC)N1C(=O)C(C)(CC)NC(=O)C1C,CC(NC(=O)N1CCC(c2nc(C(C)C)no2)CC1)C(F)(F)F,CC(C)N1CCCC1C(=O)NCc1cnc(C(=O)[O-])c(F)c1,CC(C)C(C(=O)N1CCC(c2nc(C(F)(F)F)no2)CC1)[NH+](C)C,CCC1(C)NC(=O)C(C)N(C(C)(CC)CC)C1=O,CC(C)c1noc(C2CCN(C(=O)NC(C)C(F)(F)F)CC2)n1,CC(C)N1CCCC1C(=O)NCc1cnc(C(=O)[O-])c(F)c1,0.0,0.0,0.0,0.0,0.0,0.0,0.0,0.0,0.6666666666666666,0.08571428571428572,0.36923076923076925,0.1875,CC(C)C(C(=O)N1CCC(c2noc(C(F)(F)F)n2)CC1)[NH+](C)C,CCC1C(=O)NC(C)(C)C(=O)N1C(C)(CC)CC,CC(C)c1nc(C2CCN(C(=O)NC(C)C(F)(F)F)CC2)no1,,0.0,0.0,0.0,
728,4e938f9d4eb2809d3ba748e0fc95115ee5680022381489ace473cfb9ea4b667a,O=C(Nc1cc(Oc2ccc(Cl)cc2)cc([N+](=O)[O-])c1)c1ccn(C(F)F)n1,O=C(Nc1ccc(Oc2cccc(Cl)c2)cc1)c1cc([N+](=O)[O-])nn1C(F)F,COc1cc(NC(=O)NCC2C[NH+]3CCCC3CO2)ccc1F,Cc1cc(C(=O)Nc2cccc(Oc3cc([N+](=O)[O-])cc(C(F)(F)F)c3)c2)nn1C,CC(C)N1CCCC1C(=O)NCc1cnc(C(=O)[O-])c(F)c1,O=C(Nc1ccc(Oc2cccc(Cl)c2)cc1)c1cc([N+](=O)[O-])nn1C(F)F,COc1cc(NC(=O)NCC2C[NH+]3CCCC3CO2)ccc1F,Cc1cc(C(=O)Nc2cccc(Oc3cc([N+](=O)[O-])cc(C(F)(F)F)c3)c2)nn1C,CC(C)N1CCCC1C(=O)NCc1cnc(C(=O)[O-])c(F)c1,0.0,0.0,0.0,0.0,0.0,0.0,0.0,0.0,0.4647887323943662,0.13829787234042554,0.4533333333333333,0.13333333333333333,O=C(Nc1cc(Oc2ccc(Cl)cc2)cc([N+](=O)[O-])c1)c1ccn(C(F)F)n1,COc1ccc(F)c(NC(=O)NCC2C[NH+]3CCCC3CO2)c1,Cc1cc(C(=O)Nc2cc(Oc3cccc(C(F)(F)F)c3)cc([N+](=O)[O-])c2)nn1C,,0.0,0.0,0.0,
8044,2d9c5a77fab456597718ec1f8b6944f7dc3ee4ff28c90f83118c399d230858f2,O=C(CSc1ncccc1C(=O)NCc1nnc2ccccn12)Nc1ccc2c(c1)OCO2,O=C(CSc1nnc2ccccn12)Nc1ccc(C(=O)NCc2cccc3c2OCO3)cn1,CC1NC(=O)CN(C(C(C)(C)C)C(C)(C)C)C1=O,O=C(Cc1csc(-c2ccccn2)n1)NCCOc1ccc2c(c1)CCC(=O)N2,CC(C)N1CCCC1C(=O)NCc1cnc(C(=O)[O-])c(F)c1,O=C(CSc1nnc2ccccn12)Nc1ccc(C(=O)NCc2cccc3c2OCO3)cn1,CC1NC(=O)CN(C(C(C)(C)C)C(C)(C)C)C1=O,O=C(Cc1csc(-c2ccccn2)n1)NCCOc1ccc2c(c1)CCC(=O)N2,CC(C)N1CCCC1C(=O)NCc1cnc(C(=O)[O-])c(F)c1,0.0,0.0,0.0,0.0,0.0,0.0,0.0,0.0,0.449438202247191,0.056818181818181816,0.16666666666666666,0.15,O=C(CSc1ncccc1C(=O)NCc1nnc2ccccn12)Nc1ccc2c(c1)OCO2,CC(N1CC(=O)NC(C(C)(C)C)C1=O)C(C)(C)C,O=C(Cc1csc(-c2ccccn2)n1)NCCOc1ccc2c(c1)CCC(=O)N2,,0.0,0.0,1.0,
3643,b62201c016b63f3f36156c40d10059e1031bac471c426209b1c971e504433d14,O=C(CCC(=O)N1CC(=O)N(CC2CC2)C1)N1CCN(c2ccccn2)CC1,O=C(CCC(=O)N1CCN(c2ccccn2)CC1=O)N1CCN(CC2CC2)C1,CN(C(=O)C1CC=CC1)C1CC(NC(=O)C2CCCCN2C)C1,O=C(CC1CCN(C(=O)C2CC(=O)N(Cc3ccccc3)C2)CC1)N1CCCC1,CC(C)N1CCCC1C(=O)NCc1cnc(C(=O)[O-])c(F)c1,O=C(CCC(=O)N1CCN(c2ccccn2)CC1=O)N1CCN(CC2CC2)C1,CN1CCCCC1C(=O)NC1CC(N(C)C(=O)C2CC=CC2)C1,O=C(CC1CCN(C(=O)C2CC(=O)N(Cc3ccccc3)C2)CC1)N1CCCC1,CC(C)N1CCCC1C(=O)NCc1cnc(C(=O)[O-])c(F)c1,0.0,0.0,0.0,0.0,0.0,0.0,0.0,0.0,0.639344262295082,0.10975609756097561,0.28378378378378377,0.15294117647058825,O=C(CCC(=O)N1CC(=O)N(CC2CC2)C1)N1CCN(c2ccccn2)CC1,CN1CCCCC1C(=O)N(C)C1CC(NC(=O)C2CC=CC2)C1,O=C(CC1CCN(C(=O)C2CC(=O)N(Cc3ccccc3)C2)CC1)N1CCCC1,,0.0,0.0,1.0,
66,0bd9e61148e9724c60cddc36ef76a8f61c79ecaeb9cf950eb9a28531f6bd8573,CN(C)C(=O)c1ccccc1CN1CC(Oc2cccc(Cl)c2Cl)C1,CN(C)C(=O)c1ccccc1OC1CN(Cc2cccc(Cl)c2Cl)C1,O=Cc1cc(C(=O)NCc2cccnc2-n2cccn2)c[nH]1,COc1ccc(Br)c(CN(C)CC2CCN(C(=O)c3ccccc3)C2)c1,CC(C)N1CCCC1C(=O)NCc1cnc(C(=O)[O-])c(F)c1,CN(C)C(=O)c1ccccc1OC1CN(Cc2cccc(Cl)c2Cl)C1,O=Cc1cc(C(=O)NCc2cccnc2-n2cccn2)c[nH]1,COc1ccc(Br)c(CN(C)CC2CCN(C(=O)c3ccccc3)C2)c1,CC(C)N1CCCC1C(=O)NCc1cnc(C(=O)[O-])c(F)c1,0.0,0.0,0.0,0.0,0.0,0.0,0.0,0.0,0.8431372549019608,0.14285714285714285,0.2222222222222222,0.12790697674418605,CN(C)C(=O)c1ccccc1CN1CC(Oc2cccc(Cl)c2Cl)C1,O=Cc1c[nH]c(C(=O)NCc2cccnc2-n2cccn2)c1,COc1ccc(Br)c(CN(C)CC2CCN(C(=O)c3ccccc3)C2)c1,,0.0,0.0,1.0,
1754,9110727e5ccea827898b234f04ac0f308a009b80e5580761a3a86e2467d78769,Cc1ccsc1C(=O)N(C)Cc1cc(C(=O)O)c(C)o1,Cc1cc(CN(C)C(=O)c2sccc2C(=O)O)oc1C,CCC(CNC(=O)Cc1cc(C)ccc1C)[NH2+]Cc1nc(C)oc1C,Cc1ccc(C(=O)N(C)Cc2cc(C(=O)O)c(C)o2)s1,CC(C)N1CCCC1C(=O)NCc1cnc(C(=O)[O-])c(F)c1,Cc1cc(CN(C)C(=O)c2sccc2C(=O)O)oc1C,CCC(CNC(=O)Cc1cc(C)ccc1C)[NH2+]Cc1nc(C)oc1C,Cc1ccc(C(=O)N(C)Cc2cc(C(=O)O)c(C)o2)s1,CC(C)N1CCCC1C(=O)NCc1cnc(C(=O)[O-])c(F)c1,0.0,0.0,0.0,0.0,0.0,0.0,0.0,0.0,0.7391304347826086,0.18181818181818182,0.6458333333333334,0.0975609756097561,Cc1ccsc1C(=O)N(C)Cc1cc(C(=O)O)c(C)o1,CCC(CNC(=O)Cc1cc(C)ccc1C)[NH2+]Cc1nc(C)oc1C,Cc1ccc(C(=O)N(C)Cc2cc(C(=O)O)c(C)o2)s1,,0.0,1.0,1.0,
4807,7641a558fc5388cf07b143a9c34be5353ae7c71715994c908f56bb7df707831c,CC([NH2+]Cc1sccc1Cl)C1CCN(C(=O)c2ncc[nH]2)C1,CC([NH2+]Cc1nccs1)C1CCN(C(=O)c2ccc(Cl)[nH]2)C1,Cc1nc(C)c(C(=O)NC2CC(C[NH2+]Cc3n[nH]c(=O)[n-]3)C2)c(C)n1,Cc1cc(C[NH2+]C2CN(C(=O)Cc3cc[nH]n3)CC2(C)C)cs1,CC(C)N1CCCC1C(=O)NCc1cnc(C(=O)[O-])c(F)c1,CC([NH2+]Cc1nccs1)C1CCN(C(=O)c2ccc(Cl)[nH]2)C1,Cc1nc(C)c(C(=O)NC2CC(C[NH2+]Cc3n[nH]c(=O)[n-]3)C2)c(C)n1,Cc1cc(C[NH2+]C2CN(C(=O)Cc3cc[nH]n3)CC2(C)C)cs1,CC(C)N1CCCC1C(=O)NCc1cnc(C(=O)[O-])c(F)c1,0.0,0.0,0.0,0.0,0.0,0.0,0.0,0.0,0.5942028985507246,0.15555555555555556,0.23333333333333334,0.17777777777777778,CC([NH2+]Cc1sccc1Cl)C1CCN(C(=O)c2ncc[nH]2)C1,Cc1nc(C)c(C(=O)NC2CC(C[NH2+]Cc3n[nH]c(=O)[n-]3)C2)nc1C,Cc1cc(C[NH2+]C2CN(C(=O)Cc3cc[nH]n3)CC2(C)C)cs1,,0.0,0.0,1.0,
2821,11b426e09ad6c549117539941c0ddef6f1f413e5a43040b8f187399c8822bc08,CCN1C(C)=C(C(=O)O)C(CC)(c2ccsc2)C(C(=O)O)=C1C,CCC1=C(C(=O)O)C(C)(c2ccsc2)N(CC)C(C)=C1C(=O)O,COCCOCCn1cc(NC(=O)c2ccncc2)cn1,COC(=O)C1=C(C)NC(C)=C(C(=O)O)C1c1ccsc1,CC(C)N1CCCC1C(=O)NCc1cnc(C(=O)[O-])c(F)c1,CCC1=C(C(=O)O)C(C)(c2ccsc2)N(CC)C(C)=C1C(=O)O,COCCOCCn1cc(NC(=O)c2ccncc2)cn1,COC(=O)C1=C(C)NC(C)=C(C(=O)O)C1c1ccsc1,CC(C)N1CCCC1C(=O)NCc1cnc(C(=O)[O-])c(F)c1,0.0,0.0,0.0,0.0,0.0,0.0,0.0,0.0,0.5094339622641509,0.1267605633802817,0.2982456140350877,0.10126582278481013,CCN1C(C)=C(C(=O)O)C(CC)(c2ccsc2)C(C(=O)O)=C1C,COCCOCCn1cc(NC(=O)c2ccncc2)cn1,COC(=O)C1=C(C)NC(C)=C(C(=O)O)C1c1ccsc1,,0.0,1.0,1.0,
3359,5de4d1587e2031c6312a37297b381c93043b8fa8fc263c3398c449dd1b1451e1,CC1C2CC(O)C(C2)C1CO,CC1C2CC(C2)C(O)C1CO,CC1(CNC(=O)C2CNCCO2)CCC[NH2+]CC1,CC1CC2CC(N)C1C2O,CC(C)N1CCCC1C(=O)NCc1cnc(C(=O)[O-])c(F)c1,CC1C2CC(C2)C(O)C1CO,CC1(CNC(=O)C2CNCCO2)CCC[NH2+]CC1,CC1CC2CC(N)C1C2O,CC(C)N1CCCC1C(=O)NCc1cnc(C(=O)[O-])c(F)c1,0.0,0.0,0.0,0.0,0.0,0.0,0.0,0.0,0.5714285714285714,0.08196721311475409,0.2222222222222222,0.07352941176470588,CC1C2CC(O)C(C2)C1CO,CC1(C(=O)NCC2CCC[NH2+]CC2)CNCCO1,CC1CC2CC1C(N)C2O,,0.0,0.0,0.0,
765,eb654118866eb3eed6134f492b3d410cd13d730cc9b34d4ec8ba83c788ac052b,Cc1cc(C)c(Nc2ccc(S(C)=O)cc2)cn1,Cc1cc(Nc2ccc(S(C)=O)cc2)c(C)cn1,O=C(NC1CN(c2cc(-c3nn[nH]n3)ccn2)C1)C1(c2ccccc2)CC1,Cc1ccnc(Nc2ccc(S(C)=O)cc2)c1C,CC(C)N1CCCC1C(=O)NCc1cnc(C(=O)[O-])c(F)c1,Cc1cc(Nc2ccc(S(C)=O)cc2)c(C)cn1,O=C(NC1CN(c2cc(-c3nn[nH]n3)ccn2)C1)C1(c2ccccc2)CC1,Cc1ccnc(Nc2ccc(S(C)=O)cc2)c1C,CC(C)N1CCCC1C(=O)NCc1cnc(C(=O)[O-])c(F)c1,0.0,0.0,0.0,0.0,0.0,0.0,0.0,0.0,0.7837837837837838,0.10126582278481013,0.5116279069767442,0.136986301369863,Cc1cc(C)c(Nc2ccc(S(C)=O)cc2)cn1,O=C(NC1CN(c2ccncn2)C1)C1(c2cccc(-c3nn[nH]n3)c2)CC1,Cc1ccnc(C)c1Nc1ccc(S(C)=O)cc1,,0.0,0.0,0.0,
851,0dbeba20f43473eb273a228515afdc46a64f54c63e862d772f6d39fb0d12ba5f,O=S(=O)(NN=Cc1c(Cl)cccc1Cl)c1cccs1,O=S(=O)(NN=Cc1cccs1)c1c(Cl)cccc1Cl,Cc1nc2c(c(NC(C)Cc3cnn(C)c3)n1)CCCC2,COc1c(Br)cc(C=NNS(=O)(=O)c2cccs2)cc1Br,CC(C)N1CCCC1C(=O)NCc1cnc(C(=O)[O-])c(F)c1,O=S(=O)(NN=Cc1cccs1)c1c(Cl)cccc1Cl,Cc1nc2c(c(NC(C)Cc3cnn(C)c3)n1)CCCC2,COc1c(Br)cc(C=NNS(=O)(=O)c2cccs2)cc1Br,CC(C)N1CCCC1C(=O)NCc1cnc(C(=O)[O-])c(F)c1,0.0,0.0,0.0,0.0,0.0,0.0,0.0,0.0,0.6428571428571429,0.04054054054054054,0.52,0.06329113924050633,O=S(=O)(NN=Cc1c(Cl)cccc1Cl)c1cccs1,Cc1nc2c(c(NC(C)Cc3cnn(C)c3)n1)CCCC2,COc1c(Br)cc(C=NNS(=O)(=O)c2cccs2)cc1Br,,0.0,1.0,1.0,
3691,d9fdda4d911af473221c1f05618d08ebe98dc40b28df992c32d85a1f977ceda7,CCOC(=O)CC1CCC([NH+]2CCn3cnc(CO)c3C2)C1,CCOC(=O)CC1CCC([NH+]2CCn3c(CO)cnc3C2)C1,FC(F)(F)C1CC(C(F)(F)F)OCC1n1ccc(C(F)(F)C(F)(F)F)c1,CCOC(=O)C1CC[NH+](Cc2cn3c(n2)COCC3)C1,CC(C)N1CCCC1C(=O)NCc1cnc(C(=O)[O-])c(F)c1,CCOC(=O)CC1CCC([NH+]2CCn3c(CO)cnc3C2)C1,FC(F)(F)C1CC(C(F)(F)F)C(n2ccc(C(F)(F)C(F)(F)F)c2)CO1,CCOC(=O)C1CC[NH+](Cc2cn3c(n2)COCC3)C1,CC(C)N1CCCC1C(=O)NCc1cnc(C(=O)[O-])c(F)c1,0.0,0.0,0.0,0.0,0.0,0.0,0.0,0.0,0.625,0.07228915662650602,0.2911392405063291,0.1590909090909091,CCOC(=O)CC1CCC([NH+]2CCn3cnc(CO)c3C2)C1,FC(F)(F)c1cc(C2CC(C(F)(C(F)(F)F)C(F)(F)F)OCCO2)ccn1,CCOC(=O)C1CC[NH+](Cc2cn3c(n2)COCC3)C1,,0.0,0.0,1.0,
2954,56f4bcf76871918d8fc82e77703709778577f0ee5017ff89421d1cf43ffa34ee,COc1c(Cl)cc(C=NNC(=O)CCc2nc3ccccc3[nH]c2=O)cc1Cl,COc1cc(C=NNC(=O)CCc2cc3ccccc3[nH]c2=O)c(Cl)cc1Cl,NC(=O)c1cc([N+](=O)[O-])ccc1NC1CCN(Cc2ccc(F)cc2)C1=O,CCOc1ccc(C=NNC(=O)CCc2cc3ccccc3[nH]c2=O)cc1Cl,CC(C)N1CCCC1C(=O)NCc1cnc(C(=O)[O-])c(F)c1,COc1cc(C=NNC(=O)CCc2cc3ccccc3[nH]c2=O)c(Cl)cc1Cl,NC(=O)c1cc([N+](=O)[O-])ccc1NC1CCN(Cc2ccc(F)cc2)C1=O,CCOc1ccc(C=NNC(=O)CCc2cc3ccccc3[nH]c2=O)cc1Cl,CC(C)N1CCCC1C(=O)NCc1cnc(C(=O)[O-])c(F)c1,0.0,0.0,0.0,0.0,0.0,0.0,0.0,0.0,0.5135135135135135,0.12244897959183673,0.5405405405405406,0.11578947368421053,COc1c(Cl)cc(C=NNC(=O)CCc2nc3ccccc3[nH]c2=O)cc1Cl,NC(=O)c1cc([N+](=O)[O-])ccc1NC1CCN(Cc2ccc(F)cc2)C1=O,CCOc1ccc(C=NNC(=O)CCc2nc3ccccc3[nH]c2=O)cc1Cl,,0.0,1.0,0.0,
677,d4d42b0d1e53afe279ed02d63f2c5b75440e6351b08dbd6807050a67f9043094,CC1CN(C(=O)C2CC(c3ccccc3)C2)CC1C[NH2+]Cc1ccn(C)n1,CC1CN(C(=O)C2CC2c2ccccc2)CC1C[NH2+]Cc1ccn(C)n1,O=C(CN1C(=O)COc2ccccc21)OCc1c(F)cccc1F,Cc1csc(C[NH2+]CC2CN(C(=O)C3CC3c3cccnc3)CC2C)n1,CC(C)N1CCCC1C(=O)NCc1cnc(C(=O)[O-])c(F)c1,CC1CN(C(=O)C2CC2c2ccccc2)CC1C[NH2+]Cc1ccn(C)n1,O=C(CN1C(=O)COc2ccccc21)OCc1c(F)cccc1F,Cc1csc(C[NH2+]CC2CN(C(=O)C3CC3c3cccnc3)CC2C)n1,CC(C)N1CCCC1C(=O)NCc1cnc(C(=O)[O-])c(F)c1,0.0,0.0,0.0,0.0,0.0,0.0,0.0,0.0,0.7931034482758621,0.12941176470588237,0.42857142857142855,0.13333333333333333,CC1CN(C(=O)C2CC(c3ccccc3)C2)CC1C[NH2+]Cc1ccn(C)n1,O=C(CN1C(=O)COc2ccccc21)OCc1c(F)cccc1F,Cc1csc(C[NH2+]CC2CN(C(=O)C3CC3c3cccnc3)CC2C)n1,,0.0,1.0,1.0,
3392,ca65132f3e3b040b3b61fce97645b83c929dec6a34d21ad0a7ac04f578dda9cc,CC(=O)N1CC(C)CN(S(=O)(=O)CC2CCOCC2)c2ccccc21,CC(=O)N1CC(CS(=O)(=O)N2CCCOCC(C)C2)c2ccccc21,C=CCC1(C(=O)N=c2cc(OC)n(C)[nH]2)CCCCC1,CCOC1CC(C(=O)N2CCCc3c(S(C)(=O)=O)cccc32)C1,CC(C)N1CCCC1C(=O)NCc1cnc(C(=O)[O-])c(F)c1,CC(=O)N1CC(CS(=O)(=O)N2CCCOCC(C)C2)c2ccccc21,C=CCC1(C(=O)N=c2cc(OC)n(C)[nH]2)CCCCC1,CCOC1CC(C(=O)N2CCCc3c2cccc3S(C)(=O)=O)C1,CC(C)N1CCCC1C(=O)NCc1cnc(C(=O)[O-])c(F)c1,0.0,0.0,0.0,0.0,0.0,0.0,0.0,0.0,0.45454545454545453,0.1111111111111111,0.2236842105263158,0.13095238095238096,CC(=O)N1CC(C)CN(S(=O)(=O)CC2CCOCC2)c2ccccc21,C=CCC1(C(=O)N=c2cc(OC)n(C)[nH]2)CCCCC1,CCOC1CC(C(=O)N2CCCc3c2cccc3S(C)(=O)=O)C1,,0.0,1.0,1.0,
7740,3c110dd0360a33e9e1f31695d5817d244c2a5ef14c295bae9f93d6f32d035802,CCCN1C(=O)NC(=N)C12CCC(C)(C)c1ccccc12,CCCN1C(=O)NC(C)(C)C12CCc1ccccc1C2=N,C=CCn1c(-c2csc(C)n2)nnc1N1CCOCC2(CCC2)C1,CNC(=O)CC12C(=O)N(C)c3ccccc3N1C1(C(=O)N(C)C)CC1c3ccccc31,CC(C)N1CCCC1C(=O)NCc1cnc(C(=O)[O-])c(F)c1,CCCN1C(=O)NC(C)(C)C12CCc1ccccc1C2=N,C=CCn1c(-c2csc(C)n2)nnc1N1CCOCC2(CCC2)C1,,CC(C)N1CCCC1C(=O)NCc1cnc(C(=O)[O-])c(F)c1,0.0,0.0,0.0,0.0,0.0,0.0,0.0,0.0,0.40350877192982454,0.09523809523809523,0.0,0.08641975308641975,CCCN1C(=O)NC(=N)C12CCC(C)(C)c1ccccc12,C=CCn1c(-c2csc(C)n2)nnc1N1CCOCC2(CCC2)C1,CNC(=O)CC1(C23CC(=O)N(C)C2N(C)c2ccccc23)C(=O)N(C)c2ccccc21,,0.0,1.0,0.0,
6568,761dfecae2470159288754ae634d11798144c93bf2e7ad2eba41aa8faca890ef,CN(C(=O)C(NC(=O)OC(C)(C)C)c1ccccc1)C(Cc1c[nH]c2ccccc12)C(=O)O,CN(C(=O)C(Cc1c[nH]c2ccccc12)NC(=O)OC(C)(C)C)C(C(=O)O)c1ccccc1,CCCOCc1ccccc1CN(C)C(=NC)NCC1CCOC1,COC(=O)C(Cc1c[nH]c2ccccc12)NC(=O)C(C)c1ccccc1F,CC(C)N1CCCC1C(=O)NCc1cnc(C(=O)[O-])c(F)c1,CN(C(=O)C(Cc1c[nH]c2ccccc12)NC(=O)OC(C)(C)C)C(C(=O)O)c1ccccc1,CCCOCc1ccccc1CN(C)C(=NC)NCC1CCOC1,COC(=O)C(Cc1c[nH]c2ccccc12)NC(=O)C(C)c1ccccc1F,CC(C)N1CCCC1C(=O)NCc1cnc(C(=O)[O-])c(F)c1,0.0,0.0,0.0,0.0,0.0,0.0,0.0,0.0,0.6875,0.15217391304347827,0.37333333333333335,0.10638297872340426,CN(C(=O)C(NC(=O)OC(C)(C)C)c1ccccc1)C(Cc1c[nH]c2ccccc12)C(=O)O,CCCOCc1ccccc1CNC(=NC)N(C)CC1CCOC1,COC(=O)C(Cc1c[nH]c2ccccc12)NC(=O)C(C)c1ccccc1F,,0.0,0.0,1.0,
7835,3d77694a11131f364f549d468ceba9747f3025fd668a43b6e396324e1c66687d,CNC(=O)C1(C(=O)OCc2cccc(F)c2OC(F)F)CCC1,CNC(=O)C1(C(=O)OCc2c(F)cccc2OC(F)F)CCC1,C#CCCCNC(C)C1CC2CCC1C2,CNC(=O)C1(C(=O)OCc2ccc(OCCC(F)(F)F)cc2)CCC1,CC(C)N1CCCC1C(=O)NCc1cnc(C(=O)[O-])c(F)c1,CNC(=O)C1(C(=O)OCc2c(F)cccc2OC(F)F)CCC1,C#CCCCNC(C)C1CC2CCC1C2,CNC(=O)C1(C(=O)OCc2ccc(OCCC(F)(F)F)cc2)CCC1,CC(C)N1CCCC1C(=O)NCc1cnc(C(=O)[O-])c(F)c1,0.0,0.0,0.0,0.0,0.0,0.0,0.0,0.0,0.7090909090909091,0.08,0.4603174603174603,0.1686746987951807,CNC(=O)C1(C(=O)OCc2cccc(F)c2OC(F)F)CCC1,C#CCCCNC(C)C1CC2CCC1C2,CNC(=O)C1(C(=O)OCc2ccc(OCCC(F)(F)F)cc2)CCC1,,0.0,1.0,1.0,
4649,91136a7d291aeb884fd57e3370864a77a547475daa76ffc383373c865eb71220,CC(c1nncn1C)N(CCNC(=O)C1CC1(C)C)C1CC1,CC(CNC(=O)C1CC1(C)C)N(Cc1nncn1C)C1CC1,O=c1oc2ccccc2n1C1CCN(C(Oc2ccnc(F)c2)Cl)CC1,CCC1CC1C(=O)NCCN(Cc1nncn1C)C1CC1,CC(C)N1CCCC1C(=O)NCc1cnc(C(=O)[O-])c(F)c1,CC(CNC(=O)C1CC1(C)C)N(Cc1nncn1C)C1CC1,O=c1oc2ccccc2n1C1CCN(C(Cl)Oc2ccnc(F)c2)CC1,CCC1CC1C(=O)NCCN(Cc1nncn1C)C1CC1,CC(C)N1CCCC1C(=O)NCc1cnc(C(=O)[O-])c(F)c1,0.0,0.0,0.0,0.0,0.0,0.0,0.0,0.0,0.6065573770491803,0.10869565217391304,0.42028985507246375,0.2073170731707317,CC(c1nncn1C)N(CCNC(=O)C1CC1(C)C)C1CC1,O=c1oc2ccccc2n1C1CCN(C(F)Oc2ccnc(Cl)c2)CC1,CCC1CC1C(=O)NCCN(Cc1nncn1C)C1CC1,,0.0,0.0,1.0,
4278,3c3b92de16b82de053fa6d62382c5713226ec081a9eff405bfd9367db8f6296d,CC(C)CCNC(=O)C(CC(C)C)NC(=O)C1OC1C(=O)N1CCN(c2ncc(O)cn2)CC1,CC(C)CCNC(=O)C(CC(C)C)NC(=O)C1CN(c2ncc(O)cn2)CCN1C(=O)C1CC1,CC(C)CCn1ccc(=NC(=O)C(=O)NC2CCCC(F)(F)C2O)[nH]1,CCOc1cccc(CCNC(=O)C2CSCN2C(C)=O)n1,CC(C)N1CCCC1C(=O)NCc1cnc(C(=O)[O-])c(F)c1,CC(C)CCNC(=O)C(CC(C)C)NC(=O)C1CN(c2ncc(O)cn2)CCN1C(=O)C1CC1,CC(C)CCn1ccc(=NC(=O)C(=O)NC2CCCC(F)(F)C2O)[nH]1,CCOc1cccc(CCNC(=O)C2CSCN2C(C)=O)n1,CC(C)N1CCCC1C(=O)NCc1cnc(C(=O)[O-])c(F)c1,0.0,0.0,0.0,0.0,0.0,0.0,0.0,0.0,0.6376811594202898,0.1827956989247312,0.19318181818181818,0.21839080459770116,CC(C)CCNC(=O)C(CC(C)C)NC(=O)C1OC1C(=O)N1CCN(c2ncc(O)cn2)CC1,CC(C)CCn1ccc(=NC(=O)C(=O)NC2CCCC(F)(F)C2O)[nH]1,CCOc1cccc(CCNC(=O)C2CSCN2C(C)=O)n1,,0.0,1.0,1.0,
9320,5c25d6d3268cf059f53a5e94b2a79f5bfc88b52ffd9e98d08d559e79345c3ee1,Cc1cnc(-n2cc(Cl)c(N)n2)nc1,Cc1cnc(-n2cc(N)c(Cl)n2)nc1,CCOc1ccccc1N1C(=O)N(c2ccc(Cl)cc2)C2CS(=O)(=O)CC21,Cc1cn(-c2nccc(N)n2)nc1Cl,CC(C)N1CCCC1C(=O)NCc1cnc(C(=O)[O-])c(F)c1,Cc1cnc(-n2cc(N)c(Cl)n2)nc1,CCOc1ccccc1N1C(=O)N(c2ccc(Cl)cc2)C2CS(=O)(=O)CC21,Cc1cn(-c2nccc(N)n2)nc1Cl,CC(C)N1CCCC1C(=O)NCc1cnc(C(=O)[O-])c(F)c1,0.0,0.0,0.0,0.0,0.0,0.0,0.0,0.0,0.6470588235294118,0.109375,0.36363636363636365,0.09859154929577464,Cc1cnc(-n2cc(Cl)c(N)n2)nc1,CCOc1ccccc1N1C(=O)N(c2ccc(Cl)cc2)C2CS(=O)(=O)CC21,Cc1nn(-c2nccc(N)n2)cc1Cl,,0.0,1.0,0.0,
7927,d25e497bbeb073b546f4076d9c0ff126da845b1764d7e64e05ca78e834715621,O=C(Nc1cc(C(=O)N2CCCNCC2)ccc1N1CCN(C(=O)Cc2ccccc2)CC1)C1CCCCC1,O=C(Nc1cc(C(=O)N2CCNCC2)ccc1N1CCCCCC1)C1CCN(C(=O)Cc2ccccc2)CC1,CCCN(Cc1nccn1C(F)F)C(=O)C(=O)N(C)CC1CCCCO1,COc1ccc(NC(=O)c2ccccc2NC(=O)CN2CCC(C(=O)N3CCCCCC3)CC2)cc1,CC(C)N1CCCC1C(=O)NCc1cnc(C(=O)[O-])c(F)c1,O=C(Nc1cc(C(=O)N2CCNCC2)ccc1N1CCCCCC1)C1CCN(C(=O)Cc2ccccc2)CC1,CCCN(Cc1nccn1C(F)F)C(=O)C(=O)N(C)CC1CCCCO1,COc1ccc(NC(=O)c2ccccc2NC(=O)CN2CCC(C(=O)N3CCCCCC3)CC2)cc1,CC(C)N1CCCC1C(=O)NCc1cnc(C(=O)[O-])c(F)c1,0.0,0.0,0.0,0.0,0.0,0.0,0.0,0.0,0.828125,0.13725490196078433,0.25,0.1702127659574468,O=C(Nc1cc(C(=O)N2CCCNCC2)ccc1N1CCN(C(=O)Cc2ccccc2)CC1)C1CCCCC1,CCCN(CC1CCCCO1)C(=O)C(=O)N(C)Cc1nccn1C(F)F,COc1ccc(NC(=O)c2ccccc2NC(=O)CN2CCC(C(=O)N3CCCCCC3)CC2)cc1,,0.0,0.0,1.0,
4461,759be96bdf79d0b1e3f0deba8cd9fe62518dafb9899b397638ead08305ccaca4,O=C1NCCC2C[NH+](Cc3ccc(F)cc3F)CC12,O=C1C2CC[NH+](Cc3ccc(F)cc3F)CC2CN1,CC(C)c1nncn1CCNC(=O)CNC(=O)c1cccc(Cl)c1,O=C1C2CC[NH+](Cc3c(O)ccc(F)c3F)CC2CN1,CC(C)N1CCCC1C(=O)NCc1cnc(C(=O)[O-])c(F)c1,O=C1NCC2C[NH+](Cc3ccc(F)cc3F)CCC12,CC(C)c1nncn1CCNC(=O)CNC(=O)c1cccc(Cl)c1,O=C1NCC2C[NH+](Cc3c(O)ccc(F)c3F)CCC12,CC(C)N1CCCC1C(=O)NCc1cnc(C(=O)[O-])c(F)c1,0.0,0.0,0.0,0.0,0.0,0.0,0.0,0.0,0.66,0.07058823529411765,0.3709677419354839,0.1375,O=C1NCCC2C[NH+](Cc3ccc(F)cc3F)CC12,CC(C)c1nncn1CCNC(=O)CNC(=O)c1cccc(Cl)c1,O=C1NCCC2C[NH+](Cc3c(F)ccc(O)c3F)CC12,,0.0,1.0,0.0,
6873,1ba05ee9aaa325a46514c91b617ed77e7322157ad18ff0e4f11bed3004183702,CC(CCNC(=O)c1cnon1)NC(=O)c1c[nH]c(=O)n1C,CC(CCNC(=O)c1c[nH]c(=O)n1C)NC(=O)c1cnon1,CC1CN(C(=O)CCc2nc3cc[nH]cc-3n2)CC(c2cccc(Cl)c2)O1,CC(CC(C)NC(=O)c1c[nH]c(=O)n1C)NC(=O)c1cnon1,CC(C)N1CCCC1C(=O)NCc1cnc(C(=O)[O-])c(F)c1,CC(CCNC(=O)c1c[nH]c(=O)n1C)NC(=O)c1cnon1,CC1CN(C(=O)CCc2nc3cc[nH]cc-3n2)CC(c2cccc(Cl)c2)O1,CC(CC(C)NC(=O)c1c[nH]c(=O)n1C)NC(=O)c1cnon1,CC(C)N1CCCC1C(=O)NCc1cnc(C(=O)[O-])c(F)c1,0.0,0.0,0.0,0.0,0.0,0.0,0.0,0.0,0.9215686274509803,0.16304347826086957,0.7735849056603774,0.16470588235294117,CC(CCNC(=O)c1cnon1)NC(=O)c1c[nH]c(=O)n1C,CC1COC(c2cccc(Cl)c2)CN1C(=O)CCc1nc2cc[nH]cc-2n1,CC(CC(C)NC(=O)c1c[nH]c(=O)n1C)NC(=O)c1cnon1,,0.0,0.0,1.0,
9002,02fe7f27df745a5c5640ae2de3c2a8d7652f627bc2ddb2eee9e8d04ec084cb2d,O=C(NCC(CO)NC(=O)c1ccsn1)c1ccnnc1,O=C(NC(CO)CNC(=O)c1ccsn1)c1ccnnc1,Cc1ncsc1C[NH+]1C2CCC1CC(NCc1cc[nH]c1)C2,Cc1cc(NC(CO)CNC(=O)c2ccon2)ncn1,CC(C)N1CCCC1C(=O)NCc1cnc(C(=O)[O-])c(F)c1,O=C(NC(CO)CNC(=O)c1ccsn1)c1ccnnc1,Cc1ncsc1C[NH+]1C2CCC1CC(NCc1cc[nH]c1)C2,Cc1cc(NC(CO)CNC(=O)c2ccon2)ncn1,CC(C)N1CCCC1C(=O)NCc1cnc(C(=O)[O-])c(F)c1,0.0,0.0,0.0,0.0,0.0,0.0,0.0,0.0,0.9130434782608695,0.08333333333333333,0.2857142857142857,0.13253012048192772,O=C(NCC(CO)NC(=O)c1ccsn1)c1ccnnc1,Cc1ncsc1CNC1CC2CCC(C1)[NH+]2Cc1cc[nH]c1,Cc1cc(NC(CO)CNC(=O)c2ccon2)ncn1,,0.0,0.0,1.0,
5137,8e43f39d808589a0b10eab933362be8189c61a3e7954006d200acba2568ba33d,CN1CC(=O)N(CC(=O)OC2CCC(C)(C)C2=O)C1=O,CN1C(=O)CN(CC(=O)OC2CCC(C)(C)C2=O)C1=O,Cc1noc(C)c1C(=O)OCCOc1ccc(S(=O)(=O)N(C)C)cc1,COC(=O)CCC1C(=O)NCC(=O)N1C(C)C,CC(C)N1CCCC1C(=O)NCc1cnc(C(=O)[O-])c(F)c1,CN1C(=O)CN(CC(=O)OC2CCC(C)(C)C2=O)C1=O,Cc1noc(C)c1C(=O)OCCOc1ccc(S(=O)(=O)N(C)C)cc1,COC(=O)CCC1C(=O)NCC(=O)N1C(C)C,CC(C)N1CCCC1C(=O)NCc1cnc(C(=O)[O-])c(F)c1,0.0,0.0,0.0,0.0,0.0,0.0,0.0,0.0,0.6666666666666666,0.11842105263157894,0.203125,0.125,CN1CC(=O)N(CC(=O)OC2CCC(C)(C)C2=O)C1=O,Cc1noc(C)c1C(=O)OCCOc1ccc(S(=O)(=O)N(C)C)cc1,COC(=O)CCC1C(=O)NCC(=O)N1C(C)C,,0.0,1.0,1.0,
7397,ac30555f121bec45d11c1597fbac746efa267e9460d9aaf2b55ffc05daaa4cd4,CCSc1ncccc1N(C=O)c1ccc(OC(F)(F)F)cc1,CCSc1ccc(N(C=O)c2ncccc2OC(F)(F)F)cc1,Cc1cc(CNC2CC3CCCC(C2)N3C)sc1Br,CCN(c1ccc(N)cc1)c1ccccc1C(F)(F)F,CC(C)N1CCCC1C(=O)NCc1cnc(C(=O)[O-])c(F)c1,CCSc1ccc(N(C=O)c2ncccc2OC(F)(F)F)cc1,Cc1cc(CNC2CC3CCCC(C2)N3C)sc1Br,CCN(c1ccc(N)cc1)c1ccccc1C(F)(F)F,CC(C)N1CCCC1C(=O)NCc1cnc(C(=O)[O-])c(F)c1,0.0,0.0,0.0,0.0,0.0,0.0,0.0,0.0,0.5789473684210527,0.05,0.24193548387096775,0.09195402298850575,CCSc1ncccc1N(C=O)c1ccc(OC(F)(F)F)cc1,Cc1sc(CNC2CC3CCCC(C2)N3C)cc1Br,CCN(c1ccc(C(F)(F)F)nc1)c1ccccc1N,,0.0,0.0,0.0,
5833,2324e8e0b5ffbefb61ec790a3fe6a0e604e6bad93b25bd55f4a4feaadd065cf0,COCc1nc(C)c(C(=O)N=c2[nH][nH]cc2-c2ccc3c(c2)OCO3)s1,COCc1nc(OC)sc1C(=O)N=c1cc(-c2ccc3c(c2)OCO3)[nH][nH]1,CC(C)=CC[NH+]1CCCC(CNC(=O)c2csc(=O)[nH]2)C1,CCc1ccccc1NC(=O)CSc1nc(-c2ccc3c(c2)OCO3)n(-c2nc(N)c(C)o2)n1,CC(C)N1CCCC1C(=O)NCc1cnc(C(=O)[O-])c(F)c1,COCc1nc(OC)sc1C(=O)N=c1cc(-c2ccc3c(c2)OCO3)[nH][nH]1,CC(C)=CC[NH+]1CCCC(CNC(=O)c2csc(=O)[nH]2)C1,CCc1ccccc1NC(=O)CSc1nc(-c2ccc3c(c2)OCO3)n(-c2nc(N)c(C)o2)n1,CC(C)N1CCCC1C(=O)NCc1cnc(C(=O)[O-])c(F)c1,0.0,0.0,0.0,0.0,0.0,0.0,0.0,0.0,0.4935064935064935,0.10309278350515463,0.26804123711340205,0.10204081632653061,COCc1nc(C)c(C(=O)N=c2[nH][nH]cc2-c2ccc3c(c2)OCO3)s1,CC(C)=CC[NH+]1CCCC(CNC(=O)c2csc(=O)[nH]2)C1,CCc1cccc(NC(=O)Cn2nc(SC)c(-c3nc(-c4ccc5c(c4)OCO5)no3)c2N)c1,,0.0,1.0,0.0,
4908,4a26fc91230853f84d25691826c036aa5d53a33455fe7c8b51490d3937ca2eb7,COc1cccc(-c2cc3nccn3c(NCCNc3ccc(N)cn3)n2)c1,COc1ccc(NCCNc2nc(-c3cnc4cccnc4c3)cn2N)cc1,Cc1cc(C(=O)NCCC(C)NC(=O)CC2CCOC2)ncn1,COc1ccc2nc(-c3ccncc3)nc(Nc3cccc(OC)c3)c2n1,CC(C)N1CCCC1C(=O)NCc1cnc(C(=O)[O-])c(F)c1,COc1ccc(NCCNc2nc(-c3cnc4cccnc4c3)cn2N)cc1,Cc1cc(C(=O)NCCC(C)NC(=O)CC2CCOC2)ncn1,COc1cccc(Nc2nc(-c3ccncc3)nc3ccc(OC)nc23)c1,CC(C)N1CCCC1C(=O)NCc1cnc(C(=O)[O-])c(F)c1,0.0,0.0,0.0,0.0,0.0,0.0,0.0,0.0,0.35443037974683544,0.09183673469387756,0.24691358024691357,0.11702127659574468,COc1cccc(-c2cc3nccn3c(NCCNc3ccc(N)cn3)n2)c1,Cc1cc(C(=O)NCCC(C)NC(=O)CC2CCOC2)ncn1,COc1ccnc(Nc2nc(-c3cccnc3)nc3ccc(OC)cc23)c1,,0.0,1.0,0.0,
7832,8a220f388f10574cfa6d3e1e3da19b0d725bd3660bc61c1b01dd54f855524928,COC1C[NH+](CCOCCNC(C)=O)CC1NC(=O)C(C)C1CC1,COC1C[NH+](CCOCCNC(=O)C(C)C2CC2)CC1NC(C)=O,CCN1CCN(C(=O)c2cc(Cl)n(C)n2)CC1=O,CCOCCOC(C)C(=O)NC1C[NH+](CCNC(=O)C2CC2)CC1O,CC(C)N1CCCC1C(=O)NCc1cnc(C(=O)[O-])c(F)c1,COC1C[NH+](CCOCCNC(=O)C(C)C2CC2)CC1NC(C)=O,CCN1CCN(C(=O)c2cc(Cl)n(C)n2)CC1=O,CCOCCOC(C)C(=O)NC1C[NH+](CCNC(=O)C2CC2)CC1O,CC(C)N1CCCC1C(=O)NCc1cnc(C(=O)[O-])c(F)c1,0.0,0.0,0.0,0.0,0.0,0.0,0.0,0.0,0.8461538461538461,0.1,0.3611111111111111,0.13953488372093023,COC1C[NH+](CCOCCNC(C)=O)CC1NC(=O)C(C)C1CC1,CCN1CCN(C(=O)c2cc(Cl)n(C)n2)CC1=O,CCOC(C(=O)NC1C[NH+](CCOCCNC(C)=O)CC1O)C1CC1,,0.0,1.0,0.0,
3421,0d7518cb53d585c5111041e4d115754c4fa2cf2f4531d6b2bbc2c1b750422f51,C[NH+](CCNC(=O)c1c(Cl)ccnc1F)C1CCCC1,C[NH+](CCNC(=O)c1c(F)ccnc1Cl)C1CCCC1,CC(OC(=O)Cc1ccccc1S(C)(=O)=O)c1nc(C2CC2)cs1,C[NH+](CCNC(=O)c1cncc(F)c1)C1CCCC1,CC(C)N1CCCC1C(=O)NCc1cnc(C(=O)[O-])c(F)c1,C[NH+](CCNC(=O)c1c(F)ccnc1Cl)C1CCCC1,CC(OC(=O)Cc1ccccc1S(C)(=O)=O)c1nc(C2CC2)cs1,C[NH+](CCNC(=O)c1cncc(F)c1)C1CCCC1,CC(C)N1CCCC1C(=O)NCc1cnc(C(=O)[O-])c(F)c1,0.0,0.0,0.0,0.0,0.0,0.0,0.0,0.0,0.7307692307692307,0.14634146341463414,0.5263157894736842,0.21794871794871795,C[NH+](CCNC(=O)c1c(Cl)ccnc1F)C1CCCC1,CC(OC(=O)Cc1ccccc1S(C)(=O)=O)c1csc(C2CC2)n1,C[NH+](CCNC(=O)c1cncc(F)c1)C1CCCC1,,0.0,0.0,1.0,
9560,f2bfffa4a0684c511ccfb9f3e4f012acabb135242245200ae484f1aad34a9f82,COc1ccc2cc(-c3nccn3CCc3ccnn3C)c(=O)[nH]c2c1,COc1ccc2[nH]c(=O)c(-c3ccnn3CCc3ccnn3C)cc2c1,[NH3+]C1CCC(=O)NC12CCC2,COCCn1nc(-c2ccc(C)cc2)cc2cc(OCc3ccc(Cl)cc3)c(=O)nc21,CC(C)N1CCCC1C(=O)NCc1cnc(C(=O)[O-])c(F)c1,COc1ccc2[nH]c(=O)c(-c3ccnn3CCc3ccnn3C)cc2c1,[NH3+]C1CCC(=O)NC12CCC2,COCCn1nc(-c2ccc(C)cc2)cc2cc(OCc3ccc(Cl)cc3)c(=O)nc1-2,CC(C)N1CCCC1C(=O)NCc1cnc(C(=O)[O-])c(F)c1,0.0,0.0,0.0,0.0,0.0,0.0,0.0,0.0,0.5846153846153846,0.05405405405405406,0.17777777777777778,0.09574468085106383,COc1ccc2cc(-c3nccn3CCc3ccnn3C)c(=O)[nH]c2c1,[NH3+]C1CCC(=O)NC12CCC2,COCCn1nc2ccc(-n3ccc(OCc4ccc(Cl)cc4)cc3=O)cc2c1C,,0.0,1.0,0.0,
719,d3c2d91ea9e93d024f47779ff2bca3cdb6ab47ed37eb94e8ef3b8fed90651040,CC(C)C1CCNc2c(CCCO)cnn21,CC(C)C1CCNc2c1cnn2CCCO,CC(C)c1noc(NC(=O)NCc2ccc3c(c2)CCC3N(C)C)n1,CC(C)Cc1cc2n(n1)CC(CN)CN2,CC(C)N1CCCC1C(=O)NCc1cnc(C(=O)[O-])c(F)c1,CC(C)C1CCNc2c1cnn2CCCO,CC(C)c1noc(NC(=O)NCc2ccc3c(c2)CCC3N(C)C)n1,CC(C)Cc1cc2n(n1)CC(CN)CN2,CC(C)N1CCCC1C(=O)NCc1cnc(C(=O)[O-])c(F)c1,0.0,0.0,0.0,0.0,0.0,0.0,0.0,0.0,0.4716981132075472,0.14634146341463414,0.1875,0.18666666666666668,CC(C)C1CCNc2c(CCCO)cnn21,CC(C)c1ccc2c(c1)C(NC(=O)NCc1nc(N(C)C)no1)CC2,CC(C)Cc1cc2n(n1)CC(CN)CN2,,0.0,0.0,1.0,
8446,d7fe49a6052591ee472a85c92761007823e00e0b799bbeb9a5478a9d387eab5a,CC(C)c1nncn1CCNc1ccc2nnc(-c3ccccc3)n2n1,CC(C)c1nnc(NCCn2cnc3ccc(-c4ccccc4)nn23)n1,CC1C(C(=O)NC2CC3CCCC(C2)N3C(=O)C2CCCC2)CC[NH+]1C,CCC(Nc1ccc2nnnn2n1)Cc1ccc(C)cc1,CC(C)N1CCCC1C(=O)NCc1cnc(C(=O)[O-])c(F)c1,,CC1C(C(=O)NC2CC3CCCC(C2)N3C(=O)C2CCCC2)CC[NH+]1C,CCC(Cc1ccc(C)cc1)Nc1ccc2nnnn2n1,CC(C)N1CCCC1C(=O)NCc1cnc(C(=O)[O-])c(F)c1,0.0,0.0,0.0,0.0,0.0,0.0,0.0,0.0,0.0,0.034482758620689655,0.23943661971830985,0.12643678160919541,CC(C)c1nncn1CCNc1ccc2nnc(-c3ccccc3)n2n1,CC1C(C(=O)NC2CC3CCCC(C2)N3C(=O)C2CCCC2)CC[NH+]1C,CCC(Cc1ccc(C)cc1)Nc1ccc2nnnn2n1,,0.0,1.0,1.0,
8895,729a8069cfe9bd0a58c7d82831d41e4eeb4270c679207cb4b3eb5592bc584fb0,CN(Cc1cccnc1)C(=O)NCCC(c1ccccc1)c1ccccc1,CN(CCCc1cccnc1)C(=O)NC(c1ccccc1)c1ccccc1,Cc1cn(C)nc1CN1CCN(C(=O)c2cc(-c3ccc4c(c3)OCO4)n[nH]2)CC1,O=C(Nc1cccnc1)NC(Cc1ccccc1)Cc1ccccc1,CC(C)N1CCCC1C(=O)NCc1cnc(C(=O)[O-])c(F)c1,CN(CCCc1cccnc1)C(=O)NC(c1ccccc1)c1ccccc1,Cc1cn(C)nc1CN1CCN(C(=O)c2cc(-c3ccc4c(c3)OCO4)n[nH]2)CC1,O=C(Nc1cccnc1)NC(Cc1ccccc1)Cc1ccccc1,CC(C)N1CCCC1C(=O)NCc1cnc(C(=O)[O-])c(F)c1,0.0,0.0,0.0,0.0,0.0,0.0,0.0,0.0,0.5178571428571429,0.1,0.3684210526315789,0.16455696202531644,CN(Cc1cccnc1)C(=O)NCCC(c1ccccc1)c1ccccc1,Cc1nn(C)cc1CN1CCN(C(=O)c2cc(-c3ccc4c(c3)OCO4)n[nH]2)CC1,O=C(Nc1cccnc1)NC(Cc1ccccc1)Cc1ccccc1,,0.0,0.0,1.0,
998,e3bfc4eb1f9f5e79142c54a46923217fb643cca9a8ee702aba7bd8707276889a,S=C=NSSN=C=S,N=S=NSC(=S)S,COc1ccc(Nc2cnc(C)c(Br)c2)cc1CO,S=C=CCCN=C=S,CC(C)N1CCCC1C(=O)NCc1cnc(C(=O)[O-])c(F)c1,N=S=NSC(=S)S,COc1ccc(Nc2cnc(C)c(Br)c2)cc1CO,S=C=CCCN=C=S,CC(C)N1CCCC1C(=O)NCc1cnc(C(=O)[O-])c(F)c1,0.0,0.0,0.0,0.0,0.0,0.0,0.0,0.0,0.125,0.0,0.20833333333333334,0.0,S=C=NSSN=C=S,COc1ccc(Nc2cnc(C)c(Br)c2)cc1CO,S=C=NCCC=CS,,0.0,1.0,0.0,
469,b0e80732b75e61c42fe5279dd287d5f4c3ec5ac11e809c7f7497425300813ac2,O=C(c1ccc2nsnc2c1)N1CCn2c(cnc2C(F)(F)F)C1,O=C(c1ccc2nc(C(F)(F)F)ncc2c1)N1CCn2nscc2C1,CCn1c(SCC(=O)NCc2ccccc2C)nnc1-c1cccc(Cl)c1,O=C(c1ccc2nnnn2c1)N1CCCn2cc(C(F)(F)F)nc21,CC(C)N1CCCC1C(=O)NCc1cnc(C(=O)[O-])c(F)c1,,CCn1c(SCC(=O)NCc2ccccc2C)nnc1-c1cccc(Cl)c1,O=C(c1ccc2nnnn2c1)N1CCCn2cc(C(F)(F)F)nc21,CC(C)N1CCCC1C(=O)NCc1cnc(C(=O)[O-])c(F)c1,0.0,0.0,0.0,0.0,0.0,0.0,0.0,0.0,0.0,0.0989010989010989,0.21794871794871795,0.15476190476190477,O=C(c1ccc2nsnc2c1)N1CCn2c(cnc2C(F)(F)F)C1,CCn1c(SCC(=O)NCc2ccccc2C)nnc1-c1cccc(Cl)c1,O=C(c1ccc2nc(C(F)(F)F)cn2c1)N1CCCn2nnnc21,,0.0,1.0,0.0,
8489,cece28772c4a6d0df8b291137ed5b404d5b9f6c06959b83113e6109c30e0b9dd,Cc1nc(C)c(C[NH2+]CC(C)N(C)C(=O)CCc2c[nH]nn2)o1,Cc1nc(C[NH2+]CC(C)N(C)C(=O)CCc2c[nH]nn2)c(C)o1,Cc1cccc(C)c1OCC(O)C[NH2+]Cc1ccnc(-c2ccccn2)n1,CCc1nocc1C[NH2+]CCN(C)C(=O)Cc1conc1C,CC(C)N1CCCC1C(=O)NCc1cnc(C(=O)[O-])c(F)c1,Cc1nc(C[NH2+]CC(C)N(C)C(=O)CCc2c[nH]nn2)c(C)o1,Cc1cccc(C)c1OCC(O)C[NH2+]Cc1ccnc(-c2ccccn2)n1,CCc1nocc1C[NH2+]CCN(C)C(=O)Cc1conc1C,CC(C)N1CCCC1C(=O)NCc1cnc(C(=O)[O-])c(F)c1,0.0,0.0,0.0,0.0,0.0,0.0,0.0,0.0,0.7894736842105263,0.2073170731707317,0.23376623376623376,0.10989010989010989,Cc1nc(C)c(C[NH2+]CC(C)N(C)C(=O)CCc2c[nH]nn2)o1,Cc1cccc(C)c1OCC(O)C[NH2+]Cc1ccnc(-c2ccccn2)n1,CCc1noc(C)c1C[NH2+]CCN(C)C(=O)Cc1cnoc1,,0.0,1.0,0.0,
1289,e77375b2aed1ef880d9287e85f30b28b0ac45a6f2bb6f90ff015eaa5650eb1b6,Cc1cc(NC(=O)c2cccc(NC(=O)NC(C)C)c2)nn1C(C)C1CC1,Cc1cc(NC(=O)NC(C)C)ccc1NC(=O)c1ccn(C(C)C2CC2)n1,COc1cc(C(=O)NC2CC3CCC2N3C(=O)C2CC=CCC2)cc(C)n1,Cc1c(C(=O)Nc2ccc(NC(=O)C3CC3)nc2)cnn1C(C)(C)C,CC(C)N1CCCC1C(=O)NCc1cnc(C(=O)[O-])c(F)c1,Cc1cc(NC(=O)NC(C)C)ccc1NC(=O)c1ccn(C(C)C2CC2)n1,COc1cc(C(=O)NC2CC3CCC2N3C(=O)C2CC=CCC2)cc(C)n1,Cc1c(C(=O)Nc2ccc(NC(=O)C3CC3)nc2)cnn1C(C)(C)C,CC(C)N1CCCC1C(=O)NCc1cnc(C(=O)[O-])c(F)c1,0.0,0.0,0.0,0.0,0.0,0.0,0.0,0.0,0.4782608695652174,0.18888888888888888,0.24358974358974358,0.20238095238095238,Cc1cc(NC(=O)c2cccc(NC(=O)NC(C)C)c2)nn1C(C)C1CC1,COc1cc(C(=O)NC2CC3CCC2N3C(=O)C2CC=CCC2)cc(C)n1,Cc1c(C(=O)Nc2ccc(NC(=O)C3CC3)nc2)cnn1C(C)(C)C,,0.0,1.0,1.0,
8161,8e2879de68b5507415b1d78dd412963f912a2a147da3f2ee98c8ed9edeae0389,N#Cc1ccc(C(=O)NC2CC(CNc3ccc(-c4nn[n-]n4)nn3)C2)[nH]1,N#Cc1ccc(NCC2CC(NC(=O)c3ccc(-c4nn[n-]n4)nn3)C2)[nH]1,C=c1[nH]n(-c2ccccc2)c(=O)c1N1CCN(c2ccccc2C)CC1,Cn1nccc1C(=O)NCC1CC(Nc2ccncc2-c2nn[nH]n2)C1,CC(C)N1CCCC1C(=O)NCc1cnc(C(=O)[O-])c(F)c1,N#Cc1ccc(NCC2CC(NC(=O)c3ccc(-c4nn[n-]n4)nn3)C2)[nH]1,,Cn1nccc1C(=O)NCC1CC(Nc2ccncc2-c2nn[nH]n2)C1,CC(C)N1CCCC1C(=O)NCc1cnc(C(=O)[O-])c(F)c1,0.0,0.0,0.0,0.0,0.0,0.0,0.0,0.0,0.7058823529411765,0.0,0.24731182795698925,0.10204081632653061,N#Cc1ccc(C(=O)NC2CC(CNc3ccc(-c4nn[n-]n4)nn3)C2)[nH]1,C=c1[nH]n(-c2ccccc2)c(=O)c1=C(c1ccccc1)N1CCN(c2ccccc2C)CC1,Cn1nccc1C(=O)NCC1CC(Nc2ccncc2-c2nn[nH]n2)C1,,0.0,0.0,1.0,
6174,e651fa33036c2c2d19c8112aa34e4c04cdfe8851d23255b9341f11e6b9fb203b,CCC1(O)C(=O)OCc2c1cc1n(c2=O)C(OC)c2cc3c(N)cccc3nc2-1,CCC1(O)C(=O)OCc2c1cc1n(c2=O)Cc2c-1nc1cccc(N)c1c2CO,Cc1cc(Nc2cccnc2)ccc1C#N,CCC1(O)C(=O)OCc2c1cc1n(c2=O)Cc2c-1nc1ccccc1c2COC,CC(C)N1CCCC1C(=O)NCc1cnc(C(=O)[O-])c(F)c1,CCC1(O)C(=O)OCc2c1cc1n(c2=O)Cc2c-1nc1cccc(N)c1c2CO,Cc1cc(Nc2cccnc2)ccc1C#N,CCC1(O)C(=O)OCc2c1cc1n(c2=O)Cc2c-1nc1ccccc1c2COC,CC(C)N1CCCC1C(=O)NCc1cnc(C(=O)[O-])c(F)c1,0.0,0.0,0.0,0.0,0.0,0.0,0.0,0.0,0.5569620253164557,0.09090909090909091,0.5443037974683544,0.10891089108910891,CCC1(O)C(=O)OCc2c1cc1n(c2=O)C(OC)c2cc3c(N)cccc3nc2-1,Cc1cc(Nc2cccnc2)ccc1C#N,CCC1(O)C(=O)OCc2c1c(OC(C)O)c1n(c2=O)Cc2cc3ccccc3nc2-1,,0.0,1.0,0.0,
2749,b7190851d1eeb2992ed0e7ce1cef92b0f0d1a52854815e0db3a85024b3b72517,Cc1ccc(C)c(C2CCCN2C(=O)NCCCn2ccnc2)c1,Cc1ccc(C2CCCN2C(=O)NCCCn2ccnc2)c(C)c1,Cc1nc2sccn2c1CN(C)Cc1nccn1C(F)F,Cc1nccn1CCCNC(=O)N1CCCC1c1cccc(N(C)C)c1,CC(C)N1CCCC1C(=O)NCc1cnc(C(=O)[O-])c(F)c1,Cc1ccc(C2CCCN2C(=O)NCCCn2ccnc2)c(C)c1,Cc1nc2sccn2c1CN(C)Cc1nccn1C(F)F,Cc1nccn1CCCNC(=O)N1CCCC1c1cccc(N(C)C)c1,CC(C)N1CCCC1C(=O)NCc1cnc(C(=O)[O-])c(F)c1,0.0,0.0,0.0,0.0,0.0,0.0,0.0,0.0,0.8620689655172413,0.11235955056179775,0.45454545454545453,0.20930232558139536,Cc1ccc(C)c(C2CCCN2C(=O)NCCCn2ccnc2)c1,Cc1nc2sccn2c1CN(C)Cc1nccn1C(F)F,Cc1nccn1CCCNC(=O)N1CCCC1c1cccc(N(C)C)c1,,0.0,1.0,1.0,
6103,86753d2509e8366aec47ca15409dcb34588473e217b998a890714b34167f5231,Cc1ccc2c(n1)N(C(=O)c1cccnc1C1CC1)CCC2,Cc1ncccc1C(=O)N1CCCc2nc(C3CC3)ccc21,CC([NH2+]CCN1CCCCCC1)c1cccnc1,O=C(Nc1ccccc1)C1CCN(c2cc3c(nn2)CCC3)CC1,CC(C)N1CCCC1C(=O)NCc1cnc(C(=O)[O-])c(F)c1,Cc1ncccc1C(=O)N1CCCc2nc(C3CC3)ccc21,CC([NH2+]CCN1CCCCCC1)c1cccnc1,O=C(Nc1ccccc1)C1CCN(c2cc3c(nn2)CCC3)CC1,CC(C)N1CCCC1C(=O)NCc1cnc(C(=O)[O-])c(F)c1,0.0,0.0,0.0,0.0,0.0,0.0,0.0,0.0,0.49206349206349204,0.16666666666666666,0.24324324324324326,0.1686746987951807,Cc1ccc2c(n1)N(C(=O)c1cccnc1C1CC1)CCC2,CC([NH2+]CCN1CCCCCC1)c1cccnc1,O=C(Nc1ccccc1)C1CCN(c2cc3c(nn2)CCC3)CC1,,0.0,1.0,1.0,
9387,06a67880889eaf90484c5345a577dac0cbcff5bcb7fb63a549dcef53eaacf571,CC1C(=O)N2CCCC2C(=O)N1c1cccc(Cl)c1Cl,CC1C(=O)N(c2cccc(Cl)c2Cl)C2CCCN1C2=O,O=C(CSc1nncs1)N(Cc1ccc(F)cc1)c1nc2ccccc2s1,CC1C(=O)N(c2cc(Cl)ccc2F)C(=O)C2CCCN12,CC(C)N1CCCC1C(=O)NCc1cnc(C(=O)[O-])c(F)c1,CC1C(=O)N(c2cccc(Cl)c2Cl)C2CCCN1C2=O,O=C(CSc1nncs1)N(Cc1ccc(F)cc1)c1nc2ccccc2s1,CC1C(=O)N(c2cc(Cl)ccc2F)C(=O)C2CCCN12,CC(C)N1CCCC1C(=O)NCc1cnc(C(=O)[O-])c(F)c1,0.0,0.0,0.0,0.0,0.0,0.0,0.0,0.0,0.75,0.058823529411764705,0.375,0.14285714285714285,CC1C(=O)N2CCCC2C(=O)N1c1cccc(Cl)c1Cl,O=C(CSc1nncs1)N(Cc1ccc(F)cc1)c1nc2ccccc2s1,CC1C(=O)N2CCCC2C(=O)N1c1cc(Cl)ccc1F,,0.0,1.0,0.0,
7415,8c525f1a0d4b403fd2283a5dc47268a2ab5d84866a26a230fde2a5ebc49660f8,CC1CSCC1N=Nc1ccc(F)cc1F,CC1CSCC1N=Nc1cc(F)ccc1F,COc1ccc2c(=O)n(CCc3ccccc3)c(-c3cccc(CCN4CCN(CC(=O)N(C)SC)CC4)c3)nc2c1,CC1SCCC1N=Nc1ccccc1Cl,CC(C)N1CCCC1C(=O)NCc1cnc(C(=O)[O-])c(F)c1,CC1CSCC1N=Nc1cc(F)ccc1F,COc1ccc2c(=O)n(CCc3ccccc3)c(-c3cccc(CCN4CCN(CC(=O)N(C)SC)CC4)c3)nc2c1,CC1SCCC1N=Nc1ccccc1Cl,CC(C)N1CCCC1C(=O)NCc1cnc(C(=O)[O-])c(F)c1,0.0,0.0,0.0,0.0,0.0,0.0,0.0,0.0,0.7894736842105263,0.06315789473684211,0.28846153846153844,0.13513513513513514,CC1CSCC1N=Nc1ccc(F)cc1F,COc1cc(-c2ccc3c(c2)nc(CCc2ccccc2)n3CCN2CCN(CC(=O)NSC)CC2)cccc1=O,CC1SCCC1N=Nc1ccccc1Cl,,0.0,0.0,1.0,
6950,9dde6c747f207eaaa137ce3d5993b437be8d0440b3d0b6356ad81a3a9ce585a7,CC(C)c1ccc(C(O)(c2cncc(-c3noc(CCN)n3)c2)C2(C)CN(C(=O)O)C2)cc1,CC(C)Cc1ccc(-c2noc(C3(C(C)(O)c4cncc(CN)c4)CN(C(=O)O)C3)n2)cc1,OC1CN(c2ncncc2Nc2ccc(Cl)cc2)CCC1N1CCc2ccccc2C1,CC(C)c1ccc(C(O)(c2nc(-c3ccc(C(C)(C)C)cc3)no2)C2(F)CN(C(=O)O)C2)nc1,CC(C)N1CCCC1C(=O)NCc1cnc(C(=O)[O-])c(F)c1,CC(C)Cc1ccc(-c2noc(C3(C(C)(O)c4cncc(CN)c4)CN(C(=O)O)C3)n2)cc1,OC1CN(c2ncncc2Nc2ccc(Cl)cc2)CCC1N1CCc2ccccc2C1,CC(C)c1ccc(C(O)(c2nc(-c3ccc(C(C)(C)C)cc3)no2)C2(F)CN(C(=O)O)C2)nc1,CC(C)N1CCCC1C(=O)NCc1cnc(C(=O)[O-])c(F)c1,0.0,0.0,0.0,0.0,0.0,0.0,0.0,0.0,0.4367816091954023,0.09259259259259259,0.43529411764705883,0.15463917525773196,CC(C)c1ccc(C(O)(c2cncc(-c3noc(CCN)n3)c2)C2(C)CN(C(=O)O)C2)cc1,OC1CN(c2cc(Nc3ccc(Cl)cc3)ncn2)CCC1N1CCc2ccccc2C1,CC(C)c1ccc(C(O)(c2cncc(-c3noc(C(C)(C)O)n3)c2)C2(F)CN(C(=O)O)C2)cc1,,0.0,0.0,0.0,
2983,76199a915af4636b4ec8ac240872ae48d9fce636f1ae6ca7ba1fe5f57b99fa34,COc1ccnc(C[NH2+]C2CCC(c3ccc(O)cc3)CC2)n1,COc1ccc(C2CCC([NH2+]Cc3nccc(O)n3)CC2)cc1,O=C(Nc1cccc(-n2cncn2)c1)c1ccc(N2CCNC(=O)C2)nc1,COc1ccccc1COC1CC[NH+](Cc2cnc(C)nc2)CC1,CC(C)N1CCCC1C(=O)NCc1cnc(C(=O)[O-])c(F)c1,COc1ccc(C2CCC([NH2+]Cc3nccc(O)n3)CC2)cc1,O=C1CN(c2ccc(C(=O)Nc3cccc(-n4cncn4)c3)cn2)CCN1,COc1ccccc1COC1CC[NH+](Cc2cnc(C)nc2)CC1,CC(C)N1CCCC1C(=O)NCc1cnc(C(=O)[O-])c(F)c1,0.0,0.0,0.0,0.0,0.0,0.0,0.0,0.0,0.7,0.08695652173913043,0.2112676056338028,0.12195121951219512,COc1ccnc(C[NH2+]C2CCC(c3ccc(O)cc3)CC2)n1,O=C1CN(c2ccc(NC(=O)c3cccc(-n4cncn4)c3)cn2)CCN1,COc1ccccc1COC1CC[NH+](Cc2cnc(C)nc2)CC1,,0.0,0.0,1.0,
5028,e4a2ba8eaaaa623b39a02ccc8901413ae63e97178a7ea93beea77e41477caf5a,COC(C)c1nc(CNC(=O)N2CCCC2c2noc(C(C)C)n2)cs1,COC(C)c1nc(CNC(=O)N2CCCC2c2nc(C(C)C)no2)cs1,C=CC(=O)N1CCN(c2nc(OCCN(C)C)nc3c2CC(c2c(C)cc(Cl)c4[nH]ncc24)C(C)C3)CC1,CCSC(C)c1noc(CN(C)C(=O)NC2CCc3c(Cl)cccc32)n1,CC(C)N1CCCC1C(=O)NCc1cnc(C(=O)[O-])c(F)c1,COC(C)c1nc(CNC(=O)N2CCCC2c2nc(C(C)C)no2)cs1,C=CC(=O)N1CCN(c2nc(OCCN(C)C)nc3c2CC(c2c(C)cc(Cl)c4[nH]ncc24)C(C)C3)CC1,CCSC(C)c1noc(CN(C)C(=O)NC2CCc3c(Cl)cccc32)n1,CC(C)N1CCCC1C(=O)NCc1cnc(C(=O)[O-])c(F)c1,0.0,0.0,0.0,0.0,0.0,0.0,0.0,0.0,0.7272727272727273,0.13675213675213677,0.1919191919191919,0.2441860465116279,COC(C)c1nc(CNC(=O)N2CCCC2c2noc(C(C)C)n2)cs1,C=CC(=O)N1CCN(c2nc(OCCN(C)C)nc3c2CC(C)C(c2c(Cl)c(C)cc4[nH]ncc24)C3)CC1,CCSC(C)c1noc(CN(C)C(=O)NC2CCc3c(Cl)cccc32)n1,,0.0,0.0,1.0,
6370,3e6c233720c340d4096d5f878e74292a4838d289679f9e15eb098d30103f401b,CCN(C)C(C(=O)N(C)CCC1CCCC[NH+]1C)c1ccccc1,CCN(CCC1CCCC[NH+]1C)C(=O)C(c1ccccc1)N(C)C,Nc1nccc(Oc2ccc3cccnc3c2)n1,COC(C(=O)N(C)CCC1CCCC[NH+]1C)c1ccccc1,CC(C)N1CCCC1C(=O)NCc1cnc(C(=O)[O-])c(F)c1,CCN(CCC1CCCC[NH+]1C)C(=O)C(c1ccccc1)N(C)C,Nc1nccc(Oc2ccc3cccnc3c2)n1,COC(C(=O)N(C)CCC1CCCC[NH+]1C)c1ccccc1,CC(C)N1CCCC1C(=O)NCc1cnc(C(=O)[O-])c(F)c1,0.0,0.0,0.0,0.0,0.0,0.0,0.0,0.0,0.7090909090909091,0.05194805194805195,0.6909090909090909,0.15476190476190477,CCN(C)C(C(=O)N(C)CCC1CCCC[NH+]1C)c1ccccc1,Nc1nccc(Oc2ccc3cccnc3c2)n1,COC(C(=O)N(C)CCC1CCCC[NH+]1C)c1ccccc1,,0.0,1.0,1.0,
4959,b576e6c2423463f312aef5564920a91cdf8ab6db4070400ca9d70afd10e94218,CC1(C)C2OCCCC2C1([NH3+])C(=O)N1CCC(C(=O)[O-])CC1,CC1(C)C2CC1([NH3+])C(C(=O)N1CCCC(C(=O)[O-])CC1)CO2,Cc1ccc(NC(=O)C(C)OC(=O)c2cnc3c(cnn3C)c2)cc1C,CC1(C)C([NH3+])C2CCCN(C(=O)C3([NH3+])CCCOC3)C21,CC(C)N1CCCC1C(=O)NCc1cnc(C(=O)[O-])c(F)c1,CC1(C)C2CC1([NH3+])C(C(=O)N1CCCC(C(=O)[O-])CC1)CO2,Cc1ccc(NC(=O)C(C)OC(=O)c2cnc3c(cnn3C)c2)cc1C,CC1(C)C([NH3+])C2CCCN(C(=O)C3([NH3+])CCCOC3)C21,CC(C)N1CCCC1C(=O)NCc1cnc(C(=O)[O-])c(F)c1,0.0,0.0,0.0,0.0,0.0,0.0,0.0,0.0,0.4406779661016949,0.05813953488372093,0.25757575757575757,0.1518987341772152,CC1(C)C2OCCCC2C1([NH3+])C(=O)N1CCC(C(=O)[O-])CC1,Cc1ccc(NC(=O)C(C)OC(=O)c2cnc3c(cnn3C)c2)cc1C,CC1(C)C2OCCCC2C1([NH3+])C(=O)N1CCCC([NH3+])C1,,0.0,1.0,0.0,
